pair_id,viewpoint_1,viewpoint_2,pair_map50_95,pair_map50,pair_f1,single_1_map50_95,single_2_map50_95,single_1_rank,single_2_rank,best_constituent_single_map50_95,mean_constituent_single_map50_95,worst_constituent_single_map50_95,pair_minus_best_single,pair_minus_mean_single,pair_minus_worst_single,number_of_train_images,number_of_val_images,budget_control_map50_95,pair_minus_budget_control,budget_control_run_count,budget_control_ids,beats_best_single,beats_mean_single,elevation_combo
p0001,ellow-radnear-az000,ellow-radnear-az045,0.29490787497256593,0.4905658384678068,0.5517492580684629,0.31016518002313737,0.28505665657478896,52,63,0.31016518002313737,0.29761091829896313,0.28505665657478896,-0.015257305050571435,-0.002703043326397203,0.009851218397776973,287,56,nan,nan,0,,False,False,ellow-ellow
p0002,ellow-radnear-az000,ellow-radnear-az090,0.30590246016725264,0.5061402811622446,0.5538087178097553,0.31016518002313737,0.29210572313626104,52,62,0.31016518002313737,0.30113545157969923,0.29210572313626104,-0.004262719855884722,0.004767008587553412,0.013796737030991602,289,54,nan,nan,0,,False,True,ellow-ellow
p0003,ellow-radnear-az000,ellow-radnear-az135,0.3218381243912104,0.5166916643979408,0.5664721305647548,0.31016518002313737,0.2839740856928261,52,65,0.31016518002313737,0.2970696328579817,0.2839740856928261,0.011672944368073035,0.024768491533228687,0.037864038698384284,289,54,nan,nan,0,,True,True,ellow-ellow
p0004,ellow-radnear-az000,ellow-radnear-az180,0.33952145434799863,0.5459706644519909,0.592944008965308,0.31016518002313737,0.29540226925164786,52,60,0.31016518002313737,0.3027837246373926,0.29540226925164786,0.029356274324861265,0.036737729710606015,0.044119185096350766,276,60,nan,nan,0,,True,True,ellow-ellow
p0005,ellow-radnear-az000,ellow-radnear-az225,0.34021718178420085,0.5523098034321585,0.6058555868415288,0.31016518002313737,0.29327532500466835,52,61,0.31016518002313737,0.3017202525139029,0.29327532500466835,0.030052001761063485,0.038496929270297964,0.0469418567795325,280,59,nan,nan,0,,True,True,ellow-ellow
p0006,ellow-radnear-az000,ellow-radnear-az270,0.31444790086435914,0.510813186186516,0.561134787698465,0.31016518002313737,0.2678192772347479,52,72,0.31016518002313737,0.28899222862894264,0.2678192772347479,0.0042827208412217765,0.025455672235416504,0.04662862362961123,291,54,nan,nan,0,,True,True,ellow-ellow
p0007,ellow-radnear-az000,ellow-radnear-az315,0.3070990465452565,0.502031395885058,0.5596132401678875,0.31016518002313737,0.27834927940285153,52,68,0.31016518002313737,0.29425722971299445,0.27834927940285153,-0.0030661334778808724,0.012841816832262043,0.02874976714240496,281,65,nan,nan,0,,False,True,ellow-ellow
p0008,ellow-radnear-az000,ellow-radmid-az000,0.2995644595896603,0.4891299231074752,0.5428766912949994,0.31016518002313737,0.31117612143053364,52,51,0.31117612143053364,0.31067065072683553,0.31016518002313737,-0.01161166184087331,-0.011106191137175203,-0.01060072043347704,288,56,nan,nan,0,,False,False,ellow-ellow
p0009,ellow-radnear-az000,ellow-radmid-az045,0.2986726009125882,0.4982938664282111,0.5476048499869286,0.31016518002313737,0.30014263000222136,52,58,0.31016518002313737,0.30515390501267936,0.30014263000222136,-0.011492579110549184,-0.006481304100091179,-0.0014700290896331736,284,54,nan,nan,0,,False,False,ellow-ellow
p0010,ellow-radnear-az000,ellow-radmid-az090,0.30548192427136867,0.500349664019032,0.556167547515138,0.31016518002313737,0.29891069134571624,52,59,0.31016518002313737,0.3045379356844268,0.29891069134571624,-0.0046832557517687,0.0009439885869418907,0.006571232925652426,288,55,nan,nan,0,,False,True,ellow-ellow
p0011,ellow-radnear-az000,ellow-radmid-az135,0.3153462703199754,0.5161015399634463,0.5686268719627974,0.31016518002313737,0.27777266742978585,52,69,0.31016518002313737,0.2939689237264616,0.27777266742978585,0.0051810902968380534,0.021377346593513813,0.03757360289018957,287,58,nan,nan,0,,True,True,ellow-ellow
p0012,ellow-radnear-az000,ellow-radmid-az180,0.32444992388480826,0.5232595379971364,0.5771064797733979,0.31016518002313737,0.33089890701803604,52,47,0.33089890701803604,0.32053204352058673,0.31016518002313737,-0.006448983133227781,0.0039178803642215265,0.01428474386167089,293,61,nan,nan,0,,False,True,ellow-ellow
p0013,ellow-radnear-az000,ellow-radmid-az225,0.3252409907805119,0.5318462908984163,0.5821505419068227,0.31016518002313737,0.3003457176956631,52,57,0.31016518002313737,0.30525544885940026,0.3003457176956631,0.01507581075737452,0.019985541921111627,0.02489527308484879,296,50,nan,nan,0,,True,True,ellow-ellow
p0014,ellow-radnear-az000,ellow-radmid-az270,0.3360369674505319,0.5383267789110668,0.5893980831793197,0.31016518002313737,0.31427159279864797,52,50,0.31427159279864797,0.31221838641089267,0.31016518002313737,0.02176537465188394,0.02381858103963924,0.025871787427394544,283,66,nan,nan,0,,True,True,ellow-ellow
p0015,ellow-radnear-az000,ellow-radmid-az315,0.2972949049317068,0.4844058303231255,0.5448214470980808,0.31016518002313737,0.2748397286931444,52,71,0.31016518002313737,0.2925024543581409,0.2748397286931444,-0.012870275091430572,0.004792450573565921,0.022455176238562413,293,49,nan,nan,0,,False,True,ellow-ellow
p0016,ellow-radnear-az000,ellow-radfar-az000,0.33154254126100313,0.544834673106352,0.5992004230570057,0.31016518002313737,0.2817460140742008,52,67,0.31016518002313737,0.2959555970486691,0.2817460140742008,0.021377361237865766,0.03558694421233405,0.04979652718680233,277,59,nan,nan,0,,True,True,ellow-ellow
p0017,ellow-radnear-az000,ellow-radfar-az045,0.33843271928657176,0.5547483643405384,0.6027260366410444,0.31016518002313737,0.30519005759179973,52,55,0.31016518002313737,0.3076776188074686,0.30519005759179973,0.028267539263434394,0.03075510047910318,0.033242661694772024,289,64,nan,nan,0,,True,True,ellow-ellow
p0018,ellow-radnear-az000,ellow-radfar-az090,0.31837468902534577,0.5168531796529726,0.567992052564399,0.31016518002313737,0.3072999780629998,52,54,0.31016518002313737,0.3087325790430686,0.3072999780629998,0.008209509002208404,0.009642109982277158,0.011074710962345968,281,66,nan,nan,0,,True,True,ellow-ellow
p0019,ellow-radnear-az000,ellow-radfar-az135,0.32094028710039324,0.5229723515198084,0.5693014462653095,0.31016518002313737,0.28205091366265594,52,66,0.31016518002313737,0.29610804684289666,0.28205091366265594,0.010775107077255874,0.024832240257496585,0.038889373437737296,286,53,nan,nan,0,,True,True,ellow-ellow
p0020,ellow-radnear-az000,ellow-radfar-az180,0.3339448828617358,0.538195441686428,0.5897150166493959,0.31016518002313737,0.3013082995025368,52,56,0.31016518002313737,0.3057367397628371,0.3013082995025368,0.023779702838598427,0.028208143098898686,0.032636583359199,286,64,nan,nan,0,,True,True,ellow-ellow
p0021,ellow-radnear-az000,ellow-radfar-az225,0.3283785392390935,0.5401410714850493,0.5888851853048807,0.31016518002313737,0.28484504258501964,52,64,0.31016518002313737,0.29750511130407853,0.28484504258501964,0.018213359215956126,0.030873427935014963,0.043533496654073855,282,63,nan,nan,0,,True,True,ellow-ellow
p0022,ellow-radnear-az000,ellow-radfar-az270,0.32945077217515306,0.5369321283303841,0.5898876170208978,0.31016518002313737,0.30958469798239646,52,53,0.31016518002313737,0.3098749390027669,0.30958469798239646,0.019285592152015696,0.019575833172386148,0.0198660741927566,278,65,nan,nan,0,,True,True,ellow-ellow
p0023,ellow-radnear-az000,ellow-radfar-az315,0.31168500317511294,0.5103960614568893,0.5593946986681753,0.31016518002313737,0.27594677444659244,52,70,0.31016518002313737,0.2930559772348649,0.27594677444659244,0.0015198231519755745,0.018629025940248067,0.035738228728520505,290,57,nan,nan,0,,True,True,ellow-ellow
p0024,ellow-radnear-az000,elmid-radnear-az000,0.46817382501229365,0.701413246885414,0.7267320167059682,0.31016518002313737,0.35517090007794966,52,20,0.35517090007794966,0.3326680400505435,0.31016518002313737,0.113002924934344,0.13550578496175014,0.1580086449891563,289,65,nan,nan,0,,True,True,ellow-elmid
p0025,ellow-radnear-az000,elmid-radnear-az045,0.47267099572986215,0.7009092518557588,0.7262938112291204,0.31016518002313737,0.3542262604718849,52,23,0.3542262604718849,0.3321957202475111,0.31016518002313737,0.11844473525797727,0.14047527548235106,0.1625058157067248,279,64,nan,nan,0,,True,True,ellow-elmid
p0026,ellow-radnear-az000,elmid-radnear-az090,0.47453097276002143,0.7033873608346927,0.7277800581962923,0.31016518002313737,0.3373441618464497,52,37,0.3373441618464497,0.32375467093479354,0.31016518002313737,0.1371868109135717,0.1507763018252279,0.16436579273688406,291,53,nan,nan,0,,True,True,ellow-elmid
p0027,ellow-radnear-az000,elmid-radnear-az135,0.46924894730614086,0.6951008654361224,0.7213303426923686,0.31016518002313737,0.34220636476623056,52,31,0.34220636476623056,0.32618577239468394,0.31016518002313737,0.1270425825399103,0.14306317491145693,0.1590837672830035,283,49,nan,nan,0,,True,True,ellow-elmid
p0028,ellow-radnear-az000,elmid-radnear-az180,0.47329406418197856,0.6994392924633905,0.7253506952919121,0.31016518002313737,0.3511704098620124,52,25,0.3511704098620124,0.3306677949425749,0.31016518002313737,0.12212365431996614,0.14262626923940364,0.1631288841588412,285,58,nan,nan,0,,True,True,ellow-elmid
p0029,ellow-radnear-az000,elmid-radnear-az225,0.48028434602230413,0.7078958541077269,0.7332968829786716,0.31016518002313737,0.36478026048785717,52,17,0.36478026048785717,0.33747272025549724,0.31016518002313737,0.11550408553444697,0.1428116257668069,0.17011916599916677,287,63,nan,nan,0,,True,True,ellow-elmid
p0030,ellow-radnear-az000,elmid-radnear-az270,0.4773328679630464,0.7010867003640153,0.7245941183933918,0.31016518002313737,0.3473214946568377,52,26,0.3473214946568377,0.3287433373399875,0.31016518002313737,0.1300113733062087,0.1485895306230589,0.16716768793990905,275,57,nan,nan,0,,True,True,ellow-elmid
p0031,ellow-radnear-az000,elmid-radnear-az315,0.46100874645038337,0.6871791957250031,0.7153558653629734,0.31016518002313737,0.3398194147983978,52,34,0.3398194147983978,0.32499229741076757,0.31016518002313737,0.12118933165198559,0.1360164490396158,0.150843566427246,283,59,nan,nan,0,,True,True,ellow-elmid
p0032,ellow-radnear-az000,elmid-radmid-az000,0.47287431273920555,0.7077589016575406,0.7336070862359664,0.31016518002313737,0.40109184962731287,52,5,0.40109184962731287,0.3556285148252251,0.31016518002313737,0.07178246311189268,0.11724579791398043,0.16270913271606818,279,54,nan,nan,0,,True,True,ellow-elmid
p0033,ellow-radnear-az000,elmid-radmid-az045,0.4892212449668552,0.7119009851213886,0.7348020499938448,0.31016518002313737,0.41641372706811924,52,1,0.41641372706811924,0.3632894535456283,0.31016518002313737,0.07280751789873596,0.1259317914212269,0.17905606494371784,276,64,nan,nan,0,,True,True,ellow-elmid
p0034,ellow-radnear-az000,elmid-radmid-az090,0.4910923165554361,0.7171472162247912,0.7392322574312432,0.31016518002313737,0.39457841386323705,52,8,0.39457841386323705,0.3523717969431872,0.31016518002313737,0.09651390269219906,0.1387205196122489,0.18092713653229875,281,65,nan,nan,0,,True,True,ellow-elmid
p0036,ellow-radnear-az000,elmid-radmid-az180,0.4878984912215228,0.7175191896653238,0.7404563286150272,0.31016518002313737,0.3920347270865256,52,10,0.3920347270865256,0.3510999535548315,0.31016518002313737,0.0958637641349972,0.1367985376666913,0.17773331119838542,290,54,nan,nan,0,,True,True,ellow-elmid
p0038,ellow-radnear-az000,elmid-radmid-az270,0.4912164905084619,0.7215014215786884,0.7444534333000806,0.31016518002313737,0.40315190191972006,52,3,0.40315190191972006,0.3566585409714287,0.31016518002313737,0.08806458858874183,0.1345579495370332,0.18105131048532452,279,56,nan,nan,0,,True,True,ellow-elmid
p0039,ellow-radnear-az000,elmid-radmid-az315,0.4788895988273431,0.7079021858009581,0.7349462897225328,0.31016518002313737,0.38855085122315813,52,13,0.38855085122315813,0.3493580156231477,0.31016518002313737,0.09033874760418498,0.1295315832041954,0.16872441880420574,287,59,nan,nan,0,,True,True,ellow-elmid
p0040,ellow-radnear-az000,elmid-radfar-az000,0.4720764453370788,0.70240623582367,0.7286379385982538,0.31016518002313737,0.3883653697649618,52,14,0.3883653697649618,0.34926527489404957,0.31016518002313737,0.08371107557211704,0.12281117044302925,0.16191126531394145,290,58,nan,nan,0,,True,True,ellow-elmid
p0041,ellow-radnear-az000,elmid-radfar-az045,0.4811259405159756,0.7120158442809371,0.7363080733140824,0.31016518002313737,0.3904277067982496,52,12,0.3904277067982496,0.3502964434106935,0.31016518002313737,0.090698233717726,0.13082949710528213,0.17096076049283826,280,65,nan,nan,0,,True,True,ellow-elmid
p0042,ellow-radnear-az000,elmid-radfar-az090,0.48385661392382456,0.7139060486257526,0.7370993487380928,0.31016518002313737,0.4031096513417022,52,4,0.4031096513417022,0.3566374156824198,0.31016518002313737,0.08074696258212238,0.12721919824140476,0.1736914339006872,280,66,nan,nan,0,,True,True,ellow-elmid
p0043,ellow-radnear-az000,elmid-radfar-az135,0.48136231227512793,0.7118827742658719,0.7357946642374087,0.31016518002313737,0.3906639225147944,52,11,0.3906639225147944,0.3504145512689659,0.31016518002313737,0.09069838976033351,0.130947761006162,0.17119713225199057,287,57,nan,nan,0,,True,True,ellow-elmid
p0044,ellow-radnear-az000,elmid-radfar-az180,0.4803539792415291,0.7149682889957453,0.7402532255043263,0.31016518002313737,0.39775345373611054,52,7,0.39775345373611054,0.35395931687962395,0.31016518002313737,0.08260052550541858,0.12639466236190516,0.17018879921839175,292,57,nan,nan,0,,True,True,ellow-elmid
p0045,ellow-radnear-az000,elmid-radfar-az225,0.4782295267183723,0.7111943860760579,0.7373247668912867,0.31016518002313737,0.40094783670068784,52,6,0.40094783670068784,0.3555565083619126,0.31016518002313737,0.07728169001768448,0.12267301835645972,0.16806434669523496,274,65,nan,nan,0,,True,True,ellow-elmid
p0046,ellow-radnear-az000,elmid-radfar-az270,0.47796561346056776,0.7111108150221124,0.7357997357840442,0.31016518002313737,0.39259913412484276,52,9,0.39259913412484276,0.35138215707399006,0.31016518002313737,0.085366479335725,0.1265834563865777,0.1678004334374304,286,63,nan,nan,0,,True,True,ellow-elmid
p0047,ellow-radnear-az000,elmid-radfar-az315,0.47329246772317196,0.7110414062367438,0.7372576845581111,0.31016518002313737,0.38032179073567957,52,16,0.38032179073567957,0.34524348537940847,0.31016518002313737,0.0929706769874924,0.1280489823437635,0.1631272877000346,289,60,nan,nan,0,,True,True,ellow-elmid
p0048,ellow-radnear-az000,elhigh-radnear-az000,0.4596619446450114,0.6927107705415395,0.7184530455189833,0.31016518002313737,0.3287976256874326,52,48,0.3287976256874326,0.319481402855285,0.31016518002313737,0.13086431895757883,0.14018054178972644,0.14949676462187406,282,59,nan,nan,0,,True,True,elhigh-ellow
p0049,ellow-radnear-az000,elhigh-radnear-az045,0.46750113613474853,0.6955256954326673,0.7198617389688075,0.31016518002313737,0.3372504425742561,52,38,0.3372504425742561,0.32370781129869675,0.31016518002313737,0.1302506935604924,0.14379332483605178,0.15733595611161116,293,59,nan,nan,0,,True,True,elhigh-ellow
p0050,ellow-radnear-az000,elhigh-radnear-az090,0.4605074286148982,0.6845063395940016,0.7106193540362026,0.31016518002313737,0.3417464009985519,52,32,0.3417464009985519,0.32595579051084467,0.31016518002313737,0.11876102761634627,0.13455163810405352,0.15034224859176082,282,65,nan,nan,0,,True,True,elhigh-ellow
p0051,ellow-radnear-az000,elhigh-radnear-az135,0.47132340459135913,0.6934580255301015,0.7190743998322174,0.31016518002313737,0.3320552452601486,52,46,0.3320552452601486,0.32111021264164297,0.31016518002313737,0.1392681593312105,0.15021319194971616,0.16115822456822176,278,65,nan,nan,0,,True,True,elhigh-ellow
p0052,ellow-radnear-az000,elhigh-radnear-az180,0.4675081827488228,0.6935586962338444,0.720733970949932,0.31016518002313737,0.3395650145085634,52,35,0.3395650145085634,0.3248650972658504,0.31016518002313737,0.12794316824025936,0.1426430854829724,0.1573430027256854,287,57,nan,nan,0,,True,True,elhigh-ellow
p0053,ellow-radnear-az000,elhigh-radnear-az225,0.4708724700990141,0.6996204488885955,0.7244773782069622,0.31016518002313737,0.3440784937220457,52,28,0.3440784937220457,0.32712183687259155,0.31016518002313737,0.12679397637696843,0.14375063322642256,0.16070729007587675,272,67,nan,nan,0,,True,True,elhigh-ellow
p0054,ellow-radnear-az000,elhigh-radnear-az270,0.46787093572225624,0.6990338774418985,0.7257203433287645,0.31016518002313737,0.3216859159930162,52,49,0.3216859159930162,0.3159255480080768,0.31016518002313737,0.14618501972924003,0.15194538771417943,0.15770575569911888,284,61,nan,nan,0,,True,True,elhigh-ellow
p0055,ellow-radnear-az000,elhigh-radnear-az315,0.4640510860555152,0.6962803390344193,0.7215105881871441,0.31016518002313737,0.3361849875189326,52,41,0.3361849875189326,0.323175083771035,0.31016518002313737,0.1278660985365826,0.14087600228448022,0.15388590603237784,281,65,nan,nan,0,,True,True,elhigh-ellow
p0056,ellow-radnear-az000,elhigh-radmid-az000,0.47721571848602173,0.7045028316216706,0.7296377301445219,0.31016518002313737,0.3459669579749205,52,27,0.3459669579749205,0.3280660689990289,0.31016518002313737,0.13124876051110124,0.14914964948699283,0.16705053846288437,278,54,nan,nan,0,,True,True,elhigh-ellow
p0057,ellow-radnear-az000,elhigh-radmid-az045,0.47396292528915,0.7006199318046106,0.7238673486339938,0.31016518002313737,0.35969234721512794,52,18,0.35969234721512794,0.33492876361913265,0.31016518002313737,0.11427057807402208,0.13903416167001736,0.16379774526601265,288,57,nan,nan,0,,True,True,elhigh-ellow
p0058,ellow-radnear-az000,elhigh-radmid-az090,0.4785365298294508,0.7060826283472263,0.7303786778253606,0.31016518002313737,0.3545783681398182,52,21,0.3545783681398182,0.3323717740814778,0.31016518002313737,0.12395816168963258,0.146164755747973,0.1683713498063134,282,59,nan,nan,0,,True,True,elhigh-ellow
p0059,ellow-radnear-az000,elhigh-radmid-az135,0.4808022943489811,0.7048580485182663,0.7317693989551621,0.31016518002313737,0.3434079473811069,52,30,0.3434079473811069,0.3267865637021221,0.31016518002313737,0.13739434696787417,0.15401573064685897,0.17063711432584372,282,63,nan,nan,0,,True,True,elhigh-ellow
p0060,ellow-radnear-az000,elhigh-radmid-az180,0.4796232828009028,0.7097470657406268,0.7345787769385443,0.31016518002313737,0.35560303382831304,52,19,0.35560303382831304,0.33288410692572523,0.31016518002313737,0.12402024897258973,0.14673917587517754,0.1694581027777654,277,68,nan,nan,0,,True,True,elhigh-ellow
p0061,ellow-radnear-az000,elhigh-radmid-az225,0.482296979992049,0.7084882992654691,0.7342869465723694,0.31016518002313737,0.33765850732244423,52,36,0.33765850732244423,0.3239118436727908,0.31016518002313737,0.14463847266960478,0.1583851363192582,0.17213179996891165,271,68,nan,nan,0,,True,True,elhigh-ellow
p0062,ellow-radnear-az000,elhigh-radmid-az270,0.4760022504781744,0.7036438186575471,0.7280108614470382,0.31016518002313737,0.33467761382312017,52,43,0.33467761382312017,0.32242139692312877,0.31016518002313737,0.14132463665505424,0.15358085355504564,0.16583707045503704,288,60,nan,nan,0,,True,True,elhigh-ellow
p0063,ellow-radnear-az000,elhigh-radmid-az315,0.4621211866425788,0.6953089121890563,0.7233449420422264,0.31016518002313737,0.3357774895562401,52,42,0.3357774895562401,0.32297133478968876,0.31016518002313737,0.1263436970863387,0.13914985185289003,0.15195600661944142,291,60,nan,nan,0,,True,True,elhigh-ellow
p0064,ellow-radnear-az000,elhigh-radfar-az000,0.47604360533685863,0.7076626514925861,0.7337264670598898,0.31016518002313737,0.33999633482078295,52,33,0.33999633482078295,0.3250807574219602,0.31016518002313737,0.13604727051607568,0.15096284791489845,0.16587842531372127,295,51,nan,nan,0,,True,True,elhigh-ellow
p0065,ellow-radnear-az000,elhigh-radfar-az045,0.48433071908370157,0.7148268262837884,0.7378285044728714,0.31016518002313737,0.3517406582248309,52,24,0.3517406582248309,0.33095291912398417,0.31016518002313737,0.13259006085887065,0.1533777999597174,0.1741655390605642,264,72,nan,nan,0,,True,True,elhigh-ellow
p0066,ellow-radnear-az000,elhigh-radfar-az090,0.4762138945721272,0.7088392031927685,0.7336623934320985,0.31016518002313737,0.33715840306367034,52,39,0.33715840306367034,0.32366179154340385,0.31016518002313737,0.13905549150845686,0.15255210302872335,0.16604871454898984,288,58,nan,nan,0,,True,True,elhigh-ellow
p0067,ellow-radnear-az000,elhigh-radfar-az135,0.47615284598642005,0.7044936699707518,0.7289345829906416,0.31016518002313737,0.35443982782283306,52,22,0.35443982782283306,0.3323025039229852,0.31016518002313737,0.12171301816358698,0.14385034206343483,0.16598766596328268,294,56,nan,nan,0,,True,True,elhigh-ellow
p0068,ellow-radnear-az000,elhigh-radfar-az180,0.48145771810259813,0.7059646502609146,0.7307381464292605,0.31016518002313737,0.3435612602938729,52,29,0.3435612602938729,0.3268632201585051,0.31016518002313737,0.13789645780872523,0.15459449794409302,0.17129253807946077,288,62,nan,nan,0,,True,True,elhigh-ellow
p0069,ellow-radnear-az000,elhigh-radfar-az225,0.48919904446075463,0.7156699787577909,0.7406922710405672,0.31016518002313737,0.3330930922222578,52,45,0.3330930922222578,0.3216291361226976,0.31016518002313737,0.15610595223849683,0.16756990833805702,0.17903386443761726,291,57,nan,nan,0,,True,True,elhigh-ellow
p0070,ellow-radnear-az000,elhigh-radfar-az270,0.46894159320808165,0.6947122761322958,0.722960409136429,0.31016518002313737,0.3342499000230558,52,44,0.3342499000230558,0.3222075400230966,0.31016518002313737,0.13469169318502583,0.14673405318498506,0.1587764131849443,285,60,nan,nan,0,,True,True,elhigh-ellow
p0071,ellow-radnear-az000,elhigh-radfar-az315,0.46454850470455816,0.6974740198487419,0.7260045606534253,0.31016518002313737,0.3370014455332844,52,40,0.3370014455332844,0.3235833127782109,0.31016518002313737,0.12754705917127374,0.14096519192634727,0.1543833246814208,285,60,nan,nan,0,,True,True,elhigh-ellow
p0072,ellow-radnear-az045,ellow-radnear-az090,0.27273535490426787,0.45983211755379116,0.5152132246515254,0.28505665657478896,0.29210572313626104,63,62,0.29210572313626104,0.288581189855525,0.28505665657478896,-0.019370368231993174,-0.01584583495125713,-0.01232130167052109,294,52,nan,nan,0,,False,False,ellow-ellow
p0073,ellow-radnear-az045,ellow-radnear-az135,0.3018199875249964,0.4930125968195505,0.5436127302874395,0.28505665657478896,0.2839740856928261,63,65,0.28505665657478896,0.28451537113380754,0.2839740856928261,0.016763330950207433,0.017304616391188854,0.017845901832170274,294,52,nan,nan,0,,True,True,ellow-ellow
p0074,ellow-radnear-az045,ellow-radnear-az180,0.30047593486027857,0.49689453481874185,0.5466575037196566,0.28505665657478896,0.29540226925164786,63,60,0.29540226925164786,0.2902294629132184,0.28505665657478896,0.005073665608630706,0.010246471947060187,0.015419278285489613,281,58,nan,nan,0,,True,True,ellow-ellow
p0075,ellow-radnear-az045,ellow-radnear-az225,0.2805363800094619,0.4665552525462116,0.5280434240057216,0.28505665657478896,0.29327532500466835,63,61,0.29327532500466835,0.28916599078972866,0.28505665657478896,-0.012738944995206447,-0.00862961078026675,-0.004520276565327053,285,57,nan,nan,0,,False,False,ellow-ellow
p0076,ellow-radnear-az045,ellow-radnear-az270,0.27539530392202916,0.4614152616473188,0.5174760232562315,0.28505665657478896,0.2678192772347479,63,72,0.28505665657478896,0.2764379669047684,0.2678192772347479,-0.009661352652759803,-0.0010426629827392508,0.007576026687281245,296,52,nan,nan,0,,False,False,ellow-ellow
p0077,ellow-radnear-az045,ellow-radnear-az315,0.3259774836746021,0.558276607216214,0.6069931634766677,0.28505665657478896,0.27834927940285153,63,68,0.28505665657478896,0.2817029679888202,0.27834927940285153,0.04092082709981315,0.04427451568578189,0.047628204271750574,286,63,nan,nan,0,,True,True,ellow-ellow
p0078,ellow-radnear-az045,ellow-radmid-az000,0.2967084455053164,0.49153386453523307,0.543277358000648,0.28505665657478896,0.31117612143053364,63,51,0.31117612143053364,0.2981163890026613,0.28505665657478896,-0.01446767592521725,-0.00140794349734491,0.01165178893052743,293,54,nan,nan,0,,False,False,ellow-ellow
p0079,ellow-radnear-az045,ellow-radmid-az045,0.2710893989324663,0.4648790119614286,0.516685993527589,0.28505665657478896,0.30014263000222136,63,58,0.30014263000222136,0.2925996432885052,0.28505665657478896,-0.029053231069755048,-0.021510244356038877,-0.01396725764232265,289,52,nan,nan,0,,False,False,ellow-ellow
p0080,ellow-radnear-az045,ellow-radmid-az090,0.312003315835349,0.5173856195273708,0.567634598612799,0.28505665657478896,0.29891069134571624,63,59,0.29891069134571624,0.2919836739602526,0.28505665657478896,0.013092624489632776,0.020019641875096417,0.026946659260560057,293,53,nan,nan,0,,True,True,ellow-ellow
p0081,ellow-radnear-az045,ellow-radmid-az135,0.31031342983729815,0.5169087225862116,0.5699186748872718,0.28505665657478896,0.27777266742978585,63,69,0.28505665657478896,0.2814146620022874,0.27777266742978585,0.02525677326250919,0.028898767835010775,0.0325407624075123,292,56,nan,nan,0,,True,True,ellow-ellow
p0082,ellow-radnear-az045,ellow-radmid-az180,0.3134405346418136,0.5098423437843097,0.5653062655332747,0.28505665657478896,0.33089890701803604,63,47,0.33089890701803604,0.3079777817964125,0.28505665657478896,-0.017458372376222442,0.005462752845401098,0.028383878067024637,298,59,nan,nan,0,,False,True,ellow-ellow
p0083,ellow-radnear-az045,ellow-radmid-az225,0.3031987159954753,0.5096591039722316,0.5558094888381027,0.28505665657478896,0.3003457176956631,63,57,0.3003457176956631,0.292701187135226,0.28505665657478896,0.002852998299812226,0.010497528860249294,0.018142059420686363,301,48,nan,nan,0,,True,True,ellow-ellow
p0084,ellow-radnear-az045,ellow-radmid-az270,0.34612088528065393,0.5565770593684041,0.6110701373775227,0.28505665657478896,0.31427159279864797,63,50,0.31427159279864797,0.29966412468671844,0.28505665657478896,0.031849292482005964,0.0464567605939355,0.061064228705864976,288,64,nan,nan,0,,True,True,ellow-ellow
p0085,ellow-radnear-az045,ellow-radmid-az315,0.3103874813702912,0.5087187503303404,0.5641128293614516,0.28505665657478896,0.2748397286931444,63,71,0.28505665657478896,0.27994819263396664,0.2748397286931444,0.02533082479550225,0.030439288736324566,0.03554775267714683,298,47,nan,nan,0,,True,True,ellow-ellow
p0086,ellow-radnear-az045,ellow-radfar-az000,0.30311774949350473,0.5100254010396418,0.5666111185904238,0.28505665657478896,0.2817460140742008,63,67,0.28505665657478896,0.28340133532449485,0.2817460140742008,0.01806109291871577,0.019716414169009877,0.021371735419303928,282,57,nan,nan,0,,True,True,ellow-ellow
p0087,ellow-radnear-az045,ellow-radfar-az045,0.2850852368129126,0.4910902513152114,0.5434265760258005,0.28505665657478896,0.30519005759179973,63,55,0.30519005759179973,0.29512335708329435,0.28505665657478896,-0.020104820778887145,-0.010038120270381756,2.8580238123632196e-05,294,62,nan,nan,0,,False,False,ellow-ellow
p0088,ellow-radnear-az045,ellow-radfar-az090,0.28439743687170727,0.4869820921816532,0.5396182204423644,0.28505665657478896,0.3072999780629998,63,54,0.3072999780629998,0.2961783173188944,0.28505665657478896,-0.022902541191292536,-0.011780880447187114,-0.0006592197030816926,286,64,nan,nan,0,,False,False,ellow-ellow
p0089,ellow-radnear-az045,ellow-radfar-az135,0.2779613574886472,0.46436652926943645,0.5130469180209994,0.28505665657478896,0.28205091366265594,63,66,0.28505665657478896,0.2835537851187224,0.28205091366265594,-0.00709529908614176,-0.005592427630075225,-0.004089556174008746,291,51,nan,nan,0,,False,False,ellow-ellow
p0090,ellow-radnear-az045,ellow-radfar-az180,0.310680943213442,0.5195268485914467,0.5681128960065747,0.28505665657478896,0.3013082995025368,63,56,0.3013082995025368,0.2931824780386629,0.28505665657478896,0.009372643710905182,0.0174984651747791,0.025624286638653015,291,62,nan,nan,0,,True,True,ellow-ellow
p0091,ellow-radnear-az045,ellow-radfar-az225,0.30467798639950344,0.5018176378169888,0.5605238064737497,0.28505665657478896,0.28484504258501964,63,64,0.28505665657478896,0.2849508495799043,0.28484504258501964,0.019621329824714484,0.019727136819599145,0.019832943814483806,287,61,nan,nan,0,,True,True,ellow-ellow
p0092,ellow-radnear-az045,ellow-radfar-az270,0.28121514074635456,0.48294720148045717,0.5338520738468777,0.28505665657478896,0.30958469798239646,63,53,0.30958469798239646,0.2973206772785927,0.28505665657478896,-0.028369557236041898,-0.01610553653223812,-0.003841515828434394,283,63,nan,nan,0,,False,False,ellow-ellow
p0093,ellow-radnear-az045,ellow-radfar-az315,0.2964678530618479,0.49664938728447383,0.5437810461656127,0.28505665657478896,0.27594677444659244,63,70,0.28505665657478896,0.2805017155106907,0.27594677444659244,0.011411196487058961,0.015966137551157222,0.020521078615255484,295,55,nan,nan,0,,True,True,ellow-ellow
p0094,ellow-radnear-az045,elmid-radnear-az000,0.4638929482813334,0.6944711946165727,0.7203737963034567,0.28505665657478896,0.35517090007794966,63,20,0.35517090007794966,0.32011377832636934,0.28505665657478896,0.10872204820338371,0.14377916995496404,0.17883629170654441,294,63,nan,nan,0,,True,True,ellow-elmid
p0095,ellow-radnear-az045,elmid-radnear-az045,0.4587854237312576,0.6961041876989239,0.7224291240931572,0.28505665657478896,0.3542262604718849,63,23,0.3542262604718849,0.3196414585233369,0.28505665657478896,0.1045591632593727,0.13914396520792066,0.17372876715646862,284,62,nan,nan,0,,True,True,ellow-elmid
p0096,ellow-radnear-az045,elmid-radnear-az090,0.46313014459947566,0.691948271406644,0.7200408411007596,0.28505665657478896,0.3373441618464497,63,37,0.3373441618464497,0.3112004092106193,0.28505665657478896,0.12578598275302594,0.15192973538885635,0.1780734880246867,296,51,nan,nan,0,,True,True,ellow-elmid
p0097,ellow-radnear-az045,elmid-radnear-az135,0.46413251355754453,0.6873657494171357,0.7144666289752984,0.28505665657478896,0.34220636476623056,63,31,0.34220636476623056,0.31363151067050976,0.28505665657478896,0.12192614879131397,0.15050100288703477,0.17907585698275558,288,47,nan,nan,0,,True,True,ellow-elmid
p0098,ellow-radnear-az045,elmid-radnear-az180,0.4559725912172113,0.6849048133049264,0.7145745253992252,0.28505665657478896,0.3511704098620124,63,25,0.3511704098620124,0.3181135332184007,0.28505665657478896,0.10480218135519886,0.1378590579988106,0.17091593464242233,290,56,nan,nan,0,,True,True,ellow-elmid
p0099,ellow-radnear-az045,elmid-radnear-az225,0.4653391497228158,0.6971421634838045,0.7235154441619607,0.28505665657478896,0.36478026048785717,63,17,0.36478026048785717,0.32491845853132306,0.28505665657478896,0.10055888923495865,0.14042069119149275,0.18028249314802686,292,61,nan,nan,0,,True,True,ellow-elmid
p0100,ellow-radnear-az045,elmid-radnear-az270,0.4609745473854866,0.6860091247851903,0.714349928455325,0.28505665657478896,0.3473214946568377,63,26,0.3473214946568377,0.31618907561581333,0.28505665657478896,0.1136530527286489,0.14478547176967327,0.17591789081069764,280,55,nan,nan,0,,True,True,ellow-elmid
p0101,ellow-radnear-az045,elmid-radnear-az315,0.45333213166632763,0.6856650466887134,0.7144269490772233,0.28505665657478896,0.3398194147983978,63,34,0.3398194147983978,0.31243803568659334,0.28505665657478896,0.11351271686792985,0.1408940959797343,0.16827547509153867,288,57,nan,nan,0,,True,True,ellow-elmid
p0102,ellow-radnear-az045,elmid-radmid-az000,0.4761717061871972,0.7127685581179501,0.7379573785623791,0.28505665657478896,0.40109184962731287,63,5,0.40109184962731287,0.3430742531010509,0.28505665657478896,0.0750798565598843,0.1330974530861463,0.19111504961240822,284,52,nan,nan,0,,True,True,ellow-elmid
p0103,ellow-radnear-az045,elmid-radmid-az045,0.4782338518843051,0.7075929482576915,0.7326256103767155,0.28505665657478896,0.41641372706811924,63,1,0.41641372706811924,0.3507351918214541,0.28505665657478896,0.06182012481618587,0.12749866006285104,0.19317719530951616,281,62,nan,nan,0,,True,True,ellow-elmid
p0104,ellow-radnear-az045,elmid-radmid-az090,0.47908698261569727,0.7074290241882917,0.7320713416614983,0.28505665657478896,0.39457841386323705,63,8,0.39457841386323705,0.33981753521901303,0.28505665657478896,0.08450856875246021,0.13926944739668423,0.1940303260409083,286,63,nan,nan,0,,True,True,ellow-elmid
p0105,ellow-radnear-az045,elmid-radmid-az135,0.47459809707044787,0.7011543095783903,0.7292399898384668,0.28505665657478896,0.3855787851950759,63,15,0.3855787851950759,0.3353177208849324,0.28505665657478896,0.08901931187537199,0.13928037618551548,0.1895414404956589,293,65,nan,nan,0,,True,True,ellow-elmid
p0106,ellow-radnear-az045,elmid-radmid-az180,0.4841025644969132,0.7152847372480686,0.7398527983721606,0.28505665657478896,0.3920347270865256,63,10,0.3920347270865256,0.3385456918306573,0.28505665657478896,0.0920678374103876,0.1455568726662559,0.19904590792212423,295,52,nan,nan,0,,True,True,ellow-elmid
p0107,ellow-radnear-az045,elmid-radmid-az225,0.4935459215385386,0.7199714798060118,0.7442289556483559,0.28505665657478896,0.4035228167038699,63,2,0.4035228167038699,0.34428973663932944,0.28505665657478896,0.09002310483466869,0.14925618489920917,0.20848926496374964,297,59,nan,nan,0,,True,True,ellow-elmid
p0108,ellow-radnear-az045,elmid-radmid-az270,0.4851590650564673,0.7125591564214407,0.7363392544603171,0.28505665657478896,0.40315190191972006,63,3,0.40315190191972006,0.3441042792472545,0.28505665657478896,0.08200716313674722,0.14105478580921277,0.20010240848167832,284,54,nan,nan,0,,True,True,ellow-elmid
p0109,ellow-radnear-az045,elmid-radmid-az315,0.4766923114457283,0.7026311037924354,0.7308212929599662,0.28505665657478896,0.38855085122315813,63,13,0.38855085122315813,0.33680375389897355,0.28505665657478896,0.08814146022257019,0.13988855754675478,0.19163565487093936,292,57,nan,nan,0,,True,True,ellow-elmid
p0110,ellow-radnear-az045,elmid-radfar-az000,0.47003922896399625,0.7074647806023132,0.7356496049269927,0.28505665657478896,0.3883653697649618,63,14,0.3883653697649618,0.3367110131698754,0.28505665657478896,0.08167385919903447,0.13332821579412085,0.1849825723892073,295,56,nan,nan,0,,True,True,ellow-elmid
p0111,ellow-radnear-az045,elmid-radfar-az045,0.46674804654545754,0.7025606420210352,0.7289349919741754,0.28505665657478896,0.3904277067982496,63,12,0.3904277067982496,0.33774218168651926,0.28505665657478896,0.07632033974720792,0.12900586485893828,0.18169138997066858,285,63,nan,nan,0,,True,True,ellow-elmid
p0112,ellow-radnear-az045,elmid-radfar-az090,0.4696695629272886,0.6988538909387149,0.7281597198198102,0.28505665657478896,0.4031096513417022,63,4,0.4031096513417022,0.34408315395824557,0.28505665657478896,0.06655991158558644,0.12558640896904305,0.18461290635249966,285,64,nan,nan,0,,True,True,ellow-elmid
p0113,ellow-radnear-az045,elmid-radfar-az135,0.46670410876904905,0.7012032541054817,0.7298623478808652,0.28505665657478896,0.3906639225147944,63,11,0.3906639225147944,0.3378602895447917,0.28505665657478896,0.07604018625425463,0.12884381922425736,0.1816474521942601,292,55,nan,nan,0,,True,True,ellow-elmid
p0114,ellow-radnear-az045,elmid-radfar-az180,0.47106565198315986,0.7019014793573605,0.7329634888106967,0.28505665657478896,0.39775345373611054,63,7,0.39775345373611054,0.3414050551554497,0.28505665657478896,0.07331219824704932,0.12966059682771014,0.1860089954083709,297,55,nan,nan,0,,True,True,ellow-elmid
p0115,ellow-radnear-az045,elmid-radfar-az225,0.4828290282493655,0.7121250646403057,0.7396331791577375,0.28505665657478896,0.40094783670068784,63,6,0.40094783670068784,0.3430022466377384,0.28505665657478896,0.08188119154867768,0.13982678161162715,0.19777237167457656,279,63,nan,nan,0,,True,True,ellow-elmid
p0116,ellow-radnear-az045,elmid-radfar-az270,0.47032220817222425,0.7040772247269182,0.7336908023219216,0.28505665657478896,0.39259913412484276,63,9,0.39259913412484276,0.33882789534981583,0.28505665657478896,0.07772307404738149,0.13149431282240842,0.1852655515974353,291,61,nan,nan,0,,True,True,ellow-elmid
p0117,ellow-radnear-az045,elmid-radfar-az315,0.4712509812315197,0.7065707224272001,0.7344617789021642,0.28505665657478896,0.38032179073567957,63,16,0.38032179073567957,0.33268922365523423,0.28505665657478896,0.09092919049584014,0.13856175757628547,0.18619432465673075,294,58,nan,nan,0,,True,True,ellow-elmid
p0118,ellow-radnear-az045,elhigh-radnear-az000,0.4622962112236408,0.6906748398438991,0.7167347898703762,0.28505665657478896,0.3287976256874326,63,48,0.3287976256874326,0.30692714113111075,0.28505665657478896,0.1334985855362082,0.15536907009253004,0.17723955464885183,287,57,nan,nan,0,,True,True,elhigh-ellow
p0119,ellow-radnear-az045,elhigh-radnear-az045,0.46593613130040673,0.6978667441169224,0.7232882616151575,0.28505665657478896,0.3372504425742561,63,38,0.3372504425742561,0.31115354957452257,0.28505665657478896,0.1286856887261506,0.15478258172588416,0.18087947472561777,298,57,nan,nan,0,,True,True,elhigh-ellow
p0120,ellow-radnear-az045,elhigh-radnear-az090,0.4639991340891062,0.6938439479785975,0.7212513586401683,0.28505665657478896,0.3417464009985519,63,32,0.3417464009985519,0.31340152878667044,0.28505665657478896,0.12225273309055429,0.15059760530243577,0.17894247751431724,287,63,nan,nan,0,,True,True,elhigh-ellow
p0121,ellow-radnear-az045,elhigh-radnear-az135,0.45376101306526223,0.6757801901325174,0.7059434826769562,0.28505665657478896,0.3320552452601486,63,46,0.3320552452601486,0.3085559509174688,0.28505665657478896,0.12170576780511361,0.14520506214779344,0.16870435649047327,283,63,nan,nan,0,,True,True,elhigh-ellow
p0122,ellow-radnear-az045,elhigh-radnear-az180,0.46072470306219937,0.6846901040819807,0.7145577632653995,0.28505665657478896,0.3395650145085634,63,35,0.3395650145085634,0.31231083554167616,0.28505665657478896,0.12115968855363596,0.1484138675205232,0.1756680464874104,292,55,nan,nan,0,,True,True,elhigh-ellow
p0123,ellow-radnear-az045,elhigh-radnear-az225,0.46167825493568787,0.6902844107084863,0.7169137907277782,0.28505665657478896,0.3440784937220457,63,28,0.3440784937220457,0.3145675751484173,0.28505665657478896,0.11759976121364218,0.14711067978727055,0.1766215983608989,277,65,nan,nan,0,,True,True,elhigh-ellow
p0124,ellow-radnear-az045,elhigh-radnear-az270,0.4613177182630256,0.6874129219647477,0.7175218582989272,0.28505665657478896,0.3216859159930162,63,49,0.3216859159930162,0.3033712862839026,0.28505665657478896,0.13963180227000938,0.157946431979123,0.17626106168823663,289,59,nan,nan,0,,True,True,elhigh-ellow
p0125,ellow-radnear-az045,elhigh-radnear-az315,0.46704362102150776,0.6929402311131073,0.7213501326355871,0.28505665657478896,0.3361849875189326,63,41,0.3361849875189326,0.3106208220468608,0.28505665657478896,0.13085863350257515,0.15642279897464695,0.1819869644467188,286,63,nan,nan,0,,True,True,elhigh-ellow
p0126,ellow-radnear-az045,elhigh-radmid-az000,0.4686183996554749,0.6969825401486165,0.7250885349776359,0.28505665657478896,0.3459669579749205,63,27,0.3459669579749205,0.3155118072748547,0.28505665657478896,0.12265144168055442,0.1531065923806202,0.18356174308068596,283,52,nan,nan,0,,True,True,elhigh-ellow
p0127,ellow-radnear-az045,elhigh-radmid-az045,0.46890979368587815,0.695321689703141,0.72067489905247,0.28505665657478896,0.35969234721512794,63,18,0.35969234721512794,0.3223745018949584,0.28505665657478896,0.10921744647075021,0.14653529179091973,0.1838531371110892,293,55,nan,nan,0,,True,True,elhigh-ellow
p0128,ellow-radnear-az045,elhigh-radmid-az090,0.47394530927592726,0.70225750653629,0.727427779860304,0.28505665657478896,0.3545783681398182,63,21,0.3545783681398182,0.3198175123573036,0.28505665657478896,0.11936694113610907,0.15412779691862366,0.1888886527011383,287,57,nan,nan,0,,True,True,elhigh-ellow
p0129,ellow-radnear-az045,elhigh-radmid-az135,0.4711548317679084,0.6996436883266139,0.7271642702801331,0.28505665657478896,0.3434079473811069,63,30,0.3434079473811069,0.31423230197794794,0.28505665657478896,0.12774688438680148,0.15692252978996046,0.18609817519311944,287,61,nan,nan,0,,True,True,elhigh-ellow
p0130,ellow-radnear-az045,elhigh-radmid-az180,0.47295559750787025,0.6989130909904524,0.7263852496971597,0.28505665657478896,0.35560303382831304,63,19,0.35560303382831304,0.320329845201551,0.28505665657478896,0.11735256367955721,0.15262575230631925,0.1878989409330813,282,66,nan,nan,0,,True,True,elhigh-ellow
p0131,ellow-radnear-az045,elhigh-radmid-az225,0.47719387101680616,0.7035766909833681,0.7309076538660068,0.28505665657478896,0.33765850732244423,63,36,0.33765850732244423,0.3113575819486166,0.28505665657478896,0.13953536369436192,0.16583628906818954,0.1921372144420172,276,66,nan,nan,0,,True,True,elhigh-ellow
p0132,ellow-radnear-az045,elhigh-radmid-az270,0.46997826746944976,0.69838925570504,0.7288156704887498,0.28505665657478896,0.33467761382312017,63,43,0.33467761382312017,0.3098671351989546,0.28505665657478896,0.1353006536463296,0.16011113227049517,0.1849216108946608,293,58,nan,nan,0,,True,True,elhigh-ellow
p0133,ellow-radnear-az045,elhigh-radmid-az315,0.4664803016603244,0.6956591273372333,0.7245902682920977,0.28505665657478896,0.3357774895562401,63,42,0.3357774895562401,0.3104170730655145,0.28505665657478896,0.1307028121040843,0.15606322859480987,0.18142364508553543,296,58,nan,nan,0,,True,True,elhigh-ellow
p0134,ellow-radnear-az045,elhigh-radfar-az000,0.4690372791490045,0.7009827050935293,0.7277213419440988,0.28505665657478896,0.33999633482078295,63,33,0.33999633482078295,0.31252649569778596,0.28505665657478896,0.12904094432822155,0.15651078345121855,0.18398062257421555,300,49,nan,nan,0,,True,True,elhigh-ellow
p0135,ellow-radnear-az045,elhigh-radfar-az045,0.471596266107688,0.7038029476910833,0.7300299294259056,0.28505665657478896,0.3517406582248309,63,24,0.3517406582248309,0.31839865739980994,0.28505665657478896,0.1198556078828571,0.15319760870787807,0.18653960953289905,269,70,nan,nan,0,,True,True,elhigh-ellow
p0136,ellow-radnear-az045,elhigh-radfar-az090,0.46776088249107767,0.7032112204651868,0.7318377398924153,0.28505665657478896,0.33715840306367034,63,39,0.33715840306367034,0.3111075298192296,0.28505665657478896,0.13060247942740733,0.15665335267184805,0.1827042259162887,293,56,nan,nan,0,,True,True,elhigh-ellow
p0137,ellow-radnear-az045,elhigh-radfar-az135,0.46902032138122807,0.7025052095403067,0.7298964877378488,0.28505665657478896,0.35443982782283306,63,22,0.35443982782283306,0.31974824219881104,0.28505665657478896,0.114580493558395,0.14927207918241703,0.1839636648064391,299,54,nan,nan,0,,True,True,elhigh-ellow
p0138,ellow-radnear-az045,elhigh-radfar-az180,0.4732985887846452,0.7040992398213757,0.7322233912642313,0.28505665657478896,0.3435612602938729,63,29,0.3435612602938729,0.31430895843433093,0.28505665657478896,0.1297373284907723,0.15898963035031427,0.18824193220985624,293,60,nan,nan,0,,True,True,elhigh-ellow
p0139,ellow-radnear-az045,elhigh-radfar-az225,0.47257114795259636,0.7023453090124501,0.7292300274273047,0.28505665657478896,0.3330930922222578,63,45,0.3330930922222578,0.3090748743985234,0.28505665657478896,0.13947805573033856,0.16349627355407298,0.1875144913778074,296,55,nan,nan,0,,True,True,elhigh-ellow
p0140,ellow-radnear-az045,elhigh-radfar-az270,0.46403313724808354,0.6941809328617219,0.7234842969040163,0.28505665657478896,0.3342499000230558,63,44,0.3342499000230558,0.3096532782989224,0.28505665657478896,0.12978323722502771,0.15437985894916112,0.17897648067329458,290,58,nan,nan,0,,True,True,elhigh-ellow
p0141,ellow-radnear-az045,elhigh-radfar-az315,0.46762579286823247,0.6942388487520854,0.7237894381332972,0.28505665657478896,0.3370014455332844,63,40,0.3370014455332844,0.31102905105403666,0.28505665657478896,0.13062434733494804,0.1565967418141958,0.1825691362934435,290,58,nan,nan,0,,True,True,elhigh-ellow
p0142,ellow-radnear-az090,ellow-radnear-az135,0.29395617739655766,0.4901260729530633,0.5469893734374459,0.29210572313626104,0.2839740856928261,62,65,0.29210572313626104,0.2880399044145436,0.2839740856928261,0.001850454260296619,0.005916272982014081,0.009982091703731544,296,50,nan,nan,0,,True,True,ellow-ellow
p0143,ellow-radnear-az090,ellow-radnear-az180,0.2795396204513972,0.4628462874982404,0.5224840834039188,0.29210572313626104,0.29540226925164786,62,60,0.29540226925164786,0.2937539961939545,0.29210572313626104,-0.015862648800250678,-0.014214375742557295,-0.012566102684863856,283,56,nan,nan,0,,False,False,ellow-ellow
p0144,ellow-radnear-az090,ellow-radnear-az225,0.3016085788084718,0.49221049858928817,0.5508726320810815,0.29210572313626104,0.29327532500466835,62,61,0.29327532500466835,0.2926905240704647,0.29210572313626104,0.008333253803803453,0.008918054738007108,0.009502855672210764,287,55,nan,nan,0,,True,True,ellow-ellow
p0145,ellow-radnear-az090,ellow-radnear-az270,0.2579803497591953,0.42342767038292844,0.4854196609956492,0.29210572313626104,0.2678192772347479,62,72,0.29210572313626104,0.2799625001855045,0.2678192772347479,-0.034125373377065726,-0.021982150426309188,-0.009838927475552595,298,50,nan,nan,0,,False,False,ellow-ellow
p0146,ellow-radnear-az090,ellow-radnear-az315,0.29500702119800154,0.4872302208935463,0.5418326407328465,0.29210572313626104,0.27834927940285153,62,68,0.29210572313626104,0.2852275012695563,0.27834927940285153,0.002901298061740498,0.009779519928445224,0.016657741795150005,288,61,nan,nan,0,,True,True,ellow-ellow
p0147,ellow-radnear-az090,ellow-radmid-az000,0.31273440270635416,0.515977221687279,0.5653684912379758,0.29210572313626104,0.31117612143053364,62,51,0.31117612143053364,0.30164092228339734,0.29210572313626104,0.0015582812758205278,0.011093480422956825,0.020628679570093122,295,52,nan,nan,0,,True,True,ellow-ellow
p0148,ellow-radnear-az090,ellow-radmid-az045,0.29839250941437145,0.4944464683851609,0.5422689273545648,0.29210572313626104,0.30014263000222136,62,58,0.30014263000222136,0.29612417656924117,0.29210572313626104,-0.0017501205878499015,0.002268332845130283,0.006286786278110412,291,50,nan,nan,0,,False,True,ellow-ellow
p0149,ellow-radnear-az090,ellow-radmid-az090,0.28860210492480676,0.48299123129912686,0.5391324342277901,0.29210572313626104,0.29891069134571624,62,59,0.29891069134571624,0.29550820724098864,0.29210572313626104,-0.010308586420909482,-0.0069061023161818835,-0.0035036182114542846,295,51,nan,nan,0,,False,False,ellow-ellow
p0150,ellow-radnear-az090,ellow-radmid-az135,0.28711629538705,0.4832188226258736,0.5411673217381701,0.29210572313626104,0.27777266742978585,62,69,0.29210572313626104,0.28493919528302347,0.27777266742978585,-0.004989427749211017,0.0021771001040265525,0.009343627957264178,294,54,nan,nan,0,,False,True,ellow-ellow
p0151,ellow-radnear-az090,ellow-radmid-az180,0.32022232839993425,0.5165738789973665,0.567310261956327,0.29210572313626104,0.33089890701803604,62,47,0.33089890701803604,0.31150231507714854,0.29210572313626104,-0.010676578618101784,0.008720013322785714,0.02811660526367321,300,57,nan,nan,0,,False,True,ellow-ellow
p0152,ellow-radnear-az090,ellow-radmid-az225,0.32273551568993253,0.5306047362365673,0.5855496212095206,0.29210572313626104,0.3003457176956631,62,57,0.3003457176956631,0.29622572041596207,0.29210572313626104,0.022389797994269434,0.02650979527397046,0.030629792553671487,303,46,nan,nan,0,,True,True,ellow-ellow
p0153,ellow-radnear-az090,ellow-radmid-az270,0.3271808804279664,0.5297939082734389,0.5798512065162534,0.29210572313626104,0.31427159279864797,62,50,0.31427159279864797,0.30318865796745453,0.29210572313626104,0.012909287629318422,0.02399222246051186,0.03507515729170535,290,62,nan,nan,0,,True,True,ellow-ellow
p0154,ellow-radnear-az090,ellow-radmid-az315,0.3091898928823653,0.5026541043586881,0.5566586057608948,0.29210572313626104,0.2748397286931444,62,71,0.29210572313626104,0.28347272591470274,0.2748397286931444,0.017084169746104272,0.025717166967662575,0.03435016418922093,300,45,nan,nan,0,,True,True,ellow-ellow
p0155,ellow-radnear-az090,ellow-radfar-az000,0.3258940523738875,0.5354677427201553,0.5843003621799775,0.29210572313626104,0.2817460140742008,62,67,0.29210572313626104,0.28692586860523095,0.2817460140742008,0.03378832923762648,0.03896818376865657,0.04414803829968672,284,55,nan,nan,0,,True,True,ellow-ellow
p0156,ellow-radnear-az090,ellow-radfar-az045,0.30806948278531415,0.515310204167593,0.5699991814255503,0.29210572313626104,0.30519005759179973,62,55,0.30519005759179973,0.2986478903640304,0.29210572313626104,0.0028794251935144177,0.009421592421283764,0.01596375964905311,296,60,nan,nan,0,,True,True,ellow-ellow
p0157,ellow-radnear-az090,ellow-radfar-az090,0.283971082456768,0.4741214250172522,0.5267796482360548,0.29210572313626104,0.3072999780629998,62,54,0.3072999780629998,0.2997028505996304,0.29210572313626104,-0.023328895606231803,-0.015731768142862423,-0.008134640679493044,288,62,nan,nan,0,,False,False,ellow-ellow
p0158,ellow-radnear-az090,ellow-radfar-az135,0.2877692902582618,0.47798434387613337,0.5361067966746594,0.29210572313626104,0.28205091366265594,62,66,0.29210572313626104,0.2870783183994585,0.28205091366265594,-0.00433643287799923,0.0006909718588032909,0.005718376595605867,293,49,nan,nan,0,,False,True,ellow-ellow
p0159,ellow-radnear-az090,ellow-radfar-az180,0.29531860341227284,0.4894814799020267,0.5383676076855879,0.29210572313626104,0.3013082995025368,62,56,0.3013082995025368,0.2967070113193989,0.29210572313626104,-0.005989696090263952,-0.0013884079071260769,0.003212880276011798,293,60,nan,nan,0,,False,False,ellow-ellow
p0160,ellow-radnear-az090,ellow-radfar-az225,0.3343430848659919,0.5457296467375625,0.5989134561799181,0.29210572313626104,0.28484504258501964,62,64,0.29210572313626104,0.28847538286064034,0.28484504258501964,0.04223736172973086,0.04586770200535156,0.049498042280972265,289,59,nan,nan,0,,True,True,ellow-ellow
p0161,ellow-radnear-az090,ellow-radfar-az270,0.31075186376978353,0.5107700765195666,0.564172541753076,0.29210572313626104,0.30958469798239646,62,53,0.30958469798239646,0.3008452105593288,0.29210572313626104,0.00116716578738707,0.009906653210454752,0.01864614063352249,285,61,nan,nan,0,,True,True,ellow-ellow
p0162,ellow-radnear-az090,ellow-radfar-az315,0.3073003329029427,0.5060927670605693,0.5561038850993592,0.29210572313626104,0.27594677444659244,62,70,0.29210572313626104,0.28402624879142674,0.27594677444659244,0.015194609766681633,0.023274084111515936,0.03135355845635024,297,53,nan,nan,0,,True,True,ellow-ellow
p0163,ellow-radnear-az090,elmid-radnear-az000,0.4630945375646469,0.6953198808407846,0.7229926828878424,0.29210572313626104,0.35517090007794966,62,20,0.35517090007794966,0.3236383116071053,0.29210572313626104,0.10792363748669725,0.1394562259575416,0.17098881442838587,296,61,nan,nan,0,,True,True,ellow-elmid
p0164,ellow-radnear-az090,elmid-radnear-az045,0.46386263927582844,0.6936884505911072,0.7199298802009264,0.29210572313626104,0.3542262604718849,62,23,0.3542262604718849,0.32316599180407296,0.29210572313626104,0.10963637880394356,0.14069664747175548,0.1717569161395674,286,60,nan,nan,0,,True,True,ellow-elmid
p0165,ellow-radnear-az090,elmid-radnear-az090,0.45718795554423375,0.6841468758628932,0.7116527800946963,0.29210572313626104,0.3373441618464497,62,37,0.3373441618464497,0.3147249424913554,0.29210572313626104,0.11984379369778403,0.14246301305287834,0.1650822324079727,298,49,nan,nan,0,,True,True,ellow-elmid
p0166,ellow-radnear-az090,elmid-radnear-az135,0.4606252263690103,0.6832007543565897,0.7105724197278697,0.29210572313626104,0.34220636476623056,62,31,0.34220636476623056,0.3171560439512458,0.29210572313626104,0.11841886160277976,0.14346918241776452,0.16851950323274928,290,45,nan,nan,0,,True,True,ellow-elmid
p0167,ellow-radnear-az090,elmid-radnear-az180,0.45235739602277597,0.68096680563565,0.7125727502023591,0.29210572313626104,0.3511704098620124,62,25,0.3511704098620124,0.32163806649913673,0.29210572313626104,0.10118698616076355,0.13071932952363924,0.16025167288651493,292,54,nan,nan,0,,True,True,ellow-elmid
p0168,ellow-radnear-az090,elmid-radnear-az225,0.4686841967438524,0.6915483680895433,0.720857735699825,0.29210572313626104,0.36478026048785717,62,17,0.36478026048785717,0.3284429918120591,0.29210572313626104,0.10390393625599526,0.14024120493179332,0.17657847360759138,294,59,nan,nan,0,,True,True,ellow-elmid
p0169,ellow-radnear-az090,elmid-radnear-az270,0.4633969369815204,0.6889176897041526,0.716764701989721,0.29210572313626104,0.3473214946568377,62,26,0.3473214946568377,0.3197136088965494,0.29210572313626104,0.1160754423246827,0.14368332808497103,0.17129121384525936,282,53,nan,nan,0,,True,True,ellow-elmid
p0170,ellow-radnear-az090,elmid-radnear-az315,0.45341269224468655,0.683897027636806,0.7130203567971033,0.29210572313626104,0.3398194147983978,62,34,0.3398194147983978,0.31596256896732944,0.29210572313626104,0.11359327744628878,0.13745012327735712,0.1613069691084255,290,55,nan,nan,0,,True,True,ellow-elmid
p0171,ellow-radnear-az090,elmid-radmid-az000,0.47438253944607794,0.7113465443056446,0.7362971118454809,0.29210572313626104,0.40109184962731287,62,5,0.40109184962731287,0.346598786381787,0.29210572313626104,0.07329068981876508,0.12778375306429096,0.1822768163098169,286,50,nan,nan,0,,True,True,ellow-elmid
p0172,ellow-radnear-az090,elmid-radmid-az045,0.4780387633247843,0.7096890392998465,0.7334114938786638,0.29210572313626104,0.41641372706811924,62,1,0.41641372706811924,0.35425972510219017,0.29210572313626104,0.061625036256665044,0.12377903822259412,0.18593304018852325,283,60,nan,nan,0,,True,True,ellow-elmid
p0173,ellow-radnear-az090,elmid-radmid-az090,0.4701260760450504,0.6976458936552652,0.7236237936621743,0.29210572313626104,0.39457841386323705,62,8,0.39457841386323705,0.343342068499749,0.29210572313626104,0.07554766218181336,0.1267840075453014,0.17802035290878937,288,61,nan,nan,0,,True,True,ellow-elmid
p0174,ellow-radnear-az090,elmid-radmid-az135,0.4665707730389423,0.697124736165466,0.723810670947949,0.29210572313626104,0.3855787851950759,62,15,0.3855787851950759,0.3388422541656685,0.29210572313626104,0.08099198784386641,0.1277285188732738,0.17446504990268125,295,63,nan,nan,0,,True,True,ellow-elmid
p0175,ellow-radnear-az090,elmid-radmid-az180,0.4771919973754648,0.7054747715222173,0.7314944931332498,0.29210572313626104,0.3920347270865256,62,10,0.3920347270865256,0.3420702251113933,0.29210572313626104,0.08515727028893921,0.13512177226407152,0.18508627423920376,297,50,nan,nan,0,,True,True,ellow-elmid
p0176,ellow-radnear-az090,elmid-radmid-az225,0.48424454358678537,0.7129000960167527,0.7387560445893754,0.29210572313626104,0.4035228167038699,62,2,0.4035228167038699,0.3478142699200655,0.29210572313626104,0.08072172688291546,0.1364302736667199,0.19213882045052433,299,57,nan,nan,0,,True,True,ellow-elmid
p0177,ellow-radnear-az090,elmid-radmid-az270,0.4735559066907049,0.7090417035979134,0.733727844645352,0.29210572313626104,0.40315190191972006,62,3,0.40315190191972006,0.34762881252799055,0.29210572313626104,0.07040400477098485,0.12592709416271436,0.18145018355444387,286,52,nan,nan,0,,True,True,ellow-elmid
p0178,ellow-radnear-az090,elmid-radmid-az315,0.4712411287496025,0.700705387588918,0.7281013490286324,0.29210572313626104,0.38855085122315813,62,13,0.38855085122315813,0.3403282871797096,0.29210572313626104,0.08269027752644437,0.1309128415698929,0.17913540561334146,294,55,nan,nan,0,,True,True,ellow-elmid
p0179,ellow-radnear-az090,elmid-radfar-az000,0.47546398897905867,0.7125872856079639,0.7398388353162796,0.29210572313626104,0.3883653697649618,62,14,0.3883653697649618,0.3402355464506114,0.29210572313626104,0.0870986192140969,0.1352284425284473,0.18335826584279763,297,54,nan,nan,0,,True,True,ellow-elmid
p0180,ellow-radnear-az090,elmid-radfar-az045,0.4725989434567397,0.7032010096499287,0.7296464003569008,0.29210572313626104,0.3904277067982496,62,12,0.3904277067982496,0.34126671496725536,0.29210572313626104,0.08217123665849008,0.13133222848948434,0.18049322032047865,287,61,nan,nan,0,,True,True,ellow-elmid
p0181,ellow-radnear-az090,elmid-radfar-az090,0.4689471826181059,0.6982521111724982,0.7264287093429037,0.29210572313626104,0.4031096513417022,62,4,0.4031096513417022,0.3476076872389816,0.29210572313626104,0.06583753127640374,0.12133949537912431,0.17684145948184488,287,62,nan,nan,0,,True,True,ellow-elmid
p0182,ellow-radnear-az090,elmid-radfar-az135,0.4684892779882559,0.7016489834016378,0.7302807932936993,0.29210572313626104,0.3906639225147944,62,11,0.3906639225147944,0.34138482282552773,0.29210572313626104,0.07782535547346148,0.12710445516272817,0.17638355485199486,294,53,nan,nan,0,,True,True,ellow-elmid
p0183,ellow-radnear-az090,elmid-radfar-az180,0.47099405678078915,0.7067274666818835,0.7335879712355465,0.29210572313626104,0.39775345373611054,62,7,0.39775345373611054,0.3449295884361858,0.29210572313626104,0.07324060304467861,0.12606446834460333,0.1788883336445281,299,53,nan,nan,0,,True,True,ellow-elmid
p0184,ellow-radnear-az090,elmid-radfar-az225,0.4818664864311904,0.7096595212451102,0.7363316298154207,0.29210572313626104,0.40094783670068784,62,6,0.40094783670068784,0.34652677991847447,0.29210572313626104,0.08091864973050256,0.13533970651271593,0.18976076329492936,281,61,nan,nan,0,,True,True,ellow-elmid
p0185,ellow-radnear-az090,elmid-radfar-az270,0.46842215435740253,0.7005782732255768,0.7288646115262165,0.29210572313626104,0.39259913412484276,62,9,0.39259913412484276,0.34235242863055193,0.29210572313626104,0.07582302023255977,0.1260697257268506,0.1763164312211415,293,59,nan,nan,0,,True,True,ellow-elmid
p0186,ellow-radnear-az090,elmid-radfar-az315,0.4690724797161537,0.7010520881628067,0.730560622786429,0.29210572313626104,0.38032179073567957,62,16,0.38032179073567957,0.33621375693597033,0.29210572313626104,0.08875068898047411,0.13285872278018335,0.17696675657989264,296,56,nan,nan,0,,True,True,ellow-elmid
p0187,ellow-radnear-az090,elhigh-radnear-az000,0.4605683702790868,0.6896798557833113,0.7171770735263088,0.29210572313626104,0.3287976256874326,62,48,0.3287976256874326,0.31045167441184685,0.29210572313626104,0.13177074459165422,0.15011669586723997,0.16846264714282577,289,55,nan,nan,0,,True,True,elhigh-ellow
p0188,ellow-radnear-az090,elhigh-radnear-az045,0.45913223722105323,0.6917816463443842,0.7187142140201604,0.29210572313626104,0.3372504425742561,62,38,0.3372504425742561,0.31467808285525856,0.29210572313626104,0.1218817946467971,0.14445415436579467,0.1670265140847922,300,55,nan,nan,0,,True,True,elhigh-ellow
p0189,ellow-radnear-az090,elhigh-radnear-az090,0.4447490624724285,0.6732127807404552,0.7041672400406191,0.29210572313626104,0.3417464009985519,62,32,0.3417464009985519,0.3169260620674065,0.29210572313626104,0.1030026614738766,0.12782300040502204,0.15264333933616747,289,61,nan,nan,0,,True,True,elhigh-ellow
p0190,ellow-radnear-az090,elhigh-radnear-az135,0.45865267992008363,0.6824282953492218,0.7120514218114932,0.29210572313626104,0.3320552452601486,62,46,0.3320552452601486,0.31208048419820483,0.29210572313626104,0.126597434659935,0.1465721957218788,0.1665469567838226,285,61,nan,nan,0,,True,True,elhigh-ellow
p0191,ellow-radnear-az090,elhigh-radnear-az180,0.4581438987304221,0.6866159879187634,0.7159837546073274,0.29210572313626104,0.3395650145085634,62,35,0.3395650145085634,0.31583536882241225,0.29210572313626104,0.1185788842218587,0.14230852990800985,0.16603817559416106,294,53,nan,nan,0,,True,True,elhigh-ellow
p0192,ellow-radnear-az090,elhigh-radnear-az225,0.4702648794056894,0.6957668029418445,0.7222520492821517,0.29210572313626104,0.3440784937220457,62,28,0.3440784937220457,0.31809210842915336,0.29210572313626104,0.1261863856836437,0.15217277097653603,0.17815915626942835,279,63,nan,nan,0,,True,True,elhigh-ellow
p0193,ellow-radnear-az090,elhigh-radnear-az270,0.45731205382996737,0.6834328108941515,0.7143748753278619,0.29210572313626104,0.3216859159930162,62,49,0.3216859159930162,0.30689581956463863,0.29210572313626104,0.13562613783695115,0.15041623426532874,0.16520633069370633,291,57,nan,nan,0,,True,True,elhigh-ellow
p0194,ellow-radnear-az090,elhigh-radnear-az315,0.45293907354897983,0.685352507634476,0.716263788254169,0.29210572313626104,0.3361849875189326,62,41,0.3361849875189326,0.3141453553275968,0.29210572313626104,0.11675408603004722,0.13879371822138303,0.1608333504127188,288,61,nan,nan,0,,True,True,elhigh-ellow
p0195,ellow-radnear-az090,elhigh-radmid-az000,0.46648014201953064,0.6950667734555832,0.7228057059881413,0.29210572313626104,0.3459669579749205,62,27,0.3459669579749205,0.31903634055559077,0.29210572313626104,0.12051318404461014,0.14744380146393987,0.1743744188832696,285,50,nan,nan,0,,True,True,elhigh-ellow
p0196,ellow-radnear-az090,elhigh-radmid-az045,0.4715602105066393,0.6964596508876473,0.7225652194454651,0.29210572313626104,0.35969234721512794,62,18,0.35969234721512794,0.3258990351756945,0.29210572313626104,0.11186786329151138,0.1456611753309448,0.17945448737037828,295,53,nan,nan,0,,True,True,elhigh-ellow
p0197,ellow-radnear-az090,elhigh-radmid-az090,0.4658007455044431,0.6919869142672979,0.7212619144094027,0.29210572313626104,0.3545783681398182,62,21,0.3545783681398182,0.3233420456380396,0.29210572313626104,0.11122237736462492,0.14245869986640353,0.17369502236818207,289,55,nan,nan,0,,True,True,elhigh-ellow
p0198,ellow-radnear-az090,elhigh-radmid-az135,0.46464485497012886,0.6942725658801072,0.721625909687338,0.29210572313626104,0.3434079473811069,62,30,0.3434079473811069,0.317756835258684,0.29210572313626104,0.12123690758902195,0.14688801971144488,0.17253913183386782,289,59,nan,nan,0,,True,True,elhigh-ellow
p0199,ellow-radnear-az090,elhigh-radmid-az180,0.4703350751407627,0.6983719023555378,0.725450085763087,0.29210572313626104,0.35560303382831304,62,19,0.35560303382831304,0.32385437848228704,0.29210572313626104,0.11473204131244968,0.14648069665847568,0.17822935200450168,284,64,nan,nan,0,,True,True,elhigh-ellow
p0200,ellow-radnear-az090,elhigh-radmid-az225,0.46984586542537526,0.6964188175813336,0.7231171097563932,0.29210572313626104,0.33765850732244423,62,36,0.33765850732244423,0.3148821152293526,0.29210572313626104,0.13218735810293103,0.15496375019602265,0.17774014228911422,278,64,nan,nan,0,,True,True,elhigh-ellow
p0201,ellow-radnear-az090,elhigh-radmid-az270,0.4669926500044061,0.6938169640529629,0.7249396810951134,0.29210572313626104,0.33467761382312017,62,43,0.33467761382312017,0.3133916684796906,0.29210572313626104,0.13231503618128593,0.15360098152471552,0.17488692686814505,295,56,nan,nan,0,,True,True,elhigh-ellow
p0202,ellow-radnear-az090,elhigh-radmid-az315,0.4555452903701806,0.6872788108584831,0.7184249517957264,0.29210572313626104,0.3357774895562401,62,42,0.3357774895562401,0.31394160634625057,0.29210572313626104,0.1197678008139405,0.14160368402393003,0.16343956723391956,298,56,nan,nan,0,,True,True,elhigh-ellow
p0203,ellow-radnear-az090,elhigh-radfar-az000,0.4596981584353885,0.6966065645584917,0.7254358679988013,0.29210572313626104,0.33999633482078295,62,33,0.33999633482078295,0.316051028978522,0.29210572313626104,0.11970182361460557,0.14364712945686653,0.16759243529912748,302,47,nan,nan,0,,True,True,elhigh-ellow
p0204,ellow-radnear-az090,elhigh-radfar-az045,0.47392686747662055,0.7046656761577677,0.7312183583846026,0.29210572313626104,0.3517406582248309,62,24,0.3517406582248309,0.321923190680546,0.29210572313626104,0.12218620925178963,0.15200367679607457,0.1818211443403595,271,68,nan,nan,0,,True,True,elhigh-ellow
p0205,ellow-radnear-az090,elhigh-radfar-az090,0.4622313627663198,0.6938186893477212,0.7219856939368389,0.29210572313626104,0.33715840306367034,62,39,0.33715840306367034,0.3146320630999657,0.29210572313626104,0.12507295970264948,0.1475992996663541,0.17012563963005878,295,54,nan,nan,0,,True,True,elhigh-ellow
p0206,ellow-radnear-az090,elhigh-radfar-az135,0.4558740431803665,0.6863627466468001,0.7157529040395523,0.29210572313626104,0.35443982782283306,62,22,0.35443982782283306,0.323272775479547,0.29210572313626104,0.10143421535753344,0.13260126770081948,0.16376832004410546,301,52,nan,nan,0,,True,True,elhigh-ellow
p0207,ellow-radnear-az090,elhigh-radfar-az180,0.4722140559164016,0.700879452616824,0.7288447528162436,0.29210572313626104,0.3435612602938729,62,29,0.3435612602938729,0.317833491715067,0.29210572313626104,0.12865279562252868,0.1543805642013346,0.18010833278014055,295,58,nan,nan,0,,True,True,elhigh-ellow
p0208,ellow-radnear-az090,elhigh-radfar-az225,0.4765645729714731,0.701468552410265,0.7293574097243195,0.29210572313626104,0.3330930922222578,62,45,0.3330930922222578,0.3125994076792594,0.29210572313626104,0.14347148074921529,0.16396516529221367,0.18445884983521205,298,53,nan,nan,0,,True,True,elhigh-ellow
p0209,ellow-radnear-az090,elhigh-radfar-az270,0.4619700945122873,0.6910912476517878,0.7209401173549573,0.29210572313626104,0.3342499000230558,62,44,0.3342499000230558,0.3131778115796584,0.29210572313626104,0.1277201944892315,0.14879228293262892,0.16986437137602628,292,56,nan,nan,0,,True,True,elhigh-ellow
p0210,ellow-radnear-az090,elhigh-radfar-az315,0.4605459165697106,0.6965398855643157,0.7256981810689804,0.29210572313626104,0.3370014455332844,62,40,0.3370014455332844,0.31455358433477276,0.29210572313626104,0.12354447103642618,0.14599233223493785,0.16844019343344957,292,56,nan,nan,0,,True,True,elhigh-ellow
p0211,ellow-radnear-az135,ellow-radnear-az180,0.31129214584154163,0.5076265360670363,0.5605093566378542,0.2839740856928261,0.29540226925164786,65,60,0.29540226925164786,0.28968817747223696,0.2839740856928261,0.01588987658989377,0.02160396836930467,0.027318060148715517,283,56,nan,nan,0,,True,True,ellow-ellow
p0212,ellow-radnear-az135,ellow-radnear-az225,0.31374227768422525,0.5124189561529546,0.5659220805225238,0.2839740856928261,0.29327532500466835,65,61,0.29327532500466835,0.28862470534874723,0.2839740856928261,0.020466952679556893,0.02511757233547801,0.02976819199139913,287,55,nan,nan,0,,True,True,ellow-ellow
p0213,ellow-radnear-az135,ellow-radnear-az270,0.30280647944009265,0.4846247251802247,0.5351306650829875,0.2839740856928261,0.2678192772347479,65,72,0.2839740856928261,0.275896681463787,0.2678192772347479,0.01883239374726653,0.02690979797630566,0.034987202205344736,298,50,nan,nan,0,,True,True,ellow-ellow
p0214,ellow-radnear-az135,ellow-radnear-az315,0.30591129706033393,0.5043299469347892,0.5518241683656149,0.2839740856928261,0.27834927940285153,65,68,0.2839740856928261,0.2811616825478388,0.27834927940285153,0.021937211367507814,0.024749614512495133,0.027562017657482396,288,61,nan,nan,0,,True,True,ellow-ellow
p0215,ellow-radnear-az135,ellow-radmid-az000,0.3095115058649191,0.506340409930811,0.5647634664549207,0.2839740856928261,0.31117612143053364,65,51,0.31117612143053364,0.2975751035616799,0.2839740856928261,-0.0016646155656145356,0.011936402303239224,0.025537420172092984,295,52,nan,nan,0,,False,True,ellow-ellow
p0216,ellow-radnear-az135,ellow-radmid-az045,0.311986440390874,0.5135283975641188,0.5639213645581498,0.2839740856928261,0.30014263000222136,65,58,0.30014263000222136,0.29205835784752376,0.2839740856928261,0.01184381038865262,0.019928082543350212,0.02801235469804786,291,50,nan,nan,0,,True,True,ellow-ellow
p0217,ellow-radnear-az135,ellow-radmid-az090,0.2832315290777722,0.4737386380246221,0.5259536721778877,0.2839740856928261,0.29891069134571624,65,59,0.29891069134571624,0.2914423885192712,0.2839740856928261,-0.015679162267944025,-0.008210859441498963,-0.000742556615053902,295,51,nan,nan,0,,False,False,ellow-ellow
p0218,ellow-radnear-az135,ellow-radmid-az135,0.2908671887294385,0.4885908813035025,0.5433055012703933,0.2839740856928261,0.27777266742978585,65,69,0.2839740856928261,0.28087337656130595,0.27777266742978585,0.006893103036612391,0.009993812168132554,0.013094521299652662,294,54,nan,nan,0,,True,True,ellow-ellow
p0219,ellow-radnear-az135,ellow-radmid-az180,0.3307435018265039,0.5322239677013538,0.5800756887973549,0.2839740856928261,0.33089890701803604,65,47,0.33089890701803604,0.3074364963554311,0.2839740856928261,-0.00015540519153212085,0.02330700547107284,0.0467694161336778,300,57,nan,nan,0,,False,True,ellow-ellow
p0220,ellow-radnear-az135,ellow-radmid-az225,0.29611657988555184,0.4833798320718705,0.535738444627736,0.2839740856928261,0.3003457176956631,65,57,0.3003457176956631,0.2921599016942446,0.2839740856928261,-0.00422913781011125,0.003956678191307239,0.012142494192725728,303,46,nan,nan,0,,False,True,ellow-ellow
p0221,ellow-radnear-az135,ellow-radmid-az270,0.3129488907209359,0.5163763041072896,0.5673316182939637,0.2839740856928261,0.31427159279864797,65,50,0.31427159279864797,0.299122839245737,0.2839740856928261,-0.001322702077712068,0.013826051475198886,0.028974805028109785,290,62,nan,nan,0,,False,True,ellow-ellow
p0222,ellow-radnear-az135,ellow-radmid-az315,0.29601919295742574,0.4829476389110633,0.5386450324591588,0.2839740856928261,0.2748397286931444,65,71,0.2839740856928261,0.2794069071929852,0.2748397286931444,0.01204510726459962,0.016612285764440515,0.021179464264281356,300,45,nan,nan,0,,True,True,ellow-ellow
p0223,ellow-radnear-az135,ellow-radfar-az000,0.31875063743374055,0.5239939409395071,0.576433186562352,0.2839740856928261,0.2817460140742008,65,67,0.2839740856928261,0.28286004988351343,0.2817460140742008,0.03477655174091443,0.035890587550227115,0.037004623359539746,284,55,nan,nan,0,,True,True,ellow-ellow
p0224,ellow-radnear-az135,ellow-radfar-az045,0.30068602861030963,0.5080472595597906,0.5590787724968,0.2839740856928261,0.30519005759179973,65,55,0.30519005759179973,0.2945820716423129,0.2839740856928261,-0.004504028981490105,0.006103956967996704,0.016711942917483513,296,60,nan,nan,0,,False,True,ellow-ellow
p0225,ellow-radnear-az135,ellow-radfar-az090,0.2751003247225018,0.47440890024078497,0.5268559821459705,0.2839740856928261,0.3072999780629998,65,54,0.3072999780629998,0.29563703187791296,0.2839740856928261,-0.03219965334049801,-0.02053670715541117,-0.00887376097032433,288,62,nan,nan,0,,False,False,ellow-ellow
p0226,ellow-radnear-az135,ellow-radfar-az135,0.2861837518498326,0.476287168796632,0.5330994956040862,0.2839740856928261,0.28205091366265594,65,66,0.2839740856928261,0.283012499677741,0.28205091366265594,0.0022096661570064624,0.0031712521720915765,0.004132838187176635,293,49,nan,nan,0,,True,True,ellow-ellow
p0227,ellow-radnear-az135,ellow-radfar-az180,0.32210967676694974,0.5189182492054578,0.5647024083193,0.2839740856928261,0.3013082995025368,65,56,0.3013082995025368,0.29264119259768145,0.2839740856928261,0.020801377264412946,0.029468484169268283,0.03813559107412362,293,60,nan,nan,0,,True,True,ellow-ellow
p0228,ellow-radnear-az135,ellow-radfar-az225,0.332739562676437,0.5473147500441531,0.5981089689932801,0.2839740856928261,0.28484504258501964,65,64,0.28484504258501964,0.2844095641389229,0.2839740856928261,0.04789452009141737,0.04832999853751413,0.04876547698361089,289,59,nan,nan,0,,True,True,ellow-ellow
p0229,ellow-radnear-az135,ellow-radfar-az270,0.30557784351731043,0.5068478030841076,0.5522509659967254,0.2839740856928261,0.30958469798239646,65,53,0.30958469798239646,0.29677939183761126,0.2839740856928261,-0.004006854465086029,0.00879845167969917,0.021603757824484315,285,61,nan,nan,0,,False,True,ellow-ellow
p0230,ellow-radnear-az135,ellow-radfar-az315,0.2832036904194242,0.47423247836415117,0.5295532947820505,0.2839740856928261,0.27594677444659244,65,70,0.2839740856928261,0.2799604300697093,0.27594677444659244,-0.0007703952734018915,0.0032432603497149493,0.00725691597283179,297,53,nan,nan,0,,False,True,ellow-ellow
p0231,ellow-radnear-az135,elmid-radnear-az000,0.4662701479037652,0.692384857173912,0.7171618616738612,0.2839740856928261,0.35517090007794966,65,20,0.35517090007794966,0.3195724928853879,0.2839740856928261,0.11109924782581554,0.14669765501837728,0.18229606221093908,296,61,nan,nan,0,,True,True,ellow-elmid
p0232,ellow-radnear-az135,elmid-radnear-az045,0.46908223544454136,0.6941780424615821,0.7188779251919972,0.2839740856928261,0.3542262604718849,65,23,0.3542262604718849,0.3191001730823555,0.2839740856928261,0.11485597497265648,0.14998206236218586,0.18510814975171525,286,60,nan,nan,0,,True,True,ellow-elmid
p0233,ellow-radnear-az135,elmid-radnear-az090,0.4583836423298697,0.6796343363316917,0.7051991856175015,0.2839740856928261,0.3373441618464497,65,37,0.3373441618464497,0.3106591237696379,0.2839740856928261,0.12103948048342,0.14772451856023183,0.1744095566370436,298,49,nan,nan,0,,True,True,ellow-elmid
p0234,ellow-radnear-az135,elmid-radnear-az135,0.45747814797139863,0.6768561857255007,0.7033270105608379,0.2839740856928261,0.34220636476623056,65,31,0.34220636476623056,0.31309022522952834,0.2839740856928261,0.11527178320516807,0.1443879227418703,0.1735040622785725,290,45,nan,nan,0,,True,True,ellow-elmid
p0235,ellow-radnear-az135,elmid-radnear-az180,0.44891125044970787,0.6778288177631209,0.7069475422706356,0.2839740856928261,0.3511704098620124,65,25,0.3511704098620124,0.31757224777741927,0.2839740856928261,0.09774084058769544,0.1313390026722886,0.16493716475688175,292,54,nan,nan,0,,True,True,ellow-elmid
p0236,ellow-radnear-az135,elmid-radnear-az225,0.47055112055446563,0.6933945902405512,0.7194649109839535,0.2839740856928261,0.36478026048785717,65,17,0.36478026048785717,0.32437717309034164,0.2839740856928261,0.10577086006660846,0.146173947464124,0.1865770348616395,294,59,nan,nan,0,,True,True,ellow-elmid
p0237,ellow-radnear-az135,elmid-radnear-az270,0.4621592815818826,0.6857335627248415,0.7098741322733796,0.2839740856928261,0.3473214946568377,65,26,0.3473214946568377,0.3156477901748319,0.2839740856928261,0.11483778692504487,0.14651149140705066,0.17818519588905646,282,53,nan,nan,0,,True,True,ellow-elmid
p0238,ellow-radnear-az135,elmid-radnear-az315,0.44589564215440647,0.6739004106571304,0.7037181381315392,0.2839740856928261,0.3398194147983978,65,34,0.3398194147983978,0.3118967502456119,0.2839740856928261,0.10607622735600869,0.13399889190879455,0.16192155646158035,290,55,nan,nan,0,,True,True,ellow-elmid
p0239,ellow-radnear-az135,elmid-radmid-az000,0.4817140485159761,0.7126550353399329,0.7368601791575661,0.2839740856928261,0.40109184962731287,65,5,0.40109184962731287,0.34253296766006947,0.2839740856928261,0.08062219888866323,0.13918108085590664,0.19773996282314998,286,50,nan,nan,0,,True,True,ellow-elmid
p0240,ellow-radnear-az135,elmid-radmid-az045,0.48098668419461166,0.708930569006905,0.7325274937541713,0.2839740856928261,0.41641372706811924,65,1,0.41641372706811924,0.35019390638047265,0.2839740856928261,0.06457295712649241,0.130792777814139,0.19701259850178554,283,60,nan,nan,0,,True,True,ellow-elmid
p0241,ellow-radnear-az135,elmid-radmid-az090,0.47579192248821917,0.6984874054624173,0.7221240685859324,0.2839740856928261,0.39457841386323705,65,8,0.39457841386323705,0.3392762497780316,0.2839740856928261,0.08121350862498211,0.13651567271018755,0.19181783679539305,288,61,nan,nan,0,,True,True,ellow-elmid
p0242,ellow-radnear-az135,elmid-radmid-az135,0.46146948785492714,0.6875675631027074,0.7113245713044927,0.2839740856928261,0.3855787851950759,65,15,0.3855787851950759,0.33477643544395097,0.2839740856928261,0.07589070265985126,0.12669305241097617,0.17749540216210102,295,63,nan,nan,0,,True,True,ellow-elmid
p0243,ellow-radnear-az135,elmid-radmid-az180,0.47360833653957435,0.7051039128519465,0.7293539790339123,0.2839740856928261,0.3920347270865256,65,10,0.3920347270865256,0.3380044063896759,0.2839740856928261,0.08157360945304876,0.13560393014989847,0.18963425084674823,297,50,nan,nan,0,,True,True,ellow-elmid
p0244,ellow-radnear-az135,elmid-radmid-az225,0.4893344954555174,0.7183837006070456,0.7420650140127519,0.2839740856928261,0.4035228167038699,65,2,0.4035228167038699,0.343748451198348,0.2839740856928261,0.08581167875164747,0.14558604425716937,0.20536040976269127,299,57,nan,nan,0,,True,True,ellow-elmid
p0245,ellow-radnear-az135,elmid-radmid-az270,0.4743189598696438,0.7049679769238824,0.7280435882623606,0.2839740856928261,0.40315190191972006,65,3,0.40315190191972006,0.3435629938062731,0.2839740856928261,0.07116705794992373,0.1307559660633707,0.19034487417681767,286,52,nan,nan,0,,True,True,ellow-elmid
p0246,ellow-radnear-az135,elmid-radmid-az315,0.47101785864814316,0.7009343564784851,0.7283264835872082,0.2839740856928261,0.38855085122315813,65,13,0.38855085122315813,0.3362624684579921,0.2839740856928261,0.08246700742498503,0.13475539019015104,0.18704377295531704,294,55,nan,nan,0,,True,True,ellow-elmid
p0247,ellow-radnear-az135,elmid-radfar-az000,0.4726200549927179,0.7034030936622112,0.7303608155335255,0.2839740856928261,0.3883653697649618,65,14,0.3883653697649618,0.336169727728894,0.2839740856928261,0.08425468522775614,0.13645032726382395,0.1886459692998918,297,54,nan,nan,0,,True,True,ellow-elmid
p0248,ellow-radnear-az135,elmid-radfar-az045,0.4781039817326312,0.7046646037031828,0.7295598942404437,0.2839740856928261,0.3904277067982496,65,12,0.3904277067982496,0.33720089624553784,0.2839740856928261,0.08767627493438157,0.14090308548709335,0.19412989603980507,287,61,nan,nan,0,,True,True,ellow-elmid
p0249,ellow-radnear-az135,elmid-radfar-az090,0.46671758037125544,0.6912886438270186,0.7158033266842547,0.2839740856928261,0.4031096513417022,65,4,0.4031096513417022,0.34354186851726415,0.2839740856928261,0.06360792902955326,0.12317571185399129,0.18274349467842932,287,62,nan,nan,0,,True,True,ellow-elmid
p0250,ellow-radnear-az135,elmid-radfar-az135,0.44938555176971723,0.6800226807030705,0.7101366036989731,0.2839740856928261,0.3906639225147944,65,11,0.3906639225147944,0.33731900410381027,0.2839740856928261,0.0587216292549228,0.11206654766590696,0.1654114660768911,294,53,nan,nan,0,,True,True,ellow-elmid
p0251,ellow-radnear-az135,elmid-radfar-az180,0.4662012115206014,0.6948700699422138,0.72277688833332,0.2839740856928261,0.39775345373611054,65,7,0.39775345373611054,0.3408637697144683,0.2839740856928261,0.06844775778449086,0.1253374418061331,0.18222712582777528,299,53,nan,nan,0,,True,True,ellow-elmid
p0252,ellow-radnear-az135,elmid-radfar-az225,0.4743751940976923,0.7047895791977498,0.7309162583297223,0.2839740856928261,0.40094783670068784,65,6,0.40094783670068784,0.34246096119675695,0.2839740856928261,0.07342735739700446,0.13191423290093535,0.19040110840486618,281,61,nan,nan,0,,True,True,ellow-elmid
p0253,ellow-radnear-az135,elmid-radfar-az270,0.4644904653176273,0.6984023372247199,0.7246134058414868,0.2839740856928261,0.39259913412484276,65,9,0.39259913412484276,0.3382866099088344,0.2839740856928261,0.07189133119278451,0.12620385540879286,0.18051637962480116,293,59,nan,nan,0,,True,True,ellow-elmid
p0254,ellow-radnear-az135,elmid-radfar-az315,0.4541654211877511,0.6858169198470606,0.7189567398589976,0.2839740856928261,0.38032179073567957,65,16,0.38032179073567957,0.3321479382142528,0.2839740856928261,0.07384363045207154,0.12201748297349829,0.170191335494925,296,56,nan,nan,0,,True,True,ellow-elmid
p0255,ellow-radnear-az135,elhigh-radnear-az000,0.45527861125112024,0.6795049492380298,0.7037019240276694,0.2839740856928261,0.3287976256874326,65,48,0.3287976256874326,0.3063858556901293,0.2839740856928261,0.12648098556368764,0.1488927555609909,0.17130452555829412,289,55,nan,nan,0,,True,True,elhigh-ellow
p0256,ellow-radnear-az135,elhigh-radnear-az045,0.46199444364307296,0.68688675494342,0.7116243507050967,0.2839740856928261,0.3372504425742561,65,38,0.3372504425742561,0.31061226413354115,0.2839740856928261,0.12474400106881683,0.1513821795095318,0.17802035795024684,300,55,nan,nan,0,,True,True,elhigh-ellow
p0257,ellow-radnear-az135,elhigh-radnear-az090,0.4495370206434376,0.6742014217867134,0.6989393842786802,0.2839740856928261,0.3417464009985519,65,32,0.3417464009985519,0.312860243345689,0.2839740856928261,0.10779061964488568,0.13667677729774858,0.16556293495061147,289,61,nan,nan,0,,True,True,elhigh-ellow
p0258,ellow-radnear-az135,elhigh-radnear-az135,0.45174683215755607,0.6732819798706512,0.7009416503077112,0.2839740856928261,0.3320552452601486,65,46,0.3320552452601486,0.30801466547648737,0.2839740856928261,0.11969158689740744,0.1437321666810687,0.16777274646472995,285,61,nan,nan,0,,True,True,elhigh-ellow
p0259,ellow-radnear-az135,elhigh-radnear-az180,0.4609106782206234,0.6790283146715554,0.708689206049558,0.2839740856928261,0.3395650145085634,65,35,0.3395650145085634,0.31176955010069474,0.2839740856928261,0.12134566371206001,0.1491411281199287,0.1769365925277973,294,53,nan,nan,0,,True,True,elhigh-ellow
p0260,ellow-radnear-az135,elhigh-radnear-az225,0.4630483568633152,0.6878286373256675,0.7145566046967757,0.2839740856928261,0.3440784937220457,65,28,0.3440784937220457,0.3140262897074359,0.2839740856928261,0.1189698631412695,0.1490220671558793,0.17907427117048907,279,63,nan,nan,0,,True,True,elhigh-ellow
p0261,ellow-radnear-az135,elhigh-radnear-az270,0.4534722163712864,0.6806076337939297,0.7083400410011408,0.2839740856928261,0.3216859159930162,65,49,0.3216859159930162,0.30283000084292117,0.2839740856928261,0.13178630037827016,0.1506422155283652,0.16949813067846026,291,57,nan,nan,0,,True,True,elhigh-ellow
p0262,ellow-radnear-az135,elhigh-radnear-az315,0.46038298007397827,0.683051765045887,0.710052510076441,0.2839740856928261,0.3361849875189326,65,41,0.3361849875189326,0.3100795366058794,0.2839740856928261,0.12419799255504566,0.15030344346809887,0.17640889438115215,288,61,nan,nan,0,,True,True,elhigh-ellow
p0263,ellow-radnear-az135,elhigh-radmid-az000,0.4633702125359192,0.692895035585824,0.7188587119257485,0.2839740856928261,0.3459669579749205,65,27,0.3459669579749205,0.3149705218338733,0.2839740856928261,0.1174032545609987,0.1483996907020459,0.17939612684309308,285,50,nan,nan,0,,True,True,elhigh-ellow
p0264,ellow-radnear-az135,elhigh-radmid-az045,0.4721334534109836,0.6928935861995288,0.7178217986904711,0.2839740856928261,0.35969234721512794,65,18,0.35969234721512794,0.321833216453977,0.2839740856928261,0.11244110619585568,0.15030023695700662,0.1881593677181575,295,53,nan,nan,0,,True,True,elhigh-ellow
p0265,ellow-radnear-az135,elhigh-radmid-az090,0.4685453173051641,0.6904748761633825,0.7171487725658799,0.2839740856928261,0.3545783681398182,65,21,0.3545783681398182,0.3192762269163222,0.2839740856928261,0.11396694916534589,0.1492690903888419,0.18457123161233796,289,55,nan,nan,0,,True,True,elhigh-ellow
p0266,ellow-radnear-az135,elhigh-radmid-az135,0.4615978948843595,0.6862613695844824,0.7114002754781629,0.2839740856928261,0.3434079473811069,65,30,0.3434079473811069,0.3136910165369665,0.2839740856928261,0.11818994750325257,0.14790687834739297,0.17762380919153337,289,59,nan,nan,0,,True,True,elhigh-ellow
p0267,ellow-radnear-az135,elhigh-radmid-az180,0.4754403734672922,0.6962078680363647,0.7205393740789949,0.2839740856928261,0.35560303382831304,65,19,0.35560303382831304,0.3197885597605696,0.2839740856928261,0.11983733963897913,0.1556518137067226,0.19146628777446606,284,64,nan,nan,0,,True,True,elhigh-ellow
p0268,ellow-radnear-az135,elhigh-radmid-az225,0.4766938531062275,0.7001228744136799,0.7242043496455373,0.2839740856928261,0.33765850732244423,65,36,0.33765850732244423,0.3108162965076352,0.2839740856928261,0.1390353457837833,0.16587755659859232,0.1927197674134014,278,64,nan,nan,0,,True,True,elhigh-ellow
p0269,ellow-radnear-az135,elhigh-radmid-az270,0.47062444406212517,0.6944620487481037,0.7188865272974454,0.2839740856928261,0.33467761382312017,65,43,0.33467761382312017,0.30932584975797317,0.2839740856928261,0.135946830239005,0.161298594304152,0.18665035836929905,295,56,nan,nan,0,,True,True,elhigh-ellow
p0270,ellow-radnear-az135,elhigh-radmid-az315,0.45780170067477977,0.6859833152313143,0.7158290619585876,0.2839740856928261,0.3357774895562401,65,42,0.3357774895562401,0.3098757876245331,0.2839740856928261,0.12202421111853967,0.14792591305024666,0.17382761498195365,298,56,nan,nan,0,,True,True,elhigh-ellow
p0271,ellow-radnear-az135,elhigh-radfar-az000,0.4631777135685527,0.6954352560840973,0.7220215719772662,0.2839740856928261,0.33999633482078295,65,33,0.33999633482078295,0.31198521025680453,0.2839740856928261,0.12318137874776974,0.15119250331174816,0.17920362787572658,302,47,nan,nan,0,,True,True,elhigh-ellow
p0272,ellow-radnear-az135,elhigh-radfar-az045,0.471140126037508,0.7016811535345788,0.7263545389860288,0.2839740856928261,0.3517406582248309,65,24,0.3517406582248309,0.3178573719588285,0.2839740856928261,0.11939946781267707,0.15328275407867947,0.18716604034468187,271,68,nan,nan,0,,True,True,elhigh-ellow
p0273,ellow-radnear-az135,elhigh-radfar-az090,0.46652143929486783,0.6882716719425592,0.7147913726954813,0.2839740856928261,0.33715840306367034,65,39,0.33715840306367034,0.3105662443782482,0.2839740856928261,0.1293630362311975,0.15595519491661963,0.18254735360204172,295,54,nan,nan,0,,True,True,elhigh-ellow
p0274,ellow-radnear-az135,elhigh-radfar-az135,0.47049371122760786,0.6958436379210924,0.7222989137022634,0.2839740856928261,0.35443982782283306,65,22,0.35443982782283306,0.3192069567578296,0.2839740856928261,0.1160538834047748,0.15128675446977824,0.18651962553478174,301,52,nan,nan,0,,True,True,elhigh-ellow
p0275,ellow-radnear-az135,elhigh-radfar-az180,0.4710825566109903,0.6971033602108968,0.7215080194473775,0.2839740856928261,0.3435612602938729,65,29,0.3435612602938729,0.3137676729933495,0.2839740856928261,0.1275212963171174,0.1573148836176408,0.18710847091816418,295,58,nan,nan,0,,True,True,elhigh-ellow
p0276,ellow-radnear-az135,elhigh-radfar-az225,0.47703866474786305,0.701123211602752,0.7257611540148963,0.2839740856928261,0.3330930922222578,65,45,0.3330930922222578,0.30853358895754196,0.2839740856928261,0.14394557252560525,0.1685050757903211,0.19306457905503693,298,53,nan,nan,0,,True,True,elhigh-ellow
p0277,ellow-radnear-az135,elhigh-radfar-az270,0.46606083996620173,0.6896074600798282,0.7173690190493506,0.2839740856928261,0.3342499000230558,65,44,0.3342499000230558,0.309111992857941,0.2839740856928261,0.1318109399431459,0.15694884710826074,0.18208675427337562,292,56,nan,nan,0,,True,True,elhigh-ellow
p0278,ellow-radnear-az135,elhigh-radfar-az315,0.4601593067127198,0.6911083749626848,0.719187216777198,0.2839740856928261,0.3370014455332844,65,40,0.3370014455332844,0.31048776561305524,0.2839740856928261,0.12315786117943539,0.14967154109966457,0.1761852210198937,292,56,nan,nan,0,,True,True,elhigh-ellow
p0279,ellow-radnear-az180,ellow-radnear-az225,0.31829422028911336,0.5264507571283231,0.5771406674500389,0.29540226925164786,0.29327532500466835,60,61,0.29540226925164786,0.29433879712815814,0.29327532500466835,0.022891951037465497,0.023955423160955225,0.02501889528444501,274,61,nan,nan,0,,True,True,ellow-ellow
p0280,ellow-radnear-az180,ellow-radnear-az270,0.3176092810438225,0.5151827073399479,0.566126541413381,0.29540226925164786,0.2678192772347479,60,72,0.29540226925164786,0.2816107732431979,0.2678192772347479,0.022207011792174658,0.035998507800624635,0.04979000380907461,285,56,nan,nan,0,,True,True,ellow-ellow
p0281,ellow-radnear-az180,ellow-radnear-az315,0.32396201484910886,0.5360178150448096,0.5879096187613299,0.29540226925164786,0.27834927940285153,60,68,0.29540226925164786,0.2868757743272497,0.27834927940285153,0.028559745597460995,0.03708624052185916,0.045612735446257324,275,67,nan,nan,0,,True,True,ellow-ellow
p0282,ellow-radnear-az180,ellow-radmid-az000,0.32268023019768893,0.5235876200188314,0.5763854885574504,0.29540226925164786,0.31117612143053364,60,51,0.31117612143053364,0.3032891953410908,0.29540226925164786,0.011504108767155297,0.019391034856598155,0.02727796094604107,282,58,nan,nan,0,,True,True,ellow-ellow
p0283,ellow-radnear-az180,ellow-radmid-az045,0.29248501675516925,0.48304360892165715,0.5413466953460891,0.29540226925164786,0.30014263000222136,60,58,0.30014263000222136,0.2977724496269346,0.29540226925164786,-0.0076576132470521086,-0.005287432871765363,-0.0029172524964786173,278,56,nan,nan,0,,False,False,ellow-ellow
p0284,ellow-radnear-az180,ellow-radmid-az090,0.3335806584744594,0.5425642631750089,0.594093827424939,0.29540226925164786,0.29891069134571624,60,59,0.29891069134571624,0.297156480298682,0.29540226925164786,0.03466996712874315,0.036424178175777366,0.038178389222811526,282,57,nan,nan,0,,True,True,ellow-ellow
p0285,ellow-radnear-az180,ellow-radmid-az135,0.3053052690312351,0.5040357700936113,0.5496437484939107,0.29540226925164786,0.27777266742978585,60,69,0.29540226925164786,0.28658746834071686,0.27777266742978585,0.009902999779587252,0.01871780069051826,0.02753260160144927,281,60,nan,nan,0,,True,True,ellow-ellow
p0286,ellow-radnear-az180,ellow-radmid-az180,0.29474641932157847,0.47467049954156615,0.5231329290398204,0.29540226925164786,0.33089890701803604,60,47,0.33089890701803604,0.313150588134842,0.29540226925164786,-0.03615248769645757,-0.01840416881326351,-0.0006558499300693965,287,63,nan,nan,0,,False,False,ellow-ellow
p0287,ellow-radnear-az180,ellow-radmid-az225,0.3303346174180393,0.5417403015999942,0.5871628297939898,0.29540226925164786,0.3003457176956631,60,57,0.3003457176956631,0.2978739934736555,0.29540226925164786,0.029988899722376228,0.032460623944383815,0.03493234816639146,290,52,nan,nan,0,,True,True,ellow-ellow
p0288,ellow-radnear-az180,ellow-radmid-az270,0.33480010005349914,0.5490769872610671,0.5941157849583609,0.29540226925164786,0.31427159279864797,60,50,0.31427159279864797,0.3048369310251479,0.29540226925164786,0.02052850725485117,0.029963169028351222,0.039397830801851275,277,68,nan,nan,0,,True,True,ellow-ellow
p0289,ellow-radnear-az180,ellow-radmid-az315,0.3290926836041693,0.532504752497902,0.584448912459092,0.29540226925164786,0.2748397286931444,60,71,0.29540226925164786,0.2851209989723961,0.2748397286931444,0.03369041435252146,0.0439716846317732,0.05425295491102494,287,51,nan,nan,0,,True,True,ellow-ellow
p0290,ellow-radnear-az180,ellow-radfar-az000,0.3190363120359315,0.5274536716330869,0.5816050525623429,0.29540226925164786,0.2817460140742008,60,67,0.29540226925164786,0.28857414166292433,0.2817460140742008,0.02363404278428366,0.03046217037300719,0.03729029796173072,271,61,nan,nan,0,,True,True,ellow-ellow
p0291,ellow-radnear-az180,ellow-radfar-az045,0.31811840502721694,0.530620258991814,0.5810355988855217,0.29540226925164786,0.30519005759179973,60,55,0.30519005759179973,0.3002961634217238,0.29540226925164786,0.012928347435417209,0.017822241605493117,0.02271613577556908,283,66,nan,nan,0,,True,True,ellow-ellow
p0292,ellow-radnear-az180,ellow-radfar-az090,0.32802923896945474,0.5358024653583725,0.5867412529636687,0.29540226925164786,0.3072999780629998,60,54,0.3072999780629998,0.30135112365732386,0.29540226925164786,0.020729260906454938,0.02667811531213088,0.032626969717806875,275,68,nan,nan,0,,True,True,ellow-ellow
p0293,ellow-radnear-az180,ellow-radfar-az135,0.3181123292939627,0.5252940247100598,0.5738100188277891,0.29540226925164786,0.28205091366265594,60,66,0.29540226925164786,0.2887265914571519,0.28205091366265594,0.02271006004231485,0.02938573783681081,0.03606141563130677,280,55,nan,nan,0,,True,True,ellow-ellow
p0294,ellow-radnear-az180,ellow-radfar-az180,0.3058027122013693,0.5078147171834622,0.556640952300586,0.29540226925164786,0.3013082995025368,60,56,0.3013082995025368,0.29835528437709236,0.29540226925164786,0.004494412698832495,0.007447427824276931,0.010400442949721422,280,66,nan,nan,0,,True,True,ellow-ellow
p0295,ellow-radnear-az180,ellow-radfar-az225,0.30789929419580037,0.5096380855443683,0.5647463303266409,0.29540226925164786,0.28484504258501964,60,64,0.29540226925164786,0.2901236559183338,0.28484504258501964,0.012497024944152502,0.017775638277466588,0.02305425161078073,276,65,nan,nan,0,,True,True,ellow-ellow
p0296,ellow-radnear-az180,ellow-radfar-az270,0.33150839147784794,0.5425925976827185,0.5915009151522803,0.29540226925164786,0.30958469798239646,60,53,0.30958469798239646,0.30249348361702216,0.29540226925164786,0.02192369349545148,0.029014907860825778,0.03610612222620008,272,67,nan,nan,0,,True,True,ellow-ellow
p0297,ellow-radnear-az180,ellow-radfar-az315,0.31707597969412576,0.5215582761956189,0.5687378546070863,0.29540226925164786,0.27594677444659244,60,70,0.29540226925164786,0.2856745218491201,0.27594677444659244,0.0216737104424779,0.03140145784500564,0.04112920524753333,284,59,nan,nan,0,,True,True,ellow-ellow
p0298,ellow-radnear-az180,elmid-radnear-az000,0.4745051763289802,0.6970729385769562,0.722439741301626,0.29540226925164786,0.35517090007794966,60,20,0.35517090007794966,0.32528658466479876,0.29540226925164786,0.11933427625103055,0.14921859166418144,0.17910290707733234,283,67,nan,nan,0,,True,True,ellow-elmid
p0299,ellow-radnear-az180,elmid-radnear-az045,0.4738723216154215,0.7043978228806054,0.7288014451762175,0.29540226925164786,0.3542262604718849,60,23,0.3542262604718849,0.32481426486176634,0.29540226925164786,0.1196460611435366,0.14905805675365513,0.1784700523637736,273,66,nan,nan,0,,True,True,ellow-elmid
p0300,ellow-radnear-az180,elmid-radnear-az090,0.46461994879516905,0.6888711002351015,0.7161688178163343,0.29540226925164786,0.3373441618464497,60,37,0.3373441618464497,0.3163732155490488,0.29540226925164786,0.12727578694871933,0.14824673324612025,0.16921767954352118,285,55,nan,nan,0,,True,True,ellow-elmid
p0301,ellow-radnear-az180,elmid-radnear-az135,0.4619456267816396,0.6860751359855597,0.7123132596535365,0.29540226925164786,0.34220636476623056,60,31,0.34220636476623056,0.3188043170089392,0.29540226925164786,0.11973926201540902,0.1431413097727004,0.16654335752999172,277,51,nan,nan,0,,True,True,ellow-elmid
p0302,ellow-radnear-az180,elmid-radnear-az180,0.4644266714861233,0.6903580819773588,0.7176555373218697,0.29540226925164786,0.3511704098620124,60,25,0.3511704098620124,0.32328633955683017,0.29540226925164786,0.1132562616241109,0.14114033192929315,0.16902440223447546,279,60,nan,nan,0,,True,True,ellow-elmid
p0303,ellow-radnear-az180,elmid-radnear-az225,0.4704095329807962,0.6976715184482455,0.7243488244111813,0.29540226925164786,0.36478026048785717,60,17,0.36478026048785717,0.3300912648697525,0.29540226925164786,0.10562927249293902,0.1403182681110437,0.17500726372914832,281,65,nan,nan,0,,True,True,ellow-elmid
p0304,ellow-radnear-az180,elmid-radnear-az270,0.4647746231154929,0.6915433346802802,0.7184943342032549,0.29540226925164786,0.3473214946568377,60,26,0.3473214946568377,0.32136188195424276,0.29540226925164786,0.11745312845865519,0.14341274116125013,0.16937235386384503,269,59,nan,nan,0,,True,True,ellow-elmid
p0305,ellow-radnear-az180,elmid-radnear-az315,0.4566172084800179,0.6892265881264336,0.7170691205934996,0.29540226925164786,0.3398194147983978,60,34,0.3398194147983978,0.3176108420250228,0.29540226925164786,0.11679779368162013,0.1390063664549951,0.16121493922837005,277,61,nan,nan,0,,True,True,ellow-elmid
p0306,ellow-radnear-az180,elmid-radmid-az000,0.47995008122666494,0.711878247011198,0.7349325643158006,0.29540226925164786,0.40109184962731287,60,5,0.40109184962731287,0.34824705943948037,0.29540226925164786,0.07885823159935207,0.13170302178718457,0.18454781197501707,273,56,nan,nan,0,,True,True,ellow-elmid
p0307,ellow-radnear-az180,elmid-radmid-az045,0.4804736512702901,0.7084218348115804,0.7315641950741154,0.29540226925164786,0.41641372706811924,60,1,0.41641372706811924,0.35590799815988355,0.29540226925164786,0.06405992420217088,0.12456565311040657,0.18507138201864226,270,66,nan,nan,0,,True,True,ellow-elmid
p0308,ellow-radnear-az180,elmid-radmid-az090,0.4860439238627808,0.7086332791168212,0.7318777392339746,0.29540226925164786,0.39457841386323705,60,8,0.39457841386323705,0.34499034155744246,0.29540226925164786,0.09146550999954373,0.14105358230533832,0.19064165461113292,275,67,nan,nan,0,,True,True,ellow-elmid
p0309,ellow-radnear-az180,elmid-radmid-az135,0.47134513204112416,0.6941356576348986,0.7213924140190436,0.29540226925164786,0.3855787851950759,60,15,0.3855787851950759,0.34049052722336187,0.29540226925164786,0.08576634684604828,0.1308546048177623,0.1759428627894763,282,69,nan,nan,0,,True,True,ellow-elmid
p0310,ellow-radnear-az180,elmid-radmid-az180,0.4815719459651593,0.7073235346449405,0.731263299282448,0.29540226925164786,0.3920347270865256,60,10,0.3920347270865256,0.34371849816908673,0.29540226925164786,0.0895372188786337,0.13785344779607256,0.18616967671351142,284,56,nan,nan,0,,True,True,ellow-elmid
p0311,ellow-radnear-az180,elmid-radmid-az225,0.4857554438630219,0.7160759342064728,0.7399558912528287,0.29540226925164786,0.4035228167038699,60,2,0.4035228167038699,0.3494625429777589,0.29540226925164786,0.08223262715915197,0.13629290088526297,0.19035317461137402,286,63,nan,nan,0,,True,True,ellow-elmid
p0312,ellow-radnear-az180,elmid-radmid-az270,0.4804999864839329,0.7150462054246487,0.7385500135928643,0.29540226925164786,0.40315190191972006,60,3,0.40315190191972006,0.34927708558568393,0.29540226925164786,0.07734808456421283,0.13122290089824895,0.18509771723228502,273,58,nan,nan,0,,True,True,ellow-elmid
p0313,ellow-radnear-az180,elmid-radmid-az315,0.4755788845593127,0.7064194895946584,0.7346891569027506,0.29540226925164786,0.38855085122315813,60,13,0.38855085122315813,0.34197656023740297,0.29540226925164786,0.08702803333615455,0.13360232432190972,0.18017661530766482,281,61,nan,nan,0,,True,True,ellow-elmid
p0314,ellow-radnear-az180,elmid-radfar-az000,0.47781421425268533,0.7124427285670872,0.7391923486035102,0.29540226925164786,0.3883653697649618,60,14,0.3883653697649618,0.3418838195083048,0.29540226925164786,0.08944884448772356,0.1359303947443805,0.18241194500103747,284,60,nan,nan,0,,True,True,ellow-elmid
p0315,ellow-radnear-az180,elmid-radfar-az045,0.4782950302035457,0.7078329027948002,0.7340470878791795,0.29540226925164786,0.3904277067982496,60,12,0.3904277067982496,0.34291498802494874,0.29540226925164786,0.08786732340529607,0.13538004217859695,0.18289276095189783,274,67,nan,nan,0,,True,True,ellow-elmid
p0316,ellow-radnear-az180,elmid-radfar-az090,0.4785916056053328,0.7008417717575165,0.7266405581664427,0.29540226925164786,0.4031096513417022,60,4,0.4031096513417022,0.34925596029667505,0.29540226925164786,0.07548195426363064,0.12933564530865777,0.18318933635368495,274,68,nan,nan,0,,True,True,ellow-elmid
p0317,ellow-radnear-az180,elmid-radfar-az135,0.47116345994756,0.7013626766220024,0.727586607851746,0.29540226925164786,0.3906639225147944,60,11,0.3906639225147944,0.3430330958832212,0.29540226925164786,0.08049953743276556,0.1281303640643388,0.17576119069591212,281,59,nan,nan,0,,True,True,ellow-elmid
p0318,ellow-radnear-az180,elmid-radfar-az180,0.4766786605664478,0.7098007190073811,0.7352760060922756,0.29540226925164786,0.39775345373611054,60,7,0.39775345373611054,0.3465778614938792,0.29540226925164786,0.07892520683033727,0.1301007990725686,0.18127639131479995,286,59,nan,nan,0,,True,True,ellow-elmid
p0319,ellow-radnear-az180,elmid-radfar-az225,0.47576482454932945,0.7048883433800006,0.7320164540185294,0.29540226925164786,0.40094783670068784,60,6,0.40094783670068784,0.34817505297616785,0.29540226925164786,0.0748169878486416,0.1275897715731616,0.18036255529768158,268,67,nan,nan,0,,True,True,ellow-elmid
p0320,ellow-radnear-az180,elmid-radfar-az270,0.47331556217148535,0.707438845018485,0.7345828671484924,0.29540226925164786,0.39259913412484276,60,9,0.39259913412484276,0.3440007016882453,0.29540226925164786,0.08071642804664259,0.12931486048324004,0.17791329291983748,280,65,nan,nan,0,,True,True,ellow-elmid
p0321,ellow-radnear-az180,elmid-radfar-az315,0.4719939688259823,0.705683028217947,0.7332290398831659,0.29540226925164786,0.38032179073567957,60,16,0.38032179073567957,0.3378620299936637,0.29540226925164786,0.09167217809030276,0.1341319388323186,0.17659169957433446,283,62,nan,nan,0,,True,True,ellow-elmid
p0322,ellow-radnear-az180,elhigh-radnear-az000,0.4606608521694874,0.6908109190417902,0.7172651254501541,0.29540226925164786,0.3287976256874326,60,48,0.3287976256874326,0.31209994746954023,0.29540226925164786,0.13186322648205479,0.14856090469994715,0.1652585829178395,276,61,nan,nan,0,,True,True,elhigh-ellow
p0323,ellow-radnear-az180,elhigh-radnear-az045,0.472875578189407,0.6963013239360927,0.7196408240225537,0.29540226925164786,0.3372504425742561,60,38,0.3372504425742561,0.316326355912952,0.29540226925164786,0.13562513561515088,0.156549222276455,0.17747330893775914,287,61,nan,nan,0,,True,True,elhigh-ellow
p0324,ellow-radnear-az180,elhigh-radnear-az090,0.46554232067597895,0.6870264349073728,0.7146867836266161,0.29540226925164786,0.3417464009985519,60,32,0.3417464009985519,0.3185743351250999,0.29540226925164786,0.12379591967742704,0.14696798555087903,0.17014005142433108,276,67,nan,nan,0,,True,True,elhigh-ellow
p0325,ellow-radnear-az180,elhigh-radnear-az135,0.4612971609396022,0.6866424511659873,0.7132411328901509,0.29540226925164786,0.3320552452601486,60,46,0.3320552452601486,0.3137287572558982,0.29540226925164786,0.1292419156794536,0.147568403683704,0.16589489168795435,272,67,nan,nan,0,,True,True,elhigh-ellow
p0326,ellow-radnear-az180,elhigh-radnear-az180,0.4634857441723105,0.6897732107827315,0.717287712281642,0.29540226925164786,0.3395650145085634,60,35,0.3395650145085634,0.31748364188010564,0.29540226925164786,0.12392072966374706,0.14600210229220484,0.1680834749206626,281,59,nan,nan,0,,True,True,elhigh-ellow
p0327,ellow-radnear-az180,elhigh-radnear-az225,0.471892921171933,0.6960673189633506,0.7202190880386836,0.29540226925164786,0.3440784937220457,60,28,0.3440784937220457,0.3197403814868468,0.29540226925164786,0.1278144274498873,0.15215253968508619,0.17649065192028512,266,69,nan,nan,0,,True,True,elhigh-ellow
p0328,ellow-radnear-az180,elhigh-radnear-az270,0.4617206023380863,0.6923382838984752,0.7208253826405823,0.29540226925164786,0.3216859159930162,60,49,0.3216859159930162,0.30854409262233207,0.29540226925164786,0.1400346863450701,0.15317650971575425,0.16631833308643845,278,63,nan,nan,0,,True,True,elhigh-ellow
p0329,ellow-radnear-az180,elhigh-radnear-az315,0.4673243662365495,0.6942271287132702,0.7202427325704875,0.29540226925164786,0.3361849875189326,60,41,0.3361849875189326,0.31579362838529024,0.29540226925164786,0.13113937871761688,0.15153073785125926,0.17192209698490163,275,67,nan,nan,0,,True,True,elhigh-ellow
p0330,ellow-radnear-az180,elhigh-radmid-az000,0.4705155682466427,0.6999125671638048,0.7245184834184241,0.29540226925164786,0.3459669579749205,60,27,0.3459669579749205,0.32068461361328415,0.29540226925164786,0.1245486102717222,0.14983095463335855,0.17511329899499484,272,56,nan,nan,0,,True,True,elhigh-ellow
p0331,ellow-radnear-az180,elhigh-radmid-az045,0.47592970506492865,0.699748710570565,0.7245324176363988,0.29540226925164786,0.35969234721512794,60,18,0.35969234721512794,0.3275473082333879,0.29540226925164786,0.11623735784980072,0.14838239683154075,0.1805274358132808,282,59,nan,nan,0,,True,True,elhigh-ellow
p0332,ellow-radnear-az180,elhigh-radmid-az090,0.4756848755552608,0.7027605147527413,0.7277326982565596,0.29540226925164786,0.3545783681398182,60,21,0.3545783681398182,0.324990318695733,0.29540226925164786,0.1211065074154426,0.15069455685952776,0.18028260630361292,276,61,nan,nan,0,,True,True,elhigh-ellow
p0333,ellow-radnear-az180,elhigh-radmid-az135,0.4655409014939967,0.6931485586805461,0.7187902906236772,0.29540226925164786,0.3434079473811069,60,30,0.3434079473811069,0.31940510831637736,0.29540226925164786,0.12213295411288977,0.14613579317761932,0.17013863224234882,276,65,nan,nan,0,,True,True,elhigh-ellow
p0334,ellow-radnear-az180,elhigh-radmid-az180,0.47011502434327485,0.6988110777286025,0.7250513277062239,0.29540226925164786,0.35560303382831304,60,19,0.35560303382831304,0.3255026515399805,0.29540226925164786,0.1145119905149618,0.14461237280329436,0.17471275509162698,271,70,nan,nan,0,,True,True,elhigh-ellow
p0335,ellow-radnear-az180,elhigh-radmid-az225,0.47494379942597575,0.7026225161382482,0.728341482458485,0.29540226925164786,0.33765850732244423,60,36,0.33765850732244423,0.31653038828704605,0.29540226925164786,0.13728529210353152,0.1584134111389297,0.1795415301743279,265,70,nan,nan,0,,True,True,elhigh-ellow
p0336,ellow-radnear-az180,elhigh-radmid-az270,0.47365817030789065,0.6993305697755778,0.7273866244632732,0.29540226925164786,0.33467761382312017,60,43,0.33467761382312017,0.315039941537384,0.29540226925164786,0.13898055648477048,0.15861822877050663,0.17825590105624278,282,62,nan,nan,0,,True,True,elhigh-ellow
p0337,ellow-radnear-az180,elhigh-radmid-az315,0.4658868924862808,0.6942234967971873,0.7229498143343069,0.29540226925164786,0.3357774895562401,60,42,0.3357774895562401,0.315589879403944,0.29540226925164786,0.1301094029300407,0.15029701308233678,0.17048462323463293,285,62,nan,nan,0,,True,True,elhigh-ellow
p0338,ellow-radnear-az180,elhigh-radfar-az000,0.4747760036710894,0.7048915692533759,0.7314600150722739,0.29540226925164786,0.33999633482078295,60,33,0.33999633482078295,0.31769930203621544,0.29540226925164786,0.13477966885030646,0.15707670163487397,0.17937373441944154,289,53,nan,nan,0,,True,True,elhigh-ellow
p0339,ellow-radnear-az180,elhigh-radfar-az045,0.47767678183852263,0.7033794667132012,0.7306278776150416,0.29540226925164786,0.3517406582248309,60,24,0.3517406582248309,0.3235714637382394,0.29540226925164786,0.12593612361369172,0.15410531810028322,0.18227451258687477,258,74,nan,nan,0,,True,True,elhigh-ellow
p0340,ellow-radnear-az180,elhigh-radfar-az090,0.4795414049015432,0.7051505359979359,0.7301836360000848,0.29540226925164786,0.33715840306367034,60,39,0.33715840306367034,0.3162803361576591,0.29540226925164786,0.14238300183787284,0.16326106874388407,0.1841391356498953,282,60,nan,nan,0,,True,True,elhigh-ellow
p0341,ellow-radnear-az180,elhigh-radfar-az135,0.4654911941742443,0.6930513671852123,0.7202752844810828,0.29540226925164786,0.35443982782283306,60,22,0.35443982782283306,0.32492104853724046,0.29540226925164786,0.11105136635141122,0.14057014563700382,0.17008892492259642,288,58,nan,nan,0,,True,True,elhigh-ellow
p0342,ellow-radnear-az180,elhigh-radfar-az180,0.47993074076648173,0.7045487162972061,0.7313098047993924,0.29540226925164786,0.3435612602938729,60,29,0.3435612602938729,0.31948176477276036,0.29540226925164786,0.13636948047260883,0.16044897599372138,0.18452847151483387,282,64,nan,nan,0,,True,True,elhigh-ellow
p0343,ellow-radnear-az180,elhigh-radfar-az225,0.4785456740980997,0.7008040469894963,0.7277378127998159,0.29540226925164786,0.3330930922222578,60,45,0.3330930922222578,0.31424768073695286,0.29540226925164786,0.14545258187584192,0.16429799336114687,0.18314340484645186,285,59,nan,nan,0,,True,True,elhigh-ellow
p0344,ellow-radnear-az180,elhigh-radfar-az270,0.46683292441286917,0.7025062985359543,0.7308183585050022,0.29540226925164786,0.3342499000230558,60,44,0.3342499000230558,0.31482608463735184,0.29540226925164786,0.13258302438981334,0.15200683977551732,0.1714306551612213,279,62,nan,nan,0,,True,True,elhigh-ellow
p0345,ellow-radnear-az180,elhigh-radfar-az315,0.47184229685092416,0.703183296039263,0.731741748562942,0.29540226925164786,0.3370014455332844,60,40,0.3370014455332844,0.31620185739246615,0.29540226925164786,0.13484085131763973,0.155640439458458,0.1764400275992763,279,62,nan,nan,0,,True,True,elhigh-ellow
p0346,ellow-radnear-az225,ellow-radnear-az270,0.29545791024128554,0.4839533601780667,0.5390614667152023,0.29327532500466835,0.2678192772347479,61,72,0.29327532500466835,0.28054730111970816,0.2678192772347479,0.002182585236617185,0.014910609121577378,0.027638633006537627,289,55,nan,nan,0,,True,True,ellow-ellow
p0347,ellow-radnear-az225,ellow-radnear-az315,0.31225743137393425,0.5270503419090907,0.5796812967431813,0.29327532500466835,0.27834927940285153,61,68,0.29327532500466835,0.28581230220375997,0.27834927940285153,0.018982106369265894,0.026445129170174275,0.03390815197108271,279,66,nan,nan,0,,True,True,ellow-ellow
p0348,ellow-radnear-az225,ellow-radmid-az000,0.32330817875609996,0.5251163396374662,0.576633107901745,0.29327532500466835,0.31117612143053364,61,51,0.31117612143053364,0.302225723217601,0.29327532500466835,0.012132057325566326,0.021082455538498968,0.03003285375143161,286,57,nan,nan,0,,True,True,ellow-ellow
p0349,ellow-radnear-az225,ellow-radmid-az045,0.32224621579489837,0.5291514070936758,0.5816293866856829,0.29327532500466835,0.30014263000222136,61,58,0.30014263000222136,0.2967089775034448,0.29327532500466835,0.022103585792677016,0.025537238291453546,0.02897089079023002,282,55,nan,nan,0,,True,True,ellow-ellow
p0350,ellow-radnear-az225,ellow-radmid-az090,0.3004168618072893,0.5003482622829345,0.5527533752766774,0.29327532500466835,0.29891069134571624,61,59,0.29891069134571624,0.2960930081751923,0.29327532500466835,0.0015061704615730864,0.00432385363209703,0.007141536802620974,286,56,nan,nan,0,,True,True,ellow-ellow
p0351,ellow-radnear-az225,ellow-radmid-az135,0.3079232592605707,0.5143139996449908,0.5656417572382585,0.29327532500466835,0.27777266742978585,61,69,0.29327532500466835,0.2855239962172271,0.27777266742978585,0.014647934255902328,0.022399263043343554,0.030150591830784834,285,59,nan,nan,0,,True,True,ellow-ellow
p0352,ellow-radnear-az225,ellow-radmid-az180,0.32658887671382697,0.5370463783645317,0.5896161690838948,0.29327532500466835,0.33089890701803604,61,47,0.33089890701803604,0.3120871160113522,0.29327532500466835,-0.004310030304209067,0.014501760702474775,0.03331355170915862,291,62,nan,nan,0,,False,True,ellow-ellow
p0353,ellow-radnear-az225,ellow-radmid-az225,0.30761348571676167,0.5155746769678472,0.5630400057174252,0.29327532500466835,0.3003457176956631,61,57,0.3003457176956631,0.2968105213501657,0.29327532500466835,0.007267768021098575,0.010802964366595946,0.014338160712093317,294,51,nan,nan,0,,True,True,ellow-ellow
p0354,ellow-radnear-az225,ellow-radmid-az270,0.31806849489672184,0.5229975192807389,0.5768338433566993,0.29327532500466835,0.31427159279864797,61,50,0.31427159279864797,0.3037734589016582,0.29327532500466835,0.0037969020980738732,0.014295035995063654,0.02479316989205349,281,67,nan,nan,0,,True,True,ellow-ellow
p0355,ellow-radnear-az225,ellow-radmid-az315,0.3240593801270072,0.5342628134100431,0.5861825218425434,0.29327532500466835,0.2748397286931444,61,71,0.29327532500466835,0.2840575268489064,0.2748397286931444,0.030784055122338838,0.040001853278100796,0.04921965143386281,291,50,nan,nan,0,,True,True,ellow-ellow
p0356,ellow-radnear-az225,ellow-radfar-az000,0.31510591865120485,0.5240686162709901,0.5767512129015526,0.29327532500466835,0.2817460140742008,61,67,0.29327532500466835,0.2875106695394346,0.2817460140742008,0.0218305936465365,0.027595249111770248,0.03335990457700405,275,60,nan,nan,0,,True,True,ellow-ellow
p0357,ellow-radnear-az225,ellow-radfar-az045,0.31367546395514484,0.5254353773644763,0.5735531129844692,0.29327532500466835,0.30519005759179973,61,55,0.30519005759179973,0.29923269129823404,0.29327532500466835,0.008485406363345105,0.014442772656910796,0.020400138950476487,287,65,nan,nan,0,,True,True,ellow-ellow
p0358,ellow-radnear-az225,ellow-radfar-az090,0.31956711646413,0.5291369641691895,0.5798072273104,0.29327532500466835,0.3072999780629998,61,54,0.3072999780629998,0.3002876515338341,0.29327532500466835,0.012267138401130195,0.01927946493029592,0.026291791459461644,279,67,nan,nan,0,,True,True,ellow-ellow
p0359,ellow-radnear-az225,ellow-radfar-az135,0.3139996596934048,0.5195137070652028,0.5704919774828604,0.29327532500466835,0.28205091366265594,61,66,0.29327532500466835,0.2876631193336622,0.28205091366265594,0.020724334688736468,0.026336540359742644,0.031948746030748876,284,54,nan,nan,0,,True,True,ellow-ellow
p0360,ellow-radnear-az225,ellow-radfar-az180,0.30568500121965775,0.5083352515208194,0.5575137271670142,0.29327532500466835,0.3013082995025368,61,56,0.3013082995025368,0.29729181225360257,0.29327532500466835,0.004376701717120957,0.008393188966055176,0.012409676214989396,284,65,nan,nan,0,,True,True,ellow-ellow
p0361,ellow-radnear-az225,ellow-radfar-az225,0.30328928345682926,0.5159294798421235,0.5663287910085745,0.29327532500466835,0.28484504258501964,61,64,0.29327532500466835,0.289060183794844,0.28484504258501964,0.01001395845216091,0.014229099661985267,0.018444240871809625,280,64,nan,nan,0,,True,True,ellow-ellow
p0362,ellow-radnear-az225,ellow-radfar-az270,0.31350578052743666,0.5201661283026834,0.5734691518442475,0.29327532500466835,0.30958469798239646,61,53,0.30958469798239646,0.30143001149353243,0.29327532500466835,0.0039210825450402,0.012075769033904227,0.02023045552276831,276,66,nan,nan,0,,True,True,ellow-ellow
p0363,ellow-radnear-az225,ellow-radfar-az315,0.3231715413713268,0.5339094642663427,0.5795296923857836,0.29327532500466835,0.27594677444659244,61,70,0.29327532500466835,0.2846110497256304,0.27594677444659244,0.029896216366658457,0.038560491645696415,0.047224766924734374,288,58,nan,nan,0,,True,True,ellow-ellow
p0364,ellow-radnear-az225,elmid-radnear-az000,0.4702928920025803,0.6972795887316652,0.7245982576206995,0.29327532500466835,0.35517090007794966,61,20,0.35517090007794966,0.324223112541309,0.29327532500466835,0.11512199192463063,0.1460697794612713,0.17701756699791193,287,66,nan,nan,0,,True,True,ellow-elmid
p0365,ellow-radnear-az225,elmid-radnear-az045,0.4673270569795675,0.6957548655688127,0.7232345805038732,0.29327532500466835,0.3542262604718849,61,23,0.3542262604718849,0.3237507927382766,0.29327532500466835,0.11310079650768262,0.14357626424129089,0.17405173197489915,277,65,nan,nan,0,,True,True,ellow-elmid
p0366,ellow-radnear-az225,elmid-radnear-az090,0.4655934941755483,0.6950149260922605,0.7221350860149431,0.29327532500466835,0.3373441618464497,61,37,0.3373441618464497,0.31530974342555906,0.29327532500466835,0.12824933232909858,0.15028375074998923,0.17231816917087994,289,54,nan,nan,0,,True,True,ellow-elmid
p0367,ellow-radnear-az225,elmid-radnear-az135,0.46441354835022786,0.6912110000944272,0.7184132920615376,0.29327532500466835,0.34220636476623056,61,31,0.34220636476623056,0.31774084488544946,0.29327532500466835,0.12220718358399729,0.1466727034647784,0.1711382233455595,281,50,nan,nan,0,,True,True,ellow-elmid
p0368,ellow-radnear-az225,elmid-radnear-az180,0.4668668645287806,0.6939217151371408,0.7221761408860086,0.29327532500466835,0.3511704098620124,61,25,0.3511704098620124,0.3222228674333404,0.29327532500466835,0.1156964546667682,0.14464399709544024,0.17359153952411227,283,59,nan,nan,0,,True,True,ellow-elmid
p0369,ellow-radnear-az225,elmid-radnear-az225,0.47029845286396166,0.7019434063113428,0.7290400640857013,0.29327532500466835,0.36478026048785717,61,17,0.36478026048785717,0.32902779274626276,0.29327532500466835,0.10551819237610449,0.1412706601176989,0.1770231278592933,285,64,nan,nan,0,,True,True,ellow-elmid
p0370,ellow-radnear-az225,elmid-radnear-az270,0.4668766254115325,0.697385793999535,0.7253411663251634,0.29327532500466835,0.3473214946568377,61,26,0.3473214946568377,0.32029840983075303,0.29327532500466835,0.11955513075469482,0.1465782155807795,0.17360130040686417,273,58,nan,nan,0,,True,True,ellow-elmid
p0371,ellow-radnear-az225,elmid-radnear-az315,0.45957121673887136,0.6936623314939041,0.722514040616302,0.29327532500466835,0.3398194147983978,61,34,0.3398194147983978,0.3165473699015331,0.29327532500466835,0.11975180194047358,0.14302384683733826,0.166295891734203,281,60,nan,nan,0,,True,True,ellow-elmid
p0372,ellow-radnear-az225,elmid-radmid-az000,0.4761558433537294,0.714477010566956,0.7416201498052694,0.29327532500466835,0.40109184962731287,61,5,0.40109184962731287,0.34718358731599064,0.29327532500466835,0.07506399372641653,0.12897225603773876,0.18288051834906105,277,55,nan,nan,0,,True,True,ellow-elmid
p0373,ellow-radnear-az225,elmid-radmid-az045,0.481279885220475,0.7094090626698064,0.7359350515699983,0.29327532500466835,0.41641372706811924,61,1,0.41641372706811924,0.3548445260363938,0.29327532500466835,0.06486615815235575,0.12643535918408116,0.18800456021580664,274,65,nan,nan,0,,True,True,ellow-elmid
p0374,ellow-radnear-az225,elmid-radmid-az090,0.48037336077534,0.7062451610182943,0.7353983298344315,0.29327532500466835,0.39457841386323705,61,8,0.39457841386323705,0.3439268694339527,0.29327532500466835,0.08579494691210293,0.1364464913413873,0.18709803577067163,279,66,nan,nan,0,,True,True,ellow-elmid
p0375,ellow-radnear-az225,elmid-radmid-az135,0.47440270894130077,0.7031163255633742,0.7277560344254226,0.29327532500466835,0.3855787851950759,61,15,0.3855787851950759,0.33942705509987214,0.29327532500466835,0.08882392374622489,0.13497565384142862,0.1811273839366324,286,68,nan,nan,0,,True,True,ellow-elmid
p0376,ellow-radnear-az225,elmid-radmid-az180,0.4771819010202809,0.7070113173318803,0.7327110643340916,0.29327532500466835,0.3920347270865256,61,10,0.3920347270865256,0.34265502604559694,0.29327532500466835,0.08514717393375532,0.13452687497468396,0.18390657601561256,288,55,nan,nan,0,,True,True,ellow-elmid
p0377,ellow-radnear-az225,elmid-radmid-az225,0.4847827563396486,0.7189621177482594,0.7442047466905833,0.29327532500466835,0.4035228167038699,61,2,0.4035228167038699,0.34839907085426913,0.29327532500466835,0.08125993963577871,0.1363836854853795,0.19150743133498027,290,62,nan,nan,0,,True,True,ellow-elmid
p0378,ellow-radnear-az225,elmid-radmid-az270,0.47926991377819533,0.7160242988659289,0.7406576544295889,0.29327532500466835,0.40315190191972006,61,3,0.40315190191972006,0.3482136134621942,0.29327532500466835,0.07611801185847528,0.13105630031600113,0.18599458877352698,277,57,nan,nan,0,,True,True,ellow-elmid
p0379,ellow-radnear-az225,elmid-radmid-az315,0.46871989437130424,0.7051286619663133,0.7345629669109199,0.29327532500466835,0.38855085122315813,61,13,0.38855085122315813,0.34091308811391324,0.29327532500466835,0.0801690431481461,0.127806806257391,0.17544456936663588,285,60,nan,nan,0,,True,True,ellow-elmid
p0380,ellow-radnear-az225,elmid-radfar-az000,0.4760380374184017,0.7127957649748927,0.7394929263949421,0.29327532500466835,0.3883653697649618,61,14,0.3883653697649618,0.34082034738481504,0.29327532500466835,0.08767266765343995,0.1352176900335867,0.18276271241373337,288,59,nan,nan,0,,True,True,ellow-elmid
p0381,ellow-radnear-az225,elmid-radfar-az045,0.48215856481400465,0.7170223193373836,0.7432820040061147,0.29327532500466835,0.3904277067982496,61,12,0.3904277067982496,0.341851515901459,0.29327532500466835,0.09173085801575503,0.14030704891254564,0.1888832398093363,278,66,nan,nan,0,,True,True,ellow-elmid
p0382,ellow-radnear-az225,elmid-radfar-az090,0.47712649273328983,0.7102462708487941,0.7389591855386594,0.29327532500466835,0.4031096513417022,61,4,0.4031096513417022,0.34819248817318527,0.29327532500466835,0.07401684139158765,0.12893400456010456,0.18385116772862148,278,67,nan,nan,0,,True,True,ellow-elmid
p0383,ellow-radnear-az225,elmid-radfar-az135,0.4742564864926938,0.7098000024332373,0.7371735793143758,0.29327532500466835,0.3906639225147944,61,11,0.3906639225147944,0.3419696237597314,0.29327532500466835,0.08359256397789938,0.13228686273296242,0.18098116148802545,285,58,nan,nan,0,,True,True,ellow-elmid
p0384,ellow-radnear-az225,elmid-radfar-az180,0.4792682152630065,0.7131594784475906,0.7399751698957929,0.29327532500466835,0.39775345373611054,61,7,0.39775345373611054,0.3455143893703895,0.29327532500466835,0.08151476152689596,0.13375382589261703,0.18599289025833815,290,58,nan,nan,0,,True,True,ellow-elmid
p0385,ellow-radnear-az225,elmid-radfar-az225,0.47037359210927115,0.702531855725756,0.7307327458683338,0.29327532500466835,0.40094783670068784,61,6,0.40094783670068784,0.3471115808526781,0.29327532500466835,0.06942575540858331,0.12326201125659303,0.1770982671046028,272,66,nan,nan,0,,True,True,ellow-elmid
p0386,ellow-radnear-az225,elmid-radfar-az270,0.46722403952923064,0.7084483396188734,0.7376250769122189,0.29327532500466835,0.39259913412484276,61,9,0.39259913412484276,0.3429372295647556,0.29327532500466835,0.07462490540438788,0.12428680996447505,0.1739487145245623,284,64,nan,nan,0,,True,True,ellow-elmid
p0387,ellow-radnear-az225,elmid-radfar-az315,0.467366497296011,0.7043248935276893,0.7333186668262314,0.29327532500466835,0.38032179073567957,61,16,0.38032179073567957,0.336798557870174,0.29327532500466835,0.08704470656033142,0.130567939425837,0.17409117229134263,287,61,nan,nan,0,,True,True,ellow-elmid
p0388,ellow-radnear-az225,elhigh-radnear-az000,0.45966317855038213,0.693307809378657,0.7219206684627886,0.29327532500466835,0.3287976256874326,61,48,0.3287976256874326,0.3110364753460505,0.29327532500466835,0.13086555286294954,0.14862670320433163,0.16638785354571378,280,60,nan,nan,0,,True,True,elhigh-ellow
p0389,ellow-radnear-az225,elhigh-radnear-az045,0.46017337722423374,0.6898220115964054,0.7180453400006932,0.29327532500466835,0.3372504425742561,61,38,0.3372504425742561,0.3152628837894622,0.29327532500466835,0.12292293464997761,0.14491049343477153,0.16689805221956538,291,60,nan,nan,0,,True,True,elhigh-ellow
p0390,ellow-radnear-az225,elhigh-radnear-az090,0.46135020133064847,0.6914868878654389,0.7184978581631138,0.29327532500466835,0.3417464009985519,61,32,0.3417464009985519,0.31751086300161013,0.29327532500466835,0.11960380033209655,0.14383933832903834,0.16807487632598012,280,66,nan,nan,0,,True,True,elhigh-ellow
p0391,ellow-radnear-az225,elhigh-radnear-az135,0.45673463202490705,0.6872886427363959,0.7159146535099248,0.29327532500466835,0.3320552452601486,61,46,0.3320552452601486,0.3126652851324085,0.29327532500466835,0.12467938676475843,0.14406934689249856,0.1634593070202387,276,66,nan,nan,0,,True,True,elhigh-ellow
p0392,ellow-radnear-az225,elhigh-radnear-az180,0.462876062306289,0.6923681587082676,0.7194305918006041,0.29327532500466835,0.3395650145085634,61,35,0.3395650145085634,0.3164201697566159,0.29327532500466835,0.12331104779772561,0.14645589254967312,0.16960073730162067,285,58,nan,nan,0,,True,True,elhigh-ellow
p0393,ellow-radnear-az225,elhigh-radnear-az225,0.467341459916563,0.6976650613943097,0.7238735042960789,0.29327532500466835,0.3440784937220457,61,28,0.3440784937220457,0.318676909363357,0.29327532500466835,0.12326296619451732,0.148664550553206,0.17406613491189465,270,68,nan,nan,0,,True,True,elhigh-ellow
p0394,ellow-radnear-az225,elhigh-radnear-az270,0.4575719567996197,0.6865444901267145,0.718563981772336,0.29327532500466835,0.3216859159930162,61,49,0.3216859159930162,0.3074806204988423,0.29327532500466835,0.1358860408066035,0.15009133630077742,0.16429663179495135,282,62,nan,nan,0,,True,True,elhigh-ellow
p0395,ellow-radnear-az225,elhigh-radnear-az315,0.4534925845357994,0.6890365198723214,0.7162170862221275,0.29327532500466835,0.3361849875189326,61,41,0.3361849875189326,0.31473015626180045,0.29327532500466835,0.11730759701686677,0.13876242827399893,0.16021725953113103,279,66,nan,nan,0,,True,True,elhigh-ellow
p0396,ellow-radnear-az225,elhigh-radmid-az000,0.476735467551412,0.702682651434243,0.7299690276385179,0.29327532500466835,0.3459669579749205,61,27,0.3459669579749205,0.3196211414897944,0.29327532500466835,0.1307685095764915,0.15711432606161757,0.18346014254674364,276,55,nan,nan,0,,True,True,elhigh-ellow
p0397,ellow-radnear-az225,elhigh-radmid-az045,0.4706888513922486,0.699308661463705,0.7262990967560695,0.29327532500466835,0.35969234721512794,61,18,0.35969234721512794,0.3264838361098982,0.29327532500466835,0.11099650417712065,0.1442050152823504,0.17741352638758023,286,58,nan,nan,0,,True,True,elhigh-ellow
p0398,ellow-radnear-az225,elhigh-radmid-az090,0.4729651933968138,0.703264481060294,0.7304056400398619,0.29327532500466835,0.3545783681398182,61,21,0.3545783681398182,0.32392684657224324,0.29327532500466835,0.11838682525699562,0.14903834682457057,0.17968986839214546,280,60,nan,nan,0,,True,True,elhigh-ellow
p0399,ellow-radnear-az225,elhigh-radmid-az135,0.47296438676707664,0.7026140180183904,0.7301290679670582,0.29327532500466835,0.3434079473811069,61,30,0.3434079473811069,0.31834163619288763,0.29327532500466835,0.12955643938596972,0.154622750574189,0.1796890617624083,280,64,nan,nan,0,,True,True,elhigh-ellow
p0400,ellow-radnear-az225,elhigh-radmid-az180,0.47537450102680906,0.7034557935482909,0.7314567001270458,0.29327532500466835,0.35560303382831304,61,19,0.35560303382831304,0.3244391794164907,0.29327532500466835,0.11977146719849602,0.15093532161031836,0.1820991760221407,275,69,nan,nan,0,,True,True,elhigh-ellow
p0401,ellow-radnear-az225,elhigh-radmid-az225,0.4658117524152145,0.6976778452341231,0.7252254643984161,0.29327532500466835,0.33765850732244423,61,36,0.33765850732244423,0.31546691616355627,0.29327532500466835,0.12815324509277026,0.15034483625165823,0.17253642741054614,269,69,nan,nan,0,,True,True,elhigh-ellow
p0402,ellow-radnear-az225,elhigh-radmid-az270,0.4690729927364702,0.6987121894278591,0.7296566012739634,0.29327532500466835,0.33467761382312017,61,43,0.33467761382312017,0.31397646941389423,0.29327532500466835,0.13439537891335002,0.15509652332257595,0.17579766773180183,286,61,nan,nan,0,,True,True,elhigh-ellow
p0403,ellow-radnear-az225,elhigh-radmid-az315,0.4520054698212815,0.6914064421962127,0.7239215141090343,0.29327532500466835,0.3357774895562401,61,42,0.3357774895562401,0.3145264072804542,0.29327532500466835,0.11622798026504139,0.13747906254082726,0.15873014481661313,289,61,nan,nan,0,,True,True,elhigh-ellow
p0404,ellow-radnear-az225,elhigh-radfar-az000,0.47354986351296213,0.7041961171636272,0.7314368850497717,0.29327532500466835,0.33999633482078295,61,33,0.33999633482078295,0.31663582991272565,0.29327532500466835,0.13355352869217918,0.15691403360023648,0.18027453850829378,293,52,nan,nan,0,,True,True,elhigh-ellow
p0405,ellow-radnear-az225,elhigh-radfar-az045,0.47793018853604113,0.7107288103025438,0.7368257292718733,0.29327532500466835,0.3517406582248309,61,24,0.3517406582248309,0.32250799161474963,0.29327532500466835,0.12618953031121022,0.1554221969212915,0.18465486353137278,262,73,nan,nan,0,,True,True,elhigh-ellow
p0406,ellow-radnear-az225,elhigh-radfar-az090,0.47298787233393486,0.7041943848362233,0.730051751453317,0.29327532500466835,0.33715840306367034,61,39,0.33715840306367034,0.3152168640341694,0.29327532500466835,0.1358294692702645,0.15777100829976548,0.1797125473292665,286,59,nan,nan,0,,True,True,elhigh-ellow
p0407,ellow-radnear-az225,elhigh-radfar-az135,0.4687807681604142,0.7002821284795434,0.727248735238327,0.29327532500466835,0.35443982782283306,61,22,0.35443982782283306,0.3238575764137507,0.29327532500466835,0.11434094033758113,0.14492319174666352,0.17550544315574584,292,57,nan,nan,0,,True,True,elhigh-ellow
p0408,ellow-radnear-az225,elhigh-radfar-az180,0.4770332949475678,0.7088668265052827,0.736688733540661,0.29327532500466835,0.3435612602938729,61,29,0.3435612602938729,0.31841829264927063,0.29327532500466835,0.1334720346536949,0.15861500229829717,0.18375796994289945,286,63,nan,nan,0,,True,True,elhigh-ellow
p0409,ellow-radnear-az225,elhigh-radfar-az225,0.47641905196760537,0.706888001595784,0.7336116351849993,0.29327532500466835,0.3330930922222578,61,45,0.3330930922222578,0.3131842086134631,0.29327532500466835,0.14332595974534756,0.1632348433541423,0.18314372696293701,289,58,nan,nan,0,,True,True,elhigh-ellow
p0410,ellow-radnear-az225,elhigh-radfar-az270,0.47038676644976596,0.7030320731361511,0.732722600351911,0.29327532500466835,0.3342499000230558,61,44,0.3342499000230558,0.31376261251386206,0.29327532500466835,0.13613686642671013,0.1566241539359039,0.1771114414450976,283,61,nan,nan,0,,True,True,elhigh-ellow
p0411,ellow-radnear-az225,elhigh-radfar-az315,0.46435185473168783,0.6983736588105174,0.7262985220426068,0.29327532500466835,0.3370014455332844,61,40,0.3370014455332844,0.3151383852689764,0.29327532500466835,0.1273504091984034,0.1492134694627114,0.17107652972701948,283,61,nan,nan,0,,True,True,elhigh-ellow
p0412,ellow-radnear-az270,ellow-radnear-az315,0.29293050176716323,0.4813612338332861,0.5373853600895457,0.2678192772347479,0.27834927940285153,72,68,0.27834927940285153,0.2730842783187997,0.2678192772347479,0.014581222364311697,0.01984622344836351,0.02511122453241532,290,61,nan,nan,0,,True,True,ellow-ellow
p0413,ellow-radnear-az270,ellow-radmid-az000,0.3143750756325264,0.5045360156480428,0.5571917627572288,0.2678192772347479,0.31117612143053364,72,51,0.31117612143053364,0.2894976993326408,0.2678192772347479,0.0031989542019927875,0.024877376299885623,0.046555798397778514,297,52,nan,nan,0,,True,True,ellow-ellow
p0414,ellow-radnear-az270,ellow-radmid-az045,0.3289335309058359,0.5292118758776686,0.5830002207100564,0.2678192772347479,0.30014263000222136,72,58,0.30014263000222136,0.28398095361848463,0.2678192772347479,0.028790900903614525,0.04495257728735125,0.06111425367108797,293,50,nan,nan,0,,True,True,ellow-ellow
p0415,ellow-radnear-az270,ellow-radmid-az090,0.2942234453539944,0.482228529223937,0.539251106106367,0.2678192772347479,0.29891069134571624,72,59,0.29891069134571624,0.28336498429023205,0.2678192772347479,-0.004687245991721822,0.01085846106376237,0.026404168119246507,297,51,nan,nan,0,,False,True,ellow-ellow
p0416,ellow-radnear-az270,ellow-radmid-az135,0.3163272559063125,0.5135125738525051,0.563528516963932,0.2678192772347479,0.27777266742978585,72,69,0.27777266742978585,0.2727959723322669,0.2678192772347479,0.03855458847652665,0.04353128357404562,0.04850797867156459,296,54,nan,nan,0,,True,True,ellow-ellow
p0417,ellow-radnear-az270,ellow-radmid-az180,0.3097535915091673,0.5084262701031184,0.5592581842328432,0.2678192772347479,0.33089890701803604,72,47,0.33089890701803604,0.299359092126392,0.2678192772347479,-0.021145315508868723,0.010394499382775313,0.041934314274419404,302,57,nan,nan,0,,False,True,ellow-ellow
p0418,ellow-radnear-az270,ellow-radmid-az225,0.3182007398449873,0.5193019286188525,0.571330675993645,0.2678192772347479,0.3003457176956631,72,57,0.3003457176956631,0.28408249746520553,0.2678192772347479,0.017855022149324218,0.03411824237978178,0.0503814626102394,305,46,nan,nan,0,,True,True,ellow-ellow
p0419,ellow-radnear-az270,ellow-radmid-az270,0.28547052790218724,0.47961330150580384,0.535064936969767,0.2678192772347479,0.31427159279864797,72,50,0.31427159279864797,0.29104543501669794,0.2678192772347479,-0.028801064896460726,-0.0055749071145106965,0.017651250667439333,292,62,nan,nan,0,,False,False,ellow-ellow
p0420,ellow-radnear-az270,ellow-radmid-az315,0.30170655033730526,0.4890037851126072,0.5390766866316372,0.2678192772347479,0.2748397286931444,72,71,0.2748397286931444,0.27132950296394615,0.2678192772347479,0.026866821644160876,0.030377047373359112,0.03388727310255735,302,45,nan,nan,0,,True,True,ellow-ellow
p0421,ellow-radnear-az270,ellow-radfar-az000,0.30002198343307546,0.49780448728893606,0.5538330821803519,0.2678192772347479,0.2817460140742008,72,67,0.2817460140742008,0.27478264565447436,0.2678192772347479,0.018275969358874655,0.0252393377786011,0.032202706198327546,286,55,nan,nan,0,,True,True,ellow-ellow
p0422,ellow-radnear-az270,ellow-radfar-az045,0.3220564761244898,0.5280294909004863,0.5804197792725079,0.2678192772347479,0.30519005759179973,72,55,0.30519005759179973,0.28650466741327385,0.2678192772347479,0.016866418532690053,0.03555180871121594,0.05423719888974188,298,60,nan,nan,0,,True,True,ellow-ellow
p0423,ellow-radnear-az270,ellow-radfar-az090,0.27258003099156686,0.44794852201332663,0.4993577332406621,0.2678192772347479,0.3072999780629998,72,54,0.3072999780629998,0.2875596276488739,0.2678192772347479,-0.034719947071432944,-0.014979596657307026,0.004760753756818947,290,62,nan,nan,0,,False,False,ellow-ellow
p0424,ellow-radnear-az270,ellow-radfar-az135,0.30301558329907907,0.5032067700305396,0.559689799473944,0.2678192772347479,0.28205091366265594,72,66,0.28205091366265594,0.2749350954487019,0.2678192772347479,0.020964669636423128,0.028080487850377145,0.03519630606433116,295,49,nan,nan,0,,True,True,ellow-ellow
p0425,ellow-radnear-az270,ellow-radfar-az180,0.3022771134035365,0.497128147223698,0.5502798469137824,0.2678192772347479,0.3013082995025368,72,56,0.3013082995025368,0.2845637883686424,0.2678192772347479,0.0009688139009997321,0.017713325034894145,0.034457836168788614,295,60,nan,nan,0,,True,True,ellow-ellow
p0426,ellow-radnear-az270,ellow-radfar-az225,0.31191118039490134,0.5204059606423813,0.5700709021196615,0.2678192772347479,0.28484504258501964,72,64,0.28484504258501964,0.2763321599098838,0.2678192772347479,0.027066137809881707,0.03557902048501754,0.044091903160153434,291,59,nan,nan,0,,True,True,ellow-ellow
p0427,ellow-radnear-az270,ellow-radfar-az270,0.2849321571362902,0.47902224570647056,0.5283300966991817,0.2678192772347479,0.30958469798239646,72,53,0.30958469798239646,0.2887019876085722,0.2678192772347479,-0.02465254084610624,-0.0037698304722819653,0.01711287990154231,287,61,nan,nan,0,,False,False,ellow-ellow
p0428,ellow-radnear-az270,ellow-radfar-az315,0.30165120211732366,0.5038759097686487,0.5518987505744836,0.2678192772347479,0.27594677444659244,72,70,0.27594677444659244,0.27188302584067015,0.2678192772347479,0.025704427670731222,0.029768176276653513,0.03383192488257575,299,53,nan,nan,0,,True,True,ellow-ellow
p0429,ellow-radnear-az270,elmid-radnear-az000,0.4623996358348416,0.6893998603721456,0.7163617921553144,0.2678192772347479,0.35517090007794966,72,20,0.35517090007794966,0.3114950886563488,0.2678192772347479,0.10722873575689196,0.15090454717849283,0.1945803586000937,298,61,nan,nan,0,,True,True,ellow-elmid
p0430,ellow-radnear-az270,elmid-radnear-az045,0.46487947871107416,0.6946667691103621,0.7223736620518962,0.2678192772347479,0.3542262604718849,72,23,0.3542262604718849,0.31102276885331637,0.2678192772347479,0.11065321823918928,0.1538567098577578,0.19706020147632625,288,60,nan,nan,0,,True,True,ellow-elmid
p0431,ellow-radnear-az270,elmid-radnear-az090,0.46113836252169577,0.6835107687076497,0.7108731322192603,0.2678192772347479,0.3373441618464497,72,37,0.3373441618464497,0.3025817195405988,0.2678192772347479,0.12379420067524605,0.15855664298109695,0.19331908528694786,300,49,nan,nan,0,,True,True,ellow-elmid
p0432,ellow-radnear-az270,elmid-radnear-az135,0.4538262416604419,0.6765803213272915,0.7047982192215796,0.2678192772347479,0.34220636476623056,72,31,0.34220636476623056,0.3050128210004892,0.2678192772347479,0.11161987689421132,0.14881342065995268,0.18600696442569398,292,45,nan,nan,0,,True,True,ellow-elmid
p0433,ellow-radnear-az270,elmid-radnear-az180,0.4434479083331767,0.6663663624898584,0.6985653992149463,0.2678192772347479,0.3511704098620124,72,25,0.3511704098620124,0.3094948435483802,0.2678192772347479,0.09227749847116429,0.13395306478479652,0.1756286310984288,294,54,nan,nan,0,,True,True,ellow-elmid
p0434,ellow-radnear-az270,elmid-radnear-az225,0.4609919797269893,0.6882391604120648,0.7142478654601662,0.2678192772347479,0.36478026048785717,72,17,0.36478026048785717,0.3162997688613025,0.2678192772347479,0.09621171923913213,0.1446922108656868,0.1931727024922414,296,59,nan,nan,0,,True,True,ellow-elmid
p0435,ellow-radnear-az270,elmid-radnear-az270,0.45814907510707614,0.6815706207103531,0.7100685271534122,0.2678192772347479,0.3473214946568377,72,26,0.3473214946568377,0.3075703859457928,0.2678192772347479,0.11082758045023844,0.15057868916128336,0.19032979787232823,284,53,nan,nan,0,,True,True,ellow-elmid
p0436,ellow-radnear-az270,elmid-radnear-az315,0.44454654473809235,0.6712779160112265,0.700083889801806,0.2678192772347479,0.3398194147983978,72,34,0.3398194147983978,0.30381934601657284,0.2678192772347479,0.10472712993969457,0.1407271987215195,0.17672726750334444,292,55,nan,nan,0,,True,True,ellow-elmid
p0437,ellow-radnear-az270,elmid-radmid-az000,0.47913540582864345,0.7132521721710924,0.7380517055125358,0.2678192772347479,0.40109184962731287,72,5,0.40109184962731287,0.3344555634310304,0.2678192772347479,0.07804355620133058,0.14467984239761306,0.21131612859389554,288,50,nan,nan,0,,True,True,ellow-elmid
p0438,ellow-radnear-az270,elmid-radmid-az045,0.48734042377962916,0.7069788564474356,0.730937338529446,0.2678192772347479,0.41641372706811924,72,1,0.41641372706811924,0.3421165021514336,0.2678192772347479,0.07092669671150992,0.14522392162819558,0.21952114654488125,285,60,nan,nan,0,,True,True,ellow-elmid
p0439,ellow-radnear-az270,elmid-radmid-az090,0.48017396749243035,0.7053310500707292,0.7302574824025961,0.2678192772347479,0.39457841386323705,72,8,0.39457841386323705,0.3311988455489925,0.2678192772347479,0.0855955536291933,0.14897512194343787,0.21235469025768244,290,61,nan,nan,0,,True,True,ellow-elmid
p0440,ellow-radnear-az270,elmid-radmid-az135,0.47121545977479923,0.6995984665433175,0.7251675182875781,0.2678192772347479,0.3855787851950759,72,15,0.3855787851950759,0.3266990312149119,0.2678192772347479,0.08563667457972335,0.14451642855988733,0.20339618254005132,297,63,nan,nan,0,,True,True,ellow-elmid
p0441,ellow-radnear-az270,elmid-radmid-az180,0.47844387097815155,0.7084598604564115,0.7337239185971057,0.2678192772347479,0.3920347270865256,72,10,0.3920347270865256,0.32992700216063675,0.2678192772347479,0.08640914389162596,0.1485168688175148,0.21062459374340364,299,50,nan,nan,0,,True,True,ellow-elmid
p0442,ellow-radnear-az270,elmid-radmid-az225,0.47866817147083734,0.710353338597133,0.7341484215644769,0.2678192772347479,0.4035228167038699,72,2,0.4035228167038699,0.33567104696930894,0.2678192772347479,0.07514535476696743,0.1429971245015284,0.21084889423608943,301,57,nan,nan,0,,True,True,ellow-elmid
p0443,ellow-radnear-az270,elmid-radmid-az270,0.4739812037769599,0.7042019182935502,0.7303700878342115,0.2678192772347479,0.40315190191972006,72,3,0.40315190191972006,0.33548558957723396,0.2678192772347479,0.07082930185723985,0.13849561419972595,0.206161926542212,288,52,nan,nan,0,,True,True,ellow-elmid
p0444,ellow-radnear-az270,elmid-radmid-az315,0.46938054882678343,0.6990689106197953,0.7281876294319373,0.2678192772347479,0.38855085122315813,72,13,0.38855085122315813,0.328185064228953,0.2678192772347479,0.0808296976036253,0.14119548459783043,0.20156127159203552,296,55,nan,nan,0,,True,True,ellow-elmid
p0445,ellow-radnear-az270,elmid-radfar-az000,0.46868886919211133,0.701724313962775,0.7298729295833265,0.2678192772347479,0.3883653697649618,72,14,0.3883653697649618,0.32809232349985484,0.2678192772347479,0.08032349942714956,0.1405965456922565,0.20086959195736342,299,54,nan,nan,0,,True,True,ellow-elmid
p0446,ellow-radnear-az270,elmid-radfar-az045,0.47375929880906714,0.6997398110145315,0.727581023521847,0.2678192772347479,0.3904277067982496,72,12,0.3904277067982496,0.32912349201649876,0.2678192772347479,0.08333159201081752,0.14463580679256838,0.20594002157431923,289,61,nan,nan,0,,True,True,ellow-elmid
p0447,ellow-radnear-az270,elmid-radfar-az090,0.4705695697081583,0.6960464646294476,0.7236077215117142,0.2678192772347479,0.4031096513417022,72,4,0.4031096513417022,0.3354644642882251,0.2678192772347479,0.0674599183664561,0.1351051054199332,0.20275029247341037,289,62,nan,nan,0,,True,True,ellow-elmid
p0448,ellow-radnear-az270,elmid-radfar-az135,0.4661254644964893,0.6953654797898182,0.7223535840332633,0.2678192772347479,0.3906639225147944,72,11,0.3906639225147944,0.3292415998747712,0.2678192772347479,0.07546154198169486,0.1368838646217181,0.19830618726174137,296,53,nan,nan,0,,True,True,ellow-elmid
p0449,ellow-radnear-az270,elmid-radfar-az180,0.47264864235159665,0.7058265404346534,0.7329679632007013,0.2678192772347479,0.39775345373611054,72,7,0.39775345373611054,0.3327863654854292,0.2678192772347479,0.07489518861548611,0.13986227686616742,0.20482936511684874,301,53,nan,nan,0,,True,True,ellow-elmid
p0450,ellow-radnear-az270,elmid-radfar-az225,0.47669490802827197,0.7048079532846024,0.7325516707697148,0.2678192772347479,0.40094783670068784,72,6,0.40094783670068784,0.3343835569677179,0.2678192772347479,0.07574707132758413,0.1423113510605541,0.20887563079352406,283,61,nan,nan,0,,True,True,ellow-elmid
p0451,ellow-radnear-az270,elmid-radfar-az270,0.46582556874231673,0.7035428491779329,0.7296610531472245,0.2678192772347479,0.39259913412484276,72,9,0.39259913412484276,0.33020920567979534,0.2678192772347479,0.07322643461747397,0.1356163630625214,0.19800629150756882,295,59,nan,nan,0,,True,True,ellow-elmid
p0452,ellow-radnear-az270,elmid-radfar-az315,0.47204676956584213,0.7002070414178757,0.729489487732415,0.2678192772347479,0.38032179073567957,72,16,0.38032179073567957,0.32407053398521374,0.2678192772347479,0.09172497883016256,0.1479762355806284,0.20422749233109422,298,56,nan,nan,0,,True,True,ellow-elmid
p0453,ellow-radnear-az270,elhigh-radnear-az000,0.4585824345002459,0.6875664659099976,0.7149577802609505,0.2678192772347479,0.3287976256874326,72,48,0.3287976256874326,0.29830845146109025,0.2678192772347479,0.1297848088128133,0.16027398303915563,0.19076315726549797,291,55,nan,nan,0,,True,True,elhigh-ellow
p0454,ellow-radnear-az270,elhigh-radnear-az045,0.4514023412011725,0.6784686125685095,0.7053939223389974,0.2678192772347479,0.3372504425742561,72,38,0.3372504425742561,0.302534859904502,0.2678192772347479,0.11415189862691638,0.1488674812966705,0.1835830639664246,302,55,nan,nan,0,,True,True,elhigh-ellow
p0455,ellow-radnear-az270,elhigh-radnear-az090,0.4494460250812728,0.6745844019536907,0.7043410893168195,0.2678192772347479,0.3417464009985519,72,32,0.3417464009985519,0.30478283911664994,0.2678192772347479,0.10769962408272088,0.14466318596462285,0.18162674784652488,291,61,nan,nan,0,,True,True,elhigh-ellow
p0456,ellow-radnear-az270,elhigh-radnear-az135,0.4535136180901267,0.6760322150553641,0.7034486628540312,0.2678192772347479,0.3320552452601486,72,46,0.3320552452601486,0.29993726124744824,0.2678192772347479,0.12145837282997807,0.15357635684267845,0.18569434085537878,287,61,nan,nan,0,,True,True,elhigh-ellow
p0457,ellow-radnear-az270,elhigh-radnear-az180,0.46318153063921175,0.688337170624041,0.7162012973621947,0.2678192772347479,0.3395650145085634,72,35,0.3395650145085634,0.30369214587165566,0.2678192772347479,0.12361651613064834,0.15948938476755609,0.19536225340446384,296,53,nan,nan,0,,True,True,elhigh-ellow
p0458,ellow-radnear-az270,elhigh-radnear-az225,0.4702363242962477,0.6938629834742243,0.7199488697126974,0.2678192772347479,0.3440784937220457,72,28,0.3440784937220457,0.3059488854783968,0.2678192772347479,0.126157830574202,0.16428743881785085,0.20241704706149977,281,63,nan,nan,0,,True,True,elhigh-ellow
p0459,ellow-radnear-az270,elhigh-radnear-az270,0.4459365120648016,0.6766848604045359,0.7084909188607096,0.2678192772347479,0.3216859159930162,72,49,0.3216859159930162,0.2947525966138821,0.2678192772347479,0.1242505960717854,0.15118391545091953,0.1781172348300537,293,57,nan,nan,0,,True,True,elhigh-ellow
p0460,ellow-radnear-az270,elhigh-radnear-az315,0.45252783669974334,0.6846360846939629,0.7134680671583098,0.2678192772347479,0.3361849875189326,72,41,0.3361849875189326,0.30200213237684026,0.2678192772347479,0.11634284918081073,0.15052570432290308,0.18470855946499543,290,61,nan,nan,0,,True,True,elhigh-ellow
p0461,ellow-radnear-az270,elhigh-radmid-az000,0.463996264323105,0.692867194274957,0.7206314908977305,0.2678192772347479,0.3459669579749205,72,27,0.3459669579749205,0.3068931176048342,0.2678192772347479,0.11802930634818448,0.1571031467182708,0.19617698708835707,287,50,nan,nan,0,,True,True,elhigh-ellow
p0462,ellow-radnear-az270,elhigh-radmid-az045,0.4702399363589872,0.6939536087825413,0.7185919041522123,0.2678192772347479,0.35969234721512794,72,18,0.35969234721512794,0.3137558122249379,0.2678192772347479,0.11054758914385926,0.15648412413404927,0.2024206591242393,297,53,nan,nan,0,,True,True,elhigh-ellow
p0463,ellow-radnear-az270,elhigh-radmid-az090,0.4708207120847334,0.6944770388226151,0.7208201052021574,0.2678192772347479,0.3545783681398182,72,21,0.3545783681398182,0.31119882268728305,0.2678192772347479,0.11624234394491523,0.15962188939745037,0.2030014348499855,291,55,nan,nan,0,,True,True,elhigh-ellow
p0464,ellow-radnear-az270,elhigh-radmid-az135,0.46446080766486825,0.6929076817618863,0.7197058476392417,0.2678192772347479,0.3434079473811069,72,30,0.3434079473811069,0.3056136123079274,0.2678192772347479,0.12105286028376133,0.15884719535694086,0.19664153043012034,291,59,nan,nan,0,,True,True,elhigh-ellow
p0465,ellow-radnear-az270,elhigh-radmid-az180,0.4706345559799938,0.6987838094899693,0.7253834118247026,0.2678192772347479,0.35560303382831304,72,19,0.35560303382831304,0.3117111555315305,0.2678192772347479,0.11503152215168078,0.15892340044846331,0.2028152787452459,286,64,nan,nan,0,,True,True,elhigh-ellow
p0466,ellow-radnear-az270,elhigh-radmid-az225,0.46958354080566733,0.6947065271144014,0.7196503088905153,0.2678192772347479,0.33765850732244423,72,36,0.33765850732244423,0.3027388922785961,0.2678192772347479,0.1319250334832231,0.16684464852707126,0.20176426357091942,280,64,nan,nan,0,,True,True,elhigh-ellow
p0467,ellow-radnear-az270,elhigh-radmid-az270,0.4615236200206269,0.6892482177238487,0.7181390162125725,0.2678192772347479,0.33467761382312017,72,43,0.33467761382312017,0.30124844552893404,0.2678192772347479,0.12684600619750674,0.16027517449169287,0.193704342785879,297,56,nan,nan,0,,True,True,elhigh-ellow
p0468,ellow-radnear-az270,elhigh-radmid-az315,0.45469378995547854,0.6848294508192674,0.7132752815886823,0.2678192772347479,0.3357774895562401,72,42,0.3357774895562401,0.30179838339549403,0.2678192772347479,0.11891630039923845,0.15289540655998451,0.18687451272073063,300,56,nan,nan,0,,True,True,elhigh-ellow
p0469,ellow-radnear-az270,elhigh-radfar-az000,0.4630658083550518,0.6934169148022586,0.7231567943771099,0.2678192772347479,0.33999633482078295,72,33,0.33999633482078295,0.30390780602776546,0.2678192772347479,0.12306947353426884,0.15915800232728633,0.19524653112030388,304,47,nan,nan,0,,True,True,elhigh-ellow
p0470,ellow-radnear-az270,elhigh-radfar-az045,0.4796797707714053,0.7083890105159802,0.7332275927378004,0.2678192772347479,0.3517406582248309,72,24,0.3517406582248309,0.30977996772978944,0.2678192772347479,0.12793911254657436,0.16989980304161584,0.21186049353665737,273,68,nan,nan,0,,True,True,elhigh-ellow
p0471,ellow-radnear-az270,elhigh-radfar-az090,0.46953350125285237,0.6978211339395395,0.7259481759666803,0.2678192772347479,0.33715840306367034,72,39,0.33715840306367034,0.3024888401492091,0.2678192772347479,0.13237509818918203,0.16704466110364324,0.20171422401810446,297,54,nan,nan,0,,True,True,elhigh-ellow
p0472,ellow-radnear-az270,elhigh-radfar-az135,0.45679347300387885,0.6911020796137037,0.7198395639394849,0.2678192772347479,0.35443982782283306,72,22,0.35443982782283306,0.3111295525287905,0.2678192772347479,0.10235364518104578,0.14566392047508836,0.18897419576913094,303,52,nan,nan,0,,True,True,elhigh-ellow
p0473,ellow-radnear-az270,elhigh-radfar-az180,0.4740025495868871,0.7029739247700644,0.7315337752379044,0.2678192772347479,0.3435612602938729,72,29,0.3435612602938729,0.3056902687643104,0.2678192772347479,0.13044128929301418,0.1683122808225767,0.20618327235213918,297,58,nan,nan,0,,True,True,elhigh-ellow
p0474,ellow-radnear-az270,elhigh-radfar-az225,0.4702847829947319,0.6970857552871669,0.7256401950227158,0.2678192772347479,0.3330930922222578,72,45,0.3330930922222578,0.3004561847285029,0.2678192772347479,0.13719169077247412,0.16982859826622904,0.202465505759984,300,53,nan,nan,0,,True,True,elhigh-ellow
p0475,ellow-radnear-az270,elhigh-radfar-az270,0.46501159002172676,0.6928769428023938,0.72091112925153,0.2678192772347479,0.3342499000230558,72,44,0.3342499000230558,0.30103458862890187,0.2678192772347479,0.13076168999867094,0.1639770013928249,0.19719231278697885,294,56,nan,nan,0,,True,True,elhigh-ellow
p0476,ellow-radnear-az270,elhigh-radfar-az315,0.4553629721664418,0.6889815685340771,0.7183525449018329,0.2678192772347479,0.3370014455332844,72,40,0.3370014455332844,0.30241036138401617,0.2678192772347479,0.11836152663315735,0.1529526107824256,0.18754369493169387,294,56,nan,nan,0,,True,True,elhigh-ellow
p0477,ellow-radnear-az315,ellow-radmid-az000,0.31362121623422473,0.5151006287379777,0.5704150178175718,0.27834927940285153,0.31117612143053364,68,51,0.31117612143053364,0.2947627004166926,0.27834927940285153,0.0024450948036910947,0.018858515817532118,0.035271936831373196,287,63,nan,nan,0,,True,True,ellow-ellow
p0478,ellow-radnear-az315,ellow-radmid-az045,0.3296569275919233,0.5526004569587323,0.6065280195615592,0.27834927940285153,0.30014263000222136,68,58,0.30014263000222136,0.28924595470253645,0.27834927940285153,0.02951429758970192,0.04041097288938683,0.05130764818907174,283,61,nan,nan,0,,True,True,ellow-ellow
p0479,ellow-radnear-az315,ellow-radmid-az090,0.33475485833209395,0.543573917090059,0.594377839197869,0.27834927940285153,0.29891069134571624,68,59,0.29891069134571624,0.28862998537428386,0.27834927940285153,0.03584416698637771,0.04612487295781009,0.05640557892924242,287,62,nan,nan,0,,True,True,ellow-ellow
p0480,ellow-radnear-az315,ellow-radmid-az135,0.3174432044781282,0.5212359697171204,0.5736173484663186,0.27834927940285153,0.27777266742978585,68,69,0.27834927940285153,0.2780609734163187,0.27777266742978585,0.03909392507527665,0.03938223106180949,0.039670537048342336,286,65,nan,nan,0,,True,True,ellow-ellow
p0481,ellow-radnear-az315,ellow-radmid-az180,0.3176268963291577,0.5240674495455105,0.5660622322432568,0.27834927940285153,0.33089890701803604,68,47,0.33089890701803604,0.3046240932104438,0.27834927940285153,-0.013272010688878344,0.01300280311871388,0.03927761692630616,292,68,nan,nan,0,,False,True,ellow-ellow
p0482,ellow-radnear-az315,ellow-radmid-az225,0.3154593369994331,0.5263781269758244,0.5696388555864561,0.27834927940285153,0.3003457176956631,68,57,0.3003457176956631,0.28934749854925734,0.27834927940285153,0.015113619303770032,0.026111838450175784,0.03711005759658159,295,57,nan,nan,0,,True,True,ellow-ellow
p0483,ellow-radnear-az315,ellow-radmid-az270,0.32291252446172514,0.529687354355153,0.5792520873745747,0.27834927940285153,0.31427159279864797,68,50,0.31427159279864797,0.29631043610074975,0.27834927940285153,0.008640931663077167,0.026602088360975384,0.0445632450588736,282,73,nan,nan,0,,True,True,ellow-ellow
p0484,ellow-radnear-az315,ellow-radmid-az315,0.28890077760355765,0.47971929307023137,0.5364685263610288,0.27834927940285153,0.2748397286931444,68,71,0.27834927940285153,0.27659450404799796,0.2748397286931444,0.010551498200706111,0.012306273555559688,0.014061048910413265,292,56,nan,nan,0,,True,True,ellow-ellow
p0485,ellow-radnear-az315,ellow-radfar-az000,0.33144785675792743,0.5444635909616318,0.599796782184154,0.27834927940285153,0.2817460140742008,68,67,0.2817460140742008,0.28004764673852617,0.27834927940285153,0.04970184268372663,0.05140021001940126,0.05309857735507589,276,66,nan,nan,0,,True,True,ellow-ellow
p0486,ellow-radnear-az315,ellow-radfar-az045,0.346145111831609,0.5693371638104914,0.6220589091010806,0.27834927940285153,0.30519005759179973,68,55,0.30519005759179973,0.29176966849732566,0.27834927940285153,0.040955054239809274,0.054375443334283347,0.06779583242875747,288,71,nan,nan,0,,True,True,ellow-ellow
p0487,ellow-radnear-az315,ellow-radfar-az090,0.30233182449298357,0.511811255477081,0.562722650557736,0.27834927940285153,0.3072999780629998,68,54,0.3072999780629998,0.2928246287329257,0.27834927940285153,-0.004968153570016232,0.009507195760057874,0.023982545090132035,280,73,nan,nan,0,,False,True,ellow-ellow
p0488,ellow-radnear-az315,ellow-radfar-az135,0.2939878283311835,0.48641393451059584,0.5366401145592415,0.27834927940285153,0.28205091366265594,68,66,0.28205091366265594,0.28020009653275374,0.27834927940285153,0.011936914668527532,0.013787731798429737,0.01563854892833194,285,60,nan,nan,0,,True,True,ellow-ellow
p0489,ellow-radnear-az315,ellow-radfar-az180,0.31499508323944475,0.5252859044303039,0.5741656186467171,0.27834927940285153,0.3013082995025368,68,56,0.3013082995025368,0.2898287894526942,0.27834927940285153,0.01368678373690796,0.02516629378675056,0.036645803836593216,285,71,nan,nan,0,,True,True,ellow-ellow
p0490,ellow-radnear-az315,ellow-radfar-az225,0.3322219178725169,0.5569054487466215,0.6055178540988477,0.27834927940285153,0.28484504258501964,68,64,0.28484504258501964,0.2815971609939356,0.27834927940285153,0.04737687528749729,0.05062475687858131,0.05387263846966539,281,70,nan,nan,0,,True,True,ellow-ellow
p0491,ellow-radnear-az315,ellow-radfar-az270,0.3184492563152146,0.533793216726153,0.5824120220714634,0.27834927940285153,0.30958469798239646,68,53,0.30958469798239646,0.293966988692624,0.27834927940285153,0.008864558332818129,0.024482267622590592,0.040099976912363056,277,72,nan,nan,0,,True,True,ellow-ellow
p0492,ellow-radnear-az315,ellow-radfar-az315,0.2908530642266508,0.49341210061094215,0.5408389162826168,0.27834927940285153,0.27594677444659244,68,70,0.27834927940285153,0.27714802692472196,0.27594677444659244,0.012503784823799269,0.013705037301928846,0.014906289780058368,289,64,nan,nan,0,,True,True,ellow-ellow
p0493,ellow-radnear-az315,elmid-radnear-az000,0.4690085038873663,0.6928383273691103,0.7183748393067287,0.27834927940285153,0.35517090007794966,68,20,0.35517090007794966,0.3167600897404006,0.27834927940285153,0.11383760380941665,0.15224841414696572,0.19065922448451478,288,72,nan,nan,0,,True,True,ellow-elmid
p0494,ellow-radnear-az315,elmid-radnear-az045,0.470421688006392,0.6992879231584278,0.7239168504550973,0.27834927940285153,0.3542262604718849,68,23,0.3542262604718849,0.3162877699373682,0.27834927940285153,0.11619542753450712,0.15413391806902382,0.19207240860354047,278,71,nan,nan,0,,True,True,ellow-elmid
p0495,ellow-radnear-az315,elmid-radnear-az090,0.45858552006890113,0.6861119147095718,0.7098186385190384,0.27834927940285153,0.3373441618464497,68,37,0.3373441618464497,0.3078467206246506,0.27834927940285153,0.12124135822245141,0.1507387994442505,0.1802362406660496,290,60,nan,nan,0,,True,True,ellow-elmid
p0496,ellow-radnear-az315,elmid-radnear-az135,0.44855139266622684,0.675728386760535,0.7019981634568289,0.27834927940285153,0.34220636476623056,68,31,0.34220636476623056,0.310277822084541,0.27834927940285153,0.10634502789999628,0.13827357058168582,0.1702021132633753,282,56,nan,nan,0,,True,True,ellow-elmid
p0497,ellow-radnear-az315,elmid-radnear-az180,0.45635045678983954,0.6869768641137423,0.7137582415291791,0.27834927940285153,0.3511704098620124,68,25,0.3511704098620124,0.314759844632432,0.27834927940285153,0.10518004692782712,0.14159061215740754,0.178001177386988,284,65,nan,nan,0,,True,True,ellow-elmid
p0498,ellow-radnear-az315,elmid-radnear-az225,0.4675300638872656,0.6972396549615051,0.7223467504869658,0.27834927940285153,0.36478026048785717,68,17,0.36478026048785717,0.3215647699453543,0.27834927940285153,0.10274980339940842,0.14596529394191127,0.18918078448441406,286,70,nan,nan,0,,True,True,ellow-elmid
p0499,ellow-radnear-az315,elmid-radnear-az270,0.4605290414086155,0.6892174278276322,0.7162391250319213,0.27834927940285153,0.3473214946568377,68,26,0.3473214946568377,0.3128353870298446,0.27834927940285153,0.1132075467517778,0.1476936543787709,0.18217976200576397,274,64,nan,nan,0,,True,True,ellow-elmid
p0500,ellow-radnear-az315,elmid-radnear-az315,0.439915115418872,0.6762414742563355,0.7035741572934389,0.27834927940285153,0.3398194147983978,68,34,0.3398194147983978,0.30908434710062466,0.27834927940285153,0.10009570062047424,0.13083076831824736,0.16156583601602048,282,66,nan,nan,0,,True,True,ellow-elmid
p0501,ellow-radnear-az315,elmid-radmid-az000,0.4780816470863097,0.7107751873404896,0.7355972596523188,0.27834927940285153,0.40109184962731287,68,5,0.40109184962731287,0.3397205645150822,0.27834927940285153,0.07698979745899681,0.13836108257122748,0.19973236768345815,278,61,nan,nan,0,,True,True,ellow-elmid
p0502,ellow-radnear-az315,elmid-radmid-az045,0.4933872551586506,0.7193421068182684,0.7416127875965121,0.27834927940285153,0.41641372706811924,68,1,0.41641372706811924,0.3473815032354854,0.27834927940285153,0.07697352809053137,0.14600575192316523,0.21503797575579908,275,71,nan,nan,0,,True,True,ellow-elmid
p0503,ellow-radnear-az315,elmid-radmid-az090,0.4821152802821606,0.7061257727540713,0.7305043419865488,0.27834927940285153,0.39457841386323705,68,8,0.39457841386323705,0.3364638466330443,0.27834927940285153,0.08753686641892355,0.1456514336491163,0.20376600087930907,280,72,nan,nan,0,,True,True,ellow-elmid
p0504,ellow-radnear-az315,elmid-radmid-az135,0.4634905944156561,0.6929358003178275,0.7187404879758527,0.27834927940285153,0.3855787851950759,68,15,0.3855787851950759,0.3319640322989637,0.27834927940285153,0.07791180922058022,0.1315265621166924,0.18514131501280456,287,74,nan,nan,0,,True,True,ellow-elmid
p0505,ellow-radnear-az315,elmid-radmid-az180,0.4800362841275552,0.7113171819759238,0.7331440371668099,0.27834927940285153,0.3920347270865256,68,10,0.3920347270865256,0.33519200324468856,0.27834927940285153,0.08800155704102963,0.14484428088286666,0.2016870047247037,289,61,nan,nan,0,,True,True,ellow-elmid
p0506,ellow-radnear-az315,elmid-radmid-az225,0.48859871326546533,0.7154153504128362,0.7380757101796562,0.27834927940285153,0.4035228167038699,68,2,0.4035228167038699,0.34093604805336075,0.27834927940285153,0.08507589656159542,0.14766266521210458,0.2102494338626138,291,68,nan,nan,0,,True,True,ellow-elmid
p0507,ellow-radnear-az315,elmid-radmid-az270,0.48156553055670054,0.7095459184451569,0.7314831680852195,0.27834927940285153,0.40315190191972006,68,3,0.40315190191972006,0.34075059066128577,0.27834927940285153,0.07841362863698048,0.14081493989541477,0.203216251153849,278,63,nan,nan,0,,True,True,ellow-elmid
p0508,ellow-radnear-az315,elmid-radmid-az315,0.4639208663805148,0.693279766823706,0.7196091576821668,0.27834927940285153,0.38855085122315813,68,13,0.38855085122315813,0.3334500653130048,0.27834927940285153,0.07537001515735664,0.13047080106750997,0.18557158697766324,286,66,nan,nan,0,,True,True,ellow-elmid
p0509,ellow-radnear-az315,elmid-radfar-az000,0.4704784454999984,0.70558303914305,0.7332571745570589,0.27834927940285153,0.3883653697649618,68,14,0.3883653697649618,0.33335732458390666,0.27834927940285153,0.08211307573503662,0.13712112091609174,0.19212916609714686,289,65,nan,nan,0,,True,True,ellow-elmid
p0510,ellow-radnear-az315,elmid-radfar-az045,0.4739590111136807,0.7076064560032066,0.732765514337223,0.27834927940285153,0.3904277067982496,68,12,0.3904277067982496,0.3343884931005506,0.27834927940285153,0.0835313043154311,0.13957051801313014,0.19560973171082918,279,72,nan,nan,0,,True,True,ellow-elmid
p0511,ellow-radnear-az315,elmid-radfar-az090,0.4797117538014211,0.7058033750024016,0.7309401562266625,0.27834927940285153,0.4031096513417022,68,4,0.4031096513417022,0.3407294653722769,0.27834927940285153,0.07660210245971893,0.13898228842914423,0.20136247439856958,279,73,nan,nan,0,,True,True,ellow-elmid
p0512,ellow-radnear-az315,elmid-radfar-az135,0.47461305190987185,0.7037463481297329,0.7285865413978779,0.27834927940285153,0.3906639225147944,68,11,0.3906639225147944,0.334506600958823,0.27834927940285153,0.08394912939507743,0.14010645095104884,0.19626377250702032,286,64,nan,nan,0,,True,True,ellow-elmid
p0513,ellow-radnear-az315,elmid-radfar-az180,0.47316325284085914,0.7037169378720163,0.7298352982709553,0.27834927940285153,0.39775345373611054,68,7,0.39775345373611054,0.33805136656948104,0.27834927940285153,0.0754097991047486,0.1351118862713781,0.1948139734380076,291,64,nan,nan,0,,True,True,ellow-elmid
p0514,ellow-radnear-az315,elmid-radfar-az225,0.4747762757485273,0.7019433684141715,0.7302797127337483,0.27834927940285153,0.40094783670068784,68,6,0.40094783670068784,0.3396485580517697,0.27834927940285153,0.07382843904783948,0.13512771769675763,0.1964269963456758,273,72,nan,nan,0,,True,True,ellow-elmid
p0515,ellow-radnear-az315,elmid-radfar-az270,0.46687585471254767,0.7000242569515605,0.7261788976450302,0.27834927940285153,0.39259913412484276,68,9,0.39259913412484276,0.33547420676384715,0.27834927940285153,0.0742767205877049,0.13140164794870052,0.18852657530969613,285,70,nan,nan,0,,True,True,ellow-elmid
p0516,ellow-radnear-az315,elmid-radfar-az315,0.46477073678125047,0.6960147325780545,0.7244347693010759,0.27834927940285153,0.38032179073567957,68,16,0.38032179073567957,0.32933553506926555,0.27834927940285153,0.0844489460455709,0.13543520171198492,0.18642145737839894,288,67,nan,nan,0,,True,True,ellow-elmid
p0517,ellow-radnear-az315,elhigh-radnear-az000,0.46332555831573846,0.6920798519727017,0.7182130227279896,0.27834927940285153,0.3287976256874326,68,48,0.3287976256874326,0.30357345254514206,0.27834927940285153,0.13452793262830587,0.1597521057705964,0.18497627891288693,281,66,nan,nan,0,,True,True,elhigh-ellow
p0518,ellow-radnear-az315,elhigh-radnear-az045,0.46397632932499666,0.6941335958073657,0.7200228972665595,0.27834927940285153,0.3372504425742561,68,38,0.3372504425742561,0.30779986098855383,0.27834927940285153,0.12672588675074054,0.15617646833644283,0.18562704992214513,292,66,nan,nan,0,,True,True,elhigh-ellow
p0519,ellow-radnear-az315,elhigh-radnear-az090,0.45298843486245893,0.6829844669294267,0.7087579340755247,0.27834927940285153,0.3417464009985519,68,32,0.3417464009985519,0.31004784020070175,0.27834927940285153,0.11124203386390702,0.14294059466175718,0.1746391554596074,281,72,nan,nan,0,,True,True,elhigh-ellow
p0520,ellow-radnear-az315,elhigh-radnear-az135,0.45678083197218816,0.6803272745910248,0.7078042425997386,0.27834927940285153,0.3320552452601486,68,46,0.3320552452601486,0.30520226233150005,0.27834927940285153,0.12472558671203954,0.1515785696406881,0.17843155256933663,277,72,nan,nan,0,,True,True,elhigh-ellow
p0521,ellow-radnear-az315,elhigh-radnear-az180,0.47108900376370694,0.696931941670638,0.7234605817532764,0.27834927940285153,0.3395650145085634,68,35,0.3395650145085634,0.3089571469557075,0.27834927940285153,0.13152398925514353,0.16213185680799946,0.1927397243608554,286,64,nan,nan,0,,True,True,elhigh-ellow
p0522,ellow-radnear-az315,elhigh-radnear-az225,0.4599870226580189,0.6829058917700832,0.7085491404759804,0.27834927940285153,0.3440784937220457,68,28,0.3440784937220457,0.31121388656244864,0.27834927940285153,0.1159085289359732,0.14877313609557025,0.18163774325516735,271,74,nan,nan,0,,True,True,elhigh-ellow
p0523,ellow-radnear-az315,elhigh-radnear-az270,0.449004425518261,0.678011294985581,0.707718223695449,0.27834927940285153,0.3216859159930162,68,49,0.3216859159930162,0.3000175976979339,0.27834927940285153,0.12731850952524476,0.14898682782032707,0.17065514611540944,283,68,nan,nan,0,,True,True,elhigh-ellow
p0524,ellow-radnear-az315,elhigh-radnear-az315,0.4524275616371099,0.6825201128379048,0.7100429140769553,0.27834927940285153,0.3361849875189326,68,41,0.3361849875189326,0.3072671334608921,0.27834927940285153,0.11624257411817729,0.14516042817621783,0.17407828223425836,280,72,nan,nan,0,,True,True,elhigh-ellow
p0525,ellow-radnear-az315,elhigh-radmid-az000,0.4650200818172509,0.6942755060794742,0.7219738723584193,0.27834927940285153,0.3459669579749205,68,27,0.3459669579749205,0.312158118688886,0.27834927940285153,0.11905312384233041,0.15286196312836492,0.18667080241439937,277,61,nan,nan,0,,True,True,elhigh-ellow
p0526,ellow-radnear-az315,elhigh-radmid-az045,0.474271060691044,0.6985991833886754,0.721975744672169,0.27834927940285153,0.35969234721512794,68,18,0.35969234721512794,0.31902081330898974,0.27834927940285153,0.11457871347591608,0.15525024738205428,0.1959217812881925,287,64,nan,nan,0,,True,True,elhigh-ellow
p0527,ellow-radnear-az315,elhigh-radmid-az090,0.4683688342549435,0.6928846281495333,0.7191164835865814,0.27834927940285153,0.3545783681398182,68,21,0.3545783681398182,0.31646382377133486,0.27834927940285153,0.11379046611512533,0.15190501048360866,0.190019554852092,281,66,nan,nan,0,,True,True,elhigh-ellow
p0528,ellow-radnear-az315,elhigh-radmid-az135,0.46153512060771956,0.6933286934388936,0.7205068111108829,0.27834927940285153,0.3434079473811069,68,30,0.3434079473811069,0.3108786133919792,0.27834927940285153,0.11812717322661265,0.15065650721574037,0.18318584120486803,281,70,nan,nan,0,,True,True,elhigh-ellow
p0529,ellow-radnear-az315,elhigh-radmid-az180,0.4718763655592221,0.6985743926462721,0.7275945408855649,0.27834927940285153,0.35560303382831304,68,19,0.35560303382831304,0.3169761566155823,0.27834927940285153,0.11627333173090904,0.15490020894363976,0.19352708615637054,276,75,nan,nan,0,,True,True,elhigh-ellow
p0530,ellow-radnear-az315,elhigh-radmid-az225,0.47253553191484526,0.7001538008035871,0.7259391304838324,0.27834927940285153,0.33765850732244423,68,36,0.33765850732244423,0.3080038933626479,0.27834927940285153,0.13487702459240103,0.16453163855219738,0.19418625251199373,270,75,nan,nan,0,,True,True,elhigh-ellow
p0531,ellow-radnear-az315,elhigh-radmid-az270,0.46617437836412245,0.6949444907221023,0.7210574297006151,0.27834927940285153,0.33467761382312017,68,43,0.33467761382312017,0.30651344661298585,0.27834927940285153,0.1314967645410023,0.1596609317511366,0.18782509896127092,287,67,nan,nan,0,,True,True,elhigh-ellow
p0532,ellow-radnear-az315,elhigh-radmid-az315,0.4568865380141504,0.6891654029778456,0.7172891696829794,0.27834927940285153,0.3357774895562401,68,42,0.3357774895562401,0.30706338447954584,0.27834927940285153,0.12110904845791032,0.14982315353460457,0.17853725861129888,290,67,nan,nan,0,,True,True,elhigh-ellow
p0533,ellow-radnear-az315,elhigh-radfar-az000,0.4652067656981052,0.6969181724630409,0.7241918637589517,0.27834927940285153,0.33999633482078295,68,33,0.33999633482078295,0.30917280711181727,0.27834927940285153,0.12521043087732225,0.15603395858628794,0.18685748629525367,294,58,nan,nan,0,,True,True,elhigh-ellow
p0534,ellow-radnear-az315,elhigh-radfar-az045,0.47431831173929867,0.7026267592034934,0.728954811563369,0.27834927940285153,0.3517406582248309,68,24,0.3517406582248309,0.31504496881384125,0.27834927940285153,0.12257765351446775,0.15927334292545742,0.19596903233644714,263,79,nan,nan,0,,True,True,elhigh-ellow
p0535,ellow-radnear-az315,elhigh-radfar-az090,0.471531316652297,0.7008512722479445,0.727130027652223,0.27834927940285153,0.33715840306367034,68,39,0.33715840306367034,0.30775384123326094,0.27834927940285153,0.13437291358862663,0.16377747541903603,0.19318203724944544,287,65,nan,nan,0,,True,True,elhigh-ellow
p0536,ellow-radnear-az315,elhigh-radfar-az135,0.4604081255082501,0.6950144591208338,0.7216024325664749,0.27834927940285153,0.35443982782283306,68,22,0.35443982782283306,0.3163945536128423,0.27834927940285153,0.10596829768541705,0.1440135718954078,0.18205884610539858,293,63,nan,nan,0,,True,True,elhigh-ellow
p0537,ellow-radnear-az315,elhigh-radfar-az180,0.4703480440989262,0.7020707497830005,0.727971771681201,0.27834927940285153,0.3435612602938729,68,29,0.3435612602938729,0.3109552698483622,0.27834927940285153,0.12678678380505332,0.15939277425056403,0.1919987646960747,287,69,nan,nan,0,,True,True,elhigh-ellow
p0538,ellow-radnear-az315,elhigh-radfar-az225,0.4834842375520213,0.7068418317484619,0.7315944303313365,0.27834927940285153,0.3330930922222578,68,45,0.3330930922222578,0.3057211858125547,0.27834927940285153,0.1503911453297635,0.1777630517394666,0.20513495814916977,290,64,nan,nan,0,,True,True,elhigh-ellow
p0539,ellow-radnear-az315,elhigh-radfar-az270,0.4622683472763983,0.6925015470624474,0.7226536946540243,0.27834927940285153,0.3342499000230558,68,44,0.3342499000230558,0.3062995897129537,0.27834927940285153,0.1280184472533425,0.15596875756344464,0.18391906787354678,284,67,nan,nan,0,,True,True,elhigh-ellow
p0540,ellow-radnear-az315,elhigh-radfar-az315,0.4523543309146744,0.6843573068587383,0.7149771954905254,0.27834927940285153,0.3370014455332844,68,40,0.3370014455332844,0.307675362468068,0.27834927940285153,0.11535288538138999,0.14467896844660644,0.17400505151182288,284,67,nan,nan,0,,True,True,elhigh-ellow
p0541,ellow-radmid-az000,ellow-radmid-az045,0.30071907911481033,0.5030891558194686,0.5596592815613414,0.31117612143053364,0.30014263000222136,51,58,0.31117612143053364,0.30565937571637747,0.30014263000222136,-0.010457042315723308,-0.00494029660156714,0.0005764491125889726,290,52,nan,nan,0,,False,False,ellow-ellow
p0542,ellow-radmid-az000,ellow-radmid-az090,0.2954776832486996,0.48865482544823974,0.5464268573146888,0.31117612143053364,0.29891069134571624,51,59,0.31117612143053364,0.30504340638812494,0.29891069134571624,-0.01569843818183403,-0.00956572313942533,-0.003433008097016632,294,53,nan,nan,0,,False,False,ellow-ellow
p0543,ellow-radmid-az000,ellow-radmid-az135,0.2986246279279329,0.4897876402364683,0.5454383460594052,0.31117612143053364,0.27777266742978585,51,69,0.31117612143053364,0.29447439443015977,0.27777266742978585,-0.012551493502600763,0.004150233497773104,0.020851960498147026,293,56,nan,nan,0,,False,True,ellow-ellow
p0544,ellow-radmid-az000,ellow-radmid-az180,0.33050222511445077,0.5346181980625029,0.586755481996293,0.31117612143053364,0.33089890701803604,51,47,0.33089890701803604,0.32103751422428484,0.31117612143053364,-0.000396681903585272,0.009464710890165928,0.01932610368391713,299,59,nan,nan,0,,False,True,ellow-ellow
p0545,ellow-radmid-az000,ellow-radmid-az225,0.33609827990214725,0.5498006321173032,0.6033956175087933,0.31117612143053364,0.3003457176956631,51,57,0.31117612143053364,0.30576091956309837,0.3003457176956631,0.02492215847161361,0.03033736033904888,0.03575256220648415,302,48,nan,nan,0,,True,True,ellow-ellow
p0546,ellow-radmid-az000,ellow-radmid-az270,0.3337184279819884,0.5371766736074094,0.5876362198101287,0.31117612143053364,0.31427159279864797,51,50,0.31427159279864797,0.31272385711459083,0.31117612143053364,0.01944683518334045,0.02099457086739759,0.022542306551454783,289,64,nan,nan,0,,True,True,ellow-ellow
p0547,ellow-radmid-az000,ellow-radmid-az315,0.2900765496697533,0.4692645213198636,0.531400477260717,0.31117612143053364,0.2748397286931444,51,71,0.31117612143053364,0.29300792506183904,0.2748397286931444,-0.02109957176078031,-0.002931375392085711,0.015236820976608945,299,47,nan,nan,0,,False,False,ellow-ellow
p0548,ellow-radmid-az000,ellow-radfar-az000,0.2982729314685531,0.5044488474274187,0.555786109869862,0.31117612143053364,0.2817460140742008,51,67,0.31117612143053364,0.29646106775236725,0.2817460140742008,-0.012903189961980532,0.0018118637161858575,0.016526917394352303,283,57,nan,nan,0,,False,True,ellow-ellow
p0549,ellow-radmid-az000,ellow-radfar-az045,0.32370377450122845,0.5445263111198337,0.5997922199397996,0.31117612143053364,0.30519005759179973,51,55,0.31117612143053364,0.3081830895111667,0.30519005759179973,0.01252765307069481,0.015520684990061762,0.018513716909428712,295,62,nan,nan,0,,True,True,ellow-ellow
p0550,ellow-radmid-az000,ellow-radfar-az090,0.317749038643723,0.5371801236648442,0.5922386739576534,0.31117612143053364,0.3072999780629998,51,54,0.31117612143053364,0.3092380497467667,0.3072999780629998,0.0065729172131893665,0.008510988896956284,0.010449060580723202,287,64,nan,nan,0,,True,True,ellow-ellow
p0551,ellow-radmid-az000,ellow-radfar-az135,0.3331695896252064,0.5494090705016809,0.6010340632199791,0.31117612143053364,0.28205091366265594,51,66,0.31117612143053364,0.2966135175465948,0.28205091366265594,0.02199346819467274,0.03655607207861156,0.05111867596255043,292,51,nan,nan,0,,True,True,ellow-ellow
p0552,ellow-radmid-az000,ellow-radfar-az180,0.3252844363916242,0.5354479493067635,0.5832604627349933,0.31117612143053364,0.3013082995025368,51,56,0.31117612143053364,0.3062422104665352,0.3013082995025368,0.014108314961090551,0.019042225925088974,0.023976136889087396,292,62,nan,nan,0,,True,True,ellow-ellow
p0553,ellow-radmid-az000,ellow-radfar-az225,0.3113432218993917,0.5208363102166482,0.5808776959140523,0.31117612143053364,0.28484504258501964,51,64,0.31117612143053364,0.29801058200777664,0.28484504258501964,0.00016710046885803909,0.013332639891615039,0.02649817931437204,288,61,nan,nan,0,,True,True,ellow-ellow
p0554,ellow-radmid-az000,ellow-radfar-az270,0.34460391393027623,0.5535520751385296,0.6065763068504935,0.31117612143053364,0.30958469798239646,51,53,0.31117612143053364,0.3103804097064651,0.30958469798239646,0.03342779249974259,0.03422350422381115,0.03501921594787977,284,63,nan,nan,0,,True,True,ellow-ellow
p0555,ellow-radmid-az000,ellow-radfar-az315,0.31442723566678993,0.5210816073667771,0.5721222018976828,0.31117612143053364,0.27594677444659244,51,70,0.31117612143053364,0.29356144793856304,0.27594677444659244,0.0032511142362562917,0.020865787728226892,0.03848046122019749,296,55,nan,nan,0,,True,True,ellow-ellow
p0556,ellow-radmid-az000,elmid-radnear-az000,0.4736822458163422,0.7056767344458629,0.7314914906734724,0.31117612143053364,0.35517090007794966,51,20,0.35517090007794966,0.3331735107542416,0.31117612143053364,0.11851134573839256,0.1405087350621006,0.16250612438580858,295,63,nan,nan,0,,True,True,ellow-elmid
p0557,ellow-radmid-az000,elmid-radnear-az045,0.47341806228608463,0.703831071001418,0.728604264345421,0.31117612143053364,0.3542262604718849,51,23,0.3542262604718849,0.33270119095120926,0.31117612143053364,0.11919180181419975,0.14071687133487537,0.162241940855551,285,62,nan,nan,0,,True,True,ellow-elmid
p0558,ellow-radmid-az000,elmid-radnear-az090,0.4729400066680445,0.7002306584147656,0.7246454736569748,0.31117612143053364,0.3373441618464497,51,37,0.3373441618464497,0.3242601416384917,0.31117612143053364,0.13559584482159476,0.14867986502955277,0.16176388523751084,297,51,nan,nan,0,,True,True,ellow-elmid
p0559,ellow-radmid-az000,elmid-radnear-az135,0.4737465744498,0.7022303021250461,0.7261763772125913,0.31117612143053364,0.34220636476623056,51,31,0.34220636476623056,0.3266912430983821,0.31117612143053364,0.13154020968356944,0.1470553313514179,0.16257045301926637,289,47,nan,nan,0,,True,True,ellow-elmid
p0560,ellow-radmid-az000,elmid-radnear-az180,0.46949590630990523,0.6911133714574014,0.7192385685308886,0.31117612143053364,0.3511704098620124,51,25,0.3511704098620124,0.33117326564627303,0.31117612143053364,0.11832549644789281,0.1383226406636322,0.1583197848793716,291,56,nan,nan,0,,True,True,ellow-elmid
p0561,ellow-radmid-az000,elmid-radnear-az225,0.47660881925736104,0.709467965952411,0.7334223139720873,0.31117612143053364,0.36478026048785717,51,17,0.36478026048785717,0.3379781909591954,0.31117612143053364,0.11182855876950387,0.13863062829816564,0.1654326978268274,293,61,nan,nan,0,,True,True,ellow-elmid
p0562,ellow-radmid-az000,elmid-radnear-az270,0.4735352649988797,0.701228717605207,0.7269431698292934,0.31117612143053364,0.3473214946568377,51,26,0.3473214946568377,0.32924880804368567,0.31117612143053364,0.126213770342042,0.14428645695519404,0.16235914356834608,281,55,nan,nan,0,,True,True,ellow-elmid
p0563,ellow-radmid-az000,elmid-radnear-az315,0.4681684525229615,0.6971657856058604,0.724035086851189,0.31117612143053364,0.3398194147983978,51,34,0.3398194147983978,0.32549776811446574,0.31117612143053364,0.12834903772456374,0.14267068440849578,0.15699233109242788,289,57,nan,nan,0,,True,True,ellow-elmid
p0564,ellow-radmid-az000,elmid-radmid-az000,0.4773548356714061,0.7136708161867887,0.7376273453429822,0.31117612143053364,0.40109184962731287,51,5,0.40109184962731287,0.3561339855289233,0.31117612143053364,0.0762629860440932,0.1212208501424828,0.16617871424087244,285,52,nan,nan,0,,True,True,ellow-elmid
p0565,ellow-radmid-az000,elmid-radmid-az045,0.48605371551276705,0.7190897028790774,0.7410589087866795,0.31117612143053364,0.41641372706811924,51,1,0.41641372706811924,0.36379492424932647,0.31117612143053364,0.0696399884446478,0.12225879126344058,0.1748775940822334,282,62,nan,nan,0,,True,True,ellow-elmid
p0566,ellow-radmid-az000,elmid-radmid-az090,0.4878983768065956,0.7192394575338125,0.7422192073393369,0.31117612143053364,0.39457841386323705,51,8,0.39457841386323705,0.3528772676468853,0.31117612143053364,0.09331996294335854,0.13502110915971027,0.17672225537606195,287,63,nan,nan,0,,True,True,ellow-elmid
p0567,ellow-radmid-az000,elmid-radmid-az135,0.47355230292123507,0.7060863549454384,0.7310510182261073,0.31117612143053364,0.3855787851950759,51,15,0.3855787851950759,0.3483774533128048,0.31117612143053364,0.08797351772615919,0.12517484960843028,0.16237618149070143,294,65,nan,nan,0,,True,True,ellow-elmid
p0568,ellow-radmid-az000,elmid-radmid-az180,0.4833506917844025,0.7133796964371535,0.7380591174229668,0.31117612143053364,0.3920347270865256,51,10,0.3920347270865256,0.3516054242585296,0.31117612143053364,0.0913159646978769,0.1317452675258729,0.17217457035386885,296,52,nan,nan,0,,True,True,ellow-elmid
p0569,ellow-radmid-az000,elmid-radmid-az225,0.4957698038530213,0.7252476613685452,0.74782767355684,0.31117612143053364,0.4035228167038699,51,2,0.4035228167038699,0.3573494690672018,0.31117612143053364,0.09224698714915136,0.1384203347858195,0.18459368242248764,298,59,nan,nan,0,,True,True,ellow-elmid
p0570,ellow-radmid-az000,elmid-radmid-az270,0.4846085343891707,0.7188110680135535,0.7409770798784443,0.31117612143053364,0.40315190191972006,51,3,0.40315190191972006,0.35716401167512685,0.31117612143053364,0.08145663246945062,0.12744452271404383,0.17343241295863704,285,54,nan,nan,0,,True,True,ellow-elmid
p0571,ellow-radmid-az000,elmid-radmid-az315,0.4791713967564945,0.7088896300296023,0.7351551434109725,0.31117612143053364,0.38855085122315813,51,13,0.38855085122315813,0.3498634863268459,0.31117612143053364,0.09062054553333637,0.12930791042964862,0.16799527532596087,293,57,nan,nan,0,,True,True,ellow-elmid
p0572,ellow-radmid-az000,elmid-radfar-az000,0.4710732312386818,0.7084380115424299,0.7350520894714058,0.31117612143053364,0.3883653697649618,51,14,0.3883653697649618,0.3497707455977477,0.31117612143053364,0.08270786147372,0.1213024856409341,0.15989710980814814,296,56,nan,nan,0,,True,True,ellow-elmid
p0573,ellow-radmid-az000,elmid-radfar-az045,0.47643089618598633,0.7073959664073525,0.7338583229699077,0.31117612143053364,0.3904277067982496,51,12,0.3904277067982496,0.35080191411439166,0.31117612143053364,0.08600318938773671,0.12562898207159467,0.1652547747554527,286,63,nan,nan,0,,True,True,ellow-elmid
p0574,ellow-radmid-az000,elmid-radfar-az090,0.4835171538295833,0.7140043827460718,0.7386677625388954,0.31117612143053364,0.4031096513417022,51,4,0.4031096513417022,0.3571428863861179,0.31117612143053364,0.08040750248788114,0.12637426744346542,0.1723410323990497,286,64,nan,nan,0,,True,True,ellow-elmid
p0575,ellow-radmid-az000,elmid-radfar-az135,0.4712314061560445,0.7087370496797775,0.7376896663408005,0.31117612143053364,0.3906639225147944,51,11,0.3906639225147944,0.35092002197266403,0.31117612143053364,0.08056748364125005,0.12031138418338044,0.16005528472551084,293,55,nan,nan,0,,True,True,ellow-elmid
p0576,ellow-radmid-az000,elmid-radfar-az180,0.48061361312632883,0.7117788804732638,0.740015562431157,0.31117612143053364,0.39775345373611054,51,7,0.39775345373611054,0.3544647875833221,0.31117612143053364,0.08286015939021829,0.12614882554300672,0.1694374916957952,298,55,nan,nan,0,,True,True,ellow-elmid
p0577,ellow-radmid-az000,elmid-radfar-az225,0.48186143908203105,0.7108170778867965,0.7394512334314077,0.31117612143053364,0.40094783670068784,51,6,0.40094783670068784,0.35606197906561077,0.31117612143053364,0.08091360238134321,0.12579946001642028,0.17068531765149741,280,63,nan,nan,0,,True,True,ellow-elmid
p0578,ellow-radmid-az000,elmid-radfar-az270,0.47718068675669184,0.7074656638718199,0.7349681677987614,0.31117612143053364,0.39259913412484276,51,9,0.39259913412484276,0.35188762777768823,0.31117612143053364,0.08458155263184908,0.1252930589790036,0.1660045653261582,292,61,nan,nan,0,,True,True,ellow-elmid
p0579,ellow-radmid-az000,elmid-radfar-az315,0.4682063998714668,0.6993944304097144,0.7267857352804963,0.31117612143053364,0.38032179073567957,51,16,0.38032179073567957,0.34574895608310663,0.31117612143053364,0.08788460913578722,0.12245744378836015,0.15703027844093315,295,58,nan,nan,0,,True,True,ellow-elmid
p0580,ellow-radmid-az000,elhigh-radnear-az000,0.46220759482370044,0.6982115521397145,0.7264563866544378,0.31117612143053364,0.3287976256874326,51,48,0.3287976256874326,0.31998687355898314,0.31117612143053364,0.13340996913626785,0.1422207212647173,0.1510314733931668,288,57,nan,nan,0,,True,True,elhigh-ellow
p0581,ellow-radmid-az000,elhigh-radnear-az045,0.4722043683019146,0.7070893122592526,0.7319319630468992,0.31117612143053364,0.3372504425742561,51,38,0.3372504425742561,0.32421328200239485,0.31117612143053364,0.13495392572765846,0.14799108629951974,0.16102824687138095,299,57,nan,nan,0,,True,True,elhigh-ellow
p0582,ellow-radmid-az000,elhigh-radnear-az090,0.4682990932361047,0.6946777377122803,0.7200971253959652,0.31117612143053364,0.3417464009985519,51,32,0.3417464009985519,0.3264612612145428,0.31117612143053364,0.12655269223755278,0.14183783202156192,0.15712297180557105,288,63,nan,nan,0,,True,True,elhigh-ellow
p0583,ellow-radmid-az000,elhigh-radnear-az135,0.46154986907115675,0.6966014594496948,0.7241364644787923,0.31117612143053364,0.3320552452601486,51,46,0.3320552452601486,0.32161568334534113,0.31117612143053364,0.12949462381100812,0.13993418572581562,0.1503737476406231,284,63,nan,nan,0,,True,True,elhigh-ellow
p0584,ellow-radmid-az000,elhigh-radnear-az180,0.4661613385400003,0.6914717935631411,0.7214623399426447,0.31117612143053364,0.3395650145085634,51,35,0.3395650145085634,0.32537056796954855,0.31117612143053364,0.1265963240314369,0.14079077057045175,0.15498521710946667,293,55,nan,nan,0,,True,True,elhigh-ellow
p0585,ellow-radmid-az000,elhigh-radnear-az225,0.4716668581940696,0.7042044492617352,0.7300577313046738,0.31117612143053364,0.3440784937220457,51,28,0.3440784937220457,0.32762730757628966,0.31117612143053364,0.12758836447202393,0.14403955061777995,0.16049073676353598,278,65,nan,nan,0,,True,True,elhigh-ellow
p0586,ellow-radmid-az000,elhigh-radnear-az270,0.4700466865516008,0.700272549521288,0.7269962670465699,0.31117612143053364,0.3216859159930162,51,49,0.3216859159930162,0.3164310187117749,0.31117612143053364,0.1483607705585846,0.1536156678398259,0.15887056512106718,290,59,nan,nan,0,,True,True,elhigh-ellow
p0587,ellow-radmid-az000,elhigh-radnear-az315,0.4640607401779486,0.6950288714403339,0.7219877096262727,0.31117612143053364,0.3361849875189326,51,41,0.3361849875189326,0.3236805544747331,0.31117612143053364,0.12787575265901602,0.14038018570321553,0.152884618747415,287,63,nan,nan,0,,True,True,elhigh-ellow
p0588,ellow-radmid-az000,elhigh-radmid-az000,0.47082685055760753,0.7051436198945327,0.732181809426106,0.31117612143053364,0.3459669579749205,51,27,0.3459669579749205,0.32857153970272707,0.31117612143053364,0.12485989258268704,0.14225531085488047,0.1596507291270739,284,52,nan,nan,0,,True,True,elhigh-ellow
p0589,ellow-radmid-az000,elhigh-radmid-az045,0.47786367235459565,0.7099644764445531,0.7341977183080504,0.31117612143053364,0.35969234721512794,51,18,0.35969234721512794,0.3354342343228308,0.31117612143053364,0.11817132513946771,0.14242943803176483,0.166687550924062,294,55,nan,nan,0,,True,True,elhigh-ellow
p0590,ellow-radmid-az000,elhigh-radmid-az090,0.47309653026064136,0.7070887696360666,0.7328925430512706,0.31117612143053364,0.3545783681398182,51,21,0.3545783681398182,0.3328772447851759,0.31117612143053364,0.11851816212082317,0.14021928547546547,0.16192040883010772,288,57,nan,nan,0,,True,True,elhigh-ellow
p0591,ellow-radmid-az000,elhigh-radmid-az135,0.47782631078157806,0.708144352185836,0.7331617219513284,0.31117612143053364,0.3434079473811069,51,30,0.3434079473811069,0.3272920344058203,0.31117612143053364,0.13441836340047114,0.15053427637575778,0.16665018935104442,288,61,nan,nan,0,,True,True,elhigh-ellow
p0592,ellow-radmid-az000,elhigh-radmid-az180,0.47406640489788443,0.7046365918683477,0.731585914139952,0.31117612143053364,0.35560303382831304,51,19,0.35560303382831304,0.33338957762942334,0.31117612143053364,0.11846337106957139,0.1406768272684611,0.1628902834673508,283,66,nan,nan,0,,True,True,elhigh-ellow
p0593,ellow-radmid-az000,elhigh-radmid-az225,0.4869773036756311,0.712584596827285,0.73743624412461,0.31117612143053364,0.33765850732244423,51,36,0.33765850732244423,0.3244173143764889,0.31117612143053364,0.14931879635318684,0.16255998929914217,0.17580118224509744,277,66,nan,nan,0,,True,True,elhigh-ellow
p0594,ellow-radmid-az000,elhigh-radmid-az270,0.479309623331633,0.709406549528142,0.7340778764122989,0.31117612143053364,0.33467761382312017,51,43,0.33467761382312017,0.3229268676268269,0.31117612143053364,0.14463200950851285,0.15638275570480614,0.16813350190109938,294,58,nan,nan,0,,True,True,elhigh-ellow
p0595,ellow-radmid-az000,elhigh-radmid-az315,0.47123177924905846,0.7040310753014584,0.7316883419841442,0.31117612143053364,0.3357774895562401,51,42,0.3357774895562401,0.32347680549338687,0.31117612143053364,0.13545428969281836,0.1477549737556716,0.16005565781852482,297,58,nan,nan,0,,True,True,elhigh-ellow
p0596,ellow-radmid-az000,elhigh-radfar-az000,0.4679087546592885,0.7078329219094163,0.7341090754933872,0.31117612143053364,0.33999633482078295,51,33,0.33999633482078295,0.3255862281256583,0.31117612143053364,0.12791241983850554,0.1423225265336302,0.15673263322875486,301,49,nan,nan,0,,True,True,elhigh-ellow
p0597,ellow-radmid-az000,elhigh-radfar-az045,0.48308213512918863,0.7168250589107429,0.7402238323339981,0.31117612143053364,0.3517406582248309,51,24,0.3517406582248309,0.3314583898276823,0.31117612143053364,0.1313414769043577,0.15162374530150635,0.171906013698655,270,70,nan,nan,0,,True,True,elhigh-ellow
p0598,ellow-radmid-az000,elhigh-radfar-az090,0.4798725697363803,0.7102539577074712,0.7337106778038575,0.31117612143053364,0.33715840306367034,51,39,0.33715840306367034,0.324167262247102,0.31117612143053364,0.14271416667270997,0.1557053074892783,0.16869644830584668,294,56,nan,nan,0,,True,True,elhigh-ellow
p0599,ellow-radmid-az000,elhigh-radfar-az135,0.47231845195355354,0.7042384415003758,0.7313845481641243,0.31117612143053364,0.35443982782283306,51,22,0.35443982782283306,0.3328079746266833,0.31117612143053364,0.11787862413072048,0.13951047732687022,0.1611423305230199,300,54,nan,nan,0,,True,True,elhigh-ellow
p0600,ellow-radmid-az000,elhigh-radfar-az180,0.47841469619221316,0.7096268262154604,0.7352861414928029,0.31117612143053364,0.3435612602938729,51,29,0.3435612602938729,0.32736869086220327,0.31117612143053364,0.13485343589834026,0.1510460053300099,0.16723857476167953,294,60,nan,nan,0,,True,True,elhigh-ellow
p0601,ellow-radmid-az000,elhigh-radfar-az225,0.48603066863093414,0.715043905507305,0.7390213447484069,0.31117612143053364,0.3330930922222578,51,45,0.3330930922222578,0.3221346068263957,0.31117612143053364,0.15293757640867633,0.16389606180453842,0.1748545472004005,297,55,nan,nan,0,,True,True,elhigh-ellow
p0602,ellow-radmid-az000,elhigh-radfar-az270,0.4782523234298959,0.7062189628868356,0.7317020415409035,0.31117612143053364,0.3342499000230558,51,44,0.3342499000230558,0.3227130107267947,0.31117612143053364,0.14400242340684005,0.15553931270310117,0.16707620199936224,291,58,nan,nan,0,,True,True,elhigh-ellow
p0603,ellow-radmid-az000,elhigh-radfar-az315,0.46474406195223433,0.7032417112283514,0.7314917504682886,0.31117612143053364,0.3370014455332844,51,40,0.3370014455332844,0.32408878348190906,0.31117612143053364,0.1277426164189499,0.14065527847032527,0.1535679405217007,291,58,nan,nan,0,,True,True,elhigh-ellow
p0604,ellow-radmid-az045,ellow-radmid-az090,0.2758360583347727,0.467584554336067,0.5236923961685711,0.30014263000222136,0.29891069134571624,58,59,0.30014263000222136,0.2995266606739688,0.29891069134571624,-0.02430657166744865,-0.02369060233919612,-0.023074633010943535,290,51,nan,nan,0,,False,False,ellow-ellow
p0605,ellow-radmid-az045,ellow-radmid-az135,0.2983630224600182,0.49921335381822407,0.5548735957013181,0.30014263000222136,0.27777266742978585,58,69,0.30014263000222136,0.2889576487160036,0.27777266742978585,-0.0017796075422031321,0.009405373744014622,0.020590355030232377,289,54,nan,nan,0,,False,True,ellow-ellow
p0606,ellow-radmid-az045,ellow-radmid-az180,0.31720366744551076,0.5129689035544192,0.5581542155402144,0.30014263000222136,0.33089890701803604,58,47,0.33089890701803604,0.31552076851012867,0.30014263000222136,-0.013695239572525275,0.0016828989353820933,0.017061037443289406,295,57,nan,nan,0,,False,True,ellow-ellow
p0607,ellow-radmid-az045,ellow-radmid-az225,0.3336914748971411,0.54483016936458,0.5956949672306079,0.30014263000222136,0.3003457176956631,58,57,0.3003457176956631,0.3002441738489422,0.30014263000222136,0.03334575720147803,0.03344730104819893,0.03354884489491977,298,46,nan,nan,0,,True,True,ellow-ellow
p0608,ellow-radmid-az045,ellow-radmid-az270,0.31556231644835386,0.5144774814501029,0.5690818316922298,0.30014263000222136,0.31427159279864797,58,50,0.31427159279864797,0.30720711140043466,0.30014263000222136,0.0012907236497058938,0.0083552050479192,0.015419686446132508,285,62,nan,nan,0,,True,True,ellow-ellow
p0609,ellow-radmid-az045,ellow-radmid-az315,0.3110774254308394,0.5114546189570786,0.5644969394403286,0.30014263000222136,0.2748397286931444,58,71,0.30014263000222136,0.28749117934768287,0.2748397286931444,0.010934795428618027,0.023586246083156515,0.036237696737695,295,45,nan,nan,0,,True,True,ellow-ellow
p0610,ellow-radmid-az045,ellow-radfar-az000,0.3224244557585456,0.5360571834671013,0.589788897627824,0.30014263000222136,0.2817460140742008,58,67,0.30014263000222136,0.2909443220382111,0.2817460140742008,0.02228182575632426,0.031480133720334535,0.04067844168434481,279,55,nan,nan,0,,True,True,ellow-ellow
p0611,ellow-radmid-az045,ellow-radfar-az045,0.3059204136819481,0.5108125254686877,0.5632615898074077,0.30014263000222136,0.30519005759179973,58,55,0.30519005759179973,0.3026663437970105,0.30014263000222136,0.0007303560901483763,0.0032540698849375937,0.005777783679726756,291,60,nan,nan,0,,True,True,ellow-ellow
p0612,ellow-radmid-az045,ellow-radfar-az090,0.30463811682227077,0.5146005532562213,0.5688855521521731,0.30014263000222136,0.3072999780629998,58,54,0.3072999780629998,0.30372130403261055,0.30014263000222136,-0.0026618612407290354,0.0009168127896602152,0.00449548682004941,283,62,nan,nan,0,,False,True,ellow-ellow
p0613,ellow-radmid-az045,ellow-radfar-az135,0.2744595595306948,0.46941220980513715,0.521606439813006,0.30014263000222136,0.28205091366265594,58,66,0.30014263000222136,0.29109677183243865,0.28205091366265594,-0.02568307047152657,-0.016637212301743864,-0.007591354131961159,288,49,nan,nan,0,,False,False,ellow-ellow
p0614,ellow-radmid-az045,ellow-radfar-az180,0.32352852111156744,0.535231868556265,0.5809849443258951,0.30014263000222136,0.3013082995025368,58,56,0.3013082995025368,0.30072546475237905,0.30014263000222136,0.022220221609030644,0.02280305635918839,0.02338589110934608,288,60,nan,nan,0,,True,True,ellow-ellow
p0615,ellow-radmid-az045,ellow-radfar-az225,0.28556218537399225,0.4845328637630933,0.5455682144793039,0.30014263000222136,0.28484504258501964,58,64,0.30014263000222136,0.29249383629362047,0.28484504258501964,-0.014580444628229106,-0.006931650919628218,0.0007171427889726134,284,59,nan,nan,0,,False,False,ellow-ellow
p0616,ellow-radmid-az045,ellow-radfar-az270,0.29858130608223626,0.49639362966501593,0.5534167933917753,0.30014263000222136,0.30958469798239646,58,53,0.30958469798239646,0.3048636639923089,0.30014263000222136,-0.011003391900160198,-0.0062823579100726445,-0.0015613239199850915,280,61,nan,nan,0,,False,False,ellow-ellow
p0617,ellow-radmid-az045,ellow-radfar-az315,0.28683955094883007,0.48299578667783066,0.536837943533206,0.30014263000222136,0.27594677444659244,58,70,0.30014263000222136,0.2880447022244069,0.27594677444659244,-0.013303079053391287,-0.0012051512755768545,0.010892776502237633,292,53,nan,nan,0,,False,False,ellow-ellow
p0618,ellow-radmid-az045,elmid-radnear-az000,0.475724083601179,0.7096926590377904,0.735775172286102,0.30014263000222136,0.35517090007794966,58,20,0.35517090007794966,0.3276567650400855,0.30014263000222136,0.12055318352322936,0.1480673185610935,0.17558145359895766,291,61,nan,nan,0,,True,True,ellow-elmid
p0619,ellow-radmid-az045,elmid-radnear-az045,0.4664078677008292,0.6982188552237851,0.7239282262919026,0.30014263000222136,0.3542262604718849,58,23,0.3542262604718849,0.32718444523705315,0.30014263000222136,0.11218160722894432,0.13922342246377606,0.16626523769860785,281,60,nan,nan,0,,True,True,ellow-elmid
p0620,ellow-radmid-az045,elmid-radnear-az090,0.46407693054247107,0.6916597158352503,0.7180637286235303,0.30014263000222136,0.3373441618464497,58,37,0.3373441618464497,0.31874339592433554,0.30014263000222136,0.12673276869602135,0.14533353461813553,0.1639343005402497,293,49,nan,nan,0,,True,True,ellow-elmid
p0621,ellow-radmid-az045,elmid-radnear-az135,0.4653064660627955,0.6938629894638556,0.7199755911518517,0.30014263000222136,0.34220636476623056,58,31,0.34220636476623056,0.321174497384226,0.30014263000222136,0.12310010129656496,0.14413196867856953,0.16516383606057417,285,45,nan,nan,0,,True,True,ellow-elmid
p0622,ellow-radmid-az045,elmid-radnear-az180,0.4644393132927371,0.6946982616493752,0.7209553499767332,0.30014263000222136,0.3511704098620124,58,25,0.3511704098620124,0.32565651993211686,0.30014263000222136,0.11326890343072465,0.13878279336062022,0.16429668329051572,287,54,nan,nan,0,,True,True,ellow-elmid
p0623,ellow-radmid-az045,elmid-radnear-az225,0.4743465469950932,0.7015558626775056,0.7279388566813727,0.30014263000222136,0.36478026048785717,58,17,0.36478026048785717,0.3324614452450393,0.30014263000222136,0.10956628650723604,0.14188510175005392,0.17420391699287185,289,59,nan,nan,0,,True,True,ellow-elmid
p0624,ellow-radmid-az045,elmid-radnear-az270,0.4710586207451455,0.6961677420030572,0.7215966581980214,0.30014263000222136,0.3473214946568377,58,26,0.3473214946568377,0.32373206232952956,0.30014263000222136,0.12373712608830778,0.14732655841561593,0.17091599074292413,277,53,nan,nan,0,,True,True,ellow-elmid
p0625,ellow-radmid-az045,elmid-radnear-az315,0.46742671848103096,0.7027634365148885,0.7297676949617405,0.30014263000222136,0.3398194147983978,58,34,0.3398194147983978,0.31998102240030957,0.30014263000222136,0.12760730368263318,0.1474456960807214,0.1672840884788096,285,55,nan,nan,0,,True,True,ellow-elmid
p0626,ellow-radmid-az045,elmid-radmid-az000,0.48083341787291306,0.7218194577257941,0.7471882175996011,0.30014263000222136,0.40109184962731287,58,5,0.40109184962731287,0.3506172398147671,0.30014263000222136,0.07974156824560019,0.13021617805814595,0.1806907878706917,281,50,nan,nan,0,,True,True,ellow-elmid
p0627,ellow-radmid-az045,elmid-radmid-az045,0.4812152201409351,0.7097309596301068,0.7342238144798184,0.30014263000222136,0.41641372706811924,58,1,0.41641372706811924,0.3582781785351703,0.30014263000222136,0.06480149307281585,0.1229370416057648,0.18107259013871374,278,60,nan,nan,0,,True,True,ellow-elmid
p0628,ellow-radmid-az045,elmid-radmid-az090,0.4822276066953899,0.7128795018983333,0.7374507574482286,0.30014263000222136,0.39457841386323705,58,8,0.39457841386323705,0.3473605219327292,0.30014263000222136,0.08764919283215283,0.13486708476266068,0.18208497669316853,283,61,nan,nan,0,,True,True,ellow-elmid
p0629,ellow-radmid-az045,elmid-radmid-az135,0.48307079850030665,0.7116725135670526,0.7365452405837776,0.30014263000222136,0.3855787851950759,58,15,0.3855787851950759,0.3428607075986486,0.30014263000222136,0.09749201330523077,0.14021009090165804,0.1829281684980853,290,63,nan,nan,0,,True,True,ellow-elmid
p0630,ellow-radmid-az045,elmid-radmid-az180,0.48147004976292396,0.715198283204061,0.7394790748863435,0.30014263000222136,0.3920347270865256,58,10,0.3920347270865256,0.3460886785443735,0.30014263000222136,0.08943532267639837,0.13538137121855048,0.1813274197607026,292,50,nan,nan,0,,True,True,ellow-elmid
p0631,ellow-radmid-az045,elmid-radmid-az225,0.4883918760554505,0.7187751221400016,0.7432542165498927,0.30014263000222136,0.4035228167038699,58,2,0.4035228167038699,0.3518327233530456,0.30014263000222136,0.08486905935158057,0.13655915270240487,0.18824924605322912,294,57,nan,nan,0,,True,True,ellow-elmid
p0632,ellow-radmid-az045,elmid-radmid-az270,0.4842865314853065,0.7199665313080583,0.7439920428675687,0.30014263000222136,0.40315190191972006,58,3,0.40315190191972006,0.35164726596097073,0.30014263000222136,0.08113462956558642,0.13263926552433575,0.18414390148308513,281,52,nan,nan,0,,True,True,ellow-elmid
p0633,ellow-radmid-az045,elmid-radmid-az315,0.48189344675309986,0.7146192971824723,0.7420916660156889,0.30014263000222136,0.38855085122315813,58,13,0.38855085122315813,0.3443467406126898,0.30014263000222136,0.09334259552994173,0.1375467061404101,0.1817508167508785,289,55,nan,nan,0,,True,True,ellow-elmid
p0634,ellow-radmid-az045,elmid-radfar-az000,0.47577005795014227,0.7112366733102353,0.7370722008482149,0.30014263000222136,0.3883653697649618,58,14,0.3883653697649618,0.34425399988359157,0.30014263000222136,0.08740468818518049,0.1315160580665507,0.1756274279479209,292,54,nan,nan,0,,True,True,ellow-elmid
p0635,ellow-radmid-az045,elmid-radfar-az045,0.4777194769891675,0.7135418556030899,0.7382754701266323,0.30014263000222136,0.3904277067982496,58,12,0.3904277067982496,0.3452851684002355,0.30014263000222136,0.08729177019091788,0.13243430858893201,0.17757684698694615,282,61,nan,nan,0,,True,True,ellow-elmid
p0636,ellow-radmid-az045,elmid-radfar-az090,0.473148669247767,0.7053480796556302,0.732192004815425,0.30014263000222136,0.4031096513417022,58,4,0.4031096513417022,0.35162614067196174,0.30014263000222136,0.07003901790606482,0.12152252857580526,0.17300603924554564,282,62,nan,nan,0,,True,True,ellow-elmid
p0637,ellow-radmid-az045,elmid-radfar-az135,0.4743994495029043,0.7102640284917384,0.737293422008783,0.30014263000222136,0.3906639225147944,58,11,0.3906639225147944,0.34540327625850786,0.30014263000222136,0.08373552698810988,0.12899617324439644,0.17425681950068295,289,53,nan,nan,0,,True,True,ellow-elmid
p0638,ellow-radmid-az045,elmid-radfar-az180,0.48121379347883153,0.7156794697061817,0.7418045192436904,0.30014263000222136,0.39775345373611054,58,7,0.39775345373611054,0.34894804186916595,0.30014263000222136,0.08346033974272099,0.13226575160966558,0.18107116347661018,294,53,nan,nan,0,,True,True,ellow-elmid
p0639,ellow-radmid-az045,elmid-radfar-az225,0.4822032334547885,0.7120165917215443,0.7416465863902637,0.30014263000222136,0.40094783670068784,58,6,0.40094783670068784,0.3505452333514546,0.30014263000222136,0.08125539675410065,0.1316580001033339,0.18206060345256714,276,61,nan,nan,0,,True,True,ellow-elmid
p0640,ellow-radmid-az045,elmid-radfar-az270,0.479443019001297,0.7157660334173582,0.7430645617110165,0.30014263000222136,0.39259913412484276,58,9,0.39259913412484276,0.34637088206353206,0.30014263000222136,0.08684388487645422,0.13307213693776493,0.17930038899907563,288,59,nan,nan,0,,True,True,ellow-elmid
p0641,ellow-radmid-az045,elmid-radfar-az315,0.4761420724928424,0.7146246493096841,0.7417746782738596,0.30014263000222136,0.38032179073567957,58,16,0.38032179073567957,0.34023221036895046,0.30014263000222136,0.09582028175716284,0.13590986212389194,0.17599944249062105,291,56,nan,nan,0,,True,True,ellow-elmid
p0642,ellow-radmid-az045,elhigh-radnear-az000,0.46080080263519546,0.6952825677806087,0.7210106071281842,0.30014263000222136,0.3287976256874326,58,48,0.3287976256874326,0.314470127844827,0.30014263000222136,0.13200317694776287,0.1463306747903685,0.1606581726329741,284,55,nan,nan,0,,True,True,elhigh-ellow
p0643,ellow-radmid-az045,elhigh-radnear-az045,0.4649730912192381,0.6996191622970592,0.7257705227238228,0.30014263000222136,0.3372504425742561,58,38,0.3372504425742561,0.31869653628823874,0.30014263000222136,0.12772264864498195,0.14627655493099934,0.16483046121701672,295,55,nan,nan,0,,True,True,elhigh-ellow
p0644,ellow-radmid-az045,elhigh-radnear-az090,0.4557603050375959,0.6866870699730164,0.7139698489872298,0.30014263000222136,0.3417464009985519,58,32,0.3417464009985519,0.3209445155003866,0.30014263000222136,0.11401390403904399,0.1348157895372093,0.15561767503537455,284,61,nan,nan,0,,True,True,elhigh-ellow
p0645,ellow-radmid-az045,elhigh-radnear-az135,0.45900338976744454,0.6871042445470591,0.7133298293556458,0.30014263000222136,0.3320552452601486,58,46,0.3320552452601486,0.316098937631185,0.30014263000222136,0.1269481445072959,0.14290445213625952,0.15886075976522318,280,61,nan,nan,0,,True,True,elhigh-ellow
p0646,ellow-radmid-az045,elhigh-radnear-az180,0.46549433534231055,0.6960585338904999,0.7238763186838674,0.30014263000222136,0.3395650145085634,58,35,0.3395650145085634,0.3198538222553924,0.30014263000222136,0.12592932083374714,0.14564051308691817,0.1653517053400892,289,53,nan,nan,0,,True,True,elhigh-ellow
p0647,ellow-radmid-az045,elhigh-radnear-az225,0.4740931737894307,0.70294923147929,0.7288999600262142,0.30014263000222136,0.3440784937220457,58,28,0.3440784937220457,0.3221105618621335,0.30014263000222136,0.13001468006738504,0.15198261192729723,0.17395054378720937,274,63,nan,nan,0,,True,True,elhigh-ellow
p0648,ellow-radmid-az045,elhigh-radnear-az270,0.4652973314407238,0.6926384428048908,0.7211383893960557,0.30014263000222136,0.3216859159930162,58,49,0.3216859159930162,0.31091427299761876,0.30014263000222136,0.1436114154477076,0.15438305844310507,0.16515470143850247,286,57,nan,nan,0,,True,True,elhigh-ellow
p0649,ellow-radmid-az045,elhigh-radnear-az315,0.46468956701204706,0.6983607022818802,0.7259743463802081,0.30014263000222136,0.3361849875189326,58,41,0.3361849875189326,0.318163808760577,0.30014263000222136,0.12850457949311445,0.14652575825147007,0.1645469370098257,283,61,nan,nan,0,,True,True,elhigh-ellow
p0650,ellow-radmid-az045,elhigh-radmid-az000,0.472711246129612,0.706772559817983,0.7335447547276591,0.30014263000222136,0.3459669579749205,58,27,0.3459669579749205,0.32305479398857095,0.30014263000222136,0.12674428815469152,0.14965645214104106,0.17256861612739066,280,50,nan,nan,0,,True,True,elhigh-ellow
p0651,ellow-radmid-az045,elhigh-radmid-az045,0.476807834984474,0.7090549132218102,0.7319411935608343,0.30014263000222136,0.35969234721512794,58,18,0.35969234721512794,0.32991748860867465,0.30014263000222136,0.11711548776934605,0.14689034637579934,0.17666520498225263,290,53,nan,nan,0,,True,True,elhigh-ellow
p0652,ellow-radmid-az045,elhigh-radmid-az090,0.4736504006619593,0.704391380059096,0.730867658394618,0.30014263000222136,0.3545783681398182,58,21,0.3545783681398182,0.3273604990710198,0.30014263000222136,0.1190720325221411,0.14628990159093952,0.17350777065973794,284,55,nan,nan,0,,True,True,elhigh-ellow
p0653,ellow-radmid-az045,elhigh-radmid-az135,0.4737156686093442,0.6997217673884847,0.7262983540877122,0.30014263000222136,0.3434079473811069,58,30,0.3434079473811069,0.32177528869166416,0.30014263000222136,0.1303077212282373,0.15194037991768006,0.17357303860712286,284,59,nan,nan,0,,True,True,elhigh-ellow
p0654,ellow-radmid-az045,elhigh-radmid-az180,0.48322620714892883,0.7105104726054651,0.7363189020399362,0.30014263000222136,0.35560303382831304,58,19,0.35560303382831304,0.32787283191526717,0.30014263000222136,0.1276231733206158,0.15535337523366166,0.18308357714670748,279,64,nan,nan,0,,True,True,elhigh-ellow
p0655,ellow-radmid-az045,elhigh-radmid-az225,0.4778933936809016,0.7061481695750709,0.7320551274951341,0.30014263000222136,0.33765850732244423,58,36,0.33765850732244423,0.3189005686623328,0.30014263000222136,0.14023488635845738,0.15899282501856882,0.17775076367868026,273,64,nan,nan,0,,True,True,elhigh-ellow
p0656,ellow-radmid-az045,elhigh-radmid-az270,0.47298143266604153,0.7012741511108365,0.7315072763185404,0.30014263000222136,0.33467761382312017,58,43,0.33467761382312017,0.31741012191267076,0.30014263000222136,0.13830381884292137,0.15557131075337077,0.17283880266382018,290,56,nan,nan,0,,True,True,elhigh-ellow
p0657,ellow-radmid-az045,elhigh-radmid-az315,0.46432355678372744,0.698766509178666,0.7268888702181322,0.30014263000222136,0.3357774895562401,58,42,0.3357774895562401,0.3179600597792307,0.30014263000222136,0.12854606722748735,0.14636349700449675,0.1641809267815061,293,56,nan,nan,0,,True,True,elhigh-ellow
p0658,ellow-radmid-az045,elhigh-radfar-az000,0.4690475803003744,0.7048978650267141,0.7327010928299327,0.30014263000222136,0.33999633482078295,58,33,0.33999633482078295,0.3200694824115021,0.30014263000222136,0.12905124547959146,0.14897809788887229,0.16890495029815306,297,47,nan,nan,0,,True,True,elhigh-ellow
p0659,ellow-radmid-az045,elhigh-radfar-az045,0.480243162912903,0.7175416484970635,0.7410714561435052,0.30014263000222136,0.3517406582248309,58,24,0.3517406582248309,0.3259416441135261,0.30014263000222136,0.12850250468807206,0.15430151879937687,0.18010053291068162,266,68,nan,nan,0,,True,True,elhigh-ellow
p0660,ellow-radmid-az045,elhigh-radfar-az090,0.47067114631596235,0.701803039944783,0.7283225367492613,0.30014263000222136,0.33715840306367034,58,39,0.33715840306367034,0.31865051653294585,0.30014263000222136,0.133512743252292,0.1520206297830165,0.170528516313741,290,54,nan,nan,0,,True,True,elhigh-ellow
p0661,ellow-radmid-az045,elhigh-radfar-az135,0.47754314817695775,0.7073677134760266,0.7332069967693426,0.30014263000222136,0.35443982782283306,58,22,0.35443982782283306,0.3272912289125272,0.30014263000222136,0.12310332035412469,0.15025191926443054,0.1774005181747364,296,52,nan,nan,0,,True,True,elhigh-ellow
p0662,ellow-radmid-az045,elhigh-radfar-az180,0.47201632279046907,0.7074371666169705,0.7348954468704942,0.30014263000222136,0.3435612602938729,58,29,0.3435612602938729,0.32185194514804716,0.30014263000222136,0.12845506249659616,0.1501643776424219,0.1718736927882477,290,58,nan,nan,0,,True,True,elhigh-ellow
p0663,ellow-radmid-az045,elhigh-radfar-az225,0.4807025810685752,0.7108062958295815,0.7378397756747778,0.30014263000222136,0.3330930922222578,58,45,0.3330930922222578,0.31661786111223955,0.30014263000222136,0.14760948884631742,0.16408471995633567,0.18055995106635386,293,53,nan,nan,0,,True,True,elhigh-ellow
p0664,ellow-radmid-az045,elhigh-radfar-az270,0.47419082018967657,0.7021468980869516,0.7310576390173114,0.30014263000222136,0.3342499000230558,58,44,0.3342499000230558,0.3171962650126386,0.30014263000222136,0.13994092016662074,0.15699455517703798,0.1740481901874552,287,56,nan,nan,0,,True,True,elhigh-ellow
p0665,ellow-radmid-az045,elhigh-radfar-az315,0.4665253739774206,0.7046347254483047,0.7333418627811622,0.30014263000222136,0.3370014455332844,58,40,0.3370014455332844,0.3185720377677529,0.30014263000222136,0.12952392844413618,0.14795333620966772,0.16638274397519925,287,56,nan,nan,0,,True,True,elhigh-ellow
p0666,ellow-radmid-az090,ellow-radmid-az135,0.2861072509342747,0.4778976868239051,0.5365959838453289,0.29891069134571624,0.27777266742978585,59,69,0.29891069134571624,0.288341679387751,0.27777266742978585,-0.012803440411441547,-0.0022344284534763226,0.008334583504488846,293,55,nan,nan,0,,False,False,ellow-ellow
p0667,ellow-radmid-az090,ellow-radmid-az180,0.3387087067076025,0.5514439423000621,0.6000598384805613,0.29891069134571624,0.33089890701803604,59,47,0.33089890701803604,0.31490479918187614,0.29891069134571624,0.007809799689566466,0.023803907525726364,0.03979801536188626,299,58,nan,nan,0,,True,True,ellow-ellow
p0668,ellow-radmid-az090,ellow-radmid-az225,0.3094297075679656,0.5050240995652949,0.5603866232476806,0.29891069134571624,0.3003457176956631,59,57,0.3003457176956631,0.29962820452068967,0.29891069134571624,0.009083989872302523,0.00980150304727595,0.010519016222249378,302,47,nan,nan,0,,True,True,ellow-ellow
p0669,ellow-radmid-az090,ellow-radmid-az270,0.3176535448791974,0.5134868363588412,0.5669495038237561,0.29891069134571624,0.31427159279864797,59,50,0.31427159279864797,0.3065911420721821,0.29891069134571624,0.003381952080549422,0.011062402807015315,0.018742853533481152,289,63,nan,nan,0,,True,True,ellow-ellow
p0670,ellow-radmid-az090,ellow-radmid-az315,0.299663452988441,0.495932583126931,0.553590986869461,0.29891069134571624,0.2748397286931444,59,71,0.29891069134571624,0.2868752100194303,0.2748397286931444,0.000752761642724753,0.01278824296901071,0.024823724295296612,299,46,nan,nan,0,,True,True,ellow-ellow
p0671,ellow-radmid-az090,ellow-radfar-az000,0.2900457865378479,0.48758789612646214,0.548217614601242,0.29891069134571624,0.2817460140742008,59,67,0.29891069134571624,0.2903283527099585,0.2817460140742008,-0.008864904807868335,-0.00028256617211058765,0.008299772463647104,283,56,nan,nan,0,,False,False,ellow-ellow
p0672,ellow-radmid-az090,ellow-radfar-az045,0.267568291577509,0.450678290634324,0.5062138067454451,0.29891069134571624,0.30519005759179973,59,55,0.30519005759179973,0.302050374468758,0.29891069134571624,-0.037621766014290736,-0.03448208289124899,-0.03134239976820724,295,61,nan,nan,0,,False,False,ellow-ellow
p0673,ellow-radmid-az090,ellow-radfar-az090,0.28346969283432305,0.4728835636137023,0.5306318348351466,0.29891069134571624,0.3072999780629998,59,54,0.3072999780629998,0.303105334704358,0.29891069134571624,-0.02383028522867675,-0.01963564187003497,-0.015440998511393189,287,63,nan,nan,0,,False,False,ellow-ellow
p0674,ellow-radmid-az090,ellow-radfar-az135,0.301579297696821,0.503898629005316,0.5587078701568827,0.29891069134571624,0.28205091366265594,59,66,0.29891069134571624,0.29048080250418606,0.28205091366265594,0.002668606351104774,0.01109849519263495,0.01952838403416507,292,50,nan,nan,0,,True,True,ellow-ellow
p0675,ellow-radmid-az090,ellow-radfar-az180,0.31742377822050616,0.524730041439724,0.577327107087295,0.29891069134571624,0.3013082995025368,59,56,0.3013082995025368,0.3001094954241265,0.29891069134571624,0.016115478717969367,0.017314282796379643,0.01851308687478992,292,61,nan,nan,0,,True,True,ellow-ellow
p0676,ellow-radmid-az090,ellow-radfar-az225,0.3367723696025347,0.5516381185775618,0.602845485115398,0.29891069134571624,0.28484504258501964,59,64,0.29891069134571624,0.29187786696536794,0.28484504258501964,0.037861678256818465,0.04489450263716677,0.05192732701751507,288,60,nan,nan,0,,True,True,ellow-ellow
p0677,ellow-radmid-az090,ellow-radfar-az270,0.30720766471948613,0.5137513457441539,0.5691257601164691,0.29891069134571624,0.30958469798239646,59,53,0.30958469798239646,0.3042476946640563,0.29891069134571624,-0.002377033262910333,0.002959970055429806,0.00829697337376989,284,62,nan,nan,0,,False,True,ellow-ellow
p0678,ellow-radmid-az090,ellow-radfar-az315,0.3198080811845717,0.5200869512445973,0.5641525789642589,0.29891069134571624,0.27594677444659244,59,70,0.29891069134571624,0.28742873289615434,0.27594677444659244,0.020897389838855474,0.032379348288417376,0.04386130673797928,296,54,nan,nan,0,,True,True,ellow-ellow
p0679,ellow-radmid-az090,elmid-radnear-az000,0.4730619415514201,0.702051908451167,0.7284261306819928,0.29891069134571624,0.35517090007794966,59,20,0.35517090007794966,0.327040795711833,0.29891069134571624,0.11789104147347046,0.14602114583958714,0.17415125020570388,295,62,nan,nan,0,,True,True,ellow-elmid
p0680,ellow-radmid-az090,elmid-radnear-az045,0.46895104358756745,0.699851559365917,0.725535117812255,0.29891069134571624,0.3542262604718849,59,23,0.3542262604718849,0.32656847590880056,0.29891069134571624,0.11472478311568257,0.1423825676787669,0.1700403522418512,285,61,nan,nan,0,,True,True,ellow-elmid
p0681,ellow-radmid-az090,elmid-radnear-az090,0.4696790456761945,0.6955616518701255,0.7208312772926638,0.29891069134571624,0.3373441618464497,59,37,0.3373441618464497,0.31812742659608295,0.29891069134571624,0.1323348838297448,0.15155161908011155,0.17076835433047827,297,50,nan,nan,0,,True,True,ellow-elmid
p0682,ellow-radmid-az090,elmid-radnear-az135,0.4706131049887327,0.692074039616796,0.7190686657623423,0.29891069134571624,0.34220636476623056,59,31,0.34220636476623056,0.3205585280559734,0.29891069134571624,0.12840674022250215,0.1500545769327593,0.17170241364301647,289,46,nan,nan,0,,True,True,ellow-elmid
p0683,ellow-radmid-az090,elmid-radnear-az180,0.47542549259169264,0.7005011587422831,0.725794127532295,0.29891069134571624,0.3511704098620124,59,25,0.3511704098620124,0.32504055060386433,0.29891069134571624,0.12425508272968022,0.1503849419878283,0.1765148012459764,291,55,nan,nan,0,,True,True,ellow-elmid
p0684,ellow-radmid-az090,elmid-radnear-az225,0.4767975033445591,0.7065658128748822,0.7321140564955142,0.29891069134571624,0.36478026048785717,59,17,0.36478026048785717,0.3318454759167867,0.29891069134571624,0.11201724285670195,0.1449520274277724,0.17788681199884288,293,60,nan,nan,0,,True,True,ellow-elmid
p0685,ellow-radmid-az090,elmid-radnear-az270,0.4652889634665042,0.693453012725637,0.7201998148163975,0.29891069134571624,0.3473214946568377,59,26,0.3473214946568377,0.32311609300127697,0.29891069134571624,0.11796746880966652,0.14217287046522725,0.16637827212078798,281,54,nan,nan,0,,True,True,ellow-elmid
p0686,ellow-radmid-az090,elmid-radnear-az315,0.4641305072993517,0.6923126886706293,0.7180960842871699,0.29891069134571624,0.3398194147983978,59,34,0.3398194147983978,0.319365053072057,0.29891069134571624,0.1243110925009539,0.1447654542272947,0.16521981595363544,289,56,nan,nan,0,,True,True,ellow-elmid
p0687,ellow-radmid-az090,elmid-radmid-az000,0.48047556217579207,0.7177294953369032,0.7419829986916308,0.29891069134571624,0.40109184962731287,59,5,0.40109184962731287,0.3500012704865145,0.29891069134571624,0.0793837125484792,0.13047429168927754,0.18156487083007583,285,51,nan,nan,0,,True,True,ellow-elmid
p0688,ellow-radmid-az090,elmid-radmid-az045,0.49095038099200594,0.7185916577706015,0.7407214139233806,0.29891069134571624,0.41641372706811924,59,1,0.41641372706811924,0.3576622092069177,0.29891069134571624,0.0745366539238867,0.13328817178508823,0.1920396896462897,282,61,nan,nan,0,,True,True,ellow-elmid
p0689,ellow-radmid-az090,elmid-radmid-az090,0.48123993025142514,0.7079172025522426,0.7311208295626783,0.29891069134571624,0.39457841386323705,59,8,0.39457841386323705,0.3467445526044767,0.29891069134571624,0.08666151638818809,0.13449537764694847,0.1823292389057089,287,62,nan,nan,0,,True,True,ellow-elmid
p0690,ellow-radmid-az090,elmid-radmid-az135,0.46324788227672553,0.7007458938804296,0.726363018982944,0.29891069134571624,0.3855787851950759,59,15,0.3855787851950759,0.34224473827039603,0.29891069134571624,0.07766909708164965,0.1210031440063295,0.1643371909310093,294,64,nan,nan,0,,True,True,ellow-elmid
p0691,ellow-radmid-az090,elmid-radmid-az180,0.4871466123540604,0.7136661006353995,0.7384581913693267,0.29891069134571624,0.3920347270865256,59,10,0.3920347270865256,0.34547270921612094,0.29891069134571624,0.09511188526753483,0.14167390313793948,0.1882359210083442,296,51,nan,nan,0,,True,True,ellow-elmid
p0692,ellow-radmid-az090,elmid-radmid-az225,0.49509965121440075,0.7218653211778473,0.7443216083755468,0.29891069134571624,0.4035228167038699,59,2,0.4035228167038699,0.3512167540247931,0.29891069134571624,0.09157683451053084,0.14388289718960767,0.1961889598686845,298,58,nan,nan,0,,True,True,ellow-elmid
p0693,ellow-radmid-az090,elmid-radmid-az270,0.4850628689787098,0.7165799996153768,0.7392528382716367,0.29891069134571624,0.40315190191972006,59,3,0.40315190191972006,0.35103129663271815,0.29891069134571624,0.08191096705898976,0.13403157234599167,0.18615217763299358,285,53,nan,nan,0,,True,True,ellow-elmid
p0694,ellow-radmid-az090,elmid-radmid-az315,0.4817786725784175,0.7121992305493986,0.7377950785182089,0.29891069134571624,0.38855085122315813,59,13,0.38855085122315813,0.3437307712844372,0.29891069134571624,0.09322782135525937,0.1380479012939803,0.18286798123270126,293,56,nan,nan,0,,True,True,ellow-elmid
p0695,ellow-radmid-az090,elmid-radfar-az000,0.47585739719105047,0.7103603256178161,0.7363067556669913,0.29891069134571624,0.3883653697649618,59,14,0.3883653697649618,0.34363803055533904,0.29891069134571624,0.08749202742608869,0.13221936663571143,0.17694670584533423,296,55,nan,nan,0,,True,True,ellow-elmid
p0696,ellow-radmid-az090,elmid-radfar-az045,0.48113408579529826,0.713003474753814,0.7368937064553188,0.29891069134571624,0.3904277067982496,59,12,0.3904277067982496,0.3446691990719829,0.29891069134571624,0.09070637899704864,0.13646488672331536,0.18222339444958202,286,62,nan,nan,0,,True,True,ellow-elmid
p0697,ellow-radmid-az090,elmid-radfar-az090,0.4758253399560371,0.7011840144608571,0.726860746319645,0.29891069134571624,0.4031096513417022,59,4,0.4031096513417022,0.3510101713437092,0.29891069134571624,0.07271568861433492,0.12481516861232789,0.17691464861032086,286,63,nan,nan,0,,True,True,ellow-elmid
p0698,ellow-radmid-az090,elmid-radfar-az135,0.4714913193092672,0.7030486290986272,0.7314942201697506,0.29891069134571624,0.3906639225147944,59,11,0.3906639225147944,0.34478730693025533,0.29891069134571624,0.08082739679447276,0.12670401237901185,0.17258062796355095,293,54,nan,nan,0,,True,True,ellow-elmid
p0699,ellow-radmid-az090,elmid-radfar-az180,0.47508668807930504,0.7068099099385842,0.7333698209071082,0.29891069134571624,0.39775345373611054,59,7,0.39775345373611054,0.34833207254091336,0.29891069134571624,0.0773332343431945,0.12675461553839168,0.1761759967335888,298,54,nan,nan,0,,True,True,ellow-elmid
p0700,ellow-radmid-az090,elmid-radfar-az225,0.4826590095735536,0.7112565120748886,0.7369914267121875,0.29891069134571624,0.40094783670068784,59,6,0.40094783670068784,0.349929264023202,0.29891069134571624,0.08171117287286578,0.1327297455503516,0.18374831822783738,280,62,nan,nan,0,,True,True,ellow-elmid
p0701,ellow-radmid-az090,elmid-radfar-az270,0.4779868747036445,0.7083836510430627,0.7334395330017934,0.29891069134571624,0.39259913412484276,59,9,0.39259913412484276,0.3457549127352795,0.29891069134571624,0.08538774057880172,0.132231961968365,0.17907618335792824,292,60,nan,nan,0,,True,True,ellow-elmid
p0702,ellow-radmid-az090,elmid-radfar-az315,0.47144690835270264,0.7042886917681549,0.7326286395188958,0.29891069134571624,0.38032179073567957,59,16,0.38032179073567957,0.3396162410406979,0.29891069134571624,0.09112511761702308,0.13183066731200477,0.1725362170069864,295,57,nan,nan,0,,True,True,ellow-elmid
p0703,ellow-radmid-az090,elhigh-radnear-az000,0.4662291953818249,0.6986723533637074,0.7237268999948124,0.29891069134571624,0.3287976256874326,59,48,0.3287976256874326,0.3138541585165744,0.29891069134571624,0.1374315696943923,0.1523750368652505,0.16731850403610865,288,56,nan,nan,0,,True,True,elhigh-ellow
p0704,ellow-radmid-az090,elhigh-radnear-az045,0.46454039770307815,0.6977917269270941,0.7229455142173683,0.29891069134571624,0.3372504425742561,59,38,0.3372504425742561,0.3180805669599862,0.29891069134571624,0.12728995512882202,0.14645983074309193,0.1656297063573619,299,56,nan,nan,0,,True,True,elhigh-ellow
p0705,ellow-radmid-az090,elhigh-radnear-az090,0.46209308995687537,0.6918383609612101,0.7174380126019498,0.29891069134571624,0.3417464009985519,59,32,0.3417464009985519,0.3203285461721341,0.29891069134571624,0.12034668895832346,0.1417645437847413,0.16318239861115913,288,62,nan,nan,0,,True,True,elhigh-ellow
p0706,ellow-radmid-az090,elhigh-radnear-az135,0.46413093070214667,0.6990040275051216,0.7253677441583384,0.29891069134571624,0.3320552452601486,59,46,0.3320552452601486,0.31548296830293243,0.29891069134571624,0.13207568544199805,0.14864796239921424,0.16522023935643043,284,62,nan,nan,0,,True,True,elhigh-ellow
p0707,ellow-radmid-az090,elhigh-radnear-az180,0.4748967256249732,0.6989168452657194,0.7238977531789126,0.29891069134571624,0.3395650145085634,59,35,0.3395650145085634,0.3192378529271398,0.29891069134571624,0.1353317111164098,0.1556588726978334,0.17598603427925696,293,54,nan,nan,0,,True,True,elhigh-ellow
p0708,ellow-radmid-az090,elhigh-radnear-az225,0.4708369411585805,0.695745420335403,0.7214464074437011,0.29891069134571624,0.3440784937220457,59,28,0.3440784937220457,0.32149459253388096,0.29891069134571624,0.1267584474365348,0.14934234862469953,0.17192624981286425,278,64,nan,nan,0,,True,True,elhigh-ellow
p0709,ellow-radmid-az090,elhigh-radnear-az270,0.467331973222578,0.6993432991905232,0.7270661618284241,0.29891069134571624,0.3216859159930162,59,49,0.3216859159930162,0.3102983036693662,0.29891069134571624,0.1456460572295618,0.1570336695532118,0.16842128187686178,290,58,nan,nan,0,,True,True,elhigh-ellow
p0710,ellow-radmid-az090,elhigh-radnear-az315,0.4662533355827256,0.697107740472272,0.7240486691825452,0.29891069134571624,0.3361849875189326,59,41,0.3361849875189326,0.31754783943232445,0.29891069134571624,0.13006834806379297,0.14870549615040113,0.16734264423700934,287,62,nan,nan,0,,True,True,elhigh-ellow
p0711,ellow-radmid-az090,elhigh-radmid-az000,0.47258139994947884,0.7026775962534654,0.7302702043732929,0.29891069134571624,0.3459669579749205,59,27,0.3459669579749205,0.32243882466031837,0.29891069134571624,0.12661444197455834,0.15014257528916047,0.1736707086037626,284,51,nan,nan,0,,True,True,elhigh-ellow
p0712,ellow-radmid-az090,elhigh-radmid-az045,0.47557907615975376,0.7034753424016617,0.7295227510549196,0.29891069134571624,0.35969234721512794,59,18,0.35969234721512794,0.32930151928042206,0.29891069134571624,0.11588672894462582,0.1462775568793317,0.17666838481403752,294,54,nan,nan,0,,True,True,elhigh-ellow
p0713,ellow-radmid-az090,elhigh-radmid-az090,0.4725759191355617,0.7035279250636894,0.7294348433901553,0.29891069134571624,0.3545783681398182,59,21,0.3545783681398182,0.32674452974276724,0.29891069134571624,0.1179975509957435,0.14583138939279444,0.17366522778984544,288,56,nan,nan,0,,True,True,elhigh-ellow
p0714,ellow-radmid-az090,elhigh-radmid-az135,0.4724146301261358,0.6992426671971961,0.7237742576382352,0.29891069134571624,0.3434079473811069,59,30,0.3434079473811069,0.3211593193634116,0.29891069134571624,0.1290066827450289,0.15125531076272425,0.1735039387804196,288,60,nan,nan,0,,True,True,elhigh-ellow
p0715,ellow-radmid-az090,elhigh-radmid-az180,0.48308830115386087,0.708053804973309,0.7320083927245065,0.29891069134571624,0.35560303382831304,59,19,0.35560303382831304,0.32725686258701464,0.29891069134571624,0.12748526732554782,0.15583143856684623,0.18417760980814463,283,65,nan,nan,0,,True,True,elhigh-ellow
p0716,ellow-radmid-az090,elhigh-radmid-az225,0.48333227605503776,0.7087595362765879,0.7334604584476729,0.29891069134571624,0.33765850732244423,59,36,0.33765850732244423,0.31828459933408026,0.29891069134571624,0.14567376873259352,0.1650476767209575,0.18442158470932152,277,65,nan,nan,0,,True,True,elhigh-ellow
p0717,ellow-radmid-az090,elhigh-radmid-az270,0.47179189538601374,0.6997499699389658,0.7275596469003485,0.29891069134571624,0.33467761382312017,59,43,0.33467761382312017,0.31679415258441823,0.29891069134571624,0.13711428156289357,0.1549977428015955,0.1728812040402975,294,57,nan,nan,0,,True,True,elhigh-ellow
p0718,ellow-radmid-az090,elhigh-radmid-az315,0.4742385707837607,0.7065295304023825,0.732165451624806,0.29891069134571624,0.3357774895562401,59,42,0.3357774895562401,0.31734409045097817,0.29891069134571624,0.1384610812275206,0.15689448033278253,0.17532787943804445,297,57,nan,nan,0,,True,True,elhigh-ellow
p0719,ellow-radmid-az090,elhigh-radfar-az000,0.47543630841466816,0.7108015683638789,0.7363843709230257,0.29891069134571624,0.33999633482078295,59,33,0.33999633482078295,0.3194535130832496,0.29891069134571624,0.1354399735938852,0.15598279533141857,0.17652561706895192,301,48,nan,nan,0,,True,True,elhigh-ellow
p0720,ellow-radmid-az090,elhigh-radfar-az045,0.4847157578603862,0.7121671080420185,0.7368798457180886,0.29891069134571624,0.3517406582248309,59,24,0.3517406582248309,0.3253256747852736,0.29891069134571624,0.13297509963555526,0.1593900830751126,0.18580506651466994,270,69,nan,nan,0,,True,True,elhigh-ellow
p0721,ellow-radmid-az090,elhigh-radfar-az090,0.4707652221115005,0.7035220530829199,0.7292971782535668,0.29891069134571624,0.33715840306367034,59,39,0.33715840306367034,0.31803454720469326,0.29891069134571624,0.13360681904783017,0.15273067490680725,0.17185453076578427,294,55,nan,nan,0,,True,True,elhigh-ellow
p0722,ellow-radmid-az090,elhigh-radfar-az135,0.46743121680605687,0.7008054140298852,0.7283676810499514,0.29891069134571624,0.35443982782283306,59,22,0.35443982782283306,0.3266752595842747,0.29891069134571624,0.1129913889832238,0.1407559572217822,0.16852052546034063,300,53,nan,nan,0,,True,True,elhigh-ellow
p0723,ellow-radmid-az090,elhigh-radfar-az180,0.4806580442544863,0.7082843338959357,0.7348719321469568,0.29891069134571624,0.3435612602938729,59,29,0.3435612602938729,0.3212359758197946,0.29891069134571624,0.13709678396061342,0.15942206843469175,0.1817473529087701,294,59,nan,nan,0,,True,True,elhigh-ellow
p0724,ellow-radmid-az090,elhigh-radfar-az225,0.489075739643983,0.7120188507768968,0.7364028960765895,0.29891069134571624,0.3330930922222578,59,45,0.3330930922222578,0.316001891783987,0.29891069134571624,0.15598264742172518,0.17307384785999597,0.19016504829826675,297,54,nan,nan,0,,True,True,elhigh-ellow
p0725,ellow-radmid-az090,elhigh-radfar-az270,0.46876480061775194,0.6992423590186769,0.7296925521415425,0.29891069134571624,0.3342499000230558,59,44,0.3342499000230558,0.31658029568438606,0.29891069134571624,0.13451490059469612,0.15218450493336588,0.1698541092720357,291,57,nan,nan,0,,True,True,elhigh-ellow
p0726,ellow-radmid-az090,elhigh-radfar-az315,0.4706028677498626,0.7018132953550561,0.7315986178071743,0.29891069134571624,0.3370014455332844,59,40,0.3370014455332844,0.3179560684395003,0.29891069134571624,0.13360142221657817,0.1526467993103623,0.17169217640414636,291,57,nan,nan,0,,True,True,elhigh-ellow
p0727,ellow-radmid-az135,ellow-radmid-az180,0.3031837995746211,0.5033691853387823,0.5511413140474023,0.27777266742978585,0.33089890701803604,69,47,0.33089890701803604,0.30433578722391097,0.27777266742978585,-0.027715107443414932,-0.001151987649289865,0.025411132144835258,298,61,nan,nan,0,,False,False,ellow-ellow
p0728,ellow-radmid-az135,ellow-radmid-az225,0.30763014978067144,0.5098996603318503,0.5584219467132047,0.27777266742978585,0.3003457176956631,69,57,0.3003457176956631,0.2890591925627245,0.27777266742978585,0.007284432085008341,0.018570957217946937,0.02985748235088559,301,50,nan,nan,0,,True,True,ellow-ellow
p0729,ellow-radmid-az135,ellow-radmid-az270,0.3018008071059554,0.5016434896263221,0.5495820382359925,0.27777266742978585,0.31427159279864797,69,50,0.31427159279864797,0.2960221301142169,0.27777266742978585,-0.012470785692692554,0.005778676991738507,0.02402813967616957,288,66,nan,nan,0,,False,True,ellow-ellow
p0730,ellow-radmid-az135,ellow-radmid-az315,0.2962711939730453,0.49463480615060784,0.5571889642475827,0.27777266742978585,0.2748397286931444,69,71,0.27777266742978585,0.2763061980614651,0.2748397286931444,0.018498526543259453,0.019964995911580186,0.02143146527990092,298,49,nan,nan,0,,True,True,ellow-ellow
p0731,ellow-radmid-az135,ellow-radfar-az000,0.2915380049579624,0.47849243510480977,0.5450001899423701,0.27777266742978585,0.2817460140742008,69,67,0.2817460140742008,0.2797593407519933,0.27777266742978585,0.009791990883761592,0.01177866420596907,0.013765337528176547,282,59,nan,nan,0,,True,True,ellow-ellow
p0732,ellow-radmid-az135,ellow-radfar-az045,0.31478507713252624,0.5247637854311038,0.5804857916711363,0.27777266742978585,0.30519005759179973,69,55,0.30519005759179973,0.2914813625107928,0.27777266742978585,0.009595019540726502,0.023303714621733418,0.03701240970274039,294,64,nan,nan,0,,True,True,ellow-ellow
p0733,ellow-radmid-az135,ellow-radfar-az090,0.27571733402965914,0.4683740318923312,0.5219349217890897,0.27777266742978585,0.3072999780629998,69,54,0.3072999780629998,0.29253632274639285,0.27777266742978585,-0.03158264403334066,-0.016818988716733707,-0.002055333400126702,286,66,nan,nan,0,,False,False,ellow-ellow
p0734,ellow-radmid-az135,ellow-radfar-az135,0.2689039489362007,0.4632466022778704,0.5184173872733462,0.27777266742978585,0.28205091366265594,69,66,0.28205091366265594,0.2799117905462209,0.27777266742978585,-0.013146964726455268,-0.01100784161002022,-0.00886871849358517,291,53,nan,nan,0,,False,False,ellow-ellow
p0735,ellow-radmid-az135,ellow-radfar-az180,0.2883165185022576,0.489054034196927,0.5411588636682024,0.27777266742978585,0.3013082995025368,69,56,0.3013082995025368,0.28954048346616135,0.27777266742978585,-0.012991781000279201,-0.0012239649639037564,0.010543851072471744,291,64,nan,nan,0,,False,False,ellow-ellow
p0736,ellow-radmid-az135,ellow-radfar-az225,0.31272386524795115,0.5236088845979238,0.5718053723854937,0.27777266742978585,0.28484504258501964,69,64,0.28484504258501964,0.28130885500740277,0.27777266742978585,0.027878822662931513,0.03141501024054838,0.0349511978181653,287,63,nan,nan,0,,True,True,ellow-ellow
p0737,ellow-radmid-az135,ellow-radfar-az270,0.3006018241900159,0.49476430108247027,0.5513752354064031,0.27777266742978585,0.30958469798239646,69,53,0.30958469798239646,0.29367868270609115,0.27777266742978585,-0.008982873792380552,0.006923141483924755,0.022829156760230063,283,65,nan,nan,0,,False,True,ellow-ellow
p0738,ellow-radmid-az135,ellow-radfar-az315,0.29832568194932685,0.49390054506610914,0.543545628225776,0.27777266742978585,0.27594677444659244,69,70,0.27777266742978585,0.2768597209381891,0.27594677444659244,0.020553014519541002,0.021465961011137735,0.022378907502734413,295,57,nan,nan,0,,True,True,ellow-ellow
p0739,ellow-radmid-az135,elmid-radnear-az000,0.468805695819552,0.6964901409630214,0.7209544547151681,0.27777266742978585,0.35517090007794966,69,20,0.35517090007794966,0.31647178375386775,0.27777266742978585,0.11363479574160235,0.15233391206568425,0.19103302838976616,294,65,nan,nan,0,,True,True,ellow-elmid
p0740,ellow-radmid-az135,elmid-radnear-az045,0.46940799029859853,0.6994073409617563,0.723693576408697,0.27777266742978585,0.3542262604718849,69,23,0.3542262604718849,0.31599946395083534,0.27777266742978585,0.11518172982671365,0.1534085263477632,0.19163532286881269,284,64,nan,nan,0,,True,True,ellow-elmid
p0741,ellow-radmid-az135,elmid-radnear-az090,0.4623538453040666,0.6877296113363752,0.7121581772077596,0.27777266742978585,0.3373441618464497,69,37,0.3373441618464497,0.3075584146381178,0.27777266742978585,0.12500968345761687,0.1547954306659488,0.18458117787428074,296,53,nan,nan,0,,True,True,ellow-elmid
p0742,ellow-radmid-az135,elmid-radnear-az135,0.4528027903327757,0.6773928337237599,0.7036601396922676,0.27777266742978585,0.34220636476623056,69,31,0.34220636476623056,0.3099895160980082,0.27777266742978585,0.11059642556654514,0.14281327423476753,0.17503012290298986,288,49,nan,nan,0,,True,True,ellow-elmid
p0743,ellow-radmid-az135,elmid-radnear-az180,0.4600720651633864,0.6866700622470194,0.7128892731849221,0.27777266742978585,0.3511704098620124,69,25,0.3511704098620124,0.31447153864589916,0.27777266742978585,0.10890165530137397,0.14560052651748723,0.18229939773360054,290,58,nan,nan,0,,True,True,ellow-elmid
p0744,ellow-radmid-az135,elmid-radnear-az225,0.4690753597948334,0.6971612097364911,0.7199588131438586,0.27777266742978585,0.36478026048785717,69,17,0.36478026048785717,0.3212764639588215,0.27777266742978585,0.10429509930697622,0.1477988958360119,0.19130269236504754,292,63,nan,nan,0,,True,True,ellow-elmid
p0745,ellow-radmid-az135,elmid-radnear-az270,0.46598938782836075,0.68776431028364,0.7127484665126635,0.27777266742978585,0.3473214946568377,69,26,0.3473214946568377,0.31254708104331175,0.27777266742978585,0.11866789317152304,0.153442306785049,0.1882167203985749,280,57,nan,nan,0,,True,True,ellow-elmid
p0746,ellow-radmid-az135,elmid-radnear-az315,0.4511577085156607,0.6802340541140485,0.7064205142628707,0.27777266742978585,0.3398194147983978,69,34,0.3398194147983978,0.3087960411140918,0.27777266742978585,0.11133829371726295,0.14236166740156891,0.17338504108587488,288,59,nan,nan,0,,True,True,ellow-elmid
p0747,ellow-radmid-az135,elmid-radmid-az000,0.47844692510055253,0.7110945043385086,0.7361513394139821,0.27777266742978585,0.40109184962731287,69,5,0.40109184962731287,0.33943225852854936,0.27777266742978585,0.07735507547323967,0.13901466657200318,0.2006742576707667,284,54,nan,nan,0,,True,True,ellow-elmid
p0748,ellow-radmid-az135,elmid-radmid-az045,0.48071709608504254,0.7055173902987669,0.7289459896129293,0.27777266742978585,0.41641372706811924,69,1,0.41641372706811924,0.34709319724895255,0.27777266742978585,0.0643033690169233,0.13362389883609,0.2029444286552567,281,64,nan,nan,0,,True,True,ellow-elmid
p0749,ellow-radmid-az135,elmid-radmid-az090,0.48636425166349756,0.7082196510586505,0.7298231550832593,0.27777266742978585,0.39457841386323705,69,8,0.39457841386323705,0.33617554064651145,0.27777266742978585,0.0917858378002605,0.1501887110169861,0.2085915842337117,286,65,nan,nan,0,,True,True,ellow-elmid
p0750,ellow-radmid-az135,elmid-radmid-az135,0.4677575197971268,0.6945422857533933,0.7174474966061324,0.27777266742978585,0.3855787851950759,69,15,0.3855787851950759,0.33167572631243086,0.27777266742978585,0.08217873460205094,0.13608179348469596,0.18998485236734097,293,67,nan,nan,0,,True,True,ellow-elmid
p0751,ellow-radmid-az135,elmid-radmid-az180,0.4811755041107962,0.7067632498323035,0.7313557582435946,0.27777266742978585,0.3920347270865256,69,10,0.3920347270865256,0.3349036972581557,0.27777266742978585,0.08914077702427059,0.14627180685264046,0.20340283668101033,295,54,nan,nan,0,,True,True,ellow-elmid
p0752,ellow-radmid-az135,elmid-radmid-az225,0.493520769959892,0.7208455324874136,0.7418584940300836,0.27777266742978585,0.4035228167038699,69,2,0.4035228167038699,0.3406477420668279,0.27777266742978585,0.08999795325602211,0.15287302789306412,0.21574810253010618,297,61,nan,nan,0,,True,True,ellow-elmid
p0753,ellow-radmid-az135,elmid-radmid-az270,0.48046592213779354,0.7119098857674256,0.7360190540249036,0.27777266742978585,0.40315190191972006,69,3,0.40315190191972006,0.3404622846747529,0.27777266742978585,0.07731402021807349,0.14000363746304062,0.2026932547080077,284,56,nan,nan,0,,True,True,ellow-elmid
p0754,ellow-radmid-az135,elmid-radmid-az315,0.47154598815537574,0.7012859192809449,0.7288358123784416,0.27777266742978585,0.38855085122315813,69,13,0.38855085122315813,0.33316175932647196,0.27777266742978585,0.0829951369322176,0.13838422882890378,0.1937733207255899,292,59,nan,nan,0,,True,True,ellow-elmid
p0755,ellow-radmid-az135,elmid-radfar-az000,0.4756598814596719,0.7148349586445333,0.7401821553641624,0.27777266742978585,0.3883653697649618,69,14,0.3883653697649618,0.3330690185973738,0.27777266742978585,0.08729451169471014,0.1425908628622981,0.19788721402988607,295,58,nan,nan,0,,True,True,ellow-elmid
p0756,ellow-radmid-az135,elmid-radfar-az045,0.4747967750147955,0.7052309596805371,0.7301696127457027,0.27777266742978585,0.3904277067982496,69,12,0.3904277067982496,0.33410018711401773,0.27777266742978585,0.08436906821654588,0.14069658790077777,0.19702410758500966,285,65,nan,nan,0,,True,True,ellow-elmid
p0757,ellow-radmid-az135,elmid-radfar-az090,0.4724665427190523,0.6971572686507298,0.7212349420956703,0.27777266742978585,0.4031096513417022,69,4,0.4031096513417022,0.34044115938574404,0.27777266742978585,0.06935689137735013,0.13202538333330827,0.19469387528926646,285,66,nan,nan,0,,True,True,ellow-elmid
p0758,ellow-radmid-az135,elmid-radfar-az135,0.46810220823488896,0.7005655187332201,0.7261198611732383,0.27777266742978585,0.3906639225147944,69,11,0.3906639225147944,0.33421829497229016,0.27777266742978585,0.07743828572009454,0.1338839132625988,0.19032954080510311,292,57,nan,nan,0,,True,True,ellow-elmid
p0759,ellow-radmid-az135,elmid-radfar-az180,0.4706770099499067,0.7028884826707179,0.728738478238616,0.27777266742978585,0.39775345373611054,69,7,0.39775345373611054,0.3377630605829482,0.27777266742978585,0.07292355621379615,0.1329139493669585,0.19290434252012084,297,57,nan,nan,0,,True,True,ellow-elmid
p0760,ellow-radmid-az135,elmid-radfar-az225,0.4747151797710583,0.7093869180310854,0.7337590858246275,0.27777266742978585,0.40094783670068784,69,6,0.40094783670068784,0.33936025206523684,0.27777266742978585,0.07376734307037047,0.13535492770582147,0.19694251234127247,279,65,nan,nan,0,,True,True,ellow-elmid
p0761,ellow-radmid-az135,elmid-radfar-az270,0.471467552080568,0.7054281309306695,0.7339911335992128,0.27777266742978585,0.39259913412484276,69,9,0.39259913412484276,0.3351859007773143,0.27777266742978585,0.07886841795572525,0.1362816513032537,0.19369488465078216,291,63,nan,nan,0,,True,True,ellow-elmid
p0762,ellow-radmid-az135,elmid-radfar-az315,0.4648370034973057,0.6990307456359919,0.7274997265973614,0.27777266742978585,0.38032179073567957,69,16,0.38032179073567957,0.3290472290827327,0.27777266742978585,0.08451521276162616,0.13578977441457302,0.18706433606751988,294,60,nan,nan,0,,True,True,ellow-elmid
p0763,ellow-radmid-az135,elhigh-radnear-az000,0.45682728518887494,0.6890122070789513,0.7166269179938936,0.27777266742978585,0.3287976256874326,69,48,0.3287976256874326,0.3032851465586092,0.27777266742978585,0.12802965950144235,0.15354213863026572,0.1790546177590891,287,59,nan,nan,0,,True,True,elhigh-ellow
p0764,ellow-radmid-az135,elhigh-radnear-az045,0.462575929842125,0.6889387391526326,0.7128108062615975,0.27777266742978585,0.3372504425742561,69,38,0.3372504425742561,0.307511555002021,0.27777266742978585,0.12532548726786885,0.155064374840104,0.18480326241233913,298,59,nan,nan,0,,True,True,elhigh-ellow
p0765,ellow-radmid-az135,elhigh-radnear-az090,0.4627412673101293,0.6856132421141836,0.7104561834217504,0.27777266742978585,0.3417464009985519,69,32,0.3417464009985519,0.3097595342141689,0.27777266742978585,0.12099486631157741,0.15298173309596041,0.18496859988034348,287,65,nan,nan,0,,True,True,elhigh-ellow
p0766,ellow-radmid-az135,elhigh-radnear-az135,0.46054023703549696,0.6826222054623792,0.7074649960318677,0.27777266742978585,0.3320552452601486,69,46,0.3320552452601486,0.3049139563449672,0.27777266742978585,0.12848499177534833,0.15562628069052975,0.1827675696057111,283,65,nan,nan,0,,True,True,elhigh-ellow
p0767,ellow-radmid-az135,elhigh-radnear-az180,0.4673979012852318,0.6912661646482567,0.7164583714547084,0.27777266742978585,0.3395650145085634,69,35,0.3395650145085634,0.30866884096917463,0.27777266742978585,0.12783288677666838,0.15872906031605716,0.18962523385544594,292,57,nan,nan,0,,True,True,elhigh-ellow
p0768,ellow-radmid-az135,elhigh-radnear-az225,0.47105045840496024,0.6945122126396598,0.7196822226913836,0.27777266742978585,0.3440784937220457,69,28,0.3440784937220457,0.3109255805759158,0.27777266742978585,0.12697196468291455,0.16012487782904444,0.1932777909751744,277,67,nan,nan,0,,True,True,elhigh-ellow
p0769,ellow-radmid-az135,elhigh-radnear-az270,0.46072139259281025,0.6899544769554725,0.7171666601922504,0.27777266742978585,0.3216859159930162,69,49,0.3216859159930162,0.29972929171140106,0.27777266742978585,0.13903547659979404,0.1609921008814092,0.1829487251630244,289,61,nan,nan,0,,True,True,elhigh-ellow
p0770,ellow-radmid-az135,elhigh-radnear-az315,0.46241698663845626,0.6896861134176544,0.7169585353769997,0.27777266742978585,0.3361849875189326,69,41,0.3361849875189326,0.30697882747435923,0.27777266742978585,0.12623199911952365,0.15543815916409703,0.18464431920867042,286,65,nan,nan,0,,True,True,elhigh-ellow
p0771,ellow-radmid-az135,elhigh-radmid-az000,0.4700866939345774,0.6977738524586271,0.7225004701518126,0.27777266742978585,0.3459669579749205,69,27,0.3459669579749205,0.31186981270235314,0.27777266742978585,0.12411973595965692,0.15821688123222427,0.19231402650479157,283,54,nan,nan,0,,True,True,elhigh-ellow
p0772,ellow-radmid-az135,elhigh-radmid-az045,0.47126803757053465,0.6963711434336591,0.7187652150083295,0.27777266742978585,0.35969234721512794,69,18,0.35969234721512794,0.3187325073224569,0.27777266742978585,0.11157569035540671,0.15253553024807776,0.1934953701407488,293,57,nan,nan,0,,True,True,elhigh-ellow
p0773,ellow-radmid-az135,elhigh-radmid-az090,0.4682399928871389,0.6926738481204732,0.7182981545992498,0.27777266742978585,0.3545783681398182,69,21,0.3545783681398182,0.316175517784802,0.27777266742978585,0.11366162474732072,0.1520644751023369,0.19046732545735306,287,59,nan,nan,0,,True,True,elhigh-ellow
p0774,ellow-radmid-az135,elhigh-radmid-az135,0.46226551967041074,0.6887030926644361,0.714726678890224,0.27777266742978585,0.3434079473811069,69,30,0.3434079473811069,0.31059030740544635,0.27777266742978585,0.11885757228930383,0.1516752122649644,0.1844928522406249,287,63,nan,nan,0,,True,True,elhigh-ellow
p0775,ellow-radmid-az135,elhigh-radmid-az180,0.47509183166529917,0.6928788417424018,0.7175274257884878,0.27777266742978585,0.35560303382831304,69,19,0.35560303382831304,0.31668785062904947,0.27777266742978585,0.11948879783698613,0.1584039810362497,0.19731916423551332,282,68,nan,nan,0,,True,True,elhigh-ellow
p0776,ellow-radmid-az135,elhigh-radmid-az225,0.48095204028181787,0.6980741428372232,0.7229233659255988,0.27777266742978585,0.33765850732244423,69,36,0.33765850732244423,0.30771558737611504,0.27777266742978585,0.14329353295937364,0.17323645290570283,0.20317937285203203,276,68,nan,nan,0,,True,True,elhigh-ellow
p0777,ellow-radmid-az135,elhigh-radmid-az270,0.46964678016492145,0.698087601528711,0.7241948060998972,0.27777266742978585,0.33467761382312017,69,43,0.33467761382312017,0.306225140626453,0.27777266742978585,0.13496916634180128,0.16342163953846844,0.1918741127351356,293,60,nan,nan,0,,True,True,elhigh-ellow
p0778,ellow-radmid-az135,elhigh-radmid-az315,0.4619484599554517,0.690188888468562,0.7152936602363797,0.27777266742978585,0.3357774895562401,69,42,0.3357774895562401,0.306775078493013,0.27777266742978585,0.1261709703992116,0.1551733814624387,0.18417579252566585,296,60,nan,nan,0,,True,True,elhigh-ellow
p0779,ellow-radmid-az135,elhigh-radfar-az000,0.46744861209237865,0.700764183388979,0.7252442654217054,0.27777266742978585,0.33999633482078295,69,33,0.33999633482078295,0.3088845011252844,0.27777266742978585,0.1274522772715957,0.15856411096709422,0.1896759446625928,300,51,nan,nan,0,,True,True,elhigh-ellow
p0780,ellow-radmid-az135,elhigh-radfar-az045,0.4792347042251959,0.7089654457583318,0.7323658095603237,0.27777266742978585,0.3517406582248309,69,24,0.3517406582248309,0.3147566628273084,0.27777266742978585,0.12749404600036496,0.16447804139788746,0.20146203679541003,269,72,nan,nan,0,,True,True,elhigh-ellow
p0781,ellow-radmid-az135,elhigh-radfar-az090,0.4672553546555647,0.6955580517509693,0.7217844391478659,0.27777266742978585,0.33715840306367034,69,39,0.33715840306367034,0.3074655352467281,0.27777266742978585,0.13009695159189438,0.15978981940883663,0.18948268722577888,293,58,nan,nan,0,,True,True,elhigh-ellow
p0782,ellow-radmid-az135,elhigh-radfar-az135,0.4658487191696514,0.69339482977533,0.7190071403717971,0.27777266742978585,0.35443982782283306,69,22,0.35443982782283306,0.31610624762630946,0.27777266742978585,0.11140889134681836,0.14974247154334197,0.18807605173986558,299,56,nan,nan,0,,True,True,elhigh-ellow
p0783,ellow-radmid-az135,elhigh-radfar-az180,0.48403014560334595,0.7061709237199785,0.7304245971590542,0.27777266742978585,0.3435612602938729,69,29,0.3435612602938729,0.31066696386182935,0.27777266742978585,0.14046888530947305,0.1733631817415166,0.2062574781735601,293,62,nan,nan,0,,True,True,elhigh-ellow
p0784,ellow-radmid-az135,elhigh-radfar-az225,0.47840514903970377,0.6983095619389088,0.7235669865584289,0.27777266742978585,0.3330930922222578,69,45,0.3330930922222578,0.30543287982602185,0.27777266742978585,0.14531205681744597,0.17297226921368192,0.20063248160991792,296,57,nan,nan,0,,True,True,elhigh-ellow
p0785,ellow-radmid-az135,elhigh-radfar-az270,0.4618971112217412,0.6896078881236862,0.7179547179717582,0.27777266742978585,0.3342499000230558,69,44,0.3342499000230558,0.30601128372642084,0.27777266742978585,0.12764721119868538,0.15588582749532037,0.18412444379195536,290,60,nan,nan,0,,True,True,elhigh-ellow
p0786,ellow-radmid-az135,elhigh-radfar-az315,0.4578609093825478,0.6936849566277137,0.722878023825195,0.27777266742978585,0.3370014455332844,69,40,0.3370014455332844,0.30738705648153514,0.27777266742978585,0.12085946384926338,0.15047385290101267,0.18008824195276196,290,60,nan,nan,0,,True,True,elhigh-ellow
p0787,ellow-radmid-az180,ellow-radmid-az225,0.3338483266973388,0.5432301838762674,0.5878732798765532,0.33089890701803604,0.3003457176956631,47,57,0.33089890701803604,0.31562231235684957,0.3003457176956631,0.0029494196793027894,0.01822601434048926,0.03350260900167573,307,53,nan,nan,0,,True,True,ellow-ellow
p0788,ellow-radmid-az180,ellow-radmid-az270,0.33569726946197787,0.5483563184961299,0.5981465177277127,0.33089890701803604,0.31427159279864797,47,50,0.33089890701803604,0.32258524990834203,0.31427159279864797,0.004798362443941828,0.013112019553635834,0.021425676663329896,294,69,nan,nan,0,,True,True,ellow-ellow
p0789,ellow-radmid-az180,ellow-radmid-az315,0.34407263555452483,0.5508217162281818,0.5972333831113902,0.33089890701803604,0.2748397286931444,47,71,0.33089890701803604,0.30286931785559024,0.2748397286931444,0.013173728536488793,0.041203317698934594,0.06923290686138045,304,52,nan,nan,0,,True,True,ellow-ellow
p0790,ellow-radmid-az180,ellow-radfar-az000,0.31528704436483657,0.5182615476915314,0.5734587390974674,0.33089890701803604,0.2817460140742008,47,67,0.33089890701803604,0.30632246054611845,0.2817460140742008,-0.01561186265319947,0.00896458381871812,0.033541030290635765,288,62,nan,nan,0,,False,True,ellow-ellow
p0791,ellow-radmid-az180,ellow-radfar-az045,0.3131679194237003,0.5260778300884649,0.5771911651433708,0.33089890701803604,0.30519005759179973,47,55,0.33089890701803604,0.3180444823049179,0.30519005759179973,-0.017730987594335723,-0.004876562881217572,0.007977861831900579,300,67,nan,nan,0,,False,False,ellow-ellow
p0792,ellow-radmid-az180,ellow-radfar-az090,0.3231386775006711,0.5327900428668715,0.5827295989900505,0.33089890701803604,0.3072999780629998,47,54,0.33089890701803604,0.3190994425405179,0.3072999780629998,-0.007760229517364936,0.004039234960153182,0.0158386994376713,292,69,nan,nan,0,,False,True,ellow-ellow
p0793,ellow-radmid-az180,ellow-radfar-az135,0.31285106005412,0.5182839999431966,0.5663720962573007,0.33089890701803604,0.28205091366265594,47,66,0.33089890701803604,0.306474910340346,0.28205091366265594,-0.018047846963916037,0.006376149713773982,0.030800146391464056,297,56,nan,nan,0,,False,True,ellow-ellow
p0794,ellow-radmid-az180,ellow-radfar-az180,0.2919206305914132,0.48599918196041203,0.5301801500826135,0.33089890701803604,0.3013082995025368,47,56,0.33089890701803604,0.3161036032602864,0.3013082995025368,-0.03897827642662283,-0.024182972668873204,-0.009387668911123581,297,67,nan,nan,0,,False,False,ellow-ellow
p0795,ellow-radmid-az180,ellow-radfar-az225,0.31328466051394965,0.5173364922605521,0.5712402041941483,0.33089890701803604,0.28484504258501964,47,64,0.33089890701803604,0.30787197480152784,0.28484504258501964,-0.017614246504086384,0.005412685712421816,0.028439617928930017,293,66,nan,nan,0,,False,True,ellow-ellow
p0796,ellow-radmid-az180,ellow-radfar-az270,0.33378251884777504,0.5497836510996601,0.5994680190924497,0.33089890701803604,0.30958469798239646,47,53,0.33089890701803604,0.3202418025002163,0.30958469798239646,0.002883611829739008,0.013540716347558768,0.024197820865378583,289,68,nan,nan,0,,True,True,ellow-ellow
p0797,ellow-radmid-az180,ellow-radfar-az315,0.3026827459974611,0.49913345056771696,0.5468733660779573,0.33089890701803604,0.27594677444659244,47,70,0.33089890701803604,0.30342284073231424,0.27594677444659244,-0.028216161020574948,-0.0007400947348531473,0.026735971550868654,301,60,nan,nan,0,,False,False,ellow-ellow
p0798,ellow-radmid-az180,elmid-radnear-az000,0.48485860774162387,0.7119383190907534,0.7354989373636149,0.33089890701803604,0.35517090007794966,47,20,0.35517090007794966,0.3430349035479928,0.33089890701803604,0.1296877076636742,0.14182370419363105,0.15395970072358783,300,68,nan,nan,0,,True,True,ellow-elmid
p0799,ellow-radmid-az180,elmid-radnear-az045,0.47956262304632885,0.7071557433296655,0.730103516833746,0.33089890701803604,0.3542262604718849,47,23,0.3542262604718849,0.34256258374496046,0.33089890701803604,0.12533636257444397,0.1370000393013684,0.1486637160282928,290,67,nan,nan,0,,True,True,ellow-elmid
p0800,ellow-radmid-az180,elmid-radnear-az090,0.47575104821607667,0.6999980807183902,0.7232263175291854,0.33089890701803604,0.3373441618464497,47,37,0.3373441618464497,0.3341215344322429,0.33089890701803604,0.13840688636962695,0.14162951378383376,0.14485214119804063,302,56,nan,nan,0,,True,True,ellow-elmid
p0801,ellow-radmid-az180,elmid-radnear-az135,0.4742782311472666,0.6903093401057622,0.7151127771825154,0.33089890701803604,0.34220636476623056,47,31,0.34220636476623056,0.3365526358921333,0.33089890701803604,0.13207186638103602,0.13772559525513328,0.14337932412923055,294,52,nan,nan,0,,True,True,ellow-elmid
p0802,ellow-radmid-az180,elmid-radnear-az180,0.46784106976416423,0.6957597554316098,0.7202374236991694,0.33089890701803604,0.3511704098620124,47,25,0.3511704098620124,0.34103465844002423,0.33089890701803604,0.11667065990215181,0.12680641132414,0.1369421627461282,296,61,nan,nan,0,,True,True,ellow-elmid
p0803,ellow-radmid-az180,elmid-radnear-az225,0.4771117051391869,0.7028122579382906,0.7273324154494096,0.33089890701803604,0.36478026048785717,47,17,0.36478026048785717,0.3478395837529466,0.33089890701803604,0.11233144465132971,0.12927212138624028,0.14621279812115084,298,66,nan,nan,0,,True,True,ellow-elmid
p0804,ellow-radmid-az180,elmid-radnear-az270,0.47333748690584104,0.6998054711365563,0.7242898507655741,0.33089890701803604,0.3473214946568377,47,26,0.3473214946568377,0.33911020083743687,0.33089890701803604,0.12601599224900334,0.13422728606840417,0.142438579887805,286,60,nan,nan,0,,True,True,ellow-elmid
p0805,ellow-radmid-az180,elmid-radnear-az315,0.4681862915154681,0.6913879398280754,0.7165940841717992,0.33089890701803604,0.3398194147983978,47,34,0.3398194147983978,0.33535916090821694,0.33089890701803604,0.1283668767170703,0.13282713060725115,0.13728738449743205,294,62,nan,nan,0,,True,True,ellow-elmid
p0806,ellow-radmid-az180,elmid-radmid-az000,0.48558583604079814,0.7196987063946886,0.7430699284955583,0.33089890701803604,0.40109184962731287,47,5,0.40109184962731287,0.3659953783226745,0.33089890701803604,0.08449398641348527,0.11959045771812365,0.1546869290227621,290,57,nan,nan,0,,True,True,ellow-elmid
p0807,ellow-radmid-az180,elmid-radmid-az045,0.4893049712273121,0.7182470095626904,0.7411657987392513,0.33089890701803604,0.41641372706811924,47,1,0.41641372706811924,0.37365631704307767,0.33089890701803604,0.07289124415919285,0.11564865418423442,0.15840606420927605,287,67,nan,nan,0,,True,True,ellow-elmid
p0808,ellow-radmid-az180,elmid-radmid-az090,0.4896106607988433,0.710777398382332,0.7326526119109149,0.33089890701803604,0.39457841386323705,47,8,0.39457841386323705,0.3627386604406365,0.33089890701803604,0.09503224693560625,0.12687200035820678,0.15871175378080726,292,68,nan,nan,0,,True,True,ellow-elmid
p0809,ellow-radmid-az180,elmid-radmid-az135,0.48902227599140896,0.712370542758069,0.7350119841865164,0.33089890701803604,0.3855787851950759,47,15,0.3855787851950759,0.358238846106556,0.33089890701803604,0.10344349079633308,0.13078342988485298,0.15812336897337292,299,70,nan,nan,0,,True,True,ellow-elmid
p0810,ellow-radmid-az180,elmid-radmid-az180,0.48921879116018274,0.7100024534097431,0.7332459383550366,0.33089890701803604,0.3920347270865256,47,10,0.3920347270865256,0.3614668170522808,0.33089890701803604,0.09718406407365715,0.12775197410790196,0.1583198841421467,301,57,nan,nan,0,,True,True,ellow-elmid
p0811,ellow-radmid-az180,elmid-radmid-az225,0.49126334821721623,0.7225106845970621,0.7453863761912992,0.33089890701803604,0.4035228167038699,47,2,0.4035228167038699,0.367210861860953,0.33089890701803604,0.08774053151334632,0.12405248635626326,0.1603644411991802,303,64,nan,nan,0,,True,True,ellow-elmid
p0812,ellow-radmid-az180,elmid-radmid-az270,0.48219754214951355,0.7149181810680346,0.7367263426730443,0.33089890701803604,0.40315190191972006,47,3,0.40315190191972006,0.36702540446887805,0.33089890701803604,0.07904564022979349,0.1151721376806355,0.1512986351314775,290,59,nan,nan,0,,True,True,ellow-elmid
p0813,ellow-radmid-az180,elmid-radmid-az315,0.4793776834559874,0.7083465096257784,0.7338064115509805,0.33089890701803604,0.38855085122315813,47,13,0.38855085122315813,0.3597248791205971,0.33089890701803604,0.09082683223282928,0.11965280433539033,0.14847877643795138,298,62,nan,nan,0,,True,True,ellow-elmid
p0814,ellow-radmid-az180,elmid-radfar-az000,0.479470747428181,0.7127849701251588,0.7396828386261743,0.33089890701803604,0.3883653697649618,47,14,0.3883653697649618,0.3596321383914989,0.33089890701803604,0.09110537766321924,0.11983860903668214,0.14857184041014498,301,61,nan,nan,0,,True,True,ellow-elmid
p0815,ellow-radmid-az180,elmid-radfar-az045,0.4814680244877654,0.7088903626302788,0.7330392817095313,0.33089890701803604,0.3904277067982496,47,12,0.3904277067982496,0.36066330690814286,0.33089890701803604,0.09104031768951576,0.12080471757962252,0.15056911746972934,291,68,nan,nan,0,,True,True,ellow-elmid
p0816,ellow-radmid-az180,elmid-radfar-az090,0.4817711747236924,0.7102650553036445,0.7353563085106182,0.33089890701803604,0.4031096513417022,47,4,0.4031096513417022,0.3670042791798691,0.33089890701803604,0.07866152338199023,0.1147668955438233,0.15087226770565637,291,69,nan,nan,0,,True,True,ellow-elmid
p0817,ellow-radmid-az180,elmid-radfar-az135,0.4794597402982342,0.710427297233446,0.7361836994906276,0.33089890701803604,0.3906639225147944,47,11,0.3906639225147944,0.36078141476641523,0.33089890701803604,0.08879581778343976,0.11867832553181895,0.14856083328019815,298,60,nan,nan,0,,True,True,ellow-elmid
p0818,ellow-radmid-az180,elmid-radfar-az180,0.4801944168702034,0.7130136623409693,0.7382841612985664,0.33089890701803604,0.39775345373611054,47,7,0.39775345373611054,0.3643261803770733,0.33089890701803604,0.08244096313409288,0.1158682364931301,0.14929550985216739,303,60,nan,nan,0,,True,True,ellow-elmid
p0819,ellow-radmid-az180,elmid-radfar-az225,0.48503716433275085,0.7159186404424925,0.741116463500103,0.33089890701803604,0.40094783670068784,47,6,0.40094783670068784,0.36592337185936197,0.33089890701803604,0.084089327632063,0.11911379247338888,0.1541382573147148,285,68,nan,nan,0,,True,True,ellow-elmid
p0820,ellow-radmid-az180,elmid-radfar-az270,0.4822931053603427,0.7223279948058775,0.7453262444508573,0.33089890701803604,0.39259913412484276,47,9,0.39259913412484276,0.36174902057143943,0.33089890701803604,0.08969397123549994,0.12054408478890327,0.15139419834230666,297,66,nan,nan,0,,True,True,ellow-elmid
p0821,ellow-radmid-az180,elmid-radfar-az315,0.48635365086136345,0.7165559099343544,0.7429250446243526,0.33089890701803604,0.38032179073567957,47,16,0.38032179073567957,0.35561034887685783,0.33089890701803604,0.10603186012568389,0.13074330198450562,0.15545474384332741,300,63,nan,nan,0,,True,True,ellow-elmid
p0822,ellow-radmid-az180,elhigh-radnear-az000,0.4751810450377544,0.7036750206511523,0.7269043122620086,0.33089890701803604,0.3287976256874326,47,48,0.33089890701803604,0.32984826635273434,0.3287976256874326,0.14428213801971834,0.14533277868502004,0.1463834193503218,293,62,nan,nan,0,,True,True,elhigh-ellow
p0823,ellow-radmid-az180,elhigh-radnear-az045,0.4775323042682111,0.7007219149648569,0.7274292639638891,0.33089890701803604,0.3372504425742561,47,38,0.3372504425742561,0.33407467479614605,0.33089890701803604,0.14028186169395496,0.14345762947206503,0.14663339725017505,304,62,nan,nan,0,,True,True,elhigh-ellow
p0824,ellow-radmid-az180,elhigh-radnear-az090,0.4734233784989735,0.6953449548857416,0.7198611674396387,0.33089890701803604,0.3417464009985519,47,32,0.3417464009985519,0.336322654008294,0.33089890701803604,0.13167697750042157,0.1371007244906795,0.14252447148093744,293,68,nan,nan,0,,True,True,elhigh-ellow
p0825,ellow-radmid-az180,elhigh-radnear-az135,0.4747675564557237,0.6983468851990156,0.7210653304306464,0.33089890701803604,0.3320552452601486,47,46,0.3320552452601486,0.33147707613909233,0.33089890701803604,0.1427123111955751,0.14329048031663139,0.14386864943768768,289,68,nan,nan,0,,True,True,elhigh-ellow
p0826,ellow-radmid-az180,elhigh-radnear-az180,0.47543050051291796,0.6995279041172483,0.7231742788415993,0.33089890701803604,0.3395650145085634,47,35,0.3395650145085634,0.33523196076329975,0.33089890701803604,0.13586548600435455,0.1401985397496182,0.14453159349488193,298,60,nan,nan,0,,True,True,elhigh-ellow
p0827,ellow-radmid-az180,elhigh-radnear-az225,0.48791205368000184,0.7132027282108389,0.7354066798644624,0.33089890701803604,0.3440784937220457,47,28,0.3440784937220457,0.33748870037004086,0.33089890701803604,0.14383355995795616,0.15042335330996098,0.1570131466619658,283,70,nan,nan,0,,True,True,elhigh-ellow
p0828,ellow-radmid-az180,elhigh-radnear-az270,0.4720955460421542,0.7071239598710151,0.7316331661738457,0.33089890701803604,0.3216859159930162,47,49,0.33089890701803604,0.3262924115055261,0.3216859159930162,0.14119663902411816,0.14580313453662808,0.150409630049138,295,64,nan,nan,0,,True,True,elhigh-ellow
p0829,ellow-radmid-az180,elhigh-radnear-az315,0.47701918997458376,0.7027187224330604,0.7276562420869672,0.33089890701803604,0.3361849875189326,47,41,0.3361849875189326,0.3335419472684843,0.33089890701803604,0.14083420245565115,0.14347724270609946,0.14612028295654772,292,68,nan,nan,0,,True,True,elhigh-ellow
p0830,ellow-radmid-az180,elhigh-radmid-az000,0.4855965634456038,0.7131839784664429,0.7371653157037443,0.33089890701803604,0.3459669579749205,47,27,0.3459669579749205,0.33843293249647827,0.33089890701803604,0.13962960547068332,0.14716363094912555,0.15469765642756778,289,57,nan,nan,0,,True,True,elhigh-ellow
p0831,ellow-radmid-az180,elhigh-radmid-az045,0.47994825419078363,0.7076802345963055,0.7303077188180829,0.33089890701803604,0.35969234721512794,47,18,0.35969234721512794,0.345295627116582,0.33089890701803604,0.12025590697565569,0.13465262707420161,0.1490493471727476,299,60,nan,nan,0,,True,True,elhigh-ellow
p0832,ellow-radmid-az180,elhigh-radmid-az090,0.4825738629501512,0.7082959642960448,0.7326413138749122,0.33089890701803604,0.3545783681398182,47,21,0.3545783681398182,0.3427386375789271,0.33089890701803604,0.127995494810333,0.13983522537122411,0.15167495593211516,293,62,nan,nan,0,,True,True,elhigh-ellow
p0833,ellow-radmid-az180,elhigh-radmid-az135,0.4856975983198173,0.7133398313452315,0.7367194152607921,0.33089890701803604,0.3434079473811069,47,30,0.3434079473811069,0.3371534271995715,0.33089890701803604,0.14228965093871038,0.14854417112024582,0.15479869130178125,293,66,nan,nan,0,,True,True,elhigh-ellow
p0834,ellow-radmid-az180,elhigh-radmid-az180,0.48207074668260025,0.7107861741899825,0.7339548834978041,0.33089890701803604,0.35560303382831304,47,19,0.35560303382831304,0.34325097042317454,0.33089890701803604,0.1264677128542872,0.1388197762594257,0.1511718396645642,288,71,nan,nan,0,,True,True,elhigh-ellow
p0835,ellow-radmid-az180,elhigh-radmid-az225,0.48532193684344466,0.7085377879138615,0.7328224064537339,0.33089890701803604,0.33765850732244423,47,36,0.33765850732244423,0.3342787071702401,0.33089890701803604,0.14766342952100042,0.15104322967320455,0.15442302982540862,282,71,nan,nan,0,,True,True,elhigh-ellow
p0836,ellow-radmid-az180,elhigh-radmid-az270,0.478274944248114,0.7064712512702823,0.7305148413049307,0.33089890701803604,0.33467761382312017,47,43,0.33467761382312017,0.3327882604205781,0.33089890701803604,0.14359733042499384,0.14548668382753593,0.14737603723007797,299,63,nan,nan,0,,True,True,elhigh-ellow
p0837,ellow-radmid-az180,elhigh-radmid-az315,0.47052233394654436,0.7020370167252512,0.7281098061058606,0.33089890701803604,0.3357774895562401,47,42,0.3357774895562401,0.33333819828713807,0.33089890701803604,0.13474484439030426,0.1371841356594063,0.13962342692850832,302,63,nan,nan,0,,True,True,elhigh-ellow
p0838,ellow-radmid-az180,elhigh-radfar-az000,0.48477591028920647,0.7152825904578327,0.7391177548152653,0.33089890701803604,0.33999633482078295,47,33,0.33999633482078295,0.3354476209194095,0.33089890701803604,0.14477957546842352,0.14932828936979697,0.15387700327117043,306,54,nan,nan,0,,True,True,elhigh-ellow
p0839,ellow-radmid-az180,elhigh-radfar-az045,0.492081240087054,0.7218832309393954,0.7448288762495119,0.33089890701803604,0.3517406582248309,47,24,0.3517406582248309,0.3413197826214335,0.33089890701803604,0.1403405818622231,0.15076145746562053,0.16118233306901797,275,75,nan,nan,0,,True,True,elhigh-ellow
p0840,ellow-radmid-az180,elhigh-radfar-az090,0.48486118420912894,0.7106451194402552,0.7328806371093493,0.33089890701803604,0.33715840306367034,47,39,0.33715840306367034,0.3340286550408532,0.33089890701803604,0.1477027811454586,0.15083252916827572,0.1539622771910929,299,61,nan,nan,0,,True,True,elhigh-ellow
p0841,ellow-radmid-az180,elhigh-radfar-az135,0.47714846845196734,0.7086602957121078,0.7321433142347527,0.33089890701803604,0.35443982782283306,47,22,0.35443982782283306,0.3426693674204345,0.33089890701803604,0.12270864062913428,0.13447910103153282,0.1462495614339313,305,59,nan,nan,0,,True,True,elhigh-ellow
p0842,ellow-radmid-az180,elhigh-radfar-az180,0.4835964520959309,0.7173451366519,0.7423403162633496,0.33089890701803604,0.3435612602938729,47,29,0.3435612602938729,0.33723008365595447,0.33089890701803604,0.14003519180205798,0.1463663684399764,0.15269754507789485,299,65,nan,nan,0,,True,True,elhigh-ellow
p0843,ellow-radmid-az180,elhigh-radfar-az225,0.4878590211293124,0.7142563302697393,0.7369059975736625,0.33089890701803604,0.3330930922222578,47,45,0.3330930922222578,0.3319959996201469,0.33089890701803604,0.1547659289070546,0.15586302150916548,0.15696011411127636,302,60,nan,nan,0,,True,True,elhigh-ellow
p0844,ellow-radmid-az180,elhigh-radfar-az270,0.4788415666373387,0.7083366363480333,0.736280787087874,0.33089890701803604,0.3342499000230558,47,44,0.3342499000230558,0.3325744035205459,0.33089890701803604,0.14459166661428285,0.14626716311679278,0.14794265961930264,296,63,nan,nan,0,,True,True,elhigh-ellow
p0845,ellow-radmid-az180,elhigh-radfar-az315,0.471762393339644,0.7079781993117183,0.7347402840607155,0.33089890701803604,0.3370014455332844,47,40,0.3370014455332844,0.33395017627566026,0.33089890701803604,0.13476094780635955,0.13781221706398372,0.14086348632160794,296,63,nan,nan,0,,True,True,elhigh-ellow
p0846,ellow-radmid-az225,ellow-radmid-az270,0.31885730126879513,0.5308184919127116,0.5779704464710584,0.3003457176956631,0.31427159279864797,57,50,0.31427159279864797,0.30730865524715556,0.3003457176956631,0.004585708470147165,0.011548646021639575,0.01851158357313204,297,58,nan,nan,0,,True,True,ellow-ellow
p0847,ellow-radmid-az225,ellow-radmid-az315,0.31000418129420365,0.516659832005881,0.564220505750592,0.3003457176956631,0.2748397286931444,57,71,0.3003457176956631,0.28759272319440377,0.2748397286931444,0.009658463598540556,0.022411458099799886,0.03516445260105927,307,41,nan,nan,0,,True,True,ellow-ellow
p0848,ellow-radmid-az225,ellow-radfar-az000,0.32175115334923926,0.5369086507193144,0.5926581657161268,0.3003457176956631,0.2817460140742008,57,67,0.3003457176956631,0.291045865884932,0.2817460140742008,0.021405435653576166,0.030705287464307285,0.04000513927503846,291,51,nan,nan,0,,True,True,ellow-ellow
p0849,ellow-radmid-az225,ellow-radfar-az045,0.3278332482881393,0.5389946054192044,0.5882515377480375,0.3003457176956631,0.30519005759179973,57,55,0.30519005759179973,0.3027678876437314,0.3003457176956631,0.022643190696339577,0.025065360644407897,0.027487530592476217,303,56,nan,nan,0,,True,True,ellow-ellow
p0850,ellow-radmid-az225,ellow-radfar-az090,0.321674548404367,0.5297963036291614,0.576263572673067,0.3003457176956631,0.3072999780629998,57,54,0.3072999780629998,0.30382284787933145,0.3003457176956631,0.014374570341367188,0.01785170052503554,0.021328830708703894,295,58,nan,nan,0,,True,True,ellow-ellow
p0851,ellow-radmid-az225,ellow-radfar-az135,0.3078005173416861,0.5139752347196596,0.5650534728328095,0.3003457176956631,0.28205091366265594,57,66,0.3003457176956631,0.29119831567915955,0.28205091366265594,0.007454799646023025,0.016602201662526572,0.025749603679030175,300,45,nan,nan,0,,True,True,ellow-ellow
p0852,ellow-radmid-az225,ellow-radfar-az180,0.30505575823298603,0.5173402762864273,0.5621479057498361,0.3003457176956631,0.3013082995025368,57,56,0.3013082995025368,0.30082700859909994,0.3003457176956631,0.003747458730449238,0.004228749633886086,0.004710040537322935,300,56,nan,nan,0,,True,True,ellow-ellow
p0853,ellow-radmid-az225,ellow-radfar-az225,0.30636646355349,0.5164832263787222,0.5672030635429149,0.3003457176956631,0.28484504258501964,57,64,0.3003457176956631,0.29259538014034137,0.28484504258501964,0.006020745857826915,0.013771083413148644,0.021521420968470373,296,55,nan,nan,0,,True,True,ellow-ellow
p0854,ellow-radmid-az225,ellow-radfar-az270,0.3295150013841773,0.5476247006432303,0.5943636778448789,0.3003457176956631,0.30958469798239646,57,53,0.30958469798239646,0.3049652078390298,0.3003457176956631,0.019930303401780813,0.02454979354514747,0.02916928368851418,292,57,nan,nan,0,,True,True,ellow-ellow
p0855,ellow-radmid-az225,ellow-radfar-az315,0.31857543594983107,0.5330517261385932,0.5803589537775535,0.3003457176956631,0.27594677444659244,57,70,0.3003457176956631,0.28814624607112777,0.27594677444659244,0.01822971825416797,0.0304291898787033,0.04262866150323863,304,49,nan,nan,0,,True,True,ellow-ellow
p0856,ellow-radmid-az225,elmid-radnear-az000,0.4719243782010754,0.7021953935742566,0.7312879743424119,0.3003457176956631,0.35517090007794966,57,20,0.35517090007794966,0.32775830888680635,0.3003457176956631,0.11675347812312575,0.14416606931426906,0.17157866050541232,303,57,nan,nan,0,,True,True,ellow-elmid
p0857,ellow-radmid-az225,elmid-radnear-az045,0.4700829833386977,0.7069812849146128,0.7323521577812211,0.3003457176956631,0.3542262604718849,57,23,0.3542262604718849,0.327285989083774,0.3003457176956631,0.11585672286681281,0.1427969942549237,0.1697372656430346,293,56,nan,nan,0,,True,True,ellow-elmid
p0858,ellow-radmid-az225,elmid-radnear-az090,0.4688041063764161,0.6998949514070624,0.726824838733662,0.3003457176956631,0.3373441618464497,57,37,0.3373441618464497,0.31884493977105643,0.3003457176956631,0.1314599445299664,0.14995916660535968,0.16845838868075302,305,45,nan,nan,0,,True,True,ellow-elmid
p0859,ellow-radmid-az225,elmid-radnear-az135,0.46233169778171906,0.6893173069280119,0.7184093951255858,0.3003457176956631,0.34220636476623056,57,31,0.34220636476623056,0.32127604123094683,0.3003457176956631,0.1201253330154885,0.14105565655077223,0.16198598008605597,297,41,nan,nan,0,,True,True,ellow-elmid
p0860,ellow-radmid-az225,elmid-radnear-az180,0.45719298131397695,0.6882109564799594,0.7182331292961807,0.3003457176956631,0.3511704098620124,57,25,0.3511704098620124,0.32575806377883776,0.3003457176956631,0.10602257145196453,0.1314349175351392,0.15684726361831386,299,50,nan,nan,0,,True,True,ellow-elmid
p0861,ellow-radmid-az225,elmid-radnear-az225,0.4742325976022301,0.7074641365166456,0.7346964936247041,0.3003457176956631,0.36478026048785717,57,17,0.36478026048785717,0.33256298909176013,0.3003457176956631,0.10945233711437291,0.14166960851046995,0.17388687990656698,301,55,nan,nan,0,,True,True,ellow-elmid
p0862,ellow-radmid-az225,elmid-radnear-az270,0.4681238413169104,0.7028254218122159,0.7291842952283766,0.3003457176956631,0.3473214946568377,57,26,0.3473214946568377,0.3238336061762504,0.3003457176956631,0.12080234666007272,0.14429023514066003,0.16777812362124733,289,49,nan,nan,0,,True,True,ellow-elmid
p0863,ellow-radmid-az225,elmid-radnear-az315,0.468547436417291,0.7023930129529655,0.7308590745578661,0.3003457176956631,0.3398194147983978,57,34,0.3398194147983978,0.32008256624703046,0.3003457176956631,0.12872802161889324,0.14846487017026055,0.16820171872162792,297,51,nan,nan,0,,True,True,ellow-elmid
p0864,ellow-radmid-az225,elmid-radmid-az000,0.48656320232257866,0.7273504474429512,0.7528699789674168,0.3003457176956631,0.40109184962731287,57,5,0.40109184962731287,0.350718783661488,0.3003457176956631,0.08547135269526579,0.13584441866109065,0.18621748462691556,293,46,nan,nan,0,,True,True,ellow-elmid
p0865,ellow-radmid-az225,elmid-radmid-az045,0.48994135855210424,0.7204200394398049,0.745335980718616,0.3003457176956631,0.41641372706811924,57,1,0.41641372706811924,0.3583797223818912,0.3003457176956631,0.073527631483985,0.13156163617021305,0.18959564085644115,290,56,nan,nan,0,,True,True,ellow-elmid
p0866,ellow-radmid-az225,elmid-radmid-az090,0.4889272788093383,0.7198724472469441,0.744314953695183,0.3003457176956631,0.39457841386323705,57,8,0.39457841386323705,0.34746206577945005,0.3003457176956631,0.09434886494610123,0.14146521302988824,0.1885815611136752,295,57,nan,nan,0,,True,True,ellow-elmid
p0867,ellow-radmid-az225,elmid-radmid-az135,0.47550876717611673,0.7073069204872808,0.7322682649352049,0.3003457176956631,0.3855787851950759,57,15,0.3855787851950759,0.3429622514453695,0.3003457176956631,0.08992998198104085,0.13254651573074722,0.17516304948045364,302,59,nan,nan,0,,True,True,ellow-elmid
p0868,ellow-radmid-az225,elmid-radmid-az180,0.48633805158022714,0.7182165004311182,0.7450163622713726,0.3003457176956631,0.3920347270865256,57,10,0.3920347270865256,0.3461902223910943,0.3003457176956631,0.09430332449370155,0.14014782918913282,0.18599233388456404,304,46,nan,nan,0,,True,True,ellow-elmid
p0869,ellow-radmid-az225,elmid-radmid-az225,0.48839314090973324,0.7268614558768598,0.751290921651789,0.3003457176956631,0.4035228167038699,57,2,0.4035228167038699,0.3519342671997665,0.3003457176956631,0.08487032420586332,0.13645887370996673,0.18804742321407014,306,53,nan,nan,0,,True,True,ellow-elmid
p0870,ellow-radmid-az225,elmid-radmid-az270,0.47355160701339954,0.7148348028882127,0.7403879832875935,0.3003457176956631,0.40315190191972006,57,3,0.40315190191972006,0.3517488098076916,0.3003457176956631,0.07039970509367949,0.12180279720570797,0.17320588931773645,293,48,nan,nan,0,,True,True,ellow-elmid
p0871,ellow-radmid-az225,elmid-radmid-az315,0.46417398587608877,0.7019067164126787,0.7333889700053323,0.3003457176956631,0.38855085122315813,57,13,0.38855085122315813,0.3444482844594106,0.3003457176956631,0.07562313465293063,0.11972570141667815,0.16382826818042567,301,51,nan,nan,0,,True,True,ellow-elmid
p0872,ellow-radmid-az225,elmid-radfar-az000,0.47476358219076825,0.7158152123383785,0.744097521592941,0.3003457176956631,0.3883653697649618,57,14,0.3883653697649618,0.3443555437303124,0.3003457176956631,0.08639821242580648,0.13040803846045584,0.17441786449510516,304,50,nan,nan,0,,True,True,ellow-elmid
p0873,ellow-radmid-az225,elmid-radfar-az045,0.4777877113465416,0.7173769663634618,0.7445614913333047,0.3003457176956631,0.3904277067982496,57,12,0.3904277067982496,0.3453867122469564,0.3003457176956631,0.08736000454829196,0.1324009990995852,0.17744199365087848,294,57,nan,nan,0,,True,True,ellow-elmid
p0874,ellow-radmid-az225,elmid-radfar-az090,0.4803471562337973,0.7148487670911855,0.74275326948347,0.3003457176956631,0.4031096513417022,57,4,0.4031096513417022,0.35172768451868264,0.3003457176956631,0.07723750489209513,0.12861947171511467,0.18000143853813422,294,58,nan,nan,0,,True,True,ellow-elmid
p0875,ellow-radmid-az225,elmid-radfar-az135,0.4702071153242001,0.708604550533025,0.7375749766270443,0.3003457176956631,0.3906639225147944,57,11,0.3906639225147944,0.34550482010522876,0.3003457176956631,0.0795431928094057,0.12470229521897136,0.16986139762853703,301,49,nan,nan,0,,True,True,ellow-elmid
p0876,ellow-radmid-az225,elmid-radfar-az180,0.48458937660326,0.7210442339399957,0.748212545478377,0.3003457176956631,0.39775345373611054,57,7,0.39775345373611054,0.34904958571588685,0.3003457176956631,0.08683592286714947,0.13553979088737317,0.18424365890759692,306,49,nan,nan,0,,True,True,ellow-elmid
p0877,ellow-radmid-az225,elmid-radfar-az225,0.47611197543596756,0.7134672745613866,0.7413736217400597,0.3003457176956631,0.40094783670068784,57,6,0.40094783670068784,0.3506467771981755,0.3003457176956631,0.07516413873527972,0.12546519823779206,0.17576625774030447,288,57,nan,nan,0,,True,True,ellow-elmid
p0878,ellow-radmid-az225,elmid-radfar-az270,0.47844715324743564,0.7208801599776382,0.7477836733900011,0.3003457176956631,0.39259913412484276,57,9,0.39259913412484276,0.34647242591025296,0.3003457176956631,0.08584801912259288,0.13197472733718268,0.17810143555177255,300,55,nan,nan,0,,True,True,ellow-elmid
p0879,ellow-radmid-az225,elmid-radfar-az315,0.4683375924075095,0.7081800130390316,0.7374837387455502,0.3003457176956631,0.38032179073567957,57,16,0.38032179073567957,0.34033375421567136,0.3003457176956631,0.08801580167182993,0.12800383819183814,0.1679918747118464,303,52,nan,nan,0,,True,True,ellow-elmid
p0880,ellow-radmid-az225,elhigh-radnear-az000,0.4660455609357585,0.6996804310586384,0.7247221135287639,0.3003457176956631,0.3287976256874326,57,48,0.3287976256874326,0.31457167169154787,0.3003457176956631,0.1372479352483259,0.15147388924421062,0.1656998432400954,296,51,nan,nan,0,,True,True,elhigh-ellow
p0881,ellow-radmid-az225,elhigh-radnear-az045,0.4672565029062742,0.6959672262710748,0.7212187288079158,0.3003457176956631,0.3372504425742561,57,38,0.3372504425742561,0.3187980801349596,0.3003457176956631,0.13000606033201806,0.1484584227713146,0.1669107852106111,307,51,nan,nan,0,,True,True,elhigh-ellow
p0882,ellow-radmid-az225,elhigh-radnear-az090,0.4659063852708906,0.6994113246793577,0.726291505215307,0.3003457176956631,0.3417464009985519,57,32,0.3417464009985519,0.3210460593471075,0.3003457176956631,0.12415998427233871,0.14486032592378312,0.16556066757522753,296,57,nan,nan,0,,True,True,elhigh-ellow
p0883,ellow-radmid-az225,elhigh-radnear-az135,0.4548882991061976,0.688550227143596,0.7164015955534305,0.3003457176956631,0.3320552452601486,57,46,0.3320552452601486,0.31620048147790586,0.3003457176956631,0.12283305384604898,0.13868781762829174,0.1545425814105345,292,57,nan,nan,0,,True,True,elhigh-ellow
p0884,ellow-radmid-az225,elhigh-radnear-az180,0.46847151190032177,0.6977697629736892,0.7277569497091917,0.3003457176956631,0.3395650145085634,57,35,0.3395650145085634,0.3199553661021133,0.3003457176956631,0.12890649739175836,0.1485161457982085,0.16812579420465867,301,49,nan,nan,0,,True,True,elhigh-ellow
p0885,ellow-radmid-az225,elhigh-radnear-az225,0.47342658214370953,0.7055736668109778,0.7321892945675579,0.3003457176956631,0.3440784937220457,57,28,0.3440784937220457,0.3222121057088544,0.3003457176956631,0.12934808842166384,0.15121447643485514,0.17308086444804643,286,59,nan,nan,0,,True,True,elhigh-ellow
p0886,ellow-radmid-az225,elhigh-radnear-az270,0.4593068334996473,0.6919626752025467,0.7229551612050399,0.3003457176956631,0.3216859159930162,57,49,0.3216859159930162,0.31101581684433965,0.3003457176956631,0.13762091750663108,0.14829101665530764,0.1589611158039842,298,53,nan,nan,0,,True,True,elhigh-ellow
p0887,ellow-radmid-az225,elhigh-radnear-az315,0.4663120527591832,0.7023962922012705,0.7294644068301511,0.3003457176956631,0.3361849875189326,57,41,0.3361849875189326,0.3182653526072978,0.3003457176956631,0.13012706524025058,0.14804670015188537,0.1659663350635201,295,57,nan,nan,0,,True,True,elhigh-ellow
p0888,ellow-radmid-az225,elhigh-radmid-az000,0.48102986603124837,0.716225762095662,0.7426317349210763,0.3003457176956631,0.3459669579749205,57,27,0.3459669579749205,0.3231563378352918,0.3003457176956631,0.13506290805632787,0.15787352819595657,0.18068414833558527,292,46,nan,nan,0,,True,True,elhigh-ellow
p0889,ellow-radmid-az225,elhigh-radmid-az045,0.47961068389554656,0.7069409711091635,0.7340831169668469,0.3003457176956631,0.35969234721512794,57,18,0.35969234721512794,0.33001903245539554,0.3003457176956631,0.11991833668041862,0.14959165144015102,0.17926496619988347,302,49,nan,nan,0,,True,True,elhigh-ellow
p0890,ellow-radmid-az225,elhigh-radmid-az090,0.47876114581779244,0.7105613228302047,0.7366870324549251,0.3003457176956631,0.3545783681398182,57,21,0.3545783681398182,0.3274620429177406,0.3003457176956631,0.12418277767797425,0.15129910290005183,0.17841542812212935,296,51,nan,nan,0,,True,True,elhigh-ellow
p0891,ellow-radmid-az225,elhigh-radmid-az135,0.4760664283025167,0.7096428630332683,0.7352219127963993,0.3003457176956631,0.3434079473811069,57,30,0.3434079473811069,0.321876832538385,0.3003457176956631,0.1326584809214098,0.15418959576413171,0.17572071060685363,296,55,nan,nan,0,,True,True,elhigh-ellow
p0892,ellow-radmid-az225,elhigh-radmid-az180,0.47646805883721016,0.710904042695307,0.7374492076236551,0.3003457176956631,0.35560303382831304,57,19,0.35560303382831304,0.32797437576198807,0.3003457176956631,0.12086502500889712,0.1484936830752221,0.17612234114154707,291,60,nan,nan,0,,True,True,elhigh-ellow
p0893,ellow-radmid-az225,elhigh-radmid-az225,0.4773138906955533,0.7134464325589767,0.7404932533548652,0.3003457176956631,0.33765850732244423,57,36,0.33765850732244423,0.31900211250905364,0.3003457176956631,0.13965538337310907,0.15831177818649966,0.1769681729998902,285,60,nan,nan,0,,True,True,elhigh-ellow
p0894,ellow-radmid-az225,elhigh-radmid-az270,0.4730953565093353,0.7049377179799925,0.7352358107851414,0.3003457176956631,0.33467761382312017,57,43,0.33467761382312017,0.3175116657593916,0.3003457176956631,0.13841774268621515,0.15558369074994371,0.17274963881367222,302,52,nan,nan,0,,True,True,elhigh-ellow
p0895,ellow-radmid-az225,elhigh-radmid-az315,0.4637358347247075,0.7011959582654141,0.7294763096426264,0.3003457176956631,0.3357774895562401,57,42,0.3357774895562401,0.3180616036259516,0.3003457176956631,0.12795834516846738,0.14567423109875588,0.16339011702904438,305,52,nan,nan,0,,True,True,elhigh-ellow
p0896,ellow-radmid-az225,elhigh-radfar-az000,0.4772696424057383,0.7105395010200709,0.7374292149248077,0.3003457176956631,0.33999633482078295,57,33,0.33999633482078295,0.320171026258223,0.3003457176956631,0.13727330758495537,0.1570986161475153,0.17692392471007523,309,43,nan,nan,0,,True,True,elhigh-ellow
p0897,ellow-radmid-az225,elhigh-radfar-az045,0.48505051779514236,0.7219549791765706,0.7469083782148797,0.3003457176956631,0.3517406582248309,57,24,0.3517406582248309,0.326043187960247,0.3003457176956631,0.13330985957031144,0.15900732983489535,0.18470480009947926,278,64,nan,nan,0,,True,True,elhigh-ellow
p0898,ellow-radmid-az225,elhigh-radfar-az090,0.4750211985716341,0.7100684625211737,0.7366588923534056,0.3003457176956631,0.33715840306367034,57,39,0.33715840306367034,0.31875206037966675,0.3003457176956631,0.13786279550796376,0.15626913819196736,0.174675480875971,302,50,nan,nan,0,,True,True,elhigh-ellow
p0899,ellow-radmid-az225,elhigh-radfar-az135,0.47957102101036747,0.7117664952415591,0.7381145194799977,0.3003457176956631,0.35443982782283306,57,22,0.35443982782283306,0.32739277275924805,0.3003457176956631,0.1251311931875344,0.15217824825111942,0.17922530331470438,308,48,nan,nan,0,,True,True,elhigh-ellow
p0900,ellow-radmid-az225,elhigh-radfar-az180,0.47478820751803125,0.7132739865631529,0.7404231444539041,0.3003457176956631,0.3435612602938729,57,29,0.3435612602938729,0.321953488994768,0.3003457176956631,0.13122694722415834,0.15283471852326325,0.17444248982236815,302,54,nan,nan,0,,True,True,elhigh-ellow
p0901,ellow-radmid-az225,elhigh-radfar-az225,0.4855456888152107,0.7173990830761916,0.7445845953442677,0.3003457176956631,0.3330930922222578,57,45,0.3330930922222578,0.31671940495896045,0.3003457176956631,0.1524525965929529,0.16882628385625026,0.1851999711195476,305,49,nan,nan,0,,True,True,elhigh-ellow
p0902,ellow-radmid-az225,elhigh-radfar-az270,0.4769864633948568,0.7094523990139524,0.7379901941622306,0.3003457176956631,0.3342499000230558,57,44,0.3342499000230558,0.31729780885935943,0.3003457176956631,0.14273656337180096,0.15968865453549735,0.1766407456991937,299,52,nan,nan,0,,True,True,elhigh-ellow
p0903,ellow-radmid-az225,elhigh-radfar-az315,0.4708416025155103,0.7061749976033997,0.7354538574176702,0.3003457176956631,0.3370014455332844,57,40,0.3370014455332844,0.3186735816144738,0.3003457176956631,0.1338401569822259,0.15216802090103654,0.17049588481984723,299,52,nan,nan,0,,True,True,elhigh-ellow
p0904,ellow-radmid-az270,ellow-radmid-az315,0.2806477060671281,0.4658388090301818,0.5215699091271718,0.31427159279864797,0.2748397286931444,50,71,0.31427159279864797,0.2945556607458962,0.2748397286931444,-0.03362388673151989,-0.013907954678768097,0.005807977373983697,294,57,nan,nan,0,,False,False,ellow-ellow
p0905,ellow-radmid-az270,ellow-radfar-az000,0.30378809689407804,0.5145194535727666,0.5613558549128506,0.31427159279864797,0.2817460140742008,50,67,0.31427159279864797,0.2980088034364244,0.2817460140742008,-0.010483495904569928,0.005779293457653656,0.02204208281987724,278,67,nan,nan,0,,False,True,ellow-ellow
p0906,ellow-radmid-az270,ellow-radfar-az045,0.31753115473559923,0.5227559204014229,0.5743473195007263,0.31427159279864797,0.30519005759179973,50,55,0.31427159279864797,0.3097308251952239,0.30519005759179973,0.0032595619369512607,0.00780032954037535,0.012341097143799495,290,72,nan,nan,0,,True,True,ellow-ellow
p0907,ellow-radmid-az270,ellow-radfar-az090,0.3106107249507553,0.5206319321531448,0.5698638791665976,0.31427159279864797,0.3072999780629998,50,54,0.31427159279864797,0.3107857854308239,0.3072999780629998,-0.003660867847892657,-0.00017506048006860064,0.0033107468877555113,282,74,nan,nan,0,,False,False,ellow-ellow
p0908,ellow-radmid-az270,ellow-radfar-az135,0.3182725314533687,0.5262446555149254,0.5812040861081935,0.31427159279864797,0.28205091366265594,50,66,0.31427159279864797,0.29816125323065196,0.28205091366265594,0.0040009386547207315,0.020111278222716744,0.03622161779071276,287,61,nan,nan,0,,True,True,ellow-ellow
p0909,ellow-radmid-az270,ellow-radfar-az180,0.3005813909913262,0.5003017643683759,0.5477635921548261,0.31427159279864797,0.3013082995025368,50,56,0.31427159279864797,0.3077899461505924,0.3013082995025368,-0.013690201807321778,-0.007208555159266217,-0.0007269085112106,287,72,nan,nan,0,,False,False,ellow-ellow
p0910,ellow-radmid-az270,ellow-radfar-az225,0.32376544278775815,0.5437751909053923,0.5949625771593701,0.31427159279864797,0.28484504258501964,50,64,0.31427159279864797,0.29955831769183383,0.28484504258501964,0.009493849989110181,0.02420712509592432,0.038920400202738514,283,71,nan,nan,0,,True,True,ellow-ellow
p0911,ellow-radmid-az270,ellow-radfar-az270,0.28431831271336505,0.48295212768186596,0.5348455407916168,0.31427159279864797,0.30958469798239646,50,53,0.31427159279864797,0.3119281453905222,0.30958469798239646,-0.02995328008528292,-0.027609832677157164,-0.02526638526903141,279,73,nan,nan,0,,False,False,ellow-ellow
p0912,ellow-radmid-az270,ellow-radfar-az315,0.2704917039659286,0.46345330418850506,0.5112901588205909,0.31427159279864797,0.27594677444659244,50,70,0.31427159279864797,0.2951091836226202,0.27594677444659244,-0.04377988883271938,-0.024617479656691588,-0.005455070480663848,291,65,nan,nan,0,,False,False,ellow-ellow
p0913,ellow-radmid-az270,elmid-radnear-az000,0.46129892175976167,0.6914695116276052,0.7182358666891283,0.31427159279864797,0.35517090007794966,50,20,0.35517090007794966,0.3347212464382988,0.31427159279864797,0.10612802168181201,0.12657767532146286,0.1470273289611137,290,73,nan,nan,0,,True,True,ellow-elmid
p0914,ellow-radmid-az270,elmid-radnear-az045,0.47175344293827226,0.7053202158236744,0.7312196431423748,0.31427159279864797,0.3542262604718849,50,23,0.3542262604718849,0.3342489266352664,0.31427159279864797,0.11752718246638738,0.13750451630300586,0.1574818501396243,280,72,nan,nan,0,,True,True,ellow-elmid
p0915,ellow-radmid-az270,elmid-radnear-az090,0.4733061336842108,0.7027312775872104,0.7299166516934791,0.31427159279864797,0.3373441618464497,50,37,0.3373441618464497,0.32580787732254884,0.31427159279864797,0.1359619718377611,0.14749825636166197,0.15903454088556285,292,61,nan,nan,0,,True,True,ellow-elmid
p0916,ellow-radmid-az270,elmid-radnear-az135,0.46685808754281855,0.6905388698726701,0.7185226783015638,0.31427159279864797,0.34220636476623056,50,31,0.34220636476623056,0.32823897878243924,0.31427159279864797,0.12465172277658798,0.1386191087603793,0.15258649474417058,284,57,nan,nan,0,,True,True,ellow-elmid
p0917,ellow-radmid-az270,elmid-radnear-az180,0.4634875346852739,0.6879641963105958,0.7166895718839137,0.31427159279864797,0.3511704098620124,50,25,0.3511704098620124,0.3327210013303302,0.31427159279864797,0.1123171248232615,0.1307665333549437,0.14921594188662596,286,66,nan,nan,0,,True,True,ellow-elmid
p0918,ellow-radmid-az270,elmid-radnear-az225,0.46620498526353094,0.6963182728824596,0.7245781208599574,0.31427159279864797,0.36478026048785717,50,17,0.36478026048785717,0.33952592664325254,0.31427159279864797,0.10142472477567377,0.1266790586202784,0.15193339246488297,288,71,nan,nan,0,,True,True,ellow-elmid
p0919,ellow-radmid-az270,elmid-radnear-az270,0.4650292978359277,0.6899677719065913,0.7170438603364926,0.31427159279864797,0.3473214946568377,50,26,0.3473214946568377,0.3307965437277428,0.31427159279864797,0.11770780317909002,0.13423275410818492,0.15075770503727975,276,65,nan,nan,0,,True,True,ellow-elmid
p0920,ellow-radmid-az270,elmid-radnear-az315,0.46199016331390647,0.6969031826364644,0.7252349422898366,0.31427159279864797,0.3398194147983978,50,34,0.3398194147983978,0.3270455037985229,0.31427159279864797,0.12217074851550869,0.1349446595153836,0.1477185705152585,284,67,nan,nan,0,,True,True,ellow-elmid
p0921,ellow-radmid-az270,elmid-radmid-az000,0.478387368975848,0.7204671572065191,0.746991428953754,0.31427159279864797,0.40109184962731287,50,5,0.40109184962731287,0.3576817212129804,0.31427159279864797,0.07729551934853512,0.12070564776286757,0.16411577617720002,280,62,nan,nan,0,,True,True,ellow-elmid
p0922,ellow-radmid-az270,elmid-radmid-az045,0.47896772109996505,0.7097396388278073,0.7349221201126731,0.31427159279864797,0.41641372706811924,50,1,0.41641372706811924,0.3653426599333836,0.31427159279864797,0.0625539940318458,0.11362506116658144,0.16469612830131708,277,72,nan,nan,0,,True,True,ellow-elmid
p0923,ellow-radmid-az270,elmid-radmid-az090,0.4762169840851313,0.7088370491493933,0.7351010596979196,0.31427159279864797,0.39457841386323705,50,8,0.39457841386323705,0.3544250033309425,0.31427159279864797,0.08163857022189425,0.12179198075418879,0.16194539128648333,282,73,nan,nan,0,,True,True,ellow-elmid
p0924,ellow-radmid-az270,elmid-radmid-az135,0.4705778999344998,0.7034161650577868,0.7296188792403484,0.31427159279864797,0.3855787851950759,50,15,0.3855787851950759,0.3499251889968619,0.31427159279864797,0.0849991147394239,0.12065271093763785,0.1563063071358518,289,75,nan,nan,0,,True,True,ellow-elmid
p0925,ellow-radmid-az270,elmid-radmid-az180,0.4803512744095468,0.7158256468151553,0.7414417152827869,0.31427159279864797,0.3920347270865256,50,10,0.3920347270865256,0.3531531599425868,0.31427159279864797,0.08831654732302119,0.12719811446696,0.1660796816108988,291,62,nan,nan,0,,True,True,ellow-elmid
p0926,ellow-radmid-az270,elmid-radmid-az225,0.4882588862288467,0.7227246177355648,0.7457203402967092,0.31427159279864797,0.4035228167038699,50,2,0.4035228167038699,0.35889720475125897,0.31427159279864797,0.08473606952497681,0.12936168147758775,0.17398729343019875,293,69,nan,nan,0,,True,True,ellow-elmid
p0928,ellow-radmid-az270,elmid-radmid-az315,0.4666811587840704,0.7046095077615125,0.7324810072785496,0.31427159279864797,0.38855085122315813,50,13,0.38855085122315813,0.351411222010903,0.31427159279864797,0.07813030756091227,0.11526993677316738,0.15240956598542243,288,67,nan,nan,0,,True,True,ellow-elmid
p0929,ellow-radmid-az270,elmid-radfar-az000,0.47238524784876784,0.7120911270569289,0.7405245432839522,0.31427159279864797,0.3883653697649618,50,14,0.3883653697649618,0.3513184812818049,0.31427159279864797,0.08401987808380607,0.12106676656696297,0.15811365505011987,291,66,nan,nan,0,,True,True,ellow-elmid
p0930,ellow-radmid-az270,elmid-radfar-az045,0.47266894299580753,0.7098963827400461,0.7367248683278932,0.31427159279864797,0.3904277067982496,50,12,0.3904277067982496,0.3523496497984488,0.31427159279864797,0.08224123619755791,0.12031929319735873,0.15839735019715956,281,73,nan,nan,0,,True,True,ellow-elmid
p0931,ellow-radmid-az270,elmid-radfar-az090,0.47353181958457374,0.7038297274521995,0.7317920187948204,0.31427159279864797,0.4031096513417022,50,4,0.4031096513417022,0.3586906220701751,0.31427159279864797,0.07042216824287156,0.11484119751439864,0.15926022678592577,281,74,nan,nan,0,,True,True,ellow-elmid
p0932,ellow-radmid-az270,elmid-radfar-az135,0.45433416310326674,0.6957052585635876,0.7253209671393702,0.31427159279864797,0.3906639225147944,50,11,0.3906639225147944,0.3524677576567212,0.31427159279864797,0.06367024058847232,0.10186640544654552,0.14006257030461877,288,65,nan,nan,0,,True,True,ellow-elmid
p0933,ellow-radmid-az270,elmid-radfar-az180,0.4719998636735735,0.7123123759031108,0.7402429805802658,0.31427159279864797,0.39775345373611054,50,7,0.39775345373611054,0.35601252326737926,0.31427159279864797,0.07424640993746295,0.11598734040619424,0.15772827087492552,293,65,nan,nan,0,,True,True,ellow-elmid
p0934,ellow-radmid-az270,elmid-radfar-az225,0.48111814331642266,0.7145725226485283,0.7403372785084047,0.31427159279864797,0.40094783670068784,50,6,0.40094783670068784,0.3576097147496679,0.31427159279864797,0.08017030661573482,0.12350842856675476,0.1668465505177747,275,73,nan,nan,0,,True,True,ellow-elmid
p0935,ellow-radmid-az270,elmid-radfar-az270,0.46733659651523995,0.7055646710912161,0.7344728852287465,0.31427159279864797,0.39259913412484276,50,9,0.39259913412484276,0.35343536346174537,0.31427159279864797,0.07473746239039719,0.11390123305349459,0.15306500371659199,287,71,nan,nan,0,,True,True,ellow-elmid
p0936,ellow-radmid-az270,elmid-radfar-az315,0.4668717542058979,0.704863320393701,0.7351711343021791,0.31427159279864797,0.38032179073567957,50,16,0.38032179073567957,0.34729669176716377,0.31427159279864797,0.08654996347021832,0.11957506243873411,0.1526001614072499,290,68,nan,nan,0,,True,True,ellow-elmid
p0937,ellow-radmid-az270,elhigh-radnear-az000,0.45872685632085375,0.6876308888358719,0.7186750239238396,0.31427159279864797,0.3287976256874326,50,48,0.3287976256874326,0.3215346092430403,0.31427159279864797,0.12992923063342116,0.13719224707781347,0.14445526352220578,283,67,nan,nan,0,,True,True,elhigh-ellow
p0938,ellow-radmid-az270,elhigh-radnear-az045,0.464750931309747,0.6964388868812718,0.7227504221455404,0.31427159279864797,0.3372504425742561,50,38,0.3372504425742561,0.32576101768645205,0.31427159279864797,0.12750048873549086,0.13898991362329494,0.15047933851109901,294,67,nan,nan,0,,True,True,elhigh-ellow
p0939,ellow-radmid-az270,elhigh-radnear-az090,0.45981426485654486,0.687563119139856,0.7151231693046692,0.31427159279864797,0.3417464009985519,50,32,0.3417464009985519,0.32800899689859997,0.31427159279864797,0.11806786385799295,0.1318052679579449,0.1455426720578969,283,73,nan,nan,0,,True,True,elhigh-ellow
p0940,ellow-radmid-az270,elhigh-radnear-az135,0.4618596191597719,0.6923901936761294,0.7194270842665377,0.31427159279864797,0.3320552452601486,50,46,0.3320552452601486,0.32316341902939827,0.31427159279864797,0.1298043738996233,0.13869620013037365,0.14758802636112395,279,73,nan,nan,0,,True,True,elhigh-ellow
p0941,ellow-radmid-az270,elhigh-radnear-az180,0.4701413645542229,0.6966285861909355,0.7239100279568517,0.31427159279864797,0.3395650145085634,50,35,0.3395650145085634,0.3269183036536057,0.31427159279864797,0.13057635004565948,0.1432230609006172,0.15586977175557493,288,65,nan,nan,0,,True,True,elhigh-ellow
p0942,ellow-radmid-az270,elhigh-radnear-az225,0.46399882166813905,0.6958630448885778,0.7237445476996344,0.31427159279864797,0.3440784937220457,50,28,0.3440784937220457,0.32917504326034686,0.31427159279864797,0.11992032794609336,0.1348237784077922,0.14972722886949108,273,75,nan,nan,0,,True,True,elhigh-ellow
p0943,ellow-radmid-az270,elhigh-radnear-az270,0.46050595972401315,0.692653277756885,0.7215108686748801,0.31427159279864797,0.3216859159930162,50,49,0.3216859159930162,0.3179787543958321,0.31427159279864797,0.13882004373099693,0.14252720532818103,0.14623436692536518,285,69,nan,nan,0,,True,True,elhigh-ellow
p0944,ellow-radmid-az270,elhigh-radnear-az315,0.46229570912372053,0.6964919421054622,0.7242879403351906,0.31427159279864797,0.3361849875189326,50,41,0.3361849875189326,0.3252282901587903,0.31427159279864797,0.12611072160478792,0.13706741896493024,0.14802411632507256,282,73,nan,nan,0,,True,True,elhigh-ellow
p0945,ellow-radmid-az270,elhigh-radmid-az000,0.4754586263496457,0.7073974432244684,0.734732760247736,0.31427159279864797,0.3459669579749205,50,27,0.3459669579749205,0.3301192753867842,0.31427159279864797,0.1294916683747252,0.1453393509628615,0.16118703355099773,279,62,nan,nan,0,,True,True,elhigh-ellow
p0946,ellow-radmid-az270,elhigh-radmid-az045,0.48166717898584455,0.7104594507818017,0.7354588504297495,0.31427159279864797,0.35969234721512794,50,18,0.35969234721512794,0.33698197000688795,0.31427159279864797,0.12197483177071661,0.1446852089789566,0.16739558618719658,289,65,nan,nan,0,,True,True,elhigh-ellow
p0947,ellow-radmid-az270,elhigh-radmid-az090,0.466755152169171,0.6996131236814659,0.7303838592657288,0.31427159279864797,0.3545783681398182,50,21,0.3545783681398182,0.3344249804692331,0.31427159279864797,0.11217678402935283,0.13233017169993794,0.15248355937052305,283,67,nan,nan,0,,True,True,elhigh-ellow
p0948,ellow-radmid-az270,elhigh-radmid-az135,0.46924627346593767,0.7036014669671649,0.7315609480187163,0.31427159279864797,0.3434079473811069,50,30,0.3434079473811069,0.3288397700898774,0.31427159279864797,0.12583832608483075,0.14040650337606025,0.1549746806672897,283,71,nan,nan,0,,True,True,elhigh-ellow
p0949,ellow-radmid-az270,elhigh-radmid-az180,0.47868801182910026,0.7113817236613759,0.7393158982542718,0.31427159279864797,0.35560303382831304,50,19,0.35560303382831304,0.33493731331348053,0.31427159279864797,0.12308497800078722,0.14375069851561972,0.1644164190304523,278,76,nan,nan,0,,True,True,elhigh-ellow
p0950,ellow-radmid-az270,elhigh-radmid-az225,0.4731313565578574,0.7060067613554124,0.7331179159889042,0.31427159279864797,0.33765850732244423,50,36,0.33765850732244423,0.3259650500605461,0.31427159279864797,0.13547284923541314,0.14716630649731127,0.1588597637592094,272,76,nan,nan,0,,True,True,elhigh-ellow
p0951,ellow-radmid-az270,elhigh-radmid-az270,0.4497932110815191,0.6873060101685181,0.7213743848477779,0.31427159279864797,0.33467761382312017,50,43,0.33467761382312017,0.32447460331088407,0.31427159279864797,0.11511559725839893,0.12531860777063503,0.13552161828287113,289,68,nan,nan,0,,True,True,elhigh-ellow
p0952,ellow-radmid-az270,elhigh-radmid-az315,0.4643591618454361,0.6979509227890874,0.7267594273248937,0.31427159279864797,0.3357774895562401,50,42,0.3357774895562401,0.32502454117744406,0.31427159279864797,0.12858167228919598,0.13933462066799202,0.1500875690467881,292,68,nan,nan,0,,True,True,elhigh-ellow
p0953,ellow-radmid-az270,elhigh-radfar-az000,0.47000631317664826,0.7058507116603484,0.7344268449695396,0.31427159279864797,0.33999633482078295,50,33,0.33999633482078295,0.3271339638097155,0.31427159279864797,0.1300099783558653,0.14287234936693277,0.1557347203780003,296,59,nan,nan,0,,True,True,elhigh-ellow
p0954,ellow-radmid-az270,elhigh-radfar-az045,0.48125149150663304,0.7144100742182082,0.740440891869906,0.31427159279864797,0.3517406582248309,50,24,0.3517406582248309,0.33300612551173947,0.31427159279864797,0.12951083328180213,0.14824536599489357,0.16697989870798507,265,80,nan,nan,0,,True,True,elhigh-ellow
p0955,ellow-radmid-az270,elhigh-radfar-az090,0.462702627173791,0.6963739685566056,0.7275184935940538,0.31427159279864797,0.33715840306367034,50,39,0.33715840306367034,0.32571499793115916,0.31427159279864797,0.12554422411012067,0.13698762924263186,0.14843103437514304,289,66,nan,nan,0,,True,True,elhigh-ellow
p0956,ellow-radmid-az270,elhigh-radfar-az135,0.4695418723662904,0.7020738389570248,0.7284461112832211,0.31427159279864797,0.35443982782283306,50,22,0.35443982782283306,0.3343557103107405,0.31427159279864797,0.11510204454345735,0.1351861620555499,0.15527027956764244,295,64,nan,nan,0,,True,True,elhigh-ellow
p0957,ellow-radmid-az270,elhigh-radfar-az180,0.4759759047687516,0.7098078491045656,0.7381712506615382,0.31427159279864797,0.3435612602938729,50,29,0.3435612602938729,0.3289164265462604,0.31427159279864797,0.13241464447487872,0.1470594782224912,0.16170431197010365,289,70,nan,nan,0,,True,True,elhigh-ellow
p0958,ellow-radmid-az270,elhigh-radfar-az225,0.4796679317072471,0.7096329228042934,0.7372033605939234,0.31427159279864797,0.3330930922222578,50,45,0.3330930922222578,0.3236823425104529,0.31427159279864797,0.14657483948498928,0.15598558919679417,0.16539633890859912,292,65,nan,nan,0,,True,True,elhigh-ellow
p0959,ellow-radmid-az270,elhigh-radfar-az270,0.46669534299233545,0.7025195530841916,0.7334811457694694,0.31427159279864797,0.3342499000230558,50,44,0.3342499000230558,0.3242607464108519,0.31427159279864797,0.13244544296927963,0.14243459658148355,0.15242375019368748,286,68,nan,nan,0,,True,True,elhigh-ellow
p0960,ellow-radmid-az270,elhigh-radfar-az315,0.4654346388330657,0.7001736666246564,0.7301185226505236,0.31427159279864797,0.3370014455332844,50,40,0.3370014455332844,0.3256365191659662,0.31427159279864797,0.12843319329978126,0.13979811966709949,0.15116304603441771,286,68,nan,nan,0,,True,True,elhigh-ellow
p0961,ellow-radmid-az315,ellow-radfar-az000,0.2905113513542931,0.48340097107696134,0.5459506761335408,0.2748397286931444,0.2817460140742008,71,67,0.2817460140742008,0.2782928713836726,0.2748397286931444,0.008765337280092322,0.012218479970620533,0.015671622661148743,288,50,nan,nan,0,,True,True,ellow-ellow
p0962,ellow-radmid-az315,ellow-radfar-az045,0.31230967899817014,0.5268313128970769,0.5774488007803912,0.2748397286931444,0.30519005759179973,71,55,0.30519005759179973,0.2900148931424721,0.2748397286931444,0.007119621406370402,0.02229478585569805,0.037469950305025757,300,55,nan,nan,0,,True,True,ellow-ellow
p0963,ellow-radmid-az315,ellow-radfar-az090,0.3151700249956242,0.5200253920632723,0.5718043215650163,0.2748397286931444,0.3072999780629998,71,54,0.3072999780629998,0.2910698533780721,0.2748397286931444,0.007870046932624386,0.02410017161755207,0.04033029630247981,292,57,nan,nan,0,,True,True,ellow-ellow
p0964,ellow-radmid-az315,ellow-radfar-az135,0.2965034681530785,0.4971331029720541,0.5576979100930931,0.2748397286931444,0.28205091366265594,71,66,0.28205091366265594,0.27844532117790016,0.2748397286931444,0.014452554490422542,0.018058146975178324,0.021663739459934106,297,44,nan,nan,0,,True,True,ellow-ellow
p0965,ellow-radmid-az315,ellow-radfar-az180,0.33324208927883614,0.5480628885293524,0.6019182898332461,0.2748397286931444,0.3013082995025368,71,56,0.3013082995025368,0.2880740140978406,0.2748397286931444,0.03193378977629935,0.045168075180995526,0.05840236058569176,297,55,nan,nan,0,,True,True,ellow-ellow
p0966,ellow-radmid-az315,ellow-radfar-az225,0.289846969748101,0.485276369676991,0.5366572210247468,0.2748397286931444,0.28484504258501964,71,64,0.28484504258501964,0.27984238563908204,0.2748397286931444,0.005001927163081343,0.010004584109018944,0.0150072410549566,293,54,nan,nan,0,,True,True,ellow-ellow
p0967,ellow-radmid-az315,ellow-radfar-az270,0.29932508631075194,0.5011371724564152,0.5560569873609181,0.2748397286931444,0.30958469798239646,71,53,0.30958469798239646,0.2922122133377704,0.2748397286931444,-0.01025961167164452,0.007112872972981521,0.02448535761760756,289,56,nan,nan,0,,False,True,ellow-ellow
p0968,ellow-radmid-az315,ellow-radfar-az315,0.2995329230166924,0.506818888895193,0.5610171626057169,0.2748397286931444,0.27594677444659244,71,70,0.27594677444659244,0.2753932515698684,0.2748397286931444,0.02358614857009994,0.024139671446823996,0.024693194323547996,301,48,nan,nan,0,,True,True,ellow-ellow
p0969,ellow-radmid-az315,elmid-radnear-az000,0.47032909597280365,0.6987740106056973,0.7260483370015933,0.2748397286931444,0.35517090007794966,71,20,0.35517090007794966,0.315005314385547,0.2748397286931444,0.11515819589485399,0.15532378158725663,0.19548936727965927,300,56,nan,nan,0,,True,True,ellow-elmid
p0970,ellow-radmid-az315,elmid-radnear-az045,0.46893260370233725,0.6988370912746164,0.7244256535173919,0.2748397286931444,0.3542262604718849,71,23,0.3542262604718849,0.3145329945825146,0.2748397286931444,0.11470634323045237,0.15439960911982265,0.19409287500919287,290,55,nan,nan,0,,True,True,ellow-elmid
p0971,ellow-radmid-az315,elmid-radnear-az090,0.4724173697082633,0.6972559181037019,0.7227958888340622,0.2748397286931444,0.3373441618464497,71,37,0.3373441618464497,0.30609194526979705,0.2748397286931444,0.1350732078618136,0.16632542443846626,0.19757764101511893,302,44,nan,nan,0,,True,True,ellow-elmid
p0972,ellow-radmid-az315,elmid-radnear-az135,0.4616123774054239,0.6879812692108629,0.7145792511872798,0.2748397286931444,0.34220636476623056,71,31,0.34220636476623056,0.30852304672968744,0.2748397286931444,0.11940601263919332,0.15308933067573643,0.1867726487122795,294,40,nan,nan,0,,True,True,ellow-elmid
p0973,ellow-radmid-az315,elmid-radnear-az180,0.4646472040373987,0.6895918731719023,0.7165939599986205,0.2748397286931444,0.3511704098620124,71,25,0.3511704098620124,0.31300506927757843,0.2748397286931444,0.11347679417538625,0.15164213475982025,0.1898074753442543,296,49,nan,nan,0,,True,True,ellow-elmid
p0974,ellow-radmid-az315,elmid-radnear-az225,0.4774924285138708,0.7035778455626529,0.7274736435036834,0.2748397286931444,0.36478026048785717,71,17,0.36478026048785717,0.31980999459050075,0.2748397286931444,0.11271216802601364,0.15768243392337006,0.20265269982072642,298,54,nan,nan,0,,True,True,ellow-elmid
p0975,ellow-radmid-az315,elmid-radnear-az270,0.47589426285648934,0.6988694177817195,0.7246907191624314,0.2748397286931444,0.3473214946568377,71,26,0.3473214946568377,0.311080611674991,0.2748397286931444,0.12857276819965163,0.16481365118149832,0.20105453416334496,286,48,nan,nan,0,,True,True,ellow-elmid
p0976,ellow-radmid-az315,elmid-radnear-az315,0.45519994803797603,0.68495549176475,0.7137818562374824,0.2748397286931444,0.3398194147983978,71,34,0.3398194147983978,0.3073295717457711,0.2748397286931444,0.11538053323957825,0.14787037629220495,0.18036021934483165,294,50,nan,nan,0,,True,True,ellow-elmid
p0977,ellow-radmid-az315,elmid-radmid-az000,0.4736157946325363,0.7080156775684356,0.7321503977205759,0.2748397286931444,0.40109184962731287,71,5,0.40109184962731287,0.3379657891602286,0.2748397286931444,0.07252394500522341,0.13565000547230766,0.1987760659393919,290,45,nan,nan,0,,True,True,ellow-elmid
p0978,ellow-radmid-az315,elmid-radmid-az045,0.48689530419439697,0.7115183931023997,0.7344125437042779,0.2748397286931444,0.41641372706811924,71,1,0.41641372706811924,0.3456267278806318,0.2748397286931444,0.07048157712627773,0.14126857631376516,0.2120555755012526,287,55,nan,nan,0,,True,True,ellow-elmid
p0979,ellow-radmid-az315,elmid-radmid-az090,0.4797426997356068,0.7031568931799794,0.7285917047853394,0.2748397286931444,0.39457841386323705,71,8,0.39457841386323705,0.3347090712781907,0.2748397286931444,0.08516428587236974,0.14503362845741608,0.2049029710424624,292,56,nan,nan,0,,True,True,ellow-elmid
p0980,ellow-radmid-az315,elmid-radmid-az135,0.47246965410654773,0.7041672334699249,0.7302914240279528,0.2748397286931444,0.3855787851950759,71,15,0.3855787851950759,0.33020925694411013,0.2748397286931444,0.08689086891147185,0.1422603971624376,0.19762992541340335,299,58,nan,nan,0,,True,True,ellow-elmid
p0981,ellow-radmid-az315,elmid-radmid-az180,0.48487790219792476,0.7149727435661926,0.7385337216564986,0.2748397286931444,0.3920347270865256,71,10,0.3920347270865256,0.333437227889835,0.2748397286931444,0.09284317511139917,0.15144067430808977,0.21003817350478038,301,45,nan,nan,0,,True,True,ellow-elmid
p0982,ellow-radmid-az315,elmid-radmid-az225,0.48444005262498585,0.7153941238763456,0.739777019372086,0.2748397286931444,0.4035228167038699,71,2,0.4035228167038699,0.3391812726985072,0.2748397286931444,0.08091723592111594,0.14525877992647868,0.20960032393184147,303,52,nan,nan,0,,True,True,ellow-elmid
p0983,ellow-radmid-az315,elmid-radmid-az270,0.47727422597084324,0.7058605109118754,0.7324776100864661,0.2748397286931444,0.40315190191972006,71,3,0.40315190191972006,0.3389958153064322,0.2748397286931444,0.07412232405112318,0.13827841066441104,0.20243449727769885,290,47,nan,nan,0,,True,True,ellow-elmid
p0984,ellow-radmid-az315,elmid-radmid-az315,0.4668884260524452,0.6983415074507168,0.726453865719188,0.2748397286931444,0.38855085122315813,71,13,0.38855085122315813,0.33169528995815123,0.2748397286931444,0.07833757482928705,0.13519313609429395,0.1920486973593008,298,50,nan,nan,0,,True,True,ellow-elmid
p0985,ellow-radmid-az315,elmid-radfar-az000,0.4686712769007303,0.7016992714459882,0.7293710422360019,0.2748397286931444,0.3883653697649618,71,14,0.3883653697649618,0.3316025492290531,0.2748397286931444,0.08030590713576852,0.13706872767167722,0.1938315482075859,301,49,nan,nan,0,,True,True,ellow-elmid
p0986,ellow-radmid-az315,elmid-radfar-az045,0.4763208510865136,0.7061734366687604,0.7341788409851523,0.2748397286931444,0.3904277067982496,71,12,0.3904277067982496,0.332633717745697,0.2748397286931444,0.085893144288264,0.14368713334081662,0.20148112239336924,291,56,nan,nan,0,,True,True,ellow-elmid
p0987,ellow-radmid-az315,elmid-radfar-az090,0.47562753700492416,0.7035826974424483,0.7301345057612648,0.2748397286931444,0.4031096513417022,71,4,0.4031096513417022,0.3389746900174233,0.2748397286931444,0.07251788566322198,0.13665284698750085,0.20078780831177978,291,57,nan,nan,0,,True,True,ellow-elmid
p0988,ellow-radmid-az315,elmid-radfar-az135,0.46409324319479417,0.6986769173743319,0.7252204218320437,0.2748397286931444,0.3906639225147944,71,11,0.3906639225147944,0.33275182560396943,0.2748397286931444,0.07342932067999974,0.13134141759082474,0.1892535145016498,298,48,nan,nan,0,,True,True,ellow-elmid
p0989,ellow-radmid-az315,elmid-radfar-az180,0.4783916710614514,0.7133600181975077,0.740952954777945,0.2748397286931444,0.39775345373611054,71,7,0.39775345373611054,0.33629659121462746,0.2748397286931444,0.08063821732534088,0.14209507984682396,0.20355194236830704,303,48,nan,nan,0,,True,True,ellow-elmid
p0990,ellow-radmid-az315,elmid-radfar-az225,0.4788913749455803,0.7139723754710389,0.7399993625985206,0.2748397286931444,0.40094783670068784,71,6,0.40094783670068784,0.3378937826969161,0.2748397286931444,0.07794353824489247,0.1409975922486642,0.20405164625243594,285,56,nan,nan,0,,True,True,ellow-elmid
p0991,ellow-radmid-az315,elmid-radfar-az270,0.47408935625889687,0.7044907985717782,0.7311799074332807,0.2748397286931444,0.39259913412484276,71,9,0.39259913412484276,0.33371943140899357,0.2748397286931444,0.0814902221340541,0.1403699248499033,0.19924962756575249,297,54,nan,nan,0,,True,True,ellow-elmid
p0992,ellow-radmid-az315,elmid-radfar-az315,0.4609860301782572,0.6973587174206858,0.7257512411068031,0.2748397286931444,0.38032179073567957,71,16,0.38032179073567957,0.327580759714412,0.2748397286931444,0.08066423944257761,0.1334052704638452,0.1861463014851128,300,51,nan,nan,0,,True,True,ellow-elmid
p0993,ellow-radmid-az315,elhigh-radnear-az000,0.46231771493222934,0.6926380523735092,0.718630029140928,0.2748397286931444,0.3287976256874326,71,48,0.3287976256874326,0.3018186771902885,0.2748397286931444,0.13352008924479675,0.16049903774194085,0.18747798623908496,293,50,nan,nan,0,,True,True,elhigh-ellow
p0994,ellow-radmid-az315,elhigh-radnear-az045,0.4723521875989812,0.6972979981747088,0.7245859315542859,0.2748397286931444,0.3372504425742561,71,38,0.3372504425742561,0.30604508563370025,0.2748397286931444,0.13510174502472505,0.16630710196528092,0.1975124589058368,304,50,nan,nan,0,,True,True,elhigh-ellow
p0995,ellow-radmid-az315,elhigh-radnear-az090,0.45981159728538634,0.6860072667099989,0.7144453136803148,0.2748397286931444,0.3417464009985519,71,32,0.3417464009985519,0.3082930648458482,0.2748397286931444,0.11806519628683443,0.15151853243953817,0.18497186859224196,293,56,nan,nan,0,,True,True,elhigh-ellow
p0996,ellow-radmid-az315,elhigh-radnear-az135,0.4645444512219248,0.6912836526718703,0.7169847937776035,0.2748397286931444,0.3320552452601486,71,46,0.3320552452601486,0.3034474869766465,0.2748397286931444,0.13248920596177616,0.1610969642452783,0.1897047225287804,289,56,nan,nan,0,,True,True,elhigh-ellow
p0997,ellow-radmid-az315,elhigh-radnear-az180,0.4566560538078961,0.6839144311870526,0.7130680099603249,0.2748397286931444,0.3395650145085634,71,35,0.3395650145085634,0.3072023716008539,0.2748397286931444,0.11709103929933268,0.1494536822070422,0.1818163251147517,298,48,nan,nan,0,,True,True,elhigh-ellow
p0998,ellow-radmid-az315,elhigh-radnear-az225,0.47417471016257057,0.7011181169856934,0.7259773940079276,0.2748397286931444,0.3440784937220457,71,28,0.3440784937220457,0.30945911120759506,0.2748397286931444,0.13009621644052488,0.1647155989549755,0.1993349814694262,283,58,nan,nan,0,,True,True,elhigh-ellow
p0999,ellow-radmid-az315,elhigh-radnear-az270,0.45896750644670986,0.687081792004803,0.7162311684283634,0.2748397286931444,0.3216859159930162,71,49,0.3216859159930162,0.2982628223430803,0.2748397286931444,0.13728159045369365,0.16070468410362954,0.18412777775356548,295,52,nan,nan,0,,True,True,elhigh-ellow
p1000,ellow-radmid-az315,elhigh-radnear-az315,0.45587828967513916,0.6849212740138223,0.7123925808254978,0.2748397286931444,0.3361849875189326,71,41,0.3361849875189326,0.3055123581060385,0.2748397286931444,0.11969330215620655,0.15036593156910066,0.18103856098199478,292,56,nan,nan,0,,True,True,elhigh-ellow
p1001,ellow-radmid-az315,elhigh-radmid-az000,0.47197725348099734,0.6992299150187586,0.7257836736239952,0.2748397286931444,0.3459669579749205,71,27,0.3459669579749205,0.3104033433340324,0.2748397286931444,0.12601029550607684,0.16157391014696493,0.19713752478785296,289,45,nan,nan,0,,True,True,elhigh-ellow
p1002,ellow-radmid-az315,elhigh-radmid-az045,0.4769442389075115,0.7061278232698597,0.7302977926134193,0.2748397286931444,0.35969234721512794,71,18,0.35969234721512794,0.31726603795413616,0.2748397286931444,0.11725189169238354,0.15967820095337532,0.2021045102143671,299,48,nan,nan,0,,True,True,elhigh-ellow
p1003,ellow-radmid-az315,elhigh-radmid-az090,0.4682782672072459,0.6980783067796263,0.7248621382437179,0.2748397286931444,0.3545783681398182,71,21,0.3545783681398182,0.3147090484164813,0.2748397286931444,0.11369989906742772,0.15356921879076463,0.19343853851410153,293,50,nan,nan,0,,True,True,elhigh-ellow
p1004,ellow-radmid-az315,elhigh-radmid-az135,0.47280395569852574,0.7011698115945347,0.728778808961941,0.2748397286931444,0.3434079473811069,71,30,0.3434079473811069,0.3091238380371256,0.2748397286931444,0.12939600831741882,0.16368011766140012,0.19796422700538135,293,54,nan,nan,0,,True,True,elhigh-ellow
p1005,ellow-radmid-az315,elhigh-radmid-az180,0.4789506170056318,0.7052598968135431,0.7315759740667174,0.2748397286931444,0.35560303382831304,71,19,0.35560303382831304,0.31522138126072874,0.2748397286931444,0.12334758317731875,0.16372923574490306,0.20411088831248742,288,59,nan,nan,0,,True,True,elhigh-ellow
p1006,ellow-radmid-az315,elhigh-radmid-az225,0.47929362433351247,0.7079574280012427,0.7345895957767513,0.2748397286931444,0.33765850732244423,71,36,0.33765850732244423,0.3062491180077943,0.2748397286931444,0.14163511701106823,0.17304450632571816,0.2044538956403681,282,59,nan,nan,0,,True,True,elhigh-ellow
p1007,ellow-radmid-az315,elhigh-radmid-az270,0.46517765670029504,0.6925760726719513,0.7231930153920144,0.2748397286931444,0.33467761382312017,71,43,0.33467761382312017,0.3047586712581323,0.2748397286931444,0.13050004287717487,0.16041898544216276,0.19033792800715066,299,51,nan,nan,0,,True,True,elhigh-ellow
p1008,ellow-radmid-az315,elhigh-radmid-az315,0.45464122549315,0.6860872791140847,0.7166572532808047,0.2748397286931444,0.3357774895562401,71,42,0.3357774895562401,0.30530860912469227,0.2748397286931444,0.11886373593690991,0.14933261636845774,0.17980149680000562,302,51,nan,nan,0,,True,True,elhigh-ellow
p1009,ellow-radmid-az315,elhigh-radfar-az000,0.4633208887955388,0.696316130959368,0.7283862059457122,0.2748397286931444,0.33999633482078295,71,33,0.33999633482078295,0.3074180317569637,0.2748397286931444,0.12332455397475584,0.1559028570385751,0.1884811601023944,306,42,nan,nan,0,,True,True,elhigh-ellow
p1010,ellow-radmid-az315,elhigh-radfar-az045,0.4754169257012812,0.7058300627001127,0.731737930809873,0.2748397286931444,0.3517406582248309,71,24,0.3517406582248309,0.3132901934589877,0.2748397286931444,0.12367626747645027,0.16212673224229351,0.2005771970081368,275,63,nan,nan,0,,True,True,elhigh-ellow
p1011,ellow-radmid-az315,elhigh-radfar-az090,0.4685540211556913,0.6981692631891431,0.7247995152273047,0.2748397286931444,0.33715840306367034,71,39,0.33715840306367034,0.30599906587840736,0.2748397286931444,0.13139561809202094,0.16255495527728392,0.1937142924625469,299,49,nan,nan,0,,True,True,elhigh-ellow
p1012,ellow-radmid-az315,elhigh-radfar-az135,0.4632974876687276,0.6962055514107663,0.7233869992348179,0.2748397286931444,0.35443982782283306,71,22,0.35443982782283306,0.3146397782579887,0.2748397286931444,0.10885765984589452,0.14865770941073886,0.1884577589755832,305,47,nan,nan,0,,True,True,elhigh-ellow
p1013,ellow-radmid-az315,elhigh-radfar-az180,0.4797492968398506,0.7095668144475282,0.7352828996010691,0.2748397286931444,0.3435612602938729,71,29,0.3435612602938729,0.3092004944935086,0.2748397286931444,0.13618803654597772,0.170548802346342,0.20490956814670624,299,53,nan,nan,0,,True,True,elhigh-ellow
p1014,ellow-radmid-az315,elhigh-radfar-az225,0.48291278356544237,0.7114516683318617,0.7375828790331905,0.2748397286931444,0.3330930922222578,71,45,0.3330930922222578,0.3039664104577011,0.2748397286931444,0.14981969134318457,0.17894637310774125,0.208073054872298,302,48,nan,nan,0,,True,True,elhigh-ellow
p1015,ellow-radmid-az315,elhigh-radfar-az270,0.46646340606948195,0.6944521714079339,0.7232825030537561,0.2748397286931444,0.3342499000230558,71,44,0.3342499000230558,0.3045448143581001,0.2748397286931444,0.13221350604642612,0.16191859171138184,0.19162367737633756,296,51,nan,nan,0,,True,True,elhigh-ellow
p1016,ellow-radmid-az315,elhigh-radfar-az315,0.45420539769361484,0.6891326513520943,0.721478470600059,0.2748397286931444,0.3370014455332844,71,40,0.3370014455332844,0.3059205871132144,0.2748397286931444,0.11720395216033042,0.14828481058040044,0.17936566900047046,296,51,nan,nan,0,,True,True,elhigh-ellow
p1017,ellow-radfar-az000,ellow-radfar-az045,0.31341850799924426,0.5332422203697651,0.5820680436762777,0.2817460140742008,0.30519005759179973,67,55,0.30519005759179973,0.2934680358330003,0.2817460140742008,0.00822845040744452,0.01995047216624396,0.031672493925043455,284,65,nan,nan,0,,True,True,ellow-ellow
p1018,ellow-radfar-az000,ellow-radfar-az090,0.32506629415180527,0.5551749614214652,0.6108820719241002,0.2817460140742008,0.3072999780629998,67,54,0.3072999780629998,0.29452299606860033,0.2817460140742008,0.017766316088805467,0.03054329808320494,0.04332028007760447,276,67,nan,nan,0,,True,True,ellow-ellow
p1019,ellow-radfar-az000,ellow-radfar-az135,0.307223714433229,0.5206807059058551,0.575044440549008,0.2817460140742008,0.28205091366265594,67,66,0.28205091366265594,0.2818984638684284,0.2817460140742008,0.025172800770573045,0.025325250564800617,0.025477700359028188,281,54,nan,nan,0,,True,True,ellow-ellow
p1020,ellow-radfar-az000,ellow-radfar-az180,0.32113891059928124,0.5372742580697827,0.5870305061256466,0.2817460140742008,0.3013082995025368,67,56,0.3013082995025368,0.2915271567883688,0.2817460140742008,0.019830611096744444,0.02961175381091241,0.039392896525080434,281,65,nan,nan,0,,True,True,ellow-ellow
p1021,ellow-radfar-az000,ellow-radfar-az225,0.31562449225075484,0.5296505728757682,0.5870311267416257,0.2817460140742008,0.28484504258501964,67,64,0.28484504258501964,0.28329552832961025,0.2817460140742008,0.030779449665735203,0.03232896392114459,0.03387847817655404,277,64,nan,nan,0,,True,True,ellow-ellow
p1022,ellow-radfar-az000,ellow-radfar-az270,0.31538646980860174,0.5251330522396759,0.5836869048355128,0.2817460140742008,0.30958469798239646,67,53,0.30958469798239646,0.29566535602829863,0.2817460140742008,0.005801771826205282,0.019721113780303112,0.03364045573440094,273,66,nan,nan,0,,True,True,ellow-ellow
p1023,ellow-radfar-az000,ellow-radfar-az315,0.3219744754445599,0.5366715339490339,0.5882600657656417,0.2817460140742008,0.27594677444659244,67,70,0.2817460140742008,0.2788463942603966,0.27594677444659244,0.040228461370359125,0.043128081184163336,0.04602770099796749,285,58,nan,nan,0,,True,True,ellow-ellow
p1024,ellow-radfar-az000,elmid-radnear-az000,0.46845369674975923,0.7020499548907222,0.7268921594765352,0.2817460140742008,0.35517090007794966,67,20,0.35517090007794966,0.31845845707607523,0.2817460140742008,0.11328279667180957,0.149995239673684,0.18670768267555843,284,66,nan,nan,0,,True,True,ellow-elmid
p1025,ellow-radfar-az000,elmid-radnear-az045,0.47092940508085124,0.7054396082044497,0.7314826104565197,0.2817460140742008,0.3542262604718849,67,23,0.3542262604718849,0.3179861372730428,0.2817460140742008,0.11670314460896636,0.15294326780780843,0.18918339100665044,274,65,nan,nan,0,,True,True,ellow-elmid
p1026,ellow-radfar-az000,elmid-radnear-az090,0.4677146489381575,0.6970601542371753,0.7224196583948724,0.2817460140742008,0.3373441618464497,67,37,0.3373441618464497,0.30954508796032526,0.2817460140742008,0.1303704870917078,0.15816956097783225,0.1859686348639567,286,54,nan,nan,0,,True,True,ellow-elmid
p1027,ellow-radfar-az000,elmid-radnear-az135,0.46928273216136973,0.6980695116054025,0.7242667810623096,0.2817460140742008,0.34220636476623056,67,31,0.34220636476623056,0.31197618942021565,0.2817460140742008,0.12707636739513917,0.15730654274115408,0.18753671808716893,278,50,nan,nan,0,,True,True,ellow-elmid
p1028,ellow-radfar-az000,elmid-radnear-az180,0.4662956081003745,0.6948025081809294,0.7238043073653756,0.2817460140742008,0.3511704098620124,67,25,0.3511704098620124,0.31645821196810664,0.2817460140742008,0.11512519823836209,0.14983739613226787,0.1845495940261737,280,59,nan,nan,0,,True,True,ellow-elmid
p1029,ellow-radfar-az000,elmid-radnear-az225,0.47529452209839956,0.7034045645074888,0.7302678252641339,0.2817460140742008,0.36478026048785717,67,17,0.36478026048785717,0.32326313728102896,0.2817460140742008,0.1105142616105424,0.1520313848173706,0.19354850802419876,282,64,nan,nan,0,,True,True,ellow-elmid
p1030,ellow-radfar-az000,elmid-radnear-az270,0.4693875381079047,0.6995923686265573,0.7284715518191398,0.2817460140742008,0.3473214946568377,67,26,0.3473214946568377,0.3145337543655192,0.2817460140742008,0.12206604345106697,0.15485378374238545,0.18764152403370388,270,58,nan,nan,0,,True,True,ellow-elmid
p1031,ellow-radfar-az000,elmid-radnear-az315,0.45872553675292205,0.694247455458487,0.7216390498348123,0.2817460140742008,0.3398194147983978,67,34,0.3398194147983978,0.3107827144362993,0.2817460140742008,0.11890612195452427,0.14794282231662276,0.17697952267872125,278,60,nan,nan,0,,True,True,ellow-elmid
p1032,ellow-radfar-az000,elmid-radmid-az000,0.4787145262009898,0.7168780399139453,0.7414572023901235,0.2817460140742008,0.40109184962731287,67,5,0.40109184962731287,0.34141893185075683,0.2817460140742008,0.07762267657367694,0.13729559435023297,0.196968512126789,274,55,nan,nan,0,,True,True,ellow-elmid
p1033,ellow-radfar-az000,elmid-radmid-az045,0.48000399382075926,0.711289630487664,0.7358157232854271,0.2817460140742008,0.41641372706811924,67,1,0.41641372706811924,0.34907987057116,0.2817460140742008,0.06359026675264001,0.13092412324959923,0.19825797974655845,271,65,nan,nan,0,,True,True,ellow-elmid
p1034,ellow-radfar-az000,elmid-radmid-az090,0.47535772794857667,0.7083783696855265,0.7357661499124458,0.2817460140742008,0.39457841386323705,67,8,0.39457841386323705,0.3381622139687189,0.2817460140742008,0.08077931408533962,0.13719551397985774,0.19361171387437587,276,66,nan,nan,0,,True,True,ellow-elmid
p1035,ellow-radfar-az000,elmid-radmid-az135,0.473276509878585,0.7084865201314269,0.735109600484773,0.2817460140742008,0.3855787851950759,67,15,0.3855787851950759,0.33366239963463834,0.2817460140742008,0.08769772468350912,0.13961411024394665,0.1915304958043842,283,68,nan,nan,0,,True,True,ellow-elmid
p1036,ellow-radfar-az000,elmid-radmid-az180,0.48103714183526486,0.7076331115959601,0.7337082317425485,0.2817460140742008,0.3920347270865256,67,10,0.3920347270865256,0.3368903705803632,0.2817460140742008,0.08900241474873927,0.14414677125490166,0.19929112776106406,285,55,nan,nan,0,,True,True,ellow-elmid
p1037,ellow-radfar-az000,elmid-radmid-az225,0.48913581011002,0.7205214864716061,0.7451869375919784,0.2817460140742008,0.4035228167038699,67,2,0.4035228167038699,0.3426344153890354,0.2817460140742008,0.08561299340615008,0.1465013947209846,0.2073897960358192,287,62,nan,nan,0,,True,True,ellow-elmid
p1038,ellow-radfar-az000,elmid-radmid-az270,0.4779083177215215,0.7140034065960795,0.7406460244831122,0.2817460140742008,0.40315190191972006,67,3,0.40315190191972006,0.3424489579969604,0.2817460140742008,0.07475641580180142,0.13545935972456108,0.19616230364732068,274,57,nan,nan,0,,True,True,ellow-elmid
p1039,ellow-radfar-az000,elmid-radmid-az315,0.47332072412282494,0.7061355903476839,0.7348542772958742,0.2817460140742008,0.38855085122315813,67,13,0.38855085122315813,0.33514843264867944,0.2817460140742008,0.08476987289966681,0.1381722914741455,0.19157471004862414,282,60,nan,nan,0,,True,True,ellow-elmid
p1040,ellow-radfar-az000,elmid-radfar-az000,0.4622793938643106,0.6997466786017342,0.7287081348607947,0.2817460140742008,0.3883653697649618,67,14,0.3883653697649618,0.3350556919195813,0.2817460140742008,0.07391402409934883,0.12722370194472932,0.1805333797901098,285,59,nan,nan,0,,True,True,ellow-elmid
p1041,ellow-radfar-az000,elmid-radfar-az045,0.469379183345174,0.7073137763849076,0.7351384785935863,0.2817460140742008,0.3904277067982496,67,12,0.3904277067982496,0.3360868604362252,0.2817460140742008,0.07895147654692436,0.13329232290894877,0.18763316927097318,275,66,nan,nan,0,,True,True,ellow-elmid
p1042,ellow-radfar-az000,elmid-radfar-az090,0.46886595708577483,0.7007640254034129,0.7283592790131909,0.2817460140742008,0.4031096513417022,67,4,0.4031096513417022,0.3424278327079515,0.2817460140742008,0.06575630574407265,0.1264381243778233,0.18711994301157403,275,67,nan,nan,0,,True,True,ellow-elmid
p1043,ellow-radfar-az000,elmid-radfar-az135,0.4631812307302448,0.6959361123943633,0.7269887938393067,0.2817460140742008,0.3906639225147944,67,11,0.3906639225147944,0.33620496829449764,0.2817460140742008,0.07251730821545038,0.12697626243574717,0.181435216656044,282,58,nan,nan,0,,True,True,ellow-elmid
p1044,ellow-radfar-az000,elmid-radfar-az180,0.4655143070231938,0.7056972980647045,0.7349419069933342,0.2817460140742008,0.39775345373611054,67,7,0.39775345373611054,0.33974973390515567,0.2817460140742008,0.06776085328708326,0.12576457311803813,0.183768292948993,287,58,nan,nan,0,,True,True,ellow-elmid
p1045,ellow-radfar-az000,elmid-radfar-az225,0.4760586236250746,0.7094245981190686,0.7375190215232612,0.2817460140742008,0.40094783670068784,67,6,0.40094783670068784,0.3413469253874443,0.2817460140742008,0.07511078692438677,0.1347116982376303,0.19431260955087382,269,66,nan,nan,0,,True,True,ellow-elmid
p1046,ellow-radfar-az000,elmid-radfar-az270,0.467394882691196,0.6989604055928832,0.7308660774301987,0.2817460140742008,0.39259913412484276,67,9,0.39259913412484276,0.3371725740995218,0.2817460140742008,0.07479574856635324,0.13022230859167422,0.1856488686169952,281,64,nan,nan,0,,True,True,ellow-elmid
p1047,ellow-radfar-az000,elmid-radfar-az315,0.45972508124533384,0.6879067105535307,0.7223793940453241,0.2817460140742008,0.38032179073567957,67,16,0.38032179073567957,0.3310339024049402,0.2817460140742008,0.07940329050965428,0.12869117884039366,0.17797906717113304,284,61,nan,nan,0,,True,True,ellow-elmid
p1048,ellow-radfar-az000,elhigh-radnear-az000,0.45884451538196286,0.6958946258709553,0.7246928984263643,0.2817460140742008,0.3287976256874326,67,48,0.3287976256874326,0.3052718198808167,0.2817460140742008,0.13004688969453027,0.15357269550114616,0.17709850130776206,277,60,nan,nan,0,,True,True,elhigh-ellow
p1049,ellow-radfar-az000,elhigh-radnear-az045,0.4634428746539407,0.6940964281791542,0.7236130540150426,0.2817460140742008,0.3372504425742561,67,38,0.3372504425742561,0.30949822832422846,0.2817460140742008,0.12619243207968456,0.15394464632971222,0.18169686057973988,288,60,nan,nan,0,,True,True,elhigh-ellow
p1050,ellow-radfar-az000,elhigh-radnear-az090,0.4625251633966758,0.6941893087836083,0.7234006707942897,0.2817460140742008,0.3417464009985519,67,32,0.3417464009985519,0.3117462075363764,0.2817460140742008,0.1207787623981239,0.15077895586029944,0.18077914932247502,277,66,nan,nan,0,,True,True,elhigh-ellow
p1051,ellow-radfar-az000,elhigh-radnear-az135,0.46070676135228505,0.6927091615903823,0.7207108826252533,0.2817460140742008,0.3320552452601486,67,46,0.3320552452601486,0.3069006296671747,0.2817460140742008,0.12865151609213643,0.15380613168511037,0.17896074727808425,273,66,nan,nan,0,,True,True,elhigh-ellow
p1052,ellow-radfar-az000,elhigh-radnear-az180,0.46157690774421795,0.692753340846272,0.7213914996846271,0.2817460140742008,0.3395650145085634,67,35,0.3395650145085634,0.3106555142913821,0.2817460140742008,0.12201189323565453,0.15092139345283584,0.17983089367001714,282,58,nan,nan,0,,True,True,elhigh-ellow
p1053,ellow-radfar-az000,elhigh-radnear-az225,0.4652902605506541,0.6961262148404918,0.7221302927812276,0.2817460140742008,0.3440784937220457,67,28,0.3440784937220457,0.31291225389812327,0.2817460140742008,0.1212117668286084,0.15237800665253082,0.1835442464764533,267,68,nan,nan,0,,True,True,elhigh-ellow
p1054,ellow-radfar-az000,elhigh-radnear-az270,0.46201282678390937,0.6985564391901805,0.7279571130665561,0.2817460140742008,0.3216859159930162,67,49,0.3216859159930162,0.30171596503360854,0.2817460140742008,0.14032691079089316,0.16029686175030083,0.18026681270970857,279,62,nan,nan,0,,True,True,elhigh-ellow
p1055,ellow-radfar-az000,elhigh-radnear-az315,0.4656045383388655,0.6962392399213214,0.7243730922638519,0.2817460140742008,0.3361849875189326,67,41,0.3361849875189326,0.3089655007965667,0.2817460140742008,0.1294195508199329,0.1566390375422988,0.1838585242646647,276,66,nan,nan,0,,True,True,elhigh-ellow
p1056,ellow-radfar-az000,elhigh-radmid-az000,0.4618818864689801,0.6927223256658259,0.7210833453706621,0.2817460140742008,0.3459669579749205,67,27,0.3459669579749205,0.3138564860245606,0.2817460140742008,0.1159149284940596,0.14802540044441947,0.1801358723947793,273,55,nan,nan,0,,True,True,elhigh-ellow
p1057,ellow-radfar-az000,elhigh-radmid-az045,0.4734734123063788,0.7053475868146911,0.7303910043970195,0.2817460140742008,0.35969234721512794,67,18,0.35969234721512794,0.32071918064466437,0.2817460140742008,0.11378106509125085,0.15275423166171442,0.191727398232178,283,58,nan,nan,0,,True,True,elhigh-ellow
p1058,ellow-radfar-az000,elhigh-radmid-az090,0.4680511803962175,0.7051006426030831,0.7334551476168852,0.2817460140742008,0.3545783681398182,67,21,0.3545783681398182,0.3181621911070095,0.2817460140742008,0.11347281225639932,0.14988898928920802,0.1863051663220167,277,60,nan,nan,0,,True,True,elhigh-ellow
p1059,ellow-radfar-az000,elhigh-radmid-az135,0.469998422346389,0.6983135124224827,0.7252980108939474,0.2817460140742008,0.3434079473811069,67,30,0.3434079473811069,0.31257698072765383,0.2817460140742008,0.12659047496528208,0.15742144161873517,0.1882524082721882,277,64,nan,nan,0,,True,True,elhigh-ellow
p1060,ellow-radfar-az000,elhigh-radmid-az180,0.47366387026179324,0.7036168188990907,0.7319350259607887,0.2817460140742008,0.35560303382831304,67,19,0.35560303382831304,0.31867452395125695,0.2817460140742008,0.1180608364334802,0.1549893463105363,0.19191785618759244,272,69,nan,nan,0,,True,True,elhigh-ellow
p1061,ellow-radfar-az000,elhigh-radmid-az225,0.48104938983943357,0.7150821256549311,0.7406704616069844,0.2817460140742008,0.33765850732244423,67,36,0.33765850732244423,0.3097022606983225,0.2817460140742008,0.14339088251698934,0.17134712914111105,0.19930337576523277,266,69,nan,nan,0,,True,True,elhigh-ellow
p1062,ellow-radfar-az000,elhigh-radmid-az270,0.4654416109215793,0.7023132144819871,0.7306077118692604,0.2817460140742008,0.33467761382312017,67,43,0.33467761382312017,0.3082118139486605,0.2817460140742008,0.13076399709845915,0.15722979697291883,0.18369559684737852,283,61,nan,nan,0,,True,True,elhigh-ellow
p1063,ellow-radfar-az000,elhigh-radmid-az315,0.46510983751022883,0.7014484555647615,0.7308073396579894,0.2817460140742008,0.3357774895562401,67,42,0.3357774895562401,0.3087617518152205,0.2817460140742008,0.12933234795398874,0.15634808569500835,0.18336382343602803,286,61,nan,nan,0,,True,True,elhigh-ellow
p1064,ellow-radfar-az000,elhigh-radfar-az000,0.46223719218287396,0.7006302559510587,0.7310217634594516,0.2817460140742008,0.33999633482078295,67,33,0.33999633482078295,0.3108711744474919,0.2817460140742008,0.122240857362091,0.15136601773538205,0.18049117810867316,290,52,nan,nan,0,,True,True,elhigh-ellow
p1065,ellow-radfar-az000,elhigh-radfar-az045,0.4746759922625477,0.7073248384889095,0.7344829916965825,0.2817460140742008,0.3517406582248309,67,24,0.3517406582248309,0.3167433361495159,0.2817460140742008,0.12293533403771678,0.1579326561130318,0.1929299781883469,259,73,nan,nan,0,,True,True,elhigh-ellow
p1066,ellow-radfar-az000,elhigh-radfar-az090,0.46584707463708175,0.7038425733445217,0.7310826447642351,0.2817460140742008,0.33715840306367034,67,39,0.33715840306367034,0.30945220856893557,0.2817460140742008,0.1286886715734114,0.15639486606814618,0.18410106056288095,283,59,nan,nan,0,,True,True,elhigh-ellow
p1067,ellow-radfar-az000,elhigh-radfar-az135,0.4671540516188036,0.6995418762090876,0.7264682274586002,0.2817460140742008,0.35443982782283306,67,22,0.35443982782283306,0.31809292094851693,0.2817460140742008,0.11271422379597051,0.14906113067028665,0.18540803754460278,289,57,nan,nan,0,,True,True,elhigh-ellow
p1068,ellow-radfar-az000,elhigh-radfar-az180,0.4661986081897353,0.6975373517515346,0.7268773470742919,0.2817460140742008,0.3435612602938729,67,29,0.3435612602938729,0.3126536371840368,0.2817460140742008,0.12263734789586239,0.15354497100569847,0.1844525941155345,283,63,nan,nan,0,,True,True,elhigh-ellow
p1069,ellow-radfar-az000,elhigh-radfar-az225,0.47254703128696757,0.7073078921393875,0.7365685524876947,0.2817460140742008,0.3330930922222578,67,45,0.3330930922222578,0.30741955314822933,0.2817460140742008,0.13945393906470976,0.16512747813873824,0.19080101721276677,286,58,nan,nan,0,,True,True,elhigh-ellow
p1070,ellow-radfar-az000,elhigh-radfar-az270,0.46760025658391996,0.7024784306940769,0.7307496308845471,0.2817460140742008,0.3342499000230558,67,44,0.3342499000230558,0.3079979570486283,0.2817460140742008,0.13335035656086414,0.15960229953529165,0.18585424250971916,280,61,nan,nan,0,,True,True,elhigh-ellow
p1071,ellow-radfar-az000,elhigh-radfar-az315,0.46341861827227715,0.6966161103334857,0.7284254704469887,0.2817460140742008,0.3370014455332844,67,40,0.3370014455332844,0.3093737298037426,0.2817460140742008,0.12641717273899272,0.15404488846853454,0.18167260419807635,280,61,nan,nan,0,,True,True,elhigh-ellow
p1072,ellow-radfar-az045,ellow-radfar-az090,0.3084511782473706,0.5242530637226112,0.5739252254887104,0.30519005759179973,0.3072999780629998,55,54,0.3072999780629998,0.30624501782739977,0.30519005759179973,0.0011512001843708153,0.0022061604199708484,0.0032611206555708816,288,72,nan,nan,0,,True,True,ellow-ellow
p1073,ellow-radfar-az045,ellow-radfar-az135,0.2917284946017803,0.49594229511720006,0.5517908714509197,0.30519005759179973,0.28205091366265594,55,66,0.30519005759179973,0.29362048562722787,0.28205091366265594,-0.013461562990019438,-0.0018919910254475703,0.009677580939124353,293,59,nan,nan,0,,False,False,ellow-ellow
p1074,ellow-radfar-az045,ellow-radfar-az180,0.32935571764486177,0.5496672065512725,0.5976078810028809,0.30519005759179973,0.3013082995025368,55,56,0.30519005759179973,0.30324917854716826,0.3013082995025368,0.024165660053062032,0.026106539097693504,0.028047418142324976,293,70,nan,nan,0,,True,True,ellow-ellow
p1075,ellow-radfar-az045,ellow-radfar-az225,0.2983364479713219,0.49477584792871615,0.5548149896175673,0.30519005759179973,0.28484504258501964,55,64,0.30519005759179973,0.2950175500884097,0.28484504258501964,-0.0068536096204778185,0.0033188978829122306,0.01349140538630228,289,69,nan,nan,0,,False,True,ellow-ellow
p1076,ellow-radfar-az045,ellow-radfar-az270,0.31379234820186996,0.5266667975776739,0.5715092771361491,0.30519005759179973,0.30958469798239646,55,53,0.30958469798239646,0.3073873777870981,0.30519005759179973,0.004207650219473502,0.006404970414771838,0.008602290610070229,285,71,nan,nan,0,,True,True,ellow-ellow
p1077,ellow-radfar-az045,ellow-radfar-az315,0.30352262164172467,0.5102408475210999,0.5634428265736829,0.30519005759179973,0.27594677444659244,55,70,0.30519005759179973,0.2905684160191961,0.27594677444659244,-0.001667435950075069,0.01295420562252858,0.02757584719513223,297,63,nan,nan,0,,False,True,ellow-ellow
p1078,ellow-radfar-az045,elmid-radnear-az000,0.4733188597050879,0.7079810091795725,0.7334159571372092,0.30519005759179973,0.35517090007794966,55,20,0.35517090007794966,0.33018047883487467,0.30519005759179973,0.11814795962713825,0.14313838087021324,0.16812880211328818,296,71,nan,nan,0,,True,True,ellow-elmid
p1079,ellow-radfar-az045,elmid-radnear-az045,0.4708337249053056,0.7045637101870423,0.729780277936451,0.30519005759179973,0.3542262604718849,55,23,0.3542262604718849,0.3297081590318423,0.30519005759179973,0.11660746443342074,0.1411255658734633,0.16564366731350588,286,70,nan,nan,0,,True,True,ellow-elmid
p1080,ellow-radfar-az045,elmid-radnear-az090,0.47427767645558433,0.7076845077816604,0.7323715956017546,0.30519005759179973,0.3373441618464497,55,37,0.3373441618464497,0.32126710971912475,0.30519005759179973,0.1369335146091346,0.15301056673645957,0.1690876188637846,298,59,nan,nan,0,,True,True,ellow-elmid
p1081,ellow-radfar-az045,elmid-radnear-az135,0.4687358153543022,0.6992813141854415,0.7245450585361111,0.30519005759179973,0.34220636476623056,55,31,0.34220636476623056,0.32369821117901515,0.30519005759179973,0.12652945058807163,0.14503760417528705,0.16354575776250246,290,55,nan,nan,0,,True,True,ellow-elmid
p1082,ellow-radfar-az045,elmid-radnear-az180,0.4720551135554736,0.6996997905998337,0.7265572396260052,0.30519005759179973,0.3511704098620124,55,25,0.3511704098620124,0.3281802337269061,0.30519005759179973,0.12088470369346116,0.1438748798285675,0.16686505596367385,292,64,nan,nan,0,,True,True,ellow-elmid
p1083,ellow-radfar-az045,elmid-radnear-az225,0.4830484213043043,0.7123897037806552,0.7372483918349005,0.30519005759179973,0.36478026048785717,55,17,0.36478026048785717,0.33498515903982845,0.30519005759179973,0.11826816081644714,0.14806326226447586,0.17785836371250457,294,69,nan,nan,0,,True,True,ellow-elmid
p1084,ellow-radfar-az045,elmid-radnear-az270,0.4729630411455793,0.7012965072775577,0.7271034315105167,0.30519005759179973,0.3473214946568377,55,26,0.3473214946568377,0.3262557761243187,0.30519005759179973,0.1256415464887416,0.14670726502126058,0.16777298355377956,282,63,nan,nan,0,,True,True,ellow-elmid
p1085,ellow-radfar-az045,elmid-radnear-az315,0.46718434108243856,0.6992045573309369,0.7259088739576323,0.30519005759179973,0.3398194147983978,55,34,0.3398194147983978,0.3225047361950988,0.30519005759179973,0.12736492628404078,0.14467960488733977,0.16199428349063882,290,65,nan,nan,0,,True,True,ellow-elmid
p1086,ellow-radfar-az045,elmid-radmid-az000,0.48248123114097713,0.7204109393757512,0.7456763813943155,0.30519005759179973,0.40109184962731287,55,5,0.40109184962731287,0.35314095360955633,0.30519005759179973,0.08138938151366426,0.1293402775314208,0.1772911735491774,286,60,nan,nan,0,,True,True,ellow-elmid
p1087,ellow-radfar-az045,elmid-radmid-az045,0.48598553478702666,0.7115995991977678,0.7356631009946114,0.30519005759179973,0.41641372706811924,55,1,0.41641372706811924,0.3608018923299595,0.30519005759179973,0.06957180771890742,0.12518364245706715,0.18079547719522693,283,70,nan,nan,0,,True,True,ellow-elmid
p1088,ellow-radfar-az045,elmid-radmid-az090,0.4808920745030178,0.7127592259965524,0.7379485008268908,0.30519005759179973,0.39457841386323705,55,8,0.39457841386323705,0.34988423572751837,0.30519005759179973,0.08631366063978074,0.13100783877549943,0.17570201691121806,288,71,nan,nan,0,,True,True,ellow-elmid
p1089,ellow-radfar-az045,elmid-radmid-az135,0.48064000422949005,0.7118649029433458,0.7359281437981574,0.30519005759179973,0.3855787851950759,55,15,0.3855787851950759,0.34538442139343783,0.30519005759179973,0.09506121903441417,0.1352555828360522,0.1754499466376903,295,73,nan,nan,0,,True,True,ellow-elmid
p1090,ellow-radfar-az045,elmid-radmid-az180,0.4890704185056009,0.7201461192692425,0.7450924334465048,0.30519005759179973,0.3920347270865256,55,10,0.3920347270865256,0.34861239233916264,0.30519005759179973,0.09703569141907531,0.14045802616643827,0.18388036091380117,297,60,nan,nan,0,,True,True,ellow-elmid
p1091,ellow-radfar-az045,elmid-radmid-az225,0.49167719545924715,0.7245066731737964,0.7483026348380554,0.30519005759179973,0.4035228167038699,55,2,0.4035228167038699,0.3543564371478348,0.30519005759179973,0.08815437875537724,0.13732075831141233,0.18648713786744742,299,67,nan,nan,0,,True,True,ellow-elmid
p1092,ellow-radfar-az045,elmid-radmid-az270,0.49405858130707453,0.7234849433267172,0.7462117215518872,0.30519005759179973,0.40315190191972006,55,3,0.40315190191972006,0.3541709797557599,0.30519005759179973,0.09090667938735447,0.13988760155131463,0.1888685237152748,286,62,nan,nan,0,,True,True,ellow-elmid
p1093,ellow-radfar-az045,elmid-radmid-az315,0.4812673220118813,0.7112552338166841,0.7383696927120497,0.30519005759179973,0.38855085122315813,55,13,0.38855085122315813,0.34687045440747893,0.30519005759179973,0.0927164707887232,0.1343968676044024,0.1760772644200816,294,65,nan,nan,0,,True,True,ellow-elmid
p1094,ellow-radfar-az045,elmid-radfar-az000,0.4784229311755077,0.711130202086012,0.739766431077239,0.30519005759179973,0.3883653697649618,55,14,0.3883653697649618,0.34677771367838073,0.30519005759179973,0.09005756141054594,0.131645217497127,0.17323287358370798,297,64,nan,nan,0,,True,True,ellow-elmid
p1095,ellow-radfar-az045,elmid-radfar-az045,0.4696190036090046,0.7102773171476525,0.7378829160135069,0.30519005759179973,0.3904277067982496,55,12,0.3904277067982496,0.3478088821950247,0.30519005759179973,0.07919129681075499,0.1218101214139799,0.16442894601720487,287,71,nan,nan,0,,True,True,ellow-elmid
p1096,ellow-radfar-az045,elmid-radfar-az090,0.47181980681421687,0.7070780211376732,0.7345845918259244,0.30519005759179973,0.4031096513417022,55,4,0.4031096513417022,0.35414985446675096,0.30519005759179973,0.06871015547251469,0.11766995234746591,0.16662974922241713,287,72,nan,nan,0,,True,True,ellow-elmid
p1097,ellow-radfar-az045,elmid-radfar-az135,0.473917998851102,0.7044453383205898,0.732805835368006,0.30519005759179973,0.3906639225147944,55,11,0.3906639225147944,0.3479269900532971,0.30519005759179973,0.08325407633630755,0.1259910087978049,0.16872794125930224,294,63,nan,nan,0,,True,True,ellow-elmid
p1098,ellow-radfar-az045,elmid-radfar-az180,0.4709987762278764,0.707410278990052,0.7359013527928305,0.30519005759179973,0.39775345373611054,55,7,0.39775345373611054,0.35147175566395517,0.30519005759179973,0.07324532249176585,0.11952702056392123,0.16580871863607666,299,63,nan,nan,0,,True,True,ellow-elmid
p1099,ellow-radfar-az045,elmid-radfar-az225,0.4790064351484241,0.7082155959983816,0.7384607319558033,0.30519005759179973,0.40094783670068784,55,6,0.40094783670068784,0.3530689471462438,0.30519005759179973,0.07805859844773627,0.1259374880021803,0.17381637755662438,281,71,nan,nan,0,,True,True,ellow-elmid
p1100,ellow-radfar-az045,elmid-radfar-az270,0.4773666382999246,0.7172596631749601,0.7456568373508112,0.30519005759179973,0.39259913412484276,55,9,0.39259913412484276,0.3488945958583213,0.30519005759179973,0.08476750417508183,0.12847204244160332,0.17217658070812486,293,69,nan,nan,0,,True,True,ellow-elmid
p1101,ellow-radfar-az045,elmid-radfar-az315,0.47718867371767876,0.7089759335655345,0.7378613109329977,0.30519005759179973,0.38032179073567957,55,16,0.38032179073567957,0.3427559241637397,0.30519005759179973,0.09686688298199919,0.13443274955393908,0.17199861612587902,296,66,nan,nan,0,,True,True,ellow-elmid
p1102,ellow-radfar-az045,elhigh-radnear-az000,0.46802404480949333,0.7016001186532532,0.7281839268786103,0.30519005759179973,0.3287976256874326,55,48,0.3287976256874326,0.3169938416396162,0.30519005759179973,0.13922641912206074,0.15103020316987714,0.1628339872176936,289,65,nan,nan,0,,True,True,elhigh-ellow
p1103,ellow-radfar-az045,elhigh-radnear-az045,0.47013784669707037,0.701239448667297,0.72663994234969,0.30519005759179973,0.3372504425742561,55,38,0.3372504425742561,0.3212202500830279,0.30519005759179973,0.13288740412281425,0.14891759661404247,0.16494778910527064,300,65,nan,nan,0,,True,True,elhigh-ellow
p1104,ellow-radfar-az045,elhigh-radnear-az090,0.4608614829947525,0.689540390306095,0.7166860467790863,0.30519005759179973,0.3417464009985519,55,32,0.3417464009985519,0.3234682292951758,0.30519005759179973,0.11911508199620058,0.13739325369957667,0.15567142540295276,289,71,nan,nan,0,,True,True,elhigh-ellow
p1105,ellow-radfar-az045,elhigh-radnear-az135,0.4628950545196666,0.6927667796252716,0.7186271746548368,0.30519005759179973,0.3320552452601486,55,46,0.3320552452601486,0.3186226514259742,0.30519005759179973,0.130839809259518,0.14427240309369244,0.15770499692786688,285,71,nan,nan,0,,True,True,elhigh-ellow
p1106,ellow-radfar-az045,elhigh-radnear-az180,0.4673948801855537,0.694323257228805,0.7216194552230851,0.30519005759179973,0.3395650145085634,55,35,0.3395650145085634,0.3223775360501816,0.30519005759179973,0.12782986567699028,0.1450173441353721,0.16220482259375396,294,63,nan,nan,0,,True,True,elhigh-ellow
p1107,ellow-radfar-az045,elhigh-radnear-az225,0.4821679028923564,0.7083852153029945,0.7322888374472447,0.30519005759179973,0.3440784937220457,55,28,0.3440784937220457,0.3246342756569227,0.30519005759179973,0.1380894091703107,0.15753362723543368,0.17697784530055666,279,73,nan,nan,0,,True,True,elhigh-ellow
p1108,ellow-radfar-az045,elhigh-radnear-az270,0.46333596311311337,0.6977335367148803,0.7261386007766885,0.30519005759179973,0.3216859159930162,55,49,0.3216859159930162,0.313437986792408,0.30519005759179973,0.14165004712009716,0.1498979763207054,0.15814590552131363,291,67,nan,nan,0,,True,True,elhigh-ellow
p1109,ellow-radfar-az045,elhigh-radnear-az315,0.46778788856875597,0.7022408454853601,0.7308430249025808,0.30519005759179973,0.3361849875189326,55,41,0.3361849875189326,0.32068752255536614,0.30519005759179973,0.13160290104982336,0.14710036601338983,0.16259783097695624,288,71,nan,nan,0,,True,True,elhigh-ellow
p1110,ellow-radfar-az045,elhigh-radmid-az000,0.4723685473786292,0.7049201454933776,0.731356083580703,0.30519005759179973,0.3459669579749205,55,27,0.3459669579749205,0.3255785077833601,0.30519005759179973,0.12640158940370871,0.1467900395952691,0.16717848978682948,285,60,nan,nan,0,,True,True,elhigh-ellow
p1111,ellow-radfar-az045,elhigh-radmid-az045,0.4799399072202146,0.715409481480505,0.7397886016437785,0.30519005759179973,0.35969234721512794,55,18,0.35969234721512794,0.33244120240346386,0.30519005759179973,0.12024756000508668,0.14749870481675076,0.1747498496284149,295,63,nan,nan,0,,True,True,elhigh-ellow
p1112,ellow-radfar-az045,elhigh-radmid-az090,0.47442641308532885,0.708605897413674,0.7363183517944236,0.30519005759179973,0.3545783681398182,55,21,0.3545783681398182,0.32988421286580893,0.30519005759179973,0.11984804494551066,0.1445422002195199,0.1692363554935291,289,65,nan,nan,0,,True,True,elhigh-ellow
p1113,ellow-radfar-az045,elhigh-radmid-az135,0.471107239317555,0.7016109951093581,0.7267309748791445,0.30519005759179973,0.3434079473811069,55,30,0.3434079473811069,0.3242990024864533,0.30519005759179973,0.12769929193644808,0.14680823683110167,0.16591718172575526,289,69,nan,nan,0,,True,True,elhigh-ellow
p1114,ellow-radfar-az045,elhigh-radmid-az180,0.480741663470611,0.7101529420599391,0.7357873297761179,0.30519005759179973,0.35560303382831304,55,19,0.35560303382831304,0.3303965457100564,0.30519005759179973,0.12513862964229794,0.1503451177605546,0.17555160587881125,284,74,nan,nan,0,,True,True,elhigh-ellow
p1115,ellow-radfar-az045,elhigh-radmid-az225,0.4878931344524266,0.7179300239727098,0.7427775901996224,0.30519005759179973,0.33765850732244423,55,36,0.33765850732244423,0.32142428245712196,0.30519005759179973,0.15023462712998237,0.16646885199530465,0.18270307686062687,278,74,nan,nan,0,,True,True,elhigh-ellow
p1116,ellow-radfar-az045,elhigh-radmid-az270,0.4665302055096028,0.7033738318332787,0.7339152932444128,0.30519005759179973,0.33467761382312017,55,43,0.33467761382312017,0.3199338357074599,0.30519005759179973,0.1318525916864826,0.14659636980214286,0.16134014791780305,295,66,nan,nan,0,,True,True,elhigh-ellow
p1117,ellow-radfar-az045,elhigh-radmid-az315,0.4732248453877632,0.7053338922606441,0.7342951017515525,0.30519005759179973,0.3357774895562401,55,42,0.3357774895562401,0.3204837735740199,0.30519005759179973,0.13744735583152312,0.1527410718137433,0.16803478779596348,298,66,nan,nan,0,,True,True,elhigh-ellow
p1118,ellow-radfar-az045,elhigh-radfar-az000,0.473471064315919,0.7106682103083004,0.7368907417202933,0.30519005759179973,0.33999633482078295,55,33,0.33999633482078295,0.32259319620629134,0.30519005759179973,0.13347472949513606,0.15087786810962767,0.16828100672411928,302,57,nan,nan,0,,True,True,elhigh-ellow
p1119,ellow-radfar-az045,elhigh-radfar-az045,0.4831618380812181,0.717988459865146,0.7423579861123789,0.30519005759179973,0.3517406582248309,55,24,0.3517406582248309,0.3284653579083153,0.30519005759179973,0.13142117985638718,0.15469648017290277,0.17797178048941836,271,78,nan,nan,0,,True,True,elhigh-ellow
p1120,ellow-radfar-az045,elhigh-radfar-az090,0.46345057840218706,0.6971034533448301,0.7262501912465141,0.30519005759179973,0.33715840306367034,55,39,0.33715840306367034,0.32117423032773507,0.30519005759179973,0.12629217533851672,0.142276348074452,0.15826052081038733,295,64,nan,nan,0,,True,True,elhigh-ellow
p1121,ellow-radfar-az045,elhigh-radfar-az135,0.4748304976787434,0.7065826086510152,0.7342204793976451,0.30519005759179973,0.35443982782283306,55,22,0.35443982782283306,0.32981494270731637,0.30519005759179973,0.12039066985591035,0.14501555497142704,0.16964044008694368,301,62,nan,nan,0,,True,True,elhigh-ellow
p1122,ellow-radfar-az045,elhigh-radfar-az180,0.47721632539609177,0.7094669882766096,0.7374857734031078,0.30519005759179973,0.3435612602938729,55,29,0.3435612602938729,0.3243756589428363,0.30519005759179973,0.13365506510221886,0.15284066645325545,0.17202626780429203,295,68,nan,nan,0,,True,True,elhigh-ellow
p1123,ellow-radfar-az045,elhigh-radfar-az225,0.48378567358882263,0.7109782444284121,0.7389186927981999,0.30519005759179973,0.3330930922222578,55,45,0.3330930922222578,0.31914157490702877,0.30519005759179973,0.15069258136656483,0.16464409868179386,0.1785956159970229,298,63,nan,nan,0,,True,True,elhigh-ellow
p1124,ellow-radfar-az045,elhigh-radfar-az270,0.4691570482265758,0.7025791277692994,0.7326404746398829,0.30519005759179973,0.3342499000230558,55,44,0.3342499000230558,0.31971997880742775,0.30519005759179973,0.13490714820351996,0.14943706941914803,0.16396699063477604,292,66,nan,nan,0,,True,True,elhigh-ellow
p1125,ellow-radfar-az045,elhigh-radfar-az315,0.4702204277368379,0.7086630737171293,0.7364512115344266,0.30519005759179973,0.3370014455332844,55,40,0.3370014455332844,0.3210957515625421,0.30519005759179973,0.1332189822035535,0.1491246761742958,0.16503037014503819,292,66,nan,nan,0,,True,True,elhigh-ellow
p1126,ellow-radfar-az090,ellow-radfar-az135,0.31514571206546593,0.5248136780931287,0.5803056781642445,0.3072999780629998,0.28205091366265594,54,66,0.3072999780629998,0.2946754458628279,0.28205091366265594,0.007845734002466132,0.020470266202638032,0.03309479840280999,285,61,nan,nan,0,,True,True,ellow-ellow
p1127,ellow-radfar-az090,ellow-radfar-az180,0.3252696648913763,0.5376874408762128,0.5853427486683647,0.3072999780629998,0.3013082995025368,54,56,0.3072999780629998,0.3043041387827683,0.3013082995025368,0.01796968682837652,0.020965526108608024,0.02396136538883953,285,72,nan,nan,0,,True,True,ellow-ellow
p1128,ellow-radfar-az090,ellow-radfar-az225,0.31522359560324104,0.5310875431906178,0.5840638438724521,0.3072999780629998,0.28484504258501964,54,64,0.3072999780629998,0.2960725103240097,0.28484504258501964,0.007923617540241235,0.019151085279231317,0.0303785530182214,281,71,nan,nan,0,,True,True,ellow-ellow
p1129,ellow-radfar-az090,ellow-radfar-az270,0.32840828527815713,0.551829781545052,0.5984014832909487,0.3072999780629998,0.30958469798239646,54,53,0.30958469798239646,0.30844233802269816,0.3072999780629998,0.01882358729576067,0.01996594725545897,0.02110830721515733,277,73,nan,nan,0,,True,True,ellow-ellow
p1130,ellow-radfar-az090,ellow-radfar-az315,0.3169986267710103,0.5342453782564777,0.5825070335884031,0.3072999780629998,0.27594677444659244,54,70,0.3072999780629998,0.2916233762547961,0.27594677444659244,0.009698648708010515,0.0253752505162142,0.04105185232441788,289,65,nan,nan,0,,True,True,ellow-ellow
p1131,ellow-radfar-az090,elmid-radnear-az000,0.4690579051261456,0.7044683492896401,0.7296239355316918,0.3072999780629998,0.35517090007794966,54,20,0.35517090007794966,0.3312354390704747,0.3072999780629998,0.11388700504819593,0.1378224660556709,0.1617579270631458,288,73,nan,nan,0,,True,True,ellow-elmid
p1132,ellow-radfar-az090,elmid-radnear-az045,0.4741369141285721,0.7042624053113867,0.7286849153474141,0.3072999780629998,0.3542262604718849,54,23,0.3542262604718849,0.33076311926744234,0.3072999780629998,0.11991065365668724,0.14337379486112978,0.16683693606557232,278,72,nan,nan,0,,True,True,ellow-elmid
p1133,ellow-radfar-az090,elmid-radnear-az090,0.465273213402618,0.6918181627169158,0.7163788980598722,0.3072999780629998,0.3373441618464497,54,37,0.3373441618464497,0.3223220699547248,0.3072999780629998,0.1279290515561683,0.14295114344789323,0.1579732353396182,290,61,nan,nan,0,,True,True,ellow-elmid
p1134,ellow-radfar-az090,elmid-radnear-az135,0.4632329638426931,0.6916030268605613,0.7175837742604504,0.3072999780629998,0.34220636476623056,54,31,0.34220636476623056,0.3247531714146152,0.3072999780629998,0.12102659907646252,0.1384797924280779,0.15593298577969328,282,57,nan,nan,0,,True,True,ellow-elmid
p1135,ellow-radfar-az090,elmid-radnear-az180,0.46085861351221674,0.6870753643488918,0.7164521407382027,0.3072999780629998,0.3511704098620124,54,25,0.3511704098620124,0.3292351939625061,0.3072999780629998,0.10968820365020432,0.13162341954971063,0.15355863544921694,284,66,nan,nan,0,,True,True,ellow-elmid
p1136,ellow-radfar-az090,elmid-radnear-az225,0.4717210278613975,0.6995803327556956,0.7248553536356672,0.3072999780629998,0.36478026048785717,54,17,0.36478026048785717,0.3360401192754285,0.3072999780629998,0.10694076737354036,0.13568090858596904,0.16442104979839772,286,71,nan,nan,0,,True,True,ellow-elmid
p1137,ellow-radfar-az090,elmid-radnear-az270,0.47158760320868076,0.6979492442773833,0.723440288252566,0.3072999780629998,0.3473214946568377,54,26,0.3473214946568377,0.32731073635991875,0.3072999780629998,0.12426610855184306,0.144276866848762,0.16428762514568096,274,65,nan,nan,0,,True,True,ellow-elmid
p1138,ellow-radfar-az090,elmid-radnear-az315,0.46594988720309083,0.6972369237669939,0.7226957932721636,0.3072999780629998,0.3398194147983978,54,34,0.3398194147983978,0.3235596964306988,0.3072999780629998,0.12613047240469305,0.142390190772392,0.15864990914009103,282,67,nan,nan,0,,True,True,ellow-elmid
p1139,ellow-radfar-az090,elmid-radmid-az000,0.4849522315819263,0.7227503221909067,0.7459533485138096,0.3072999780629998,0.40109184962731287,54,5,0.40109184962731287,0.35419591384515636,0.3072999780629998,0.08386038195461343,0.13075631773676993,0.1776522535189265,278,62,nan,nan,0,,True,True,ellow-elmid
p1140,ellow-radfar-az090,elmid-radmid-az045,0.48290732676589543,0.7121511399892748,0.7358605924890989,0.3072999780629998,0.41641372706811924,54,1,0.41641372706811924,0.36185685256555955,0.3072999780629998,0.06649359969777618,0.12105047420033588,0.17560734870289563,275,72,nan,nan,0,,True,True,ellow-elmid
p1141,ellow-radfar-az090,elmid-radmid-az090,0.4698698959570295,0.7011461478461576,0.7280099332921242,0.3072999780629998,0.39457841386323705,54,8,0.39457841386323705,0.3509391959631184,0.3072999780629998,0.07529148209379244,0.1189306999939111,0.1625699178940297,280,73,nan,nan,0,,True,True,ellow-elmid
p1142,ellow-radfar-az090,elmid-radmid-az135,0.4690864866667252,0.6976801911165713,0.7237645590380467,0.3072999780629998,0.3855787851950759,54,15,0.3855787851950759,0.34643938162903787,0.3072999780629998,0.08350770147164932,0.12264710503768733,0.1617865086037254,287,75,nan,nan,0,,True,True,ellow-elmid
p1143,ellow-radfar-az090,elmid-radmid-az180,0.4816100480688702,0.710957952003276,0.7365098109328888,0.3072999780629998,0.3920347270865256,54,10,0.3920347270865256,0.34966735257476267,0.3072999780629998,0.08957532098234461,0.13194269549410753,0.1743100700058704,289,62,nan,nan,0,,True,True,ellow-elmid
p1144,ellow-radfar-az090,elmid-radmid-az225,0.48942576896430345,0.720097146130735,0.7437608553214593,0.3072999780629998,0.4035228167038699,54,2,0.4035228167038699,0.35541139738343486,0.3072999780629998,0.08590295226043354,0.1340143715808686,0.18212579090130365,291,69,nan,nan,0,,True,True,ellow-elmid
p1145,ellow-radfar-az090,elmid-radmid-az270,0.49240799704043575,0.7198924848929047,0.7419310651928948,0.3072999780629998,0.40315190191972006,54,3,0.40315190191972006,0.35522593999135993,0.3072999780629998,0.0892560951207157,0.13718205704907582,0.18510801897743595,278,64,nan,nan,0,,True,True,ellow-elmid
p1146,ellow-radfar-az090,elmid-radmid-az315,0.4791896586917492,0.7149397616201105,0.7415849847927811,0.3072999780629998,0.38855085122315813,54,13,0.38855085122315813,0.34792541464307897,0.3072999780629998,0.09063880746859104,0.1312642440486702,0.17188968062874938,286,67,nan,nan,0,,True,True,ellow-elmid
p1147,ellow-radfar-az090,elmid-radfar-az000,0.47452242515406423,0.7158430887311948,0.743760253813662,0.3072999780629998,0.3883653697649618,54,14,0.3883653697649618,0.34783267391398076,0.3072999780629998,0.08615705538910245,0.12668975124008347,0.16722244709106443,289,66,nan,nan,0,,True,True,ellow-elmid
p1148,ellow-radfar-az090,elmid-radfar-az045,0.47111718032800776,0.7047188318938842,0.7303618069661869,0.3072999780629998,0.3904277067982496,54,12,0.3904277067982496,0.34886384243062474,0.3072999780629998,0.08068947352975814,0.12225333789738302,0.16381720226500796,279,73,nan,nan,0,,True,True,ellow-elmid
p1149,ellow-radfar-az090,elmid-radfar-az090,0.46888249610650207,0.6935862711250185,0.7197182292136944,0.3072999780629998,0.4031096513417022,54,4,0.4031096513417022,0.355204814702351,0.3072999780629998,0.06577284476479989,0.11367768140415108,0.16158251804350227,279,74,nan,nan,0,,True,True,ellow-elmid
p1150,ellow-radfar-az090,elmid-radfar-az135,0.4614822666463548,0.6980381999159876,0.72700292950758,0.3072999780629998,0.3906639225147944,54,11,0.3906639225147944,0.3489819502888971,0.3072999780629998,0.07081834413156035,0.11250031635745766,0.15418228858335498,286,65,nan,nan,0,,True,True,ellow-elmid
p1151,ellow-radfar-az090,elmid-radfar-az180,0.47138973773176984,0.7072872274350046,0.7359696323992584,0.3072999780629998,0.39775345373611054,54,7,0.39775345373611054,0.3525267158995552,0.3072999780629998,0.0736362839956593,0.11886302183221464,0.16408975966877004,291,65,nan,nan,0,,True,True,ellow-elmid
p1152,ellow-radfar-az090,elmid-radfar-az225,0.4809682380624172,0.714264262873928,0.7392259175916569,0.3072999780629998,0.40094783670068784,54,6,0.40094783670068784,0.35412390738184385,0.3072999780629998,0.08002040136172933,0.12684433068057333,0.17366825999941737,273,73,nan,nan,0,,True,True,ellow-elmid
p1153,ellow-radfar-az090,elmid-radfar-az270,0.4734549545899713,0.7129257367502445,0.7384503413715691,0.3072999780629998,0.39259913412484276,54,9,0.39259913412484276,0.3499495560939213,0.3072999780629998,0.08085582046512851,0.12350539849604997,0.16615497652697148,285,71,nan,nan,0,,True,True,ellow-elmid
p1154,ellow-radfar-az090,elmid-radfar-az315,0.4658176016453689,0.7060024052915037,0.7347350764015707,0.3072999780629998,0.38032179073567957,54,16,0.38032179073567957,0.3438108843993397,0.3072999780629998,0.08549581090968933,0.12200671724602918,0.1585176235823691,288,68,nan,nan,0,,True,True,ellow-elmid
p1155,ellow-radfar-az090,elhigh-radnear-az000,0.4606027987010958,0.6988844000618916,0.7248971687421185,0.3072999780629998,0.3287976256874326,54,48,0.3287976256874326,0.3180488018752162,0.3072999780629998,0.13180517301366318,0.14255399682587955,0.15330282063809597,281,67,nan,nan,0,,True,True,elhigh-ellow
p1156,ellow-radfar-az090,elhigh-radnear-az045,0.4641585315645803,0.6959428546857519,0.7225900035719418,0.3072999780629998,0.3372504425742561,54,38,0.3372504425742561,0.32227521031862794,0.3072999780629998,0.12690808899032419,0.14188332124595238,0.1568585535015805,292,67,nan,nan,0,,True,True,elhigh-ellow
p1157,ellow-radfar-az090,elhigh-radnear-az090,0.4582942877291675,0.6877473609384821,0.7143076012824423,0.3072999780629998,0.3417464009985519,54,32,0.3417464009985519,0.32452318953077586,0.3072999780629998,0.11654788673061561,0.13377109819839167,0.15099430966616773,281,73,nan,nan,0,,True,True,elhigh-ellow
p1158,ellow-radfar-az090,elhigh-radnear-az135,0.4673074861366732,0.693359991090479,0.7183683338951904,0.3072999780629998,0.3320552452601486,54,46,0.3320552452601486,0.3196776116615742,0.3072999780629998,0.1352522408765246,0.147629874475099,0.16000750807367342,277,73,nan,nan,0,,True,True,elhigh-ellow
p1159,ellow-radfar-az090,elhigh-radnear-az180,0.47270047020597944,0.6971511492225494,0.7237111109942328,0.3072999780629998,0.3395650145085634,54,35,0.3395650145085634,0.32343249628578163,0.3072999780629998,0.13313545569741603,0.1492679739201978,0.16540049214297964,286,65,nan,nan,0,,True,True,elhigh-ellow
p1160,ellow-radfar-az090,elhigh-radnear-az225,0.46169240957742597,0.691853454834296,0.7193122401528491,0.3072999780629998,0.3440784937220457,54,28,0.3440784937220457,0.32568923589252274,0.3072999780629998,0.11761391585538028,0.13600317368490322,0.15439243151442616,271,75,nan,nan,0,,True,True,elhigh-ellow
p1161,ellow-radfar-az090,elhigh-radnear-az270,0.4571874873794193,0.6845622770939527,0.7138706269307865,0.3072999780629998,0.3216859159930162,54,49,0.3216859159930162,0.314492947028008,0.3072999780629998,0.13550157138640306,0.14269454035141127,0.14988750931641948,283,69,nan,nan,0,,True,True,elhigh-ellow
p1162,ellow-radfar-az090,elhigh-radnear-az315,0.4645512912101608,0.6961103634322562,0.7223081322853423,0.3072999780629998,0.3361849875189326,54,41,0.3361849875189326,0.3217424827909662,0.3072999780629998,0.1283663036912282,0.14280880841919463,0.157251313147161,280,73,nan,nan,0,,True,True,elhigh-ellow
p1163,ellow-radfar-az090,elhigh-radmid-az000,0.4665219242001843,0.6970000173790663,0.725191808761976,0.3072999780629998,0.3459669579749205,54,27,0.3459669579749205,0.32663346801896015,0.3072999780629998,0.1205549662252638,0.13988845618122414,0.1592219461371845,277,62,nan,nan,0,,True,True,elhigh-ellow
p1164,ellow-radfar-az090,elhigh-radmid-az045,0.4703794693970855,0.6996556271783416,0.7235243093432435,0.3072999780629998,0.35969234721512794,54,18,0.35969234721512794,0.3334961626390639,0.3072999780629998,0.11068712218195759,0.13688330675802163,0.16307949133408572,287,65,nan,nan,0,,True,True,elhigh-ellow
p1165,ellow-radfar-az090,elhigh-radmid-az090,0.46568725479609213,0.6985634230434205,0.7260272803537828,0.3072999780629998,0.3545783681398182,54,21,0.3545783681398182,0.33093917310140897,0.3072999780629998,0.11110888665627394,0.13474808169468316,0.15838727673309233,281,67,nan,nan,0,,True,True,elhigh-ellow
p1166,ellow-radfar-az090,elhigh-radmid-az135,0.4628281409343517,0.6954939362370065,0.7223167037503833,0.3072999780629998,0.3434079473811069,54,30,0.3434079473811069,0.32535396272205336,0.3072999780629998,0.11942019355324479,0.13747417821229835,0.1555281628713519,281,71,nan,nan,0,,True,True,elhigh-ellow
p1170,ellow-radfar-az090,elhigh-radmid-az315,0.46211689526765376,0.699605993857632,0.7283945651515403,0.3072999780629998,0.3357774895562401,54,42,0.3357774895562401,0.32153873380961995,0.3072999780629998,0.12633940571141367,0.1405781614580338,0.15481691720465396,290,68,nan,nan,0,,True,True,elhigh-ellow
p1171,ellow-radfar-az090,elhigh-radfar-az000,0.46467310969632847,0.7030889273033862,0.7307983598170197,0.3072999780629998,0.33999633482078295,54,33,0.33999633482078295,0.3236481564418914,0.3072999780629998,0.12467677487554552,0.1410249532544371,0.15737313163332867,294,59,nan,nan,0,,True,True,elhigh-ellow
p1172,ellow-radfar-az090,elhigh-radfar-az045,0.47360574058288174,0.7082702204838267,0.7347425432079735,0.3072999780629998,0.3517406582248309,54,24,0.3517406582248309,0.32952031814391536,0.3072999780629998,0.12186508235805082,0.14408542243896638,0.16630576251988194,263,80,nan,nan,0,,True,True,elhigh-ellow
p1173,ellow-radfar-az090,elhigh-radfar-az090,0.46019447198888913,0.6948877905434703,0.7250027885044402,0.3072999780629998,0.33715840306367034,54,39,0.33715840306367034,0.3222291905633351,0.3072999780629998,0.12303606892521879,0.13796528142555403,0.15289449392588933,287,66,nan,nan,0,,True,True,elhigh-ellow
p1174,ellow-radfar-az090,elhigh-radfar-az135,0.4695613886496038,0.6997264549677769,0.7278504559180438,0.3072999780629998,0.35443982782283306,54,22,0.35443982782283306,0.3308699029429164,0.3072999780629998,0.11512156082677072,0.13869148570668738,0.16226141058660398,293,64,nan,nan,0,,True,True,elhigh-ellow
p1175,ellow-radfar-az090,elhigh-radfar-az180,0.4749029650390004,0.7055589027929219,0.7333570711443727,0.3072999780629998,0.3435612602938729,54,29,0.3435612602938729,0.32543061917843635,0.3072999780629998,0.13134170474512752,0.14947234586056407,0.16760298697600062,287,70,nan,nan,0,,True,True,elhigh-ellow
p1176,ellow-radfar-az090,elhigh-radfar-az225,0.4786165162311257,0.7060124945314576,0.7324250929002585,0.3072999780629998,0.3330930922222578,54,45,0.3330930922222578,0.3201965351426288,0.3072999780629998,0.14552342400886792,0.15841998108849692,0.17131653816812592,290,65,nan,nan,0,,True,True,elhigh-ellow
p1177,ellow-radfar-az090,elhigh-radfar-az270,0.46604143965809386,0.6961820169260359,0.7243166697318869,0.3072999780629998,0.3342499000230558,54,44,0.3342499000230558,0.3207749390430278,0.3072999780629998,0.13179153963503804,0.14526650061506607,0.15874146159509406,284,68,nan,nan,0,,True,True,elhigh-ellow
p1178,ellow-radfar-az090,elhigh-radfar-az315,0.4653454467944944,0.6964912871606427,0.7273554266036802,0.3072999780629998,0.3370014455332844,54,40,0.3370014455332844,0.32215071179814214,0.3072999780629998,0.12834400126120998,0.14319473499635227,0.1580454687314946,284,68,nan,nan,0,,True,True,elhigh-ellow
p1179,ellow-radfar-az135,ellow-radfar-az180,0.32488044656897774,0.5386595134956413,0.585934331916936,0.28205091366265594,0.3013082995025368,66,56,0.3013082995025368,0.2916796065825964,0.28205091366265594,0.02357214706644095,0.03320083998638135,0.0428295329063218,290,59,nan,nan,0,,True,True,ellow-ellow
p1180,ellow-radfar-az135,ellow-radfar-az225,0.31791183657775435,0.529295935480643,0.582516316143573,0.28205091366265594,0.28484504258501964,66,64,0.28484504258501964,0.2834479781238378,0.28205091366265594,0.03306679399273471,0.03446385845391653,0.0358609229150984,286,58,nan,nan,0,,True,True,ellow-ellow
p1181,ellow-radfar-az135,ellow-radfar-az270,0.3041295359056514,0.501770270196212,0.5593759479679292,0.28205091366265594,0.30958469798239646,66,53,0.30958469798239646,0.2958178058225262,0.28205091366265594,-0.005455162076745068,0.00831173008312519,0.02207862224299545,282,60,nan,nan,0,,False,True,ellow-ellow
p1182,ellow-radfar-az135,ellow-radfar-az315,0.31772738058949773,0.5336041791545837,0.5826626294497614,0.28205091366265594,0.27594677444659244,66,70,0.28205091366265594,0.27899884405462416,0.27594677444659244,0.03567646692684179,0.03872853653487357,0.0417806061429053,294,52,nan,nan,0,,True,True,ellow-ellow
p1183,ellow-radfar-az135,elmid-radnear-az000,0.4769814846098326,0.7016109416684908,0.7270798151180504,0.28205091366265594,0.35517090007794966,66,20,0.35517090007794966,0.3186109068703028,0.28205091366265594,0.12181058453188293,0.15837057773952978,0.19493057094717664,293,60,nan,nan,0,,True,True,ellow-elmid
p1184,ellow-radfar-az135,elmid-radnear-az045,0.4741037562735115,0.7025057554278095,0.7255665590665474,0.28205091366265594,0.3542262604718849,66,23,0.3542262604718849,0.3181385870672704,0.28205091366265594,0.1198774958016266,0.1559651692062411,0.19205284261085553,283,59,nan,nan,0,,True,True,ellow-elmid
p1185,ellow-radfar-az135,elmid-radnear-az090,0.46457936159869806,0.692704598972521,0.7170753729743639,0.28205091366265594,0.3373441618464497,66,37,0.3373441618464497,0.30969753775455283,0.28205091366265594,0.12723519975224834,0.15488182384414523,0.18252844793604212,295,48,nan,nan,0,,True,True,ellow-elmid
p1186,ellow-radfar-az135,elmid-radnear-az135,0.46223975329122763,0.68417342291216,0.7126981326503413,0.28205091366265594,0.34220636476623056,66,31,0.34220636476623056,0.3121286392144432,0.28205091366265594,0.12003338852499706,0.1501111140767844,0.18018883962857168,287,44,nan,nan,0,,True,True,ellow-elmid
p1187,ellow-radfar-az135,elmid-radnear-az180,0.464945509797081,0.6867756172456094,0.7132008140547151,0.28205091366265594,0.3511704098620124,66,25,0.3511704098620124,0.3166106617623342,0.28205091366265594,0.11377509993506857,0.14833484803474678,0.18289459613442505,289,53,nan,nan,0,,True,True,ellow-elmid
p1188,ellow-radfar-az135,elmid-radnear-az225,0.4817210818158282,0.7080699358543143,0.7312338890662402,0.28205091366265594,0.36478026048785717,66,17,0.36478026048785717,0.3234155870752565,0.28205091366265594,0.11694082132797101,0.15830549474057165,0.19967016815317223,291,58,nan,nan,0,,True,True,ellow-elmid
p1189,ellow-radfar-az135,elmid-radnear-az270,0.4741370365786642,0.6989405441340425,0.7241939022313553,0.28205091366265594,0.3473214946568377,66,26,0.3473214946568377,0.3146862041597468,0.28205091366265594,0.12681554192182648,0.1594508324189174,0.19208612291600824,279,52,nan,nan,0,,True,True,ellow-elmid
p1190,ellow-radfar-az135,elmid-radnear-az315,0.46680938097126506,0.6954887725268605,0.7198903833032051,0.28205091366265594,0.3398194147983978,66,34,0.3398194147983978,0.31093516423052686,0.28205091366265594,0.12698996617286729,0.1558742167407382,0.18475846730860912,287,54,nan,nan,0,,True,True,ellow-elmid
p1191,ellow-radfar-az135,elmid-radmid-az000,0.4833395432510586,0.7178291145115654,0.7410252560884877,0.28205091366265594,0.40109184962731287,66,5,0.40109184962731287,0.3415713816449844,0.28205091366265594,0.08224769362374573,0.1417681616060742,0.20128862958840266,283,49,nan,nan,0,,True,True,ellow-elmid
p1192,ellow-radfar-az135,elmid-radmid-az045,0.48559856494805415,0.7135256964821187,0.7362500349993678,0.28205091366265594,0.41641372706811924,66,1,0.41641372706811924,0.3492323203653876,0.28205091366265594,0.0691848378799349,0.13636624458266655,0.2035476512853982,280,59,nan,nan,0,,True,True,ellow-elmid
p1193,ellow-radfar-az135,elmid-radmid-az090,0.4717116607736842,0.6964775616049601,0.7188600194288218,0.28205091366265594,0.39457841386323705,66,8,0.39457841386323705,0.3383146637629465,0.28205091366265594,0.07713324691044715,0.1333969970107377,0.18966074711102826,285,60,nan,nan,0,,True,True,ellow-elmid
p1194,ellow-radfar-az135,elmid-radmid-az135,0.4647804016234187,0.6929140989234143,0.7182697588685357,0.28205091366265594,0.3855787851950759,66,15,0.3855787851950759,0.3338148494288659,0.28205091366265594,0.07920161642834284,0.1309655521945528,0.18272948796076277,292,62,nan,nan,0,,True,True,ellow-elmid
p1195,ellow-radfar-az135,elmid-radmid-az180,0.4788446786343638,0.7089475775123469,0.7331300402224352,0.28205091366265594,0.3920347270865256,66,10,0.3920347270865256,0.33704282037459077,0.28205091366265594,0.08680995154783822,0.14180185825977304,0.19679376497170786,294,49,nan,nan,0,,True,True,ellow-elmid
p1196,ellow-radfar-az135,elmid-radmid-az225,0.4947533910926863,0.725773324043417,0.7481122567620443,0.28205091366265594,0.4035228167038699,66,2,0.4035228167038699,0.34278686518326296,0.28205091366265594,0.09123057438881638,0.15196652590942333,0.21270247743003035,296,56,nan,nan,0,,True,True,ellow-elmid
p1197,ellow-radfar-az135,elmid-radmid-az270,0.4786397527149581,0.7090024199576642,0.7324357000696154,0.28205091366265594,0.40315190191972006,66,3,0.40315190191972006,0.342601407791188,0.28205091366265594,0.07548785079523807,0.13603834492377015,0.19658883905230218,283,51,nan,nan,0,,True,True,ellow-elmid
p1198,ellow-radfar-az135,elmid-radmid-az315,0.46963480392518303,0.6971072525321131,0.7243245710398021,0.28205091366265594,0.38855085122315813,66,13,0.38855085122315813,0.335300882442907,0.28205091366265594,0.0810839527020249,0.13433392148227602,0.1875838902625271,291,54,nan,nan,0,,True,True,ellow-elmid
p1199,ellow-radfar-az135,elmid-radfar-az000,0.4715942810229364,0.7088722783652247,0.7358738918840136,0.28205091366265594,0.3883653697649618,66,14,0.3883653697649618,0.33520814171380886,0.28205091366265594,0.0832289112579746,0.13638613930912752,0.18954336736028043,294,53,nan,nan,0,,True,True,ellow-elmid
p1200,ellow-radfar-az135,elmid-radfar-az045,0.46880767879979207,0.7028059733388414,0.7292010620444809,0.28205091366265594,0.3904277067982496,66,12,0.3904277067982496,0.3362393102304528,0.28205091366265594,0.07837997200154245,0.1325683685693393,0.18675676513713613,284,60,nan,nan,0,,True,True,ellow-elmid
p1201,ellow-radfar-az135,elmid-radfar-az090,0.4714426868031577,0.6990294881273589,0.7246306383622638,0.28205091366265594,0.4031096513417022,66,4,0.4031096513417022,0.3425802825021791,0.28205091366265594,0.06833303546145553,0.12886240430097862,0.18939177314050176,284,61,nan,nan,0,,True,True,ellow-elmid
p1202,ellow-radfar-az135,elmid-radfar-az135,0.45962975996142164,0.6921614824055715,0.7216193250996384,0.28205091366265594,0.3906639225147944,66,11,0.3906639225147944,0.3363574180887252,0.28205091366265594,0.06896583744662721,0.12327234187269642,0.1775788462987657,291,52,nan,nan,0,,True,True,ellow-elmid
p1203,ellow-radfar-az135,elmid-radfar-az180,0.4641909375655491,0.6947493811978399,0.7252847985095732,0.28205091366265594,0.39775345373611054,66,7,0.39775345373611054,0.33990218369938324,0.28205091366265594,0.06643748382943854,0.12428875386616584,0.18214002390289313,296,52,nan,nan,0,,True,True,ellow-elmid
p1204,ellow-radfar-az135,elmid-radfar-az225,0.47459057965001833,0.7066339879864854,0.7334521405335382,0.28205091366265594,0.40094783670068784,66,6,0.40094783670068784,0.3414993751816719,0.28205091366265594,0.07364274294933049,0.13309120446834644,0.19253966598736239,278,60,nan,nan,0,,True,True,ellow-elmid
p1205,ellow-radfar-az135,elmid-radfar-az270,0.46363555011711893,0.7033261897878833,0.7306608956961459,0.28205091366265594,0.39259913412484276,66,9,0.39259913412484276,0.33732502389374935,0.28205091366265594,0.07103641599227617,0.12631052622336958,0.181584636454463,290,58,nan,nan,0,,True,True,ellow-elmid
p1206,ellow-radfar-az135,elmid-radfar-az315,0.46814662665032825,0.6966818349123307,0.7276860255478488,0.28205091366265594,0.38032179073567957,66,16,0.38032179073567957,0.33118635219916776,0.28205091366265594,0.08782483591464868,0.1369602744511605,0.1860957129876723,293,55,nan,nan,0,,True,True,ellow-elmid
p1207,ellow-radfar-az135,elhigh-radnear-az000,0.46015947112431044,0.6952155364810381,0.7197143668744936,0.28205091366265594,0.3287976256874326,66,48,0.3287976256874326,0.30542426967504427,0.28205091366265594,0.13136184543687784,0.15473520144926617,0.1781085574616545,286,54,nan,nan,0,,True,True,elhigh-ellow
p1208,ellow-radfar-az135,elhigh-radnear-az045,0.45798390956057594,0.6879463060394939,0.7137293223468681,0.28205091366265594,0.3372504425742561,66,38,0.3372504425742561,0.30965067811845604,0.28205091366265594,0.12073346698631982,0.1483332314421199,0.17593299589792,297,54,nan,nan,0,,True,True,elhigh-ellow
p1209,ellow-radfar-az135,elhigh-radnear-az090,0.45504892879202574,0.6858555013824708,0.714079623964837,0.28205091366265594,0.3417464009985519,66,32,0.3417464009985519,0.31189865733060396,0.28205091366265594,0.11330252779347383,0.14315027146142179,0.1729980151293698,286,60,nan,nan,0,,True,True,elhigh-ellow
p1210,ellow-radfar-az135,elhigh-radnear-az135,0.46136324829597936,0.684057403036528,0.7114307668754726,0.28205091366265594,0.3320552452601486,66,46,0.3320552452601486,0.30705307946140226,0.28205091366265594,0.12930800303583073,0.1543101688345771,0.1793123346333234,282,60,nan,nan,0,,True,True,elhigh-ellow
p1211,ellow-radfar-az135,elhigh-radnear-az180,0.4697851945786268,0.6951667875424745,0.720523001688278,0.28205091366265594,0.3395650145085634,66,35,0.3395650145085634,0.3108079640856097,0.28205091366265594,0.13022018007006336,0.1589772304930171,0.18773428091597083,291,52,nan,nan,0,,True,True,elhigh-ellow
p1212,ellow-radfar-az135,elhigh-radnear-az225,0.4686573284865678,0.6970165691934396,0.7241705265450961,0.28205091366265594,0.3440784937220457,66,28,0.3440784937220457,0.31306470369235084,0.28205091366265594,0.12457883476452214,0.15559262479421698,0.18660641482391188,276,62,nan,nan,0,,True,True,elhigh-ellow
p1213,ellow-radfar-az135,elhigh-radnear-az270,0.45890630869042,0.6885651935205341,0.7177739791935706,0.28205091366265594,0.3216859159930162,66,49,0.3216859159930162,0.3018684148278361,0.28205091366265594,0.13722039269740377,0.15703789386258388,0.17685539502776404,288,56,nan,nan,0,,True,True,elhigh-ellow
p1214,ellow-radfar-az135,elhigh-radnear-az315,0.455307833762882,0.6910411790945351,0.7191650710648578,0.28205091366265594,0.3361849875189326,66,41,0.3361849875189326,0.3091179505907943,0.28205091366265594,0.11912284624394937,0.1461898831720877,0.17325692010022603,285,60,nan,nan,0,,True,True,elhigh-ellow
p1215,ellow-radfar-az135,elhigh-radmid-az000,0.46985296125602377,0.6980109388086311,0.7242289075835739,0.28205091366265594,0.3459669579749205,66,27,0.3459669579749205,0.3140089358187882,0.28205091366265594,0.12388600328110327,0.15584402543723558,0.18780204759336783,282,49,nan,nan,0,,True,True,elhigh-ellow
p1216,ellow-radfar-az135,elhigh-radmid-az045,0.4776970774787237,0.7035569785815268,0.7284643305733142,0.28205091366265594,0.35969234721512794,66,18,0.35969234721512794,0.32087163043889194,0.28205091366265594,0.11800473026359576,0.15682544703983176,0.19564616381606775,292,52,nan,nan,0,,True,True,elhigh-ellow
p1217,ellow-radfar-az135,elhigh-radmid-az090,0.4669308511272226,0.6930880272773878,0.7210441444338536,0.28205091366265594,0.3545783681398182,66,21,0.3545783681398182,0.31831464090123707,0.28205091366265594,0.11235248298740441,0.14861621022598553,0.18487993746456666,286,54,nan,nan,0,,True,True,elhigh-ellow
p1218,ellow-radfar-az135,elhigh-radmid-az135,0.4736377992353582,0.6990023743890396,0.7259061153518402,0.28205091366265594,0.3434079473811069,66,30,0.3434079473811069,0.3127294305218814,0.28205091366265594,0.1302298518542513,0.1609083687134768,0.19158688557270226,286,58,nan,nan,0,,True,True,elhigh-ellow
p1219,ellow-radfar-az135,elhigh-radmid-az180,0.4718379439975334,0.699990237192423,0.7270367044589141,0.28205091366265594,0.35560303382831304,66,19,0.35560303382831304,0.3188269737454845,0.28205091366265594,0.11623491016922038,0.1530109702520489,0.18978703033487748,281,63,nan,nan,0,,True,True,elhigh-ellow
p1220,ellow-radfar-az135,elhigh-radmid-az225,0.4791513364850405,0.7012839014688712,0.7254908244606427,0.28205091366265594,0.33765850732244423,66,36,0.33765850732244423,0.3098547104925501,0.28205091366265594,0.14149282916259626,0.1692966259924904,0.19710042282238455,275,63,nan,nan,0,,True,True,elhigh-ellow
p1221,ellow-radfar-az135,elhigh-radmid-az270,0.4645022622245201,0.6967306031308963,0.7254007390229514,0.28205091366265594,0.33467761382312017,66,43,0.33467761382312017,0.30836426374288806,0.28205091366265594,0.12982464840139996,0.15613799848163207,0.18245134856186418,292,55,nan,nan,0,,True,True,elhigh-ellow
p1222,ellow-radfar-az135,elhigh-radmid-az315,0.4678712988781466,0.6998486446076077,0.7264784896963574,0.28205091366265594,0.3357774895562401,66,42,0.3357774895562401,0.30891420160944805,0.28205091366265594,0.1320938093219065,0.15895709726869856,0.18582038521549066,295,55,nan,nan,0,,True,True,elhigh-ellow
p1223,ellow-radfar-az135,elhigh-radfar-az000,0.4593737157793885,0.696867129308012,0.7246157302579398,0.28205091366265594,0.33999633482078295,66,33,0.33999633482078295,0.3110236242417195,0.28205091366265594,0.11937738095860556,0.14835009153766904,0.17732280211673257,299,46,nan,nan,0,,True,True,elhigh-ellow
p1224,ellow-radfar-az135,elhigh-radfar-az045,0.47840457228042227,0.7100628251109953,0.7335636403608691,0.28205091366265594,0.3517406582248309,66,24,0.3517406582248309,0.31689578594374346,0.28205091366265594,0.12666391405559135,0.1615087863366788,0.19635365861776632,268,67,nan,nan,0,,True,True,elhigh-ellow
p1225,ellow-radfar-az135,elhigh-radfar-az090,0.4581986161616013,0.6888211011274185,0.719334211148123,0.28205091366265594,0.33715840306367034,66,39,0.33715840306367034,0.30960465836316314,0.28205091366265594,0.12104021309793095,0.14859395779843815,0.17614770249894535,292,53,nan,nan,0,,True,True,elhigh-ellow
p1226,ellow-radfar-az135,elhigh-radfar-az135,0.461893428339236,0.6942572913991738,0.7203633611083653,0.28205091366265594,0.35443982782283306,66,22,0.35443982782283306,0.3182453707427445,0.28205091366265594,0.10745360051640296,0.14364805759649152,0.17984251467658008,298,51,nan,nan,0,,True,True,elhigh-ellow
p1227,ellow-radfar-az135,elhigh-radfar-az180,0.47182012501254605,0.7032379477243271,0.7310485288728252,0.28205091366265594,0.3435612602938729,66,29,0.3435612602938729,0.3128060869782644,0.28205091366265594,0.12825886471867315,0.15901403803428166,0.1897692113498901,292,57,nan,nan,0,,True,True,elhigh-ellow
p1228,ellow-radfar-az135,elhigh-radfar-az225,0.4808297300598047,0.7061395230660419,0.7311878982526918,0.28205091366265594,0.3330930922222578,66,45,0.3330930922222578,0.3075720029424569,0.28205091366265594,0.14773663783754692,0.17325772711734783,0.19877881639714878,295,52,nan,nan,0,,True,True,elhigh-ellow
p1229,ellow-radfar-az135,elhigh-radfar-az270,0.4662639462108989,0.6937453134325994,0.7238128199284765,0.28205091366265594,0.3342499000230558,66,44,0.3342499000230558,0.3081504068428559,0.28205091366265594,0.13201404618784307,0.158113539368043,0.18421303254824295,289,55,nan,nan,0,,True,True,elhigh-ellow
p1230,ellow-radfar-az135,elhigh-radfar-az315,0.4628473613297729,0.699451718628193,0.7267091007342522,0.28205091366265594,0.3370014455332844,66,40,0.3370014455332844,0.3095261795979702,0.28205091366265594,0.12584591579648846,0.1533211817318027,0.18079644766711694,289,55,nan,nan,0,,True,True,elhigh-ellow
p1231,ellow-radfar-az180,ellow-radfar-az225,0.29805405622947206,0.503003281185518,0.5521089874440542,0.3013082995025368,0.28484504258501964,56,64,0.3013082995025368,0.2930766710437782,0.28484504258501964,-0.0032542432730647275,0.00497738518569385,0.013209013644452428,286,69,nan,nan,0,,False,True,ellow-ellow
p1232,ellow-radfar-az180,ellow-radfar-az270,0.32652645866095953,0.5481302363568823,0.6017411220944259,0.3013082995025368,0.30958469798239646,56,53,0.30958469798239646,0.30544649874246665,0.3013082995025368,0.016941760678563067,0.021079959918492874,0.025218159158422737,282,71,nan,nan,0,,True,True,ellow-ellow
p1233,ellow-radfar-az180,ellow-radfar-az315,0.2962496457062911,0.5054795529915536,0.555022028928165,0.3013082995025368,0.27594677444659244,56,70,0.3013082995025368,0.2886275369745646,0.27594677444659244,-0.0050586537962457045,0.0076221087317264735,0.02030287125969865,294,63,nan,nan,0,,False,True,ellow-ellow
p1234,ellow-radfar-az180,elmid-radnear-az000,0.46784202895024696,0.6981298655398738,0.7234619894151412,0.3013082995025368,0.35517090007794966,56,20,0.35517090007794966,0.3282395997902432,0.3013082995025368,0.1126711288722973,0.13960242916000376,0.16653372944771017,293,71,nan,nan,0,,True,True,ellow-elmid
p1235,ellow-radfar-az180,elmid-radnear-az045,0.4780121959330388,0.7091947654746941,0.7331288013382988,0.3013082995025368,0.3542262604718849,56,23,0.3542262604718849,0.32776727998721084,0.3013082995025368,0.1237859354611539,0.15024491594582795,0.176703896430502,283,70,nan,nan,0,,True,True,ellow-elmid
p1236,ellow-radfar-az180,elmid-radnear-az090,0.47617697647384544,0.7048522223344071,0.7298056734744334,0.3013082995025368,0.3373441618464497,56,37,0.3373441618464497,0.3193262306744933,0.3013082995025368,0.13883281462739572,0.15685074579935215,0.17486867697130865,295,59,nan,nan,0,,True,True,ellow-elmid
p1237,ellow-radfar-az180,elmid-radnear-az135,0.4669850592231873,0.6967130146747019,0.722559775669355,0.3013082995025368,0.34220636476623056,56,31,0.34220636476623056,0.3217573321343837,0.3013082995025368,0.12477869445695672,0.1452277270888036,0.1656767597206505,287,55,nan,nan,0,,True,True,ellow-elmid
p1238,ellow-radfar-az180,elmid-radnear-az180,0.46797708458634163,0.699875545086155,0.7261842735533529,0.3013082995025368,0.3511704098620124,56,25,0.3511704098620124,0.3262393546822746,0.3013082995025368,0.11680667472432921,0.14173772990406702,0.16666878508380484,289,64,nan,nan,0,,True,True,ellow-elmid
p1239,ellow-radfar-az180,elmid-radnear-az225,0.4784454173560276,0.7102813434786972,0.735137963494257,0.3013082995025368,0.36478026048785717,56,17,0.36478026048785717,0.333044279995197,0.3013082995025368,0.11366515686817041,0.1454011373608306,0.1771371178534908,291,69,nan,nan,0,,True,True,ellow-elmid
p1240,ellow-radfar-az180,elmid-radnear-az270,0.4722850106433908,0.7029191777730628,0.7277487482804489,0.3013082995025368,0.3473214946568377,56,26,0.3473214946568377,0.32431489707968725,0.3013082995025368,0.12496351598655309,0.14797011356370354,0.170976711140854,279,63,nan,nan,0,,True,True,ellow-elmid
p1241,ellow-radfar-az180,elmid-radnear-az315,0.47136691651589946,0.7010197182201996,0.7266733955632512,0.3013082995025368,0.3398194147983978,56,34,0.3398194147983978,0.3205638571504673,0.3013082995025368,0.13154750171750168,0.15080305936543215,0.17005861701336267,287,65,nan,nan,0,,True,True,ellow-elmid
p1242,ellow-radfar-az180,elmid-radmid-az000,0.48143681696797175,0.7218517347280309,0.7448302611356763,0.3013082995025368,0.40109184962731287,56,5,0.40109184962731287,0.35120007456492486,0.3013082995025368,0.08034496734065888,0.1302367424030469,0.18012851746543496,283,60,nan,nan,0,,True,True,ellow-elmid
p1243,ellow-radfar-az180,elmid-radmid-az045,0.4836422644894605,0.7120543522874783,0.7367753327456199,0.3013082995025368,0.41641372706811924,56,1,0.41641372706811924,0.35886101328532805,0.3013082995025368,0.06722853742134127,0.12478125120413247,0.18233396498692372,280,70,nan,nan,0,,True,True,ellow-elmid
p1244,ellow-radfar-az180,elmid-radmid-az090,0.4835821093935927,0.7121094145479999,0.7365988414931749,0.3013082995025368,0.39457841386323705,56,8,0.39457841386323705,0.3479433566828869,0.3013082995025368,0.08900369553035564,0.1356387527107058,0.1822738098910559,285,71,nan,nan,0,,True,True,ellow-elmid
p1245,ellow-radfar-az180,elmid-radmid-az135,0.4764665397268974,0.7066381889478306,0.731270853769877,0.3013082995025368,0.3855787851950759,56,15,0.3855787851950759,0.34344354234880636,0.3013082995025368,0.09088775453182152,0.13302299737809103,0.1751582402243606,292,73,nan,nan,0,,True,True,ellow-elmid
p1246,ellow-radfar-az180,elmid-radmid-az180,0.4759258075412011,0.7091134079829132,0.7350010881308336,0.3013082995025368,0.3920347270865256,56,10,0.3920347270865256,0.34667151329453116,0.3013082995025368,0.08389108045467553,0.12925429424666995,0.17461750803866433,294,60,nan,nan,0,,True,True,ellow-elmid
p1247,ellow-radfar-az180,elmid-radmid-az225,0.4857145697410744,0.7174511816882007,0.7422898290437558,0.3013082995025368,0.4035228167038699,56,2,0.4035228167038699,0.35241555810320335,0.3013082995025368,0.0821917530372045,0.13329901163787106,0.18440627023853762,296,67,nan,nan,0,,True,True,ellow-elmid
p1248,ellow-radfar-az180,elmid-radmid-az270,0.48441544355272526,0.7214405416674208,0.7444061834635148,0.3013082995025368,0.40315190191972006,56,3,0.40315190191972006,0.3522301007111284,0.3013082995025368,0.0812635416330052,0.13218534284159683,0.18310714405018846,283,62,nan,nan,0,,True,True,ellow-elmid
p1249,ellow-radfar-az180,elmid-radmid-az315,0.4790014379106165,0.7125070006186716,0.7388869730905349,0.3013082995025368,0.38855085122315813,56,13,0.38855085122315813,0.34492957536284746,0.3013082995025368,0.09045058668745837,0.13407186254776904,0.1776931384080797,291,65,nan,nan,0,,True,True,ellow-elmid
p1250,ellow-radfar-az180,elmid-radfar-az000,0.4750163956714074,0.7117332716077548,0.7399560739398915,0.3013082995025368,0.3883653697649618,56,14,0.3883653697649618,0.34483683463374926,0.3013082995025368,0.08665102590644563,0.13017956103765815,0.17370809616887062,294,64,nan,nan,0,,True,True,ellow-elmid
p1251,ellow-radfar-az180,elmid-radfar-az045,0.4646382777897007,0.6944334501267726,0.7230132569034845,0.3013082995025368,0.3904277067982496,56,12,0.3904277067982496,0.34586800315039323,0.3013082995025368,0.07421057099145106,0.11877027463930745,0.1633299782871639,284,71,nan,nan,0,,True,True,ellow-elmid
p1252,ellow-radfar-az180,elmid-radfar-az090,0.4713855130093895,0.7010620985744749,0.7283408569923553,0.3013082995025368,0.4031096513417022,56,4,0.4031096513417022,0.3522089754221195,0.3013082995025368,0.06827586166768734,0.11917653758727004,0.17007721350685273,284,72,nan,nan,0,,True,True,ellow-elmid
p1253,ellow-radfar-az180,elmid-radfar-az135,0.46768927544805716,0.7008632599847747,0.7276241015180855,0.3013082995025368,0.3906639225147944,56,11,0.3906639225147944,0.3459861110086656,0.3013082995025368,0.07702535293326274,0.12170316443939155,0.16638097594552037,291,63,nan,nan,0,,True,True,ellow-elmid
p1254,ellow-radfar-az180,elmid-radfar-az180,0.45965661254853657,0.6997725020953407,0.7279722879860021,0.3013082995025368,0.39775345373611054,56,7,0.39775345373611054,0.3495308766193237,0.3013082995025368,0.06190315881242603,0.11012573592921288,0.15834831304599978,296,63,nan,nan,0,,True,True,ellow-elmid
p1255,ellow-radfar-az180,elmid-radfar-az225,0.4754178941618998,0.7104284931372351,0.7369760010545849,0.3013082995025368,0.40094783670068784,56,6,0.40094783670068784,0.35112806810161235,0.3013082995025368,0.07447005746121194,0.12428982606028743,0.174109594659363,278,71,nan,nan,0,,True,True,ellow-elmid
p1256,ellow-radfar-az180,elmid-radfar-az270,0.48234993951114685,0.7221713353037778,0.7473617142089206,0.3013082995025368,0.39259913412484276,56,9,0.39259913412484276,0.3469537168136898,0.3013082995025368,0.08975080538630409,0.13539622269745705,0.18104164000861006,290,69,nan,nan,0,,True,True,ellow-elmid
p1257,ellow-radfar-az180,elmid-radfar-az315,0.46728931189119427,0.7049512597499908,0.7330349961952819,0.3013082995025368,0.38032179073567957,56,16,0.38032179073567957,0.3408150451191082,0.3013082995025368,0.0869675211555147,0.12647426677208606,0.16598101238865748,293,66,nan,nan,0,,True,True,ellow-elmid
p1258,ellow-radfar-az180,elhigh-radnear-az000,0.4663647857176673,0.7041059258433491,0.7290403124704663,0.3013082995025368,0.3287976256874326,56,48,0.3287976256874326,0.3150529625949847,0.3013082995025368,0.13756716003023473,0.1513118231226826,0.16505648621513053,286,65,nan,nan,0,,True,True,elhigh-ellow
p1259,ellow-radfar-az180,elhigh-radnear-az045,0.4755212357594066,0.7069408895752615,0.7301102958940879,0.3013082995025368,0.3372504425742561,56,38,0.3372504425742561,0.31927937103839643,0.3013082995025368,0.13827079318515045,0.15624186472101015,0.1742129362568698,297,65,nan,nan,0,,True,True,elhigh-ellow
p1260,ellow-radfar-az180,elhigh-radnear-az090,0.4645654805779171,0.6992088559187927,0.724979220895723,0.3013082995025368,0.3417464009985519,56,32,0.3417464009985519,0.32152735025054435,0.3013082995025368,0.12281907957936516,0.14303813032737273,0.1632571810753803,286,71,nan,nan,0,,True,True,elhigh-ellow
p1261,ellow-radfar-az180,elhigh-radnear-az135,0.4683509354397079,0.697179490381883,0.7234729859343727,0.3013082995025368,0.3320552452601486,56,46,0.3320552452601486,0.3166817723813427,0.3013082995025368,0.13629569017955928,0.1516691630583652,0.1670426359371711,282,71,nan,nan,0,,True,True,elhigh-ellow
p1262,ellow-radfar-az180,elhigh-radnear-az180,0.4726046112497424,0.6990796568353654,0.7243964304696455,0.3013082995025368,0.3395650145085634,56,35,0.3395650145085634,0.32043665700555013,0.3013082995025368,0.133039596741179,0.15216795424419227,0.1712963117472056,291,63,nan,nan,0,,True,True,elhigh-ellow
p1263,ellow-radfar-az180,elhigh-radnear-az225,0.470353323260938,0.6965726920985925,0.724327409280676,0.3013082995025368,0.3440784937220457,56,28,0.3440784937220457,0.32269339661229124,0.3013082995025368,0.1262748295388923,0.14765992664864674,0.1690450237584012,276,73,nan,nan,0,,True,True,elhigh-ellow
p1264,ellow-radfar-az180,elhigh-radnear-az270,0.4578075982699729,0.6903243424410542,0.7217803612249485,0.3013082995025368,0.3216859159930162,56,49,0.3216859159930162,0.3114971077477765,0.3013082995025368,0.1361216822769567,0.1463104905221964,0.15649929876743612,288,67,nan,nan,0,,True,True,elhigh-ellow
p1265,ellow-radfar-az180,elhigh-radnear-az315,0.4684732369020671,0.7035492478611622,0.7289579501768958,0.3013082995025368,0.3361849875189326,56,41,0.3361849875189326,0.3187466435107347,0.3013082995025368,0.1322882493831345,0.14972659339133243,0.1671649373995303,285,71,nan,nan,0,,True,True,elhigh-ellow
p1266,ellow-radfar-az180,elhigh-radmid-az000,0.4799711392249648,0.7098133251173159,0.7358520729793019,0.3013082995025368,0.3459669579749205,56,27,0.3459669579749205,0.32363762873872864,0.3013082995025368,0.13400418125004432,0.15633351048623617,0.17866283972242802,282,60,nan,nan,0,,True,True,elhigh-ellow
p1267,ellow-radfar-az180,elhigh-radmid-az045,0.4852595458541855,0.7131606712712116,0.7368650806685509,0.3013082995025368,0.35969234721512794,56,18,0.35969234721512794,0.3305003233588324,0.3013082995025368,0.12556719863905758,0.15475922249535312,0.18395124635164872,292,63,nan,nan,0,,True,True,elhigh-ellow
p1268,ellow-radfar-az180,elhigh-radmid-az090,0.48052403054489873,0.7115051774840926,0.7380775736467858,0.3013082995025368,0.3545783681398182,56,21,0.3545783681398182,0.32794333382117746,0.3013082995025368,0.12594566240508054,0.15258069672372127,0.17921573104236194,286,65,nan,nan,0,,True,True,elhigh-ellow
p1269,ellow-radfar-az180,elhigh-radmid-az135,0.4767184571992081,0.7063325019793525,0.7328248665449433,0.3013082995025368,0.3434079473811069,56,30,0.3434079473811069,0.32235812344182185,0.3013082995025368,0.13331050981810116,0.15436033375738623,0.1754101576966713,286,69,nan,nan,0,,True,True,elhigh-ellow
p1270,ellow-radfar-az180,elhigh-radmid-az180,0.48139595976629124,0.7107285670773428,0.7344067402850453,0.3013082995025368,0.35560303382831304,56,19,0.35560303382831304,0.3284556666654249,0.3013082995025368,0.1257929259379782,0.15294029310086632,0.18008766026375445,281,74,nan,nan,0,,True,True,elhigh-ellow
p1271,ellow-radfar-az180,elhigh-radmid-az225,0.4822571724337137,0.7117019118200332,0.7362711721135831,0.3013082995025368,0.33765850732244423,56,36,0.33765850732244423,0.3194834034124905,0.3013082995025368,0.14459866511126945,0.1627737690212232,0.1809488729311769,275,74,nan,nan,0,,True,True,elhigh-ellow
p1272,ellow-radfar-az180,elhigh-radmid-az270,0.47974287496765305,0.709160361476674,0.7354350858549448,0.3013082995025368,0.33467761382312017,56,43,0.33467761382312017,0.31799295666282845,0.3013082995025368,0.1450652611445329,0.1617499183048246,0.17843457546511626,292,66,nan,nan,0,,True,True,elhigh-ellow
p1273,ellow-radfar-az180,elhigh-radmid-az315,0.4735359942690762,0.7114950857957294,0.7383407987836873,0.3013082995025368,0.3357774895562401,56,42,0.3357774895562401,0.31854289452938844,0.3013082995025368,0.13775850471283613,0.15499309973968778,0.17222769476653943,295,66,nan,nan,0,,True,True,elhigh-ellow
p1274,ellow-radfar-az180,elhigh-radfar-az000,0.47686058404441306,0.7126338830181074,0.7374292556238671,0.3013082995025368,0.33999633482078295,56,33,0.33999633482078295,0.32065231716165987,0.3013082995025368,0.1368642492236301,0.1562082668827532,0.17555228454187627,299,57,nan,nan,0,,True,True,elhigh-ellow
p1275,ellow-radfar-az180,elhigh-radfar-az045,0.4822272558553064,0.7157035750238817,0.7399522613136433,0.3013082995025368,0.3517406582248309,56,24,0.3517406582248309,0.32652447886368385,0.3013082995025368,0.1304865976304755,0.15570277699162255,0.1809189563527696,268,78,nan,nan,0,,True,True,elhigh-ellow
p1276,ellow-radfar-az180,elhigh-radfar-az090,0.47966561448241507,0.7109519381584203,0.7364330920896086,0.3013082995025368,0.33715840306367034,56,39,0.33715840306367034,0.3192333512831036,0.3013082995025368,0.14250721141874473,0.16043226319931148,0.17835731497987828,292,64,nan,nan,0,,True,True,elhigh-ellow
p1277,ellow-radfar-az180,elhigh-radfar-az135,0.47454449573881785,0.7063629392626194,0.7314360184516197,0.3013082995025368,0.35443982782283306,56,22,0.35443982782283306,0.3278740636626849,0.3013082995025368,0.12010466791598479,0.14667043207613295,0.17323619623628106,298,62,nan,nan,0,,True,True,elhigh-ellow
p1278,ellow-radfar-az180,elhigh-radfar-az180,0.47195323791481325,0.7030930535750631,0.7297538254563679,0.3013082995025368,0.3435612602938729,56,29,0.3435612602938729,0.32243477989820485,0.3013082995025368,0.12839197762094035,0.1495184580166084,0.17064493841227646,292,68,nan,nan,0,,True,True,elhigh-ellow
p1279,ellow-radfar-az180,elhigh-radfar-az225,0.4819617635045548,0.7122365259625579,0.7377207571493081,0.3013082995025368,0.3330930922222578,56,45,0.3330930922222578,0.3172006958623973,0.3013082995025368,0.14886867128229697,0.16476106764215748,0.18065346400201798,295,63,nan,nan,0,,True,True,elhigh-ellow
p1280,ellow-radfar-az180,elhigh-radfar-az270,0.4756990594552719,0.7075586835785117,0.7358295753392956,0.3013082995025368,0.3342499000230558,56,44,0.3342499000230558,0.3177790997627963,0.3013082995025368,0.1414491594322161,0.15791995969247563,0.17439075995273512,289,66,nan,nan,0,,True,True,elhigh-ellow
p1281,ellow-radfar-az180,elhigh-radfar-az315,0.46884065012792514,0.7084220774639409,0.7348455855551043,0.3013082995025368,0.3370014455332844,56,40,0.3370014455332844,0.31915487251791064,0.3013082995025368,0.1318392045946407,0.1496857776100145,0.16753235062538835,289,66,nan,nan,0,,True,True,elhigh-ellow
p1282,ellow-radfar-az225,ellow-radfar-az270,0.3136551912492238,0.5293239268489092,0.5799638019705928,0.28484504258501964,0.30958469798239646,64,53,0.30958469798239646,0.2972148702837081,0.28484504258501964,0.004070493266827346,0.01644032096551573,0.02881014866420417,278,70,nan,nan,0,,True,True,ellow-ellow
p1283,ellow-radfar-az225,ellow-radfar-az315,0.328102933019387,0.5464062597841206,0.5996598708228779,0.28484504258501964,0.27594677444659244,64,70,0.28484504258501964,0.28039590851580604,0.27594677444659244,0.04325789043436734,0.04770702450358094,0.05215615857279454,290,62,nan,nan,0,,True,True,ellow-ellow
p1284,ellow-radfar-az225,elmid-radnear-az000,0.4714478746740344,0.7068638673020315,0.7353213858498079,0.28484504258501964,0.35517090007794966,64,20,0.35517090007794966,0.3200079713314846,0.28484504258501964,0.11627697459608471,0.15143990334254975,0.18660283208901474,289,70,nan,nan,0,,True,True,ellow-elmid
p1285,ellow-radfar-az225,elmid-radnear-az045,0.47833548094184997,0.7143493841469427,0.7408541667510065,0.28484504258501964,0.3542262604718849,64,23,0.3542262604718849,0.31953565152845226,0.28484504258501964,0.12410922046996509,0.1587998294133977,0.19349043835683033,279,69,nan,nan,0,,True,True,ellow-elmid
p1286,ellow-radfar-az225,elmid-radnear-az090,0.4741785557371691,0.706478098670235,0.7319871851985341,0.28484504258501964,0.3373441618464497,64,37,0.3373441618464497,0.3110946022157347,0.28484504258501964,0.13683439389071939,0.1630839535214344,0.18933351315214947,291,58,nan,nan,0,,True,True,ellow-elmid
p1287,ellow-radfar-az225,elmid-radnear-az135,0.4683299945362327,0.6985154964290629,0.7257936999758785,0.28484504258501964,0.34220636476623056,64,31,0.34220636476623056,0.3135257036756251,0.28484504258501964,0.12612362977000213,0.1548042908606076,0.18348495195121306,283,54,nan,nan,0,,True,True,ellow-elmid
p1288,ellow-radfar-az225,elmid-radnear-az180,0.4656207545919164,0.6985259567676051,0.7273240086251692,0.28484504258501964,0.3511704098620124,64,25,0.3511704098620124,0.31800772622351603,0.28484504258501964,0.11445034472990395,0.14761302836840035,0.18077571200689674,285,63,nan,nan,0,,True,True,ellow-elmid
p1289,ellow-radfar-az225,elmid-radnear-az225,0.4773556744030732,0.7110696471328339,0.738511949332889,0.28484504258501964,0.36478026048785717,64,17,0.36478026048785717,0.3248126515364384,0.28484504258501964,0.11257541391521603,0.1525430228666348,0.19251063181805356,287,68,nan,nan,0,,True,True,ellow-elmid
p1290,ellow-radfar-az225,elmid-radnear-az270,0.4775374535410852,0.7087337925941323,0.7355528425914498,0.28484504258501964,0.3473214946568377,64,26,0.3473214946568377,0.31608326862092867,0.28484504258501964,0.13021595888424747,0.1614541849201565,0.19269241095606554,275,62,nan,nan,0,,True,True,ellow-elmid
p1291,ellow-radfar-az225,elmid-radnear-az315,0.4616036597633667,0.7002971995047056,0.7298241386911654,0.28484504258501964,0.3398194147983978,64,34,0.3398194147983978,0.31233222869170874,0.28484504258501964,0.12178424496496892,0.14927143107165797,0.17675861717834707,283,64,nan,nan,0,,True,True,ellow-elmid
p1292,ellow-radfar-az225,elmid-radmid-az000,0.4803677629904275,0.7242735917950546,0.7520729433875396,0.28484504258501964,0.40109184962731287,64,5,0.40109184962731287,0.3429684461061663,0.28484504258501964,0.07927591336311463,0.1373993168842612,0.19552272040540786,279,59,nan,nan,0,,True,True,ellow-elmid
p1293,ellow-radfar-az225,elmid-radmid-az045,0.4863952475007074,0.7200913878025824,0.7465431687060472,0.28484504258501964,0.41641372706811924,64,1,0.41641372706811924,0.35062938482656947,0.28484504258501964,0.06998152043258815,0.13576586267413793,0.20155020491568776,276,69,nan,nan,0,,True,True,ellow-elmid
p1294,ellow-radfar-az225,elmid-radmid-az090,0.48728311482261794,0.7168490241545419,0.7434979978310533,0.28484504258501964,0.39457841386323705,64,8,0.39457841386323705,0.3397117282241283,0.28484504258501964,0.09270470095938088,0.14757138659848962,0.2024380722375983,281,70,nan,nan,0,,True,True,ellow-elmid
p1295,ellow-radfar-az225,elmid-radmid-az135,0.4804710160501798,0.7158580769840124,0.7419830274087055,0.28484504258501964,0.3855787851950759,64,15,0.3855787851950759,0.3352119138900478,0.28484504258501964,0.0948922308551039,0.145259102160132,0.19562597346516014,288,72,nan,nan,0,,True,True,ellow-elmid
p1296,ellow-radfar-az225,elmid-radmid-az180,0.4835888359274789,0.7206772309347959,0.7477919415498218,0.28484504258501964,0.3920347270865256,64,10,0.3920347270865256,0.3384398848357726,0.28484504258501964,0.09155410884095333,0.14514895109170634,0.19874379334245929,290,59,nan,nan,0,,True,True,ellow-elmid
p1297,ellow-radfar-az225,elmid-radmid-az225,0.48737028588548886,0.7262510336677217,0.752931015394053,0.28484504258501964,0.4035228167038699,64,2,0.4035228167038699,0.3441839296444448,0.28484504258501964,0.08384746918161895,0.1431863562410441,0.20252524330046923,292,66,nan,nan,0,,True,True,ellow-elmid
p1298,ellow-radfar-az225,elmid-radmid-az270,0.4840835648196793,0.7245939707942928,0.7505375101093683,0.28484504258501964,0.40315190191972006,64,3,0.40315190191972006,0.34399847225236985,0.28484504258501964,0.08093166289995923,0.14008509256730944,0.19923852223465965,279,61,nan,nan,0,,True,True,ellow-elmid
p1299,ellow-radfar-az225,elmid-radmid-az315,0.4797116380003597,0.7159073216524384,0.7434565319300359,0.28484504258501964,0.38855085122315813,64,13,0.38855085122315813,0.3366979469040889,0.28484504258501964,0.09116078677720157,0.14301369109627082,0.19486659541534007,287,64,nan,nan,0,,True,True,ellow-elmid
p1300,ellow-radfar-az225,elmid-radfar-az000,0.4736935824181457,0.7156104359328909,0.7459057511570427,0.28484504258501964,0.3883653697649618,64,14,0.3883653697649618,0.3366052061749907,0.28484504258501964,0.08532821265318391,0.137088376243155,0.18884853983312605,290,63,nan,nan,0,,True,True,ellow-elmid
p1301,ellow-radfar-az225,elmid-radfar-az045,0.47299337400068564,0.7132252168132532,0.7427753535000199,0.28484504258501964,0.3904277067982496,64,12,0.3904277067982496,0.33763637469163466,0.28484504258501964,0.08256566720243602,0.13535699930905098,0.188148331415666,280,70,nan,nan,0,,True,True,ellow-elmid
p1302,ellow-radfar-az225,elmid-radfar-az090,0.47820724285472777,0.7152634079598768,0.7432941431227572,0.28484504258501964,0.4031096513417022,64,4,0.4031096513417022,0.3439773469633609,0.28484504258501964,0.07509759151302559,0.13422989589136686,0.19336220026970813,280,71,nan,nan,0,,True,True,ellow-elmid
p1303,ellow-radfar-az225,elmid-radfar-az135,0.4709655273255966,0.7091942367166552,0.7388242803812144,0.28484504258501964,0.3906639225147944,64,11,0.3906639225147944,0.33775448254990703,0.28484504258501964,0.08030160481080217,0.13321104477568957,0.18612048474057696,287,62,nan,nan,0,,True,True,ellow-elmid
p1304,ellow-radfar-az225,elmid-radfar-az180,0.47456538502687295,0.7127691489000939,0.7414867681036291,0.28484504258501964,0.39775345373611054,64,7,0.39775345373611054,0.3412992481605651,0.28484504258501964,0.07681193129076241,0.13326613686630784,0.18972034244185332,292,62,nan,nan,0,,True,True,ellow-elmid
p1305,ellow-radfar-az225,elmid-radfar-az225,0.47527600900815253,0.7152730720374432,0.7449789962495071,0.28484504258501964,0.40094783670068784,64,6,0.40094783670068784,0.34289643964285377,0.28484504258501964,0.07432817230746469,0.13237956936529877,0.1904309664231329,274,70,nan,nan,0,,True,True,ellow-elmid
p1306,ellow-radfar-az225,elmid-radfar-az270,0.4808991451544065,0.7211707519726819,0.7493669287965706,0.28484504258501964,0.39259913412484276,64,9,0.39259913412484276,0.33872208835493123,0.28484504258501964,0.08830001102956375,0.1421770567994753,0.19605410256938688,286,68,nan,nan,0,,True,True,ellow-elmid
p1307,ellow-radfar-az225,elmid-radfar-az315,0.47489195874031764,0.711813792281166,0.7428472615175451,0.28484504258501964,0.38032179073567957,64,16,0.38032179073567957,0.33258341666034963,0.28484504258501964,0.09457016800463808,0.14230854207996801,0.190046916155298,289,65,nan,nan,0,,True,True,ellow-elmid
p1308,ellow-radfar-az225,elhigh-radnear-az000,0.47010199936492875,0.7079185885912395,0.7370008291678272,0.28484504258501964,0.3287976256874326,64,48,0.3287976256874326,0.30682133413622614,0.28484504258501964,0.14130437367749615,0.1632806652287026,0.1852569567799091,282,64,nan,nan,0,,True,True,elhigh-ellow
p1309,ellow-radfar-az225,elhigh-radnear-az045,0.47157849461990026,0.7030931706536642,0.7322818271357631,0.28484504258501964,0.3372504425742561,64,38,0.3372504425742561,0.31104774257963785,0.28484504258501964,0.13432805204564413,0.1605307520402624,0.18673345203488062,293,64,nan,nan,0,,True,True,elhigh-ellow
p1310,ellow-radfar-az225,elhigh-radnear-az090,0.46658834262149723,0.7000552739821134,0.7288206529010609,0.28484504258501964,0.3417464009985519,64,32,0.3417464009985519,0.3132957217917858,0.28484504258501964,0.12484194162294532,0.15329262082971146,0.1817433000364776,282,70,nan,nan,0,,True,True,elhigh-ellow
p1311,ellow-radfar-az225,elhigh-radnear-az135,0.4627420703402689,0.7010852174497741,0.7296072714326148,0.28484504258501964,0.3320552452601486,64,46,0.3320552452601486,0.30845014392258413,0.28484504258501964,0.13068682508012025,0.15429192641768474,0.17789702775524924,278,70,nan,nan,0,,True,True,elhigh-ellow
p1312,ellow-radfar-az225,elhigh-radnear-az180,0.46697973118739894,0.7025015899026504,0.730793678048304,0.28484504258501964,0.3395650145085634,64,35,0.3395650145085634,0.31220502854679155,0.28484504258501964,0.12741471667883553,0.1547747026406074,0.1821346886023793,287,62,nan,nan,0,,True,True,elhigh-ellow
p1313,ellow-radfar-az225,elhigh-radnear-az225,0.4718230663250967,0.704936444793312,0.7338618877214496,0.28484504258501964,0.3440784937220457,64,28,0.3440784937220457,0.31446176815353266,0.28484504258501964,0.127744572603051,0.15736129817156402,0.18697802374007705,272,72,nan,nan,0,,True,True,elhigh-ellow
p1314,ellow-radfar-az225,elhigh-radnear-az270,0.46447865849675074,0.7021498406093866,0.7322067399999065,0.28484504258501964,0.3216859159930162,64,49,0.3216859159930162,0.3032654792890179,0.28484504258501964,0.14279274250373453,0.16121317920773282,0.1796336159117311,284,66,nan,nan,0,,True,True,elhigh-ellow
p1315,ellow-radfar-az225,elhigh-radnear-az315,0.4700428005090883,0.7032317930051659,0.7339579145236856,0.28484504258501964,0.3361849875189326,64,41,0.3361849875189326,0.3105150150519761,0.28484504258501964,0.1338578129901557,0.15952778545711221,0.18519775792406867,281,70,nan,nan,0,,True,True,elhigh-ellow
p1316,ellow-radfar-az225,elhigh-radmid-az000,0.47316241293106165,0.7091531186465881,0.7374580189337812,0.28484504258501964,0.3459669579749205,64,27,0.3459669579749205,0.31540600027997007,0.28484504258501964,0.12719545495614115,0.15775641265109158,0.188317370346042,278,59,nan,nan,0,,True,True,elhigh-ellow
p1317,ellow-radfar-az225,elhigh-radmid-az045,0.48138912918982707,0.7179963823689033,0.7447152866827829,0.28484504258501964,0.35969234721512794,64,18,0.35969234721512794,0.3222686949000738,0.28484504258501964,0.12169678197469913,0.15912043428975325,0.19654408660480743,288,62,nan,nan,0,,True,True,elhigh-ellow
p1318,ellow-radfar-az225,elhigh-radmid-az090,0.47907993924755515,0.7125576569098403,0.7408710930299298,0.28484504258501964,0.3545783681398182,64,21,0.3545783681398182,0.3197117053624189,0.28484504258501964,0.12450157110773696,0.15936823388513627,0.19423489666253552,282,64,nan,nan,0,,True,True,elhigh-ellow
p1319,ellow-radfar-az225,elhigh-radmid-az135,0.481229017566969,0.7160694705670873,0.7414909667016205,0.28484504258501964,0.3434079473811069,64,30,0.3434079473811069,0.3141264949830633,0.28484504258501964,0.1378210701858621,0.16710252258390573,0.19638397498194937,282,68,nan,nan,0,,True,True,elhigh-ellow
p1320,ellow-radfar-az225,elhigh-radmid-az180,0.4785514023779262,0.7073223771106159,0.7369413513164835,0.28484504258501964,0.35560303382831304,64,19,0.35560303382831304,0.32022403820666634,0.28484504258501964,0.12294836854961316,0.15832736417125987,0.19370635979290657,277,73,nan,nan,0,,True,True,elhigh-ellow
p1321,ellow-radfar-az225,elhigh-radmid-az225,0.48278882094494546,0.718348659687465,0.7440809024018894,0.28484504258501964,0.33765850732244423,64,36,0.33765850732244423,0.3112517749537319,0.28484504258501964,0.14513031362250123,0.17153704599121355,0.19794377835992583,271,73,nan,nan,0,,True,True,elhigh-ellow
p1322,ellow-radfar-az225,elhigh-radmid-az270,0.47251293044434534,0.7103937189325288,0.7392009453308408,0.28484504258501964,0.33467761382312017,64,43,0.33467761382312017,0.3097613282040699,0.28484504258501964,0.13783531662122517,0.16275160224027546,0.1876678878593257,288,65,nan,nan,0,,True,True,elhigh-ellow
p1323,ellow-radfar-az225,elhigh-radmid-az315,0.4646947935923324,0.7097724802300842,0.7392769769542505,0.28484504258501964,0.3357774895562401,64,42,0.3357774895562401,0.31031126607062987,0.28484504258501964,0.1289173040360923,0.15438352752170253,0.17984975100731276,291,65,nan,nan,0,,True,True,elhigh-ellow
p1324,ellow-radfar-az225,elhigh-radfar-az000,0.47302760337192923,0.7134670730112784,0.7428410025970199,0.28484504258501964,0.33999633482078295,64,33,0.33999633482078295,0.3124206887029013,0.28484504258501964,0.13303126855114628,0.16060691466902793,0.1881825607869096,295,56,nan,nan,0,,True,True,elhigh-ellow
p1325,ellow-radfar-az225,elhigh-radfar-az045,0.4839479579196728,0.7262317277731678,0.7538430308781808,0.28484504258501964,0.3517406582248309,64,24,0.3517406582248309,0.3182928504049253,0.28484504258501964,0.1322072996948419,0.16565510751474755,0.19910291533465319,264,77,nan,nan,0,,True,True,elhigh-ellow
p1326,ellow-radfar-az225,elhigh-radfar-az090,0.48066189929205483,0.7128834534924959,0.7417878638326699,0.28484504258501964,0.33715840306367034,64,39,0.33715840306367034,0.311001722824345,0.28484504258501964,0.1435034962283845,0.1696601764677098,0.1958168567070352,288,63,nan,nan,0,,True,True,elhigh-ellow
p1327,ellow-radfar-az225,elhigh-radfar-az135,0.47479969296010865,0.7114541218362174,0.738316954763869,0.28484504258501964,0.35443982782283306,64,22,0.35443982782283306,0.3196424352039263,0.28484504258501964,0.12035986513727559,0.15515725775618233,0.18995465037508902,294,61,nan,nan,0,,True,True,elhigh-ellow
p1328,ellow-radfar-az225,elhigh-radfar-az180,0.47807275665778937,0.7104598807649852,0.7394885595750971,0.28484504258501964,0.3435612602938729,64,29,0.3435612602938729,0.31420315143944627,0.28484504258501964,0.13451149636391646,0.1638696052183431,0.19322771407276973,288,67,nan,nan,0,,True,True,elhigh-ellow
p1329,ellow-radfar-az225,elhigh-radfar-az225,0.4803739071985755,0.7164236169024515,0.7448303999555258,0.28484504258501964,0.3330930922222578,64,45,0.3330930922222578,0.3089690674036387,0.28484504258501964,0.14728081497631768,0.17140483979493676,0.19552886461355584,291,62,nan,nan,0,,True,True,elhigh-ellow
p1330,ellow-radfar-az225,elhigh-radfar-az270,0.4654281411831561,0.7015458105297321,0.7330987782861873,0.28484504258501964,0.3342499000230558,64,44,0.3342499000230558,0.3095474713040377,0.28484504258501964,0.1311782411601003,0.15588066987911842,0.18058309859813648,285,65,nan,nan,0,,True,True,elhigh-ellow
p1331,ellow-radfar-az225,elhigh-radfar-az315,0.4650914610906895,0.7049640423283307,0.7366472906856278,0.28484504258501964,0.3370014455332844,64,40,0.3370014455332844,0.31092324405915206,0.28484504258501964,0.12809001555740507,0.15416821703153744,0.18024641850566986,285,65,nan,nan,0,,True,True,elhigh-ellow
p1332,ellow-radfar-az270,ellow-radfar-az315,0.29783532024797066,0.5087375317904516,0.556047069825654,0.30958469798239646,0.27594677444659244,53,70,0.30958469798239646,0.2927657362144944,0.27594677444659244,-0.011749377734425803,0.005069584033476238,0.021888545801378223,286,64,nan,nan,0,,False,True,ellow-ellow
p1333,ellow-radfar-az270,elmid-radnear-az000,0.46432775644098895,0.6967783785159748,0.7230465776628145,0.30958469798239646,0.35517090007794966,53,20,0.35517090007794966,0.33237779903017306,0.30958469798239646,0.10915685636303929,0.1319499574108159,0.1547430584585925,285,72,nan,nan,0,,True,True,ellow-elmid
p1334,ellow-radfar-az270,elmid-radnear-az045,0.47278429260006843,0.7042627701049874,0.7284621126920263,0.30958469798239646,0.3542262604718849,53,23,0.3542262604718849,0.33190547922714064,0.30958469798239646,0.11855803212818355,0.1408788133729278,0.16319959461767197,275,71,nan,nan,0,,True,True,ellow-elmid
p1335,ellow-radfar-az270,elmid-radnear-az090,0.46492793990288533,0.6934452151348469,0.7181372342725915,0.30958469798239646,0.3373441618464497,53,37,0.3373441618464497,0.3234644299144231,0.30958469798239646,0.12758377805643561,0.14146350998846224,0.15534324192048887,287,60,nan,nan,0,,True,True,ellow-elmid
p1336,ellow-radfar-az270,elmid-radnear-az135,0.45819907888464856,0.688380066800791,0.715157214688941,0.30958469798239646,0.34220636476623056,53,31,0.34220636476623056,0.3258955313743135,0.30958469798239646,0.115992714118418,0.13230354751033507,0.1486143809022521,279,56,nan,nan,0,,True,True,ellow-elmid
p1337,ellow-radfar-az270,elmid-radnear-az180,0.4616981054723792,0.6914460353243839,0.7200855167965271,0.30958469798239646,0.3511704098620124,53,25,0.3511704098620124,0.33037755392220447,0.30958469798239646,0.1105276956103668,0.13132055155017475,0.15211340748998275,281,65,nan,nan,0,,True,True,ellow-elmid
p1338,ellow-radfar-az270,elmid-radnear-az225,0.46964937452407696,0.6987542747325373,0.7251694702194615,0.30958469798239646,0.36478026048785717,53,17,0.36478026048785717,0.3371824792351268,0.30958469798239646,0.10486911403621979,0.13246689528895017,0.1600646765416805,283,70,nan,nan,0,,True,True,ellow-elmid
p1339,ellow-radfar-az270,elmid-radnear-az270,0.4692674021958104,0.697561283520339,0.7234749520822122,0.30958469798239646,0.3473214946568377,53,26,0.3473214946568377,0.32845309631961705,0.30958469798239646,0.12194590753897272,0.14081430587619337,0.15968270421341396,271,64,nan,nan,0,,True,True,ellow-elmid
p1340,ellow-radfar-az270,elmid-radnear-az315,0.46173934066464606,0.6939434202281478,0.7215110167891593,0.30958469798239646,0.3398194147983978,53,34,0.3398194147983978,0.3247020563903971,0.30958469798239646,0.12191992586624828,0.13703728427424894,0.1521546426822496,279,66,nan,nan,0,,True,True,ellow-elmid
p1341,ellow-radfar-az270,elmid-radmid-az000,0.48297513937324243,0.7196306477243948,0.7451413226555843,0.30958469798239646,0.40109184962731287,53,5,0.40109184962731287,0.35533827380485467,0.30958469798239646,0.08188328974592957,0.12763686556838777,0.17339044139084597,275,61,nan,nan,0,,True,True,ellow-elmid
p1342,ellow-radfar-az270,elmid-radmid-az045,0.4758257620336433,0.7098871150449658,0.7343179120857588,0.30958469798239646,0.41641372706811924,53,1,0.41641372706811924,0.36299921252525785,0.30958469798239646,0.05941203496552405,0.11282654950838544,0.16624106405124683,272,71,nan,nan,0,,True,True,ellow-elmid
p1343,ellow-radfar-az270,elmid-radmid-az090,0.4777159193238812,0.7109027723154157,0.7345648222225714,0.30958469798239646,0.39457841386323705,53,8,0.39457841386323705,0.35208155592281676,0.30958469798239646,0.08313750546064413,0.12563436340106443,0.16813122134148473,277,72,nan,nan,0,,True,True,ellow-elmid
p1344,ellow-radfar-az270,elmid-radmid-az135,0.4691637841128089,0.7023441271882823,0.7282937431221643,0.30958469798239646,0.3855787851950759,53,15,0.3855787851950759,0.34758174158873617,0.30958469798239646,0.08358499891773302,0.12158204252407273,0.15957908613041244,284,74,nan,nan,0,,True,True,ellow-elmid
p1345,ellow-radfar-az270,elmid-radmid-az180,0.48491026568813167,0.7147106301206573,0.7396182462434046,0.30958469798239646,0.3920347270865256,53,10,0.3920347270865256,0.350809712534461,0.30958469798239646,0.09287553860160608,0.13410055315367064,0.1753255677057352,286,61,nan,nan,0,,True,True,ellow-elmid
p1346,ellow-radfar-az270,elmid-radmid-az225,0.48236237669256676,0.7131405572680276,0.7383398934337075,0.30958469798239646,0.4035228167038699,53,2,0.4035228167038699,0.3565537573431332,0.30958469798239646,0.07883955998869685,0.12580861934943355,0.1727776787101703,288,68,nan,nan,0,,True,True,ellow-elmid
p1347,ellow-radfar-az270,elmid-radmid-az270,0.47253158800726,0.7088372695429542,0.734556013624406,0.30958469798239646,0.40315190191972006,53,3,0.40315190191972006,0.35636829995105823,0.30958469798239646,0.06937968608753992,0.11616328805620174,0.1629468900248635,275,63,nan,nan,0,,True,True,ellow-elmid
p1348,ellow-radfar-az270,elmid-radmid-az315,0.47228880596154793,0.7069739790055947,0.7343532875770588,0.30958469798239646,0.38855085122315813,53,13,0.38855085122315813,0.34906777460277727,0.30958469798239646,0.0837379547383898,0.12322103135877066,0.16270410797915147,283,66,nan,nan,0,,True,True,ellow-elmid
p1349,ellow-radfar-az270,elmid-radfar-az000,0.4725019190432961,0.7130841380576131,0.7417395672361071,0.30958469798239646,0.3883653697649618,53,14,0.3883653697649618,0.3489750338736791,0.30958469798239646,0.0841365492783343,0.12352688516961696,0.16291722106089962,286,65,nan,nan,0,,True,True,ellow-elmid
p1350,ellow-radfar-az270,elmid-radfar-az045,0.4724885772657261,0.7068923303439731,0.7342630596384511,0.30958469798239646,0.3904277067982496,53,12,0.3904277067982496,0.35000620239032304,0.30958469798239646,0.08206087046747645,0.12248237487540303,0.1629038792833296,276,72,nan,nan,0,,True,True,ellow-elmid
p1351,ellow-radfar-az270,elmid-radfar-az090,0.46782846990016086,0.6991094027814797,0.7266301506388063,0.30958469798239646,0.4031096513417022,53,4,0.4031096513417022,0.35634717466204935,0.30958469798239646,0.06471881855845868,0.11148129523811151,0.1582437719177644,276,73,nan,nan,0,,True,True,ellow-elmid
p1352,ellow-radfar-az270,elmid-radfar-az135,0.46268581303554623,0.70299753934718,0.7311029297737608,0.30958469798239646,0.3906639225147944,53,11,0.3906639225147944,0.35012431024859547,0.30958469798239646,0.07202189052075181,0.11256150278695076,0.15310111505314977,283,64,nan,nan,0,,True,True,ellow-elmid
p1353,ellow-radfar-az270,elmid-radfar-az180,0.47397201231682834,0.714354427549714,0.7407724407563455,0.30958469798239646,0.39775345373611054,53,7,0.39775345373611054,0.3536690758592535,0.30958469798239646,0.0762185585807178,0.12030293645757484,0.16438731433443188,288,64,nan,nan,0,,True,True,ellow-elmid
p1354,ellow-radfar-az270,elmid-radfar-az225,0.47519663098016635,0.7109831697702251,0.7373383557220567,0.30958469798239646,0.40094783670068784,53,6,0.40094783670068784,0.35526626734154215,0.30958469798239646,0.0742487942794785,0.1199303636386242,0.16561193299776988,270,72,nan,nan,0,,True,True,ellow-elmid
p1355,ellow-radfar-az270,elmid-radfar-az270,0.46941122625650633,0.7071256024288466,0.7344710680092216,0.30958469798239646,0.39259913412484276,53,9,0.39259913412484276,0.3510919160536196,0.30958469798239646,0.07681209213166357,0.11831931020288672,0.15982652827410987,282,70,nan,nan,0,,True,True,ellow-elmid
p1356,ellow-radfar-az270,elmid-radfar-az315,0.4651342994969683,0.7041254407378058,0.7325808136130085,0.30958469798239646,0.38032179073567957,53,16,0.38032179073567957,0.344953244359038,0.30958469798239646,0.08481250876128871,0.12018105513793026,0.1555496015145718,285,67,nan,nan,0,,True,True,ellow-elmid
p1357,ellow-radfar-az270,elhigh-radnear-az000,0.46068526893689027,0.6958820119511853,0.7231111464895903,0.30958469798239646,0.3287976256874326,53,48,0.3287976256874326,0.3191911618349145,0.30958469798239646,0.13188764324945768,0.14149410710197574,0.1511005709544938,278,66,nan,nan,0,,True,True,elhigh-ellow
p1358,ellow-radfar-az270,elhigh-radnear-az045,0.4785487778366779,0.7047778961943335,0.7282050834635952,0.30958469798239646,0.3372504425742561,53,38,0.3372504425742561,0.3234175702783263,0.30958469798239646,0.14129833526242175,0.15513120755835158,0.1689640798542814,289,66,nan,nan,0,,True,True,elhigh-ellow
p1359,ellow-radfar-az270,elhigh-radnear-az090,0.4525726879074376,0.6885237266149108,0.7153692986702825,0.30958469798239646,0.3417464009985519,53,32,0.3417464009985519,0.3256655494904742,0.30958469798239646,0.11082628690888569,0.12690713841696338,0.14298798992504114,278,72,nan,nan,0,,True,True,elhigh-ellow
p1360,ellow-radfar-az270,elhigh-radnear-az135,0.4605489512595489,0.69079816580579,0.7166912697263731,0.30958469798239646,0.3320552452601486,53,46,0.3320552452601486,0.3208199716212725,0.30958469798239646,0.1284937059994003,0.1397289796382764,0.15096425327715246,274,72,nan,nan,0,,True,True,elhigh-ellow
p1361,ellow-radfar-az270,elhigh-radnear-az180,0.4622718113449765,0.6973728972540753,0.7240173665176409,0.30958469798239646,0.3395650145085634,53,35,0.3395650145085634,0.32457485624547994,0.30958469798239646,0.12270679683641311,0.1376969550994966,0.15268711336258006,283,64,nan,nan,0,,True,True,elhigh-ellow
p1362,ellow-radfar-az270,elhigh-radnear-az225,0.46733468268640016,0.6986079297242394,0.723852840078509,0.30958469798239646,0.3440784937220457,53,28,0.3440784937220457,0.3268315958522211,0.30958469798239646,0.12325618896435447,0.14050308683417906,0.1577499847040037,268,74,nan,nan,0,,True,True,elhigh-ellow
p1363,ellow-radfar-az270,elhigh-radnear-az270,0.45216227733035286,0.6923322833625583,0.720712975413981,0.30958469798239646,0.3216859159930162,53,49,0.3216859159930162,0.31563530698770637,0.30958469798239646,0.13047636133733664,0.1365269703426465,0.1425775793479564,280,68,nan,nan,0,,True,True,elhigh-ellow
p1364,ellow-radfar-az270,elhigh-radnear-az315,0.45386118052465113,0.688359865620015,0.7178329371956459,0.30958469798239646,0.3361849875189326,53,41,0.3361849875189326,0.32288484275066454,0.30958469798239646,0.11767619300571852,0.1309763377739866,0.14427648254225467,277,72,nan,nan,0,,True,True,elhigh-ellow
p1365,ellow-radfar-az270,elhigh-radmid-az000,0.465991339189972,0.7034107157239328,0.7318313790912264,0.30958469798239646,0.3459669579749205,53,27,0.3459669579749205,0.32777582797865845,0.30958469798239646,0.12002438121505149,0.13821551121131354,0.15640664120757553,274,61,nan,nan,0,,True,True,elhigh-ellow
p1366,ellow-radfar-az270,elhigh-radmid-az045,0.47316150781381244,0.7033752878085494,0.7283214694167355,0.30958469798239646,0.35969234721512794,53,18,0.35969234721512794,0.3346385225987622,0.30958469798239646,0.1134691605986845,0.13852298521505024,0.16357680983141598,284,64,nan,nan,0,,True,True,elhigh-ellow
p1367,ellow-radfar-az270,elhigh-radmid-az090,0.466262966007787,0.6983378402789482,0.7258265887289602,0.30958469798239646,0.3545783681398182,53,21,0.3545783681398182,0.3320815330611073,0.30958469798239646,0.1116845978679688,0.13418143294667967,0.15667826802539053,278,66,nan,nan,0,,True,True,elhigh-ellow
p1368,ellow-radfar-az270,elhigh-radmid-az135,0.46531481927732327,0.6985889681463632,0.7253446318056638,0.30958469798239646,0.3434079473811069,53,30,0.3434079473811069,0.32649632268175166,0.30958469798239646,0.12190687189621635,0.1388184965955716,0.1557301212949268,278,70,nan,nan,0,,True,True,elhigh-ellow
p1369,ellow-radfar-az270,elhigh-radmid-az180,0.48057073365585273,0.7078982658861243,0.7347092320202365,0.30958469798239646,0.35560303382831304,53,19,0.35560303382831304,0.3325938659053548,0.30958469798239646,0.12496769982753969,0.14797686775049795,0.17098603567345627,273,75,nan,nan,0,,True,True,elhigh-ellow
p1370,ellow-radfar-az270,elhigh-radmid-az225,0.4758189041838354,0.7068375922535937,0.734003500496137,0.30958469798239646,0.33765850732244423,53,36,0.33765850732244423,0.32362160265242035,0.30958469798239646,0.13816039686139114,0.15219730153141503,0.16623420620143892,267,75,nan,nan,0,,True,True,elhigh-ellow
p1371,ellow-radfar-az270,elhigh-radmid-az270,0.4653884323162812,0.6991366859076559,0.7259197617438405,0.30958469798239646,0.33467761382312017,53,43,0.33467761382312017,0.3221311559027583,0.30958469798239646,0.13071081849316102,0.14325727641352287,0.15580373433388472,284,67,nan,nan,0,,True,True,elhigh-ellow
p1372,ellow-radfar-az270,elhigh-radmid-az315,0.460854924483243,0.6986719593646097,0.7260901352143772,0.30958469798239646,0.3357774895562401,53,42,0.3357774895562401,0.3226810937693183,0.30958469798239646,0.1250774349270029,0.1381738307139247,0.15127022650084654,287,67,nan,nan,0,,True,True,elhigh-ellow
p1373,ellow-radfar-az270,elhigh-radfar-az000,0.4650002912033073,0.7061994099716107,0.7348912013605183,0.30958469798239646,0.33999633482078295,53,33,0.33999633482078295,0.32479051640158974,0.30958469798239646,0.12500395638252437,0.1402097748017176,0.15541559322091086,291,58,nan,nan,0,,True,True,elhigh-ellow
p1374,ellow-radfar-az270,elhigh-radfar-az045,0.48207177164475945,0.714592053570692,0.739348735970943,0.30958469798239646,0.3517406582248309,53,24,0.3517406582248309,0.3306626781036137,0.30958469798239646,0.13033111341992853,0.15140909354114573,0.172487073662363,260,79,nan,nan,0,,True,True,elhigh-ellow
p1375,ellow-radfar-az270,elhigh-radfar-az090,0.4682297367684558,0.704691887314407,0.7312065689444225,0.30958469798239646,0.33715840306367034,53,39,0.33715840306367034,0.3233715505230334,0.30958469798239646,0.13107133370478546,0.1448581862454224,0.15864503878605934,284,65,nan,nan,0,,True,True,elhigh-ellow
p1376,ellow-radfar-az270,elhigh-radfar-az135,0.4642104049996137,0.7008715754461052,0.7273326033931107,0.30958469798239646,0.35443982782283306,53,22,0.35443982782283306,0.33201226290261476,0.30958469798239646,0.10977057717678063,0.13219814209699893,0.15462570701721723,290,63,nan,nan,0,,True,True,elhigh-ellow
p1377,ellow-radfar-az270,elhigh-radfar-az180,0.47310113793663616,0.7077542910825039,0.7334183105713604,0.30958469798239646,0.3435612602938729,53,29,0.3435612602938729,0.32657297913813466,0.30958469798239646,0.12953987764276326,0.1465281587985015,0.1635164399542397,284,69,nan,nan,0,,True,True,elhigh-ellow
p1378,ellow-radfar-az270,elhigh-radfar-az225,0.47403854088197767,0.7093498109341264,0.7360409518319928,0.30958469798239646,0.3330930922222578,53,45,0.3330930922222578,0.32133889510232716,0.30958469798239646,0.14094544865971986,0.1526996457796505,0.1644538428995812,287,64,nan,nan,0,,True,True,elhigh-ellow
p1379,ellow-radfar-az270,elhigh-radfar-az270,0.4606421049128911,0.6994799225760212,0.7286448427674473,0.30958469798239646,0.3342499000230558,53,44,0.3342499000230558,0.32191729900272614,0.30958469798239646,0.12639220488983527,0.13872480591016495,0.15105740693049463,281,67,nan,nan,0,,True,True,elhigh-ellow
p1380,ellow-radfar-az270,elhigh-radfar-az315,0.4570915396132742,0.6991312498226567,0.7293260690367603,0.30958469798239646,0.3370014455332844,53,40,0.3370014455332844,0.32329307175784044,0.30958469798239646,0.12009009407998977,0.13379846785543376,0.14750684163087774,281,67,nan,nan,0,,True,True,elhigh-ellow
p1381,ellow-radfar-az315,elmid-radnear-az000,0.46622641405712145,0.7005230078700134,0.7262588593393856,0.27594677444659244,0.35517090007794966,70,20,0.35517090007794966,0.3155588372622711,0.27594677444659244,0.1110555139791718,0.15066757679485038,0.19027963961052902,297,64,nan,nan,0,,True,True,ellow-elmid
p1382,ellow-radfar-az315,elmid-radnear-az045,0.4725563395882949,0.7022165486382459,0.7277377396777265,0.27594677444659244,0.3542262604718849,70,23,0.3542262604718849,0.31508651745923866,0.27594677444659244,0.11833007911641003,0.15746982212905625,0.19660956514170247,287,63,nan,nan,0,,True,True,ellow-elmid
p1383,ellow-radfar-az315,elmid-radnear-az090,0.4718338041298311,0.7037482026514047,0.7287541753390774,0.27594677444659244,0.3373441618464497,70,37,0.3373441618464497,0.30664546814652105,0.27594677444659244,0.1344896422833814,0.16518833598331006,0.19588702968323868,299,52,nan,nan,0,,True,True,ellow-elmid
p1384,ellow-radfar-az315,elmid-radnear-az135,0.4632786240291058,0.6881358389693834,0.7142918245920215,0.27594677444659244,0.34220636476623056,70,31,0.34220636476623056,0.3090765696064115,0.27594677444659244,0.12107225926287524,0.1542020544226943,0.18733184958251337,291,48,nan,nan,0,,True,True,ellow-elmid
p1385,ellow-radfar-az315,elmid-radnear-az180,0.4650424521161696,0.6951903844032046,0.7216541522418142,0.27594677444659244,0.3511704098620124,70,25,0.3511704098620124,0.31355859215430243,0.27594677444659244,0.1138720422541572,0.1514838599618672,0.1890956776695772,293,57,nan,nan,0,,True,True,ellow-elmid
p1386,ellow-radfar-az315,elmid-radnear-az225,0.4729978447863168,0.7041935626052361,0.7293985953084211,0.27594677444659244,0.36478026048785717,70,17,0.36478026048785717,0.3203635174672248,0.27594677444659244,0.10821758429845962,0.152634327319092,0.19705107033972435,295,62,nan,nan,0,,True,True,ellow-elmid
p1387,ellow-radfar-az315,elmid-radnear-az270,0.4629725150052779,0.6918775630437972,0.7193154740285232,0.27594677444659244,0.3473214946568377,70,26,0.3473214946568377,0.31163413455171507,0.27594677444659244,0.11565102034844021,0.15133838045356285,0.18702574055868548,283,56,nan,nan,0,,True,True,ellow-elmid
p1388,ellow-radfar-az315,elmid-radnear-az315,0.4583010356266574,0.6951157856543598,0.7221768422512038,0.27594677444659244,0.3398194147983978,70,34,0.3398194147983978,0.3078830946224951,0.27594677444659244,0.11848162082825964,0.15041794100416234,0.18235426118006498,291,58,nan,nan,0,,True,True,ellow-elmid
p1389,ellow-radfar-az315,elmid-radmid-az000,0.47586430076964453,0.7169673585534729,0.7413477510729811,0.27594677444659244,0.40109184962731287,70,5,0.40109184962731287,0.3385193120369526,0.27594677444659244,0.07477245114233166,0.1373449887326919,0.1999175263230521,287,53,nan,nan,0,,True,True,ellow-elmid
p1390,ellow-radfar-az315,elmid-radmid-az045,0.48787164318521764,0.7223837913876855,0.7455223302056944,0.27594677444659244,0.41641372706811924,70,1,0.41641372706811924,0.3461802507573558,0.27594677444659244,0.0714579161170984,0.14169139242786183,0.2119248687386252,284,63,nan,nan,0,,True,True,ellow-elmid
p1391,ellow-radfar-az315,elmid-radmid-az090,0.4829512470027616,0.7098679567905333,0.7349732547058279,0.27594677444659244,0.39457841386323705,70,8,0.39457841386323705,0.3352625941549148,0.27594677444659244,0.08837283313952454,0.14768865284784682,0.20700447255616916,289,64,nan,nan,0,,True,True,ellow-elmid
p1392,ellow-radfar-az315,elmid-radmid-az135,0.46501802302612555,0.7029177310297267,0.7299063900018516,0.27594677444659244,0.3855787851950759,70,15,0.3855787851950759,0.33076277982083413,0.27594677444659244,0.07943923783104967,0.13425524320529142,0.1890712485795331,296,66,nan,nan,0,,True,True,ellow-elmid
p1393,ellow-radfar-az315,elmid-radmid-az180,0.4761905131460798,0.7127051156408488,0.7374262693231994,0.27594677444659244,0.3920347270865256,70,10,0.3920347270865256,0.33399075076655904,0.27594677444659244,0.0841557860595542,0.14219976237952076,0.20024373869948736,298,53,nan,nan,0,,True,True,ellow-elmid
p1394,ellow-radfar-az315,elmid-radmid-az225,0.48682461785305126,0.7220304146365665,0.7451111213009236,0.27594677444659244,0.4035228167038699,70,2,0.4035228167038699,0.3397347955752312,0.27594677444659244,0.08330180114918134,0.14708982227782008,0.21087784340645882,300,60,nan,nan,0,,True,True,ellow-elmid
p1395,ellow-radfar-az315,elmid-radmid-az270,0.47608842494178055,0.7115650868936996,0.7349668071020656,0.27594677444659244,0.40315190191972006,70,3,0.40315190191972006,0.33954933818315625,0.27594677444659244,0.0729365230220605,0.1365390867586243,0.20014165049518812,287,55,nan,nan,0,,True,True,ellow-elmid
p1396,ellow-radfar-az315,elmid-radmid-az315,0.465718369880381,0.6994637669469856,0.727276074398712,0.27594677444659244,0.38855085122315813,70,13,0.38855085122315813,0.3322488128348753,0.27594677444659244,0.07716751865722288,0.13346955704550573,0.18977159543378858,295,58,nan,nan,0,,True,True,ellow-elmid
p1397,ellow-radfar-az315,elmid-radfar-az000,0.4638749624476448,0.7040617536326568,0.7329309556086233,0.27594677444659244,0.3883653697649618,70,14,0.3883653697649618,0.33215607210577713,0.27594677444659244,0.07550959268268304,0.13171889034186768,0.18792818800105238,298,57,nan,nan,0,,True,True,ellow-elmid
p1398,ellow-radfar-az315,elmid-radfar-az045,0.4780738047863191,0.7117840127101283,0.7383749153935957,0.27594677444659244,0.3904277067982496,70,12,0.3904277067982496,0.333187240622421,0.27594677444659244,0.0876460979880695,0.1448865641638981,0.20212703033972668,288,64,nan,nan,0,,True,True,ellow-elmid
p1399,ellow-radfar-az315,elmid-radfar-az090,0.47160096405535196,0.7001970120277289,0.7280477985998459,0.27594677444659244,0.4031096513417022,70,4,0.4031096513417022,0.3395282128941473,0.27594677444659244,0.06849131271364978,0.13207275116120465,0.19565418960875952,288,65,nan,nan,0,,True,True,ellow-elmid
p1400,ellow-radfar-az315,elmid-radfar-az135,0.46059887371536135,0.6999388704284166,0.729415486036656,0.27594677444659244,0.3906639225147944,70,11,0.3906639225147944,0.33330534848069343,0.27594677444659244,0.06993495120056692,0.12729352523466791,0.1846520992687689,295,56,nan,nan,0,,True,True,ellow-elmid
p1401,ellow-radfar-az315,elmid-radfar-az180,0.4708910420541241,0.7115112528744798,0.73888570268438,0.27594677444659244,0.39775345373611054,70,7,0.39775345373611054,0.33685011409135146,0.27594677444659244,0.07313758831801354,0.13404092796277262,0.19494426760753164,300,56,nan,nan,0,,True,True,ellow-elmid
p1402,ellow-radfar-az315,elmid-radfar-az225,0.473174591080655,0.7084481937585643,0.7365792108732444,0.27594677444659244,0.40094783670068784,70,6,0.40094783670068784,0.3384473055736401,0.27594677444659244,0.07222675437996717,0.1347272855070149,0.19722781663406258,282,64,nan,nan,0,,True,True,ellow-elmid
p1403,ellow-radfar-az315,elmid-radfar-az270,0.46653937756549957,0.70765498078488,0.7368483683741514,0.27594677444659244,0.39259913412484276,70,9,0.39259913412484276,0.33427295428571757,0.27594677444659244,0.0739402434406568,0.132266423279782,0.19059260311890713,294,62,nan,nan,0,,True,True,ellow-elmid
p1404,ellow-radfar-az315,elmid-radfar-az315,0.46281470871243496,0.7000381245155302,0.7268717247822721,0.27594677444659244,0.38032179073567957,70,16,0.38032179073567957,0.328134282591136,0.27594677444659244,0.0824929179767554,0.134680426121299,0.18686793426584253,297,59,nan,nan,0,,True,True,ellow-elmid
p1405,ellow-radfar-az315,elhigh-radnear-az000,0.4591860849215079,0.6906708177043547,0.7177012374481407,0.27594677444659244,0.3287976256874326,70,48,0.3287976256874326,0.3023722000670125,0.27594677444659244,0.13038845923407533,0.15681388485449543,0.18323931047491548,290,58,nan,nan,0,,True,True,elhigh-ellow
p1406,ellow-radfar-az315,elhigh-radnear-az045,0.4662581295237624,0.6992623296991768,0.7228882916501259,0.27594677444659244,0.3372504425742561,70,38,0.3372504425742561,0.3065986085104243,0.27594677444659244,0.12900768694950626,0.15965952101333808,0.19031135507716995,301,58,nan,nan,0,,True,True,elhigh-ellow
p1407,ellow-radfar-az315,elhigh-radnear-az090,0.45289328432276693,0.6858568477083463,0.7127569273783215,0.27594677444659244,0.3417464009985519,70,32,0.3417464009985519,0.3088465877225722,0.27594677444659244,0.11114688332421502,0.14404669660019476,0.1769465098761745,290,64,nan,nan,0,,True,True,elhigh-ellow
p1408,ellow-radfar-az315,elhigh-radnear-az135,0.4562006324057686,0.6877043554626822,0.715621661472008,0.27594677444659244,0.3320552452601486,70,46,0.3320552452601486,0.30400100985337053,0.27594677444659244,0.12414538714561996,0.15219962255239805,0.18025385795917614,286,64,nan,nan,0,,True,True,elhigh-ellow
p1409,ellow-radfar-az315,elhigh-radnear-az180,0.46391176936669365,0.6915001613513844,0.7182001206772766,0.27594677444659244,0.3395650145085634,70,35,0.3395650145085634,0.3077558944775779,0.27594677444659244,0.12434675485813024,0.15615587488911575,0.1879649949201012,295,56,nan,nan,0,,True,True,elhigh-ellow
p1410,ellow-radfar-az315,elhigh-radnear-az225,0.4649592106939981,0.6994423040309687,0.7248746616363947,0.27594677444659244,0.3440784937220457,70,28,0.3440784937220457,0.31001263408431906,0.27594677444659244,0.1208807169719524,0.15494657660967903,0.18901243624740566,280,66,nan,nan,0,,True,True,elhigh-ellow
p1411,ellow-radfar-az315,elhigh-radnear-az270,0.44821819996602935,0.6907462612105619,0.7205236984220812,0.27594677444659244,0.3216859159930162,70,49,0.3216859159930162,0.2988163452198043,0.27594677444659244,0.12653228397301314,0.14940185474622503,0.17227142551943692,292,60,nan,nan,0,,True,True,elhigh-ellow
p1412,ellow-radfar-az315,elhigh-radnear-az315,0.4541227397966439,0.6932735512008582,0.7206538924953599,0.27594677444659244,0.3361849875189326,70,41,0.3361849875189326,0.30606588098276255,0.27594677444659244,0.1179377522777113,0.14805685881388136,0.17817596535005148,289,64,nan,nan,0,,True,True,elhigh-ellow
p1413,ellow-radfar-az315,elhigh-radmid-az000,0.4704490371598007,0.699923690780755,0.7286208388760244,0.27594677444659244,0.3459669579749205,70,27,0.3459669579749205,0.31095686621075647,0.27594677444659244,0.12448207918488019,0.15949217094904422,0.19450226271320825,286,53,nan,nan,0,,True,True,elhigh-ellow
p1414,ellow-radfar-az315,elhigh-radmid-az045,0.47218085909262786,0.7074687699776094,0.7317766862514421,0.27594677444659244,0.35969234721512794,70,18,0.35969234721512794,0.31781956083086016,0.27594677444659244,0.11248851187749992,0.1543612982617677,0.19623408464603542,296,56,nan,nan,0,,True,True,elhigh-ellow
p1415,ellow-radfar-az315,elhigh-radmid-az090,0.47218622655480286,0.7021763634939544,0.728457955372969,0.27594677444659244,0.3545783681398182,70,21,0.3545783681398182,0.31526257129320534,0.27594677444659244,0.11760785841498467,0.15692365526159752,0.19623945210821042,290,58,nan,nan,0,,True,True,elhigh-ellow
p1416,ellow-radfar-az315,elhigh-radmid-az135,0.46473513064031957,0.7010358564400675,0.7281599457657152,0.27594677444659244,0.3434079473811069,70,30,0.3434079473811069,0.3096773609138497,0.27594677444659244,0.12132718325921266,0.1550577697264699,0.18878835619372714,290,62,nan,nan,0,,True,True,elhigh-ellow
p1417,ellow-radfar-az315,elhigh-radmid-az180,0.4697441128376881,0.698275670376277,0.7265892296235331,0.27594677444659244,0.35560303382831304,70,19,0.35560303382831304,0.31577490413745274,0.27594677444659244,0.11414107900937503,0.15396920870023534,0.19379733839109564,285,67,nan,nan,0,,True,True,elhigh-ellow
p1418,ellow-radfar-az315,elhigh-radmid-az225,0.479203297535584,0.7098782126726206,0.7351900791318465,0.27594677444659244,0.33765850732244423,70,36,0.33765850732244423,0.30680264088451836,0.27594677444659244,0.14154479021313976,0.17240065665106563,0.20325652308899156,279,67,nan,nan,0,,True,True,elhigh-ellow
p1419,ellow-radfar-az315,elhigh-radmid-az270,0.47184672448734694,0.700140110889537,0.7277735543074195,0.27594677444659244,0.33467761382312017,70,43,0.33467761382312017,0.30531219413485633,0.27594677444659244,0.13716911066422677,0.1665345303524906,0.1958999500407545,296,59,nan,nan,0,,True,True,elhigh-ellow
p1420,ellow-radfar-az315,elhigh-radmid-az315,0.44922540442615877,0.6887019187864196,0.7173478449961866,0.27594677444659244,0.3357774895562401,70,42,0.3357774895562401,0.30586213200141626,0.27594677444659244,0.11344791486991868,0.1433632724247425,0.17327862997956633,299,59,nan,nan,0,,True,True,elhigh-ellow
p1421,ellow-radfar-az315,elhigh-radfar-az000,0.4648623184035926,0.706117231513558,0.7315628551747364,0.27594677444659244,0.33999633482078295,70,33,0.33999633482078295,0.3079715546336877,0.27594677444659244,0.12486598358280965,0.1568907637699049,0.18891554395700016,303,50,nan,nan,0,,True,True,elhigh-ellow
p1422,ellow-radfar-az315,elhigh-radfar-az045,0.4755006239609546,0.7125008602543282,0.7389291689665927,0.27594677444659244,0.3517406582248309,70,24,0.3517406582248309,0.3138437163357117,0.27594677444659244,0.12375996573612369,0.16165690762524293,0.19955384951436217,272,71,nan,nan,0,,True,True,elhigh-ellow
p1423,ellow-radfar-az315,elhigh-radfar-az090,0.4644386791356433,0.6962663126333629,0.7275800193091628,0.27594677444659244,0.33715840306367034,70,39,0.33715840306367034,0.30655258875513136,0.27594677444659244,0.12728027607197295,0.15788609038051193,0.18849190468905086,296,57,nan,nan,0,,True,True,elhigh-ellow
p1424,ellow-radfar-az315,elhigh-radfar-az135,0.452336339365387,0.6896177282394659,0.7199465003132466,0.27594677444659244,0.35443982782283306,70,22,0.35443982782283306,0.3151933011347128,0.27594677444659244,0.09789651154255391,0.1371430382306742,0.17638956491879454,302,55,nan,nan,0,,True,True,elhigh-ellow
p1425,ellow-radfar-az315,elhigh-radfar-az180,0.470636471036756,0.7048813377444184,0.7345534583238311,0.27594677444659244,0.3435612602938729,70,29,0.3435612602938729,0.30975401737023267,0.27594677444659244,0.12707521074288308,0.16088245366652332,0.19468969659016355,296,61,nan,nan,0,,True,True,elhigh-ellow
p1426,ellow-radfar-az315,elhigh-radfar-az225,0.4819805996845797,0.7125137660519472,0.7387268282494743,0.27594677444659244,0.3330930922222578,70,45,0.3330930922222578,0.3045199333344251,0.27594677444659244,0.14888750746232188,0.17746066635015456,0.20603382523798724,299,56,nan,nan,0,,True,True,elhigh-ellow
p1427,ellow-radfar-az315,elhigh-radfar-az270,0.46004605350695155,0.6919786391587222,0.7229492712204504,0.27594677444659244,0.3342499000230558,70,44,0.3342499000230558,0.30509833723482416,0.27594677444659244,0.12579615348389572,0.1549477162721274,0.1840992790603591,293,59,nan,nan,0,,True,True,elhigh-ellow
p1428,ellow-radfar-az315,elhigh-radfar-az315,0.45258586603864515,0.6939726756866325,0.725448714211066,0.27594677444659244,0.3370014455332844,70,40,0.3370014455332844,0.3064741099899384,0.27594677444659244,0.11558442050536072,0.14611175604870674,0.1766390915920527,293,59,nan,nan,0,,True,True,elhigh-ellow
p1429,elmid-radnear-az000,elmid-radnear-az045,0.36841581268771356,0.5456282881949569,0.5681804962110072,0.35517090007794966,0.3542262604718849,20,23,0.35517090007794966,0.3546985802749173,0.3542262604718849,0.013244912609763904,0.013717232412796265,0.014189552215828682,286,71,nan,nan,0,,True,True,elmid-elmid
p1430,elmid-radnear-az000,elmid-radnear-az090,0.3751650146444058,0.5505968105051814,0.570925723515021,0.35517090007794966,0.3373441618464497,20,37,0.35517090007794966,0.3462575309621997,0.3373441618464497,0.019994114566456167,0.028907483682206137,0.037820852797956106,298,60,nan,nan,0,,True,True,elmid-elmid
p1431,elmid-radnear-az000,elmid-radnear-az135,0.37660589334512,0.541284622443026,0.5653839684916608,0.35517090007794966,0.34220636476623056,20,31,0.35517090007794966,0.34868863242209014,0.34220636476623056,0.021434993267170355,0.027917260923029874,0.03439952857888945,290,56,nan,nan,0,,True,True,elmid-elmid
p1432,elmid-radnear-az000,elmid-radnear-az180,0.36382211680209836,0.5375590171786996,0.5628091715395963,0.35517090007794966,0.3511704098620124,20,25,0.35517090007794966,0.353170654969981,0.3511704098620124,0.008651216724148703,0.010651461832117348,0.012651706940085938,292,65,nan,nan,0,,True,True,elmid-elmid
p1433,elmid-radnear-az000,elmid-radnear-az225,0.37292325047489655,0.5472105175990081,0.572375171878863,0.35517090007794966,0.36478026048785717,20,17,0.36478026048785717,0.35997558028290344,0.35517090007794966,0.008142989987039384,0.01294767019199311,0.017752350396946892,294,70,nan,nan,0,,True,True,elmid-elmid
p1434,elmid-radnear-az000,elmid-radnear-az270,0.3726187694108765,0.5392154742973225,0.5605824251844719,0.35517090007794966,0.3473214946568377,20,26,0.35517090007794966,0.3512461973673937,0.3473214946568377,0.017447869332926857,0.021372572043482807,0.025297274754038812,282,64,nan,nan,0,,True,True,elmid-elmid
p1435,elmid-radnear-az000,elmid-radnear-az315,0.36379470059713087,0.5275554055403339,0.5493748554147413,0.35517090007794966,0.3398194147983978,20,34,0.35517090007794966,0.3474951574381737,0.3398194147983978,0.008623800519181213,0.016299543158957153,0.023975285798733093,290,66,nan,nan,0,,True,True,elmid-elmid
p1436,elmid-radnear-az000,elmid-radmid-az000,0.4117989325227838,0.6113370243659916,0.6421042303981604,0.35517090007794966,0.40109184962731287,20,5,0.40109184962731287,0.37813137485263126,0.35517090007794966,0.010707082895470954,0.03366755767015256,0.056628032444834164,286,61,nan,nan,0,,True,True,elmid-elmid
p1437,elmid-radnear-az000,elmid-radmid-az045,0.41419812172101145,0.60324669916411,0.6281194962308619,0.35517090007794966,0.41641372706811924,20,1,0.41641372706811924,0.38579231357303445,0.35517090007794966,-0.0022156053471077963,0.028405808147976996,0.05902722164306179,283,71,nan,nan,0,,False,True,elmid-elmid
p1438,elmid-radnear-az000,elmid-radmid-az090,0.41319898821479967,0.6004596895854137,0.6255566554208524,0.35517090007794966,0.39457841386323705,20,8,0.39457841386323705,0.37487465697059336,0.35517090007794966,0.018620574351562613,0.03832433124420631,0.05802808813685001,288,72,nan,nan,0,,True,True,elmid-elmid
p1439,elmid-radnear-az000,elmid-radmid-az135,0.4084387113393564,0.5989655089038569,0.6275244021280489,0.35517090007794966,0.3855787851950759,20,15,0.3855787851950759,0.37037484263651277,0.35517090007794966,0.022859926144280507,0.03806386870284362,0.05326781126140673,295,74,nan,nan,0,,True,True,elmid-elmid
p1440,elmid-radnear-az000,elmid-radmid-az180,0.41359495529203893,0.5974366280651244,0.6218118833795947,0.35517090007794966,0.3920347270865256,20,10,0.3920347270865256,0.3736028135822376,0.35517090007794966,0.021560228205513343,0.03999214170980131,0.05842405521408928,297,61,nan,nan,0,,True,True,elmid-elmid
p1441,elmid-radnear-az000,elmid-radmid-az225,0.42957232347646096,0.6338387170611849,0.666100478122333,0.35517090007794966,0.4035228167038699,20,2,0.4035228167038699,0.37934685839090976,0.35517090007794966,0.026049506772591047,0.0502254650855512,0.0744014233985113,299,68,nan,nan,0,,True,True,elmid-elmid
p1442,elmid-radnear-az000,elmid-radmid-az270,0.4096562348540879,0.5989288125657671,0.6275763742390532,0.35517090007794966,0.40315190191972006,20,3,0.40315190191972006,0.3791614009988349,0.35517090007794966,0.006504332934367862,0.030494833855253034,0.05448533477613826,286,63,nan,nan,0,,True,True,elmid-elmid
p1443,elmid-radnear-az000,elmid-radmid-az315,0.4129379895807113,0.6069787775228386,0.6374109845383779,0.35517090007794966,0.38855085122315813,20,13,0.38855085122315813,0.3718608756505539,0.35517090007794966,0.024387138357553184,0.041077113930157394,0.05776708950276166,294,66,nan,nan,0,,True,True,elmid-elmid
p1444,elmid-radnear-az000,elmid-radfar-az000,0.41051575622009023,0.6192635845456052,0.6581221531168046,0.35517090007794966,0.3883653697649618,20,14,0.3883653697649618,0.3717681349214557,0.35517090007794966,0.022150386455128457,0.038747621298634516,0.055344856142140575,297,65,nan,nan,0,,True,True,elmid-elmid
p1445,elmid-radnear-az000,elmid-radfar-az045,0.4238411824631625,0.6286949479649251,0.6624868376672859,0.35517090007794966,0.3904277067982496,20,12,0.3904277067982496,0.37279930343809964,0.35517090007794966,0.03341347566491287,0.05104187902506285,0.06867028238521283,287,72,nan,nan,0,,True,True,elmid-elmid
p1446,elmid-radnear-az000,elmid-radfar-az090,0.43096676347711665,0.6382727214255012,0.6724138586104254,0.35517090007794966,0.4031096513417022,20,4,0.4031096513417022,0.3791402757098259,0.35517090007794966,0.027857112135414475,0.05182648776729076,0.075795863399167,287,73,nan,nan,0,,True,True,elmid-elmid
p1447,elmid-radnear-az000,elmid-radfar-az135,0.4294197160259526,0.6332301968722907,0.6640460017078471,0.35517090007794966,0.3906639225147944,20,11,0.3906639225147944,0.372917411296372,0.35517090007794966,0.038755793511158154,0.056502304729580566,0.07424881594800292,294,64,nan,nan,0,,True,True,elmid-elmid
p1448,elmid-radnear-az000,elmid-radfar-az180,0.42249554434205683,0.6219814827336765,0.6580489387190144,0.35517090007794966,0.39775345373611054,20,7,0.39775345373611054,0.3764621769070301,0.35517090007794966,0.024742090605946288,0.04603336743502673,0.06732464426410717,299,64,nan,nan,0,,True,True,elmid-elmid
p1449,elmid-radnear-az000,elmid-radfar-az225,0.4339785465925134,0.6426364112366579,0.6759766432972552,0.35517090007794966,0.40094783670068784,20,6,0.40094783670068784,0.37805936838931875,0.35517090007794966,0.03303070989182555,0.05591917820319464,0.07880764651456373,281,72,nan,nan,0,,True,True,elmid-elmid
p1450,elmid-radnear-az000,elmid-radfar-az270,0.41481180214382285,0.6233245349633926,0.6599688250760346,0.35517090007794966,0.39259913412484276,20,9,0.39259913412484276,0.3738850171013962,0.35517090007794966,0.022212668018980086,0.04092678504242664,0.05964090206587319,293,70,nan,nan,0,,True,True,elmid-elmid
p1451,elmid-radnear-az000,elmid-radfar-az315,0.4199419131008404,0.6322117288061297,0.6675636197139565,0.35517090007794966,0.38032179073567957,20,16,0.38032179073567957,0.3677463454068146,0.35517090007794966,0.039620122365160826,0.05219556769402578,0.06477101302289073,296,67,nan,nan,0,,True,True,elmid-elmid
p1452,elmid-radnear-az000,elhigh-radnear-az000,0.35111997550830143,0.5257479427088944,0.5495996415866772,0.35517090007794966,0.3287976256874326,20,48,0.35517090007794966,0.3419842628826911,0.3287976256874326,-0.004050924569648229,0.009135712625610304,0.022322349820868836,289,66,nan,nan,0,,False,True,elhigh-elmid
p1453,elmid-radnear-az000,elhigh-radnear-az045,0.36071959163946365,0.532478363528172,0.5553146709149833,0.35517090007794966,0.3372504425742561,20,38,0.35517090007794966,0.3462106713261029,0.3372504425742561,0.0055486915615139965,0.014508920313360762,0.02346914906520753,300,66,nan,nan,0,,True,True,elhigh-elmid
p1454,elmid-radnear-az000,elhigh-radnear-az090,0.3623784279319805,0.5343840313460518,0.55997389105293,0.35517090007794966,0.3417464009985519,20,32,0.35517090007794966,0.34845865053825076,0.3417464009985519,0.007207527854030837,0.013919777393729738,0.020632026933428582,289,72,nan,nan,0,,True,True,elhigh-elmid
p1455,elmid-radnear-az000,elhigh-radnear-az135,0.37355578974937165,0.5458862294201448,0.5738961328647857,0.35517090007794966,0.3320552452601486,20,46,0.35517090007794966,0.34361307266904917,0.3320552452601486,0.01838488967142199,0.02994271708032248,0.041500544489223024,285,72,nan,nan,0,,True,True,elhigh-elmid
p1456,elmid-radnear-az000,elhigh-radnear-az180,0.3713188187165995,0.5427618216598011,0.564349436884935,0.35517090007794966,0.3395650145085634,20,35,0.35517090007794966,0.34736795729325654,0.3395650145085634,0.01614791863864984,0.023950861423342962,0.031753804208036085,294,64,nan,nan,0,,True,True,elhigh-elmid
p1457,elmid-radnear-az000,elhigh-radnear-az225,0.37024112696087225,0.5428283451095582,0.5646469259069116,0.35517090007794966,0.3440784937220457,20,28,0.35517090007794966,0.34962469689999764,0.3440784937220457,0.015070226882922588,0.020616430060874602,0.02616263323882656,279,74,nan,nan,0,,True,True,elhigh-elmid
p1458,elmid-radnear-az000,elhigh-radnear-az270,0.3656274159283665,0.5378383009982622,0.5626497401243551,0.35517090007794966,0.3216859159930162,20,49,0.35517090007794966,0.3384284080354829,0.3216859159930162,0.010456515850416848,0.027199007892883598,0.04394149993535029,291,68,nan,nan,0,,True,True,elhigh-elmid
p1459,elmid-radnear-az000,elhigh-radnear-az315,0.37580968340737225,0.5433539458994456,0.5648670398504376,0.35517090007794966,0.3361849875189326,20,41,0.35517090007794966,0.34567794379844113,0.3361849875189326,0.020638783329422594,0.03013173960893112,0.03962469588843964,288,72,nan,nan,0,,True,True,elhigh-elmid
p1460,elmid-radnear-az000,elhigh-radmid-az000,0.3658420451252541,0.5424391114013177,0.5653881555423054,0.35517090007794966,0.3459669579749205,20,27,0.35517090007794966,0.3505689290264351,0.3459669579749205,0.010671145047304431,0.015273116098818984,0.019875087150333592,285,61,nan,nan,0,,True,True,elhigh-elmid
p1461,elmid-radnear-az000,elhigh-radmid-az045,0.3758667850341824,0.546823005065947,0.5676628924312428,0.35517090007794966,0.35969234721512794,20,18,0.35969234721512794,0.3574316236465388,0.35517090007794966,0.016174437819054477,0.018435161387643617,0.020695884956232757,295,64,nan,nan,0,,True,True,elhigh-elmid
p1462,elmid-radnear-az000,elhigh-radmid-az090,0.38677718656519167,0.5642333346290864,0.5865159852585188,0.35517090007794966,0.3545783681398182,20,21,0.35517090007794966,0.3548746341088839,0.3545783681398182,0.03160628648724201,0.03190255245630774,0.03219881842537348,289,66,nan,nan,0,,True,True,elhigh-elmid
p1463,elmid-radnear-az000,elhigh-radmid-az135,0.3844302874248855,0.5586924774827988,0.5852217395889926,0.35517090007794966,0.3434079473811069,20,30,0.35517090007794966,0.3492894237295283,0.3434079473811069,0.02925938734693584,0.03514086369535718,0.04102234004377858,289,70,nan,nan,0,,True,True,elhigh-elmid
p1464,elmid-radnear-az000,elhigh-radmid-az180,0.3859862560453917,0.5570476027190924,0.5801886839514928,0.35517090007794966,0.35560303382831304,20,19,0.35560303382831304,0.3553869669531313,0.35517090007794966,0.030383222217078676,0.030599289092260396,0.03081535596744206,284,75,nan,nan,0,,True,True,elhigh-elmid
p1465,elmid-radnear-az000,elhigh-radmid-az225,0.368106793510096,0.5285815052649613,0.5548490741511635,0.35517090007794966,0.33765850732244423,20,36,0.35517090007794966,0.34641470370019695,0.33765850732244423,0.01293589343214635,0.021692089809899062,0.030448286187651774,278,75,nan,nan,0,,True,True,elhigh-elmid
p1466,elmid-radnear-az000,elhigh-radmid-az270,0.376027233585382,0.5467868205041473,0.5744206629029679,0.35517090007794966,0.33467761382312017,20,43,0.35517090007794966,0.3449242569505349,0.33467761382312017,0.020856333507432323,0.031102976634847068,0.04134961976226181,295,67,nan,nan,0,,True,True,elhigh-elmid
p1467,elmid-radnear-az000,elhigh-radmid-az315,0.38627143268127323,0.5600402869186349,0.582081073373859,0.35517090007794966,0.3357774895562401,20,42,0.35517090007794966,0.34547419481709485,0.3357774895562401,0.031100532603323572,0.04079723786417838,0.050493943125033136,298,67,nan,nan,0,,True,True,elhigh-elmid
p1468,elmid-radnear-az000,elhigh-radfar-az000,0.3780747317241326,0.5595831784694174,0.5829964555660816,0.35517090007794966,0.33999633482078295,20,33,0.35517090007794966,0.3475836174493663,0.33999633482078295,0.022903831646182926,0.030491114274766307,0.03807839690334963,302,58,nan,nan,0,,True,True,elhigh-elmid
p1469,elmid-radnear-az000,elhigh-radfar-az045,0.39821970865881173,0.5848363413252434,0.6063965682321475,0.35517090007794966,0.3517406582248309,20,24,0.35517090007794966,0.35345577915139026,0.3517406582248309,0.043048808580862075,0.044763929507421474,0.04647905043398082,271,79,nan,nan,0,,True,True,elhigh-elmid
p1470,elmid-radnear-az000,elhigh-radfar-az090,0.3866856993993769,0.5629692941827553,0.5879691691579336,0.35517090007794966,0.33715840306367034,20,39,0.35517090007794966,0.34616465157081,0.33715840306367034,0.031514799321427256,0.040521047828566914,0.04952729633570657,295,65,nan,nan,0,,True,True,elhigh-elmid
p1471,elmid-radnear-az000,elhigh-radfar-az135,0.3843866276419761,0.5644840236895712,0.5898641185285161,0.35517090007794966,0.35443982782283306,20,22,0.35517090007794966,0.35480536395039136,0.35443982782283306,0.02921572756402646,0.029581263691584758,0.029946799819143055,301,63,nan,nan,0,,True,True,elhigh-elmid
p1472,elmid-radnear-az000,elhigh-radfar-az180,0.39267405396947375,0.5661333797327981,0.5945116940630462,0.35517090007794966,0.3435612602938729,20,29,0.35517090007794966,0.3493660801859113,0.3435612602938729,0.03750315389152409,0.04330797378356244,0.04911279367560084,295,69,nan,nan,0,,True,True,elhigh-elmid
p1473,elmid-radnear-az000,elhigh-radfar-az225,0.3888575890323037,0.5611336251735064,0.5862890850518854,0.35517090007794966,0.3330930922222578,20,45,0.35517090007794966,0.3441319961501037,0.3330930922222578,0.03368668895435406,0.044725592882200016,0.055764496810045916,298,64,nan,nan,0,,True,True,elhigh-elmid
p1474,elmid-radnear-az000,elhigh-radfar-az270,0.3928970829400621,0.5656394785002969,0.5892507217818781,0.35517090007794966,0.3342499000230558,20,44,0.35517090007794966,0.34471040005050274,0.3342499000230558,0.037726182862112434,0.04818668288955935,0.05864718291700627,292,67,nan,nan,0,,True,True,elhigh-elmid
p1475,elmid-radnear-az000,elhigh-radfar-az315,0.38945743324963916,0.5626752413444709,0.5869325441767774,0.35517090007794966,0.3370014455332844,20,40,0.35517090007794966,0.34608617280561704,0.3370014455332844,0.034286533171689504,0.04337126044402212,0.052455987716354735,292,67,nan,nan,0,,True,True,elhigh-elmid
p1476,elmid-radnear-az045,elmid-radnear-az090,0.3661396215249659,0.5355868183977714,0.5585329843387676,0.3542262604718849,0.3373441618464497,23,37,0.3542262604718849,0.34578521115916727,0.3373441618464497,0.011913361053080995,0.020354410365798603,0.028795459678516155,288,59,nan,nan,0,,True,True,elmid-elmid
p1477,elmid-radnear-az045,elmid-radnear-az135,0.37137854961376593,0.5438570406714154,0.566676466257417,0.3542262604718849,0.34220636476623056,23,31,0.3542262604718849,0.3482163126190577,0.34220636476623056,0.01715228914188105,0.023162236994708207,0.029172184847535365,280,55,nan,nan,0,,True,True,elmid-elmid
p1478,elmid-radnear-az045,elmid-radnear-az180,0.377688764950582,0.5537416234956214,0.5765287615869352,0.3542262604718849,0.3511704098620124,23,25,0.3542262604718849,0.35269833516694865,0.3511704098620124,0.023462504478697133,0.02499042978363336,0.02651835508856959,282,64,nan,nan,0,,True,True,elmid-elmid
p1479,elmid-radnear-az045,elmid-radnear-az225,0.373631873185313,0.549161683364496,0.5740840735207392,0.3542262604718849,0.36478026048785717,23,17,0.36478026048785717,0.359503260479871,0.3542262604718849,0.008851612697455824,0.014128612705441967,0.01940561271342811,284,69,nan,nan,0,,True,True,elmid-elmid
p1480,elmid-radnear-az045,elmid-radnear-az270,0.37297103126681824,0.5483688899093464,0.5687476470559993,0.3542262604718849,0.3473214946568377,23,26,0.3542262604718849,0.3507738775643613,0.3473214946568377,0.018744770794933363,0.02219715370245695,0.02564953660998054,272,63,nan,nan,0,,True,True,elmid-elmid
p1481,elmid-radnear-az045,elmid-radnear-az315,0.38374556763149437,0.5579271584110032,0.5761173556320139,0.3542262604718849,0.3398194147983978,23,34,0.3542262604718849,0.3470228376351413,0.3398194147983978,0.029519307159609487,0.036722729996353065,0.04392615283309659,280,65,nan,nan,0,,True,True,elmid-elmid
p1482,elmid-radnear-az045,elmid-radmid-az000,0.4174760578634162,0.6205706346692582,0.6506228585940983,0.3542262604718849,0.40109184962731287,23,5,0.40109184962731287,0.37765905504959885,0.3542262604718849,0.016384208236103315,0.03981700281381734,0.0632497973915313,276,60,nan,nan,0,,True,True,elmid-elmid
p1483,elmid-radnear-az045,elmid-radmid-az045,0.4023146033326125,0.6016057577093089,0.6331363584778122,0.3542262604718849,0.41641372706811924,23,1,0.41641372706811924,0.38531999377000203,0.3542262604718849,-0.014099123735506758,0.016994609562610452,0.048088342860727606,273,70,nan,nan,0,,False,True,elmid-elmid
p1484,elmid-radnear-az045,elmid-radmid-az090,0.4176127148062094,0.6034177609209452,0.6300180890977487,0.3542262604718849,0.39457841386323705,23,8,0.39457841386323705,0.374402337167561,0.3542262604718849,0.02303430094297232,0.04321037763864838,0.0633864543343245,278,71,nan,nan,0,,True,True,elmid-elmid
p1485,elmid-radnear-az045,elmid-radmid-az135,0.39386954725919116,0.5812310054800164,0.6129795292664465,0.3542262604718849,0.3855787851950759,23,15,0.3855787851950759,0.36990252283348035,0.3542262604718849,0.008290762064115276,0.023967024425710803,0.039643286787306276,285,73,nan,nan,0,,True,True,elmid-elmid
p1486,elmid-radnear-az045,elmid-radmid-az180,0.4145612146254124,0.6036695835603486,0.6307577801576032,0.3542262604718849,0.3920347270865256,23,10,0.3920347270865256,0.37313049377920526,0.3542262604718849,0.022526487538886808,0.041430720846207136,0.06033495415352752,287,60,nan,nan,0,,True,True,elmid-elmid
p1487,elmid-radnear-az045,elmid-radmid-az225,0.4146233457459641,0.6190215994773026,0.6593066926777519,0.3542262604718849,0.4035228167038699,23,2,0.4035228167038699,0.3788745385878774,0.3542262604718849,0.011100529042094187,0.035748807158086704,0.06039708527407922,289,67,nan,nan,0,,True,True,elmid-elmid
p1488,elmid-radnear-az045,elmid-radmid-az270,0.4123702563271659,0.6006144260920271,0.630201241620781,0.3542262604718849,0.40315190191972006,23,3,0.40315190191972006,0.37868908119580247,0.3542262604718849,0.009218354407445839,0.03368117513136343,0.05814399585528102,276,62,nan,nan,0,,True,True,elmid-elmid
p1489,elmid-radnear-az045,elmid-radmid-az315,0.4256727993913217,0.6238777910357594,0.6560995492828352,0.3542262604718849,0.38855085122315813,23,13,0.38855085122315813,0.3713885558475215,0.3542262604718849,0.037121948168163554,0.05428424354380018,0.07144653891943681,284,65,nan,nan,0,,True,True,elmid-elmid
p1490,elmid-radnear-az045,elmid-radfar-az000,0.4218233540820276,0.6342408926239956,0.6664244459335723,0.3542262604718849,0.3883653697649618,23,14,0.3883653697649618,0.37129581511842336,0.3542262604718849,0.033457984317065814,0.050527538963604235,0.06759709361014271,287,64,nan,nan,0,,True,True,elmid-elmid
p1491,elmid-radnear-az045,elmid-radfar-az045,0.4178468758441607,0.6328066410711274,0.664517493808606,0.3542262604718849,0.3904277067982496,23,12,0.3904277067982496,0.3723269836350672,0.3542262604718849,0.027419169045911074,0.04551989220909347,0.06362061537227581,277,71,nan,nan,0,,True,True,elmid-elmid
p1492,elmid-radnear-az045,elmid-radfar-az090,0.4283365670279572,0.638443974799493,0.672585117102681,0.3542262604718849,0.4031096513417022,23,4,0.4031096513417022,0.37866795590679353,0.3542262604718849,0.025226915686255014,0.049668611121163664,0.07411030655607231,277,72,nan,nan,0,,True,True,elmid-elmid
p1493,elmid-radnear-az045,elmid-radfar-az135,0.4255019577489508,0.6318397677860679,0.6647971662251649,0.3542262604718849,0.3906639225147944,23,11,0.3906639225147944,0.37244509149333965,0.3542262604718849,0.03483803523415635,0.053056866255611124,0.0712756972770659,284,63,nan,nan,0,,True,True,elmid-elmid
p1494,elmid-radnear-az045,elmid-radfar-az180,0.4318709745019949,0.6327432793569451,0.6641459570173175,0.3542262604718849,0.39775345373611054,23,7,0.39775345373611054,0.3759898571039977,0.3542262604718849,0.03411752076588437,0.055881117397997226,0.07764471403011003,289,63,nan,nan,0,,True,True,elmid-elmid
p1495,elmid-radnear-az045,elmid-radfar-az225,0.4265451429188318,0.6346065533667178,0.6695084741425255,0.3542262604718849,0.40094783670068784,23,6,0.40094783670068784,0.37758704858628633,0.3542262604718849,0.025597306218143934,0.04895809433254544,0.0723188824469469,271,71,nan,nan,0,,True,True,elmid-elmid
p1496,elmid-radnear-az045,elmid-radfar-az270,0.42945676238331715,0.6374790038548249,0.6734948672668568,0.3542262604718849,0.39259913412484276,23,9,0.39259913412484276,0.3734126972983638,0.3542262604718849,0.036857628258474384,0.056044065084953354,0.07523050191143227,283,69,nan,nan,0,,True,True,elmid-elmid
p1497,elmid-radnear-az045,elmid-radfar-az315,0.4329589711321927,0.6385611820876681,0.6723801708624995,0.3542262604718849,0.38032179073567957,23,16,0.38032179073567957,0.3672740256037822,0.3542262604718849,0.05263718039651316,0.06568494552841053,0.07873271066030785,286,66,nan,nan,0,,True,True,elmid-elmid
p1498,elmid-radnear-az045,elhigh-radnear-az000,0.3836094043286534,0.5634476758896021,0.584733052383428,0.3542262604718849,0.3287976256874326,23,48,0.3542262604718849,0.3415119430796587,0.3287976256874326,0.029383143856768545,0.042097461248994716,0.05481177864122083,279,65,nan,nan,0,,True,True,elhigh-elmid
p1499,elmid-radnear-az045,elhigh-radnear-az045,0.36545870863647595,0.5388455223525911,0.5612973843638482,0.3542262604718849,0.3372504425742561,23,38,0.3542262604718849,0.34573835152307053,0.3372504425742561,0.011232448164591069,0.019720357113405418,0.028208266062219822,290,65,nan,nan,0,,True,True,elhigh-elmid
p1500,elmid-radnear-az045,elhigh-radnear-az090,0.3767172029748753,0.5539614257426371,0.5771203594154972,0.3542262604718849,0.3417464009985519,23,32,0.3542262604718849,0.3479863307352184,0.3417464009985519,0.02249094250299044,0.028730872239656924,0.03497080197632341,279,71,nan,nan,0,,True,True,elhigh-elmid
p1501,elmid-radnear-az045,elhigh-radnear-az135,0.3769820031763894,0.5576818706709455,0.5827396088491558,0.3542262604718849,0.3320552452601486,23,46,0.3542262604718849,0.34314075286601675,0.3320552452601486,0.022755742704504534,0.03384125031037266,0.04492675791624079,275,71,nan,nan,0,,True,True,elhigh-elmid
p1502,elmid-radnear-az045,elhigh-radnear-az180,0.3851379420372513,0.5572389253685134,0.581048123239017,0.3542262604718849,0.3395650145085634,23,35,0.3542262604718849,0.3468956374902241,0.3395650145085634,0.030911681565366445,0.038242304547027206,0.04557292752868791,284,63,nan,nan,0,,True,True,elhigh-elmid
p1503,elmid-radnear-az045,elhigh-radnear-az225,0.3763651804305939,0.5553921948118183,0.578698282258077,0.3542262604718849,0.3440784937220457,23,28,0.3542262604718849,0.3491523770969653,0.3440784937220457,0.022138919958709036,0.027212803333628632,0.03228668670854823,269,73,nan,nan,0,,True,True,elhigh-elmid
p1504,elmid-radnear-az045,elhigh-radnear-az270,0.3766972369354124,0.5514353755156202,0.5765555066142868,0.3542262604718849,0.3216859159930162,23,49,0.3542262604718849,0.33795608823245055,0.3216859159930162,0.022470976463527526,0.03874114870296186,0.05501132094239619,281,67,nan,nan,0,,True,True,elhigh-elmid
p1505,elmid-radnear-az045,elhigh-radnear-az315,0.38195134628912264,0.5616378469386633,0.5833596021074774,0.3542262604718849,0.3361849875189326,23,41,0.3542262604718849,0.3452056239954088,0.3361849875189326,0.02772508581723776,0.03674572229371387,0.04576635877019003,278,71,nan,nan,0,,True,True,elhigh-elmid
p1506,elmid-radnear-az045,elhigh-radmid-az000,0.3899842846669349,0.5664295029961959,0.5871573203250189,0.3542262604718849,0.3459669579749205,23,27,0.3542262604718849,0.3500966092234027,0.3459669579749205,0.03575802419505003,0.03988767544353222,0.044017326692014414,275,60,nan,nan,0,,True,True,elhigh-elmid
p1507,elmid-radnear-az045,elhigh-radmid-az045,0.38025664756308186,0.5592290856482649,0.5796270704590492,0.3542262604718849,0.35969234721512794,23,18,0.35969234721512794,0.3569593038435064,0.3542262604718849,0.020564300347953923,0.02329734371957548,0.026030387091196983,285,63,nan,nan,0,,True,True,elhigh-elmid
p1508,elmid-radnear-az045,elhigh-radmid-az090,0.39030623072787024,0.5647492699656739,0.5878895817223925,0.3542262604718849,0.3545783681398182,23,21,0.3545783681398182,0.35440231430585156,0.3542262604718849,0.03572786258805205,0.03590391642201868,0.03607997025598536,279,65,nan,nan,0,,True,True,elhigh-elmid
p1509,elmid-radnear-az045,elhigh-radmid-az135,0.38368052846660794,0.562829181095259,0.5875821809081021,0.3542262604718849,0.3434079473811069,23,30,0.3542262604718849,0.3488171039264959,0.3434079473811069,0.02945426799472306,0.03486342454011204,0.040272581085501025,279,69,nan,nan,0,,True,True,elhigh-elmid
p1510,elmid-radnear-az045,elhigh-radmid-az180,0.3967171491820225,0.5716542679917137,0.5967558769918746,0.3542262604718849,0.35560303382831304,23,19,0.35560303382831304,0.35491464715009896,0.3542262604718849,0.04111411535370946,0.04180250203192354,0.04249088871013762,274,74,nan,nan,0,,True,True,elhigh-elmid
p1511,elmid-radnear-az045,elhigh-radmid-az225,0.3889613646892716,0.5641761467532954,0.5883253050027053,0.3542262604718849,0.33765850732244423,23,36,0.3542262604718849,0.3459423838971646,0.33765850732244423,0.034735104217386736,0.04301898079210703,0.05130285736682738,268,74,nan,nan,0,,True,True,elhigh-elmid
p1512,elmid-radnear-az045,elhigh-radmid-az270,0.3968166053064074,0.5670161246355206,0.5895182166498356,0.3542262604718849,0.33467761382312017,23,43,0.3542262604718849,0.34445193714750255,0.33467761382312017,0.04259034483452251,0.05236466815890484,0.06213899148328722,285,66,nan,nan,0,,True,True,elhigh-elmid
p1513,elmid-radnear-az045,elhigh-radmid-az315,0.3886403334002173,0.5692519373584024,0.5949529624198922,0.3542262604718849,0.3357774895562401,23,42,0.3542262604718849,0.3450018750140625,0.3357774895562401,0.03441407292833243,0.04363845838615482,0.052862843843977214,288,66,nan,nan,0,,True,True,elhigh-elmid
p1514,elmid-radnear-az045,elhigh-radfar-az000,0.39528354578916935,0.5784697410897004,0.5996749038847912,0.3542262604718849,0.33999633482078295,23,33,0.3542262604718849,0.3471112976463339,0.33999633482078295,0.041057285317284475,0.04817224814283544,0.0552872109683864,292,57,nan,nan,0,,True,True,elhigh-elmid
p1515,elmid-radnear-az045,elhigh-radfar-az045,0.3896380266477727,0.5787877633222237,0.6017404654052616,0.3542262604718849,0.3517406582248309,23,24,0.3542262604718849,0.3529834593483579,0.3517406582248309,0.035411766175887815,0.0366545672994148,0.03789736842294178,261,78,nan,nan,0,,True,True,elhigh-elmid
p1516,elmid-radnear-az045,elhigh-radfar-az090,0.40265857468473,0.5805194850421538,0.6033843292542693,0.3542262604718849,0.33715840306367034,23,39,0.3542262604718849,0.3456923317677776,0.33715840306367034,0.04843231421284511,0.0569662429169524,0.06550017162105964,285,64,nan,nan,0,,True,True,elhigh-elmid
p1517,elmid-radnear-az045,elhigh-radfar-az135,0.3997685343942163,0.5767992317800364,0.5984040756647684,0.3542262604718849,0.35443982782283306,23,22,0.35443982782283306,0.354333044147359,0.3542262604718849,0.045328706571383215,0.04543549024685728,0.0455422739223314,291,62,nan,nan,0,,True,True,elhigh-elmid
p1518,elmid-radnear-az045,elhigh-radfar-az180,0.4056630626138849,0.5833999164346908,0.6071513094978888,0.3542262604718849,0.3435612602938729,23,29,0.3542262604718849,0.3488937603828789,0.3435612602938729,0.05143680214200003,0.056769302231006014,0.062101802320012,285,68,nan,nan,0,,True,True,elhigh-elmid
p1519,elmid-radnear-az045,elhigh-radfar-az225,0.3961487584085785,0.5766918642527803,0.6025052119055821,0.3542262604718849,0.3330930922222578,23,45,0.3542262604718849,0.34365967634707134,0.3330930922222578,0.041922497936693615,0.05248908206150715,0.06305566618632069,288,63,nan,nan,0,,True,True,elhigh-elmid
p1520,elmid-radnear-az045,elhigh-radfar-az270,0.40615913432321604,0.5850247019643658,0.6090987498309095,0.3542262604718849,0.3342499000230558,23,44,0.3542262604718849,0.3442380802474704,0.3342499000230558,0.05193287385133116,0.06192105407574566,0.07190923430016022,282,66,nan,nan,0,,True,True,elhigh-elmid
p1521,elmid-radnear-az045,elhigh-radfar-az315,0.40383431527379504,0.5866288591955877,0.6086393242762812,0.3542262604718849,0.3370014455332844,23,40,0.3542262604718849,0.3456138530025846,0.3370014455332844,0.04960805480191016,0.058220462271210416,0.06683286974051061,282,66,nan,nan,0,,True,True,elhigh-elmid
p1522,elmid-radnear-az090,elmid-radnear-az135,0.3585249292734901,0.5249001587471913,0.5476473705279935,0.3373441618464497,0.34220636476623056,37,31,0.34220636476623056,0.3397752633063401,0.3373441618464497,0.016318564507259548,0.018749665967149998,0.021180767427040392,292,44,nan,nan,0,,True,True,elmid-elmid
p1523,elmid-radnear-az090,elmid-radnear-az180,0.37391492130435283,0.5436873050190896,0.5659683801296836,0.3373441618464497,0.3511704098620124,37,25,0.3511704098620124,0.3442572858542311,0.3373441618464497,0.02274451144234041,0.029657635450121733,0.03657075945790311,294,53,nan,nan,0,,True,True,elmid-elmid
p1524,elmid-radnear-az090,elmid-radnear-az225,0.37128840014513975,0.5356265315946276,0.5595500667689398,0.3373441618464497,0.36478026048785717,37,17,0.36478026048785717,0.3510622111671534,0.3373441618464497,0.006508139657282586,0.020226188977986337,0.03394423829869003,296,58,nan,nan,0,,True,True,elmid-elmid
p1525,elmid-radnear-az090,elmid-radnear-az270,0.35907656800488946,0.5248104932715475,0.5508275621798173,0.3373441618464497,0.3473214946568377,37,26,0.3473214946568377,0.3423328282516437,0.3373441618464497,0.011755073348051759,0.01674373975324578,0.021732406158439743,284,52,nan,nan,0,,True,True,elmid-elmid
p1526,elmid-radnear-az090,elmid-radnear-az315,0.37582980252664905,0.5482458007112125,0.5703424087963923,0.3373441618464497,0.3398194147983978,37,34,0.3398194147983978,0.33858178832242375,0.3373441618464497,0.03601038772825127,0.0372480142042253,0.03848564068019933,292,54,nan,nan,0,,True,True,elmid-elmid
p1527,elmid-radnear-az090,elmid-radmid-az000,0.41845047595441887,0.6151348817170986,0.6466266334526114,0.3373441618464497,0.40109184962731287,37,5,0.40109184962731287,0.3692180057368813,0.3373441618464497,0.017358626327105997,0.04923247021753757,0.08110631410796915,288,49,nan,nan,0,,True,True,elmid-elmid
p1528,elmid-radnear-az090,elmid-radmid-az045,0.41283428525546767,0.6040529783813509,0.6331343891069098,0.3373441618464497,0.41641372706811924,37,1,0.41641372706811924,0.3768789444572845,0.3373441618464497,-0.0035794418126515737,0.03595534079818319,0.07549012340901795,285,59,nan,nan,0,,False,True,elmid-elmid
p1529,elmid-radnear-az090,elmid-radmid-az090,0.3927386451215904,0.5811461699520212,0.611000219813395,0.3373441618464497,0.39457841386323705,37,8,0.39457841386323705,0.3659612878548434,0.3373441618464497,-0.0018397687416466524,0.026777357266747015,0.05539448327514068,290,60,nan,nan,0,,False,True,elmid-elmid
p1530,elmid-radnear-az090,elmid-radmid-az135,0.4030717669771978,0.5942157174529593,0.6238510772324932,0.3373441618464497,0.3855787851950759,37,15,0.3855787851950759,0.3614614735207628,0.3373441618464497,0.01749298178212194,0.04161029345643502,0.0657276051307481,297,62,nan,nan,0,,True,True,elmid-elmid
p1531,elmid-radnear-az090,elmid-radmid-az180,0.4085238072820976,0.5948634837676894,0.6274956543908206,0.3373441618464497,0.3920347270865256,37,10,0.3920347270865256,0.36468944446648766,0.3373441618464497,0.016489080195571992,0.04383436281560993,0.07117964543564786,299,49,nan,nan,0,,True,True,elmid-elmid
p1532,elmid-radnear-az090,elmid-radmid-az225,0.41651414146075794,0.6152117570296205,0.6526836162170191,0.3373441618464497,0.4035228167038699,37,2,0.4035228167038699,0.37043348927515984,0.3373441618464497,0.012991324756888023,0.04608065218559809,0.07916997961430822,301,56,nan,nan,0,,True,True,elmid-elmid
p1533,elmid-radnear-az090,elmid-radmid-az270,0.4054518542877248,0.5980000510188493,0.6239040098513068,0.3373441618464497,0.40315190191972006,37,3,0.40315190191972006,0.37024803188308486,0.3373441618464497,0.002299952368004732,0.03520382240463993,0.06810769244127507,288,51,nan,nan,0,,True,True,elmid-elmid
p1534,elmid-radnear-az090,elmid-radmid-az315,0.40657274291628054,0.6023210865102844,0.6380019928936698,0.3373441618464497,0.38855085122315813,37,13,0.38855085122315813,0.3629475065348039,0.3373441618464497,0.018021891693122405,0.04362523638147664,0.06922858106983082,296,54,nan,nan,0,,True,True,elmid-elmid
p1535,elmid-radnear-az090,elmid-radfar-az000,0.4282480591805989,0.6336836057391334,0.6711953788734816,0.3373441618464497,0.3883653697649618,37,14,0.3883653697649618,0.36285476580570575,0.3373441618464497,0.03988268941563711,0.06539329337489314,0.09090389733414916,299,53,nan,nan,0,,True,True,elmid-elmid
p1536,elmid-radnear-az090,elmid-radfar-az045,0.42866074897265755,0.6375251531886515,0.6695411305494708,0.3373441618464497,0.3904277067982496,37,12,0.3904277067982496,0.36388593432234967,0.3373441618464497,0.03823304217440793,0.06477481465030788,0.09131658712620783,289,60,nan,nan,0,,True,True,elmid-elmid
p1537,elmid-radnear-az090,elmid-radfar-az090,0.4203206109849825,0.6281685381688312,0.6627971767418893,0.3373441618464497,0.4031096513417022,37,4,0.4031096513417022,0.370226906594076,0.3373441618464497,0.017210959643280344,0.050093704390906546,0.0829764491385328,289,61,nan,nan,0,,True,True,elmid-elmid
p1538,elmid-radnear-az090,elmid-radfar-az135,0.412222658262768,0.6173864879190867,0.651033347343126,0.3373441618464497,0.3906639225147944,37,11,0.3906639225147944,0.3640040421806221,0.3373441618464497,0.021558735747973568,0.04821861608214589,0.07487849641631827,296,52,nan,nan,0,,True,True,elmid-elmid
p1539,elmid-radnear-az090,elmid-radfar-az180,0.4310640393127296,0.6396717947054745,0.669675337883553,0.3373441618464497,0.39775345373611054,37,7,0.39775345373611054,0.36754880779128013,0.3373441618464497,0.033310585576619034,0.06351523152144944,0.09371987746627986,301,52,nan,nan,0,,True,True,elmid-elmid
p1540,elmid-radnear-az090,elmid-radfar-az225,0.4336447710336343,0.6391230119197768,0.67367170116143,0.3373441618464497,0.40094783670068784,37,6,0.40094783670068784,0.3691459992735688,0.3373441618464497,0.03269693433294646,0.06449877176006552,0.09630060918718458,283,60,nan,nan,0,,True,True,elmid-elmid
p1541,elmid-radnear-az090,elmid-radfar-az270,0.42068716381632165,0.6281376050156645,0.6638071123708074,0.3373441618464497,0.39259913412484276,37,9,0.39259913412484276,0.36497164798564624,0.3373441618464497,0.02808802969147889,0.05571551583067541,0.08334300196987193,295,58,nan,nan,0,,True,True,elmid-elmid
p1542,elmid-radnear-az090,elmid-radfar-az315,0.41126374478424593,0.6177263485549752,0.6573600025294827,0.3373441618464497,0.38032179073567957,37,16,0.38032179073567957,0.35883297629106464,0.3373441618464497,0.030941954048566367,0.05243076849318129,0.07391958293779621,298,55,nan,nan,0,,True,True,elmid-elmid
p1543,elmid-radnear-az090,elhigh-radnear-az000,0.3750358637189636,0.5448136142949491,0.5664260353403718,0.3373441618464497,0.3287976256874326,37,48,0.3373441618464497,0.33307089376694116,0.3287976256874326,0.03769170187251386,0.041964969952022424,0.04623823803153099,291,54,nan,nan,0,,True,True,elhigh-elmid
p1544,elmid-radnear-az090,elhigh-radnear-az045,0.35874230851079214,0.5393975103838506,0.5670179007946877,0.3373441618464497,0.3372504425742561,37,38,0.3373441618464497,0.3372973022103529,0.3372504425742561,0.02139814666434242,0.021445006300439218,0.021491865936536014,302,54,nan,nan,0,,True,True,elhigh-elmid
p1545,elmid-radnear-az090,elhigh-radnear-az090,0.3672431597247529,0.543315021352092,0.5676264633608491,0.3373441618464497,0.3417464009985519,37,32,0.3417464009985519,0.33954528142250084,0.3373441618464497,0.025496758726200996,0.027697878302252066,0.02989899787830319,291,60,nan,nan,0,,True,True,elhigh-elmid
p1546,elmid-radnear-az090,elhigh-radnear-az135,0.3842430400927847,0.5492376708267593,0.572497192114757,0.3373441618464497,0.3320552452601486,37,46,0.3373441618464497,0.33469970355329914,0.3320552452601486,0.046898878246334985,0.04954333653948556,0.05218779483263608,287,60,nan,nan,0,,True,True,elhigh-elmid
p1547,elmid-radnear-az090,elhigh-radnear-az180,0.38635610391093156,0.552951736442576,0.5736193904756245,0.3373441618464497,0.3395650145085634,37,35,0.3395650145085634,0.33845458817750657,0.3373441618464497,0.04679108940236815,0.04790151573342499,0.04901194206448184,296,52,nan,nan,0,,True,True,elhigh-elmid
p1548,elmid-radnear-az090,elhigh-radnear-az225,0.3784375215058394,0.5535412468247352,0.5777700894585861,0.3373441618464497,0.3440784937220457,37,28,0.3440784937220457,0.34071132778424773,0.3373441618464497,0.03435902778379374,0.037726193721591694,0.041093359659389705,281,62,nan,nan,0,,True,True,elhigh-elmid
p1549,elmid-radnear-az090,elhigh-radnear-az270,0.37049193631056815,0.5392800622792715,0.5635633057044959,0.3373441618464497,0.3216859159930162,37,49,0.3373441618464497,0.329515038919733,0.3216859159930162,0.03314777446411843,0.040976897390835154,0.048806020317551935,293,56,nan,nan,0,,True,True,elhigh-elmid
p1550,elmid-radnear-az090,elhigh-radnear-az315,0.37091826361808516,0.538311124165701,0.5625256297735348,0.3373441618464497,0.3361849875189326,37,41,0.3373441618464497,0.33676457468269116,0.3361849875189326,0.033574101771635445,0.034153688935394,0.034733276099152555,290,60,nan,nan,0,,True,True,elhigh-elmid
p1551,elmid-radnear-az090,elhigh-radmid-az000,0.3821757761213784,0.5563457901375631,0.5781277127466635,0.3373441618464497,0.3459669579749205,37,27,0.3459669579749205,0.3416555599106851,0.3373441618464497,0.03620881814645788,0.040520216210693294,0.044831614274928655,287,49,nan,nan,0,,True,True,elhigh-elmid
p1552,elmid-radnear-az090,elhigh-radmid-az045,0.3803147595284926,0.5479671825958083,0.5673358620958544,0.3373441618464497,0.35969234721512794,37,18,0.35969234721512794,0.34851825453078883,0.3373441618464497,0.020622412313364646,0.031796504997703756,0.042970597682042866,297,52,nan,nan,0,,True,True,elhigh-elmid
p1553,elmid-radnear-az090,elhigh-radmid-az090,0.3784055941513377,0.5526316640495921,0.5787954696365515,0.3373441618464497,0.3545783681398182,37,21,0.3545783681398182,0.34596126499313395,0.3373441618464497,0.023827226011519487,0.03244432915820372,0.04106143230488796,291,54,nan,nan,0,,True,True,elhigh-elmid
p1554,elmid-radnear-az090,elhigh-radmid-az135,0.38244419033726856,0.5603488676168428,0.5849469760180582,0.3373441618464497,0.3434079473811069,37,30,0.3434079473811069,0.3403760546137783,0.3373441618464497,0.03903624295616165,0.042068135723490274,0.045100028490818844,291,58,nan,nan,0,,True,True,elhigh-elmid
p1555,elmid-radnear-az090,elhigh-radmid-az180,0.3834731816368853,0.5571829011911547,0.5829344958710991,0.3373441618464497,0.35560303382831304,37,19,0.35560303382831304,0.3464735978373814,0.3373441618464497,0.027870147808572276,0.03699958379950391,0.0461290197904356,286,63,nan,nan,0,,True,True,elhigh-elmid
p1556,elmid-radnear-az090,elhigh-radmid-az225,0.3856053006470491,0.5534771553021697,0.578182694897411,0.3373441618464497,0.33765850732244423,37,36,0.33765850732244423,0.337501334584447,0.3373441618464497,0.047946793324604886,0.048103966062602144,0.0482611388005994,280,63,nan,nan,0,,True,True,elhigh-elmid
p1557,elmid-radnear-az090,elhigh-radmid-az270,0.3820000148342149,0.5496087593409722,0.5707134115869985,0.3373441618464497,0.33467761382312017,37,43,0.3373441618464497,0.33601088783478494,0.33467761382312017,0.0446558529877652,0.045989126999429975,0.04732240101109475,297,55,nan,nan,0,,True,True,elhigh-elmid
p1558,elmid-radnear-az090,elhigh-radmid-az315,0.38518036754716145,0.5554874630377612,0.5780465659028488,0.3373441618464497,0.3357774895562401,37,42,0.3373441618464497,0.33656082570134493,0.3357774895562401,0.04783620570071173,0.048619541845816516,0.04940287799092136,300,55,nan,nan,0,,True,True,elhigh-elmid
p1559,elmid-radnear-az090,elhigh-radfar-az000,0.3902455239563138,0.5717520452019583,0.5935310096155793,0.3373441618464497,0.33999633482078295,37,33,0.33999633482078295,0.33867024833361636,0.3373441618464497,0.050249189135530836,0.051575275622697425,0.05290136210986407,304,46,nan,nan,0,,True,True,elhigh-elmid
p1560,elmid-radnear-az090,elhigh-radfar-az045,0.4052287221876618,0.5835885807757791,0.6052856684340097,0.3373441618464497,0.3517406582248309,37,24,0.3517406582248309,0.34454241003564035,0.3373441618464497,0.0534880639628309,0.06068631215202147,0.0678845603412121,273,67,nan,nan,0,,True,True,elhigh-elmid
p1561,elmid-radnear-az090,elhigh-radfar-az090,0.37812148191707085,0.5544017962208659,0.5795468246953721,0.3373441618464497,0.33715840306367034,37,39,0.3373441618464497,0.33725128245506003,0.33715840306367034,0.040777320070621126,0.040870199462010814,0.0409630788534005,297,53,nan,nan,0,,True,True,elhigh-elmid
p1562,elmid-radnear-az090,elhigh-radfar-az135,0.3904232419358712,0.5711521444313838,0.594481966225852,0.3373441618464497,0.35443982782283306,37,22,0.35443982782283306,0.3458919948346414,0.3373441618464497,0.035983414113038126,0.0445312471012298,0.05307908008942147,303,51,nan,nan,0,,True,True,elhigh-elmid
p1563,elmid-radnear-az090,elhigh-radfar-az180,0.40102158051915154,0.5779082506026524,0.5993934686969695,0.3373441618464497,0.3435612602938729,37,29,0.3435612602938729,0.3404527110701613,0.3373441618464497,0.05746032022527864,0.06056886944899026,0.06367741867270182,297,57,nan,nan,0,,True,True,elhigh-elmid
p1564,elmid-radnear-az090,elhigh-radfar-az225,0.40384730385782514,0.5777131344826585,0.601380580041649,0.3373441618464497,0.3330930922222578,37,45,0.3373441618464497,0.3352186270343538,0.3330930922222578,0.06650314201137542,0.06862867682347135,0.07075421163556733,300,52,nan,nan,0,,True,True,elhigh-elmid
p1565,elmid-radnear-az090,elhigh-radfar-az270,0.38780169077681736,0.5603181358296326,0.585507809227148,0.3373441618464497,0.3342499000230558,37,44,0.3373441618464497,0.33579703093475277,0.3342499000230558,0.050457528930367646,0.05200465984206459,0.05355179075376154,294,55,nan,nan,0,,True,True,elhigh-elmid
p1566,elmid-radnear-az090,elhigh-radfar-az315,0.4041034826798636,0.5807877547762492,0.6032344971836154,0.3373441618464497,0.3370014455332844,37,40,0.3373441618464497,0.3371728036898671,0.3370014455332844,0.0667593208334139,0.06693067898999655,0.0671020371465792,294,55,nan,nan,0,,True,True,elhigh-elmid
p1567,elmid-radnear-az135,elmid-radnear-az180,0.3676308152161573,0.5322999459349105,0.5587686204131775,0.34220636476623056,0.3511704098620124,31,25,0.3511704098620124,0.3466883873141215,0.34220636476623056,0.01646040535414489,0.02094242790203582,0.02542445044992675,286,49,nan,nan,0,,True,True,elmid-elmid
p1568,elmid-radnear-az135,elmid-radnear-az225,0.37668504504330974,0.5493018209026552,0.5742856727528226,0.34220636476623056,0.36478026048785717,31,17,0.36478026048785717,0.35349331262704387,0.34220636476623056,0.011904784555452574,0.023191732416265876,0.03447868027707918,288,54,nan,nan,0,,True,True,elmid-elmid
p1569,elmid-radnear-az135,elmid-radnear-az270,0.36734453845902043,0.5284700596016912,0.551173028952128,0.34220636476623056,0.3473214946568377,31,26,0.3473214946568377,0.34476392971153413,0.34220636476623056,0.020023043802182727,0.022580608747486297,0.025138173692789867,276,48,nan,nan,0,,True,True,elmid-elmid
p1570,elmid-radnear-az135,elmid-radnear-az315,0.3564476055730021,0.5318221438478016,0.5552945595061642,0.34220636476623056,0.3398194147983978,31,34,0.34220636476623056,0.34101288978231414,0.3398194147983978,0.014241240806771527,0.015434715790687947,0.016628190774604312,284,50,nan,nan,0,,True,True,elmid-elmid
p1571,elmid-radnear-az135,elmid-radmid-az000,0.4178427072473158,0.6228428387340618,0.6553128006248866,0.34220636476623056,0.40109184962731287,31,5,0.40109184962731287,0.3716491071967717,0.34220636476623056,0.016750857620002946,0.046193600050544126,0.07563634248108525,280,45,nan,nan,0,,True,True,elmid-elmid
p1572,elmid-radnear-az135,elmid-radmid-az045,0.41535684058666383,0.6046254928149362,0.6305594569995104,0.34220636476623056,0.41641372706811924,31,1,0.41641372706811924,0.3793100459171749,0.34220636476623056,-0.0010568864814554102,0.03604679466948896,0.07315047582043327,277,55,nan,nan,0,,False,True,elmid-elmid
p1573,elmid-radnear-az135,elmid-radmid-az090,0.4006298965347264,0.5817833498649295,0.6101274602200286,0.34220636476623056,0.39457841386323705,31,8,0.39457841386323705,0.36839238931473384,0.34220636476623056,0.006051482671489361,0.03223750721999258,0.05842353176849585,282,56,nan,nan,0,,True,True,elmid-elmid
p1574,elmid-radnear-az135,elmid-radmid-az135,0.3899121408078905,0.5835097150044043,0.6153537477315815,0.34220636476623056,0.3855787851950759,31,15,0.3855787851950759,0.3638925749806532,0.34220636476623056,0.0043333556128146156,0.0260195658272373,0.04770577604165993,289,58,nan,nan,0,,True,True,elmid-elmid
p1575,elmid-radnear-az135,elmid-radmid-az180,0.41007042387054177,0.5967340579646697,0.6237104657186834,0.34220636476623056,0.3920347270865256,31,10,0.3920347270865256,0.3671205459263781,0.34220636476623056,0.018035696784016175,0.04294987794416366,0.0678640591043112,291,45,nan,nan,0,,True,True,elmid-elmid
p1576,elmid-radnear-az135,elmid-radmid-az225,0.4154649975055757,0.6137419892573789,0.6509981810603773,0.34220636476623056,0.4035228167038699,31,2,0.4035228167038699,0.37286459073505024,0.34220636476623056,0.011942180801705782,0.042600406770525456,0.07325863273934513,293,52,nan,nan,0,,True,True,elmid-elmid
p1577,elmid-radnear-az135,elmid-radmid-az270,0.41645501321876194,0.6078106121043944,0.6365582085119534,0.34220636476623056,0.40315190191972006,31,3,0.40315190191972006,0.3726791333429753,0.34220636476623056,0.013303111299041881,0.04377587987578663,0.07424864845253137,280,47,nan,nan,0,,True,True,elmid-elmid
p1578,elmid-radnear-az135,elmid-radmid-az315,0.41407983534343984,0.6112861556605925,0.6457961252643958,0.34220636476623056,0.38855085122315813,31,13,0.38855085122315813,0.36537860799469435,0.34220636476623056,0.025528984120281706,0.04870122734874549,0.07187347057720928,288,50,nan,nan,0,,True,True,elmid-elmid
p1579,elmid-radnear-az135,elmid-radfar-az000,0.41540000908059355,0.6184550949794535,0.6571753526124661,0.34220636476623056,0.3883653697649618,31,14,0.3883653697649618,0.3652858672655962,0.34220636476623056,0.02703463931563177,0.05011414181499735,0.07319364431436298,291,49,nan,nan,0,,True,True,elmid-elmid
p1580,elmid-radnear-az135,elmid-radfar-az045,0.42405668299324567,0.6267799373224077,0.6601301771357898,0.34220636476623056,0.3904277067982496,31,12,0.3904277067982496,0.36631703578224006,0.34220636476623056,0.03362897619499605,0.05773964721100561,0.0818503182270151,281,56,nan,nan,0,,True,True,elmid-elmid
p1581,elmid-radnear-az135,elmid-radfar-az090,0.4255558846953625,0.6235005266431931,0.6607255980024968,0.34220636476623056,0.4031096513417022,31,4,0.4031096513417022,0.37265800805396637,0.34220636476623056,0.022446233353660305,0.05289787664139611,0.08334951992913192,281,57,nan,nan,0,,True,True,elmid-elmid
p1582,elmid-radnear-az135,elmid-radfar-az135,0.4091092437388089,0.6245628087086121,0.6602364156695817,0.34220636476623056,0.3906639225147944,31,11,0.3906639225147944,0.3664351436405125,0.34220636476623056,0.018445321224014488,0.04267410009829642,0.06690287897257835,288,48,nan,nan,0,,True,True,elmid-elmid
p1583,elmid-radnear-az135,elmid-radfar-az180,0.4213121358420599,0.627199321519421,0.6604769313995652,0.34220636476623056,0.39775345373611054,31,7,0.39775345373611054,0.3699799092511705,0.34220636476623056,0.023558682105949358,0.051332226590889374,0.07910577107582933,293,48,nan,nan,0,,True,True,elmid-elmid
p1584,elmid-radnear-az135,elmid-radfar-az225,0.4293954329762772,0.6417666908408194,0.6749430106259794,0.34220636476623056,0.40094783670068784,31,6,0.40094783670068784,0.3715771007334592,0.34220636476623056,0.02844759627558935,0.057818332242818016,0.08718906821004663,275,56,nan,nan,0,,True,True,elmid-elmid
p1585,elmid-radnear-az135,elmid-radfar-az270,0.4183300899196965,0.6323901781057151,0.6679941570780512,0.34220636476623056,0.39259913412484276,31,9,0.39259913412484276,0.36740274944553664,0.34220636476623056,0.025730955794853738,0.050927340474159866,0.07612372515346594,287,54,nan,nan,0,,True,True,elmid-elmid
p1586,elmid-radnear-az135,elmid-radfar-az315,0.4167910125856392,0.6222354226045064,0.6573328444501533,0.34220636476623056,0.38032179073567957,31,16,0.38032179073567957,0.36126407775095504,0.34220636476623056,0.036469221849959654,0.05552693483468418,0.07458464781940866,290,51,nan,nan,0,,True,True,elmid-elmid
p1587,elmid-radnear-az135,elhigh-radnear-az000,0.3671685033210374,0.537751503212555,0.5611402719830606,0.34220636476623056,0.3287976256874326,31,48,0.34220636476623056,0.33550199522683155,0.3287976256874326,0.024962138554806834,0.03166650809420585,0.038370877633604805,283,50,nan,nan,0,,True,True,elhigh-elmid
p1588,elmid-radnear-az135,elhigh-radnear-az045,0.3630197212573899,0.5314373024730351,0.5517908377899663,0.34220636476623056,0.3372504425742561,31,38,0.34220636476623056,0.3397284036702434,0.3372504425742561,0.02081335649115934,0.02329131758714653,0.02576927868313378,294,50,nan,nan,0,,True,True,elhigh-elmid
p1589,elmid-radnear-az135,elhigh-radnear-az090,0.3649273301499894,0.5350820550995113,0.5581890538337113,0.34220636476623056,0.3417464009985519,31,32,0.34220636476623056,0.34197638288239124,0.3417464009985519,0.02272096538375884,0.022950947267598165,0.02318092915143749,283,56,nan,nan,0,,True,True,elhigh-elmid
p1590,elmid-radnear-az135,elhigh-radnear-az135,0.36827029475710127,0.5443833655083072,0.5665667270429154,0.34220636476623056,0.3320552452601486,31,46,0.34220636476623056,0.3371308050131896,0.3320552452601486,0.026063929990870705,0.031139489743911675,0.036215049496952645,279,56,nan,nan,0,,True,True,elhigh-elmid
p1591,elmid-radnear-az135,elhigh-radnear-az180,0.36696615863756554,0.5302769378209822,0.5569490004272533,0.34220636476623056,0.3395650145085634,31,35,0.34220636476623056,0.34088568963739696,0.3395650145085634,0.02475979387133498,0.026080469000168582,0.02740114412900213,288,48,nan,nan,0,,True,True,elhigh-elmid
p1592,elmid-radnear-az135,elhigh-radnear-az225,0.38462393166895886,0.555457820755305,0.5781617051241021,0.34220636476623056,0.3440784937220457,31,28,0.3440784937220457,0.3431424292441381,0.34220636476623056,0.040545437946913176,0.04148150242482074,0.0424175669027283,273,58,nan,nan,0,,True,True,elhigh-elmid
p1593,elmid-radnear-az135,elhigh-radnear-az270,0.37198660559908514,0.5423155550540281,0.5680103422501085,0.34220636476623056,0.3216859159930162,31,49,0.34220636476623056,0.3319461403796234,0.3216859159930162,0.029780240832854576,0.04004046521946175,0.05030068960606893,285,52,nan,nan,0,,True,True,elhigh-elmid
p1594,elmid-radnear-az135,elhigh-radnear-az315,0.3582795549007884,0.5287741977387307,0.5522012555315964,0.34220636476623056,0.3361849875189326,31,41,0.34220636476623056,0.3391956761425816,0.3361849875189326,0.016073190134557824,0.019083878758206774,0.02209456738185578,282,56,nan,nan,0,,True,True,elhigh-elmid
p1595,elmid-radnear-az135,elhigh-radmid-az000,0.38035667669287254,0.5565804657227484,0.5785268349362539,0.34220636476623056,0.3459669579749205,31,27,0.3459669579749205,0.34408666137057553,0.34220636476623056,0.034389718717952045,0.03627001532229701,0.03815031192664198,279,45,nan,nan,0,,True,True,elhigh-elmid
p1596,elmid-radnear-az135,elhigh-radmid-az045,0.3719195726277634,0.5437338066937998,0.5634362568141122,0.34220636476623056,0.35969234721512794,31,18,0.35969234721512794,0.3509493559906792,0.34220636476623056,0.012227225412635434,0.02097021663708415,0.02971320786153281,289,48,nan,nan,0,,True,True,elhigh-elmid
p1597,elmid-radnear-az135,elhigh-radmid-az090,0.3724965487027351,0.5394880203689952,0.5623061229499212,0.34220636476623056,0.3545783681398182,31,21,0.3545783681398182,0.3483923664530244,0.34220636476623056,0.017918180562916886,0.02410418224971067,0.03029018393650451,283,50,nan,nan,0,,True,True,elhigh-elmid
p1598,elmid-radnear-az135,elhigh-radmid-az135,0.36819675586595046,0.547273118170785,0.5722768095944786,0.34220636476623056,0.3434079473811069,31,30,0.3434079473811069,0.34280715607366874,0.34220636476623056,0.02478880848484355,0.025389599792281725,0.0259903910997199,283,54,nan,nan,0,,True,True,elhigh-elmid
p1599,elmid-radnear-az135,elhigh-radmid-az180,0.38934048149031963,0.5604215188854635,0.5834484775149952,0.34220636476623056,0.35560303382831304,31,19,0.35560303382831304,0.3489046992972718,0.34220636476623056,0.03373744766200659,0.04043578219304783,0.04713411672408907,278,59,nan,nan,0,,True,True,elhigh-elmid
p1600,elmid-radnear-az135,elhigh-radmid-az225,0.3869891371199137,0.5517338359641376,0.5779346867090531,0.34220636476623056,0.33765850732244423,31,36,0.34220636476623056,0.3399324360443374,0.33765850732244423,0.04478277235368311,0.047056701075576246,0.04933062979746944,272,59,nan,nan,0,,True,True,elhigh-elmid
p1601,elmid-radnear-az135,elhigh-radmid-az270,0.37846173956006673,0.5519334088732679,0.5786795241532398,0.34220636476623056,0.33467761382312017,31,43,0.34220636476623056,0.3384419892946754,0.33467761382312017,0.03625537479383617,0.04001975026539134,0.043784125736946566,289,51,nan,nan,0,,True,True,elhigh-elmid
p1602,elmid-radnear-az135,elhigh-radmid-az315,0.3742508787096159,0.5533231666273297,0.5800210386990511,0.34220636476623056,0.3357774895562401,31,42,0.34220636476623056,0.33899192716123533,0.3357774895562401,0.03204451394338531,0.035258951548380546,0.03847338915337578,292,51,nan,nan,0,,True,True,elhigh-elmid
p1603,elmid-radnear-az135,elhigh-radfar-az000,0.3906335615576407,0.5704702283444264,0.5972495426713949,0.34220636476623056,0.33999633482078295,31,33,0.34220636476623056,0.34110134979350676,0.33999633482078295,0.04842719679141011,0.049532211764133915,0.05063722673685772,296,42,nan,nan,0,,True,True,elhigh-elmid
p1604,elmid-radnear-az135,elhigh-radfar-az045,0.4088838917874227,0.5910031071207232,0.6136014619526277,0.34220636476623056,0.3517406582248309,31,24,0.3517406582248309,0.34697351149553074,0.34220636476623056,0.057143233562591766,0.06191038029189194,0.06667752702119212,265,63,nan,nan,0,,True,True,elhigh-elmid
p1605,elmid-radnear-az135,elhigh-radfar-az090,0.3857952719658362,0.5570570668969708,0.5821180256258278,0.34220636476623056,0.33715840306367034,31,39,0.34220636476623056,0.3396823839149504,0.33715840306367034,0.04358890719960562,0.04611288805088576,0.04863686890216584,289,49,nan,nan,0,,True,True,elhigh-elmid
p1606,elmid-radnear-az135,elhigh-radfar-az135,0.3787128572891962,0.5598125989677388,0.5830202831354072,0.34220636476623056,0.35443982782283306,31,22,0.35443982782283306,0.34832309629453184,0.34220636476623056,0.024273029466363116,0.03038976099466434,0.03650649252296562,295,47,nan,nan,0,,True,True,elhigh-elmid
p1607,elmid-radnear-az135,elhigh-radfar-az180,0.40009961441148173,0.5755395816468504,0.602731892914599,0.34220636476623056,0.3435612602938729,31,29,0.3435612602938729,0.34288381253005173,0.34220636476623056,0.056538354117608824,0.057215801881429995,0.057893249645251166,289,53,nan,nan,0,,True,True,elhigh-elmid
p1608,elmid-radnear-az135,elhigh-radfar-az225,0.3930205099050968,0.5703384136830808,0.5941047560982038,0.34220636476623056,0.3330930922222578,31,45,0.34220636476623056,0.3376497284942442,0.3330930922222578,0.05081414513886623,0.05537078141085261,0.05992741768283899,292,48,nan,nan,0,,True,True,elhigh-elmid
p1609,elmid-radnear-az135,elhigh-radfar-az270,0.3842434402522071,0.5641297029693334,0.5928821119077691,0.34220636476623056,0.3342499000230558,31,44,0.34220636476623056,0.3382281323946432,0.3342499000230558,0.042037075485976516,0.04601530785756386,0.049993540229151257,286,51,nan,nan,0,,True,True,elhigh-elmid
p1610,elmid-radnear-az135,elhigh-radfar-az315,0.3792421800350521,0.5622428808753906,0.5902759408007562,0.34220636476623056,0.3370014455332844,31,40,0.34220636476623056,0.33960390514975747,0.3370014455332844,0.03703581526882155,0.039638274885294644,0.042240734501767685,286,51,nan,nan,0,,True,True,elhigh-elmid
p1611,elmid-radnear-az180,elmid-radnear-az225,0.38790856655358685,0.5560455764058566,0.5787992501513957,0.3511704098620124,0.36478026048785717,25,17,0.36478026048785717,0.3579753351749348,0.3511704098620124,0.023128306065729687,0.02993323137865206,0.03673815669157443,290,63,nan,nan,0,,True,True,elmid-elmid
p1612,elmid-radnear-az180,elmid-radnear-az270,0.36026544981514774,0.5237370985045264,0.5476052442599935,0.3511704098620124,0.3473214946568377,25,26,0.3511704098620124,0.34924595225942506,0.3473214946568377,0.00909503995313532,0.01101949755572268,0.012943955158310039,278,57,nan,nan,0,,True,True,elmid-elmid
p1613,elmid-radnear-az180,elmid-radnear-az315,0.36507931283769607,0.5355265189528834,0.560967872062347,0.3511704098620124,0.3398194147983978,25,34,0.3511704098620124,0.34549491233020513,0.3398194147983978,0.013908902975683646,0.01958440050749094,0.02525989803929829,286,59,nan,nan,0,,True,True,elmid-elmid
p1614,elmid-radnear-az180,elmid-radmid-az000,0.41766052734873044,0.6170072756969908,0.6538939514655138,0.3511704098620124,0.40109184962731287,25,5,0.40109184962731287,0.3761311297446627,0.3511704098620124,0.01656867772141757,0.041529397604067764,0.06649011748671801,282,54,nan,nan,0,,True,True,elmid-elmid
p1615,elmid-radnear-az180,elmid-radmid-az045,0.4184125190418418,0.6081643289758198,0.6366283556924819,0.3511704098620124,0.41641372706811924,25,1,0.41641372706811924,0.38379206846506586,0.3511704098620124,0.001998791973722547,0.03462045057677593,0.06724210917982937,279,64,nan,nan,0,,True,True,elmid-elmid
p1616,elmid-radnear-az180,elmid-radmid-az090,0.41146083237820574,0.5921696235608299,0.6244468005645963,0.3511704098620124,0.39457841386323705,25,8,0.39457841386323705,0.3728744118626247,0.3511704098620124,0.01688241851496869,0.03858642051558103,0.06029042251619332,284,65,nan,nan,0,,True,True,elmid-elmid
p1617,elmid-radnear-az180,elmid-radmid-az135,0.3981901313482211,0.588191719059167,0.6200136961863454,0.3511704098620124,0.3855787851950759,25,15,0.3855787851950759,0.3683745975285442,0.3511704098620124,0.012611346153145242,0.029815533819676943,0.0470197214862087,291,67,nan,nan,0,,True,True,elmid-elmid
p1618,elmid-radnear-az180,elmid-radmid-az180,0.40764347970275394,0.601434400099984,0.6309735892833629,0.3511704098620124,0.3920347270865256,25,10,0.3920347270865256,0.371602568474269,0.3511704098620124,0.01560875261622835,0.03604091122848496,0.05647306984074152,293,54,nan,nan,0,,True,True,elmid-elmid
p1619,elmid-radnear-az180,elmid-radmid-az225,0.41928761424268335,0.6268931113327273,0.6587185550187196,0.3511704098620124,0.4035228167038699,25,2,0.4035228167038699,0.37734661328294117,0.3511704098620124,0.015764797538813435,0.04194100095974218,0.06811720438067093,295,61,nan,nan,0,,True,True,elmid-elmid
p1620,elmid-radnear-az180,elmid-radmid-az270,0.4195475695898733,0.6163892532576184,0.6444758014117833,0.3511704098620124,0.40315190191972006,25,3,0.40315190191972006,0.37716115589086624,0.3511704098620124,0.01639566767015327,0.042386413699007086,0.0683771597278609,282,56,nan,nan,0,,True,True,elmid-elmid
p1621,elmid-radnear-az180,elmid-radmid-az315,0.4187369764485232,0.623553882174184,0.6569800213744609,0.3511704098620124,0.38855085122315813,25,13,0.38855085122315813,0.3698606305425853,0.3511704098620124,0.030186125225365068,0.048876345905937923,0.06756656658651078,290,59,nan,nan,0,,True,True,elmid-elmid
p1622,elmid-radnear-az180,elmid-radfar-az000,0.41414087354605916,0.6201669947412922,0.660157443630368,0.3511704098620124,0.3883653697649618,25,14,0.3883653697649618,0.36976788981348707,0.3511704098620124,0.025775503781097386,0.04437298373257209,0.06297046368404674,293,58,nan,nan,0,,True,True,elmid-elmid
p1623,elmid-radnear-az180,elmid-radfar-az045,0.42387474067473174,0.622575365665283,0.6591827784532401,0.3511704098620124,0.3904277067982496,25,12,0.3904277067982496,0.37079905833013105,0.3511704098620124,0.033447033876482124,0.053075682344600694,0.07270433081271932,283,65,nan,nan,0,,True,True,elmid-elmid
p1624,elmid-radnear-az180,elmid-radfar-az090,0.4300142420410815,0.6351439396715106,0.6675279903623013,0.3511704098620124,0.4031096513417022,25,4,0.4031096513417022,0.3771400306018573,0.3511704098620124,0.026904590699379338,0.05287421143922422,0.0788438321790691,283,66,nan,nan,0,,True,True,elmid-elmid
p1625,elmid-radnear-az180,elmid-radfar-az135,0.4217702314955123,0.6248091072007252,0.6590715055296817,0.3511704098620124,0.3906639225147944,25,11,0.3906639225147944,0.3709171661884034,0.3511704098620124,0.031106308980717867,0.05085306530710887,0.07059982163349987,290,57,nan,nan,0,,True,True,elmid-elmid
p1626,elmid-radnear-az180,elmid-radfar-az180,0.4146600033314833,0.6238914885258214,0.6570242674786444,0.3511704098620124,0.39775345373611054,25,7,0.39775345373611054,0.3744619317990615,0.3511704098620124,0.016906549595372744,0.040198071532421775,0.06348959346947086,295,57,nan,nan,0,,True,True,elmid-elmid
p1627,elmid-radnear-az180,elmid-radfar-az225,0.4210889330876393,0.6271866924809598,0.6640269717853942,0.3511704098620124,0.40094783670068784,25,6,0.40094783670068784,0.37605912328135016,0.3511704098620124,0.02014109638695144,0.04502980980628912,0.06991852322562686,277,65,nan,nan,0,,True,True,elmid-elmid
p1628,elmid-radnear-az180,elmid-radfar-az270,0.4267634944668853,0.6408504985276062,0.675725923348082,0.3511704098620124,0.39259913412484276,25,9,0.39259913412484276,0.3718847719934276,0.3511704098620124,0.03416436034204251,0.05487872247345765,0.07559308460487285,289,63,nan,nan,0,,True,True,elmid-elmid
p1629,elmid-radnear-az180,elmid-radfar-az315,0.416193393583055,0.6227265068237737,0.6587992360296671,0.3511704098620124,0.38032179073567957,25,16,0.38032179073567957,0.365746100298846,0.3511704098620124,0.03587160284737545,0.050447293284208994,0.0650229837210426,292,60,nan,nan,0,,True,True,elmid-elmid
p1630,elmid-radnear-az180,elhigh-radnear-az000,0.3752389183320429,0.5466354554368476,0.5694469730476408,0.3511704098620124,0.3287976256874326,25,48,0.3511704098620124,0.33998401777472254,0.3287976256874326,0.024068508470030503,0.03525490055732039,0.04644129264461033,285,59,nan,nan,0,,True,True,elhigh-elmid
p1631,elmid-radnear-az180,elhigh-radnear-az045,0.38115426221643695,0.5595089586814683,0.5803820262734466,0.3511704098620124,0.3372504425742561,25,38,0.3511704098620124,0.34421042621813425,0.3372504425742561,0.029983852354424523,0.0369438359983027,0.04390381964218082,296,59,nan,nan,0,,True,True,elhigh-elmid
p1632,elmid-radnear-az180,elhigh-radnear-az090,0.3775827885511678,0.5476542760297675,0.5722454073460158,0.3511704098620124,0.3417464009985519,25,32,0.3511704098620124,0.34645840543028217,0.3417464009985519,0.026412378689155358,0.031124383120885613,0.03583638755261587,285,65,nan,nan,0,,True,True,elhigh-elmid
p1633,elmid-radnear-az180,elhigh-radnear-az135,0.37414104580972635,0.5460370131108123,0.5718789212891712,0.3511704098620124,0.3320552452601486,25,46,0.3511704098620124,0.3416128275610805,0.3320552452601486,0.022970635947713924,0.032528218248645824,0.04208580054957772,281,65,nan,nan,0,,True,True,elhigh-elmid
p1634,elmid-radnear-az180,elhigh-radnear-az180,0.3673041353551346,0.5386183159279619,0.5675126047182085,0.3511704098620124,0.3395650145085634,25,35,0.3511704098620124,0.34536771218528795,0.3395650145085634,0.016133725493122197,0.021936423169846675,0.027739120846571208,290,57,nan,nan,0,,True,True,elhigh-elmid
p1635,elmid-radnear-az180,elhigh-radnear-az225,0.37297671600975785,0.5344087063958829,0.5589415097640793,0.3511704098620124,0.3440784937220457,25,28,0.3511704098620124,0.34762445179202905,0.3440784937220457,0.021806306147745425,0.025352264217728793,0.02889822228771216,275,67,nan,nan,0,,True,True,elhigh-elmid
p1636,elmid-radnear-az180,elhigh-radnear-az270,0.3710242032494177,0.5415540343126536,0.5680625131270258,0.3511704098620124,0.3216859159930162,25,49,0.3511704098620124,0.3364281629275143,0.3216859159930162,0.019853793387405283,0.03459604032190339,0.04933828725640149,287,61,nan,nan,0,,True,True,elhigh-elmid
p1637,elmid-radnear-az180,elhigh-radnear-az315,0.37827176787012906,0.5522509557645457,0.5758314628411035,0.3511704098620124,0.3361849875189326,25,41,0.3511704098620124,0.3436776986904725,0.3361849875189326,0.02710135800811664,0.03459406917965657,0.04208678035119645,284,65,nan,nan,0,,True,True,elhigh-elmid
p1638,elmid-radnear-az180,elhigh-radmid-az000,0.372737467820859,0.5499299224750085,0.5747329143725822,0.3511704098620124,0.3459669579749205,25,27,0.3511704098620124,0.34856868391846646,0.3459669579749205,0.02156705795884656,0.02416878390239252,0.026770509845938484,281,54,nan,nan,0,,True,True,elhigh-elmid
p1639,elmid-radnear-az180,elhigh-radmid-az045,0.39428781496813686,0.5625827830577177,0.5848240684339446,0.3511704098620124,0.35969234721512794,25,18,0.35969234721512794,0.3554313785385702,0.3511704098620124,0.034595467753008924,0.038856436429566654,0.04311740510612444,291,57,nan,nan,0,,True,True,elhigh-elmid
p1640,elmid-radnear-az180,elhigh-radmid-az090,0.39263898337275127,0.5654758139644934,0.5894180609354932,0.3511704098620124,0.3545783681398182,25,21,0.3545783681398182,0.3528743890009153,0.3511704098620124,0.03806061523293308,0.03976459437183599,0.04146857351073885,285,59,nan,nan,0,,True,True,elhigh-elmid
p1641,elmid-radnear-az180,elhigh-radmid-az135,0.38696293266000353,0.5571822003430821,0.5840641845502108,0.3511704098620124,0.3434079473811069,25,30,0.3511704098620124,0.34728917862155967,0.3434079473811069,0.03579252279799111,0.039673754038443865,0.04355498527889662,285,63,nan,nan,0,,True,True,elhigh-elmid
p1642,elmid-radnear-az180,elhigh-radmid-az180,0.3716387549466148,0.5467019280970092,0.5698315237295785,0.3511704098620124,0.35560303382831304,25,19,0.35560303382831304,0.35338672184516273,0.3511704098620124,0.01603572111830176,0.01825203310145207,0.02046834508460238,280,68,nan,nan,0,,True,True,elhigh-elmid
p1643,elmid-radnear-az180,elhigh-radmid-az225,0.3933129953478826,0.5676794242272645,0.5911468175368195,0.3511704098620124,0.33765850732244423,25,36,0.3511704098620124,0.3444144585922283,0.33765850732244423,0.04214258548587019,0.04889853675565431,0.055654488025438376,274,68,nan,nan,0,,True,True,elhigh-elmid
p1644,elmid-radnear-az180,elhigh-radmid-az270,0.387763685538977,0.5610237186003116,0.5833986233525048,0.3511704098620124,0.33467761382312017,25,43,0.3511704098620124,0.34292401184256627,0.33467761382312017,0.036593275676964576,0.04483967369641073,0.05308607171585683,291,60,nan,nan,0,,True,True,elhigh-elmid
p1645,elmid-radnear-az180,elhigh-radmid-az315,0.3904801738321685,0.564910560764538,0.5920818950311372,0.3511704098620124,0.3357774895562401,25,42,0.3511704098620124,0.34347394970912626,0.3357774895562401,0.039309763970156064,0.04700622412304223,0.05470268427592839,294,60,nan,nan,0,,True,True,elhigh-elmid
p1646,elmid-radnear-az180,elhigh-radfar-az000,0.3850972499039511,0.5584672279822982,0.5851186736774489,0.3511704098620124,0.33999633482078295,25,33,0.3511704098620124,0.3455833723413977,0.33999633482078295,0.03392684004193869,0.03951387756255342,0.04510091508316816,298,51,nan,nan,0,,True,True,elhigh-elmid
p1647,elmid-radnear-az180,elhigh-radfar-az045,0.40994778984567454,0.5893468604255364,0.6152860118071374,0.3511704098620124,0.3517406582248309,25,24,0.3517406582248309,0.35145553404342167,0.3511704098620124,0.05820713162084362,0.05849225580225287,0.058777379983662115,267,72,nan,nan,0,,True,True,elhigh-elmid
p1648,elmid-radnear-az180,elhigh-radfar-az090,0.4053519702035639,0.5791170191009481,0.6013614891551271,0.3511704098620124,0.33715840306367034,25,39,0.3511704098620124,0.3441644064628414,0.33715840306367034,0.05418156034155147,0.061187563740722484,0.06819356713989355,291,58,nan,nan,0,,True,True,elhigh-elmid
p1649,elmid-radnear-az180,elhigh-radfar-az135,0.3898139802697878,0.5729165642518784,0.597150002307841,0.3511704098620124,0.35443982782283306,25,22,0.35443982782283306,0.3528051188424227,0.3511704098620124,0.03537415244695474,0.03700886142736509,0.038643570407775385,297,56,nan,nan,0,,True,True,elhigh-elmid
p1650,elmid-radnear-az180,elhigh-radfar-az180,0.4035929773409063,0.5857366490375634,0.6112415666835445,0.3511704098620124,0.3435612602938729,25,29,0.3511704098620124,0.34736583507794266,0.3435612602938729,0.0524225674788939,0.05622714226296366,0.06003171704703342,291,62,nan,nan,0,,True,True,elhigh-elmid
p1651,elmid-radnear-az180,elhigh-radfar-az225,0.39315439547870035,0.5729464118212665,0.5980685269559007,0.3511704098620124,0.3330930922222578,25,45,0.3511704098620124,0.3421317510421351,0.3330930922222578,0.041983985616687924,0.051022644436565234,0.060061303256442544,294,57,nan,nan,0,,True,True,elhigh-elmid
p1652,elmid-radnear-az180,elhigh-radfar-az270,0.38951810228701333,0.5648924250481125,0.589666610675716,0.3511704098620124,0.3342499000230558,25,44,0.3511704098620124,0.3427101549425341,0.3342499000230558,0.03834769242500091,0.04680794734447924,0.05526820226395751,288,60,nan,nan,0,,True,True,elhigh-elmid
p1653,elmid-radnear-az180,elhigh-radfar-az315,0.3982606614149621,0.5852051972698035,0.6115281159590732,0.3511704098620124,0.3370014455332844,25,40,0.3511704098620124,0.34408592769764845,0.3370014455332844,0.04709025155294966,0.05417473371731363,0.06125921588167765,288,60,nan,nan,0,,True,True,elhigh-elmid
p1654,elmid-radnear-az225,elmid-radnear-az270,0.37403880135663853,0.5436547296829256,0.5661256668544954,0.36478026048785717,0.3473214946568377,17,26,0.36478026048785717,0.35605087757234744,0.3473214946568377,0.009258540868781362,0.017987923784291093,0.026717306699800825,280,62,nan,nan,0,,True,True,elmid-elmid
p1655,elmid-radnear-az225,elmid-radnear-az315,0.38292165921083643,0.5592750575771048,0.5789156570919454,0.36478026048785717,0.3398194147983978,17,34,0.36478026048785717,0.35229983764312744,0.3398194147983978,0.018141398722979263,0.030621821567708984,0.04310224441243865,288,64,nan,nan,0,,True,True,elmid-elmid
p1656,elmid-radnear-az225,elmid-radmid-az000,0.42037234069878543,0.6233224579894954,0.6521286194850441,0.36478026048785717,0.40109184962731287,17,5,0.40109184962731287,0.382936055057585,0.36478026048785717,0.01928049107147256,0.03743628564120044,0.05559208021092826,284,59,nan,nan,0,,True,True,elmid-elmid
p1657,elmid-radnear-az225,elmid-radmid-az045,0.41130188915668353,0.6014267348199251,0.6358640953498835,0.36478026048785717,0.41641372706811924,17,1,0.41641372706811924,0.3905969937779882,0.36478026048785717,-0.005111837911435713,0.020704895378695354,0.046521628668826365,281,69,nan,nan,0,,False,True,elmid-elmid
p1658,elmid-radnear-az225,elmid-radmid-az090,0.4165610350690796,0.5961628778536131,0.6218390867590776,0.36478026048785717,0.39457841386323705,17,8,0.39457841386323705,0.37967933717554714,0.36478026048785717,0.021982621205842545,0.03688169789353246,0.05178077458122243,286,70,nan,nan,0,,True,True,elmid-elmid
p1659,elmid-radnear-az225,elmid-radmid-az135,0.4067579755943646,0.6021871767192151,0.6343808252696416,0.36478026048785717,0.3855787851950759,17,15,0.3855787851950759,0.3751795228414665,0.36478026048785717,0.021179190399288728,0.03157845275289811,0.04197771510650744,293,72,nan,nan,0,,True,True,elmid-elmid
p1660,elmid-radnear-az225,elmid-radmid-az180,0.41769647274030614,0.6107512158024234,0.6357294209770724,0.36478026048785717,0.3920347270865256,17,10,0.3920347270865256,0.3784074937871914,0.36478026048785717,0.025661745653780543,0.03928897895311473,0.05291621225244897,295,59,nan,nan,0,,True,True,elmid-elmid
p1661,elmid-radnear-az225,elmid-radmid-az225,0.40816816209902834,0.6146026810367992,0.6517596113572058,0.36478026048785717,0.4035228167038699,17,2,0.4035228167038699,0.38415153859586354,0.36478026048785717,0.004645345395158429,0.024016623503164802,0.043387901611171176,297,66,nan,nan,0,,True,True,elmid-elmid
p1662,elmid-radnear-az225,elmid-radmid-az270,0.41240520103329037,0.6088941571451181,0.6355507752956109,0.36478026048785717,0.40315190191972006,17,3,0.40315190191972006,0.3839660812037886,0.36478026048785717,0.009253299113570312,0.028439119829501758,0.0476249405454332,284,61,nan,nan,0,,True,True,elmid-elmid
p1663,elmid-radnear-az225,elmid-radmid-az315,0.4145033314640926,0.6168517665328642,0.649905174925187,0.36478026048785717,0.38855085122315813,17,13,0.38855085122315813,0.37666555585550765,0.36478026048785717,0.02595248024093444,0.03783777560858492,0.049723070976235406,292,64,nan,nan,0,,True,True,elmid-elmid
p1664,elmid-radnear-az225,elmid-radfar-az000,0.4244462449281428,0.6333120153715266,0.6717371722115719,0.36478026048785717,0.3883653697649618,17,14,0.3883653697649618,0.3765728151264095,0.36478026048785717,0.036080875163181036,0.047873429801733314,0.059665984440285647,295,63,nan,nan,0,,True,True,elmid-elmid
p1665,elmid-radnear-az225,elmid-radfar-az045,0.42444374953049496,0.625544594705916,0.6613136613850142,0.36478026048785717,0.3904277067982496,17,12,0.3904277067982496,0.37760398364305336,0.36478026048785717,0.034016042732245344,0.0468397658874416,0.059663489042637796,285,70,nan,nan,0,,True,True,elmid-elmid
p1666,elmid-radnear-az225,elmid-radfar-az090,0.4284165292685916,0.6355700065349752,0.6702063227345868,0.36478026048785717,0.4031096513417022,17,4,0.4031096513417022,0.3839449559147797,0.36478026048785717,0.025306877926889404,0.04447157335381191,0.06363626878073442,285,71,nan,nan,0,,True,True,elmid-elmid
p1667,elmid-radnear-az225,elmid-radfar-az135,0.428236276349183,0.6354646806498936,0.6689522005129724,0.36478026048785717,0.3906639225147944,17,11,0.3906639225147944,0.3777220915013258,0.36478026048785717,0.03757235383438856,0.05051418484785719,0.06345601586132582,292,62,nan,nan,0,,True,True,elmid-elmid
p1668,elmid-radnear-az225,elmid-radfar-az180,0.43011231022792623,0.6390000928780452,0.6703623868480787,0.36478026048785717,0.39775345373611054,17,7,0.39775345373611054,0.3812668571119838,0.36478026048785717,0.03235885649181569,0.048845453115942405,0.06533204974006906,297,62,nan,nan,0,,True,True,elmid-elmid
p1669,elmid-radnear-az225,elmid-radfar-az225,0.40995631949675154,0.6211460180038968,0.6600272267719519,0.36478026048785717,0.40094783670068784,17,6,0.40094783670068784,0.3828640485942725,0.36478026048785717,0.0090084827960637,0.027092270902479065,0.045176059008894376,279,70,nan,nan,0,,True,True,elmid-elmid
p1670,elmid-radnear-az225,elmid-radfar-az270,0.41828315168743335,0.6274828584498245,0.6653458636146176,0.36478026048785717,0.39259913412484276,17,9,0.39259913412484276,0.37868969730634994,0.36478026048785717,0.02568401756259059,0.039593454381083415,0.053502891199576186,291,68,nan,nan,0,,True,True,elmid-elmid
p1671,elmid-radnear-az225,elmid-radfar-az315,0.4226373912371834,0.6286148505152427,0.661192970211548,0.36478026048785717,0.38032179073567957,17,16,0.38032179073567957,0.37255102561176834,0.36478026048785717,0.04231560050150385,0.050086365625415075,0.05785713074932625,294,65,nan,nan,0,,True,True,elmid-elmid
p1672,elmid-radnear-az225,elhigh-radnear-az000,0.38422360171191905,0.56096120032163,0.580989001592926,0.36478026048785717,0.3287976256874326,17,48,0.36478026048785717,0.34678894308764485,0.3287976256874326,0.019443341224061883,0.0374346586242742,0.055425976024486456,287,64,nan,nan,0,,True,True,elhigh-elmid
p1673,elmid-radnear-az225,elhigh-radnear-az045,0.3768745469141918,0.5521902953982034,0.579266432951003,0.36478026048785717,0.3372504425742561,17,38,0.36478026048785717,0.3510153515310567,0.3372504425742561,0.012094286426334644,0.025859195383135136,0.039624104339935684,298,64,nan,nan,0,,True,True,elhigh-elmid
p1674,elmid-radnear-az225,elhigh-radnear-az090,0.38521939537193156,0.5538542088070768,0.579528344142688,0.36478026048785717,0.3417464009985519,17,32,0.36478026048785717,0.35326333074320454,0.3417464009985519,0.020439134884074395,0.03195606462872702,0.04347299437337965,287,70,nan,nan,0,,True,True,elhigh-elmid
p1675,elmid-radnear-az225,elhigh-radnear-az135,0.38803539873972437,0.5587644247588367,0.5821139494959968,0.36478026048785717,0.3320552452601486,17,46,0.36478026048785717,0.3484177528740029,0.3320552452601486,0.023255138251867202,0.039617645865721474,0.055980153479575745,283,70,nan,nan,0,,True,True,elhigh-elmid
p1676,elmid-radnear-az225,elhigh-radnear-az180,0.3839892904754563,0.5535183189077215,0.5793955689097328,0.36478026048785717,0.3395650145085634,17,35,0.36478026048785717,0.35217263749821026,0.3395650145085634,0.019209029987599158,0.03181665297724606,0.04442427596689291,292,62,nan,nan,0,,True,True,elhigh-elmid
p1677,elmid-radnear-az225,elhigh-radnear-az225,0.36582915392020227,0.5395733858736372,0.5629236252116644,0.36478026048785717,0.3440784937220457,17,28,0.36478026048785717,0.3544293771049514,0.3440784937220457,0.0010488934323450994,0.01139977681525084,0.02175066019815658,277,72,nan,nan,0,,True,True,elhigh-elmid
p1678,elmid-radnear-az225,elhigh-radnear-az270,0.38229988328890746,0.5607540739717916,0.5848973890677348,0.36478026048785717,0.3216859159930162,17,49,0.36478026048785717,0.3432330882404367,0.3216859159930162,0.017519622801050294,0.03906679504847077,0.06061396729589125,289,66,nan,nan,0,,True,True,elhigh-elmid
p1679,elmid-radnear-az225,elhigh-radnear-az315,0.3823362767804217,0.5571841351735906,0.5804668762762818,0.36478026048785717,0.3361849875189326,17,41,0.36478026048785717,0.3504826240033949,0.3361849875189326,0.017556016292564536,0.031853652777026786,0.04615128926148909,286,70,nan,nan,0,,True,True,elhigh-elmid
p1680,elmid-radnear-az225,elhigh-radmid-az000,0.38476506966117674,0.5576528014157929,0.5828462804012333,0.36478026048785717,0.3459669579749205,17,27,0.36478026048785717,0.35537360923138883,0.3459669579749205,0.019984809173319573,0.029391460429787908,0.03879811168625624,283,59,nan,nan,0,,True,True,elhigh-elmid
p1681,elmid-radnear-az225,elhigh-radmid-az045,0.391291428365617,0.5606816778934959,0.5861979987074476,0.36478026048785717,0.35969234721512794,17,18,0.36478026048785717,0.3622363038514925,0.35969234721512794,0.02651116787775981,0.029055124514124453,0.03159908115048904,293,62,nan,nan,0,,True,True,elhigh-elmid
p1682,elmid-radnear-az225,elhigh-radmid-az090,0.3909099452182818,0.5665246796845175,0.5899074338486104,0.36478026048785717,0.3545783681398182,17,21,0.36478026048785717,0.3596793143138377,0.3545783681398182,0.02612968473042465,0.031230630904444112,0.03633157707846363,287,64,nan,nan,0,,True,True,elhigh-elmid
p1683,elmid-radnear-az225,elhigh-radmid-az135,0.390750108229585,0.5671680220645364,0.5917002231919756,0.36478026048785717,0.3434079473811069,17,30,0.36478026048785717,0.35409410393448204,0.3434079473811069,0.025969847741727836,0.03665600429510296,0.04734216084847809,287,68,nan,nan,0,,True,True,elhigh-elmid
p1684,elmid-radnear-az225,elhigh-radmid-az180,0.3920212953199655,0.5746713945658805,0.6003899532696749,0.36478026048785717,0.35560303382831304,17,19,0.36478026048785717,0.3601916471580851,0.35560303382831304,0.027241034832108324,0.031829648161880386,0.03641826149165245,282,73,nan,nan,0,,True,True,elhigh-elmid
p1685,elmid-radnear-az225,elhigh-radmid-az225,0.37697216670583633,0.5532865761724692,0.5775942710225455,0.36478026048785717,0.33765850732244423,17,36,0.36478026048785717,0.35121938390515073,0.33765850732244423,0.012191906217979165,0.025752782800685603,0.0393136593833921,276,73,nan,nan,0,,True,True,elhigh-elmid
p1686,elmid-radnear-az225,elhigh-radmid-az270,0.38750258699615014,0.5637639758644462,0.5891122193528011,0.36478026048785717,0.33467761382312017,17,43,0.36478026048785717,0.3497289371554887,0.33467761382312017,0.022722326508292978,0.03777364984066145,0.052824973173029977,293,65,nan,nan,0,,True,True,elhigh-elmid
p1687,elmid-radnear-az225,elhigh-radmid-az315,0.38354188502056824,0.5631421199657967,0.5929954785550248,0.36478026048785717,0.3357774895562401,17,42,0.36478026048785717,0.35027887502204863,0.3357774895562401,0.018761624532711074,0.03326300999851961,0.04776439546432815,296,65,nan,nan,0,,True,True,elhigh-elmid
p1688,elmid-radnear-az225,elhigh-radfar-az000,0.39882183283146055,0.5786773919573336,0.6055101167262317,0.36478026048785717,0.33999633482078295,17,33,0.36478026048785717,0.35238829765432006,0.33999633482078295,0.03404157234360339,0.046433535177140495,0.0588254980106776,300,56,nan,nan,0,,True,True,elhigh-elmid
p1689,elmid-radnear-az225,elhigh-radfar-az045,0.40549284637088334,0.5935069510673042,0.6204718089350374,0.36478026048785717,0.3517406582248309,17,24,0.36478026048785717,0.35826045935634404,0.3517406582248309,0.040712585883026176,0.0472323870145393,0.053752188146052426,269,77,nan,nan,0,,True,True,elhigh-elmid
p1690,elmid-radnear-az225,elhigh-radfar-az090,0.4028767961164582,0.5827652998139035,0.6109331822364327,0.36478026048785717,0.33715840306367034,17,39,0.36478026048785717,0.3509693317757637,0.33715840306367034,0.03809653562860105,0.05190746434069449,0.06571839305278787,293,63,nan,nan,0,,True,True,elhigh-elmid
p1691,elmid-radnear-az225,elhigh-radfar-az135,0.40141708418444916,0.5837419516676805,0.6138269117027872,0.36478026048785717,0.35443982782283306,17,22,0.36478026048785717,0.35961004415534514,0.35443982782283306,0.03663682369659199,0.041807040029104015,0.04697725636161609,299,61,nan,nan,0,,True,True,elhigh-elmid
p1692,elmid-radnear-az225,elhigh-radfar-az180,0.4063006258005094,0.5838511576826492,0.6082397272814575,0.36478026048785717,0.3435612602938729,17,29,0.36478026048785717,0.35417076039086504,0.3435612602938729,0.04152036531265224,0.05212986540964437,0.0627393655066365,293,67,nan,nan,0,,True,True,elhigh-elmid
p1693,elmid-radnear-az225,elhigh-radfar-az225,0.39340196611233225,0.5711666569779766,0.5946006777576504,0.36478026048785717,0.3330930922222578,17,45,0.36478026048785717,0.3489366763550575,0.3330930922222578,0.02862170562447508,0.04446528975727476,0.060308873890074444,296,62,nan,nan,0,,True,True,elhigh-elmid
p1694,elmid-radnear-az225,elhigh-radfar-az270,0.3911522935628117,0.5664581182065108,0.5888061453884635,0.36478026048785717,0.3342499000230558,17,44,0.36478026048785717,0.3495150802554565,0.3342499000230558,0.02637203307495456,0.0416372133073552,0.0569023935397559,290,65,nan,nan,0,,True,True,elhigh-elmid
p1695,elmid-radnear-az225,elhigh-radfar-az315,0.39678856021248715,0.5758039520421001,0.601875480085457,0.36478026048785717,0.3370014455332844,17,40,0.36478026048785717,0.35089085301057077,0.3370014455332844,0.032008299724629985,0.04589770720191638,0.059787114679202724,290,65,nan,nan,0,,True,True,elhigh-elmid
p1696,elmid-radnear-az270,elmid-radnear-az315,0.36704508338092756,0.5388843042590633,0.5610098137665754,0.3473214946568377,0.3398194147983978,26,34,0.3473214946568377,0.3435704547276177,0.3398194147983978,0.019723588724089858,0.023474628653309848,0.027225668582529783,276,58,nan,nan,0,,True,True,elmid-elmid
p1697,elmid-radnear-az270,elmid-radmid-az000,0.4248736134870497,0.6253788942513526,0.6559849414571947,0.3473214946568377,0.40109184962731287,26,5,0.40109184962731287,0.37420667214207526,0.3473214946568377,0.02378176385973685,0.05066694134497446,0.07755211883021201,272,53,nan,nan,0,,True,True,elmid-elmid
p1698,elmid-radnear-az270,elmid-radmid-az045,0.42451377206584107,0.6173259933018622,0.6462447985399379,0.3473214946568377,0.41641372706811924,26,1,0.41641372706811924,0.38186761086247845,0.3473214946568377,0.008100044997721823,0.04264616120336262,0.07719227740900336,269,63,nan,nan,0,,True,True,elmid-elmid
p1699,elmid-radnear-az270,elmid-radmid-az090,0.4071121008845382,0.5925691377327043,0.6226252504090957,0.3473214946568377,0.39457841386323705,26,8,0.39457841386323705,0.3709499542600374,0.3473214946568377,0.012533687021301143,0.03616214662450079,0.059790606227700493,274,64,nan,nan,0,,True,True,elmid-elmid
p1700,elmid-radnear-az270,elmid-radmid-az135,0.41198043441060844,0.6062961896934872,0.6324731801407593,0.3473214946568377,0.3855787851950759,26,15,0.3855787851950759,0.36645013992595676,0.3473214946568377,0.026401649215532563,0.04553029448465168,0.06465893975377074,281,66,nan,nan,0,,True,True,elmid-elmid
p1701,elmid-radnear-az270,elmid-radmid-az180,0.4064179697751004,0.5932912764383185,0.6222905242292576,0.3473214946568377,0.3920347270865256,26,10,0.3920347270865256,0.3696781108716817,0.3473214946568377,0.014383242688574827,0.03673985890341874,0.059096475118262715,283,53,nan,nan,0,,True,True,elmid-elmid
p1702,elmid-radnear-az270,elmid-radmid-az225,0.41554037394278404,0.6174135864414564,0.65573048587638,0.3473214946568377,0.4035228167038699,26,2,0.4035228167038699,0.3754221556803538,0.3473214946568377,0.012017557238914123,0.04011821826243023,0.06821887928594633,285,60,nan,nan,0,,True,True,elmid-elmid
p1703,elmid-radnear-az270,elmid-radmid-az270,0.40190789922516673,0.5990333951699989,0.6296390869807564,0.3473214946568377,0.40315190191972006,26,3,0.40315190191972006,0.3752366982882789,0.3473214946568377,-0.0012440026945533256,0.02667120093688785,0.05458640456832903,272,55,nan,nan,0,,False,True,elmid-elmid
p1704,elmid-radnear-az270,elmid-radmid-az315,0.4122021974138537,0.6125962273812093,0.6462101708755444,0.3473214946568377,0.38855085122315813,26,13,0.38855085122315813,0.3679361729399979,0.3473214946568377,0.023651346190695588,0.0442660244738558,0.06488070275701602,280,58,nan,nan,0,,True,True,elmid-elmid
p1705,elmid-radnear-az270,elmid-radfar-az000,0.4279942725878088,0.6301522233642032,0.6654124994481054,0.3473214946568377,0.3883653697649618,26,14,0.3883653697649618,0.36784343221089977,0.3473214946568377,0.039628902822847034,0.06015084037690904,0.0806727779309711,283,57,nan,nan,0,,True,True,elmid-elmid
p1706,elmid-radnear-az270,elmid-radfar-az045,0.430042178243181,0.631743305755621,0.6633655507075478,0.3473214946568377,0.3904277067982496,26,12,0.3904277067982496,0.36887460072754363,0.3473214946568377,0.039614471444931354,0.06116757751563734,0.08272068358634327,273,64,nan,nan,0,,True,True,elmid-elmid
p1707,elmid-radnear-az270,elmid-radfar-az090,0.42515958465956344,0.6304888423438757,0.6652309886667734,0.3473214946568377,0.4031096513417022,26,4,0.4031096513417022,0.37521557299926994,0.3473214946568377,0.02204993331786126,0.0499440116602935,0.07783809000272573,273,65,nan,nan,0,,True,True,elmid-elmid
p1708,elmid-radnear-az270,elmid-radfar-az135,0.42569850598818176,0.6338447874494094,0.6666063426838011,0.3473214946568377,0.3906639225147944,26,11,0.3906639225147944,0.36899270858581606,0.3473214946568377,0.03503458347338734,0.0567057974023657,0.07837701133134406,280,56,nan,nan,0,,True,True,elmid-elmid
p1709,elmid-radnear-az270,elmid-radfar-az180,0.42811095096251317,0.6328097234452077,0.6655258745108616,0.3473214946568377,0.39775345373611054,26,7,0.39775345373611054,0.3725374741964741,0.3473214946568377,0.03035749722640263,0.055573476766039076,0.08078945630567547,285,56,nan,nan,0,,True,True,elmid-elmid
p1710,elmid-radnear-az270,elmid-radfar-az225,0.4226139785523628,0.6374358548264838,0.671989983888886,0.3473214946568377,0.40094783670068784,26,6,0.40094783670068784,0.37413466567876275,0.3473214946568377,0.02166614185167498,0.04847931287360008,0.07529248389552512,267,64,nan,nan,0,,True,True,elmid-elmid
p1711,elmid-radnear-az270,elmid-radfar-az270,0.410931583037431,0.6261471626971168,0.6614877096084754,0.3473214946568377,0.39259913412484276,26,9,0.39259913412484276,0.3699603143908402,0.3473214946568377,0.01833244891258823,0.040971268646590786,0.06361008838059329,279,62,nan,nan,0,,True,True,elmid-elmid
p1712,elmid-radnear-az270,elmid-radfar-az315,0.410584718664663,0.619352824762499,0.6563075484428266,0.3473214946568377,0.38032179073567957,26,16,0.38032179073567957,0.3638216426962586,0.3473214946568377,0.03026292792898344,0.0467630759684044,0.0632632240078253,282,59,nan,nan,0,,True,True,elmid-elmid
p1713,elmid-radnear-az270,elhigh-radnear-az000,0.37594222223773155,0.5435961885931525,0.565284065012417,0.3473214946568377,0.3287976256874326,26,48,0.3473214946568377,0.3380595601721351,0.3287976256874326,0.028620727580893845,0.03788266206559643,0.047144596550298956,275,58,nan,nan,0,,True,True,elhigh-elmid
p1714,elmid-radnear-az270,elhigh-radnear-az045,0.37575014323651723,0.5414576817722969,0.566265819441643,0.3473214946568377,0.3372504425742561,26,38,0.3473214946568377,0.34228596861554694,0.3372504425742561,0.028428648579679527,0.03346417462097029,0.038499700662261105,286,58,nan,nan,0,,True,True,elhigh-elmid
p1715,elmid-radnear-az270,elhigh-radnear-az090,0.34226197234132955,0.5030199987668129,0.5323121512337133,0.3473214946568377,0.3417464009985519,26,32,0.3473214946568377,0.3445339478276948,0.3417464009985519,-0.005059522315508158,-0.002271975486365263,0.0005155713427776321,275,64,nan,nan,0,,False,False,elhigh-elmid
p1716,elmid-radnear-az270,elhigh-radnear-az135,0.36942697797947294,0.534928068461427,0.5583211514292654,0.3473214946568377,0.3320552452601486,26,46,0.3473214946568377,0.33968836995849316,0.3320552452601486,0.022105483322635233,0.029738608020979773,0.03737173271932431,271,64,nan,nan,0,,True,True,elhigh-elmid
p1717,elmid-radnear-az270,elhigh-radnear-az180,0.3718513517328957,0.5395486704776243,0.5649883549491962,0.3473214946568377,0.3395650145085634,26,35,0.3473214946568377,0.34344325458270053,0.3395650145085634,0.02452985707605798,0.028408097150195155,0.03228633722433227,280,56,nan,nan,0,,True,True,elhigh-elmid
p1718,elmid-radnear-az270,elhigh-radnear-az225,0.36597868625922375,0.5310417235026492,0.5516676486734174,0.3473214946568377,0.3440784937220457,26,28,0.3473214946568377,0.3456999941894417,0.3440784937220457,0.018657191602386047,0.020278692069782056,0.021900192537178065,265,66,nan,nan,0,,True,True,elhigh-elmid
p1719,elmid-radnear-az270,elhigh-radnear-az270,0.3582563516841715,0.531301942874478,0.555468576066431,0.3473214946568377,0.3216859159930162,26,49,0.3473214946568377,0.33450370532492696,0.3216859159930162,0.010934857027333822,0.023752646359244567,0.03657043569115531,277,60,nan,nan,0,,True,True,elhigh-elmid
p1720,elmid-radnear-az270,elhigh-radnear-az315,0.36818513052028606,0.5337332608595226,0.5566533628657369,0.3473214946568377,0.3361849875189326,26,41,0.3473214946568377,0.3417532410878852,0.3361849875189326,0.02086363586344836,0.02643188943240088,0.032000143001353454,274,64,nan,nan,0,,True,True,elhigh-elmid
p1721,elmid-radnear-az270,elhigh-radmid-az000,0.38479243544025893,0.5506662979430061,0.5723234550109036,0.3473214946568377,0.3459669579749205,26,27,0.3473214946568377,0.3466442263158791,0.3459669579749205,0.037470940783421225,0.03814820912437983,0.03882547746533843,271,53,nan,nan,0,,True,True,elhigh-elmid
p1722,elmid-radnear-az270,elhigh-radmid-az045,0.3910459107125646,0.555690065681255,0.577432282690343,0.3473214946568377,0.35969234721512794,26,18,0.35969234721512794,0.3535069209359828,0.3473214946568377,0.031353563497436676,0.03753898977658182,0.04372441605572691,281,56,nan,nan,0,,True,True,elhigh-elmid
p1723,elmid-radnear-az270,elhigh-radmid-az090,0.39002516959323286,0.5592507742501234,0.5823167841580975,0.3473214946568377,0.3545783681398182,26,21,0.3545783681398182,0.350949931398328,0.3473214946568377,0.03544680145341467,0.03907523819490488,0.04270367493639515,275,58,nan,nan,0,,True,True,elhigh-elmid
p1724,elmid-radnear-az270,elhigh-radmid-az135,0.3822719969831526,0.5608769046311373,0.590719296967672,0.3473214946568377,0.3434079473811069,26,30,0.3473214946568377,0.3453647210189723,0.3434079473811069,0.034950502326314914,0.03690727596418031,0.0388640496020457,275,62,nan,nan,0,,True,True,elhigh-elmid
p1725,elmid-radnear-az270,elhigh-radmid-az180,0.38234094956367254,0.5490884582396329,0.5726361030262195,0.3473214946568377,0.35560303382831304,26,19,0.35560303382831304,0.3514622642425754,0.3473214946568377,0.026737915735359497,0.030878685321097166,0.035019454906834835,270,67,nan,nan,0,,True,True,elhigh-elmid
p1726,elmid-radnear-az270,elhigh-radmid-az225,0.3840979102497867,0.5533345762320695,0.5751866047089171,0.3473214946568377,0.33765850732244423,26,36,0.3473214946568377,0.342490000989641,0.33765850732244423,0.036776415592948974,0.04160790926014568,0.046439402927342444,264,67,nan,nan,0,,True,True,elhigh-elmid
p1727,elmid-radnear-az270,elhigh-radmid-az270,0.3675779395415667,0.544212753869301,0.5715159906013031,0.3473214946568377,0.33467761382312017,26,43,0.3473214946568377,0.34099955423997896,0.33467761382312017,0.020256444884728997,0.026578385301587737,0.03290032571844653,281,59,nan,nan,0,,True,True,elhigh-elmid
p1728,elmid-radnear-az270,elhigh-radmid-az315,0.38291210570556383,0.5599383719690559,0.5856637154143538,0.3473214946568377,0.3357774895562401,26,42,0.3473214946568377,0.3415494921065389,0.3357774895562401,0.03559061104872613,0.04136261359902493,0.04713461614932374,284,59,nan,nan,0,,True,True,elhigh-elmid
p1729,elmid-radnear-az270,elhigh-radfar-az000,0.3888351187212005,0.5647783030673865,0.5877067043938632,0.3473214946568377,0.33999633482078295,26,33,0.3473214946568377,0.34365891473881033,0.33999633482078295,0.04151362406436282,0.045176203982390195,0.04883878390041757,288,50,nan,nan,0,,True,True,elhigh-elmid
p1730,elmid-radnear-az270,elhigh-radfar-az045,0.4114744338549937,0.5955076782844364,0.6206506267949561,0.3473214946568377,0.3517406582248309,26,24,0.3517406582248309,0.3495310764408343,0.3473214946568377,0.0597337756301628,0.061943357414159406,0.06415293919815601,257,71,nan,nan,0,,True,True,elhigh-elmid
p1731,elmid-radnear-az270,elhigh-radfar-az090,0.3842312967884229,0.5623277832051956,0.5904999567767061,0.3473214946568377,0.33715840306367034,26,39,0.3473214946568377,0.342239948860254,0.33715840306367034,0.03690980213158518,0.04199134792816889,0.04707289372475254,281,57,nan,nan,0,,True,True,elhigh-elmid
p1732,elmid-radnear-az270,elhigh-radfar-az135,0.38334353209318855,0.5595226914696981,0.5889236277119038,0.3473214946568377,0.35443982782283306,26,22,0.35443982782283306,0.3508806612398354,0.3473214946568377,0.02890370427035549,0.03246287085335314,0.03602203743635085,287,55,nan,nan,0,,True,True,elhigh-elmid
p1733,elmid-radnear-az270,elhigh-radfar-az180,0.40255299994663657,0.5820894114139806,0.6092608269485101,0.3473214946568377,0.3435612602938729,26,29,0.3473214946568377,0.3454413774753553,0.3435612602938729,0.055231505289798866,0.057111622471281265,0.058991739652763664,281,61,nan,nan,0,,True,True,elhigh-elmid
p1734,elmid-radnear-az270,elhigh-radfar-az225,0.39445429619425626,0.5693744706300314,0.5916367225097616,0.3473214946568377,0.3330930922222578,26,45,0.3473214946568377,0.34020729343954775,0.3330930922222578,0.047132801537418556,0.054247002754708507,0.06136120397199846,284,56,nan,nan,0,,True,True,elhigh-elmid
p1735,elmid-radnear-az270,elhigh-radfar-az270,0.37895389277313735,0.5598047471202907,0.5871571278979443,0.3473214946568377,0.3342499000230558,26,44,0.3473214946568377,0.3407856973399468,0.3342499000230558,0.03163239811629964,0.038168195433190555,0.04470399275008152,278,59,nan,nan,0,,True,True,elhigh-elmid
p1736,elmid-radnear-az270,elhigh-radfar-az315,0.39307777722334064,0.5726493256538121,0.597816741005918,0.3473214946568377,0.3370014455332844,26,40,0.3473214946568377,0.34216147009506104,0.3370014455332844,0.04575628256650294,0.0509163071282796,0.056076331690056214,278,59,nan,nan,0,,True,True,elhigh-elmid
p1737,elmid-radnear-az315,elmid-radmid-az000,0.4110525647607402,0.6176364326392471,0.6485904706012893,0.3398194147983978,0.40109184962731287,34,5,0.40109184962731287,0.3704556322128553,0.3398194147983978,0.009960715133427334,0.04059693254788488,0.07123314996234242,280,55,nan,nan,0,,True,True,elmid-elmid
p1738,elmid-radnear-az315,elmid-radmid-az045,0.41555789892078204,0.6104196988908959,0.6411544591893812,0.3398194147983978,0.41641372706811924,34,1,0.41641372706811924,0.3781165709332585,0.3398194147983978,-0.0008558281473372009,0.03744132798752353,0.07573848412238426,277,65,nan,nan,0,,False,True,elmid-elmid
p1739,elmid-radnear-az315,elmid-radmid-az090,0.40513490706911054,0.5927652604526473,0.6208611844682539,0.3398194147983978,0.39457841386323705,34,8,0.39457841386323705,0.3671989143308174,0.3398194147983978,0.010556493205873485,0.03793599273829312,0.06531549227071276,282,66,nan,nan,0,,True,True,elmid-elmid
p1740,elmid-radnear-az315,elmid-radmid-az135,0.4076118781730133,0.5936185923529871,0.6236390641866939,0.3398194147983978,0.3855787851950759,34,15,0.3855787851950759,0.36269909999673683,0.3398194147983978,0.02203309297793743,0.04491277817627648,0.06779246337461553,289,68,nan,nan,0,,True,True,elmid-elmid
p1741,elmid-radnear-az315,elmid-radmid-az180,0.41133078947152035,0.599326506521431,0.6265166084932733,0.3398194147983978,0.3920347270865256,34,10,0.3920347270865256,0.3659270709424617,0.3398194147983978,0.01929606238499476,0.04540371852905867,0.07151137467312257,291,55,nan,nan,0,,True,True,elmid-elmid
p1742,elmid-radnear-az315,elmid-radmid-az225,0.4180813100177286,0.6214389083731655,0.6582169016759494,0.3398194147983978,0.4035228167038699,34,2,0.4035228167038699,0.3716711157511339,0.3398194147983978,0.014558493313858667,0.046410194266594706,0.0782618952193308,293,62,nan,nan,0,,True,True,elmid-elmid
p1743,elmid-radnear-az315,elmid-radmid-az270,0.4016589924301469,0.5912360851597506,0.6221268505230113,0.3398194147983978,0.40315190191972006,34,3,0.40315190191972006,0.3714856583590589,0.3398194147983978,-0.0014929094895731465,0.03017333407108802,0.06183957763174913,280,57,nan,nan,0,,False,True,elmid-elmid
p1744,elmid-radnear-az315,elmid-radmid-az315,0.39210876065655326,0.5910820459815844,0.6215929966896226,0.3398194147983978,0.38855085122315813,34,13,0.38855085122315813,0.36418513301077793,0.3398194147983978,0.0035579094333951233,0.02792362764577533,0.05228934585815548,288,60,nan,nan,0,,True,True,elmid-elmid
p1745,elmid-radnear-az315,elmid-radfar-az000,0.41615919033665694,0.6249788769510849,0.6609261813213766,0.3398194147983978,0.3883653697649618,34,14,0.3883653697649618,0.3640923922816798,0.3398194147983978,0.02779382057169516,0.05206679805497716,0.07633977553825916,291,59,nan,nan,0,,True,True,elmid-elmid
p1746,elmid-radnear-az315,elmid-radfar-az045,0.41670781848003624,0.6135399265250013,0.6510608425985863,0.3398194147983978,0.3904277067982496,34,12,0.3904277067982496,0.3651235607983237,0.3398194147983978,0.026280111681786622,0.05158425768171254,0.07688840368163846,281,66,nan,nan,0,,True,True,elmid-elmid
p1747,elmid-radnear-az315,elmid-radfar-az090,0.42901378205324264,0.6342094292035227,0.6700994399570007,0.3398194147983978,0.4031096513417022,34,4,0.4031096513417022,0.37146453307005,0.3398194147983978,0.025904130711540463,0.057549248983192636,0.08919436725484486,281,67,nan,nan,0,,True,True,elmid-elmid
p1748,elmid-radnear-az315,elmid-radfar-az135,0.4087692743684551,0.6148422833622471,0.6488982925544947,0.3398194147983978,0.3906639225147944,34,11,0.3906639225147944,0.36524166865659613,0.3398194147983978,0.01810535185366069,0.043527605711858985,0.06894985957005734,288,58,nan,nan,0,,True,True,elmid-elmid
p1749,elmid-radnear-az315,elmid-radfar-az180,0.4260048748643039,0.6295827840203972,0.6603049395601949,0.3398194147983978,0.39775345373611054,34,7,0.39775345373611054,0.36878643426725416,0.3398194147983978,0.028251421128193344,0.057218440597049725,0.0861854600659061,293,58,nan,nan,0,,True,True,elmid-elmid
p1750,elmid-radnear-az315,elmid-radfar-az225,0.42111434326266034,0.631145492252831,0.6655121531413642,0.3398194147983978,0.40094783670068784,34,6,0.40094783670068784,0.3703836257495428,0.3398194147983978,0.020166506561972497,0.05073071751311753,0.08129492846426256,275,66,nan,nan,0,,True,True,elmid-elmid
p1751,elmid-radnear-az315,elmid-radfar-az270,0.42045817674723385,0.6361514454137779,0.673099434965557,0.3398194147983978,0.39259913412484276,34,9,0.39259913412484276,0.36620927446162027,0.3398194147983978,0.027859042622391084,0.054248902285613576,0.08063876194883607,287,64,nan,nan,0,,True,True,elmid-elmid
p1752,elmid-radnear-az315,elmid-radfar-az315,0.4073140549631703,0.6210072863178359,0.6569948659697299,0.3398194147983978,0.38032179073567957,34,16,0.38032179073567957,0.36007060276703867,0.3398194147983978,0.026992264227490737,0.04724345219613163,0.06749464016477252,290,61,nan,nan,0,,True,True,elmid-elmid
p1753,elmid-radnear-az315,elhigh-radnear-az000,0.3705548648260322,0.5359274840129324,0.5593564503988873,0.3398194147983978,0.3287976256874326,34,48,0.3398194147983978,0.3343085202429152,0.3287976256874326,0.030735450027634448,0.03624634458311704,0.04175723913859963,283,60,nan,nan,0,,True,True,elhigh-elmid
p1754,elmid-radnear-az315,elhigh-radnear-az045,0.3783233996888713,0.5416405387465881,0.5652078288792808,0.3398194147983978,0.3372504425742561,34,38,0.3398194147983978,0.33853492868632695,0.3372504425742561,0.03850398489047352,0.039788471002544346,0.04107295711461517,294,60,nan,nan,0,,True,True,elhigh-elmid
p1755,elmid-radnear-az315,elhigh-radnear-az090,0.3735809708075464,0.5461541521314989,0.5693180019445587,0.3398194147983978,0.3417464009985519,34,32,0.3417464009985519,0.3407829078984749,0.3398194147983978,0.03183456980899446,0.0327980629090715,0.0337615560091486,283,66,nan,nan,0,,True,True,elhigh-elmid
p1756,elmid-radnear-az315,elhigh-radnear-az135,0.3751723842855084,0.5485446336064511,0.5745474855859585,0.3398194147983978,0.3320552452601486,34,46,0.3398194147983978,0.3359373300292732,0.3320552452601486,0.03535296948711064,0.03923505425623525,0.043117139025359796,279,66,nan,nan,0,,True,True,elhigh-elmid
p1757,elmid-radnear-az315,elhigh-radnear-az180,0.38175740158532134,0.5500233750976325,0.5722253696306955,0.3398194147983978,0.3395650145085634,34,35,0.3398194147983978,0.3396922146534806,0.3395650145085634,0.041937986786923565,0.04206518693184075,0.04219238707675793,288,58,nan,nan,0,,True,True,elhigh-elmid
p1758,elmid-radnear-az315,elhigh-radnear-az225,0.37437344986504256,0.5512898788279263,0.5709639924247377,0.3398194147983978,0.3440784937220457,34,28,0.3440784937220457,0.34194895426022176,0.3398194147983978,0.030294956142996876,0.0324244956048208,0.034554035066644784,273,68,nan,nan,0,,True,True,elhigh-elmid
p1759,elmid-radnear-az315,elhigh-radnear-az270,0.36271246109516625,0.5373708699099405,0.561467955496042,0.3398194147983978,0.3216859159930162,34,49,0.3398194147983978,0.330752665395707,0.3216859159930162,0.02289304629676847,0.031959795699459226,0.041026545102150036,285,62,nan,nan,0,,True,True,elhigh-elmid
p1760,elmid-radnear-az315,elhigh-radnear-az315,0.35954353579101944,0.5308178189131153,0.551164797264601,0.3398194147983978,0.3361849875189326,34,41,0.3398194147983978,0.3380022011586652,0.3361849875189326,0.019724120992621663,0.021541334632354248,0.023358548272086832,282,66,nan,nan,0,,True,True,elhigh-elmid
p1761,elmid-radnear-az315,elhigh-radmid-az000,0.37663673904242617,0.5532331686583052,0.5741201734716483,0.3398194147983978,0.3459669579749205,34,27,0.3459669579749205,0.3428931863866591,0.3398194147983978,0.030669781067505675,0.03374355265576706,0.03681732424402839,279,55,nan,nan,0,,True,True,elhigh-elmid
p1762,elmid-radnear-az315,elhigh-radmid-az045,0.389599015032123,0.5579528686450784,0.5765435108599033,0.3398194147983978,0.35969234721512794,34,18,0.35969234721512794,0.34975588100676286,0.3398194147983978,0.02990666781699508,0.03984313402536016,0.04977960023372524,289,58,nan,nan,0,,True,True,elhigh-elmid
p1763,elmid-radnear-az315,elhigh-radmid-az090,0.39494288428526025,0.5596716774247683,0.5804729894565602,0.3398194147983978,0.3545783681398182,34,21,0.3545783681398182,0.347198891469108,0.3398194147983978,0.040364516145442064,0.04774399281615227,0.055123469486862475,283,60,nan,nan,0,,True,True,elhigh-elmid
p1764,elmid-radnear-az315,elhigh-radmid-az135,0.38172978679247127,0.5596556797748571,0.582712563096601,0.3398194147983978,0.3434079473811069,34,30,0.3434079473811069,0.3416136810897523,0.3398194147983978,0.038321839411364356,0.04011610570271895,0.04191037199407349,283,64,nan,nan,0,,True,True,elhigh-elmid
p1765,elmid-radnear-az315,elhigh-radmid-az180,0.3885260034263422,0.5674640723341025,0.5883928019626784,0.3398194147983978,0.35560303382831304,34,19,0.35560303382831304,0.34771122431335544,0.3398194147983978,0.03292296959802915,0.040814779112986754,0.048706588627944414,278,69,nan,nan,0,,True,True,elhigh-elmid
p1766,elmid-radnear-az315,elhigh-radmid-az225,0.38018897592172934,0.5590726879989582,0.5834814361213457,0.3398194147983978,0.33765850732244423,34,36,0.3398194147983978,0.338738961060421,0.33765850732244423,0.040369561123331565,0.04145001486130834,0.04253046859928511,272,69,nan,nan,0,,True,True,elhigh-elmid
p1767,elmid-radnear-az315,elhigh-radmid-az270,0.39130047240148563,0.5639996325043669,0.5897664506208361,0.3398194147983978,0.33467761382312017,34,43,0.3398194147983978,0.337248514310759,0.33467761382312017,0.051481057603087854,0.05405195809072666,0.056622858578365465,289,61,nan,nan,0,,True,True,elhigh-elmid
p1768,elmid-radnear-az315,elhigh-radmid-az315,0.3690374665862675,0.5474235056737684,0.5707292142031325,0.3398194147983978,0.3357774895562401,34,42,0.3398194147983978,0.33779845217731896,0.3357774895562401,0.029218051787869737,0.03123901440894855,0.03325997703002742,292,61,nan,nan,0,,True,True,elhigh-elmid
p1769,elmid-radnear-az315,elhigh-radfar-az000,0.3904566128210778,0.567028799371374,0.5913594779526724,0.3398194147983978,0.33999633482078295,34,33,0.33999633482078295,0.3399078748095904,0.3398194147983978,0.050460278000294845,0.050548738011487404,0.05063719802268002,296,52,nan,nan,0,,True,True,elhigh-elmid
p1770,elmid-radnear-az315,elhigh-radfar-az045,0.40402101703300436,0.5923296406024202,0.6185513549305912,0.3398194147983978,0.3517406582248309,34,24,0.3517406582248309,0.3457800365116144,0.3398194147983978,0.052280358808173444,0.058240980521389984,0.06420160223460658,265,73,nan,nan,0,,True,True,elhigh-elmid
p1771,elmid-radnear-az315,elhigh-radfar-az090,0.39015290783000744,0.5654981914073977,0.5937100399200783,0.3398194147983978,0.33715840306367034,34,39,0.3398194147983978,0.33848890893103406,0.33715840306367034,0.050333493031609666,0.051663998898973384,0.0529945047663371,289,59,nan,nan,0,,True,True,elhigh-elmid
p1772,elmid-radnear-az315,elhigh-radfar-az135,0.3895723874642217,0.5698900959360867,0.5939870705827823,0.3398194147983978,0.35443982782283306,34,22,0.35443982782283306,0.3471296213106154,0.3398194147983978,0.03513255964138862,0.04244276615360626,0.0497529726658239,295,57,nan,nan,0,,True,True,elhigh-elmid
p1773,elmid-radnear-az315,elhigh-radfar-az180,0.3984954255694312,0.5713703177265558,0.5945141009771212,0.3398194147983978,0.3435612602938729,34,29,0.3435612602938729,0.3416903375461353,0.3398194147983978,0.05493416527555828,0.05680508802329587,0.058676010771033404,289,63,nan,nan,0,,True,True,elhigh-elmid
p1774,elmid-radnear-az315,elhigh-radfar-az225,0.38767691955427486,0.561079706906945,0.5873794746850287,0.3398194147983978,0.3330930922222578,34,45,0.3398194147983978,0.3364562535103278,0.3330930922222578,0.04785750475587708,0.05122066604394704,0.054583827332017054,292,58,nan,nan,0,,True,True,elhigh-elmid
p1775,elmid-radnear-az315,elhigh-radfar-az270,0.3888349651914263,0.5661153509329295,0.5938320315909144,0.3398194147983978,0.3342499000230558,34,44,0.3398194147983978,0.3370346574107268,0.3342499000230558,0.04901555039302852,0.051800307780699495,0.05458506516837047,286,61,nan,nan,0,,True,True,elhigh-elmid
p1776,elmid-radnear-az315,elhigh-radfar-az315,0.3741873849505319,0.5573422678305716,0.5813182261016787,0.3398194147983978,0.3370014455332844,34,40,0.3398194147983978,0.3384104301658411,0.3370014455332844,0.03436797015213411,0.035776954784690784,0.03718593941724746,286,61,nan,nan,0,,True,True,elhigh-elmid
p1777,elmid-radmid-az000,elmid-radmid-az045,0.4184969013842259,0.6204424819735068,0.6544349340633984,0.40109184962731287,0.41641372706811924,5,1,0.41641372706811924,0.40875278834771606,0.40109184962731287,0.002083174316106662,0.00974411303650985,0.017405051756913037,273,60,nan,nan,0,,True,True,elmid-elmid
p1778,elmid-radmid-az000,elmid-radmid-az090,0.4294134917261947,0.6301547334952723,0.6615617436121561,0.40109184962731287,0.39457841386323705,5,8,0.40109184962731287,0.39783513174527496,0.39457841386323705,0.028321642098881827,0.031578359980919735,0.03483507786295764,278,61,nan,nan,0,,True,True,elmid-elmid
p1779,elmid-radmid-az000,elmid-radmid-az135,0.42911755189792006,0.6351875177361166,0.6649615347145276,0.40109184962731287,0.3855787851950759,5,15,0.40109184962731287,0.3933353174111944,0.3855787851950759,0.02802570227060719,0.035782234486725684,0.04353876670284418,285,63,nan,nan,0,,True,True,elmid-elmid
p1780,elmid-radmid-az000,elmid-radmid-az180,0.4169338282515257,0.6175317890729128,0.651718822300983,0.40109184962731287,0.3920347270865256,5,10,0.40109184962731287,0.39656328835691923,0.3920347270865256,0.015841978624212827,0.020370539894606465,0.024899101165000104,287,50,nan,nan,0,,True,True,elmid-elmid
p1781,elmid-radmid-az000,elmid-radmid-az225,0.4337324445564695,0.6440818372200846,0.6747219275438494,0.40109184962731287,0.4035228167038699,5,2,0.4035228167038699,0.4023073331655914,0.40109184962731287,0.030209627852599563,0.03142511139087806,0.03264059492915661,289,57,nan,nan,0,,True,True,elmid-elmid
p1782,elmid-radmid-az000,elmid-radmid-az270,0.4258555176771182,0.6301534275250875,0.6586458571833246,0.40109184962731287,0.40315190191972006,5,3,0.40315190191972006,0.40212187577351644,0.40109184962731287,0.022703615757398155,0.023733641903601777,0.024763668049805343,276,52,nan,nan,0,,True,True,elmid-elmid
p1783,elmid-radmid-az000,elmid-radmid-az315,0.4243422469075381,0.628262896044653,0.6659928270214049,0.40109184962731287,0.38855085122315813,5,13,0.40109184962731287,0.3948213504252355,0.38855085122315813,0.02325039728022521,0.029520896482302605,0.035791395684379945,284,55,nan,nan,0,,True,True,elmid-elmid
p1784,elmid-radmid-az000,elmid-radfar-az000,0.411375301466835,0.625262790041331,0.6597288080522907,0.40109184962731287,0.3883653697649618,5,14,0.40109184962731287,0.3947286096961373,0.3883653697649618,0.010283451839522117,0.016646691770697664,0.02300993170187321,287,54,nan,nan,0,,True,True,elmid-elmid
p1785,elmid-radmid-az000,elmid-radfar-az045,0.421613860480525,0.6341307404927532,0.6697991667682092,0.40109184962731287,0.3904277067982496,5,12,0.40109184962731287,0.39575977821278124,0.3904277067982496,0.020522010853212147,0.025854082267743772,0.031186153682275397,277,61,nan,nan,0,,True,True,elmid-elmid
p1786,elmid-radmid-az000,elmid-radfar-az090,0.4254035194264891,0.6438886226110535,0.6787282962092459,0.40109184962731287,0.4031096513417022,5,4,0.4031096513417022,0.40210075048450755,0.40109184962731287,0.022293868084786894,0.023302768941981522,0.024311669799176205,277,62,nan,nan,0,,True,True,elmid-elmid
p1787,elmid-radmid-az000,elmid-radfar-az135,0.42825194363632807,0.6403973301584777,0.673942873195912,0.40109184962731287,0.3906639225147944,5,11,0.40109184962731287,0.3958778860710537,0.3906639225147944,0.0271600940090152,0.032374057565274394,0.037588021121533643,284,53,nan,nan,0,,True,True,elmid-elmid
p1788,elmid-radmid-az000,elmid-radfar-az180,0.43231913822977047,0.6420705344282704,0.6756333046818266,0.40109184962731287,0.39775345373611054,5,7,0.40109184962731287,0.3994226516817117,0.39775345373611054,0.031227288602457604,0.03289648654805877,0.03456568449365993,289,53,nan,nan,0,,True,True,elmid-elmid
p1789,elmid-radmid-az000,elmid-radfar-az225,0.43387417702578207,0.6489689172802846,0.6841418881270307,0.40109184962731287,0.40094783670068784,5,6,0.40109184962731287,0.40101984316400036,0.40094783670068784,0.0327823273984692,0.032854333861781715,0.03292634032509423,271,61,nan,nan,0,,True,True,elmid-elmid
p1790,elmid-radmid-az000,elmid-radfar-az270,0.4239968645506651,0.6392230415692003,0.6768094647758104,0.40109184962731287,0.39259913412484276,5,9,0.40109184962731287,0.3968454918760778,0.39259913412484276,0.02290501492335223,0.027151372674587282,0.031397730425822334,283,59,nan,nan,0,,True,True,elmid-elmid
p1791,elmid-radmid-az000,elmid-radfar-az315,0.4207090960340437,0.6324076245108121,0.6666499215137653,0.40109184962731287,0.38032179073567957,5,16,0.40109184962731287,0.3907068201814962,0.38032179073567957,0.01961724640673085,0.0300022758525475,0.04038730529836415,286,56,nan,nan,0,,True,True,elmid-elmid
p1792,elmid-radmid-az000,elhigh-radnear-az000,0.4091516474363647,0.6181690492236402,0.6534441076363925,0.40109184962731287,0.3287976256874326,5,48,0.40109184962731287,0.36494473765737273,0.3287976256874326,0.008059797809051805,0.04420690977899194,0.08035402174893208,279,55,nan,nan,0,,True,True,elhigh-elmid
p1793,elmid-radmid-az000,elhigh-radnear-az045,0.4127391550585562,0.6112551345798266,0.6438053902388075,0.40109184962731287,0.3372504425742561,5,38,0.40109184962731287,0.3691711461007845,0.3372504425742561,0.011647305431243316,0.04356800895777169,0.07548871248430006,290,55,nan,nan,0,,True,True,elhigh-elmid
p1794,elmid-radmid-az000,elhigh-radnear-az090,0.42472451839127173,0.6246644611542741,0.6542529952750834,0.40109184962731287,0.3417464009985519,5,32,0.40109184962731287,0.3714191253129324,0.3417464009985519,0.023632668763958864,0.053305393078339314,0.08297811739271982,279,61,nan,nan,0,,True,True,elhigh-elmid
p1795,elmid-radmid-az000,elhigh-radnear-az135,0.41992425825111135,0.6183535526950082,0.6529478476238111,0.40109184962731287,0.3320552452601486,5,46,0.40109184962731287,0.3665735474437307,0.3320552452601486,0.01883240862379848,0.05335071080738063,0.08786901299096272,275,61,nan,nan,0,,True,True,elhigh-elmid
p1796,elmid-radmid-az000,elhigh-radnear-az180,0.4150098147644553,0.6151996581524218,0.6490721987901767,0.40109184962731287,0.3395650145085634,5,35,0.40109184962731287,0.37032843206793814,0.3395650145085634,0.01391796513714244,0.04468138269651717,0.0754448002558919,284,53,nan,nan,0,,True,True,elhigh-elmid
p1797,elmid-radmid-az000,elhigh-radnear-az225,0.4150964535371116,0.6090281219002618,0.6418673194104627,0.40109184962731287,0.3440784937220457,5,28,0.40109184962731287,0.3725851716746793,0.3440784937220457,0.01400460390979874,0.042511281862432304,0.07101795981506592,269,63,nan,nan,0,,True,True,elhigh-elmid
p1798,elmid-radmid-az000,elhigh-radnear-az270,0.4060634383120863,0.600904596922849,0.6312885671719841,0.40109184962731287,0.3216859159930162,5,49,0.40109184962731287,0.36138888281016457,0.3216859159930162,0.004971588684773431,0.04467455550192173,0.08437752231907009,281,57,nan,nan,0,,True,True,elhigh-elmid
p1799,elmid-radmid-az000,elhigh-radnear-az315,0.41486089330844567,0.6145718008339726,0.6467140309855093,0.40109184962731287,0.3361849875189326,5,41,0.40109184962731287,0.36863841857312274,0.3361849875189326,0.013769043681132798,0.04622247473532293,0.07867590578951306,278,61,nan,nan,0,,True,True,elhigh-elmid
p1800,elmid-radmid-az000,elhigh-radmid-az000,0.4158892719421667,0.6107179297537544,0.6385547779290819,0.40109184962731287,0.3459669579749205,5,27,0.40109184962731287,0.37352940380111666,0.3459669579749205,0.014797422314853814,0.04235986814105003,0.06992231396724619,275,50,nan,nan,0,,True,True,elhigh-elmid
p1801,elmid-radmid-az000,elhigh-radmid-az045,0.42049229526165594,0.622150203680938,0.6552849402196821,0.40109184962731287,0.35969234721512794,5,18,0.40109184962731287,0.3803920984212204,0.35969234721512794,0.019400445634343066,0.04010019684043553,0.060799948046527996,285,53,nan,nan,0,,True,True,elhigh-elmid
p1802,elmid-radmid-az000,elhigh-radmid-az090,0.41561387681376555,0.6094445824447132,0.6414679318288103,0.40109184962731287,0.3545783681398182,5,21,0.40109184962731287,0.37783510888356553,0.3545783681398182,0.01452202718645268,0.03777876793020002,0.06103550867394736,279,55,nan,nan,0,,True,True,elhigh-elmid
p1803,elmid-radmid-az000,elhigh-radmid-az135,0.42103146622292914,0.6137134370974046,0.6465074627011147,0.40109184962731287,0.3434079473811069,5,30,0.40109184962731287,0.37224989850420986,0.3434079473811069,0.019939616595616272,0.048781567718719276,0.07762351884182223,279,59,nan,nan,0,,True,True,elhigh-elmid
p1804,elmid-radmid-az000,elhigh-radmid-az180,0.41499861331956467,0.6128804666272354,0.6470644014547706,0.40109184962731287,0.35560303382831304,5,19,0.40109184962731287,0.378347441727813,0.35560303382831304,0.0139067636922518,0.036651171591751686,0.05939557949125163,274,64,nan,nan,0,,True,True,elhigh-elmid
p1805,elmid-radmid-az000,elhigh-radmid-az225,0.4120434341623202,0.6049563767770901,0.640061161162073,0.40109184962731287,0.33765850732244423,5,36,0.40109184962731287,0.36937517847487855,0.33765850732244423,0.01095158453500733,0.04266825568744165,0.07438492683987596,268,64,nan,nan,0,,True,True,elhigh-elmid
p1806,elmid-radmid-az000,elhigh-radmid-az270,0.41782068557148716,0.612323917390494,0.6470813342055042,0.40109184962731287,0.33467761382312017,5,43,0.40109184962731287,0.3678847317252165,0.33467761382312017,0.016728835944174292,0.04993595384627064,0.08314307174836699,285,56,nan,nan,0,,True,True,elhigh-elmid
p1807,elmid-radmid-az000,elhigh-radmid-az315,0.4119908011398877,0.610749429427911,0.6473885977845102,0.40109184962731287,0.3357774895562401,5,42,0.40109184962731287,0.3684346695917765,0.3357774895562401,0.010898951512574806,0.043556131548111165,0.07621331158364758,288,56,nan,nan,0,,True,True,elhigh-elmid
p1808,elmid-radmid-az000,elhigh-radfar-az000,0.3947468520633903,0.5933558890216735,0.6303739698288002,0.40109184962731287,0.33999633482078295,5,33,0.40109184962731287,0.37054409222404794,0.33999633482078295,-0.006344997563922594,0.024202759839342336,0.05475051724260732,292,47,nan,nan,0,,False,True,elhigh-elmid
p1809,elmid-radmid-az000,elhigh-radfar-az045,0.42258563787166176,0.6307063531461996,0.6635455741132804,0.40109184962731287,0.3517406582248309,5,24,0.40109184962731287,0.3764162539260719,0.3517406582248309,0.021493788244348888,0.04616938394558984,0.07084497964683084,261,68,nan,nan,0,,True,True,elhigh-elmid
p1810,elmid-radmid-az000,elhigh-radfar-az090,0.4254129448689978,0.6238603647983507,0.653467632870014,0.40109184962731287,0.33715840306367034,5,39,0.40109184962731287,0.3691251263454916,0.33715840306367034,0.02432109524168491,0.05628781852350617,0.08825454180532744,285,54,nan,nan,0,,True,True,elhigh-elmid
p1811,elmid-radmid-az000,elhigh-radfar-az135,0.43467639764082594,0.6359809779214078,0.6649806763923604,0.40109184962731287,0.35443982782283306,5,22,0.40109184962731287,0.37776583872507297,0.35443982782283306,0.03358454801351307,0.05691055891575297,0.08023656981799288,291,52,nan,nan,0,,True,True,elhigh-elmid
p1812,elmid-radmid-az000,elhigh-radfar-az180,0.41113538629750424,0.6085265910520676,0.644412359250758,0.40109184962731287,0.3435612602938729,5,29,0.40109184962731287,0.37232655496059286,0.3435612602938729,0.010043536670191366,0.038808831336911376,0.06757412600363133,285,58,nan,nan,0,,True,True,elhigh-elmid
p1813,elmid-radmid-az000,elhigh-radfar-az225,0.43344517125383014,0.6279857753419827,0.6563651664240908,0.40109184962731287,0.3330930922222578,5,45,0.40109184962731287,0.36709247092478536,0.3330930922222578,0.03235332162651727,0.06635270032904478,0.10035207903157234,288,53,nan,nan,0,,True,True,elhigh-elmid
p1814,elmid-radmid-az000,elhigh-radfar-az270,0.4194643638027399,0.6225541609475613,0.6540434238970133,0.40109184962731287,0.3342499000230558,5,44,0.40109184962731287,0.36767087482518435,0.3342499000230558,0.018372514175427013,0.051793488977555535,0.08521446377968406,282,56,nan,nan,0,,True,True,elhigh-elmid
p1815,elmid-radmid-az000,elhigh-radfar-az315,0.4096704814008268,0.6128161360879799,0.6510615290410546,0.40109184962731287,0.3370014455332844,5,40,0.40109184962731287,0.36904664758029865,0.3370014455332844,0.008578631773513923,0.040623833820528144,0.07266903586754236,282,56,nan,nan,0,,True,True,elhigh-elmid
p1816,elmid-radmid-az045,elmid-radmid-az090,0.41260683041044943,0.6062426469625203,0.6395757066965513,0.41641372706811924,0.39457841386323705,1,8,0.41641372706811924,0.40549607046567815,0.39457841386323705,-0.0038068966576698116,0.007110759944771283,0.018028416547212378,275,71,nan,nan,0,,False,True,elmid-elmid
p1817,elmid-radmid-az045,elmid-radmid-az135,0.4219989831127031,0.6190283950809001,0.6497191766277947,0.41641372706811924,0.3855787851950759,1,15,0.41641372706811924,0.40099625613159756,0.3855787851950759,0.005585256044583875,0.021002726981105557,0.03642019791762724,282,73,nan,nan,0,,True,True,elmid-elmid
p1818,elmid-radmid-az045,elmid-radmid-az180,0.4164463769972996,0.6069663691792102,0.6386938799742637,0.41641372706811924,0.3920347270865256,1,10,0.41641372706811924,0.4042242270773224,0.3920347270865256,3.264992918033949e-05,0.012222149919977165,0.02441164991077399,284,60,nan,nan,0,,True,True,elmid-elmid
p1819,elmid-radmid-az045,elmid-radmid-az225,0.4095782757738377,0.6135652462956886,0.6505408258530573,0.41641372706811924,0.4035228167038699,1,2,0.41641372706811924,0.4099682718859946,0.4035228167038699,-0.006835451294281536,-0.00038999611215689844,0.006055459069967795,286,67,nan,nan,0,,False,False,elmid-elmid
p1820,elmid-radmid-az045,elmid-radmid-az270,0.4184766087139939,0.616461431048666,0.6443732526527722,0.41641372706811924,0.40315190191972006,1,3,0.41641372706811924,0.4097828144939196,0.40315190191972006,0.002062881645874648,0.008693794220074269,0.015324706794273835,273,62,nan,nan,0,,True,True,elmid-elmid
p1821,elmid-radmid-az045,elmid-radmid-az315,0.4165822051320017,0.6121293056063462,0.6479646853186393,0.41641372706811924,0.38855085122315813,1,13,0.41641372706811924,0.40248228914563866,0.38855085122315813,0.00016847806388248232,0.014099915986363065,0.028031353908843593,281,65,nan,nan,0,,True,True,elmid-elmid
p1822,elmid-radmid-az045,elmid-radfar-az000,0.4208183983759125,0.6331225454702759,0.6713811097067897,0.41641372706811924,0.3883653697649618,1,14,0.41641372706811924,0.4023895484165405,0.3883653697649618,0.004404671307793262,0.018428849959371996,0.03245302861095073,284,64,nan,nan,0,,True,True,elmid-elmid
p1823,elmid-radmid-az045,elmid-radfar-az045,0.4135999189372167,0.6223036570903746,0.6573395558049825,0.41641372706811924,0.3904277067982496,1,12,0.41641372706811924,0.40342071693318443,0.3904277067982496,-0.00281380813090254,0.010179202004032273,0.023172212138967085,274,71,nan,nan,0,,False,True,elmid-elmid
p1824,elmid-radmid-az045,elmid-radfar-az090,0.4210020460221526,0.6278629953707273,0.6651701402266441,0.41641372706811924,0.4031096513417022,1,4,0.41641372706811924,0.40976168920491074,0.4031096513417022,0.0045883189540333325,0.011240356817241837,0.017892394680450396,274,72,nan,nan,0,,True,True,elmid-elmid
p1825,elmid-radmid-az045,elmid-radfar-az135,0.43273852757978415,0.6349047984601236,0.6693660911100812,0.41641372706811924,0.3906639225147944,1,11,0.41641372706811924,0.40353882479145686,0.3906639225147944,0.016324800511664905,0.029199702788327286,0.04207460506498972,281,63,nan,nan,0,,True,True,elmid-elmid
p1826,elmid-radmid-az045,elmid-radfar-az180,0.43591727115273693,0.6416004997224631,0.675309924416986,0.41641372706811924,0.39775345373611054,1,7,0.41641372706811924,0.4070835904021149,0.39775345373611054,0.019503544084617686,0.028833680750622037,0.03816381741662639,286,63,nan,nan,0,,True,True,elmid-elmid
p1827,elmid-radmid-az045,elmid-radfar-az225,0.4272015622776323,0.6328057434141268,0.6682870312315488,0.41641372706811924,0.40094783670068784,1,6,0.41641372706811924,0.40868078188440354,0.40094783670068784,0.010787835209513041,0.018520780393228742,0.026253725576944442,268,71,nan,nan,0,,True,True,elmid-elmid
p1828,elmid-radmid-az045,elmid-radfar-az270,0.42152620673545255,0.6336600943325451,0.6719735816188414,0.41641372706811924,0.39259913412484276,1,9,0.41641372706811924,0.404506430596481,0.39259913412484276,0.005112479667333303,0.017019776138971543,0.028927072610609783,280,69,nan,nan,0,,True,True,elmid-elmid
p1829,elmid-radmid-az045,elmid-radfar-az315,0.4379141219981646,0.649015481562399,0.6863803442385262,0.41641372706811924,0.38032179073567957,1,16,0.41641372706811924,0.3983677589018994,0.38032179073567957,0.021500394930045352,0.03954636309626519,0.05759233126248503,283,66,nan,nan,0,,True,True,elmid-elmid
p1830,elmid-radmid-az045,elhigh-radnear-az000,0.4104331782183884,0.6057079825704789,0.6388325695857228,0.41641372706811924,0.3287976256874326,1,48,0.41641372706811924,0.3726056763777759,0.3287976256874326,-0.005980548849730871,0.037827501840612454,0.08163555253095578,276,65,nan,nan,0,,False,True,elhigh-elmid
p1831,elmid-radmid-az045,elhigh-radnear-az045,0.39867209450692603,0.5941813373383976,0.6277537486100165,0.41641372706811924,0.3372504425742561,1,38,0.41641372706811924,0.3768320848211877,0.3372504425742561,-0.01774163256119321,0.02184000968573835,0.06142165193266991,287,65,nan,nan,0,,False,True,elhigh-elmid
p1832,elmid-radmid-az045,elhigh-radnear-az090,0.40013636538722813,0.5885001773134417,0.6232258218856899,0.41641372706811924,0.3417464009985519,1,32,0.41641372706811924,0.3790800640333356,0.3417464009985519,-0.01627736168089111,0.021056301353892526,0.05838996438867622,276,71,nan,nan,0,,False,True,elhigh-elmid
p1833,elmid-radmid-az045,elhigh-radnear-az135,0.42363059668807307,0.617894810752964,0.6501347273502147,0.41641372706811924,0.3320552452601486,1,46,0.41641372706811924,0.3742344861641339,0.3320552452601486,0.007216869619953825,0.04939611052393916,0.09157535142792445,272,71,nan,nan,0,,True,True,elhigh-elmid
p1834,elmid-radmid-az045,elhigh-radnear-az180,0.4114379766805635,0.5969591752861245,0.6300881492668658,0.41641372706811924,0.3395650145085634,1,35,0.41641372706811924,0.37798937078834133,0.3395650145085634,-0.004975750387555766,0.03344860589222215,0.07187296217200007,281,63,nan,nan,0,,False,True,elhigh-elmid
p1835,elmid-radmid-az045,elhigh-radnear-az225,0.4009349098081832,0.5862450636167832,0.6235355598533142,0.41641372706811924,0.3440784937220457,1,28,0.41641372706811924,0.3802461103950825,0.3440784937220457,-0.01547881725993605,0.0206887994131007,0.05685641608613751,266,73,nan,nan,0,,False,True,elhigh-elmid
p1836,elmid-radmid-az045,elhigh-radnear-az270,0.4110711512710187,0.5976593847699951,0.6305778641228585,0.41641372706811924,0.3216859159930162,1,49,0.41641372706811924,0.36904982153056776,0.3216859159930162,-0.005342575797100568,0.04202132974045092,0.08938523527800246,278,67,nan,nan,0,,False,True,elhigh-elmid
p1837,elmid-radmid-az045,elhigh-radnear-az315,0.41155486733453805,0.6048892288395868,0.6373588014912366,0.41641372706811924,0.3361849875189326,1,41,0.41641372706811924,0.3762993572935259,0.3361849875189326,-0.004858859733581189,0.03525551004101213,0.07536987981560545,275,71,nan,nan,0,,False,True,elhigh-elmid
p1838,elmid-radmid-az045,elhigh-radmid-az000,0.4217318218110165,0.6087878658560598,0.6395630995822369,0.41641372706811924,0.3459669579749205,1,27,0.41641372706811924,0.38119034252151984,0.3459669579749205,0.005318094742897239,0.04054147928949664,0.07576486383609599,272,60,nan,nan,0,,True,True,elhigh-elmid
p1839,elmid-radmid-az045,elhigh-radmid-az045,0.4067420808361086,0.5972697181777338,0.6300353220245931,0.41641372706811924,0.35969234721512794,1,18,0.41641372706811924,0.3880530371416236,0.35969234721512794,-0.009671646232010667,0.018689043694484986,0.04704973362098064,282,63,nan,nan,0,,False,True,elhigh-elmid
p1840,elmid-radmid-az045,elhigh-radmid-az090,0.4080616146123807,0.5934693335925422,0.6221686777454382,0.41641372706811924,0.3545783681398182,1,21,0.41641372706811924,0.3854960476039687,0.3545783681398182,-0.008352112455738525,0.022565567008412002,0.05348324647256253,276,65,nan,nan,0,,False,True,elhigh-elmid
p1841,elmid-radmid-az045,elhigh-radmid-az135,0.4069962861461315,0.5967610839677936,0.6301044279427714,0.41641372706811924,0.3434079473811069,1,30,0.41641372706811924,0.37991083722461305,0.3434079473811069,-0.009417440921987763,0.02708544892151843,0.06358833876502457,276,69,nan,nan,0,,False,True,elhigh-elmid
p1842,elmid-radmid-az045,elhigh-radmid-az180,0.41689163210691577,0.6069482777197,0.6424017525391024,0.41641372706811924,0.35560303382831304,1,19,0.41641372706811924,0.38600838044821617,0.35560303382831304,0.00047790503879652224,0.030883251658699595,0.061288598278602724,271,74,nan,nan,0,,True,True,elhigh-elmid
p1843,elmid-radmid-az045,elhigh-radmid-az225,0.42160147274164117,0.612552879995925,0.6458530979305575,0.41641372706811924,0.33765850732244423,1,36,0.41641372706811924,0.37703611719528174,0.33765850732244423,0.005187745673521926,0.04456535554635943,0.08394296541919694,265,74,nan,nan,0,,True,True,elhigh-elmid
p1844,elmid-radmid-az045,elhigh-radmid-az270,0.42526705378093377,0.6186530790610067,0.6466724159752208,0.41641372706811924,0.33467761382312017,1,43,0.41641372706811924,0.3755456704456197,0.33467761382312017,0.008853326712814524,0.04972138333531406,0.0905894399578136,282,66,nan,nan,0,,True,True,elhigh-elmid
p1845,elmid-radmid-az045,elhigh-radmid-az315,0.4259215362892898,0.619424857693608,0.6502879973797144,0.41641372706811924,0.3357774895562401,1,42,0.41641372706811924,0.3760956083121797,0.3357774895562401,0.00950780922117056,0.04982592797711011,0.09014404673304971,285,66,nan,nan,0,,True,True,elhigh-elmid
p1846,elmid-radmid-az045,elhigh-radfar-az000,0.3996050399894976,0.58758434178345,0.626134363308097,0.41641372706811924,0.33999633482078295,1,33,0.41641372706811924,0.3782050309444511,0.33999633482078295,-0.016808687078621654,0.021400009045046464,0.05960870516871464,289,57,nan,nan,0,,False,True,elhigh-elmid
p1847,elmid-radmid-az045,elhigh-radfar-az045,0.40497386567408866,0.6035530577742372,0.6345892720636612,0.41641372706811924,0.3517406582248309,1,24,0.41641372706811924,0.3840771926464751,0.3517406582248309,-0.011439861394030582,0.020896673027613555,0.05323320744925775,258,78,nan,nan,0,,False,True,elhigh-elmid
p1848,elmid-radmid-az045,elhigh-radfar-az090,0.41043510273584677,0.6009854361028037,0.6339010314671162,0.41641372706811924,0.33715840306367034,1,39,0.41641372706811924,0.3767860650658948,0.33715840306367034,-0.005978624332272475,0.033649037669951976,0.07327669967217643,282,64,nan,nan,0,,False,True,elhigh-elmid
p1849,elmid-radmid-az045,elhigh-radfar-az135,0.4149690733679819,0.6116266834643947,0.6458956142625916,0.41641372706811924,0.35443982782283306,1,22,0.41641372706811924,0.38542677744547615,0.35443982782283306,-0.001444653700137355,0.029542295922505735,0.060529245545148824,288,62,nan,nan,0,,False,True,elhigh-elmid
p1850,elmid-radmid-az045,elhigh-radfar-az180,0.40976133569719,0.5935176394629241,0.6285585122921026,0.41641372706811924,0.3435612602938729,1,29,0.41641372706811924,0.37998749368099605,0.3435612602938729,-0.006652391370929267,0.02977384201619393,0.06620007540331707,282,68,nan,nan,0,,False,True,elhigh-elmid
p1851,elmid-radmid-az045,elhigh-radfar-az225,0.40321219284920523,0.5945677920313511,0.6316363104069815,0.41641372706811924,0.3330930922222578,1,45,0.41641372706811924,0.37475340964518855,0.3330930922222578,-0.013201534218914013,0.02845878320401668,0.07011910062694743,285,63,nan,nan,0,,False,True,elhigh-elmid
p1852,elmid-radmid-az045,elhigh-radfar-az270,0.4247402555871862,0.6182122571895606,0.6488943867280492,0.41641372706811924,0.3342499000230558,1,44,0.41641372706811924,0.37533181354558753,0.3342499000230558,0.008326528519066956,0.049408442041598666,0.09049035556413038,279,66,nan,nan,0,,True,True,elhigh-elmid
p1853,elmid-radmid-az045,elhigh-radfar-az315,0.42572953481090936,0.6210005698425056,0.6505431449347765,0.41641372706811924,0.3370014455332844,1,40,0.41641372706811924,0.37670758630070184,0.3370014455332844,0.009315807742790116,0.049021948510207525,0.08872808927762493,279,66,nan,nan,0,,True,True,elhigh-elmid
p1854,elmid-radmid-az090,elmid-radmid-az135,0.40985172310538004,0.6079241636810389,0.6398645195697216,0.39457841386323705,0.3855787851950759,8,15,0.39457841386323705,0.39007859952915647,0.3855787851950759,0.015273309242142985,0.019773123576223572,0.02427293791030416,287,74,nan,nan,0,,True,True,elmid-elmid
p1855,elmid-radmid-az090,elmid-radmid-az180,0.4251777152489049,0.6216387110772218,0.6535124496248395,0.39457841386323705,0.3920347270865256,8,10,0.39457841386323705,0.3933065704748813,0.3920347270865256,0.030599301385667854,0.031871144774023585,0.03314298816237932,289,61,nan,nan,0,,True,True,elmid-elmid
p1856,elmid-radmid-az090,elmid-radmid-az225,0.4230818386699187,0.6228478088177025,0.6597148246895563,0.39457841386323705,0.4035228167038699,8,2,0.4035228167038699,0.39905061528355346,0.39457841386323705,0.019559021966048806,0.024031223386365264,0.028503424806681665,291,68,nan,nan,0,,True,True,elmid-elmid
p1857,elmid-radmid-az090,elmid-radmid-az270,0.4164586966163599,0.6120695774629318,0.6415426235473687,0.39457841386323705,0.40315190191972006,8,3,0.40315190191972006,0.3988651578914786,0.39457841386323705,0.013306794696639868,0.01759353872488134,0.02188028275312287,278,63,nan,nan,0,,True,True,elmid-elmid
p1858,elmid-radmid-az090,elmid-radmid-az315,0.419463332183611,0.6210691005759262,0.6535239359212407,0.39457841386323705,0.38855085122315813,8,13,0.39457841386323705,0.3915646325431976,0.38855085122315813,0.024884918320373928,0.02789869964041336,0.03091248096045285,286,66,nan,nan,0,,True,True,elmid-elmid
p1859,elmid-radmid-az090,elmid-radfar-az000,0.43502119770784153,0.6408675264921109,0.6771825517750306,0.39457841386323705,0.3883653697649618,8,14,0.39457841386323705,0.3914718918140994,0.3883653697649618,0.04044278384460448,0.04354930589374212,0.04665582794287976,289,65,nan,nan,0,,True,True,elmid-elmid
p1860,elmid-radmid-az090,elmid-radfar-az045,0.4104642136069655,0.6215930761746256,0.6615930626571402,0.39457841386323705,0.3904277067982496,8,12,0.39457841386323705,0.39250306033074334,0.3904277067982496,0.015885799743728446,0.017961153276222164,0.02003650680871588,279,72,nan,nan,0,,True,True,elmid-elmid
p1861,elmid-radmid-az090,elmid-radfar-az090,0.41475342458682696,0.6180682659630833,0.6543158205952316,0.39457841386323705,0.4031096513417022,8,4,0.4031096513417022,0.3988440326024696,0.39457841386323705,0.011643773245124778,0.01590939198435737,0.020175010723589903,279,73,nan,nan,0,,True,True,elmid-elmid
p1862,elmid-radmid-az090,elmid-radfar-az135,0.42624192156099083,0.6322155810483229,0.663705929829737,0.39457841386323705,0.3906639225147944,8,11,0.39457841386323705,0.3926211681890157,0.3906639225147944,0.03166350769775378,0.03362075337197512,0.03557799904619641,286,64,nan,nan,0,,True,True,elmid-elmid
p1863,elmid-radmid-az090,elmid-radfar-az180,0.42754932128651807,0.6319837460711658,0.6660796609281684,0.39457841386323705,0.39775345373611054,8,7,0.39775345373611054,0.3961659337996738,0.39457841386323705,0.02979586755040753,0.03138338748684427,0.032970907423281015,291,64,nan,nan,0,,True,True,elmid-elmid
p1864,elmid-radmid-az090,elmid-radfar-az225,0.4311246575876902,0.6353486858403246,0.6701551155802546,0.39457841386323705,0.40094783670068784,8,6,0.40094783670068784,0.39776312528196245,0.39457841386323705,0.030176820887002354,0.03336153230572775,0.03654624372445314,273,72,nan,nan,0,,True,True,elmid-elmid
p1865,elmid-radmid-az090,elmid-radfar-az270,0.41530602352050267,0.6202250976429965,0.6587491815855973,0.39457841386323705,0.39259913412484276,8,9,0.39457841386323705,0.3935887739940399,0.39259913412484276,0.02072760965726561,0.021717249526462756,0.0227068893956599,285,70,nan,nan,0,,True,True,elmid-elmid
p1866,elmid-radmid-az090,elmid-radfar-az315,0.41942823334460033,0.6288561412776131,0.6642594360596963,0.39457841386323705,0.38032179073567957,8,16,0.39457841386323705,0.3874501022994583,0.38032179073567957,0.024849819481363278,0.03197813104514202,0.039106442608920766,288,67,nan,nan,0,,True,True,elmid-elmid
p1867,elmid-radmid-az090,elhigh-radnear-az000,0.3892935675231963,0.5722139853016475,0.6098811540073605,0.39457841386323705,0.3287976256874326,8,48,0.39457841386323705,0.3616880197753348,0.3287976256874326,-0.0052848463400407275,0.027605547747861503,0.060495941835763734,281,66,nan,nan,0,,False,True,elhigh-elmid
p1868,elmid-radmid-az090,elhigh-radnear-az045,0.3965177545327735,0.5857902817112934,0.6180627164362705,0.39457841386323705,0.3372504425742561,8,38,0.39457841386323705,0.3659144282187466,0.3372504425742561,0.001939340669536438,0.030603326314026902,0.059267311958517366,292,66,nan,nan,0,,True,True,elhigh-elmid
p1869,elmid-radmid-az090,elhigh-radnear-az090,0.3915956106030834,0.5795379333426305,0.609009567049174,0.39457841386323705,0.3417464009985519,8,32,0.39457841386323705,0.36816240743089446,0.3417464009985519,-0.0029828032601536547,0.023433203172188943,0.049849209604531486,281,72,nan,nan,0,,False,True,elhigh-elmid
p1870,elmid-radmid-az090,elhigh-radnear-az135,0.3929617909636065,0.5690041832837324,0.5984104000314724,0.39457841386323705,0.3320552452601486,8,46,0.39457841386323705,0.36331682956169287,0.3320552452601486,-0.0016166228996305487,0.02964496140191364,0.06090654570345788,277,72,nan,nan,0,,False,True,elhigh-elmid
p1871,elmid-radmid-az090,elhigh-radnear-az180,0.40789770851083873,0.5860471200175842,0.6146031632703612,0.39457841386323705,0.3395650145085634,8,35,0.39457841386323705,0.36707171418590023,0.3395650145085634,0.013319294647601676,0.0408259943249385,0.06833269400227532,286,64,nan,nan,0,,True,True,elhigh-elmid
p1872,elmid-radmid-az090,elhigh-radnear-az225,0.40612342264304113,0.5932599062309097,0.6276849369392492,0.39457841386323705,0.3440784937220457,8,28,0.39457841386323705,0.36932845379264134,0.3440784937220457,0.011545008779804078,0.03679496885039979,0.062044928920995446,271,74,nan,nan,0,,True,True,elhigh-elmid
p1873,elmid-radmid-az090,elhigh-radnear-az270,0.3965538306936946,0.5828125937387943,0.6145682953628416,0.39457841386323705,0.3216859159930162,8,49,0.39457841386323705,0.3581321649281266,0.3216859159930162,0.0019754168304575437,0.03842166576556799,0.07486791470067838,283,68,nan,nan,0,,True,True,elhigh-elmid
p1874,elmid-radmid-az090,elhigh-radnear-az315,0.3925980043307593,0.5777453374414155,0.6124372022885392,0.39457841386323705,0.3361849875189326,8,41,0.39457841386323705,0.36538170069108483,0.3361849875189326,-0.001980409532477745,0.027216303639674477,0.0564130168118267,280,72,nan,nan,0,,False,True,elhigh-elmid
p1875,elmid-radmid-az090,elhigh-radmid-az000,0.3925366652130973,0.5779860011310298,0.6120434745041129,0.39457841386323705,0.3459669579749205,8,27,0.39457841386323705,0.3702726859190788,0.3459669579749205,-0.0020417486501397297,0.02226397929401852,0.04656970723817683,277,61,nan,nan,0,,False,True,elhigh-elmid
p1876,elmid-radmid-az090,elhigh-radmid-az045,0.40301903263644234,0.5897701176816718,0.6192547634034895,0.39457841386323705,0.35969234721512794,8,18,0.39457841386323705,0.3771353805391825,0.35969234721512794,0.008440618773205288,0.025883652097259846,0.043326685421314404,287,64,nan,nan,0,,True,True,elhigh-elmid
p1877,elmid-radmid-az090,elhigh-radmid-az090,0.3912348390068824,0.5770590797388309,0.6051547263663276,0.39457841386323705,0.3545783681398182,8,21,0.39457841386323705,0.3745783910015276,0.3545783681398182,-0.0033435748563546697,0.016656448005354763,0.036656470867064195,281,66,nan,nan,0,,False,True,elhigh-elmid
p1878,elmid-radmid-az090,elhigh-radmid-az135,0.40355957245772156,0.5872510087975348,0.615418911555592,0.39457841386323705,0.3434079473811069,8,30,0.39457841386323705,0.368993180622172,0.3434079473811069,0.008981158594484506,0.03456639183554955,0.060151625076614645,281,70,nan,nan,0,,True,True,elhigh-elmid
p1879,elmid-radmid-az090,elhigh-radmid-az180,0.41922039911976644,0.6057758045192035,0.6333534909639958,0.39457841386323705,0.35560303382831304,8,19,0.39457841386323705,0.375090723845775,0.35560303382831304,0.024641985256529386,0.04412967527399142,0.0636173652914534,276,75,nan,nan,0,,True,True,elhigh-elmid
p1880,elmid-radmid-az090,elhigh-radmid-az225,0.39845588225767464,0.5779101821567895,0.612788118779594,0.39457841386323705,0.33765850732244423,8,36,0.39457841386323705,0.36611846059284064,0.33765850732244423,0.0038774683944375887,0.032337421664834,0.06079737493523041,270,75,nan,nan,0,,True,True,elhigh-elmid
p1881,elmid-radmid-az090,elhigh-radmid-az270,0.3864231654977301,0.5683278530013101,0.606954525646841,0.39457841386323705,0.33467761382312017,8,43,0.39457841386323705,0.3646280138431786,0.33467761382312017,-0.008155248365506962,0.02179515165455148,0.051745551674609924,287,67,nan,nan,0,,False,True,elhigh-elmid
p1882,elmid-radmid-az090,elhigh-radmid-az315,0.3949532876903133,0.5826948859167737,0.6231233862460276,0.39457841386323705,0.3357774895562401,8,42,0.39457841386323705,0.36517795170973855,0.3357774895562401,0.0003748738270762386,0.029775335980574746,0.0591757981340732,290,67,nan,nan,0,,True,True,elhigh-elmid
p1883,elmid-radmid-az090,elhigh-radfar-az000,0.3930350537428439,0.5764594049476623,0.6051324329350818,0.39457841386323705,0.33999633482078295,8,33,0.39457841386323705,0.36728737434201,0.33999633482078295,-0.0015433601203931335,0.025747679400833945,0.05303871892206097,294,58,nan,nan,0,,False,True,elhigh-elmid
p1884,elmid-radmid-az090,elhigh-radfar-az045,0.39948063721812066,0.5850750366127613,0.6200425073811978,0.39457841386323705,0.3517406582248309,8,24,0.39457841386323705,0.37315953604403396,0.3517406582248309,0.004902223354883606,0.026321101174086703,0.047739978993289744,263,79,nan,nan,0,,True,True,elhigh-elmid
p1885,elmid-radmid-az090,elhigh-radfar-az090,0.3843275338475795,0.5661493848201335,0.6018452378565186,0.39457841386323705,0.33715840306367034,8,39,0.39457841386323705,0.3658684084634537,0.33715840306367034,-0.010250880015657549,0.018459125384125807,0.04716913078390916,287,65,nan,nan,0,,False,True,elhigh-elmid
p1886,elmid-radmid-az090,elhigh-radfar-az135,0.4022382260996091,0.5855746489334169,0.6147288713549748,0.39457841386323705,0.35443982782283306,8,22,0.39457841386323705,0.37450912084303506,0.35443982782283306,0.007659812236372021,0.027729105256574016,0.04779839827677601,293,63,nan,nan,0,,True,True,elhigh-elmid
p1887,elmid-radmid-az090,elhigh-radfar-az180,0.4099100594000238,0.5943385346829831,0.6264408954625241,0.39457841386323705,0.3435612602938729,8,29,0.39457841386323705,0.369069837078555,0.3435612602938729,0.015331645536786731,0.04084022232146878,0.06634879910615088,287,69,nan,nan,0,,True,True,elhigh-elmid
p1888,elmid-radmid-az090,elhigh-radfar-az225,0.4113749662641629,0.5922279935506713,0.6202658158825092,0.39457841386323705,0.3330930922222578,8,45,0.39457841386323705,0.3638357530427474,0.3330930922222578,0.016796552400925868,0.04753921322141552,0.07828187404190512,290,64,nan,nan,0,,True,True,elhigh-elmid
p1889,elmid-radmid-az090,elhigh-radfar-az270,0.4111359935155916,0.5978073758559334,0.6260031565398708,0.39457841386323705,0.3342499000230558,8,44,0.39457841386323705,0.36441415694314644,0.3342499000230558,0.016557579652354548,0.04672183657244516,0.07688609349253578,284,67,nan,nan,0,,True,True,elhigh-elmid
p1890,elmid-radmid-az090,elhigh-radfar-az315,0.4141508696793363,0.5978252753382101,0.6216898342684856,0.39457841386323705,0.3370014455332844,8,40,0.39457841386323705,0.36578992969826074,0.3370014455332844,0.019572455816099232,0.048360939981075546,0.07714942414605186,284,67,nan,nan,0,,True,True,elhigh-elmid
p1891,elmid-radmid-az135,elmid-radmid-az180,0.4219326008842338,0.6156422212223205,0.6467925288848922,0.3855787851950759,0.3920347270865256,15,10,0.3920347270865256,0.38880675614080074,0.3855787851950759,0.029897873797708197,0.03312584474343305,0.03635381568915791,296,63,nan,nan,0,,True,True,elmid-elmid
p1892,elmid-radmid-az135,elmid-radmid-az225,0.4137941858737094,0.617997437837115,0.6530207380378691,0.3855787851950759,0.4035228167038699,15,2,0.4035228167038699,0.3945508009494729,0.3855787851950759,0.010271369169839506,0.019243384924236495,0.02821540067863354,298,70,nan,nan,0,,True,True,elmid-elmid
p1893,elmid-radmid-az135,elmid-radmid-az270,0.4131454376380637,0.6111104566999596,0.6437501222374787,0.3855787851950759,0.40315190191972006,15,3,0.40315190191972006,0.39436534355739794,0.3855787851950759,0.00999353571834366,0.018780094080665777,0.027566652442987838,285,65,nan,nan,0,,True,True,elmid-elmid
p1894,elmid-radmid-az135,elmid-radmid-az315,0.40559531316198316,0.6071458105984453,0.6434911025924697,0.3855787851950759,0.38855085122315813,15,13,0.38855085122315813,0.387064818209117,0.3855787851950759,0.01704446193882503,0.018530494952866183,0.020016527966907283,293,68,nan,nan,0,,True,True,elmid-elmid
p1895,elmid-radmid-az135,elmid-radfar-az000,0.4158810831478388,0.6252824327189782,0.6697942649658677,0.3855787851950759,0.3883653697649618,15,14,0.3883653697649618,0.38697207748001883,0.3855787851950759,0.027515713382877005,0.028909005667819954,0.030302297952762902,296,67,nan,nan,0,,True,True,elmid-elmid
p1896,elmid-radmid-az135,elmid-radfar-az045,0.42159659474217653,0.6261799517754018,0.6623948713846334,0.3855787851950759,0.3904277067982496,15,12,0.3904277067982496,0.38800324599666275,0.3855787851950759,0.031168887943926915,0.033593348745513785,0.036017809547100654,286,74,nan,nan,0,,True,True,elmid-elmid
p1897,elmid-radmid-az135,elmid-radfar-az090,0.41521330468811024,0.6193576280979128,0.657601509750689,0.3855787851950759,0.4031096513417022,15,4,0.4031096513417022,0.39434421826838906,0.3855787851950759,0.012103653346408061,0.020869086419721183,0.02963451949303436,286,75,nan,nan,0,,True,True,elmid-elmid
p1898,elmid-radmid-az135,elmid-radfar-az135,0.4017032758952654,0.6112586937521847,0.6491286363428825,0.3855787851950759,0.3906639225147944,15,11,0.3906639225147944,0.3881213538549352,0.3855787851950759,0.011039353380470962,0.013581922040330208,0.01612449070018951,293,66,nan,nan,0,,True,True,elmid-elmid
p1899,elmid-radmid-az135,elmid-radfar-az180,0.4331786863391947,0.6435478122615823,0.677942345767597,0.3855787851950759,0.39775345373611054,15,7,0.39775345373611054,0.3916661194655932,0.3855787851950759,0.03542523260308417,0.0415125668736015,0.04759990114411883,298,66,nan,nan,0,,True,True,elmid-elmid
p1900,elmid-radmid-az135,elmid-radfar-az225,0.42446063549794055,0.6394643478968097,0.6774514366217486,0.3855787851950759,0.40094783670068784,15,6,0.40094783670068784,0.39326331094788186,0.3855787851950759,0.02351279879725271,0.03119732455005869,0.03888185030286467,280,74,nan,nan,0,,True,True,elmid-elmid
p1901,elmid-radmid-az135,elmid-radfar-az270,0.41925877687548013,0.6277066652525798,0.6642262536827568,0.3855787851950759,0.39259913412484276,15,9,0.39259913412484276,0.3890889596599593,0.3855787851950759,0.02665964275063737,0.03016981721552081,0.03367999168040425,292,72,nan,nan,0,,True,True,elmid-elmid
p1902,elmid-radmid-az135,elmid-radfar-az315,0.4125916756070533,0.6260833016009025,0.6643761775503207,0.3855787851950759,0.38032179073567957,15,16,0.3855787851950759,0.3829502879653777,0.38032179073567957,0.027012890411977408,0.029641387641675565,0.03226988487137372,295,69,nan,nan,0,,True,True,elmid-elmid
p1903,elmid-radmid-az135,elhigh-radnear-az000,0.4021096685366385,0.5925737780865017,0.6264230251542168,0.3855787851950759,0.3287976256874326,15,48,0.3855787851950759,0.35718820544125424,0.3287976256874326,0.016530883341562608,0.04492146309538425,0.0733120428492059,288,68,nan,nan,0,,True,True,elhigh-elmid
p1904,elmid-radmid-az135,elhigh-radnear-az045,0.3972615737316488,0.5877296356240735,0.6141951228977687,0.3855787851950759,0.3372504425742561,15,38,0.3855787851950759,0.361414613884666,0.3372504425742561,0.011682788536572897,0.03584695984698277,0.06001113115739265,299,68,nan,nan,0,,True,True,elhigh-elmid
p1905,elmid-radmid-az135,elhigh-radnear-az090,0.39868479170906534,0.5853557191273708,0.6183148600623448,0.3855787851950759,0.3417464009985519,15,32,0.3855787851950759,0.3636625930968139,0.3417464009985519,0.013106006513989465,0.03502219861225142,0.05693839071051343,288,74,nan,nan,0,,True,True,elhigh-elmid
p1906,elmid-radmid-az135,elhigh-radnear-az135,0.398476030356398,0.589620950991996,0.6225455966185823,0.3855787851950759,0.3320552452601486,15,46,0.3855787851950759,0.3588170152276122,0.3320552452601486,0.012897245161322124,0.03965901512878578,0.06642078509624938,284,74,nan,nan,0,,True,True,elhigh-elmid
p1907,elmid-radmid-az135,elhigh-radnear-az180,0.40396825234763023,0.5972087336616674,0.62599989648085,0.3855787851950759,0.3395650145085634,15,35,0.3855787851950759,0.36257189985181965,0.3395650145085634,0.01838946715255435,0.041396352495810584,0.06440323783906682,293,66,nan,nan,0,,True,True,elhigh-elmid
p1908,elmid-radmid-az135,elhigh-radnear-az225,0.4065171793047013,0.5966783156070611,0.6276939982964096,0.3855787851950759,0.3440784937220457,15,28,0.3855787851950759,0.3648286394585608,0.3440784937220457,0.020938394109625447,0.041688539846140515,0.06243868558265564,278,76,nan,nan,0,,True,True,elhigh-elmid
p1909,elmid-radmid-az135,elhigh-radnear-az270,0.3922621500256955,0.5798497720678947,0.6165803569768309,0.3855787851950759,0.3216859159930162,15,49,0.3855787851950759,0.3536323505940461,0.3216859159930162,0.006683364830619598,0.0386297994316494,0.07057623403267926,290,70,nan,nan,0,,True,True,elhigh-elmid
p1910,elmid-radmid-az135,elhigh-radnear-az315,0.39781903817432507,0.5873833259536235,0.6196618927321271,0.3855787851950759,0.3361849875189326,15,41,0.3855787851950759,0.36088188635700424,0.3361849875189326,0.012240252979249189,0.036937151817320824,0.06163405065539246,287,74,nan,nan,0,,True,True,elhigh-elmid
p1911,elmid-radmid-az135,elhigh-radmid-az000,0.41408280249919627,0.6014262907037359,0.6300636853826398,0.3855787851950759,0.3459669579749205,15,27,0.3855787851950759,0.36577287158499816,0.3459669579749205,0.028504017304120388,0.04830993091419811,0.06811584452427577,284,63,nan,nan,0,,True,True,elhigh-elmid
p1912,elmid-radmid-az135,elhigh-radmid-az045,0.4107690290176524,0.5989974035686908,0.6336975023466644,0.3855787851950759,0.35969234721512794,15,18,0.3855787851950759,0.3726355662051019,0.35969234721512794,0.025190243822576508,0.03813346281255048,0.05107668180252445,294,66,nan,nan,0,,True,True,elhigh-elmid
p1913,elmid-radmid-az135,elhigh-radmid-az090,0.4063676437256564,0.5936970640977817,0.6230568436472876,0.3855787851950759,0.3545783681398182,15,21,0.3855787851950759,0.37007857666744703,0.3545783681398182,0.020788858530580545,0.03628906705820939,0.051789275585838235,288,68,nan,nan,0,,True,True,elhigh-elmid
p1914,elmid-radmid-az135,elhigh-radmid-az135,0.39996509120310497,0.5936480072535218,0.6267096231843629,0.3855787851950759,0.3434079473811069,15,30,0.3855787851950759,0.36449336628809137,0.3434079473811069,0.014386306008029093,0.0354717249150136,0.05655714382199806,288,72,nan,nan,0,,True,True,elhigh-elmid
p1915,elmid-radmid-az135,elhigh-radmid-az180,0.4109712341807733,0.6027030261537862,0.6363290370841673,0.3855787851950759,0.35560303382831304,15,19,0.3855787851950759,0.3705909095116945,0.35560303382831304,0.025392448985697424,0.040380324669078815,0.05536820035246026,283,77,nan,nan,0,,True,True,elhigh-elmid
p1916,elmid-radmid-az135,elhigh-radmid-az225,0.4098478176495559,0.5991114639116591,0.6324824244445539,0.3855787851950759,0.33765850732244423,15,36,0.3855787851950759,0.36161864625876006,0.33765850732244423,0.024269032454480033,0.048229171390795855,0.07218931032711168,277,77,nan,nan,0,,True,True,elhigh-elmid
p1917,elmid-radmid-az135,elhigh-radmid-az270,0.4130144165361975,0.6051656367990097,0.6358930331566957,0.3855787851950759,0.33467761382312017,15,43,0.3855787851950759,0.360128199509098,0.33467761382312017,0.027435631341121647,0.0528862170270995,0.07833680271307736,294,69,nan,nan,0,,True,True,elhigh-elmid
p1918,elmid-radmid-az135,elhigh-radmid-az315,0.41328241242416286,0.602566994777826,0.6292304783344217,0.3855787851950759,0.3357774895562401,15,42,0.3855787851950759,0.360678137375658,0.3357774895562401,0.02770362722908698,0.052604275048504845,0.07750492286792277,297,69,nan,nan,0,,True,True,elhigh-elmid
p1919,elmid-radmid-az135,elhigh-radfar-az000,0.40919216026863753,0.5968260870574674,0.6249268782993003,0.3855787851950759,0.33999633482078295,15,33,0.3855787851950759,0.36278756000792944,0.33999633482078295,0.02361337507356165,0.046404600260708084,0.06919582544785458,301,60,nan,nan,0,,True,True,elhigh-elmid
p1920,elmid-radmid-az135,elhigh-radfar-az045,0.41284708613280346,0.6075448714690191,0.6374208479141474,0.3855787851950759,0.3517406582248309,15,24,0.3855787851950759,0.3686597217099534,0.3517406582248309,0.027268300937727585,0.04418736442285004,0.06110642790797255,270,81,nan,nan,0,,True,True,elhigh-elmid
p1921,elmid-radmid-az135,elhigh-radfar-az090,0.4160718946628508,0.6075513810820347,0.6340577980553913,0.3855787851950759,0.33715840306367034,15,39,0.3855787851950759,0.3613685941293731,0.33715840306367034,0.030493109467774948,0.05470330053347772,0.07891349159918049,294,67,nan,nan,0,,True,True,elhigh-elmid
p1922,elmid-radmid-az135,elhigh-radfar-az135,0.3885934661866185,0.5873200561683911,0.6233196463041288,0.3855787851950759,0.35443982782283306,15,22,0.3855787851950759,0.37000930650895447,0.35443982782283306,0.0030146809915426176,0.018584159677664025,0.03415363836378543,300,65,nan,nan,0,,True,True,elhigh-elmid
p1923,elmid-radmid-az135,elhigh-radfar-az180,0.41143950825126957,0.6051732723015951,0.6371956777529882,0.3855787851950759,0.3435612602938729,15,29,0.3855787851950759,0.36457002274447436,0.3435612602938729,0.02586072305619369,0.046869485506795205,0.06787824795739666,294,71,nan,nan,0,,True,True,elhigh-elmid
p1924,elmid-radmid-az135,elhigh-radfar-az225,0.40674416941532787,0.5939049795582458,0.6297684239116563,0.3855787851950759,0.3330930922222578,15,45,0.3855787851950759,0.35933593870866687,0.3330930922222578,0.021165384220251993,0.047408230706661,0.07365107719307007,297,66,nan,nan,0,,True,True,elhigh-elmid
p1925,elmid-radmid-az135,elhigh-radfar-az270,0.40093449021770033,0.5914135262854623,0.6258501411088225,0.3855787851950759,0.3342499000230558,15,44,0.3855787851950759,0.35991434260906585,0.3342499000230558,0.015355705022624455,0.04102014760863448,0.06668459019464451,291,69,nan,nan,0,,True,True,elhigh-elmid
p1926,elmid-radmid-az135,elhigh-radfar-az315,0.41359445617263535,0.6099326992477252,0.6373697556156971,0.3855787851950759,0.3370014455332844,15,40,0.3855787851950759,0.36129011536418015,0.3370014455332844,0.02801567097755947,0.052304340808455196,0.07659301063935092,291,69,nan,nan,0,,True,True,elhigh-elmid
p1927,elmid-radmid-az180,elmid-radmid-az225,0.42462711804191955,0.6268349749103909,0.6656518105931719,0.3920347270865256,0.4035228167038699,10,2,0.4035228167038699,0.3977787718951977,0.3920347270865256,0.021104301338049636,0.026848346146721824,0.03259239095539396,300,57,nan,nan,0,,True,True,elmid-elmid
p1928,elmid-radmid-az180,elmid-radmid-az270,0.42240433894823753,0.6257191444793324,0.653384851729315,0.3920347270865256,0.40315190191972006,10,3,0.40315190191972006,0.39759331450312285,0.3920347270865256,0.019252437028517477,0.024811024445114682,0.030369611861711943,287,52,nan,nan,0,,True,True,elmid-elmid
p1929,elmid-radmid-az180,elmid-radmid-az315,0.4190227942065244,0.6176038073719364,0.6514518229589418,0.3920347270865256,0.38855085122315813,10,13,0.3920347270865256,0.3902927891548419,0.38855085122315813,0.026988067119998793,0.028730005051682495,0.03047194298336625,295,55,nan,nan,0,,True,True,elmid-elmid
p1930,elmid-radmid-az180,elmid-radfar-az000,0.41524804151450256,0.619639460525584,0.6613696797016688,0.3920347270865256,0.3883653697649618,10,14,0.3920347270865256,0.3902000484257437,0.3883653697649618,0.023213314427976972,0.02504799308875888,0.026882671749540787,298,54,nan,nan,0,,True,True,elmid-elmid
p1931,elmid-radmid-az180,elmid-radfar-az045,0.42163653239649745,0.6264425769708717,0.6635736039381859,0.3920347270865256,0.3904277067982496,10,12,0.3920347270865256,0.3912312169423876,0.3904277067982496,0.029601805309971863,0.03040531545410985,0.031208825598247836,288,61,nan,nan,0,,True,True,elmid-elmid
p1932,elmid-radmid-az180,elmid-radfar-az090,0.4278196896688996,0.6339166719242579,0.6695596902130152,0.3920347270865256,0.4031096513417022,10,4,0.4031096513417022,0.39757218921411386,0.3920347270865256,0.024710038327197426,0.030247500454785747,0.035784962582374014,288,62,nan,nan,0,,True,True,elmid-elmid
p1933,elmid-radmid-az180,elmid-radfar-az135,0.4274715815588372,0.6366032957795158,0.6712591294473028,0.3920347270865256,0.3906639225147944,10,11,0.3920347270865256,0.39134932480066,0.3906639225147944,0.035436854472311596,0.03612225675817721,0.03680765904404276,295,53,nan,nan,0,,True,True,elmid-elmid
p1934,elmid-radmid-az180,elmid-radfar-az180,0.41909612974322236,0.6326903362582865,0.6658560969890405,0.3920347270865256,0.39775345373611054,10,7,0.39775345373611054,0.39489409041131807,0.3920347270865256,0.021342676007111816,0.02420203933190429,0.027061402656696765,300,53,nan,nan,0,,True,True,elmid-elmid
p1935,elmid-radmid-az180,elmid-radfar-az225,0.41658444959282903,0.6200941534556546,0.6580554350632256,0.3920347270865256,0.40094783670068784,10,6,0.40094783670068784,0.3964912818936067,0.3920347270865256,0.01563661289214119,0.020093167699222314,0.02454972250630344,282,61,nan,nan,0,,True,True,elmid-elmid
p1936,elmid-radmid-az180,elmid-radfar-az270,0.41393591314275546,0.6244402023788772,0.6638080966943865,0.3920347270865256,0.39259913412484276,10,9,0.39259913412484276,0.3923169306056842,0.3920347270865256,0.0213367790179127,0.021618982537071285,0.02190118605622987,294,59,nan,nan,0,,True,True,elmid-elmid
p1937,elmid-radmid-az180,elmid-radfar-az315,0.4200115672915113,0.6318626401246409,0.6701748661389801,0.3920347270865256,0.38032179073567957,10,16,0.3920347270865256,0.3861782589111026,0.38032179073567957,0.027976840204985698,0.03383330838040871,0.039689776555831724,297,56,nan,nan,0,,True,True,elmid-elmid
p1938,elmid-radmid-az180,elhigh-radnear-az000,0.40615459770549545,0.5887617782249224,0.6145977202882422,0.3920347270865256,0.3287976256874326,10,48,0.3920347270865256,0.3604161763869791,0.3287976256874326,0.014119870618969854,0.045738421318516354,0.07735697201806285,290,55,nan,nan,0,,True,True,elhigh-elmid
p1939,elmid-radmid-az180,elhigh-radnear-az045,0.40708370993298254,0.5926505455331904,0.6294140893513219,0.3920347270865256,0.3372504425742561,10,38,0.3920347270865256,0.36464258483039086,0.3372504425742561,0.015048982846456949,0.04244112510259168,0.06983326735872641,301,55,nan,nan,0,,True,True,elhigh-elmid
p1940,elmid-radmid-az180,elhigh-radnear-az090,0.41674016966740207,0.6056808281738851,0.633192191556825,0.3920347270865256,0.3417464009985519,10,32,0.3920347270865256,0.3668905640425387,0.3417464009985519,0.02470544258087648,0.04984960562486335,0.07499376866885016,290,61,nan,nan,0,,True,True,elhigh-elmid
p1941,elmid-radmid-az180,elhigh-radnear-az135,0.4014919551868112,0.5910619202701322,0.6246549021426313,0.3920347270865256,0.3320552452601486,10,46,0.3920347270865256,0.36204498617333714,0.3320552452601486,0.009457228100285597,0.039446969013474054,0.06943670992666257,286,61,nan,nan,0,,True,True,elhigh-elmid
p1942,elmid-radmid-az180,elhigh-radnear-az180,0.41318910086762844,0.6047518376107417,0.6372658623229319,0.3920347270865256,0.3395650145085634,10,35,0.3920347270865256,0.3657998707975445,0.3395650145085634,0.021154373781102853,0.04738923007008394,0.07362408635906503,295,53,nan,nan,0,,True,True,elhigh-elmid
p1943,elmid-radmid-az180,elhigh-radnear-az225,0.40323613263298286,0.5898344894255887,0.6219322142800138,0.3920347270865256,0.3440784937220457,10,28,0.3920347270865256,0.3680566104042856,0.3440784937220457,0.011201405546457266,0.035179522228697246,0.05915763891093717,280,63,nan,nan,0,,True,True,elhigh-elmid
p1944,elmid-radmid-az180,elhigh-radnear-az270,0.4111408515540495,0.6027175501141786,0.6341796913014005,0.3920347270865256,0.3216859159930162,10,49,0.3920347270865256,0.3568603215397709,0.3216859159930162,0.01910612446752391,0.05428053001427863,0.08945493556103329,292,57,nan,nan,0,,True,True,elhigh-elmid
p1945,elmid-radmid-az180,elhigh-radnear-az315,0.4133258310161313,0.60073519319092,0.628366095682632,0.3920347270865256,0.3361849875189326,10,41,0.3920347270865256,0.3641098573027291,0.3361849875189326,0.021291103929605704,0.049215973713402195,0.07714084349719869,289,61,nan,nan,0,,True,True,elhigh-elmid
p1946,elmid-radmid-az180,elhigh-radmid-az000,0.40986619787362594,0.5980850093086391,0.6301106264384325,0.3920347270865256,0.3459669579749205,10,27,0.3920347270865256,0.36900084253072307,0.3459669579749205,0.017831470787100345,0.040865355342902865,0.06389923989870544,286,50,nan,nan,0,,True,True,elhigh-elmid
p1947,elmid-radmid-az180,elhigh-radmid-az045,0.4151109462634248,0.6025167750011473,0.6312735822315716,0.3920347270865256,0.35969234721512794,10,18,0.3920347270865256,0.37586353715082677,0.35969234721512794,0.023076219176899226,0.03924740911259805,0.05541859904829688,296,53,nan,nan,0,,True,True,elhigh-elmid
p1948,elmid-radmid-az180,elhigh-radmid-az090,0.4148356710853744,0.5982750954186652,0.6227592654690054,0.3920347270865256,0.3545783681398182,10,21,0.3920347270865256,0.3733065476131719,0.3545783681398182,0.0228009439988488,0.0415291234722025,0.0602573029455562,290,55,nan,nan,0,,True,True,elhigh-elmid
p1949,elmid-radmid-az180,elhigh-radmid-az135,0.42044950635846795,0.6141424801579346,0.6435497558107538,0.3920347270865256,0.3434079473811069,10,30,0.3920347270865256,0.3677213372338163,0.3434079473811069,0.02841477927194236,0.05272816912465167,0.07704155897736104,290,59,nan,nan,0,,True,True,elhigh-elmid
p1950,elmid-radmid-az180,elhigh-radmid-az180,0.4064831683580858,0.5964842087483224,0.6306325623101047,0.3920347270865256,0.35560303382831304,10,19,0.3920347270865256,0.3738188804574193,0.35560303382831304,0.014448441271560197,0.0326642879006665,0.05088013452977275,285,64,nan,nan,0,,True,True,elhigh-elmid
p1951,elmid-radmid-az180,elhigh-radmid-az225,0.40596572705107614,0.5964011126261832,0.6308934902377372,0.3920347270865256,0.33765850732244423,10,36,0.3920347270865256,0.3648466172044849,0.33765850732244423,0.01393099996455055,0.04111910984659123,0.06830721972863191,279,64,nan,nan,0,,True,True,elhigh-elmid
p1952,elmid-radmid-az180,elhigh-radmid-az270,0.41122019373378477,0.6013580209354047,0.6296205759022786,0.3920347270865256,0.33467761382312017,10,43,0.3920347270865256,0.3633561704548229,0.33467761382312017,0.019185466647259175,0.04786402327896189,0.0765425799106646,296,56,nan,nan,0,,True,True,elhigh-elmid
p1953,elmid-radmid-az180,elhigh-radmid-az315,0.40664721679022287,0.596233569580328,0.6264212967470356,0.3920347270865256,0.3357774895562401,10,42,0.3920347270865256,0.3639061083213828,0.3357774895562401,0.014612489703697273,0.04274110846884005,0.07086972723398277,299,56,nan,nan,0,,True,True,elhigh-elmid
p1954,elmid-radmid-az180,elhigh-radfar-az000,0.4217674547811301,0.6112545062618848,0.6400927964265837,0.3920347270865256,0.33999633482078295,10,33,0.3920347270865256,0.36601553095365424,0.33999633482078295,0.0297327276946045,0.05575192382747585,0.08177111996034714,303,47,nan,nan,0,,True,True,elhigh-elmid
p1955,elmid-radmid-az180,elhigh-radfar-az045,0.4280494339477173,0.6149870068585809,0.6455258371879823,0.3920347270865256,0.3517406582248309,10,24,0.3920347270865256,0.3718876926556782,0.3517406582248309,0.03601470686119168,0.05616174129203905,0.07630877572288636,272,68,nan,nan,0,,True,True,elhigh-elmid
p1956,elmid-radmid-az180,elhigh-radfar-az090,0.40578636439788296,0.5919606916721891,0.6285216716808102,0.3920347270865256,0.33715840306367034,10,39,0.3920347270865256,0.36459656507509797,0.33715840306367034,0.013751637311357368,0.04118979932278499,0.06862796133421262,296,54,nan,nan,0,,True,True,elhigh-elmid
p1957,elmid-radmid-az180,elhigh-radfar-az135,0.40628178919129454,0.5907689485443656,0.6220881995648413,0.3920347270865256,0.35443982782283306,10,22,0.3920347270865256,0.37323727745467933,0.35443982782283306,0.014247062104768948,0.03304451173661521,0.051841961368461476,302,52,nan,nan,0,,True,True,elhigh-elmid
p1958,elmid-radmid-az180,elhigh-radfar-az180,0.40251824287246785,0.5953834587260209,0.6241633133049772,0.3920347270865256,0.3435612602938729,10,29,0.3920347270865256,0.3677979936901993,0.3435612602938729,0.010483515785942255,0.03472024918226857,0.05895698257859494,296,58,nan,nan,0,,True,True,elhigh-elmid
p1959,elmid-radmid-az180,elhigh-radfar-az225,0.40026337125316025,0.5929582205323625,0.626039454302328,0.3920347270865256,0.3330930922222578,10,45,0.3920347270865256,0.36256390965439167,0.3330930922222578,0.008228644166634658,0.03769946159876858,0.06717027903090245,299,53,nan,nan,0,,True,True,elhigh-elmid
p1960,elmid-radmid-az180,elhigh-radfar-az270,0.4008709509443877,0.5919228616463074,0.6254794245547617,0.3920347270865256,0.3342499000230558,10,44,0.3920347270865256,0.3631423135547907,0.3342499000230558,0.008836223857862091,0.037728637389596975,0.06662105092133186,293,56,nan,nan,0,,True,True,elhigh-elmid
p1961,elmid-radmid-az180,elhigh-radfar-az315,0.41315935089829375,0.6020294183739088,0.6311137540015442,0.3920347270865256,0.3370014455332844,10,40,0.3920347270865256,0.364518086309905,0.3370014455332844,0.02112462381176816,0.048641264588388744,0.07615790536500933,293,56,nan,nan,0,,True,True,elhigh-elmid
p1962,elmid-radmid-az225,elmid-radmid-az270,0.4297594355768209,0.6397596079235852,0.67153427167991,0.4035228167038699,0.40315190191972006,2,3,0.4035228167038699,0.403337359311795,0.40315190191972006,0.02623661887295098,0.026422076265025907,0.026607533657100835,289,59,nan,nan,0,,True,True,elmid-elmid
p1963,elmid-radmid-az225,elmid-radmid-az315,0.4294168426366132,0.645135563513727,0.6779323401432895,0.4035228167038699,0.38855085122315813,2,13,0.4035228167038699,0.396036833963514,0.38855085122315813,0.025894025932743314,0.033380008673099204,0.040865991413455094,297,62,nan,nan,0,,True,True,elmid-elmid
p1964,elmid-radmid-az225,elmid-radfar-az000,0.43504001334682973,0.6422941862630651,0.6782247951930223,0.4035228167038699,0.3883653697649618,2,14,0.4035228167038699,0.3959440932344158,0.3883653697649618,0.03151719664295982,0.03909592011241392,0.04667464358186796,300,61,nan,nan,0,,True,True,elmid-elmid
p1965,elmid-radmid-az225,elmid-radfar-az045,0.4306377457521381,0.6398458495752203,0.676892726679059,0.4035228167038699,0.3904277067982496,2,12,0.4035228167038699,0.3969752617510598,0.3904277067982496,0.027114929048268177,0.0336624840010783,0.04021003895388847,290,68,nan,nan,0,,True,True,elmid-elmid
p1966,elmid-radmid-az225,elmid-radfar-az090,0.44813253756728516,0.6580794411624636,0.694048527389528,0.4035228167038699,0.4031096513417022,2,4,0.4035228167038699,0.40331623402278605,0.4031096513417022,0.04460972086341525,0.044816303544499114,0.04502288622558298,290,69,nan,nan,0,,True,True,elmid-elmid
p1967,elmid-radmid-az225,elmid-radfar-az135,0.43067688794188286,0.6446666248231958,0.6788408628972368,0.4035228167038699,0.3906639225147944,2,11,0.4035228167038699,0.39709336960933217,0.3906639225147944,0.027154071238012945,0.03358351833255069,0.04001296542708843,297,60,nan,nan,0,,True,True,elmid-elmid
p1968,elmid-radmid-az225,elmid-radfar-az180,0.4325803591243205,0.6448671690722163,0.6770713380847119,0.4035228167038699,0.39775345373611054,2,7,0.4035228167038699,0.40063813521999025,0.39775345373611054,0.02905754242045061,0.03194222390433027,0.03482690538820998,302,60,nan,nan,0,,True,True,elmid-elmid
p1969,elmid-radmid-az225,elmid-radfar-az225,0.4163554647462912,0.6312415695915355,0.6682800314093993,0.4035228167038699,0.40094783670068784,2,6,0.4035228167038699,0.4022353267022789,0.40094783670068784,0.01283264804242129,0.014120138044012298,0.015407628045603361,284,68,nan,nan,0,,True,True,elmid-elmid
p1970,elmid-radmid-az225,elmid-radfar-az270,0.4283624600611634,0.645802349727772,0.6797430181264156,0.4035228167038699,0.39259913412484276,2,9,0.4035228167038699,0.39806097541435637,0.39259913412484276,0.024839643357293495,0.030301484646807042,0.035763325936320645,296,66,nan,nan,0,,True,True,elmid-elmid
p1971,elmid-radmid-az225,elmid-radfar-az315,0.4240971024566977,0.6398231173025982,0.6764489428747,0.4035228167038699,0.38032179073567957,2,16,0.4035228167038699,0.39192230371977477,0.38032179073567957,0.02057428575282777,0.032174798736922916,0.04377531172101812,299,63,nan,nan,0,,True,True,elmid-elmid
p1972,elmid-radmid-az225,elhigh-radnear-az000,0.423503577983119,0.6190667644962926,0.653322651391761,0.4035228167038699,0.3287976256874326,2,48,0.4035228167038699,0.3661602211956513,0.3287976256874326,0.019980761279249082,0.057343356787467714,0.0947059522956864,292,62,nan,nan,0,,True,True,elhigh-elmid
p1973,elmid-radmid-az225,elhigh-radnear-az045,0.4100243860362251,0.60599209063133,0.6431182282267448,0.4035228167038699,0.3372504425742561,2,38,0.4035228167038699,0.370386629639063,0.3372504425742561,0.006501569332355184,0.039637756397162105,0.07277394346196897,303,62,nan,nan,0,,True,True,elhigh-elmid
p1974,elmid-radmid-az225,elhigh-radnear-az090,0.4126329943307662,0.611749936813962,0.6499504831332015,0.4035228167038699,0.3417464009985519,2,32,0.4035228167038699,0.3726346088512109,0.3417464009985519,0.00911017762689631,0.03999838547955531,0.07088659333221431,292,68,nan,nan,0,,True,True,elhigh-elmid
p1975,elmid-radmid-az225,elhigh-radnear-az135,0.41934934071681995,0.6140124821255111,0.6531401840215425,0.4035228167038699,0.3320552452601486,2,46,0.4035228167038699,0.36778903098200927,0.3320552452601486,0.01582652401295004,0.05156030973481068,0.08729409545667133,288,68,nan,nan,0,,True,True,elhigh-elmid
p1976,elmid-radmid-az225,elhigh-radnear-az180,0.41413660255058055,0.611575545730616,0.6480314452945098,0.4035228167038699,0.3395650145085634,2,35,0.4035228167038699,0.3715439156062167,0.3395650145085634,0.010613785846710633,0.042592686944363856,0.07457158804201713,297,60,nan,nan,0,,True,True,elhigh-elmid
p1977,elmid-radmid-az225,elhigh-radnear-az225,0.41535415281327903,0.6211080786494266,0.6589760437897654,0.4035228167038699,0.3440784937220457,2,28,0.4035228167038699,0.3738006552129578,0.3440784937220457,0.011831336109409119,0.04155349760032123,0.07127565909123335,282,70,nan,nan,0,,True,True,elhigh-elmid
p1978,elmid-radmid-az225,elhigh-radnear-az270,0.41479545461361744,0.6236347464607273,0.6574547489913999,0.4035228167038699,0.3216859159930162,2,49,0.4035228167038699,0.36260436634844306,0.3216859159930162,0.01127263790974753,0.05219108826517438,0.09310953862060123,294,64,nan,nan,0,,True,True,elhigh-elmid
p1979,elmid-radmid-az225,elhigh-radnear-az315,0.39337497978853975,0.5940791134985266,0.6392808974650857,0.4035228167038699,0.3361849875189326,2,41,0.4035228167038699,0.36985390211140123,0.3361849875189326,-0.010147836915330166,0.023521077677138513,0.05718999226960714,291,68,nan,nan,0,,False,True,elhigh-elmid
p1980,elmid-radmid-az225,elhigh-radmid-az000,0.42261219569316716,0.6290553499473154,0.6648279727947268,0.4035228167038699,0.3459669579749205,2,27,0.4035228167038699,0.3747448873393952,0.3459669579749205,0.019089378989297245,0.047867308353771953,0.07664523771824666,288,57,nan,nan,0,,True,True,elhigh-elmid
p1981,elmid-radmid-az225,elhigh-radmid-az045,0.4258461282502969,0.6254816301538975,0.6580373105574006,0.4035228167038699,0.35969234721512794,2,18,0.4035228167038699,0.38160758195949895,0.35969234721512794,0.02232331154642697,0.04423854629079793,0.06615378103516895,298,60,nan,nan,0,,True,True,elhigh-elmid
p1982,elmid-radmid-az225,elhigh-radmid-az090,0.4266125703063767,0.6252502079729401,0.6580450244452148,0.4035228167038699,0.3545783681398182,2,21,0.4035228167038699,0.379050592421844,0.3545783681398182,0.023089753602506813,0.0475619778845327,0.07203420216655854,292,62,nan,nan,0,,True,True,elhigh-elmid
p1983,elmid-radmid-az225,elhigh-radmid-az135,0.4312785166553017,0.631737570688279,0.6658430887415441,0.4035228167038699,0.3434079473811069,2,30,0.4035228167038699,0.3734653820424884,0.3434079473811069,0.02775569995143179,0.05781313461281329,0.08787056927419479,292,66,nan,nan,0,,True,True,elhigh-elmid
p1984,elmid-radmid-az225,elhigh-radmid-az180,0.42010333382299425,0.6243179799036546,0.6601667614695258,0.4035228167038699,0.35560303382831304,2,19,0.4035228167038699,0.3795629252660915,0.35560303382831304,0.01658051711912434,0.040540408556902774,0.06450029999468121,287,71,nan,nan,0,,True,True,elhigh-elmid
p1985,elmid-radmid-az225,elhigh-radmid-az225,0.40869652198479944,0.6129908902505445,0.6524501901102245,0.4035228167038699,0.33765850732244423,2,36,0.4035228167038699,0.37059066201315705,0.33765850732244423,0.00517370528092953,0.0381058599716424,0.07103801466235521,281,71,nan,nan,0,,True,True,elhigh-elmid
p1986,elmid-radmid-az225,elhigh-radmid-az270,0.4274182155480385,0.6317565695917181,0.6666134308727193,0.4035228167038699,0.33467761382312017,2,43,0.4035228167038699,0.369100215263495,0.33467761382312017,0.02389539884416858,0.05831800028454348,0.09274060172491833,298,63,nan,nan,0,,True,True,elhigh-elmid
p1987,elmid-radmid-az225,elhigh-radmid-az315,0.4174121532528106,0.6183780394954947,0.6520548517276511,0.4035228167038699,0.3357774895562401,2,42,0.4035228167038699,0.369650153130055,0.3357774895562401,0.0138893365489407,0.04776200012275561,0.08163466369657052,301,63,nan,nan,0,,True,True,elhigh-elmid
p1988,elmid-radmid-az225,elhigh-radfar-az000,0.4096896142597797,0.6075519258063332,0.6495634906514551,0.4035228167038699,0.33999633482078295,2,33,0.4035228167038699,0.37175957576232643,0.33999633482078295,0.006166797555909764,0.037930038497453245,0.06969327943899672,305,54,nan,nan,0,,True,True,elhigh-elmid
p1989,elmid-radmid-az225,elhigh-radfar-az045,0.4217484248166521,0.6281791861749249,0.6656634787713558,0.4035228167038699,0.3517406582248309,2,24,0.4035228167038699,0.3776317374643504,0.3517406582248309,0.018225608112782177,0.044116687352301676,0.07000776659182117,274,75,nan,nan,0,,True,True,elhigh-elmid
p1990,elmid-radmid-az225,elhigh-radfar-az090,0.4300491693724883,0.6297151519935893,0.6638222257610833,0.4035228167038699,0.33715840306367034,2,39,0.4035228167038699,0.37034060988377016,0.33715840306367034,0.026526352668618414,0.05970855948871817,0.09289076630881798,298,61,nan,nan,0,,True,True,elhigh-elmid
p1991,elmid-radmid-az225,elhigh-radfar-az135,0.4204401236046915,0.6161056956232747,0.6525732215690914,0.4035228167038699,0.35443982782283306,2,22,0.4035228167038699,0.37898132226335146,0.35443982782283306,0.016917306900821605,0.04145880134134006,0.06600029578185845,304,59,nan,nan,0,,True,True,elhigh-elmid
p1992,elmid-radmid-az225,elhigh-radfar-az180,0.42218035919365116,0.62363934562936,0.6570236378585388,0.4035228167038699,0.3435612602938729,2,29,0.4035228167038699,0.3735420384988714,0.3435612602938729,0.018657542489781243,0.048638320694779746,0.07861909889977825,298,65,nan,nan,0,,True,True,elhigh-elmid
p1993,elmid-radmid-az225,elhigh-radfar-az225,0.40880044131302606,0.6076633186871846,0.6478565084006531,0.4035228167038699,0.3330930922222578,2,45,0.4035228167038699,0.36830795446306386,0.3330930922222578,0.005277624609156151,0.040492486849962206,0.07570734909076826,301,60,nan,nan,0,,True,True,elhigh-elmid
p1994,elmid-radmid-az225,elhigh-radfar-az270,0.4156057705934946,0.6177715408725855,0.6532435321994481,0.4035228167038699,0.3342499000230558,2,44,0.4035228167038699,0.36888635836346284,0.3342499000230558,0.012082953889624659,0.04671941223003173,0.08135587057043875,295,63,nan,nan,0,,True,True,elhigh-elmid
p1995,elmid-radmid-az225,elhigh-radfar-az315,0.42460285637198675,0.6273203102027286,0.6613399487801194,0.4035228167038699,0.3370014455332844,2,40,0.4035228167038699,0.3702621311185772,0.3370014455332844,0.021080039668116834,0.05434072525340955,0.08760141083870232,295,63,nan,nan,0,,True,True,elhigh-elmid
p1996,elmid-radmid-az270,elmid-radmid-az315,0.41041223567176566,0.6205049506460042,0.6523610787214162,0.40315190191972006,0.38855085122315813,3,13,0.40315190191972006,0.3958513765714391,0.38855085122315813,0.0072603337520456,0.014560859100326562,0.021861384448607524,284,57,nan,nan,0,,True,True,elmid-elmid
p1997,elmid-radmid-az270,elmid-radfar-az000,0.42623907856492654,0.6349528692768472,0.6705190880822108,0.40315190191972006,0.3883653697649618,3,14,0.40315190191972006,0.39575863584234094,0.3883653697649618,0.023087176645206486,0.0304804427225856,0.03787370879996477,287,56,nan,nan,0,,True,True,elmid-elmid
p1998,elmid-radmid-az270,elmid-radfar-az045,0.4366664869661909,0.6441713523346888,0.6810886559155714,0.40315190191972006,0.3904277067982496,3,12,0.40315190191972006,0.3967898043589848,0.3904277067982496,0.03351458504647087,0.039876682607206115,0.04623878016794131,277,63,nan,nan,0,,True,True,elmid-elmid
p1999,elmid-radmid-az270,elmid-radfar-az090,0.42819496232866167,0.6434534949977335,0.6819654228695688,0.40315190191972006,0.4031096513417022,3,4,0.40315190191972006,0.4031307766307111,0.4031096513417022,0.02504306040894161,0.025064185697950547,0.025085310986959486,277,64,nan,nan,0,,True,True,elmid-elmid
p2000,elmid-radmid-az270,elmid-radfar-az135,0.4323877945213118,0.6482325344045702,0.6828436156503528,0.40315190191972006,0.3906639225147944,3,11,0.40315190191972006,0.39690791221725724,0.3906639225147944,0.029235892601591762,0.03547988230405458,0.04172387200651739,284,55,nan,nan,0,,True,True,elmid-elmid
p2001,elmid-radmid-az270,elmid-radfar-az180,0.4396064014792051,0.6558574797549406,0.6858387601878103,0.40315190191972006,0.39775345373611054,3,7,0.40315190191972006,0.40045267782791527,0.39775345373611054,0.03645449955948504,0.03915372365128983,0.04185294774309456,289,55,nan,nan,0,,True,True,elmid-elmid
p2002,elmid-radmid-az270,elmid-radfar-az225,0.4288081492249638,0.6402053397402114,0.676895061905039,0.40315190191972006,0.40094783670068784,3,6,0.40315190191972006,0.4020498693102039,0.40094783670068784,0.02565624730524374,0.026758279914759875,0.027860312524275954,271,63,nan,nan,0,,True,True,elmid-elmid
p2003,elmid-radmid-az270,elmid-radfar-az270,0.40292323741027675,0.614487242297116,0.6582227490916175,0.40315190191972006,0.39259913412484276,3,9,0.40315190191972006,0.3978755180222814,0.39259913412484276,-0.0002286645094433104,0.005047719387995364,0.010324103285433983,283,61,nan,nan,0,,False,True,elmid-elmid
p2004,elmid-radmid-az270,elmid-radfar-az315,0.4102825934279597,0.6186605656464501,0.6559889646514678,0.40315190191972006,0.38032179073567957,3,16,0.40315190191972006,0.3917368463276998,0.38032179073567957,0.007130691508239639,0.018545747100259913,0.02996080269228013,286,58,nan,nan,0,,True,True,elmid-elmid
p2005,elmid-radmid-az270,elhigh-radnear-az000,0.40830182975102786,0.5975328125581146,0.6286342644899259,0.40315190191972006,0.3287976256874326,3,48,0.40315190191972006,0.3659747638035763,0.3287976256874326,0.005149927831307799,0.04232706594745156,0.07950420406359526,279,57,nan,nan,0,,True,True,elhigh-elmid
p2006,elmid-radmid-az270,elhigh-radnear-az045,0.4162076396094672,0.6097661809088027,0.638783000759661,0.40315190191972006,0.3372504425742561,3,38,0.40315190191972006,0.3702011722469881,0.3372504425742561,0.01305573768974716,0.0460064673624791,0.07895719703521109,290,57,nan,nan,0,,True,True,elhigh-elmid
p2007,elmid-radmid-az270,elhigh-radnear-az090,0.40595675195391057,0.5981775765611717,0.6274871573446095,0.40315190191972006,0.3417464009985519,3,32,0.40315190191972006,0.372449151459136,0.3417464009985519,0.002804850034190509,0.03350760049477458,0.06421035095535865,279,63,nan,nan,0,,True,True,elhigh-elmid
p2008,elmid-radmid-az270,elhigh-radnear-az135,0.3981039289384112,0.5910270755460433,0.6292664487531755,0.40315190191972006,0.3320552452601486,3,46,0.40315190191972006,0.36760357358993434,0.3320552452601486,-0.005047972981308879,0.030500355348476837,0.06604868367826255,275,63,nan,nan,0,,False,True,elhigh-elmid
p2009,elmid-radmid-az270,elhigh-radnear-az180,0.41142439982427986,0.605830020534948,0.6360222411247392,0.40315190191972006,0.3395650145085634,3,35,0.40315190191972006,0.3713584582141417,0.3395650145085634,0.008272497904559806,0.040065941610138156,0.07185938531571645,284,55,nan,nan,0,,True,True,elhigh-elmid
p2010,elmid-radmid-az270,elhigh-radnear-az225,0.4048518379529236,0.5997989176928664,0.6296276056233344,0.40315190191972006,0.3440784937220457,3,28,0.40315190191972006,0.37361519782088287,0.3440784937220457,0.001699936033203564,0.03123664013204075,0.060773344230877935,269,65,nan,nan,0,,True,True,elhigh-elmid
p2011,elmid-radmid-az270,elhigh-radnear-az270,0.4077506654248563,0.6025733463458485,0.6356250532621353,0.40315190191972006,0.3216859159930162,3,49,0.40315190191972006,0.36241890895636814,0.3216859159930162,0.004598763505136216,0.04533175646848814,0.08606474943184006,281,59,nan,nan,0,,True,True,elhigh-elmid
p2012,elmid-radmid-az270,elhigh-radnear-az315,0.4038460228111202,0.6035174208026354,0.6342147854329293,0.40315190191972006,0.3361849875189326,3,41,0.40315190191972006,0.36966844471932636,0.3361849875189326,0.0006941208914001407,0.03417757809179384,0.06766103529218759,278,63,nan,nan,0,,True,True,elhigh-elmid
p2013,elmid-radmid-az270,elhigh-radmid-az000,0.4205095575917309,0.6130891869288753,0.6410774304532637,0.40315190191972006,0.3459669579749205,3,27,0.40315190191972006,0.3745594299473203,0.3459669579749205,0.017357655672010863,0.04595012764441064,0.07454259961681042,275,52,nan,nan,0,,True,True,elhigh-elmid
p2014,elmid-radmid-az270,elhigh-radmid-az045,0.4129944256104359,0.6069002709113746,0.6369192400968894,0.40315190191972006,0.35969234721512794,3,18,0.40315190191972006,0.38142212456742397,0.35969234721512794,0.009842523690715865,0.03157230104301195,0.053302078395307984,285,55,nan,nan,0,,True,True,elhigh-elmid
p2015,elmid-radmid-az270,elhigh-radmid-az090,0.4101727849385592,0.5995317965309425,0.628383412769284,0.40315190191972006,0.3545783681398182,3,21,0.40315190191972006,0.37886513502976915,0.3545783681398182,0.00702088301883913,0.031307649908790036,0.055594416798741,279,57,nan,nan,0,,True,True,elhigh-elmid
p2016,elmid-radmid-az270,elhigh-radmid-az135,0.41840221275891126,0.6085462319608707,0.6371110263588287,0.40315190191972006,0.3434079473811069,3,30,0.40315190191972006,0.3732799246504135,0.3434079473811069,0.015250310839191206,0.04512228810849778,0.07499426537780435,279,61,nan,nan,0,,True,True,elhigh-elmid
p2017,elmid-radmid-az270,elhigh-radmid-az180,0.41347310314792485,0.6043411384066109,0.6334936957737345,0.40315190191972006,0.35560303382831304,3,19,0.40315190191972006,0.37937746787401655,0.35560303382831304,0.01032120122820479,0.0340956352739083,0.057870069319611805,274,66,nan,nan,0,,True,True,elhigh-elmid
p2018,elmid-radmid-az270,elhigh-radmid-az225,0.40860914642494395,0.6032909489233235,0.6338792083590765,0.40315190191972006,0.33765850732244423,3,36,0.40315190191972006,0.3704052046210822,0.33765850732244423,0.0054572445052238905,0.038203941803861774,0.07095063910249971,268,66,nan,nan,0,,True,True,elhigh-elmid
p2019,elmid-radmid-az270,elhigh-radmid-az270,0.4002594104322836,0.590457335102696,0.6166689162343391,0.40315190191972006,0.33467761382312017,3,43,0.40315190191972006,0.36891475787142014,0.33467761382312017,-0.002892491487436477,0.03134465256086344,0.06558179660916341,285,58,nan,nan,0,,False,True,elhigh-elmid
p2020,elmid-radmid-az270,elhigh-radmid-az315,0.4177419867895174,0.6160994753284659,0.6458877386108627,0.40315190191972006,0.3357774895562401,3,42,0.40315190191972006,0.3694646957379801,0.3357774895562401,0.014590084869797348,0.04827729105153733,0.08196449723327731,288,58,nan,nan,0,,True,True,elhigh-elmid
p2021,elmid-radmid-az270,elhigh-radfar-az000,0.4186365609080642,0.6124991405847379,0.6380296696513253,0.40315190191972006,0.33999633482078295,3,33,0.40315190191972006,0.3715741183702515,0.33999633482078295,0.015484658988344169,0.04706244253781272,0.07864022608728127,292,49,nan,nan,0,,True,True,elhigh-elmid
p2022,elmid-radmid-az270,elhigh-radfar-az045,0.42250651847581966,0.6188394670696473,0.6483203732125215,0.40315190191972006,0.3517406582248309,3,24,0.40315190191972006,0.3774462800722755,0.3517406582248309,0.019354616556099602,0.04506023840354417,0.07076586025098874,261,70,nan,nan,0,,True,True,elhigh-elmid
p2023,elmid-radmid-az270,elhigh-radfar-az090,0.4076033493480193,0.5993853723664629,0.632398957700545,0.40315190191972006,0.33715840306367034,3,39,0.40315190191972006,0.37015515249169517,0.33715840306367034,0.004451447428299227,0.03744819685632411,0.07044494628434894,285,56,nan,nan,0,,True,True,elhigh-elmid
p2024,elmid-radmid-az270,elhigh-radfar-az135,0.418394591675889,0.6139450880653672,0.6421189277121809,0.40315190191972006,0.35443982782283306,3,22,0.40315190191972006,0.3787958648712766,0.35443982782283306,0.015242689756168937,0.039598726804612405,0.06395476385305593,291,54,nan,nan,0,,True,True,elhigh-elmid
p2025,elmid-radmid-az270,elhigh-radfar-az180,0.41185258390206725,0.6106838924065245,0.6416935932571459,0.40315190191972006,0.3435612602938729,3,29,0.40315190191972006,0.3733565811067965,0.3435612602938729,0.008700681982347191,0.03849600279527077,0.06829132360819434,285,60,nan,nan,0,,True,True,elhigh-elmid
p2026,elmid-radmid-az270,elhigh-radfar-az225,0.4187188235867505,0.6132852766075831,0.6415474680940784,0.40315190191972006,0.3330930922222578,3,45,0.40315190191972006,0.36812249707098893,0.3330930922222578,0.015566921667030442,0.05059632651576157,0.0856257313644927,288,55,nan,nan,0,,True,True,elhigh-elmid
p2027,elmid-radmid-az270,elhigh-radfar-az270,0.3980385753729926,0.5928208976982559,0.6241443410206874,0.40315190191972006,0.3342499000230558,3,44,0.40315190191972006,0.36870090097138797,0.3342499000230558,-0.00511332654672747,0.02933767440160462,0.06378867534993676,282,58,nan,nan,0,,False,True,elhigh-elmid
p2028,elmid-radmid-az270,elhigh-radfar-az315,0.4060524443033542,0.5972739922749846,0.629132933563179,0.40315190191972006,0.3370014455332844,3,40,0.40315190191972006,0.3700766737265022,0.3370014455332844,0.0029005423836341304,0.03597577057685197,0.06905099877006976,282,58,nan,nan,0,,True,True,elhigh-elmid
p2029,elmid-radmid-az315,elmid-radfar-az000,0.4232992826602341,0.6338243548088397,0.6708534527269885,0.38855085122315813,0.3883653697649618,13,14,0.38855085122315813,0.38845811049406,0.3883653697649618,0.034748431437075955,0.034841172166174106,0.03493391289527231,295,59,nan,nan,0,,True,True,elmid-elmid
p2030,elmid-radmid-az315,elmid-radfar-az045,0.42161587310910614,0.6325384907021258,0.671319579080746,0.38855085122315813,0.3904277067982496,13,12,0.3904277067982496,0.38948927901070385,0.38855085122315813,0.031188166310856524,0.032126594098402295,0.03306502188594801,285,66,nan,nan,0,,True,True,elmid-elmid
p2031,elmid-radmid-az315,elmid-radfar-az090,0.4296543273604054,0.640178506898495,0.6763351666973666,0.38855085122315813,0.4031096513417022,13,4,0.4031096513417022,0.39583025128243016,0.38855085122315813,0.026544676018703195,0.03382407607797522,0.04110347613724724,285,67,nan,nan,0,,True,True,elmid-elmid
p2032,elmid-radmid-az315,elmid-radfar-az135,0.41516218217921436,0.6269924695444893,0.6654811385112248,0.38855085122315813,0.3906639225147944,13,11,0.3906639225147944,0.3896073868689763,0.38855085122315813,0.02449825966441993,0.025554795310238076,0.026611330956056223,292,58,nan,nan,0,,True,True,elmid-elmid
p2033,elmid-radmid-az315,elmid-radfar-az180,0.4345737281909898,0.6488341606601306,0.6838280363523376,0.38855085122315813,0.39775345373611054,13,7,0.39775345373611054,0.3931521524796343,0.38855085122315813,0.03682027445487929,0.04142157571135552,0.046022876967831694,297,58,nan,nan,0,,True,True,elmid-elmid
p2034,elmid-radmid-az315,elmid-radfar-az225,0.4204550132266082,0.6303019013327654,0.6691767324861299,0.38855085122315813,0.40094783670068784,13,6,0.40094783670068784,0.39474934396192296,0.38855085122315813,0.019507176525920378,0.02570566926468526,0.03190416200345009,279,66,nan,nan,0,,True,True,elmid-elmid
p2035,elmid-radmid-az315,elmid-radfar-az270,0.4209891157171604,0.6367220296217314,0.671618094964458,0.38855085122315813,0.39259913412484276,13,9,0.39259913412484276,0.3905749926740004,0.38855085122315813,0.028389981592317648,0.03041412304315999,0.03243826449400228,291,64,nan,nan,0,,True,True,elmid-elmid
p2036,elmid-radmid-az315,elmid-radfar-az315,0.3990292763814225,0.6052223808930757,0.6455775434363291,0.38855085122315813,0.38032179073567957,13,16,0.38855085122315813,0.3844363209794188,0.38032179073567957,0.01047842515826436,0.014592955402003671,0.018707485645742927,294,61,nan,nan,0,,True,True,elmid-elmid
p2037,elmid-radmid-az315,elhigh-radnear-az000,0.4095579790929336,0.606162330030303,0.6371297207360397,0.38855085122315813,0.3287976256874326,13,48,0.38855085122315813,0.35867423845529534,0.3287976256874326,0.021007127869775488,0.050883740637638286,0.08076035340550103,287,60,nan,nan,0,,True,True,elhigh-elmid
p2038,elmid-radmid-az315,elhigh-radnear-az045,0.40203135153301756,0.5906903066338305,0.6267523639338413,0.38855085122315813,0.3372504425742561,13,38,0.38855085122315813,0.36290064689870716,0.3372504425742561,0.013480500309859422,0.0391307046343104,0.06478090895876143,298,60,nan,nan,0,,True,True,elhigh-elmid
p2039,elmid-radmid-az315,elhigh-radnear-az090,0.40527219262208297,0.6014115895675279,0.6366633995427298,0.38855085122315813,0.3417464009985519,13,32,0.38855085122315813,0.365148626110855,0.3417464009985519,0.01672134139892484,0.04012356651122795,0.06352579162353106,287,66,nan,nan,0,,True,True,elhigh-elmid
p2040,elmid-radmid-az315,elhigh-radnear-az135,0.40816091085413064,0.6050901612133236,0.6408770218859465,0.38855085122315813,0.3320552452601486,13,46,0.38855085122315813,0.3603030482416534,0.3320552452601486,0.01961005963097251,0.047857862612477264,0.07610566559398202,283,66,nan,nan,0,,True,True,elhigh-elmid
p2041,elmid-radmid-az315,elhigh-radnear-az180,0.41233768551088756,0.6095797051371298,0.6447949827047121,0.38855085122315813,0.3395650145085634,13,35,0.38855085122315813,0.36405793286586074,0.3395650145085634,0.02378683428772943,0.04827975264502682,0.07277267100232415,292,58,nan,nan,0,,True,True,elhigh-elmid
p2042,elmid-radmid-az315,elhigh-radnear-az225,0.40229637904900123,0.6002068774537217,0.6333779432041668,0.38855085122315813,0.3440784937220457,13,28,0.38855085122315813,0.3663146724726019,0.3440784937220457,0.013745527825843096,0.03598170657639932,0.05821788532695554,277,68,nan,nan,0,,True,True,elhigh-elmid
p2043,elmid-radmid-az315,elhigh-radnear-az270,0.401187816522186,0.6025769910873627,0.6383688220773325,0.38855085122315813,0.3216859159930162,13,49,0.38855085122315813,0.3551183836080872,0.3216859159930162,0.012636965299027858,0.04606943291409882,0.07950190052916978,289,62,nan,nan,0,,True,True,elhigh-elmid
p2044,elmid-radmid-az315,elhigh-radnear-az315,0.3913131827429537,0.593871648937306,0.6309531880033357,0.38855085122315813,0.3361849875189326,13,41,0.38855085122315813,0.3623679193710454,0.3361849875189326,0.0027623315197955467,0.02894526337190828,0.05512819522402107,286,66,nan,nan,0,,True,True,elhigh-elmid
p2045,elmid-radmid-az315,elhigh-radmid-az000,0.42566396068608764,0.6186181313625188,0.6495584976009969,0.38855085122315813,0.3459669579749205,13,27,0.38855085122315813,0.3672589045990393,0.3459669579749205,0.037113109462929506,0.058405056087048324,0.07969700271116714,283,55,nan,nan,0,,True,True,elhigh-elmid
p2046,elmid-radmid-az315,elhigh-radmid-az045,0.41850069768482795,0.6127912577366476,0.6449578444796381,0.38855085122315813,0.35969234721512794,13,18,0.38855085122315813,0.374121599219143,0.35969234721512794,0.029949846461669816,0.04437909846568494,0.05880835046970001,293,58,nan,nan,0,,True,True,elhigh-elmid
p2047,elmid-radmid-az315,elhigh-radmid-az090,0.4147410135303372,0.612223957992555,0.6431277596170695,0.38855085122315813,0.3545783681398182,13,21,0.38855085122315813,0.3715646096814882,0.3545783681398182,0.026190162307179077,0.04317640384884902,0.06016264539051902,287,60,nan,nan,0,,True,True,elhigh-elmid
p2048,elmid-radmid-az315,elhigh-radmid-az135,0.4093347020231049,0.6089259262557654,0.642646580871813,0.38855085122315813,0.3434079473811069,13,30,0.38855085122315813,0.3659793993021325,0.3434079473811069,0.020783850799946768,0.04335530272097238,0.06592675464199799,287,64,nan,nan,0,,True,True,elhigh-elmid
p2049,elmid-radmid-az315,elhigh-radmid-az180,0.4169815837574181,0.6123726179851777,0.6432217407453664,0.38855085122315813,0.35560303382831304,13,19,0.38855085122315813,0.3720769425257356,0.35560303382831304,0.028430732534259984,0.04490464123168253,0.061378549929105075,282,69,nan,nan,0,,True,True,elhigh-elmid
p2050,elmid-radmid-az315,elhigh-radmid-az225,0.41389201170578077,0.6134671433505114,0.6463484341473336,0.38855085122315813,0.33765850732244423,13,36,0.38855085122315813,0.3631046792728012,0.33765850732244423,0.025341160482622638,0.05078733243297956,0.07623350438333654,276,69,nan,nan,0,,True,True,elhigh-elmid
p2051,elmid-radmid-az315,elhigh-radmid-az270,0.399131652729775,0.5959476246013583,0.629369081941691,0.38855085122315813,0.33467761382312017,13,43,0.38855085122315813,0.3616142325231392,0.33467761382312017,0.010580801506616888,0.03751742020663584,0.06445403890665485,293,61,nan,nan,0,,True,True,elhigh-elmid
p2052,elmid-radmid-az315,elhigh-radmid-az315,0.4047738969987095,0.6053086913890297,0.6366998159510906,0.38855085122315813,0.3357774895562401,13,42,0.38855085122315813,0.3621641703896991,0.3357774895562401,0.016223045775551392,0.04260972660901041,0.06899640744246943,296,61,nan,nan,0,,True,True,elhigh-elmid
p2053,elmid-radmid-az315,elhigh-radfar-az000,0.42115841317495506,0.6195317874825691,0.6509592659533702,0.38855085122315813,0.33999633482078295,13,33,0.38855085122315813,0.36427359302197054,0.33999633482078295,0.032607561951796926,0.05688482015298452,0.0811620783541721,300,52,nan,nan,0,,True,True,elhigh-elmid
p2054,elmid-radmid-az315,elhigh-radfar-az045,0.4287249412509806,0.6257408478245017,0.6593573526248735,0.38855085122315813,0.3517406582248309,13,24,0.38855085122315813,0.3701457547239945,0.3517406582248309,0.04017409002782246,0.05857918652698607,0.07698428302614968,269,73,nan,nan,0,,True,True,elhigh-elmid
p2055,elmid-radmid-az315,elhigh-radfar-az090,0.4246539254864881,0.6197681715084796,0.6476654985540192,0.38855085122315813,0.33715840306367034,13,39,0.38855085122315813,0.3628546271434142,0.33715840306367034,0.03610307426332998,0.061799298343073905,0.08749552242281777,293,59,nan,nan,0,,True,True,elhigh-elmid
p2056,elmid-radmid-az315,elhigh-radfar-az135,0.41696504505977044,0.6100889317015601,0.6368229067228611,0.38855085122315813,0.35443982782283306,13,22,0.38855085122315813,0.3714953395229956,0.35443982782283306,0.02841419383661231,0.04546970553677482,0.06252521723693738,299,57,nan,nan,0,,True,True,elhigh-elmid
p2057,elmid-radmid-az315,elhigh-radfar-az180,0.4287006969164871,0.626974675279914,0.6575358594433238,0.38855085122315813,0.3435612602938729,13,29,0.38855085122315813,0.3660560557585155,0.3435612602938729,0.04014984569332897,0.06264464115797158,0.0851394366226142,293,63,nan,nan,0,,True,True,elhigh-elmid
p2058,elmid-radmid-az315,elhigh-radfar-az225,0.4167927632267034,0.6153958890691733,0.6497413824315221,0.38855085122315813,0.3330930922222578,13,45,0.38855085122315813,0.36082197172270797,0.3330930922222578,0.028241912003545255,0.05597079150399542,0.08369967100444559,296,58,nan,nan,0,,True,True,elhigh-elmid
p2059,elmid-radmid-az315,elhigh-radfar-az270,0.4078732249036391,0.600373832584751,0.6314817844361934,0.38855085122315813,0.3342499000230558,13,44,0.38855085122315813,0.361400375623107,0.3342499000230558,0.019322373680480953,0.04647284928053208,0.07362332488058326,290,61,nan,nan,0,,True,True,elhigh-elmid
p2060,elmid-radmid-az315,elhigh-radfar-az315,0.4020114684015674,0.611852443422987,0.6409408028691137,0.38855085122315813,0.3370014455332844,13,40,0.38855085122315813,0.36277614837822125,0.3370014455332844,0.01346061717840924,0.03923532002334612,0.06501002286828295,290,61,nan,nan,0,,True,True,elhigh-elmid
p2061,elmid-radfar-az000,elmid-radfar-az045,0.4081212578239033,0.6213782001396165,0.663300292822182,0.3883653697649618,0.3904277067982496,14,12,0.3904277067982496,0.3893965382816057,0.3883653697649618,0.017693551025653675,0.018724719542297596,0.019755888058941518,288,65,nan,nan,0,,True,True,elmid-elmid
p2062,elmid-radfar-az000,elmid-radfar-az090,0.411178058589329,0.6237720805084975,0.6651856387042563,0.3883653697649618,0.4031096513417022,14,4,0.4031096513417022,0.39573751055333195,0.3883653697649618,0.008068407247626808,0.015440548035997037,0.02281268882436721,288,66,nan,nan,0,,True,True,elmid-elmid
p2063,elmid-radfar-az000,elmid-radfar-az135,0.411602364259377,0.6182761440886997,0.6590626462714237,0.3883653697649618,0.3906639225147944,14,11,0.3906639225147944,0.3895146461398781,0.3883653697649618,0.020938441744582592,0.022087718119498945,0.023236994494415242,295,57,nan,nan,0,,True,True,elmid-elmid
p2064,elmid-radfar-az000,elmid-radfar-az180,0.41318428493669607,0.6218504757476295,0.6683151310142755,0.3883653697649618,0.39775345373611054,14,7,0.39775345373611054,0.39305941175053616,0.3883653697649618,0.015430831200585526,0.02012487318615991,0.02481891517173429,300,57,nan,nan,0,,True,True,elmid-elmid
p2065,elmid-radfar-az000,elmid-radfar-az225,0.41050927211624844,0.6209444014143467,0.6662731801237063,0.3883653697649618,0.40094783670068784,14,6,0.40094783670068784,0.3946566032328248,0.3883653697649618,0.009561435415560593,0.015852668883423626,0.02214390235128666,282,65,nan,nan,0,,True,True,elmid-elmid
p2066,elmid-radfar-az000,elmid-radfar-az270,0.41439565592346533,0.6242028380909617,0.6672350753426265,0.3883653697649618,0.39259913412484276,14,9,0.39259913412484276,0.39048225194490227,0.3883653697649618,0.02179652179862257,0.023913403978563064,0.026030286158503557,294,63,nan,nan,0,,True,True,elmid-elmid
p2067,elmid-radfar-az000,elmid-radfar-az315,0.39698001208541994,0.6020730463541275,0.6460094431680014,0.3883653697649618,0.38032179073567957,14,16,0.3883653697649618,0.38434358025032067,0.38032179073567957,0.008614642320458166,0.012636431835099271,0.016658221349740376,297,60,nan,nan,0,,True,True,elmid-elmid
p2068,elmid-radfar-az000,elhigh-radnear-az000,0.41178842380553077,0.6189908851082575,0.6559499916329321,0.3883653697649618,0.3287976256874326,14,48,0.3883653697649618,0.3585814977261972,0.3287976256874326,0.02342305404056899,0.05320692607933358,0.08299079811809817,290,59,nan,nan,0,,True,True,elhigh-elmid
p2069,elmid-radfar-az000,elhigh-radnear-az045,0.4116984600587088,0.6166589626593427,0.6555889999558322,0.3883653697649618,0.3372504425742561,14,38,0.3883653697649618,0.36280790616960895,0.3372504425742561,0.023333090293747027,0.04889055388909985,0.07444801748445268,301,59,nan,nan,0,,True,True,elhigh-elmid
p2070,elmid-radfar-az000,elhigh-radnear-az090,0.41428798749729123,0.6134904098706061,0.6545795639005428,0.3883653697649618,0.3417464009985519,14,32,0.3883653697649618,0.3650558853817568,0.3417464009985519,0.025922617732329456,0.049232102115534415,0.07254158649873932,290,65,nan,nan,0,,True,True,elhigh-elmid
p2071,elmid-radfar-az000,elhigh-radnear-az135,0.4090021015283276,0.6131499981989254,0.6558911761835391,0.3883653697649618,0.3320552452601486,14,46,0.3883653697649618,0.36021030751255523,0.3320552452601486,0.020636731763365834,0.04879179401577238,0.07694685626817899,286,65,nan,nan,0,,True,True,elhigh-elmid
p2072,elmid-radfar-az000,elhigh-radnear-az180,0.4154268186304219,0.6154457566801472,0.6558541849773547,0.3883653697649618,0.3395650145085634,14,35,0.3883653697649618,0.3639651921367626,0.3395650145085634,0.027061448865460136,0.05146162649365932,0.0758618041218585,295,57,nan,nan,0,,True,True,elhigh-elmid
p2073,elmid-radfar-az000,elhigh-radnear-az225,0.4136786503801355,0.6109272763685663,0.6487406029294398,0.3883653697649618,0.3440784937220457,14,28,0.3883653697649618,0.3662219317435037,0.3440784937220457,0.02531328061517374,0.04745671863663181,0.06960015665808983,280,67,nan,nan,0,,True,True,elhigh-elmid
p2074,elmid-radfar-az000,elhigh-radnear-az270,0.4063560936593387,0.6090921300418607,0.6514541384914125,0.3883653697649618,0.3216859159930162,14,49,0.3883653697649618,0.35502564287898897,0.3216859159930162,0.017990723894376948,0.05133045078034976,0.08467017766632251,292,61,nan,nan,0,,True,True,elhigh-elmid
p2075,elmid-radfar-az000,elhigh-radnear-az315,0.41916530762740073,0.6212908596642838,0.6605772547458377,0.3883653697649618,0.3361849875189326,14,41,0.3883653697649618,0.3622751786419472,0.3361849875189326,0.030799937862438953,0.056890128985453536,0.08298032010846812,289,65,nan,nan,0,,True,True,elhigh-elmid
p2076,elmid-radfar-az000,elhigh-radmid-az000,0.4074311993021866,0.6068614344650817,0.649174381456107,0.3883653697649618,0.3459669579749205,14,27,0.3883653697649618,0.36716616386994116,0.3459669579749205,0.0190658295372248,0.04026503543224541,0.06146424132726608,286,54,nan,nan,0,,True,True,elhigh-elmid
p2077,elmid-radfar-az000,elhigh-radmid-az045,0.4072354997826004,0.6127097348485012,0.6541306420706252,0.3883653697649618,0.35969234721512794,14,18,0.3883653697649618,0.37402885849004486,0.35969234721512794,0.018870130017638598,0.03320664129255552,0.047543152567472435,296,57,nan,nan,0,,True,True,elhigh-elmid
p2078,elmid-radfar-az000,elhigh-radmid-az090,0.41150850598520744,0.6108349025768812,0.6509971047224169,0.3883653697649618,0.3545783681398182,14,21,0.3883653697649618,0.37147186895239,0.3545783681398182,0.023143136220245664,0.04003663703281746,0.05693013784538925,290,59,nan,nan,0,,True,True,elhigh-elmid
p2079,elmid-radfar-az000,elhigh-radmid-az135,0.4109655361773755,0.609240948282834,0.6496871721552981,0.3883653697649618,0.3434079473811069,14,30,0.3883653697649618,0.3658866585730344,0.3434079473811069,0.022600166412413747,0.04507887760434115,0.06755758879626861,290,63,nan,nan,0,,True,True,elhigh-elmid
p2080,elmid-radfar-az000,elhigh-radmid-az180,0.422180206020154,0.6247788405995377,0.6616507646379322,0.3883653697649618,0.35560303382831304,14,19,0.3883653697649618,0.3719842017966374,0.35560303382831304,0.033814836255192215,0.05019600422351661,0.06657717219184095,285,68,nan,nan,0,,True,True,elhigh-elmid
p2081,elmid-radfar-az000,elhigh-radmid-az225,0.4140311991552311,0.6155651114455712,0.6574748421021676,0.3883653697649618,0.33765850732244423,14,36,0.3883653697649618,0.363011938543703,0.33765850732244423,0.025665829390269346,0.05101926061152812,0.07637269183278689,279,68,nan,nan,0,,True,True,elhigh-elmid
p2082,elmid-radfar-az000,elhigh-radmid-az270,0.4181188610547063,0.6246335806236107,0.6620502253308405,0.3883653697649618,0.33467761382312017,14,43,0.3883653697649618,0.36152149179404097,0.33467761382312017,0.029753491289744527,0.05659736926066533,0.08344124723158614,296,60,nan,nan,0,,True,True,elhigh-elmid
p2083,elmid-radfar-az000,elhigh-radmid-az315,0.4056413725916945,0.6037498063661376,0.6471502963215308,0.3883653697649618,0.3357774895562401,14,42,0.3883653697649618,0.3620714296606009,0.3357774895562401,0.01727600282673275,0.04356994293109362,0.06986388303545443,299,60,nan,nan,0,,True,True,elhigh-elmid
p2084,elmid-radfar-az000,elhigh-radfar-az000,0.4073696080430639,0.6149785073490894,0.659519190819529,0.3883653697649618,0.33999633482078295,14,33,0.3883653697649618,0.36418085229287234,0.33999633482078295,0.019004238278102104,0.04318875575019154,0.06737327322228093,303,51,nan,nan,0,,True,True,elhigh-elmid
p2085,elmid-radfar-az000,elhigh-radfar-az045,0.4147172863354214,0.6245409193114866,0.6611064220073024,0.3883653697649618,0.3517406582248309,14,24,0.3883653697649618,0.3700530139948963,0.3517406582248309,0.0263519165704596,0.04466427234052506,0.06297662811059046,272,72,nan,nan,0,,True,True,elhigh-elmid
p2086,elmid-radfar-az000,elhigh-radfar-az090,0.41097373856563507,0.6155013823833376,0.65916772319632,0.3883653697649618,0.33715840306367034,14,39,0.3883653697649618,0.36276188641431606,0.33715840306367034,0.022608368800673295,0.04821185215131901,0.07381533550196473,296,58,nan,nan,0,,True,True,elhigh-elmid
p2087,elmid-radfar-az000,elhigh-radfar-az135,0.4190093978276438,0.6244477271328188,0.6644924500637578,0.3883653697649618,0.35443982782283306,14,22,0.3883653697649618,0.3714025987938974,0.35443982782283306,0.030644028062682016,0.04760679903374637,0.06456957000481073,302,56,nan,nan,0,,True,True,elhigh-elmid
p2088,elmid-radfar-az000,elhigh-radfar-az180,0.4201895079350953,0.6240317615153365,0.6659860940369926,0.3883653697649618,0.3435612602938729,14,29,0.3883653697649618,0.36596331502941737,0.3435612602938729,0.03182413817013352,0.05422619290567793,0.07662824764122239,296,62,nan,nan,0,,True,True,elhigh-elmid
p2089,elmid-radfar-az000,elhigh-radfar-az225,0.41734774363141885,0.6185797476592778,0.6571070935269371,0.3883653697649618,0.3330930922222578,14,45,0.3883653697649618,0.36072923099360976,0.3330930922222578,0.02898237386645708,0.05661851263780909,0.08425465140916105,299,57,nan,nan,0,,True,True,elhigh-elmid
p2090,elmid-radfar-az000,elhigh-radfar-az270,0.41550458809729,0.6169478895399991,0.6583745664294732,0.3883653697649618,0.3342499000230558,14,44,0.3883653697649618,0.3613076348940088,0.3342499000230558,0.02713921833232824,0.05419695320328122,0.0812546880742342,293,60,nan,nan,0,,True,True,elhigh-elmid
p2091,elmid-radfar-az000,elhigh-radfar-az315,0.4117884316109661,0.6200895316421324,0.6602363779872418,0.3883653697649618,0.3370014455332844,14,40,0.3883653697649618,0.3626834076491231,0.3370014455332844,0.023423061846004345,0.04910502396184302,0.0747869860776817,293,60,nan,nan,0,,True,True,elhigh-elmid
p2092,elmid-radfar-az045,elmid-radfar-az090,0.41258084572790993,0.6204876693016171,0.659790366182743,0.3904277067982496,0.4031096513417022,12,4,0.4031096513417022,0.3967686790699759,0.3904277067982496,0.009471194386207749,0.015812166657934,0.02215313892966031,278,73,nan,nan,0,,True,True,elmid-elmid
p2093,elmid-radfar-az045,elmid-radfar-az135,0.40755659900880875,0.6049602946043428,0.645566915975077,0.3904277067982496,0.3906639225147944,12,11,0.3906639225147944,0.39054581465652205,0.3904277067982496,0.016892676494014325,0.0170107843522867,0.017128892210559132,285,64,nan,nan,0,,True,True,elmid-elmid
p2094,elmid-radfar-az045,elmid-radfar-az180,0.4217399405435513,0.6261914267646651,0.6637307363703835,0.3904277067982496,0.39775345373611054,12,7,0.39775345373611054,0.3940905802671801,0.3904277067982496,0.023986486807440754,0.027649360276371215,0.031312233745301676,290,64,nan,nan,0,,True,True,elmid-elmid
p2095,elmid-radfar-az045,elmid-radfar-az225,0.40832607597248577,0.6105903698161347,0.65331529018351,0.3904277067982496,0.40094783670068784,12,6,0.40094783670068784,0.39568777174946873,0.3904277067982496,0.007378239271797926,0.012638304223017038,0.01789836917423615,272,72,nan,nan,0,,True,True,elmid-elmid
p2096,elmid-radfar-az045,elmid-radfar-az270,0.4098370018752997,0.6185471179974527,0.6617386066214926,0.3904277067982496,0.39259913412484276,12,9,0.39259913412484276,0.3915134204615462,0.3904277067982496,0.017237867750456937,0.01832358141375351,0.01940929507705008,284,70,nan,nan,0,,True,True,elmid-elmid
p2097,elmid-radfar-az045,elmid-radfar-az315,0.41052074921132364,0.6175030335007666,0.6603407476643955,0.3904277067982496,0.38032179073567957,12,16,0.3904277067982496,0.3853747487669646,0.38032179073567957,0.020093042413074025,0.02514600044435905,0.030198958475644078,287,67,nan,nan,0,,True,True,elmid-elmid
p2098,elmid-radfar-az045,elhigh-radnear-az000,0.41030491778775763,0.6119039884856834,0.6489503857056369,0.3904277067982496,0.3287976256874326,12,48,0.3904277067982496,0.3596126662428411,0.3287976256874326,0.01987721098950801,0.05069225154491652,0.08150729210032504,280,66,nan,nan,0,,True,True,elhigh-elmid
p2099,elmid-radfar-az045,elhigh-radnear-az045,0.4030441163098115,0.6084777396732768,0.6451690765964067,0.3904277067982496,0.3372504425742561,12,38,0.3904277067982496,0.3638390746862529,0.3372504425742561,0.012616409511561899,0.039205041623558645,0.06579367373555539,291,66,nan,nan,0,,True,True,elhigh-elmid
p2100,elmid-radfar-az045,elhigh-radnear-az090,0.41989498070979614,0.6299436151656703,0.6639653046232389,0.3904277067982496,0.3417464009985519,12,32,0.3904277067982496,0.3660870538984008,0.3417464009985519,0.02946727391154652,0.053807926811395346,0.07814857971124423,280,72,nan,nan,0,,True,True,elhigh-elmid
p2101,elmid-radfar-az045,elhigh-radnear-az135,0.41541289068594384,0.618935667614839,0.6549398871865687,0.3904277067982496,0.3320552452601486,12,46,0.3904277067982496,0.3612414760291991,0.3320552452601486,0.024985183887694218,0.05417141465674474,0.08335764542579521,276,72,nan,nan,0,,True,True,elhigh-elmid
p2102,elmid-radfar-az045,elhigh-radnear-az180,0.42898325292185824,0.6289792922326128,0.66235928378962,0.3904277067982496,0.3395650145085634,12,35,0.3904277067982496,0.3649963606534065,0.3395650145085634,0.03855554612360862,0.06398689226845172,0.08941823841329483,285,64,nan,nan,0,,True,True,elhigh-elmid
p2103,elmid-radfar-az045,elhigh-radnear-az225,0.4230141748688106,0.6263468046682625,0.6614896026708756,0.3904277067982496,0.3440784937220457,12,28,0.3904277067982496,0.3672531002601477,0.3440784937220457,0.03258646807056098,0.05576107460866292,0.07893568114676491,270,74,nan,nan,0,,True,True,elhigh-elmid
p2104,elmid-radfar-az045,elhigh-radnear-az270,0.4189042996184409,0.6207366240975392,0.6563046299669189,0.3904277067982496,0.3216859159930162,12,49,0.3904277067982496,0.35605681139563294,0.3216859159930162,0.02847659282019127,0.06284748822280795,0.09721838362542468,282,68,nan,nan,0,,True,True,elhigh-elmid
p2105,elmid-radfar-az045,elhigh-radnear-az315,0.4217114919070457,0.6225875945708084,0.6582660444824333,0.3904277067982496,0.3361849875189326,12,41,0.3904277067982496,0.3633063471585911,0.3361849875189326,0.03128378510879609,0.058405144748454596,0.0855265043881131,279,72,nan,nan,0,,True,True,elhigh-elmid
p2106,elmid-radfar-az045,elhigh-radmid-az000,0.42120512379474323,0.6248710233614724,0.6612242526839881,0.3904277067982496,0.3459669579749205,12,27,0.3904277067982496,0.36819733238658503,0.3459669579749205,0.03077741699649361,0.0530077914081582,0.07523816581982273,276,61,nan,nan,0,,True,True,elhigh-elmid
p2107,elmid-radfar-az045,elhigh-radmid-az045,0.40421378327627205,0.6036978216519083,0.6404427767690748,0.3904277067982496,0.35969234721512794,12,18,0.3904277067982496,0.3750600270066888,0.35969234721512794,0.013786076478022435,0.029153756269583275,0.044521436061144115,286,64,nan,nan,0,,True,True,elhigh-elmid
p2108,elmid-radfar-az045,elhigh-radmid-az090,0.4171999709242771,0.6214180717459304,0.6571136424582678,0.3904277067982496,0.3545783681398182,12,21,0.3904277067982496,0.3725030374690339,0.3545783681398182,0.026772264126027456,0.04469693345524317,0.06262160278445889,280,66,nan,nan,0,,True,True,elhigh-elmid
p2109,elmid-radfar-az045,elhigh-radmid-az135,0.4255069844387286,0.6306380385440956,0.6650167209195391,0.3904277067982496,0.3434079473811069,12,30,0.3904277067982496,0.36691782708967824,0.3434079473811069,0.03507927764047897,0.05858915734905035,0.08209903705762167,280,70,nan,nan,0,,True,True,elhigh-elmid
p2110,elmid-radfar-az045,elhigh-radmid-az180,0.43244597285253894,0.629912044129938,0.6662831171158119,0.3904277067982496,0.35560303382831304,12,19,0.3904277067982496,0.37301537031328136,0.35560303382831304,0.04201826605428932,0.05943060253925758,0.0768429390242259,275,75,nan,nan,0,,True,True,elhigh-elmid
p2111,elmid-radfar-az045,elhigh-radmid-az225,0.4242194082274077,0.6260400688909195,0.6619427859003856,0.3904277067982496,0.33765850732244423,12,36,0.3904277067982496,0.3640431070603469,0.33765850732244423,0.033791701429158105,0.0601763011670608,0.08656090090496349,269,75,nan,nan,0,,True,True,elhigh-elmid
p2112,elmid-radfar-az045,elhigh-radmid-az270,0.43357733916136065,0.6327570160707254,0.6658973587613849,0.3904277067982496,0.33467761382312017,12,43,0.3904277067982496,0.3625526603106849,0.33467761382312017,0.043149632363111035,0.07102467885067576,0.09889972533824049,286,67,nan,nan,0,,True,True,elhigh-elmid
p2113,elmid-radfar-az045,elhigh-radmid-az315,0.41139083311779945,0.6085306926139664,0.6461212546915817,0.3904277067982496,0.3357774895562401,12,42,0.3904277067982496,0.3631025981772449,0.3357774895562401,0.02096312631954983,0.048288234940554564,0.07561334356155935,289,67,nan,nan,0,,True,True,elhigh-elmid
p2114,elmid-radfar-az045,elhigh-radfar-az000,0.4186884304411714,0.6253694560924806,0.6608009683057455,0.3904277067982496,0.33999633482078295,12,33,0.3904277067982496,0.3652120208095163,0.33999633482078295,0.02826072364292176,0.053476409631655064,0.07869209562038842,293,58,nan,nan,0,,True,True,elhigh-elmid
p2115,elmid-radfar-az045,elhigh-radfar-az045,0.415362302519622,0.6225084856368857,0.6578598942706626,0.3904277067982496,0.3517406582248309,12,24,0.3904277067982496,0.3710841825115403,0.3517406582248309,0.024934595721372355,0.04427812000808168,0.06362164429479106,262,79,nan,nan,0,,True,True,elhigh-elmid
p2116,elmid-radfar-az045,elhigh-radfar-az090,0.4162360288822161,0.6181528129002639,0.6566389577485421,0.3904277067982496,0.33715840306367034,12,39,0.3904277067982496,0.36379305493096,0.33715840306367034,0.025808322083966495,0.05244297395125613,0.07907762581854577,286,65,nan,nan,0,,True,True,elhigh-elmid
p2117,elmid-radfar-az045,elhigh-radfar-az135,0.41780699568847957,0.6235060465389873,0.6567029415815232,0.3904277067982496,0.35443982782283306,12,22,0.3904277067982496,0.37243376731054134,0.35443982782283306,0.027379288890229947,0.045373228377938224,0.0633671678656465,292,63,nan,nan,0,,True,True,elhigh-elmid
p2118,elmid-radfar-az045,elhigh-radfar-az180,0.42196343168501355,0.6202448477524314,0.6559555309439762,0.3904277067982496,0.3435612602938729,12,29,0.3904277067982496,0.36699448354606123,0.3435612602938729,0.03153572488676393,0.05496894813895231,0.07840217139114064,286,69,nan,nan,0,,True,True,elhigh-elmid
p2119,elmid-radfar-az045,elhigh-radfar-az225,0.42313370954648144,0.6203723232391963,0.6558607152210336,0.3904277067982496,0.3330930922222578,12,45,0.3904277067982496,0.36176039951025374,0.3330930922222578,0.03270600274823182,0.0613733100362277,0.09004061732422364,289,64,nan,nan,0,,True,True,elhigh-elmid
p2120,elmid-radfar-az045,elhigh-radfar-az270,0.42442247487812684,0.6249942701872039,0.6588541911387539,0.3904277067982496,0.3342499000230558,12,44,0.3904277067982496,0.3623388034106527,0.3342499000230558,0.033994768079877224,0.06208367146747412,0.09017257485507102,283,67,nan,nan,0,,True,True,elhigh-elmid
p2121,elmid-radfar-az045,elhigh-radfar-az315,0.42387963558121844,0.620572851679166,0.6570120291845448,0.3904277067982496,0.3370014455332844,12,40,0.3904277067982496,0.363714576165767,0.3370014455332844,0.03345192878296882,0.060165059415451416,0.08687819004793401,283,67,nan,nan,0,,True,True,elhigh-elmid
p2122,elmid-radfar-az090,elmid-radfar-az135,0.41569872950617365,0.6170914515555714,0.6557568153140766,0.4031096513417022,0.3906639225147944,4,11,0.4031096513417022,0.3968867869282483,0.3906639225147944,0.012589078164471468,0.018811942577925345,0.02503480699137922,285,65,nan,nan,0,,True,True,elmid-elmid
p2123,elmid-radfar-az090,elmid-radfar-az180,0.4221331130914804,0.6357634529113372,0.6734536030165857,0.4031096513417022,0.39775345373611054,4,7,0.4031096513417022,0.4004315525389064,0.39775345373611054,0.019023461749778203,0.021701560552573995,0.024379659355369843,290,65,nan,nan,0,,True,True,elmid-elmid
p2124,elmid-radfar-az090,elmid-radfar-az225,0.4219207734284334,0.630302921994408,0.6737941867640085,0.4031096513417022,0.40094783670068784,4,6,0.4031096513417022,0.40202874402119504,0.40094783670068784,0.018811122086731247,0.019892029407238387,0.020972936727745584,272,73,nan,nan,0,,True,True,elmid-elmid
p2125,elmid-radfar-az090,elmid-radfar-az270,0.41417400377421015,0.6220163332759104,0.6632844436802704,0.4031096513417022,0.39259913412484276,4,9,0.4031096513417022,0.3978543927332725,0.39259913412484276,0.011064352432507973,0.016319611040937654,0.02157486964936739,284,71,nan,nan,0,,True,True,elmid-elmid
p2126,elmid-radfar-az090,elmid-radfar-az315,0.42162890021079796,0.6313103020876049,0.6697411506253327,0.4031096513417022,0.38032179073567957,4,16,0.4031096513417022,0.3917157210386909,0.38032179073567957,0.018519248869095783,0.029913179172107063,0.0413071094751184,287,68,nan,nan,0,,True,True,elmid-elmid
p2127,elmid-radfar-az090,elhigh-radnear-az000,0.4087008377430988,0.6135176677463264,0.6498662955176683,0.4031096513417022,0.3287976256874326,4,48,0.4031096513417022,0.3659536385145674,0.3287976256874326,0.005591186401396608,0.042747199228531374,0.0799032120556662,280,67,nan,nan,0,,True,True,elhigh-elmid
p2128,elmid-radfar-az090,elhigh-radnear-az045,0.4133299866944925,0.6213753890882872,0.6569218816870388,0.4031096513417022,0.3372504425742561,4,38,0.4031096513417022,0.3701800469579791,0.3372504425742561,0.010220335352790322,0.043149939736513376,0.07607954412023638,291,67,nan,nan,0,,True,True,elhigh-elmid
p2129,elmid-radfar-az090,elhigh-radnear-az090,0.4120207835340863,0.6206545672703376,0.6583853394522693,0.4031096513417022,0.3417464009985519,4,32,0.4031096513417022,0.37242802617012705,0.3417464009985519,0.008911132192384097,0.03959275736395923,0.07027438253553436,280,73,nan,nan,0,,True,True,elhigh-elmid
p2130,elmid-radfar-az090,elhigh-radnear-az135,0.42472883066848377,0.6331520835558019,0.670893354967322,0.4031096513417022,0.3320552452601486,4,46,0.4031096513417022,0.3675824483009254,0.3320552452601486,0.02161917932678159,0.05714638236755837,0.09267358540833515,276,73,nan,nan,0,,True,True,elhigh-elmid
p2131,elmid-radfar-az090,elhigh-radnear-az180,0.41673297041718826,0.6237272252732811,0.6618065693404629,0.4031096513417022,0.3395650145085634,4,35,0.4031096513417022,0.3713373329251328,0.3395650145085634,0.013623319075486084,0.04539563749205544,0.07716795590862485,285,65,nan,nan,0,,True,True,elhigh-elmid
p2132,elmid-radfar-az090,elhigh-radnear-az225,0.4261495117768365,0.6280550327028267,0.6637645853928925,0.4031096513417022,0.3440784937220457,4,28,0.4031096513417022,0.37359407253187393,0.3440784937220457,0.02303986043513434,0.05255543924496259,0.08207101805479083,270,75,nan,nan,0,,True,True,elhigh-elmid
p2133,elmid-radfar-az090,elhigh-radnear-az270,0.41894236387180883,0.6244790326633546,0.6611473738521447,0.4031096513417022,0.3216859159930162,4,49,0.4031096513417022,0.3623977836673592,0.3216859159930162,0.015832712530106652,0.056544580204449635,0.09725644787879262,282,69,nan,nan,0,,True,True,elhigh-elmid
p2134,elmid-radfar-az090,elhigh-radnear-az315,0.4211770915803576,0.629226538110083,0.666771699152462,0.4031096513417022,0.3361849875189326,4,41,0.4031096513417022,0.36964731943031737,0.3361849875189326,0.01806744023865542,0.05152977215004023,0.08499210406142499,279,73,nan,nan,0,,True,True,elhigh-elmid
p2135,elmid-radfar-az090,elhigh-radmid-az000,0.4191343102968495,0.6249238669612855,0.6641962913849001,0.4031096513417022,0.3459669579749205,4,27,0.4031096513417022,0.37453830465831134,0.3459669579749205,0.01602465895514732,0.04459600563853816,0.073167352321929,276,62,nan,nan,0,,True,True,elhigh-elmid
p2136,elmid-radfar-az090,elhigh-radmid-az045,0.4240357997548878,0.627758803627786,0.6617132799079919,0.4031096513417022,0.35969234721512794,4,18,0.4031096513417022,0.3814009992784151,0.35969234721512794,0.02092614841318563,0.04263480047647272,0.06434345253975987,286,65,nan,nan,0,,True,True,elhigh-elmid
p2137,elmid-radfar-az090,elhigh-radmid-az090,0.40906284411338456,0.6200339660474925,0.6562978647387354,0.4031096513417022,0.3545783681398182,4,21,0.4031096513417022,0.37884400974076016,0.3545783681398182,0.005953192771682381,0.030218834372624404,0.05448447597356637,280,67,nan,nan,0,,True,True,elhigh-elmid
p2138,elmid-radfar-az090,elhigh-radmid-az135,0.41201752292832183,0.6192031767886222,0.6597655035044633,0.4031096513417022,0.3434079473811069,4,30,0.4031096513417022,0.37325879936140455,0.3434079473811069,0.008907871586619653,0.038758723566917286,0.06860957554721492,280,71,nan,nan,0,,True,True,elhigh-elmid
p2139,elmid-radfar-az090,elhigh-radmid-az180,0.4271770004634415,0.6281343752233478,0.6625541554898277,0.4031096513417022,0.35560303382831304,4,19,0.4031096513417022,0.3793563425850076,0.35560303382831304,0.0240673491217393,0.04782065787843387,0.07157396663512844,275,76,nan,nan,0,,True,True,elhigh-elmid
p2140,elmid-radfar-az090,elhigh-radmid-az225,0.42762444937081345,0.6352831035039117,0.6735677619403561,0.4031096513417022,0.33765850732244423,4,36,0.4031096513417022,0.3703840793320732,0.33765850732244423,0.024514798029111273,0.057240370038740274,0.08996594204836922,269,76,nan,nan,0,,True,True,elhigh-elmid
p2141,elmid-radfar-az090,elhigh-radmid-az270,0.4098025929834361,0.6111819015845789,0.6526717215640933,0.4031096513417022,0.33467761382312017,4,43,0.4031096513417022,0.36889363258241115,0.33467761382312017,0.006692941641733896,0.04090896040102493,0.07512497916031591,286,68,nan,nan,0,,True,True,elhigh-elmid
p2142,elmid-radfar-az090,elhigh-radmid-az315,0.42405684131507543,0.628103171342648,0.6672785030114206,0.4031096513417022,0.3357774895562401,4,42,0.4031096513417022,0.36944357044897114,0.3357774895562401,0.020947189973373248,0.05461327086610429,0.08827935175883533,289,68,nan,nan,0,,True,True,elhigh-elmid
p2143,elmid-radfar-az090,elhigh-radfar-az000,0.418528268394951,0.6291333472606183,0.6646718182189032,0.4031096513417022,0.33999633482078295,4,33,0.4031096513417022,0.37155299308124257,0.33999633482078295,0.015418617053248818,0.04697527531370843,0.07853193357416804,293,59,nan,nan,0,,True,True,elhigh-elmid
p2144,elmid-radfar-az090,elhigh-radfar-az045,0.42960160028846195,0.6388657662238562,0.6726537551886959,0.4031096513417022,0.3517406582248309,4,24,0.4031096513417022,0.37742515478326655,0.3517406582248309,0.02649194894675977,0.0521764455051954,0.07786094206363103,262,80,nan,nan,0,,True,True,elhigh-elmid
p2145,elmid-radfar-az090,elhigh-radfar-az090,0.41014850258689406,0.6180987705657273,0.6544922110254559,0.4031096513417022,0.33715840306367034,4,39,0.4031096513417022,0.3701340272026863,0.33715840306367034,0.0070388512451918794,0.04001447538420777,0.07299009952322372,286,66,nan,nan,0,,True,True,elhigh-elmid
p2146,elmid-radfar-az090,elhigh-radfar-az135,0.4184933999135182,0.6295722415668883,0.6660834847240773,0.4031096513417022,0.35443982782283306,4,22,0.4031096513417022,0.3787747395822676,0.35443982782283306,0.015383748571816014,0.0397186603312506,0.06405357209068513,292,64,nan,nan,0,,True,True,elhigh-elmid
p2147,elmid-radfar-az090,elhigh-radfar-az180,0.42179959095924857,0.6275662066979212,0.6660867653888125,0.4031096513417022,0.3435612602938729,4,29,0.4031096513417022,0.37333545581778754,0.3435612602938729,0.01868993961754639,0.04846413514146103,0.07823833066537567,286,70,nan,nan,0,,True,True,elhigh-elmid
p2148,elmid-radfar-az090,elhigh-radfar-az225,0.4351930938179867,0.6352864865185859,0.6702833873558711,0.4031096513417022,0.3330930922222578,4,45,0.4031096513417022,0.36810137178198,0.3330930922222578,0.03208344247628453,0.06709172203600672,0.1021000015957289,289,65,nan,nan,0,,True,True,elhigh-elmid
p2149,elmid-radfar-az090,elhigh-radfar-az270,0.40312384782199834,0.6087514136817735,0.6497575261273417,0.4031096513417022,0.3342499000230558,4,44,0.4031096513417022,0.368679775682379,0.3342499000230558,1.4196480296158054e-05,0.034444072139619364,0.06887394779894251,283,68,nan,nan,0,,True,True,elhigh-elmid
p2150,elmid-radfar-az090,elhigh-radfar-az315,0.4223059950187396,0.6242436150409287,0.6674797282026977,0.4031096513417022,0.3370014455332844,4,40,0.4031096513417022,0.37005554843749333,0.3370014455332844,0.01919634367703743,0.05225044658124628,0.08530454948545518,283,68,nan,nan,0,,True,True,elhigh-elmid
p2151,elmid-radfar-az135,elmid-radfar-az180,0.4109319847336886,0.6164761561660156,0.6542867114882825,0.3906639225147944,0.39775345373611054,11,7,0.39775345373611054,0.3942086881254525,0.3906639225147944,0.013178530997578042,0.01672329660823607,0.020268062218894156,297,56,nan,nan,0,,True,True,elmid-elmid
p2152,elmid-radfar-az135,elmid-radfar-az225,0.4213921991011782,0.624905113321447,0.6610952560083336,0.3906639225147944,0.40094783670068784,11,6,0.40094783670068784,0.39580587960774116,0.3906639225147944,0.020444362400490357,0.025586319493437037,0.030728276586383774,279,64,nan,nan,0,,True,True,elmid-elmid
p2153,elmid-radfar-az135,elmid-radfar-az270,0.4133174239802154,0.6314291797249897,0.6741233539088981,0.3906639225147944,0.39259913412484276,11,9,0.39259913412484276,0.3916315283198186,0.3906639225147944,0.020718289855372662,0.021685895660396803,0.022653501465421,291,62,nan,nan,0,,True,True,elmid-elmid
p2154,elmid-radfar-az135,elmid-radfar-az315,0.40398302069665176,0.6113153450075166,0.6498933999761367,0.3906639225147944,0.38032179073567957,11,16,0.3906639225147944,0.385492856625237,0.38032179073567957,0.013319098181857336,0.01849016407141474,0.023661229960972197,294,59,nan,nan,0,,True,True,elmid-elmid
p2155,elmid-radfar-az135,elhigh-radnear-az000,0.41825267044020764,0.6250345688355298,0.6576367971254304,0.3906639225147944,0.3287976256874326,11,48,0.3906639225147944,0.35973077410111354,0.3287976256874326,0.027588747925413215,0.058521896339094104,0.08945504475277505,287,58,nan,nan,0,,True,True,elhigh-elmid
p2156,elmid-radfar-az135,elhigh-radnear-az045,0.4065079067367845,0.6079304840999535,0.6431977869863574,0.3906639225147944,0.3372504425742561,11,38,0.3906639225147944,0.36395718254452525,0.3372504425742561,0.01584398422199007,0.04255072419225925,0.06925746416252837,298,58,nan,nan,0,,True,True,elhigh-elmid
p2157,elmid-radfar-az135,elhigh-radnear-az090,0.411955548257831,0.6169122242085201,0.6567672440293976,0.3906639225147944,0.3417464009985519,11,32,0.3906639225147944,0.36620516175667317,0.3417464009985519,0.021291625743036557,0.045750386501157814,0.07020914725927907,287,64,nan,nan,0,,True,True,elhigh-elmid
p2158,elmid-radfar-az135,elhigh-radnear-az135,0.41041235618029864,0.6225316914135153,0.6591659731319535,0.3906639225147944,0.3320552452601486,11,46,0.3906639225147944,0.3613595838874715,0.3320552452601486,0.019748433665504217,0.04905277229282712,0.07835711092015002,283,64,nan,nan,0,,True,True,elhigh-elmid
p2159,elmid-radfar-az135,elhigh-radnear-az180,0.4139795798272626,0.6083921784098599,0.6477388341317237,0.3906639225147944,0.3395650145085634,11,35,0.3906639225147944,0.36511446851167895,0.3395650145085634,0.023315657312468152,0.04886511131558363,0.07441456531869917,292,56,nan,nan,0,,True,True,elhigh-elmid
p2160,elmid-radfar-az135,elhigh-radnear-az225,0.42171167733646964,0.6244831937304268,0.6599575748115235,0.3906639225147944,0.3440784937220457,11,28,0.3906639225147944,0.36737120811842006,0.3440784937220457,0.03104775482167521,0.05434046921804958,0.07763318361442395,277,66,nan,nan,0,,True,True,elhigh-elmid
p2161,elmid-radfar-az135,elhigh-radnear-az270,0.42294845749482307,0.6318897935053462,0.6645012583017088,0.3906639225147944,0.3216859159930162,11,49,0.3906639225147944,0.3561749192539053,0.3216859159930162,0.032284534980028645,0.06677353824091775,0.10126254150180686,289,60,nan,nan,0,,True,True,elhigh-elmid
p2162,elmid-radfar-az135,elhigh-radnear-az315,0.3983176051621334,0.6069231372327661,0.6440143822304216,0.3906639225147944,0.3361849875189326,11,41,0.3906639225147944,0.3634244550168635,0.3361849875189326,0.007653682647338955,0.03489315014526989,0.06213261764320077,286,64,nan,nan,0,,True,True,elhigh-elmid
p2163,elmid-radfar-az135,elhigh-radmid-az000,0.4295466112963644,0.632966876152643,0.6652081303375861,0.3906639225147944,0.3459669579749205,11,27,0.3906639225147944,0.36831544024485746,0.3459669579749205,0.038882688781569974,0.06123117105150694,0.0835796533214439,283,53,nan,nan,0,,True,True,elhigh-elmid
p2164,elmid-radfar-az135,elhigh-radmid-az045,0.41541173312038066,0.6189299105201459,0.6533006858055944,0.3906639225147944,0.35969234721512794,11,18,0.3906639225147944,0.3751781348649612,0.35969234721512794,0.02474781060558623,0.040233598255419445,0.055719385905252716,293,56,nan,nan,0,,True,True,elhigh-elmid
p2165,elmid-radfar-az135,elhigh-radmid-az090,0.41983288649803,0.6221062934316937,0.6585161510507106,0.3906639225147944,0.3545783681398182,11,21,0.3906639225147944,0.3726211453273063,0.3545783681398182,0.029168963983235596,0.04721174117072374,0.06525451835821183,287,58,nan,nan,0,,True,True,elhigh-elmid
p2166,elmid-radfar-az135,elhigh-radmid-az135,0.4019184276648545,0.609890712698332,0.6455679363328299,0.3906639225147944,0.3434079473811069,11,30,0.3906639225147944,0.36703593494795067,0.3434079473811069,0.011254505150060101,0.03488249271690386,0.05851048028374761,287,62,nan,nan,0,,True,True,elhigh-elmid
p2167,elmid-radfar-az135,elhigh-radmid-az180,0.42311383524469176,0.6219034783967393,0.6572204365367746,0.3906639225147944,0.35560303382831304,11,19,0.3906639225147944,0.37313347817155373,0.35560303382831304,0.032449912729897334,0.049980357073138026,0.06751080141637872,282,67,nan,nan,0,,True,True,elhigh-elmid
p2168,elmid-radfar-az135,elhigh-radmid-az225,0.42023423160161383,0.6229338728639309,0.6575748010754308,0.3906639225147944,0.33765850732244423,11,36,0.3906639225147944,0.3641612149186193,0.33765850732244423,0.029570309086819402,0.056073016682994525,0.0825757242791696,276,67,nan,nan,0,,True,True,elhigh-elmid
p2169,elmid-radfar-az135,elhigh-radmid-az270,0.4192548377814711,0.6259998546189334,0.6610881309195766,0.3906639225147944,0.33467761382312017,11,43,0.3906639225147944,0.36267076816895727,0.33467761382312017,0.028590915266676675,0.05658406961251383,0.08457722395835093,293,59,nan,nan,0,,True,True,elhigh-elmid
p2170,elmid-radfar-az135,elhigh-radmid-az315,0.41741275530690725,0.6279665258414165,0.6613796648466709,0.3906639225147944,0.3357774895562401,11,42,0.3906639225147944,0.36322070603551726,0.3357774895562401,0.02674883279211282,0.054192049271389986,0.08163526575066715,296,59,nan,nan,0,,True,True,elhigh-elmid
p2171,elmid-radfar-az135,elhigh-radfar-az000,0.4234476525143051,0.6305279556551355,0.6661058709909695,0.3906639225147944,0.33999633482078295,11,33,0.3906639225147944,0.3653301286677887,0.33999633482078295,0.03278372999951068,0.05811752384651642,0.08345131769352215,300,50,nan,nan,0,,True,True,elhigh-elmid
p2172,elmid-radfar-az135,elhigh-radfar-az045,0.41976430318078434,0.6269710623802766,0.6623952595352604,0.3906639225147944,0.3517406582248309,11,24,0.3906639225147944,0.37120229036981267,0.3517406582248309,0.02910038066598991,0.048562012810971666,0.06802364495595342,269,71,nan,nan,0,,True,True,elhigh-elmid
p2173,elmid-radfar-az135,elhigh-radfar-az090,0.41407029299512826,0.6190387268686618,0.6548591767170929,0.3906639225147944,0.33715840306367034,11,39,0.3906639225147944,0.3639111627892324,0.33715840306367034,0.023406370480333838,0.05015913020589585,0.07691188993145792,293,57,nan,nan,0,,True,True,elhigh-elmid
p2174,elmid-radfar-az135,elhigh-radfar-az135,0.40490835893672095,0.6173396236149546,0.652007700715476,0.3906639225147944,0.35443982782283306,11,22,0.3906639225147944,0.3725518751688137,0.35443982782283306,0.01424443642192652,0.03235648376790723,0.05046853111388788,299,55,nan,nan,0,,True,True,elhigh-elmid
p2175,elmid-radfar-az135,elhigh-radfar-az180,0.4170290386619167,0.6186024331539995,0.6565815677675189,0.3906639225147944,0.3435612602938729,11,29,0.3906639225147944,0.36711259140433367,0.3435612602938729,0.02636511614712228,0.04991644725758304,0.0734677783680438,293,61,nan,nan,0,,True,True,elhigh-elmid
p2176,elmid-radfar-az135,elhigh-radfar-az225,0.42517695619934937,0.6322061353191666,0.667293904753636,0.3906639225147944,0.3330930922222578,11,45,0.3906639225147944,0.3618785073685261,0.3330930922222578,0.03451303368455494,0.06329844883082325,0.09208386397709156,296,56,nan,nan,0,,True,True,elhigh-elmid
p2177,elmid-radfar-az135,elhigh-radfar-az270,0.4076546135076242,0.6148038851247639,0.6492859990738495,0.3906639225147944,0.3342499000230558,11,44,0.3906639225147944,0.3624569112689251,0.3342499000230558,0.016990690992829793,0.04519770223869912,0.0734047134845684,290,59,nan,nan,0,,True,True,elhigh-elmid
p2178,elmid-radfar-az135,elhigh-radfar-az315,0.40933679507796183,0.615913583383342,0.6485908057353502,0.3906639225147944,0.3370014455332844,11,40,0.3906639225147944,0.36383268402403945,0.3370014455332844,0.01867287256316741,0.04550411105392238,0.07233534954467741,290,59,nan,nan,0,,True,True,elhigh-elmid
p2179,elmid-radfar-az180,elmid-radfar-az225,0.4082710324008073,0.6197409658638066,0.660628191411709,0.39775345373611054,0.40094783670068784,7,6,0.40094783670068784,0.3993506452183992,0.39775345373611054,0.007323195700119467,0.008920387182408118,0.01051757866469677,284,64,nan,nan,0,,True,True,elmid-elmid
p2180,elmid-radfar-az180,elmid-radfar-az270,0.41079105188558934,0.6264226335094946,0.6681302358185367,0.39775345373611054,0.39259913412484276,7,9,0.39775345373611054,0.39517629393047665,0.39259913412484276,0.013037598149478802,0.01561475795511269,0.01819191776074658,296,62,nan,nan,0,,True,True,elmid-elmid
p2181,elmid-radfar-az180,elmid-radfar-az315,0.4130558036627494,0.6288422487544608,0.6685973770041965,0.39775345373611054,0.38032179073567957,7,16,0.39775345373611054,0.38903762223589505,0.38032179073567957,0.01530234992663887,0.024018181426854357,0.032734012927069844,299,59,nan,nan,0,,True,True,elmid-elmid
p2182,elmid-radfar-az180,elhigh-radnear-az000,0.42487024230037307,0.6311477969629816,0.6630554751937816,0.39775345373611054,0.3287976256874326,7,48,0.39775345373611054,0.36327553971177157,0.3287976256874326,0.02711678856426253,0.0615947025886015,0.09607261661294048,292,58,nan,nan,0,,True,True,elhigh-elmid
p2183,elmid-radfar-az180,elhigh-radnear-az045,0.41674188384575667,0.6166239770772479,0.6518115215889296,0.39775345373611054,0.3372504425742561,7,38,0.39775345373611054,0.36750194815518333,0.3372504425742561,0.018988430109646126,0.04923993569057333,0.07949144127150054,303,58,nan,nan,0,,True,True,elhigh-elmid
p2184,elmid-radfar-az180,elhigh-radnear-az090,0.4272438206470446,0.6288677473221909,0.6635859902135224,0.39775345373611054,0.3417464009985519,7,32,0.39775345373611054,0.36974992736733125,0.3417464009985519,0.02949036691093404,0.057493893279713326,0.08549741964849267,292,64,nan,nan,0,,True,True,elhigh-elmid
p2185,elmid-radfar-az180,elhigh-radnear-az135,0.42430176402793646,0.6268637146527096,0.6641405047006114,0.39775345373611054,0.3320552452601486,7,46,0.39775345373611054,0.36490434949812955,0.3320552452601486,0.026548310291825916,0.0593974145298069,0.09224651876778783,288,64,nan,nan,0,,True,True,elhigh-elmid
p2186,elmid-radfar-az180,elhigh-radnear-az180,0.4181214872021758,0.6274055005896196,0.6618524989097112,0.39775345373611054,0.3395650145085634,7,35,0.39775345373611054,0.368659234122337,0.3395650145085634,0.02036803346606525,0.049462253079838814,0.07855647269361238,297,56,nan,nan,0,,True,True,elhigh-elmid
p2187,elmid-radfar-az180,elhigh-radnear-az225,0.43133570072273375,0.6344353155588275,0.6670796847006343,0.39775345373611054,0.3440784937220457,7,28,0.39775345373611054,0.37091597372907814,0.3440784937220457,0.03358224698662321,0.06041972699365561,0.08725720700068806,282,66,nan,nan,0,,True,True,elhigh-elmid
p2188,elmid-radfar-az180,elhigh-radnear-az270,0.4249202204942438,0.6326865104329372,0.6667092797555466,0.39775345373611054,0.3216859159930162,7,49,0.39775345373611054,0.3597196848645634,0.3216859159930162,0.027166766758133287,0.06520053562968042,0.10323430450122761,294,60,nan,nan,0,,True,True,elhigh-elmid
p2189,elmid-radfar-az180,elhigh-radnear-az315,0.421202958784714,0.625523448567967,0.6596105145092597,0.39775345373611054,0.3361849875189326,7,41,0.39775345373611054,0.3669692206275216,0.3361849875189326,0.023449505048603436,0.0542337381571924,0.08501797126578137,291,64,nan,nan,0,,True,True,elhigh-elmid
p2190,elmid-radfar-az180,elhigh-radmid-az000,0.42434859204958547,0.6305874332098182,0.6645940201930054,0.39775345373611054,0.3459669579749205,7,27,0.39775345373611054,0.3718602058555155,0.3459669579749205,0.02659513831347493,0.05248838619406998,0.07838163407466497,288,53,nan,nan,0,,True,True,elhigh-elmid
p2191,elmid-radfar-az180,elhigh-radmid-az045,0.4317187433686939,0.63438985918668,0.6679934967456168,0.39775345373611054,0.35969234721512794,7,18,0.39775345373611054,0.37872290047561924,0.35969234721512794,0.033965289632583384,0.052995842893074685,0.07202639615356599,298,56,nan,nan,0,,True,True,elhigh-elmid
p2192,elmid-radfar-az180,elhigh-radmid-az090,0.422578340581802,0.6193300525698089,0.6561150559956951,0.39775345373611054,0.3545783681398182,7,21,0.39775345373611054,0.37616591093796437,0.3545783681398182,0.024824886845691452,0.04641242964383763,0.0679999724419838,292,58,nan,nan,0,,True,True,elhigh-elmid
p2193,elmid-radfar-az180,elhigh-radmid-az135,0.41927858172383703,0.6254189233533219,0.6594069552642351,0.39775345373611054,0.3434079473811069,7,30,0.39775345373611054,0.3705807005586087,0.3434079473811069,0.02152512798772649,0.04869788116522833,0.07587063434273011,292,62,nan,nan,0,,True,True,elhigh-elmid
p2194,elmid-radfar-az180,elhigh-radmid-az180,0.426604309329412,0.6301983139227785,0.6666981173172288,0.39775345373611054,0.35560303382831304,7,19,0.39775345373611054,0.3766782437822118,0.35560303382831304,0.028850855593301472,0.049926065547200194,0.07100127550109897,287,67,nan,nan,0,,True,True,elhigh-elmid
p2195,elmid-radfar-az180,elhigh-radmid-az225,0.4149038610462525,0.6135076013554621,0.649980825307175,0.39775345373611054,0.33765850732244423,7,36,0.39775345373611054,0.3677059805292774,0.33765850732244423,0.017150407310141946,0.0471978805169751,0.07724535372380825,281,67,nan,nan,0,,True,True,elhigh-elmid
p2196,elmid-radfar-az180,elhigh-radmid-az270,0.4245638740896572,0.6310221378395744,0.6669113057064772,0.39775345373611054,0.33467761382312017,7,43,0.39775345373611054,0.36621553377961535,0.33467761382312017,0.026810420353546638,0.058348340310041824,0.08988626026653701,298,59,nan,nan,0,,True,True,elhigh-elmid
p2197,elmid-radfar-az180,elhigh-radmid-az315,0.4140989131544535,0.61984807703703,0.6582931287497775,0.39775345373611054,0.3357774895562401,7,42,0.39775345373611054,0.36676547164617535,0.3357774895562401,0.016345459418342978,0.04733344150827817,0.07832142359821342,301,59,nan,nan,0,,True,True,elhigh-elmid
p2198,elmid-radfar-az180,elhigh-radfar-az000,0.41505037636652686,0.6198452553832152,0.6570262710621777,0.39775345373611054,0.33999633482078295,7,33,0.39775345373611054,0.3688748942784468,0.33999633482078295,0.017296922630416323,0.04617548208808009,0.07505404154574391,305,50,nan,nan,0,,True,True,elhigh-elmid
p2199,elmid-radfar-az180,elhigh-radfar-az045,0.4198395035295585,0.6231247447096705,0.6573649805375398,0.39775345373611054,0.3517406582248309,7,24,0.39775345373611054,0.37474705598047076,0.3517406582248309,0.02208604979344797,0.045092447549087755,0.0680988453047276,274,71,nan,nan,0,,True,True,elhigh-elmid
p2200,elmid-radfar-az180,elhigh-radfar-az090,0.4299915242728348,0.6297989702621442,0.6645917202009933,0.39775345373611054,0.33715840306367034,7,39,0.39775345373611054,0.36745592839989044,0.33715840306367034,0.032238070536724284,0.06253559587294438,0.09283312120916448,298,57,nan,nan,0,,True,True,elhigh-elmid
p2201,elmid-radfar-az180,elhigh-radfar-az135,0.4145815736975349,0.6199299251074456,0.6553877004177546,0.39775345373611054,0.35443982782283306,7,22,0.39775345373611054,0.3760966407794718,0.35443982782283306,0.01682811996142436,0.0384849329180631,0.060141745874701835,304,55,nan,nan,0,,True,True,elhigh-elmid
p2202,elmid-radfar-az180,elhigh-radfar-az180,0.40248210572926385,0.6073993275139019,0.6489960364980717,0.39775345373611054,0.3435612602938729,7,29,0.39775345373611054,0.3706573570149917,0.3435612602938729,0.00472865199315331,0.031824748714272155,0.058920845435390945,298,61,nan,nan,0,,True,True,elhigh-elmid
p2203,elmid-radfar-az180,elhigh-radfar-az225,0.4128959534260256,0.6215633141332536,0.6587753965836752,0.39775345373611054,0.3330930922222578,7,45,0.39775345373611054,0.3654232729791842,0.3330930922222578,0.015142499689915045,0.04747268044684139,0.07980286120376778,301,56,nan,nan,0,,True,True,elhigh-elmid
p2204,elmid-radfar-az180,elhigh-radfar-az270,0.41718227089538473,0.6255995281390713,0.6612026348854667,0.39775345373611054,0.3342499000230558,7,44,0.39775345373611054,0.3660016768795832,0.3342499000230558,0.019428817159274192,0.05118059401580155,0.08293237087232891,295,59,nan,nan,0,,True,True,elhigh-elmid
p2205,elmid-radfar-az180,elhigh-radfar-az315,0.41493574507744807,0.6183147361630169,0.657299439485695,0.39775345373611054,0.3370014455332844,7,40,0.39775345373611054,0.3673774496346975,0.3370014455332844,0.01718229134133753,0.04755829544275059,0.07793429954416364,295,59,nan,nan,0,,True,True,elhigh-elmid
p2206,elmid-radfar-az225,elmid-radfar-az270,0.40887467752975026,0.6218279702199572,0.6610147925078994,0.40094783670068784,0.39259913412484276,6,9,0.40094783670068784,0.3967734854127653,0.39259913412484276,0.00792684082906242,0.01210119211698496,0.0162755434049075,278,70,nan,nan,0,,True,True,elmid-elmid
p2207,elmid-radfar-az225,elmid-radfar-az315,0.40228421714860574,0.6094582505243014,0.651159163538828,0.40094783670068784,0.38032179073567957,6,16,0.40094783670068784,0.3906348137181837,0.38032179073567957,0.0013363804479178953,0.011649403430422034,0.021962426412926173,281,67,nan,nan,0,,True,True,elmid-elmid
p2208,elmid-radfar-az225,elhigh-radnear-az000,0.41385006658464457,0.617817139683809,0.6573450165584093,0.40094783670068784,0.3287976256874326,6,48,0.40094783670068784,0.3648727311940602,0.3287976256874326,0.012902229883956728,0.04897733539058435,0.08505244089721198,274,66,nan,nan,0,,True,True,elhigh-elmid
p2209,elmid-radfar-az225,elhigh-radnear-az045,0.40461231300084755,0.604109422163131,0.6465091328883728,0.40094783670068784,0.3372504425742561,6,38,0.40094783670068784,0.369099139637472,0.3372504425742561,0.0036644763001597025,0.03551317336337556,0.06736187042659142,285,66,nan,nan,0,,True,True,elhigh-elmid
p2210,elmid-radfar-az225,elhigh-radnear-az090,0.4162732576438072,0.6173282444259686,0.6576959067724081,0.40094783670068784,0.3417464009985519,6,32,0.40094783670068784,0.3713471188496199,0.3417464009985519,0.015325420943119339,0.044926138794187276,0.07452685664525527,274,72,nan,nan,0,,True,True,elhigh-elmid
p2211,elmid-radfar-az225,elhigh-radnear-az135,0.41118037760649595,0.609818021279947,0.6467478126333539,0.40094783670068784,0.3320552452601486,6,46,0.40094783670068784,0.3665015409804182,0.3320552452601486,0.010232540905808107,0.044678836626077745,0.07912513234634733,270,72,nan,nan,0,,True,True,elhigh-elmid
p2212,elmid-radfar-az225,elhigh-radnear-az180,0.42969134917433344,0.6295958157730703,0.6660278111512421,0.40094783670068784,0.3395650145085634,6,35,0.40094783670068784,0.3702564256046256,0.3395650145085634,0.028743512473645594,0.05943492356970781,0.09012633466577002,279,64,nan,nan,0,,True,True,elhigh-elmid
p2213,elmid-radfar-az225,elhigh-radnear-az225,0.4115222135571706,0.6173131710804568,0.6534276961301563,0.40094783670068784,0.3440784937220457,6,28,0.40094783670068784,0.3725131652113668,0.3440784937220457,0.01057437685648277,0.03900904834580382,0.06744371983512493,264,74,nan,nan,0,,True,True,elhigh-elmid
p2214,elmid-radfar-az225,elhigh-radnear-az270,0.4204247147579371,0.6316522063609166,0.6711704334399486,0.40094783670068784,0.3216859159930162,6,49,0.40094783670068784,0.36131687634685206,0.3216859159930162,0.019476878057249236,0.05910783841108502,0.09873879876492087,276,68,nan,nan,0,,True,True,elhigh-elmid
p2215,elmid-radfar-az225,elhigh-radnear-az315,0.41382528458800083,0.6211622119481038,0.6628545265986477,0.40094783670068784,0.3361849875189326,6,41,0.40094783670068784,0.3685664121098102,0.3361849875189326,0.012877447887312987,0.045258872478190604,0.07764029706906822,273,72,nan,nan,0,,True,True,elhigh-elmid
p2216,elmid-radfar-az225,elhigh-radmid-az000,0.41980177675589697,0.6211703870136294,0.658782495507641,0.40094783670068784,0.3459669579749205,6,27,0.40094783670068784,0.37345739733780414,0.3459669579749205,0.01885394005520913,0.04634437941809283,0.07383481878097647,270,61,nan,nan,0,,True,True,elhigh-elmid
p2217,elmid-radfar-az225,elhigh-radmid-az045,0.41304171814393636,0.6147530464836516,0.6525296130141145,0.40094783670068784,0.35969234721512794,6,18,0.40094783670068784,0.3803200919579079,0.35969234721512794,0.012093881443248522,0.032721626186028474,0.053349370928808426,280,64,nan,nan,0,,True,True,elhigh-elmid
p2218,elmid-radfar-az225,elhigh-radmid-az090,0.427002082947671,0.6331531336413944,0.6680677952647625,0.40094783670068784,0.3545783681398182,6,21,0.40094783670068784,0.377763102420253,0.3545783681398182,0.02605424624698316,0.049238980527417986,0.07242371480785281,274,66,nan,nan,0,,True,True,elhigh-elmid
p2219,elmid-radfar-az225,elhigh-radmid-az135,0.41586462421897763,0.6158904230760739,0.6548045058878098,0.40094783670068784,0.3434079473811069,6,30,0.40094783670068784,0.37217789204089735,0.3434079473811069,0.014916787518289787,0.04368673217808028,0.07245667683787071,274,70,nan,nan,0,,True,True,elhigh-elmid
p2220,elmid-radfar-az225,elhigh-radmid-az180,0.4186827126186466,0.6194696850651643,0.6582730446591399,0.40094783670068784,0.35560303382831304,6,19,0.40094783670068784,0.37827543526450047,0.35560303382831304,0.017734875917958748,0.04040727735414612,0.06307967879033355,269,75,nan,nan,0,,True,True,elhigh-elmid
p2221,elmid-radfar-az225,elhigh-radmid-az225,0.40734552198185336,0.6151100083134207,0.6545363838416056,0.40094783670068784,0.33765850732244423,6,36,0.40094783670068784,0.36930317201156604,0.33765850732244423,0.006397685281165522,0.038042349970287326,0.06968701465940913,263,75,nan,nan,0,,True,True,elhigh-elmid
p2222,elmid-radfar-az225,elhigh-radmid-az270,0.42098346092626715,0.6293617013812521,0.6660381219682988,0.40094783670068784,0.33467761382312017,6,43,0.40094783670068784,0.367812725261904,0.33467761382312017,0.020035624225579307,0.053170735664363145,0.08630584710314698,280,67,nan,nan,0,,True,True,elhigh-elmid
p2223,elmid-radfar-az225,elhigh-radmid-az315,0.4132204045663358,0.6234526936258261,0.6612615652274393,0.40094783670068784,0.3357774895562401,6,42,0.40094783670068784,0.368362663128464,0.3357774895562401,0.012272567865647954,0.0448577414378718,0.0774429150100957,283,67,nan,nan,0,,True,True,elhigh-elmid
p2224,elmid-radfar-az225,elhigh-radfar-az000,0.42667544663299894,0.6337051733471377,0.6699501764387267,0.40094783670068784,0.33999633482078295,6,33,0.40094783670068784,0.3704720857607354,0.33999633482078295,0.025727609932311102,0.05620336087226352,0.08667911181221599,287,58,nan,nan,0,,True,True,elhigh-elmid
p2225,elmid-radfar-az225,elhigh-radfar-az045,0.40907438779730737,0.6107981129886866,0.6521894277701288,0.40094783670068784,0.3517406582248309,6,24,0.40094783670068784,0.3763442474627594,0.3517406582248309,0.008126551096619528,0.032730140334547964,0.057333729572476455,256,79,nan,nan,0,,True,True,elhigh-elmid
p2226,elmid-radfar-az225,elhigh-radfar-az090,0.418962231407979,0.6203451579571851,0.657683113942001,0.40094783670068784,0.33715840306367034,6,39,0.40094783670068784,0.3690531198821791,0.33715840306367034,0.01801439470729116,0.04990911152579991,0.08180382834430866,280,65,nan,nan,0,,True,True,elhigh-elmid
p2227,elmid-radfar-az225,elhigh-radfar-az135,0.43273665002762585,0.6346241148646332,0.668540873076904,0.40094783670068784,0.35443982782283306,6,22,0.40094783670068784,0.37769383226176045,0.35443982782283306,0.031788813326938004,0.05504281776586539,0.07829682220479278,286,63,nan,nan,0,,True,True,elhigh-elmid
p2228,elmid-radfar-az225,elhigh-radfar-az180,0.4089895812680128,0.6125760720202702,0.6547666437861243,0.40094783670068784,0.3435612602938729,6,29,0.40094783670068784,0.37225454849728035,0.3435612602938729,0.008041744567324982,0.03673503277073248,0.06542832097413992,280,69,nan,nan,0,,True,True,elhigh-elmid
p2229,elmid-radfar-az225,elhigh-radfar-az225,0.41657592071812677,0.6216032913457371,0.6589258756136683,0.40094783670068784,0.3330930922222578,6,45,0.40094783670068784,0.36702046446147285,0.3330930922222578,0.015628084017438926,0.04955545625665392,0.08348282849586897,283,64,nan,nan,0,,True,True,elhigh-elmid
p2230,elmid-radfar-az225,elhigh-radfar-az270,0.40983376887331596,0.6131215221655917,0.6493528716359599,0.40094783670068784,0.3342499000230558,6,44,0.40094783670068784,0.36759886836187183,0.3342499000230558,0.00888593217262812,0.04223490051144413,0.07558386885026014,277,67,nan,nan,0,,True,True,elhigh-elmid
p2231,elmid-radfar-az225,elhigh-radfar-az315,0.4053533227220219,0.6127955456510885,0.6516144787561354,0.40094783670068784,0.3370014455332844,6,40,0.40094783670068784,0.36897464111698614,0.3370014455332844,0.00440548602133406,0.03637868160503577,0.06835187718873748,277,67,nan,nan,0,,True,True,elhigh-elmid
p2232,elmid-radfar-az270,elmid-radfar-az315,0.40399777894749106,0.6109919580762838,0.6506789887882064,0.39259913412484276,0.38032179073567957,9,16,0.39259913412484276,0.38646046243026116,0.38032179073567957,0.011398644822648296,0.017537316517229895,0.023675988211811494,293,65,nan,nan,0,,True,True,elmid-elmid
p2233,elmid-radfar-az270,elhigh-radnear-az000,0.417142114325043,0.6266167388930118,0.6655745564542547,0.39259913412484276,0.3287976256874326,9,48,0.39259913412484276,0.3606983799061377,0.3287976256874326,0.024542980200200237,0.05644373441890532,0.08834448863761041,286,64,nan,nan,0,,True,True,elhigh-elmid
p2234,elmid-radfar-az270,elhigh-radnear-az045,0.41277807921729276,0.6143394545777054,0.6566463667258993,0.39259913412484276,0.3372504425742561,9,38,0.39259913412484276,0.36492478834954944,0.3372504425742561,0.020178945092449996,0.047853290867743314,0.07552763664303663,297,64,nan,nan,0,,True,True,elhigh-elmid
p2235,elmid-radfar-az270,elhigh-radnear-az090,0.4132809451981766,0.6173846002972181,0.6598949738885714,0.39259913412484276,0.3417464009985519,9,32,0.39259913412484276,0.36717276756169737,0.3417464009985519,0.020681811073333833,0.04610817763647923,0.07153454419962468,286,70,nan,nan,0,,True,True,elhigh-elmid
p2236,elmid-radfar-az270,elhigh-radnear-az135,0.41779697288776846,0.6262828200141279,0.6669730510192851,0.39259913412484276,0.3320552452601486,9,46,0.39259913412484276,0.36232718969249567,0.3320552452601486,0.025197838762925695,0.05546978319527279,0.08574172762761983,282,70,nan,nan,0,,True,True,elhigh-elmid
p2237,elmid-radfar-az270,elhigh-radnear-az180,0.4061796431350246,0.6143986178065864,0.6548812952302643,0.39259913412484276,0.3395650145085634,9,35,0.39259913412484276,0.3660820743167031,0.3395650145085634,0.013580509010181818,0.040097568818321494,0.06661462862646117,291,62,nan,nan,0,,True,True,elhigh-elmid
p2238,elmid-radfar-az270,elhigh-radnear-az225,0.4188647903023245,0.6300793464319168,0.6642231906042663,0.39259913412484276,0.3440784937220457,9,28,0.39259913412484276,0.36833881392344425,0.3440784937220457,0.026265656177481722,0.05052597637888023,0.0747862965802788,276,72,nan,nan,0,,True,True,elhigh-elmid
p2239,elmid-radfar-az270,elhigh-radnear-az270,0.40122499990265864,0.612799693288844,0.6527180562070122,0.39259913412484276,0.3216859159930162,9,49,0.39259913412484276,0.3571425250589295,0.3216859159930162,0.008625865777815878,0.044082474843729125,0.07953908390964243,288,66,nan,nan,0,,True,True,elhigh-elmid
p2240,elmid-radfar-az270,elhigh-radnear-az315,0.4116903588528281,0.6215575389878338,0.661793530687637,0.39259913412484276,0.3361849875189326,9,41,0.39259913412484276,0.3643920608218877,0.3361849875189326,0.019091224727985356,0.04729829803094043,0.07550537133389551,285,70,nan,nan,0,,True,True,elhigh-elmid
p2241,elmid-radfar-az270,elhigh-radmid-az000,0.42273686186867754,0.6293074692470965,0.6624056219021991,0.39259913412484276,0.3459669579749205,9,27,0.39259913412484276,0.3692830460498816,0.3459669579749205,0.030137727743834775,0.053453815818795936,0.07676990389375704,282,59,nan,nan,0,,True,True,elhigh-elmid
p2242,elmid-radfar-az270,elhigh-radmid-az045,0.41398906724522744,0.6164978339279967,0.6549318053234995,0.39259913412484276,0.35969234721512794,9,18,0.39259913412484276,0.37614574066998535,0.35969234721512794,0.021389933120384674,0.03784332657524209,0.0542967200300995,292,62,nan,nan,0,,True,True,elhigh-elmid
p2243,elmid-radfar-az270,elhigh-radmid-az090,0.4097157034236215,0.6152877832545075,0.6536264923338944,0.39259913412484276,0.3545783681398182,9,21,0.39259913412484276,0.3735887511323305,0.3545783681398182,0.01711656929877875,0.03612695229129104,0.055137335283803324,286,64,nan,nan,0,,True,True,elhigh-elmid
p2244,elmid-radfar-az270,elhigh-radmid-az135,0.39550340850590643,0.5931322812124816,0.6343478315867103,0.39259913412484276,0.3434079473811069,9,30,0.39259913412484276,0.3680035407529748,0.3434079473811069,0.002904274381063665,0.027499867752931617,0.052095461124799514,286,68,nan,nan,0,,True,True,elhigh-elmid
p2245,elmid-radfar-az270,elhigh-radmid-az180,0.42316945682089807,0.6332594479779063,0.671375471705841,0.39259913412484276,0.35560303382831304,9,19,0.39259913412484276,0.37410108397657793,0.35560303382831304,0.030570322696055308,0.04906837284432014,0.06756642299258503,281,73,nan,nan,0,,True,True,elhigh-elmid
p2246,elmid-radfar-az270,elhigh-radmid-az225,0.4283850916734975,0.638610716457794,0.6748945104628402,0.39259913412484276,0.33765850732244423,9,36,0.39259913412484276,0.3651288207236435,0.33765850732244423,0.03578595754865471,0.06325627094985398,0.09072658435105324,275,73,nan,nan,0,,True,True,elhigh-elmid
p2247,elmid-radfar-az270,elhigh-radmid-az270,0.40954254509282745,0.6143577141429925,0.652290616085979,0.39259913412484276,0.33467761382312017,9,43,0.39259913412484276,0.36363837397398147,0.33467761382312017,0.016943410967984684,0.04590417111884598,0.07486493126970728,292,65,nan,nan,0,,True,True,elhigh-elmid
p2248,elmid-radfar-az270,elhigh-radmid-az315,0.4174829157451064,0.6309053559928551,0.6662961916826705,0.39259913412484276,0.3357774895562401,9,42,0.39259913412484276,0.36418831184054146,0.3357774895562401,0.024883781620263612,0.05329460390456492,0.08170542618886628,295,65,nan,nan,0,,True,True,elhigh-elmid
p2249,elmid-radfar-az270,elhigh-radfar-az000,0.41797694841334515,0.6266784444332103,0.666300785971827,0.39259913412484276,0.33999633482078295,9,33,0.39259913412484276,0.3662977344728129,0.33999633482078295,0.025377814288502387,0.051679213940532265,0.0779806135925622,299,56,nan,nan,0,,True,True,elhigh-elmid
p2250,elmid-radfar-az270,elhigh-radfar-az045,0.41545640720836646,0.6151597537689487,0.6502996818779265,0.39259913412484276,0.3517406582248309,9,24,0.39259913412484276,0.37216989617483687,0.3517406582248309,0.0228572730835237,0.043286511033529596,0.06371574898353555,268,77,nan,nan,0,,True,True,elhigh-elmid
p2251,elmid-radfar-az270,elhigh-radfar-az090,0.40921366344270355,0.6166418084440183,0.6551752195276555,0.39259913412484276,0.33715840306367034,9,39,0.39259913412484276,0.36487876859425655,0.33715840306367034,0.016614529317860782,0.04433489484844699,0.0720552603790332,292,63,nan,nan,0,,True,True,elhigh-elmid
p2252,elmid-radfar-az270,elhigh-radfar-az135,0.4051785545596115,0.611823956758765,0.6556617879229707,0.39259913412484276,0.35443982782283306,9,22,0.39259913412484276,0.3735194809738379,0.35443982782283306,0.012579420434768729,0.03165907358577358,0.05073872673677843,298,61,nan,nan,0,,True,True,elhigh-elmid
p2253,elmid-radfar-az270,elhigh-radfar-az180,0.4112609465720328,0.6181080552382463,0.6583138026528064,0.39259913412484276,0.3435612602938729,9,29,0.39259913412484276,0.3680801972093578,0.3435612602938729,0.018661812447190063,0.04318074936267502,0.06769968627815992,292,67,nan,nan,0,,True,True,elhigh-elmid
p2254,elmid-radfar-az270,elhigh-radfar-az225,0.40024827899153,0.6077135235421646,0.6495011594685864,0.39259913412484276,0.3330930922222578,9,45,0.39259913412484276,0.3628461131735503,0.3330930922222578,0.007649144866687219,0.03740216581797967,0.06715518676927218,295,62,nan,nan,0,,True,True,elhigh-elmid
p2255,elmid-radfar-az270,elhigh-radfar-az270,0.38401385071600846,0.5918524234526329,0.6365793838195146,0.39259913412484276,0.3342499000230558,9,44,0.39259913412484276,0.3634245170739493,0.3342499000230558,-0.008585283408834299,0.02058933364205917,0.04976395069295264,289,65,nan,nan,0,,False,True,elhigh-elmid
p2256,elmid-radfar-az270,elhigh-radfar-az315,0.41445038140516366,0.6251163216129001,0.663792390107779,0.39259913412484276,0.3370014455332844,9,40,0.39259913412484276,0.3648002898290636,0.3370014455332844,0.021851247280320896,0.049650091576100064,0.07744893587187923,289,65,nan,nan,0,,True,True,elhigh-elmid
p2257,elmid-radfar-az315,elhigh-radnear-az000,0.4105365287397216,0.6079373142947208,0.6439617770816412,0.38032179073567957,0.3287976256874326,16,48,0.38032179073567957,0.3545597082115561,0.3287976256874326,0.030214738004042008,0.055976820528165494,0.08173890305228898,289,61,nan,nan,0,,True,True,elhigh-elmid
p2258,elmid-radfar-az315,elhigh-radnear-az045,0.4119843205554368,0.6128225296771778,0.6513685818825637,0.38032179073567957,0.3372504425742561,16,38,0.38032179073567957,0.35878611665496785,0.3372504425742561,0.03166252981975726,0.05319820390046898,0.0747338779811807,300,61,nan,nan,0,,True,True,elhigh-elmid
p2259,elmid-radfar-az315,elhigh-radnear-az090,0.4166321971805849,0.6190215507002678,0.6552529465938526,0.38032179073567957,0.3417464009985519,16,32,0.38032179073567957,0.36103409586711577,0.3417464009985519,0.03631040644490535,0.05559810131346915,0.074885796182033,289,67,nan,nan,0,,True,True,elhigh-elmid
p2260,elmid-radfar-az315,elhigh-radnear-az135,0.4025262112389112,0.6115334428193081,0.6518661712937525,0.38032179073567957,0.3320552452601486,16,46,0.38032179073567957,0.35618851799791407,0.3320552452601486,0.022204420503231626,0.046337693240997124,0.07047096597876257,285,67,nan,nan,0,,True,True,elhigh-elmid
p2261,elmid-radfar-az315,elhigh-radnear-az180,0.4162029181262325,0.6216793958584335,0.6592044693190707,0.38032179073567957,0.3395650145085634,16,35,0.38032179073567957,0.3599434026221215,0.3395650145085634,0.035881127390552936,0.05625951550411101,0.07663790361766909,294,59,nan,nan,0,,True,True,elhigh-elmid
p2262,elmid-radfar-az315,elhigh-radnear-az225,0.4240789693953376,0.6384523477148798,0.6722986962410633,0.38032179073567957,0.3440784937220457,16,28,0.38032179073567957,0.36220014222886265,0.3440784937220457,0.04375717865965806,0.06187882716647497,0.08000047567329194,279,69,nan,nan,0,,True,True,elhigh-elmid
p2264,elmid-radfar-az315,elhigh-radnear-az315,0.40158868225714484,0.6098187761697268,0.6460735924854767,0.38032179073567957,0.3361849875189326,16,41,0.38032179073567957,0.3582533891273061,0.3361849875189326,0.02126689152146527,0.04333529312983875,0.06540369473821223,288,67,nan,nan,0,,True,True,elhigh-elmid
p2265,elmid-radfar-az315,elhigh-radmid-az000,0.4153961859254148,0.6202334094953943,0.654064362802158,0.38032179073567957,0.3459669579749205,16,27,0.38032179073567957,0.3631443743553,0.3459669579749205,0.03507439518973521,0.05225181157011477,0.06942922795049428,285,56,nan,nan,0,,True,True,elhigh-elmid
p2266,elmid-radfar-az315,elhigh-radmid-az045,0.4182550837557536,0.6220493552093751,0.6584281443147444,0.38032179073567957,0.35969234721512794,16,18,0.38032179073567957,0.37000706897540375,0.35969234721512794,0.03793329302007403,0.048248014780349846,0.05856273654062566,295,59,nan,nan,0,,True,True,elhigh-elmid
p2268,elmid-radfar-az315,elhigh-radmid-az135,0.41468376759373343,0.6229388886888729,0.6627759024455638,0.38032179073567957,0.3434079473811069,16,30,0.38032179073567957,0.3618648690583932,0.3434079473811069,0.034361976858053866,0.05281889853534022,0.07127582021262652,289,65,nan,nan,0,,True,True,elhigh-elmid
p2270,elmid-radfar-az315,elhigh-radmid-az225,0.42200785119757794,0.6300087695818962,0.6647701243280512,0.38032179073567957,0.33765850732244423,16,36,0.38032179073567957,0.3589901490290619,0.33765850732244423,0.04168606046189838,0.06301770216851604,0.08434934387513371,278,70,nan,nan,0,,True,True,elhigh-elmid
p2271,elmid-radfar-az315,elhigh-radmid-az270,0.40820355322594876,0.6106870842589223,0.6461764199901006,0.38032179073567957,0.33467761382312017,16,43,0.38032179073567957,0.35749970227939987,0.33467761382312017,0.02788176249026919,0.05070385094654889,0.07352593940282859,295,62,nan,nan,0,,True,True,elhigh-elmid
p2272,elmid-radfar-az315,elhigh-radmid-az315,0.4008488247921938,0.6095824317958505,0.6521239392217658,0.38032179073567957,0.3357774895562401,16,42,0.38032179073567957,0.35804964014595986,0.3357774895562401,0.020527034056514237,0.042799184646233945,0.06507133523595371,298,62,nan,nan,0,,True,True,elhigh-elmid
p2273,elmid-radfar-az315,elhigh-radfar-az000,0.41998139714523924,0.6233904811781191,0.6595779198331789,0.38032179073567957,0.33999633482078295,16,33,0.38032179073567957,0.3601590627782313,0.33999633482078295,0.03965960640955968,0.05982233436700796,0.07998506232445629,302,53,nan,nan,0,,True,True,elhigh-elmid
p2274,elmid-radfar-az315,elhigh-radfar-az045,0.41154478456954346,0.616198380626235,0.6557036949483847,0.38032179073567957,0.3517406582248309,16,24,0.38032179073567957,0.36603122448025527,0.3517406582248309,0.0312229938338639,0.045513560089288196,0.05980412634471255,271,74,nan,nan,0,,True,True,elhigh-elmid
p2275,elmid-radfar-az315,elhigh-radfar-az090,0.40961757379134545,0.6077434210447323,0.6507534789686993,0.38032179073567957,0.33715840306367034,16,39,0.38032179073567957,0.35874009689967495,0.33715840306367034,0.02929578305566588,0.05087747689167049,0.0724591707276751,295,60,nan,nan,0,,True,True,elhigh-elmid
p2276,elmid-radfar-az315,elhigh-radfar-az135,0.41013042757555696,0.6179097060045069,0.6531499011536416,0.38032179073567957,0.35443982782283306,16,22,0.38032179073567957,0.3673808092792563,0.35443982782283306,0.02980863683987739,0.04274961829630064,0.05569059975272389,301,58,nan,nan,0,,True,True,elhigh-elmid
p2277,elmid-radfar-az315,elhigh-radfar-az180,0.4250656820150711,0.6276659821479595,0.6627162950777796,0.38032179073567957,0.3435612602938729,16,29,0.38032179073567957,0.3619415255147762,0.3435612602938729,0.044743891279391546,0.0631241565002949,0.0815044217211982,295,64,nan,nan,0,,True,True,elhigh-elmid
p2278,elmid-radfar-az315,elhigh-radfar-az225,0.4234643206992411,0.6272277754163461,0.6608149860941112,0.38032179073567957,0.3330930922222578,16,45,0.38032179073567957,0.3567074414789687,0.3330930922222578,0.04314252996356155,0.0667568792202724,0.09037122847698331,298,59,nan,nan,0,,True,True,elhigh-elmid
p2279,elmid-radfar-az315,elhigh-radfar-az270,0.40495104022616313,0.6087278514429524,0.6474672610106614,0.38032179073567957,0.3342499000230558,16,44,0.38032179073567957,0.3572858453793677,0.3342499000230558,0.024629249490483562,0.04766519484679543,0.0707011402031073,292,62,nan,nan,0,,True,True,elhigh-elmid
p2280,elmid-radfar-az315,elhigh-radfar-az315,0.4082063148718051,0.6201122441953413,0.6550348266626981,0.38032179073567957,0.3370014455332844,16,40,0.38032179073567957,0.358661618134482,0.3370014455332844,0.02788452413612552,0.04954469673732309,0.07120486933852066,292,62,nan,nan,0,,True,True,elhigh-elmid
p2281,elhigh-radnear-az000,elhigh-radnear-az045,0.3401917976766736,0.5140483829127555,0.5411628026899303,0.3287976256874326,0.3372504425742561,48,38,0.3372504425742561,0.33302403413084436,0.3287976256874326,0.0029413551024174978,0.007167763545829264,0.011394171989241031,293,60,nan,nan,0,,True,True,elhigh-elhigh
p2282,elhigh-radnear-az000,elhigh-radnear-az090,0.3462344799209421,0.515686116881059,0.5419766835053244,0.3287976256874326,0.3417464009985519,48,32,0.3417464009985519,0.3352720133429923,0.3287976256874326,0.004488078922390171,0.010962466577949803,0.01743685423350949,282,66,nan,nan,0,,True,True,elhigh-elhigh
p2283,elhigh-radnear-az000,elhigh-radnear-az135,0.34430706696679847,0.5174976489795536,0.5484853916987169,0.3287976256874326,0.3320552452601486,48,46,0.3320552452601486,0.3304264354737906,0.3287976256874326,0.012251821706649846,0.013880631493007889,0.015509441279365876,278,66,nan,nan,0,,True,True,elhigh-elhigh
p2284,elhigh-radnear-az000,elhigh-radnear-az180,0.3577227740541822,0.5264832068488665,0.554659109791949,0.3287976256874326,0.3395650145085634,48,35,0.3395650145085634,0.334181320097998,0.3287976256874326,0.018157759545618768,0.023541453956184177,0.028925148366749587,287,58,nan,nan,0,,True,True,elhigh-elhigh
p2285,elhigh-radnear-az000,elhigh-radnear-az225,0.3557015284113024,0.5243469006487412,0.5490986449422628,0.3287976256874326,0.3440784937220457,48,28,0.3440784937220457,0.33643805970473917,0.3287976256874326,0.01162303468925674,0.019263468706563258,0.026903902723869833,272,68,nan,nan,0,,True,True,elhigh-elhigh
p2286,elhigh-radnear-az000,elhigh-radnear-az270,0.3431980892816204,0.5109765191603277,0.5394592913189864,0.3287976256874326,0.3216859159930162,48,49,0.3287976256874326,0.32524177084022443,0.3216859159930162,0.014400463594187785,0.017956318441395946,0.021512173288604164,284,62,nan,nan,0,,True,True,elhigh-elhigh
p2287,elhigh-radnear-az000,elhigh-radnear-az315,0.34317352877116986,0.5170124582945366,0.5445811539981907,0.3287976256874326,0.3361849875189326,48,41,0.3361849875189326,0.3324913066031826,0.3287976256874326,0.006988541252237246,0.010682222167987254,0.014375903083737263,281,66,nan,nan,0,,True,True,elhigh-elhigh
p2288,elhigh-radnear-az000,elhigh-radmid-az000,0.340098733493064,0.5219493743807521,0.5502461513386169,0.3287976256874326,0.3459669579749205,48,27,0.3459669579749205,0.3373822918311765,0.3287976256874326,-0.005868224481856477,0.002716441661887503,0.011301107805631427,278,55,nan,nan,0,,False,True,elhigh-elhigh
p2289,elhigh-radnear-az000,elhigh-radmid-az045,0.35625402154955793,0.5294708810868399,0.5530185913379657,0.3287976256874326,0.35969234721512794,48,18,0.35969234721512794,0.34424498645128027,0.3287976256874326,-0.003438325665570008,0.012009035098277665,0.027456395862125338,288,58,nan,nan,0,,False,True,elhigh-elhigh
p2290,elhigh-radnear-az000,elhigh-radmid-az090,0.360327514612818,0.5383295130142396,0.5657128095546567,0.3287976256874326,0.3545783681398182,48,21,0.3545783681398182,0.3416879969136254,0.3287976256874326,0.005749146472999789,0.018639517699192587,0.031529888925385385,282,60,nan,nan,0,,True,True,elhigh-elhigh
p2291,elhigh-radnear-az000,elhigh-radmid-az135,0.3645800816246982,0.5408086283405765,0.5693973546513437,0.3287976256874326,0.3434079473811069,48,30,0.3434079473811069,0.3361027865342697,0.3287976256874326,0.021172134243591267,0.028477295090428456,0.03578245593726559,282,64,nan,nan,0,,True,True,elhigh-elhigh
p2292,elhigh-radnear-az000,elhigh-radmid-az180,0.3674239549499075,0.5401652824486133,0.5694083740068242,0.3287976256874326,0.35560303382831304,48,19,0.35560303382831304,0.34220032975787285,0.3287976256874326,0.011820921121594441,0.025223625192034638,0.03862632926247489,277,69,nan,nan,0,,True,True,elhigh-elhigh
p2293,elhigh-radnear-az000,elhigh-radmid-az225,0.36571823132619546,0.5392008511806841,0.5714776219844573,0.3287976256874326,0.33765850732244423,48,36,0.33765850732244423,0.3332280665049384,0.3287976256874326,0.02805972400375123,0.03249016482125705,0.03692060563876287,271,69,nan,nan,0,,True,True,elhigh-elhigh
p2294,elhigh-radnear-az000,elhigh-radmid-az270,0.3587149073344179,0.5269682769509976,0.5588366548132716,0.3287976256874326,0.33467761382312017,48,43,0.33467761382312017,0.3317376197552764,0.3287976256874326,0.02403729351129774,0.02697728757914153,0.029917281646985316,288,61,nan,nan,0,,True,True,elhigh-elhigh
p2295,elhigh-radnear-az000,elhigh-radmid-az315,0.34721437955900974,0.5188665408393809,0.5522971779339679,0.3287976256874326,0.3357774895562401,48,42,0.3357774895562401,0.33228755762183637,0.3287976256874326,0.01143689000276965,0.014926821937173373,0.01841675387157715,291,61,nan,nan,0,,True,True,elhigh-elhigh
p2296,elhigh-radnear-az000,elhigh-radfar-az000,0.35791096014020823,0.5439447409852133,0.5776144342971756,0.3287976256874326,0.33999633482078295,48,33,0.33999633482078295,0.3343969802541078,0.3287976256874326,0.01791462531942528,0.023513979886100433,0.02911333445277564,295,52,nan,nan,0,,True,True,elhigh-elhigh
p2297,elhigh-radnear-az000,elhigh-radfar-az045,0.36930975050280407,0.551191525363567,0.5833477615189059,0.3287976256874326,0.3517406582248309,48,24,0.3517406582248309,0.3402691419561318,0.3287976256874326,0.017569092277973153,0.029040608546672286,0.040512124815371475,264,73,nan,nan,0,,True,True,elhigh-elhigh
p2298,elhigh-radnear-az000,elhigh-radfar-az090,0.37248531352881303,0.5483912689184662,0.5761952584189963,0.3287976256874326,0.33715840306367034,48,39,0.33715840306367034,0.33297801437555147,0.3287976256874326,0.03532691046514269,0.039507299153261566,0.04368768784138044,288,59,nan,nan,0,,True,True,elhigh-elhigh
p2299,elhigh-radnear-az000,elhigh-radfar-az135,0.3503836782253285,0.5295192655416302,0.567990484417447,0.3287976256874326,0.35443982782283306,48,22,0.35443982782283306,0.34161872675513283,0.3287976256874326,-0.004056149597504555,0.008764951470195681,0.021586052537895917,294,57,nan,nan,0,,False,True,elhigh-elhigh
p2300,elhigh-radnear-az000,elhigh-radfar-az180,0.37000218235715837,0.5449849258010498,0.5750314288481484,0.3287976256874326,0.3435612602938729,48,29,0.3435612602938729,0.3361794429906527,0.3287976256874326,0.026440922063285466,0.03382273936650565,0.04120455666972578,288,63,nan,nan,0,,True,True,elhigh-elhigh
p2301,elhigh-radnear-az000,elhigh-radfar-az225,0.38041024921356636,0.5558477504001269,0.5861023947943215,0.3287976256874326,0.3330930922222578,48,45,0.3330930922222578,0.3309453589548452,0.3287976256874326,0.04731715699130856,0.04946489025872114,0.05161262352613377,291,58,nan,nan,0,,True,True,elhigh-elhigh
p2302,elhigh-radnear-az000,elhigh-radfar-az270,0.35432246159670644,0.5305999692397343,0.5651970473772467,0.3287976256874326,0.3342499000230558,48,44,0.3342499000230558,0.3315237628552442,0.3287976256874326,0.020072561573650616,0.02279869874146223,0.025524835909273846,285,61,nan,nan,0,,True,True,elhigh-elhigh
p2303,elhigh-radnear-az000,elhigh-radfar-az315,0.3663801347488752,0.5504177921800899,0.5865660022339925,0.3287976256874326,0.3370014455332844,48,40,0.3370014455332844,0.3328995356103585,0.3287976256874326,0.02937868921559078,0.0334805991385167,0.037582509061442615,285,61,nan,nan,0,,True,True,elhigh-elhigh
p2304,elhigh-radnear-az045,elhigh-radnear-az090,0.3525259923961797,0.5275960522271647,0.5548742978291679,0.3372504425742561,0.3417464009985519,38,32,0.3417464009985519,0.339498421786404,0.3372504425742561,0.010779591397627797,0.013027570609775718,0.015275549821923584,293,66,nan,nan,0,,True,True,elhigh-elhigh
p2305,elhigh-radnear-az045,elhigh-radnear-az135,0.347068987300834,0.5293202099088625,0.5626752785441993,0.3372504425742561,0.3320552452601486,38,46,0.3372504425742561,0.3346528439172024,0.3320552452601486,0.009818544726577894,0.012416143383631617,0.015013742040685396,289,66,nan,nan,0,,True,True,elhigh-elhigh
p2306,elhigh-radnear-az045,elhigh-radnear-az180,0.34838872139219534,0.5102852272706531,0.5403371437335801,0.3372504425742561,0.3395650145085634,38,35,0.3395650145085634,0.33840772854140977,0.3372504425742561,0.008823706883631932,0.009980992850785575,0.011138278817939218,298,58,nan,nan,0,,True,True,elhigh-elhigh
p2307,elhigh-radnear-az045,elhigh-radnear-az225,0.34105600142404197,0.5072667288790502,0.5452762544881642,0.3372504425742561,0.3440784937220457,38,28,0.3440784937220457,0.3406644681481509,0.3372504425742561,-0.0030224922980037205,0.0003915332758910872,0.0038055588497858395,283,68,nan,nan,0,,False,True,elhigh-elhigh
p2308,elhigh-radnear-az045,elhigh-radnear-az270,0.35874320359149614,0.5288910005546583,0.5606333490545254,0.3372504425742561,0.3216859159930162,38,49,0.3372504425742561,0.32946817928363614,0.3216859159930162,0.021492761017240014,0.029275024307859998,0.03705728759847993,295,62,nan,nan,0,,True,True,elhigh-elhigh
p2309,elhigh-radnear-az045,elhigh-radnear-az315,0.34800494078798566,0.5242016312910543,0.5590219213392696,0.3372504425742561,0.3361849875189326,38,41,0.3372504425742561,0.33671771504659437,0.3361849875189326,0.010754498213729535,0.011287225741391294,0.011819953269053052,292,66,nan,nan,0,,True,True,elhigh-elhigh
p2310,elhigh-radnear-az045,elhigh-radmid-az000,0.36588712067333,0.5446811997796431,0.5698186899503804,0.3372504425742561,0.3459669579749205,38,27,0.3459669579749205,0.34160870027458834,0.3372504425742561,0.019920162698409516,0.024278420398741674,0.028636678099073887,289,55,nan,nan,0,,True,True,elhigh-elhigh
p2311,elhigh-radnear-az045,elhigh-radmid-az045,0.34926787159796613,0.527885210016224,0.5595428741976078,0.3372504425742561,0.35969234721512794,38,18,0.35969234721512794,0.34847139489469203,0.3372504425742561,-0.01042447561716181,0.000796476703274096,0.012017429023710002,299,58,nan,nan,0,,False,True,elhigh-elhigh
p2312,elhigh-radnear-az045,elhigh-radmid-az090,0.354251663634408,0.5266906806757768,0.5598597811404281,0.3372504425742561,0.3545783681398182,38,21,0.3545783681398182,0.34591440535703716,0.3372504425742561,-0.00032670450541016915,0.008337258277370863,0.017001221060151894,293,60,nan,nan,0,,False,True,elhigh-elhigh
p2313,elhigh-radnear-az045,elhigh-radmid-az135,0.3700928430617758,0.5553484595141436,0.5848908785838475,0.3372504425742561,0.3434079473811069,38,30,0.3434079473811069,0.34032919497768155,0.3372504425742561,0.026684895680668896,0.029763648084094263,0.032842400487519685,293,64,nan,nan,0,,True,True,elhigh-elhigh
p2314,elhigh-radnear-az045,elhigh-radmid-az180,0.3600138047339845,0.5306563015076398,0.5653414999437257,0.3372504425742561,0.35560303382831304,38,19,0.35560303382831304,0.34642673820128456,0.3372504425742561,0.004410770905671435,0.01358706653269992,0.02276336215972835,288,69,nan,nan,0,,True,True,elhigh-elhigh
p2315,elhigh-radnear-az045,elhigh-radmid-az225,0.36374390203085316,0.5360609883767536,0.570056711142747,0.3372504425742561,0.33765850732244423,38,36,0.33765850732244423,0.3374544749483502,0.3372504425742561,0.026085394708408927,0.02628942708250298,0.026493459456597035,282,69,nan,nan,0,,True,True,elhigh-elhigh
p2316,elhigh-radnear-az045,elhigh-radmid-az270,0.3616659886585462,0.5336428236904134,0.567574641816393,0.3372504425742561,0.33467761382312017,38,43,0.3372504425742561,0.33596402819868815,0.33467761382312017,0.024415546084290085,0.025701960459858064,0.026988374835426043,299,61,nan,nan,0,,True,True,elhigh-elhigh
p2317,elhigh-radnear-az045,elhigh-radmid-az315,0.35568982937697097,0.5350764502314445,0.5707157274151784,0.3372504425742561,0.3357774895562401,38,42,0.3372504425742561,0.3365139660652481,0.3357774895562401,0.01843938680271484,0.019175863311722885,0.019912339820730873,302,61,nan,nan,0,,True,True,elhigh-elhigh
p2318,elhigh-radnear-az045,elhigh-radfar-az000,0.3645238564353673,0.5481761524926518,0.5802485089405328,0.3372504425742561,0.33999633482078295,38,33,0.33999633482078295,0.3386233886975195,0.3372504425742561,0.024527521614584324,0.025900467737847765,0.02727341386111115,306,52,nan,nan,0,,True,True,elhigh-elhigh
p2319,elhigh-radnear-az045,elhigh-radfar-az045,0.35268392602095666,0.5356186369868073,0.5719693093173156,0.3372504425742561,0.3517406582248309,38,24,0.3517406582248309,0.3444955503995435,0.3372504425742561,0.0009432677961257463,0.008188375621413169,0.015433483446700536,275,73,nan,nan,0,,True,True,elhigh-elhigh
p2320,elhigh-radnear-az045,elhigh-radfar-az090,0.36330126082060493,0.5423113343200957,0.5727883962374577,0.3372504425742561,0.33715840306367034,38,39,0.3372504425742561,0.33720442281896323,0.33715840306367034,0.026050818246348806,0.026096838001641698,0.02614285775693459,299,59,nan,nan,0,,True,True,elhigh-elhigh
p2321,elhigh-radnear-az045,elhigh-radfar-az135,0.37181375023845914,0.545650142410857,0.5743650893669096,0.3372504425742561,0.35443982782283306,38,22,0.35443982782283306,0.3458451351985446,0.3372504425742561,0.017373922415626075,0.025968615039914544,0.034563307664203013,305,57,nan,nan,0,,True,True,elhigh-elhigh
p2322,elhigh-radnear-az045,elhigh-radfar-az180,0.36114245881679496,0.5380144564435202,0.5771736949272689,0.3372504425742561,0.3435612602938729,38,29,0.3435612602938729,0.34040585143406454,0.3372504425742561,0.01758119852292206,0.02073660738273042,0.02389201624253884,299,63,nan,nan,0,,True,True,elhigh-elhigh
p2323,elhigh-radnear-az045,elhigh-radfar-az225,0.3563187943292213,0.5305814513383927,0.5722418203901846,0.3372504425742561,0.3330930922222578,38,45,0.3372504425742561,0.33517176739825694,0.3330930922222578,0.019068351754965185,0.021147026930964374,0.02322570210696351,302,58,nan,nan,0,,True,True,elhigh-elhigh
p2324,elhigh-radnear-az045,elhigh-radfar-az270,0.36154057026467384,0.5385785241685673,0.5727631962549468,0.3372504425742561,0.3342499000230558,38,44,0.3372504425742561,0.335750171298656,0.3342499000230558,0.024290127690417718,0.02579039896601787,0.02729067024161802,296,61,nan,nan,0,,True,True,elhigh-elhigh
p2325,elhigh-radnear-az045,elhigh-radfar-az315,0.37234688382527986,0.5506084967798021,0.5790765527297265,0.3372504425742561,0.3370014455332844,38,40,0.3372504425742561,0.3371259440537703,0.3370014455332844,0.035096441251023736,0.035220939771509585,0.035345438291995435,296,61,nan,nan,0,,True,True,elhigh-elhigh
p2326,elhigh-radnear-az090,elhigh-radnear-az135,0.34605501841604025,0.5263417477457681,0.5611148373721024,0.3417464009985519,0.3320552452601486,32,46,0.3417464009985519,0.33690082312935027,0.3320552452601486,0.004308617417488336,0.009154195286689981,0.013999773155891626,278,72,nan,nan,0,,True,True,elhigh-elhigh
p2327,elhigh-radnear-az090,elhigh-radnear-az180,0.3528095132473359,0.522058960249284,0.5524125956481953,0.3417464009985519,0.3395650145085634,32,35,0.3417464009985519,0.3406557077535577,0.3395650145085634,0.01106311224878398,0.012153805493778203,0.013244498738772481,287,64,nan,nan,0,,True,True,elhigh-elhigh
p2328,elhigh-radnear-az090,elhigh-radnear-az225,0.3612238898693486,0.5306037025608422,0.5593991461430752,0.3417464009985519,0.3440784937220457,32,28,0.3440784937220457,0.3429124473602988,0.3417464009985519,0.017145396147302927,0.018311442509049813,0.0194774888707967,272,74,nan,nan,0,,True,True,elhigh-elhigh
p2330,elhigh-radnear-az090,elhigh-radnear-az315,0.3509638754586166,0.5177210420069677,0.5427582633493309,0.3417464009985519,0.3361849875189326,32,41,0.3417464009985519,0.33896569425874223,0.3361849875189326,0.009217474460064712,0.011998181199874391,0.014778887939684016,281,72,nan,nan,0,,True,True,elhigh-elhigh
p2331,elhigh-radnear-az090,elhigh-radmid-az000,0.3630035783571058,0.544254823804926,0.5709832350304669,0.3417464009985519,0.3459669579749205,32,27,0.3459669579749205,0.3438566794867362,0.3417464009985519,0.017036620382185286,0.019146898870369577,0.02125717735855387,278,61,nan,nan,0,,True,True,elhigh-elhigh
p2332,elhigh-radnear-az090,elhigh-radmid-az045,0.3576860104186432,0.5347619483872982,0.5623221199487181,0.3417464009985519,0.35969234721512794,32,18,0.35969234721512794,0.35071937410683995,0.3417464009985519,-0.0020063367964847645,0.00696663631180322,0.01593960942009126,288,64,nan,nan,0,,False,True,elhigh-elhigh
p2333,elhigh-radnear-az090,elhigh-radmid-az090,0.3420866138155584,0.519854841910175,0.5544290338209824,0.3417464009985519,0.3545783681398182,32,21,0.3545783681398182,0.348162384569185,0.3417464009985519,-0.012491754324259807,-0.006075770753626641,0.0003402128170064689,282,66,nan,nan,0,,False,False,elhigh-elhigh
p2335,elhigh-radnear-az090,elhigh-radmid-az180,0.349311796358606,0.5181887535318708,0.5523308791457231,0.3417464009985519,0.35560303382831304,32,19,0.35560303382831304,0.3486747174134325,0.3417464009985519,-0.006291237469707056,0.0006370789451735082,0.007565395360054072,277,75,nan,nan,0,,False,True,elhigh-elhigh
p2336,elhigh-radnear-az090,elhigh-radmid-az225,0.36073905072680834,0.5352349727864261,0.5687391276819053,0.3417464009985519,0.33765850732244423,32,36,0.3417464009985519,0.33970245416049805,0.33765850732244423,0.018992649728256428,0.021036596566310295,0.023080543404364107,271,75,nan,nan,0,,True,True,elhigh-elhigh
p2337,elhigh-radnear-az090,elhigh-radmid-az270,0.34987127971931054,0.5261350494700155,0.5593379424952798,0.3417464009985519,0.33467761382312017,32,43,0.3417464009985519,0.338212007410836,0.33467761382312017,0.008124878720758621,0.011659272308474522,0.015193665896190367,288,67,nan,nan,0,,True,True,elhigh-elhigh
p2339,elhigh-radnear-az090,elhigh-radfar-az000,0.3698109201945185,0.5488708336084398,0.5755797998533415,0.3417464009985519,0.33999633482078295,32,33,0.3417464009985519,0.34087136790966743,0.33999633482078295,0.028064519195966586,0.028939552284851067,0.029814585373735547,295,58,nan,nan,0,,True,True,elhigh-elhigh
p2340,elhigh-radnear-az090,elhigh-radfar-az045,0.3708666834567176,0.5558474826555292,0.5865428862060754,0.3417464009985519,0.3517406582248309,32,24,0.3517406582248309,0.3467435296116914,0.3417464009985519,0.019126025231886667,0.02412315384502617,0.02912028245816567,264,79,nan,nan,0,,True,True,elhigh-elhigh
p2341,elhigh-radnear-az090,elhigh-radfar-az090,0.35991509674868477,0.5434109556169124,0.5726461693902143,0.3417464009985519,0.33715840306367034,32,39,0.3417464009985519,0.33945240203111116,0.33715840306367034,0.018168695750132857,0.020462694717573615,0.02275669368501443,288,65,nan,nan,0,,True,True,elhigh-elhigh
p2342,elhigh-radnear-az090,elhigh-radfar-az135,0.36682215399342943,0.547471816811675,0.5792111104118747,0.3417464009985519,0.35443982782283306,32,22,0.35443982782283306,0.34809311441069246,0.3417464009985519,0.01238232617059637,0.018729039582736973,0.02507575299487752,294,63,nan,nan,0,,True,True,elhigh-elhigh
p2343,elhigh-radnear-az090,elhigh-radfar-az180,0.36739472948514257,0.5442979358770056,0.5781543409583428,0.3417464009985519,0.3435612602938729,32,29,0.3435612602938729,0.3426538306462124,0.3417464009985519,0.023833469191269663,0.02474089883893016,0.025648328486590655,288,69,nan,nan,0,,True,True,elhigh-elhigh
p2344,elhigh-radnear-az090,elhigh-radfar-az225,0.3512635067379046,0.5156317404575061,0.554841503621254,0.3417464009985519,0.3330930922222578,32,45,0.3417464009985519,0.33741974661040486,0.3330930922222578,0.00951710573935266,0.013843760127499716,0.01817041451564677,291,64,nan,nan,0,,True,True,elhigh-elhigh
p2345,elhigh-radnear-az090,elhigh-radfar-az270,0.36393226883828234,0.5418140862221492,0.5751735162920122,0.3417464009985519,0.3342499000230558,32,44,0.3417464009985519,0.33799815051080384,0.3342499000230558,0.022185867839730422,0.025934118327478495,0.029682368815226512,285,67,nan,nan,0,,True,True,elhigh-elhigh
p2346,elhigh-radnear-az090,elhigh-radfar-az315,0.3630987801605468,0.5502259179983237,0.5901751498543766,0.3417464009985519,0.3370014455332844,32,40,0.3417464009985519,0.3393739232659182,0.3370014455332844,0.021352379161994894,0.02372485689462861,0.02609733462726238,285,67,nan,nan,0,,True,True,elhigh-elhigh
p2347,elhigh-radnear-az135,elhigh-radnear-az180,0.34406732293657016,0.5115818160995556,0.5410411704871602,0.3320552452601486,0.3395650145085634,46,35,0.3395650145085634,0.335810129884356,0.3320552452601486,0.004502308428006752,0.008257193052214173,0.01201207767642154,283,64,nan,nan,0,,True,True,elhigh-elhigh
p2348,elhigh-radnear-az135,elhigh-radnear-az225,0.35311574214325075,0.5294102920619731,0.5592553787920743,0.3320552452601486,0.3440784937220457,46,28,0.3440784937220457,0.33806686949109716,0.3320552452601486,0.009037248421205069,0.0150488726521536,0.02106049688310213,268,74,nan,nan,0,,True,True,elhigh-elhigh
p2349,elhigh-radnear-az135,elhigh-radnear-az270,0.35528603742716713,0.524504678326069,0.5551720033039785,0.3320552452601486,0.3216859159930162,46,49,0.3320552452601486,0.3268705806265824,0.3216859159930162,0.02323079216701851,0.028415456800584715,0.03360012143415092,280,68,nan,nan,0,,True,True,elhigh-elhigh
p2350,elhigh-radnear-az135,elhigh-radnear-az315,0.3465838892332449,0.5212566461250142,0.5512963282199652,0.3320552452601486,0.3361849875189326,46,41,0.3361849875189326,0.33412011638954064,0.3320552452601486,0.010398901714312292,0.012463772843704257,0.014528643973096278,277,72,nan,nan,0,,True,True,elhigh-elhigh
p2351,elhigh-radnear-az135,elhigh-radmid-az000,0.35559118063211487,0.5376350448203355,0.5723507378987466,0.3320552452601486,0.3459669579749205,46,27,0.3459669579749205,0.33901110161753456,0.3320552452601486,0.00962422265719437,0.016580079014580307,0.023535935371966243,274,61,nan,nan,0,,True,True,elhigh-elhigh
p2352,elhigh-radnear-az135,elhigh-radmid-az045,0.3685011263526032,0.5468308696728496,0.5758116131274876,0.3320552452601486,0.35969234721512794,46,18,0.35969234721512794,0.34587379623763825,0.3320552452601486,0.008808779137475242,0.022627330114964928,0.03644588109245456,284,64,nan,nan,0,,True,True,elhigh-elhigh
p2353,elhigh-radnear-az135,elhigh-radmid-az090,0.35408730583186776,0.5357716486382126,0.5676860534707694,0.3320552452601486,0.3545783681398182,46,21,0.3545783681398182,0.34331680669998343,0.3320552452601486,-0.0004910623079504295,0.010770499131884326,0.022032060571719136,278,66,nan,nan,0,,False,True,elhigh-elhigh
p2354,elhigh-radnear-az135,elhigh-radmid-az135,0.3434878061896044,0.5245286781240647,0.5603383588001521,0.3320552452601486,0.3434079473811069,46,30,0.3434079473811069,0.33773159632062777,0.3320552452601486,7.98588084974794e-05,0.005756209868976625,0.01143256092945577,278,70,nan,nan,0,,True,True,elhigh-elhigh
p2355,elhigh-radnear-az135,elhigh-radmid-az180,0.372001808015529,0.54808250924042,0.5761652119363864,0.3320552452601486,0.35560303382831304,46,19,0.35560303382831304,0.34382913954423083,0.3320552452601486,0.01639877418721597,0.02817266847129818,0.03994656275538039,273,75,nan,nan,0,,True,True,elhigh-elhigh
p2356,elhigh-radnear-az135,elhigh-radmid-az225,0.37479363841823077,0.5412207406286907,0.5725145947085523,0.3320552452601486,0.33765850732244423,46,36,0.33765850732244423,0.33485687629129646,0.3320552452601486,0.03713513109578653,0.03993676212693431,0.042738393158082144,267,75,nan,nan,0,,True,True,elhigh-elhigh
p2357,elhigh-radnear-az135,elhigh-radmid-az270,0.3478202175688822,0.51968437432658,0.5558290770667402,0.3320552452601486,0.33467761382312017,46,43,0.33467761382312017,0.3333664295416344,0.3320552452601486,0.013142603745762038,0.014453788027247783,0.015764972308733582,284,67,nan,nan,0,,True,True,elhigh-elhigh
p2358,elhigh-radnear-az135,elhigh-radmid-az315,0.3631248304617845,0.5460811931170068,0.5745695552854994,0.3320552452601486,0.3357774895562401,46,42,0.3357774895562401,0.33391636740819436,0.3320552452601486,0.027347340905544415,0.02920846305359015,0.031069585201635885,287,67,nan,nan,0,,True,True,elhigh-elhigh
p2359,elhigh-radnear-az135,elhigh-radfar-az000,0.3724345983720909,0.5565554433251532,0.5859784615605437,0.3320552452601486,0.33999633482078295,46,33,0.33999633482078295,0.3360257900404658,0.3320552452601486,0.032438263551307966,0.03640880833162513,0.040379353111942295,291,58,nan,nan,0,,True,True,elhigh-elhigh
p2360,elhigh-radnear-az135,elhigh-radfar-az045,0.36236311592158377,0.5464172766819193,0.58177651077184,0.3320552452601486,0.3517406582248309,46,24,0.3517406582248309,0.34189795174248977,0.3320552452601486,0.010622457696752852,0.020465164179093998,0.030307870661435143,260,79,nan,nan,0,,True,True,elhigh-elhigh
p2361,elhigh-radnear-az135,elhigh-radfar-az090,0.366223548618217,0.5412493425976646,0.5740123637267833,0.3320552452601486,0.33715840306367034,46,39,0.33715840306367034,0.33460682416190946,0.3320552452601486,0.029065145554546645,0.03161672445630753,0.034168303358068364,284,65,nan,nan,0,,True,True,elhigh-elhigh
p2362,elhigh-radnear-az135,elhigh-radfar-az135,0.34695615720151274,0.5311163665577973,0.5611078260285249,0.3320552452601486,0.35443982782283306,46,22,0.35443982782283306,0.34324753654149087,0.3320552452601486,-0.007483670621320326,0.0037086206600218663,0.014900911941364114,290,63,nan,nan,0,,False,True,elhigh-elhigh
p2363,elhigh-radnear-az135,elhigh-radfar-az180,0.3741034756823613,0.5485289419370364,0.5792155170365646,0.3320552452601486,0.3435612602938729,46,29,0.3435612602938729,0.33780825277701076,0.3320552452601486,0.030542215388488392,0.03629522290535053,0.042048230422212673,284,69,nan,nan,0,,True,True,elhigh-elhigh
p2364,elhigh-radnear-az135,elhigh-radfar-az225,0.3661978566947685,0.5383646586756435,0.5745045669999264,0.3320552452601486,0.3330930922222578,46,45,0.3330930922222578,0.3325741687412032,0.3320552452601486,0.033104764472510706,0.033623687953565295,0.034142611434619885,287,64,nan,nan,0,,True,True,elhigh-elhigh
p2365,elhigh-radnear-az135,elhigh-radfar-az270,0.3594254009540705,0.5414278411487059,0.5764129110407674,0.3320552452601486,0.3342499000230558,46,44,0.3342499000230558,0.33315257264160225,0.3320552452601486,0.02517550093101467,0.026272828312468244,0.02737015569392187,281,67,nan,nan,0,,True,True,elhigh-elhigh
p2366,elhigh-radnear-az135,elhigh-radfar-az315,0.3682910209277375,0.5508973301972683,0.5844779298598486,0.3320552452601486,0.3370014455332844,46,40,0.3370014455332844,0.3345283453967165,0.3320552452601486,0.031289575394453095,0.033762675531021025,0.0362357756675889,281,67,nan,nan,0,,True,True,elhigh-elhigh
p2367,elhigh-radnear-az180,elhigh-radnear-az225,0.34923251448024295,0.5188754036756197,0.5476891953074573,0.3395650145085634,0.3440784937220457,35,28,0.3440784937220457,0.3418217541153046,0.3395650145085634,0.005154020758197264,0.0074107603649383735,0.009667499971679538,277,66,nan,nan,0,,True,True,elhigh-elhigh
p2368,elhigh-radnear-az180,elhigh-radnear-az270,0.353952287310858,0.5247454805994775,0.5551136879506374,0.3395650145085634,0.3216859159930162,35,49,0.3395650145085634,0.33062546525078984,0.3216859159930162,0.01438727280229457,0.023326822060068142,0.03226637131784177,289,60,nan,nan,0,,True,True,elhigh-elhigh
p2369,elhigh-radnear-az180,elhigh-radnear-az315,0.3495265989417836,0.5244716223659759,0.5568323259117252,0.3395650145085634,0.3361849875189326,35,41,0.3395650145085634,0.337875001013748,0.3361849875189326,0.009961584433220205,0.011651597928035606,0.013341611422851007,286,64,nan,nan,0,,True,True,elhigh-elhigh
p2370,elhigh-radnear-az180,elhigh-radmid-az000,0.35221818518349735,0.525922010029362,0.5559183075245395,0.3395650145085634,0.3459669579749205,35,27,0.3459669579749205,0.3427659862417419,0.3395650145085634,0.006251227208576848,0.009452198941755419,0.012653170674933933,283,53,nan,nan,0,,True,True,elhigh-elhigh
p2371,elhigh-radnear-az180,elhigh-radmid-az045,0.3604073514638508,0.5322768351365273,0.562512149638374,0.3395650145085634,0.35969234721512794,35,18,0.35969234721512794,0.3496286808618457,0.3395650145085634,0.0007150042487228392,0.010778670602005103,0.020842336955287366,293,56,nan,nan,0,,True,True,elhigh-elhigh
p2372,elhigh-radnear-az180,elhigh-radmid-az090,0.3735868755950648,0.542786572356585,0.5698758621990433,0.3395650145085634,0.3545783681398182,35,21,0.3545783681398182,0.3470716913241908,0.3395650145085634,0.019008507455246626,0.026515184270874015,0.034021861086501404,287,58,nan,nan,0,,True,True,elhigh-elhigh
p2373,elhigh-radnear-az180,elhigh-radmid-az135,0.3643188505569109,0.5409980771002508,0.5765509141358808,0.3395650145085634,0.3434079473811069,35,30,0.3434079473811069,0.34148648094483514,0.3395650145085634,0.020910903175803963,0.022832369612075742,0.024753836048347466,287,62,nan,nan,0,,True,True,elhigh-elhigh
p2374,elhigh-radnear-az180,elhigh-radmid-az180,0.35185820445570304,0.5313400680078921,0.5679981124478972,0.3395650145085634,0.35560303382831304,35,19,0.35560303382831304,0.34758402416843825,0.3395650145085634,-0.0037448293726100035,0.004274180287264784,0.012293189947139627,282,67,nan,nan,0,,False,True,elhigh-elhigh
p2375,elhigh-radnear-az180,elhigh-radmid-az225,0.35576846218077807,0.5215804454270746,0.5575835014308832,0.3395650145085634,0.33765850732244423,35,36,0.3395650145085634,0.3386117609155038,0.33765850732244423,0.016203447672214655,0.017156701265274243,0.018109954858333832,276,67,nan,nan,0,,True,True,elhigh-elhigh
p2376,elhigh-radnear-az180,elhigh-radmid-az270,0.37434101597250213,0.5512163453760385,0.5798096664928984,0.3395650145085634,0.33467761382312017,35,43,0.3395650145085634,0.3371213141658418,0.33467761382312017,0.03477600146393872,0.037219701806660344,0.039663402149381966,293,59,nan,nan,0,,True,True,elhigh-elhigh
p2377,elhigh-radnear-az180,elhigh-radmid-az315,0.35966429132740424,0.5409130287108438,0.5736273573937872,0.3395650145085634,0.3357774895562401,35,42,0.3395650145085634,0.3376712520324018,0.3357774895562401,0.020099276818840828,0.02199303929500246,0.023886801771164146,296,59,nan,nan,0,,True,True,elhigh-elhigh
p2378,elhigh-radnear-az180,elhigh-radfar-az000,0.3708691331748705,0.5458887205126495,0.574786947672098,0.3395650145085634,0.33999633482078295,35,33,0.33999633482078295,0.3397806746646732,0.3395650145085634,0.03087279835408757,0.031088458510197314,0.03130411866630711,300,50,nan,nan,0,,True,True,elhigh-elhigh
p2379,elhigh-radnear-az180,elhigh-radfar-az045,0.3759666115403435,0.5516330287367259,0.5824404657623551,0.3395650145085634,0.3517406582248309,35,24,0.3517406582248309,0.3456528363666972,0.3395650145085634,0.024225953315512583,0.030313775173646307,0.036401597031780086,269,71,nan,nan,0,,True,True,elhigh-elhigh
p2380,elhigh-radnear-az180,elhigh-radfar-az090,0.37444346123539957,0.5514631774817386,0.5835788344177276,0.3395650145085634,0.33715840306367034,35,39,0.3395650145085634,0.3383617087861169,0.33715840306367034,0.034878446726836154,0.03608175244928269,0.037285058171729224,293,57,nan,nan,0,,True,True,elhigh-elhigh
p2381,elhigh-radnear-az180,elhigh-radfar-az135,0.35689599847770487,0.5335261962060155,0.5669932347465659,0.3395650145085634,0.35443982782283306,35,22,0.35443982782283306,0.34700242116569824,0.3395650145085634,0.002456170654871803,0.00989357731200663,0.017330983969141456,299,55,nan,nan,0,,True,True,elhigh-elhigh
p2382,elhigh-radnear-az180,elhigh-radfar-az180,0.3535534727300585,0.5372316031250441,0.5728803747919797,0.3395650145085634,0.3435612602938729,35,29,0.3435612602938729,0.34156313740121813,0.3395650145085634,0.009992212436185588,0.011990335328840362,0.013988458221495081,293,61,nan,nan,0,,True,True,elhigh-elhigh
p2383,elhigh-radnear-az180,elhigh-radfar-az225,0.3750125410203465,0.5548580369236953,0.5856263786166583,0.3395650145085634,0.3330930922222578,35,45,0.3395650145085634,0.33632905336541064,0.3330930922222578,0.03544752651178307,0.038683487654935844,0.041919448798088677,296,56,nan,nan,0,,True,True,elhigh-elhigh
p2384,elhigh-radnear-az180,elhigh-radfar-az270,0.36375080382682,0.543470738863842,0.5799966871049487,0.3395650145085634,0.3342499000230558,35,44,0.3395650145085634,0.3369074572658096,0.3342499000230558,0.0241857893182566,0.026843346561010395,0.02950090380376419,290,59,nan,nan,0,,True,True,elhigh-elhigh
p2385,elhigh-radnear-az180,elhigh-radfar-az315,0.3609893509585109,0.5427817062631067,0.5771284015916658,0.3395650145085634,0.3370014455332844,35,40,0.3395650145085634,0.3382832300209239,0.3370014455332844,0.021424336449947512,0.022706120937587004,0.023987905425226497,290,59,nan,nan,0,,True,True,elhigh-elhigh
p2386,elhigh-radnear-az225,elhigh-radnear-az270,0.3504159991227597,0.5246180707803622,0.5536771028643859,0.3440784937220457,0.3216859159930162,28,49,0.3440784937220457,0.33288220485753095,0.3216859159930162,0.0063375054007140386,0.017533794265228775,0.02873008312974351,274,70,nan,nan,0,,True,True,elhigh-elhigh
p2387,elhigh-radnear-az225,elhigh-radnear-az315,0.35987948483406446,0.5326928996577194,0.5586761176928926,0.3440784937220457,0.3361849875189326,28,41,0.3440784937220457,0.3401317406204891,0.3361849875189326,0.01580099111201877,0.019747744213575336,0.023694497315131846,271,74,nan,nan,0,,True,True,elhigh-elhigh
p2388,elhigh-radnear-az225,elhigh-radmid-az000,0.35750340349223153,0.5298503390212101,0.5589792804828281,0.3440784937220457,0.3459669579749205,28,27,0.3459669579749205,0.3450227258484831,0.3440784937220457,0.011536445517311034,0.012480677643748439,0.013424909770185844,268,63,nan,nan,0,,True,True,elhigh-elhigh
p2389,elhigh-radnear-az225,elhigh-radmid-az045,0.3630236136707296,0.5378766850810425,0.5692231880077764,0.3440784937220457,0.35969234721512794,28,18,0.35969234721512794,0.35188542046858684,0.3440784937220457,0.003331266455601667,0.011138193202142765,0.01894511994868392,278,66,nan,nan,0,,True,True,elhigh-elhigh
p2390,elhigh-radnear-az225,elhigh-radmid-az090,0.3744098276562199,0.5481991131549714,0.5750392253620898,0.3440784937220457,0.3545783681398182,28,21,0.3545783681398182,0.3493284309309319,0.3440784937220457,0.019831459516401695,0.025081396725287974,0.0303313339341742,272,68,nan,nan,0,,True,True,elhigh-elhigh
p2391,elhigh-radnear-az225,elhigh-radmid-az135,0.3630535255563611,0.5375083214046074,0.5722895099817639,0.3440784937220457,0.3434079473811069,28,30,0.3440784937220457,0.3437432205515763,0.3434079473811069,0.018975031834315426,0.01931030500478481,0.019645578175254197,272,72,nan,nan,0,,True,True,elhigh-elhigh
p2392,elhigh-radnear-az225,elhigh-radmid-az180,0.3624027151014004,0.5345252675099081,0.5657902672122751,0.3440784937220457,0.35560303382831304,28,19,0.35560303382831304,0.34984076377517936,0.3440784937220457,0.006799681273087332,0.01256195132622101,0.018324221379354688,267,77,nan,nan,0,,True,True,elhigh-elhigh
p2393,elhigh-radnear-az225,elhigh-radmid-az225,0.3575857097509039,0.536803882970338,0.5690616488406506,0.3440784937220457,0.33765850732244423,28,36,0.3440784937220457,0.34086850052224493,0.33765850732244423,0.013507216028858238,0.01671720922865899,0.01992720242845969,261,77,nan,nan,0,,True,True,elhigh-elhigh
p2394,elhigh-radnear-az225,elhigh-radmid-az270,0.3629946297051599,0.5380091678958151,0.5680351542659515,0.3440784937220457,0.33467761382312017,28,43,0.3440784937220457,0.3393780537725829,0.33467761382312017,0.018916135983114202,0.02361657593257699,0.02831701588203972,278,69,nan,nan,0,,True,True,elhigh-elhigh
p2395,elhigh-radnear-az225,elhigh-radmid-az315,0.3555099718498308,0.5382593943393834,0.5676061445409096,0.3440784937220457,0.3357774895562401,28,42,0.3440784937220457,0.3399279916391429,0.3357774895562401,0.01143147812778511,0.015581980210687907,0.019732482293590703,281,69,nan,nan,0,,True,True,elhigh-elhigh
p2396,elhigh-radnear-az225,elhigh-radfar-az000,0.37455201745203387,0.5505569213089216,0.5805531699007188,0.3440784937220457,0.33999633482078295,28,33,0.3440784937220457,0.3420374142714143,0.33999633482078295,0.030473523729988183,0.03251460318061955,0.03455568263125092,285,60,nan,nan,0,,True,True,elhigh-elhigh
p2397,elhigh-radnear-az225,elhigh-radfar-az045,0.37768615545374373,0.5617817667431226,0.5937628164929875,0.3440784937220457,0.3517406582248309,28,24,0.3517406582248309,0.3479095759734383,0.3440784937220457,0.025945497228912817,0.029776579480305432,0.033607661731698046,254,81,nan,nan,0,,True,True,elhigh-elhigh
p2399,elhigh-radnear-az225,elhigh-radfar-az135,0.379923497028054,0.5575015797556323,0.586393957440277,0.3440784937220457,0.35443982782283306,28,22,0.35443982782283306,0.34925916077243935,0.3440784937220457,0.025483669205220938,0.030664336255614655,0.035845003306008316,284,65,nan,nan,0,,True,True,elhigh-elhigh
p2400,elhigh-radnear-az225,elhigh-radfar-az180,0.37199206672189,0.550069105017422,0.583682935493741,0.3440784937220457,0.3435612602938729,28,29,0.3440784937220457,0.3438198770079593,0.3435612602938729,0.027913572999844316,0.028172189713930706,0.028430806428017097,278,71,nan,nan,0,,True,True,elhigh-elhigh
p2401,elhigh-radnear-az225,elhigh-radfar-az225,0.36656482031056253,0.5483881617845798,0.577050548887392,0.3440784937220457,0.3330930922222578,28,45,0.3440784937220457,0.33858579297215174,0.3330930922222578,0.022486326588516847,0.02797902733841079,0.03347172808830473,281,66,nan,nan,0,,True,True,elhigh-elhigh
p2402,elhigh-radnear-az225,elhigh-radfar-az270,0.36589466198499315,0.5441953759193572,0.5751072991194369,0.3440784937220457,0.3342499000230558,28,44,0.3440784937220457,0.3391641968725507,0.3342499000230558,0.021816168262947466,0.026730465112442425,0.03164476196193733,275,69,nan,nan,0,,True,True,elhigh-elhigh
p2404,elhigh-radnear-az270,elhigh-radnear-az315,0.33794937870979114,0.5077465627488529,0.5403322874637807,0.3216859159930162,0.3361849875189326,49,41,0.3361849875189326,0.3289354517559744,0.3216859159930162,0.0017643911908585275,0.009013926953816753,0.016263462716774923,283,68,nan,nan,0,,True,True,elhigh-elhigh
p2405,elhigh-radnear-az270,elhigh-radmid-az000,0.3550612710190355,0.5249557664644482,0.5523913816011968,0.3216859159930162,0.3459669579749205,49,27,0.3459669579749205,0.33382643698396836,0.3216859159930162,0.00909431304411501,0.02123483403506715,0.03337535502601929,280,57,nan,nan,0,,True,True,elhigh-elhigh
p2407,elhigh-radnear-az270,elhigh-radmid-az090,0.35839758349072814,0.5285145942528651,0.5605895315226813,0.3216859159930162,0.3545783681398182,49,21,0.3545783681398182,0.3381321420664172,0.3216859159930162,0.0038192153509099547,0.02026544142431097,0.03671166749771193,284,62,nan,nan,0,,True,True,elhigh-elhigh
p2408,elhigh-radnear-az270,elhigh-radmid-az135,0.36413624190050736,0.5450646139733969,0.574519733508733,0.3216859159930162,0.3434079473811069,49,30,0.3434079473811069,0.33254693168706156,0.3216859159930162,0.020728294519400448,0.0315893102134458,0.04245032590749115,284,66,nan,nan,0,,True,True,elhigh-elhigh
p2409,elhigh-radnear-az270,elhigh-radmid-az180,0.3623889006787491,0.5405921813520975,0.5734492505787526,0.3216859159930162,0.35560303382831304,49,19,0.35560303382831304,0.33864447491066463,0.3216859159930162,0.006785866850436084,0.0237444257680845,0.04070298468573291,279,71,nan,nan,0,,True,True,elhigh-elhigh
p2410,elhigh-radnear-az270,elhigh-radmid-az225,0.3582834413701241,0.5268523967995412,0.5613017402457792,0.3216859159930162,0.33765850732244423,49,36,0.33765850732244423,0.3296722116577302,0.3216859159930162,0.020624934047679844,0.028611229712393882,0.036597525377107865,273,71,nan,nan,0,,True,True,elhigh-elhigh
p2411,elhigh-radnear-az270,elhigh-radmid-az270,0.33881616388376734,0.5159153518073907,0.548345829686682,0.3216859159930162,0.33467761382312017,49,43,0.33467761382312017,0.32818176490806816,0.3216859159930162,0.004138550060647173,0.010634398975699177,0.017130247890751127,290,63,nan,nan,0,,True,True,elhigh-elhigh
p2412,elhigh-radnear-az270,elhigh-radmid-az315,0.35270894549766607,0.5355934579577261,0.5668334300229395,0.3216859159930162,0.3357774895562401,49,42,0.3357774895562401,0.32873170277462815,0.3216859159930162,0.016931455941425977,0.023977242723037917,0.031023029504649857,293,63,nan,nan,0,,True,True,elhigh-elhigh
p2413,elhigh-radnear-az270,elhigh-radfar-az000,0.3705149556532094,0.5497390295868687,0.581816049508337,0.3216859159930162,0.33999633482078295,49,33,0.33999633482078295,0.3308411254068996,0.3216859159930162,0.030518620832426457,0.03967383024630983,0.048829039660193196,297,54,nan,nan,0,,True,True,elhigh-elhigh
p2414,elhigh-radnear-az270,elhigh-radfar-az045,0.3732945090521559,0.5536486676308661,0.5865007656460861,0.3216859159930162,0.3517406582248309,49,24,0.3517406582248309,0.33671328710892356,0.3216859159930162,0.021553850827324972,0.03658122194323232,0.051608593059139674,266,75,nan,nan,0,,True,True,elhigh-elhigh
p2415,elhigh-radnear-az270,elhigh-radfar-az090,0.3607250938012508,0.5414880818320915,0.5754301748231244,0.3216859159930162,0.33715840306367034,49,39,0.33715840306367034,0.3294221595283433,0.3216859159930162,0.023566690737580442,0.03130293427290748,0.03903917780823457,290,61,nan,nan,0,,True,True,elhigh-elhigh
p2416,elhigh-radnear-az270,elhigh-radfar-az135,0.35961517597598114,0.5438627391942892,0.575370329272725,0.3216859159930162,0.35443982782283306,49,22,0.35443982782283306,0.3380628719079246,0.3216859159930162,0.005175348153148074,0.021552304068056527,0.037929259982964925,296,59,nan,nan,0,,True,True,elhigh-elhigh
p2417,elhigh-radnear-az270,elhigh-radfar-az180,0.3765597990234278,0.558548616156398,0.5872795844792769,0.3216859159930162,0.3435612602938729,49,29,0.3435612602938729,0.33262358814344456,0.3216859159930162,0.03299853872955488,0.04393621087998323,0.054873883030411574,290,65,nan,nan,0,,True,True,elhigh-elhigh
p2418,elhigh-radnear-az270,elhigh-radfar-az225,0.36293612431812033,0.5445898252281197,0.5762630311212135,0.3216859159930162,0.3330930922222578,49,45,0.3330930922222578,0.327389504107637,0.3216859159930162,0.02984303209586253,0.035546620210483326,0.04125020832510412,293,60,nan,nan,0,,True,True,elhigh-elhigh
p2419,elhigh-radnear-az270,elhigh-radfar-az270,0.3515468255181798,0.534074890995658,0.572302184485008,0.3216859159930162,0.3342499000230558,49,44,0.3342499000230558,0.327967908008036,0.3216859159930162,0.01729692549512396,0.023578917510143793,0.02986090952516357,287,63,nan,nan,0,,True,True,elhigh-elhigh
p2420,elhigh-radnear-az270,elhigh-radfar-az315,0.3707617410477783,0.5507222410846129,0.5814262257734926,0.3216859159930162,0.3370014455332844,49,40,0.3370014455332844,0.32934368076315035,0.3216859159930162,0.03376029551449389,0.04141806028462797,0.0490758250547621,287,63,nan,nan,0,,True,True,elhigh-elhigh
p2421,elhigh-radnear-az315,elhigh-radmid-az000,0.358252478945566,0.520821549393842,0.5489924710005459,0.3361849875189326,0.3459669579749205,41,27,0.3459669579749205,0.3410759727469266,0.3361849875189326,0.012285520970645503,0.01717650619863942,0.02206749142663339,277,61,nan,nan,0,,True,True,elhigh-elhigh
p2422,elhigh-radnear-az315,elhigh-radmid-az045,0.3689138086253084,0.5459018933109644,0.5736106625444779,0.3361849875189326,0.35969234721512794,41,18,0.35969234721512794,0.3479386673670303,0.3361849875189326,0.009221461410180487,0.02097514125827815,0.032728821106375816,287,64,nan,nan,0,,True,True,elhigh-elhigh
p2423,elhigh-radnear-az315,elhigh-radmid-az090,0.34971032684249237,0.5236793054805172,0.5613172033336244,0.3361849875189326,0.3545783681398182,41,21,0.3545783681398182,0.3453816778293754,0.3361849875189326,-0.00486804129732582,0.00432864901311697,0.01352533932355976,281,66,nan,nan,0,,False,True,elhigh-elhigh
p2424,elhigh-radnear-az315,elhigh-radmid-az135,0.36446640930267776,0.5423060579186919,0.5750785122741998,0.3361849875189326,0.3434079473811069,41,30,0.3434079473811069,0.3397964674500198,0.3361849875189326,0.021058461921570848,0.024669941852657973,0.028281421783745153,281,70,nan,nan,0,,True,True,elhigh-elhigh
p2425,elhigh-radnear-az315,elhigh-radmid-az180,0.37214406234860176,0.5474882236791244,0.5757488117797361,0.3361849875189326,0.35560303382831304,41,19,0.35560303382831304,0.3458940106736228,0.3361849875189326,0.016541028520288714,0.026250051674978958,0.035959074829669146,276,75,nan,nan,0,,True,True,elhigh-elhigh
p2426,elhigh-radnear-az315,elhigh-radmid-az225,0.36618759170763593,0.539761477457851,0.565801187839436,0.3361849875189326,0.33765850732244423,41,36,0.33765850732244423,0.3369217474206884,0.3361849875189326,0.028529084385191694,0.029265844286947507,0.03000260418870332,270,75,nan,nan,0,,True,True,elhigh-elhigh
p2427,elhigh-radnear-az315,elhigh-radmid-az270,0.3446219272722298,0.5195188379629584,0.5570523691169619,0.3361849875189326,0.33467761382312017,41,43,0.3361849875189326,0.3354313006710264,0.33467761382312017,0.008436939753297179,0.0091906266012034,0.00994431344910962,287,67,nan,nan,0,,True,True,elhigh-elhigh
p2428,elhigh-radnear-az315,elhigh-radmid-az315,0.33981105266516576,0.5198883873344075,0.5542101852188283,0.3361849875189326,0.3357774895562401,41,42,0.3361849875189326,0.3359812385375863,0.3357774895562401,0.0036260651462331484,0.003829814127579434,0.004033563108925664,290,67,nan,nan,0,,True,True,elhigh-elhigh
p2429,elhigh-radnear-az315,elhigh-radfar-az000,0.3642691456543599,0.5433287850044519,0.5764622245291724,0.3361849875189326,0.33999633482078295,41,33,0.33999633482078295,0.33809066116985775,0.3361849875189326,0.024272810833576963,0.026178484484502162,0.028084158135427306,294,58,nan,nan,0,,True,True,elhigh-elhigh
p2430,elhigh-radnear-az315,elhigh-radfar-az045,0.36842383959007097,0.5436491881081543,0.582294303974717,0.3361849875189326,0.3517406582248309,41,24,0.3517406582248309,0.34396282287188173,0.3361849875189326,0.016683181365240052,0.024461016718189232,0.03223885207113836,263,79,nan,nan,0,,True,True,elhigh-elhigh
p2431,elhigh-radnear-az315,elhigh-radfar-az090,0.3694394439892749,0.5549492508800556,0.5867391675055905,0.3361849875189326,0.33715840306367034,41,39,0.33715840306367034,0.3366716952913015,0.3361849875189326,0.032281040925604576,0.03276774869797344,0.03325445647034231,287,65,nan,nan,0,,True,True,elhigh-elhigh
p2432,elhigh-radnear-az315,elhigh-radfar-az135,0.3604208484412829,0.5412421489211587,0.5762123327755584,0.3361849875189326,0.35443982782283306,41,22,0.35443982782283306,0.34531240767088284,0.3361849875189326,0.0059810206184498504,0.015108440770400078,0.024235860922350305,293,63,nan,nan,0,,True,True,elhigh-elhigh
p2433,elhigh-radnear-az315,elhigh-radfar-az180,0.37441621062263325,0.5498451864370156,0.5804038550154116,0.3361849875189326,0.3435612602938729,41,29,0.3435612602938729,0.3398731239064028,0.3361849875189326,0.030854950328760344,0.034543086716230464,0.03823122310370064,287,69,nan,nan,0,,True,True,elhigh-elhigh
p2434,elhigh-radnear-az315,elhigh-radfar-az225,0.36511808872492857,0.5440732354030683,0.5799437857985106,0.3361849875189326,0.3330930922222578,41,45,0.3361849875189326,0.3346390398705952,0.3330930922222578,0.02893310120599596,0.03047904885433339,0.032024996502670766,290,64,nan,nan,0,,True,True,elhigh-elhigh
p2435,elhigh-radnear-az315,elhigh-radfar-az270,0.3579570376159295,0.5354414739938211,0.569414903396749,0.3361849875189326,0.3342499000230558,41,44,0.3361849875189326,0.3352174437709942,0.3342499000230558,0.021772050096996898,0.02273959384493529,0.023707137592873684,284,67,nan,nan,0,,True,True,elhigh-elhigh
p2436,elhigh-radnear-az315,elhigh-radfar-az315,0.3420069716709275,0.5213863778533276,0.5584808309957581,0.3361849875189326,0.3370014455332844,41,40,0.3370014455332844,0.3365932165261085,0.3361849875189326,0.005005526137643046,0.005413755144818955,0.005821984151994863,284,67,nan,nan,0,,True,True,elhigh-elhigh
p2437,elhigh-radmid-az000,elhigh-radmid-az045,0.37015159587523816,0.545766883341336,0.5714218261855647,0.3459669579749205,0.35969234721512794,27,18,0.35969234721512794,0.3528296525950242,0.3459669579749205,0.01045924866011022,0.01732194328021397,0.024184637900317663,284,53,nan,nan,0,,True,True,elhigh-elhigh
p2438,elhigh-radmid-az000,elhigh-radmid-az090,0.37019074521734796,0.5448869825906288,0.5729859873395992,0.3459669579749205,0.3545783681398182,27,21,0.3545783681398182,0.35027266305736937,0.3459669579749205,0.015612377077529771,0.01991808215997859,0.024223787242427464,278,55,nan,nan,0,,True,True,elhigh-elhigh
p2439,elhigh-radmid-az000,elhigh-radmid-az135,0.36172110794306633,0.5379668829092408,0.5714739481709536,0.3459669579749205,0.3434079473811069,27,30,0.3459669579749205,0.3446874526780137,0.3434079473811069,0.015754149968145836,0.017033655265052627,0.01831316056195942,278,59,nan,nan,0,,True,True,elhigh-elhigh
p2440,elhigh-radmid-az000,elhigh-radmid-az180,0.3672496720455488,0.5445347283936195,0.5721204388172272,0.3459669579749205,0.35560303382831304,27,19,0.35560303382831304,0.35078499590161677,0.3459669579749205,0.011646638217235772,0.016464676143932044,0.021282714070628317,273,64,nan,nan,0,,True,True,elhigh-elhigh
p2441,elhigh-radmid-az000,elhigh-radmid-az225,0.36814274771034294,0.5383350885646049,0.567295696202355,0.3459669579749205,0.33765850732244423,27,36,0.3459669579749205,0.3418127326486824,0.33765850732244423,0.022175789735422446,0.02633001506166055,0.03048424038789871,267,64,nan,nan,0,,True,True,elhigh-elhigh
p2442,elhigh-radmid-az000,elhigh-radmid-az270,0.36491298648932013,0.5368243940161957,0.5670948347586102,0.3459669579749205,0.33467761382312017,27,43,0.3459669579749205,0.34032228589902036,0.33467761382312017,0.018946028514399638,0.024590700590299774,0.030235372666199967,284,56,nan,nan,0,,True,True,elhigh-elhigh
p2443,elhigh-radmid-az000,elhigh-radmid-az315,0.37050072849846705,0.5473202507525619,0.5759843143413832,0.3459669579749205,0.3357774895562401,27,42,0.3459669579749205,0.3408722237655803,0.3357774895562401,0.02453377052354655,0.02962850473288675,0.03472323894222695,287,56,nan,nan,0,,True,True,elhigh-elhigh
p2444,elhigh-radmid-az000,elhigh-radfar-az000,0.3494893916392621,0.5293173233646634,0.5645599841532137,0.3459669579749205,0.33999633482078295,27,33,0.3459669579749205,0.3429816463978517,0.33999633482078295,0.0035224336643416287,0.006507745241410401,0.009493056818479173,291,47,nan,nan,0,,True,True,elhigh-elhigh
p2445,elhigh-radmid-az000,elhigh-radfar-az045,0.37271193408379183,0.5550126115562495,0.5870254707105333,0.3459669579749205,0.3517406582248309,27,24,0.3517406582248309,0.3488538080998757,0.3459669579749205,0.020971275858960914,0.023858125983916123,0.026744976108871332,260,68,nan,nan,0,,True,True,elhigh-elhigh
p2446,elhigh-radmid-az000,elhigh-radfar-az090,0.3738812266435,0.5552428706114569,0.5857100176965988,0.3459669579749205,0.33715840306367034,27,39,0.3459669579749205,0.3415626805192954,0.33715840306367034,0.02791426866857949,0.032318546124204595,0.036722823579829644,284,54,nan,nan,0,,True,True,elhigh-elhigh
p2447,elhigh-radmid-az000,elhigh-radfar-az135,0.3687460085682959,0.5450622939535547,0.5743898185061754,0.3459669579749205,0.35443982782283306,27,22,0.35443982782283306,0.3502033928988768,0.3459669579749205,0.01430618074546286,0.018542615669419116,0.022779050593375427,290,52,nan,nan,0,,True,True,elhigh-elhigh
p2448,elhigh-radmid-az000,elhigh-radfar-az180,0.36460064035198336,0.5445015292934842,0.5758491413125036,0.3459669579749205,0.3435612602938729,27,29,0.3459669579749205,0.3447641091343967,0.3435612602938729,0.018633682377062866,0.01983653121758666,0.021039380058110457,284,58,nan,nan,0,,True,True,elhigh-elhigh
p2449,elhigh-radmid-az000,elhigh-radfar-az225,0.37415877891767846,0.5503852839619264,0.581016040815255,0.3459669579749205,0.3330930922222578,27,45,0.3459669579749205,0.33953002509858915,0.3330930922222578,0.02819182094275796,0.03462875381908931,0.041065686695420656,287,53,nan,nan,0,,True,True,elhigh-elhigh
p2450,elhigh-radmid-az000,elhigh-radfar-az270,0.3694090204490762,0.5497739031457861,0.5848124640978735,0.3459669579749205,0.3342499000230558,27,44,0.3459669579749205,0.3401084289989882,0.3342499000230558,0.0234420624741557,0.02930059145008801,0.035159120426020374,281,56,nan,nan,0,,True,True,elhigh-elhigh
p2451,elhigh-radmid-az000,elhigh-radfar-az315,0.36063435481887,0.5332034640111073,0.5670275181458388,0.3459669579749205,0.3370014455332844,27,40,0.3459669579749205,0.34148420175410243,0.3370014455332844,0.01466739684394952,0.019150153064767583,0.02363290928558559,281,56,nan,nan,0,,True,True,elhigh-elhigh
p2452,elhigh-radmid-az045,elhigh-radmid-az090,0.3731385036134787,0.5504900353942527,0.5740342842182705,0.35969234721512794,0.3545783681398182,18,21,0.35969234721512794,0.35713535767747306,0.3545783681398182,0.013446156398350784,0.01600314593600566,0.018560135473660533,288,58,nan,nan,0,,True,True,elhigh-elhigh
p2453,elhigh-radmid-az045,elhigh-radmid-az135,0.3675640910582017,0.55046013969372,0.5829626297733768,0.35969234721512794,0.3434079473811069,18,30,0.35969234721512794,0.3515501472981174,0.3434079473811069,0.007871743843073764,0.016013943760084304,0.024156143677094788,288,62,nan,nan,0,,True,True,elhigh-elhigh
p2454,elhigh-radmid-az045,elhigh-radmid-az180,0.3661848004952951,0.5421729506519936,0.5768846783272116,0.35969234721512794,0.35560303382831304,18,19,0.35969234721512794,0.3576476905217205,0.35560303382831304,0.006492453280167176,0.008537109973574597,0.010581766666982073,283,67,nan,nan,0,,True,True,elhigh-elhigh
p2455,elhigh-radmid-az045,elhigh-radmid-az225,0.3609517895209777,0.5334852395941686,0.5653437176224376,0.35969234721512794,0.33765850732244423,18,36,0.35969234721512794,0.3486754272687861,0.33765850732244423,0.001259442305849734,0.012276362252191586,0.023293282198533438,277,67,nan,nan,0,,True,True,elhigh-elhigh
p2456,elhigh-radmid-az045,elhigh-radmid-az270,0.3721389475832181,0.5434355646198992,0.5726554481462025,0.35969234721512794,0.33467761382312017,18,43,0.35969234721512794,0.34718498051912405,0.33467761382312017,0.012446600368090144,0.02495396706409403,0.037461333760097915,294,59,nan,nan,0,,True,True,elhigh-elhigh
p2457,elhigh-radmid-az045,elhigh-radmid-az315,0.36791555140365845,0.5522266812635348,0.5837018045662898,0.35969234721512794,0.3357774895562401,18,42,0.35969234721512794,0.34773491838568404,0.3357774895562401,0.008223204188530508,0.020180633017974403,0.03213806184741835,297,59,nan,nan,0,,True,True,elhigh-elhigh
p2458,elhigh-radmid-az045,elhigh-radfar-az000,0.373433662051865,0.5548026819302014,0.5833111537407384,0.35969234721512794,0.33999633482078295,18,33,0.35969234721512794,0.3498443410179555,0.33999633482078295,0.013741314836737073,0.02358932103390954,0.03343732723108206,301,50,nan,nan,0,,True,True,elhigh-elhigh
p2459,elhigh-radmid-az045,elhigh-radfar-az045,0.35708673368125554,0.5409204453292321,0.5738428419769321,0.35969234721512794,0.3517406582248309,18,24,0.35969234721512794,0.35571650271997945,0.3517406582248309,-0.0026056135338723974,0.0013702309612760866,0.005346075456424626,270,71,nan,nan,0,,False,True,elhigh-elhigh
p2460,elhigh-radmid-az045,elhigh-radfar-az090,0.3754813126283341,0.5531144897929031,0.5842801910753831,0.35969234721512794,0.33715840306367034,18,39,0.35969234721512794,0.34842537513939914,0.33715840306367034,0.01578896541320618,0.027055937488934978,0.038322909564663776,294,57,nan,nan,0,,True,True,elhigh-elhigh
p2461,elhigh-radmid-az045,elhigh-radfar-az135,0.37741760972152777,0.5618666117215179,0.5874807622123269,0.35969234721512794,0.35443982782283306,18,22,0.35969234721512794,0.3570660875189805,0.35443982782283306,0.01772526250639983,0.020351522202547268,0.022977781898694705,300,55,nan,nan,0,,True,True,elhigh-elhigh
p2462,elhigh-radmid-az045,elhigh-radfar-az180,0.3815511735059934,0.5580374070270474,0.5875563167537969,0.35969234721512794,0.3435612602938729,18,29,0.35969234721512794,0.3516268037545004,0.3435612602938729,0.02185882629086544,0.029924369751492985,0.037989913212120474,294,61,nan,nan,0,,True,True,elhigh-elhigh
p2463,elhigh-radmid-az045,elhigh-radfar-az225,0.3720255042421561,0.5468932475896743,0.5796551641606863,0.35969234721512794,0.3330930922222578,18,45,0.35969234721512794,0.3463927197186929,0.3330930922222578,0.012333157027028141,0.02563278452346318,0.03893241201989828,297,56,nan,nan,0,,True,True,elhigh-elhigh
p2464,elhigh-radmid-az045,elhigh-radfar-az270,0.37319468477119483,0.5508562471085623,0.5826534236325622,0.35969234721512794,0.3342499000230558,18,44,0.35969234721512794,0.3469711236190919,0.3342499000230558,0.01350233755606689,0.026223561152102948,0.038944784748139005,291,59,nan,nan,0,,True,True,elhigh-elhigh
p2465,elhigh-radmid-az045,elhigh-radfar-az315,0.3650585421124429,0.5442129812853256,0.5814620724051444,0.35969234721512794,0.3370014455332844,18,40,0.35969234721512794,0.3483468963742062,0.3370014455332844,0.005366194897314935,0.01671164573823669,0.028057096579158447,291,59,nan,nan,0,,True,True,elhigh-elhigh
p2466,elhigh-radmid-az090,elhigh-radmid-az135,0.36195311202347114,0.5385206049258305,0.5736578578774274,0.3545783681398182,0.3434079473811069,21,30,0.3545783681398182,0.3489931577604626,0.3434079473811069,0.0073747438836529455,0.012959954263008555,0.01854516464236422,282,64,nan,nan,0,,True,True,elhigh-elhigh
p2467,elhigh-radmid-az090,elhigh-radmid-az180,0.3625095142629318,0.5262622692185472,0.5634596364808218,0.3545783681398182,0.35560303382831304,21,19,0.35560303382831304,0.3550907009840656,0.3545783681398182,0.006906480434618778,0.007418813278866232,0.00793114612311363,277,69,nan,nan,0,,True,True,elhigh-elhigh
p2469,elhigh-radmid-az090,elhigh-radmid-az270,0.3561707062773585,0.5289213912131149,0.5624701782428976,0.3545783681398182,0.33467761382312017,21,43,0.3545783681398182,0.3446279909814692,0.33467761382312017,0.0015923381375402834,0.011542715295889294,0.021493092454238305,288,61,nan,nan,0,,True,True,elhigh-elhigh
p2470,elhigh-radmid-az090,elhigh-radmid-az315,0.36766206877455854,0.549226672195455,0.5807197217004261,0.3545783681398182,0.3357774895562401,21,42,0.3545783681398182,0.3451779288480291,0.3357774895562401,0.013083700634740347,0.022484139926529423,0.03188457921831844,291,61,nan,nan,0,,True,True,elhigh-elhigh
p2472,elhigh-radmid-az090,elhigh-radfar-az045,0.37043913904949605,0.5469955919657411,0.5772579290296845,0.3545783681398182,0.3517406582248309,21,24,0.3545783681398182,0.3531595131823245,0.3517406582248309,0.015860770909677857,0.017279625867171522,0.01869848082466513,264,73,nan,nan,0,,True,True,elhigh-elhigh
p2473,elhigh-radmid-az090,elhigh-radfar-az090,0.3434047609051727,0.5259099298463831,0.5586538835423499,0.3545783681398182,0.33715840306367034,21,39,0.3545783681398182,0.34586838560174427,0.33715840306367034,-0.0111736072346455,-0.002463624696571576,0.006246357841502348,288,59,nan,nan,0,,False,False,elhigh-elhigh
p2475,elhigh-radmid-az090,elhigh-radfar-az180,0.3768160684571915,0.5568970341797065,0.5879157448990102,0.3545783681398182,0.3435612602938729,21,29,0.3545783681398182,0.3490698142168456,0.3435612602938729,0.02223770031737332,0.027746254240345936,0.033254808163318605,288,63,nan,nan,0,,True,True,elhigh-elhigh
p2476,elhigh-radmid-az090,elhigh-radfar-az225,0.3707831705040297,0.5461466821851324,0.576611231316373,0.3545783681398182,0.3330930922222578,21,45,0.3545783681398182,0.34383573018103797,0.3330930922222578,0.016204802364211512,0.026947440322991734,0.0376900782817719,291,58,nan,nan,0,,True,True,elhigh-elhigh
p2477,elhigh-radmid-az090,elhigh-radfar-az270,0.351266605843446,0.5289784043113848,0.5630592122829164,0.3545783681398182,0.3342499000230558,21,44,0.3545783681398182,0.344414134081437,0.3342499000230558,-0.0033117622963722004,0.0068524717620089826,0.017016705820390166,285,61,nan,nan,0,,False,True,elhigh-elhigh
p2478,elhigh-radmid-az090,elhigh-radfar-az315,0.36990816666467735,0.5489505273787917,0.5821167729386783,0.3545783681398182,0.3370014455332844,21,40,0.3545783681398182,0.3457899068365513,0.3370014455332844,0.015329798524859162,0.024118259828126043,0.032906721131392924,285,61,nan,nan,0,,True,True,elhigh-elhigh
p2479,elhigh-radmid-az135,elhigh-radmid-az180,0.3631917294378684,0.5392790567258141,0.572480488914337,0.3434079473811069,0.35560303382831304,30,19,0.35560303382831304,0.34950549060471,0.3434079473811069,0.007588695609555385,0.013686238833158448,0.019783782056761512,277,73,nan,nan,0,,True,True,elhigh-elhigh
p2480,elhigh-radmid-az135,elhigh-radmid-az225,0.3712941616362906,0.5423404146817753,0.580204765722165,0.3434079473811069,0.33765850732244423,30,36,0.3434079473811069,0.3405332273517756,0.33765850732244423,0.027886214255183672,0.030760934284514985,0.03363565431384635,271,73,nan,nan,0,,True,True,elhigh-elhigh
p2481,elhigh-radmid-az135,elhigh-radmid-az270,0.35472005434551507,0.5293383588283117,0.5694387772005095,0.3434079473811069,0.33467761382312017,30,43,0.3434079473811069,0.33904278060211357,0.33467761382312017,0.011312106964408153,0.0156772737434015,0.0200424405223949,288,65,nan,nan,0,,True,True,elhigh-elhigh
p2482,elhigh-radmid-az135,elhigh-radmid-az315,0.36208590418407344,0.5439183126253808,0.5766481497419704,0.3434079473811069,0.3357774895562401,30,42,0.3434079473811069,0.3395927184686735,0.3357774895562401,0.018677956802966522,0.022493185715399933,0.026308414627833343,291,65,nan,nan,0,,True,True,elhigh-elhigh
p2483,elhigh-radmid-az135,elhigh-radfar-az000,0.3609426225709636,0.542210516746619,0.5768988747171481,0.3434079473811069,0.33999633482078295,30,33,0.3434079473811069,0.34170214110094493,0.33999633482078295,0.017534675189856685,0.019240481470018667,0.020946287750180648,295,56,nan,nan,0,,True,True,elhigh-elhigh
p2484,elhigh-radmid-az135,elhigh-radfar-az045,0.3744721760819147,0.5512119536631825,0.583847158626872,0.3434079473811069,0.3517406582248309,30,24,0.3517406582248309,0.3475743028029689,0.3434079473811069,0.02273151785708377,0.026897873278945772,0.031064228700807772,264,77,nan,nan,0,,True,True,elhigh-elhigh
p2485,elhigh-radmid-az135,elhigh-radfar-az090,0.3756095513148564,0.553306869122828,0.585282437905498,0.3434079473811069,0.33715840306367034,30,39,0.3434079473811069,0.3402831752223886,0.33715840306367034,0.03220160393374949,0.035326376092467804,0.03845114825118606,288,63,nan,nan,0,,True,True,elhigh-elhigh
p2486,elhigh-radmid-az135,elhigh-radfar-az135,0.34772603297006516,0.5392436571949929,0.5728000007370805,0.3434079473811069,0.35443982782283306,30,22,0.35443982782283306,0.34892388760197,0.3434079473811069,-0.006713794852767907,-0.00119785463190486,0.004318085588958243,294,61,nan,nan,0,,False,False,elhigh-elhigh
p2487,elhigh-radmid-az135,elhigh-radfar-az180,0.357133845587177,0.5361749445476166,0.5749503379957585,0.3434079473811069,0.3435612602938729,30,29,0.3435612602938729,0.3434846038374899,0.3434079473811069,0.013572585293304074,0.013649241749687069,0.013725898206070064,288,67,nan,nan,0,,True,True,elhigh-elhigh
p2488,elhigh-radmid-az135,elhigh-radfar-az225,0.368254735440006,0.5464486086665762,0.5884563230951904,0.3434079473811069,0.3330930922222578,30,45,0.3434079473811069,0.33825051980168236,0.3330930922222578,0.02484678805889906,0.030004215638323617,0.03516164321774817,291,62,nan,nan,0,,True,True,elhigh-elhigh
p2489,elhigh-radmid-az135,elhigh-radfar-az270,0.3764269090918937,0.5586482173387847,0.5922111993714735,0.3434079473811069,0.3342499000230558,30,44,0.3434079473811069,0.3388289237020814,0.3342499000230558,0.033018961710786776,0.037597985389812294,0.04217700906883787,285,65,nan,nan,0,,True,True,elhigh-elhigh
p2490,elhigh-radmid-az135,elhigh-radfar-az315,0.3617843270049291,0.5475933371305932,0.5837662053165461,0.3434079473811069,0.3370014455332844,30,40,0.3434079473811069,0.34020469645719564,0.3370014455332844,0.01837637962382216,0.02157963054773343,0.024782881471644647,285,65,nan,nan,0,,True,True,elhigh-elhigh
p2491,elhigh-radmid-az180,elhigh-radmid-az225,0.36134307451685493,0.5325849138365566,0.559418633855658,0.35560303382831304,0.33765850732244423,19,36,0.35560303382831304,0.3466307705753786,0.33765850732244423,0.005740040688541892,0.014712303941476323,0.0236845671944107,266,78,nan,nan,0,,True,True,elhigh-elhigh
p2492,elhigh-radmid-az180,elhigh-radmid-az270,0.37538323243905686,0.5510616000629254,0.5788593664128567,0.35560303382831304,0.33467761382312017,19,43,0.35560303382831304,0.3451403238257166,0.33467761382312017,0.019780198610743815,0.03024290861334028,0.04070561861593669,283,70,nan,nan,0,,True,True,elhigh-elhigh
p2493,elhigh-radmid-az180,elhigh-radmid-az315,0.37437960603956394,0.5604503219187682,0.5915413104637416,0.35560303382831304,0.3357774895562401,19,42,0.35560303382831304,0.34569026169227657,0.3357774895562401,0.018776572211250897,0.02868934434728737,0.038602116483323845,286,70,nan,nan,0,,True,True,elhigh-elhigh
p2494,elhigh-radmid-az180,elhigh-radfar-az000,0.3717006578656864,0.5511694671364925,0.5825325415571387,0.35560303382831304,0.33999633482078295,19,33,0.35560303382831304,0.347799684324548,0.33999633482078295,0.01609762403737336,0.023900973541138404,0.03170432304490345,290,61,nan,nan,0,,True,True,elhigh-elhigh
p2495,elhigh-radmid-az180,elhigh-radfar-az045,0.3825375845255093,0.5596795672695218,0.5915901118385759,0.35560303382831304,0.3517406582248309,19,24,0.35560303382831304,0.353671846026572,0.3517406582248309,0.026934550697196247,0.02886573849893731,0.030796926300678373,259,82,nan,nan,0,,True,True,elhigh-elhigh
p2496,elhigh-radmid-az180,elhigh-radfar-az090,0.3868337705763953,0.5653114104112514,0.5980120294021327,0.35560303382831304,0.33715840306367034,19,39,0.35560303382831304,0.3463807184459917,0.33715840306367034,0.031230736748082244,0.040453052130403566,0.049675367512724944,283,68,nan,nan,0,,True,True,elhigh-elhigh
p2497,elhigh-radmid-az180,elhigh-radfar-az135,0.36569960097853355,0.5391934010903309,0.571983310097831,0.35560303382831304,0.35443982782283306,19,22,0.35560303382831304,0.355021430825573,0.35443982782283306,0.010096567150220503,0.01067817015296052,0.011259773155700481,289,66,nan,nan,0,,True,True,elhigh-elhigh
p2498,elhigh-radmid-az180,elhigh-radfar-az180,0.3666935404064593,0.5497846474570112,0.5810702956043148,0.35560303382831304,0.3435612602938729,19,29,0.35560303382831304,0.349582147061093,0.3435612602938729,0.011090506578146253,0.01711139334536632,0.02313228011258639,283,72,nan,nan,0,,True,True,elhigh-elhigh
p2499,elhigh-radmid-az180,elhigh-radfar-az225,0.374663290297773,0.5518111562480287,0.58412689832562,0.35560303382831304,0.3330930922222578,19,45,0.35560303382831304,0.3443480630252854,0.3330930922222578,0.01906025646945997,0.030315227272487588,0.04157019807551521,286,67,nan,nan,0,,True,True,elhigh-elhigh
p2500,elhigh-radmid-az180,elhigh-radfar-az270,0.3646802959709118,0.5480396414395029,0.5860508216960078,0.35560303382831304,0.3342499000230558,19,44,0.35560303382831304,0.3449264669256844,0.3342499000230558,0.009077262142598741,0.019753829045227378,0.03043039594785596,280,70,nan,nan,0,,True,True,elhigh-elhigh
p2501,elhigh-radmid-az180,elhigh-radfar-az315,0.37663790159721333,0.5646138791545968,0.5982262387617674,0.35560303382831304,0.3370014455332844,19,40,0.35560303382831304,0.34630223968079876,0.3370014455332844,0.02103486776890029,0.03033566191641457,0.039636456063928904,280,70,nan,nan,0,,True,True,elhigh-elhigh
p2502,elhigh-radmid-az225,elhigh-radmid-az270,0.35436943049817293,0.5243301426081526,0.5586559950864745,0.33765850732244423,0.33467761382312017,36,43,0.33765850732244423,0.3361680605727822,0.33467761382312017,0.016710923175728698,0.01820136992539073,0.019691816675052765,277,70,nan,nan,0,,True,True,elhigh-elhigh
p2503,elhigh-radmid-az225,elhigh-radmid-az315,0.3651575437024733,0.5439805853191868,0.5789353096184711,0.33765850732244423,0.3357774895562401,36,42,0.33765850732244423,0.33671799843934214,0.3357774895562401,0.02749903638002904,0.02843954526313114,0.02938005414623318,280,70,nan,nan,0,,True,True,elhigh-elhigh
p2504,elhigh-radmid-az225,elhigh-radfar-az000,0.3782329097820035,0.5590878763758587,0.5890370741079807,0.33765850732244423,0.33999633482078295,36,33,0.33999633482078295,0.33882742107161357,0.33765850732244423,0.03823657496122057,0.03940548871038996,0.04057440245955929,284,61,nan,nan,0,,True,True,elhigh-elhigh
p2505,elhigh-radmid-az225,elhigh-radfar-az045,0.3727974740851963,0.5517828510912149,0.5848879772414756,0.33765850732244423,0.3517406582248309,36,24,0.3517406582248309,0.34469958277363755,0.33765850732244423,0.021056815860365397,0.028097891311558765,0.03513896676275208,253,82,nan,nan,0,,True,True,elhigh-elhigh
p2506,elhigh-radmid-az225,elhigh-radfar-az090,0.3750012977151439,0.552430791384396,0.584572547460922,0.33765850732244423,0.33715840306367034,36,39,0.33765850732244423,0.3374084551930573,0.33715840306367034,0.037342790392699665,0.03759284252208661,0.03784289465147356,277,68,nan,nan,0,,True,True,elhigh-elhigh
p2507,elhigh-radmid-az225,elhigh-radfar-az135,0.37291364875231686,0.5537750245087952,0.5841218572164966,0.33765850732244423,0.35443982782283306,36,22,0.35443982782283306,0.34604916757263865,0.33765850732244423,0.018473820929483797,0.026864481179678212,0.03525514142987263,283,66,nan,nan,0,,True,True,elhigh-elhigh
p2508,elhigh-radmid-az225,elhigh-radfar-az180,0.36757834383314114,0.5495595195913278,0.5830724855746487,0.33765850732244423,0.3435612602938729,36,29,0.3435612602938729,0.3406098838081586,0.33765850732244423,0.024017083539268236,0.026968460024982543,0.029919836510696907,277,72,nan,nan,0,,True,True,elhigh-elhigh
p2509,elhigh-radmid-az225,elhigh-radfar-az225,0.35607880618479676,0.5338824122563297,0.5709180639293017,0.33765850732244423,0.3330930922222578,36,45,0.33765850732244423,0.335375799772351,0.3330930922222578,0.018420298862352524,0.020703006412445768,0.022985713962538956,280,67,nan,nan,0,,True,True,elhigh-elhigh
p2510,elhigh-radmid-az225,elhigh-radfar-az270,0.36052108731586047,0.5376528544262015,0.5683956228987879,0.33765850732244423,0.3342499000230558,36,44,0.33765850732244423,0.33595420367275003,0.3342499000230558,0.022862579993416232,0.024566883643110438,0.026271187292804643,274,70,nan,nan,0,,True,True,elhigh-elhigh
p2511,elhigh-radmid-az225,elhigh-radfar-az315,0.3700478690895373,0.5518454680665945,0.584919717542838,0.33765850732244423,0.3370014455332844,36,40,0.33765850732244423,0.33732997642786433,0.3370014455332844,0.03238936176709306,0.032717892661672965,0.03304642355625287,274,70,nan,nan,0,,True,True,elhigh-elhigh
p2512,elhigh-radmid-az270,elhigh-radmid-az315,0.35621623335958763,0.5345004794925434,0.5631727471097817,0.33467761382312017,0.3357774895562401,43,42,0.3357774895562401,0.3352275516896801,0.33467761382312017,0.020438743803347537,0.020988681669907527,0.021538619536467463,297,62,nan,nan,0,,True,True,elhigh-elhigh
p2513,elhigh-radmid-az270,elhigh-radfar-az000,0.3778245909567629,0.5617169047121174,0.5965748817153672,0.33467761382312017,0.33999633482078295,43,33,0.33999633482078295,0.33733697432195153,0.33467761382312017,0.037828256135979954,0.040487616634811374,0.04314697713364274,301,53,nan,nan,0,,True,True,elhigh-elhigh
p2514,elhigh-radmid-az270,elhigh-radfar-az045,0.3790079983344487,0.5615883738279597,0.5954110999201069,0.33467761382312017,0.3517406582248309,43,24,0.3517406582248309,0.3432091360239755,0.33467761382312017,0.027267340109617788,0.03579886231047319,0.044330384511328536,270,74,nan,nan,0,,True,True,elhigh-elhigh
p2515,elhigh-radmid-az270,elhigh-radfar-az090,0.3674745625349382,0.551287113975655,0.5827388235628767,0.33467761382312017,0.33715840306367034,43,39,0.33715840306367034,0.33591800844339526,0.33467761382312017,0.030316159471267867,0.031556554091542954,0.03279694871181804,294,60,nan,nan,0,,True,True,elhigh-elhigh
p2516,elhigh-radmid-az270,elhigh-radfar-az135,0.357190610240761,0.5376452178290848,0.5705471317414862,0.33467761382312017,0.35443982782283306,43,22,0.35443982782283306,0.3445587208229766,0.33467761382312017,0.0027507824179279217,0.01263188941778437,0.022512996417640818,300,58,nan,nan,0,,True,True,elhigh-elhigh
p2517,elhigh-radmid-az270,elhigh-radfar-az180,0.37502575193729665,0.5586685623806045,0.5892390362192622,0.33467761382312017,0.3435612602938729,43,29,0.3435612602938729,0.33911943705849656,0.33467761382312017,0.03146449164342374,0.03590631487880008,0.04034813811417648,294,64,nan,nan,0,,True,True,elhigh-elhigh
p2518,elhigh-radmid-az270,elhigh-radfar-az225,0.359680206807327,0.5377113846794792,0.5737333735585649,0.33467761382312017,0.3330930922222578,43,45,0.33467761382312017,0.33388535302268896,0.3330930922222578,0.025002592984206817,0.025794853784638028,0.026587114585069183,297,59,nan,nan,0,,True,True,elhigh-elhigh
p2519,elhigh-radmid-az270,elhigh-radfar-az270,0.3421251625831209,0.5224514705511345,0.5613709814431298,0.33467761382312017,0.3342499000230558,43,44,0.33467761382312017,0.334463756923088,0.3342499000230558,0.007447548760000755,0.007661405660032927,0.0078752625600651,291,62,nan,nan,0,,True,True,elhigh-elhigh
p2520,elhigh-radmid-az270,elhigh-radfar-az315,0.35692654504288485,0.5375183097768268,0.5729927355532131,0.33467761382312017,0.3370014455332844,43,40,0.3370014455332844,0.3358395296782023,0.33467761382312017,0.01992509950960042,0.02108701536468255,0.022248931219764678,291,62,nan,nan,0,,True,True,elhigh-elhigh
p2521,elhigh-radmid-az315,elhigh-radfar-az000,0.356852590717984,0.536886818265834,0.5716139066470598,0.3357774895562401,0.33999633482078295,42,33,0.33999633482078295,0.3378869121885115,0.3357774895562401,0.016856255897201022,0.01896567852947245,0.02107510116174388,304,53,nan,nan,0,,True,True,elhigh-elhigh
p2522,elhigh-radmid-az315,elhigh-radfar-az045,0.374120193036331,0.5586286689822043,0.593839494331452,0.3357774895562401,0.3517406582248309,42,24,0.3517406582248309,0.3437590738905355,0.3357774895562401,0.022379534811500068,0.03036111914579548,0.03834270348009089,273,74,nan,nan,0,,True,True,elhigh-elhigh
p2523,elhigh-radmid-az315,elhigh-radfar-az090,0.36802851484693466,0.5539631554224475,0.5908154739827922,0.3357774895562401,0.33715840306367034,42,39,0.33715840306367034,0.33646794630995525,0.3357774895562401,0.03087011178326432,0.031560568536979416,0.03225102529069457,297,60,nan,nan,0,,True,True,elhigh-elhigh
p2524,elhigh-radmid-az315,elhigh-radfar-az135,0.35966666015995896,0.5451822634494464,0.5750053572944243,0.3357774895562401,0.35443982782283306,42,22,0.35443982782283306,0.34510865868953655,0.3357774895562401,0.005226832337125897,0.01455800147042241,0.023889170603718868,303,58,nan,nan,0,,True,True,elhigh-elhigh
p2525,elhigh-radmid-az315,elhigh-radfar-az180,0.3649854002749215,0.5494463576431158,0.5831798093683412,0.3357774895562401,0.3435612602938729,42,29,0.3435612602938729,0.3396693749250565,0.3357774895562401,0.021424139981048584,0.02531602534986499,0.029207910718681396,297,64,nan,nan,0,,True,True,elhigh-elhigh
p2526,elhigh-radmid-az315,elhigh-radfar-az225,0.3709850076410453,0.5494003126576751,0.581366505975211,0.3357774895562401,0.3330930922222578,42,45,0.3357774895562401,0.33443529088924895,0.3330930922222578,0.03520751808480521,0.03654971675179636,0.0378919154187875,300,59,nan,nan,0,,True,True,elhigh-elhigh
p2527,elhigh-radmid-az315,elhigh-radfar-az270,0.34540472970182234,0.5312697199972991,0.5650957804597351,0.3357774895562401,0.3342499000230558,42,44,0.3357774895562401,0.33501369478964793,0.3342499000230558,0.00962724014558225,0.010391034912174413,0.01115482967876652,294,62,nan,nan,0,,True,True,elhigh-elhigh
p2528,elhigh-radmid-az315,elhigh-radfar-az315,0.33858161001924386,0.529436163144573,0.5656463718542853,0.3357774895562401,0.3370014455332844,42,40,0.3370014455332844,0.3363894675447623,0.3357774895562401,0.0015801644859594344,0.002192142474481573,0.0028041204630037675,294,62,nan,nan,0,,True,True,elhigh-elhigh
p2529,elhigh-radfar-az000,elhigh-radfar-az045,0.35571687637890503,0.5395235255283485,0.578219714374297,0.33999633482078295,0.3517406582248309,33,24,0.3517406582248309,0.34586849652280693,0.33999633482078295,0.003976218154074118,0.0098483798560981,0.01572054155812208,277,65,nan,nan,0,,True,True,elhigh-elhigh
p2530,elhigh-radfar-az000,elhigh-radfar-az090,0.3710431184573009,0.5532691682827068,0.5864198414236756,0.33999633482078295,0.33715840306367034,33,39,0.33999633482078295,0.3385773689422267,0.33715840306367034,0.03104678363651797,0.03246574951507425,0.03388471539363058,301,51,nan,nan,0,,True,True,elhigh-elhigh
p2531,elhigh-radfar-az000,elhigh-radfar-az135,0.3647442171465419,0.5483674001403936,0.5809597935329457,0.33999633482078295,0.35443982782283306,33,22,0.35443982782283306,0.347218081321808,0.33999633482078295,0.010304389323708862,0.017526135824733946,0.024747882325758974,307,49,nan,nan,0,,True,True,elhigh-elhigh
p2532,elhigh-radfar-az000,elhigh-radfar-az180,0.36671782827804633,0.5493061402473688,0.5806741890480163,0.33999633482078295,0.3435612602938729,33,29,0.3435612602938729,0.34177879755732793,0.33999633482078295,0.023156567984173426,0.024939030720718403,0.02672149345726338,301,55,nan,nan,0,,True,True,elhigh-elhigh
p2533,elhigh-radfar-az000,elhigh-radfar-az225,0.36348064565987165,0.5448862065714415,0.5824811781527254,0.33999633482078295,0.3330930922222578,33,45,0.33999633482078295,0.3365447135215204,0.3330930922222578,0.023484310839088696,0.02693593213835127,0.030387553437613846,304,50,nan,nan,0,,True,True,elhigh-elhigh
p2535,elhigh-radfar-az000,elhigh-radfar-az315,0.3624730489113567,0.5460231029700007,0.5825753074299612,0.33999633482078295,0.3370014455332844,33,40,0.33999633482078295,0.3384988901770337,0.3370014455332844,0.022476714090573724,0.02397415873432296,0.02547160337807225,298,53,nan,nan,0,,True,True,elhigh-elhigh
p2536,elhigh-radfar-az045,elhigh-radfar-az090,0.3654238923069887,0.5485106629626154,0.5824492689657337,0.3517406582248309,0.33715840306367034,24,39,0.3517406582248309,0.34444953064425066,0.33715840306367034,0.01368323408215777,0.020974361662738028,0.028265489243318342,270,72,nan,nan,0,,True,True,elhigh-elhigh
p2537,elhigh-radfar-az045,elhigh-radfar-az135,0.3744051552424522,0.5549991460040329,0.5865381547560602,0.3517406582248309,0.35443982782283306,24,22,0.35443982782283306,0.35309024302383196,0.3517406582248309,0.01996532741961915,0.021314912218620252,0.0226644970176213,276,70,nan,nan,0,,True,True,elhigh-elhigh
p2539,elhigh-radfar-az045,elhigh-radfar-az225,0.370687865909012,0.5520507475594246,0.5853546111271775,0.3517406582248309,0.3330930922222578,24,45,0.3517406582248309,0.34241687522354436,0.3330930922222578,0.018947207684181067,0.028270990685467623,0.03759477368675418,273,71,nan,nan,0,,True,True,elhigh-elhigh
p2540,elhigh-radfar-az045,elhigh-radfar-az270,0.3746329369066502,0.5558224025368946,0.5912355930338176,0.3517406582248309,0.3342499000230558,24,44,0.3517406582248309,0.34299527912394334,0.3342499000230558,0.02289227868181931,0.031637657782706885,0.0403830368835944,267,74,nan,nan,0,,True,True,elhigh-elhigh
p2541,elhigh-radfar-az045,elhigh-radfar-az315,0.3679413186089218,0.552711886820694,0.5865853670146476,0.3517406582248309,0.3370014455332844,24,40,0.3517406582248309,0.3443710518790577,0.3370014455332844,0.016200660384090904,0.02357026672986412,0.030939873075637392,267,74,nan,nan,0,,True,True,elhigh-elhigh
p2543,elhigh-radfar-az090,elhigh-radfar-az180,0.3693517403964371,0.5522373233995361,0.5858047971073149,0.33715840306367034,0.3435612602938729,39,29,0.3435612602938729,0.3403598316787716,0.33715840306367034,0.025790480102564184,0.028991908717665493,0.03219333733276675,294,62,nan,nan,0,,True,True,elhigh-elhigh
p2544,elhigh-radfar-az090,elhigh-radfar-az225,0.37345139304152847,0.5527451898074891,0.5866868950514134,0.33715840306367034,0.3330930922222578,39,45,0.33715840306367034,0.3351257476429641,0.3330930922222578,0.036292989977858126,0.03832564539856437,0.040358300819270665,297,57,nan,nan,0,,True,True,elhigh-elhigh
p2545,elhigh-radfar-az090,elhigh-radfar-az270,0.3515729516166777,0.5307683299736073,0.5705701544991534,0.33715840306367034,0.3342499000230558,39,44,0.33715840306367034,0.3357041515433631,0.3342499000230558,0.014414548553007334,0.015868800073314593,0.017323051593621852,291,60,nan,nan,0,,True,True,elhigh-elhigh
p2546,elhigh-radfar-az090,elhigh-radfar-az315,0.3510755528893681,0.5318030343127009,0.5683169036399881,0.33715840306367034,0.3370014455332844,39,40,0.33715840306367034,0.3370799242984774,0.3370014455332844,0.01391714982569775,0.013995628590890707,0.014074107356083665,291,60,nan,nan,0,,True,True,elhigh-elhigh
p2547,elhigh-radfar-az135,elhigh-radfar-az180,0.37375641749292493,0.5461568964808866,0.5783101056940861,0.35443982782283306,0.3435612602938729,22,29,0.35443982782283306,0.349000544058353,0.3435612602938729,0.019316589670091866,0.024755873434571918,0.030195157199052025,300,60,nan,nan,0,,True,True,elhigh-elhigh
p2548,elhigh-radfar-az135,elhigh-radfar-az225,0.3678391207001951,0.5468690269872349,0.5815002357499991,0.35443982782283306,0.3330930922222578,22,45,0.35443982782283306,0.3437664600225454,0.3330930922222578,0.013399292877362023,0.024072660677649682,0.034746028477937285,303,55,nan,nan,0,,True,True,elhigh-elhigh
p2549,elhigh-radfar-az135,elhigh-radfar-az270,0.3587619921275879,0.539466002116105,0.5750982229600914,0.35443982782283306,0.3342499000230558,22,44,0.35443982782283306,0.34434486392294444,0.3342499000230558,0.00432216430475485,0.01441712820464347,0.02451209210453209,297,58,nan,nan,0,,True,True,elhigh-elhigh
p2550,elhigh-radfar-az135,elhigh-radfar-az315,0.3605606698121866,0.5504447005364609,0.5854916850535086,0.35443982782283306,0.3370014455332844,22,40,0.35443982782283306,0.34572063667805875,0.3370014455332844,0.0061208419893535315,0.01484003313412785,0.02355922427890217,297,58,nan,nan,0,,True,True,elhigh-elhigh
p2551,elhigh-radfar-az180,elhigh-radfar-az225,0.37490625327195926,0.5577311621913992,0.5930103799753911,0.3435612602938729,0.3330930922222578,29,45,0.3435612602938729,0.33832717625806535,0.3330930922222578,0.03134499297808635,0.0365790770138939,0.04181316104970145,297,61,nan,nan,0,,True,True,elhigh-elhigh
p2552,elhigh-radfar-az180,elhigh-radfar-az270,0.36507727202431295,0.5501376083138364,0.5818038937530301,0.3435612602938729,0.3342499000230558,29,44,0.3435612602938729,0.3389055801584644,0.3342499000230558,0.021516011730440043,0.026171691865848556,0.030827372001257125,291,64,nan,nan,0,,True,True,elhigh-elhigh
p2553,elhigh-radfar-az180,elhigh-radfar-az315,0.36623443551133233,0.5486697128661938,0.5842350006246679,0.3435612602938729,0.3370014455332844,29,40,0.3435612602938729,0.34028135291357864,0.3370014455332844,0.02267317521745943,0.025953082597753696,0.029232989978047907,291,64,nan,nan,0,,True,True,elhigh-elhigh
p2554,elhigh-radfar-az225,elhigh-radfar-az270,0.35792971632679704,0.5419188046959731,0.5747237442313525,0.3330930922222578,0.3342499000230558,45,44,0.3342499000230558,0.3336714961226568,0.3330930922222578,0.02367981630374122,0.024258220204140257,0.02483662410453924,294,59,nan,nan,0,,True,True,elhigh-elhigh
p2555,elhigh-radfar-az225,elhigh-radfar-az315,0.3803655988646855,0.5628027183897768,0.5934613345109163,0.3330930922222578,0.3370014455332844,45,40,0.3370014455332844,0.33504726887777114,0.3330930922222578,0.04336415333140109,0.045318329986914374,0.047272506642427714,294,59,nan,nan,0,,True,True,elhigh-elhigh
p2556,elhigh-radfar-az270,elhigh-radfar-az315,0.3469080448521302,0.5333714646395814,0.5715372277367199,0.3342499000230558,0.3370014455332844,44,40,0.3370014455332844,0.3356256727781701,0.3342499000230558,0.009906599318845799,0.0112823720739601,0.012658144829074403,288,62,nan,nan,0,,True,True,elhigh-elhigh
