ring_id,viewpoint,azimuth,base_coalition_size,added_drone_number,num_contexts_of_this_size,mean_marginal_gain,min_marginal_gain,max_marginal_gain,shapley_component_from_this_size,cumulative_shapley_through_this_size,total_shapley_value,share_of_total_shapley_from_this_size,cumulative_share_of_total_shapley,grand_value_all_8_players,ring_scene_count
ellow-radnear,ellow-radnear-az315,315,0,1,1,0.1618817568275991,0.1618817568275991,0.1618817568275991,0.020235219603449886,0.020235219603449886,0.08524743496578524,0.2373704218968167,0.2373704218968167,0.9201977394836536,154
ellow-radnear,ellow-radnear-az270,270,0,1,1,0.17350523392113928,0.17350523392113928,0.17350523392113928,0.02168815424014241,0.02168815424014241,0.09855394849782435,0.2200637779684818,0.2200637779684818,0.9201977394836536,154
ellow-radnear,ellow-radnear-az045,45,0,1,1,0.18641505718747925,0.18641505718747925,0.18641505718747925,0.023301882148434906,0.023301882148434906,0.11951638610212917,0.19496809524112432,0.19496809524112432,0.9201977394836536,154
ellow-radnear,ellow-radnear-az000,0,0,1,1,0.18856108429399743,0.18856108429399743,0.18856108429399743,0.02357013553674968,0.02357013553674968,0.11151232918889227,0.2113679779464018,0.2113679779464018,0.9201977394836536,154
ellow-radnear,ellow-radnear-az090,90,0,1,1,0.18897565772141234,0.18897565772141234,0.18897565772141234,0.023621957215176542,0.023621957215176542,0.10072868155001359,0.2345107356880058,0.2345107356880058,0.9201977394836536,154
ellow-radnear,ellow-radnear-az135,135,0,1,1,0.192237558592395,0.192237558592395,0.192237558592395,0.024029694824049375,0.024029694824049375,0.11333962046770192,0.21201495756637945,0.21201495756637945,0.9201977394836536,154
ellow-radnear,ellow-radnear-az225,225,0,1,1,0.22027086627992865,0.22027086627992865,0.22027086627992865,0.02753385828499108,0.02753385828499108,0.14663901987458028,0.18776624604106512,0.18776624604106512,0.9201977394836536,154
ellow-radnear,ellow-radnear-az180,180,0,1,1,0.22119663516296234,0.22119663516296234,0.22119663516296234,0.027649579395370293,0.027649579395370293,0.1446603188367268,0.1911345116457087,0.1911345116457087,0.9201977394836536,154
ellow-radnear,ellow-radnear-az315,315,1,2,7,0.13360017067292776,0.1214200155887043,0.14143619991244455,0.01670002133411597,0.03693524093756585,0.08524743496578524,0.19590057273651296,0.43327099463332963,0.9201977394836536,154
ellow-radnear,ellow-radnear-az270,270,1,2,7,0.14713935115210777,0.13897082277115258,0.1557554908936774,0.01839241889401347,0.04008057313415588,0.09855394849782435,0.18662285148747235,0.40668662945595413,0.9201977394836536,154
ellow-radnear,ellow-radnear-az090,90,1,2,7,0.1558805218490725,0.14564092212107355,0.16688388577399377,0.019485065231134063,0.04310702244631061,0.10072868155001359,0.19344108283060749,0.4279518185186133,0.9201977394836536,154
ellow-radnear,ellow-radnear-az000,0,1,2,7,0.15782542743036557,0.1455614047999037,0.17051495465854716,0.019728178428795696,0.04329831396554537,0.11151232918889227,0.17691477321200835,0.3882827511584101,0.9201977394836536,154
ellow-radnear,ellow-radnear-az135,135,1,2,7,0.16107445421343844,0.1489028229920562,0.17430319516816395,0.020134306776679805,0.04416400160072918,0.11333962046770192,0.17764579317977708,0.3896607507461566,0.9201977394836536,154
ellow-radnear,ellow-radnear-az045,45,1,2,7,0.16352738420296717,0.14399486826046848,0.18641505718747925,0.020440923025370896,0.0437428051738058,0.11951638610212917,0.17103029711677956,0.3659983923579039,0.9201977394836536,154
ellow-radnear,ellow-radnear-az180,180,1,2,7,0.19267557629798984,0.1793891636529844,0.20344689213550046,0.02408444703724873,0.051734026432619026,0.1446603188367268,0.16648965819321904,0.35762416983892775,0.9201977394836536,154
ellow-radnear,ellow-radnear-az225,225,1,2,7,0.19379244718410543,0.1784633947699507,0.22027086627992865,0.02422405589801318,0.05175791418300426,0.14663901987458028,0.165195156914796,0.35296140295586115,0.9201977394836536,154
ellow-radnear,ellow-radnear-az315,315,2,3,21,0.10918825562800315,0.0886583698730336,0.12616938409837913,0.013648531953500393,0.05058377289106625,0.08524743496578524,0.16010489886268536,0.593375893496015,0.9201977394836536,154
ellow-radnear,ellow-radnear-az270,270,2,3,21,0.12345036851487269,0.10893220365311651,0.13947106068213244,0.015431296064359086,0.05551186919851497,0.09855394849782435,0.15657714682735155,0.5632637762833057,0.9201977394836536,154
ellow-radnear,ellow-radnear-az090,90,2,3,21,0.1270015070108086,0.1068149869355548,0.14378744463604803,0.015875188376351074,0.05898221082266168,0.10072868155001359,0.15760345645414567,0.5855552749727589,0.9201977394836536,154
ellow-radnear,ellow-radnear-az000,0,2,3,21,0.13178343506372805,0.10869873863376761,0.15032671830358607,0.016472929382966007,0.059771243348511374,0.11151232918889227,0.14772294241170664,0.5360056935701167,0.9201977394836536,154
ellow-radnear,ellow-radnear-az135,135,2,3,21,0.13462314232499697,0.10648263406504532,0.1591082385825402,0.016827892790624622,0.0609918943913538,0.11333962046770192,0.14847317046928016,0.5381339212154367,0.9201977394836536,154
ellow-radnear,ellow-radnear-az045,45,2,3,21,0.14266914668038352,0.12089842712252263,0.1659695002723246,0.01783364333504794,0.06157644850885374,0.11951638610212917,0.14921504838515393,0.5152134407430577,0.9201977394836536,154
ellow-radnear,ellow-radnear-az180,180,2,3,21,0.16782512460851814,0.14891070831143094,0.19130522733141286,0.020978140576064768,0.0727121670086838,0.1446603188367268,0.14501655149635115,0.5026407213352789,0.9201977394836536,154
ellow-radnear,ellow-radnear-az225,225,2,3,21,0.17036720351562312,0.1380016535310558,0.2023365028556976,0.02129590043945289,0.07305381462245715,0.14663901987458028,0.145226696534573,0.49818809949043413,0.9201977394836536,154
ellow-radnear,ellow-radnear-az315,315,3,4,35,0.08810470105411777,0.0641361429718158,0.1057238271832246,0.011013087631764722,0.06159686052283097,0.08524743496578524,0.12918966577920984,0.7225655592752248,0.9201977394836536,154
ellow-radnear,ellow-radnear-az090,90,3,4,35,0.10211840202299309,0.07753287215830901,0.12145339174823067,0.012764800252874136,0.07174701107553581,0.10072868155001359,0.12672458386677268,0.7122798588395316,0.9201977394836536,154
ellow-radnear,ellow-radnear-az270,270,3,4,35,0.10227725782037353,0.08552543050010769,0.11714635350921876,0.012784657227546691,0.06829652642606165,0.09855394849782435,0.12972242535598583,0.6929862016392915,0.9201977394836536,154
ellow-radnear,ellow-radnear-az000,0,3,4,35,0.11016886632993016,0.09054447781378716,0.1322805886681359,0.01377110829124127,0.07354235163975265,0.11151232918889227,0.12349404224096333,0.6594997358110801,0.9201977394836536,154
ellow-radnear,ellow-radnear-az135,135,3,4,35,0.11256252347199054,0.08138466062545302,0.14282932832093787,0.014070315433998818,0.07506220982535262,0.11333962046770192,0.12414295526963051,0.6622768764850673,0.9201977394836536,154
ellow-radnear,ellow-radnear-az045,45,3,4,35,0.12372630303423625,0.09857371994960917,0.1533006519622322,0.015465787879279531,0.07704223638813328,0.11951638610212917,0.12940307503996734,0.6446165157830251,0.9201977394836536,154
ellow-radnear,ellow-radnear-az180,180,3,4,35,0.1463702103199944,0.12560630320761945,0.17260081046902942,0.0182962762899993,0.0910084432986831,0.1446603188367268,0.12647750562923676,0.6291182269645157,0.9201977394836536,154
ellow-radnear,ellow-radnear-az225,225,3,4,35,0.14972889441032722,0.12026653849351682,0.18584955740280257,0.018716111801290902,0.09176992642374805,0.14663901987458028,0.12763391229223103,0.6258220117826652,0.9201977394836536,154
ellow-radnear,ellow-radnear-az315,315,4,5,35,0.06980819631256392,0.045747126567033614,0.08705078852825865,0.00872602453907049,0.07032288506190146,0.08524743496578524,0.102361138989962,0.8249266982651868,0.9201977394836536,154
ellow-radnear,ellow-radnear-az090,90,4,5,35,0.08101099570199842,0.06434510620655043,0.09704493631439559,0.010126374462749803,0.08187338553828562,0.10072868155001359,0.10053119237664078,0.8128110512161724,0.9201977394836536,154
ellow-radnear,ellow-radnear-az270,270,4,5,35,0.08345899087954975,0.06320072332719417,0.10373836082140797,0.010432373859943719,0.07872890028600538,0.09855394849782435,0.1058544484412415,0.7988406500805331,0.9201977394836536,154
ellow-radnear,ellow-radnear-az000,0,4,5,35,0.0927154803648171,0.07397757293486262,0.10917570509734509,0.011589435045602137,0.08513178668535479,0.11151232918889227,0.10392962939524501,0.7634293652063251,0.9201977394836536,154
ellow-radnear,ellow-radnear-az135,135,4,5,35,0.09457149819933904,0.06881536130407595,0.1196568970733255,0.01182143727491738,0.08688364710027001,0.11333962046770192,0.10430101341556991,0.7665778899006372,0.9201977394836536,154
ellow-radnear,ellow-radnear-az045,45,4,5,35,0.10658481167903289,0.08117566263899834,0.13496658139591744,0.013323101459879111,0.09036533784801239,0.11951638610212917,0.11147510307493946,0.7560916188579646,0.9201977394836536,154
ellow-radnear,ellow-radnear-az180,180,4,5,35,0.12803576365786581,0.1025710979808081,0.15502565336603413,0.016004470457233227,0.10701291375591633,0.1446603188367268,0.11063483466600768,0.7397530616305233,0.9201977394836536,154
ellow-radnear,ellow-radnear-az225,225,4,5,35,0.13161127900406272,0.10261063567902518,0.1676952965828219,0.01645140987550784,0.1082213362992559,0.14663901987458028,0.11218985157960452,0.7380118633622698,0.9201977394836536,154
ellow-radnear,ellow-radnear-az315,315,5,6,21,0.05375743076463405,0.03596887727197007,0.06859220223787232,0.0067196788455792566,0.07704256390748071,0.08524743496578524,0.07882558399881774,0.9037522822640045,0.9201977394836536,154
ellow-radnear,ellow-radnear-az090,90,5,6,21,0.06345907686419716,0.05128773956180521,0.07468185981844555,0.007932384608024645,0.08980577014631026,0.10072868155001359,0.07875000929190237,0.8915610605080748,0.9201977394836536,154
ellow-radnear,ellow-radnear-az270,270,5,6,21,0.06683453950334076,0.04663096119522214,0.0814136536484944,0.008354317437917595,0.08708321772392297,0.09855394849782435,0.08476897745098484,0.8836096275315178,0.9201977394836536,154
ellow-radnear,ellow-radnear-az000,0,5,6,21,0.0791570363042341,0.06740819509509144,0.0967447435556833,0.009894629538029262,0.09502641622338405,0.11151232918889227,0.08873126057001834,0.8521606257763434,0.9201977394836536,154
ellow-radnear,ellow-radnear-az135,135,5,6,21,0.08032896705196231,0.06294124008094992,0.10132190270684327,0.010041120881495289,0.0969247679817653,0.11333962046770192,0.0885932107418401,0.8551711006424774,0.9201977394836536,154
ellow-radnear,ellow-radnear-az045,45,5,6,21,0.09113063102928123,0.07117051315329004,0.11264187422300409,0.011391328878660154,0.10175666672667254,0.11951638610212917,0.0953118584837901,0.8514034773417547,0.9201977394836536,154
ellow-radnear,ellow-radnear-az180,180,5,6,21,0.11254671484757943,0.09007154453253297,0.13762759605542318,0.014068339355947429,0.12108125311186375,0.1446603188367268,0.09725085268079553,0.8370039143113189,0.9201977394836536,154
ellow-radnear,ellow-radnear-az225,225,5,6,21,0.11574811643267499,0.09020140417548772,0.14359857441202029,0.014468514554084374,0.12268985085334028,0.14663901987458028,0.09866756178852827,0.8366794251507981,0.9201977394836536,154
ellow-radnear,ellow-radnear-az315,315,6,7,7,0.03941109377162049,0.03040313151242169,0.044528207026967026,0.004926386721452561,0.08196895062893327,0.08524743496578524,0.057789266309652684,0.9615415485736571,0.9201977394836536,154
ellow-radnear,ellow-radnear-az090,90,6,7,7,0.0492424343259617,0.044483334552790965,0.05644118923581598,0.006155304290745212,0.09596107443705547,0.10072868155001359,0.06110776192070968,0.9526688224287844,0.9201977394836536,154
ellow-radnear,ellow-radnear-az270,270,6,7,7,0.05224287550268596,0.039819059523491296,0.06184767786143852,0.006530359437835745,0.09361357716175871,0.09855394849782435,0.06626177375308212,0.9498714012845999,0.9201977394836536,154
ellow-radnear,ellow-radnear-az000,0,6,7,7,0.06922729328402634,0.06323293827748555,0.07406941033970404,0.008653411660503292,0.10367982788388734,0.11151232918889227,0.07760049246074988,0.9297611182370933,0.9201977394836536,154
ellow-radnear,ellow-radnear-az135,135,6,7,7,0.06951383057478014,0.062286207150289874,0.08658362280474163,0.008689228821847517,0.10561399680361282,0.11333962046770192,0.07666541308318271,0.93183651372566,0.9201977394836536,154
ellow-radnear,ellow-radnear-az045,45,6,7,7,0.07724971949948892,0.0648280355041636,0.08960666899619263,0.009656214937436115,0.11141288166410865,0.11951638610212917,0.08079406726023898,0.9321975446019937,0.9201977394836536,154
ellow-radnear,ellow-radnear-az180,180,6,7,7,0.09962799411458245,0.08930062051928844,0.11947614660542294,0.012453499264322807,0.13353475237618656,0.1446603188367268,0.08608787374773208,0.923091788059051,0.9201977394836536,154
ellow-radnear,ellow-radnear-az225,225,6,7,7,0.10187316583200913,0.08972018633791046,0.12019180125901141,0.012734145729001141,0.13542399658234142,0.14663901987458028,0.08684009031083678,0.9235195154616348,0.9201977394836536,154
ellow-radnear,ellow-radnear-az315,315,7,8,1,0.02622787469481591,0.02622787469481591,0.02622787469481591,0.003278484336851989,0.08524743496578525,0.08524743496578524,0.03845845142634304,1.0000000000000002,0.9201977394836536,154
ellow-radnear,ellow-radnear-az090,90,7,8,1,0.038140856903664866,0.038140856903664866,0.038140856903664866,0.004767607112958108,0.10072868155001358,0.10072868155001359,0.047331177571215466,0.9999999999999999,0.9201977394836536,154
ellow-radnear,ellow-radnear-az270,270,7,8,1,0.03952297068852506,0.03952297068852506,0.03952297068852506,0.004940371336065633,0.09855394849782434,0.09855394849782435,0.05012859871539997,0.9999999999999999,0.9201977394836536,154
ellow-radnear,ellow-radnear-az135,135,7,8,1,0.06180498931271283,0.06180498931271283,0.06180498931271283,0.007725623664089104,0.11333962046770192,0.11333962046770192,0.06816348627433999,1.0,0.9201977394836536,154
ellow-radnear,ellow-radnear-az000,0,7,8,1,0.06266001044003933,0.06266001044003933,0.06266001044003933,0.007832501305004916,0.11151232918889226,0.11151232918889227,0.07023888176290653,0.9999999999999999,0.9201977394836536,154
ellow-radnear,ellow-radnear-az045,45,7,8,1,0.06482803550416383,0.06482803550416383,0.06482803550416383,0.008103504438020478,0.11951638610212913,0.11951638610212917,0.06780245539800601,0.9999999999999997,0.9201977394836536,154
ellow-radnear,ellow-radnear-az180,180,7,8,1,0.08900453168432221,0.08900453168432221,0.08900453168432221,0.011125566460540276,0.14466031883672684,0.1446603188367268,0.07690821194094924,1.0000000000000002,0.9201977394836536,154
ellow-radnear,ellow-radnear-az225,225,7,8,1,0.08972018633791068,0.08972018633791068,0.08972018633791068,0.011215023292238835,0.14663901987458025,0.14663901987458028,0.07648048453836499,0.9999999999999998,0.9201977394836536,154
ellow-radmid,ellow-radmid-az180,180,0,1,1,0.12143485817572401,0.12143485817572401,0.12143485817572401,0.015179357271965501,0.015179357271965501,0.08143669905541115,0.18639455488780513,0.18639455488780513,0.8974515696586898,149
ellow-radmid,ellow-radmid-az270,270,0,1,1,0.1536367233302321,0.1536367233302321,0.1536367233302321,0.019204590416279012,0.019204590416279012,0.09476537746867944,0.20265408031141174,0.20265408031141174,0.8974515696586898,149
ellow-radmid,ellow-radmid-az225,225,0,1,1,0.1606736184081063,0.1606736184081063,0.1606736184081063,0.020084202301013286,0.020084202301013286,0.10323734334270045,0.1945439668506674,0.1945439668506674,0.8974515696586898,149
ellow-radmid,ellow-radmid-az135,135,0,1,1,0.165632077826711,0.165632077826711,0.165632077826711,0.020704009728338874,0.020704009728338874,0.09748421758757335,0.21238319638499192,0.21238319638499192,0.8974515696586898,149
ellow-radmid,ellow-radmid-az000,0,0,1,1,0.17412009478747184,0.17412009478747184,0.17412009478747184,0.02176501184843398,0.02176501184843398,0.11788186371536272,0.1846341002971223,0.1846341002971223,0.8974515696586898,149
ellow-radmid,ellow-radmid-az090,90,0,1,1,0.1806793109508162,0.1806793109508162,0.1806793109508162,0.022584913868852027,0.022584913868852027,0.11511326451380055,0.19619731891231698,0.19619731891231698,0.8974515696586898,149
ellow-radmid,ellow-radmid-az315,315,0,1,1,0.2051882214551369,0.2051882214551369,0.2051882214551369,0.025648527681892113,0.025648527681892113,0.15426358160303535,0.16626430824025054,0.16626430824025054,0.8974515696586898,149
ellow-radmid,ellow-radmid-az045,45,0,1,1,0.20769707830795944,0.20769707830795944,0.20769707830795944,0.02596213478849493,0.02596213478849493,0.1332692223721269,0.19480968168329973,0.19480968168329973,0.8974515696586898,149
ellow-radmid,ellow-radmid-az180,180,1,2,7,0.10669455103145034,0.09116602443175523,0.121434858175724,0.013336818878931293,0.028516176150896792,0.08143669905541115,0.1637691487207341,0.35016370360853916,0.8974515696586898,149
ellow-radmid,ellow-radmid-az270,270,1,2,7,0.13186183840789847,0.12318408998859356,0.14137251008695562,0.01648272980098731,0.035687320217266325,0.09476537746867944,0.1739319806586003,0.37658606097001207,0.8974515696586898,149
ellow-radmid,ellow-radmid-az225,225,1,2,7,0.14020054826490605,0.1278990519291114,0.15473307111273069,0.017525068533113256,0.037609270834126546,0.10323734334270045,0.16975512896470124,0.3642990958153687,0.8974515696586898,149
ellow-radmid,ellow-radmid-az135,135,1,2,7,0.14093650100232719,0.13024304301349646,0.15039741296931358,0.017617062625290898,0.038321072353629776,0.09748421758757335,0.1807170746327722,0.3931002710177642,0.8974515696586898,149
ellow-radmid,ellow-radmid-az000,0,1,2,7,0.1553556138294914,0.1436674614458333,0.1741200947874718,0.019419451728686424,0.041184463577120405,0.11788186371536272,0.1647365516342411,0.3493706519313634,0.8974515696586898,149
ellow-radmid,ellow-radmid-az090,90,1,2,7,0.1574052020315107,0.14529027613760168,0.1746093251302473,0.019675650253938838,0.04226056412279086,0.11511326451380055,0.17092426608733688,0.3671215849996538,0.8974515696586898,149
ellow-radmid,ellow-radmid-az045,45,1,2,7,0.18059087698080073,0.17384225043544463,0.19732193359187875,0.02257385962260009,0.04853599441109502,0.1332692223721269,0.16938539312225614,0.36419507480555585,0.8974515696586898,149
ellow-radmid,ellow-radmid-az315,315,1,2,7,0.18847225828556916,0.1772913606698849,0.1992476741597613,0.023559032285696144,0.04920755996758826,0.15426358160303535,0.15271933946354443,0.318983647703795,0.8974515696586898,149
ellow-radmid,ellow-radmid-az180,180,2,3,21,0.09361037472784024,0.0722523574212447,0.1154177463858625,0.01170129684098003,0.04021747299187682,0.08143669905541115,0.14368579493894068,0.49384949854747984,0.8974515696586898,149
ellow-radmid,ellow-radmid-az270,270,2,3,21,0.11289559197889847,0.09960322646021319,0.12369251767781048,0.014111948997362308,0.049799269214628634,0.09476537746867944,0.14891460757412586,0.525500668544138,0.8974515696586898,149
ellow-radmid,ellow-radmid-az135,135,2,3,21,0.11903960721085409,0.10191033947179151,0.13340651344239712,0.014879950901356761,0.05320102325498654,0.09748421758757335,0.15263958894668875,0.545739859964453,0.8974515696586898,149
ellow-radmid,ellow-radmid-az225,225,2,3,21,0.12190391611289812,0.10434328994953895,0.13949840625533327,0.015237989514112265,0.05284726034823881,0.10323734334270045,0.14760152693516296,0.5119006227505316,0.8974515696586898,149
ellow-radmid,ellow-radmid-az090,90,2,3,21,0.13658787273573705,0.11875192939624873,0.15681955760849003,0.01707348409196713,0.05933404821475799,0.11511326451380055,0.1483189983715582,0.515440583371212,0.8974515696586898,149
ellow-radmid,ellow-radmid-az000,0,2,3,21,0.1380844254119929,0.12475653195381858,0.15713864744154687,0.017260553176499112,0.058445016753619516,0.11788186371536272,0.14642246595435923,0.4957931178857226,0.8974515696586898,149
ellow-radmid,ellow-radmid-az045,45,2,3,21,0.15673661376734824,0.1439154037831626,0.1740053725048738,0.01959207672091853,0.06812807113201355,0.1332692223721269,0.14701126315730786,0.5112063379628637,0.8974515696586898,149
ellow-radmid,ellow-radmid-az315,315,2,3,21,0.1728393281504851,0.15248680428512773,0.19323056236989977,0.02160491601881064,0.07081247598639889,0.15426358160303535,0.14005195389801278,0.45903560160180773,0.8974515696586898,149
ellow-radmid,ellow-radmid-az180,180,3,4,35,0.08218232926489366,0.05998814417796816,0.1093477605652936,0.010272791158111708,0.05049026414998853,0.08143669905541115,0.12614449354242485,0.6199939920899047,0.8974515696586898,149
ellow-radmid,ellow-radmid-az270,270,3,4,35,0.09647287340474978,0.0812112830487301,0.11680838231627261,0.012059109175593722,0.06185837839022236,0.09476537746867944,0.12725226762885353,0.6527529361729916,0.8974515696586898,149
ellow-radmid,ellow-radmid-az135,135,3,4,35,0.09979235387124373,0.08361714516545438,0.11290649614579013,0.012474044233905466,0.065675067488892,0.09748421758757335,0.12795962815929268,0.6736994881237456,0.8974515696586898,149
ellow-radmid,ellow-radmid-az225,225,3,4,35,0.10566765389464806,0.08560953343476435,0.12513348641385436,0.013208456736831008,0.06605571708506983,0.10323734334270045,0.1279426253055061,0.6398432480560378,0.8974515696586898,149
ellow-radmid,ellow-radmid-az090,90,3,4,35,0.11807828048244726,0.0999466603766278,0.14413539816741577,0.014759785060305907,0.0740938332750639,0.11511326451380055,0.12821967236048984,0.6436602557317018,0.8974515696586898,149
ellow-radmid,ellow-radmid-az000,0,3,4,35,0.12219046147754187,0.10602207916637385,0.14397841601108535,0.015273807684692733,0.07371882443831225,0.11788186371536272,0.12956876658798708,0.6253618844737097,0.8974515696586898,149
ellow-radmid,ellow-radmid-az045,45,3,4,35,0.13586917802911955,0.11872866846479929,0.1514944764850502,0.016983647253639943,0.0851117183856535,0.1332692223721269,0.12743863100076175,0.6386449689636255,0.8974515696586898,149
ellow-radmid,ellow-radmid-az315,315,3,4,35,0.15828943104988466,0.1341936099787906,0.18285541765381913,0.019786178881235583,0.09059865486763448,0.15426358160303535,0.12826215154365547,0.5872977531454632,0.8974515696586898,149
ellow-radmid,ellow-radmid-az180,180,4,5,35,0.0724104146426107,0.05397103238810663,0.09708354732201696,0.009051301830326337,0.05954156598031486,0.08143669905541115,0.11114524453118674,0.7311392366210914,0.8974515696586898,149
ellow-radmid,ellow-radmid-az270,270,4,5,35,0.08232857204697008,0.06436495034909606,0.09856258214858471,0.01029107150587126,0.07214944989609362,0.09476537746867944,0.10859526739364833,0.7613482035666399,0.8974515696586898,149
ellow-radmid,ellow-radmid-az135,135,4,5,35,0.08304569840244828,0.06662624563853758,0.10051955111510558,0.010380712300306036,0.07605577978919803,0.09748421758757335,0.10648608110313541,0.780185569226881,0.8974515696586898,149
ellow-radmid,ellow-radmid-az225,225,4,5,35,0.09137569355272152,0.07257895546744297,0.10989882155645692,0.01142196169409019,0.07747767877916001,0.10323734334270045,0.11063788861918439,0.7504811366752221,0.8974515696586898,149
ellow-radmid,ellow-radmid-az090,90,4,5,35,0.10172738269059352,0.08165210318453775,0.1251111138080433,0.01271592283632419,0.0868097561113881,0.11511326451380055,0.11046444464964088,0.7541247003813427,0.8974515696586898,149
ellow-radmid,ellow-radmid-az000,0,4,5,35,0.10755765396870398,0.08903117963945728,0.12698751648416895,0.013444706746087998,0.08716353118440025,0.11788186371536272,0.11405237686563521,0.739414261339345,0.8974515696586898,149
ellow-radmid,ellow-radmid-az045,45,4,5,35,0.11772345912763242,0.10161745913718145,0.13054307944219645,0.014715432390954053,0.09982715077660755,0.1332692223721269,0.11041883586492486,0.7490638048285504,0.8974515696586898,149
ellow-radmid,ellow-radmid-az315,315,4,5,35,0.14482256698376783,0.12184143670384484,0.17038342354466263,0.01810282087297098,0.10870147574060546,0.15426358160303535,0.11734993240047255,0.7046476855459357,0.8974515696586898,149
ellow-radmid,ellow-radmid-az180,180,5,6,21,0.06429463086099127,0.05321835259712271,0.07889739231694848,0.008036828857623909,0.06757839483793877,0.08143669905541115,0.09868804790522626,0.8298272845263177,0.8974515696586898,149
ellow-radmid,ellow-radmid-az135,135,5,6,21,0.06865059822341982,0.05419731344465839,0.08352865158818912,0.008581324777927477,0.0846371045671255,0.09748421758757335,0.08802783661076814,0.868213405837649,0.8974515696586898,149
ellow-radmid,ellow-radmid-az270,270,5,6,21,0.07019757726707702,0.057786583132681923,0.08133847587290555,0.008774697158384628,0.08092414705447824,0.09476537746867944,0.09259391343937527,0.8539421170060151,0.8974515696586898,149
ellow-radmid,ellow-radmid-az225,225,5,6,21,0.07891196702968398,0.06545321522424086,0.09033007836994977,0.009863995878710497,0.0873416746578705,0.10323734334270045,0.09554678141965134,0.8460279180948734,0.8974515696586898,149
ellow-radmid,ellow-radmid-az090,90,5,6,21,0.08738613677912786,0.06483150317216813,0.10588891594253058,0.010923267097390983,0.09773302320877908,0.11511326451380055,0.09489147183452024,0.849016172215863,0.8974515696586898,149
ellow-radmid,ellow-radmid-az000,0,5,6,21,0.09406993482804477,0.07634702019838324,0.10818224746454796,0.011758741853505596,0.09892227303790585,0.11788186371536272,0.09975022011781412,0.839164481457159,0.8974515696586898,149
ellow-radmid,ellow-radmid-az045,45,5,6,21,0.10203434642440445,0.08897695399607553,0.11310598138416206,0.012754293303050557,0.1125814440796581,0.1332692223721269,0.09570321696210408,0.8447670217906544,0.8974515696586898,149
ellow-radmid,ellow-radmid-az315,315,5,6,21,0.13243873595213465,0.11582432491398331,0.15147249405264807,0.01655484199401683,0.12525631773462229,0.15426358160303535,0.10731529646846402,0.8119629820143998,0.8974515696586898,149
ellow-radmid,ellow-radmid-az135,135,6,7,7,0.056458010753110376,0.04707157320145594,0.06461208771680937,0.007057251344138797,0.0916943559112643,0.09748421758757335,0.07239378351474207,0.9406071893523912,0.8974515696586898,149
ellow-radmid,ellow-radmid-az180,180,6,7,7,0.05783497792003535,0.053031455819743334,0.06606203378706421,0.007229372240004419,0.07480776707794319,0.08143669905541115,0.08877290366454331,0.918600188190861,0.8974515696586898,149
ellow-radmid,ellow-radmid-az270,270,6,7,7,0.05981477842658827,0.05142324100864071,0.06750654792528377,0.007476847303323534,0.08840099435780177,0.09476537746867944,0.0788985123368994,0.9328406293429145,0.8974515696586898,149
ellow-radmid,ellow-radmid-az225,225,6,7,7,0.06816040626810103,0.0591716844473823,0.0720355211778595,0.00852005078351263,0.09586172544138313,0.10323734334270045,0.08252876825036057,0.928556686345234,0.8974515696586898,149
ellow-radmid,ellow-radmid-az090,90,6,7,7,0.07490550016700234,0.06432332705054877,0.0834305818989004,0.009363187520875293,0.10709621072965438,0.11511326451380055,0.08133891051063687,0.9303550827264999,0.8974515696586898,149
ellow-radmid,ellow-radmid-az000,0,6,7,7,0.08161123599812976,0.07006548942152468,0.08897641891353947,0.01020140449976622,0.10912367753767208,0.11788186371536272,0.08653921967503422,0.9257037011321934,0.8974515696586898,149
ellow-radmid,ellow-radmid-az045,45,6,7,7,0.08853672928095334,0.08170290774361688,0.09625964868452797,0.011067091160119167,0.12364853523977727,0.1332692223721269,0.08304311350460641,0.9278101352952609,0.8974515696586898,149
ellow-radmid,ellow-radmid-az315,315,6,7,7,0.12113793795498506,0.11108691422916306,0.12983110248433416,0.015142242244373133,0.14039855997899542,0.15426358160303535,0.09815824374762985,0.9101212257620296,0.8974515696586898,149
ellow-radmid,ellow-radmid-az135,135,7,8,1,0.04631889341047235,0.04631889341047235,0.04631889341047235,0.005789861676309044,0.09748421758757335,0.09748421758757335,0.059392810647608846,1.0,0.8974515696586898,149
ellow-radmid,ellow-radmid-az270,270,7,8,1,0.05091506488702169,0.05091506488702169,0.05091506488702169,0.006364383110877711,0.09476537746867948,0.09476537746867944,0.06715937065708602,1.0000000000000004,0.8974515696586898,149
ellow-radmid,ellow-radmid-az180,180,7,8,1,0.05303145581974322,0.05303145581974322,0.05303145581974322,0.006628931977467903,0.0814366990554111,0.08143669905541115,0.08139981180913836,0.9999999999999993,0.8974515696586898,149
ellow-radmid,ellow-radmid-az225,225,7,8,1,0.05900494321053851,0.05900494321053851,0.05900494321053851,0.007375617901317313,0.10323734334270045,0.10323734334270045,0.07144331365476597,1.0,0.8974515696586898,149
ellow-radmid,ellow-radmid-az090,90,7,8,1,0.06413643027316929,0.06413643027316929,0.06413643027316929,0.008017053784146161,0.11511326451380054,0.11511326451380055,0.06964491727349999,0.9999999999999999,0.8974515696586898,149
ellow-radmid,ellow-radmid-az000,0,7,8,1,0.07006548942152457,0.07006548942152457,0.07006548942152457,0.008758186177690572,0.11788186371536265,0.11788186371536272,0.07429629886780606,0.9999999999999994,0.8974515696586898,149
ellow-radmid,ellow-radmid-az045,45,7,8,1,0.07696549705879685,0.07696549705879685,0.07696549705879685,0.009620687132349606,0.13326922237212688,0.1332692223721269,0.07218986470473891,0.9999999999999998,0.8974515696586898,149
ellow-radmid,ellow-radmid-az315,315,7,8,1,0.11092017299231927,0.11092017299231927,0.11092017299231927,0.013865021624039908,0.15426358160303533,0.15426358160303535,0.08987877423797021,0.9999999999999998,0.8974515696586898,149
ellow-radfar,ellow-radfar-az045,45,0,1,1,0.11556153099212246,0.11556153099212246,0.11556153099212246,0.014445191374015308,0.014445191374015308,0.07927803095098257,0.18220926025454312,0.18220926025454312,0.860633360746207,154
ellow-radfar,ellow-radfar-az315,315,0,1,1,0.13554932447249454,0.13554932447249454,0.13554932447249454,0.016943665559061818,0.016943665559061818,0.09283872348259202,0.18250644691639784,0.18250644691639784,0.860633360746207,154
ellow-radfar,ellow-radfar-az180,180,0,1,1,0.13979702597640403,0.13979702597640403,0.13979702597640403,0.017474628247050504,0.017474628247050504,0.10110724541108687,0.17283260142239354,0.17283260142239354,0.860633360746207,154
ellow-radfar,ellow-radfar-az090,90,0,1,1,0.1484635330258593,0.1484635330258593,0.1484635330258593,0.018557941628232412,0.018557941628232412,0.09502851666493575,0.1952881332838908,0.1952881332838908,0.860633360746207,154
ellow-radfar,ellow-radfar-az270,270,0,1,1,0.15154007510931836,0.15154007510931836,0.15154007510931836,0.018942509388664795,0.018942509388664795,0.1155809253752781,0.16388958063071934,0.16388958063071934,0.860633360746207,154
ellow-radfar,ellow-radfar-az225,225,0,1,1,0.15166031702766308,0.15166031702766308,0.15166031702766308,0.018957539628457885,0.018957539628457885,0.11674542133043934,0.16238358140658862,0.16238358140658862,0.860633360746207,154
ellow-radfar,ellow-radfar-az135,135,0,1,1,0.1815464032994458,0.1815464032994458,0.1815464032994458,0.022693300412430725,0.022693300412430725,0.12394982719720254,0.1830845667604359,0.1830845667604359,0.860633360746207,154
ellow-radfar,ellow-radfar-az000,0,0,1,1,0.2034608568169912,0.2034608568169912,0.2034608568169912,0.0254326071021239,0.0254326071021239,0.13610467033368984,0.18686064952635645,0.18686064952635645,0.860633360746207,154
ellow-radfar,ellow-radfar-az045,45,1,2,7,0.10259577365735321,0.08446947983886963,0.10965131943436696,0.012824471707169152,0.02726966308118446,0.07927803095098257,0.1617657698271857,0.34397503008172886,0.860633360746207,154
ellow-radfar,ellow-radfar-az315,315,1,2,7,0.1214147381799893,0.10705749388045202,0.1296451430325486,0.015176842272498662,0.03212050783156048,0.09283872348259202,0.1634753441579196,0.3459817910743174,0.860633360746207,154
ellow-radfar,ellow-radfar-az180,180,1,2,7,0.12589041420362507,0.11050265972648415,0.1397970259764041,0.015736301775453133,0.03321093002250364,0.10110724541108687,0.15563970427115975,0.3284723056935533,0.860633360746207,154
ellow-radfar,ellow-radfar-az090,90,1,2,7,0.12826475484869115,0.11589302307767621,0.1425533214681038,0.016033094356086394,0.034591035984318806,0.09502851666493575,0.1687187690471695,0.3640069023310603,0.860633360746207,154
ellow-radfar,ellow-radfar-az270,270,1,2,7,0.1392739544859839,0.12510952383014165,0.14561003276866197,0.017409244310747987,0.03635175369941278,0.1155809253752781,0.1506238529776618,0.3145134336083811,0.860633360746207,154
ellow-radfar,ellow-radfar-az225,225,1,2,7,0.13957707090651472,0.13291788661479262,0.15166031702766314,0.01744713386331434,0.036404673491772226,0.11674542133043934,0.14944597967513867,0.3118295610817273,0.860633360746207,154
ellow-radfar,ellow-radfar-az135,135,1,2,7,0.16013892320895654,0.1489758933512627,0.16988729858247406,0.020017365401119567,0.04271066581355029,0.12394982719720254,0.16149571043186856,0.34458027719230444,0.860633360746207,154
ellow-radfar,ellow-radfar-az000,0,1,2,7,0.18063129985593787,0.17471036138255697,0.19567021568641918,0.022578912481992234,0.04801151958411613,0.13610467033368984,0.1658937377140342,0.35275438724039065,0.860633360746207,154
ellow-radfar,ellow-radfar-az045,45,2,3,21,0.09118846988206362,0.0739644264152779,0.10349692436322566,0.011398558735257953,0.038668221816442416,0.07927803095098257,0.1437795389028476,0.4877545689845765,0.860633360746207,154
ellow-radfar,ellow-radfar-az315,315,2,3,21,0.1083084079955338,0.09043305154431286,0.12123231880575219,0.013538550999441725,0.04565905883100221,0.09283872348259202,0.14582870694016284,0.4918104980144803,0.860633360746207,154
ellow-radfar,ellow-radfar-az090,90,2,3,21,0.11092496445404064,0.09287695015388786,0.13363297650522094,0.01386562055675508,0.04845665654107389,0.09502851666493575,0.14591010197122553,0.5099170043022858,0.860633360746207,154
ellow-radfar,ellow-radfar-az180,180,2,3,21,0.1136064514598077,0.08958583281601618,0.133892844536458,0.014200806432475963,0.0474117364549796,0.10110724541108687,0.14045290596868323,0.4689252116622365,0.860633360746207,154
ellow-radfar,ellow-radfar-az270,270,2,3,21,0.12820059059161615,0.11339490426401028,0.13673014734001554,0.01602507382395202,0.0523768275233648,0.1155809253752781,0.13864808377265045,0.45316151738103155,0.860633360746207,154
ellow-radfar,ellow-radfar-az225,225,2,3,21,0.12861008299240603,0.11665253673863463,0.14182150907303936,0.016076260374050754,0.052480933865822976,0.11674542133043934,0.1377035620827311,0.44953312316445837,0.860633360746207,154
ellow-radfar,ellow-radfar-az135,135,2,3,21,0.14166275071209736,0.12357850556569827,0.1574060176908254,0.01770784383901217,0.06041850965256246,0.12394982719720254,0.14286299738715427,0.4874432745794587,0.860633360746207,154
ellow-radfar,ellow-radfar-az000,0,2,3,21,0.15979092682853052,0.14853847494577188,0.17940486581026122,0.019973865853566315,0.06798538543768246,0.13610467033368984,0.14675371392176398,0.49950810116215466,0.860633360746207,154
ellow-radfar,ellow-radfar-az045,45,3,4,35,0.08113247403359027,0.06687153834406984,0.09570628323265362,0.010141559254198783,0.0488097810706412,0.07927803095098257,0.1279239548781085,0.615678523862685,0.860633360746207,154
ellow-radfar,ellow-radfar-az090,90,3,4,35,0.09612962387408405,0.07934880161712343,0.1197860167945678,0.012016202984260507,0.06047285952533439,0.09502851666493575,0.12644839050396672,0.6363653948062525,0.860633360746207,154
ellow-radfar,ellow-radfar-az315,315,3,4,35,0.09618035200798726,0.07871843197818157,0.11381591453751927,0.012022544000998408,0.05768160283200061,0.09283872348259202,0.1294992385720677,0.621309736586548,0.860633360746207,154
ellow-radfar,ellow-radfar-az180,180,3,4,35,0.10278797402342955,0.08307111590008087,0.12796280219580175,0.012848496752928694,0.06026023320790829,0.10110724541108687,0.12707790327674973,0.5960031149389862,0.860633360746207,154
ellow-radfar,ellow-radfar-az270,270,3,4,35,0.11816260917991375,0.10558439676029402,0.13080010499935923,0.014770326147489219,0.06714715367085401,0.1155809253752781,0.1277920738178177,0.5809535911988493,0.860633360746207,154
ellow-radfar,ellow-radfar-az225,225,3,4,35,0.11870937137419629,0.10636196062104891,0.131118380999109,0.014838671421774537,0.0673196052875975,0.11674542133043934,0.12710281270710194,0.5766359358715603,0.860633360746207,154
ellow-radfar,ellow-radfar-az135,135,3,4,35,0.12575336592990358,0.10379753078725912,0.14083851613587134,0.015719170741237947,0.07613768039380041,0.12394982719720254,0.12681881932944492,0.6142620939089036,0.860633360746207,154
ellow-radfar,ellow-radfar-az000,0,3,4,35,0.14078236348846782,0.12761598926239237,0.16093381727979894,0.017597795436058477,0.08558318087374094,0.13610467033368984,0.12929604394113517,0.6288041451032899,0.860633360746207,154
ellow-radfar,ellow-radfar-az045,45,4,5,35,0.07222064047926958,0.06081179399674086,0.08789577572893736,0.009027580059908698,0.057837361130549894,0.07927803095098257,0.11387240514954806,0.729550929012233,0.860633360746207,154
ellow-radfar,ellow-radfar-az090,90,4,5,35,0.08356419514099737,0.06559307551014959,0.10416566635071844,0.010445524392624672,0.07091838391795906,0.09502851666493575,0.1099198930933006,0.7462852878995531,0.860633360746207,154
ellow-radfar,ellow-radfar-az315,315,4,5,35,0.08498058830620876,0.06887962402355785,0.10407014199562303,0.010622573538276095,0.0683041763702767,0.09283872348259202,0.11441964236257417,0.7357293789491222,0.860633360746207,154
ellow-radfar,ellow-radfar-az180,180,4,5,35,0.09327781817296789,0.07714107355942457,0.11609932916418852,0.011659727271620986,0.07191996047952928,0.10110724541108687,0.11532039295714452,0.7113235078961307,0.860633360746207,154
ellow-radfar,ellow-radfar-az270,270,4,5,35,0.10900263600457544,0.09956770265629744,0.12029505157576753,0.01362532950057193,0.08077248317142594,0.1155809253752781,0.11788562391529603,0.6988392151141452,0.860633360746207,154
ellow-radfar,ellow-radfar-az225,225,4,5,35,0.1098249541407445,0.0989455563528161,0.12011798795179007,0.013728119267593063,0.08104772455519058,0.11674542133043934,0.11759021562598698,0.6942261514975473,0.860633360746207,154
ellow-radfar,ellow-radfar-az135,135,4,5,35,0.1120462489834104,0.09719803113761494,0.12766214759749678,0.0140057811229263,0.09014346151672671,0.12394982719720254,0.11299556796189224,0.7272576618707959,0.860633360746207,154
ellow-radfar,ellow-radfar-az000,0,4,5,35,0.12344823558944848,0.10774300258628211,0.141060830603689,0.01543102944868106,0.101014210322422,0.13610467033368984,0.11337619356373721,0.7421803386670272,0.860633360746207,154
ellow-radfar,ellow-radfar-az045,45,5,6,21,0.06424582358643824,0.0553819529481715,0.07948295150214091,0.00803072794830478,0.06586808907885468,0.07927803095098257,0.10129827711374619,0.8308492061259792,0.860633360746207,154
ellow-radfar,ellow-radfar-az090,90,5,6,21,0.07291414028695674,0.05909166646442121,0.08635651711345838,0.009114267535869592,0.08003265145382865,0.09502851666493575,0.09591086818713476,0.8421961560866879,0.860633360746207,154
ellow-radfar,ellow-radfar-az315,315,5,6,21,0.0746591349790574,0.06214510685006325,0.09235552242949185,0.009332391872382176,0.07763656824265888,0.09283872348259202,0.10052262162062225,0.8362520005697444,0.860633360746207,154
ellow-radfar,ellow-radfar-az180,180,5,6,21,0.08491882018690015,0.07128967691927757,0.10411147162705969,0.01061485252336252,0.0825348130028918,0.10110724541108687,0.1049860717716532,0.816309579667784,0.860633360746207,154
ellow-radfar,ellow-radfar-az135,135,5,6,21,0.10017687999365305,0.09098631265267387,0.1165806202686358,0.01252210999920663,0.10266557151593333,0.12394982719720254,0.10102563498764801,0.8282832968584438,0.860633360746207,154
ellow-radfar,ellow-radfar-az270,270,5,6,21,0.10056329681929982,0.09363766031564102,0.10959192350183711,0.012570412102412477,0.0933428952738384,0.1155809253752781,0.10875853486721776,0.8075977499813629,0.860633360746207,154
ellow-radfar,ellow-radfar-az225,225,5,6,21,0.10190684938090985,0.0935073851077246,0.11047317075877783,0.012738356172613732,0.09378608072780431,0.11674542133043934,0.10911225491712219,0.8033384064146695,0.860633360746207,154
ellow-radfar,ellow-radfar-az000,0,5,6,21,0.10763116888517113,0.09601521033365268,0.11821311509541377,0.013453896110646391,0.11446810643306839,0.13610467033368984,0.09884962858115945,0.8410299672481866,0.860633360746207,154
ellow-radfar,ellow-radfar-az045,45,6,7,7,0.05700087772243285,0.05028585773747485,0.06671930836872886,0.007125109715304106,0.07299319879415879,0.07927803095098257,0.08987495816728276,0.9207241642932621,0.860633360746207,154
ellow-radfar,ellow-radfar-az090,90,6,7,7,0.06386492134413838,0.05610920082760318,0.06915460782061977,0.007983115168017297,0.08801576662184595,0.09502851666493575,0.08400757423337704,0.9262037303200649,0.860633360746207,154
ellow-radfar,ellow-radfar-az315,315,6,7,7,0.06516601011539239,0.056715265801493886,0.07382879791338115,0.008145751264424048,0.08578231950708293,0.09283872348259202,0.08774087965515208,0.9239928802248965,0.860633360746207,154
ellow-radfar,ellow-radfar-az180,180,6,7,7,0.07755381634370394,0.07102564292185654,0.08630232238979962,0.009694227042962992,0.09222904004585479,0.10110724541108687,0.09588063648206141,0.9121902161498453,0.860633360746207,154
ellow-radfar,ellow-radfar-az135,135,6,7,7,0.08978073908166688,0.08523104183868324,0.10013996915449686,0.01122259238520836,0.11388816390114169,0.12394982719720254,0.09054141210986412,0.9188247089683079,0.860633360746207,154
ellow-radfar,ellow-radfar-az270,270,6,7,7,0.09268721737778575,0.08819948907054975,0.09787730393570582,0.011585902172223219,0.10492879744606162,0.1155809253752781,0.10024060747571552,0.9078383574570784,0.860633360746207,154
ellow-radfar,ellow-radfar-az000,0,6,7,7,0.09317378912933451,0.08501481728633387,0.09956538486164723,0.011646723641166814,0.1261148300742352,0.13610467033368984,0.08557181478499135,0.926601782033178,0.860633360746207,154
ellow-radfar,ellow-radfar-az225,225,6,7,7,0.09490507518355153,0.08876964963752865,0.09977004268484735,0.01186313439794394,0.10564921512574825,0.11674542133043934,0.10161541465824352,0.904953821072913,0.860633360746207,154
ellow-radfar,ellow-radfar-az045,45,7,8,1,0.05027865725458991,0.05027865725458991,0.05027865725458991,0.006284832156823739,0.07927803095098253,0.07927803095098257,0.07927583570673742,0.9999999999999994,0.860633360746207,154
ellow-radfar,ellow-radfar-az090,90,7,8,1,0.05610200034471824,0.05610200034471824,0.05610200034471824,0.00701275004308978,0.09502851666493572,0.09502851666493575,0.07379626967993483,0.9999999999999997,0.860633360746207,154
ellow-radfar,ellow-radfar-az315,315,7,8,1,0.05645123180407274,0.05645123180407274,0.05645123180407274,0.007056403975509093,0.09283872348259202,0.09283872348259202,0.07600711977510358,1.0,0.860633360746207,154
ellow-radfar,ellow-radfar-az180,180,7,8,1,0.07102564292185642,0.07102564292185642,0.07102564292185642,0.008878205365232053,0.10110724541108684,0.10110724541108687,0.0878097838501544,0.9999999999999998,0.860633360746207,154
ellow-radfar,ellow-radfar-az000,0,7,8,1,0.07991872207563733,0.07991872207563733,0.07991872207563733,0.009989840259454666,0.1361046703336899,0.13610467033368984,0.07339821796682235,1.0000000000000004,0.860633360746207,154
ellow-radfar,ellow-radfar-az135,135,7,8,1,0.08049330636848695,0.08049330636848695,0.08049330636848695,0.010061663296060869,0.12394982719720256,0.12394982719720254,0.08117529103169216,1.0000000000000002,0.860633360746207,154
ellow-radfar,ellow-radfar-az270,270,7,8,1,0.08521702343373183,0.08521702343373183,0.08521702343373183,0.010652127929216479,0.1155809253752781,0.1155809253752781,0.09216164254292161,1.0,0.860633360746207,154
ellow-radfar,ellow-radfar-az225,225,7,8,1,0.08876964963752854,0.08876964963752854,0.08876964963752854,0.011096206204691067,0.11674542133043932,0.11674542133043934,0.09504617892708674,0.9999999999999998,0.860633360746207,154
elmid-radnear,elmid-radnear-az000,0,0,1,1,0.12948474099487683,0.12948474099487683,0.12948474099487683,0.016185592624359604,0.016185592624359604,0.0715045877128996,0.2263574008614231,0.2263574008614231,0.9434439730057872,151
elmid-radnear,elmid-radnear-az225,225,0,1,1,0.145213904569886,0.145213904569886,0.145213904569886,0.01815173807123575,0.01815173807123575,0.07935805569585955,0.2287321420877856,0.2287321420877856,0.9434439730057872,151
elmid-radnear,elmid-radnear-az090,90,0,1,1,0.18193630958748558,0.18193630958748558,0.18193630958748558,0.022742038698435697,0.022742038698435697,0.11202051897144114,0.2030167232507968,0.2030167232507968,0.9434439730057872,151
elmid-radnear,elmid-radnear-az180,180,0,1,1,0.19097696959349028,0.19097696959349028,0.19097696959349028,0.023872121199186285,0.023872121199186285,0.11870761940103938,0.20110015953177532,0.20110015953177532,0.9434439730057872,151
elmid-radnear,elmid-radnear-az045,45,0,1,1,0.19710768743664897,0.19710768743664897,0.19710768743664897,0.02463846092958112,0.02463846092958112,0.10409147290288452,0.23670008928174513,0.23670008928174513,0.9434439730057872,151
elmid-radnear,elmid-radnear-az315,315,0,1,1,0.2050563717331663,0.2050563717331663,0.2050563717331663,0.025632046466645787,0.025632046466645787,0.11242490632751628,0.22799259793888108,0.22799259793888108,0.9434439730057872,151
elmid-radnear,elmid-radnear-az270,270,0,1,1,0.2603478563729449,0.2603478563729449,0.2603478563729449,0.03254348204661811,0.03254348204661811,0.19184559984855604,0.16963371624008117,0.16963371624008117,0.9434439730057872,151
elmid-radnear,elmid-radnear-az135,135,0,1,1,0.26294263328350614,0.26294263328350614,0.26294263328350614,0.03286782916043827,0.03286782916043827,0.15349121214559056,0.21413492473603143,0.21413492473603143,0.9434439730057872,151
elmid-radnear,elmid-radnear-az000,0,1,2,7,0.1086950498529916,0.09882354460127132,0.12325144276625338,0.01358688123162395,0.029772473855983556,0.0715045877128996,0.1900141189006932,0.41637151976211634,0.9434439730057872,151
elmid-radnear,elmid-radnear-az225,225,1,2,7,0.1204156174768366,0.1067022470429182,0.1328116820423384,0.015051952184604575,0.03320369025584033,0.07935805569585955,0.1896713831081159,0.41840352519590157,0.9434439730057872,151
elmid-radnear,elmid-radnear-az090,90,1,2,7,0.156294631613666,0.13667501120747327,0.16615467017236463,0.01953682895170825,0.04227886765014395,0.11202051897144114,0.17440402107661213,0.37742074432740896,0.9434439730057872,151
elmid-radnear,elmid-radnear-az045,45,1,2,7,0.1625552797910013,0.1338291282098638,0.19087438920802552,0.02031940997387516,0.04495787090345628,0.10409147290288452,0.19520724807912754,0.43190733736087267,0.9434439730057872,151
elmid-radnear,elmid-radnear-az180,180,1,2,7,0.16283057482412386,0.1539444306964925,0.17259388465866798,0.020353821853015482,0.04422594305220177,0.11870761940103938,0.1714617979512549,0.3725619574830302,0.9434439730057872,151
elmid-radnear,elmid-radnear-az315,315,1,2,7,0.1724322920416211,0.1558773438180468,0.1891057770125868,0.02155403650520264,0.047186082971848425,0.11242490632751628,0.19171940817465669,0.41971200611353776,0.9434439730057872,151
elmid-radnear,elmid-radnear-az135,135,1,2,7,0.22343097034711484,0.19966407405672099,0.24272775479026884,0.027928871293389355,0.06079670045382762,0.15349121214559056,0.18195746129685958,0.396092386032891,0.9434439730057872,151
elmid-radnear,elmid-radnear-az270,270,1,2,7,0.23669203463523467,0.21600548696556376,0.2481410703054827,0.029586504329404333,0.06212998637602245,0.19184559984855604,0.15422039573886542,0.3238541119789466,0.9434439730057872,151
elmid-radnear,elmid-radnear-az000,0,2,3,21,0.09029493175651718,0.07034832621061132,0.11104465669879143,0.011286866469564647,0.0410593403255482,0.0715045877128996,0.15784814416220275,0.5742196639243191,0.9434439730057872,151
elmid-radnear,elmid-radnear-az225,225,2,3,21,0.09885429311703846,0.08144616174373448,0.11305545643803261,0.012356786639629807,0.04556047689547014,0.07935805569585955,0.15570929165637956,0.5741128168522811,0.9434439730057872,151
elmid-radnear,elmid-radnear-az045,45,2,3,21,0.1321571890872833,0.09345496849764223,0.17249130427320336,0.016519648635910412,0.06147751953936669,0.10409147290288452,0.1587031884093229,0.5906105257701956,0.9434439730057872,151
elmid-radnear,elmid-radnear-az090,90,2,3,21,0.13373162013605164,0.10750310165070559,0.1502040754517851,0.016716452517006455,0.05899532016715041,0.11202051897144114,0.14922670123737064,0.5266474455647796,0.9434439730057872,151
elmid-radnear,elmid-radnear-az180,180,2,3,21,0.1386311372390401,0.12328323430288696,0.15394847591429667,0.017328892154880014,0.061554835207081784,0.11870761940103938,0.14597961143788454,0.5185415689209147,0.9434439730057872,151
elmid-radnear,elmid-radnear-az315,315,2,3,21,0.14308513839356246,0.11849124937958039,0.16403629694817,0.017885642299195308,0.06507172527104374,0.11242490632751628,0.15908967935530982,0.5788016854688477,0.9434439730057872,151
elmid-radnear,elmid-radnear-az135,135,2,3,21,0.1882850191708044,0.16255264775469497,0.2227498091943766,0.02353562739635055,0.08433232785017818,0.15349121214559056,0.15333534127039386,0.5494277273032849,0.9434439730057872,151
elmid-radnear,elmid-radnear-az270,270,2,3,21,0.21527603980427368,0.19093600690114698,0.23573884777793508,0.02690950497553421,0.08903949135155666,0.19184559984855604,0.14026646947741683,0.4641205814563634,0.9434439730057872,151
elmid-radnear,elmid-radnear-az000,0,3,4,35,0.0740623014936531,0.051454901635006434,0.09526301728367037,0.009257787686706638,0.05031712801225484,0.0715045877128996,0.12947124069686106,0.7036909046211801,0.9434439730057872,151
elmid-radnear,elmid-radnear-az225,225,3,4,35,0.0803332934126502,0.059888385396898,0.10034117078958804,0.010041661676581276,0.055602138572051416,0.07935805569585955,0.12653613534920807,0.7006489522014893,0.9434439730057872,151
elmid-radnear,elmid-radnear-az045,45,3,4,35,0.10578050031206582,0.07023208974326367,0.13959353263457064,0.013222562539008227,0.07470008207837492,0.10409147290288452,0.12702829703778562,0.7176388228079812,0.9434439730057872,151
elmid-radnear,elmid-radnear-az090,90,3,4,35,0.11405063707680108,0.08744878054541816,0.13368581172568894,0.014256329634600134,0.07325164980175054,0.11202051897144114,0.1272653417918434,0.6539127873566231,0.9434439730057872,151
elmid-radnear,elmid-radnear-az315,315,3,4,35,0.11685654864160211,0.08787932622869205,0.14022565430833056,0.014607068580200264,0.079678793851244,0.11242490632751628,0.12992733600904185,0.7087290214778895,0.9434439730057872,151
elmid-radnear,elmid-radnear-az180,180,3,4,35,0.11822029469085087,0.10320327131430435,0.1317946171818617,0.014777536836356358,0.07633237204343814,0.11870761940103938,0.12448684348080667,0.6430284124017214,0.9434439730057872,151
elmid-radnear,elmid-radnear-az135,135,3,4,35,0.15730814167673363,0.1330229890648601,0.19780416160908426,0.019663517709591703,0.10399584555976987,0.15349121214559056,0.12810842676087753,0.6775361540641623,0.9434439730057872,151
elmid-radnear,elmid-radnear-az270,270,3,4,35,0.19594150973267363,0.17285094598006057,0.2192908706373612,0.024492688716584204,0.11353218006814086,0.19184559984855604,0.1276687541226844,0.5917893355790479,0.9434439730057872,151
elmid-radnear,elmid-radnear-az000,0,4,5,35,0.05977507385259873,0.04432030728245695,0.07642149352809502,0.007471884231574842,0.05778901224382968,0.0715045877128996,0.10449517255557711,0.8081860771767573,0.9434439730057872,151
elmid-radnear,elmid-radnear-az225,225,4,5,35,0.06465598028583039,0.04748616286935037,0.08776661257435192,0.008081997535728799,0.06368413610778022,0.07935805569585955,0.10184218180323275,0.802491134004722,0.9434439730057872,151
elmid-radnear,elmid-radnear-az045,45,4,5,35,0.0832922984519196,0.052147028822177366,0.11392221827144156,0.01041153730648995,0.08511161938486486,0.10409147290288452,0.10002296072996995,0.817661783537951,0.9434439730057872,151
elmid-radnear,elmid-radnear-az315,315,4,5,35,0.09358816063835158,0.06857342437407643,0.12120962178977346,0.011698520079793948,0.09137731393103796,0.11242490632751628,0.10405630266405394,0.8127853241419435,0.9434439730057872,151
elmid-radnear,elmid-radnear-az090,90,4,5,35,0.09705504435807288,0.07990680053514321,0.11664583871264456,0.01213188054475911,0.08538353034650965,0.11202051897144114,0.1083005207988016,0.7622133081554247,0.9434439730057872,151
elmid-radnear,elmid-radnear-az180,180,4,5,35,0.10143968503216774,0.08537002579983899,0.11421306394426745,0.012679960629020968,0.0890123326724591,0.11870761940103938,0.10681673756916352,0.7498451499708849,0.9434439730057872,151
elmid-radnear,elmid-radnear-az135,135,4,5,35,0.13030369978706083,0.10454777067420007,0.16684580952733596,0.016287962473382604,0.12028380803315247,0.15349121214559056,0.10611657987255343,0.7836527339367158,0.9434439730057872,151
elmid-radnear,elmid-radnear-az270,270,4,5,35,0.17853008227304618,0.16044872345251293,0.2063299784975663,0.022316260284130772,0.13584844035227164,0.19184559984855604,0.11632406634161717,0.7081134019206651,0.9434439730057872,151
elmid-radnear,elmid-radnear-az000,0,5,6,21,0.047211163621553594,0.03804030585806617,0.0634026138681022,0.005901395452694199,0.06369040769652388,0.0715045877128996,0.08253170378926014,0.8907177809660175,0.9434439730057872,151
elmid-radnear,elmid-radnear-az225,225,5,6,21,0.051625715658737574,0.039811868075565804,0.06993336705988651,0.006453214457342197,0.07013735056512241,0.07935805569585955,0.08131769863508499,0.8838088326398069,0.9434439730057872,151
elmid-radnear,elmid-radnear-az045,45,5,6,21,0.06455966849341552,0.04527474700891365,0.09029405695426618,0.00806995856167694,0.0931815779465418,0.10409147290288452,0.07752756625133037,0.8951893497892814,0.9434439730057872,151
elmid-radnear,elmid-radnear-az315,315,5,6,21,0.07312161223642273,0.05262282965349685,0.09013972922413349,0.009140201529552841,0.1005175154605908,0.11242490632751628,0.0813005038485476,0.8940858279904912,0.9434439730057872,151
elmid-radnear,elmid-radnear-az090,90,5,6,21,0.08254820390202568,0.07249202841728741,0.09724631114929105,0.01031852548775321,0.09570205583426286,0.11202051897144114,0.09211281631701641,0.854326124472441,0.9434439730057872,151
elmid-radnear,elmid-radnear-az180,180,5,6,21,0.08813094611560247,0.07829757866520226,0.09805495613975213,0.01101636826445031,0.10002870093690941,0.11870761940103938,0.09280253719209748,0.8426476871629823,0.9434439730057872,151
elmid-radnear,elmid-radnear-az135,135,5,6,21,0.10707505542394483,0.08476509618827377,0.13386771856152968,0.013384381927993103,0.13366818996114557,0.15349121214559056,0.08719966270966481,0.8708523966463806,0.9434439730057872,151
elmid-radnear,elmid-radnear-az270,270,5,6,21,0.16288339527800305,0.1494765797483557,0.18731394597900908,0.02036042440975038,0.15620886476202203,0.19184559984855604,0.10612922280116412,0.8142426247218292,0.9434439730057872,151
elmid-radnear,elmid-radnear-az000,0,6,7,7,0.03614848558871705,0.031807007629442885,0.04503747606668318,0.004518560698589631,0.06820896839511352,0.0715045877128996,0.06319259844881914,0.9539103794148367,0.9434439730057872,151
elmid-radnear,elmid-radnear-az225,225,6,7,7,0.04104586145353022,0.03324399914714338,0.051824234275121284,0.005130732681691278,0.07526808324681368,0.07935805569585955,0.06465295346139599,0.9484617861012028,0.9434439730057872,151
elmid-radnear,elmid-radnear-az045,45,6,7,7,0.04944969542312432,0.039041448780290366,0.06122251234702325,0.00618121192789054,0.09936278987443234,0.10409147290288452,0.05938250036732116,0.9545718501566025,0.9434439730057872,151
elmid-radnear,elmid-radnear-az315,315,6,7,7,0.05529854128842704,0.04575054784023325,0.07103527454137915,0.00691231766105338,0.10742983312164418,0.11242490632751628,0.06148386409072393,0.9555696920812151,0.9434439730057872,151
elmid-radnear,elmid-radnear-az090,90,6,7,7,0.07033347763081788,0.06565628055376227,0.08360727558601433,0.008791684703852234,0.1044937405381151,0.11202051897144114,0.07848280640525879,0.9328089308776998,0.9434439730057872,151
elmid-radnear,elmid-radnear-az180,180,6,7,7,0.07813571579376669,0.07250761647194548,0.08437790158675285,0.009766964474220836,0.10979566541113024,0.11870761940103938,0.08227748583875079,0.9249251730017332,0.9434439730057872,151
elmid-radnear,elmid-radnear-az135,135,6,7,7,0.08742557050954392,0.07168282652079305,0.10223329586041952,0.01092819631369299,0.14459638627483856,0.15349121214559056,0.0711975373764545,0.9420499340228351,0.9434439730057872,151
elmid-radnear,elmid-radnear-az270,270,6,7,7,0.14884308660015586,0.14253079551650705,0.1552668266106737,0.018605385825019482,0.1748142505870415,0.19184559984855604,0.09698104016827425,0.9112236648901034,0.9434439730057872,151
elmid-radnear,elmid-radnear-az000,0,7,8,1,0.026364954542288932,0.026364954542288932,0.026364954542288932,0.0032956193177861165,0.07150458771289964,0.0715045877128996,0.04608962058516392,1.0000000000000007,0.9434439730057872,151
elmid-radnear,elmid-radnear-az225,225,7,8,1,0.03271977959236738,0.03271977959236738,0.03271977959236738,0.004089972449045923,0.0793580556958596,0.07935805569585955,0.051538213898797855,1.0000000000000007,0.9434439730057872,151
elmid-radnear,elmid-radnear-az045,45,7,8,1,0.03782946422761724,0.03782946422761724,0.03782946422761724,0.004728683028452155,0.1040914729028845,0.10409147290288452,0.04542814984339717,0.9999999999999998,0.9434439730057872,151
elmid-radnear,elmid-radnear-az315,315,7,8,1,0.03996058564697669,0.03996058564697669,0.03996058564697669,0.004995073205872086,0.11242490632751627,0.11242490632751628,0.0444303079187848,0.9999999999999999,0.9434439730057872,151
elmid-radnear,elmid-radnear-az090,90,7,8,1,0.06021422746660832,0.06021422746660832,0.06021422746660832,0.00752677843332604,0.11202051897144114,0.11202051897144114,0.06719106912230018,1.0,0.9434439730057872,151
elmid-radnear,elmid-radnear-az135,135,7,8,1,0.07115860696601706,0.07115860696601706,0.07115860696601706,0.008894825870752132,0.1534912121455907,0.15349121214559056,0.05795006597716584,1.0000000000000009,0.9434439730057872,151
elmid-radnear,elmid-radnear-az180,180,7,8,1,0.07129563191927235,0.07129563191927235,0.07129563191927235,0.008911953989909044,0.11870761940103929,0.11870761940103938,0.07507482699826606,0.9999999999999992,0.9434439730057872,151
elmid-radnear,elmid-radnear-az270,270,7,8,1,0.1362507940921166,0.1362507940921166,0.1362507940921166,0.017031349261514575,0.1918455998485561,0.19184559984855604,0.08877633510989678,1.0000000000000002,0.9434439730057872,151
elmid-radmid,elmid-radmid-az135,135,0,1,1,0.12086599732557961,0.12086599732557961,0.12086599732557961,0.015108249665697451,0.015108249665697451,0.0730565387178108,0.20680215530131787,0.20680215530131787,0.9192475708197799,148
elmid-radmid,elmid-radmid-az225,225,0,1,1,0.12540081390236602,0.12540081390236602,0.12540081390236602,0.015675101737795752,0.015675101737795752,0.07066440502768352,0.22182457676753758,0.22182457676753758,0.9192475708197799,148
elmid-radmid,elmid-radmid-az315,315,0,1,1,0.1759380552465402,0.1759380552465402,0.1759380552465402,0.021992256905817523,0.021992256905817523,0.09321373945456989,0.2359336406253288,0.2359336406253288,0.9192475708197799,148
elmid-radmid,elmid-radmid-az090,90,0,1,1,0.17722089700868604,0.17722089700868604,0.17722089700868604,0.022152612126085755,0.022152612126085755,0.11527758601109864,0.1921675573944874,0.1921675573944874,0.9192475708197799,148
elmid-radmid,elmid-radmid-az180,180,0,1,1,0.18388085836674486,0.18388085836674486,0.18388085836674486,0.022985107295843108,0.022985107295843108,0.11266137740310544,0.2040194059904112,0.2040194059904112,0.9192475708197799,148
elmid-radmid,elmid-radmid-az045,45,0,1,1,0.21259480484264195,0.21259480484264195,0.21259480484264195,0.026574350605330244,0.026574350605330244,0.13134511906063712,0.20232461468980711,0.20232461468980711,0.9192475708197799,148
elmid-radmid,elmid-radmid-az270,270,0,1,1,0.24471562281305448,0.24471562281305448,0.24471562281305448,0.03058945285163181,0.03058945285163181,0.15125422384860882,0.20223866860239859,0.20223866860239859,0.9192475708197799,148
elmid-radmid,elmid-radmid-az000,0,0,1,1,0.25185154486239614,0.25185154486239614,0.25185154486239614,0.03148144310779952,0.03148144310779952,0.17177458129626566,0.18327183725456075,0.18327183725456075,0.9192475708197799,148
elmid-radmid,elmid-radmid-az135,135,1,2,7,0.10287138560106569,0.0940135844715502,0.12086599732557962,0.012858923200133212,0.027967172865830663,0.0730565387178108,0.1760133100447349,0.38281546534605276,0.9192475708197799,148
elmid-radmid,elmid-radmid-az225,225,1,2,7,0.10594747901637647,0.09332080385023522,0.12540081390236602,0.013243434877047058,0.02891853661484281,0.07066440502768352,0.18741309534636008,0.40923767211389767,0.9192475708197799,148
elmid-radmid,elmid-radmid-az315,315,1,2,7,0.14636127487755943,0.11258401595900625,0.16569463519744587,0.01829515935969493,0.04028741626551245,0.09321373945456989,0.19627105903858244,0.43220469966391123,0.9192475708197799,148
elmid-radmid,elmid-radmid-az090,90,1,2,7,0.15683006432702448,0.14245389114658158,0.17288662652856449,0.01960375804087806,0.04175637016696382,0.11527758601109864,0.17005697915109586,0.3622245365455833,0.9192475708197799,148
elmid-radmid,elmid-radmid-az180,180,1,2,7,0.15935091002439777,0.14200725070057374,0.1795465878866233,0.01991886375304972,0.04290397104889283,0.11266137740310544,0.1768029489092743,0.3808223548996855,0.9192475708197799,148
elmid-radmid,elmid-radmid-az045,45,1,2,7,0.1830650627943055,0.17802345491505492,0.190001248572996,0.02288313284928819,0.04945748345461844,0.13134511906063712,0.17422141768910274,0.3765460323789099,0.9192475708197799,148
elmid-radmid,elmid-radmid-az270,270,1,2,7,0.2103603069737861,0.18136158352552054,0.22733959117420055,0.026295038371723263,0.05688449122335507,0.15125422384860882,0.1738466384782888,0.3760853070806874,0.9192475708197799,148
elmid-radmid,elmid-radmid-az000,0,1,2,7,0.22240160130378137,0.209977937196225,0.23372389059854343,0.02780020016297267,0.05928164327077219,0.17177458129626566,0.16184117552890254,0.34511301278346335,0.9192475708197799,148
elmid-radmid,elmid-radmid-az135,135,2,3,21,0.08752438298884913,0.06955500568572764,0.1039901345607831,0.01094054787360614,0.0389077207394368,0.0730565387178108,0.14975453348351545,0.5325699988295682,0.9192475708197799,148
elmid-radmid,elmid-radmid-az225,225,2,3,21,0.08859346557543638,0.06453553268062112,0.11555471765790865,0.011074183196929547,0.039992719811772354,0.07066440502768352,0.15671515514198583,0.5659528272558835,0.9192475708197799,148
elmid-radmid,elmid-radmid-az315,315,2,3,21,0.11985380561112391,0.08446612298906048,0.1463921188286602,0.014981725701390489,0.05526914196690294,0.09321373945456989,0.16072443600111352,0.5929291356650248,0.9192475708197799,148
elmid-radmid,elmid-radmid-az180,180,2,3,21,0.13710881074902764,0.11230064976155979,0.16267072512182684,0.017138601343628455,0.06004257239252129,0.11266137740310544,0.15212490507999096,0.5329472599796765,0.9192475708197799,148
elmid-radmid,elmid-radmid-az090,90,2,3,21,0.13815122584065026,0.113619858263245,0.16304053028410714,0.017268903230081283,0.0590252733970451,0.11527758601109864,0.149802783243732,0.5120273197893153,0.9192475708197799,148
elmid-radmid,elmid-radmid-az045,45,2,3,21,0.1572903855403233,0.14353293070487128,0.16919560594741523,0.01966129819254041,0.06911878164715884,0.13134511906063712,0.14969188298092392,0.5262379153598338,0.9192475708197799,148
elmid-radmid,elmid-radmid-az270,270,2,3,21,0.18050311335132702,0.14260063297681086,0.20902722035235766,0.022562889168915877,0.07944738039227095,0.15125422384860882,0.14917196091990922,0.5252572680005966,0.9192475708197799,148
elmid-radmid,elmid-radmid-az000,0,2,3,21,0.19671701503725628,0.17487895273536297,0.21717710455734612,0.024589626879657035,0.08387127015042922,0.17177458129626566,0.1431505563517948,0.4882635691352581,0.9192475708197799,148
elmid-radmid,elmid-radmid-az225,225,3,4,35,0.07318506079222398,0.04786139353130292,0.10284024212677667,0.009148132599027997,0.04914085241080035,0.07066440502768352,0.1294588498331532,0.6954116770890366,0.9192475708197799,148
elmid-radmid,elmid-radmid-az135,135,3,4,35,0.07444080876229539,0.05064336576724504,0.09650605327097095,0.009305101095286924,0.048212821834723724,0.0730565387178108,0.12736849101527978,0.6599384898448479,0.9192475708197799,148
elmid-radmid,elmid-radmid-az315,315,3,4,35,0.09633670319370741,0.06784901346421368,0.12421914583849042,0.012042087899213426,0.06731122986611637,0.09321373945456989,0.12918790695101817,0.722117042616043,0.9192475708197799,148
elmid-radmid,elmid-radmid-az180,180,3,4,35,0.1169968913710043,0.09130382681877824,0.1416275820626009,0.014624611421375538,0.07466718381389682,0.11266137740310544,0.12981033747748605,0.6627575974571626,0.9192475708197799,148
elmid-radmid,elmid-radmid-az090,90,3,4,35,0.12089188372341683,0.09414150765059703,0.15611365299532137,0.015111485465427104,0.0741367588624722,0.11527758601109864,0.13108780282727475,0.64311512261659,0.9192475708197799,148
elmid-radmid,elmid-radmid-az045,45,3,4,35,0.13479293968946016,0.12004061969660146,0.1514368358707251,0.01684911746118252,0.08596789910834136,0.13134511906063712,0.12828126070983964,0.6545191760696735,0.9192475708197799,148
elmid-radmid,elmid-radmid-az270,270,3,4,35,0.15460636776914327,0.11295120964190519,0.1916918648965668,0.01932579597114291,0.09877317636341386,0.15125422384860882,0.12777028951261687,0.6530275575132135,0.9192475708197799,148
elmid-radmid,elmid-radmid-az000,0,3,4,35,0.17441382467360855,0.1522769728135438,0.20064181861136815,0.02180172808420107,0.10567299823463029,0.17177458129626566,0.12692057183128197,0.6151841409665401,0.9192475708197799,148
elmid-radmid,elmid-radmid-az225,225,4,5,35,0.05956855187941754,0.03523066643812811,0.0895442251415296,0.007446068984927193,0.056586921395727546,0.07066440502768352,0.10537227309860059,0.8007839501876373,0.9192475708197799,148
elmid-radmid,elmid-radmid-az135,135,4,5,35,0.06323648219477014,0.0380582097233636,0.081393115133088,0.007904560274346268,0.05611738210906999,0.0730565387178108,0.10819784803764837,0.7681363378824962,0.9192475708197799,148
elmid-radmid,elmid-radmid-az315,315,4,5,35,0.07573102337178374,0.0546993483987005,0.107786652726795,0.009466377921472967,0.07677760778758934,0.09321373945456989,0.10155560732639259,0.8236726499424356,0.9192475708197799,148
elmid-radmid,elmid-radmid-az180,180,4,5,35,0.09885748272069776,0.07825165521307909,0.11944844912448904,0.01235718534008722,0.08702436915398404,0.11266137740310544,0.10968430907668453,0.772441906533847,0.9192475708197799,148
elmid-radmid,elmid-radmid-az090,90,4,5,35,0.10475954014917728,0.07546312100734698,0.13165507420949885,0.01309494251864716,0.08723170138111937,0.11527758601109864,0.11359487105660256,0.7567099936731926,0.9192475708197799,148
elmid-radmid,elmid-radmid-az045,45,4,5,35,0.11509489185048125,0.09688104622150995,0.13642034056328067,0.014386861481310156,0.10035476058965152,0.13134511906063712,0.1095348010204192,0.7640539770900927,0.9192475708197799,148
elmid-radmid,elmid-radmid-az270,270,4,5,35,0.13213239605070118,0.09331880039287133,0.16789943037716426,0.016516549506337647,0.1152897258697515,0.15125422384860882,0.10919727784176891,0.7622248353549824,0.9192475708197799,148
elmid-radmid,elmid-radmid-az000,0,4,5,35,0.1551080688236262,0.1327986222008959,0.18158342169156338,0.019388508602953276,0.12506150683758357,0.17177458129626566,0.11287181407540871,0.7280559550419489,0.9192475708197799,148
elmid-radmid,elmid-radmid-az225,225,5,6,21,0.047590226049695365,0.028619180545392586,0.06669908965574645,0.005948778256211921,0.06253569965193946,0.07066440502768352,0.08418351861706647,0.8849674688047037,0.9192475708197799,148
elmid-radmid,elmid-radmid-az135,135,5,6,21,0.053527222559638835,0.037300815053526004,0.06834094352738906,0.006690902819954854,0.06280828492902485,0.0730565387178108,0.09158526994824143,0.8597216078307378,0.9192475708197799,148
elmid-radmid,elmid-radmid-az315,315,5,6,21,0.05795782189182663,0.042594407150568725,0.09067267075478846,0.007244727736478329,0.08402233552406767,0.09321373945456989,0.07772167256533286,0.9013943225077684,0.9192475708197799,148
elmid-radmid,elmid-radmid-az180,180,5,6,21,0.08253291562847785,0.06562092811990461,0.09949508414424912,0.010316614453559731,0.09734098360754377,0.11266137740310544,0.09157188285251126,0.8640137893863583,0.9192475708197799,148
elmid-radmid,elmid-radmid-az090,90,5,6,21,0.089461697291785,0.06521970095825258,0.11259667728969414,0.011182712161473126,0.09841441354259249,0.11527758601109864,0.09700682108659425,0.8537168147597869,0.9192475708197799,148
elmid-radmid,elmid-radmid-az045,45,5,6,21,0.09771840863215128,0.07628866524430544,0.11969797086161815,0.01221480107901891,0.11256956166867044,0.13134511906063712,0.09299775405723143,0.8570517311473241,0.9192475708197799,148
elmid-radmid,elmid-radmid-az270,270,5,6,21,0.11254352401946678,0.08656084985129864,0.14405381114118931,0.014067940502433348,0.12935766637218485,0.15125422384860882,0.09300857949272232,0.8552334148477047,0.9192475708197799,148
elmid-radmid,elmid-radmid-az000,0,5,6,21,0.138415786098097,0.1185633418201536,0.15773780245558855,0.017301973262262123,0.1423634800998457,0.17177458129626566,0.10072487519221951,0.8287808302341684,0.9192475708197799,148
elmid-radmid,elmid-radmid-az225,225,6,7,7,0.03709637051573581,0.027933272490217154,0.050778407976000195,0.0046370463144669765,0.06717274596640643,0.07066440502768352,0.0656206800672894,0.9505881488719929,0.9192475708197799,148
elmid-radmid,elmid-radmid-az315,315,6,7,7,0.04293815450031002,0.03566752986178301,0.06565554312640332,0.005367269312538753,0.08938960483660642,0.09321373945456989,0.057580238105935336,0.9589745606137038,0.9192475708197799,148
elmid-radmid,elmid-radmid-az135,135,6,7,7,0.04492884913026723,0.03705718118002088,0.055735567823270715,0.005616106141283403,0.06842439107030825,0.0730565387178108,0.07687342214467965,0.9365950299754173,0.9192475708197799,148
elmid-radmid,elmid-radmid-az180,180,6,7,7,0.06786552092471468,0.05903189991989943,0.07496454735946179,0.008483190115589335,0.1058241737231331,0.11266137740310544,0.07529812177989137,0.9393119111662496,0.9192475708197799,148
elmid-radmid,elmid-radmid-az090,90,6,7,7,0.07470585732509336,0.06088543047813133,0.08878780516802975,0.00933823216563667,0.10775264570822916,0.11527758601109864,0.08100648607212861,0.9347233008319155,0.9192475708197799,148
elmid-radmid,elmid-radmid-az045,45,6,7,7,0.08218565664323542,0.06876961055706488,0.09660708523757255,0.010273207080404427,0.12284276874907486,0.13134511906063712,0.07821536996484561,0.9352671011121697,0.9192475708197799,148
elmid-radmid,elmid-radmid-az270,270,6,7,7,0.09530207749890636,0.08016731169301383,0.1149328484951817,0.011912759687363295,0.14127042605954815,0.15125422384860882,0.07875984805083422,0.9339932628985389,0.9192475708197799,148
elmid-radmid,elmid-radmid-az000,0,6,7,7,0.12395301510780907,0.11157942833705548,0.13427481967531263,0.015494126888476133,0.15785760698832182,0.17177458129626566,0.09020034728975918,0.9189811775239275,0.9192475708197799,148
elmid-radmid,elmid-radmid-az225,225,7,8,1,0.02793327249021693,0.02793327249021693,0.02793327249021693,0.0034916590612771164,0.07066440502768355,0.07066440502768352,0.04941185112800741,1.0000000000000004,0.9192475708197799,148
elmid-radmid,elmid-radmid-az315,315,7,8,1,0.03059307694370761,0.03059307694370761,0.03059307694370761,0.003824134617963451,0.09321373945456987,0.09321373945456989,0.04102543938629607,0.9999999999999999,0.9192475708197799,148
elmid-radmid,elmid-radmid-az135,135,7,8,1,0.03705718118002066,0.03705718118002066,0.03705718118002066,0.0046321476475025825,0.07305653871781083,0.0730565387178108,0.06340497002458302,1.0000000000000004,0.9192475708197799,148
elmid-radmid,elmid-radmid-az180,180,7,8,1,0.05469762943977807,0.05469762943977807,0.05469762943977807,0.006837203679972259,0.11266137740310536,0.11266137740310544,0.060688088833749654,0.9999999999999992,0.9192475708197799,148
elmid-radmid,elmid-radmid-az090,90,7,8,1,0.060199522422955676,0.060199522422955676,0.060199522422955676,0.0075249403028694595,0.11527758601109862,0.11527758601109864,0.06527669916808439,0.9999999999999999,0.9192475708197799,148
elmid-radmid,elmid-radmid-az045,45,7,8,1,0.06801880249249848,0.06801880249249848,0.06801880249249848,0.00850235031156231,0.13134511906063717,0.13134511906063712,0.06473289888783072,1.0000000000000004,0.9192475708197799,148
elmid-radmid,elmid-radmid-az270,270,7,8,1,0.079870382312486,0.079870382312486,0.079870382312486,0.00998379778906075,0.1512542238486089,0.15125422384860882,0.06600673710146163,1.0000000000000004,0.9192475708197799,148
elmid-radmid,elmid-radmid-az000,0,7,8,1,0.11133579446355013,0.11133579446355013,0.11133579446355013,0.013916974307943766,0.1717745812962656,0.17177458129626566,0.08101882247607212,0.9999999999999997,0.9192475708197799,148
elmid-radfar,elmid-radfar-az315,315,0,1,1,0.15727035881743512,0.15727035881743512,0.15727035881743512,0.01965879485217939,0.01965879485217939,0.10003525020858996,0.1965186752788399,0.1965186752788399,0.9113787218069311,145
elmid-radfar,elmid-radfar-az180,180,0,1,1,0.157620075986176,0.157620075986176,0.157620075986176,0.019702509498272,0.019702509498272,0.10138206777413583,0.19433919558798368,0.19433919558798368,0.9113787218069311,145
elmid-radfar,elmid-radfar-az270,270,0,1,1,0.15868824632810957,0.15868824632810957,0.15868824632810957,0.019836030791013697,0.019836030791013697,0.101351530112726,0.19571515860640198,0.19571515860640198,0.9113787218069311,145
elmid-radfar,elmid-radfar-az000,0,0,1,1,0.16918117160975563,0.16918117160975563,0.16918117160975563,0.021147646451219453,0.021147646451219453,0.11192072049059655,0.1889520220967149,0.1889520220967149,0.9113787218069311,145
elmid-radfar,elmid-radfar-az090,90,0,1,1,0.17247762826920904,0.17247762826920904,0.17247762826920904,0.02155970353365113,0.02155970353365113,0.12521495999606552,0.1721815311391592,0.1721815311391592,0.9113787218069311,145
elmid-radfar,elmid-radfar-az045,45,0,1,1,0.177552423172182,0.177552423172182,0.177552423172182,0.02219405289652275,0.02219405289652275,0.11478196019555816,0.19335837146107232,0.19335837146107232,0.9113787218069311,145
elmid-radfar,elmid-radfar-az135,135,0,1,1,0.18036840892001738,0.18036840892001738,0.18036840892001738,0.022546051115002172,0.022546051115002172,0.11905959421110104,0.18936778060091852,0.18936778060091852,0.9113787218069311,145
elmid-radfar,elmid-radfar-az225,225,0,1,1,0.22292740826137006,0.22292740826137006,0.22292740826137006,0.027865926032671257,0.027865926032671257,0.13763263881815804,0.20246597225740956,0.20246597225740956,0.9113787218069311,145
elmid-radfar,elmid-radfar-az315,315,1,2,7,0.13741031727540265,0.12044917013007575,0.15107952036286748,0.01717628965942533,0.03683508451160472,0.10003525020858996,0.17170237115026893,0.3682210464291088,0.9113787218069311,145
elmid-radfar,elmid-radfar-az180,180,1,2,7,0.1380034825111754,0.12580963399500433,0.15762007598617594,0.017250435313896924,0.036952944812168924,0.10138206777413583,0.17015272713048551,0.3644919227184692,0.9113787218069311,145
elmid-radfar,elmid-radfar-az270,270,1,2,7,0.1390321606830118,0.12571344167171314,0.15868824632810952,0.017379020085376475,0.03721505087639017,0.101351530112726,0.1714726957357925,0.3671878543421944,0.9113787218069311,145
elmid-radfar,elmid-radfar-az000,0,1,2,7,0.14908612036869237,0.13235998292239626,0.16358886342144596,0.018635765046086546,0.039783411497306,0.11192072049059655,0.1665086229287838,0.3554606450254987,0.9113787218069311,145
elmid-radfar,elmid-radfar-az045,45,1,2,7,0.15576839405216866,0.14505431844941574,0.1626225381731765,0.019471049256521083,0.04166510215304384,0.11478196019555816,0.16963509965631843,0.3629934711173908,0.9113787218069311,145
elmid-radfar,elmid-radfar-az090,90,1,2,7,0.15643656534188896,0.13997952354644277,0.16688532008089937,0.01955457066773612,0.041114274201387246,0.12521495999606552,0.15616800634964512,0.3283495374888043,0.9113787218069311,145
elmid-radfar,elmid-radfar-az135,135,1,2,7,0.1569982601900232,0.12895574546508728,0.17130252461633688,0.0196247825237529,0.04217083363875507,0.11905959421110104,0.16483159256327362,0.35419937316419214,0.9113787218069311,145
elmid-radfar,elmid-radfar-az225,225,1,2,7,0.19308252388152675,0.17151474480643997,0.20450411939117838,0.024135315485190843,0.052001241517862104,0.13763263881815804,0.17536040645910106,0.37782637871651065,0.9113787218069311,145
elmid-radfar,elmid-radfar-az315,315,2,3,21,0.11930385241740851,0.0944707604226458,0.14201363605918688,0.014912981552176064,0.05174806606378078,0.10003525020858996,0.1490772654747206,0.5172983119038294,0.9113787218069311,145
elmid-radfar,elmid-radfar-az180,180,2,3,21,0.12033118609528486,0.09613898307407226,0.1483467241459127,0.015041398261910607,0.05199434307407953,0.10138206777413583,0.148363498517515,0.5128554212359843,0.9113787218069311,145
elmid-radfar,elmid-radfar-az270,270,2,3,21,0.1210131584011224,0.1017013924175918,0.14651781942510272,0.0151266448001403,0.052341695676530464,0.101351530112726,0.14924929878528742,0.5164371531274818,0.9113787218069311,145
elmid-radfar,elmid-radfar-az000,0,2,3,21,0.13085853030256656,0.10834793366827494,0.14791140737613317,0.01635731628782082,0.05614072778512682,0.11192072049059655,0.14615092018814463,0.5016115652136434,0.9113787218069311,145
elmid-radfar,elmid-radfar-az045,45,2,3,21,0.13607917199025982,0.11706448619009346,0.15198781956741497,0.017009896498782477,0.058674998651826314,0.11478196019555816,0.14819311736619678,0.5111865884835876,0.9113787218069311,145
elmid-radfar,elmid-radfar-az135,135,2,3,21,0.13672478521851059,0.11267459500585886,0.15864347603245516,0.017090598152313823,0.059261431791068894,0.11905959421110104,0.1435465849313327,0.49774595809552485,0.9113787218069311,145
elmid-radfar,elmid-radfar-az090,90,2,3,21,0.1416642241249227,0.11654690009344454,0.16069448162633165,0.017708028015615336,0.05882230221700258,0.12521495999606552,0.14142102522072245,0.4697705627095268,0.9113787218069311,145
elmid-radfar,elmid-radfar-az225,225,2,3,21,0.16614511612304741,0.14475808913123883,0.18566403474493826,0.020768139515380927,0.07276938103324303,0.13763263881815804,0.15089545396873522,0.5287218326852459,0.9113787218069311,145
elmid-radfar,elmid-radfar-az315,315,3,4,35,0.10295096424345278,0.07310879271044318,0.129171847504155,0.012868870530431597,0.06461693659421237,0.10003525020858996,0.12864335825219494,0.6459416701560243,0.9113787218069311,145
elmid-radfar,elmid-radfar-az180,180,3,4,35,0.1044671855426977,0.08018841165167795,0.13019632680232424,0.013058398192837212,0.06505274126691675,0.10138206777413583,0.1288038257606797,0.641659246996664,0.9113787218069311,145
elmid-radfar,elmid-radfar-az270,270,3,4,35,0.1046312394824414,0.08559536768975706,0.12780188351561267,0.013078904935305174,0.06542060061183563,0.101351530112726,0.12904496775488689,0.6454821208823687,0.9113787218069311,145
elmid-radfar,elmid-radfar-az000,0,3,4,35,0.11449840141137825,0.08992464479808326,0.13451277869397088,0.014312300176422281,0.0704530279615491,0.11192072049059655,0.12787891387479752,0.6294904790884409,0.9113787218069311,145
elmid-radfar,elmid-radfar-az045,45,3,4,35,0.11834875579064878,0.09564115423493086,0.1400131224427909,0.014793594473831098,0.07346859312565741,0.11478196019555816,0.12888431639106632,0.6400709048746539,0.9113787218069311,145
elmid-radfar,elmid-radfar-az135,135,3,4,35,0.1194119828096731,0.09665648402427135,0.14453083603452177,0.014926497851209138,0.07418792964227804,0.11905959421110104,0.12536997081262857,0.6231159289081535,0.9113787218069311,145
elmid-radfar,elmid-radfar-az090,90,3,4,35,0.12816060461831022,0.10437647319043769,0.15382016806795595,0.016020075577288777,0.07484237779429136,0.12521495999606552,0.12794058775239123,0.5977111504619179,0.9113787218069311,145
elmid-radfar,elmid-radfar-az225,225,3,4,35,0.14197918379012542,0.12219167009049614,0.16514458618420197,0.017747397973765677,0.0905167790070087,0.13763263881815804,0.12894759648700596,0.6576694291722518,0.9113787218069311,145
elmid-radfar,elmid-radfar-az315,315,4,5,35,0.08835165275353539,0.06027851010156349,0.11603643246774298,0.011043956594191924,0.0756608931884043,0.10003525020858996,0.11040064948269192,0.7563423196387162,0.9113787218069311,145
elmid-radfar,elmid-radfar-az270,270,4,5,35,0.08988640392696882,0.07024320201491507,0.1114724928792491,0.011235800490871103,0.07665640110270673,0.101351530112726,0.11085970264459089,0.7563418235269594,0.9113787218069311,145
elmid-radfar,elmid-radfar-az180,180,4,5,35,0.09027547965760722,0.06970875714058355,0.1111883663632286,0.011284434957200903,0.07633717622411765,0.10138206777413583,0.11130602487158721,0.7529652718682511,0.9113787218069311,145
elmid-radfar,elmid-radfar-az000,0,4,5,35,0.10000573369512746,0.07397407337568884,0.12232622356201917,0.012500716711890932,0.08295374467344004,0.11192072049059655,0.11169260398874244,0.7411830830771833,0.9113787218069311,145
elmid-radfar,elmid-radfar-az045,45,4,5,35,0.10244114425752883,0.08071126923592553,0.12937840383702948,0.012805143032191104,0.08627373615784852,0.11478196019555816,0.11156058853128593,0.7516314934059398,0.9113787218069311,145
elmid-radfar,elmid-radfar-az135,135,4,5,35,0.10492385176770398,0.08870131678455628,0.1289474803129037,0.013115481470962998,0.08730341111324104,0.11905959421110104,0.1101589633146937,0.7332748922228471,0.9113787218069311,145
elmid-radfar,elmid-radfar-az090,90,4,5,35,0.11592570682205167,0.09407094547132111,0.14454681622769272,0.014490713352756458,0.08933309114704782,0.12521495999606552,0.11572669394465152,0.7134378444065695,0.9113787218069311,145
elmid-radfar,elmid-radfar-az225,225,4,5,35,0.12044872568695408,0.10278560138629311,0.13817958356516602,0.01505609071086926,0.10557286971787797,0.13763263881815804,0.10939331571460717,0.767062744886859,0.9113787218069311,145
elmid-radfar,elmid-radfar-az315,315,5,6,21,0.07550591794765633,0.05641943906449298,0.10110654746873748,0.009438239743457042,0.08509913293186135,0.10003525020858996,0.0943491391662115,0.8506914588049278,0.9113787218069311,145
elmid-radfar,elmid-radfar-az270,270,5,6,21,0.07677865173470459,0.06234871099817696,0.09232727580547662,0.009597331466838074,0.0862537325695448,0.101351530112726,0.0946935034543993,0.8510353269813588,0.9113787218069311,145
elmid-radfar,elmid-radfar-az180,180,5,6,21,0.0776200672442067,0.06295989257169965,0.09810705494043137,0.009702508405525837,0.08603968462964348,0.10138206777413583,0.09570241186184507,0.8486676837300962,0.9113787218069311,145
elmid-radfar,elmid-radfar-az000,0,5,6,21,0.0873805271538141,0.06865666199725551,0.10976410491407196,0.010922565894226762,0.09387631056766679,0.11192072049059655,0.09759199052997933,0.8387750736071626,0.9113787218069311,145
elmid-radfar,elmid-radfar-az045,45,5,6,21,0.08822033619509326,0.07233093541290847,0.11012165951482378,0.011027542024386657,0.09730127818223518,0.11478196019555816,0.09607382558721456,0.8477053189931544,0.9113787218069311,145
elmid-radfar,elmid-radfar-az135,135,5,6,21,0.09312439089679649,0.08185218311930575,0.11461539784499175,0.01164054886209956,0.0989439599753406,0.11905959421110104,0.09777077554506064,0.8310456677679078,0.9113787218069311,145
elmid-radfar,elmid-radfar-az225,225,5,6,21,0.10141774061772675,0.08970428996349589,0.11334047090021471,0.012677217577215844,0.11825008729509381,0.13763263881815804,0.09210909335223269,0.8591718382390917,0.9113787218069311,145
elmid-radfar,elmid-radfar-az090,90,5,6,21,0.10495953073614686,0.08732208090243698,0.12702663776868928,0.013119941342018358,0.10245303248906618,0.12521495999606552,0.10477934379750319,0.8182171882040726,0.9113787218069311,145
elmid-radfar,elmid-radfar-az315,315,6,7,7,0.06441375982581564,0.05526772075137276,0.07532418199994928,0.008051719978226955,0.0931508529100883,0.10003525020858996,0.08048882730275372,0.9311802861076816,0.9113787218069311,145
elmid-radfar,elmid-radfar-az270,270,6,7,7,0.06530798290564875,0.055474397439801204,0.07307053148327103,0.008163497863206094,0.0944172304327509,0.101351530112726,0.0805463701843122,0.931581697165671,0.9113787218069311,145
elmid-radfar,elmid-radfar-az180,180,6,7,7,0.06636494710668947,0.056374118049248745,0.07632445123429532,0.008295618388336184,0.09433530301797967,0.10138206777413583,0.08182530274306091,0.9304929864731571,0.9113787218069311,145
elmid-radfar,elmid-radfar-az045,45,6,7,7,0.07555033040753542,0.06815419673611933,0.08799552596039772,0.009443791300941928,0.10674506948317711,0.11478196019555816,0.08227591935921115,0.9299812383523656,0.9113787218069311,145
elmid-radfar,elmid-radfar-az000,0,6,7,7,0.07662278178743828,0.06802869243967857,0.08798150120793591,0.009577847723429785,0.10345415829109658,0.11192072049059655,0.08557707349850831,0.9243521471056709,0.9113787218069311,145
elmid-radfar,elmid-radfar-az135,135,6,7,7,0.08387759900114393,0.07767544444251662,0.09560743740589595,0.010484699875142991,0.10942865985048358,0.11905959421110104,0.08806262061126195,0.9191082883791697,0.9113787218069311,145
elmid-radfar,elmid-radfar-az225,225,6,7,7,0.08475022738663665,0.07714217131554879,0.08935119715335693,0.010593778423329581,0.1288438657184234,0.13763263881815804,0.07697141110057631,0.9361432493396681,0.9113787218069311,145
elmid-radfar,elmid-radfar-az090,90,6,7,7,0.09526207636059593,0.08702588605875838,0.11053374395674809,0.011907759545074491,0.11436079203414067,0.12521495999606552,0.09509853731094635,0.913315725515019,0.9113787218069311,145
elmid-radfar,elmid-radfar-az315,315,7,8,1,0.055075178388013235,0.055075178388013235,0.055075178388013235,0.006884397298501654,0.10003525020858996,0.10003525020858996,0.06881971389231849,1.0,0.9113787218069311,145
elmid-radfar,elmid-radfar-az270,270,7,8,1,0.055474397439801315,0.055474397439801315,0.055474397439801315,0.006934299679975164,0.10135153011272606,0.101351530112726,0.0684183028343296,1.0000000000000004,0.9113787218069311,145
elmid-radfar,elmid-radfar-az180,180,7,8,1,0.056374118049248856,0.056374118049248856,0.056374118049248856,0.007046764756156107,0.10138206777413578,0.10138206777413583,0.06950701352684235,0.9999999999999994,0.9113787218069311,145
elmid-radfar,elmid-radfar-az045,45,7,8,1,0.0642951256990485,0.0642951256990485,0.0642951256990485,0.008036890712381062,0.11478196019555817,0.11478196019555816,0.07001876164763454,1.0000000000000002,0.9113787218069311,145
elmid-radfar,elmid-radfar-az000,0,7,8,1,0.06773249759599986,0.06773249759599986,0.06773249759599986,0.008466562199499983,0.11192072049059656,0.11192072049059655,0.0756478528943292,1.0000000000000002,0.9113787218069311,145
elmid-radfar,elmid-radfar-az225,225,7,8,1,0.0703101847978771,0.0703101847978771,0.0703101847978771,0.008788773099734637,0.13763263881815804,0.13763263881815804,0.0638567506603319,1.0,0.9113787218069311,145
elmid-radfar,elmid-radfar-az135,135,7,8,1,0.07704747488493968,0.07704747488493968,0.07704747488493968,0.00963093436061746,0.11905959421110104,0.11905959421110104,0.08089171162083028,1.0,0.9113787218069311,145
elmid-radfar,elmid-radfar-az090,90,7,8,1,0.08683334369539886,0.08683334369539886,0.08683334369539886,0.010854167961924857,0.12521495999606552,0.12521495999606552,0.08668427448498098,1.0,0.9113787218069311,145
elhigh-radnear,elhigh-radnear-az045,45,0,1,1,0.13565196379642175,0.13565196379642175,0.13565196379642175,0.01695649547455272,0.01695649547455272,0.08500830134221392,0.1994687013717843,0.1994687013717843,0.9176427756619179,150
elhigh-radnear,elhigh-radnear-az090,90,0,1,1,0.16324927732679495,0.16324927732679495,0.16324927732679495,0.02040615966584937,0.02040615966584937,0.08789713929283877,0.23215954273396833,0.23215954273396833,0.9176427756619179,150
elhigh-radnear,elhigh-radnear-az315,315,0,1,1,0.16937844181743728,0.16937844181743728,0.16937844181743728,0.02117230522717966,0.02117230522717966,0.11076496471321487,0.19114622825003877,0.19114622825003877,0.9176427756619179,150
elhigh-radnear,elhigh-radnear-az270,270,0,1,1,0.16966762577839317,0.16966762577839317,0.16966762577839317,0.021208453222299146,0.021208453222299146,0.09003321417562932,0.23556254673888968,0.23556254673888968,0.9176427756619179,150
elhigh-radnear,elhigh-radnear-az180,180,0,1,1,0.18554166868646635,0.18554166868646635,0.18554166868646635,0.023192708585808294,0.023192708585808294,0.1265272218913622,0.18330212454772643,0.18330212454772643,0.9176427756619179,150
elhigh-radnear,elhigh-radnear-az135,135,0,1,1,0.18717422765350614,0.18717422765350614,0.18717422765350614,0.023396778456688267,0.023396778456688267,0.13781762357175908,0.1697662305467486,0.1697662305467486,0.9176427756619179,150
elhigh-radnear,elhigh-radnear-az000,0,0,1,1,0.21059439654569334,0.21059439654569334,0.21059439654569334,0.026324299568211668,0.026324299568211668,0.132071026555009,0.19931926217933435,0.19931926217933435,0.9176427756619179,150
elhigh-radnear,elhigh-radnear-az225,225,0,1,1,0.21664150900316845,0.21664150900316845,0.21664150900316845,0.027080188625396056,0.027080188625396056,0.14752328411989063,0.18356552178833185,0.18356552178833185,0.9176427756619179,150
elhigh-radnear,elhigh-radnear-az045,45,1,2,7,0.11598527493359947,0.0935012870071057,0.1265806280386963,0.014498159366699934,0.03145465484125265,0.08500830134221392,0.170549924393094,0.37001862576487826,0.9176427756619179,150
elhigh-radnear,elhigh-radnear-az090,90,1,2,7,0.13391943370875017,0.12153888466191981,0.14841831775861955,0.016739929213593772,0.03714608887944314,0.08789713929283877,0.19044907886959664,0.42260862160356494,0.9176427756619179,150
elhigh-radnear,elhigh-radnear-az270,270,1,2,7,0.1379944471035765,0.12751694898907712,0.15796408771603584,0.017249305887947063,0.03845775911024621,0.09003321417562932,0.1915882493576043,0.427150796096494,0.9176427756619179,150
elhigh-radnear,elhigh-radnear-az315,315,1,2,7,0.14673215699060307,0.13288746942469193,0.16092721718579225,0.018341519623825384,0.03951382485100505,0.11076496471321487,0.1655895406215675,0.3567357688716063,0.9176427756619179,150
elhigh-radnear,elhigh-radnear-az180,180,1,2,7,0.16385725261387643,0.14555214032923103,0.1823525379620662,0.020482156576734554,0.04367486516254285,0.1265272218913622,0.16187944594500606,0.3451815704927325,0.9176427756619179,150
elhigh-radnear,elhigh-radnear-az135,135,1,2,7,0.16995922723438953,0.15683061841098767,0.183985096929106,0.02124490340429869,0.04464168186098696,0.13781762357175908,0.1541522981872987,0.3239185287340473,0.9176427756619179,150
elhigh-radnear,elhigh-radnear-az000,0,1,2,7,0.18079008045550576,0.1684890822636429,0.1986876253326202,0.02259876005693822,0.04892305962514989,0.132071026555009,0.1711106564885039,0.37042991866783825,0.9176427756619179,150
elhigh-radnear,elhigh-radnear-az225,225,1,2,7,0.19232435686131452,0.17995314822590813,0.20181054943499305,0.024040544607664315,0.05112073323306037,0.14752328411989063,0.16296101833068477,0.3465265401190166,0.9176427756619179,150
elhigh-radnear,elhigh-radnear-az045,45,2,3,21,0.09938299640997397,0.07535103656783293,0.11497642575736178,0.012422874551246747,0.04387752939249939,0.08500830134221392,0.1461371931340748,0.516155818898953,0.9176427756619179,150
elhigh-radnear,elhigh-radnear-az090,90,2,3,21,0.10941067924980864,0.09351996570537185,0.12727512911362276,0.01367633490622608,0.050822423785669216,0.08789713929283877,0.15559476697713565,0.5782033885807005,0.9176427756619179,150
elhigh-radnear,elhigh-radnear-az270,270,2,3,21,0.11145407516271486,0.09082514102553435,0.13977481591464963,0.013931759395339357,0.05238951850558557,0.09003321417562932,0.15474022029428425,0.5818910163907782,0.9176427756619179,150
elhigh-radnear,elhigh-radnear-az315,315,2,3,21,0.12735931916853951,0.10787212700089316,0.15185588142806672,0.01591991489606744,0.05543373974707248,0.11076496471321487,0.14372698928118835,0.5004627581527946,0.9176427756619179,150
elhigh-radnear,elhigh-radnear-az180,180,2,3,21,0.14484085311274497,0.11813175344326737,0.17074833568073167,0.01810510663909312,0.06177997180163597,0.1265272218913622,0.14309258014562576,0.4882741506383583,0.9176427756619179,150
elhigh-radnear,elhigh-radnear-az135,135,2,3,21,0.15454898017114319,0.12932583343751186,0.1774131024686061,0.019318622521392898,0.06396030438237986,0.13781762357175908,0.1401752694664195,0.4640937982004668,0.9176427756619179,150
elhigh-radnear,elhigh-radnear-az000,0,2,3,21,0.15525915095538673,0.13770169168236807,0.18059844055767948,0.01940739386942334,0.06833045349457323,0.132071026555009,0.14694664208837624,0.5173765607562145,0.9176427756619179,150
elhigh-radnear,elhigh-radnear-az225,225,2,3,21,0.170498435745617,0.14640572860279188,0.18955465329043203,0.021312304468202124,0.0724330377012625,0.14752328411989063,0.14446739438692158,0.49099393450593826,0.9176427756619179,150
elhigh-radnear,elhigh-radnear-az045,45,3,4,35,0.085472428361693,0.0635413681255903,0.10306965454428862,0.010684053545211625,0.05456158293771102,0.08500830134221392,0.12568247308226208,0.6418382919812151,0.9176427756619179,150
elhigh-radnear,elhigh-radnear-az090,90,3,4,35,0.08898640715173924,0.06900644659329275,0.11716008392031652,0.011123300893967404,0.06194572467963662,0.08789713929283877,0.12654906614092334,0.7047524547216238,0.9176427756619179,150
elhigh-radnear,elhigh-radnear-az270,270,3,4,35,0.0895084604268265,0.06831840661142269,0.11158659686218286,0.011188557553353313,0.06357807605893888,0.09003321417562932,0.12427144421976988,0.7061624606105481,0.9176427756619179,150
elhigh-radnear,elhigh-radnear-az315,315,3,4,35,0.11100100158053834,0.08555532567271523,0.1315556822370566,0.013875125197567293,0.06930886494463978,0.11076496471321487,0.12526637130695456,0.6257291294597492,0.9176427756619179,150
elhigh-radnear,elhigh-radnear-az180,180,3,4,35,0.12828731514978642,0.10224904984774702,0.16328187722337262,0.016035914393723302,0.07781588619535927,0.1265272218913622,0.12673884839969007,0.6150129990380483,0.9176427756619179,150
elhigh-radnear,elhigh-radnear-az000,0,3,4,35,0.13353052578184957,0.10759278757884094,0.15895922403131169,0.016691315722731196,0.08502176921730442,0.132071026555009,0.12638135825936875,0.6437579190155832,0.9176427756619179,150
elhigh-radnear,elhigh-radnear-az135,135,3,4,35,0.14074492919451798,0.11165233466446012,0.1657095644062488,0.017593116149314747,0.0815534205316946,0.13781762357175908,0.1276550537831204,0.5917488519835872,0.9176427756619179,150
elhigh-radnear,elhigh-radnear-az225,225,3,4,35,0.1509983959909462,0.12741542606174516,0.17719417846017604,0.018874799498868274,0.09130783720013078,0.14752328411989063,0.12794454523889884,0.6189384797448371,0.9176427756619179,150
elhigh-radnear,elhigh-radnear-az270,270,4,5,35,0.07161955336692957,0.050154438757612496,0.08735904054755494,0.008952444170866197,0.07253052022980508,0.09003321417562932,0.0994349058049012,0.8055973664154493,0.9176427756619179,150
elhigh-radnear,elhigh-radnear-az090,90,4,5,35,0.07191001061631087,0.05494933020065562,0.09795396049496352,0.00898875132703886,0.07093447600667548,0.08789713929283877,0.1022644354452978,0.8070168901669217,0.9176427756619179,150
elhigh-radnear,elhigh-radnear-az045,45,4,5,35,0.07388087092490424,0.0563300738995568,0.09531755074895787,0.00923510886561303,0.06379669180332405,0.08500830134221392,0.10863772972519103,0.7504760217064061,0.9176427756619179,150
elhigh-radnear,elhigh-radnear-az315,315,4,5,35,0.09739827745589133,0.0783465265162887,0.11820213267377044,0.012174784681986416,0.0814836496266262,0.11076496471321487,0.10991548377691937,0.7356446132366686,0.9176427756619179,150
elhigh-radnear,elhigh-radnear-az180,180,4,5,35,0.11399148369171519,0.08898132817340909,0.14519269244843191,0.014248935461464399,0.09206482165682367,0.1265272218913622,0.11261557195730344,0.7276285709953518,0.9176427756619179,150
elhigh-radnear,elhigh-radnear-az000,0,4,5,35,0.11513312267140786,0.0944274477033209,0.13446126443345796,0.014391640333925983,0.0994134095512304,0.132071026555009,0.10896894428189904,0.7527268632974823,0.9176427756619179,150
elhigh-radnear,elhigh-radnear-az135,135,4,5,35,0.12834851703526445,0.10428574354644526,0.153899895964006,0.016043564629408057,0.09759698516110266,0.13781762357175908,0.11641156053641043,0.7081604125199976,0.9176427756619179,150
elhigh-radnear,elhigh-radnear-az225,225,4,5,35,0.13365888793217268,0.10926517562247218,0.15588516064988528,0.016707360991521585,0.10801519819165237,0.14752328411989063,0.11325236616847335,0.7321908459133105,0.9176427756619179,150
elhigh-radnear,elhigh-radnear-az270,270,5,6,21,0.05724930445404219,0.0441393072666556,0.07095629835037265,0.007156163056755273,0.07968668328656035,0.09003321417562932,0.0794835897205183,0.8850809561359677,0.9176427756619179,150
elhigh-radnear,elhigh-radnear-az090,90,5,6,21,0.057444882845292464,0.043034638800647285,0.07894734158781946,0.007180610355661558,0.07811508636233704,0.08789713929283877,0.08169333397459709,0.8887102241415188,0.9176427756619179,150
elhigh-radnear,elhigh-radnear-az045,45,5,6,21,0.06423562423575548,0.0501297346757531,0.08295707591870172,0.008029453029469434,0.07182614483279348,0.08500830134221392,0.09445492855039701,0.8449309502568032,0.9176427756619179,150
elhigh-radnear,elhigh-radnear-az315,315,5,6,21,0.08629222002389023,0.0711844226241578,0.10242498982936954,0.010786527502986278,0.09227017712961248,0.11076496471321487,0.09738212376913606,0.8330267370058048,0.9176427756619179,150
elhigh-radnear,elhigh-radnear-az000,0,5,6,21,0.09959585936057505,0.087313098716845,0.11218835628461188,0.012449482420071881,0.11186289197130228,0.132071026555009,0.09426353943638455,0.8469904027338668,0.9176427756619179,150
elhigh-radnear,elhigh-radnear-az180,180,5,6,21,0.10174820370524573,0.08308599176415721,0.1234646838644391,0.012718525463155717,0.10478334711997939,0.1265272218913622,0.10052007206857032,0.8281486430639221,0.9176427756619179,150
elhigh-radnear,elhigh-radnear-az135,135,5,6,21,0.11716118642413355,0.09844603581489708,0.1381088236788437,0.014645148303016694,0.11224213346411935,0.13781762357175908,0.106264699125299,0.8144251116452965,0.9176427756619179,150
elhigh-radnear,elhigh-radnear-az225,225,5,6,21,0.11831456190416685,0.10205637646604582,0.13702922282705532,0.014789320238020856,0.12280451842967323,0.14752328411989063,0.10025075245750176,0.8324415983708123,0.9176427756619179,150
elhigh-radnear,elhigh-radnear-az090,90,6,7,7,0.04485441704045285,0.034299812873772706,0.057286120353007064,0.005606802130056606,0.08372188849239365,0.08789713929283877,0.06378822081315914,0.952498444954678,0.9176427756619179,150
elhigh-radnear,elhigh-radnear-az270,270,6,7,7,0.04585966415918251,0.03829959953510731,0.05290289645405,0.005732458019897814,0.08541914130645817,0.09003321417562932,0.06367048063746131,0.948751436773429,0.9176427756619179,150
elhigh-radnear,elhigh-radnear-az045,45,6,7,7,0.056163988430394336,0.04958853873182145,0.06528357714564981,0.007020498553799292,0.07884664338659278,0.08500830134221392,0.08258603504541517,0.9275169853022184,0.9176427756619179,150
elhigh-radnear,elhigh-radnear-az315,315,6,7,7,0.07742390251382678,0.07064322668022616,0.08398001711949865,0.009677987814228347,0.10194816494384083,0.11076496471321487,0.08737408836165783,0.9204008253674626,0.9176427756619179,150
elhigh-radnear,elhigh-radnear-az000,0,6,7,7,0.0864476535858644,0.0811127594930412,0.09910153703323543,0.01080595669823305,0.12266884866953533,0.132071026555009,0.08181928300324261,0.9288096857371093,0.9176427756619179,150
elhigh-radnear,elhigh-radnear-az180,180,6,7,7,0.09135232015709238,0.08279071667730453,0.10768754102003808,0.011419040019636548,0.11620238713961593,0.1265272218913622,0.0902496699835951,0.9183983130475172,0.9176427756619179,150
elhigh-radnear,elhigh-radnear-az225,225,6,7,7,0.10480006824179915,0.09589510759779762,0.11803892028600849,0.013100008530224893,0.13590452695989813,0.14752328411989063,0.08879959938784072,0.9212411977586531,0.9176427756619179,150
elhigh-radnear,elhigh-radnear-az135,135,6,7,7,0.10698438009187575,0.09772836929447537,0.11911852113779686,0.013373047511484468,0.1256151809756038,0.13781762357175908,0.0970343789487951,0.9114594905940917,0.9176427756619179,150
elhigh-radnear,elhigh-radnear-az090,90,7,8,1,0.03340200640356128,0.03340200640356128,0.03340200640356128,0.00417525080044516,0.08789713929283881,0.08789713929283877,0.047501555045322504,1.0000000000000004,0.9176427756619179,150
elhigh-radnear,elhigh-radnear-az270,270,7,8,1,0.03691258295336908,0.03691258295336908,0.03691258295336908,0.004614072869171135,0.0900332141756293,0.09003321417562932,0.051248563226570856,0.9999999999999999,0.9176427756619179,150
elhigh-radnear,elhigh-radnear-az045,45,7,8,1,0.04929326364496889,0.04929326364496889,0.04929326364496889,0.006161657955621111,0.08500830134221389,0.08500830134221392,0.07248301469778128,0.9999999999999997,0.9176427756619179,150
elhigh-radnear,elhigh-radnear-az315,315,7,8,1,0.07053439815499285,0.07053439815499285,0.07053439815499285,0.008816799769374106,0.11076496471321494,0.11076496471321487,0.07959917463253806,1.0000000000000007,0.9176427756619179,150
elhigh-radnear,elhigh-radnear-az000,0,7,8,1,0.07521742308378965,0.07521742308378965,0.07521742308378965,0.009402177885473706,0.13207102655500902,0.132071026555009,0.07119031426289095,1.0000000000000002,0.9176427756619179,150
elhigh-radnear,elhigh-radnear-az180,180,7,8,1,0.08259867801396992,0.08259867801396992,0.08259867801396992,0.01032483475174624,0.12652722189136217,0.1265272218913622,0.08160168695248259,0.9999999999999998,0.9176427756619179,150
elhigh-radnear,elhigh-radnear-az225,225,7,8,1,0.09295005727994032,0.09295005727994032,0.09295005727994032,0.01161875715999254,0.14752328411989069,0.14752328411989063,0.0787588022413472,1.0000000000000004,0.9176427756619179,150
elhigh-radnear,elhigh-radnear-az135,135,7,8,1,0.09761954076924206,0.09761954076924206,0.09761954076924206,0.012202442596155258,0.13781762357175908,0.13781762357175908,0.08854050940590825,1.0,0.9176427756619179,150
elhigh-radmid,elhigh-radmid-az315,315,0,1,1,0.13474782628328516,0.13474782628328516,0.13474782628328516,0.016843478285410645,0.016843478285410645,0.08505823242103693,0.19802290508502093,0.19802290508502093,0.9068945120949943,159
elhigh-radmid,elhigh-radmid-az270,270,0,1,1,0.14272700348386283,0.14272700348386283,0.14272700348386283,0.017840875435482854,0.017840875435482854,0.08841424160503741,0.20178734909225718,0.20178734909225718,0.9068945120949943,159
elhigh-radmid,elhigh-radmid-az135,135,0,1,1,0.16217509933345498,0.16217509933345498,0.16217509933345498,0.020271887416681872,0.020271887416681872,0.10538158932637173,0.19236649917946183,0.19236649917946183,0.9068945120949943,159
elhigh-radmid,elhigh-radmid-az045,45,0,1,1,0.16453592648194487,0.16453592648194487,0.16453592648194487,0.02056699081024311,0.02056699081024311,0.0987682796024617,0.20823477834203863,0.20823477834203863,0.9068945120949943,159
elhigh-radmid,elhigh-radmid-az180,180,0,1,1,0.16571436763176356,0.16571436763176356,0.16571436763176356,0.020714295953970445,0.020714295953970445,0.10714646995428609,0.19332691000280433,0.19332691000280433,0.9068945120949943,159
elhigh-radmid,elhigh-radmid-az090,90,0,1,1,0.18234390450942,0.18234390450942,0.18234390450942,0.0227929880636775,0.0227929880636775,0.11618325821874233,0.1961813467200613,0.1961813467200613,0.9068945120949943,159
elhigh-radmid,elhigh-radmid-az225,225,0,1,1,0.2024562970656058,0.2024562970656058,0.2024562970656058,0.025307037133200726,0.025307037133200726,0.13605158625440444,0.1860105995815352,0.1860105995815352,0.9068945120949943,159
elhigh-radmid,elhigh-radmid-az000,0,0,1,1,0.23877242049110414,0.23877242049110414,0.23877242049110414,0.029846552561388018,0.029846552561388018,0.16989085471265353,0.1756807487481846,0.1756807487481846,0.9068945120949943,159
elhigh-radmid,elhigh-radmid-az315,315,1,2,7,0.11652086687998109,0.11113188430450122,0.12253742101298712,0.014565108359997636,0.031408586645408285,0.08505823242103693,0.17123690377082582,0.3692598088558468,0.9068945120949943,159
elhigh-radmid,elhigh-radmid-az270,270,1,2,7,0.11988790924647026,0.10475182748501255,0.1305165982135648,0.014985988655808783,0.03282686409129164,0.08841424160503741,0.16949745181046663,0.3712848009027238,0.9068945120949943,159
elhigh-radmid,elhigh-radmid-az135,135,1,2,7,0.139504234651666,0.12384867067694261,0.14498078937044048,0.01743802933145825,0.03770991674814012,0.10538158932637173,0.1654751028422228,0.35784160202168463,0.9068945120949943,159
elhigh-radmid,elhigh-radmid-az045,45,1,2,7,0.13952322549937984,0.12461887607450617,0.1498766847745776,0.01744040318742248,0.03800739399766559,0.0987682796024617,0.1765789913281814,0.38481376967022,0.9068945120949943,159
elhigh-radmid,elhigh-radmid-az180,180,1,2,7,0.1417415347104281,0.1306102038748615,0.15080802677443195,0.017717691838803513,0.03843198779277396,0.10714646995428609,0.1653595479754279,0.35868645797823223,0.9068945120949943,159
elhigh-radmid,elhigh-radmid-az090,90,1,2,7,0.15792181524272156,0.14401747585290764,0.16768466280205274,0.019740226905340195,0.0425332149690177,0.11618325821874233,0.1699059503751786,0.36608729709523996,0.9068945120949943,159
elhigh-radmid,elhigh-radmid-az225,225,1,2,7,0.17660984881541225,0.1625392466581671,0.18847072513150606,0.02207623110192653,0.04738326823512726,0.13605158625440444,0.16226368034141056,0.3482742799229458,0.9068945120949943,159
elhigh-radmid,elhigh-radmid-az000,0,1,2,7,0.2101990466457362,0.20079724449225386,0.2187811576896907,0.026274880830717023,0.05612143339210504,0.16989085471265353,0.15465741740576494,0.3303381661539495,0.9068945120949943,159
elhigh-radmid,elhigh-radmid-az315,315,2,3,21,0.10075866416570622,0.09138842307411116,0.11595321177313517,0.012594833020713278,0.04400341966612156,0.08505823242103693,0.14807306315006702,0.5173328720059138,0.9068945120949943,159
elhigh-radmid,elhigh-radmid-az270,270,2,3,21,0.10151541175199066,0.08688840034366413,0.11921806041727229,0.012689426468998833,0.04551629056029047,0.08841424160503741,0.14352242623631634,0.5148072271390401,0.9068945120949943,159
elhigh-radmid,elhigh-radmid-az045,45,2,3,21,0.11823802649757614,0.0924784748728043,0.13832309132959142,0.014779753312197018,0.05278714730986261,0.0987682796024617,0.14964068799907138,0.5344544576692914,0.9068945120949943,159
elhigh-radmid,elhigh-radmid-az135,135,2,3,21,0.12078688393559102,0.1010304476141266,0.13205130293857348,0.015098360491948877,0.052808277240089,0.10538158932637173,0.14327322816501226,0.5011148301866969,0.9068945120949943,159
elhigh-radmid,elhigh-radmid-az180,180,2,3,21,0.12227461628801774,0.1095019212472973,0.13540865663572382,0.015284327036002217,0.053716314828776174,0.10714646995428609,0.14264890894234086,0.501335366920573,0.9068945120949943,159
elhigh-radmid,elhigh-radmid-az090,90,2,3,21,0.13687012682486918,0.11757511527054143,0.15301512436916992,0.017108765853108648,0.05964198082212635,0.11618325821874233,0.14725672283090366,0.5133440199261436,0.9068945120949943,159
elhigh-radmid,elhigh-radmid-az225,225,2,3,21,0.15505924563911844,0.1330076638768145,0.17857943455473158,0.019382405704889805,0.06676567394001706,0.13605158625440444,0.14246365102018302,0.49073793094312884,0.9068945120949943,159
elhigh-radmid,elhigh-radmid-az000,0,2,3,21,0.18713491692440642,0.17154303424104717,0.19819613650186196,0.023391864615550803,0.07951329800765584,0.16989085471265353,0.1376876033445994,0.4680257694985489,0.9068945120949943,159
elhigh-radmid,elhigh-radmid-az270,270,3,4,35,0.08696469851489917,0.06992422894465955,0.11012651916735999,0.010870587314362396,0.056386877874652866,0.08841424160503741,0.12295063687729516,0.6377578640163353,0.9068945120949943,159
elhigh-radmid,elhigh-radmid-az315,315,3,4,35,0.0871013858234448,0.07370172053250434,0.10085370942088479,0.0108876732279306,0.05489109289405216,0.08505823242103693,0.12800258032681408,0.6453354523327278,0.9068945120949943,159
elhigh-radmid,elhigh-radmid-az045,45,3,4,35,0.10018710578443835,0.07570610133559941,0.12534588003001074,0.012523388223054793,0.06531053553291741,0.0987682796024617,0.1267956501162207,0.6612501077855122,0.9068945120949943,159
elhigh-radmid,elhigh-radmid-az135,135,3,4,35,0.10543789502742205,0.08374189063030957,0.12263826404457118,0.013179736878427757,0.06598801411851675,0.10538158932637173,0.12506678787705025,0.6261816180637471,0.9068945120949943,159
elhigh-radmid,elhigh-radmid-az180,180,3,4,35,0.10660453991364342,0.09201097655639368,0.12413976187024495,0.013325567489205428,0.0670418823179816,0.10714646995428609,0.12436776960445607,0.6257031365250291,0.9068945120949943,159
elhigh-radmid,elhigh-radmid-az090,90,3,4,35,0.11870013756453078,0.09681016624774308,0.14270913018783776,0.014837517195566348,0.0744794980176927,0.11618325821874233,0.12770787653098203,0.6410518964571257,0.9068945120949943,159
elhigh-radmid,elhigh-radmid-az225,225,3,4,35,0.13711728097068768,0.1117262041909165,0.16054378193120095,0.01713966012133596,0.08390533406135302,0.13605158625440444,0.1259791274266094,0.6167170583697382,0.9068945120949943,159
elhigh-radmid,elhigh-radmid-az000,0,3,4,35,0.16872980661992293,0.15005047841670682,0.18050943396025515,0.021091225827490366,0.1006045238351462,0.16989085471265353,0.12414573970543151,0.5921715092039804,0.9068945120949943,159
elhigh-radmid,elhigh-radmid-az315,315,4,5,35,0.07518919953618092,0.062395226237482615,0.08730549195013915,0.009398649942022615,0.06428974283607478,0.08505823242103693,0.11049665240513633,0.7558321047378642,0.9068945120949943,159
elhigh-radmid,elhigh-radmid-az270,270,4,5,35,0.07559095704967103,0.058441137503570495,0.09411510302974568,0.009448869631208879,0.06583574750586174,0.08841424160503741,0.10687044824089209,0.7446283122572274,0.9068945120949943,159
elhigh-radmid,elhigh-radmid-az045,45,4,5,35,0.08487723966787108,0.062095666733050225,0.11312385632296296,0.010609654958483886,0.0759201904914013,0.0987682796024617,0.10741965944114157,0.7686697672266537,0.9068945120949943,159
elhigh-radmid,elhigh-radmid-az135,135,4,5,35,0.09287211576935109,0.07497124308755287,0.10966105274499027,0.011609014471168886,0.07759702858968563,0.10538158932637173,0.11016169470755677,0.7363433127713038,0.9068945120949943,159
elhigh-radmid,elhigh-radmid-az180,180,4,5,35,0.0940222331364161,0.08079802326923191,0.10848549757186043,0.011752779142052012,0.07879466146003361,0.10714646995428609,0.10968890666268633,0.7353920431877154,0.9068945120949943,159
elhigh-radmid,elhigh-radmid-az090,90,4,5,35,0.1029231457703743,0.08336782324004,0.1243085797268284,0.012865393221296787,0.08734489123898949,0.11618325821874233,0.11073362391915931,0.751785520376285,0.9068945120949943,159
elhigh-radmid,elhigh-radmid-az225,225,4,5,35,0.12209674824408288,0.09502615217375088,0.14776715942090157,0.01526209353051036,0.09916742759186338,0.13605158625440444,0.11217872536944622,0.7288957837391844,0.9068945120949943,159
elhigh-radmid,elhigh-radmid-az000,0,4,5,35,0.1541334910250935,0.13787146509669113,0.16913002848798786,0.019266686378136687,0.1198712102132829,0.16989085471265353,0.11340625962900461,0.7055777688329851,0.9068945120949943,159
elhigh-radmid,elhigh-radmid-az315,315,5,6,21,0.0646622729868988,0.05323337702619102,0.07321044878581828,0.00808278412336235,0.07237252695943713,0.08505823242103693,0.09502647648910331,0.8508585812269676,0.9068945120949943,159
elhigh-radmid,elhigh-radmid-az270,270,5,6,21,0.06674937487078146,0.055726663940277144,0.0792764338477453,0.008343671858847683,0.07417941936470943,0.08841424160503741,0.09437022483459612,0.8389985370918235,0.9068945120949943,159
elhigh-radmid,elhigh-radmid-az045,45,5,6,21,0.07181520445577902,0.055518260834646393,0.09147257925758534,0.008976900556972377,0.08489709104837367,0.0987682796024617,0.09088849773534616,0.8595582649619999,0.9068945120949943,159
elhigh-radmid,elhigh-radmid-az135,135,5,6,21,0.08250439400357026,0.06797583369468108,0.09922911832547743,0.010313049250446283,0.08791007784013191,0.10538158932637173,0.09786386138575197,0.8342071741570557,0.9068945120949943,159
elhigh-radmid,elhigh-radmid-az180,180,5,6,21,0.08381862350544686,0.0720934747207651,0.09896212643936964,0.010477327938180857,0.08927198939821447,0.10714646995428609,0.0977850968179446,0.8331771400056601,0.9068945120949943,159
elhigh-radmid,elhigh-radmid-az090,90,5,6,21,0.08905044975106781,0.07693627505050615,0.10746001154423923,0.011131306218883476,0.09847619745787296,0.11618325821874233,0.09580817743918123,0.8475936978154662,0.9068945120949943,159
elhigh-radmid,elhigh-radmid-az225,225,5,6,21,0.1093104408932675,0.08850579609015974,0.13421658776517464,0.013663805111658437,0.11283123270352181,0.13605158625440444,0.10043106065745039,0.8293268443966348,0.9068945120949943,159
elhigh-radmid,elhigh-radmid-az000,0,5,6,21,0.14249574543272633,0.12741618241218933,0.15616533524322684,0.017811968179090792,0.13768317839237368,0.16989085471265353,0.10484359625606234,0.8104213650890473,0.9068945120949943,159
elhigh-radmid,elhigh-radmid-az315,315,6,7,7,0.05516077385858239,0.04715749442640693,0.05987544148994317,0.006895096732322799,0.07926762369175994,0.08505823242103693,0.08106324968278411,0.9319218309097518,0.9068945120949943,159
elhigh-radmid,elhigh-radmid-az270,270,6,7,7,0.05979513949270549,0.05429003539296029,0.06581093934898596,0.0074743924365881865,0.08165381180129762,0.08841424160503741,0.08453833116589593,0.9235368682577195,0.9068945120949943,159
elhigh-radmid,elhigh-radmid-az045,45,6,7,7,0.06050777645606652,0.051650380195047085,0.07944825165432967,0.007563472057008315,0.09246056310538199,0.0987682796024617,0.07657794676034635,0.9361362117223463,0.9068945120949943,159
elhigh-radmid,elhigh-radmid-az135,135,6,7,7,0.07374957757227144,0.06653690252008637,0.09059214836453122,0.00921869719653393,0.09712877503666584,0.10538158932637173,0.0874792006408557,0.9216863747979114,0.9068945120949943,159
elhigh-radmid,elhigh-radmid-az180,180,6,7,7,0.07528463856984649,0.0682255940811658,0.08408197334309264,0.009410579821230811,0.09868256921944528,0.10714646995428609,0.0878291167711435,0.9210062567768036,0.9068945120949943,159
elhigh-radmid,elhigh-radmid-az090,90,6,7,7,0.07659334781527906,0.07089732306268204,0.0896327723185607,0.009574168476909882,0.10805036593478284,0.11618325821874233,0.08240574953479318,0.9299994473502594,0.9068945120949943,159
elhigh-radmid,elhigh-radmid-az225,225,6,7,7,0.09807115235220441,0.08787190694183356,0.11667819573254812,0.012258894044025552,0.12509012674754735,0.13605158625440444,0.0901047490993784,0.9194315934960131,0.9068945120949943,159
elhigh-radmid,elhigh-radmid-az000,0,6,7,7,0.13296634513562913,0.12487529631358663,0.1410658328909764,0.01662079314195364,0.15430397153432732,0.16989085471265353,0.09783218272734795,0.9082535478163952,0.9068945120949943,159
elhigh-radmid,elhigh-radmid-az315,315,7,8,1,0.04632486983421602,0.04632486983421602,0.04632486983421602,0.0057906087292770025,0.08505823242103694,0.08505823242103693,0.06807816909024843,1.0000000000000002,0.9068945120949943,159
elhigh-radmid,elhigh-radmid-az045,45,7,8,1,0.05046173197663839,0.05046173197663839,0.05046173197663839,0.006307716497079799,0.09876827960246179,0.0987682796024617,0.06386378827765453,1.0000000000000009,0.9068945120949943,159
elhigh-radmid,elhigh-radmid-az270,270,7,8,1,0.054083438429918584,0.054083438429918584,0.054083438429918584,0.006760429803739823,0.08841424160503744,0.08841424160503741,0.07646313174228084,1.0000000000000002,0.9068945120949943,159
elhigh-radmid,elhigh-radmid-az090,90,7,8,1,0.0650631382716762,0.0650631382716762,0.0650631382716762,0.008132892283959525,0.11618325821874237,0.11618325821874233,0.07000055264974099,1.0000000000000004,0.9068945120949943,159
elhigh-radmid,elhigh-radmid-az135,135,7,8,1,0.06602251431764672,0.06602251431764672,0.06602251431764672,0.00825281428970584,0.10538158932637168,0.10538158932637173,0.07831362520208807,0.9999999999999994,0.9068945120949943,159
elhigh-radmid,elhigh-radmid-az180,180,7,8,1,0.06771120587872614,0.06771120587872614,0.06771120587872614,0.008463900734840768,0.10714646995428605,0.10714646995428609,0.07899374322319606,0.9999999999999997,0.9068945120949943,159
elhigh-radmid,elhigh-radmid-az225,225,7,8,1,0.08769167605485684,0.08769167605485684,0.08769167605485684,0.010961459506857105,0.13605158625440444,0.13605158625440444,0.08056840650398699,1.0,0.9068945120949943,159
elhigh-radmid,elhigh-radmid-az000,0,7,8,1,0.12469506542660991,0.12469506542660991,0.12469506542660991,0.015586883178326238,0.16989085471265356,0.16989085471265353,0.09174645218360493,1.0000000000000002,0.9068945120949943,159
elhigh-radfar,elhigh-radfar-az180,180,0,1,1,0.1518181058963631,0.1518181058963631,0.1518181058963631,0.018977263237045388,0.018977263237045388,0.0972291143780633,0.1951808710635239,0.1951808710635239,0.9122108964633643,147
elhigh-radfar,elhigh-radfar-az135,135,0,1,1,0.15306887558417473,0.15306887558417473,0.15306887558417473,0.01913360944802184,0.01913360944802184,0.09646238554993287,0.19835306102934291,0.19835306102934291,0.9122108964633643,147
elhigh-radfar,elhigh-radfar-az225,225,0,1,1,0.16210876580824748,0.16210876580824748,0.16210876580824748,0.020263595726030936,0.020263595726030936,0.09619535291691762,0.21065046399416276,0.21065046399416276,0.9122108964633643,147
elhigh-radfar,elhigh-radfar-az000,0,0,1,1,0.17202074104363047,0.17202074104363047,0.17202074104363047,0.021502592630453808,0.021502592630453808,0.09666795658780322,0.22243764520793471,0.22243764520793471,0.9122108964633643,147
elhigh-radfar,elhigh-radfar-az090,90,0,1,1,0.17366964203717858,0.17366964203717858,0.17366964203717858,0.021708705254647322,0.021708705254647322,0.11212093742853975,0.1936186563591957,0.1936186563591957,0.9122108964633643,147
elhigh-radfar,elhigh-radfar-az270,270,0,1,1,0.18246501281835953,0.18246501281835953,0.18246501281835953,0.02280812660229494,0.02280812660229494,0.11267792372251736,0.20241876890155194,0.20241876890155194,0.9122108964633643,147
elhigh-radfar,elhigh-radfar-az315,315,0,1,1,0.18499992251725925,0.18499992251725925,0.18499992251725925,0.023124990314657406,0.023124990314657406,0.12912470699733214,0.17909036041518525,0.17909036041518525,0.9122108964633643,147
elhigh-radfar,elhigh-radfar-az045,45,0,1,1,0.23465975209118844,0.23465975209118844,0.23465975209118844,0.029332469011398556,0.029332469011398556,0.17173251888225796,0.17080323052565993,0.17080323052565993,0.9122108964633643,147
elhigh-radfar,elhigh-radfar-az180,180,1,2,7,0.1302278779683364,0.11809840928616927,0.14566044640713807,0.01627848474604205,0.035255747983087435,0.0972291143780633,0.1674239742917455,0.3626048453552693,0.9122108964633643,147
elhigh-radfar,elhigh-radfar-az135,135,1,2,7,0.13080694792247965,0.12234259715738832,0.1469112160949497,0.016350868490309957,0.0354844779383318,0.09646238554993287,0.1695051226143073,0.36785818364365025,0.9122108964633643,147
elhigh-radfar,elhigh-radfar-az225,225,1,2,7,0.1361606271381703,0.12519496041759573,0.1559394585922915,0.017020078392271286,0.03728367411830222,0.09619535291691762,0.17693243879432777,0.3875829027884905,0.9122108964633643,147
elhigh-radfar,elhigh-radfar-az000,0,1,2,7,0.14339753478870682,0.13647951685811785,0.14823288558811473,0.017924691848588352,0.03942728447904216,0.09666795658780322,0.18542537239118537,0.4078630175991201,0.9122108964633643,147
elhigh-radfar,elhigh-radfar-az090,90,1,2,7,0.15075355483810443,0.13675583664652682,0.16043911948664746,0.018844194354763054,0.04055289960941037,0.11212093742853975,0.1680702533081602,0.36168890966735584,0.9122108964633643,147
elhigh-radfar,elhigh-radfar-az270,270,1,2,7,0.15711942675064147,0.14636362865477007,0.17002480085556346,0.019639928343830184,0.04244805494612512,0.11267792372251736,0.17430147534663326,0.3767202442481852,0.9122108964633643,147
elhigh-radfar,elhigh-radfar-az315,315,1,2,7,0.16703670850509297,0.15805956558863832,0.17883061530130326,0.02087958856313662,0.04400457887779403,0.12912470699733214,0.1617009559879816,0.34079131640316684,0.9122108964633643,147
elhigh-radfar,elhigh-radfar-az045,45,1,2,7,0.2109951654469655,0.20393347366440204,0.22142922954065733,0.026374395680870688,0.055706864692269244,0.17173251888225796,0.15357834295176975,0.3243815734774297,0.9122108964633643,147
elhigh-radfar,elhigh-radfar-az135,135,2,3,21,0.11219791164797019,0.095307337122504,0.13443322705109506,0.014024738955996274,0.04950921689432808,0.09646238554993287,0.14539075387822017,0.5132489375218705,0.9122108964633643,147
elhigh-radfar,elhigh-radfar-az180,180,2,3,21,0.11224225369738139,0.09953020264709317,0.12779866454263028,0.014030281712172674,0.04928602969526011,0.0972291143780633,0.1443012394170091,0.5069060847722784,0.9122108964633643,147
elhigh-radfar,elhigh-radfar-az225,225,2,3,21,0.11438283734536878,0.09558981895186858,0.1377986537926763,0.014297854668171097,0.05158152878647332,0.09619535291691762,0.14863352786407388,0.5362164306525644,0.9122108964633643,147
elhigh-radfar,elhigh-radfar-az000,0,2,3,21,0.11893408729832561,0.1065878294076828,0.12969012073533948,0.014866760912290701,0.05429404539133286,0.09666795658780322,0.15379202620040142,0.5616550437995215,0.9122108964633643,147
elhigh-radfar,elhigh-radfar-az090,90,2,3,21,0.13111532053547462,0.1183552282510158,0.15069489547234038,0.016389415066934327,0.056942314676344696,0.11212093742853975,0.14617622223663726,0.5078651319039931,0.9122108964633643,147
elhigh-radfar,elhigh-radfar-az270,270,2,3,21,0.13508496661304906,0.11647194120433502,0.15221309200004984,0.016885620826631132,0.05933367577275625,0.11267792372251736,0.14985740124404456,0.5265776454922297,0.9122108964633643,147
elhigh-radfar,elhigh-radfar-az315,315,2,3,21,0.15007292785330595,0.13362732524992055,0.16639040333850713,0.018759115981663244,0.06276369485945726,0.12912470699733214,0.14527905942935326,0.48607037583252005,0.9122108964633643,147
elhigh-radfar,elhigh-radfar-az045,45,2,3,21,0.1905773605335515,0.18219828876407085,0.20200008424442167,0.02382217006669394,0.07952903475896318,0.17173251888225796,0.13871671027562768,0.4630982837530574,0.9122108964633643,147
elhigh-radfar,elhigh-radfar-az225,225,3,4,35,0.0962854113227584,0.07385463405153747,0.1220297731988983,0.0120356764153448,0.06361720520181811,0.09619535291691762,0.12511702541119446,0.6613334560637588,0.9122108964633643,147
elhigh-radfar,elhigh-radfar-az135,135,3,4,35,0.09675491156880542,0.07686303806026795,0.11309973330962736,0.012094363946100677,0.06160358084042876,0.09646238554993287,0.125379067469155,0.6386280049910256,0.9122108964633643,147
elhigh-radfar,elhigh-radfar-az180,180,3,4,35,0.09737489944124572,0.08163104120831632,0.11243181981423367,0.012171862430155715,0.061457892125415824,0.0972291143780633,0.12518742465170407,0.6320935094239825,0.9122108964633643,147
elhigh-radfar,elhigh-radfar-az000,0,3,4,35,0.09814012726787061,0.07964747247906195,0.11611054381631958,0.012267515908483826,0.06656156129981669,0.09666795658780322,0.12690364358060344,0.6885586873801249,0.9122108964633643,147
elhigh-radfar,elhigh-radfar-az090,90,3,4,35,0.11426495402220453,0.10068090333265389,0.13288318661682685,0.014283119252775566,0.07122543392912026,0.11212093742853975,0.12739029462609433,0.6352554265300874,0.9122108964633643,147
elhigh-radfar,elhigh-radfar-az270,270,3,4,35,0.11587529876332983,0.09453123683825893,0.13393962538440718,0.014484412345416229,0.07381808811817248,0.11267792372251736,0.12854702915085475,0.6551246746430844,0.9122108964633643,147
elhigh-radfar,elhigh-radfar-az315,315,3,4,35,0.13410858056189814,0.11558660728587178,0.1525204628044723,0.016763572570237268,0.07952726742969453,0.12912470699733214,0.1298246707393003,0.6158950465718203,0.9122108964633643,147
elhigh-radfar,elhigh-radfar-az045,45,3,4,35,0.1730830628286821,0.1632760537104576,0.1838828063749589,0.021635382853585263,0.10116441761254845,0.17173251888225796,0.125983028691373,0.5890813124444304,0.9122108964633643,147
elhigh-radfar,elhigh-radfar-az000,0,4,5,35,0.0805253833927258,0.06071907486377626,0.09887244224399483,0.010065672924090725,0.07662723422390741,0.09666795658780322,0.10412626147681217,0.7926849488569371,0.9122108964633643,147
elhigh-radfar,elhigh-radfar-az225,225,4,5,35,0.08137836396325471,0.060611486190715436,0.09851938203715882,0.010172295495406838,0.07378950069722495,0.09619535291691762,0.10574622564348286,0.7670796817072417,0.9122108964633643,147
elhigh-radfar,elhigh-radfar-az135,135,4,5,35,0.0839910924931443,0.06416907513152204,0.10631033718684912,0.010498886561643038,0.0721024674020718,0.09646238554993287,0.10883917603518509,0.7474671810262106,0.9122108964633643,147
elhigh-radfar,elhigh-radfar-az180,180,4,5,35,0.08513948155767699,0.06684877056410987,0.10032342696502794,0.010642435194709624,0.07210032732012545,0.0972291143780633,0.10945728820821962,0.7415507976322021,0.9122108964633643,147
elhigh-radfar,elhigh-radfar-az270,270,4,5,35,0.09900408955923153,0.08209102487546294,0.11570279820432272,0.01237551119490394,0.08619359931307642,0.11267792372251736,0.10983084162413298,0.7649555162672175,0.9122108964633643,147
elhigh-radfar,elhigh-radfar-az090,90,4,5,35,0.09971247019120978,0.08681096279861922,0.11431497997775086,0.012464058773901223,0.08368949270302148,0.11212093742853975,0.11116620195799903,0.7464216284880864,0.9122108964633643,147
elhigh-radfar,elhigh-radfar-az315,315,4,5,35,0.11914366663086966,0.10314639532307568,0.13465868093996436,0.014892958328858707,0.09442022575855323,0.12912470699733214,0.11533778991782272,0.731232836489643,0.9122108964633643,147
elhigh-radfar,elhigh-radfar-az045,45,4,5,35,0.15818899781009302,0.145235335746409,0.16910053573075245,0.019773624726261627,0.12093804233881007,0.17173251888225796,0.11514199439314508,0.7042233068375755,0.9122108964633643,147
elhigh-radfar,elhigh-radfar-az000,0,5,6,21,0.06559958436827489,0.048484009718133936,0.08676404939478899,0.00819994804603436,0.08482718226994176,0.09666795658780322,0.08482591683404803,0.877510865690985,0.9122108964633643,147
elhigh-radfar,elhigh-radfar-az225,225,5,6,21,0.06917171015977322,0.05444217897475956,0.08275050144338081,0.008646463769971652,0.0824359644671966,0.09619535291691762,0.08988442276873254,0.8569641044759742,0.9122108964633643,147
elhigh-radfar,elhigh-radfar-az135,135,5,6,21,0.07341959922914595,0.05741783295234393,0.093955995966014,0.009177449903643244,0.08127991730571504,0.09646238554993287,0.09514019222438388,0.8426073732505945,0.9122108964633643,147
elhigh-radfar,elhigh-radfar-az180,180,5,6,21,0.07504966640442286,0.05986143147135714,0.09333608787227499,0.009381208300552857,0.08148153562067831,0.0972291143780633,0.09648558829894509,0.8380363859311473,0.9122108964633643,147
elhigh-radfar,elhigh-radfar-az270,270,5,6,21,0.08398500535850172,0.06995977577025503,0.09977399151606381,0.010498125669812714,0.09669172498288914,0.11267792372251736,0.09316932122094815,0.8581248374881656,0.9122108964633643,147
elhigh-radfar,elhigh-radfar-az090,90,5,6,21,0.08696788393540586,0.07445662157778399,0.09597587086087978,0.010870985491925732,0.09456047819494721,0.11212093742853975,0.09695767571381886,0.8433793042019053,0.9122108964633643,147
elhigh-radfar,elhigh-radfar-az315,315,5,6,21,0.10517818606022043,0.0934021713087686,0.11982006571087711,0.013147273257527554,0.10756749901608079,0.12912470699733214,0.10181841696492051,0.8330512534545635,0.9122108964633643,147
elhigh-radfar,elhigh-radfar-az045,45,5,6,21,0.14557189095551995,0.13293851601999418,0.1542619205016652,0.018196486369439994,0.13913452870825008,0.17173251888225796,0.10595830357508318,0.8101816104126587,0.9122108964633643,147
elhigh-radfar,elhigh-radfar-az000,0,6,7,7,0.05287245888990176,0.04235734005251579,0.06563380774620775,0.00660905736123772,0.09143623963117949,0.09666795658780322,0.06836864659733169,0.9458795122883167,0.9122108964633643,147
elhigh-radfar,elhigh-radfar-az225,225,6,7,7,0.05917546480522936,0.051391505360002254,0.06666852338631668,0.00739693310065367,0.08983289756785028,0.09619535291691762,0.07689491099473673,0.9338590154707109,0.9122108964633643,147
elhigh-radfar,elhigh-radfar-az135,135,6,7,7,0.06455357658496944,0.05691422855281847,0.07535046843100979,0.00806919707312118,0.08934911437883622,0.09646238554993287,0.08365122868482486,0.9262586019354193,0.9122108964633643,147
elhigh-radfar,elhigh-radfar-az180,180,6,7,7,0.0666191203392309,0.059369568903893555,0.07757936767618312,0.008327390042403862,0.08980892566308217,0.0972291143780633,0.08564708313626969,0.9236834690674169,0.9122108964633643,147
elhigh-radfar,elhigh-radfar-az270,270,6,7,7,0.07033171251888803,0.06340648899680601,0.08133794949135564,0.008791464064861004,0.10548318904775014,0.11267792372251736,0.0780229504983693,0.936147787986535,0.9122108964633643,147
elhigh-radfar,elhigh-radfar-az090,90,6,7,7,0.07554121014770825,0.06860800997911598,0.08316032167736687,0.00944265126846353,0.10400312946341074,0.11212093742853975,0.0842184473750213,0.9275977515769266,0.9122108964633643,147
elhigh-radfar,elhigh-radfar-az315,315,6,7,7,0.09221213884995051,0.08641483221601587,0.10137576664864112,0.011526517356243814,0.1190940163723246,0.12912470699733214,0.08926655188059374,0.9223178053351573,0.9122108964633643,147
elhigh-radfar,elhigh-radfar-az045,45,6,7,7,0.13490846774269866,0.12927296976191072,0.14164433424314282,0.016863558467837332,0.1559980871760874,0.17173251888225796,0.09819665243132668,0.9083782628439854,0.9122108964633643,147
elhigh-radfar,elhigh-radfar-az000,0,7,8,1,0.04185373565299011,0.04185373565299011,0.04185373565299011,0.005231716956623764,0.09666795658780325,0.09666795658780322,0.054120487711683554,1.0000000000000002,0.9122108964633643,147
elhigh-radfar,elhigh-radfar-az225,225,7,8,1,0.05089964279253856,0.05089964279253856,0.05089964279253856,0.00636245534906732,0.0961953529169176,0.09619535291691762,0.06614098452928875,0.9999999999999997,0.9122108964633643,147
elhigh-radfar,elhigh-radfar-az135,135,7,8,1,0.056906169368773574,0.056906169368773574,0.056906169368773574,0.007113271171096697,0.09646238554993292,0.09646238554993287,0.0737413980645811,1.0000000000000004,0.9122108964633643,147
elhigh-radfar,elhigh-radfar-az270,270,7,8,1,0.057557877398138,0.057557877398138,0.057557877398138,0.00719473467476725,0.11267792372251739,0.11267792372251736,0.0638522120134653,1.0000000000000002,0.9122108964633643,147
elhigh-radfar,elhigh-radfar-az180,180,7,8,1,0.05936150971984866,0.05936150971984866,0.05936150971984866,0.0074201887149810825,0.09722911437806325,0.0972291143780633,0.07631653093258263,0.9999999999999996,0.9122108964633643,147
elhigh-radfar,elhigh-radfar-az090,90,7,8,1,0.0649424637210324,0.0649424637210324,0.0649424637210324,0.00811780796512905,0.11212093742853979,0.11212093742853975,0.07240224842307383,1.0000000000000004,0.9122108964633643,147
elhigh-radfar,elhigh-radfar-az315,315,7,8,1,0.08024552500005977,0.08024552500005977,0.08024552500005977,0.010030690625007471,0.12912470699733208,0.12912470699733214,0.07768219466484223,0.9999999999999996,0.9122108964633643,147
elhigh-radfar,elhigh-radfar-az045,45,7,8,1,0.1258754536493647,0.1258754536493647,0.1258754536493647,0.015734431706170587,0.171732518882258,0.17173251888225796,0.0916217371560148,1.0000000000000002,0.9122108964633643,147
