target_class,viewpoint,elevation,radius,azimuth,sample_count,scene_count,class_count,micro_precision,micro_recall,micro_f1,target_micro_precision,target_micro_recall,target_micro_f1,mean_precision,mean_recall,mean_f1,mean_ap50,mean_ap50_95,mean_target_precision,mean_target_recall,mean_target_f1,mean_target_ap50,mean_target_ap50_95,mean_strict_quality,mean_match_confidence_iou50,target_visible_rate,target_found_rate,target_absent_view_count,false_alarm_count_when_target_absent,false_alarm_rate_when_target_absent,class_rank_by_target_ap50_95
barrel,ellow-radnear-az000,low,near,0,6,6,1,0.4383561643835616,0.9696969696969697,0.6037735849056604,0.6875,1.0,0.8148148148148148,0.5006419234360411,0.9722222222222222,0.6290341237709659,0.9809027755012115,0.8347054347998437,0.6666666666666666,0.8333333333333334,0.7166666666666667,0.8333333333333334,0.767129629864185,0.7134187237721612,0.753481904665629,0.8333333333333334,0.8333333333333334,1,0,0.0,28
barrel,ellow-radnear-az045,low,near,45,4,4,1,0.18556701030927836,0.72,0.29508196721311475,0.8333333333333334,1.0,0.9090909090909091,0.4630844645550528,0.8653846153846154,0.554700080515298,0.8685762776873414,0.7749136118340764,0.6875,0.75,0.7142857142857143,0.75,0.6250000014901161,0.620689558272228,0.6744024604558945,0.75,0.75,1,0,0.0,56
barrel,ellow-radnear-az090,low,near,90,5,5,1,0.19135802469135801,0.62,0.29245283018867924,0.6470588235294118,0.9166666666666666,0.7586206896551724,0.30279660569693634,0.7135,0.40724049495927117,0.7304589343431801,0.5489858589348446,0.8057142857142857,0.95,0.859090909090909,0.9607142858207226,0.877309524739782,0.869993494162135,0.9123515367507935,1.0,1.0,0,0,0.0,7
barrel,ellow-radnear-az135,low,near,135,2,2,1,0.25210084033613445,0.7317073170731707,0.375,0.8333333333333334,1.0,0.9090909090909091,0.2522598870056497,0.7309523809523809,0.375,0.7408278430025927,0.4488178179829996,0.9,1.0,0.9444444444444444,1.0,0.8181250002235174,0.8051187567197893,0.896449625492096,1.0,1.0,0,0,0.0,16
barrel,ellow-radnear-az180,low,near,180,3,3,1,0.27071823204419887,0.7538461538461538,0.3983739837398374,0.5,0.8333333333333334,0.625,0.26819084441288255,0.7423648247177659,0.3894392844857241,0.7375184643737845,0.470730141891005,0.7619047619047619,0.8888888888888888,0.7999999999999999,0.9047619111481167,0.8158730217388698,0.8426036941235123,0.8892016013463339,1.0,1.0,0,0,0.0,17
barrel,ellow-radnear-az225,low,near,225,5,5,1,0.1813186813186813,0.6875,0.28695652173913044,0.5714285714285714,1.0,0.7272727272727273,0.19046602380789715,0.6829088851160158,0.29503636926975063,0.6655728614766321,0.47295201315104674,0.6333333333333333,1.0,0.76,1.0,0.8735416667163373,0.8664314056311433,0.9253262996673584,1.0,1.0,0,0,0.0,8
barrel,ellow-radnear-az270,low,near,270,3,3,1,0.24347826086956523,0.6829268292682927,0.358974358974359,0.7142857142857143,1.0,0.8333333333333334,0.3264163372859025,0.8645833333333334,0.4672299027137736,0.8336715663317591,0.6608496006897467,0.8666666666666667,1.0,0.9166666666666666,1.0,0.904444445338514,0.8259906860092604,0.8696696559588114,1.0,1.0,0,0,0.0,4
barrel,ellow-radnear-az315,low,near,315,2,2,1,0.37037037037037035,1.0,0.5405405405405406,0.75,1.0,0.8571428571428571,0.3708791208791209,1.0,0.5409356725146199,1.0,0.7678296786837362,0.75,1.0,0.8571428571428571,1.0,0.8416666678463419,0.8203984512296785,0.9024834036827087,1.0,1.0,0,0,0.0,14
barrel,ellow-radmid-az000,low,mid,0,3,3,1,0.3717948717948718,0.9666666666666667,0.5370370370370371,0.6,1.0,0.75,0.5046296296296297,0.9841269841269842,0.6575646575646575,0.9769291288355655,0.7688693424374206,0.4444444444444444,0.6666666666666666,0.5,0.6666666666666666,0.5,0.4914830395556784,0.5787349144617716,0.6666666666666666,0.6666666666666666,1,0,0.0,66
barrel,ellow-radmid-az045,low,mid,45,6,6,1,0.24054982817869416,0.813953488372093,0.3713527851458886,0.4642857142857143,1.0,0.6341463414634146,0.32456385941797844,0.8538943355119826,0.45854912935875064,0.8384405570903773,0.6067808136651777,0.47685185185185186,0.8333333333333334,0.5803418803418804,0.8333333333333334,0.6118634261190892,0.656205737863481,0.7283123731613159,0.8333333333333334,0.8333333333333334,1,0,0.0,59
barrel,ellow-radmid-az090,low,mid,90,3,3,1,0.1386861313868613,0.6333333333333333,0.2275449101796407,0.5714285714285714,1.0,0.7272727272727273,0.1771151461306384,0.7962962962962963,0.26520467836257305,0.7743672593834633,0.6792419203651754,0.5,0.6666666666666666,0.5555555555555555,0.6666666666666666,0.5370370380028531,0.5299663080234952,0.5835317770640055,0.6666666666666666,0.6666666666666666,1,0,0.0,65
barrel,ellow-radmid-az135,low,mid,135,3,3,1,0.175,0.6176470588235294,0.2727272727272727,1.0,1.0,1.0,0.16874236874236873,0.7122153209109731,0.26923614020388215,0.7270000593797975,0.57849875852868,1.0,1.0,1.0,1.0,0.7791666666666667,0.736747191399696,0.8622940381368002,1.0,1.0,0,0,0.0,25
barrel,ellow-radmid-az180,low,mid,180,2,2,1,0.12871287128712872,0.48148148148148145,0.203125,1.0,1.0,1.0,0.11933876811594203,0.5272727272727272,0.19097119097119097,0.5348196791656739,0.3877893695649427,0.5,0.5,0.5,0.5,0.3,0.33405611527240353,0.4305947422981262,0.5,0.5,1,0,0.0,70
barrel,ellow-radmid-az225,low,mid,225,2,2,1,0.2777777777777778,0.8333333333333334,0.4166666666666667,0.6666666666666666,1.0,0.8,0.2812061711079944,0.8375,0.42092840283241545,0.8471015988795028,0.637533378197152,0.6666666666666666,1.0,0.8,1.0,0.7375000003725289,0.7593930966230111,0.8610800504684448,1.0,1.0,0,0,0.0,36
barrel,ellow-radmid-az270,low,mid,270,2,2,1,0.1414141414141414,0.6666666666666666,0.23333333333333334,0.42857142857142855,1.0,0.6,0.3449438202247191,0.7666666666666666,0.45192307692307687,0.7240583246336815,0.572170713929019,0.4666666666666667,1.0,0.625,1.0,0.7515740787706993,0.787558946197084,0.8949131965637207,1.0,1.0,0,0,0.0,33
barrel,ellow-radmid-az315,low,mid,315,1,1,1,0.26666666666666666,0.8,0.4,1.0,1.0,1.0,0.26666666666666666,0.8,0.4,0.8266666783889134,0.7380000114887952,1.0,1.0,1.0,1.0,0.855555557873514,0.7567085428545504,0.867435872554779,1.0,1.0,0,0,0.0,11
barrel,ellow-radfar-az000,low,far,0,7,7,1,0.2835249042145594,0.7115384615384616,0.4054794520547945,0.52,0.9285714285714286,0.6666666666666666,0.3779545537914724,0.8344049878015722,0.4993606882843548,0.8335509051179724,0.6299396085726828,0.5654761904761905,0.7857142857142857,0.6051329622758194,0.8214285714285714,0.6169642864327346,0.6387903790365428,0.7308875322341919,0.8571428571428571,0.8571428571428571,1,0,0.0,57
barrel,ellow-radfar-az045,low,far,45,3,3,1,0.2,0.8181818181818182,0.32142857142857145,0.8,1.0,0.8888888888888888,0.1749194847020934,0.791919191919192,0.28164426472066,0.7395370885087544,0.4918715028614343,0.8333333333333334,1.0,0.8888888888888888,1.0,0.6958333333333333,0.7021424162629787,0.8293928305308024,1.0,1.0,0,0,0.0,44
barrel,ellow-radfar-az135,low,far,135,7,7,1,0.2492753623188406,0.7678571428571429,0.37636761487964987,0.6086956521739131,1.0,0.7567567567567568,0.25842328897254685,0.8222979573911251,0.39116734726490826,0.8282780302100147,0.575346594735006,0.6761904761904762,0.8571428571428571,0.7244897959183673,0.8571428571428571,0.5893353184892073,0.6024876655331138,0.7119137559618268,0.8571428571428571,0.8571428571428571,1,0,0.0,63
barrel,ellow-radfar-az180,low,far,180,3,3,1,0.3023255813953488,0.78,0.43575418994413406,0.6666666666666666,0.8,0.7272727272727273,0.3302497422385153,0.8021442495126706,0.46520214777699564,0.7932588175866032,0.5797758299577825,0.8333333333333334,0.8333333333333334,0.7777777777777777,0.9166666666666666,0.5666666666666668,0.6605332834248543,0.8008985718091329,1.0,1.0,0,0,0.0,64
barrel,ellow-radfar-az225,low,far,225,3,3,1,0.2087912087912088,0.8636363636363636,0.336283185840708,0.625,1.0,0.7692307692307693,0.46230158730158727,0.8916666666666666,0.535904255319149,0.8321676659619524,0.7383833362116285,0.5238095238095238,0.6666666666666666,0.5757575757575758,0.6666666666666666,0.39365079452594126,0.40809666683242324,0.5422888994216919,0.6666666666666666,0.6666666666666666,1,0,0.0,68
barrel,ellow-radfar-az270,low,far,270,5,5,1,0.34394904458598724,0.8571428571428571,0.4909090909090909,0.5,1.0,0.6666666666666666,0.5138005698005699,0.902020202020202,0.6253360378634213,0.8880089969438242,0.7128546894653512,0.1,0.2,0.13333333333333333,0.2,0.12,0.12868286655710648,0.16779682636260987,0.2,0.2,4,0,0.0,71
barrel,ellow-radfar-az315,low,far,315,2,2,1,0.3488372093023256,1.0,0.5172413793103449,1.0,1.0,1.0,0.3388888888888889,1.0,0.5031055900621119,1.0,0.7920141432309993,0.5,0.5,0.5,0.5,0.3828125,0.39048631590056004,0.4218805432319641,0.5,0.5,1,0,0.0,69
barrel,elmid-radnear-az000,mid,near,0,1,1,1,1.0,1.0,1.0,1.0,1.0,1.0,1.0,1.0,1.0,1.0,0.94375,1.0,1.0,1.0,1.0,0.911111115747028,0.761199950657911,0.8809545040130615,1.0,1.0,0,0,0.0,2
barrel,elmid-radnear-az045,mid,near,45,2,2,1,0.6666666666666666,1.0,0.8,0.5,1.0,0.6666666666666666,0.75,1.0,0.8333333333333333,1.0,0.971875,0.6666666666666666,1.0,0.75,1.0,0.8500000000000001,0.7784865213387047,0.8692938983440399,1.0,1.0,0,0,0.0,12
barrel,elmid-radnear-az090,mid,near,90,4,4,1,0.8666666666666667,1.0,0.9285714285714286,1.0,1.0,1.0,0.9,1.0,0.9375,1.0,0.9241666672130425,1.0,1.0,1.0,1.0,0.8562500000000001,0.7818411200244713,0.8636544346809387,1.0,1.0,0,0,0.0,10
barrel,elmid-radnear-az135,mid,near,135,3,3,1,0.375,1.0,0.5454545454545454,0.625,1.0,0.7692307692307693,0.6413043478260869,1.0,0.7178130511463845,1.0,0.9236014514639974,0.7999999999999999,1.0,0.8571428571428572,1.0,0.9116666667163372,0.8305873921227883,0.8730882207552592,1.0,1.0,0,0,0.0,1
barrel,elmid-radnear-az180,mid,near,180,2,2,1,0.3181818181818182,0.875,0.4666666666666667,0.6666666666666666,1.0,0.8,0.4270833333333333,0.875,0.55,0.88671875,0.8374999999999999,0.75,1.0,0.8333333333333333,1.0,0.9,0.7895015706276247,0.8556593656539917,1.0,1.0,0,0,0.0,6
barrel,elmid-radnear-az225,mid,near,225,3,3,1,0.631578947368421,1.0,0.7741935483870968,0.375,1.0,0.5454545454545454,0.6388888888888888,1.0,0.7746031746031745,1.0,0.8836805563420057,0.4166666666666667,1.0,0.5777777777777778,1.0,0.7000000000000001,0.7112101490025111,0.858177900314331,1.0,1.0,0,0,0.0,41
barrel,elmid-radnear-az270,mid,near,270,2,2,1,0.6666666666666666,1.0,0.8,1.0,1.0,1.0,0.6785714285714286,1.0,0.7948717948717948,0.9583333358168602,0.7279464302797403,1.0,1.0,1.0,1.0,0.7576388904617892,0.7516350857336498,0.8937435448169708,1.0,1.0,0,0,0.0,31
barrel,elmid-radnear-az315,mid,near,315,2,2,1,0.9,1.0,0.9473684210526315,1.0,1.0,1.0,0.9285714285714286,1.0,0.9615384615384615,1.0,0.9323412697200502,1.0,1.0,1.0,1.0,0.9109375,0.8182182399148701,0.8764364719390869,1.0,1.0,0,0,0.0,3
barrel,elmid-radmid-az000,mid,mid,0,7,7,1,0.6741573033707865,1.0,0.8053691275167785,0.7894736842105263,1.0,0.8823529411764706,0.8355742296918767,1.0,0.8842221608179054,0.9992150704097149,0.8844812205066799,0.9047619047619048,1.0,0.9285714285714286,1.0,0.8393353178624123,0.7618851774032152,0.8482766492026192,1.0,1.0,0,0,0.0,15
barrel,elmid-radmid-az045,mid,mid,45,2,2,1,0.5833333333333334,0.9333333333333333,0.717948717948718,0.4,1.0,0.5714285714285714,0.6013986013986015,0.9166666666666667,0.7131578947368421,0.9326922999551663,0.7584819322474816,0.6666666666666666,1.0,0.75,1.0,0.7296296306920271,0.7360406388338507,0.8633352220058441,1.0,1.0,0,0,0.0,38
barrel,elmid-radmid-az090,mid,mid,90,3,3,1,0.7058823529411765,1.0,0.8275862068965517,1.0,1.0,1.0,0.8611111111111112,1.0,0.912280701754386,1.0,0.8481547629371996,1.0,1.0,1.0,1.0,0.7666666666666666,0.7265525995290348,0.8350288073221842,1.0,1.0,0,0,0.0,29
barrel,elmid-radmid-az135,mid,mid,135,1,1,1,0.08695652173913043,1.0,0.16,0.05,1.0,0.09523809523809523,0.08695652173913043,1.0,0.16,1.0,0.9510869565419853,0.05,1.0,0.09523809523809523,1.0,0.9,0.8299292449612139,0.8867248892784119,1.0,1.0,0,0,0.0,5
barrel,elmid-radmid-az180,mid,mid,180,4,4,1,0.4473684210526316,0.9714285714285714,0.6126126126126126,0.7692307692307693,1.0,0.8695652173913043,0.5327546296296296,0.9833333333333334,0.6688888888888889,0.9865432106528753,0.808082397229055,0.7708333333333334,1.0,0.8392857142857143,1.0,0.6817708337679506,0.7245367459570868,0.8496082127094269,1.0,1.0,0,0,0.0,49
barrel,elmid-radmid-az225,mid,mid,225,3,3,1,0.5882352941176471,1.0,0.7407407407407407,1.0,1.0,1.0,0.671957671957672,1.0,0.7808857808857809,1.0,0.8686217323034592,1.0,1.0,1.0,1.0,0.7312500000000001,0.7069888495672588,0.8516201376914978,1.0,1.0,0,0,0.0,37
barrel,elmid-radmid-az270,mid,mid,270,4,4,1,0.8333333333333334,0.9615384615384616,0.8928571428571429,1.0,0.8571428571428571,0.9230769230769231,0.8597222222222223,0.95,0.8995798319327731,0.9700000020861625,0.8549181580296275,1.0,0.875,0.9166666666666666,0.9375,0.7506944448583656,0.737368899911985,0.8480935394763947,1.0,1.0,0,0,0.0,34
barrel,elmid-radmid-az315,mid,mid,315,5,5,1,0.4520547945205479,0.9705882352941176,0.616822429906542,0.6666666666666666,1.0,0.8,0.4659244264507422,0.96,0.6137182614981477,0.9627777794665761,0.8129113861881525,0.8666666666666666,1.0,0.9,1.0,0.7938888903624483,0.7314424844519081,0.8476040244102478,1.0,1.0,0,0,0.0,23
barrel,elmid-radfar-az000,mid,far,0,1,1,1,1.0,1.0,1.0,1.0,1.0,1.0,1.0,1.0,1.0,1.0,0.8875,1.0,1.0,1.0,1.0,0.7,0.6814616568724219,0.828278124332428,1.0,1.0,0,0,0.0,42
barrel,elmid-radfar-az045,mid,far,45,3,3,1,0.525,1.0,0.6885245901639344,0.6428571428571429,1.0,0.782608695652174,0.5765567765567766,1.0,0.7222222222222223,1.0,0.8525554044111855,0.8148148148148149,1.0,0.8717948717948718,1.0,0.7781250000931322,0.7604547489326402,0.853342592716217,1.0,1.0,0,0,0.0,27
barrel,elmid-radfar-az090,mid,far,90,4,4,1,0.6896551724137931,1.0,0.8163265306122449,0.7,1.0,0.8235294117647058,0.7407258064516129,1.0,0.8487301587301588,1.0,0.8777257289738903,0.7916666666666666,1.0,0.8666666666666667,1.0,0.6937500002793968,0.7140749182504713,0.823132112622261,1.0,1.0,0,0,0.0,45
barrel,elmid-radfar-az135,mid,far,135,4,4,1,0.3108108108108108,0.9583333333333334,0.46938775510204084,0.34615384615384615,1.0,0.5142857142857142,0.36251128740970073,0.9375,0.5035022148394241,0.9152609838820105,0.6754624538210553,0.4791666666666667,1.0,0.5880952380952381,0.9375,0.459114583581686,0.6067207436829154,0.8171917349100113,1.0,1.0,0,0,0.0,67
barrel,elmid-radfar-az180,mid,far,180,2,2,1,0.38461538461538464,0.8333333333333334,0.5263157894736842,1.0,1.0,1.0,0.3869047619047619,0.8333333333333334,0.5277777777777778,0.8655753807416038,0.7158730153511795,1.0,1.0,1.0,1.0,0.6,0.6490249026940056,0.8369109034538269,1.0,1.0,0,0,0.0,60
barrel,elmid-radfar-az225,mid,far,225,5,5,1,0.5428571428571428,0.95,0.6909090909090909,0.9090909090909091,1.0,0.9523809523809523,0.6820833333333333,0.9692307692307691,0.7855555555555556,0.974519232288003,0.8421321665980429,0.9333333333333333,1.0,0.96,1.0,0.8712500001490117,0.7426669908613668,0.8262009143829345,1.0,1.0,0,0,0.0,9
barrel,elmid-radfar-az270,mid,far,270,1,1,1,0.6470588235294118,1.0,0.7857142857142857,0.6666666666666666,1.0,0.8,0.6470588235294118,1.0,0.7857142857142858,1.0,0.9177807578448464,0.6666666666666666,1.0,0.8,1.0,0.6333333343267441,0.7207770094885859,0.8388461470603943,1.0,1.0,0,0,0.0,54
barrel,elmid-radfar-az315,mid,far,315,1,1,1,0.4166666666666667,0.9090909090909091,0.5714285714285714,0.6666666666666666,1.0,0.8,0.4166666666666667,0.9090909090909091,0.5714285714285715,0.9115014028409627,0.7668732923545334,0.6666666666666666,1.0,0.8,1.0,0.716666667163372,0.7201036946884471,0.832405149936676,1.0,1.0,0,0,0.0,39
barrel,elhigh-radnear-az000,high,near,0,2,2,1,1.0,1.0,1.0,1.0,1.0,1.0,1.0,1.0,1.0,1.0,0.900882229675241,1.0,1.0,1.0,1.0,0.7888888897167312,0.7174028259763165,0.8210316002368927,1.0,1.0,0,0,0.0,24
barrel,elhigh-radnear-az045,high,near,45,1,1,1,1.0,1.0,1.0,1.0,1.0,1.0,1.0,1.0,1.0,1.0,0.8625,1.0,1.0,1.0,1.0,0.8,0.7123035355466456,0.8284043669700623,1.0,1.0,0,0,0.0,20
barrel,elhigh-radnear-az090,high,near,90,2,2,1,0.7647058823529411,1.0,0.8666666666666667,1.0,1.0,1.0,0.775,1.0,0.873015873015873,1.0,0.9068783082107388,1.0,1.0,1.0,1.0,0.8,0.7277310723575781,0.8519643545150757,1.0,1.0,0,0,0.0,19
barrel,elhigh-radnear-az135,high,near,135,3,3,1,0.9230769230769231,1.0,0.96,1.0,1.0,1.0,0.9629629629629629,1.0,0.9803921568627452,1.0,0.8732407410163433,1.0,1.0,1.0,1.0,0.7458333333333332,0.6876614312665718,0.8175145586331686,1.0,1.0,0,0,0.0,35
barrel,elhigh-radnear-az180,high,near,180,2,2,1,0.7777777777777778,1.0,0.875,0.7142857142857143,1.0,0.8333333333333334,0.8571428571428572,1.0,0.9166666666666666,1.0,0.8505654730913894,0.8333333333333333,1.0,0.9,1.0,0.760416666790843,0.7305457294554252,0.831788957118988,1.0,1.0,0,0,0.0,30
barrel,elhigh-radnear-az225,high,near,225,4,4,1,0.7058823529411765,0.9230769230769231,0.8,1.0,1.0,1.0,0.7738095238095238,0.9375,0.8363636363636364,0.9508928572759032,0.8535590295265947,1.0,1.0,1.0,1.0,0.690625,0.6672795591823544,0.8113858103752136,1.0,1.0,0,0,0.0,46
barrel,elhigh-radnear-az270,high,near,270,3,3,1,0.7096774193548387,1.0,0.8301886792452831,1.0,1.0,1.0,0.708994708994709,1.0,0.8228163992869876,1.0,0.8179735433840092,1.0,1.0,1.0,1.0,0.7791666666666667,0.7074552948202045,0.8229652047157288,1.0,1.0,0,0,0.0,26
barrel,elhigh-radnear-az315,high,near,315,3,3,1,0.7894736842105263,1.0,0.8823529411764706,1.0,1.0,1.0,0.8148148148148149,1.0,0.8916666666666667,1.0,0.9171626990749723,1.0,1.0,1.0,1.0,0.6875,0.6863429580664722,0.8257931272188822,1.0,1.0,0,0,0.0,47
barrel,elhigh-radmid-az000,high,mid,0,4,4,1,0.7878787878787878,1.0,0.8813559322033898,1.0,1.0,1.0,0.8601190476190477,1.0,0.9149797570850202,0.9955357145518064,0.8583392878259044,1.0,1.0,1.0,1.0,0.7564236114008559,0.7175798672020433,0.8317893743515015,1.0,1.0,0,0,0.0,32
barrel,elhigh-radmid-az045,high,mid,45,4,4,1,0.5384615384615384,1.0,0.7,0.5263157894736842,1.0,0.6896551724137931,0.6247491638795987,1.0,0.7304942810457516,1.0,0.8348552355706904,0.7182539682539683,1.0,0.8038461538461539,1.0,0.6325892865391713,0.6578071002806407,0.8331214934587479,1.0,1.0,0,0,0.0,55
barrel,elhigh-radmid-az090,high,mid,90,3,3,1,0.6666666666666666,1.0,0.8,0.8571428571428571,1.0,0.9230769230769231,0.6814814814814815,1.0,0.8083333333333332,1.0,0.791902560997669,0.8888888888888888,1.0,0.9333333333333332,1.0,0.5916666666666667,0.6319537838863477,0.8430646061897278,1.0,1.0,0,0,0.0,62
barrel,elhigh-radmid-az135,high,mid,135,5,5,1,0.52,0.9285714285714286,0.6666666666666666,0.4166666666666667,0.8333333333333334,0.5555555555555556,0.6083333333333333,0.95,0.72,0.959375,0.8490625002980232,0.7,0.9,0.75,0.908333333581686,0.6158333335071802,0.6589550242529633,0.8063828706741333,1.0,1.0,0,0,0.0,58
barrel,elhigh-radmid-az180,high,mid,180,4,4,1,0.543859649122807,0.96875,0.6966292134831461,1.0,1.0,1.0,0.7044956140350878,0.96875,0.7817887931034483,0.9733072915114462,0.849430204251451,1.0,1.0,1.0,1.0,0.699479166790843,0.7063369312201786,0.8306898176670074,1.0,1.0,0,0,0.0,43
barrel,elhigh-radmid-az225,high,mid,225,2,2,1,0.85,1.0,0.918918918918919,1.0,1.0,1.0,0.8452380952380952,1.0,0.916083916083916,1.0,0.8616832058284452,1.0,1.0,1.0,1.0,0.6,0.6348066063965785,0.8078014850616455,1.0,1.0,0,0,0.0,61
barrel,elhigh-radmid-az270,high,mid,270,4,4,1,0.62,1.0,0.7654320987654321,0.8333333333333334,1.0,0.9090909090909091,0.7744565217391304,1.0,0.8433179723502304,0.9875710234045982,0.8252860456874946,0.9166666666666666,1.0,0.95,1.0,0.6645833333954214,0.65204206394296,0.8103770911693573,1.0,1.0,0,0,0.0,52
barrel,elhigh-radmid-az315,high,mid,315,1,1,1,0.6153846153846154,1.0,0.7619047619047619,1.0,1.0,1.0,0.6153846153846154,1.0,0.761904761904762,0.9659090936183929,0.6870483702514321,1.0,1.0,1.0,1.0,0.684375,0.7194501350527815,0.8269653916358948,1.0,1.0,0,0,0.0,48
barrel,elhigh-radfar-az000,high,far,0,1,1,1,0.6,1.0,0.75,1.0,1.0,1.0,0.6,1.0,0.7499999999999999,1.0,0.8945679054915168,1.0,1.0,1.0,1.0,0.8,0.6789681384816468,0.7662369608879089,1.0,1.0,0,0,0.0,21
barrel,elhigh-radfar-az045,high,far,45,1,1,1,1.0,1.0,1.0,1.0,1.0,1.0,1.0,1.0,1.0,1.0,0.7340000047385693,1.0,1.0,1.0,1.0,0.6388888941870796,0.6118216001928829,0.8445103168487549,1.0,1.0,0,0,0.0,53
barrel,elhigh-radfar-az090,high,far,90,2,2,1,0.3157894736842105,1.0,0.48,0.3333333333333333,1.0,0.5,0.3157894736842105,1.0,0.47756410256410253,1.0,0.8619849677489215,0.325,1.0,0.48571428571428577,1.0,0.6650000000372529,0.6321071372557441,0.7882197797298431,1.0,1.0,0,0,0.0,51
barrel,elhigh-radfar-az135,high,far,135,1,1,1,0.15,1.0,0.2608695652173913,0.06666666666666667,1.0,0.125,0.15,1.0,0.2608695652173913,1.0,0.936666670491298,0.06666666666666667,1.0,0.125,1.0,0.8,0.6113819963685536,0.7096485495567322,1.0,1.0,0,0,0.0,22
barrel,elhigh-radfar-az180,high,far,180,2,2,1,0.9166666666666666,1.0,0.9565217391304348,0.8,1.0,0.8888888888888888,0.9,1.0,0.9444444444444444,1.0,0.8234438796869802,0.875,1.0,0.9285714285714286,1.0,0.711111116492086,0.7519292966142324,0.8161330819129944,1.0,1.0,0,0,0.0,40
barrel,elhigh-radfar-az225,high,far,225,3,3,1,0.6842105263157895,1.0,0.8125,0.7142857142857143,1.0,0.8333333333333334,0.7777777777777778,1.0,0.8585858585858586,1.0,0.8669629679774796,0.7222222222222222,1.0,0.8222222222222223,1.0,0.6791666669150193,0.6554165490727103,0.7794494231541952,1.0,1.0,0,0,0.0,50
barrel,elhigh-radfar-az270,high,far,270,2,2,1,0.75,1.0,0.8571428571428571,1.0,1.0,1.0,0.8333333333333333,1.0,0.9,1.0,0.9348958329297603,1.0,1.0,1.0,1.0,0.8500000000000001,0.690068597428855,0.7716528177261353,1.0,1.0,0,0,0.0,13
barrel,elhigh-radfar-az315,high,far,315,2,2,1,0.55,1.0,0.7096774193548387,0.6,1.0,0.75,0.7,1.0,0.7857142857142858,1.0,0.9033333365619183,0.75,1.0,0.8333333333333333,1.0,0.80625,0.7066921633131447,0.7750464677810669,1.0,1.0,0,0,0.0,18
container,ellow-radnear-az000,low,near,0,6,6,1,0.4230769230769231,1.0,0.5945945945945946,0.9,1.0,0.9473684210526315,0.6724887766554434,1.0,0.7694749694749694,0.9719742077092329,0.8804144632692138,0.7916666666666666,0.8333333333333334,0.8095238095238094,0.8333333333333334,0.8270833333333334,0.8000331629442154,0.815064013004303,0.8333333333333334,0.8333333333333334,1,0,0.0,67
container,ellow-radnear-az045,low,near,45,5,5,1,0.23178807947019867,0.7608695652173914,0.3553299492385787,0.6,1.0,0.75,0.28441176470588236,0.841025641025641,0.41815416104572734,0.8506748631128822,0.7229087065313602,0.7207142857142858,1.0,0.8068686868686867,1.0,0.9408115108050998,0.9508172412720548,0.9751950740814209,1.0,1.0,0,0,0.0,52
container,ellow-radnear-az090,low,near,90,1,1,1,0.6666666666666666,1.0,0.8,0.5,1.0,0.6666666666666666,0.6666666666666666,1.0,0.8,1.0,1.0,0.5,1.0,0.6666666666666666,1.0,1.0,0.9465117432155807,0.9626413583755493,1.0,1.0,0,0,0.0,7
container,ellow-radnear-az135,low,near,135,6,6,1,0.5,0.9142857142857143,0.6464646464646465,0.8095238095238095,0.9444444444444444,0.8717948717948718,0.6207717569786535,0.9363636363636364,0.7308404558404558,0.9409143165342487,0.8566333055978478,0.875,0.9583333333333334,0.9027777777777778,0.9739583333333334,0.9471064832751398,0.9487248545168944,0.9741238951683044,1.0,1.0,0,0,0.0,49
container,ellow-radnear-az180,low,near,180,5,5,1,0.2604166666666667,0.8928571428571429,0.4032258064516129,0.5454545454545454,1.0,0.7058823529411765,0.3179700328407225,0.8977777777777778,0.4633809266626604,0.8960459100245559,0.8406079837155195,0.6833333333333333,1.0,0.7619047619047619,1.0,0.9759375002980232,0.9508761463252753,0.9722632050514222,1.0,1.0,0,0,0.0,42
container,ellow-radnear-az225,low,near,225,4,4,1,0.2463768115942029,0.68,0.3617021276595745,0.4583333333333333,0.7857142857142857,0.5789473684210527,0.4852042337507454,0.8571428571428571,0.5885792913656691,0.862645350588467,0.7835689836059603,0.6583333333333333,0.85,0.731045751633987,0.8625000017384687,0.8477083352083961,0.9524328210331294,0.9775955975055695,1.0,1.0,0,0,0.0,65
container,ellow-radnear-az270,low,near,270,1,1,1,1.0,1.0,1.0,1.0,1.0,1.0,1.0,1.0,1.0,1.0,0.925,1.0,1.0,1.0,1.0,1.0,0.9761259281592061,0.9859762191772461,1.0,1.0,0,0,0.0,1
container,ellow-radnear-az315,low,near,315,3,3,1,0.58,1.0,0.7341772151898734,0.8333333333333334,1.0,0.9090909090909091,0.603312629399586,1.0,0.7417582417582418,1.0,0.8560451738440268,0.8666666666666667,1.0,0.9166666666666666,1.0,0.9519907432353055,0.9574487286554559,0.9739787975947062,1.0,1.0,0,0,0.0,48
container,ellow-radmid-az000,low,mid,0,2,2,1,0.21468926553672316,0.8636363636363636,0.3438914027149321,0.4375,1.0,0.6086956521739131,0.215964866959442,0.8666666666666667,0.34575260804769004,0.8518952618496705,0.5862943007654634,0.625,1.0,0.7,0.9583333358168602,0.8727430629647441,0.9477049467739747,0.9685159027576447,1.0,1.0,0,0,0.0,62
container,ellow-radmid-az045,low,mid,45,2,2,1,0.23076923076923078,0.7894736842105263,0.35714285714285715,0.6666666666666666,1.0,0.8,0.4433497536945813,0.8571428571428572,0.5555555555555556,0.851600986836579,0.7122946914085275,0.75,1.0,0.8333333333333333,1.0,0.91875,0.9530541661712935,0.9704175889492035,1.0,1.0,0,0,0.0,56
container,ellow-radmid-az090,low,mid,90,2,2,1,0.30303030303030304,0.8695652173913043,0.449438202247191,1.0,1.0,1.0,0.2809123649459784,0.8444444444444444,0.4206241519674355,0.8361573595232985,0.6191001194496555,1.0,1.0,1.0,1.0,0.98125,0.9523594791444658,0.9697525799274445,1.0,1.0,0,0,0.0,37
container,ellow-radmid-az135,low,mid,135,1,1,1,0.6666666666666666,1.0,0.8,0.75,1.0,0.8571428571428571,0.6666666666666666,1.0,0.8,1.0,0.98125,0.75,1.0,0.8571428571428571,1.0,0.9750000014901161,0.9374928445829198,0.960112452507019,1.0,1.0,0,0,0.0,44
container,ellow-radmid-az180,low,mid,180,3,3,1,0.21333333333333335,0.64,0.32,0.4,0.7272727272727273,0.5161290322580645,0.2481359649122807,0.6871980676328503,0.3636502411919155,0.594496325218482,0.46648874439644006,0.5370370370370371,0.75,0.6068376068376068,0.6944444462036093,0.6830439836269727,0.9311077916222933,0.961381753285726,1.0,1.0,0,0,0.0,72
container,ellow-radmid-az225,low,mid,225,1,1,1,0.2972972972972973,0.6875,0.41509433962264153,1.0,0.5,0.6666666666666666,0.2972972972972973,0.6875,0.41509433962264153,0.6584318708628416,0.3387861306546256,1.0,0.5,0.6666666666666666,0.75,0.75,0.9472327721336953,0.9645494222640991,1.0,1.0,0,0,0.0,70
container,ellow-radmid-az270,low,mid,270,3,3,1,0.6923076923076923,1.0,0.8181818181818182,0.6,1.0,0.75,0.8518518518518517,1.0,0.9047619047619048,1.0,0.9674074094383805,0.8333333333333334,1.0,0.8888888888888888,1.0,0.9718749999999999,0.9454427343674752,0.9681902130444845,1.0,1.0,0,0,0.0,45
container,ellow-radmid-az315,low,mid,315,5,5,1,0.3877551020408163,0.8444444444444444,0.5314685314685315,0.5172413793103449,1.0,0.6818181818181818,0.5457659167336587,0.9150877192982456,0.6506786289394986,0.899106688387004,0.7748304607390348,0.6152380952380951,1.0,0.740909090909091,1.0,0.9252777801412675,0.9436245648224932,0.9674557089805603,1.0,1.0,0,0,0.0,54
container,ellow-radfar-az000,low,far,0,4,4,1,0.2782608695652174,0.8311688311688312,0.4169381107491857,0.5454545454545454,0.8571428571428571,0.6666666666666666,0.3653099660526058,0.8851890756302521,0.5107392607392608,0.8815459917793251,0.6360555992196967,0.696969696969697,0.875,0.75625,0.895833333954215,0.8547727285926654,0.9117939717794563,0.9487611055374146,1.0,1.0,0,0,0.0,64
container,ellow-radfar-az045,low,far,45,4,4,1,0.15348837209302327,0.6346153846153846,0.24719101123595505,0.4117647058823529,0.7777777777777778,0.5384615384615384,0.18805251416968632,0.6780753968253969,0.2917284877421641,0.677226461176003,0.47951421192037647,0.5196428571428572,0.8541666666666666,0.6113636363636363,0.8842261948312322,0.834226193788151,0.9252543351531841,0.958306223154068,1.0,1.0,0,0,0.0,66
container,ellow-radfar-az090,low,far,90,2,2,1,0.3829787234042553,1.0,0.5538461538461539,0.7272727272727273,1.0,0.8421052631578947,0.3946360153256705,1.0,0.5641025641025641,1.0,0.9070785441680658,0.7857142857142857,1.0,0.8636363636363636,1.0,0.9436755958944559,0.919592731766226,0.9544466137886047,1.0,1.0,0,0,0.0,50
container,ellow-radfar-az135,low,far,135,4,4,1,0.35526315789473684,0.7941176470588235,0.4909090909090909,0.3548387096774194,0.7333333333333333,0.4782608695652174,0.5290875790875791,0.8358585858585859,0.6240953490953491,0.8466747942902745,0.7456241614531764,0.5785714285714285,0.8,0.6215686274509804,0.8100000008568168,0.7688417675074131,0.9173298302939141,0.9541188031435013,1.0,1.0,0,0,0.0,68
container,ellow-radfar-az180,low,far,180,3,3,1,0.25,0.8333333333333334,0.38461538461538464,0.28,1.0,0.4375,0.494949494949495,0.8653198653198654,0.5761786600496278,0.8612562484280596,0.688094940455723,0.5178571428571429,1.0,0.6074074074074074,1.0,0.8886160734863507,0.9078947425873428,0.9460378090540568,1.0,1.0,0,0,0.0,60
container,ellow-radfar-az225,low,far,225,3,3,1,0.1568627450980392,0.6956521739130435,0.256,0.19230769230769232,0.625,0.29411764705882354,0.18346774193548387,0.7985347985347985,0.2965176381814752,0.7422522314032038,0.5834098165875538,0.2738095238095238,0.75,0.3925925925925926,0.7589285718277097,0.7276785718277097,0.9444991863954056,0.9643833835919698,1.0,1.0,0,0,0.0,71
container,ellow-radfar-az270,low,far,270,1,1,1,0.38461538461538464,0.8333333333333334,0.5263157894736842,0.5,0.8,0.6153846153846154,0.38461538461538464,0.8333333333333334,0.5263157894736842,0.8376068254439248,0.7976495648200956,0.5,0.8,0.6153846153846154,0.8100000137090682,0.7630000134259461,0.9218356592247261,0.962566614151001,1.0,1.0,0,0,0.0,69
container,ellow-radfar-az315,low,far,315,1,1,1,0.25,0.6666666666666666,0.36363636363636365,1.0,1.0,1.0,0.25,0.6666666666666666,0.36363636363636365,0.7083333507180214,0.4729166688863188,1.0,1.0,1.0,1.0,0.8625,0.8794183158564657,0.94437175989151,1.0,1.0,0,0,0.0,63
container,elmid-radnear-az000,mid,near,0,3,3,1,0.4482758620689655,0.9285714285714286,0.6046511627906976,0.5384615384615384,0.875,0.6666666666666666,0.611111111111111,0.9523809523809524,0.7155555555555555,0.9603174629192504,0.9277777816922891,0.6805555555555555,0.9166666666666666,0.7666666666666666,0.9322916666666666,0.9244791666666666,0.9607410667999758,0.9754082560539246,1.0,1.0,0,0,0.0,55
container,elmid-radnear-az045,mid,near,45,3,3,1,0.39215686274509803,1.0,0.5633802816901409,0.7142857142857143,1.0,0.8333333333333334,0.4013062960431381,1.0,0.5717285587975244,1.0,0.8754583462231293,0.7738095238095237,1.0,0.8614718614718614,1.0,0.9422619063407183,0.9646992273980454,0.9734254678090414,1.0,1.0,0,0,0.0,51
container,elmid-radnear-az090,mid,near,90,2,2,1,0.8823529411764706,1.0,0.9375,1.0,1.0,1.0,0.8888888888888888,1.0,0.9375,1.0,0.9575148823715391,1.0,1.0,1.0,1.0,0.9921875,0.9587261219716083,0.9730216264724731,1.0,1.0,0,0,0.0,22
container,elmid-radnear-az135,mid,near,135,1,1,1,0.46153846153846156,0.8571428571428571,0.6,1.0,1.0,1.0,0.46153846153846156,0.8571428571428571,0.6,0.8901098968236001,0.7780219923500176,1.0,1.0,1.0,1.0,1.0,0.9601467543150761,0.9758467674255371,1.0,1.0,0,0,0.0,2
container,elmid-radnear-az180,mid,near,180,6,6,1,0.6170212765957447,1.0,0.7631578947368421,0.8888888888888888,1.0,0.9411764705882353,0.671031746031746,1.0,0.7876218323586744,1.0,0.9504851219097064,0.9333333333333332,1.0,0.9583333333333334,1.0,0.9925925931444874,0.9561374952226434,0.9732896586259207,1.0,1.0,0,0,0.0,21
container,elmid-radnear-az225,mid,near,225,3,3,1,0.5666666666666667,0.9444444444444444,0.7083333333333334,0.6153846153846154,0.8888888888888888,0.7272727272727273,0.601984126984127,0.9583333333333334,0.7370865849126718,0.9680555555969477,0.8374837678697492,0.7000000000000001,0.9166666666666666,0.7833333333333332,0.9375,0.8833333338300386,0.9503789316962615,0.9750582774480184,1.0,1.0,0,0,0.0,61
container,elmid-radnear-az270,mid,near,270,5,5,1,0.5384615384615384,1.0,0.7,0.7368421052631579,1.0,0.8484848484848485,0.6253968253968254,1.0,0.754978354978355,1.0,0.9519342433381107,0.7866666666666666,1.0,0.8699999999999999,1.0,0.9962500000000001,0.9463383765539171,0.9689595937728882,1.0,1.0,0,0,0.0,16
container,elmid-radnear-az315,mid,near,315,2,2,1,0.9,1.0,0.9473684210526315,1.0,1.0,1.0,0.9166666666666667,1.0,0.9545454545454546,1.0,0.9328125,1.0,1.0,1.0,1.0,1.0,0.9517611439448785,0.9723259210586548,1.0,1.0,0,0,0.0,5
container,elmid-radmid-az000,mid,mid,0,3,3,1,0.6666666666666666,1.0,0.8,0.6363636363636364,1.0,0.7777777777777778,0.8065476190476191,1.0,0.8810256410256411,1.0,0.9505548224448807,0.8518518518518517,1.0,0.9047619047619048,1.0,0.9896296302698278,0.9383436987071114,0.9682551225026449,1.0,1.0,0,0,0.0,27
container,elmid-radmid-az045,mid,mid,45,4,4,1,0.9444444444444444,1.0,0.9714285714285714,1.0,1.0,1.0,0.9494949494949495,1.0,0.9733893557422969,1.0,0.9570663655718619,1.0,1.0,1.0,1.0,0.9930000005364418,0.9551334591155811,0.9729092121124268,1.0,1.0,0,0,0.0,20
container,elmid-radmid-az090,mid,mid,90,9,9,1,0.5409836065573771,1.0,0.7021276595744681,0.5769230769230769,1.0,0.7317073170731707,0.7062389770723104,1.0,0.7985090871365381,0.9900284888822468,0.9335480341283287,0.8805555555555555,1.0,0.9012345679012346,0.9814814825852712,0.9557268546074629,0.9605792531959827,0.9729804661538866,1.0,1.0,0,0,0.0,47
container,elmid-radmid-az135,mid,mid,135,2,2,1,0.5161290322580645,1.0,0.6808510638297872,0.875,1.0,0.9333333333333333,0.5285087719298246,1.0,0.6898496240601504,1.0,0.9454887249135882,0.875,1.0,0.9285714285714286,1.0,0.9875000007450581,0.9548297681013675,0.9709568321704865,1.0,1.0,0,0,0.0,30
container,elmid-radmid-az180,mid,mid,180,4,4,1,0.6122448979591837,1.0,0.759493670886076,0.8823529411764706,1.0,0.9375,0.6482456140350877,1.0,0.7706004361817322,1.0,0.9172232385768837,0.9,1.0,0.9375,1.0,0.9921875,0.9453138081045616,0.9713924080133438,1.0,1.0,0,0,0.0,24
container,elmid-radmid-az225,mid,mid,225,2,2,1,0.21875,0.6363636363636364,0.32558139534883723,1.0,1.0,1.0,0.20833333333333331,0.6071428571428572,0.3101851851851852,0.6458333414047956,0.6130059608577618,1.0,1.0,1.0,1.0,1.0,0.9528394386862225,0.9731844663619995,1.0,1.0,0,0,0.0,4
container,elmid-radmid-az270,mid,mid,270,5,5,1,0.43037974683544306,0.9444444444444444,0.591304347826087,0.43902439024390244,1.0,0.6101694915254238,0.4640707118967988,0.9492063492063492,0.6131825164083229,0.9601255915109013,0.8371795535985855,0.6777777777777778,1.0,0.7545454545454545,1.0,0.9156805571739872,0.9484360542570108,0.9682468414306641,1.0,1.0,0,0,0.0,59
container,elmid-radmid-az315,mid,mid,315,3,3,1,0.631578947368421,1.0,0.7741935483870968,1.0,1.0,1.0,0.8333333333333334,1.0,0.8888888888888888,1.0,0.975,1.0,1.0,1.0,1.0,1.0,0.9597832418759088,0.973674992720286,1.0,1.0,0,0,0.0,3
container,elmid-radfar-az000,mid,far,0,2,2,1,0.6333333333333333,0.95,0.76,1.0,1.0,1.0,0.7111801242236024,0.9642857142857143,0.8128898128898128,0.9718278524430328,0.8604456224563718,1.0,1.0,1.0,1.0,1.0,0.9196518515368766,0.9532279372215271,1.0,1.0,0,0,0.0,14
container,elmid-radfar-az045,mid,far,45,3,3,1,0.6,1.0,0.75,1.0,1.0,1.0,0.6717836257309941,1.0,0.792063492063492,1.0,0.9570094229801999,1.0,1.0,1.0,1.0,0.9895833333333334,0.9327759056809247,0.968552847703298,1.0,1.0,0,0,0.0,29
container,elmid-radfar-az090,mid,far,90,2,2,1,0.5128205128205128,1.0,0.6779661016949152,1.0,1.0,1.0,0.5384615384615385,1.0,0.6967418546365916,1.0,0.9121794891842188,1.0,1.0,1.0,1.0,0.98125,0.9529378146244216,0.9662012755870819,1.0,1.0,0,0,0.0,36
container,elmid-radfar-az135,mid,far,135,1,1,1,0.8,1.0,0.8888888888888888,1.0,1.0,1.0,0.8,1.0,0.888888888888889,1.0,0.9556249998509884,1.0,1.0,1.0,1.0,1.0,0.9370745730881822,0.9651052355766296,1.0,1.0,0,0,0.0,12
container,elmid-radfar-az180,mid,far,180,3,3,1,0.7407407407407407,1.0,0.851063829787234,1.0,1.0,1.0,0.8055555555555557,1.0,0.8819776714513555,1.0,0.9312632274950938,1.0,1.0,1.0,1.0,0.9895833333333334,0.9482067086706062,0.9620906909306844,1.0,1.0,0,0,0.0,28
container,elmid-radfar-az225,mid,far,225,1,1,1,0.64,1.0,0.7804878048780488,1.0,1.0,1.0,0.64,1.0,0.7804878048780487,0.9926470592617989,0.7867879944853484,1.0,1.0,1.0,1.0,1.0,0.9486135488227205,0.9665583372116089,1.0,1.0,0,0,0.0,6
container,elmid-radfar-az270,mid,far,270,7,7,1,0.4028776978417266,1.0,0.5743589743589743,0.8636363636363636,1.0,0.926829268292683,0.531124827553399,1.0,0.656905930481293,0.9482237344589407,0.822116567313534,0.9238095238095239,1.0,0.9555555555555556,1.0,0.989910714328289,0.9358206220598991,0.9615996650287083,1.0,1.0,0,0,0.0,26
container,elmid-radfar-az315,mid,far,315,4,4,1,0.46551724137931033,1.0,0.6352941176470588,1.0,1.0,1.0,0.5685064935064935,1.0,0.6918552036199095,0.9597643132061267,0.7911225396191308,1.0,1.0,1.0,1.0,1.0,0.9415401923056548,0.9629498720169067,1.0,1.0,0,0,0.0,10
container,elhigh-radnear-az000,high,near,0,5,5,1,0.75,0.9642857142857143,0.84375,1.0,1.0,1.0,0.8569230769230769,0.9666666666666666,0.8947368421052632,0.9730769199820666,0.949145402210457,1.0,1.0,1.0,1.0,0.9817361115747028,0.9320649499226313,0.963903796672821,1.0,1.0,0,0,0.0,35
container,elhigh-radnear-az045,high,near,45,1,1,1,0.75,1.0,0.8571428571428571,1.0,1.0,1.0,0.75,1.0,0.8571428571428571,1.0,0.9656249959021806,1.0,1.0,1.0,1.0,1.0,0.9345422269621153,0.968178927898407,1.0,1.0,0,0,0.0,13
container,elhigh-radnear-az090,high,near,90,5,5,1,0.5535714285714286,1.0,0.7126436781609196,1.0,1.0,1.0,0.6278571428571429,1.0,0.7503987240829346,1.0,0.9261223107558463,1.0,1.0,1.0,1.0,0.991111111773385,0.9369574515660133,0.9665591239929199,1.0,1.0,0,0,0.0,25
container,elhigh-radnear-az135,high,near,135,5,5,1,0.8974358974358975,1.0,0.9459459459459459,0.9090909090909091,1.0,0.9523809523809523,0.9044444444444444,1.0,0.9478312537136067,1.0,0.9273426899492841,0.9199999999999999,1.0,0.9555555555555555,1.0,0.9768333336710929,0.954543528535656,0.9700840830802917,1.0,1.0,0,0,0.0,41
container,elhigh-radnear-az180,high,near,180,5,5,1,0.5333333333333333,0.9696969696969697,0.6881720430107527,0.75,1.0,0.8571428571428571,0.6306207827260459,0.9777777777777779,0.7508045977011495,0.9796783638192199,0.888639711627399,0.86,1.0,0.9111111111111111,1.0,0.9751000006139279,0.9459048852930841,0.9671538710594177,1.0,1.0,0,0,0.0,43
container,elhigh-radnear-az225,high,near,225,4,4,1,0.38181818181818183,0.9545454545454546,0.5454545454545454,0.6666666666666666,1.0,0.8,0.58125,0.96875,0.6894682115270351,0.9667038686928295,0.8939732139198375,0.775,1.0,0.8541666666666666,1.0,0.9611111125184431,0.9376976918376521,0.9647587537765503,1.0,1.0,0,0,0.0,46
container,elhigh-radnear-az270,high,near,270,2,2,1,0.7,0.9333333333333333,0.8,0.6153846153846154,0.8888888888888888,0.7272727272727273,0.7362637362637363,0.9444444444444444,0.8251748251748252,0.9615384644677496,0.8763583705497857,0.65,0.9,0.7521367521367521,0.9250000044703484,0.91625000461936,0.9420461383494274,0.9668845236301422,1.0,1.0,0,0,0.0,57
container,elhigh-radnear-az315,high,near,315,5,5,1,0.7567567567567568,0.9655172413793104,0.8484848484848485,1.0,1.0,1.0,0.8435714285714285,0.9800000000000001,0.9013725490196078,0.9864285681077412,0.9607499978372029,1.0,1.0,1.0,1.0,0.9875,0.9490350941774267,0.9716014385223388,1.0,1.0,0,0,0.0,31
container,elhigh-radmid-az000,high,mid,0,5,5,1,0.9166666666666666,0.9705882352941176,0.9428571428571428,1.0,1.0,1.0,0.95,0.9800000000000001,0.9636363636363636,0.9874999970197678,0.9575907721519471,1.0,1.0,1.0,1.0,0.9852333338618278,0.9375685375080295,0.9613807797431946,1.0,1.0,0,0,0.0,33
container,elhigh-radmid-az045,high,mid,45,2,2,1,0.45714285714285713,1.0,0.6274509803921569,1.0,1.0,1.0,0.45833333333333337,1.0,0.6285266457680251,1.0,0.9673412718422829,1.0,1.0,1.0,1.0,0.9810763897167312,0.9483296312833218,0.9630363583564758,1.0,1.0,0,0,0.0,38
container,elhigh-radmid-az090,high,mid,90,2,2,1,1.0,1.0,1.0,1.0,1.0,1.0,1.0,1.0,1.0,1.0,0.9496492352412671,1.0,1.0,1.0,1.0,1.0,0.9386533618902408,0.9638119041919708,1.0,1.0,0,0,0.0,11
container,elhigh-radmid-az135,high,mid,135,1,1,1,0.9,0.9,0.9,1.0,1.0,1.0,0.9,0.9,0.9,0.944999985694885,0.929749986618757,1.0,1.0,1.0,1.0,0.9777777794334623,0.9529553954944951,0.9658872485160828,1.0,1.0,0,0,0.0,40
container,elhigh-radmid-az180,high,mid,180,2,2,1,0.875,1.0,0.9333333333333333,1.0,1.0,1.0,0.875,1.0,0.9285714285714286,1.0,0.973214283771813,1.0,1.0,1.0,1.0,1.0,0.9457014460023405,0.9710083901882172,1.0,1.0,0,0,0.0,8
container,elhigh-radmid-az225,high,mid,225,4,4,1,0.5961538461538461,1.0,0.7469879518072289,1.0,1.0,1.0,0.6273448773448773,1.0,0.7583099906629318,1.0,0.8992243903952222,1.0,1.0,1.0,1.0,0.9921875,0.9457653093782152,0.968263253569603,1.0,1.0,0,0,0.0,23
container,elhigh-radmid-az270,high,mid,270,2,2,1,0.76,0.95,0.8444444444444444,1.0,1.0,1.0,0.8125,0.95,0.8582995951417005,0.9749999940395355,0.9276537625133873,1.0,1.0,1.0,1.0,0.9940000004172325,0.95321558583505,0.9706184566020966,1.0,1.0,0,0,0.0,18
container,elhigh-radmid-az315,high,mid,315,7,7,1,0.676923076923077,1.0,0.8073394495412844,1.0,1.0,1.0,0.6837765409193981,1.0,0.7768796992481203,0.9984126981288668,0.9426339729089063,1.0,1.0,1.0,1.0,0.9937003970619233,0.9379252345998087,0.9656469140733991,1.0,1.0,0,0,0.0,19
container,elhigh-radfar-az000,high,far,0,4,4,1,0.8,1.0,0.8888888888888888,1.0,1.0,1.0,0.8232905982905983,1.0,0.8960682957393484,1.0,0.9383754513684719,1.0,1.0,1.0,1.0,0.9855416669994592,0.9224704823913612,0.9555985927581787,1.0,1.0,0,0,0.0,32
container,elhigh-radfar-az045,high,far,45,5,5,1,0.6229508196721312,0.95,0.7524752475247525,0.9411764705882353,1.0,0.9696969696969697,0.7150000000000001,0.9666666666666666,0.8097058823529413,0.9719696956150458,0.857309461995501,0.95,1.0,0.9714285714285713,1.0,0.9850000008940697,0.9358698169373362,0.9630843520164489,1.0,1.0,0,0,0.0,34
container,elhigh-radfar-az090,high,far,90,5,5,1,0.6065573770491803,1.0,0.7551020408163265,0.8235294117647058,1.0,0.9032258064516129,0.6571794871794872,1.0,0.7546910755148742,1.0,0.9027610762763679,0.9142857142857143,1.0,0.9454545454545455,1.0,0.996875,0.9363182447202462,0.9612917900085449,1.0,1.0,0,0,0.0,15
container,elhigh-radfar-az135,high,far,135,3,3,1,0.6086956521739131,0.875,0.717948717948718,0.625,0.8333333333333334,0.7142857142857143,0.6666666666666666,0.8690476190476191,0.7371794871794872,0.8988095265887086,0.8149841330347867,0.8333333333333334,0.9166666666666666,0.8666666666666667,0.9375,0.9375,0.9451854128851002,0.9649429122606913,1.0,1.0,0,0,0.0,53
container,elhigh-radfar-az180,high,far,180,3,3,1,0.6829268292682927,0.9655172413793104,0.8,0.9285714285714286,1.0,0.9629629629629629,0.6912393162393163,0.9696969696969697,0.8039121372454705,0.9619949510377465,0.8511930234940968,0.9333333333333332,1.0,0.9629629629629629,1.0,0.916041667200625,0.9141834762197915,0.9540239175160726,1.0,1.0,0,0,0.0,58
container,elhigh-radfar-az225,high,far,225,3,3,1,0.5806451612903226,0.9473684210526315,0.72,1.0,1.0,1.0,0.7444444444444445,0.9629629629629629,0.820271682340648,0.9662551463999375,0.8713374567117711,1.0,1.0,1.0,1.0,1.0,0.9450712837073768,0.9638293385505676,1.0,1.0,0,0,0.0,9
container,elhigh-radfar-az270,high,far,270,1,1,1,0.7272727272727273,1.0,0.8421052631578947,1.0,1.0,1.0,0.7272727272727273,1.0,0.8421052631578948,1.0,0.9766098484396935,1.0,1.0,1.0,1.0,0.978125,0.9344641377304228,0.9676457643508911,1.0,1.0,0,0,0.0,39
container,elhigh-radfar-az315,high,far,315,4,4,1,0.7954545454545454,1.0,0.8860759493670886,1.0,1.0,1.0,0.8388888888888888,1.0,0.9083710407239818,0.9943181836243831,0.8945992633401731,1.0,1.0,1.0,1.0,0.99453125,0.9389536137589278,0.9660805612802505,1.0,1.0,0,0,0.0,17
male,ellow-radnear-az000,low,near,0,1,1,1,0.23076923076923078,0.6521739130434783,0.3409090909090909,0.3,0.75,0.42857142857142855,0.23076923076923078,0.6521739130434783,0.3409090909090909,0.6080357128372769,0.31566018839761284,0.3,0.75,0.4285714285714285,0.7875000014901161,0.3537500006146729,0.723330888720497,0.8893221616744995,1.0,1.0,0,0,0.0,68
male,ellow-radnear-az045,low,near,45,2,2,1,0.1590909090909091,0.6363636363636364,0.2545454545454545,0.4444444444444444,1.0,0.6153846153846154,0.23504273504273504,0.7857142857142857,0.3603448275862069,0.7877812750824675,0.6468334718854849,0.4642857142857143,1.0,0.6333333333333333,1.0,0.8057142878714061,0.8216046952988201,0.9142478108406067,1.0,1.0,0,0,0.0,11
male,ellow-radnear-az090,low,near,90,2,2,1,0.07352941176470588,0.35714285714285715,0.12195121951219512,0.25,1.0,0.4,0.17386489479512734,0.4933333333333333,0.251948051948052,0.5196854995320801,0.3825501138947116,0.35,1.0,0.5,1.0,0.7312500000931323,0.8008552111680665,0.890969842672348,1.0,1.0,0,0,0.0,25
male,ellow-radnear-az135,low,near,135,3,3,1,0.1970260223048327,0.726027397260274,0.30994152046783624,0.6,1.0,0.75,0.2323817486860965,0.7238113399440631,0.344585016586199,0.6961950484562914,0.43459528372446893,0.7777777777777778,1.0,0.8333333333333334,1.0,0.7976851864131512,0.8283912685509733,0.9109121561050415,1.0,1.0,0,0,0.0,15
male,ellow-radnear-az180,low,near,180,2,2,1,0.6333333333333333,0.95,0.76,0.75,1.0,0.8571428571428571,0.6312217194570136,0.9583333333333333,0.7602627257799672,0.9718137326485969,0.7732346716362233,0.8333333333333333,1.0,0.9,1.0,0.866666667163372,0.840844193813167,0.8913603723049164,1.0,1.0,0,0,0.0,6
male,ellow-radnear-az225,low,near,225,1,1,1,0.2727272727272727,1.0,0.42857142857142855,0.25,1.0,0.4,0.2727272727272727,1.0,0.42857142857142855,1.0,0.736363637266737,0.25,1.0,0.4,1.0,0.9,0.8190352631197939,0.8885326981544495,1.0,1.0,0,0,0.0,3
male,ellow-radnear-az270,low,near,270,2,2,1,0.5,1.0,0.6666666666666666,0.6666666666666666,1.0,0.8,0.4732142857142857,1.0,0.6363636363636364,1.0,0.857738095172681,0.75,1.0,0.8333333333333333,1.0,0.8500000000000001,0.8109140427729535,0.8900094628334045,1.0,1.0,0,0,0.0,7
male,ellow-radnear-az315,low,near,315,2,2,1,0.34782608695652173,1.0,0.5161290322580645,0.3,1.0,0.46153846153846156,0.3416666666666667,1.0,0.5092592592592593,0.9861883213398812,0.7642643609769573,0.6111111111111112,1.0,0.6818181818181818,0.9166666716337204,0.5833333348855376,0.7507056776974235,0.9002862274646759,1.0,1.0,0,0,0.0,56
male,ellow-radmid-az000,low,mid,0,4,4,1,0.32432432432432434,0.8727272727272727,0.4729064039408867,0.5833333333333334,1.0,0.7368421052631579,0.5262594696969697,0.9083485958485958,0.6318175657359718,0.9153574468604314,0.7270797191529272,0.75,1.0,0.8333333333333333,1.0,0.759722222491271,0.7391036020408128,0.8518031686544418,1.0,1.0,0,0,0.0,20
male,ellow-radmid-az045,low,mid,45,5,5,1,0.1778975741239892,0.7764705882352941,0.2894736842105263,0.5882352941176471,0.9090909090909091,0.7142857142857143,0.21200979386315794,0.8228637304724261,0.3340817922347,0.7923263378063982,0.5554848671084541,0.6533333333333333,0.9333333333333333,0.7576190476190476,0.9500000029802322,0.7055833374708891,0.7772559196829676,0.882562780380249,1.0,1.0,0,0,0.0,31
male,ellow-radmid-az090,low,mid,90,4,4,1,0.15966386554621848,0.5428571428571428,0.24675324675324675,0.2777777777777778,0.7142857142857143,0.4,0.38209739772239776,0.6586518379281537,0.4599186191167324,0.678492485487606,0.512514915325916,0.251984126984127,0.5416666666666666,0.3159090909090909,0.5848214333610875,0.37911706723804983,0.5633462058672194,0.6511315107345581,0.75,0.75,1,0,0.0,66
male,ellow-radmid-az135,low,mid,135,2,2,1,0.4444444444444444,1.0,0.6153846153846154,0.6,1.0,0.75,0.41666666666666663,1.0,0.5833333333333333,1.0,0.819444444982542,0.5833333333333333,1.0,0.7333333333333334,1.0,0.8,0.746525271617962,0.8526230752468109,1.0,1.0,0,0,0.0,14
male,ellow-radmid-az180,low,mid,180,1,1,1,0.46153846153846156,1.0,0.631578947368421,1.0,1.0,1.0,0.46153846153846156,1.0,0.631578947368421,1.0,0.8790598241437195,1.0,1.0,1.0,1.0,0.9,0.7866954859712294,0.8599585294723511,1.0,1.0,0,0,0.0,4
male,ellow-radmid-az225,low,mid,225,3,3,1,0.17355371900826447,0.6774193548387096,0.27631578947368424,0.4,1.0,0.5714285714285714,0.2951388888888889,0.8412698412698413,0.432243280069367,0.8156151842814686,0.634782923352442,0.4583333333333333,0.6666666666666666,0.5151515151515151,0.6666666666666666,0.41898148317165945,0.49481191102785144,0.5905095140139262,0.6666666666666666,0.6666666666666666,1,1,1.0,65
male,ellow-radmid-az270,low,mid,270,1,1,1,0.2857142857142857,1.0,0.4444444444444444,1.0,1.0,1.0,0.2857142857142857,1.0,0.4444444444444445,1.0,0.8330357145518065,1.0,1.0,1.0,1.0,0.7625,0.7339544130309577,0.8478785753250122,1.0,1.0,0,0,0.0,19
male,ellow-radmid-az315,low,mid,315,1,1,1,0.4,0.9333333333333333,0.56,1.0,1.0,1.0,0.4,0.9333333333333333,0.5599999999999999,0.9385585560293892,0.6435386528364306,1.0,1.0,1.0,1.0,0.9,0.7528071791044333,0.8296135067939758,1.0,1.0,0,0,0.0,5
male,ellow-radfar-az000,low,far,0,4,4,1,0.2564102564102564,0.7446808510638298,0.3814713896457766,0.375,0.9,0.5294117647058824,0.2613167242703533,0.8023209898209898,0.39287721662647185,0.7986278809789332,0.5726856909694814,0.38095238095238093,0.875,0.5291666666666667,0.8854166669771075,0.6906994068063795,0.724994074579361,0.829439789056778,1.0,1.0,0,0,0.0,38
male,ellow-radfar-az045,low,far,45,3,3,1,0.12385321100917432,0.6428571428571429,0.2076923076923077,0.35714285714285715,1.0,0.5263157894736842,0.15514692764482504,0.6547504025764895,0.24512352183585062,0.6225188873267159,0.4358040225350847,0.38888888888888884,1.0,0.5555555555555555,1.0,0.7302469143345033,0.715549822717802,0.8425377806027731,1.0,1.0,0,0,0.0,26
male,ellow-radfar-az090,low,far,90,5,5,1,0.14622641509433962,0.6458333333333334,0.23846153846153847,0.3181818181818182,0.875,0.4666666666666667,0.18137055692125406,0.6847619047619047,0.28386210396895195,0.6481802844098155,0.39332684656254563,0.37523809523809526,0.7,0.45873015873015877,0.7071428574621678,0.48981481559022705,0.519573578490428,0.6288095712661743,0.8,0.8,1,0,0.0,62
male,ellow-radfar-az135,low,far,135,3,3,1,0.23417721518987342,0.7551020408163265,0.357487922705314,0.42857142857142855,1.0,0.6,0.28551148402406984,0.7878151260504201,0.4160891660891661,0.7876360814487414,0.6165992178922726,0.7777777777777778,1.0,0.8333333333333334,1.0,0.69141865093261,0.6807112104460972,0.8030211726824442,1.0,1.0,0,0,0.0,37
male,ellow-radfar-az225,low,far,225,6,6,1,0.21621621621621623,0.6857142857142857,0.3287671232876712,0.391304347826087,1.0,0.5625,0.3081709240046211,0.7617592592592594,0.4249371672615296,0.7518851607918489,0.5779995318409181,0.3731481481481482,0.8333333333333334,0.49671717171717167,0.75,0.4936111126943595,0.47326314259233904,0.559822658697764,0.8333333333333334,0.8333333333333334,1,0,0.0,61
male,ellow-radfar-az270,low,far,270,4,4,1,0.16296296296296298,0.6875,0.2634730538922156,0.3333333333333333,1.0,0.5,0.4431985294117647,0.7681818181818182,0.524059274059274,0.7420614551836983,0.565441024280676,0.2708333333333333,0.75,0.39166666666666666,0.75,0.47291666772216556,0.4542577817292619,0.5764230936765671,0.75,0.75,1,0,0.0,63
male,ellow-radfar-az315,low,far,315,5,5,1,0.3986013986013986,0.9193548387096774,0.5560975609756098,0.5454545454545454,1.0,0.7058823529411765,0.5421259029927761,0.9642857142857142,0.665079310031625,0.9631747705612919,0.8167561596106635,0.4833333333333333,0.8,0.5733333333333334,0.8,0.625,0.559029443500237,0.6398328542709351,0.8,0.8,1,0,0.0,47
male,elmid-radnear-az000,mid,near,0,1,1,1,0.7,1.0,0.8235294117647058,1.0,1.0,1.0,0.7,1.0,0.8235294117647058,1.0,0.9661904780921482,1.0,1.0,1.0,1.0,0.9055555578735139,0.8103690827661296,0.891132116317749,1.0,1.0,0,0,0.0,2
male,elmid-radnear-az045,mid,near,45,2,2,1,0.7777777777777778,1.0,0.875,0.75,1.0,0.8571428571428571,0.6785714285714286,1.0,0.7948717948717948,1.0,0.7827380955928848,0.8333333333333333,1.0,0.9,1.0,0.729166666790843,0.7660868522431574,0.8870002925395966,1.0,1.0,0,0,0.0,27
male,elmid-radnear-az090,mid,near,90,6,6,1,0.6875,1.0,0.8148148148148148,0.9,1.0,0.9473684210526315,0.7805555555555556,1.0,0.8558201058201059,1.0,0.8592978419988979,0.9166666666666666,1.0,0.9444444444444445,1.0,0.8166666666666668,0.7617440607071124,0.8568785587946574,1.0,1.0,0,0,0.0,10
male,elmid-radnear-az135,mid,near,135,3,3,1,0.12121212121212122,1.0,0.21621621621621623,1.0,1.0,1.0,0.2859903381642512,1.0,0.3976407914764079,1.0,0.7237405828692433,1.0,1.0,1.0,1.0,0.8000000000000002,0.7257633349420646,0.8264161547025045,1.0,1.0,0,0,0.0,12
male,elmid-radnear-az180,mid,near,180,3,3,1,0.3191489361702128,0.9375,0.47619047619047616,0.3,0.75,0.42857142857142855,0.7398373983739838,0.9666666666666667,0.7843137254901961,0.9703251961648949,0.8208797869331157,0.7083333333333334,0.8333333333333334,0.7333333333333334,0.84375,0.6083333333333333,0.7067096517772811,0.8462613821029663,1.0,1.0,0,0,0.0,51
male,elmid-radnear-az225,mid,near,225,1,1,1,0.5,1.0,0.6666666666666666,0.3333333333333333,1.0,0.5,0.5,1.0,0.6666666666666666,1.0,0.909375,0.3333333333333333,1.0,0.5,1.0,0.8,0.789086686356633,0.8834052681922913,1.0,1.0,0,0,0.0,13
male,elmid-radnear-az270,mid,near,270,6,6,1,0.5172413793103449,0.967741935483871,0.6741573033707865,0.8571428571428571,1.0,0.9230769230769231,0.5953703703703704,0.9666666666666667,0.6960953520164046,0.9601851876135226,0.8064346240092131,0.9333333333333332,1.0,0.9583333333333334,1.0,0.7575462980126892,0.7479254669553216,0.8507576088110606,1.0,1.0,0,0,0.0,21
male,elmid-radnear-az315,mid,near,315,2,2,1,0.4,1.0,0.5714285714285714,1.0,1.0,1.0,0.4107142857142857,1.0,0.5636363636363637,1.0,0.8250000001862645,1.0,1.0,1.0,1.0,0.6812499999999999,0.7225906256385741,0.8557192087173462,1.0,1.0,0,0,0.0,40
male,elmid-radmid-az000,mid,mid,0,5,5,1,0.35555555555555557,0.9411764705882353,0.5161290322580645,0.34615384615384615,0.9,0.5,0.6572121212121212,0.9514285714285714,0.724576802507837,0.9356008675307939,0.8325183337604047,0.7222222222222222,0.9333333333333333,0.7714285714285715,0.9370370408175168,0.6990740773799242,0.7310740242269361,0.863470733165741,1.0,1.0,0,0,0.0,34
male,elmid-radmid-az045,mid,mid,45,6,6,1,0.36752136752136755,0.9148936170212766,0.524390243902439,0.7058823529411765,1.0,0.8275862068965517,0.4632354244196349,0.8888888888888888,0.57251221001221,0.8970486135532459,0.7607022381145513,0.7638888888888888,1.0,0.8539682539682539,1.0,0.7552083340783914,0.7343773403486941,0.8409298559029897,1.0,1.0,0,0,0.0,22
male,elmid-radmid-az090,mid,mid,90,1,1,1,0.4375,1.0,0.6086956521739131,0.75,1.0,0.8571428571428571,0.4375,1.0,0.6086956521739131,1.0,0.7853571511113218,0.75,1.0,0.8571428571428571,1.0,0.7777777803026968,0.6688220755469736,0.810693085193634,1.0,1.0,0,0,0.0,16
male,elmid-radmid-az135,mid,mid,135,3,3,1,0.38461538461538464,0.9459459459459459,0.546875,0.625,1.0,0.7692307692307693,0.37102113572701806,0.9569444444444445,0.5294117647058822,0.9646818113787209,0.7665719477837233,0.7222222222222222,1.0,0.8222222222222223,1.0,0.6666666669150194,0.6673486129843637,0.8374906182289124,1.0,1.0,0,0,0.0,41
male,elmid-radmid-az180,mid,mid,180,5,5,1,0.5189873417721519,0.9318181818181818,0.6666666666666666,0.7,1.0,0.8235294117647058,0.7638691322901849,0.9285714285714286,0.803030303030303,0.9373196502092578,0.7827434522642337,0.819047619047619,1.0,0.8800000000000001,1.0,0.763115081165045,0.753897658736102,0.8522211790084839,1.0,1.0,0,0,0.0,18
male,elmid-radmid-az225,mid,mid,225,2,2,1,0.2692307692307692,1.0,0.42424242424242425,0.8,1.0,0.8888888888888888,0.62,1.0,0.6935483870967742,0.9523809470591091,0.7365119061095728,0.875,1.0,0.9285714285714286,0.9583333358168602,0.7208333358168602,0.6802014440096489,0.832384467124939,1.0,1.0,0,0,0.0,28
male,elmid-radmid-az270,mid,mid,270,2,2,1,1.0,1.0,1.0,1.0,1.0,1.0,1.0,1.0,1.0,1.0,0.8740000019073486,1.0,1.0,1.0,1.0,0.8500000000000001,0.742163643430537,0.8402619361877441,1.0,1.0,0,0,0.0,8
male,elmid-radfar-az000,mid,far,0,2,2,1,0.375,0.782608695652174,0.5070422535211268,0.7142857142857143,0.8333333333333334,0.7692307692307693,0.4747252747252747,0.8214285714285714,0.5927643784786641,0.8378942490937207,0.7365863532571113,0.8,0.8333333333333333,0.7749999999999999,0.9166666716337204,0.7075000057121117,0.7685053224263516,0.8488936424255371,1.0,1.0,0,0,0.0,30
male,elmid-radfar-az045,mid,far,45,5,5,1,0.2679738562091503,0.8913043478260869,0.4120603015075377,0.4074074074074074,0.9166666666666666,0.5641025641025641,0.3926282051282051,0.9094017094017094,0.517948717948718,0.8921053769744723,0.7020332042763806,0.5515873015873016,0.9333333333333333,0.6574891774891775,0.94285714668887,0.5888888927531385,0.6427985845588303,0.7828091979026794,1.0,1.0,0,0,0.0,54
male,elmid-radfar-az090,mid,far,90,3,3,1,0.9047619047619048,1.0,0.95,0.75,1.0,0.8571428571428571,0.9259259259259259,1.0,0.9583333333333334,1.0,0.8728888898454015,0.8333333333333334,1.0,0.8888888888888888,1.0,0.6851851866201119,0.7132313511536689,0.8465945919354757,1.0,1.0,0,0,0.0,39
male,elmid-radfar-az135,mid,far,135,2,2,1,0.5,1.0,0.6666666666666666,1.0,1.0,1.0,0.7272727272727273,1.0,0.8125,1.0,0.6148484866298509,1.0,1.0,1.0,1.0,0.5,0.5911336245047814,0.8003329932689667,1.0,1.0,0,0,0.0,60
male,elmid-radfar-az180,mid,far,180,3,3,1,0.4,0.9333333333333333,0.56,0.38461538461538464,0.8333333333333334,0.5263157894736842,0.5994252873563218,0.9555555555555556,0.7031425364758698,0.9390536289074755,0.7382288030648668,0.5619047619047619,0.8888888888888888,0.6481481481481481,0.9111111167404387,0.6080952429771423,0.6959665806449635,0.8226755857467651,1.0,1.0,0,0,0.0,52
male,elmid-radfar-az225,mid,far,225,1,1,1,0.4,1.0,0.5714285714285714,1.0,1.0,1.0,0.4,1.0,0.5714285714285715,1.0,0.9425000000745059,1.0,1.0,1.0,1.0,0.9375,0.7931270833811439,0.8710693120956421,1.0,1.0,0,0,0.0,1
male,elmid-radfar-az270,mid,far,270,4,4,1,0.45652173913043476,0.9545454545454546,0.6176470588235294,0.42857142857142855,1.0,0.6,0.47155067155067154,0.96875,0.6187584345479082,0.9796874998137355,0.7996250799784723,0.5714285714285714,1.0,0.6944444444444444,1.0,0.7330357143655419,0.6900795377309423,0.8150363713502884,1.0,1.0,0,0,0.0,24
male,elmid-radfar-az315,mid,far,315,4,4,1,0.49411764705882355,0.9333333333333333,0.6461538461538462,0.7,1.0,0.8235294117647058,0.673710407239819,0.9557692307692308,0.7551739926739927,0.9646806848034806,0.8246152101230743,0.85,1.0,0.8928571428571429,1.0,0.6577777790112629,0.6111016711430306,0.7541188299655914,1.0,1.0,0,0,0.0,42
male,elhigh-radnear-az045,high,near,45,4,4,1,0.7317073170731707,1.0,0.8450704225352113,0.631578947368421,1.0,0.7741935483870968,0.7364087301587302,1.0,0.8435519714838937,1.0,0.8181140782188722,0.7321428571428571,1.0,0.8166666666666667,1.0,0.6234127049260433,0.702511349783487,0.8427736610174179,1.0,1.0,0,0,0.0,48
male,elhigh-radnear-az090,high,near,90,4,4,1,0.5789473684210527,0.9565217391304348,0.7213114754098361,0.7272727272727273,1.0,0.8421052631578947,0.7517857142857143,0.96875,0.8279914529914529,0.9742187499068677,0.7533556564242601,0.7916666666666666,1.0,0.8666666666666667,1.0,0.6065972231121527,0.64083667935384,0.8085101395845413,1.0,1.0,0,0,0.0,53
male,elhigh-radnear-az135,high,near,135,4,4,1,0.36666666666666664,1.0,0.5365853658536586,0.7272727272727273,1.0,0.8421052631578947,0.5804738562091504,1.0,0.6823863636363636,1.0,0.7139859904627025,0.85,1.0,0.8928571428571429,1.0,0.5647916671819985,0.6101379317123747,0.796686977148056,1.0,1.0,0,0,0.0,58
male,elhigh-radnear-az180,high,near,180,4,4,1,0.5098039215686274,1.0,0.6753246753246753,0.4375,1.0,0.6086956521739131,0.6262626262626263,1.0,0.7300068352699932,1.0,0.8174258200048159,0.6805555555555556,1.0,0.7575757575757576,1.0,0.7083333333488554,0.691011890421815,0.8083861768245697,1.0,1.0,0,0,0.0,29
male,elhigh-radnear-az225,high,near,225,1,1,1,1.0,1.0,1.0,1.0,1.0,1.0,1.0,1.0,1.0,1.0,0.7,1.0,1.0,1.0,1.0,0.7,0.6608734653379855,0.7839705348014832,1.0,1.0,0,0,0.0,32
male,elhigh-radnear-az270,high,near,270,4,4,1,0.6551724137931034,1.0,0.7916666666666666,0.75,1.0,0.8571428571428571,0.6534090909090909,1.0,0.7666666666666666,0.875,0.6866477298550308,0.75,1.0,0.8452380952380952,0.875,0.5250000017695129,0.49509224311390104,0.6093408570741303,1.0,1.0,0,0,0.0,59
male,elhigh-radnear-az315,high,near,315,4,4,1,0.7058823529411765,1.0,0.8275862068965517,0.5,1.0,0.6666666666666666,0.725,1.0,0.8284313725490196,1.0,0.8282056088473588,0.5833333333333334,1.0,0.7083333333333333,1.0,0.5747222269119487,0.6507305364175346,0.7939440906047821,1.0,1.0,0,0,0.0,57
male,elhigh-radmid-az000,high,mid,0,6,6,1,0.6027397260273972,1.0,0.7521367521367521,0.8,1.0,0.8888888888888888,0.7403684278684278,1.0,0.8196333078686019,1.0,0.852843975854388,0.85,1.0,0.9107142857142857,1.0,0.6919444469238321,0.6994627821319988,0.8265907367070516,1.0,1.0,0,0,0.0,36
male,elhigh-radmid-az045,high,mid,45,3,3,1,1.0,1.0,1.0,1.0,1.0,1.0,1.0,1.0,1.0,1.0,0.8868657419228995,1.0,1.0,1.0,1.0,0.6435185192911713,0.66751267038617,0.8169388572374979,1.0,1.0,0,0,0.0,44
male,elhigh-radmid-az090,high,mid,90,6,6,1,0.4563106796116505,1.0,0.6266666666666667,0.5416666666666666,1.0,0.7027027027027027,0.5296682244958107,1.0,0.6687691937691937,1.0,0.811537395886131,0.611111111111111,1.0,0.7301587301587301,1.0,0.6219907421135792,0.6067059515297171,0.7880739669005076,1.0,1.0,0,0,0.0,49
male,elhigh-radmid-az135,high,mid,135,4,4,1,0.32608695652173914,0.967741935483871,0.4878048780487805,0.7142857142857143,1.0,0.8333333333333334,0.4294294294294294,0.9642857142857143,0.5586007130124777,0.9671814690081539,0.808169997129162,0.8571428571428571,1.0,0.9,1.0,0.7709821441343853,0.7182516833346551,0.8314535617828369,1.0,1.0,0,0,0.0,17
male,elhigh-radmid-az180,high,mid,180,3,3,1,0.7058823529411765,0.96,0.8135593220338984,1.0,1.0,1.0,0.8611111111111112,0.9777777777777779,0.905982905982906,0.9842592599767226,0.8378782887027745,1.0,1.0,1.0,1.0,0.8259259269745262,0.7270226555925111,0.8318789998690287,1.0,1.0,0,0,0.0,9
male,elhigh-radmid-az225,high,mid,225,3,3,1,0.6136363636363636,0.9642857142857143,0.75,0.8571428571428571,1.0,0.9230769230769231,0.5455555555555556,0.9761904761904763,0.665079365079365,0.9823809458528245,0.8262865454220575,0.8333333333333334,1.0,0.8888888888888888,1.0,0.6979166666666666,0.6452405977421828,0.7668880224227905,1.0,1.0,0,0,0.0,35
male,elhigh-radmid-az270,high,mid,270,5,5,1,0.425531914893617,0.9090909090909091,0.5797101449275363,0.7142857142857143,1.0,0.8333333333333334,0.4955844155844156,0.9349999999999999,0.6375041050903121,0.9464393962310119,0.735941563385696,0.8,1.0,0.8666666666666666,1.0,0.6199999999999999,0.6361357078461921,0.8005913734436035,1.0,1.0,0,0,0.0,50
male,elhigh-radmid-az315,high,mid,315,3,3,1,1.0,1.0,1.0,1.0,1.0,1.0,1.0,1.0,1.0,1.0,0.89609375,1.0,1.0,1.0,1.0,0.7518518526245046,0.6600189605276121,0.7907596230506897,1.0,1.0,0,0,0.0,23
male,elhigh-radfar-az000,high,far,0,2,2,1,0.6666666666666666,1.0,0.8,0.5,1.0,0.6666666666666666,0.6000000000000001,1.0,0.7301587301587302,0.9166666716337204,0.7471875024959445,0.5,1.0,0.6285714285714286,0.75,0.35833333507180215,0.4236196419800664,0.5055620148777962,1.0,1.0,0,0,0.0,67
male,elhigh-radfar-az045,high,far,45,5,5,1,0.4457831325301205,0.9736842105263158,0.6115702479338843,0.6470588235294118,1.0,0.7857142857142857,0.5302645502645503,0.975,0.6659550917141049,0.9793749999254941,0.7995009351232305,0.6533333333333333,1.0,0.7766666666666666,1.0,0.6343055579927233,0.6099477874467063,0.7728967070579529,1.0,1.0,0,0,0.0,46
male,elhigh-radfar-az090,high,far,90,2,2,1,0.65,1.0,0.7878787878787878,0.6666666666666666,1.0,0.8,0.6499999999999999,1.0,0.7867647058823528,1.0,0.8872817486654672,0.75,1.0,0.8333333333333333,1.0,0.65,0.6584512890021816,0.8022303283214569,1.0,1.0,0,0,0.0,43
male,elhigh-radfar-az135,high,far,135,1,1,1,0.3783783783783784,1.0,0.5490196078431373,0.5714285714285714,1.0,0.7272727272727273,0.3783783783783784,1.0,0.5490196078431372,1.0,0.7372027985525608,0.5714285714285714,1.0,0.7272727272727273,1.0,0.5846428584307433,0.6319793962197977,0.7465832829475403,1.0,1.0,0,0,0.0,55
male,elhigh-radfar-az180,high,far,180,2,2,1,0.6041666666666666,1.0,0.7532467532467533,0.8571428571428571,1.0,0.9230769230769231,0.58994708994709,1.0,0.7356241234221599,1.0,0.8206918340429865,0.875,1.0,0.9285714285714286,1.0,0.6388888951804903,0.6628211632314542,0.8520748913288116,1.0,1.0,0,0,0.0,45
male,elhigh-radfar-az225,high,far,225,2,2,1,0.5217391304347826,1.0,0.6857142857142857,0.6666666666666666,1.0,0.8,0.5119047619047619,1.0,0.6770833333333334,1.0,0.7595011827791244,0.75,1.0,0.8333333333333333,1.0,0.7,0.6340267259905268,0.7648619115352631,1.0,1.0,0,0,0.0,33
male,elhigh-radfar-az270,high,far,270,1,1,1,0.2571428571428571,1.0,0.4090909090909091,0.6,1.0,0.75,0.2571428571428571,1.0,0.40909090909090906,1.0,0.6251146510251957,0.6,1.0,0.7499999999999999,1.0,0.340000005364418,0.5010737586564886,0.7906773090362549,1.0,1.0,0,0,0.0,69
male,elhigh-radfar-az315,high,far,315,1,1,1,0.6666666666666666,1.0,0.8,0.5,1.0,0.6666666666666666,0.6666666666666666,1.0,0.8,1.0,0.8411458322778345,0.5,1.0,0.6666666666666666,1.0,0.46111111326350107,0.5917906038643466,0.8303738236427307,1.0,1.0,0,0,0.0,64
rock,ellow-radnear-az000,low,near,0,3,3,1,0.3076923076923077,1.0,0.47058823529411764,0.2631578947368421,1.0,0.4166666666666667,0.7391304347826088,1.0,0.7857142857142857,1.0,0.9426086967136117,0.7254901960784313,1.0,0.7666666666666666,1.0,0.9470588257304984,0.9629368197428244,0.9752246737480164,1.0,1.0,0,0,0.0,31
rock,ellow-radnear-az045,low,near,45,5,5,1,0.2441860465116279,0.8076923076923077,0.375,0.32432432432432434,0.9230769230769231,0.48,0.4515018315018315,0.8828571428571429,0.5566378066378066,0.8567124546780474,0.734366307747929,0.4492997198879552,0.9666666666666666,0.5758454106280193,0.932679738026429,0.8387418353689068,0.9556265090626817,0.9730562567710876,1.0,1.0,0,0,0.0,61
rock,ellow-radnear-az090,low,near,90,7,7,1,0.1412639405204461,0.6229508196721312,0.23030303030303031,0.30357142857142855,0.9444444444444444,0.4594594594594595,0.17214729005010335,0.6809262166405023,0.27283998674563165,0.6957008411771078,0.564339568575717,0.3896825396825397,0.9761904761904762,0.5214285714285715,0.9794973522109329,0.8709160053698474,0.9549990174796916,0.9723051871572223,1.0,1.0,0,0,0.0,57
rock,ellow-radnear-az135,low,near,135,4,4,1,0.3,0.8,0.43636363636363634,0.4230769230769231,0.9166666666666666,0.5789473684210527,0.35347222222222224,0.8809523809523809,0.5031194295900179,0.8880742010806059,0.7091357992040213,0.5675824175824176,0.9583333333333334,0.6801900584795322,0.9663461499775832,0.9164102559312223,0.9613746145808841,0.9751457422971725,1.0,1.0,0,0,0.0,44
rock,ellow-radnear-az180,low,near,180,2,2,1,0.2153846153846154,0.875,0.345679012345679,0.3333333333333333,1.0,0.5,0.21583850931677018,0.9090909090909092,0.34838274932614555,0.8579725878299744,0.6254962417883352,0.3392857142857143,1.0,0.5,1.0,0.9547619062874998,0.9432751009819462,0.972196102142334,1.0,1.0,0,0,0.0,27
rock,ellow-radnear-az225,low,near,225,5,5,1,0.18627450980392157,0.7037037037037037,0.29457364341085274,0.17894736842105263,0.9444444444444444,0.3008849557522124,0.3974387022035537,0.7397058823529411,0.4242161946259985,0.7647617990332978,0.6043618487954243,0.3880446024563672,0.9,0.42453299300434866,0.841428579688072,0.6617632072661179,0.964095642058792,0.9777905583381653,1.0,1.0,0,0,0.0,70
rock,ellow-radnear-az270,low,near,270,3,3,1,0.5714285714285714,1.0,0.7272727272727273,0.4,1.0,0.5714285714285714,0.5071428571428571,1.0,0.6502673796791444,1.0,0.9620634934176056,0.4166666666666667,1.0,0.5777777777777778,1.0,1.0,0.9438126219476572,0.965299109617869,1.0,1.0,0,0,0.0,7
rock,ellow-radnear-az315,low,near,315,5,5,1,0.3780487804878049,0.8857142857142857,0.5299145299145299,0.3953488372093023,0.9444444444444444,0.5573770491803278,0.41160130718954246,0.95,0.5629090909090909,0.9546672083437443,0.8425273416330867,0.5033333333333333,0.9777777777777779,0.6255438596491227,0.9833333343267441,0.8791944456814477,0.9439277073476774,0.9618694663047791,1.0,1.0,0,0,0.0,56
rock,ellow-radmid-az000,low,mid,0,5,5,1,0.23728813559322035,0.8,0.3660130718954248,0.26785714285714285,0.8823529411764706,0.410958904109589,0.2501813817496533,0.8378571428571429,0.3793350168350168,0.8410348767573728,0.6799378150552933,0.27380952380952384,0.9,0.41357753357753363,0.9158333338797092,0.7706746042519808,0.9468733428191044,0.9687417984008789,1.0,1.0,0,0,0.0,66
rock,ellow-radmid-az045,low,mid,45,3,3,1,0.25,1.0,0.4,0.2631578947368421,1.0,0.4166666666666667,0.3613526570048309,1.0,0.49682539682539684,1.0,0.78631753938964,0.7254901960784313,1.0,0.7666666666666666,1.0,0.9575163414446162,0.9528751498438149,0.9718860387802124,1.0,1.0,0,0,0.0,25
rock,ellow-radmid-az090,low,mid,90,3,3,1,0.12056737588652482,0.6296296296296297,0.20238095238095238,0.19148936170212766,0.9,0.3157894736842105,0.15575896262395117,0.65,0.24720840243228304,0.6181930724965666,0.46517351311416294,0.21833721833721834,0.9166666666666666,0.3398692810457516,0.8554487184931835,0.7851709404339392,0.9408108436726993,0.9677331248919169,1.0,1.0,0,0,0.0,65
rock,ellow-radmid-az135,low,mid,135,5,5,1,0.2815533980582524,0.8787878787878788,0.4264705882352941,0.2903225806451613,1.0,0.45,0.45416422287390035,0.9038461538461539,0.5600403034613561,0.9139423107871643,0.7631322532539574,0.22904761904761903,0.8,0.3508771929824562,0.8,0.7333690482431224,0.7014369790020233,0.7509171962738037,0.8,0.8,1,0,0.0,69
rock,ellow-radmid-az180,low,mid,180,3,3,1,0.22602739726027396,0.7333333333333333,0.34554973821989526,0.4090909090909091,0.9,0.5625,0.20833427348691683,0.6951566951566952,0.3202020202020202,0.6707604266062557,0.4966229279631591,0.40598290598290604,0.9444444444444445,0.5643274853801169,0.9551281999701109,0.853803419305537,0.9527416196572981,0.9655579328536987,1.0,1.0,0,0,0.0,60
rock,ellow-radmid-az225,low,mid,225,3,3,1,0.16831683168316833,0.5666666666666667,0.2595419847328244,0.32,0.8888888888888888,0.47058823529411764,0.18876040444667896,0.628921568627451,0.28794992175273865,0.6305051145836017,0.5352802766501069,0.5102564102564102,0.9166666666666666,0.6048265460030166,0.9262820513298115,0.9000783483490901,0.9506654440634902,0.9761257966359457,1.0,1.0,0,0,0.0,51
rock,ellow-radmid-az270,low,mid,270,3,3,1,0.2835820895522388,0.8636363636363636,0.42696629213483145,0.3103448275862069,1.0,0.47368421052631576,0.28352349404980987,0.9,0.42943805874840363,0.8810805871897127,0.7592691537491678,0.34803921568627455,1.0,0.5070707070707071,0.9444444477558136,0.8819117665977455,0.9447023128532189,0.965630034605662,1.0,1.0,0,0,0.0,55
rock,ellow-radmid-az315,low,mid,315,5,5,1,0.2976190476190476,1.0,0.45871559633027525,0.3333333333333333,1.0,0.5,0.36378787878787877,1.0,0.5076833766488938,0.9914285715988704,0.809901340801132,0.6383333333333333,1.0,0.7187301587301588,1.0,0.9478125000000001,0.9383278277578867,0.9678685188293457,1.0,1.0,0,0,0.0,30
rock,ellow-radfar-az000,low,far,0,6,6,1,0.32,1.0,0.48484848484848486,0.2894736842105263,1.0,0.4489795918367347,0.5909090909090909,1.0,0.6977700502290666,0.974867726208041,0.8313877891056438,0.4423076923076923,0.8333333333333334,0.5444444444444444,0.8250000004967054,0.7413924519834971,0.7561116442884366,0.7878813644250234,0.8333333333333334,0.8333333333333334,1,0,0.0,68
rock,ellow-radfar-az045,low,far,45,1,1,1,0.1724137931034483,0.625,0.2702702702702703,0.3333333333333333,1.0,0.5,0.1724137931034483,0.625,0.2702702702702703,0.6573275867849588,0.5956465524621308,0.3333333333333333,1.0,0.5,1.0,0.854166666790843,0.8796472678763401,0.9364822506904602,1.0,1.0,0,0,0.0,59
rock,ellow-radfar-az090,low,far,90,4,4,1,0.2601626016260163,0.8648648648648649,0.4,0.3333333333333333,0.9375,0.4918032786885246,0.33530377668308703,0.8854166666666666,0.4756504952157126,0.894935349358417,0.7406137921331333,0.33035714285714285,0.9166666666666666,0.4831699346405229,0.9285714333610875,0.8201934582618109,0.9448684803404479,0.9692002385854721,1.0,1.0,0,0,0.0,63
rock,ellow-radfar-az135,low,far,135,5,5,1,0.26865671641791045,0.8181818181818182,0.4044943820224719,0.32142857142857145,1.0,0.4864864864864865,0.32551415797317435,0.8696153846153847,0.4545454545454546,0.8795558014902702,0.7089060608924906,0.40499999999999997,1.0,0.5158730158730159,1.0,0.8841666671882074,0.8376218631260329,0.9075014591217041,1.0,1.0,0,0,0.0,54
rock,ellow-radfar-az180,low,far,180,3,3,1,0.2571428571428571,0.72,0.37894736842105264,0.32142857142857145,1.0,0.4864864864864865,0.39692982456140347,0.8627450980392157,0.5292307692307693,0.8401143836575785,0.6878788290428473,0.43915343915343913,1.0,0.5878787878787879,1.0,0.9071759305894375,0.9496227819718435,0.9707299470901489,1.0,1.0,0,0,0.0,49
rock,ellow-radfar-az225,low,far,225,4,4,1,0.23157894736842105,0.5714285714285714,0.3295880149812734,0.6,0.9230769230769231,0.7272727272727273,0.2156950949520609,0.5922697368421053,0.31302742440849857,0.5975115148477874,0.4099266509958989,0.7636363636363637,0.9583333333333334,0.8345588235294117,0.9355113643024004,0.8279766452351711,0.9462898167273348,0.9673776626586914,1.0,1.0,0,0,0.0,62
rock,ellow-radfar-az270,low,far,270,6,6,1,0.29411764705882354,0.8571428571428571,0.43795620437956206,0.30357142857142855,0.8095238095238095,0.44155844155844154,0.4696881091617933,0.9150326797385621,0.5877450641601585,0.8880572684031375,0.7173700695827775,0.5520960520960522,0.8166666666666668,0.6107744107744107,0.845192308895863,0.7583108390944799,0.935341080761841,0.9650321006774902,1.0,1.0,0,0,0.0,67
rock,ellow-radfar-az315,low,far,315,1,1,1,0.6153846153846154,1.0,0.7619047619047619,0.4444444444444444,1.0,0.6153846153846154,0.6153846153846154,1.0,0.761904761904762,1.0,0.9571428578346968,0.4444444444444444,1.0,0.6153846153846153,1.0,0.937500000372529,0.9515768639936724,0.9782706499099731,1.0,1.0,0,0,0.0,34
rock,elmid-radnear-az000,mid,near,0,2,2,1,0.6666666666666666,1.0,0.8,0.5555555555555556,1.0,0.7142857142857143,0.8181818181818181,1.0,0.8888888888888888,0.984126986019195,0.9620490643863726,0.75,1.0,0.8333333333333333,0.9583333358168602,0.920052083581686,0.9637174415493988,0.9745705127716064,1.0,1.0,0,0,0.0,42
rock,elmid-radnear-az045,mid,near,45,6,6,1,0.7692307692307693,1.0,0.8695652173913043,0.8823529411764706,1.0,0.9375,0.8611111111111112,1.0,0.9111111111111111,1.0,0.9421319456348817,0.9444444444444445,1.0,0.9666666666666667,1.0,0.9831018521691913,0.9700416650414514,0.979073146979014,1.0,1.0,0,0,0.0,16
rock,elmid-radnear-az090,mid,near,90,1,1,1,1.0,1.0,1.0,1.0,1.0,1.0,1.0,1.0,1.0,1.0,0.9777777794334623,1.0,1.0,1.0,1.0,1.0,0.9672048290938022,0.9773679971694946,1.0,1.0,0,0,0.0,2
rock,elmid-radnear-az135,mid,near,135,4,4,1,0.375,1.0,0.5454545454545454,0.3870967741935484,1.0,0.5581395348837209,0.47435897435897434,1.0,0.6065705128205128,0.9666666706403095,0.8665186271322061,0.6083333333333333,1.0,0.7089285714285714,1.0,0.915625,0.962637858224558,0.9771647453308105,1.0,1.0,0,0,0.0,45
rock,elmid-radnear-az180,mid,near,180,3,3,1,0.9166666666666666,1.0,0.9565217391304348,1.0,1.0,1.0,0.9444444444444445,1.0,0.9696969696969697,1.0,0.9765138893789715,1.0,1.0,1.0,1.0,1.0,0.9599650451788465,0.97620556751887,1.0,1.0,0,0,0.0,3
rock,elmid-radnear-az225,mid,near,225,2,2,1,0.7272727272727273,1.0,0.8421052631578947,1.0,1.0,1.0,0.7333333333333334,1.0,0.8444444444444446,1.0,0.7820833343081176,1.0,1.0,1.0,1.0,1.0,0.9721682787641548,0.9816651940345764,1.0,1.0,0,0,0.0,1
rock,elmid-radnear-az270,mid,near,270,2,2,1,0.48,0.9230769230769231,0.631578947368421,0.3888888888888889,0.875,0.5384615384615384,0.5208333333333333,0.9285714285714286,0.6608695652173913,0.9419642891734838,0.8290178610943258,0.5178571428571428,0.9,0.6390977443609022,0.914285720033305,0.8700000070354768,0.9635006049696759,0.9790245592594147,1.0,1.0,0,0,0.0,58
rock,elmid-radnear-az315,mid,near,315,5,5,1,0.5192307692307693,0.9310344827586207,0.6666666666666666,0.5789473684210527,1.0,0.7333333333333333,0.5838485044367397,0.9444444444444444,0.7116827758771492,0.9450728982799375,0.8600796893464139,0.755,1.0,0.8233766233766234,1.0,0.9820833340287208,0.9697772295293638,0.9791197538375854,1.0,1.0,0,0,0.0,17
rock,elmid-radmid-az000,mid,mid,0,6,6,1,0.5769230769230769,1.0,0.7317073170731707,0.4807692307692308,1.0,0.6493506493506493,0.711078691423519,1.0,0.8069546819546819,0.9969745540995767,0.9049578540670895,0.6990196078431373,1.0,0.7821067821067821,1.0,0.9716898140835543,0.9569897149218279,0.9754485289255778,1.0,1.0,0,0,0.0,20
rock,elmid-radmid-az045,mid,mid,45,3,3,1,0.4864864864864865,1.0,0.6545454545454545,0.6923076923076923,1.0,0.8181818181818182,0.4679824561403509,1.0,0.611965811965812,0.9935064949256519,0.9591262290063685,0.8518518518518517,1.0,0.9047619047619048,1.0,0.9896296302698278,0.9612401200934393,0.9723636706670126,1.0,1.0,0,0,0.0,12
rock,elmid-radmid-az090,mid,mid,90,2,2,1,0.5714285714285714,1.0,0.7272727272727273,0.8333333333333334,1.0,0.9090909090909091,0.58125,1.0,0.7349999999999999,0.9861111119389534,0.8550595291587155,0.9,1.0,0.9444444444444444,0.9750000014901161,0.9250000014901161,0.9658095408870953,0.9778084456920624,1.0,1.0,0,0,0.0,40
rock,elmid-radmid-az180,mid,mid,180,3,3,1,0.328125,1.0,0.49411764705882355,0.26666666666666666,1.0,0.42105263157894735,0.38970905637572306,1.0,0.5304659498207885,1.0,0.9359933426429258,0.32323232323232326,1.0,0.4688888888888889,1.0,0.9305359879623759,0.9574757658347224,0.970571239789327,1.0,1.0,0,0,0.0,38
rock,elmid-radmid-az225,mid,mid,225,3,3,1,0.8214285714285714,1.0,0.9019607843137255,0.8125,1.0,0.896551724137931,0.8251082251082251,1.0,0.903988603988604,1.0,0.9431779094454315,0.8333333333333334,1.0,0.903030303030303,1.0,0.979305556482739,0.95800607417344,0.9721306761105856,1.0,1.0,0,0,0.0,18
rock,elmid-radmid-az270,mid,mid,270,2,2,1,0.7857142857142857,1.0,0.88,1.0,1.0,1.0,0.8333333333333333,1.0,0.9,1.0,0.894000003463692,1.0,1.0,1.0,1.0,1.0,0.9476654663171349,0.9714356660842896,1.0,1.0,0,0,0.0,6
rock,elmid-radmid-az315,mid,mid,315,3,3,1,0.625,1.0,0.7692307692307693,0.9166666666666666,1.0,0.9565217391304348,0.6181818181818182,1.0,0.757051282051282,1.0,0.8724368749814803,0.9166666666666666,1.0,0.9523809523809524,1.0,0.9327777793506781,0.9482473556688605,0.9684789578119913,1.0,1.0,0,0,0.0,36
rock,elmid-radfar-az000,mid,far,0,4,4,1,0.27848101265822783,0.7857142857142857,0.411214953271028,0.7272727272727273,0.8888888888888888,0.8,0.4562233589087809,0.8205128205128205,0.5509516903833953,0.8073057333739357,0.7289997472863442,0.8928571428571428,0.875,0.8484848484848485,0.9375,0.9178571429103612,0.9548638297166097,0.9705493748188019,1.0,1.0,0,0,0.0,43
rock,elmid-radfar-az045,mid,far,45,1,1,1,0.5625,0.9,0.6923076923076923,0.5714285714285714,1.0,0.7272727272727273,0.5625,0.9,0.6923076923076923,0.9281249828636646,0.828888880941603,0.5714285714285714,1.0,0.7272727272727273,1.0,1.0,0.9300139849794675,0.9681578874588013,1.0,1.0,0,0,0.0,9
rock,elmid-radfar-az090,mid,far,90,2,2,1,0.4727272727272727,0.9629629629629629,0.6341463414634146,0.4166666666666667,1.0,0.5882352941176471,0.4820954907161804,0.95,0.6261180679785331,0.9577586103102256,0.8932368586491513,0.5462184873949579,1.0,0.6520146520146519,1.0,0.9714285720671926,0.9470698437055027,0.9700371623039246,1.0,1.0,0,0,0.0,21
rock,elmid-radfar-az135,mid,far,135,2,2,1,0.3877551020408163,0.9047619047619048,0.5428571428571428,0.6153846153846154,1.0,0.7619047619047619,0.5083732057416268,0.9230769230769231,0.6367389060887514,0.9342105301768191,0.7358582053523556,0.7222222222222222,1.0,0.8076923076923077,1.0,0.9645833333488554,0.9576807784216257,0.9762240946292877,1.0,1.0,0,0,0.0,24
rock,elmid-radfar-az225,mid,far,225,3,3,1,0.4878048780487805,0.9523809523809523,0.6451612903225806,0.4,0.8888888888888888,0.5517241379310345,0.46060606060606063,0.9666666666666667,0.5925641025641025,0.9766666615009308,0.940770722472899,0.3637566137566138,0.8888888888888888,0.5047619047619047,0.9047619111481167,0.8995767262830304,0.9517075589275473,0.9686438242594401,1.0,1.0,0,0,0.0,52
rock,elmid-radfar-az270,mid,far,270,4,4,1,0.66,1.0,0.7951807228915663,0.7647058823529411,1.0,0.8666666666666667,0.7792207792207793,1.0,0.8582887700534759,0.9981617648154497,0.8565215968108275,0.9,1.0,0.9375,1.0,0.9397916681195299,0.9331514909575516,0.9569208323955536,1.0,1.0,0,0,0.0,33
rock,elmid-radfar-az315,mid,far,315,3,3,1,0.42168674698795183,0.9459459459459459,0.5833333333333334,0.44,1.0,0.6111111111111112,0.4987348178137652,0.9500000000000001,0.6351032994141227,0.9542519565468354,0.7874088092066681,0.5079365079365079,1.0,0.6251526251526252,1.0,0.913095243180555,0.9539944820672398,0.9708100954691569,1.0,1.0,0,0,0.0,46
rock,elhigh-radnear-az000,high,near,0,4,4,1,0.6444444444444445,1.0,0.7837837837837838,0.5,1.0,0.6666666666666666,0.7530364372469636,1.0,0.8357142857142857,1.0,0.9060648250491787,0.8076923076923077,1.0,0.84375,1.0,0.9307692351106267,0.9614475995011471,0.9742056876420975,1.0,1.0,0,0,0.0,37
rock,elhigh-radnear-az045,high,near,45,1,1,1,0.47058823529411764,1.0,0.64,0.3333333333333333,1.0,0.5,0.47058823529411764,1.0,0.6399999999999999,1.0,0.9565257355570793,0.3333333333333333,1.0,0.5,1.0,0.978125,0.9584617049455524,0.9734222292900085,1.0,1.0,0,0,0.0,19
rock,elhigh-radnear-az090,high,near,90,3,3,1,0.5319148936170213,1.0,0.6944444444444444,0.4166666666666667,1.0,0.5882352941176471,0.5390406162464986,1.0,0.6953140096618359,0.9894179906794633,0.9021235409075153,0.5722222222222223,1.0,0.6832579185520361,0.955555560853746,0.8944444514976607,0.9618795772098956,0.9789913495381674,1.0,1.0,0,0,0.0,53
rock,elhigh-radnear-az135,high,near,135,5,5,1,0.7692307692307693,0.967741935483871,0.8571428571428571,0.72,0.9473684210526315,0.8181818181818182,0.8111111111111111,0.9666666666666666,0.875,0.9749999970197678,0.9495682518767932,0.8178571428571428,0.95,0.8666666666666666,0.959375,0.9368392861059733,0.9554151335238246,0.9750125288963318,1.0,1.0,0,0,0.0,35
rock,elhigh-radnear-az180,high,near,180,3,3,1,0.5384615384615384,0.9333333333333333,0.6829268292682927,0.4444444444444444,0.8888888888888888,0.5925925925925926,0.6458333333333334,0.9583333333333334,0.75,0.9674479166666666,0.9433449080144918,0.6388888888888888,0.9166666666666666,0.725,0.9270833333333334,0.9052083334575096,0.9591815967051526,0.9737730622291565,1.0,1.0,0,0,0.0,50
rock,elhigh-radnear-az225,high,near,225,5,5,1,0.7727272727272727,1.0,0.8717948717948718,0.7619047619047619,1.0,0.8648648648648649,0.8072727272727273,1.0,0.8833333333333334,0.993650794407678,0.9303336968411401,0.8457142857142858,1.0,0.8977777777777778,1.0,0.9858750000596046,0.9522229330104907,0.9746366143226624,1.0,1.0,0,0,0.0,14
rock,elhigh-radnear-az270,high,near,270,3,3,1,0.46153846153846156,0.9473684210526315,0.6206896551724138,0.3548387096774194,1.0,0.5238095238095238,0.47222222222222227,0.9583333333333334,0.6302294197031039,0.9664351853231589,0.9556878310938677,0.36838624338624343,1.0,0.5350945350945351,1.0,0.9930555555969477,0.9622185587341718,0.9774206082026163,1.0,1.0,0,0,0.0,10
rock,elhigh-radnear-az315,high,near,315,5,5,1,0.6904761904761905,0.9666666666666667,0.8055555555555556,0.5769230769230769,0.9375,0.7142857142857143,0.7428571428571429,0.96,0.8238095238095238,0.968888890809483,0.8669492117570506,0.7142857142857142,0.95,0.7993006993006994,0.959375,0.9071875004470348,0.9565669423065799,0.9743206143379212,1.0,1.0,0,0,0.0,48
rock,elhigh-radmid-az000,high,mid,0,3,3,1,0.8181818181818182,1.0,0.9,0.8888888888888888,1.0,0.9411764705882353,0.7959401709401709,1.0,0.8808063916759569,1.0,0.9142656216610018,0.8968253968253969,1.0,0.9440559440559441,1.0,0.9844920640067448,0.9618348312571499,0.9770137667655945,1.0,1.0,0,0,0.0,15
rock,elhigh-radmid-az045,high,mid,45,4,4,1,0.6904761904761905,1.0,0.8169014084507042,1.0,1.0,1.0,0.7736299648064354,1.0,0.8579166666666667,1.0,0.9376924242340169,1.0,1.0,1.0,1.0,0.9914444450669818,0.9559876450433666,0.9740567058324814,1.0,1.0,0,0,0.0,11
rock,elhigh-radmid-az090,high,mid,90,5,5,1,0.7213114754098361,0.9777777777777777,0.8301886792452831,0.6923076923076923,1.0,0.8181818181818182,0.7676190476190476,0.9777777777777779,0.8516533758639022,0.9848809526695146,0.9118347154821791,0.8,1.0,0.86,1.0,0.9663962978981159,0.9578147318539315,0.9755043864250184,1.0,1.0,0,0,0.0,22
rock,elhigh-radmid-az135,high,mid,135,3,3,1,0.52,1.0,0.6842105263157895,0.7142857142857143,1.0,0.8333333333333334,0.6666666666666666,1.0,0.7666666666666666,0.9833333343267441,0.8929583357373874,0.8666666666666667,1.0,0.9166666666666666,0.9722222238779068,0.9233333381679323,0.942653723466267,0.9701675176620483,1.0,1.0,0,0,0.0,41
rock,elhigh-radmid-az180,high,mid,180,2,2,1,0.4,1.0,0.5714285714285714,0.35714285714285715,1.0,0.5263157894736842,0.47916666666666663,1.0,0.6346153846153846,0.9625000022351742,0.7905312459433664,0.475,1.0,0.5952380952380952,0.9583333358168602,0.7995833377353847,0.9633627645902774,0.9692538976669312,1.0,1.0,0,0,0.0,64
rock,elhigh-radmid-az225,high,mid,225,4,4,1,0.7027027027027027,0.9629629629629629,0.8125,0.6,0.9230769230769231,0.7272727272727273,0.8472222222222222,0.9772727272727273,0.896584440227704,0.9829545505344868,0.9375536639819091,0.7909090909090909,0.95,0.8472222222222223,0.9590909118002111,0.9545454575392333,0.9531928401184073,0.9733801186084747,1.0,1.0,0,0,0.0,28
rock,elhigh-radmid-az270,high,mid,270,2,2,1,0.5277777777777778,0.95,0.6785714285714286,0.625,1.0,0.7692307692307693,0.5277777777777778,0.9444444444444444,0.6756066411238826,0.9506172873539689,0.9014029303801847,0.75,1.0,0.8333333333333333,1.0,0.9460069386495483,0.9602969834272699,0.9734435379505157,1.0,1.0,0,0,0.0,32
rock,elhigh-radmid-az315,high,mid,315,2,2,1,0.6428571428571429,1.0,0.782608695652174,1.0,1.0,1.0,0.75,1.0,0.8333333333333333,1.0,0.96875,1.0,1.0,1.0,1.0,1.0,0.9510064437671826,0.9708189070224762,1.0,1.0,0,0,0.0,4
rock,elhigh-radfar-az000,high,far,0,2,2,1,0.7727272727272727,1.0,0.8717948717948718,0.8888888888888888,1.0,0.9411764705882353,0.868421052631579,1.0,0.9242424242424242,1.0,0.9351768201213885,0.9285714285714286,1.0,0.9615384615384615,1.0,0.9478174610743447,0.9375452227473389,0.9664197564125061,1.0,1.0,0,0,0.0,29
rock,elhigh-radfar-az045,high,far,45,5,5,1,0.6666666666666666,0.9767441860465116,0.7924528301886793,0.7222222222222222,0.9285714285714286,0.8125,0.7557142857142857,0.9875,0.8366666666666667,0.9921875,0.8831803587147167,0.845,0.9666666666666666,0.8928571428571429,0.9770833306014538,0.9659166645457347,0.9516989941061184,0.9679298520088195,1.0,1.0,0,0,0.0,23
rock,elhigh-radfar-az090,high,far,90,1,1,1,0.75,1.0,0.8571428571428571,1.0,1.0,1.0,0.75,1.0,0.8571428571428571,1.0,0.8838020798067252,1.0,1.0,1.0,1.0,0.9555555588669247,0.9323024885735798,0.9676740765571594,1.0,1.0,0,0,0.0,26
rock,elhigh-radfar-az135,high,far,135,2,2,1,0.6206896551724138,1.0,0.7659574468085106,0.8,1.0,0.8888888888888888,0.6238095238095238,1.0,0.7644927536231885,1.0,0.8228199387860617,0.8,1.0,0.875,1.0,0.908666669756174,0.9399144269574577,0.9661607444286346,1.0,1.0,0,0,0.0,47
rock,elhigh-radfar-az180,high,far,180,3,3,1,0.6285714285714286,0.9565217391304348,0.7586206896551724,0.75,0.9,0.8181818181818182,0.7202380952380952,0.9523809523809524,0.8005797101449276,0.9613095261156559,0.8571622233521327,0.8888888888888888,0.8888888888888888,0.8666666666666667,0.9444444477558136,0.9253086443944478,0.9379250125683095,0.9637033343315125,1.0,1.0,0,0,0.0,39
rock,elhigh-radfar-az225,high,far,225,2,2,1,0.6129032258064516,1.0,0.76,1.0,1.0,1.0,0.7272727272727273,1.0,0.8125,1.0,0.9576557241934618,1.0,1.0,1.0,1.0,1.0,0.9498515576719218,0.9680468142032623,1.0,1.0,0,0,0.0,5
rock,elhigh-radfar-az270,high,far,270,2,2,1,1.0,1.0,1.0,1.0,1.0,1.0,1.0,1.0,1.0,1.0,0.9888888897167312,1.0,1.0,1.0,1.0,1.0,0.9419542680699848,0.9670647382736206,1.0,1.0,0,0,0.0,8
rock,elhigh-radfar-az315,high,far,315,4,4,1,0.5588235294117647,0.95,0.7037037037037037,0.9411764705882353,1.0,0.9696969696969697,0.642624521072797,0.9666666666666667,0.7502618349392542,0.9669950747578016,0.8648439881110923,0.9642857142857143,1.0,0.9807692307692307,1.0,0.9863095224968025,0.9505706345589084,0.9678735435009003,1.0,1.0,0,0,0.0,13
suv,ellow-radnear-az000,low,near,0,3,3,1,0.3135593220338983,0.925,0.46835443037974683,0.42857142857142855,1.0,0.6,0.3898161586840832,0.937950937950938,0.5316509023700805,0.9330338747326777,0.6356944919284423,0.4666666666666666,0.6666666666666666,0.5238095238095238,0.6666666666666666,0.5566666677594184,0.5907641266145044,0.6288682619730631,0.6666666666666666,0.6666666666666666,1,1,1.0,66
suv,ellow-radnear-az045,low,near,45,3,3,1,0.1318181818181818,0.5686274509803921,0.2140221402214022,0.5,0.9090909090909091,0.6451612903225806,0.12887151971659014,0.5492577597840756,0.20835891903853068,0.5620798594888088,0.40256991810495507,0.5158730158730159,0.9444444444444445,0.6452991452991452,0.9642857105012924,0.8508487681416398,0.9353212776165213,0.9632594188054403,1.0,1.0,0,0,0.0,51
suv,ellow-radnear-az090,low,near,90,4,4,1,0.2125,0.8292682926829268,0.3383084577114428,0.45,1.0,0.6206896551724138,0.45972996968021845,0.9004934210526316,0.5604696116039319,0.8439846589671013,0.651786533273027,0.7589285714285714,1.0,0.8253968253968254,1.0,0.9501736122856124,0.9422286019480595,0.9662300050258636,1.0,1.0,0,0,0.0,28
suv,ellow-radnear-az135,low,near,135,3,3,1,0.26153846153846155,0.8947368421052632,0.40476190476190477,0.2631578947368421,1.0,0.4166666666666667,0.4761904761904762,0.8910256410256411,0.5587878787878787,0.900641027380859,0.7556868164375384,0.5,1.0,0.5952380952380952,1.0,0.9687500000620881,0.9450178948294029,0.9686120748519897,1.0,1.0,0,0,0.0,16
suv,ellow-radnear-az180,low,near,180,7,7,1,0.24585635359116023,0.6742424242424242,0.3603238866396761,0.25301204819277107,0.84,0.3888888888888889,0.3521895636504716,0.6758333333333333,0.44098703289359953,0.671924518717916,0.47360696236065947,0.5399749373433583,0.8639455782312925,0.6052851909994768,0.8742941537546416,0.8273952001523616,0.926947707873491,0.9632693188531058,1.0,1.0,0,0,0.0,55
suv,ellow-radnear-az225,low,near,225,4,4,1,0.26635514018691586,0.7215189873417721,0.3890784982935154,0.5,0.75,0.6,0.2493352135374698,0.8039957753916565,0.36533206396220097,0.811041765374051,0.5793190604892756,0.4916666666666667,0.8333333333333333,0.6011904761904762,0.8777777861389848,0.8423611187210513,0.9301946492728153,0.9601421058177948,1.0,1.0,0,0,0.0,54
suv,ellow-radnear-az270,low,near,270,3,3,1,0.22522522522522523,0.625,0.33112582781456956,0.391304347826087,0.8181818181818182,0.5294117647058824,0.2450948509485095,0.6348339160839161,0.3524084193483101,0.6187855227656444,0.35846505591550626,0.4708333333333334,0.75,0.5476190476190476,0.7708333358168602,0.6471666710649927,0.9465427585473544,0.9606710076332092,1.0,1.0,0,0,0.0,62
suv,ellow-radnear-az315,low,near,315,3,3,1,0.27450980392156865,0.7777777777777778,0.4057971014492754,0.6666666666666666,1.0,0.8,0.2916666666666667,0.8380952380952381,0.431056293485136,0.8172799515453253,0.6984316422277995,0.5,0.6666666666666666,0.5555555555555555,0.6666666666666666,0.6666666666666666,0.6300882277917962,0.6437806089719137,0.6666666666666666,0.6666666666666666,1,0,0.0,60
suv,ellow-radmid-az000,low,mid,0,2,2,1,0.22321428571428573,0.8620689655172413,0.3546099290780142,0.375,1.0,0.5454545454545454,0.225,0.875,0.35789473684210527,0.8380793903585104,0.5418636902280575,0.1875,0.5,0.2727272727272727,0.5,0.41666666949167847,0.45358770607677457,0.48183202743530273,0.5,0.5,1,0,0.0,68
suv,ellow-radmid-az045,low,mid,45,3,3,1,0.13821138211382114,0.6071428571428571,0.2251655629139073,0.875,1.0,0.9333333333333333,0.42270465852555406,0.7277777777777779,0.47811934900542497,0.7261773048380707,0.6262402554254057,0.5555555555555555,0.6666666666666666,0.6,0.6666666666666666,0.6417777784268061,0.6204745052873287,0.6361100474993387,0.6666666666666666,0.6666666666666666,1,0,0.0,63
suv,ellow-radmid-az090,low,mid,90,5,5,1,0.24892703862660945,0.7733333333333333,0.37662337662337664,0.43333333333333335,0.9285714285714286,0.5909090909090909,0.307881693186041,0.8005952380952381,0.4385566448801743,0.7762730499563311,0.5416304499115334,0.48142857142857143,0.9,0.6052631578947368,0.9100000008940696,0.7858968284007103,0.9141273161388994,0.9509671211242676,1.0,1.0,0,0,0.0,57
suv,ellow-radmid-az135,low,mid,135,6,6,1,0.26126126126126126,0.7073170731707317,0.3815789473684211,0.47368421052631576,0.6428571428571429,0.5454545454545454,0.49881946756946755,0.8773148148148149,0.5995668182802686,0.8708044492309231,0.7887390488348874,0.5214285714285715,0.6547619047619048,0.5634920634920635,0.683503402244984,0.6485119071212553,0.760862021809734,0.787975033124288,0.8333333333333334,0.8333333333333334,1,0,0.0,61
suv,ellow-radmid-az225,low,mid,225,3,3,1,0.2736318407960199,0.7432432432432432,0.4,0.3225806451612903,1.0,0.4878048780487805,0.30121832358674466,0.8131357163615228,0.4393939393939394,0.8028373742920546,0.5503731444820804,0.514423076923077,1.0,0.6170634920634921,1.0,0.85054487723093,0.9097291497495554,0.9492470224698385,1.0,1.0,0,0,0.0,52
suv,ellow-radmid-az270,low,mid,270,6,6,1,0.2549800796812749,0.6736842105263158,0.3699421965317919,0.4411764705882353,0.9375,0.6,0.39491550116550117,0.7747222222222222,0.4966693372633966,0.762304661201465,0.5852239477905746,0.3966422466422466,0.7916666666666666,0.5211640211640212,0.8020833333333334,0.6393719519002496,0.7701376496744192,0.7988873223463694,0.8333333333333334,0.8333333333333334,1,0,0.0,64
suv,ellow-radmid-az315,low,mid,315,5,5,1,0.27564102564102566,0.6323529411764706,0.38392857142857145,0.7142857142857143,1.0,0.8333333333333334,0.33936527436527436,0.6532163742690058,0.4424570024570024,0.6380743354982735,0.49706591116275156,0.793939393939394,1.0,0.8707070707070708,1.0,0.9009888711636386,0.9050674025516244,0.9482317328453064,1.0,1.0,0,0,0.0,45
suv,ellow-radfar-az000,low,far,0,2,2,1,0.43548387096774194,0.8181818181818182,0.5684210526315789,1.0,1.0,1.0,0.6568627450980392,0.8636363636363636,0.7191780821917808,0.8667461092079378,0.7482482673418803,0.5,0.5,0.5,0.5,0.45729166716337205,0.44119646844547944,0.4665767252445221,0.5,0.5,1,0,0.0,67
suv,ellow-radfar-az045,low,far,45,3,3,1,0.17763157894736842,0.6428571428571429,0.27835051546391754,0.21428571428571427,0.8571428571428571,0.34285714285714286,0.49199170906350104,0.8141414141414142,0.5701754385964913,0.8245856074073753,0.692021842696214,0.15873015873015872,0.6,0.25071225071225073,0.6063492100626703,0.36761905153355895,0.5773539977159933,0.6138064861297607,0.6666666666666666,0.6666666666666666,1,0,0.0,69
suv,ellow-radfar-az090,low,far,90,1,1,1,0.5714285714285714,1.0,0.7272727272727273,0.0,0.0,0.0,0.5714285714285714,1.0,0.7272727272727273,1.0,0.9803571429103612,0.0,0.0,0.0,0.0,0.0,0.0,0.0,0.0,0.0,1,0,0.0,70
suv,ellow-radfar-az135,low,far,135,3,3,1,0.5121951219512195,1.0,0.6774193548387096,0.46153846153846156,1.0,0.631578947368421,0.7301587301587302,1.0,0.8118022328548644,1.0,0.8728730159645517,0.4545454545454546,0.6666666666666666,0.5111111111111111,0.6666666666666666,0.5829545455674331,0.5799254425293275,0.6232175429662069,0.6666666666666666,0.6666666666666666,1,0,0.0,65
suv,ellow-radfar-az180,low,far,180,2,2,1,0.26666666666666666,0.8888888888888888,0.41025641025641024,1.0,1.0,1.0,0.5925925925925926,0.9166666666666667,0.6515151515151515,0.9243827067821482,0.7396605042142816,1.0,1.0,1.0,1.0,0.9,0.8554113557654368,0.9269959032535553,1.0,1.0,0,0,0.0,46
suv,ellow-radfar-az225,low,far,225,5,5,1,0.2140468227424749,0.6666666666666666,0.3240506329113924,0.47619047619047616,0.8333333333333334,0.6060606060606061,0.23735740909722516,0.7233870967741935,0.3553779161105419,0.694895209023904,0.48358590383620303,0.5833333333333333,0.9,0.6847619047619047,0.9166666671633721,0.7533333342149854,0.8927199740514211,0.9322062849998474,1.0,1.0,0,0,0.0,59
suv,ellow-radfar-az270,low,far,270,2,2,1,0.1349206349206349,0.5862068965517241,0.21935483870967742,0.3076923076923077,1.0,0.47058823529411764,0.16419753086419753,0.5952380952380952,0.2554731638418079,0.5265467216272289,0.33855936954130267,0.38636363636363635,1.0,0.5476190476190476,1.0,0.7535353590292161,0.8626356051665613,0.9185626804828644,1.0,1.0,0,0,0.0,58
suv,ellow-radfar-az315,low,far,315,2,2,1,0.21705426356589147,0.5957446808510638,0.3181818181818182,0.42857142857142855,1.0,0.6,0.22929782082324457,0.5763636363636364,0.32712215320910976,0.5918108182599249,0.4255761622623801,0.42857142857142855,1.0,0.6,1.0,0.814285717691694,0.888136241433962,0.9287424087524414,1.0,1.0,0,0,0.0,56
suv,elmid-radnear-az000,mid,near,0,2,2,1,0.55,1.0,0.7096774193548387,1.0,1.0,1.0,0.48809523809523814,1.0,0.6413043478260869,1.0,0.9268849221634723,1.0,1.0,1.0,1.0,0.9672500010728836,0.9380205446454646,0.9584070146083832,1.0,1.0,0,0,0.0,17
suv,elmid-radnear-az045,mid,near,45,2,2,1,0.6,1.0,0.75,1.0,1.0,1.0,0.7272727272727273,1.0,0.8125,1.0,0.9511931823600421,1.0,1.0,1.0,1.0,0.98125,0.92785903373181,0.9640607833862305,1.0,1.0,0,0,0.0,9
suv,elmid-radnear-az090,mid,near,90,2,2,1,0.8571428571428571,1.0,0.9230769230769231,1.0,1.0,1.0,0.9,1.0,0.9444444444444444,1.0,0.9825000002980232,1.0,1.0,1.0,1.0,0.9625,0.9437162795210483,0.9638838469982147,1.0,1.0,0,0,0.0,19
suv,elmid-radnear-az135,mid,near,135,9,9,1,0.4533333333333333,1.0,0.6238532110091743,0.8636363636363636,1.0,0.926829268292683,0.5151083484416819,1.0,0.6563760857878504,1.0,0.9082574140112308,0.912962962962963,1.0,0.9495590828924162,1.0,0.9652777777777778,0.9290323339055521,0.9577344920900133,1.0,1.0,0,0,0.0,18
suv,elmid-radnear-az180,mid,near,180,2,2,1,0.35714285714285715,1.0,0.5263157894736842,0.5,1.0,0.6666666666666666,0.625,1.0,0.7,1.0,0.9361111121459139,0.625,1.0,0.7,1.0,0.9,0.6597906604333659,0.7042808532714844,1.0,1.0,0,0,0.0,47
suv,elmid-radnear-az225,mid,near,225,3,3,1,0.47368421052631576,0.9,0.6206896551724138,0.8,0.8888888888888888,0.8421052631578947,0.5084175084175084,0.9107142857142857,0.6437092731829573,0.9160353578035793,0.8573292496232939,0.8888888888888888,0.9333333333333332,0.9090909090909091,0.9555555588669247,0.9222222255335913,0.9213731366570611,0.9588684240976969,1.0,1.0,0,0,0.0,41
suv,elmid-radnear-az270,mid,near,270,5,5,1,0.53125,0.8947368421052632,0.6666666666666666,0.75,1.0,0.8571428571428571,0.675,0.9047619047619048,0.7376811594202899,0.9323412745363182,0.8904265927357805,0.8333333333333334,1.0,0.8933333333333333,1.0,0.9833333334326744,0.934804514050127,0.9555272936820984,1.0,1.0,0,0,0.0,8
suv,elmid-radnear-az315,mid,near,315,2,2,1,0.5263157894736842,1.0,0.6896551724137931,0.875,1.0,0.9333333333333333,0.5166666666666666,1.0,0.6811594202898551,1.0,0.8787500002421439,0.8333333333333333,1.0,0.9,1.0,0.9315000007897616,0.9494320165564023,0.9681837558746338,1.0,1.0,0,0,0.0,38
suv,elmid-radmid-az000,mid,mid,0,2,2,1,0.6842105263157895,1.0,0.8125,1.0,1.0,1.0,0.6607142857142857,1.0,0.7922077922077921,1.0,0.934689154593205,1.0,1.0,1.0,1.0,1.0,0.9130960088137527,0.9425630271434784,1.0,1.0,0,0,0.0,2
suv,elmid-radmid-az045,mid,mid,45,4,4,1,0.75,1.0,0.8571428571428571,1.0,1.0,1.0,0.8194444444444444,1.0,0.881118881118881,1.0,0.9267256956522664,1.0,1.0,1.0,1.0,0.98125,0.9256887436652219,0.9517210274934769,1.0,1.0,0,0,0.0,10
suv,elmid-radmid-az135,mid,mid,135,4,4,1,0.6956521739130435,1.0,0.8205128205128205,1.0,1.0,1.0,0.7400793650793651,1.0,0.8337789661319073,1.0,0.9675347236295541,1.0,1.0,1.0,1.0,1.0,0.9153021867136166,0.951005682349205,1.0,1.0,0,0,0.0,1
suv,elmid-radmid-az180,mid,mid,180,7,7,1,0.5795454545454546,1.0,0.7338129496402878,0.7894736842105263,1.0,0.8823529411764706,0.6395390323961753,1.0,0.7586065465322431,1.0,0.8940743287619117,0.8988095238095238,1.0,0.9384615384615385,1.0,0.9326190486018147,0.9172940044172836,0.9529541219983783,1.0,1.0,0,0,0.0,37
suv,elmid-radmid-az225,mid,mid,225,2,2,1,0.85,1.0,0.918918918918919,1.0,1.0,1.0,0.8541666666666667,1.0,0.9212121212121211,1.0,0.9612617236947772,1.0,1.0,1.0,1.0,0.98125,0.9174985906577859,0.9510924816131592,1.0,1.0,0,0,0.0,11
suv,elmid-radmid-az270,mid,mid,270,4,4,1,0.8,1.0,0.8888888888888888,0.875,1.0,0.9333333333333333,0.7916666666666666,1.0,0.8772727272727273,1.0,0.9042083346446355,0.9166666666666666,1.0,0.95,1.0,0.9343750001862645,0.9105844489436876,0.9490505307912827,1.0,1.0,0,0,0.0,33
suv,elmid-radmid-az315,mid,mid,315,3,3,1,0.7241379310344828,1.0,0.84,0.75,1.0,0.8571428571428571,0.7777777777777777,1.0,0.8666666666666667,1.0,0.9381080275108049,0.875,1.0,0.923076923076923,1.0,0.975,0.9244231738085323,0.9525230725606283,1.0,1.0,0,0,0.0,14
suv,elmid-radfar-az000,mid,far,0,4,4,1,0.5454545454545454,0.9230769230769231,0.6857142857142857,0.75,1.0,0.8571428571428571,0.5833333333333334,0.9404761904761905,0.7126893939393939,0.9528061131737671,0.8770996204802344,0.875,1.0,0.9166666666666666,1.0,0.9375,0.8842345384822368,0.9343431740999222,1.0,1.0,0,0,0.0,32
suv,elmid-radfar-az045,mid,far,45,3,3,1,0.575,0.92,0.7076923076923077,1.0,1.0,1.0,0.5833333333333334,0.9487179487179488,0.6761904761904761,0.9506006866335461,0.7350067653793285,1.0,1.0,1.0,1.0,0.882962966715848,0.8894354518814845,0.9396546880404154,1.0,1.0,0,0,0.0,48
suv,elmid-radfar-az090,mid,far,90,4,4,1,0.7142857142857143,1.0,0.8333333333333334,1.0,1.0,1.0,0.7612179487179487,1.0,0.8538533834586466,0.989285714498588,0.8967442991458472,1.0,1.0,1.0,1.0,0.984375,0.9089703502036954,0.9446769207715988,1.0,1.0,0,0,0.0,7
suv,elmid-radfar-az135,mid,far,135,3,3,1,0.4827586206896552,0.9767441860465116,0.6461538461538462,0.6190476190476191,1.0,0.7647058823529411,0.48633512544802865,0.9824561403508771,0.6441315264844677,0.9793095509474625,0.8076283583378698,0.75,1.0,0.8324420677361853,1.0,0.9140740782905508,0.9033404462180125,0.9485523104667664,1.0,1.0,0,0,0.0,43
suv,elmid-radfar-az180,mid,far,180,1,1,1,0.8333333333333334,1.0,0.9090909090909091,1.0,1.0,1.0,0.8333333333333334,1.0,0.9090909090909091,1.0,0.9866666676600774,1.0,1.0,1.0,1.0,1.0,0.9116002093058455,0.956061601638794,1.0,1.0,0,0,0.0,3
suv,elmid-radfar-az225,mid,far,225,5,5,1,0.39669421487603307,0.9230769230769231,0.5549132947976878,0.5161290322580645,1.0,0.6808510638297872,0.488964148877942,0.9314285714285715,0.6256658152061879,0.9204692928018939,0.7820607226712306,0.5985281385281385,1.0,0.7053751803751804,1.0,0.882774892301722,0.8888311152954849,0.9418446660041809,1.0,1.0,0,0,0.0,49
suv,elmid-radfar-az270,mid,far,270,4,4,1,0.5833333333333334,0.9333333333333333,0.717948717948718,0.7333333333333333,0.9166666666666666,0.8148148148148148,0.67825311942959,0.9356060606060606,0.7563203463203463,0.9528810836330288,0.8898740574726005,0.8,0.875,0.8214285714285714,0.8875000001862645,0.8661250003501773,0.9142116530868272,0.9473301768302917,1.0,1.0,0,0,0.0,50
suv,elmid-radfar-az315,mid,far,315,1,1,1,1.0,1.0,1.0,1.0,1.0,1.0,1.0,1.0,1.0,1.0,1.0,1.0,1.0,1.0,1.0,1.0,0.8949598040657634,0.9301848411560059,1.0,1.0,0,0,0.0,4
suv,elhigh-radnear-az000,high,near,0,5,5,1,0.4383561643835616,0.8888888888888888,0.5871559633027523,1.0,1.0,1.0,0.6025641025641025,0.9303030303030303,0.7125353925353926,0.9287606811942568,0.7281164762893246,1.0,1.0,1.0,1.0,0.9543000004410743,0.8932873356939453,0.9406921029090881,1.0,1.0,0,0,0.0,25
suv,elhigh-radnear-az045,high,near,45,5,5,1,0.6666666666666666,1.0,0.8,1.0,1.0,1.0,0.8444444444444444,1.0,0.8882352941176471,1.0,0.9318861126131482,1.0,1.0,1.0,1.0,0.96,0.8990682870981601,0.9408339858055115,1.0,1.0,0,0,0.0,23
suv,elhigh-radnear-az090,high,near,90,5,5,1,0.4166666666666667,0.9523809523809523,0.5797101449275363,0.5714285714285714,1.0,0.7272727272727273,0.6515032679738562,0.96,0.7235334713595584,0.9644444465968345,0.8639468980911704,0.7666666666666667,1.0,0.8333333333333334,1.0,0.9241666668653489,0.9076166792834321,0.9448830604553222,1.0,1.0,0,0,0.0,39
suv,elhigh-radnear-az135,high,near,135,3,3,1,0.7777777777777778,0.9545454545454546,0.8571428571428571,1.0,1.0,1.0,0.8666666666666667,0.9666666666666667,0.9066666666666667,0.9766666615009308,0.9025623586559309,1.0,1.0,1.0,1.0,0.9778935192911713,0.9125283446308051,0.9512916604677836,1.0,1.0,0,0,0.0,12
suv,elhigh-radnear-az180,high,near,180,4,4,1,0.8181818181818182,1.0,0.9,1.0,1.0,1.0,0.9166666666666666,1.0,0.95,1.0,0.91371527934033,1.0,1.0,1.0,1.0,0.95,0.9035925685762258,0.9502505660057068,1.0,1.0,0,0,0.0,29
suv,elhigh-radnear-az225,high,near,225,3,3,1,0.6296296296296297,1.0,0.7727272727272727,0.7,1.0,0.8235294117647058,0.5865800865800866,1.0,0.7352941176470588,0.9777777764532303,0.8724506963956286,0.7380952380952381,1.0,0.8333333333333334,1.0,0.9861904766694422,0.9196938452282571,0.9439079960187277,1.0,1.0,0,0,0.0,5
suv,elhigh-radnear-az270,high,near,270,5,5,1,0.7575757575757576,1.0,0.8620689655172413,1.0,1.0,1.0,0.859090909090909,1.0,0.9126050420168067,1.0,0.9362114205125271,1.0,1.0,1.0,1.0,0.9471527782910399,0.8803290766553176,0.9412103891372681,1.0,1.0,0,0,0.0,30
suv,elhigh-radnear-az315,high,near,315,2,2,1,1.0,1.0,1.0,1.0,1.0,1.0,1.0,1.0,1.0,1.0,0.9775000012665986,1.0,1.0,1.0,1.0,0.9625,0.9071470548560292,0.9529158771038055,1.0,1.0,0,0,0.0,20
suv,elhigh-radmid-az000,high,mid,0,3,3,1,0.8333333333333334,0.9523809523809523,0.8888888888888888,1.0,1.0,1.0,0.9111111111111111,0.9722222222222222,0.9382716049382717,0.9824074118225662,0.9132638938393858,1.0,1.0,1.0,1.0,0.9600000003973643,0.8959187267213077,0.939241349697113,1.0,1.0,0,0,0.0,22
suv,elhigh-radmid-az045,high,mid,45,2,2,1,0.9285714285714286,1.0,0.9629629629629629,1.0,1.0,1.0,0.95,1.0,0.9736842105263158,1.0,0.9514285734603329,1.0,1.0,1.0,1.0,0.91875,0.8636987965379603,0.9357737302780151,1.0,1.0,0,0,0.0,42
suv,elhigh-radmid-az090,high,mid,90,4,4,1,0.6666666666666666,1.0,0.8,0.7222222222222222,1.0,0.8387096774193549,0.7048076923076924,1.0,0.8205659075224293,0.9958333318432171,0.8990595244830235,0.7333333333333333,1.0,0.8375,1.0,0.9516145846620202,0.91714822303729,0.943185418844223,1.0,1.0,0,0,0.0,27
suv,elhigh-radmid-az135,high,mid,135,3,3,1,0.5806451612903226,1.0,0.7346938775510204,1.0,1.0,1.0,0.6666666666666666,1.0,0.7666666666666666,1.0,0.944061728818733,1.0,1.0,1.0,1.0,0.9333333333333332,0.8858243309884083,0.9384080171585083,1.0,1.0,0,0,0.0,35
suv,elhigh-radmid-az180,high,mid,180,5,5,1,0.725,0.9666666666666667,0.8285714285714286,0.8461538461538461,1.0,0.9166666666666666,0.89,0.9800000000000001,0.9199999999999999,0.9824999964237214,0.916061904372062,0.8666666666666666,1.0,0.9,1.0,0.9534000003397465,0.8896920929306887,0.9414944291114807,1.0,1.0,0,0,0.0,26
suv,elhigh-radmid-az225,high,mid,225,5,5,1,0.7678571428571429,1.0,0.8686868686868687,0.9523809523809523,1.0,0.975609756097561,0.8137940490881668,1.0,0.8909523809523809,1.0,0.9334102590658757,0.9666666666666666,1.0,0.9818181818181818,1.0,0.9607222238050568,0.9180101712700995,0.9476021647453308,1.0,1.0,0,0,0.0,21
suv,elhigh-radmid-az270,high,mid,270,3,3,1,0.6666666666666666,1.0,0.8,1.0,1.0,1.0,0.8205128205128206,1.0,0.8771929824561404,1.0,0.9303240742353972,1.0,1.0,1.0,1.0,0.9333333333333332,0.8813483705282567,0.9317036469777426,1.0,1.0,0,0,0.0,36
suv,elhigh-radmid-az315,high,mid,315,1,1,1,1.0,1.0,1.0,1.0,1.0,1.0,1.0,1.0,1.0,1.0,0.9461428571769168,1.0,1.0,1.0,1.0,0.984375,0.9416464957975137,0.9658005237579346,1.0,1.0,0,0,0.0,6
suv,elhigh-radfar-az000,high,far,0,5,5,1,0.7857142857142857,1.0,0.88,1.0,1.0,1.0,0.7909090909090909,1.0,0.8583333333333334,1.0,0.9174769686585558,1.0,1.0,1.0,1.0,0.9226333353241285,0.89144770659015,0.9400882840156555,1.0,1.0,0,0,0.0,40
suv,elhigh-radfar-az045,high,far,45,4,4,1,0.6956521739130435,0.9411764705882353,0.8,0.75,0.8571428571428571,0.8,0.8136363636363636,0.9583333333333334,0.869281045751634,0.9678030267470714,0.8994760077917064,0.875,0.9166666666666666,0.8928571428571429,0.9375000037252903,0.9125000037252903,0.8926213618642391,0.9340691268444061,1.0,1.0,0,0,0.0,44
suv,elhigh-radfar-az090,high,far,90,3,3,1,0.8571428571428571,1.0,0.9230769230769231,0.8333333333333334,1.0,0.9090909090909091,0.8777777777777778,1.0,0.9326599326599326,1.0,0.8951944463294413,0.8888888888888888,1.0,0.9333333333333332,1.0,0.9402777778605621,0.9011415170252484,0.9389352599779764,1.0,1.0,0,0,0.0,31
suv,elhigh-radfar-az135,high,far,135,3,3,1,0.6666666666666666,1.0,0.8,1.0,1.0,1.0,0.7916666666666666,1.0,0.8484848484848485,0.9920634915904394,0.8725694429053968,1.0,1.0,1.0,1.0,0.9333333333333332,0.8958640924895391,0.9353354573249817,1.0,1.0,0,0,0.0,34
suv,elhigh-radfar-az180,high,far,180,2,2,1,0.8461538461538461,1.0,0.9166666666666666,0.75,1.0,0.8571428571428571,0.8888888888888888,1.0,0.9375,1.0,0.9153273842578369,0.8333333333333333,1.0,0.9,1.0,0.845833333954215,0.8850471607209922,0.938612550497055,1.0,1.0,0,0,0.0,53
suv,elhigh-radfar-az225,high,far,225,1,1,1,0.9166666666666666,1.0,0.9565217391304348,1.0,1.0,1.0,0.9166666666666666,1.0,0.9565217391304348,1.0,0.9321969726320469,1.0,1.0,1.0,1.0,0.9760000013709067,0.9149031112949615,0.9464225769042969,1.0,1.0,0,0,0.0,13
suv,elhigh-radfar-az270,high,far,270,5,5,1,0.6296296296296297,0.9807692307692307,0.7669172932330827,0.8,1.0,0.8888888888888888,0.7281070234113712,0.9800000000000001,0.8127336822988998,0.9805797050785326,0.8673459817779705,0.9111111111111111,1.0,0.9428571428571428,1.0,0.9554888894266552,0.8884693140605229,0.931051743030548,1.0,1.0,0,0,0.0,24
suv,elhigh-radfar-az315,high,far,315,2,2,1,1.0,1.0,1.0,1.0,1.0,1.0,1.0,1.0,1.0,1.0,0.9063078702165297,1.0,1.0,1.0,1.0,0.9710000002533198,0.916393581390281,0.9415378570556641,1.0,1.0,0,0,0.0,15
tank,ellow-radnear-az000,low,near,0,5,5,1,0.16666666666666666,0.7105263157894737,0.27,0.3333333333333333,0.9,0.4864864864864865,0.41971049783549785,0.85,0.5207017543859649,0.800169279937031,0.6233647713733321,0.5970588235294118,0.96,0.686060606060606,0.9567058854278396,0.7420221953466455,0.797073265882176,0.9324466347694397,1.0,1.0,0,0,0.0,55
tank,ellow-radnear-az045,low,near,45,2,2,1,0.10784313725490197,0.4583333333333333,0.1746031746031746,0.17647058823529413,0.6,0.2727272727272727,0.25985663082437277,0.675,0.3696392103471749,0.6687126683365007,0.44132168639072117,0.28846153846153844,0.6666666666666666,0.3958333333333333,0.679487184740794,0.48028846626671456,0.8230066606615587,0.8692919909954071,1.0,1.0,0,0,0.0,68
tank,ellow-radnear-az090,low,near,90,2,2,1,0.5384615384615384,1.0,0.7,0.5555555555555556,1.0,0.7142857142857143,0.5476190476190476,1.0,0.7,1.0,0.8714285737169639,0.5833333333333333,1.0,0.7333333333333334,1.0,0.7222222244160044,0.7654612044321425,0.9423002302646637,1.0,1.0,0,0,0.0,58
tank,ellow-radnear-az135,low,near,135,1,1,1,0.25,1.0,0.4,0.16666666666666666,1.0,0.2857142857142857,0.25,1.0,0.4,1.0,1.0,0.16666666666666666,1.0,0.2857142857142857,1.0,1.0,0.9010226530390781,0.9313566088676453,1.0,1.0,0,0,0.0,11
tank,ellow-radnear-az180,low,near,180,2,2,1,0.3333333333333333,0.8275862068965517,0.4752475247524752,0.3,0.75,0.42857142857142855,0.334375,0.8611111111111112,0.47995188452285487,0.8149562006863773,0.5868598520031058,0.3333333333333333,0.75,0.4583333333333333,0.770833333954215,0.465625000372529,0.7668626461409858,0.8647054433822632,1.0,1.0,0,0,0.0,70
tank,ellow-radnear-az225,low,near,225,1,1,1,0.16883116883116883,0.6190476190476191,0.2653061224489796,0.1,0.5,0.16666666666666666,0.16883116883116883,0.6190476190476191,0.2653061224489796,0.5285282762609524,0.25263804948609575,0.1,0.5,0.16666666666666669,0.525000000372529,0.525000000372529,0.9418653147723148,0.9742076396942139,1.0,1.0,0,0,0.0,67
tank,ellow-radnear-az270,low,near,270,4,4,1,0.14150943396226415,0.625,0.23076923076923078,0.23333333333333334,0.875,0.3684210526315789,0.15164074283559578,0.6282349896480331,0.24363756870801176,0.5432262091719876,0.2837822936290505,0.25416666666666665,0.6875,0.35568181818181815,0.6927083334885538,0.535312501801333,0.6122212025632736,0.6689050793647766,0.75,0.75,1,1,1.0,66
tank,ellow-radnear-az315,low,near,315,5,5,1,0.1859504132231405,0.6338028169014085,0.28753993610223644,0.3548387096774194,1.0,0.5238095238095238,0.268600642513686,0.6872283272283273,0.374500620914267,0.6578734842148408,0.4182501552511722,0.5971428571428572,1.0,0.6954822954822955,0.9900000005960464,0.6414107163933416,0.7316742916963314,0.9317312240600586,1.0,1.0,0,0,0.0,60
tank,ellow-radmid-az000,low,mid,0,2,2,1,0.4090909090909091,1.0,0.5806451612903226,0.5,1.0,0.6666666666666666,0.3771929824561403,1.0,0.5462962962962963,1.0,0.8900469928048551,0.5,1.0,0.6666666666666666,1.0,0.790625,0.7913288826259599,0.8496735990047455,1.0,1.0,0,0,0.0,49
tank,ellow-radmid-az045,low,mid,45,4,4,1,0.18181818181818182,0.7017543859649122,0.2888086642599278,0.34782608695652173,1.0,0.5161290322580645,0.20718522770761577,0.7668181818181818,0.3244381821536006,0.7624093519724043,0.5167686293113395,0.32916666666666666,1.0,0.4928571428571429,1.0,0.75677083467599,0.7810919165698884,0.8829699009656906,1.0,1.0,0,0,0.0,54
tank,ellow-radmid-az090,low,mid,90,3,3,1,0.10476190476190476,0.44,0.16923076923076924,0.14285714285714285,0.375,0.20689655172413793,0.36303630363036304,0.7971014492753623,0.492831541218638,0.7922928534845496,0.7398903073915958,0.35294117647058826,0.7222222222222222,0.4734299516908212,0.7303921585001684,0.7240196093168182,0.824932972468074,0.8667087952295939,1.0,1.0,0,0,0.0,57
tank,ellow-radmid-az135,low,mid,135,2,2,1,0.40625,1.0,0.5777777777777777,0.1875,1.0,0.3157894736842105,0.376984126984127,1.0,0.5043103448275863,1.0,0.8505898322592643,0.3214285714285714,1.0,0.4583333333333333,1.0,0.8008928571827709,0.7351058049929868,0.9130422174930573,1.0,1.0,0,0,0.0,47
tank,ellow-radmid-az180,low,mid,180,2,2,1,0.3829787234042553,0.9,0.5373134328358209,0.5,1.0,0.6666666666666666,0.38458049886621315,0.899749373433584,0.5378787878787878,0.897911079879016,0.5941436160072642,0.7307692307692308,1.0,0.8157894736842105,0.9880952373856591,0.8668498185514422,0.8846086857224371,0.9303572177886963,1.0,1.0,0,0,0.0,38
tank,ellow-radmid-az225,low,mid,225,3,3,1,0.15204678362573099,0.7428571428571429,0.2524271844660194,0.2631578947368421,1.0,0.4166666666666667,0.1961499493414387,0.8198529411764706,0.31498940801266384,0.8066835503664663,0.5718379627266534,0.5761904761904763,1.0,0.6795865633074936,0.9886363645394644,0.7127320079559771,0.696815828651097,0.8036330739657084,1.0,1.0,0,0,0.0,59
tank,ellow-radmid-az270,low,mid,270,3,3,1,0.18181818181818182,0.6052631578947368,0.2796352583586626,0.4482758620689655,1.0,0.6190476190476191,0.18196684130548182,0.6037654320987654,0.27926225820962663,0.5634513846091528,0.2835468900317936,0.4615384615384615,1.0,0.6296296296296297,1.0,0.8041245502809901,0.8971031456154819,0.9284718235333761,1.0,1.0,0,0,0.0,46
tank,ellow-radmid-az315,low,mid,315,2,2,1,0.15384615384615385,0.6111111111111112,0.24581005586592178,0.5,1.0,0.6666666666666666,0.1526904948939513,0.6191950464396284,0.2444361090272568,0.547194335762756,0.3581372234019432,0.5555555555555556,1.0,0.7076923076923076,1.0,0.9673611111938953,0.927973690923606,0.9587442576885223,1.0,1.0,0,0,0.0,18
tank,ellow-radfar-az000,low,far,0,2,2,1,0.11235955056179775,0.5,0.1834862385321101,0.5,1.0,0.6666666666666666,0.10977443609022555,0.5686274509803921,0.18286311389759663,0.5201883022954958,0.35633127378477863,0.5,1.0,0.6666666666666666,1.0,0.978125,0.8805097622294777,0.9198832511901855,1.0,1.0,0,0,0.0,14
tank,ellow-radfar-az045,low,far,45,2,2,1,0.08670520231213873,0.4838709677419355,0.14705882352941177,0.3125,0.7142857142857143,0.43478260869565216,0.10137959866220736,0.475,0.16638655462184873,0.4161842553226802,0.18941250233379647,0.3412698412698413,0.6666666666666666,0.44696969696969696,0.6851851900142651,0.4745535767016311,0.7786480756976761,0.92976114153862,1.0,1.0,0,0,0.0,69
tank,ellow-radfar-az090,low,far,90,3,3,1,0.2619047619047619,0.8461538461538461,0.4,0.35294117647058826,0.75,0.48,0.3673202614379085,0.7962962962962963,0.4859357696566999,0.8173202636503576,0.7658396482413569,0.39999999999999997,0.75,0.5157509157509158,0.7805555562178293,0.7587962970137596,0.873757312578609,0.8952349026997884,1.0,1.0,0,0,0.0,53
tank,ellow-radfar-az135,low,far,135,5,5,1,0.2774566473988439,0.8571428571428571,0.4192139737991266,0.20408163265306123,0.8333333333333334,0.32786885245901637,0.3641142929320269,0.8776556776556778,0.49988315755516827,0.8661786349430406,0.6601854262474939,0.30012698412698413,0.8333333333333334,0.41937321937321936,0.7649206395778391,0.5392761949263514,0.7363308123634894,0.9112532019615174,1.0,1.0,0,0,0.0,65
tank,ellow-radfar-az180,low,far,180,1,1,1,0.42857142857142855,1.0,0.6,0.0,0.0,0.0,0.42857142857142855,1.0,0.6,1.0,0.88571429337774,0.0,0.0,0.0,0.0,0.0,0.0,0.0,0.0,0.0,1,0,0.0,71
tank,ellow-radfar-az225,low,far,225,2,2,1,0.16083916083916083,0.71875,0.26285714285714284,0.6,1.0,0.75,0.24833887043189368,0.8333333333333333,0.37854251012145745,0.8114236281379092,0.6775625842088435,0.6190476190476191,1.0,0.7636363636363637,1.0,0.7724404792301356,0.8700523588256299,0.933468371629715,1.0,1.0,0,0,0.0,51
tank,ellow-radfar-az270,low,far,270,3,3,1,0.11313868613138686,0.5254237288135594,0.18618618618618618,0.5294117647058824,0.9,0.6666666666666666,0.11507885763000852,0.5499194847020934,0.19019418676561536,0.5041604333834032,0.3245992770696,0.5238095238095238,0.9166666666666666,0.6646464646464646,0.9375,0.6310515876859426,0.788764562245697,0.9320117632548014,1.0,1.0,0,0,0.0,62
tank,ellow-radfar-az315,low,far,315,2,2,1,0.08461538461538462,0.4782608695652174,0.1437908496732026,0.4444444444444444,1.0,0.6153846153846154,0.0884502923976608,0.49230769230769234,0.1499297752808989,0.4964462608814547,0.3253075063318297,0.5,1.0,0.65,1.0,0.6208333369344473,0.6741484729116554,0.8975842297077179,1.0,1.0,0,0,0.0,63
tank,elmid-radnear-az000,mid,near,0,2,2,1,0.5294117647058824,1.0,0.6923076923076923,0.5555555555555556,1.0,0.7142857142857143,0.7142857142857143,1.0,0.8,1.0,0.8836507933504052,0.6666666666666666,1.0,0.75,1.0,0.7743055566938387,0.8777039811049789,0.96666419506073,1.0,1.0,0,0,0.0,50
tank,elmid-radnear-az045,mid,near,45,4,4,1,0.3050847457627119,0.9473684210526315,0.46153846153846156,0.7333333333333333,1.0,0.8461538461538461,0.6228693181818181,0.96875,0.6946428571428571,0.9548519507405304,0.9166330560340317,0.8333333333333333,1.0,0.9,1.0,0.9671875,0.9541809060032991,0.9682887047529221,1.0,1.0,0,0,0.0,19
tank,elmid-radnear-az090,mid,near,90,4,4,1,0.9,1.0,0.9473684210526315,1.0,1.0,1.0,0.875,1.0,0.9166666666666666,1.0,0.8820000012516975,1.0,1.0,1.0,1.0,0.9,0.9025688601790076,0.9626598358154297,1.0,1.0,0,0,0.0,31
tank,elmid-radnear-az135,mid,near,135,3,3,1,0.2647058823529412,0.9,0.4090909090909091,1.0,1.0,1.0,0.7311827956989246,0.9523809523809524,0.7719298245614036,0.9569892497381307,0.8902713806039849,1.0,1.0,1.0,1.0,0.9370370392446165,0.9313907270502509,0.96479199330012,1.0,1.0,0,0,0.0,27
tank,elmid-radnear-az180,mid,near,180,5,5,1,0.265625,0.9444444444444444,0.4146341463414634,0.6470588235294118,1.0,0.7857142857142857,0.8226415094339623,0.9714285714285713,0.8400000000000001,0.9246386019462332,0.8930510218004551,0.85,1.0,0.8800000000000001,1.0,0.9875,0.9458951255069031,0.9658957362174988,1.0,1.0,0,0,0.0,12
tank,elmid-radnear-az225,mid,near,225,1,1,1,0.20689655172413793,0.8571428571428571,0.3333333333333333,0.5,1.0,0.6666666666666666,0.20689655172413793,0.8571428571428571,0.33333333333333326,0.871921190377233,0.6029380839401928,0.5,1.0,0.6666666666666666,1.0,0.8,0.8333571294228932,0.9323348999023438,1.0,1.0,0,0,0.0,48
tank,elmid-radnear-az270,mid,near,270,2,2,1,1.0,1.0,1.0,1.0,1.0,1.0,1.0,1.0,1.0,1.0,1.0,1.0,1.0,1.0,1.0,1.0,0.9477361686365011,0.9618542194366455,1.0,1.0,0,0,0.0,2
tank,elmid-radnear-az315,mid,near,315,3,3,1,1.0,1.0,1.0,1.0,1.0,1.0,1.0,1.0,1.0,1.0,0.9770833333333333,1.0,1.0,1.0,1.0,1.0,0.9353689864818904,0.9556869069735209,1.0,1.0,0,0,0.0,3
tank,elmid-radmid-az000,mid,mid,0,4,4,1,0.1935483870967742,1.0,0.32432432432432434,0.75,1.0,0.8571428571428571,0.40795454545454546,1.0,0.5041618828932262,1.0,0.9000508692048135,0.9,1.0,0.9375,1.0,0.9550000012665987,0.9250370418769585,0.9597559422254562,1.0,1.0,0,0,0.0,21
tank,elmid-radmid-az045,mid,mid,45,3,3,1,0.5357142857142857,1.0,0.6976744186046512,1.0,1.0,1.0,0.6777777777777777,1.0,0.7745098039215685,1.0,0.9251640253191588,1.0,1.0,1.0,1.0,0.9851851862889749,0.9373478663673277,0.9598528742790222,1.0,1.0,0,0,0.0,13
tank,elmid-radmid-az090,mid,mid,90,4,4,1,0.3269230769230769,1.0,0.4927536231884058,0.875,1.0,0.9333333333333333,0.7510162601626016,1.0,0.8001893939393939,1.0,0.7879140464079364,0.9166666666666666,1.0,0.95,1.0,0.827777778191699,0.8257881330848287,0.9317299723625183,1.0,1.0,0,0,0.0,42
tank,elmid-radmid-az135,mid,mid,135,2,2,1,0.2777777777777778,0.8333333333333334,0.4166666666666667,1.0,1.0,1.0,0.5357142857142857,0.75,0.5625,0.7589285718277097,0.7511160718277097,1.0,1.0,1.0,1.0,1.0,0.9250391703439202,0.9550577700138092,1.0,1.0,0,0,0.0,6
tank,elmid-radmid-az180,mid,mid,180,2,2,1,0.2631578947368421,1.0,0.4166666666666667,1.0,1.0,1.0,0.6111111111111112,1.0,0.6818181818181818,1.0,0.8968750002793968,1.0,1.0,1.0,1.0,1.0,0.910104769797087,0.9497802257537842,1.0,1.0,0,0,0.0,9
tank,elmid-radmid-az225,mid,mid,225,1,1,1,0.24324324324324326,1.0,0.391304347826087,1.0,1.0,1.0,0.24324324324324326,1.0,0.391304347826087,1.0,0.8151635041690722,1.0,1.0,1.0,1.0,0.946875,0.9201316237729884,0.9517663717269897,1.0,1.0,0,0,0.0,25
tank,elmid-radmid-az270,mid,mid,270,4,4,1,0.34,1.0,0.5074626865671642,0.875,1.0,0.9333333333333333,0.7478070175438597,1.0,0.7954545454545454,1.0,0.893815060402392,0.9166666666666666,1.0,0.95,1.0,0.8729166679705183,0.8658053550611688,0.9413409382104874,1.0,1.0,0,0,0.0,37
tank,elmid-radmid-az315,mid,mid,315,2,2,1,0.42857142857142855,1.0,0.6,0.75,1.0,0.8571428571428571,0.6923076923076923,1.0,0.7777777777777778,1.0,0.9376923104260977,0.8333333333333333,1.0,0.9,1.0,0.8583333335816861,0.8790188486270942,0.9529595375061035,1.0,1.0,0,0,0.0,39
tank,elmid-radfar-az000,mid,far,0,2,2,1,0.5,1.0,0.6666666666666666,1.0,1.0,1.0,0.5333333333333333,1.0,0.6857142857142857,1.0,0.9116666669026017,1.0,1.0,1.0,1.0,0.95,0.8872280228422298,0.9454623460769653,1.0,1.0,0,0,0.0,23
tank,elmid-radfar-az045,mid,far,45,5,5,1,0.3411764705882353,1.0,0.5087719298245614,1.0,1.0,1.0,0.4718777056277056,1.0,0.6039488966318235,0.9666258178651332,0.8025661753393987,1.0,1.0,1.0,1.0,0.8175000000000001,0.8708431200127364,0.9484987854957581,1.0,1.0,0,0,0.0,45
tank,elmid-radfar-az090,mid,far,90,3,3,1,0.36363636363636365,0.8888888888888888,0.5161290322580645,1.0,1.0,1.0,0.39999999999999997,0.8888888888888888,0.525925925925926,0.8518518612340644,0.5871759315400763,1.0,1.0,1.0,1.0,0.6364583333333333,0.759136887597626,0.9263627926508585,1.0,1.0,0,0,0.0,61
tank,elmid-radfar-az135,mid,far,135,7,7,1,0.39090909090909093,0.9555555555555556,0.5548387096774193,1.0,1.0,1.0,0.5749733351705274,0.9238095238095239,0.6717627401837928,0.9320181446490375,0.8446581306450962,1.0,1.0,1.0,1.0,0.8816468254914359,0.8180677132028811,0.9281659126281738,1.0,1.0,0,0,0.0,36
tank,elmid-radfar-az180,mid,far,180,5,5,1,0.22043010752688172,1.0,0.36123348017621143,0.6785714285714286,1.0,0.8085106382978723,0.3907973642034013,1.0,0.5205149236728184,0.9812520822365602,0.8013688829154588,0.8,1.0,0.8666666666666666,1.0,0.8373498596804311,0.8949465881100871,0.938546872138977,1.0,1.0,0,0,0.0,40
tank,elmid-radfar-az225,mid,far,225,5,5,1,0.35135135135135137,0.9629629629629629,0.5148514851485149,0.8125,1.0,0.896551724137931,0.5632857142857143,0.9833333333333334,0.6845541555218975,0.9761388882762857,0.8758214273554584,0.9028571428571428,1.0,0.9444444444444444,1.0,0.8917380959356116,0.8904799151737677,0.9379013538360595,1.0,1.0,0,0,0.0,35
tank,elmid-radfar-az270,mid,far,270,1,1,1,0.3333333333333333,1.0,0.5,1.0,1.0,1.0,0.3333333333333333,1.0,0.5,1.0,1.0,1.0,1.0,1.0,1.0,1.0,0.9012003806128561,0.9315870404243469,1.0,1.0,0,0,0.0,10
tank,elmid-radfar-az315,mid,far,315,1,1,1,1.0,1.0,1.0,1.0,1.0,1.0,1.0,1.0,1.0,1.0,0.9,1.0,1.0,1.0,1.0,0.9,0.86999069375846,0.9289403557777405,1.0,1.0,0,0,0.0,32
tank,elhigh-radnear-az000,high,near,0,3,3,1,0.34545454545454546,1.0,0.5135135135135135,0.5555555555555556,1.0,0.7142857142857143,0.33016487707563225,1.0,0.49198717948717946,0.955555560853746,0.8737956812807193,0.7575757575757575,1.0,0.8095238095238094,0.955555560853746,0.914324500861794,0.9415687068427575,0.9698596398035685,1.0,1.0,0,0,0.0,29
tank,elhigh-radnear-az045,high,near,45,1,1,1,1.0,1.0,1.0,1.0,1.0,1.0,1.0,1.0,1.0,1.0,0.9600000029802322,1.0,1.0,1.0,1.0,1.0,0.9328172010187643,0.9593487977981567,1.0,1.0,0,0,0.0,5
tank,elhigh-radnear-az090,high,near,90,1,1,1,0.32142857142857145,1.0,0.4864864864864865,1.0,1.0,1.0,0.32142857142857145,1.0,0.4864864864864865,1.0,0.8870370409476063,1.0,1.0,1.0,1.0,1.0,0.952574264270833,0.9649873375892639,1.0,1.0,0,0,0.0,1
tank,elhigh-radnear-az135,high,near,135,4,4,1,0.7333333333333333,1.0,0.8461538461538461,0.7,1.0,0.8235294117647058,0.8333333333333334,1.0,0.875,1.0,0.9325520834885538,0.8125,1.0,0.85,1.0,0.93828125,0.9117064978266471,0.9544815868139267,1.0,1.0,0,0,0.0,26
tank,elhigh-radnear-az180,high,near,180,1,1,1,0.18181818181818182,1.0,0.3076923076923077,1.0,1.0,1.0,0.18181818181818182,1.0,0.3076923076923077,1.0,0.9045454546809196,1.0,1.0,1.0,1.0,1.0,0.9242744045693385,0.9650412797927856,1.0,1.0,0,0,0.0,7
tank,elhigh-radnear-az225,high,near,225,5,5,1,0.8888888888888888,1.0,0.9411764705882353,1.0,1.0,1.0,0.9,1.0,0.9418181818181818,1.0,0.959736111594571,1.0,1.0,1.0,1.0,0.9694444446100128,0.9219041690895124,0.9575552821159363,1.0,1.0,0,0,0.0,17
tank,elhigh-radnear-az270,high,near,270,1,1,1,0.5555555555555556,1.0,0.7142857142857143,1.0,1.0,1.0,0.5555555555555556,1.0,0.7142857142857143,1.0,0.8146944447561273,1.0,1.0,1.0,1.0,0.7625,0.8095143111306591,0.9414574503898621,1.0,1.0,0,0,0.0,52
tank,elhigh-radnear-az315,high,near,315,2,2,1,0.46153846153846156,1.0,0.631578947368421,1.0,1.0,1.0,0.6111111111111112,1.0,0.6818181818181818,1.0,0.7930555555969476,1.0,1.0,1.0,1.0,0.95,0.9129101507438548,0.9538503587245941,1.0,1.0,0,0,0.0,22
tank,elhigh-radmid-az000,high,mid,0,3,3,1,1.0,1.0,1.0,1.0,1.0,1.0,1.0,1.0,1.0,1.0,0.971296297068949,1.0,1.0,1.0,1.0,0.9592592598111541,0.9117846915844806,0.9550076524416605,1.0,1.0,0,0,0.0,20
tank,elhigh-radmid-az045,high,mid,45,2,2,1,0.8,1.0,0.8888888888888888,0.75,1.0,0.8571428571428571,0.8035714285714286,1.0,0.8901098901098901,1.0,0.883645831073324,0.8333333333333333,1.0,0.9,1.0,0.8333333343267441,0.9139739483304723,0.9506992399692535,1.0,1.0,0,0,0.0,41
tank,elhigh-radmid-az090,high,mid,90,1,1,1,0.5,0.8333333333333334,0.625,1.0,1.0,1.0,0.5,0.8333333333333334,0.625,0.8749999850988388,0.7983333300054073,1.0,1.0,1.0,1.0,1.0,0.9333184548868232,0.9645239114761353,1.0,1.0,0,0,0.0,4
tank,elhigh-radmid-az135,high,mid,135,2,2,1,0.6153846153846154,1.0,0.7619047619047619,1.0,1.0,1.0,0.75,1.0,0.8333333333333333,1.0,0.9570000013262033,1.0,1.0,1.0,1.0,1.0,0.9123901779801358,0.9465965032577515,1.0,1.0,0,0,0.0,8
tank,elhigh-radmid-az180,high,mid,180,1,1,1,1.0,1.0,1.0,1.0,1.0,1.0,1.0,1.0,1.0,1.0,0.9777777794334623,1.0,1.0,1.0,1.0,0.9777777794334623,0.926189664927378,0.9671876430511475,1.0,1.0,0,0,0.0,15
tank,elhigh-radmid-az225,high,mid,225,7,7,1,0.4268292682926829,1.0,0.5982905982905983,0.6521739130434783,1.0,0.7894736842105263,0.7334531296795447,1.0,0.8119975262832406,0.9699034959877686,0.8556830525854769,0.9047619047619048,1.0,0.9285714285714286,1.0,0.9222222232984173,0.9159932160255931,0.9575829250471932,1.0,1.0,0,0,0.0,28
tank,elhigh-radmid-az315,high,mid,315,2,2,1,0.3888888888888889,1.0,0.56,0.8,1.0,0.8888888888888888,0.65625,1.0,0.7380952380952381,1.0,0.9242968703620136,0.8333333333333333,1.0,0.9,1.0,0.8229166669771075,0.8970408333412419,0.9471268355846405,1.0,1.0,0,0,0.0,44
tank,elhigh-radfar-az000,high,far,0,4,4,1,0.5952380952380952,0.9615384615384616,0.7352941176470589,1.0,0.8333333333333334,0.9090909090909091,0.6618819776714513,0.9583333333333334,0.76947261663286,0.963257573827198,0.8702342499933389,1.0,0.875,0.9166666666666666,0.9375,0.896875,0.8975016364701398,0.9428846389055252,1.0,1.0,0,0,0.0,33
tank,elhigh-radfar-az045,high,far,45,5,5,1,0.8571428571428571,1.0,0.9230769230769231,1.0,1.0,1.0,0.8666666666666666,1.0,0.9199999999999999,1.0,0.9335416667163372,1.0,1.0,1.0,1.0,0.971875,0.9082088340306406,0.9457993984222413,1.0,1.0,0,0,0.0,16
tank,elhigh-radfar-az090,high,far,90,4,4,1,0.8,1.0,0.8888888888888888,1.0,1.0,1.0,0.8660714285714286,1.0,0.9226190476190476,0.9972222217255169,0.9005911062481423,1.0,1.0,1.0,1.0,0.82421875,0.8516673618632211,0.9438579976558685,1.0,1.0,0,0,0.0,43
tank,elhigh-radfar-az135,high,far,135,1,1,1,0.34782608695652173,1.0,0.5161290322580645,1.0,1.0,1.0,0.34782608695652173,1.0,0.5161290322580645,1.0,0.7008514498360455,1.0,1.0,1.0,1.0,0.6,0.7041402713719336,0.9332817792892456,1.0,1.0,0,0,0.0,64
tank,elhigh-radfar-az180,high,far,180,2,2,1,0.8888888888888888,1.0,0.9411764705882353,1.0,1.0,1.0,0.875,1.0,0.9285714285714286,1.0,0.9463333353474737,1.0,1.0,1.0,1.0,0.95,0.8821810354266635,0.9355696439743042,1.0,1.0,0,0,0.0,24
tank,elhigh-radfar-az225,high,far,225,2,2,1,0.3695652173913043,1.0,0.5396825396825397,1.0,1.0,1.0,0.5666666666666667,1.0,0.6853146853146853,1.0,0.8258049270702582,1.0,1.0,1.0,1.0,0.8953125,0.8956957614017238,0.9384671449661255,1.0,1.0,0,0,0.0,34
tank,elhigh-radfar-az270,high,far,270,2,2,1,0.43902439024390244,1.0,0.6101694915254238,0.375,1.0,0.5454545454545454,0.6805555555555556,1.0,0.7653061224489796,1.0,0.873489488269901,0.6428571428571428,1.0,0.7222222222222222,1.0,0.726785714738071,0.8731781631129625,0.9354455173015594,1.0,1.0,0,0,0.0,56
tank,elhigh-radfar-az315,high,far,315,6,6,1,0.4482758620689655,0.9285714285714286,0.6046511627906976,0.6,0.9,0.72,0.7454545454545455,0.9444444444444445,0.7893772893772893,0.9500000030630164,0.8894781181775661,0.875,0.9444444444444445,0.8939393939393939,0.9513888917863369,0.9060185211227724,0.8903693438129476,0.9396825532118479,1.0,1.0,0,0,0.0,30
tent,ellow-radnear-az000,low,near,0,1,1,1,0.5,1.0,0.6666666666666666,0.6666666666666666,1.0,0.8,0.5,1.0,0.6666666666666666,1.0,0.9722222240434754,0.6666666666666666,1.0,0.8,1.0,1.0,0.9742765122859467,0.9858880639076233,1.0,1.0,0,0,0.0,3
tent,ellow-radnear-az045,low,near,45,3,3,1,0.3333333333333333,0.7692307692307693,0.46511627906976744,0.6,1.0,0.75,0.6166666666666667,0.8888888888888888,0.7045454545454545,0.9027777835726738,0.8106172882221685,0.7777777777777778,1.0,0.8333333333333334,1.0,1.0,0.9699326194440611,0.9784954786300659,1.0,1.0,0,0,0.0,5
tent,ellow-radnear-az090,low,near,90,2,2,1,0.14035087719298245,0.8,0.23880597014925373,0.4,1.0,0.5714285714285714,0.17220279720279721,0.8571428571428572,0.2855392156862745,0.8414502208205785,0.6730178242222111,0.41666666666666663,1.0,0.5833333333333333,1.0,1.0,0.9686688052515215,0.9791894257068634,1.0,1.0,0,0,0.0,8
tent,ellow-radnear-az135,low,near,135,6,6,1,0.2903225806451613,0.8,0.4260355029585799,0.4583333333333333,0.9166666666666666,0.6111111111111112,0.42660569278216337,0.8935185185185185,0.562295721616746,0.8896426778921471,0.6932063088828341,0.6291666666666667,0.9583333333333334,0.7285714285714286,0.9661458333333334,0.8383854168777664,0.9158395600124146,0.9612794319788615,1.0,1.0,0,0,0.0,63
tent,ellow-radnear-az180,low,near,180,6,6,1,0.3063063063063063,0.918918918918919,0.4594594594594595,0.7368421052631579,1.0,0.8484848484848485,0.3361139341916506,0.9206349206349206,0.48730355665839536,0.8842739292256677,0.7574076961905765,0.7222222222222222,1.0,0.8134920634920634,0.9583333333333334,0.8870370393067047,0.9344010943152027,0.9556819995244344,1.0,1.0,0,0,0.0,59
tent,ellow-radnear-az225,low,near,225,6,6,1,0.7857142857142857,1.0,0.88,0.7777777777777778,1.0,0.875,0.8611111111111112,1.0,0.9111111111111111,1.0,0.9865740742672373,0.9166666666666666,1.0,0.9444444444444445,1.0,0.9927083333333333,0.9751783258342753,0.9849063158035278,1.0,1.0,0,0,0.0,31
tent,ellow-radnear-az270,low,near,270,4,4,1,0.4358974358974359,0.8947368421052632,0.5862068965517241,0.6,0.9,0.72,0.5735294117647058,0.9166666666666667,0.6816123188405797,0.9104835098632569,0.8384512801695565,0.6875,0.9375,0.780952380952381,0.953125,0.880555556072957,0.9616921562763281,0.9819197803735733,1.0,1.0,0,0,0.0,60
tent,ellow-radnear-az315,low,near,315,2,2,1,0.3888888888888889,1.0,0.56,0.5,1.0,0.6666666666666666,0.4125,1.0,0.5512820512820513,1.0,0.9262500002980232,0.7,1.0,0.7857142857142858,1.0,0.9775000000372529,0.9762084678151925,0.9814092218875885,1.0,1.0,0,0,0.0,37
tent,ellow-radmid-az000,low,mid,0,2,2,1,0.38095238095238093,0.8888888888888888,0.5333333333333333,0.5833333333333334,0.875,0.7,0.3611111111111111,0.8333333333333333,0.5,0.8518518608201433,0.8056712994696915,0.6111111111111112,0.8333333333333333,0.6904761904761905,0.8888888971673117,0.8344444560839068,0.9686528871972548,0.9846492409706116,1.0,1.0,0,0,0.0,64
tent,ellow-radmid-az045,low,mid,45,2,2,1,0.21875,0.7,0.3333333333333333,0.2222222222222222,0.5,0.3076923076923077,0.5689655172413793,0.7857142857142857,0.6111111111111112,0.8004926226739519,0.7526272715480725,0.5625,0.6666666666666666,0.5909090909090909,0.6875000046566129,0.6875000046566129,0.9556921804940686,0.9648279547691345,1.0,1.0,0,0,0.0,69
tent,ellow-radmid-az090,low,mid,90,4,4,1,0.19806763285024154,0.803921568627451,0.3178294573643411,0.34375,1.0,0.5116279069767442,0.24887123745819398,0.8224431818181819,0.3731851179673321,0.8060653786989047,0.6233562284301817,0.5019736842105263,1.0,0.636634199134199,1.0,0.9015021969796273,0.9561917508154592,0.9686270505189896,1.0,1.0,0,0,0.0,56
tent,ellow-radmid-az135,low,mid,135,1,1,1,0.4117647058823529,0.875,0.56,1.0,1.0,1.0,0.4117647058823529,0.875,0.56,0.8851102944463491,0.7485294124111533,1.0,1.0,1.0,1.0,1.0,0.9703867652625817,0.9834707379341125,1.0,1.0,0,0,0.0,4
tent,ellow-radmid-az180,low,mid,180,3,3,1,0.2641509433962264,0.7777777777777778,0.39436619718309857,0.46153846153846156,0.8571428571428571,0.6,0.5264857881136951,0.8787878787878788,0.6388007054673722,0.8751859676888326,0.7333259961339054,0.5833333333333334,0.8888888888888888,0.6767676767676768,0.8657407476394265,0.7250000058983762,0.8682806037727069,0.9048326214154562,1.0,1.0,0,0,0.0,68
tent,ellow-radmid-az225,low,mid,225,1,1,1,0.19047619047619047,0.8,0.3076923076923077,1.0,0.5,0.6666666666666666,0.19047619047619047,0.8,0.3076923076923077,0.819047630188011,0.6647619198262691,1.0,0.5,0.6666666666666666,0.75,0.75,0.9734774148437175,0.9815334677696228,1.0,1.0,0,0,0.0,66
tent,ellow-radmid-az270,low,mid,270,1,1,1,0.16279069767441862,0.5,0.24561403508771928,1.0,1.0,1.0,0.16279069767441862,0.5,0.24561403508771928,0.4385673533798311,0.351314758176079,1.0,1.0,1.0,1.0,1.0,0.937542842157363,0.968835711479187,1.0,1.0,0,0,0.0,22
tent,ellow-radmid-az315,low,mid,315,2,2,1,0.20833333333333334,0.9090909090909091,0.3389830508474576,0.5,1.0,0.6666666666666666,0.5824175824175825,0.9411764705882353,0.6388888888888888,0.8972803343487588,0.7447032552949352,0.6666666666666666,1.0,0.75,1.0,0.8537037066977333,0.9645650977128035,0.9760758578777313,1.0,1.0,0,0,0.0,61
tent,ellow-radfar-az000,low,far,0,5,5,1,0.34444444444444444,1.0,0.512396694214876,0.40625,1.0,0.5777777777777777,0.4302116402116402,1.0,0.5847973469026101,0.980158731341362,0.8269054572882168,0.6504761904761904,1.0,0.7177658942364824,1.0,0.9592222245575653,0.9523550210439055,0.9685302138328552,1.0,1.0,0,0,0.0,46
tent,ellow-radfar-az045,low,far,45,1,1,1,0.6666666666666666,1.0,0.8,1.0,1.0,1.0,0.6666666666666666,1.0,0.8,1.0,0.875000000745058,1.0,1.0,1.0,1.0,1.0,0.9762454984890496,0.9830395579338074,1.0,1.0,0,0,0.0,1
tent,ellow-radfar-az090,low,far,90,1,1,1,0.391304347826087,0.9,0.5454545454545454,0.5555555555555556,1.0,0.7142857142857143,0.391304347826087,0.9,0.5454545454545454,0.9095651992118885,0.6308074501291012,0.5555555555555556,1.0,0.7142857142857143,1.0,0.7300000026077033,0.9554864566117551,0.9636960625648499,1.0,1.0,0,0,0.0,67
tent,ellow-radfar-az135,low,far,135,4,4,1,0.30952380952380953,0.8863636363636364,0.4588235294117647,0.5416666666666666,0.9285714285714286,0.6842105263157895,0.3621135752688172,0.9129464285714286,0.4952871969429965,0.8984672529751816,0.7482004455966202,0.5595238095238095,0.9375,0.6984848484848485,0.953125,0.9423177083954215,0.93660115869009,0.9651922583580017,1.0,1.0,0,0,0.0,49
tent,ellow-radfar-az180,low,far,180,2,2,1,0.6666666666666666,1.0,0.8,0.7142857142857143,1.0,0.8333333333333334,0.7,1.0,0.8194444444444444,1.0,0.8845833344509204,0.75,1.0,0.8333333333333333,1.0,0.9666666691501935,0.9548847998036987,0.9771148562431335,1.0,1.0,0,0,0.0,42
tent,ellow-radfar-az225,low,far,225,3,3,1,0.3333333333333333,0.9444444444444444,0.4927536231884058,0.6,1.0,0.75,0.4478021978021978,0.9629629629629629,0.5862433862433862,0.9186609739421779,0.7411070497285182,0.8095238095238094,1.0,0.8666666666666667,1.0,0.8873015898324194,0.957335176309852,0.9749812682469686,1.0,1.0,0,0,0.0,58
tent,ellow-radfar-az270,low,far,270,2,2,1,0.28205128205128205,0.88,0.42718446601941745,0.7142857142857143,1.0,0.8333333333333334,0.4768611670020121,0.925,0.6034798534798534,0.9312011042204631,0.798378678754746,0.7083333333333333,1.0,0.8285714285714285,1.0,0.9083333341404796,0.950831309967068,0.9716589748859406,1.0,1.0,0,0,0.0,55
tent,ellow-radfar-az315,low,far,315,2,2,1,0.5294117647058824,1.0,0.6923076923076923,1.0,1.0,1.0,0.6057692307692308,1.0,0.744360902255639,1.0,0.8666666735345736,1.0,1.0,1.0,1.0,0.9921875,0.9528245768482861,0.9705110192298889,1.0,1.0,0,0,0.0,32
tent,elmid-radnear-az000,mid,near,0,3,3,1,0.3333333333333333,1.0,0.5,0.6666666666666666,1.0,0.8,0.3886087768440709,1.0,0.5213043478260869,1.0,0.9337410870566965,0.8333333333333334,1.0,0.8888888888888888,1.0,1.0,0.9651692063445836,0.9772104422251383,1.0,1.0,0,0,0.0,11
tent,elmid-radnear-az045,mid,near,45,3,3,1,0.5555555555555556,1.0,0.7142857142857143,0.7777777777777778,1.0,0.875,0.6,1.0,0.7407407407407408,1.0,0.9825000002980232,0.8333333333333334,1.0,0.9047619047619048,1.0,1.0,0.9745091992646829,0.9828701615333557,1.0,1.0,0,0,0.0,2
tent,elmid-radnear-az090,mid,near,90,2,2,1,0.35714285714285715,1.0,0.5263157894736842,1.0,1.0,1.0,0.3571428571428571,1.0,0.48863636363636365,1.0,0.9426339286379516,1.0,1.0,1.0,1.0,1.0,0.9696283640354189,0.9796329736709595,1.0,1.0,0,0,0.0,6
tent,elmid-radnear-az135,mid,near,135,4,4,1,0.4888888888888889,1.0,0.6567164179104478,0.5882352941176471,1.0,0.7407407407407407,0.6486111111111111,1.0,0.760989010989011,0.9879807699471712,0.9213027535834246,0.7777777777777778,1.0,0.8538461538461538,1.0,0.969791666790843,0.9702449609310877,0.9800412207841873,1.0,1.0,0,0,0.0,41
tent,elmid-radnear-az180,mid,near,180,3,3,1,0.15789473684210525,1.0,0.2727272727272727,0.6,1.0,0.75,0.5876068376068376,1.0,0.6584795321637427,1.0,0.9515299160197759,0.8095238095238094,1.0,0.8666666666666667,1.0,0.9654761911148116,0.9654449580206581,0.9781877398490906,1.0,1.0,0,0,0.0,44
tent,elmid-radnear-az225,mid,near,225,6,6,1,0.509090909090909,0.9655172413793104,0.6666666666666666,0.9285714285714286,1.0,0.9629629629629629,0.5698412698412698,0.9814814814814815,0.6759168609168609,0.9861111119389534,0.9269212985096411,0.9444444444444445,1.0,0.9666666666666667,1.0,0.9930555555969477,0.9653008564840319,0.9785434603691101,1.0,1.0,0,0,0.0,30
tent,elmid-radnear-az270,mid,near,270,2,2,1,0.6428571428571429,1.0,0.782608695652174,1.0,1.0,1.0,0.6515151515151515,1.0,0.788888888888889,1.0,0.9792207806915432,1.0,1.0,1.0,1.0,1.0,0.9689541212872381,0.9825017154216766,1.0,1.0,0,0,0.0,7
tent,elmid-radnear-az315,mid,near,315,5,5,1,0.54,0.9642857142857143,0.6923076923076923,0.4375,1.0,0.6086956521739131,0.6594627594627595,0.9714285714285713,0.7545396825396826,0.9836734704825343,0.9001386758626111,0.6415384615384616,1.0,0.7364253393665158,1.0,0.9532435913061101,0.9704709412825835,0.9833750128746033,1.0,1.0,0,0,0.0,48
tent,elmid-radmid-az000,mid,mid,0,3,3,1,0.7567567567567568,1.0,0.8615384615384616,1.0,1.0,1.0,0.8263157894736842,1.0,0.8935672514619885,0.995337997005258,0.9254224062723441,1.0,1.0,1.0,1.0,0.97600000166893,0.9725817213677731,0.9812491734822592,1.0,1.0,0,0,0.0,38
tent,elmid-radmid-az045,mid,mid,45,5,5,1,0.7090909090909091,0.975,0.8210526315789474,1.0,1.0,1.0,0.7724561403508772,0.9833333333333334,0.8540097872765404,0.9811403502759181,0.9212658476960366,1.0,1.0,1.0,1.0,0.9698666681925456,0.9627334148002127,0.9770287036895752,1.0,1.0,0,0,0.0,40
tent,elmid-radmid-az090,mid,mid,90,2,2,1,0.6285714285714286,1.0,0.7719298245614035,1.0,1.0,1.0,0.638157894736842,1.0,0.7733990147783252,1.0,0.9368539814313341,1.0,1.0,1.0,1.0,0.9940000004172325,0.96243345587947,0.9768858551979065,1.0,1.0,0,0,0.0,28
tent,elmid-radmid-az135,mid,mid,135,4,4,1,0.4142857142857143,1.0,0.5858585858585859,0.5714285714285714,1.0,0.7272727272727273,0.6279854046881911,1.0,0.7185470085470085,1.0,0.9140777769211361,0.7083333333333334,1.0,0.7916666666666666,1.0,0.9300925970146501,0.9637746373855594,0.9753132909536362,1.0,1.0,0,0,0.0,52
tent,elmid-radmid-az180,mid,mid,180,1,1,1,0.875,1.0,0.9333333333333333,1.0,1.0,1.0,0.875,1.0,0.9333333333333333,1.0,0.8464285757392644,1.0,1.0,1.0,1.0,0.8888888971673117,0.9664347835434057,0.9806649684906006,1.0,1.0,0,0,0.0,57
tent,elmid-radmid-az270,mid,mid,270,4,4,1,0.5079365079365079,1.0,0.6736842105263158,0.6818181818181818,1.0,0.8108108108108109,0.5020292207792207,1.0,0.6652243589743589,1.0,0.8747617957561273,0.7083333333333334,1.0,0.8106060606060606,1.0,0.98828125,0.9662905517286831,0.9790543466806412,1.0,1.0,0,0,0.0,34
tent,elmid-radmid-az315,mid,mid,315,3,3,1,0.4461538461538462,0.90625,0.5979381443298969,0.5882352941176471,1.0,0.7407407407407407,0.5828877005347594,0.914141414141414,0.6802810715854194,0.9177376445026214,0.8019236335199871,0.6888888888888888,1.0,0.7904761904761904,1.0,0.9664583335320155,0.9670875314343519,0.9805441101392111,1.0,1.0,0,0,0.0,43
tent,elmid-radfar-az000,mid,far,0,4,4,1,0.45132743362831856,0.9107142857142857,0.6035502958579881,0.7647058823529411,1.0,0.8666666666666667,0.5300493881763232,0.9264705882352942,0.6631153160564925,0.9379263498073189,0.7816684536412742,0.7208333333333333,1.0,0.8304473304473304,1.0,0.9779166674862305,0.9569613769637453,0.9704813063144684,1.0,1.0,0,0,0.0,36
tent,elmid-radfar-az045,mid,far,45,5,5,1,0.6111111111111112,0.9649122807017544,0.7482993197278912,0.7727272727272727,1.0,0.8717948717948718,0.6741612094753011,0.9692307692307693,0.782020202020202,0.9788018445582392,0.8859062020662971,0.7866666666666667,1.0,0.865151515151515,1.0,0.980386111884647,0.9595997193686359,0.9705429792404174,1.0,1.0,0,0,0.0,35
tent,elmid-radfar-az090,mid,far,90,2,2,1,0.9230769230769231,1.0,0.96,1.0,1.0,1.0,0.9285714285714286,1.0,0.9615384615384615,1.0,0.948523185062417,1.0,1.0,1.0,1.0,1.0,0.9618875437952141,0.974141538143158,1.0,1.0,0,0,0.0,16
tent,elmid-radfar-az135,mid,far,135,2,2,1,0.4864864864864865,0.9473684210526315,0.6428571428571429,0.5,0.8571428571428571,0.631578947368421,0.4806547619047619,0.9375,0.6354166666666667,0.951171875,0.907370302771335,0.625,0.8333333333333333,0.6818181818181819,0.8541666753590107,0.8385416753590107,0.9587218169682981,0.9761849939823151,1.0,1.0,0,0,0.0,62
tent,elmid-radfar-az180,mid,far,180,5,5,1,0.4326923076923077,0.9782608695652174,0.6,0.9166666666666666,1.0,0.9565217391304348,0.6719496855345912,0.9846153846153847,0.7516746411483254,0.9766233130780411,0.8199905229137145,0.95,1.0,0.9714285714285713,1.0,0.9388888905114599,0.9460610956817697,0.9660437345504761,1.0,1.0,0,0,0.0,50
tent,elmid-radfar-az225,mid,far,225,4,4,1,0.5217391304347826,0.9411764705882353,0.6713286713286714,1.0,1.0,1.0,0.5444032054415119,0.928921568627451,0.6722278911564626,0.9346575417417897,0.8156526874896578,1.0,1.0,1.0,1.0,0.9960000003278255,0.9586816202726585,0.9740490168333054,1.0,1.0,0,0,0.0,23
tent,elmid-radfar-az270,mid,far,270,2,2,1,0.6585365853658537,0.9642857142857143,0.782608695652174,0.875,1.0,0.9333333333333333,0.6675824175824177,0.9736842105263157,0.7920696324951644,0.982142864481399,0.8491543781184137,0.8333333333333333,1.0,0.9,1.0,0.9731666672080755,0.9510058185694614,0.9687831401824951,1.0,1.0,0,0,0.0,39
tent,elmid-radfar-az315,mid,far,315,2,2,1,0.22772277227722773,0.8846153846153846,0.36220472440944884,0.4166666666666667,1.0,0.5882352941176471,0.22718253968253968,0.8809523809523809,0.3611528822055138,0.8867812746978196,0.705261860145586,0.5,1.0,0.65,1.0,0.9365740779097433,0.9497549933065255,0.974172055721283,1.0,1.0,0,0,0.0,51
tent,elhigh-radnear-az000,high,near,0,3,3,1,0.5833333333333334,1.0,0.7368421052631579,0.875,1.0,0.9333333333333333,0.5611577964519141,1.0,0.7135802469135802,1.0,0.9205409650536938,0.8333333333333334,1.0,0.8888888888888888,1.0,1.0,0.9643383223655597,0.974304219086965,1.0,1.0,0,0,0.0,12
tent,elhigh-radnear-az045,high,near,45,1,1,1,0.8,1.0,0.8888888888888888,1.0,1.0,1.0,0.8,1.0,0.888888888888889,1.0,0.855000001937151,1.0,1.0,1.0,1.0,1.0,0.9575498952461245,0.9709884524345398,1.0,1.0,0,0,0.0,17
tent,elhigh-radnear-az135,high,near,135,1,1,1,0.2,0.75,0.3157894736842105,1.0,1.0,1.0,0.2,0.75,0.31578947368421056,0.775000000372529,0.775000000372529,1.0,1.0,1.0,1.0,1.0,0.9631368204761159,0.9771484136581421,1.0,1.0,0,0,0.0,14
tent,elhigh-radnear-az180,high,near,180,4,4,1,0.8378378378378378,0.96875,0.8985507246376812,0.9166666666666666,1.0,0.9565217391304348,0.8928571428571428,0.9722222222222222,0.9239130434782609,0.9801587316961515,0.9045117834739032,0.95,1.0,0.9722222222222222,1.0,0.9944444448583656,0.9594081809937682,0.9745114892721176,1.0,1.0,0,0,0.0,27
tent,elhigh-radnear-az225,high,near,225,3,3,1,0.6486486486486487,1.0,0.7868852459016393,0.625,1.0,0.7692307692307693,0.6709760827407886,1.0,0.7984020810107767,0.9932659927843398,0.9355862223608651,0.7222222222222222,1.0,0.8222222222222223,1.0,0.9645833333333332,0.9594565644146407,0.975508431593577,1.0,1.0,0,0,0.0,45
tent,elhigh-radnear-az270,high,near,270,2,2,1,0.8235294117647058,0.9333333333333333,0.875,1.0,1.0,1.0,0.8263888888888888,0.9375,0.8784313725490196,0.9618055559694767,0.9004960346966981,1.0,1.0,1.0,1.0,1.0,0.9640784356504764,0.9790248870849609,1.0,1.0,0,0,0.0,13
tent,elhigh-radmid-az000,high,mid,0,6,6,1,0.7142857142857143,1.0,0.8333333333333334,0.9166666666666666,1.0,0.9565217391304348,0.7214474251238957,1.0,0.8369896248456968,1.0,0.9367390481756149,0.9333333333333332,1.0,0.9583333333333334,1.0,1.0,0.9659714080758969,0.9785164594650269,1.0,1.0,0,0,0.0,10
tent,elhigh-radmid-az045,high,mid,45,3,3,1,0.6590909090909091,1.0,0.7945205479452054,0.6666666666666666,1.0,0.8,0.6944444444444445,1.0,0.810966810966811,1.0,0.8877026743210638,0.8148148148148149,1.0,0.8717948717948718,1.0,0.9287037039796511,0.9600376581545879,0.9754000703493754,1.0,1.0,0,0,0.0,53
tent,elhigh-radmid-az090,high,mid,90,4,4,1,0.45454545454545453,0.967741935483871,0.6185567010309279,0.7333333333333333,1.0,0.8461538461538461,0.4754369138959932,0.9722222222222222,0.6337556048931261,0.9787581712251006,0.939676914479372,0.7541666666666667,1.0,0.8517857142857143,1.0,1.0,0.9506482923772026,0.9753255844116211,1.0,1.0,0,0,0.0,20
tent,elhigh-radmid-az135,high,mid,135,4,4,1,0.6666666666666666,1.0,0.8,1.0,1.0,1.0,0.6991341991341992,1.0,0.8179276315789474,1.0,0.9446834429543502,1.0,1.0,1.0,1.0,1.0,0.9665700424729016,0.9771047979593277,1.0,1.0,0,0,0.0,9
tent,elhigh-radmid-az180,high,mid,180,1,1,1,0.8333333333333334,1.0,0.9090909090909091,1.0,1.0,1.0,0.8333333333333334,1.0,0.9090909090909091,1.0,0.8833333406845728,1.0,1.0,1.0,1.0,1.0,0.9488270491963391,0.979450523853302,1.0,1.0,0,0,0.0,21
tent,elhigh-radmid-az225,high,mid,225,4,4,1,0.5882352941176471,0.9375,0.7228915662650602,0.8461538461538461,0.9166666666666666,0.88,0.6941666666666667,0.9522727272727273,0.7875211744776962,0.9662424232589477,0.9024318168250224,0.875,0.9166666666666666,0.8666666666666667,0.9583333358168602,0.9544270858168602,0.9534472660311089,0.9748053103685379,1.0,1.0,0,0,0.0,47
tent,elhigh-radmid-az270,high,mid,270,3,3,1,0.7105263157894737,1.0,0.8307692307692308,0.9230769230769231,1.0,0.96,0.7701355661881978,1.0,0.858456486042693,1.0,0.9533269546050489,0.9166666666666666,1.0,0.9523809523809524,1.0,0.9960000002781549,0.9582881025369024,0.9775280952453613,1.0,1.0,0,0,0.0,26
tent,elhigh-radmid-az315,high,mid,315,1,1,1,0.35294117647058826,0.6666666666666666,0.46153846153846156,0.375,0.75,0.5,0.35294117647058826,0.6666666666666666,0.46153846153846156,0.7254902139013888,0.713180845852511,0.375,0.75,0.5,0.796875,0.796875,0.9615334888817983,0.9764312505722046,1.0,1.0,0,0,0.0,65
tent,elhigh-radfar-az000,high,far,0,2,2,1,0.7333333333333333,0.9565217391304348,0.8301886792452831,0.5625,0.9,0.6923076923076923,0.755656108597285,0.9545454545454546,0.8371428571428572,0.9679144486227136,0.9254962061956702,0.6818181818181819,0.9,0.75,0.9181818236004222,0.9181818236004222,0.9560855497271561,0.9738878607749939,1.0,1.0,0,0,0.0,54
tent,elhigh-radfar-az045,high,far,45,3,3,1,0.7209302325581395,0.96875,0.8266666666666667,1.0,1.0,1.0,0.782051282051282,0.9696969696969697,0.853942652329749,0.9772727340459824,0.9311387010459161,1.0,1.0,1.0,1.0,0.9960000002781549,0.9625295367398579,0.9738548000653585,1.0,1.0,0,0,0.0,24
tent,elhigh-radfar-az090,high,far,90,1,1,1,0.3103448275862069,0.9,0.46153846153846156,1.0,1.0,1.0,0.3103448275862069,0.9,0.4615384615384615,0.9155172206204512,0.8223850620169749,1.0,1.0,1.0,1.0,1.0,0.953612366442389,0.9717276692390442,1.0,1.0,0,0,0.0,19
tent,elhigh-radfar-az135,high,far,135,3,3,1,0.5303030303030303,1.0,0.693069306930693,0.9166666666666666,1.0,0.9565217391304348,0.658645276292335,1.0,0.7551187551187551,1.0,0.9138774708723698,0.9444444444444445,1.0,0.9696969696969697,1.0,1.0,0.9545098252098695,0.9726211826006571,1.0,1.0,0,0,0.0,18
tent,elhigh-radfar-az180,high,far,180,4,4,1,0.5714285714285714,0.9361702127659575,0.7096774193548387,0.6086956521739131,1.0,0.7567567567567568,0.6344444444444445,0.9365079365079365,0.7424953095684803,0.9487654357820066,0.8809572927286863,0.8392857142857143,1.0,0.881578947368421,1.0,1.0,0.9630293085937156,0.9741587787866592,1.0,1.0,0,0,0.0,15
tent,elhigh-radfar-az225,high,far,225,2,2,1,0.48936170212765956,0.9583333333333334,0.647887323943662,0.7777777777777778,1.0,0.875,0.4343137254901961,0.9,0.5695732838589981,0.891764713569599,0.7780002857883426,0.75,1.0,0.8333333333333333,1.0,0.9940000004172325,0.9556711297954195,0.9730613827705383,1.0,1.0,0,0,0.0,29
tent,elhigh-radfar-az270,high,far,270,5,5,1,0.6282051282051282,0.98,0.765625,0.9,1.0,0.9473684210526315,0.6852130325814536,0.9800000000000001,0.7951013861839844,0.9847368385760408,0.9087277534220375,0.8666666666666666,1.0,0.9,1.0,0.988950000333786,0.9513913794293956,0.9745696663856507,1.0,1.0,0,0,0.0,33
tent,elhigh-radfar-az315,high,far,315,3,3,1,0.5294117647058824,1.0,0.6923076923076923,0.9,1.0,0.9473684210526315,0.5881766381766381,1.0,0.720502173332362,0.9894491124832108,0.8495919986518327,0.8333333333333334,1.0,0.8888888888888888,1.0,0.9960000002781549,0.9589197834508868,0.973159650961558,1.0,1.0,0,0,0.0,25
tower,ellow-radnear-az000,low,near,0,4,4,1,0.22875816993464052,0.6481481481481481,0.33816425120772947,0.4,0.8571428571428571,0.5454545454545454,0.5158730158730158,0.7982456140350878,0.5986949080017117,0.7892701207096192,0.6536613045778715,0.6625,0.9166666666666666,0.7337662337662338,0.9270833376795053,0.8175000043120235,0.9624993737553371,0.9758137166500092,1.0,1.0,0,0,0.0,51
tower,ellow-radnear-az045,low,near,45,2,2,1,0.25333333333333335,0.9047619047619048,0.3958333333333333,0.13333333333333333,0.5,0.21052631578947367,0.2743161094224924,0.9090909090909092,0.4183303085299455,0.9177949688536056,0.6063444481190163,0.5357142857142857,0.6666666666666666,0.5588235294117647,0.6785714338932718,0.6785714338932718,0.9654866330433443,0.982096254825592,1.0,1.0,0,0,0.0,62
tower,ellow-radnear-az090,low,near,90,3,3,1,0.20930232558139536,0.782608695652174,0.3302752293577982,0.21428571428571427,0.75,0.3333333333333333,0.23916490486257927,0.7857142857142857,0.3575865128660159,0.8004568132261435,0.566929459294844,0.3148148148148148,0.8333333333333334,0.44949494949494945,0.8425925926615795,0.6425925926615794,0.8578365080022152,0.9608096281687418,1.0,1.0,0,0,0.0,63
tower,ellow-radnear-az135,low,near,135,2,2,1,0.21875,0.7241379310344828,0.336,0.21052631578947367,0.8,0.3333333333333333,0.21733212341197822,0.7247474747474747,0.33431793770139634,0.6533116211655843,0.41070937847456607,0.20555555555555555,0.75,0.32167832167832167,0.6472222312663991,0.5938888972376783,0.9623594652446492,0.9784209430217743,1.0,1.0,0,0,0.0,67
tower,ellow-radnear-az180,low,near,180,2,2,1,0.10852713178294573,0.6363636363636364,0.18543046357615894,0.13333333333333333,0.8,0.22857142857142856,0.11145510835913312,0.6941176470588235,0.19184981684981683,0.6759308540122247,0.4824314560418196,0.13068181818181818,0.875,0.22649572649572647,0.8335227305069566,0.7246590917930007,0.9678301883078966,0.9807872176170349,1.0,1.0,0,0,0.0,58
tower,ellow-radnear-az225,low,near,225,4,4,1,0.22058823529411764,0.7142857142857143,0.33707865168539325,0.625,1.0,0.7692307692307693,0.40476190476190477,0.8125,0.49252136752136755,0.8266369048506021,0.7151488131636177,0.8125,1.0,0.85,1.0,0.971875,0.9655784358709285,0.9798344224691391,1.0,1.0,0,0,0.0,39
tower,ellow-radnear-az270,low,near,270,1,1,1,0.20202020202020202,0.8695652173913043,0.32786885245901637,0.16666666666666666,0.6666666666666666,0.26666666666666666,0.20202020202020202,0.8695652173913043,0.32786885245901637,0.8827404220754973,0.5744042554627784,0.16666666666666666,0.6666666666666666,0.26666666666666666,0.694444463484817,0.6277777950796816,0.9616998993661241,0.9737040996551514,1.0,1.0,0,0,0.0,65
tower,ellow-radnear-az315,low,near,315,2,2,1,0.2916666666666667,0.9545454545454546,0.44680851063829785,0.5714285714285714,1.0,0.7272727272727273,0.3214285714285714,0.9285714285714286,0.45578231292517,0.9336734735692034,0.6411422467828165,0.7,1.0,0.7857142857142858,1.0,0.8537500001490116,0.9454282995929333,0.9754409193992615,1.0,1.0,0,0,0.0,46
tower,ellow-radmid-az000,low,mid,0,4,4,1,0.21645021645021645,0.704225352112676,0.33112582781456956,0.26666666666666666,1.0,0.42105263157894735,0.2166259920800372,0.7276679841897233,0.3332091405861898,0.6806604028398822,0.4480379686009742,0.5121212121212121,1.0,0.6102564102564103,0.9479166697710752,0.8527904067354071,0.9597564328622052,0.9762760102748871,1.0,1.0,0,0,0.0,47
tower,ellow-radmid-az045,low,mid,45,3,3,1,0.20666666666666667,0.775,0.3263157894736842,0.22727272727272727,0.7142857142857143,0.3448275862068966,0.25748761042878693,0.7863247863247863,0.3784971034785712,0.7574193887256824,0.47778448863192885,0.3296296296296296,0.7222222222222222,0.43333333333333335,0.7058642047376913,0.6327160535817161,0.9744355502223812,0.985210915406545,1.0,1.0,0,0,0.0,64
tower,ellow-radmid-az090,low,mid,90,1,1,1,1.0,1.0,1.0,1.0,1.0,1.0,1.0,1.0,1.0,1.0,1.0,1.0,1.0,1.0,1.0,1.0,0.9604477389725119,0.9752485156059265,1.0,1.0,0,0,0.0,14
tower,ellow-radmid-az135,low,mid,135,3,3,1,0.2654320987654321,0.8269230769230769,0.40186915887850466,0.17391304347826086,0.8,0.2857142857142857,0.31797658862876255,0.8653846153846154,0.4612506462254853,0.8809364570759511,0.677781173085182,0.4226190476190476,0.8333333333333334,0.48333333333333334,0.84375,0.7040674606959025,0.9565842288780276,0.9719762206077576,1.0,1.0,0,0,0.0,60
tower,ellow-radmid-az180,low,mid,180,2,2,1,0.3488372093023256,0.8823529411764706,0.5,0.3,0.75,0.42857142857142855,0.3414351851851852,0.9166666666666667,0.49450549450549447,0.8838664409295807,0.6968761064285585,0.6111111111111112,0.8333333333333333,0.6666666666666666,0.8518518608201433,0.7685185254172042,0.9606023250999556,0.976613461971283,1.0,1.0,0,0,0.0,55
tower,ellow-radmid-az225,low,mid,225,1,1,1,0.22727272727272727,1.0,0.37037037037037035,1.0,1.0,1.0,0.22727272727272727,1.0,0.37037037037037035,0.9666666646798454,0.8267532580897404,1.0,1.0,1.0,1.0,1.0,0.9675071109468547,0.9833831191062927,1.0,1.0,0,0,0.0,3
tower,ellow-radmid-az270,low,mid,270,1,1,1,0.07692307692307693,0.35714285714285715,0.12658227848101267,0.25,0.6666666666666666,0.36363636363636365,0.07692307692307693,0.35714285714285715,0.12658227848101267,0.3216640614119346,0.22714024913323536,0.25,0.6666666666666666,0.36363636363636365,0.7083333507180214,0.563888903376129,0.9665222466679353,0.9747387170791626,1.0,1.0,0,0,0.0,68
tower,ellow-radmid-az315,low,mid,315,2,2,1,0.17391304347826086,1.0,0.2962962962962963,1.0,1.0,1.0,0.1625,1.0,0.2777777777777778,1.0,0.8888888929204809,1.0,1.0,1.0,1.0,1.0,0.9674479968567518,0.9743385016918182,1.0,1.0,0,0,0.0,5
tower,ellow-radfar-az000,low,far,0,2,2,1,0.22123893805309736,0.8333333333333334,0.34965034965034963,0.17647058823529413,1.0,0.3,0.23452380952380952,0.9107142857142857,0.37293233082706767,0.9148715151006461,0.7637161000230344,0.5625,1.0,0.6111111111111112,1.0,0.9515625,0.9295806583191517,0.9615279138088226,1.0,1.0,0,0,0.0,42
tower,ellow-radfar-az045,low,far,45,2,2,1,0.1794871794871795,0.6774193548387096,0.28378378378378377,0.18181818181818182,1.0,0.3076923076923077,0.19544072948328267,0.6995798319327731,0.3050687770868664,0.6806628282460347,0.5150268219351368,0.20512820512820512,1.0,0.32142857142857145,1.0,0.9092592633294838,0.9441374959507414,0.9711188673973083,1.0,1.0,0,0,0.0,44
tower,ellow-radfar-az090,low,far,90,5,5,1,0.21710526315789475,0.8354430379746836,0.34464751958224543,0.2222222222222222,0.9090909090909091,0.35714285714285715,0.2649339165760982,0.8160000000000001,0.3892132505175983,0.8070527427166926,0.6005855551526247,0.44786749482401655,0.9333333333333333,0.5424273504273505,0.8866666689515114,0.7551583873890341,0.9324083240976442,0.9636862397193908,1.0,1.0,0,0,0.0,57
tower,ellow-radfar-az135,low,far,135,1,1,1,0.4230769230769231,0.9166666666666666,0.5789473684210527,0.4,1.0,0.5714285714285714,0.4230769230769231,0.9166666666666666,0.5789473684210527,0.887628198533486,0.7214298388665472,0.4,1.0,0.5714285714285715,1.0,0.9550000000745058,0.9548682686656207,0.964200496673584,1.0,1.0,0,0,0.0,41
tower,ellow-radfar-az180,low,far,180,7,7,1,0.29545454545454547,0.9069767441860465,0.44571428571428573,0.40540540540540543,0.9375,0.5660377358490566,0.4356520657043305,0.9428571428571428,0.5622876116649029,0.9049259372281363,0.6730956497613351,0.6468253968253969,0.9523809523809524,0.735098235098235,0.9132369659993113,0.7611882118956015,0.950712163301524,0.9681956427437919,1.0,1.0,0,0,0.0,56
tower,ellow-radfar-az225,low,far,225,1,1,1,0.08695652173913043,0.6,0.1518987341772152,0.09090909090909091,1.0,0.16666666666666666,0.08695652173913043,0.6,0.15189873417721517,0.4333494308811279,0.3184780965617503,0.09090909090909091,1.0,0.16666666666666669,1.0,0.7090909267013723,0.9617524864045812,0.9723338484764099,1.0,1.0,0,0,0.0,59
tower,ellow-radfar-az270,low,far,270,2,2,1,0.10429447852760736,0.4473684210526316,0.1691542288557214,0.5,0.8571428571428571,0.631578947368421,0.105006105006105,0.48809523809523814,0.16904761904761906,0.4946108769769572,0.29234384294651633,0.5142857142857142,0.875,0.6333333333333333,0.9125000014901161,0.6903273870370217,0.938850526559964,0.9690122604370117,1.0,1.0,0,0,0.0,61
tower,ellow-radfar-az315,low,far,315,3,3,1,0.3132530120481928,0.896551724137931,0.4642857142857143,0.5714285714285714,1.0,0.7272727272727273,0.4038461538461538,0.9500000000000001,0.5411764705882353,0.8482361381932405,0.6705227046139713,0.6666666666666666,1.0,0.7777777777777777,1.0,0.8041666686534882,0.6425700888869162,0.6640414446592331,1.0,1.0,0,0,0.0,52
tower,elmid-radnear-az000,mid,near,0,1,1,1,0.5,1.0,0.6666666666666666,1.0,1.0,1.0,0.5,1.0,0.6666666666666666,1.0,0.861111116492086,1.0,1.0,1.0,1.0,1.0,0.9571854235691006,0.9818395376205444,1.0,1.0,0,0,0.0,21
tower,elmid-radnear-az045,mid,near,45,1,1,1,1.0,1.0,1.0,1.0,1.0,1.0,1.0,1.0,1.0,1.0,1.0,1.0,1.0,1.0,1.0,1.0,0.9677061221513696,0.9793139100074768,1.0,1.0,0,0,0.0,2
tower,elmid-radnear-az090,mid,near,90,1,1,1,0.52,1.0,0.6842105263157895,1.0,1.0,1.0,0.52,1.0,0.6842105263157895,1.0,0.6326419055514855,1.0,1.0,1.0,1.0,1.0,0.9560914085312362,0.978793740272522,1.0,1.0,0,0,0.0,26
tower,elmid-radnear-az135,mid,near,135,3,3,1,0.5625,1.0,0.72,1.0,1.0,1.0,0.594017094017094,1.0,0.7428571428571429,1.0,0.8179257292300463,1.0,1.0,1.0,1.0,0.9874999999999999,0.9594006399081074,0.9782655835151672,1.0,1.0,0,0,0.0,36
tower,elmid-radnear-az180,mid,near,180,2,2,1,0.2631578947368421,0.7142857142857143,0.38461538461538464,1.0,1.0,1.0,0.29166666666666663,0.8333333333333333,0.4318181818181818,0.8541666753590107,0.7971354206092656,1.0,1.0,1.0,1.0,1.0,0.9606063686663973,0.977217048406601,1.0,1.0,0,0,0.0,13
tower,elmid-radnear-az225,mid,near,225,1,1,1,0.3333333333333333,1.0,0.5,0.3333333333333333,1.0,0.5,0.3333333333333333,1.0,0.5,1.0,1.0,0.3333333333333333,1.0,0.5,1.0,1.0,0.9671610604930017,0.9830291867256165,1.0,1.0,0,0,0.0,6
tower,elmid-radnear-az270,mid,near,270,6,6,1,0.5952380952380952,0.9615384615384616,0.7352941176470589,1.0,1.0,1.0,0.6724358974358974,0.9722222222222222,0.7773296878560036,0.9775640999850554,0.902326768433723,1.0,1.0,1.0,1.0,1.0,0.9636330450768718,0.9813217123349508,1.0,1.0,0,0,0.0,10
tower,elmid-radnear-az315,mid,near,315,4,4,1,0.42857142857142855,0.9230769230769231,0.5853658536585366,1.0,1.0,1.0,0.6463235294117647,0.95,0.7426948051948051,0.9281045796361819,0.8373039286119827,1.0,1.0,1.0,1.0,1.0,0.9674493408755813,0.981269583106041,1.0,1.0,0,0,0.0,4
tower,elmid-radmid-az000,mid,mid,0,2,2,1,0.15315315315315314,0.6296296296296297,0.2463768115942029,0.2,0.8,0.32,0.15113871635610765,0.6236263736263736,0.24162102957283677,0.560072896014764,0.3939697376688375,0.39215686274509803,0.8333333333333333,0.5,0.7181372605629411,0.5973039270031686,0.9647267813016533,0.9777190387248993,1.0,1.0,0,0,0.0,66
tower,elmid-radmid-az045,mid,mid,45,1,1,1,0.17307692307692307,0.7105263157894737,0.27835051546391754,0.1,0.6666666666666666,0.17391304347826086,0.17307692307692307,0.7105263157894737,0.2783505154639175,0.696119696382171,0.4126272289007182,0.1,0.6666666666666666,0.1739130434782609,0.6833333524564902,0.4833333469430605,0.9639502432399638,0.9843723773956299,1.0,1.0,0,0,0.0,69
tower,elmid-radmid-az090,mid,mid,90,3,3,1,0.17699115044247787,0.6666666666666666,0.27972027972027974,0.2,0.8,0.32,0.5902777777777778,0.8148148148148149,0.6517218973359324,0.8225308654852855,0.7712537349986904,0.47008547008547,0.8333333333333334,0.5444444444444444,0.8397435899823904,0.7786324790368478,0.9467440205604435,0.9726609587669373,1.0,1.0,0,0,0.0,54
tower,elmid-radmid-az180,mid,mid,180,1,1,1,0.38095238095238093,0.8421052631578947,0.5245901639344263,0.5,1.0,0.6666666666666666,0.38095238095238093,0.8421052631578947,0.5245901639344263,0.8690844830111839,0.712554578137475,0.5,1.0,0.6666666666666666,1.0,1.0,0.9081695250661248,0.9362795948982239,1.0,1.0,0,0,0.0,35
tower,elmid-radmid-az225,mid,mid,225,2,2,1,0.3888888888888889,1.0,0.56,0.6666666666666666,1.0,0.8,0.3701298701298701,1.0,0.5347222222222222,1.0,0.9827272738380866,0.75,1.0,0.8333333333333333,1.0,1.0,0.9690345757069103,0.9807087481021881,1.0,1.0,0,0,0.0,1
tower,elmid-radmid-az270,mid,mid,270,4,4,1,0.15254237288135594,0.5625,0.24,0.17777777777777778,1.0,0.3018867924528302,0.40595783890686804,0.7176470588235294,0.47910114261531955,0.726005285558881,0.5794101185150614,0.5602272727272727,1.0,0.6068840579710145,0.9791666679084301,0.8313825792074203,0.9588762595629392,0.9745630025863647,1.0,1.0,0,0,0.0,50
tower,elmid-radmid-az315,mid,mid,315,2,2,1,0.3548387096774194,0.9166666666666666,0.5116279069767442,1.0,1.0,1.0,0.3142857142857143,0.95,0.45698924731182794,0.9607142764542784,0.8067857124981663,1.0,1.0,1.0,1.0,1.0,0.9556309313921307,0.972296953201294,1.0,1.0,0,0,0.0,27
tower,elmid-radfar-az000,mid,far,0,3,3,1,0.15789473684210525,0.8571428571428571,0.26666666666666666,0.21428571428571427,0.75,0.3333333333333333,0.2133820860467599,0.9298245614035089,0.3388962084614258,0.9106819923172133,0.6522572826270953,0.5303030303030303,0.8333333333333334,0.6068376068376068,0.8409090911348661,0.8409090911348661,0.9467858267427213,0.9654807647069296,1.0,1.0,0,0,0.0,49
tower,elmid-radfar-az045,mid,far,45,1,1,1,0.3870967741935484,1.0,0.5581395348837209,1.0,1.0,1.0,0.3870967741935484,1.0,0.5581395348837209,0.9935897455001488,0.7656541176128311,1.0,1.0,1.0,1.0,0.9625,0.9458290383814827,0.9709025621414185,1.0,1.0,0,0,0.0,40
tower,elmid-radfar-az090,mid,far,90,3,3,1,0.21428571428571427,0.72,0.3302752293577982,0.23809523809523808,0.8333333333333334,0.37037037037037035,0.4433233147273508,0.8494623655913979,0.5655446086480569,0.8367129692121908,0.6458425468096655,0.7037037037037037,0.8888888888888888,0.7301587301587302,0.8950617346958613,0.8478395118665548,0.949124340207946,0.9640687704086304,1.0,1.0,0,0,0.0,48
tower,elmid-radfar-az180,mid,far,180,1,1,1,0.4642857142857143,0.9285714285714286,0.6190476190476191,1.0,1.0,1.0,0.4642857142857143,0.9285714285714286,0.6190476190476191,0.9451530411535378,0.8270663146773467,1.0,1.0,1.0,1.0,1.0,0.9202217794004923,0.9570357799530029,1.0,1.0,0,0,0.0,34
tower,elmid-radfar-az225,mid,far,225,4,4,1,0.204,0.6986301369863014,0.3157894736842105,0.29411764705882354,1.0,0.45454545454545453,0.1710954823087701,0.7534539928156949,0.2672531610721098,0.7125506673287638,0.5477677645258061,0.48502673796791446,1.0,0.6011904761904762,0.9305555588669248,0.779997934560074,0.945493519630471,0.9711261540651321,1.0,1.0,0,0,0.0,53
tower,elmid-radfar-az270,mid,far,270,1,1,1,0.36231884057971014,0.9259259259259259,0.5208333333333334,1.0,1.0,1.0,0.36231884057971014,0.9259259259259259,0.5208333333333334,0.8982576703071201,0.57051234648404,1.0,1.0,1.0,1.0,0.925,0.9390119671435926,0.9668006300926208,1.0,1.0,0,0,0.0,43
tower,elmid-radfar-az315,mid,far,315,2,2,1,0.32786885245901637,0.9523809523809523,0.4878048780487805,0.6666666666666666,1.0,0.8,0.3897058823529412,0.9583333333333333,0.5425824175824177,0.9635416753590107,0.7873449572997356,0.8,1.0,0.875,1.0,0.9000000035266081,0.9554618669617945,0.9674156606197357,1.0,1.0,0,0,0.0,45
tower,elhigh-radnear-az000,high,near,0,4,4,1,0.375,0.9473684210526315,0.5373134328358209,1.0,1.0,1.0,0.5674876847290641,0.9642857142857143,0.6736928104575163,0.9750000019158636,0.8255192980139052,1.0,1.0,1.0,1.0,1.0,0.9599658704063003,0.9784143269062042,1.0,1.0,0,0,0.0,15
tower,elhigh-radnear-az045,high,near,45,1,1,1,0.5714285714285714,1.0,0.7272727272727273,1.0,1.0,1.0,0.5714285714285714,1.0,0.7272727272727273,1.0,0.9803571429103612,1.0,1.0,1.0,1.0,1.0,0.9658589137554827,0.9777255058288574,1.0,1.0,0,0,0.0,8
tower,elhigh-radnear-az090,high,near,90,2,2,1,0.45,0.9,0.6,1.0,1.0,1.0,0.44999999999999996,0.875,0.5892857142857142,0.8937500007450581,0.8359722219355818,1.0,1.0,1.0,1.0,1.0,0.9632816383261051,0.9802360236644745,1.0,1.0,0,0,0.0,11
tower,elhigh-radnear-az180,high,near,180,3,3,1,0.5925925925925926,0.9411764705882353,0.7272727272727273,1.0,1.0,1.0,0.7261904761904762,0.9523809523809524,0.8095238095238094,0.9625850363450796,0.8386885910860783,1.0,1.0,1.0,1.0,1.0,0.956577347605787,0.9742428859074911,1.0,1.0,0,0,0.0,24
tower,elhigh-radnear-az225,high,near,225,2,2,1,0.6,1.0,0.75,0.6666666666666666,1.0,0.8,0.7777777777777778,1.0,0.8571428571428572,1.0,0.9730555569049385,0.75,1.0,0.8333333333333333,1.0,1.0,0.9668223312384612,0.9788060188293457,1.0,1.0,0,0,0.0,7
tower,elhigh-radnear-az270,high,near,270,4,4,1,0.4791666666666667,1.0,0.647887323943662,1.0,1.0,1.0,0.6035067873303167,1.0,0.7286324786324787,1.0,0.913236051755189,1.0,1.0,1.0,1.0,1.0,0.9587757713109486,0.9782337993383408,1.0,1.0,0,0,0.0,17
tower,elhigh-radnear-az315,high,near,315,3,3,1,0.42105263157894735,0.9411764705882353,0.5818181818181818,1.0,1.0,1.0,0.5333333333333333,0.9666666666666667,0.6788288288288288,0.9722222157650524,0.848746918964809,1.0,1.0,1.0,1.0,1.0,0.9561789785474275,0.9741240739822388,1.0,1.0,0,0,0.0,25
tower,elhigh-radmid-az000,high,mid,0,1,1,1,0.36363636363636365,1.0,0.5333333333333333,1.0,1.0,1.0,0.36363636363636365,1.0,0.5333333333333333,0.9861111119389534,0.7945075766183436,1.0,1.0,1.0,1.0,1.0,0.9640754023984641,0.9737917184829712,1.0,1.0,0,0,0.0,9
tower,elhigh-radmid-az045,high,mid,45,3,3,1,0.28169014084507044,0.9523809523809523,0.43478260869565216,1.0,1.0,1.0,0.2636363636363636,0.9803921568627452,0.4148148148148148,0.9832442076820316,0.8451024312213044,1.0,1.0,1.0,1.0,1.0,0.9584302589797827,0.9717146555582682,1.0,1.0,0,0,0.0,18
tower,elhigh-radmid-az090,high,mid,90,4,4,1,0.49206349206349204,0.96875,0.6526315789473685,1.0,1.0,1.0,0.6282051282051282,0.9833333333333334,0.7459130781499203,0.9861111120217376,0.8787996180183566,1.0,1.0,1.0,1.0,1.0,0.9571092349318189,0.9702764600515366,1.0,1.0,0,0,0.0,22
tower,elhigh-radmid-az135,high,mid,135,2,2,1,0.3389830508474576,0.9523809523809523,0.5,1.0,1.0,1.0,0.3347665847665848,0.9642857142857143,0.49628127112914133,0.9705598350168425,0.7631980040595687,1.0,1.0,1.0,1.0,1.0,0.9482250184125594,0.9704951047897339,1.0,1.0,0,0,0.0,28
tower,elhigh-radmid-az180,high,mid,180,1,1,1,0.2,1.0,0.3333333333333333,1.0,1.0,1.0,0.2,1.0,0.33333333333333337,1.0,1.0,1.0,1.0,1.0,1.0,1.0,0.9461179050491708,0.9665042161941528,1.0,1.0,0,0,0.0,29
tower,elhigh-radmid-az225,high,mid,225,2,2,1,0.1111111111111111,0.6,0.1875,0.3333333333333333,1.0,0.5,0.5384615384615384,0.75,0.5666666666666667,0.7596153849735856,0.6959134618518874,0.6,1.0,0.6666666666666667,1.0,1.0,0.9590705415080709,0.9751410186290741,1.0,1.0,0,0,0.0,16
tower,elhigh-radmid-az270,high,mid,270,2,2,1,0.7,1.0,0.8235294117647058,1.0,1.0,1.0,0.625,1.0,0.7619047619047619,1.0,0.9352430565696623,1.0,1.0,1.0,1.0,1.0,0.9626590916054276,0.9811882376670837,1.0,1.0,0,0,0.0,12
tower,elhigh-radmid-az315,high,mid,315,1,1,1,0.7142857142857143,1.0,0.8333333333333334,1.0,1.0,1.0,0.7142857142857143,1.0,0.8333333333333333,1.0,0.8988928561253211,1.0,1.0,1.0,1.0,1.0,0.9443561092887727,0.9726981520652771,1.0,1.0,0,0,0.0,30
tower,elhigh-radfar-az000,high,far,0,3,3,1,0.6296296296296297,1.0,0.7727272727272727,1.0,1.0,1.0,0.6196581196581197,1.0,0.7616161616161615,0.988603989962499,0.929553954995256,1.0,1.0,1.0,1.0,1.0,0.9376084027546933,0.9687070449193319,1.0,1.0,0,0,0.0,32
tower,elhigh-radfar-az045,high,far,45,4,4,1,0.4117647058823529,1.0,0.5833333333333334,1.0,1.0,1.0,0.5790719696969697,1.0,0.6926774847870183,1.0,0.8683710392957279,1.0,1.0,1.0,1.0,1.0,0.956773296255081,0.973359227180481,1.0,1.0,0,0,0.0,23
tower,elhigh-radfar-az090,high,far,90,3,3,1,0.6721311475409836,1.0,0.803921568627451,1.0,1.0,1.0,0.6787878787878787,1.0,0.8055555555555555,1.0,0.8711835389188002,1.0,1.0,1.0,1.0,0.9874999999999999,0.949305795809817,0.9676104187965393,1.0,1.0,0,0,0.0,37
tower,elhigh-radfar-az135,high,far,135,3,3,1,0.3305084745762712,0.9512195121951219,0.49056603773584906,1.0,1.0,1.0,0.39999999999999997,0.9592074592074592,0.5526369168356998,0.9374491227177,0.7233385190996624,1.0,1.0,1.0,1.0,0.975,0.940748785955563,0.9624513983726501,1.0,1.0,0,0,0.0,38
tower,elhigh-radfar-az180,high,far,180,2,2,1,0.6785714285714286,1.0,0.8085106382978723,1.0,1.0,1.0,0.7339181286549707,1.0,0.8372549019607843,0.9962121232440975,0.9218783249653744,1.0,1.0,1.0,1.0,1.0,0.9402668944324439,0.9659921526908875,1.0,1.0,0,0,0.0,31
tower,elhigh-radfar-az225,high,far,225,2,2,1,0.8181818181818182,1.0,0.9,1.0,1.0,1.0,0.9,1.0,0.9444444444444444,1.0,0.9453125001862646,1.0,1.0,1.0,1.0,1.0,0.957824856679725,0.9711664617061615,1.0,1.0,0,0,0.0,19
tower,elhigh-radfar-az270,high,far,270,2,2,1,0.6060606060606061,0.9523809523809523,0.7407407407407407,1.0,1.0,1.0,0.6102941176470589,0.9444444444444444,0.7362637362637362,0.9575163424502011,0.8668241146356193,1.0,1.0,1.0,1.0,1.0,0.9248706219540104,0.9629657566547394,1.0,1.0,0,0,0.0,33
tower,elhigh-radfar-az315,high,far,315,2,2,1,0.5416666666666666,0.9285714285714286,0.6842105263157895,1.0,1.0,1.0,0.592436974789916,0.9444444444444444,0.7243589743589742,0.9575163424502011,0.7847552984780517,1.0,1.0,1.0,1.0,1.0,0.9573396134284575,0.970769852399826,1.0,1.0,0,0,0.0,20
tree,ellow-radnear-az000,low,near,0,4,4,1,0.2388663967611336,0.6555555555555556,0.35014836795252224,0.275,0.88,0.41904761904761906,0.24123787976729152,0.7032632002144197,0.35851035756696137,0.7257759198400932,0.5589762090700471,0.32066993464052285,0.8819444444444444,0.46170634920634923,0.8928603881130708,0.7303927603157326,0.9620460738519458,0.9772933125495911,1.0,1.0,0,0,0.0,66
tree,ellow-radnear-az045,low,near,45,4,4,1,0.11046511627906977,0.59375,0.18627450980392157,0.13740458015267176,0.9473684210526315,0.24,0.1189251960259172,0.6578525641025641,0.2011067359157877,0.6262122774999312,0.459966300188715,0.176270174571805,0.95,0.2919172932330827,0.8944985587945447,0.7448893447279559,0.9559851636203911,0.9773411899805069,1.0,1.0,0,0,0.0,64
tree,ellow-radnear-az090,low,near,90,5,5,1,0.10087719298245613,0.6216216216216216,0.17358490566037735,0.11475409836065574,1.0,0.20588235294117646,0.22260749329821156,0.7807692307692308,0.29986249986249985,0.7748427857814377,0.6410798694937585,0.45976300197498354,1.0,0.5086947910477322,0.993333332935969,0.8902642227096047,0.9517224412441976,0.9773286581039429,1.0,1.0,0,0,0.0,27
tree,ellow-radnear-az135,low,near,135,2,2,1,0.1292517006802721,0.6129032258064516,0.21348314606741572,0.1388888888888889,1.0,0.24390243902439024,0.13226744186046513,0.6994047619047619,0.2215625,0.6455816528354736,0.5224973901691,0.138996138996139,1.0,0.24404761904761907,0.9625000022351742,0.8488407418450276,0.9642426764252434,0.9744640588760376,1.0,1.0,0,0,0.0,39
tree,ellow-radnear-az180,low,near,180,5,5,1,0.25170068027210885,0.8222222222222222,0.3854166666666667,0.23809523809523808,0.8823529411764706,0.375,0.349922480620155,0.9111111111111111,0.47885369532428357,0.8941893834323343,0.7322160004995012,0.4207692307692308,0.7636363636363637,0.48904761904761906,0.7672727263515646,0.6685712916872869,0.7638685943660498,0.7831096649169922,0.8,0.8,1,0,0.0,69
tree,ellow-radnear-az225,low,near,225,3,3,1,0.1743119266055046,0.9047619047619048,0.2923076923076923,0.14864864864864866,1.0,0.25882352941176473,0.2523168687764961,0.9243589743589743,0.3865118124406924,0.85990601235094,0.6627233824040724,0.4402298850574713,1.0,0.5162393162393163,0.9589743638649963,0.8210202751479524,0.9470716660952677,0.9806114236513773,1.0,1.0,0,0,0.0,53
tree,ellow-radnear-az270,low,near,270,5,5,1,0.15942028985507245,0.7333333333333333,0.2619047619047619,0.1941747572815534,1.0,0.3252032520325203,0.31907716765151617,0.786524064171123,0.42357797264576924,0.748312422839299,0.5046486175159131,0.3760904123199205,1.0,0.4761552173316879,0.9953846145593204,0.7987737438614003,0.9635400503730835,0.9776180982589722,1.0,1.0,0,0,0.0,59
tree,ellow-radnear-az315,low,near,315,3,3,1,0.1534090909090909,0.7297297297297297,0.2535211267605634,0.18181818181818182,0.8888888888888888,0.3018867924528302,0.16978287413070023,0.7410256410256411,0.2720368239355581,0.7538647401111636,0.608353160405059,0.21278966131907306,0.8333333333333334,0.317495126705653,0.8382352941359082,0.8218716588559927,0.9666387008301468,0.9779858787854513,1.0,1.0,0,0,0.0,52
tree,ellow-radmid-az000,low,mid,0,5,5,1,0.1989100817438692,0.73,0.31263383297644537,0.22602739726027396,0.9428571428571428,0.36464088397790057,0.21707379525703252,0.791376573617953,0.33667644602298064,0.7844195942302097,0.5571398236972687,0.31274283269148484,0.9349999999999999,0.4414042950513539,0.9286341485604644,0.7302966512754404,0.9469057605493653,0.9661466956138611,1.0,1.0,0,0,0.0,67
tree,ellow-radmid-az045,low,mid,45,7,7,1,0.1529126213592233,0.8289473684210527,0.2581967213114754,0.26666666666666666,1.0,0.42105263157894735,0.227559593328386,0.9057453416149068,0.3508872835196196,0.8642939955877661,0.6784924533890434,0.39364084815212635,1.0,0.5222117794486215,0.9833333340429125,0.8922490555516627,0.9474284757296901,0.9675920265061515,1.0,1.0,0,0,0.0,24
tree,ellow-radmid-az090,low,mid,90,7,7,1,0.1425233644859813,0.6703296703296703,0.2350674373795761,0.21897810218978103,1.0,0.3592814371257485,0.2054821542108432,0.720244041672613,0.30434290710579537,0.707969768757587,0.5633547196530637,0.441443644075223,1.0,0.5375473214244515,0.9876543219863212,0.8399473513599088,0.9314474077845938,0.9701348968914577,1.0,1.0,0,0,0.0,44
tree,ellow-radmid-az135,low,mid,135,5,5,1,0.1794871794871795,0.6829268292682927,0.28426395939086296,0.36,1.0,0.5294117647058824,0.3161849261849262,0.7909090909090909,0.43793537671794586,0.7920818578516478,0.7498809034980232,0.8118421052631579,1.0,0.8488888888888889,1.0,0.961516292069789,0.9531821113436401,0.9673973202705384,1.0,1.0,0,0,0.0,5
tree,ellow-radmid-az180,low,mid,180,4,4,1,0.26256983240223464,0.8245614035087719,0.3983050847457627,0.44,0.8461538461538461,0.5789473684210527,0.33586780866192634,0.8330128205128206,0.4672121734137238,0.8047624849753232,0.5615579213473847,0.6507352941176471,0.8333333333333334,0.7018633540372671,0.8541666688397527,0.7744164380444045,0.9332110847635624,0.96818408370018,1.0,1.0,0,0,0.0,62
tree,ellow-radmid-az225,low,mid,225,8,8,1,0.13016270337922403,0.5977011494252874,0.21377183967112023,0.2248995983935743,0.9180327868852459,0.36129032258064514,0.15768243284247171,0.6168198513525193,0.24719987763182477,0.5918744195092198,0.3888323781554261,0.2927892576661758,0.9261363636363636,0.41840632623687823,0.9314997104372196,0.7434728817288776,0.9442581969632724,0.9705018848180771,1.0,1.0,0,0,0.0,65
tree,ellow-radmid-az270,low,mid,270,3,3,1,0.22857142857142856,0.7843137254901961,0.35398230088495575,0.42857142857142855,1.0,0.6,0.29162977018764497,0.7997287905754725,0.41749821060165887,0.8248914737927865,0.6157407580229681,0.611111111111111,1.0,0.7363636363636363,1.0,0.9215782861238478,0.9405393823376779,0.9687180717786154,1.0,1.0,0,0,0.0,13
tree,ellow-radmid-az315,low,mid,315,8,8,1,0.21709006928406466,0.9215686274509803,0.3514018691588785,0.19285714285714287,0.9473684210526315,0.32047477744807124,0.23822589954628862,0.9297619047619048,0.37471930048805213,0.915339513341833,0.7086777121327908,0.23638438964793645,0.9333333333333333,0.3632859477687064,0.9229736694836448,0.7803299512820078,0.9411077901290459,0.9670629128813744,1.0,1.0,0,0,0.0,61
tree,ellow-radfar-az000,low,far,0,5,5,1,0.21621621621621623,0.6896551724137931,0.3292181069958848,0.3302752293577982,0.8571428571428571,0.4768211920529801,0.25090383235377006,0.6935614973262032,0.35786315786639367,0.6489582913959588,0.4505118514072753,0.3629320870700181,0.8534848484848485,0.4922110583400906,0.8201930802393896,0.6108740463819191,0.942394233878899,0.9607090353965759,1.0,1.0,0,0,0.0,70
tree,ellow-radfar-az045,low,far,45,2,2,1,0.09523809523809523,0.5714285714285714,0.16326530612244897,0.1016949152542373,0.6,0.17391304347826086,0.23797468354430382,0.75,0.3516483516483517,0.6989778006331078,0.5065984841378658,0.5431034482758621,0.7777777777777778,0.5746268656716418,0.7130873231379153,0.5986585332525011,0.9351365031631254,0.9666199088096619,1.0,1.0,0,0,0.0,71
tree,ellow-radfar-az090,low,far,90,5,5,1,0.15743440233236153,0.7941176470588235,0.26277372262773724,0.3235294117647059,1.0,0.4888888888888889,0.2847222222222222,0.8835978835978835,0.41859936753553767,0.876912439296194,0.759341876161823,0.4475248010398656,1.0,0.5736013986013986,1.0,0.8933404020961457,0.9129861234228634,0.9577579379081727,1.0,1.0,0,0,0.0,23
tree,ellow-radfar-az135,low,far,135,1,1,1,0.26666666666666666,1.0,0.42105263157894735,0.15384615384615385,1.0,0.26666666666666666,0.26666666666666666,1.0,0.4210526315789474,1.0,0.7775000009685755,0.15384615384615385,1.0,0.2666666666666667,1.0,0.8076923079788685,0.9453392290345164,0.9681668281555176,1.0,1.0,0,0,0.0,58
tree,ellow-radfar-az180,low,far,180,1,1,1,0.09333333333333334,0.7777777777777778,0.16666666666666666,0.1206896551724138,0.7777777777777778,0.208955223880597,0.09333333333333334,0.7777777777777778,0.16666666666666666,0.5583588922174116,0.37085870281780775,0.1206896551724138,0.7777777777777778,0.208955223880597,0.5694799344551611,0.3791632043145209,0.9810187961669925,0.9907535314559937,1.0,1.0,0,0,0.0,72
tree,ellow-radfar-az225,low,far,225,2,2,1,0.14450867052023122,0.5555555555555556,0.22935779816513763,0.3191489361702128,0.9375,0.47619047619047616,0.17092574734811958,0.5850840336134454,0.26313725490196077,0.5965981337993611,0.42977391750316407,0.3007662835249042,0.9,0.4489130434782609,0.896906575270825,0.7220393069822599,0.8511659902214781,0.9497593641281128,1.0,1.0,0,0,0.0,68
tree,ellow-radfar-az270,low,far,270,5,5,1,0.12,0.5327102803738317,0.1958762886597938,0.22448979591836735,0.9565217391304348,0.36363636363636365,0.121706663705388,0.5513448540706605,0.1981981664710061,0.5518611748881584,0.4008846362775057,0.22924812030075187,0.9714285714285713,0.3686128364389234,0.9596011150856407,0.8863688238303868,0.9172458828395648,0.9590636730194092,1.0,1.0,0,0,0.0,29
tree,ellow-radfar-az315,low,far,315,7,7,1,0.2560240963855422,0.8173076923076923,0.38990825688073394,0.19230769230769232,0.8823529411764706,0.3157894736842105,0.3465826330532213,0.8191028165652225,0.46067799585174823,0.8259799687405726,0.6135938595086226,0.5049306263921143,0.9244897959183673,0.5812505782107846,0.9181848967627223,0.8246442716846291,0.9463009273160249,0.9672077213014875,1.0,1.0,0,0,0.0,50
tree,elmid-radnear-az000,mid,near,0,4,4,1,0.21951219512195122,0.8571428571428571,0.34951456310679613,0.20408163265306123,0.9090909090909091,0.3333333333333333,0.41048534798534797,0.8869047619047619,0.5021062271062271,0.900616496028442,0.8133462002230543,0.5044642857142857,0.9166666666666666,0.5794172932330827,0.9218750046566129,0.8848214340861886,0.9504414173121347,0.9730278253555298,1.0,1.0,0,0,0.0,30
tree,elmid-radnear-az045,mid,near,45,8,8,1,0.14803625377643503,0.9607843137254902,0.25654450261780104,0.13257575757575757,0.9459459459459459,0.23255813953488372,0.2046322011630688,0.9642857142857143,0.3232613557038618,0.9584143369413747,0.8225909350536048,0.22936775699933593,0.9541666666666667,0.34224109804210057,0.9458002634255324,0.8230560293986575,0.9278437357523877,0.9708791971206665,1.0,1.0,0,0,0.0,51
tree,elmid-radnear-az090,mid,near,90,6,6,1,0.2631578947368421,1.0,0.4166666666666667,0.2736842105263158,1.0,0.4297520661157025,0.5390142021720968,1.0,0.631993006993007,0.9786241299638198,0.839649939794059,0.6225896393579321,1.0,0.6959026369168356,0.98968855291605,0.8963110281822099,0.9433106315882179,0.9692689379056295,1.0,1.0,0,0,0.0,21
tree,elmid-radnear-az135,mid,near,135,11,11,1,0.19578313253012047,0.8783783783783784,0.32019704433497537,0.19123505976095617,0.8727272727272727,0.3137254901960784,0.3419830448669367,0.9005968778696052,0.4598172084832164,0.8833920783516175,0.7398493560086251,0.47274631196490374,0.9223665223665223,0.565274200992296,0.9047273447975411,0.8080700019973558,0.9452175066490408,0.9720201654867693,1.0,1.0,0,0,0.0,57
tree,elmid-radnear-az180,mid,near,180,3,3,1,0.3392857142857143,1.0,0.5066666666666667,0.3235294117647059,1.0,0.4888888888888889,0.4791666666666667,1.0,0.6219461697722567,0.9962962956340226,0.8169584130169633,0.7526881720430106,1.0,0.8034188034188033,1.0,0.9331989246110122,0.9487614371625597,0.977940022945404,1.0,1.0,0,0,0.0,10
tree,elmid-radnear-az225,mid,near,225,2,2,1,0.20967741935483872,1.0,0.3466666666666667,0.2037037037037037,1.0,0.3384615384615385,0.2619047619047619,1.0,0.40601503759398494,0.9861111119389534,0.7899640401013728,0.3333333333333333,1.0,0.47619047619047616,0.9861111119389534,0.8130989619892918,0.9644722804523518,0.9757731854915619,1.0,1.0,0,0,0.0,56
tree,elmid-radnear-az270,mid,near,270,10,10,1,0.2512315270935961,1.0,0.4015748031496063,0.22413793103448276,1.0,0.36619718309859156,0.39134370337760166,1.0,0.5324069029297052,0.9478830570664154,0.819535328889651,0.5206466165413534,1.0,0.6213700470749651,0.9474002070174998,0.8701038865700756,0.9536429830913,0.9749063730239869,1.0,1.0,0,0,0.0,35
tree,elmid-radnear-az315,mid,near,315,3,3,1,0.26,0.9285714285714286,0.40625,0.16666666666666666,1.0,0.2857142857142857,0.4583333333333333,0.9583333333333334,0.583994708994709,0.9619791666045785,0.878437500167638,0.5868055555555555,1.0,0.6571428571428571,1.0,1.0,0.9619403742227917,0.9762324293454488,1.0,1.0,0,0,0.0,1
tree,elmid-radmid-az000,mid,mid,0,8,8,1,0.33222591362126247,0.9523809523809523,0.49261083743842365,0.345679012345679,0.9655172413793104,0.509090909090909,0.3594888572061722,0.9608580274214948,0.5185343167935301,0.9595174501734234,0.7578248901866516,0.4232769423558897,0.9613095238095238,0.5596288069296839,0.963012999642575,0.8200678841955921,0.9340844793816334,0.9652241542935371,1.0,1.0,0,0,0.0,54
tree,elmid-radmid-az045,mid,mid,45,5,5,1,0.4336283185840708,0.98,0.6012269938650306,0.5166666666666667,0.96875,0.6739130434782609,0.4573686371100164,0.9882352941176471,0.6028863719400804,0.9914807307188216,0.8568709522331112,0.6523809523809524,0.9777777777777779,0.7345671871987662,0.9851851862889749,0.8793603164559587,0.9408456146500541,0.9673361778259277,1.0,1.0,0,0,0.0,33
tree,elmid-radmid-az090,mid,mid,90,2,2,1,0.2727272727272727,1.0,0.42857142857142855,0.21428571428571427,1.0,0.35294117647058826,0.42592592592592593,1.0,0.55625,1.0,0.8872222248630393,0.5925925925925926,1.0,0.65625,1.0,0.9622222244905101,0.9439887339608912,0.9651121199131012,1.0,1.0,0,0,0.0,4
tree,elmid-radmid-az135,mid,mid,135,2,2,1,0.782608695652174,1.0,0.8780487804878049,0.8125,1.0,0.896551724137931,0.8035714285714286,1.0,0.8901098901098901,1.0,0.8682988350823102,0.8928571428571428,1.0,0.94,1.0,0.9091847071309627,0.9446211337357546,0.9659979939460754,1.0,1.0,0,0,0.0,16
tree,elmid-radmid-az180,mid,mid,180,4,4,1,0.2857142857142857,0.9361702127659575,0.43781094527363185,0.6571428571428571,0.9583333333333334,0.7796610169491526,0.34205099820383,0.9328525641025641,0.4870373425727328,0.9103063895062677,0.734318345580936,0.7733516483516484,0.95,0.8311111111111111,0.9576923105006034,0.8919963566180219,0.9442943379305699,0.9654969274997711,1.0,1.0,0,0,0.0,25
tree,elmid-radmid-az225,mid,mid,225,3,3,1,0.26153846153846155,0.9444444444444444,0.40963855421686746,0.22807017543859648,0.9629629629629629,0.36879432624113473,0.26553287981859414,0.943355119825708,0.40892456997307797,0.9487109908113106,0.8120412380804898,0.23876520305091734,0.9629629629629629,0.38032611601176153,0.9659863965232446,0.8335612467564452,0.9227682346145869,0.9636088808377584,1.0,1.0,0,0,0.0,47
tree,elmid-radmid-az270,mid,mid,270,8,8,1,0.41040462427745666,0.9102564102564102,0.5657370517928287,0.3835616438356164,0.9655172413793104,0.5490196078431373,0.521734068627451,0.9178977272727273,0.6351704723396784,0.9295939384056022,0.750692532498918,0.7387598814229249,0.9821428571428571,0.7933823529411765,0.983766234782222,0.9383551820680929,0.9376575273056655,0.9685611948370934,1.0,1.0,0,0,0.0,9
tree,elmid-radmid-az315,mid,mid,315,5,5,1,0.33121019108280253,0.9629629629629629,0.4928909952606635,0.35714285714285715,0.967741935483871,0.5217391304347826,0.40267512214880635,0.9708333333333334,0.5558858858858858,0.9679348378835453,0.7919994075163117,0.4831699831699832,0.9777777777777779,0.6231537341377158,0.9697905713397305,0.8270387817676514,0.8906645208721308,0.9653912544250488,1.0,1.0,0,0,0.0,49
tree,elmid-radfar-az000,mid,far,0,5,5,1,0.2688821752265861,0.6953125,0.3877995642701525,0.44155844155844154,1.0,0.6126126126126126,0.3353488137191084,0.796790318041092,0.469527535773049,0.7691030202228635,0.5704693796792055,0.5915641025641026,1.0,0.7039589442815248,0.9567654592875225,0.8301893550836699,0.9348882744105396,0.9670742630958558,1.0,1.0,0,0,0.0,48
tree,elmid-radfar-az045,mid,far,45,3,3,1,0.25,0.8695652173913043,0.3883495145631068,0.4032258064516129,1.0,0.5747126436781609,0.31744244244244246,0.8973684210526316,0.46010596852111574,0.9008290015907793,0.6942370609584292,0.5233918128654971,1.0,0.6425785855507791,1.0,0.8559354352000016,0.9351630588012559,0.9564558466275533,1.0,1.0,0,0,0.0,36
tree,elmid-radfar-az090,mid,far,90,4,4,1,0.1574074074074074,0.6375,0.2524752475247525,0.2727272727272727,1.0,0.42857142857142855,0.24977013727013725,0.77297165200391,0.3695968484011962,0.7724467343520018,0.6122069191617036,0.4658283603296391,1.0,0.5817293233082707,1.0,0.9015687762004471,0.9250646712859227,0.9632913619279861,1.0,1.0,0,0,0.0,19
tree,elmid-radfar-az135,mid,far,135,6,6,1,0.19592875318066158,0.6581196581196581,0.30196078431372547,0.39,0.9069767441860465,0.5454545454545454,0.39972523968937174,0.7980392156862745,0.5145336982204647,0.7859367922111309,0.6096335888253405,0.6137178233952427,0.9376262626262627,0.7104951958610495,0.9451604331739208,0.8478462084008628,0.930449257197098,0.9633038938045502,1.0,1.0,0,0,0.0,40
tree,elmid-radfar-az180,mid,far,180,1,1,1,0.26785714285714285,0.7894736842105263,0.4,0.6470588235294118,1.0,0.7857142857142857,0.26785714285714285,0.7894736842105263,0.4,0.7767381143470775,0.5533997061060878,0.6470588235294118,1.0,0.7857142857142858,1.0,0.8133689848955143,0.9447051653892728,0.958342969417572,1.0,1.0,0,0,0.0,55
tree,elmid-radfar-az225,mid,far,225,5,5,1,0.16563146997929606,0.6201550387596899,0.26143790849673204,0.3904761904761905,0.9761904761904762,0.5578231292517006,0.18791028737386717,0.676521868935662,0.293434653652219,0.6631614631643418,0.44978732079534794,0.5231834975369458,0.9800000000000001,0.6525169689551575,0.9691512408696425,0.7907095746447517,0.9299225162649478,0.9634039402008057,1.0,1.0,0,0,0.0,60
tree,elmid-radfar-az270,mid,far,270,1,1,1,0.13924050632911392,0.6875,0.23157894736842105,0.3157894736842105,1.0,0.48,0.13924050632911392,0.6875,0.23157894736842105,0.6809916431084275,0.4459975498932181,0.3157894736842105,1.0,0.4799999999999999,1.0,0.8395676724822787,0.9050876286661129,0.9569219946861267,1.0,1.0,0,0,0.0,45
tree,elmid-radfar-az315,mid,far,315,6,6,1,0.2804878048780488,0.7931034482758621,0.4144144144144144,0.2814814814814815,0.95,0.4342857142857143,0.27704421792128503,0.8094274146905726,0.40846941318873103,0.8147656047485108,0.5681055834765237,0.2792831893001672,0.9515151515151515,0.4234026192478673,0.9152692406826395,0.7576291847500994,0.9276070500370223,0.9615746239821116,1.0,1.0,0,0,0.0,63
tree,elhigh-radnear-az000,high,near,0,7,7,1,0.23880597014925373,0.9230769230769231,0.3794466403162055,0.22413793103448276,0.9512195121951219,0.3627906976744186,0.2957108670343964,0.9176870748299321,0.4278362242036347,0.9189186986572278,0.8457852838310898,0.33132560538734873,0.9512987012987013,0.44516947129729084,0.9507917342024008,0.8799843803658787,0.9567260542542994,0.9734004735946655,1.0,1.0,0,0,0.0,32
tree,elhigh-radnear-az045,high,near,45,4,4,1,0.23232323232323232,0.9583333333333334,0.37398373983739835,0.1927710843373494,0.9411764705882353,0.32,0.24615896333017423,0.9722222222222222,0.39217404217404217,0.9748062030424289,0.9005485315079866,0.1953742203742204,0.96875,0.3250896057347671,0.9717060811817646,0.9316929580378943,0.9541425010997528,0.9713097363710403,1.0,1.0,0,0,0.0,11
tree,elhigh-radnear-az090,high,near,90,1,1,1,0.21212121212121213,1.0,0.35,0.18181818181818182,1.0,0.3076923076923077,0.21212121212121213,1.0,0.35,1.0,0.8475524569590845,0.18181818181818182,1.0,0.3076923076923077,1.0,0.8346590911969543,0.959716699353244,0.9724305272102356,1.0,1.0,0,0,0.0,46
tree,elhigh-radnear-az135,high,near,135,5,5,1,0.4897959183673469,1.0,0.6575342465753424,0.38235294117647056,1.0,0.5531914893617021,0.5153679653679654,1.0,0.6613275613275613,1.0,0.8784442658166025,0.5190476190476191,1.0,0.6438095238095238,1.0,0.9215436517073521,0.9535556775932633,0.972680139541626,1.0,1.0,0,0,0.0,14
tree,elhigh-radnear-az180,high,near,180,4,4,1,0.25,0.9375,0.39473684210526316,0.20224719101123595,1.0,0.3364485981308411,0.42504916860361164,0.9522727272727273,0.5259259259259259,0.9467605225927687,0.8604765428297187,0.4280307458498948,1.0,0.5294612794612794,0.9920634930095975,0.9548349362843205,0.9495135951433582,0.9695631861686707,1.0,1.0,0,0,0.0,6
tree,elhigh-radnear-az225,high,near,225,5,5,1,0.3684210526315789,0.9459459459459459,0.5303030303030303,0.3037974683544304,0.96,0.46153846153846156,0.5877914614121511,0.9377777777777778,0.6606442180720619,0.9608429141999204,0.8735775145785718,0.5718390804597702,0.9777777777777779,0.664855687606112,0.9808429130078276,0.9193859206795807,0.945631792924889,0.9714198231697082,1.0,1.0,0,0,0.0,15
tree,elhigh-radnear-az270,high,near,270,2,2,1,0.3888888888888889,0.7777777777777778,0.5185185185185185,0.3888888888888889,0.7777777777777778,0.5185185185185185,0.5,0.8571428571428572,0.6272727272727272,0.8809523887577511,0.8471428658281053,0.5,0.8571428571428572,0.6272727272727272,0.8809523887577511,0.8471428658281053,0.9370704530463883,0.9693455994129181,1.0,1.0,0,0,0.0,41
tree,elhigh-radnear-az315,high,near,315,2,2,1,0.3728813559322034,1.0,0.5432098765432098,0.3333333333333333,1.0,0.5,0.49166666666666664,1.0,0.6230769230769231,1.0,0.9141988092828526,0.5476190476190477,1.0,0.6620926243567753,1.0,0.9409071260425623,0.9517146279122244,0.9692517817020416,1.0,1.0,0,0,0.0,8
tree,elhigh-radmid-az000,high,mid,0,6,6,1,0.36257309941520466,0.96875,0.5276595744680851,0.3333333333333333,1.0,0.5,0.5374577010291296,0.9743589743589745,0.6523088023088023,0.9709860498028305,0.8550559886815559,0.5396006344587905,1.0,0.6476323241887828,1.0,0.9219207334836074,0.9425904458599751,0.9696678121884664,1.0,1.0,0,0,0.0,12
tree,elhigh-radmid-az045,high,mid,45,5,5,1,0.4358974358974359,0.9444444444444444,0.5964912280701754,0.46808510638297873,1.0,0.6376811594202898,0.500752688172043,0.9446153846153846,0.6451548451548452,0.9524648500312154,0.8307845246333448,0.5324561403508772,1.0,0.6643137254901961,0.9951515168854683,0.902624603749486,0.9235376113490588,0.9546320080757141,1.0,1.0,0,0,0.0,18
tree,elhigh-radmid-az090,high,mid,90,4,4,1,0.3119266055045872,0.9714285714285714,0.4722222222222222,0.25274725274725274,0.9583333333333334,0.4,0.45812356979405033,0.975,0.5684253246753247,0.9779605211297933,0.8909325672115073,0.4141081871345029,0.9722222222222222,0.5166666666666666,0.9753086434700239,0.854565625475918,0.9176878147699918,0.9649885445833206,1.0,1.0,0,0,0.0,37
tree,elhigh-radmid-az135,high,mid,135,2,2,1,0.7307692307692307,1.0,0.8444444444444444,0.5882352941176471,1.0,0.7407407407407407,0.7142857142857143,1.0,0.8148148148148149,1.0,0.8867169155265583,0.6041666666666666,1.0,0.7166666666666667,1.0,0.8403647096432852,0.9415595464086408,0.9666086733341217,1.0,1.0,0,0,0.0,43
tree,elhigh-radmid-az180,high,mid,180,7,7,1,0.46153846153846156,0.9818181818181818,0.627906976744186,0.42528735632183906,1.0,0.5967741935483871,0.5496015207702515,0.9761904761904762,0.6778206349634921,0.9773596916347742,0.8874385891982939,0.5545054945054945,1.0,0.683797990940848,0.9880952388048172,0.9071176610552987,0.9407355559014395,0.9651398147855487,1.0,1.0,0,0,0.0,17
tree,elhigh-radmid-az225,high,mid,225,4,4,1,0.4659090909090909,0.9761904761904762,0.6307692307692307,0.425531914893617,1.0,0.5970149253731343,0.5052447552447552,0.984375,0.6546451914098973,0.9870383522938937,0.8833411550147598,0.59375,1.0,0.7006493506493506,1.0,0.9423044243048192,0.9325015323207708,0.965748518705368,1.0,1.0,0,0,0.0,7
tree,elhigh-radmid-az270,high,mid,270,3,3,1,0.29411764705882354,1.0,0.45454545454545453,0.22666666666666666,1.0,0.3695652173913043,0.41695156695156693,1.0,0.5408778498479495,0.9904761887732008,0.8445166947032767,0.4770955165692008,1.0,0.5695200395843641,0.988603989962499,0.880698732028332,0.9445638080295579,0.967350959777832,1.0,1.0,0,0,0.0,31
tree,elhigh-radmid-az315,high,mid,315,4,4,1,0.35135135135135137,0.9629629629629629,0.5148514851485149,0.425531914893617,1.0,0.5970149253731343,0.46944444444444444,0.9583333333333334,0.5844298245614035,0.9641203663691327,0.825192132276,0.6637096774193548,1.0,0.7463369963369964,1.0,0.8878726823250868,0.9474629539122539,0.9675449877977371,1.0,1.0,0,0,0.0,28
tree,elhigh-radfar-az000,high,far,0,1,1,1,0.6071428571428571,1.0,0.7555555555555555,1.0,1.0,1.0,0.6071428571428571,1.0,0.7555555555555554,0.996732024780286,0.8281069122265633,1.0,1.0,1.0,1.0,0.8997166500765712,0.9287150611471873,0.9644036889076233,1.0,1.0,0,0,0.0,20
tree,elhigh-radfar-az045,high,far,45,5,5,1,0.3722627737226277,0.9272727272727272,0.53125,0.35789473684210527,0.9444444444444444,0.5190839694656488,0.40730769230769226,0.9236363636363636,0.5585930246920958,0.9339393952037348,0.7835547918135386,0.4426275946275946,0.9555555555555555,0.5961399711399712,0.9595441620489131,0.8536637328256077,0.9377344596891838,0.9664749145507813,1.0,1.0,0,0,0.0,38
tree,elhigh-radfar-az090,high,far,90,4,4,1,0.41935483870967744,0.9629629629629629,0.5842696629213483,0.4186046511627907,0.9473684210526315,0.5806451612903226,0.4866363211951447,0.9791666666666666,0.6353740409207161,0.968251056396285,0.8469988392926058,0.6642857142857143,0.9772727272727273,0.7435897435897436,0.9479978451319844,0.8949765587029616,0.9414038549675583,0.9641155898571014,1.0,1.0,0,0,0.0,22
tree,elhigh-radfar-az135,high,far,135,7,7,1,0.42168674698795183,0.9859154929577465,0.5907172995780591,0.43902439024390244,0.9818181818181818,0.6067415730337079,0.5041299338809858,0.989010989010989,0.643815820339025,0.9875901883202767,0.8715943485345432,0.6381425898447499,0.987012987012987,0.723539159253445,0.9857107697207687,0.8914020121274532,0.9327072842810818,0.9619863969939095,1.0,1.0,0,0,0.0,26
tree,elhigh-radfar-az180,high,far,180,3,3,1,0.4305555555555556,0.9393939393939394,0.5904761904761905,0.37142857142857144,0.9285714285714286,0.5306122448979592,0.4798245614035088,0.9305555555555555,0.6214141414141414,0.9426778803341689,0.8482030321259865,0.611111111111111,0.9696969696969697,0.7181571815718156,0.9747474824238305,0.9667676834807252,0.9488949509490539,0.9650962154070536,1.0,1.0,0,0,0.0,2
tree,elhigh-radfar-az225,high,far,225,8,8,1,0.3446808510638298,0.9529411764705882,0.50625,0.3333333333333333,0.9387755102040817,0.4919786096256685,0.44329922246943215,0.9543650793650793,0.5767171451914099,0.9612838363918083,0.8346597284908162,0.433612739085003,0.9305555555555556,0.5608796296296297,0.9382548345216879,0.8755387854971376,0.936085469409432,0.9642642736434937,1.0,1.0,0,0,0.0,34
tree,elhigh-radfar-az270,high,far,270,6,6,1,0.42276422764227645,0.9811320754716981,0.5909090909090909,0.6818181818181818,1.0,0.8108108108108109,0.42411749470573,0.9880952380952381,0.5855550712530118,0.9835084996958269,0.8318277445733564,0.8985507246376812,1.0,0.9270833333333334,1.0,0.963043640429988,0.9444598446452263,0.9672214984893799,1.0,1.0,0,0,0.0,3
tree,elhigh-radfar-az315,high,far,315,6,6,1,0.3686868686868687,0.948051948051948,0.5309090909090909,0.42592592592592593,0.9787234042553191,0.5935483870967742,0.37237182901461613,0.942857142857143,0.5255546962938821,0.9451211183541502,0.777242982575321,0.5313962451972395,0.9814814814814815,0.6457357272574663,0.9749634511928577,0.8421935440718883,0.9442124805678839,0.9619781573613485,1.0,1.0,0,0,0.0,42
whitevan,ellow-radnear-az000,low,near,0,2,2,1,0.21818181818181817,0.8,0.34285714285714286,0.35,1.0,0.5185185185185185,0.297280202403542,0.8695652173913043,0.43821839080459773,0.827421965643591,0.6418947347538773,0.6578947368421053,1.0,0.74,0.9880952373856591,0.8438074393091302,0.9577186505294506,0.9733923077583313,1.0,1.0,0,0,0.0,49
whitevan,ellow-radnear-az045,low,near,45,2,2,1,0.11956521739130435,0.6875,0.2037037037037037,0.3333333333333333,0.75,0.46153846153846156,0.14147286821705427,0.8333333333333333,0.24186704384724186,0.815245484521261,0.6534135667030747,0.625,0.8333333333333333,0.6818181818181819,0.8541666753590107,0.7375000058673322,0.9665217492192255,0.9794561266899109,1.0,1.0,0,0,0.0,55
whitevan,ellow-radnear-az090,low,near,90,1,1,1,0.11594202898550725,0.47058823529411764,0.18604651162790697,0.1,0.6666666666666666,0.17391304347826086,0.11594202898550725,0.47058823529411764,0.186046511627907,0.5012787746016225,0.18527585161818552,0.1,0.6666666666666666,0.1739130434782609,0.6833333524564902,0.5833333496997753,0.9497723729900684,0.9752691388130188,1.0,1.0,0,0,0.0,64
whitevan,ellow-radnear-az135,low,near,135,3,3,1,0.1282051282051282,0.7692307692307693,0.21978021978021978,0.23809523809523808,1.0,0.38461538461538464,0.12878689937513468,0.75,0.21683277962347727,0.6825702138452066,0.6130989255084734,0.4583333333333333,1.0,0.5407407407407407,1.0,0.9490740772474696,0.9623357125899558,0.9760408202807108,1.0,1.0,0,0,0.0,40
whitevan,ellow-radnear-az180,low,near,180,5,5,1,0.20689655172413793,0.8333333333333334,0.3314917127071823,0.391304347826087,0.9,0.5454545454545454,0.3539572192513369,0.8662745098039215,0.44731379731379733,0.8644976294446367,0.6885529503551913,0.5252525252525253,0.7,0.5179487179487179,0.75,0.6786868689022958,0.7660164499550788,0.7794331550598145,0.8,0.8,1,0,0.0,58
whitevan,ellow-radnear-az225,low,near,225,3,3,1,0.136986301369863,0.7692307692307693,0.23255813953488372,0.5714285714285714,1.0,0.7272727272727273,0.1200237670825906,0.8148148148148149,0.20599903241412676,0.8272430286406113,0.7019624443076324,0.75,1.0,0.7999999999999999,1.0,0.9125,0.9743563375894245,0.9812066356341044,1.0,1.0,0,0,0.0,44
whitevan,ellow-radnear-az270,low,near,270,4,4,1,0.0703125,0.5625,0.125,0.11428571428571428,0.5,0.18604651162790697,0.31545501265022136,0.6928571428571428,0.3634194695105278,0.6983967042652197,0.6447021621466891,0.34598214285714285,0.6666666666666666,0.4057275541795666,0.6778273860192192,0.6778273860192192,0.9744400560118933,0.9814075827598572,1.0,1.0,0,0,0.0,59
whitevan,ellow-radnear-az315,low,near,315,2,2,1,0.2682926829268293,0.8461538461538461,0.4074074074074074,0.375,1.0,0.5454545454545454,0.26136363636363635,0.9090909090909092,0.40454545454545454,0.87947658541774,0.7064074225488439,0.3666666666666667,1.0,0.5357142857142858,1.0,1.0,0.9518858958637821,0.9724056720733643,1.0,1.0,0,0,0.0,8
whitevan,ellow-radmid-az000,low,mid,0,2,2,1,0.22916666666666666,0.7857142857142857,0.3548387096774194,0.6666666666666666,0.6666666666666666,0.6666666666666666,0.3547008547008547,0.7916666666666667,0.4609929078014185,0.7931802011681377,0.5981247514003405,0.75,0.75,0.75,0.8125,0.8125,0.9412802514319605,0.9642158448696136,1.0,1.0,0,0,0.0,51
whitevan,ellow-radmid-az045,low,mid,45,2,2,1,0.13541666666666666,0.7222222222222222,0.22807017543859648,0.2857142857142857,0.6666666666666666,0.4,0.14393939393939392,0.8076923076923077,0.24412296564195296,0.650244765523083,0.366221452875675,0.29166666666666663,0.75,0.41666666666666663,0.78125,0.78125,0.953067668255775,0.9721268713474274,1.0,1.0,0,0,0.0,53
whitevan,ellow-radmid-az135,low,mid,135,2,2,1,0.175,0.5833333333333334,0.2692307692307692,0.2777777777777778,0.625,0.38461538461538464,0.23118279569892472,0.6638655462184874,0.3412658227848101,0.6004636430338688,0.4375817623748388,0.59375,0.75,0.6363636363636364,0.7401041706403095,0.6563020870213707,0.944887994846324,0.9700118899345398,1.0,1.0,0,0,0.0,61
whitevan,ellow-radmid-az180,low,mid,180,1,1,1,0.3333333333333333,0.6428571428571429,0.43902439024390244,0.3333333333333333,1.0,0.5,0.3333333333333333,0.6428571428571429,0.43902439024390244,0.6373144451472053,0.4664380032639913,0.3333333333333333,1.0,0.5,0.75,0.5625000011175871,0.959329745810912,0.9662674069404602,1.0,1.0,0,0,0.0,65
whitevan,ellow-radmid-az225,low,mid,225,4,4,1,0.14,0.5957446808510638,0.22672064777327935,0.17391304347826086,1.0,0.2962962962962963,0.1407142857142857,0.6148692810457517,0.22655519994113968,0.5910371113987958,0.4131594001364806,0.14305555555555555,0.75,0.23636363636363636,0.75,0.7145833333488554,0.7058082688638461,0.7289947271347046,0.75,0.75,1,0,0.0,57
whitevan,ellow-radmid-az270,low,mid,270,3,3,1,0.15384615384615385,0.8571428571428571,0.2608695652173913,0.35714285714285715,1.0,0.5263157894736842,0.15202279202279204,0.8857142857142857,0.2530512802492562,0.8961335025548838,0.8296364212510398,0.4583333333333333,1.0,0.582010582010582,1.0,1.0,0.9581819194620268,0.9733844002087911,1.0,1.0,0,0,0.0,3
whitevan,ellow-radmid-az315,low,mid,315,2,2,1,0.15625,0.8333333333333334,0.2631578947368421,0.6,0.75,0.6666666666666666,0.23842195540308747,0.875,0.3650273224043716,0.882075471803546,0.8094601680990309,0.6666666666666666,0.75,0.7,0.7916666679084301,0.7916666679084301,0.9397972035888511,0.9685027003288269,1.0,1.0,0,0,0.0,52
whitevan,ellow-radfar-az000,low,far,0,2,2,1,0.2236842105263158,0.68,0.33663366336633666,0.25,0.75,0.375,0.2644230769230769,0.7166666666666667,0.3841088674275681,0.6920245703621808,0.5080833845900021,0.26050420168067223,0.7333333333333334,0.38181818181818183,0.6219378828344027,0.3875439363854636,0.9006485963963584,0.9485385119915009,1.0,1.0,0,0,0.0,66
whitevan,ellow-radfar-az045,low,far,45,1,1,1,0.125,0.7,0.21212121212121213,0.09090909090909091,1.0,0.16666666666666666,0.125,0.7,0.21212121212121213,0.5976715791605267,0.35732668859252825,0.09090909090909091,1.0,0.16666666666666669,1.0,1.0,0.9385828060953259,0.9596972465515137,1.0,1.0,0,0,0.0,18
whitevan,ellow-radfar-az090,low,far,90,2,2,1,0.08522727272727272,0.5,0.14563106796116504,0.0975609756097561,1.0,0.17777777777777778,0.08930899608865711,0.5095693779904306,0.15189075630252102,0.5010437374688117,0.32920040427623426,0.12424242424242424,1.0,0.21634615384615385,0.8214285746216774,0.7370292213279754,0.9215630883429142,0.9566364884376526,1.0,1.0,0,0,0.0,56
whitevan,ellow-radfar-az135,low,far,135,3,3,1,0.1989795918367347,0.8863636363636364,0.325,0.3157894736842105,1.0,0.48,0.20034699106296272,0.9050925925925926,0.32623436471362743,0.8724079623775193,0.62261175074552,0.33535353535353535,1.0,0.5,1.0,0.8903535364064002,0.924375886457606,0.9586977958679199,1.0,1.0,0,0,0.0,47
whitevan,ellow-radfar-az180,low,far,180,3,3,1,0.19014084507042253,0.75,0.30337078651685395,0.4,1.0,0.5714285714285714,0.18978786909711118,0.7337690631808279,0.29807583474816074,0.6590408279810425,0.43984677923761134,0.5714285714285714,1.0,0.6814814814814815,1.0,0.9035714301147632,0.905997775332723,0.9420423706372579,1.0,1.0,0,0,0.0,45
whitevan,ellow-radfar-az225,low,far,225,1,1,1,0.07954545454545454,0.28,0.12389380530973451,0.08333333333333333,0.3333333333333333,0.13333333333333333,0.07954545454545454,0.28,0.12389380530973451,0.29092207766798395,0.1590103878807615,0.08333333333333333,0.3333333333333333,0.13333333333333333,0.3611111214591397,0.3611111214591397,0.9333685564277978,0.96034175157547,1.0,1.0,0,0,0.0,67
whitevan,ellow-radfar-az270,low,far,270,2,2,1,0.05063291139240506,0.36363636363636365,0.08888888888888889,0.05,0.42857142857142855,0.08955223880597014,0.06478187605317356,0.35833333333333334,0.10717729714836757,0.3255010392811655,0.2421989906559665,0.05555555555555555,0.41666666666666663,0.0963718820861678,0.43333333884883257,0.35750000549532057,0.9428429895072856,0.9607343375682831,1.0,1.0,0,0,0.0,68
whitevan,ellow-radfar-az315,low,far,315,3,3,1,0.1732283464566929,0.9166666666666666,0.2913907284768212,0.7272727272727273,1.0,0.8421052631578947,0.4475576725506678,0.9391534391534391,0.5252445149352366,0.9157836909893547,0.8041156394555093,0.5238095238095238,0.6666666666666666,0.5757575757575758,0.6666666666666666,0.6549107143034537,0.6284818664503291,0.6428843140602112,0.6666666666666666,0.6666666666666666,1,0,0.0,62
whitevan,elmid-radnear-az000,mid,near,0,2,2,1,0.08955223880597014,0.8571428571428571,0.16216216216216217,1.0,1.0,1.0,0.19967532467532467,0.8333333333333333,0.30056497175141245,0.8363095336992825,0.8135822610397424,1.0,1.0,1.0,1.0,1.0,0.9425305049756787,0.9693292379379272,1.0,1.0,0,0,0.0,13
whitevan,elmid-radnear-az045,mid,near,45,1,1,1,0.375,0.75,0.5,1.0,1.0,1.0,0.375,0.75,0.5,0.796875,0.7265625,1.0,1.0,1.0,1.0,1.0,0.9733410858860907,0.9828336238861084,1.0,1.0,0,0,0.0,1
whitevan,elmid-radnear-az090,mid,near,90,3,3,1,0.6875,1.0,0.8148148148148148,1.0,1.0,1.0,0.7962962962962963,1.0,0.8744588744588745,1.0,0.9357407440797045,1.0,1.0,1.0,1.0,1.0,0.9456589681477455,0.9703079462051392,1.0,1.0,0,0,0.0,11
whitevan,elmid-radnear-az135,mid,near,135,2,2,1,0.3793103448275862,1.0,0.55,1.0,1.0,1.0,0.41666666666666663,1.0,0.5833333333333333,0.9785714289971761,0.8377487280523899,1.0,1.0,1.0,1.0,1.0,0.9562748672563615,0.9696202278137207,1.0,1.0,0,0,0.0,4
whitevan,elmid-radnear-az180,mid,near,180,3,3,1,1.0,1.0,1.0,1.0,1.0,1.0,1.0,1.0,1.0,1.0,0.9222222247057491,1.0,1.0,1.0,1.0,1.0,0.9362604446246152,0.9648744066556295,1.0,1.0,0,0,0.0,20
whitevan,elmid-radnear-az225,mid,near,225,3,3,1,0.8333333333333334,0.9090909090909091,0.8695652173913043,1.0,0.8,0.8888888888888888,0.7777777777777778,0.8333333333333334,0.7999999999999999,0.8611111119389534,0.8425694462656974,0.6666666666666666,0.6666666666666666,0.6666666666666666,0.6666666666666666,0.6666666666666666,0.6412406014585178,0.6477302312850952,1.0,0.6666666666666666,0,0,0.0,60
whitevan,elmid-radnear-az270,mid,near,270,3,3,1,1.0,1.0,1.0,1.0,1.0,1.0,1.0,1.0,1.0,1.0,0.9777777794334623,1.0,1.0,1.0,1.0,0.9625,0.94579299831139,0.9691819945971171,1.0,1.0,0,0,0.0,33
whitevan,elmid-radnear-az315,mid,near,315,5,5,1,0.72,0.9473684210526315,0.8181818181818182,0.9,1.0,0.9473684210526315,0.8444444444444444,0.9333333333333333,0.8666666666666666,0.9407407443280572,0.8849074101668817,0.9,1.0,0.9333333333333333,1.0,1.0,0.9633083559845105,0.9722470760345459,1.0,1.0,0,0,0.0,2
whitevan,elmid-radmid-az000,mid,mid,0,2,2,1,0.75,0.9230769230769231,0.8275862068965517,1.0,1.0,1.0,0.8181818181818181,0.9375,0.868421052631579,0.9495738632977009,0.8547395851649344,1.0,1.0,1.0,1.0,1.0,0.9411390720650541,0.9645192325115204,1.0,1.0,0,0,0.0,15
whitevan,elmid-radmid-az045,mid,mid,45,2,2,1,1.0,1.0,1.0,1.0,1.0,1.0,1.0,1.0,1.0,1.0,1.0,1.0,1.0,1.0,1.0,1.0,0.942393817977166,0.9724371433258057,1.0,1.0,0,0,0.0,14
whitevan,elmid-radmid-az090,mid,mid,90,3,3,1,0.5769230769230769,1.0,0.7317073170731707,0.5,1.0,0.6666666666666666,0.6722222222222222,1.0,0.7794117647058822,1.0,0.9681944450073772,0.611111111111111,1.0,0.7222222222222222,1.0,0.965432101064994,0.9490505163040174,0.9669061501820883,1.0,1.0,0,0,0.0,31
whitevan,elmid-radmid-az135,mid,mid,135,2,2,1,0.75,1.0,0.8571428571428571,1.0,1.0,1.0,0.7571428571428571,1.0,0.8611111111111112,1.0,0.9557142889073916,1.0,1.0,1.0,1.0,1.0,0.945452539756344,0.9734772443771362,1.0,1.0,0,0,0.0,12
whitevan,elmid-radmid-az225,mid,mid,225,4,4,1,0.8,1.0,0.8888888888888888,1.0,1.0,1.0,0.8333333333333334,1.0,0.875,1.0,0.9359375,0.75,0.75,0.75,0.75,0.75,0.7091878151475477,0.7269012629985809,0.75,0.75,1,0,0.0,54
whitevan,elmid-radmid-az270,mid,mid,270,3,3,1,0.5,0.8571428571428571,0.631578947368421,1.0,1.0,1.0,0.6481481481481481,0.9333333333333332,0.746031746031746,0.9481481513491383,0.9422222258316145,1.0,1.0,1.0,1.0,1.0,0.9463704687574944,0.9694847663243612,1.0,1.0,0,0,0.0,10
whitevan,elmid-radmid-az315,mid,mid,315,3,3,1,0.7272727272727273,1.0,0.8421052631578947,0.75,1.0,0.8571428571428571,0.8333333333333334,1.0,0.8888888888888888,1.0,0.9469907421756673,0.8333333333333334,1.0,0.8888888888888888,1.0,1.0,0.953457893822114,0.9722367326418558,1.0,1.0,0,0,0.0,7
whitevan,elmid-radfar-az045,mid,far,45,1,1,1,0.17391304347826086,1.0,0.2962962962962963,1.0,1.0,1.0,0.17391304347826086,1.0,0.29629629629629634,1.0,1.0,1.0,1.0,1.0,1.0,1.0,0.9495637210155117,0.9675547480583191,1.0,1.0,0,0,0.0,9
whitevan,elmid-radfar-az090,mid,far,90,2,2,1,0.42592592592592593,0.92,0.5822784810126582,1.0,0.75,0.8571428571428571,0.35641025641025637,0.9545454545454546,0.494535519125683,0.9651182255286832,0.8176285716955738,1.0,0.8333333333333333,0.9,0.9166666716337204,0.8166666708886623,0.9142740994734773,0.949422299861908,1.0,1.0,0,0,0.0,50
whitevan,elmid-radfar-az135,mid,far,135,4,4,1,0.6511627906976745,1.0,0.7887323943661971,1.0,1.0,1.0,0.7018398268398268,1.0,0.8037433155080214,0.9895833320915699,0.8734262241560342,1.0,1.0,1.0,1.0,0.95625,0.9387996078841185,0.9646456241607666,1.0,1.0,0,0,0.0,36
whitevan,elmid-radfar-az180,mid,far,180,5,5,1,0.6046511627906976,0.9629629629629629,0.7428571428571429,0.7058823529411765,1.0,0.8275862068965517,0.6288888888888888,0.9333333333333333,0.7294494720965309,0.9407407443280572,0.8245978896107189,0.7666666666666667,1.0,0.8333333333333334,1.0,0.9291666672378778,0.928555154321181,0.9584437608718872,1.0,1.0,0,0,0.0,42
whitevan,elmid-radfar-az225,mid,far,225,3,3,1,0.4,0.8947368421052632,0.5528455284552846,0.5333333333333333,1.0,0.6956521739130435,0.43407578084997445,0.9060606060606061,0.5820195650416363,0.9176873839147287,0.7636406150300336,0.5972222222222222,1.0,0.7341991341991342,1.0,0.8791666693985462,0.9504692137739331,0.9665148456891378,1.0,1.0,0,0,0.0,48
whitevan,elmid-radfar-az270,mid,far,270,1,1,1,0.44,0.8461538461538461,0.5789473684210527,0.6,0.75,0.6666666666666666,0.44,0.8461538461538461,0.5789473684210525,0.8735897524693073,0.6809633890849071,0.6,0.75,0.6666666666666665,0.8250000029802322,0.6441666694357991,0.9411920130052387,0.9639707207679749,1.0,1.0,0,0,0.0,63
whitevan,elmid-radfar-az315,mid,far,315,2,2,1,0.23255813953488372,0.6666666666666666,0.3448275862068966,1.0,1.0,1.0,0.3597560975609756,0.8214285714285714,0.49696969696969695,0.8410278707093686,0.7193821393720665,1.0,1.0,1.0,1.0,1.0,0.9352604576300934,0.967599630355835,1.0,1.0,0,0,0.0,22
whitevan,elhigh-radnear-az000,high,near,0,1,1,1,0.4117647058823529,1.0,0.5833333333333334,1.0,1.0,1.0,0.4117647058823529,1.0,0.5833333333333334,1.0,0.7148244061475778,1.0,1.0,1.0,1.0,1.0,0.9271350547836477,0.9507286548614502,1.0,1.0,0,0,0.0,24
whitevan,elhigh-radnear-az045,high,near,45,4,4,1,0.6,1.0,0.75,0.6,1.0,0.75,0.7840909090909091,1.0,0.8611111111111112,1.0,0.903859917582436,0.8571428571428571,1.0,0.9,1.0,0.9571428600166525,0.9410760632412041,0.9649402499198914,1.0,1.0,0,0,0.0,35
whitevan,elhigh-radnear-az090,high,near,90,5,5,1,0.84,1.0,0.9130434782608695,0.9090909090909091,1.0,0.9523809523809523,0.8984126984126984,1.0,0.9416666666666667,1.0,0.9333841287945944,0.95,1.0,0.9714285714285713,1.0,0.9425000002980232,0.9042438221471052,0.9586598515510559,1.0,1.0,0,0,0.0,41
whitevan,elhigh-radnear-az135,high,near,135,2,2,1,0.6,1.0,0.75,0.5,1.0,0.6666666666666666,0.7777777777777778,1.0,0.8571428571428572,1.0,0.9568888917929596,0.6666666666666666,1.0,0.75,1.0,1.0,0.953739291718934,0.967092901468277,1.0,1.0,0,0,0.0,6
whitevan,elhigh-radnear-az180,high,near,180,1,1,1,0.17391304347826086,1.0,0.2962962962962963,1.0,1.0,1.0,0.17391304347826086,1.0,0.29629629629629634,1.0,0.9532608695328235,1.0,1.0,1.0,1.0,1.0,0.9549782395508544,0.967491865158081,1.0,1.0,0,0,0.0,5
whitevan,elhigh-radnear-az225,high,near,225,4,4,1,0.8421052631578947,1.0,0.9142857142857143,0.75,1.0,0.8571428571428571,0.8869047619047619,1.0,0.9356060606060606,1.0,0.9534047633375795,0.875,1.0,0.9166666666666666,1.0,1.0,0.9363883786317961,0.9678919166326523,1.0,1.0,0,0,0.0,19
whitevan,elhigh-radnear-az270,high,near,270,4,4,1,0.8260869565217391,0.95,0.8837209302325582,1.0,1.0,1.0,0.8444444444444444,0.9375,0.8854166666666666,0.9562500007450581,0.8839494068291748,1.0,1.0,1.0,1.0,0.9625,0.932025124974154,0.9565556794404984,1.0,1.0,0,0,0.0,34
whitevan,elhigh-radnear-az315,high,near,315,3,3,1,0.32,0.8888888888888888,0.47058823529411764,1.0,1.0,1.0,0.5277777777777778,0.9166666666666666,0.625,0.9104166676600774,0.8552777784876525,1.0,1.0,1.0,1.0,0.9666666666666667,0.9349081558865014,0.9643377264340719,1.0,1.0,0,0,0.0,29
whitevan,elhigh-radmid-az000,high,mid,0,6,6,1,0.5918367346938775,0.9666666666666667,0.7341772151898734,1.0,1.0,1.0,0.6531616531616532,0.9761904761904762,0.7503223871644925,0.9816849828039333,0.8477777108554809,1.0,1.0,1.0,1.0,0.9833333333333334,0.9143024557071234,0.9503990809122721,1.0,1.0,0,0,0.0,27
whitevan,elhigh-radmid-az045,high,mid,45,2,2,1,0.36363636363636365,0.8,0.5,1.0,1.0,1.0,0.5625,0.75,0.6,0.765625,0.765625,1.0,1.0,1.0,1.0,1.0,0.9391993788613906,0.9622324109077454,1.0,1.0,0,0,0.0,17
whitevan,elhigh-radmid-az090,high,mid,90,1,1,1,1.0,1.0,1.0,1.0,1.0,1.0,1.0,1.0,1.0,1.0,0.9,1.0,1.0,1.0,1.0,0.9,0.8865106577582615,0.9341191649436951,1.0,1.0,0,0,0.0,46
whitevan,elhigh-radmid-az135,high,mid,135,4,4,1,0.7307692307692307,1.0,0.8444444444444444,1.0,1.0,1.0,0.7986111111111112,1.0,0.8681318681318682,0.9875000007450581,0.9256875007702038,1.0,1.0,1.0,1.0,0.9638888897167311,0.9272599312657759,0.9654943346977234,1.0,1.0,0,0,0.0,32
whitevan,elhigh-radmid-az180,high,mid,180,4,4,1,0.8333333333333334,1.0,0.9090909090909091,1.0,1.0,1.0,0.90625,1.0,0.9423076923076923,1.0,0.9447604177072644,1.0,1.0,1.0,1.0,0.9694444448583656,0.9173240913676288,0.9554962068796158,1.0,1.0,0,0,0.0,28
whitevan,elhigh-radmid-az225,high,mid,225,1,1,1,0.5714285714285714,1.0,0.7272727272727273,1.0,1.0,1.0,0.5714285714285714,1.0,0.7272727272727273,0.9500000029802322,0.7513095257803798,1.0,1.0,1.0,1.0,1.0,0.9254439844718192,0.9512985944747925,1.0,1.0,0,0,0.0,25
whitevan,elhigh-radmid-az270,high,mid,270,3,3,1,1.0,1.0,1.0,1.0,1.0,1.0,1.0,1.0,1.0,1.0,0.984375,1.0,1.0,1.0,1.0,1.0,0.9332675313039142,0.9632155895233154,1.0,1.0,0,0,0.0,23
whitevan,elhigh-radmid-az315,high,mid,315,2,2,1,0.6,1.0,0.75,1.0,1.0,1.0,0.7777777777777778,1.0,0.8571428571428572,1.0,0.9177777815610171,1.0,1.0,1.0,1.0,0.95,0.9132191281870554,0.9503551721572876,1.0,1.0,0,0,0.0,38
whitevan,elhigh-radfar-az000,high,far,0,5,5,1,0.7777777777777778,1.0,0.875,1.0,1.0,1.0,0.8621212121212121,1.0,0.9157894736842106,1.0,0.8997925715999944,1.0,1.0,1.0,1.0,0.9268750000000001,0.8989825376429778,0.9439011454582215,1.0,1.0,0,0,0.0,43
whitevan,elhigh-radfar-az045,high,far,45,2,2,1,1.0,1.0,1.0,1.0,1.0,1.0,1.0,1.0,1.0,1.0,1.0,1.0,1.0,1.0,1.0,1.0,0.9403476267325193,0.964904248714447,1.0,1.0,0,0,0.0,16
whitevan,elhigh-radfar-az090,high,far,90,4,4,1,0.71875,1.0,0.8363636363636363,0.875,1.0,0.9333333333333333,0.8125,1.0,0.8842105263157894,1.0,0.9187996051346676,0.9375,1.0,0.9642857142857143,1.0,0.965625,0.9142969106259713,0.9527164697647095,1.0,1.0,0,0,0.0,30
whitevan,elhigh-radfar-az135,high,far,135,1,1,1,1.0,1.0,1.0,1.0,1.0,1.0,1.0,1.0,1.0,1.0,0.925,1.0,1.0,1.0,1.0,1.0,0.9359188534106977,0.9641798734664917,1.0,1.0,0,0,0.0,21
whitevan,elhigh-radfar-az180,high,far,180,2,2,1,0.4230769230769231,0.8461538461538461,0.5641025641025641,0.4444444444444444,1.0,0.6153846153846154,0.5150375939849624,0.875,0.6388888888888888,0.8947368413209915,0.8350755030026749,0.6875,1.0,0.7727272727272727,1.0,0.95,0.9088214561637376,0.9524867236614227,1.0,1.0,0,0,0.0,39
whitevan,elhigh-radfar-az225,high,far,225,2,2,1,0.38461538461538464,0.9090909090909091,0.5405405405405406,1.0,1.0,1.0,0.5416666666666667,0.9166666666666667,0.6468531468531469,0.8958333320915699,0.8562500035514434,1.0,1.0,1.0,1.0,0.95,0.9193990729115331,0.9508123993873596,1.0,1.0,0,0,0.0,37
whitevan,elhigh-radfar-az270,high,far,270,4,4,1,0.5,0.9130434782608695,0.6461538461538462,1.0,1.0,1.0,0.706656346749226,0.9545454545454546,0.7804347826086957,0.9653110040004174,0.9021852423082217,1.0,1.0,1.0,1.0,1.0,0.9151532878648414,0.952537477016449,1.0,1.0,0,0,0.0,26
