scene_key,file_name,target_class,distractor_count,view_clutter_group,num_label_boxes,num_target_class_boxes,target_visible,target_detected,target_ap50_95,target_strict_quality_iou50,target_match_confidence_iou50
S0-SM_barrel_1,S0-SM_barrel_1-elhigh-radfar-az270.png,barrel,3,1-4,4,1,1,1,0.9,0.7210195804470629,0.7838432192802429
S0-SM_barrel_1,S0-SM_barrel_1-elhigh-radmid-az045.png,barrel,3,1-4,4,1,1,1,0.6,0.5928629394154044,0.7839311361312866
S0-SM_barrel_1,S0-SM_barrel_1-elhigh-radnear-az090.png,barrel,3,1-4,4,1,1,1,0.8,0.7197477012297604,0.8409633040428162
S0-SM_barrel_1,S0-SM_barrel_1-ellow-radfar-az135.png,barrel,3,1-4,4,1,1,1,0.8,0.6952369304719035,0.7841070294380188
S0-SM_barrel_1,S0-SM_barrel_1-ellow-radmid-az135.png,barrel,6,5-9,7,1,1,1,0.8,0.7424794234530765,0.8336092233657837
S0-SM_barrel_1,S0-SM_barrel_1-ellow-radnear-az090.png,barrel,23,10+,24,1,1,1,1.0,0.8696051268801597,0.8939145803451538
S0-SM_barrel_1,S0-SM_barrel_1-ellow-radnear-az135.png,barrel,20,10+,21,1,1,1,0.8,0.7902033012941416,0.8987376689910889
S0-SM_barrel_1,S0-SM_barrel_1-ellow-radnear-az270.png,barrel,31,10+,32,1,1,1,0.9,0.7445566805165171,0.7919004559516907
S0-SM_barrel_1,S0-SM_barrel_1-elmid-radfar-az225.png,barrel,3,1-4,4,1,1,1,1.0,0.770657237116577,0.8063291907310486
S0-SM_barrel_1,S0-SM_barrel_1-elmid-radmid-az090.png,barrel,3,1-4,4,1,1,1,0.7,0.712026533706343,0.8461145162582397
S0-SM_barrel_10,S0-SM_barrel_10-elhigh-radnear-az090.png,barrel,7,5-9,9,2,1,1,0.8,0.7357144434853957,0.8629654049873352
S0-SM_barrel_10,S0-SM_barrel_10-ellow-radfar-az000.png,barrel,10,10+,12,2,1,1,0.7375,0.7270688588740484,0.8588598966598511
S0-SM_barrel_10,S0-SM_barrel_10-ellow-radfar-az180.png,barrel,16,10+,18,2,1,1,0.675,0.7389912149866511,0.81378573179245
S0-SM_barrel_10,S0-SM_barrel_10-ellow-radmid-az090.png,barrel,1,1-4,1,0,0,0,0.0,0.0,0.0
S0-SM_barrel_10,S0-SM_barrel_10-ellow-radnear-az225.png,barrel,29,10+,31,2,1,1,0.93125,0.8603070242446513,0.9245221018791199
S0-SM_barrel_10,S0-SM_barrel_10-elmid-radfar-az225.png,barrel,11,10+,13,2,1,1,0.7666666671633721,0.7139757125031991,0.8412536382675171
S0-SM_barrel_10,S0-SM_barrel_10-elmid-radfar-az270.png,barrel,9,5-9,11,2,1,1,0.6333333343267441,0.7207770094885859,0.8388461470603943
S0-SM_barrel_10,S0-SM_barrel_10-elmid-radmid-az000.png,barrel,10,10+,12,2,1,1,0.775,0.6918937595956578,0.8357794284820557
S0-SM_barrel_10,S0-SM_barrel_10-elmid-radmid-az180.png,barrel,6,5-9,7,1,1,1,0.4,0.5795380812899964,0.8350694179534912
S0-SM_barrel_11,S0-SM_barrel_11-elhigh-radmid-az000.png,barrel,10,10+,12,2,1,1,0.775,0.69523221588301,0.8297849297523499
S0-SM_barrel_11,S0-SM_barrel_11-elhigh-radmid-az045.png,barrel,9,5-9,11,2,1,1,0.7,0.6938982793427435,0.8443724513053894
S0-SM_barrel_11,S0-SM_barrel_11-elhigh-radmid-az270.png,barrel,10,10+,12,2,1,1,0.658333333581686,0.6450013614277914,0.8021827340126038
S0-SM_barrel_11,S0-SM_barrel_11-elhigh-radnear-az270.png,barrel,8,5-9,10,2,1,1,0.8375,0.7219290651395056,0.8096263408660889
S0-SM_barrel_11,S0-SM_barrel_11-ellow-radnear-az180.png,barrel,30,10+,33,3,1,1,0.6476190652166093,0.8707749251791697,0.8890083432197571
S0-SM_barrel_11,S0-SM_barrel_11-elmid-radmid-az000.png,barrel,9,5-9,11,2,1,1,0.8,0.7374701788498896,0.8550662994384766
S0-SM_barrel_11,S0-SM_barrel_11-elmid-radmid-az315.png,barrel,10,10+,12,2,1,1,0.8,0.7482570668601483,0.8327338695526123
S0-SM_barrel_12,S0-SM_barrel_12-elhigh-radmid-az000.png,barrel,3,1-4,7,4,1,1,0.80625,0.7976457424245886,0.8429327607154846
S0-SM_barrel_12,S0-SM_barrel_12-elhigh-radmid-az180.png,barrel,4,1-4,8,4,1,1,0.826041667163372,0.7789897981249396,0.8380527496337891
S0-SM_barrel_12,S0-SM_barrel_12-elhigh-radmid-az315.png,barrel,4,1-4,8,4,1,1,0.684375,0.7194501350527815,0.8269653916358948
S0-SM_barrel_12,S0-SM_barrel_12-ellow-radfar-az045.png,barrel,2,1-4,3,1,1,1,0.8,0.7825016127540962,0.8812126517295837
S0-SM_barrel_12,S0-SM_barrel_12-ellow-radfar-az135.png,barrel,18,10+,21,3,1,1,0.8666666686534882,0.7710581972183874,0.8528679013252258
S0-SM_barrel_12,S0-SM_barrel_12-ellow-radmid-az135.png,barrel,21,10+,23,2,1,1,0.8375,0.7663304420773045,0.8929102420806885
S0-SM_barrel_12,S0-SM_barrel_12-ellow-radnear-az090.png,barrel,30,10+,32,2,1,1,1.0,0.9001642757389838,0.940643846988678
S0-SM_barrel_12,S0-SM_barrel_12-elmid-radnear-az090.png,barrel,1,1-4,3,2,1,1,0.925,0.8419488284512369,0.8854564428329468
S0-SM_barrel_13,S0-SM_barrel_13-elhigh-radmid-az090.png,barrel,5,5-9,7,2,1,1,0.575,0.6261310380611178,0.8690187931060791
S0-SM_barrel_13,S0-SM_barrel_13-elhigh-radnear-az135.png,barrel,4,1-4,8,4,1,1,0.7375,0.6943879353805755,0.8332582116127014
S0-SM_barrel_13,S0-SM_barrel_13-ellow-radfar-az225.png,barrel,12,10+,16,4,1,1,0.6809523835778236,0.6531834033912958,0.8318741321563721
S0-SM_barrel_13,S0-SM_barrel_13-ellow-radfar-az315.png,barrel,6,5-9,10,4,1,1,0.765625,0.7809726318011201,0.8437610864639282
S0-SM_barrel_13,S0-SM_barrel_13-ellow-radmid-az000.png,barrel,2,1-4,4,2,1,1,0.8,0.7470677466332489,0.8665536046028137
S0-SM_barrel_13,S0-SM_barrel_13-ellow-radnear-az225.png,barrel,8,5-9,12,4,1,1,0.896875,0.8853429161840936,0.9347510933876038
S0-SM_barrel_13,S0-SM_barrel_13-elmid-radfar-az135.png,barrel,7,5-9,11,4,1,1,0.7083333343267441,0.7618556809508092,0.8655434250831604
S0-SM_barrel_13,S0-SM_barrel_13-elmid-radfar-az225.png,barrel,12,10+,16,4,1,1,0.8270833335816861,0.7219980050268369,0.8488983511924744
S0-SM_barrel_13,S0-SM_barrel_13-elmid-radmid-az000.png,barrel,3,1-4,7,4,1,1,0.878125,0.7963562242319071,0.8636680841445923
S0-SM_barrel_13,S0-SM_barrel_13-elmid-radmid-az225.png,barrel,8,5-9,12,4,1,1,0.79375,0.7435977037712931,0.8613647222518921
S0-SM_barrel_13,S0-SM_barrel_13-elmid-radnear-az315.png,barrel,2,1-4,6,4,1,1,0.921875,0.8239599149939778,0.8874876499176025
S0-SM_barrel_14,S0-SM_barrel_14-ellow-radfar-az135.png,barrel,14,10+,18,4,1,1,0.703125,0.7475566225519898,0.8540698289871216
S0-SM_barrel_14,S0-SM_barrel_14-ellow-radnear-az000.png,barrel,3,1-4,6,3,1,1,0.9,0.8612359186219294,0.9091528654098511
S0-SM_barrel_14,S0-SM_barrel_14-ellow-radnear-az270.png,barrel,3,1-4,6,3,1,1,0.9133333360155422,0.8975281293621009,0.9320191144943237
S0-SM_barrel_14,S0-SM_barrel_14-elmid-radfar-az045.png,barrel,4,1-4,8,4,1,1,0.746875,0.7735322119447687,0.8674769401550293
S0-SM_barrel_14,S0-SM_barrel_14-elmid-radfar-az090.png,barrel,5,5-9,9,4,1,1,0.6750000011175871,0.7907951617828601,0.8328645825386047
S0-SM_barrel_14,S0-SM_barrel_14-elmid-radmid-az180.png,barrel,5,5-9,9,4,1,1,0.84375,0.8035607943386935,0.8737897872924805
S0-SM_barrel_14,S0-SM_barrel_14-elmid-radmid-az270.png,barrel,5,5-9,8,3,1,1,0.8777777794334624,0.7728300422021235,0.8576399683952332
S0-SM_barrel_14,S0-SM_barrel_14-elmid-radmid-az315.png,barrel,5,5-9,9,4,1,1,0.85,0.8151878357526314,0.8815895318984985
S0-SM_barrel_14,S0-SM_barrel_14-elmid-radnear-az270.png,barrel,3,1-4,6,3,1,1,0.7777777809235784,0.7438559599518157,0.8893471956253052
S0-SM_barrel_15,S0-SM_barrel_15-elhigh-radfar-az090.png,barrel,6,5-9,7,1,1,1,0.6,0.5523945467493974,0.7363868951797485
S0-SM_barrel_15,S0-SM_barrel_15-elhigh-radmid-az045.png,barrel,5,5-9,9,4,1,1,0.620833333581686,0.6517117710116942,0.8724834322929382
S0-SM_barrel_15,S0-SM_barrel_15-elhigh-radmid-az180.png,barrel,6,5-9,10,4,1,1,0.671875,0.7146130016331682,0.8549164533615112
S0-SM_barrel_15,S0-SM_barrel_15-elhigh-radnear-az180.png,barrel,6,5-9,10,4,1,1,0.820833333581686,0.7739498160523723,0.8550604581832886
S0-SM_barrel_15,S0-SM_barrel_15-ellow-radmid-az270.png,barrel,3,1-4,6,3,1,1,0.946666670044263,0.8863610239483641,0.927304208278656
S0-SM_barrel_15,S0-SM_barrel_15-ellow-radnear-az000.png,barrel,1,1-4,3,2,1,1,0.9,0.8344013652846058,0.898968517780304
S0-SM_barrel_15,S0-SM_barrel_15-ellow-radnear-az090.png,barrel,21,10+,25,4,1,1,0.6107142876833678,0.8496616509297183,0.8796665072441101
S0-SM_barrel_15,S0-SM_barrel_15-ellow-radnear-az135.png,barrel,16,10+,20,4,1,1,0.8362500004470348,0.8200342121454369,0.894161581993103
S0-SM_barrel_15,S0-SM_barrel_15-elmid-radmid-az000.png,barrel,5,5-9,8,3,1,1,0.805555557873514,0.7701348231764982,0.8758214116096497
S0-SM_barrel_15,S0-SM_barrel_15-elmid-radnear-az270.png,barrel,2,1-4,4,2,1,1,0.7375,0.7594142115154838,0.8981398940086365
S0-SM_barrel_16,S0-SM_barrel_16-elhigh-radfar-az180.png,barrel,6,5-9,7,1,1,1,0.9,0.7498351664030096,0.8021355271339417
S0-SM_barrel_16,S0-SM_barrel_16-elhigh-radfar-az270.png,barrel,7,5-9,8,1,1,1,0.8,0.659117614410647,0.7594624161720276
S0-SM_barrel_16,S0-SM_barrel_16-elhigh-radmid-az090.png,barrel,7,5-9,9,2,1,1,0.7,0.6710782148973777,0.8311002254486084
S0-SM_barrel_16,S0-SM_barrel_16-elhigh-radnear-az000.png,barrel,6,5-9,7,1,1,1,0.8,0.6888542379039109,0.8099997043609619
S0-SM_barrel_16,S0-SM_barrel_16-elhigh-radnear-az225.png,barrel,3,1-4,4,1,1,1,0.6,0.6290193850321089,0.8037514686584473
S0-SM_barrel_16,S0-SM_barrel_16-ellow-radfar-az270.png,barrel,4,1-4,4,0,0,0,0.0,0.0,0.0
S0-SM_barrel_16,S0-SM_barrel_16-ellow-radmid-az000.png,barrel,21,10+,21,0,0,0,0.0,0.0,0.0
S0-SM_barrel_16,S0-SM_barrel_16-ellow-radnear-az090.png,barrel,8,5-9,10,2,1,1,0.8625,0.8295472586863042,0.900147020816803
S0-SM_barrel_17,S0-SM_barrel_17-elhigh-radmid-az180.png,barrel,7,5-9,9,2,1,1,0.7,0.6843307664581744,0.8140897750854492
S0-SM_barrel_17,S0-SM_barrel_17-elhigh-radmid-az270.png,barrel,8,5-9,9,1,1,1,0.7,0.6494846793115983,0.8075883984565735
S0-SM_barrel_17,S0-SM_barrel_17-ellow-radfar-az045.png,barrel,29,10+,30,1,1,1,0.8,0.6830125925068842,0.7995796203613281
S0-SM_barrel_17,S0-SM_barrel_17-ellow-radfar-az270.png,barrel,7,5-9,7,0,0,0,0.0,0.0,0.0
S0-SM_barrel_17,S0-SM_barrel_17-ellow-radmid-az045.png,barrel,26,10+,27,1,1,1,0.8,0.7564038521215011,0.8515864610671997
S0-SM_barrel_17,S0-SM_barrel_17-ellow-radnear-az000.png,barrel,7,5-9,7,0,0,0,0.0,0.0,0.0
S0-SM_barrel_17,S0-SM_barrel_17-elmid-radfar-az090.png,barrel,7,5-9,8,1,1,1,0.6,0.6115803375540807,0.7804728746414185
S0-SM_barrel_17,S0-SM_barrel_17-elmid-radmid-az090.png,barrel,6,5-9,7,1,1,1,0.8,0.7341694836151795,0.8341562151908875
S0-SM_barrel_17,S0-SM_barrel_17-elmid-radnear-az045.png,barrel,3,1-4,4,1,1,1,0.8,0.7759769670251657,0.8726874589920044
S0-SM_barrel_17,S0-SM_barrel_17-elmid-radnear-az225.png,barrel,5,5-9,6,1,1,1,0.9,0.797081332070622,0.8655728697776794
S0-SM_barrel_18,S0-SM_barrel_18-elhigh-radfar-az135.png,barrel,2,1-4,3,1,1,1,0.8,0.6113819963685536,0.7096485495567322
S0-SM_barrel_18,S0-SM_barrel_18-elhigh-radfar-az225.png,barrel,3,1-4,5,2,1,1,0.47500000074505805,0.5482927501633483,0.714583694934845
S0-SM_barrel_18,S0-SM_barrel_18-elhigh-radmid-az135.png,barrel,2,1-4,4,2,1,1,0.37916666753590106,0.6478357859107149,0.7660590410232544
S0-SM_barrel_18,S0-SM_barrel_18-ellow-radfar-az000.png,barrel,23,10+,25,2,1,1,0.854166666790843,0.8356025820243147,0.8964236378669739
S0-SM_barrel_18,S0-SM_barrel_18-ellow-radmid-az225.png,barrel,18,10+,20,2,1,1,0.716666667163372,0.7476102233328064,0.8436590433120728
S0-SM_barrel_18,S0-SM_barrel_18-ellow-radnear-az225.png,barrel,18,10+,20,2,1,1,0.78125,0.8742961433376095,0.9048136472702026
S0-SM_barrel_18,S0-SM_barrel_18-elmid-radmid-az270.png,barrel,3,1-4,5,2,1,1,0.525,0.7010539076988707,0.8404658436775208
S0-SM_barrel_18,S0-SM_barrel_18-elmid-radmid-az315.png,barrel,2,1-4,4,2,1,1,0.775,0.6908093783445466,0.8396915197372437
S0-SM_barrel_18,S0-SM_barrel_18-elmid-radnear-az135.png,barrel,2,1-4,4,2,1,1,0.9100000001490116,0.8414552679648217,0.8710120320320129
S0-SM_barrel_19,S0-SM_barrel_19-elhigh-radfar-az090.png,barrel,3,1-4,5,2,1,1,0.7300000000745058,0.7118197277620908,0.8400526642799377
S0-SM_barrel_19,S0-SM_barrel_19-elhigh-radfar-az315.png,barrel,4,1-4,6,2,1,1,0.8125,0.764204805997192,0.8052944540977478
S0-SM_barrel_19,S0-SM_barrel_19-elhigh-radnear-az270.png,barrel,3,1-4,4,1,1,1,0.7,0.7004514683255536,0.8434179425239563
S0-SM_barrel_19,S0-SM_barrel_19-ellow-radfar-az000.png,barrel,29,10+,31,2,1,1,0.66875,0.7451860520551996,0.8344094157218933
S0-SM_barrel_19,S0-SM_barrel_19-ellow-radfar-az045.png,barrel,9,5-9,11,2,1,1,0.4875,0.6409130435279558,0.8073862195014954
S0-SM_barrel_19,S0-SM_barrel_19-ellow-radfar-az270.png,barrel,20,10+,22,2,1,1,0.6,0.6434143327855324,0.8389841318130493
S0-SM_barrel_19,S0-SM_barrel_19-ellow-radmid-az045.png,barrel,15,10+,17,2,1,1,0.565625,0.7427997912709188,0.8584572076797485
S0-SM_barrel_19,S0-SM_barrel_19-ellow-radmid-az225.png,barrel,14,10+,16,2,1,1,0.758333333581686,0.7711759699132159,0.8785010576248169
S0-SM_barrel_19,S0-SM_barrel_19-elmid-radfar-az135.png,barrel,3,1-4,5,2,1,1,0.075,0.4294657175999532,0.7911367416381836
S0-SM_barrel_2,S0-SM_barrel_2-elhigh-radmid-az135.png,barrel,3,1-4,4,1,1,1,0.7,0.6587058528872163,0.8146165609359741
S0-SM_barrel_2,S0-SM_barrel_2-elhigh-radnear-az315.png,barrel,3,1-4,4,1,1,1,0.7,0.6814657992028899,0.8404015302658081
S0-SM_barrel_2,S0-SM_barrel_2-ellow-radfar-az225.png,barrel,4,1-4,5,1,1,1,0.5,0.5711065971059739,0.7949925661087036
S0-SM_barrel_2,S0-SM_barrel_2-ellow-radfar-az270.png,barrel,21,10+,21,0,0,0,0.0,0.0,0.0
S0-SM_barrel_2,S0-SM_barrel_2-ellow-radfar-az315.png,barrel,5,5-9,5,0,0,0,0.0,0.0,0.0
S0-SM_barrel_2,S0-SM_barrel_2-ellow-radmid-az180.png,barrel,5,5-9,5,0,0,0,0.0,0.0,0.0
S0-SM_barrel_2,S0-SM_barrel_2-ellow-radnear-az000.png,barrel,5,5-9,6,1,1,1,0.9,0.8452909557036854,0.898469865322113
S0-SM_barrel_2,S0-SM_barrel_2-elmid-radfar-az045.png,barrel,4,1-4,5,1,1,1,0.8,0.7309667700202169,0.8310649991035461
S0-SM_barrel_2,S0-SM_barrel_2-elmid-radfar-az090.png,barrel,3,1-4,4,1,1,1,0.7,0.6892596474973303,0.8195125460624695
S0-SM_barrel_2,S0-SM_barrel_2-elmid-radfar-az225.png,barrel,3,1-4,4,1,1,1,0.9,0.7515894601805684,0.8099022507667542
S0-SM_barrel_2,S0-SM_barrel_2-elmid-radmid-az225.png,barrel,3,1-4,4,1,1,1,0.6,0.6544492271792137,0.8460526466369629
S0-SM_barrel_2,S0-SM_barrel_2-elmid-radnear-az045.png,barrel,3,1-4,4,1,1,1,0.9,0.7809960756522436,0.8659003376960754
S0-SM_barrel_2,S0-SM_barrel_2-elmid-radnear-az090.png,barrel,3,1-4,4,1,1,1,0.8,0.7429655164618794,0.8654227256774902
S0-SM_barrel_2,S0-SM_barrel_2-elmid-radnear-az225.png,barrel,3,1-4,4,1,1,1,0.8,0.7602673026634754,0.8648958802223206
S0-SM_barrel_20,S0-SM_barrel_20-elhigh-radmid-az270.png,barrel,7,5-9,8,1,1,1,0.6,0.6424156107867951,0.8137688040733337
S0-SM_barrel_20,S0-SM_barrel_20-elhigh-radnear-az315.png,barrel,5,5-9,7,2,1,1,0.7625,0.7303716481833185,0.8217177987098694
S0-SM_barrel_20,S0-SM_barrel_20-ellow-radfar-az000.png,barrel,15,10+,17,2,1,1,0.525,0.6907488728927333,0.8340479135513306
S0-SM_barrel_20,S0-SM_barrel_20-ellow-radfar-az225.png,barrel,1,1-4,1,0,0,0,0.0,0.0,0.0
S0-SM_barrel_20,S0-SM_barrel_20-ellow-radmid-az045.png,barrel,14,10+,16,2,1,1,0.75625,0.7742338137180127,0.8684048056602478
S0-SM_barrel_20,S0-SM_barrel_20-elmid-radfar-az180.png,barrel,5,5-9,6,1,1,1,0.6,0.6537628711133721,0.8458847999572754
S0-SM_barrel_20,S0-SM_barrel_20-elmid-radfar-az315.png,barrel,9,5-9,11,2,1,1,0.716666667163372,0.7201036946884471,0.832405149936676
S0-SM_barrel_20,S0-SM_barrel_20-elmid-radmid-az000.png,barrel,11,10+,13,2,1,1,0.816666667163372,0.7971033192301391,0.8290773630142212
S0-SM_barrel_20,S0-SM_barrel_20-elmid-radnear-az135.png,barrel,4,1-4,5,1,1,1,1.0,0.8439359534883373,0.8702009320259094
S0-SM_barrel_20,S0-SM_barrel_20-elmid-radnear-az180.png,barrel,3,1-4,4,1,1,1,0.8,0.7584491434906582,0.8543983101844788
S0-SM_barrel_21,S0-SM_barrel_21-elhigh-radfar-az000.png,barrel,8,5-9,9,1,1,1,0.8,0.6789681384816468,0.7662369608879089
S0-SM_barrel_21,S0-SM_barrel_21-elhigh-radmid-az225.png,barrel,11,10+,12,1,1,1,0.6,0.6473322198046816,0.8282104134559631
S0-SM_barrel_21,S0-SM_barrel_21-elhigh-radnear-az270.png,barrel,7,5-9,8,1,1,1,0.8,0.6999853509955543,0.8158513307571411
S0-SM_barrel_21,S0-SM_barrel_21-ellow-radfar-az000.png,barrel,3,1-4,3,0,0,0,0.0,0.0,0.0
S0-SM_barrel_21,S0-SM_barrel_21-ellow-radfar-az180.png,barrel,11,10+,13,2,1,1,0.525,0.6508480747087511,0.7962588667869568
S0-SM_barrel_21,S0-SM_barrel_21-ellow-radnear-az045.png,barrel,12,10+,13,1,1,1,0.9,0.8328028232653466,0.8941506147384644
S0-SM_barrel_21,S0-SM_barrel_21-ellow-radnear-az270.png,barrel,2,1-4,3,1,1,1,0.9,0.835887248149163,0.8850893974304199
S0-SM_barrel_21,S0-SM_barrel_21-elmid-radfar-az090.png,barrel,18,10+,19,1,1,1,0.8,0.7646645261676142,0.8596784472465515
S0-SM_barrel_21,S0-SM_barrel_21-elmid-radmid-az000.png,barrel,6,5-9,7,1,1,1,0.9,0.771249567547585,0.8452466130256653
S0-SM_barrel_21,S0-SM_barrel_21-elmid-radmid-az045.png,barrel,8,5-9,9,1,1,1,0.7,0.709256168098463,0.8526197671890259
S0-SM_barrel_21,S0-SM_barrel_21-elmid-radmid-az180.png,barrel,13,10+,15,2,1,1,0.8,0.7524378686190829,0.8402044773101807
S0-SM_barrel_21,S0-SM_barrel_21-elmid-radmid-az270.png,barrel,8,5-9,9,1,1,1,0.9,0.775101628767203,0.8568388223648071
S0-SM_barrel_3,S0-SM_barrel_3-elhigh-radfar-az225.png,barrel,4,1-4,5,1,1,1,0.7,0.6582441980858533,0.7919585704803467
S0-SM_barrel_3,S0-SM_barrel_3-elhigh-radmid-az180.png,barrel,4,1-4,5,1,1,1,0.6,0.6474141586644322,0.8157002925872803
S0-SM_barrel_3,S0-SM_barrel_3-ellow-radfar-az135.png,barrel,20,10+,20,0,0,0,0.0,0.0,0.0
S0-SM_barrel_3,S0-SM_barrel_3-ellow-radmid-az000.png,barrel,4,1-4,5,1,1,1,0.7,0.7273813720337863,0.8696511387825012
S0-SM_barrel_3,S0-SM_barrel_3-ellow-radmid-az045.png,barrel,8,5-9,8,0,0,0,0.0,0.0,0.0
S0-SM_barrel_3,S0-SM_barrel_3-ellow-radnear-az045.png,barrel,3,1-4,3,0,0,0,0.0,0.0,0.0
S0-SM_barrel_3,S0-SM_barrel_3-ellow-radnear-az180.png,barrel,16,10+,17,1,1,1,0.9,0.8068349198759925,0.8799893260002136
S0-SM_barrel_3,S0-SM_barrel_3-elmid-radmid-az270.png,barrel,3,1-4,4,1,1,1,0.7,0.7004900209797427,0.8374295234680176
S0-SM_barrel_3,S0-SM_barrel_3-elmid-radnear-az180.png,barrel,3,1-4,4,1,1,1,1.0,0.8205539977645913,0.8569204211235046
S0-SM_barrel_3,S0-SM_barrel_3-elmid-radnear-az315.png,barrel,2,1-4,3,1,1,1,0.9,0.8124765648357624,0.8653852939605713
S0-SM_barrel_4,S0-SM_barrel_4-elhigh-radfar-az180.png,barrel,1,1-4,4,3,1,1,0.522222232984172,0.7540234268254551,0.8301306366920471
S0-SM_barrel_4,S0-SM_barrel_4-elhigh-radnear-az135.png,barrel,1,1-4,2,1,1,1,0.8,0.7032060659612718,0.8043424487113953
S0-SM_barrel_4,S0-SM_barrel_4-ellow-radfar-az000.png,barrel,5,5-9,8,3,1,1,0.7250000022351741,0.7091601480512821,0.8466606736183167
S0-SM_barrel_4,S0-SM_barrel_4-ellow-radmid-az045.png,barrel,5,5-9,9,4,1,1,0.7645833335816861,0.8588387556472874,0.9213637709617615
S0-SM_barrel_4,S0-SM_barrel_4-ellow-radmid-az270.png,barrel,12,10+,15,3,1,1,0.5564814874971354,0.6887568684458039,0.8625221848487854
S0-SM_barrel_4,S0-SM_barrel_4-ellow-radnear-az045.png,barrel,5,5-9,8,3,1,1,0.7000000059604645,0.8153166387863529,0.9159666895866394
S0-SM_barrel_4,S0-SM_barrel_4-ellow-radnear-az090.png,barrel,6,5-9,9,3,1,1,0.9133333360155422,0.9009891585755092,0.9473857283592224
S0-SM_barrel_4,S0-SM_barrel_4-ellow-radnear-az180.png,barrel,13,10+,15,2,1,1,0.9,0.8502012373153747,0.8986071348190308
S0-SM_barrel_4,S0-SM_barrel_4-ellow-radnear-az315.png,barrel,2,1-4,5,3,1,1,0.8194444449825419,0.8019473439856029,0.8963336944580078
S0-SM_barrel_4,S0-SM_barrel_4-elmid-radfar-az045.png,barrel,4,1-4,8,4,1,1,0.7875000002793968,0.776865264832935,0.8614858388900757
S0-SM_barrel_4,S0-SM_barrel_4-elmid-radfar-az225.png,barrel,1,1-4,3,2,1,1,0.8625,0.7551145394796528,0.8246211409568787
S0-SM_barrel_4,S0-SM_barrel_4-elmid-radmid-az045.png,barrel,3,1-4,6,3,1,1,0.7592592613840544,0.7628251095692384,0.8740506768226624
S0-SM_barrel_4,S0-SM_barrel_4-elmid-radmid-az135.png,barrel,1,1-4,2,1,1,1,0.9,0.8299292449612139,0.8867248892784119
S0-SM_barrel_4,S0-SM_barrel_4-elmid-radmid-az180.png,barrel,1,1-4,4,3,1,1,0.6833333350718022,0.7626102395805745,0.8493691682815552
S0-SM_barrel_4,S0-SM_barrel_4-elmid-radmid-az315.png,barrel,2,1-4,5,3,1,1,0.744444451812241,0.6690084466943702,0.8475968241691589
S0-SM_barrel_4,S0-SM_barrel_4-elmid-radnear-az090.png,barrel,1,1-4,2,1,1,1,0.9,0.7518158862620474,0.822599470615387
S0-SM_barrel_5,S0-SM_barrel_5-elhigh-radmid-az000.png,barrel,1,1-4,2,1,1,1,0.7,0.6673382843692366,0.8304319381713867
S0-SM_barrel_5,S0-SM_barrel_5-elhigh-radmid-az135.png,barrel,1,1-4,2,1,1,1,0.6,0.6386453377883718,0.8024752736091614
S0-SM_barrel_5,S0-SM_barrel_5-elhigh-radmid-az270.png,barrel,1,1-4,2,1,1,1,0.7,0.6712666042456554,0.8179684281349182
S0-SM_barrel_5,S0-SM_barrel_5-elhigh-radnear-az045.png,barrel,1,1-4,2,1,1,1,0.8,0.7123035355466456,0.8284043669700623
S0-SM_barrel_5,S0-SM_barrel_5-ellow-radfar-az180.png,barrel,18,10+,19,1,1,1,0.5,0.5917605605791607,0.7926511168479919
S0-SM_barrel_5,S0-SM_barrel_5-ellow-radmid-az180.png,barrel,21,10+,22,1,1,1,0.6,0.6681122305448071,0.8611894845962524
S0-SM_barrel_5,S0-SM_barrel_5-ellow-radnear-az045.png,barrel,0,0,1,1,1,1,0.9,0.8346387710372127,0.8874925374984741
S0-SM_barrel_5,S0-SM_barrel_5-elmid-radfar-az000.png,barrel,1,1-4,2,1,1,1,0.7,0.6814616568724219,0.828278124332428
S0-SM_barrel_5,S0-SM_barrel_5-elmid-radfar-az180.png,barrel,5,5-9,6,1,1,1,0.6,0.6442869342746391,0.8279370069503784
S0-SM_barrel_5,S0-SM_barrel_5-elmid-radmid-az090.png,barrel,0,0,1,1,1,1,0.8,0.7334617812655821,0.8248156905174255
S0-SM_barrel_5,S0-SM_barrel_5-elmid-radmid-az225.png,barrel,3,1-4,4,1,1,1,0.8,0.7229196177512698,0.8474430441856384
S0-SM_barrel_5,S0-SM_barrel_5-elmid-radmid-az315.png,barrel,3,1-4,4,1,1,1,0.8,0.7339496946078441,0.8364083766937256
S0-SM_barrel_6,S0-SM_barrel_6-elhigh-radfar-az045.png,barrel,2,1-4,5,3,1,1,0.6388888941870796,0.6118216001928829,0.8445103168487549
S0-SM_barrel_6,S0-SM_barrel_6-elhigh-radfar-az225.png,barrel,1,1-4,3,2,1,1,0.8625,0.7597126989689293,0.8318060040473938
S0-SM_barrel_6,S0-SM_barrel_6-elhigh-radmid-az000.png,barrel,2,1-4,5,3,1,1,0.7444444456034237,0.7101032261313378,0.8240078687667847
S0-SM_barrel_6,S0-SM_barrel_6-elhigh-radmid-az045.png,barrel,1,1-4,4,3,1,1,0.6095238125749997,0.6927554113527208,0.8316989541053772
S0-SM_barrel_6,S0-SM_barrel_6-elhigh-radmid-az090.png,barrel,2,1-4,4,2,1,1,0.5,0.5986520987005477,0.8290748000144958
S0-SM_barrel_6,S0-SM_barrel_6-elhigh-radmid-az135.png,barrel,1,1-4,2,1,1,1,0.6,0.6315670743537538,0.8186578154563904
S0-SM_barrel_6,S0-SM_barrel_6-elhigh-radnear-az225.png,barrel,1,1-4,2,1,1,1,1.0,0.7695916732569827,0.8091310858726501
S0-SM_barrel_6,S0-SM_barrel_6-ellow-radfar-az135.png,barrel,20,10+,23,3,1,1,0.45555556077096204,0.634305815177953,0.8134191036224365
S0-SM_barrel_6,S0-SM_barrel_6-ellow-radmid-az045.png,barrel,5,5-9,9,4,1,1,0.7847222231328488,0.8049582144231664,0.870061993598938
S0-SM_barrel_6,S0-SM_barrel_6-ellow-radnear-az000.png,barrel,3,1-4,5,2,1,1,0.958333333581686,0.8732095166840104,0.9060812592506409
S0-SM_barrel_6,S0-SM_barrel_6-ellow-radnear-az225.png,barrel,17,10+,19,2,1,1,0.8583333335816861,0.8536850367031796,0.9422780871391296
S0-SM_barrel_6,S0-SM_barrel_6-elmid-radfar-az135.png,barrel,2,1-4,4,2,1,1,0.553125,0.6702275812761727,0.8430353403091431
S0-SM_barrel_6,S0-SM_barrel_6-elmid-radnear-az000.png,barrel,1,1-4,4,3,1,1,0.911111115747028,0.761199950657911,0.8809545040130615
S0-SM_barrel_6,S0-SM_barrel_6-elmid-radnear-az090.png,barrel,1,1-4,4,3,1,1,0.8,0.7906342489227214,0.8811390995979309
S0-SM_barrel_6,S0-SM_barrel_6-elmid-radnear-az135.png,barrel,1,1-4,3,2,1,1,0.825,0.8063709549152058,0.8780516982078552
S0-SM_barrel_6,S0-SM_barrel_6-elmid-radnear-az225.png,barrel,1,1-4,2,1,1,1,0.4,0.5762818122734359,0.8440649509429932
S0-SM_barrel_7,S0-SM_barrel_7-elhigh-radmid-az135.png,barrel,1,1-4,2,1,1,1,0.8,0.7180210703247596,0.8301056623458862
S0-SM_barrel_7,S0-SM_barrel_7-elhigh-radnear-az000.png,barrel,1,1-4,4,3,1,1,0.7777777794334624,0.7459514140487222,0.8320634961128235
S0-SM_barrel_7,S0-SM_barrel_7-elhigh-radnear-az135.png,barrel,1,1-4,2,1,1,1,0.7,0.6653902924578681,0.8149430155754089
S0-SM_barrel_7,S0-SM_barrel_7-elhigh-radnear-az225.png,barrel,1,1-4,3,2,1,1,0.6625,0.6998252715100506,0.8416434526443481
S0-SM_barrel_7,S0-SM_barrel_7-ellow-radfar-az000.png,barrel,5,5-9,8,3,1,1,0.8083333360031247,0.7637661393582214,0.8458111882209778
S0-SM_barrel_7,S0-SM_barrel_7-ellow-radfar-az135.png,barrel,20,10+,22,2,1,1,0.8,0.7358631091510972,0.8332829475402832
S0-SM_barrel_7,S0-SM_barrel_7-ellow-radmid-az090.png,barrel,8,5-9,11,3,1,1,0.8111111140085591,0.8189883626940535,0.8920376896858215
S0-SM_barrel_7,S0-SM_barrel_7-ellow-radmid-az315.png,barrel,2,1-4,5,3,1,1,0.855555557873514,0.7567085428545504,0.867435872554779
S0-SM_barrel_7,S0-SM_barrel_7-ellow-radnear-az000.png,barrel,3,1-4,6,3,1,1,0.9444444456034237,0.8663745863387362,0.9082189202308655
S0-SM_barrel_7,S0-SM_barrel_7-ellow-radnear-az225.png,barrel,12,10+,14,2,1,1,0.9,0.8585259076861824,0.9202665686607361
S0-SM_barrel_7,S0-SM_barrel_7-ellow-radnear-az315.png,barrel,2,1-4,5,3,1,1,0.863888890710142,0.8388495584737541,0.9086331129074097
S0-SM_barrel_8,S0-SM_barrel_8-elhigh-radfar-az315.png,barrel,4,1-4,5,1,1,1,0.8,0.6491795206290973,0.744798481464386
S0-SM_barrel_8,S0-SM_barrel_8-elhigh-radmid-az225.png,barrel,4,1-4,5,1,1,1,0.6,0.6222809929884754,0.7873925566673279
S0-SM_barrel_8,S0-SM_barrel_8-elhigh-radnear-az180.png,barrel,3,1-4,4,1,1,1,0.7,0.687141642858478,0.8085174560546875
S0-SM_barrel_8,S0-SM_barrel_8-elhigh-radnear-az225.png,barrel,3,1-4,4,1,1,1,0.5,0.5706819069302753,0.7910172343254089
S0-SM_barrel_8,S0-SM_barrel_8-elhigh-radnear-az315.png,barrel,3,1-4,4,1,1,1,0.6,0.6471914268132082,0.8152600526809692
S0-SM_barrel_8,S0-SM_barrel_8-ellow-radfar-az135.png,barrel,3,1-4,4,1,1,1,0.5,0.6333929841604657,0.8456494808197021
S0-SM_barrel_8,S0-SM_barrel_8-ellow-radfar-az270.png,barrel,9,5-9,9,0,0,0,0.0,0.0,0.0
S0-SM_barrel_8,S0-SM_barrel_8-ellow-radmid-az090.png,barrel,17,10+,18,1,1,1,0.8,0.7709105613764322,0.8585576415061951
S0-SM_barrel_8,S0-SM_barrel_8-ellow-radmid-az135.png,barrel,3,1-4,4,1,1,1,0.7,0.7014317086687072,0.8603626489639282
S0-SM_barrel_8,S0-SM_barrel_8-elmid-radfar-az135.png,barrel,3,1-4,4,1,1,1,0.5,0.5653339949047265,0.7690514326095581
S0-SM_barrel_8,S0-SM_barrel_8-elmid-radmid-az000.png,barrel,1,1-4,2,1,1,1,0.9,0.7689883691908292,0.8332773447036743
S0-SM_container_1,S0-SM_container_1-elhigh-radfar-az090.png,container,3,1-4,4,1,1,1,1.0,0.9131117530499999,0.9527161717414856
S0-SM_container_1,S0-SM_container_1-elhigh-radfar-az135.png,container,3,1-4,4,1,1,1,1.0,0.9521780098456389,0.9670751094818115
S0-SM_container_1,S0-SM_container_1-ellow-radmid-az180.png,container,19,10+,23,4,1,1,0.2916666669771075,0.9282865995072243,0.9567360281944275
S0-SM_container_1,S0-SM_container_1-ellow-radmid-az315.png,container,0,0,1,1,1,1,1.0,0.9386163663770475,0.965864896774292
S0-SM_container_1,S0-SM_container_1-ellow-radnear-az000.png,container,0,0,1,1,1,1,1.0,0.9521142405632048,0.9729052782058716
S0-SM_container_1,S0-SM_container_1-elmid-radfar-az045.png,container,1,1-4,2,1,1,1,1.0,0.9206911905607384,0.967347264289856
S0-SM_container_1,S0-SM_container_1-elmid-radfar-az270.png,container,1,1-4,2,1,1,1,1.0,0.9222049174471465,0.9595850706100464
S0-SM_container_1,S0-SM_container_1-elmid-radmid-az000.png,container,0,0,1,1,1,1,1.0,0.9293428233961407,0.9659387469291687
S0-SM_container_1,S0-SM_container_1-elmid-radmid-az225.png,container,3,1-4,4,1,1,1,1.0,0.9410790730751906,0.9737446904182434
S0-SM_container_1,S0-SM_container_1-elmid-radmid-az315.png,container,0,0,1,1,1,1,1.0,0.9635516098648509,0.9731719493865967
S0-SM_container_10,S0-SM_container_10-elhigh-radfar-az000.png,container,4,1-4,8,4,1,1,1.0,0.9122789699222906,0.9484204053878784
S0-SM_container_10,S0-SM_container_10-elhigh-radfar-az315.png,container,7,5-9,11,4,1,1,0.978125,0.932911751276599,0.9648008942604065
S0-SM_container_10,S0-SM_container_10-elhigh-radmid-az180.png,container,2,1-4,6,4,1,1,1.0,0.9447979672613194,0.965295135974884
S0-SM_container_10,S0-SM_container_10-elhigh-radmid-az315.png,container,5,5-9,9,4,1,1,0.978125,0.9406544033446984,0.9737212061882019
S0-SM_container_10,S0-SM_container_10-elhigh-radnear-az000.png,container,2,1-4,6,4,1,1,1.0,0.9363569536411873,0.9629727602005005
S0-SM_container_10,S0-SM_container_10-elhigh-radnear-az090.png,container,3,1-4,6,3,1,1,1.0,0.9252861624306661,0.9653875827789307
S0-SM_container_10,S0-SM_container_10-elhigh-radnear-az135.png,container,3,1-4,7,4,1,1,1.0,0.9635173035627815,0.9709419012069702
S0-SM_container_10,S0-SM_container_10-elhigh-radnear-az315.png,container,3,1-4,7,4,1,1,1.0,0.9392122360311461,0.972065806388855
S0-SM_container_10,S0-SM_container_10-ellow-radmid-az045.png,container,10,10+,14,4,1,1,0.91875,0.9548393494932697,0.9721614122390747
S0-SM_container_10,S0-SM_container_10-ellow-radmid-az180.png,container,12,10+,15,3,1,1,0.9777777794334623,0.9234804070761626,0.9662395715713501
S0-SM_container_10,S0-SM_container_10-ellow-radnear-az225.png,container,1,1-4,5,4,1,1,0.9825000002980232,0.9462354843807042,0.9769561886787415
S0-SM_container_10,S0-SM_container_10-elmid-radnear-az270.png,container,1,1-4,5,4,1,1,0.98125,0.9486403385842976,0.9693176746368408
S0-SM_container_11,S0-SM_container_11-elhigh-radfar-az000.png,container,4,1-4,8,4,1,1,1.0,0.929147277486436,0.9533106088638306
S0-SM_container_11,S0-SM_container_11-elhigh-radfar-az180.png,container,4,1-4,8,4,1,1,0.978125,0.928551998107082,0.9543657898902893
S0-SM_container_11,S0-SM_container_11-elhigh-radfar-az315.png,container,7,5-9,11,4,1,1,1.0,0.9550273811898506,0.9655130505561829
S0-SM_container_11,S0-SM_container_11-elhigh-radmid-az000.png,container,4,1-4,8,4,1,1,0.9541666671633721,0.9355963171474144,0.9626882076263428
S0-SM_container_11,S0-SM_container_11-elhigh-radnear-az180.png,container,1,1-4,5,4,1,1,1.0,0.9630496916498394,0.9768871665000916
S0-SM_container_11,S0-SM_container_11-ellow-radfar-az180.png,container,6,5-9,9,3,1,1,0.7142857204590525,0.8988341031526943,0.9474377036094666
S0-SM_container_11,S0-SM_container_11-ellow-radmid-az270.png,container,0,0,1,1,1,1,1.0,0.9559998714393458,0.9794193506240845
S0-SM_container_11,S0-SM_container_11-ellow-radnear-az000.png,container,5,5-9,8,3,1,1,1.0,0.9617124681326175,0.9773131608963013
S0-SM_container_11,S0-SM_container_11-ellow-radnear-az045.png,container,9,5-9,13,4,1,1,0.984375,0.960023569813643,0.9750069975852966
S0-SM_container_11,S0-SM_container_11-ellow-radnear-az135.png,container,1,1-4,5,4,1,1,0.84375,0.9308931889670724,0.9779062867164612
S0-SM_container_11,S0-SM_container_11-elmid-radfar-az045.png,container,5,5-9,9,4,1,1,0.984375,0.9302056213095256,0.9699100852012634
S0-SM_container_11,S0-SM_container_11-elmid-radfar-az270.png,container,3,1-4,7,4,1,1,0.9825000002980232,0.955488281356196,0.9649052023887634
S0-SM_container_11,S0-SM_container_11-elmid-radmid-az180.png,container,1,1-4,5,4,1,1,1.0,0.9492084106601197,0.9702441692352295
S0-SM_container_11,S0-SM_container_11-elmid-radmid-az270.png,container,3,1-4,7,4,1,1,0.934375,0.9565698976243624,0.9722713828086853
S0-SM_container_11,S0-SM_container_11-elmid-radmid-az315.png,container,3,1-4,7,4,1,1,1.0,0.9666784350457007,0.9754058122634888
S0-SM_container_11,S0-SM_container_11-elmid-radnear-az270.png,container,1,1-4,4,3,1,1,1.0,0.9528202748242052,0.9699638485908508
S0-SM_container_12,S0-SM_container_12-elhigh-radfar-az045.png,container,5,5-9,9,4,1,1,1.0,0.9385201691832208,0.9616992473602295
S0-SM_container_12,S0-SM_container_12-elhigh-radmid-az225.png,container,2,1-4,6,4,1,1,1.0,0.9627483818407256,0.9777510166168213
S0-SM_container_12,S0-SM_container_12-elhigh-radnear-az090.png,container,3,1-4,6,3,1,1,0.9777777794334623,0.9411012149870572,0.9620756506919861
S0-SM_container_12,S0-SM_container_12-elhigh-radnear-az315.png,container,3,1-4,7,4,1,1,0.953125,0.9661710977711557,0.9755168557167053
S0-SM_container_12,S0-SM_container_12-ellow-radfar-az000.png,container,6,5-9,10,4,1,1,0.91875,0.9219967062350491,0.9502760171890259
S0-SM_container_12,S0-SM_container_12-ellow-radfar-az180.png,container,9,5-9,11,2,1,1,0.9515625,0.891528002398978,0.9370118379592896
S0-SM_container_12,S0-SM_container_12-ellow-radmid-az315.png,container,2,1-4,5,3,1,1,0.8138889001475439,0.9598210458086243,0.9722745418548584
S0-SM_container_12,S0-SM_container_12-ellow-radnear-az045.png,container,3,1-4,7,4,1,1,0.9425000004470349,0.9517383187803432,0.9722344279289246
S0-SM_container_12,S0-SM_container_12-elmid-radmid-az045.png,container,4,1-4,8,4,1,1,1.0,0.9657783784456413,0.9745441675186157
S0-SM_container_13,S0-SM_container_13-elhigh-radfar-az045.png,container,8,5-9,12,4,1,1,1.0,0.9441909064657921,0.9689674377441406
S0-SM_container_13,S0-SM_container_13-elhigh-radfar-az270.png,container,4,1-4,8,4,1,1,0.978125,0.9344641377304228,0.9676457643508911
S0-SM_container_13,S0-SM_container_13-elhigh-radmid-az315.png,container,3,1-4,7,4,1,1,1.0,0.9396956933518297,0.9726489782333374
S0-SM_container_13,S0-SM_container_13-elhigh-radnear-az090.png,container,3,1-4,5,2,1,1,1.0,0.9243960410761645,0.9646983742713928
S0-SM_container_13,S0-SM_container_13-elhigh-radnear-az135.png,container,1,1-4,5,4,1,1,0.9475000008940697,0.9525636552102412,0.9699130058288574
S0-SM_container_13,S0-SM_container_13-ellow-radfar-az045.png,container,10,10+,14,4,1,1,0.8035714291036129,0.9286069964873569,0.9638847708702087
S0-SM_container_13,S0-SM_container_13-ellow-radnear-az000.png,container,3,1-4,5,2,1,1,1.0,0.9549362562438546,0.9822094440460205
S0-SM_container_13,S0-SM_container_13-ellow-radnear-az135.png,container,8,5-9,11,3,1,1,0.8611111202173763,0.9306190336194753,0.977672278881073
S0-SM_container_13,S0-SM_container_13-ellow-radnear-az225.png,container,1,1-4,5,4,1,1,0.958333333581686,0.955274091924565,0.9723395705223083
S0-SM_container_13,S0-SM_container_13-ellow-radnear-az315.png,container,4,1-4,8,4,1,1,0.96875,0.9602085164954417,0.9730527400970459
S0-SM_container_13,S0-SM_container_13-elmid-radfar-az000.png,container,10,10+,14,4,1,1,1.0,0.9179442970548735,0.9606802463531494
S0-SM_container_13,S0-SM_container_13-elmid-radmid-az090.png,container,3,1-4,6,3,1,1,0.7402777934653891,0.9512390255839023,0.9717636704444885
S0-SM_container_13,S0-SM_container_13-elmid-radmid-az270.png,container,4,1-4,8,4,1,1,0.9625,0.9396982987161913,0.9625702500343323
S0-SM_container_13,S0-SM_container_13-elmid-radnear-az180.png,container,0,0,3,3,1,1,0.9555555588669247,0.9558118847175621,0.9715098738670349
S0-SM_container_14,S0-SM_container_14-elhigh-radfar-az045.png,container,4,1-4,7,3,1,1,0.9250000044703484,0.9284501512259737,0.9596543312072754
S0-SM_container_14,S0-SM_container_14-elhigh-radnear-az000.png,container,2,1-4,5,3,1,1,1.0,0.9613407763179538,0.9677894115447998
S0-SM_container_14,S0-SM_container_14-ellow-radfar-az000.png,container,30,10+,34,4,1,1,0.5562500024214387,0.9176370392664168,0.9555158019065857
S0-SM_container_14,S0-SM_container_14-ellow-radfar-az135.png,container,3,1-4,6,3,1,1,0.9277777784400516,0.8949801207887589,0.9494413733482361
S0-SM_container_14,S0-SM_container_14-ellow-radmid-az000.png,container,21,10+,24,3,1,1,0.7611111259294882,0.9451476606328129,0.9697980880737305
S0-SM_container_14,S0-SM_container_14-elmid-radmid-az090.png,container,1,1-4,3,2,1,1,1.0,0.9693287409688978,0.9759810566902161
S0-SM_container_14,S0-SM_container_14-elmid-radmid-az270.png,container,4,1-4,9,5,1,1,0.8933333412806193,0.9427200798801394,0.9735420942306519
S0-SM_container_14,S0-SM_container_14-elmid-radnear-az000.png,container,1,1-4,3,2,1,1,1.0,0.9669507337518297,0.975721001625061
S0-SM_container_14,S0-SM_container_14-elmid-radnear-az180.png,container,2,1-4,5,3,1,1,1.0,0.9579046950481427,0.9755446314811707
S0-SM_container_14,S0-SM_container_14-elmid-radnear-az225.png,container,3,1-4,5,2,1,1,1.0,0.9409846709756309,0.9723466634750366
S0-SM_container_15,S0-SM_container_15-elhigh-radfar-az090.png,container,5,5-9,9,4,1,1,1.0,0.9563135483825924,0.9714664816856384
S0-SM_container_15,S0-SM_container_15-elhigh-radfar-az180.png,container,5,5-9,10,5,1,1,1.0,0.9347805746873128,0.9649551510810852
S0-SM_container_15,S0-SM_container_15-elhigh-radmid-az000.png,container,4,1-4,8,4,1,1,1.0,0.939906214531117,0.9635103344917297
S0-SM_container_15,S0-SM_container_15-elhigh-radmid-az090.png,container,3,1-4,7,4,1,1,1.0,0.9540697508775509,0.9689069986343384
S0-SM_container_15,S0-SM_container_15-elhigh-radmid-az270.png,container,5,5-9,10,5,1,1,0.988000000834465,0.948466570079816,0.9723161458969116
S0-SM_container_15,S0-SM_container_15-elhigh-radmid-az315.png,container,5,5-9,8,3,1,1,1.0,0.947208504661873,0.962256669998169
S0-SM_container_15,S0-SM_container_15-elhigh-radnear-az045.png,container,3,1-4,6,3,1,1,1.0,0.9345422269621153,0.968178927898407
S0-SM_container_15,S0-SM_container_15-elhigh-radnear-az135.png,container,4,1-4,8,4,1,1,0.9825000002980232,0.9437318773798111,0.9670166373252869
S0-SM_container_15,S0-SM_container_15-elhigh-radnear-az270.png,container,4,1-4,9,5,1,1,0.8500000089406967,0.9598957376627268,0.974197506904602
S0-SM_container_15,S0-SM_container_15-ellow-radfar-az135.png,container,4,1-4,8,4,1,1,0.9385416671633721,0.924642970412414,0.9606162309646606
S0-SM_container_15,S0-SM_container_15-ellow-radfar-az270.png,container,1,1-4,6,5,1,1,0.7630000134259461,0.9218356592247261,0.962566614151001
S0-SM_container_15,S0-SM_container_15-ellow-radmid-az315.png,container,15,10+,19,4,1,1,0.8714285718277097,0.9397747056745089,0.9608246088027954
S0-SM_container_15,S0-SM_container_15-elmid-radfar-az180.png,container,5,5-9,10,5,1,1,1.0,0.953491711542803,0.9678815603256226
S0-SM_container_15,S0-SM_container_15-elmid-radnear-az180.png,container,4,1-4,8,4,1,1,1.0,0.9586280481426215,0.9779952764511108
S0-SM_container_16,S0-SM_container_16-elhigh-radmid-az270.png,container,5,5-9,10,5,1,1,1.0,0.9579646015902838,0.9689207673072815
S0-SM_container_16,S0-SM_container_16-elhigh-radnear-az180.png,container,4,1-4,9,5,1,1,0.9680000020265581,0.9565035588636732,0.9714334011077881
S0-SM_container_16,S0-SM_container_16-elhigh-radnear-az225.png,container,4,1-4,7,3,1,1,1.0,0.9417056050026531,0.9631867408752441
S0-SM_container_16,S0-SM_container_16-ellow-radmid-az000.png,container,16,10+,20,4,1,1,0.984375,0.9502622329151365,0.9672337174415588
S0-SM_container_16,S0-SM_container_16-ellow-radmid-az270.png,container,1,1-4,5,4,1,1,0.915625,0.9494879208636888,0.9708825945854187
S0-SM_container_16,S0-SM_container_16-ellow-radmid-az315.png,container,11,10+,15,4,1,1,0.9410714287310838,0.9358459231967835,0.9659420847892761
S0-SM_container_16,S0-SM_container_16-ellow-radnear-az180.png,container,2,1-4,5,3,1,1,0.9750000014901161,0.9529170624537358,0.9730801582336426
S0-SM_container_16,S0-SM_container_16-ellow-radnear-az225.png,container,0,0,1,1,1,1,1.0,0.9784969776114387,0.9880687594413757
S0-SM_container_16,S0-SM_container_16-elmid-radmid-az045.png,container,4,1-4,8,4,1,1,1.0,0.9498441691641801,0.9709224700927734
S0-SM_container_16,S0-SM_container_16-elmid-radmid-az090.png,container,4,1-4,8,4,1,1,1.0,0.9605900006189572,0.974626898765564
S0-SM_container_17,S0-SM_container_17-elhigh-radmid-az000.png,container,5,5-9,10,5,1,1,0.9720000021457672,0.9417861395791043,0.9651700854301453
S0-SM_container_17,S0-SM_container_17-elhigh-radnear-az225.png,container,3,1-4,6,3,1,1,1.0,0.937510883481071,0.9644579291343689
S0-SM_container_17,S0-SM_container_17-ellow-radfar-az045.png,container,21,10+,24,3,1,1,0.5333333460489909,0.9491716559066035,0.9699288606643677
S0-SM_container_17,S0-SM_container_17-ellow-radfar-az225.png,container,1,1-4,3,2,1,1,0.90625,0.9563583132515205,0.9707328081130981
S0-SM_container_17,S0-SM_container_17-ellow-radnear-az180.png,container,1,1-4,3,2,1,1,0.9625,0.9526335882624615,0.9693059325218201
S0-SM_container_17,S0-SM_container_17-ellow-radnear-az315.png,container,13,10+,16,3,1,1,0.9555555588669247,0.9588019202086784,0.97471684217453
S0-SM_container_17,S0-SM_container_17-elmid-radfar-az135.png,container,4,1-4,8,4,1,1,1.0,0.9370745730881822,0.9651052355766296
S0-SM_container_17,S0-SM_container_17-elmid-radfar-az180.png,container,3,1-4,7,4,1,1,0.96875,0.9561593197303182,0.967199444770813
S0-SM_container_17,S0-SM_container_17-elmid-radmid-az045.png,container,5,5-9,10,5,1,1,0.9720000021457672,0.9517289651624914,0.9709765315055847
S0-SM_container_17,S0-SM_container_17-elmid-radmid-az180.png,container,3,1-4,6,3,1,1,1.0,0.9496757002137031,0.977144181728363
S0-SM_container_17,S0-SM_container_17-elmid-radnear-az225.png,container,2,1-4,5,3,1,1,1.0,0.9435023106447389,0.9747596383094788
S0-SM_container_18,S0-SM_container_18-elhigh-radfar-az000.png,container,4,1-4,9,5,1,1,0.988000000834465,0.9321404388619428,0.9669632315635681
S0-SM_container_18,S0-SM_container_18-elhigh-radfar-az135.png,container,3,1-4,7,4,1,1,0.8125,0.9501129763364986,0.9606991410255432
S0-SM_container_18,S0-SM_container_18-elhigh-radfar-az225.png,container,3,1-4,5,2,1,1,1.0,0.941794681403973,0.9613329768180847
S0-SM_container_18,S0-SM_container_18-elhigh-radmid-az315.png,container,4,1-4,7,3,1,1,1.0,0.9240321364740858,0.9582559466362
S0-SM_container_18,S0-SM_container_18-ellow-radfar-az000.png,container,23,10+,28,5,1,1,0.9440909119492227,0.9163853922808585,0.9513726830482483
S0-SM_container_18,S0-SM_container_18-ellow-radfar-az180.png,container,2,1-4,4,2,1,1,1.0,0.933322122210356,0.9536638855934143
S0-SM_container_18,S0-SM_container_18-ellow-radnear-az045.png,container,14,10+,15,1,1,1,1.0,0.9518036370355674,0.9741032719612122
S0-SM_container_18,S0-SM_container_18-ellow-radnear-az135.png,container,1,1-4,3,2,1,1,1.0,0.9527114432457751,0.9730690121650696
S0-SM_container_18,S0-SM_container_18-elmid-radfar-az315.png,container,3,1-4,6,3,1,1,1.0,0.9413248051744176,0.9608206748962402
S0-SM_container_18,S0-SM_container_18-elmid-radmid-az000.png,container,4,1-4,9,5,1,1,0.9688888908094831,0.9471718519919285,0.9787594676017761
S0-SM_container_18,S0-SM_container_18-elmid-radmid-az090.png,container,4,1-4,9,5,1,1,0.988000000834465,0.9654476830028855,0.9727774262428284
S0-SM_container_18,S0-SM_container_18-elmid-radnear-az045.png,container,2,1-4,5,3,1,1,0.9250000044703484,0.9576084111068539,0.9687217473983765
S0-SM_container_18,S0-SM_container_18-elmid-radnear-az315.png,container,2,1-4,4,2,1,1,1.0,0.954816043497857,0.9742138981819153
S0-SM_container_2,S0-SM_container_2-elhigh-radfar-az225.png,container,4,1-4,5,1,1,1,1.0,0.9517734569240872,0.9634079933166504
S0-SM_container_2,S0-SM_container_2-elhigh-radfar-az315.png,container,4,1-4,5,1,1,1,1.0,0.9418486507913642,0.9670923352241516
S0-SM_container_2,S0-SM_container_2-elhigh-radmid-az090.png,container,3,1-4,4,1,1,1,1.0,0.9232369729029308,0.9587168097496033
S0-SM_container_2,S0-SM_container_2-ellow-radfar-az000.png,container,4,1-4,5,1,1,1,1.0,0.8911567493355008,0.9378799200057983
S0-SM_container_2,S0-SM_container_2-ellow-radnear-az000.png,container,2,1-4,3,1,1,1,1.0,0.9576890502238911,0.9735466837882996
S0-SM_container_2,S0-SM_container_2-elmid-radmid-az270.png,container,3,1-4,4,1,1,1,1.0,0.945301929096587,0.9620293378829956
S0-SM_container_2,S0-SM_container_2-elmid-radmid-az315.png,container,3,1-4,4,1,1,1,1.0,0.9491196807171747,0.9724472165107727
S0-SM_container_21,S0-SM_container_21-elhigh-radfar-az180.png,container,7,5-9,11,4,1,1,0.7700000016018749,0.8792178558649795,0.9427508115768433
S0-SM_container_21,S0-SM_container_21-elhigh-radmid-az000.png,container,4,1-4,7,3,1,1,1.0,0.9482028209809172,0.9663683772087097
S0-SM_container_21,S0-SM_container_21-elhigh-radnear-az000.png,container,4,1-4,7,3,1,1,0.955555557873514,0.8847735875766389,0.9635270237922668
S0-SM_container_21,S0-SM_container_21-elhigh-radnear-az225.png,container,5,5-9,8,3,1,1,0.844444450073772,0.9124625280882093,0.9598172307014465
S0-SM_container_21,S0-SM_container_21-ellow-radmid-az090.png,container,3,1-4,5,2,1,1,1.0,0.9480924202997798,0.9749290347099304
S0-SM_container_21,S0-SM_container_21-ellow-radmid-az135.png,container,5,5-9,8,3,1,1,0.9750000014901161,0.9374928445829198,0.960112452507019
S0-SM_container_21,S0-SM_container_21-elmid-radfar-az270.png,container,7,5-9,11,4,1,1,0.9625,0.9326482745535358,0.9587231278419495
S0-SM_container_21,S0-SM_container_21-elmid-radfar-az315.png,container,6,5-9,9,3,1,1,1.0,0.9383502877380749,0.9589647054672241
S0-SM_container_21,S0-SM_container_21-elmid-radmid-az090.png,container,4,1-4,7,3,1,1,0.8888888971673117,0.9652738122390865,0.9773721098899841
S0-SM_container_21,S0-SM_container_21-elmid-radnear-az000.png,container,2,1-4,4,2,1,1,1.0,0.9527491391154896,0.9725889563560486
S0-SM_container_22,S0-SM_container_22-elhigh-radfar-az090.png,container,6,5-9,10,4,1,1,1.0,0.9569309592785658,0.9700918197631836
S0-SM_container_22,S0-SM_container_22-elhigh-radmid-az225.png,container,6,5-9,10,4,1,1,0.984375,0.9382473673062393,0.9601988196372986
S0-SM_container_22,S0-SM_container_22-elhigh-radnear-az180.png,container,5,5-9,9,4,1,1,0.9075000010430813,0.9569838929968384,0.9698845148086548
S0-SM_container_22,S0-SM_container_22-ellow-radfar-az090.png,container,4,1-4,8,4,1,1,0.9488095246255398,0.9203484992951658,0.9669368863105774
S0-SM_container_22,S0-SM_container_22-ellow-radmid-az180.png,container,8,5-9,12,4,1,1,0.7796875044703484,0.9415563682834929,0.9611696600914001
S0-SM_container_22,S0-SM_container_22-ellow-radnear-az000.png,container,1,1-4,1,0,0,0,0.0,0.0,0.0
S0-SM_container_22,S0-SM_container_22-ellow-radnear-az135.png,container,3,1-4,6,3,1,1,1.0,0.9608961994841252,0.9702191352844238
S0-SM_container_22,S0-SM_container_22-elmid-radmid-az045.png,container,5,5-9,8,3,1,1,1.0,0.9531823236900117,0.9751936793327332
S0-SM_container_22,S0-SM_container_22-elmid-radnear-az045.png,container,4,1-4,7,3,1,1,1.0,0.9651354315907952,0.9756197929382324
S0-SM_container_22,S0-SM_container_22-elmid-radnear-az090.png,container,4,1-4,7,3,1,1,1.0,0.9592082160817306,0.9734627604484558
S0-SM_container_23,S0-SM_container_23-elhigh-radmid-az045.png,container,5,5-9,9,4,1,1,0.984375,0.9417864360210295,0.9635414481163025
S0-SM_container_23,S0-SM_container_23-elhigh-radnear-az315.png,container,6,5-9,10,4,1,1,0.984375,0.9359696928399792,0.9634881615638733
S0-SM_container_23,S0-SM_container_23-ellow-radmid-az270.png,container,2,1-4,3,1,1,1,1.0,0.9308404107993908,0.9542686939239502
S0-SM_container_23,S0-SM_container_23-ellow-radnear-az045.png,container,4,1-4,7,3,1,1,0.82857144006661,0.9670502477626322,0.9813149571418762
S0-SM_container_23,S0-SM_container_23-ellow-radnear-az135.png,container,3,1-4,6,3,1,1,1.0,0.9596715346148983,0.9701638221740723
S0-SM_container_23,S0-SM_container_23-elmid-radfar-az090.png,container,8,5-9,12,4,1,1,1.0,0.9577036755868811,0.9709511399269104
S0-SM_container_23,S0-SM_container_23-elmid-radfar-az270.png,container,12,10+,16,4,1,1,1.0,0.9545876940035356,0.973168671131134
S0-SM_container_23,S0-SM_container_23-elmid-radmid-az090.png,container,6,5-9,10,4,1,1,1.0,0.9675471516196481,0.9772542715072632
S0-SM_container_23,S0-SM_container_23-elmid-radnear-az045.png,container,4,1-4,8,4,1,1,0.9017857145518064,0.9713538394964871,0.9759348630905151
S0-SM_container_23,S0-SM_container_23-elmid-radnear-az090.png,container,4,1-4,8,4,1,1,0.984375,0.9582440278614861,0.9725804924964905
S0-SM_container_23,S0-SM_container_23-elmid-radnear-az180.png,container,4,1-4,7,3,1,1,1.0,0.9611089210742954,0.9748942255973816
S0-SM_container_3,S0-SM_container_3-elhigh-radmid-az315.png,container,4,1-4,5,1,1,1,1.0,0.9451072531298053,0.9692416191101074
S0-SM_container_3,S0-SM_container_3-elhigh-radnear-az315.png,container,3,1-4,4,1,1,1,1.0,0.9547906050320734,0.9755541682243347
S0-SM_container_3,S0-SM_container_3-ellow-radfar-az045.png,container,4,1-4,5,1,1,1,1.0,0.9090029802634447,0.9475535154342651
S0-SM_container_3,S0-SM_container_3-ellow-radmid-az225.png,container,14,10+,16,2,1,1,0.75,0.9472327721336953,0.9645494222640991
S0-SM_container_3,S0-SM_container_3-ellow-radnear-az180.png,container,4,1-4,5,1,1,1,1.0,0.9486687634211535,0.9734640121459961
S0-SM_container_3,S0-SM_container_3-elmid-radfar-az000.png,container,5,5-9,6,1,1,1,1.0,0.9213594060188797,0.9457756280899048
S0-SM_container_3,S0-SM_container_3-elmid-radfar-az180.png,container,2,1-4,3,1,1,1,1.0,0.9349690947386975,0.9511910676956177
S0-SM_container_3,S0-SM_container_3-elmid-radfar-az315.png,container,5,5-9,6,1,1,1,1.0,0.9541389338897197,0.9658604264259338
S0-SM_container_3,S0-SM_container_3-elmid-radmid-az000.png,container,5,5-9,6,1,1,1,1.0,0.938516420733265,0.9600671529769897
S0-SM_container_3,S0-SM_container_3-elmid-radmid-az090.png,container,3,1-4,4,1,1,1,1.0,0.961494256599309,0.9661146402359009
S0-SM_container_30,S0-SM_container_30-elhigh-radfar-az090.png,container,7,5-9,11,4,1,1,0.984375,0.9331699463198753,0.9609389901161194
S0-SM_container_30,S0-SM_container_30-elhigh-radmid-az045.png,container,4,1-4,7,3,1,1,0.9777777794334623,0.9548728265456141,0.9625312685966492
S0-SM_container_30,S0-SM_container_30-elhigh-radmid-az135.png,container,7,5-9,10,3,1,1,0.9777777794334623,0.9529553954944951,0.9658872485160828
S0-SM_container_30,S0-SM_container_30-elhigh-radmid-az180.png,container,5,5-9,8,3,1,1,1.0,0.9466049247433617,0.9767216444015503
S0-SM_container_30,S0-SM_container_30-elhigh-radmid-az315.png,container,4,1-4,7,3,1,1,0.9777777794334623,0.9271152394148885,0.9548020362854004
S0-SM_container_30,S0-SM_container_30-elhigh-radnear-az000.png,container,5,5-9,9,4,1,1,0.953125,0.9529347013977869,0.9685479998588562
S0-SM_container_30,S0-SM_container_30-elhigh-radnear-az090.png,container,4,1-4,7,3,1,1,0.9777777794334623,0.9511025041621934,0.9703266620635986
S0-SM_container_30,S0-SM_container_30-ellow-radfar-az090.png,container,6,5-9,10,4,1,1,0.9385416671633721,0.9188369642372862,0.9419563412666321
S0-SM_container_30,S0-SM_container_30-ellow-radfar-az135.png,container,6,5-9,9,3,1,1,0.9690476209989616,0.9257620701937341,0.9533332586288452
S0-SM_container_30,S0-SM_container_30-ellow-radfar-az225.png,container,5,5-9,7,2,1,1,1.0,0.9588062678711928,0.9696546196937561
S0-SM_container_30,S0-SM_container_30-ellow-radnear-az180.png,container,4,1-4,6,2,1,1,0.9625,0.9509673439036881,0.9723630547523499
S0-SM_container_30,S0-SM_container_30-elmid-radfar-az225.png,container,13,10+,16,3,1,1,1.0,0.9486135488227205,0.9665583372116089
S0-SM_container_30,S0-SM_container_30-elmid-radmid-az090.png,container,8,5-9,12,4,1,1,0.984375,0.9510543025544109,0.9714887142181396
S0-SM_container_30,S0-SM_container_30-elmid-radmid-az135.png,container,6,5-9,9,3,1,1,0.9750000014901161,0.9474123859909547,0.970422089099884
S0-SM_container_30,S0-SM_container_30-elmid-radnear-az000.png,container,3,1-4,7,4,1,1,0.7734375,0.9625233275326082,0.9779148101806641
S0-SM_container_30,S0-SM_container_30-elmid-radnear-az180.png,container,3,1-4,5,2,1,1,1.0,0.9601798190566271,0.9752420783042908
S0-SM_container_30,S0-SM_container_30-elmid-radnear-az315.png,container,3,1-4,5,2,1,1,1.0,0.9487062443919001,0.9704379439353943
S0-SM_container_4,S0-SM_container_4-elhigh-radfar-az090.png,container,2,1-4,3,1,1,1,1.0,0.9220650165701976,0.9512454867362976
S0-SM_container_4,S0-SM_container_4-elhigh-radmid-az000.png,container,0,0,1,1,1,1,1.0,0.9223511953015944,0.9491668939590454
S0-SM_container_4,S0-SM_container_4-elhigh-radmid-az315.png,container,0,0,1,1,1,1,1.0,0.9416634118214802,0.9686019420623779
S0-SM_container_4,S0-SM_container_4-elhigh-radnear-az000.png,container,0,0,1,1,1,1,1.0,0.9249187306795896,0.9566817879676819
S0-SM_container_4,S0-SM_container_4-elhigh-radnear-az315.png,container,0,0,1,1,1,1,1.0,0.949031839212779,0.971382200717926
S0-SM_container_4,S0-SM_container_4-ellow-radfar-az225.png,container,9,5-9,13,4,1,1,0.276785715483129,0.9183329780635034,0.9527627229690552
S0-SM_container_4,S0-SM_container_4-ellow-radnear-az090.png,container,1,1-4,2,1,1,1,1.0,0.9465117432155807,0.9626413583755493
S0-SM_container_4,S0-SM_container_4-elmid-radfar-az270.png,container,5,5-9,6,1,1,1,1.0,0.9112637064551166,0.9536051750183105
S0-SM_container_4,S0-SM_container_4-elmid-radfar-az315.png,container,5,5-9,6,1,1,1,1.0,0.9323467424204068,0.9661536812782288
S0-SM_container_4,S0-SM_container_4-elmid-radnear-az270.png,container,0,0,1,1,1,1,1.0,0.932170807682926,0.966925323009491
S0-SM_container_5,S0-SM_container_5-elhigh-radfar-az000.png,container,3,1-4,7,4,1,1,0.9541666671633721,0.9163152432947754,0.9537001252174377
S0-SM_container_5,S0-SM_container_5-elhigh-radmid-az225.png,container,3,1-4,7,4,1,1,0.984375,0.9424147342724503,0.9674660563468933
S0-SM_container_5,S0-SM_container_5-elhigh-radnear-az135.png,container,3,1-4,7,4,1,1,1.0,0.9522181339522859,0.9706713557243347
S0-SM_container_5,S0-SM_container_5-ellow-radfar-az315.png,container,4,1-4,6,2,1,1,0.8625,0.8794183158564657,0.94437175989151
S0-SM_container_5,S0-SM_container_5-ellow-radmid-az045.png,container,1,1-4,5,4,1,1,0.91875,0.9512689828493173,0.9686737656593323
S0-SM_container_5,S0-SM_container_5-ellow-radnear-az000.png,container,2,1-4,4,2,1,1,0.9625,0.9737469625017248,0.984409511089325
S0-SM_container_5,S0-SM_container_5-ellow-radnear-az045.png,container,1,1-4,4,3,1,1,0.9486111135118538,0.9234704329680881,0.9733157157897949
S0-SM_container_5,S0-SM_container_5-elmid-radfar-az270.png,container,3,1-4,7,4,1,1,0.984375,0.9359764218174398,0.9619807600975037
S0-SM_container_5,S0-SM_container_5-elmid-radmid-az180.png,container,6,5-9,10,4,1,1,0.96875,0.9463707307370157,0.968868613243103
S0-SM_container_5,S0-SM_container_5-elmid-radmid-az225.png,container,3,1-4,7,4,1,1,1.0,0.9645998042972543,0.9726242423057556
S0-SM_container_6,S0-SM_container_6-elhigh-radmid-az225.png,container,4,1-4,8,4,1,1,1.0,0.9396507540934458,0.9676371216773987
S0-SM_container_6,S0-SM_container_6-elhigh-radnear-az090.png,container,3,1-4,7,4,1,1,1.0,0.9429013351739854,0.9703073501586914
S0-SM_container_6,S0-SM_container_6-ellow-radnear-az180.png,container,5,5-9,9,4,1,1,0.9796875,0.9491939735853379,0.973102867603302
S0-SM_container_6,S0-SM_container_6-elmid-radfar-az045.png,container,3,1-4,7,4,1,1,0.984375,0.94743090517251,0.9684011936187744
S0-SM_container_6,S0-SM_container_6-elmid-radnear-az135.png,container,3,1-4,7,4,1,1,1.0,0.9601467543150761,0.9758467674255371
S0-SM_container_7,S0-SM_container_7-elhigh-radfar-az315.png,container,4,1-4,8,4,1,1,1.0,0.9260266717778975,0.9669159650802612
S0-SM_container_7,S0-SM_container_7-elhigh-radnear-az135.png,container,4,1-4,8,4,1,1,0.9541666671633721,0.9606866725731606,0.9718775153160095
S0-SM_container_7,S0-SM_container_7-ellow-radmid-az090.png,container,16,10+,18,2,1,1,0.9625,0.9566265379891519,0.9645761251449585
S0-SM_container_7,S0-SM_container_7-ellow-radmid-az315.png,container,2,1-4,5,3,1,1,1.0,0.9440647830555022,0.9723724126815796
S0-SM_container_7,S0-SM_container_7-ellow-radnear-az135.png,container,1,1-4,4,3,1,1,0.9777777794334623,0.9575577271700197,0.9757128357887268
S0-SM_container_7,S0-SM_container_7-ellow-radnear-az270.png,container,1,1-4,2,1,1,1,1.0,0.9761259281592061,0.9859762191772461
S0-SM_container_7,S0-SM_container_7-elmid-radfar-az090.png,container,4,1-4,8,4,1,1,0.9625,0.9481719536619622,0.9614514112472534
S0-SM_container_7,S0-SM_container_7-elmid-radmid-az180.png,container,5,5-9,9,4,1,1,1.0,0.9360003908074077,0.9693126678466797
S0-SM_container_7,S0-SM_container_7-elmid-radmid-az270.png,container,4,1-4,8,4,1,1,0.7881944445893169,0.9578900659677743,0.9708211421966553
S0-SM_container_7,S0-SM_container_7-elmid-radnear-az225.png,container,4,1-4,8,4,1,1,0.6500000014901162,0.9666498134684147,0.9780685305595398
S0-SM_container_7,S0-SM_container_7-elmid-radnear-az270.png,container,2,1-4,4,2,1,1,1.0,0.9465150462265584,0.9701061844825745
S0-SM_container_8,S0-SM_container_8-elhigh-radfar-az045.png,container,3,1-4,7,4,1,1,1.0,0.9406018441447799,0.964066743850708
S0-SM_container_8,S0-SM_container_8-elhigh-radfar-az225.png,container,5,5-9,9,4,1,1,1.0,0.9416457127940703,0.9667470455169678
S0-SM_container_8,S0-SM_container_8-elhigh-radnear-az180.png,container,4,1-4,8,4,1,1,1.0,0.9361073202686327,0.9688525199890137
S0-SM_container_8,S0-SM_container_8-elhigh-radnear-az270.png,container,2,1-4,6,4,1,1,0.9825000002980232,0.924196539036128,0.9595715403556824
S0-SM_container_8,S0-SM_container_8-ellow-radnear-az225.png,container,9,5-9,14,5,1,1,0.45000000695387515,0.9297247302158098,0.9730178713798523
S0-SM_container_8,S0-SM_container_8-ellow-radnear-az315.png,container,2,1-4,5,3,1,1,0.9316666708389917,0.9533357492622478,0.9741668105125427
S0-SM_container_8,S0-SM_container_8-elmid-radmid-az090.png,container,3,1-4,7,4,1,1,1.0,0.9532383055767468,0.9694454073905945
S0-SM_container_8,S0-SM_container_8-elmid-radmid-az135.png,container,3,1-4,7,4,1,1,1.0,0.9622471502117804,0.9714915752410889
S0-SM_container_8,S0-SM_container_8-elmid-radnear-az270.png,container,3,1-4,7,4,1,1,1.0,0.9515454154515979,0.9684849381446838
S0-SM_container_9,S0-SM_container_9-elhigh-radfar-az045.png,container,4,1-4,5,1,1,1,1.0,0.9275860136669145,0.9610339999198914
S0-SM_container_9,S0-SM_container_9-elhigh-radfar-az135.png,container,4,1-4,5,1,1,1,1.0,0.9332652524731628,0.9670544862747192
S0-SM_container_9,S0-SM_container_9-elhigh-radnear-az180.png,container,1,1-4,2,1,1,1,1.0,0.916879962686437,0.9487117528915405
S0-SM_container_9,S0-SM_container_9-elhigh-radnear-az225.png,container,0,0,1,1,1,1,1.0,0.9591117507786748,0.9715731143951416
S0-SM_container_9,S0-SM_container_9-ellow-radfar-az045.png,container,8,5-9,9,1,1,1,1.0,0.9142357079553314,0.9518577456474304
S0-SM_container_9,S0-SM_container_9-ellow-radfar-az135.png,container,6,5-9,11,5,1,1,0.24000000342726707,0.9239341597807496,0.9530843496322632
S0-SM_container_9,S0-SM_container_9-elmid-radfar-az270.png,container,6,5-9,7,1,1,1,1.0,0.9385750587863235,0.9592296481132507
S0-SM_container_9,S0-SM_container_9-elmid-radnear-az180.png,container,0,0,1,1,1,1,1.0,0.9431916032966114,0.9645518660545349
S0-SM_male1,S0-SM_male1-elhigh-radmid-az045.png,male,3,1-4,4,1,1,1,0.7,0.6562989423700287,0.774599552154541
S0-SM_male1,S0-SM_male1-elhigh-radnear-az180.png,male,3,1-4,4,1,1,1,0.8,0.6672570590300708,0.7551130652427673
S0-SM_male1,S0-SM_male1-elmid-radfar-az045.png,male,4,1-4,5,1,1,1,0.5,0.55333242609656,0.7897023558616638
S0-SM_male1,S0-SM_male1-elmid-radmid-az180.png,male,3,1-4,4,1,1,1,0.7,0.6847918760426097,0.8183904886245728
S0-SM_male1,S0-SM_male1-elmid-radnear-az090.png,male,3,1-4,4,1,1,1,0.9,0.7969454583356175,0.8750514388084412
S0-SM_male10,S0-SM_male10-elhigh-radmid-az225.png,male,13,10+,14,1,1,1,0.5,0.4706968232307105,0.6681210994720459
S0-SM_male10,S0-SM_male10-elhigh-radmid-az315.png,male,3,1-4,4,1,1,1,0.6,0.570720724451057,0.7535237073898315
S0-SM_male10,S0-SM_male10-elhigh-radnear-az090.png,male,6,5-9,8,2,1,1,0.6125,0.6590473342999559,0.7969796657562256
S0-SM_male10,S0-SM_male10-elhigh-radnear-az135.png,male,8,5-9,10,2,1,1,0.5550000000745058,0.5802484450531438,0.7644181251525879
S0-SM_male10,S0-SM_male10-elhigh-radnear-az180.png,male,8,5-9,10,2,1,1,0.7125,0.7175700875325646,0.8433603048324585
S0-SM_male10,S0-SM_male10-elhigh-radnear-az315.png,male,3,1-4,4,1,1,1,0.4,0.48747448506416546,0.7324123978614807
S0-SM_male10,S0-SM_male10-ellow-radfar-az090.png,male,33,10+,35,2,1,1,0.3750000011175871,0.6129962274108465,0.7500960826873779
S0-SM_male10,S0-SM_male10-ellow-radmid-az090.png,male,34,10+,36,2,1,1,0.4111111111938953,0.6311690627455278,0.8294782638549805
S0-SM_male10,S0-SM_male10-ellow-radnear-az090.png,male,23,10+,25,2,1,1,0.6625000001862645,0.7909811401554734,0.876743495464325
S0-SM_male10,S0-SM_male10-ellow-radnear-az135.png,male,36,10+,38,2,1,1,0.6375000003725291,0.8121434191622434,0.9413662552833557
S0-SM_male10,S0-SM_male10-ellow-radnear-az315.png,male,1,1-4,2,1,1,1,0.6,0.6794992159410533,0.9025306105613708
S0-SM_male10,S0-SM_male10-elmid-radfar-az045.png,male,6,5-9,8,2,1,1,0.70277777928859,0.5813721598258326,0.6926078796386719
S0-SM_male10,S0-SM_male10-elmid-radfar-az270.png,male,4,1-4,5,1,1,1,0.9,0.7067356660316619,0.7695852518081665
S0-SM_male10,S0-SM_male10-elmid-radmid-az135.png,male,14,10+,16,2,1,1,0.6000000007450581,0.5723677880605678,0.8041430711746216
S0-SM_male10,S0-SM_male10-elmid-radnear-az180.png,male,8,5-9,10,2,1,1,0.425,0.75145336702289,0.8563892841339111
S0-SM_male11,S0-SM_male11-elhigh-radmid-az000.png,male,5,5-9,8,3,1,1,0.741666667535901,0.7213347342091936,0.8223700523376465
S0-SM_male11,S0-SM_male11-elhigh-radmid-az180.png,male,6,5-9,9,3,1,1,0.7777777809235784,0.728756257052531,0.8696197867393494
S0-SM_male11,S0-SM_male11-elhigh-radnear-az045.png,male,6,5-9,9,3,1,1,0.6111111202173763,0.7367604987352969,0.8363288044929504
S0-SM_male11,S0-SM_male11-elmid-radmid-az180.png,male,6,5-9,9,3,1,1,0.8277777784400516,0.7666922044489581,0.8712286949157715
S0-SM_male11,S0-SM_male11-elmid-radnear-az000.png,male,4,1-4,7,3,1,1,0.9055555578735139,0.8103690827661296,0.891132116317749
S0-SM_male12,S0-SM_male12-elhigh-radfar-az045.png,male,8,5-9,11,3,1,1,0.6111111157470279,0.6231294369506273,0.8381160497665405
S0-SM_male12,S0-SM_male12-elhigh-radmid-az045.png,male,7,5-9,10,3,1,1,0.505555557873514,0.5989114215997695,0.8322046399116516
S0-SM_male12,S0-SM_male12-elhigh-radnear-az045.png,male,6,5-9,9,3,1,1,0.6214285720671926,0.6498188996852718,0.8456690311431885
S0-SM_male12,S0-SM_male12-elhigh-radnear-az090.png,male,5,5-9,8,3,1,1,0.7555555588669247,0.7163475394537073,0.835468053817749
S0-SM_male12,S0-SM_male12-elhigh-radnear-az270.png,male,4,1-4,7,3,1,1,0.7583333365619183,0.7335970918828352,0.8144599795341492
S0-SM_male12,S0-SM_male12-elhigh-radnear-az315.png,male,4,1-4,7,3,1,1,0.5722222319907612,0.7493667690800976,0.8186823129653931
S0-SM_male12,S0-SM_male12-ellow-radfar-az090.png,male,15,10+,15,0,0,0,0.0,0.0,0.0
S0-SM_male12,S0-SM_male12-ellow-radfar-az225.png,male,5,5-9,8,3,1,1,0.6533333427707353,0.7196221345429166,0.7935878038406372
S0-SM_male12,S0-SM_male12-elmid-radfar-az045.png,male,8,5-9,11,3,1,1,0.7750000014901162,0.7485530796420221,0.8407948613166809
S0-SM_male12,S0-SM_male12-elmid-radfar-az315.png,male,18,10+,20,2,1,1,0.6200000002980233,0.5446005166329542,0.6365907788276672
S0-SM_male13,S0-SM_male13-elhigh-radnear-az315.png,male,4,1-4,7,3,1,1,0.6266666756570338,0.6950765110514681,0.8204660415649414
S0-SM_male13,S0-SM_male13-ellow-radmid-az090.png,male,5,5-9,8,3,1,1,0.5428571577583039,0.7974145836253683,0.8586177825927734
S0-SM_male13,S0-SM_male13-ellow-radmid-az225.png,male,4,1-4,7,3,1,1,0.7569444495149785,0.8539030413150428,0.9073871374130249
S0-SM_male13,S0-SM_male13-elmid-radfar-az090.png,male,7,5-9,10,3,1,1,0.6555555598603354,0.7420178547375258,0.8261101245880127
S0-SM_male14,S0-SM_male14-elhigh-radfar-az180.png,male,16,10+,19,3,1,1,0.6111111197206711,0.5830894197848657,0.8593633770942688
S0-SM_male14,S0-SM_male14-elhigh-radmid-az090.png,male,10,10+,12,2,1,1,0.675,0.6299835593706966,0.8320994973182678
S0-SM_male14,S0-SM_male14-elhigh-radnear-az180.png,male,6,5-9,8,2,1,1,0.8625,0.7743249322303747,0.8414372801780701
S0-SM_male14,S0-SM_male14-elmid-radfar-az000.png,male,6,5-9,9,3,1,1,0.7650000032285849,0.758807543310823,0.8576679825782776
S0-SM_male14,S0-SM_male14-elmid-radmid-az045.png,male,8,5-9,10,2,1,1,0.675,0.6670579646448438,0.8621626496315002
S0-SM_male14,S0-SM_male14-elmid-radmid-az135.png,male,13,10+,15,2,1,1,0.8,0.7935150851079662,0.8844155669212341
S0-SM_male14,S0-SM_male14-elmid-radnear-az090.png,male,6,5-9,8,2,1,1,0.7625,0.7873207224540835,0.8866584300994873
S0-SM_male15,S0-SM_male15-elhigh-radfar-az000.png,male,1,1-4,2,1,1,1,0.15,0.09756006646296544,0.15463681519031525
S0-SM_male15,S0-SM_male15-elhigh-radfar-az045.png,male,6,5-9,8,2,1,1,0.59375,0.5072358437332696,0.6957657337188721
S0-SM_male15,S0-SM_male15-elhigh-radfar-az180.png,male,7,5-9,10,3,1,1,0.6666666706403096,0.7425529066780427,0.8447864055633545
S0-SM_male15,S0-SM_male15-elhigh-radmid-az135.png,male,3,1-4,5,2,1,1,0.675,0.637692664046881,0.8112640380859375
S0-SM_male15,S0-SM_male15-elhigh-radmid-az270.png,male,1,1-4,2,1,1,1,0.4,0.5257988892136325,0.7539265751838684
S0-SM_male15,S0-SM_male15-elhigh-radnear-az135.png,male,2,1-4,4,2,1,1,0.5375,0.5991685566693761,0.8189488649368286
S0-SM_male15,S0-SM_male15-ellow-radfar-az135.png,male,24,10+,28,4,1,1,0.5742559527978301,0.6590023935138518,0.7691861987113953
S0-SM_male15,S0-SM_male15-ellow-radfar-az225.png,male,2,1-4,4,2,1,1,0.7,0.7145608011092079,0.8766134977340698
S0-SM_male15,S0-SM_male15-ellow-radmid-az180.png,male,5,5-9,6,1,1,1,0.9,0.7866954859712294,0.8599585294723511
S0-SM_male15,S0-SM_male15-ellow-radnear-az225.png,male,2,1-4,3,1,1,1,0.9,0.8190352631197939,0.8885326981544495
S0-SM_male15,S0-SM_male15-ellow-radnear-az270.png,male,2,1-4,3,1,1,1,0.9,0.8284102725649376,0.8830616474151611
S0-SM_male15,S0-SM_male15-elmid-radfar-az045.png,male,6,5-9,9,3,1,1,0.3444444549698678,0.6347460049354545,0.7823919653892517
S0-SM_male15,S0-SM_male15-elmid-radfar-az225.png,male,2,1-4,4,2,1,1,0.9375,0.7931270833811439,0.8710693120956421
S0-SM_male15,S0-SM_male15-elmid-radfar-az270.png,male,2,1-4,4,2,1,1,0.7,0.7135601082828451,0.8480954766273499
S0-SM_male15,S0-SM_male15-elmid-radnear-az090.png,male,1,1-4,3,2,1,1,0.825,0.7421683255785609,0.8209441900253296
S0-SM_male15,S0-SM_male15-elmid-radnear-az180.png,male,1,1-4,2,1,1,1,0.6,0.6574634105908004,0.84679114818573
S0-SM_male15,S0-SM_male15-elmid-radnear-az315.png,male,1,1-4,2,1,1,1,0.6,0.6628775029404324,0.840019941329956
S0-SM_male16,S0-SM_male16-elhigh-radfar-az135.png,male,10,10+,14,4,1,1,0.5846428584307433,0.6319793962197977,0.7465832829475403
S0-SM_male16,S0-SM_male16-elhigh-radmid-az090.png,male,6,5-9,9,3,1,1,0.5416666675359011,0.6199078207893791,0.8085458278656006
S0-SM_male16,S0-SM_male16-elhigh-radnear-az045.png,male,2,1-4,5,3,1,1,0.5055555695460903,0.7243475968409854,0.847045361995697
S0-SM_male16,S0-SM_male16-ellow-radfar-az315.png,male,1,1-4,1,0,0,0,0.0,0.0,0.0
S0-SM_male16,S0-SM_male16-ellow-radmid-az270.png,male,2,1-4,4,2,1,1,0.7625,0.7339544130309577,0.8478785753250122
S0-SM_male16,S0-SM_male16-ellow-radnear-az135.png,male,20,10+,23,3,1,1,0.8555555588669247,0.8479141987887573,0.8997490406036377
S0-SM_male16,S0-SM_male16-elmid-radfar-az270.png,male,3,1-4,5,2,1,1,0.43214285746216774,0.547014219953617,0.7888467907905579
S0-SM_male16,S0-SM_male16-elmid-radmid-az045.png,male,6,5-9,8,2,1,1,0.7333333343267441,0.7844522091007562,0.858479380607605
S0-SM_male16,S0-SM_male16-elmid-radmid-az180.png,male,10,10+,14,4,1,1,0.802083333581686,0.7785073004563436,0.8534404635429382
S0-SM_male16,S0-SM_male16-elmid-radnear-az045.png,male,0,0,1,1,1,1,0.6,0.6911619197285113,0.8651641011238098
S0-SM_male16,S0-SM_male16-elmid-radnear-az135.png,male,2,1-4,3,1,1,1,0.8,0.7367697323833795,0.8275141716003418
S0-SM_male16,S0-SM_male16-elmid-radnear-az270.png,male,1,1-4,3,2,1,1,0.7875,0.7730908009757087,0.8472540974617004
S0-SM_male17,S0-SM_male17-elhigh-radmid-az000.png,male,7,5-9,10,3,1,1,0.7277777784400516,0.7068526841530662,0.8460332751274109
S0-SM_male17,S0-SM_male17-elhigh-radmid-az135.png,male,11,10+,13,2,1,1,0.8375,0.7546697272362763,0.8541748523712158
S0-SM_male17,S0-SM_male17-elhigh-radmid-az180.png,male,13,10+,15,2,1,1,0.9,0.7931989297363202,0.854309618473053
S0-SM_male17,S0-SM_male17-elhigh-radmid-az225.png,male,9,5-9,13,4,1,1,0.79375,0.7540143086135913,0.8340885639190674
S0-SM_male17,S0-SM_male17-ellow-radfar-az090.png,male,22,10+,24,2,1,1,0.8,0.6629791577297617,0.7656193375587463
S0-SM_male17,S0-SM_male17-ellow-radfar-az225.png,male,5,5-9,7,2,1,1,0.5583333333954215,0.6392612759768355,0.7694860696792603
S0-SM_male17,S0-SM_male17-ellow-radfar-az270.png,male,1,1-4,1,0,0,0,0.0,0.0,0.0
S0-SM_male17,S0-SM_male17-ellow-radnear-az180.png,male,7,5-9,8,1,1,1,1.0,0.88321630283545,0.9243735074996948
S0-SM_male17,S0-SM_male17-elmid-radfar-az180.png,male,12,10+,15,3,1,1,0.6100000140070915,0.7841856193042673,0.8816421031951904
S0-SM_male17,S0-SM_male17-elmid-radmid-az045.png,male,10,10+,12,2,1,1,0.85625,0.7717889955120931,0.8516549468040466
S0-SM_male18,S0-SM_male18-elhigh-radfar-az045.png,male,5,5-9,7,2,1,1,0.566666667163372,0.571558682269778,0.7726238369941711
S0-SM_male18,S0-SM_male18-elhigh-radfar-az090.png,male,4,1-4,6,2,1,1,0.675,0.6165623062993006,0.7909466028213501
S0-SM_male18,S0-SM_male18-elhigh-radmid-az000.png,male,4,1-4,7,3,1,1,0.6222222295072344,0.6604870128471703,0.8296699523925781
S0-SM_male18,S0-SM_male18-elhigh-radmid-az045.png,male,3,1-4,5,2,1,1,0.725,0.7473276471887118,0.8440123796463013
S0-SM_male18,S0-SM_male18-elhigh-radmid-az135.png,male,4,1-4,7,3,1,1,0.7380952392305646,0.70460170912488,0.8187671899795532
S0-SM_male18,S0-SM_male18-ellow-radfar-az000.png,male,35,10+,37,2,1,1,0.85625,0.7437263721887213,0.8116526007652283
S0-SM_male18,S0-SM_male18-ellow-radfar-az045.png,male,20,10+,23,3,1,1,0.8907407430035097,0.8525734607021249,0.9135532975196838
S0-SM_male18,S0-SM_male18-ellow-radmid-az045.png,male,19,10+,21,2,1,1,0.75625,0.8068266850595123,0.9013200998306274
S0-SM_male18,S0-SM_male18-ellow-radmid-az315.png,male,28,10+,30,2,1,1,0.9,0.7528071791044333,0.8296135067939758
S0-SM_male18,S0-SM_male18-elmid-radfar-az315.png,male,4,1-4,7,3,1,1,0.711111115747028,0.6603362509494701,0.8112834095954895
S0-SM_male18,S0-SM_male18-elmid-radmid-az000.png,male,3,1-4,5,2,1,1,0.875,0.7710162809566157,0.8705508708953857
S0-SM_male18,S0-SM_male18-elmid-radmid-az225.png,male,3,1-4,6,3,1,1,0.5416666716337204,0.5938509115214998,0.8210994601249695
S0-SM_male18,S0-SM_male18-elmid-radnear-az315.png,male,2,1-4,4,2,1,1,0.7625,0.7823037483367159,0.8714184761047363
S0-SM_male19,S0-SM_male19-elhigh-radfar-az270.png,male,6,5-9,9,3,1,1,0.340000005364418,0.5010737586564886,0.7906773090362549
S0-SM_male19,S0-SM_male19-elhigh-radmid-az000.png,male,4,1-4,7,3,1,1,0.6600000060598055,0.7207143544274821,0.8158624768257141
S0-SM_male19,S0-SM_male19-ellow-radfar-az090.png,male,9,5-9,12,3,1,1,0.6740740768335484,0.6929083968347527,0.825799286365509
S0-SM_male19,S0-SM_male19-ellow-radmid-az045.png,male,21,10+,24,3,1,1,0.7466666758060454,0.826398320505696,0.8930155038833618
S0-SM_male19,S0-SM_male19-ellow-radnear-az180.png,male,10,10+,12,2,1,1,0.7333333343267441,0.7984720847908839,0.8583472371101379
S0-SM_male19,S0-SM_male19-elmid-radfar-az000.png,male,11,10+,14,3,1,1,0.6500000081956386,0.7782031015418802,0.8401193022727966
S0-SM_male19,S0-SM_male19-elmid-radmid-az180.png,male,4,1-4,7,3,1,1,0.7190476251499993,0.8024839317295296,0.8860823512077332
S0-SM_male19,S0-SM_male19-elmid-radnear-az135.png,male,2,1-4,5,3,1,1,0.8,0.7544202798980457,0.8809406161308289
S0-SM_male19,S0-SM_male19-elmid-radnear-az270.png,male,2,1-4,4,2,1,1,0.8,0.7499628000736323,0.8552346229553223
S0-SM_male2,S0-SM_male2-elhigh-radfar-az045.png,male,4,1-4,5,1,1,1,0.8,0.6162085556982788,0.7215368747711182
S0-SM_male2,S0-SM_male2-elhigh-radmid-az000.png,male,4,1-4,5,1,1,1,0.5,0.593206024547392,0.801345944404602
S0-SM_male2,S0-SM_male2-elhigh-radmid-az090.png,male,5,5-9,6,1,1,1,0.8,0.6967747875580343,0.8099731206893921
S0-SM_male2,S0-SM_male2-elhigh-radmid-az270.png,male,4,1-4,5,1,1,1,0.7,0.6767090025864562,0.8264628648757935
S0-SM_male2,S0-SM_male2-ellow-radfar-az045.png,male,9,5-9,10,1,1,1,0.6,0.6260170235158533,0.7925546765327454
S0-SM_male2,S0-SM_male2-ellow-radfar-az270.png,male,9,5-9,10,1,1,1,0.7,0.6442788721581856,0.7769508957862854
S0-SM_male2,S0-SM_male2-ellow-radmid-az000.png,male,4,1-4,5,1,1,1,0.7,0.7256589336775967,0.8561902642250061
S0-SM_male2,S0-SM_male2-ellow-radmid-az225.png,male,3,1-4,3,0,0,0,0.0,0.0,0.0
S0-SM_male2,S0-SM_male2-elmid-radfar-az180.png,male,12,10+,14,2,1,1,0.5142857149243355,0.6609165766139,0.8078280687332153
S0-SM_male2,S0-SM_male2-elmid-radfar-az315.png,male,4,1-4,5,1,1,1,0.9,0.720517072654161,0.7938353419303894
S0-SM_male2,S0-SM_male2-elmid-radmid-az000.png,male,4,1-4,5,1,1,1,0.7,0.7355849050137415,0.8727521300315857
S0-SM_male2,S0-SM_male2-elmid-radmid-az270.png,male,4,1-4,5,1,1,1,0.9,0.7698508931469199,0.8536205887794495
S0-SM_male2,S0-SM_male2-elmid-radnear-az270.png,male,4,1-4,5,1,1,1,0.7,0.7128319158701402,0.864956259727478
S0-SM_male20,S0-SM_male20-elhigh-radmid-az090.png,male,4,1-4,7,3,1,1,0.4777777847730452,0.4939871863601297,0.7670613527297974
S0-SM_male20,S0-SM_male20-elhigh-radmid-az135.png,male,3,1-4,6,3,1,1,0.8333333373069763,0.776042632930583,0.8416081666946411
S0-SM_male20,S0-SM_male20-elhigh-radnear-az180.png,male,2,1-4,4,2,1,1,0.4583333333954215,0.6048954828942499,0.7936340570449829
S0-SM_male20,S0-SM_male20-elhigh-radnear-az270.png,male,2,1-4,4,2,1,1,0.5,0.5698491636698861,0.8051314353942871
S0-SM_male20,S0-SM_male20-ellow-radfar-az000.png,male,29,10+,32,3,1,1,0.7761904784611293,0.7421664973827831,0.820246160030365
S0-SM_male20,S0-SM_male20-ellow-radfar-az315.png,male,26,10+,28,2,1,1,0.7,0.6942453496919647,0.8195714354515076
S0-SM_male20,S0-SM_male20-ellow-radmid-az000.png,male,25,10+,28,3,1,1,0.7388888899650838,0.7843075425202386,0.8898308277130127
S0-SM_male20,S0-SM_male20-ellow-radmid-az135.png,male,1,1-4,3,2,1,1,0.9,0.7951720990038709,0.8634091019630432
S0-SM_male20,S0-SM_male20-ellow-radnear-az045.png,male,25,10+,28,3,1,1,0.7114285757428123,0.7913887612674628,0.8923383951187134
S0-SM_male20,S0-SM_male20-elmid-radfar-az045.png,male,10,10+,13,3,1,1,0.6222222280171182,0.6959892522942823,0.8085489273071289
S0-SM_male20,S0-SM_male20-elmid-radmid-az045.png,male,4,1-4,7,3,1,1,0.7500000029802323,0.7194676848156973,0.8283116817474365
S0-SM_male20,S0-SM_male20-elmid-radmid-az090.png,male,4,1-4,7,3,1,1,0.7777777803026968,0.6688220755469736,0.810693085193634
S0-SM_male20,S0-SM_male20-elmid-radnear-az090.png,male,1,1-4,3,2,1,1,0.7125,0.6591843675956142,0.8255683183670044
S0-SM_male3,S0-SM_male3-elhigh-radnear-az090.png,male,0,0,1,1,1,1,0.5,0.5571268627116126,0.7908549308776855
S0-SM_male3,S0-SM_male3-elhigh-radnear-az225.png,male,0,0,1,1,1,1,0.7,0.6608734653379855,0.7839705348014832
S0-SM_male3,S0-SM_male3-ellow-radfar-az090.png,male,9,5-9,10,1,1,1,0.6,0.6289841104767788,0.8025331497192383
S0-SM_male3,S0-SM_male3-ellow-radfar-az270.png,male,10,10+,11,1,1,1,0.7,0.6193754930905904,0.7441553473472595
S0-SM_male3,S0-SM_male3-ellow-radmid-az045.png,male,20,10+,23,3,1,1,0.5666666779667139,0.7598737293667739,0.8560954332351685
S0-SM_male3,S0-SM_male3-ellow-radmid-az135.png,male,0,0,1,1,1,1,0.7,0.6978784442320531,0.8418370485305786
S0-SM_male3,S0-SM_male3-ellow-radmid-az225.png,male,20,10+,21,1,1,1,0.5,0.6305326917685115,0.8641414046287537
S0-SM_male3,S0-SM_male3-ellow-radnear-az000.png,male,19,10+,23,4,1,1,0.3537500006146729,0.723330888720497,0.8893221616744995
S0-SM_male3,S0-SM_male3-ellow-radnear-az090.png,male,2,1-4,3,1,1,1,0.8,0.8107292821806595,0.9051961898803711
S0-SM_male3,S0-SM_male3-elmid-radfar-az090.png,male,1,1-4,2,1,1,1,0.5,0.6155708247164711,0.8461905717849731
S0-SM_male3,S0-SM_male3-elmid-radfar-az135.png,male,0,0,1,1,1,1,0.5,0.5821790557136666,0.7958090901374817
S0-SM_male3,S0-SM_male3-elmid-radfar-az180.png,male,0,0,1,1,1,1,0.7,0.6427975460167232,0.7785565853118896
S0-SM_male3,S0-SM_male3-elmid-radmid-az270.png,male,0,0,1,1,1,1,0.8,0.7144763937141541,0.8269032835960388
S0-SM_male4,S0-SM_male4-elhigh-radfar-az045.png,male,4,1-4,7,3,1,1,0.6000000070532163,0.7316064185815776,0.8364410400390625
S0-SM_male4,S0-SM_male4-elhigh-radmid-az000.png,male,4,1-4,7,3,1,1,0.9,0.7941818826076883,0.8442627191543579
S0-SM_male4,S0-SM_male4-elhigh-radnear-az090.png,male,4,1-4,6,2,1,1,0.558333333581686,0.6308249809500843,0.8107379078865051
S0-SM_male4,S0-SM_male4-elhigh-radnear-az135.png,male,4,1-4,7,3,1,1,0.6666666686534881,0.7055948493075448,0.8523941040039062
S0-SM_male4,S0-SM_male4-ellow-radfar-az135.png,male,3,1-4,4,1,1,1,0.9,0.7578393229005442,0.8313372731208801
S0-SM_male4,S0-SM_male4-ellow-radfar-az225.png,male,17,10+,18,1,1,1,0.25,0.09324461544798979,0.1283286213874817
S0-SM_male4,S0-SM_male4-ellow-radmid-az045.png,male,4,1-4,6,2,1,1,0.958333333581686,0.8548550642309038,0.8974230289459229
S0-SM_male4,S0-SM_male4-ellow-radmid-az090.png,male,19,10+,19,0,0,0,0.0,0.0,0.0
S0-SM_male4,S0-SM_male4-ellow-radnear-az045.png,male,4,1-4,5,1,1,1,0.9,0.8518206293301773,0.9361572265625
S0-SM_male4,S0-SM_male4-elmid-radfar-az090.png,male,5,5-9,7,2,1,1,0.9,0.7821053740070099,0.8674830794334412
S0-SM_male4,S0-SM_male4-elmid-radmid-az000.png,male,4,1-4,7,3,1,1,0.5148148290261074,0.7274563194232542,0.8351612091064453
S0-SM_male4,S0-SM_male4-elmid-radmid-az180.png,male,7,5-9,10,3,1,1,0.7666666686534882,0.737012981003069,0.8319638967514038
S0-SM_male4,S0-SM_male4-elmid-radnear-az045.png,male,4,1-4,6,2,1,1,0.8583333335816861,0.8410117847578036,0.9088364839553833
S0-SM_male4,S0-SM_male4-elmid-radnear-az270.png,male,4,1-4,7,3,1,1,0.7133333360155423,0.7543828907103105,0.8522404432296753
S0-SM_male5,S0-SM_male5-elhigh-radfar-az090.png,male,5,5-9,7,2,1,1,0.625,0.7003402717050626,0.8135140538215637
S0-SM_male5,S0-SM_male5-elhigh-radmid-az090.png,male,5,5-9,7,2,1,1,0.729166666790843,0.6546722697705718,0.8071174621582031
S0-SM_male5,S0-SM_male5-elhigh-radmid-az270.png,male,4,1-4,5,1,1,1,0.6,0.6183634873056505,0.8106170296669006
S0-SM_male5,S0-SM_male5-elhigh-radmid-az315.png,male,5,5-9,8,3,1,1,0.755555557873514,0.684980466101667,0.8332734704017639
S0-SM_male5,S0-SM_male5-ellow-radfar-az000.png,male,8,5-9,11,3,1,1,0.7511904812284877,0.7194547141788803,0.8454866409301758
S0-SM_male5,S0-SM_male5-ellow-radfar-az225.png,male,8,5-9,8,0,0,0,0.0,0.0,0.0
S0-SM_male5,S0-SM_male5-ellow-radfar-az315.png,male,4,1-4,6,2,1,1,0.825,0.7358932480659917,0.7957188487052917
S0-SM_male5,S0-SM_male5-ellow-radmid-az000.png,male,7,5-9,9,2,1,1,0.9,0.7697666152391314,0.8371673226356506
S0-SM_male5,S0-SM_male5-elmid-radmid-az045.png,male,5,5-9,7,2,1,1,0.716666667163372,0.7292342873840276,0.821050226688385
S0-SM_male5,S0-SM_male5-elmid-radnear-az225.png,male,3,1-4,4,1,1,1,0.8,0.789086686356633,0.8834052681922913
S0-SM_male6,S0-SM_male6-elhigh-radfar-az000.png,male,5,5-9,8,3,1,1,0.5666666701436043,0.7496792174971674,0.8564872145652771
S0-SM_male6,S0-SM_male6-elhigh-radfar-az315.png,male,5,5-9,8,3,1,1,0.46111111326350107,0.5917906038643466,0.8303738236427307
S0-SM_male6,S0-SM_male6-elhigh-radmid-az090.png,male,4,1-4,6,2,1,1,0.508333333581686,0.5449100853294908,0.7036465406417847
S0-SM_male6,S0-SM_male6-elhigh-radnear-az045.png,male,4,1-4,7,3,1,1,0.755555557873514,0.6991184038723937,0.8420514464378357
S0-SM_male6,S0-SM_male6-elhigh-radnear-az270.png,male,4,1-4,7,3,1,1,0.5916666705161333,0.6751856320825382,0.8153320550918579
S0-SM_male6,S0-SM_male6-ellow-radmid-az090.png,male,5,5-9,7,2,1,1,0.5625,0.8248011770979815,0.9164299964904785
S0-SM_male6,S0-SM_male6-elmid-radmid-az000.png,male,4,1-4,7,3,1,1,0.705555557873514,0.712377938297859,0.8698359131813049
S0-SM_male6,S0-SM_male6-elmid-radnear-az270.png,male,4,1-4,7,3,1,1,0.6444444520605934,0.6697286918966512,0.8036693334579468
S0-SM_male7,S0-SM_male7-elhigh-radmid-az270.png,male,7,5-9,8,1,1,1,0.7,0.6768897183481393,0.7977476716041565
S0-SM_male7,S0-SM_male7-ellow-radfar-az000.png,male,12,10+,14,2,1,1,0.37916666753590106,0.6946287145670595,0.8403737545013428
S0-SM_male7,S0-SM_male7-ellow-radfar-az315.png,male,15,10+,16,1,1,1,0.7,0.687741873975412,0.8366717100143433
S0-SM_male7,S0-SM_male7-ellow-radnear-az135.png,male,11,10+,12,1,1,1,0.9,0.8251161877019193,0.8916211724281311
S0-SM_male7,S0-SM_male7-ellow-radnear-az315.png,male,12,10+,14,2,1,1,0.5666666697710753,0.8219121394537936,0.898041844367981
S0-SM_male7,S0-SM_male7-elmid-radmid-az000.png,male,9,5-9,10,1,1,1,0.7,0.7089346774432101,0.8690535426139832
S0-SM_male7,S0-SM_male7-elmid-radnear-az135.png,male,3,1-4,4,1,1,1,0.8,0.6860999925447686,0.7707936763763428
S0-SM_male8,S0-SM_male8-elhigh-radfar-az225.png,male,0,0,1,1,1,1,0.7,0.6296147078558931,0.7647747993469238
S0-SM_male8,S0-SM_male8-elhigh-radmid-az180.png,male,0,0,1,1,1,1,0.8,0.659112779988682,0.7717075943946838
S0-SM_male8,S0-SM_male8-elhigh-radmid-az225.png,male,0,0,1,1,1,1,0.8,0.7110106613822467,0.7984544038772583
S0-SM_male8,S0-SM_male8-elhigh-radmid-az270.png,male,1,1-4,2,1,1,1,0.7,0.6829174417770822,0.8142027258872986
S0-SM_male8,S0-SM_male8-elhigh-radmid-az315.png,male,0,0,1,1,1,1,0.9,0.7243556910301123,0.7854816913604736
S0-SM_male8,S0-SM_male8-elhigh-radnear-az135.png,male,0,0,1,1,1,1,0.5,0.5555398758194343,0.7509868144989014
S0-SM_male8,S0-SM_male8-elhigh-radnear-az270.png,male,0,0,1,1,1,1,0.25,0.0017370848203446254,0.0024399582762271166
S0-SM_male8,S0-SM_male8-ellow-radfar-az045.png,male,8,5-9,9,1,1,1,0.7,0.6680589839354276,0.8215053677558899
S0-SM_male8,S0-SM_male8-ellow-radfar-az135.png,male,16,10+,17,1,1,1,0.6,0.6252919149238956,0.8085400462150574
S0-SM_male8,S0-SM_male8-ellow-radfar-az225.png,male,24,10+,25,1,1,1,0.8,0.6728900284770845,0.7909199595451355
S0-SM_male8,S0-SM_male8-ellow-radfar-az315.png,male,10,10+,11,1,1,1,0.9,0.6772667457678168,0.7472022771835327
S0-SM_male8,S0-SM_male8-ellow-radmid-az000.png,male,12,10+,13,1,1,1,0.7,0.6766813167262846,0.8240242600440979
S0-SM_male8,S0-SM_male8-elmid-radfar-az135.png,male,4,1-4,5,1,1,1,0.5,0.6000881932958961,0.8048568964004517
S0-SM_male8,S0-SM_male8-elmid-radfar-az270.png,male,7,5-9,8,1,1,1,0.9,0.7930081566556453,0.8536179661750793
S0-SM_male8,S0-SM_male8-elmid-radfar-az315.png,male,12,10+,13,1,1,1,0.4,0.5189528443355371,0.7747657895088196
S0-SM_male8,S0-SM_male8-elmid-radmid-az045.png,male,2,1-4,3,1,1,1,0.8,0.7342629006347465,0.8239202499389648
S0-SM_male8,S0-SM_male8-elmid-radmid-az225.png,male,0,0,1,1,1,1,0.9,0.7665519764977979,0.8436694741249084
S0-SM_male8,S0-SM_male8-elmid-radnear-az090.png,male,0,0,1,1,1,1,0.8,0.7567858090168222,0.8500996232032776
S0-SM_male9,S0-SM_male9-elhigh-radfar-az225.png,male,10,10+,11,1,1,1,0.7,0.6384387441251604,0.7649490237236023
S0-SM_male9,S0-SM_male9-elhigh-radnear-az315.png,male,5,5-9,6,1,1,1,0.7,0.6710043804744075,0.8042156100273132
S0-SM_male9,S0-SM_male9-ellow-radfar-az270.png,male,8,5-9,10,2,1,1,0.49166667088866234,0.5533767616682717,0.7845861315727234
S0-SM_male9,S0-SM_male9-ellow-radmid-az045.png,male,10,10+,11,1,1,1,0.5,0.6383257992519518,0.8649598360061646
S0-SM_male9,S0-SM_male9-ellow-radnear-az270.png,male,7,5-9,8,1,1,1,0.8,0.7934178129809695,0.896957278251648
S0-SM_male9,S0-SM_male9-elmid-radmid-az135.png,male,5,5-9,6,1,1,1,0.6,0.6361629657845569,0.8239132165908813
S0-SM_male9,S0-SM_male9-elmid-radnear-az090.png,male,2,1-4,3,1,1,1,0.9,0.8280596812619763,0.8829493522644043
S0-SM_male9,S0-SM_male9-elmid-radnear-az180.png,male,3,1-4,4,1,1,1,0.8,0.7112121777181528,0.8356037139892578
S0-SM_male9,S0-SM_male9-elmid-radnear-az270.png,male,4,1-4,5,1,1,1,0.9,0.8275557022054869,0.8811908960342407
S0-SM_rock1,S0-SM_rock1-elhigh-radfar-az045.png,rock,4,1-4,5,1,1,1,1.0,0.9500541450975675,0.9677579402923584
S0-SM_rock1,S0-SM_rock1-elhigh-radfar-az315.png,rock,5,5-9,6,1,1,1,1.0,0.9523457443631003,0.9659664034843445
S0-SM_rock1,S0-SM_rock1-elhigh-radmid-az135.png,rock,3,1-4,4,1,1,1,1.0,0.9418038460244418,0.969070553779602
S0-SM_rock1,S0-SM_rock1-elhigh-radmid-az225.png,rock,3,1-4,4,1,1,1,1.0,0.9499340855874969,0.9707983136177063
S0-SM_rock1,S0-SM_rock1-elhigh-radmid-az315.png,rock,3,1-4,4,1,1,1,1.0,0.9535516889427527,0.9723802804946899
S0-SM_rock1,S0-SM_rock1-ellow-radfar-az270.png,rock,16,10+,21,5,1,1,0.25230769664049146,0.9377300941938813,0.9672849178314209
S0-SM_rock1,S0-SM_rock1-ellow-radmid-az045.png,rock,3,1-4,4,1,1,1,1.0,0.9416460014548989,0.965872585773468
S0-SM_rock1,S0-SM_rock1-ellow-radmid-az135.png,rock,3,1-4,4,1,1,1,0.9,0.8650798499257562,0.9170233011245728
S0-SM_rock1,S0-SM_rock1-ellow-radmid-az180.png,rock,9,5-9,10,1,1,1,1.0,0.9432530756465951,0.9627079963684082
S0-SM_rock1,S0-SM_rock1-ellow-radnear-az045.png,rock,2,1-4,3,1,1,1,1.0,0.9497320568172967,0.9662092924118042
S0-SM_rock1,S0-SM_rock1-ellow-radnear-az090.png,rock,3,1-4,4,1,1,1,1.0,0.9513214311737102,0.9701814651489258
S0-SM_rock1,S0-SM_rock1-elmid-radmid-az000.png,rock,4,1-4,5,1,1,1,1.0,0.9562466124982976,0.9715344309806824
S0-SM_rock1,S0-SM_rock1-elmid-radmid-az270.png,rock,4,1-4,5,1,1,1,1.0,0.9465913928273118,0.9716007113456726
S0-SM_rock1,S0-SM_rock1-elmid-radnear-az090.png,rock,2,1-4,3,1,1,1,1.0,0.9672048290938022,0.9773679971694946
S0-SM_rock1,S0-SM_rock1-elmid-radnear-az225.png,rock,3,1-4,4,1,1,1,1.0,0.9728508755433083,0.9838632345199585
S0-SM_rock10,S0-SM_rock10-elhigh-radfar-az270.png,rock,4,1-4,9,5,1,1,1.0,0.9646444278043873,0.9732489585876465
S0-SM_rock10,S0-SM_rock10-elhigh-radfar-az315.png,rock,8,5-9,13,5,1,1,1.0,0.9441033428463363,0.9707924723625183
S0-SM_rock10,S0-SM_rock10-elhigh-radnear-az000.png,rock,4,1-4,8,4,1,1,1.0,0.9514722036463077,0.9759090542793274
S0-SM_rock10,S0-SM_rock10-elhigh-radnear-az090.png,rock,4,1-4,9,5,1,1,0.9500000032782555,0.9702675154468388,0.9814152121543884
S0-SM_rock10,S0-SM_rock10-elhigh-radnear-az225.png,rock,4,1-4,8,4,1,1,0.9625,0.9329803794000853,0.9773577451705933
S0-SM_rock10,S0-SM_rock10-elhigh-radnear-az270.png,rock,3,1-4,7,4,1,1,0.979166666790843,0.9564153575801662,0.9734516739845276
S0-SM_rock10,S0-SM_rock10-ellow-radfar-az090.png,rock,5,5-9,9,4,1,1,0.7598214291967451,0.9126017552745225,0.9579920768737793
S0-SM_rock10,S0-SM_rock10-ellow-radfar-az135.png,rock,14,10+,16,2,1,1,0.954166666790843,0.9250931698677931,0.9674772024154663
S0-SM_rock10,S0-SM_rock10-ellow-radfar-az180.png,rock,0,0,2,2,1,1,1.0,0.9743174179753744,0.9830328822135925
S0-SM_rock10,S0-SM_rock10-ellow-radmid-az045.png,rock,2,1-4,5,3,1,1,0.8725490243338486,0.9676082625555864,0.9864534735679626
S0-SM_rock10,S0-SM_rock10-ellow-radmid-az225.png,rock,2,1-4,5,3,1,1,0.9588888910578357,0.9521508969041612,0.9732263684272766
S0-SM_rock10,S0-SM_rock10-ellow-radnear-az225.png,rock,3,1-4,6,3,1,1,0.578571436873504,0.963138257619164,0.976630687713623
S0-SM_rock10,S0-SM_rock10-ellow-radnear-az315.png,rock,2,1-4,4,2,1,1,0.85,0.881724989999384,0.9145097732543945
S0-SM_rock11,S0-SM_rock11-elhigh-radmid-az000.png,rock,0,0,5,5,1,1,1.0,0.96016097167103,0.9759225845336914
S0-SM_rock11,S0-SM_rock11-ellow-radfar-az000.png,rock,4,1-4,7,3,1,1,0.8277777861389849,0.9314059756953696,0.9487375020980835
S0-SM_rock11,S0-SM_rock11-ellow-radfar-az090.png,rock,4,1-4,8,4,1,1,0.908333333581686,0.9623612918018196,0.9730411171913147
S0-SM_rock11,S0-SM_rock11-ellow-radfar-az180.png,rock,3,1-4,6,3,1,1,0.8000000134110451,0.9433445824266684,0.9770994782447815
S0-SM_rock11,S0-SM_rock11-ellow-radmid-az000.png,rock,3,1-4,7,4,1,1,0.5319444475695491,0.9035457629135024,0.9496124982833862
S0-SM_rock11,S0-SM_rock11-ellow-radnear-az045.png,rock,1,1-4,4,3,1,1,0.6833333496418265,0.9461652673975323,0.9741645455360413
S0-SM_rock11,S0-SM_rock11-ellow-radnear-az315.png,rock,1,1-4,5,4,1,1,1.0,0.9570045410297823,0.9698405861854553
S0-SM_rock11,S0-SM_rock11-elmid-radfar-az090.png,rock,6,5-9,10,4,1,1,1.0,0.9647252617670006,0.9811491966247559
S0-SM_rock11,S0-SM_rock11-elmid-radmid-az225.png,rock,4,1-4,9,5,1,1,0.9566666694482168,0.9602036504640878,0.9719706177711487
S0-SM_rock11,S0-SM_rock11-elmid-radnear-az045.png,rock,0,0,4,4,1,1,1.0,0.9712038489549997,0.9810889959335327
S0-SM_rock12,S0-SM_rock12-elhigh-radfar-az045.png,rock,1,1-4,4,3,1,1,1.0,0.9672387203601183,0.9767351746559143
S0-SM_rock12,S0-SM_rock12-elhigh-radmid-az045.png,rock,0,0,3,3,1,1,1.0,0.9606512625613064,0.9739271402359009
S0-SM_rock12,S0-SM_rock12-elhigh-radnear-az180.png,rock,1,1-4,4,3,1,1,1.0,0.9566115746426114,0.9723525643348694
S0-SM_rock12,S0-SM_rock12-elhigh-radnear-az315.png,rock,1,1-4,5,4,1,1,0.7734375,0.9630184017922545,0.9772953987121582
S0-SM_rock12,S0-SM_rock12-ellow-radfar-az180.png,rock,13,10+,17,4,1,1,0.9215277783572674,0.9312063455134876,0.9520574808120728
S0-SM_rock12,S0-SM_rock12-ellow-radmid-az000.png,rock,4,1-4,8,4,1,1,0.6526785725727677,0.9627222081642515,0.9747328162193298
S0-SM_rock12,S0-SM_rock12-ellow-radmid-az315.png,rock,3,1-4,5,2,1,1,1.0,0.9540077888381617,0.9661458730697632
S0-SM_rock12,S0-SM_rock12-ellow-radnear-az000.png,rock,2,1-4,5,3,1,1,0.8411764771914949,0.9602775389970901,0.9729737639427185
S0-SM_rock12,S0-SM_rock12-ellow-radnear-az090.png,rock,5,5-9,7,2,1,1,0.954166666790843,0.9582975399946569,0.9761801362037659
S0-SM_rock12,S0-SM_rock12-elmid-radfar-az000.png,rock,9,5-9,13,4,1,1,0.9214285716414452,0.9504903630663648,0.9703073501586914
S0-SM_rock12,S0-SM_rock12-elmid-radmid-az225.png,rock,2,1-4,6,4,1,1,1.0,0.9565395374252716,0.9669646620750427
S0-SM_rock12,S0-SM_rock12-elmid-radmid-az270.png,rock,2,1-4,6,4,1,1,1.0,0.948739539806958,0.9712706208229065
S0-SM_rock12,S0-SM_rock12-elmid-radmid-az315.png,rock,2,1-4,5,3,1,1,1.0,0.9562216492456272,0.9697223901748657
S0-SM_rock13,S0-SM_rock13-elhigh-radnear-az135.png,rock,1,1-4,5,4,1,1,0.984375,0.9490887310752569,0.9722023606300354
S0-SM_rock13,S0-SM_rock13-ellow-radfar-az225.png,rock,16,10+,18,2,1,1,1.0,0.9441133674728945,0.9695508480072021
S0-SM_rock13,S0-SM_rock13-ellow-radmid-az090.png,rock,1,1-4,5,4,1,1,0.5913461543619632,0.9125399832940957,0.9609361290931702
S0-SM_rock13,S0-SM_rock13-elmid-radfar-az135.png,rock,4,1-4,8,4,1,1,1.0,0.9459466150397944,0.9731847047805786
S0-SM_rock13,S0-SM_rock13-elmid-radfar-az270.png,rock,2,1-4,6,4,1,1,1.0,0.9548531411667085,0.9682120680809021
S0-SM_rock13,S0-SM_rock13-elmid-radmid-az000.png,rock,2,1-4,6,4,1,1,1.0,0.9464578136264663,0.9724434018135071
S0-SM_rock13,S0-SM_rock13-elmid-radnear-az180.png,rock,1,1-4,5,4,1,1,1.0,0.9576987760104885,0.9764482975006104
S0-SM_rock14,S0-SM_rock14-elhigh-radfar-az315.png,rock,2,1-4,6,4,1,1,1.0,0.9570989937226244,0.9670833945274353
S0-SM_rock14,S0-SM_rock14-elhigh-radmid-az135.png,rock,1,1-4,4,3,1,1,0.7700000145037968,0.9423104415301253,0.971361517906189
S0-SM_rock14,S0-SM_rock14-elhigh-radmid-az225.png,rock,1,1-4,4,3,1,1,1.0,0.9415666613717022,0.969401478767395
S0-SM_rock14,S0-SM_rock14-elhigh-radnear-az180.png,rock,1,1-4,3,2,1,1,0.958333333581686,0.9510191947812174,0.9707185626029968
S0-SM_rock14,S0-SM_rock14-elhigh-radnear-az270.png,rock,1,1-4,4,3,1,1,1.0,0.9594184324491373,0.9750474095344543
S0-SM_rock14,S0-SM_rock14-elhigh-radnear-az315.png,rock,1,1-4,5,4,1,1,0.8000000007450581,0.9598873817071478,0.9731355905532837
S0-SM_rock14,S0-SM_rock14-ellow-radfar-az225.png,rock,14,10+,16,2,1,1,1.0,0.9646459554640074,0.980442464351654
S0-SM_rock14,S0-SM_rock14-ellow-radmid-az225.png,rock,15,10+,17,2,1,1,0.9625,0.9656390269404014,0.9808674454689026
S0-SM_rock14,S0-SM_rock14-ellow-radnear-az315.png,rock,7,5-9,16,9,1,1,0.6397222284072389,0.9705035632946206,0.977405846118927
S0-SM_rock14,S0-SM_rock14-elmid-radnear-az045.png,rock,1,1-4,4,3,1,1,0.9777777794334623,0.9700592655989198,0.9781100153923035
S0-SM_rock14,S0-SM_rock14-elmid-radnear-az135.png,rock,1,1-4,3,2,1,1,0.8125,0.9645398386858872,0.9747299551963806
S0-SM_rock14,S0-SM_rock14-elmid-radnear-az180.png,rock,1,1-4,2,1,1,1,1.0,0.9542421696426047,0.9756520986557007
S0-SM_rock15,S0-SM_rock15-elhigh-radfar-az225.png,rock,5,5-9,10,5,1,1,1.0,0.958523890508264,0.9756268858909607
S0-SM_rock15,S0-SM_rock15-elhigh-radmid-az045.png,rock,3,1-4,8,5,1,1,0.988000000834465,0.9447774624721852,0.9777345061302185
S0-SM_rock15,S0-SM_rock15-elhigh-radmid-az090.png,rock,9,5-9,14,5,1,1,0.988000000834465,0.9627069471511476,0.9775211811065674
S0-SM_rock15,S0-SM_rock15-elhigh-radnear-az135.png,rock,2,1-4,7,5,1,1,0.9685714305298669,0.9630897581617788,0.9814873933792114
S0-SM_rock15,S0-SM_rock15-ellow-radfar-az000.png,rock,1,1-4,1,0,0,0,0.0,0.0,0.0
S0-SM_rock15,S0-SM_rock15-ellow-radmid-az090.png,rock,8,5-9,10,2,1,1,1.0,0.9580732041354985,0.9769644141197205
S0-SM_rock15,S0-SM_rock15-ellow-radnear-az090.png,rock,0,0,1,1,1,1,1.0,0.9762371210468075,0.9831697940826416
S0-SM_rock15,S0-SM_rock15-ellow-radnear-az225.png,rock,0,0,2,2,1,1,0.75,0.9742223709456752,0.9840666055679321
S0-SM_rock15,S0-SM_rock15-elmid-radfar-az225.png,rock,4,1-4,9,5,1,1,0.9844444454047416,0.9584247052069621,0.9675793051719666
S0-SM_rock15,S0-SM_rock15-elmid-radfar-az315.png,rock,4,1-4,10,6,1,1,0.9892857131503877,0.9471796046049654,0.9709630608558655
S0-SM_rock15,S0-SM_rock15-elmid-radmid-az000.png,rock,6,5-9,11,5,1,1,1.0,0.9647199702210116,0.9792091846466064
S0-SM_rock15,S0-SM_rock15-elmid-radmid-az180.png,rock,5,5-9,10,5,1,1,0.9480000035166739,0.9505335593250948,0.9668184518814087
S0-SM_rock15,S0-SM_rock15-elmid-radnear-az045.png,rock,1,1-4,5,4,1,1,0.9208333335816861,0.976680165968915,0.9867032766342163
S0-SM_rock16,S0-SM_rock16-elhigh-radmid-az090.png,rock,5,5-9,8,3,1,1,0.8814814886561146,0.9686250963989096,0.9796834588050842
S0-SM_rock16,S0-SM_rock16-elhigh-radmid-az270.png,rock,5,5-9,9,4,1,1,0.984375,0.9703179302442138,0.978054940700531
S0-SM_rock16,S0-SM_rock16-elhigh-radnear-az090.png,rock,4,1-4,7,3,1,1,0.7333333512147266,0.9738210402733429,0.9799715280532837
S0-SM_rock16,S0-SM_rock16-ellow-radmid-az000.png,rock,6,5-9,10,4,1,1,0.6687500011175871,0.9639470828555403,0.9769104719161987
S0-SM_rock16,S0-SM_rock16-ellow-radmid-az135.png,rock,5,5-9,6,1,1,1,1.0,0.9629828271535743,0.9797077775001526
S0-SM_rock16,S0-SM_rock16-elmid-radfar-az000.png,rock,5,5-9,7,2,1,1,1.0,0.9616464440790367,0.9766135215759277
S0-SM_rock16,S0-SM_rock16-elmid-radfar-az315.png,rock,10,10+,12,2,1,1,1.0,0.9648387418721605,0.9751399159431458
S0-SM_rock16,S0-SM_rock16-elmid-radnear-az270.png,rock,3,1-4,6,3,1,1,0.9500000029802322,0.962973384405803,0.9825167059898376
S0-SM_rock16,S0-SM_rock16-elmid-radnear-az315.png,rock,4,1-4,6,2,1,1,1.0,0.9761038788018901,0.9838808178901672
S0-SM_rock17,S0-SM_rock17-elhigh-radmid-az090.png,rock,5,5-9,9,4,1,1,0.9625,0.9566272943085998,0.9774150252342224
S0-SM_rock17,S0-SM_rock17-elhigh-radmid-az225.png,rock,6,5-9,11,5,1,1,0.8181818301569331,0.9600196256464386,0.9756420254707336
S0-SM_rock17,S0-SM_rock17-elhigh-radnear-az180.png,rock,4,1-4,8,4,1,1,0.757291666790843,0.969914020691629,0.9782480597496033
S0-SM_rock17,S0-SM_rock17-elhigh-radnear-az225.png,rock,3,1-4,6,3,1,1,1.0,0.9553007571205896,0.9733012318611145
S0-SM_rock17,S0-SM_rock17-elhigh-radnear-az270.png,rock,4,1-4,8,4,1,1,1.0,0.9708218861732121,0.9837627410888672
S0-SM_rock17,S0-SM_rock17-ellow-radfar-az135.png,rock,5,5-9,6,1,1,1,1.0,0.9554322849945933,0.972051739692688
S0-SM_rock17,S0-SM_rock17-ellow-radmid-az000.png,rock,2,1-4,5,3,1,1,1.0,0.9542255457552073,0.9737658500671387
S0-SM_rock17,S0-SM_rock17-ellow-radnear-az090.png,rock,11,10+,13,2,1,1,0.671875,0.9191497809981506,0.9564024806022644
S0-SM_rock17,S0-SM_rock17-ellow-radnear-az135.png,rock,1,1-4,3,2,1,1,1.0,0.9384002322376972,0.9645235538482666
S0-SM_rock17,S0-SM_rock17-ellow-radnear-az225.png,rock,2,1-4,5,3,1,1,0.7287179657740468,0.956228441998249,0.974592924118042
S0-SM_rock17,S0-SM_rock17-elmid-radfar-az135.png,rock,9,5-9,13,4,1,1,0.9291666666977108,0.969414941803457,0.9792634844779968
S0-SM_rock17,S0-SM_rock17-elmid-radmid-az000.png,rock,8,5-9,11,3,1,1,1.0,0.966229847346991,0.9819170832633972
S0-SM_rock17,S0-SM_rock17-elmid-radnear-az045.png,rock,2,1-4,4,2,1,1,1.0,0.9602997545823939,0.9714350700378418
S0-SM_rock17,S0-SM_rock17-elmid-radnear-az135.png,rock,2,1-4,5,3,1,1,1.0,0.9661281448577945,0.9826975464820862
S0-SM_rock17,S0-SM_rock17-elmid-radnear-az315.png,rock,3,1-4,6,3,1,1,0.9416666701436043,0.9718830449498483,0.9842430353164673
S0-SM_rock18,S0-SM_rock18-elhigh-radfar-az315.png,rock,9,5-9,15,6,1,1,0.94523808998721,0.9487344573035728,0.967651903629303
S0-SM_rock18,S0-SM_rock18-elhigh-radmid-az000.png,rock,5,5-9,11,6,1,1,0.9654761911857695,0.9464751457789617,0.9705116748809814
S0-SM_rock18,S0-SM_rock18-elhigh-radnear-az045.png,rock,4,1-4,8,4,1,1,0.978125,0.9584617049455524,0.9734222292900085
S0-SM_rock18,S0-SM_rock18-ellow-radfar-az090.png,rock,3,1-4,8,5,1,1,0.9316666709383329,0.947205896710642,0.9690706729888916
S0-SM_rock18,S0-SM_rock18-ellow-radfar-az135.png,rock,3,1-4,4,1,1,1,0.7,0.5858601272669901,0.7059131264686584
S0-SM_rock18,S0-SM_rock18-ellow-radfar-az315.png,rock,4,1-4,8,4,1,1,0.937500000372529,0.9515768639936724,0.9782706499099731
S0-SM_rock18,S0-SM_rock18-ellow-radmid-az135.png,rock,1,1-4,1,0,0,0,0.0,0.0,0.0
S0-SM_rock18,S0-SM_rock18-ellow-radnear-az045.png,rock,5,5-9,7,2,1,1,0.8,0.9575195078073833,0.9771310091018677
S0-SM_rock18,S0-SM_rock18-ellow-radnear-az135.png,rock,4,1-4,7,3,1,1,1.0,0.9706192124136699,0.9821717143058777
S0-SM_rock18,S0-SM_rock18-elmid-radmid-az000.png,rock,9,5-9,15,6,1,1,0.95625,0.9627005730230564,0.9734600782394409
S0-SM_rock18,S0-SM_rock18-elmid-radmid-az045.png,rock,6,5-9,11,5,1,1,0.9688888908094831,0.9592912152086939,0.9767572283744812
S0-SM_rock18,S0-SM_rock18-elmid-radnear-az135.png,rock,2,1-4,5,3,1,1,1.0,0.9598456821812604,0.9776586890220642
S0-SM_rock18,S0-SM_rock18-elmid-radnear-az180.png,rock,1,1-4,4,3,1,1,1.0,0.9679541898834465,0.9765163064002991
S0-SM_rock18,S0-SM_rock18-elmid-radnear-az315.png,rock,5,5-9,9,4,1,1,0.96875,0.9600688411159766,0.972887396812439
S0-SM_rock19,S0-SM_rock19-elhigh-radfar-az180.png,rock,5,5-9,11,6,1,1,0.9759259234975886,0.9164147965760527,0.9629908204078674
S0-SM_rock19,S0-SM_rock19-elhigh-radmid-az270.png,rock,5,5-9,11,6,1,1,0.9076388772990966,0.950276036610326,0.9688321352005005
S0-SM_rock19,S0-SM_rock19-ellow-radfar-az225.png,rock,2,1-4,5,3,1,1,0.8644444494777256,0.9505759061474635,0.976585865020752
S0-SM_rock19,S0-SM_rock19-elmid-radfar-az270.png,rock,10,10+,16,6,1,1,0.8341666724781195,0.9397180717379818,0.9647770524024963
S0-SM_rock2,S0-SM_rock2-elhigh-radfar-az180.png,rock,4,1-4,5,1,1,1,1.0,0.9478324751692888,0.9652157425880432
S0-SM_rock2,S0-SM_rock2-elhigh-radmid-az135.png,rock,4,1-4,5,1,1,1,1.0,0.9438468828442339,0.970070481300354
S0-SM_rock2,S0-SM_rock2-elhigh-radnear-az000.png,rock,4,1-4,5,1,1,1,1.0,0.9635150824892733,0.9720631837844849
S0-SM_rock2,S0-SM_rock2-elhigh-radnear-az225.png,rock,4,1-4,5,1,1,1,1.0,0.9550848250062138,0.9723588824272156
S0-SM_rock2,S0-SM_rock2-elhigh-radnear-az315.png,rock,4,1-4,5,1,1,1,1.0,0.9602703576889411,0.9757558107376099
S0-SM_rock2,S0-SM_rock2-ellow-radfar-az000.png,rock,4,1-4,5,1,1,1,1.0,0.9256229210482481,0.9586274027824402
S0-SM_rock2,S0-SM_rock2-ellow-radmid-az315.png,rock,4,1-4,5,1,1,1,1.0,0.9424114177876248,0.96071457862854
S0-SM_rock2,S0-SM_rock2-ellow-radnear-az000.png,rock,1,1-4,2,1,1,1,1.0,0.963200773306081,0.9755637049674988
S0-SM_rock2,S0-SM_rock2-elmid-radfar-az000.png,rock,4,1-4,5,1,1,1,1.0,0.9542443066368449,0.968510091304779
S0-SM_rock2,S0-SM_rock2-elmid-radfar-az270.png,rock,4,1-4,5,1,1,1,1.0,0.923111887770034,0.9579602479934692
S0-SM_rock2,S0-SM_rock2-elmid-radmid-az045.png,rock,1,1-4,2,1,1,1,1.0,0.9616956731027635,0.9699974656105042
S0-SM_rock2,S0-SM_rock2-elmid-radmid-az090.png,rock,2,1-4,3,1,1,1,1.0,0.9603289468957179,0.9739112257957458
S0-SM_rock2,S0-SM_rock2-elmid-radnear-az045.png,rock,1,1-4,2,1,1,1,1.0,0.9706702744914537,0.9787131547927856
S0-SM_rock2,S0-SM_rock2-elmid-radnear-az225.png,rock,3,1-4,4,1,1,1,1.0,0.9714856819850013,0.9794671535491943
S0-SM_rock2,S0-SM_rock2-elmid-radnear-az315.png,rock,4,1-4,5,1,1,1,1.0,0.967533084927517,0.9774790406227112
S0-SM_rock20,S0-SM_rock20-elhigh-radnear-az000.png,rock,6,5-9,9,3,1,1,0.723076940442507,0.9665130744719157,0.9767429232597351
S0-SM_rock20,S0-SM_rock20-ellow-radfar-az000.png,rock,5,5-9,6,1,1,1,0.9,0.830419663193922,0.9076529741287231
S0-SM_rock20,S0-SM_rock20-ellow-radfar-az135.png,rock,10,10+,13,3,1,1,0.7666666691501934,0.7667773668656608,0.9210070967674255
S0-SM_rock20,S0-SM_rock20-ellow-radmid-az135.png,rock,6,5-9,9,3,1,1,0.8714285733444349,0.851385514167962,0.9021967053413391
S0-SM_rock20,S0-SM_rock20-ellow-radnear-az270.png,rock,6,5-9,7,1,1,1,1.0,0.9343725940535208,0.9516063332557678
S0-SM_rock20,S0-SM_rock20-ellow-radnear-az315.png,rock,6,5-9,7,1,1,1,1.0,0.9452908815253735,0.9711520075798035
S0-SM_rock20,S0-SM_rock20-elmid-radfar-az090.png,rock,11,10+,17,6,1,1,0.9428571441343852,0.9294144256440049,0.9589251279830933
S0-SM_rock20,S0-SM_rock20-elmid-radfar-az225.png,rock,7,5-9,10,3,1,1,0.71428573344435,0.9461478059652251,0.969131588935852
S0-SM_rock20,S0-SM_rock20-elmid-radfar-az315.png,rock,12,10+,15,3,1,1,0.7500000163912772,0.9499650997245936,0.9663273096084595
S0-SM_rock21,S0-SM_rock21-elhigh-radfar-az000.png,rock,8,5-9,14,6,1,1,0.9706349221486894,0.9433293388748183,0.9667352437973022
S0-SM_rock21,S0-SM_rock21-elhigh-radfar-az045.png,rock,10,10+,16,6,1,1,0.856249987706542,0.9400908210628636,0.9629279971122742
S0-SM_rock21,S0-SM_rock21-elhigh-radfar-az135.png,rock,5,5-9,10,5,1,1,0.964000002503395,0.9393767665505948,0.9679985046386719
S0-SM_rock21,S0-SM_rock21-elhigh-radmid-az045.png,rock,7,5-9,11,4,1,1,1.0,0.9549025688538393,0.970153272151947
S0-SM_rock21,S0-SM_rock21-elhigh-radmid-az225.png,rock,4,1-4,8,4,1,1,1.0,0.9612509878679916,0.977678656578064
S0-SM_rock21,S0-SM_rock21-elhigh-radnear-az135.png,rock,3,1-4,7,4,1,1,0.984375,0.9565460674740294,0.9762627482414246
S0-SM_rock21,S0-SM_rock21-elhigh-radnear-az225.png,rock,4,1-4,8,4,1,1,0.9825000002980232,0.9617702349759725,0.9767113924026489
S0-SM_rock21,S0-SM_rock21-ellow-radfar-az045.png,rock,6,5-9,8,2,1,1,0.854166666790843,0.8796472678763401,0.9364822506904602
S0-SM_rock21,S0-SM_rock21-ellow-radmid-az315.png,rock,3,1-4,5,2,1,1,1.0,0.9675224319128262,0.9770773649215698
S0-SM_rock21,S0-SM_rock21-ellow-radnear-az090.png,rock,5,5-9,9,4,1,1,0.866666666790843,0.951857127862052,0.9665300250053406
S0-SM_rock21,S0-SM_rock21-ellow-radnear-az270.png,rock,0,0,1,1,1,1,1.0,0.9743971585573448,0.9833918809890747
S0-SM_rock21,S0-SM_rock21-elmid-radmid-az000.png,rock,6,5-9,12,6,1,1,0.873888884501325,0.9455834728151444,0.9741269946098328
S0-SM_rock21,S0-SM_rock21-elmid-radmid-az180.png,rock,3,1-4,7,4,1,1,0.9390625,0.9589293595511528,0.9743514657020569
S0-SM_rock21,S0-SM_rock21-elmid-radmid-az225.png,rock,4,1-4,8,4,1,1,0.98125,0.9572750346309604,0.9774567484855652
S0-SM_rock21,S0-SM_rock21-elmid-radnear-az000.png,rock,3,1-4,7,4,1,1,0.840104167163372,0.9653188459201445,0.9756075143814087
S0-SM_rock3,S0-SM_rock3-elhigh-radmid-az090.png,rock,2,1-4,6,4,1,1,1.0,0.9522291263436955,0.9756371378898621
S0-SM_rock3,S0-SM_rock3-elhigh-radnear-az135.png,rock,2,1-4,6,4,1,1,0.746875,0.9476898557793021,0.9730730652809143
S0-SM_rock3,S0-SM_rock3-ellow-radfar-az270.png,rock,0,0,1,1,1,1,1.0,0.9744449557211325,0.9813042879104614
S0-SM_rock3,S0-SM_rock3-ellow-radmid-az135.png,rock,9,5-9,13,4,1,1,0.8954166678711772,0.8277367037628238,0.9556581974029541
S0-SM_rock3,S0-SM_rock3-ellow-radmid-az315.png,rock,1,1-4,3,2,1,1,0.9265625,0.8926868904005403,0.967037558555603
S0-SM_rock3,S0-SM_rock3-ellow-radnear-az090.png,rock,11,10+,13,2,1,1,1.0,0.960711842013211,0.9784436225891113
S0-SM_rock3,S0-SM_rock3-elmid-radmid-az045.png,rock,2,1-4,5,3,1,1,1.0,0.9627334719688605,0.9703363180160522
S0-SM_rock3,S0-SM_rock3-elmid-radnear-az135.png,rock,1,1-4,5,4,1,1,0.85,0.96003776717329,0.9735727906227112
S0-SM_rock3,S0-SM_rock3-elmid-radnear-az315.png,rock,2,1-4,3,1,1,1,1.0,0.9732972978515875,0.9771084785461426
S0-SM_rock4,S0-SM_rock4-elhigh-radfar-az090.png,rock,9,5-9,12,3,1,1,0.9555555588669247,0.9323024885735798,0.9676740765571594
S0-SM_rock4,S0-SM_rock4-elhigh-radfar-az225.png,rock,7,5-9,9,2,1,1,1.0,0.9411792248355795,0.960466742515564
S0-SM_rock4,S0-SM_rock4-elhigh-radmid-az045.png,rock,4,1-4,7,3,1,1,0.9777777794334623,0.9636192862861357,0.9744119048118591
S0-SM_rock4,S0-SM_rock4-elhigh-radmid-az315.png,rock,3,1-4,5,2,1,1,1.0,0.9484611985916125,0.9692575335502625
S0-SM_rock4,S0-SM_rock4-elhigh-radnear-az090.png,rock,7,5-9,9,2,1,1,1.0,0.9415501759095051,0.9755873084068298
S0-SM_rock4,S0-SM_rock4-elhigh-radnear-az315.png,rock,3,1-4,5,2,1,1,1.0,0.9533848031356911,0.9750681519508362
S0-SM_rock4,S0-SM_rock4-ellow-radfar-az000.png,rock,5,5-9,7,2,1,1,1.0,0.9177408068130575,0.9568850994110107
S0-SM_rock4,S0-SM_rock4-ellow-radfar-az225.png,rock,32,10+,38,6,1,1,0.4474621314629591,0.9258240378249738,0.9429314732551575
S0-SM_rock4,S0-SM_rock4-ellow-radfar-az270.png,rock,9,5-9,12,3,1,1,0.8525573281909633,0.9047262935371236,0.9386216402053833
S0-SM_rock4,S0-SM_rock4-ellow-radmid-az000.png,rock,3,1-4,5,2,1,1,1.0,0.9499261144070203,0.9686873555183411
S0-SM_rock4,S0-SM_rock4-ellow-radmid-az270.png,rock,3,1-4,5,2,1,1,0.7375000029802322,0.9415652535319055,0.9545179009437561
S0-SM_rock4,S0-SM_rock4-ellow-radnear-az045.png,rock,1,1-4,2,1,1,1,1.0,0.9639930479772829,0.9760152697563171
S0-SM_rock4,S0-SM_rock4-ellow-radnear-az270.png,rock,2,1-4,4,2,1,1,1.0,0.9226681132321062,0.9608991146087646
S0-SM_rock4,S0-SM_rock4-elmid-radfar-az270.png,rock,4,1-4,6,2,1,1,0.925,0.914922863155482,0.9367339611053467
S0-SM_rock5,S0-SM_rock5-elhigh-radfar-az045.png,rock,9,5-9,12,3,1,1,0.9733333350221315,0.9505689470504279,0.9654050469398499
S0-SM_rock5,S0-SM_rock5-elhigh-radmid-az090.png,rock,6,5-9,8,2,1,1,1.0,0.9488851950673052,0.9672651290893555
S0-SM_rock5,S0-SM_rock5-elhigh-radnear-az000.png,rock,5,5-9,7,2,1,1,1.0,0.9642900373970917,0.9721075892448425
S0-SM_rock5,S0-SM_rock5-elhigh-radnear-az135.png,rock,4,1-4,6,2,1,1,1.0,0.9606612551287554,0.9720370769500732
S0-SM_rock5,S0-SM_rock5-ellow-radmid-az270.png,rock,8,5-9,10,2,1,1,1.0,0.934452969912158,0.9697320461273193
S0-SM_rock5,S0-SM_rock5-ellow-radmid-az315.png,rock,5,5-9,7,2,1,1,0.8125,0.9350106098502806,0.9683672189712524
S0-SM_rock5,S0-SM_rock5-ellow-radnear-az225.png,rock,21,10+,24,3,1,1,0.54333334899197,0.9609457546450813,0.976791262626648
S0-SM_rock5,S0-SM_rock5-ellow-radnear-az315.png,rock,1,1-4,3,2,1,1,0.90625,0.9651145608892264,0.9764391183853149
S0-SM_rock6,S0-SM_rock6-elhigh-radfar-az000.png,rock,1,1-4,3,2,1,1,0.925,0.9317611066198594,0.96610426902771
S0-SM_rock6,S0-SM_rock6-elhigh-radmid-az180.png,rock,7,5-9,9,2,1,1,0.8325000001117587,0.9627025665182423,0.9692980647087097
S0-SM_rock6,S0-SM_rock6-ellow-radfar-az270.png,rock,15,10+,17,2,1,1,0.625,0.9192043018733784,0.9588994979858398
S0-SM_rock6,S0-SM_rock6-ellow-radmid-az180.png,rock,20,10+,26,6,1,1,0.5614102579166109,0.9542577465444282,0.9655824899673462
S0-SM_rock6,S0-SM_rock6-ellow-radnear-az000.png,rock,0,0,1,1,1,1,1.0,0.9653321469253022,0.9771365523338318
S0-SM_rock6,S0-SM_rock6-ellow-radnear-az135.png,rock,4,1-4,5,1,1,1,1.0,0.9714113199602536,0.9768803119659424
S0-SM_rock6,S0-SM_rock6-ellow-radnear-az225.png,rock,10,10+,17,7,1,1,0.7081932846910688,0.9659433850857901,0.9768713116645813
S0-SM_rock6,S0-SM_rock6-elmid-radfar-az000.png,rock,1,1-4,3,2,1,1,0.75,0.9530742050841923,0.9667665362358093
S0-SM_rock6,S0-SM_rock6-elmid-radmid-az315.png,rock,1,1-4,4,3,1,1,0.8583333365619182,0.9586708326757645,0.9701917767524719
S0-SM_rock6,S0-SM_rock6-elmid-radnear-az000.png,rock,0,0,1,1,1,1,1.0,0.962116037178653,0.9735335111618042
S0-SM_rock6,S0-SM_rock6-elmid-radnear-az045.png,rock,0,0,1,1,1,1,1.0,0.9713366806520263,0.9783883690834045
S0-SM_rock7,S0-SM_rock7-elhigh-radfar-az045.png,rock,5,5-9,6,1,1,1,1.0,0.9505423369596144,0.9668231010437012
S0-SM_rock7,S0-SM_rock7-elhigh-radfar-az135.png,rock,5,5-9,8,3,1,1,0.8533333370089531,0.9404520873643207,0.9643229842185974
S0-SM_rock7,S0-SM_rock7-elhigh-radfar-az180.png,rock,4,1-4,7,3,1,1,0.8000000096857548,0.9495277659595871,0.9629034399986267
S0-SM_rock7,S0-SM_rock7-elhigh-radfar-az270.png,rock,2,1-4,3,1,1,1,1.0,0.9192641083355824,0.9608805179595947
S0-SM_rock7,S0-SM_rock7-elhigh-radmid-az180.png,rock,2,1-4,5,3,1,1,0.7666666753590107,0.9640229626623125,0.9692097306251526
S0-SM_rock7,S0-SM_rock7-ellow-radmid-az045.png,rock,6,5-9,7,1,1,1,1.0,0.9493711855209597,0.9633320569992065
S0-SM_rock7,S0-SM_rock7-ellow-radmid-az090.png,rock,8,5-9,12,4,1,1,0.7641666669398546,0.9518193435885038,0.9652988314628601
S0-SM_rock7,S0-SM_rock7-ellow-radnear-az090.png,rock,8,5-9,14,6,1,1,0.6037037040072459,0.9674182792692534,0.9752287864685059
S0-SM_rock7,S0-SM_rock7-ellow-radnear-az180.png,rock,3,1-4,5,2,1,1,1.0,0.9557455772312906,0.9721106290817261
S0-SM_rock7,S0-SM_rock7-elmid-radfar-az225.png,rock,1,1-4,2,1,1,1,1.0,0.9505501656104549,0.9692205786705017
S0-SM_rock7,S0-SM_rock7-elmid-radmid-az180.png,rock,1,1-4,4,3,1,1,0.9045454603704538,0.9629643786279196,0.9705438017845154
S0-SM_rock8,S0-SM_rock8-ellow-radfar-az270.png,rock,5,5-9,10,5,1,1,0.9400000041723251,0.9379992435210625,0.9678475856781006
S0-SM_rock8,S0-SM_rock8-ellow-radmid-az225.png,rock,4,1-4,8,4,1,1,0.7788461539894342,0.9342064083459078,0.9742835760116577
S0-SM_rock8,S0-SM_rock8-ellow-radnear-az045.png,rock,4,1-4,10,6,1,1,0.7103758272027075,0.9607226653139129,0.971761167049408
S0-SM_rock8,S0-SM_rock8-ellow-radnear-az180.png,rock,8,5-9,11,3,1,1,0.9095238125749996,0.9308046247326018,0.9722815752029419
S0-SM_rock8,S0-SM_rock8-elmid-radfar-az045.png,rock,6,5-9,10,4,1,1,1.0,0.9300139849794675,0.9681578874588013
S0-SM_rock9,S0-SM_rock9-elhigh-radmid-az000.png,rock,6,5-9,11,5,1,1,0.988000000834465,0.9788683763214578,0.9846070408821106
S0-SM_rock9,S0-SM_rock9-elhigh-radnear-az225.png,rock,3,1-4,7,4,1,1,0.984375,0.955978468549592,0.9734538197517395
S0-SM_rock9,S0-SM_rock9-elhigh-radnear-az315.png,rock,5,5-9,10,5,1,1,0.9625000014901162,0.946273767208865,0.9703481197357178
S0-SM_rock9,S0-SM_rock9-ellow-radfar-az000.png,rock,2,1-4,6,4,1,1,0.7205769257619977,0.9314804989800223,0.9553852081298828
S0-SM_rock9,S0-SM_rock9-ellow-radfar-az090.png,rock,9,5-9,12,3,1,1,0.6809523993304796,0.9573049775748075,0.9766970872879028
S0-SM_rock9,S0-SM_rock9-ellow-radfar-az135.png,rock,3,1-4,5,2,1,1,1.0,0.9549463666351272,0.9710581302642822
S0-SM_rock9,S0-SM_rock9-ellow-radfar-az270.png,rock,4,1-4,9,5,1,1,0.8800000055631001,0.9379415957244674,0.9762346744537354
S0-SM_rock9,S0-SM_rock9-ellow-radmid-az180.png,rock,6,5-9,9,3,1,1,1.0,0.9607140367808711,0.9683833122253418
S0-SM_rock9,S0-SM_rock9-ellow-radmid-az270.png,rock,2,1-4,7,5,1,1,0.9082352968130042,0.9580887151155935,0.9726401567459106
S0-SM_rock9,S0-SM_rock9-ellow-radnear-az135.png,rock,9,5-9,15,6,1,1,0.6656410237248891,0.9650676937119158,0.9770073890686035
S0-SM_rock9,S0-SM_rock9-elmid-radmid-az090.png,rock,5,5-9,9,4,1,1,0.8500000029802323,0.9712901348784726,0.9817056655883789
S0-SM_rock9,S0-SM_rock9-elmid-radmid-az315.png,rock,6,5-9,11,5,1,1,0.9400000014901162,0.92984958508519,0.9655227065086365
S0-SM_rock9,S0-SM_rock9-elmid-radnear-az270.png,rock,2,1-4,7,5,1,1,0.7900000110907214,0.9640278255335488,0.9755324125289917
S0-SM_suv1,S0-SM_suv1-elhigh-radfar-az045.png,suv,3,1-4,4,1,1,1,1.0,0.8905663872617104,0.9363889098167419
S0-SM_suv1,S0-SM_suv1-elhigh-radnear-az000.png,suv,3,1-4,4,1,1,1,1.0,0.8941884232881137,0.9329788684844971
S0-SM_suv1,S0-SM_suv1-elhigh-radnear-az090.png,suv,3,1-4,4,1,1,1,1.0,0.8885311381464618,0.9350283741950989
S0-SM_suv1,S0-SM_suv1-ellow-radnear-az090.png,suv,18,10+,19,1,1,1,1.0,0.9355637395223049,0.9596646428108215
S0-SM_suv1,S0-SM_suv1-ellow-radnear-az270.png,suv,30,10+,32,2,1,1,0.625,0.9501889695663834,0.9679672122001648
S0-SM_suv1,S0-SM_suv1-elmid-radmid-az270.png,suv,3,1-4,4,1,1,1,0.9,0.8823015788670538,0.9426342844963074
S0-SM_suv1,S0-SM_suv1-elmid-radnear-az045.png,suv,3,1-4,4,1,1,1,1.0,0.9213789513741588,0.9621518850326538
S0-SM_suv1,S0-SM_suv1-elmid-radnear-az135.png,suv,1,1-4,2,1,1,1,1.0,0.9474674572554385,0.9643859267234802
S0-SM_suv1,S0-SM_suv1-elmid-radnear-az270.png,suv,2,1-4,3,1,1,1,1.0,0.9226917690240128,0.9573646187782288
S0-SM_suv10,S0-SM_suv10-elhigh-radfar-az045.png,suv,4,1-4,6,2,1,1,1.0,0.9225280749564035,0.9464896321296692
S0-SM_suv10,S0-SM_suv10-elhigh-radfar-az270.png,suv,8,5-9,10,2,1,1,0.925,0.8910076474701789,0.9184350371360779
S0-SM_suv10,S0-SM_suv10-elhigh-radmid-az270.png,suv,4,1-4,6,2,1,1,0.925,0.9054818248678487,0.9277003407478333
S0-SM_suv10,S0-SM_suv10-elhigh-radnear-az045.png,suv,2,1-4,3,1,1,1,0.9,0.89363450595107,0.9455122947692871
S0-SM_suv10,S0-SM_suv10-elhigh-radnear-az270.png,suv,3,1-4,4,1,1,1,1.0,0.8983518907312344,0.9286223649978638
S0-SM_suv10,S0-SM_suv10-elhigh-radnear-az315.png,suv,3,1-4,5,2,1,1,0.925,0.9065520566323926,0.9528648853302002
S0-SM_suv10,S0-SM_suv10-ellow-radfar-az270.png,suv,11,10+,14,3,1,1,0.6070707180584322,0.8679643425984942,0.9103547930717468
S0-SM_suv10,S0-SM_suv10-ellow-radmid-az270.png,suv,9,5-9,12,3,1,1,0.6733333475816815,0.9043557448292248,0.946940541267395
S0-SM_suv10,S0-SM_suv10-elmid-radmid-az045.png,suv,4,1-4,5,1,1,1,1.0,0.9391549951429745,0.9605570435523987
S0-SM_suv10,S0-SM_suv10-elmid-radmid-az180.png,suv,5,5-9,6,1,1,1,0.9,0.8949798832743383,0.9482046365737915
S0-SM_suv10,S0-SM_suv10-elmid-radnear-az270.png,suv,3,1-4,4,1,1,1,1.0,0.9282310373320541,0.9449479579925537
S0-SM_suv11,S0-SM_suv11-elhigh-radfar-az270.png,suv,9,5-9,10,1,1,1,0.9,0.8719734206369978,0.9281970858573914
S0-SM_suv11,S0-SM_suv11-elhigh-radmid-az180.png,suv,9,5-9,10,1,1,1,1.0,0.8977936419487982,0.9364194273948669
S0-SM_suv11,S0-SM_suv11-elhigh-radnear-az225.png,suv,5,5-9,6,1,1,1,1.0,0.9324617925231422,0.9516339898109436
S0-SM_suv11,S0-SM_suv11-ellow-radfar-az225.png,suv,11,10+,12,1,1,1,0.9,0.8524013471257597,0.9214004874229431
S0-SM_suv11,S0-SM_suv11-ellow-radnear-az135.png,suv,11,10+,13,2,1,1,0.954166666790843,0.9393949791843426,0.9623891115188599
S0-SM_suv11,S0-SM_suv11-elmid-radfar-az135.png,suv,16,10+,19,3,1,1,0.922222225036886,0.9025236651387658,0.9411925077438354
S0-SM_suv11,S0-SM_suv11-elmid-radmid-az180.png,suv,11,10+,12,1,1,1,1.0,0.9153150196252895,0.9456914067268372
S0-SM_suv12,S0-SM_suv12-elhigh-radmid-az045.png,suv,7,5-9,9,2,1,1,0.8375,0.8215444402347103,0.9191977381706238
S0-SM_suv12,S0-SM_suv12-elhigh-radnear-az045.png,suv,6,5-9,8,2,1,1,0.9,0.8713278666331803,0.9244279861450195
S0-SM_suv12,S0-SM_suv12-elhigh-radnear-az135.png,suv,8,5-9,10,2,1,1,1.0,0.9058005508739768,0.9337206482887268
S0-SM_suv12,S0-SM_suv12-ellow-radfar-az000.png,suv,22,10+,22,0,0,0,0.0,0.0,0.0
S0-SM_suv12,S0-SM_suv12-ellow-radmid-az000.png,suv,13,10+,13,0,0,0,0.0,0.0,0.0
S0-SM_suv12,S0-SM_suv12-ellow-radmid-az090.png,suv,14,10+,16,2,1,1,0.9,0.8967659566283999,0.9466893672943115
S0-SM_suv12,S0-SM_suv12-ellow-radmid-az135.png,suv,6,5-9,8,2,1,1,0.5500000007450581,0.9110694163988278,0.9417642951011658
S0-SM_suv12,S0-SM_suv12-ellow-radmid-az225.png,suv,4,1-4,6,2,1,1,0.8625,0.8812919146053311,0.9377740025520325
S0-SM_suv12,S0-SM_suv12-ellow-radnear-az000.png,suv,19,10+,21,2,1,1,0.6700000032782555,0.8410013482852641,0.9242282509803772
S0-SM_suv12,S0-SM_suv12-elmid-radfar-az000.png,suv,12,10+,14,2,1,1,0.8125,0.8660343258140415,0.9268293380737305
S0-SM_suv12,S0-SM_suv12-elmid-radfar-az090.png,suv,9,5-9,11,2,1,1,0.9375,0.884346845204881,0.9369565844535828
S0-SM_suv12,S0-SM_suv12-elmid-radfar-az270.png,suv,4,1-4,6,2,1,1,0.5500000007450581,0.9139626097246207,0.9486653208732605
S0-SM_suv12,S0-SM_suv12-elmid-radmid-az000.png,suv,7,5-9,9,2,1,1,1.0,0.931018483301429,0.9441205263137817
S0-SM_suv12,S0-SM_suv12-elmid-radmid-az180.png,suv,5,5-9,7,2,1,1,0.8583333350718021,0.9390309868233793,0.9579930901527405
S0-SM_suv13_13,S0-SM_suv13_13-elhigh-radfar-az135.png,suv,8,5-9,10,2,1,1,0.9625,0.9084296976440243,0.9266493320465088
S0-SM_suv13_13,S0-SM_suv13_13-elhigh-radmid-az090.png,suv,8,5-9,10,2,1,1,0.958333333581686,0.9372142491286937,0.9527217149734497
S0-SM_suv13_13,S0-SM_suv13_13-elhigh-radmid-az135.png,suv,8,5-9,10,2,1,1,0.9,0.86047862593297,0.9372413158416748
S0-SM_suv13_13,S0-SM_suv13_13-elhigh-radnear-az180.png,suv,6,5-9,8,2,1,1,0.9,0.8961292719445169,0.9535932540893555
S0-SM_suv13_13,S0-SM_suv13_13-ellow-radfar-az135.png,suv,8,5-9,10,2,1,1,0.9375,0.8479261856708717,0.9280338287353516
S0-SM_suv13_13,S0-SM_suv13_13-ellow-radmid-az135.png,suv,6,5-9,8,2,1,1,1.0,0.9043262139416868,0.9420265555381775
S0-SM_suv13_13,S0-SM_suv13_13-ellow-radmid-az270.png,suv,1,1-4,1,0,0,0,0.0,0.0,0.0
S0-SM_suv13_13,S0-SM_suv13_13-ellow-radnear-az000.png,suv,8,5-9,8,0,0,0,0.0,0.0,0.0
S0-SM_suv13_13,S0-SM_suv13_13-ellow-radnear-az315.png,suv,9,5-9,10,1,1,1,1.0,0.9419623440526799,0.9639059901237488
S0-SM_suv13_13,S0-SM_suv13_13-elmid-radmid-az225.png,suv,8,5-9,10,2,1,1,0.9625,0.9034000642585909,0.9380707740783691
S0-SM_suv13_13,S0-SM_suv13_13-elmid-radnear-az225.png,suv,5,5-9,7,2,1,1,0.9,0.8837878238831784,0.9510671496391296
S0-SM_suv14_17,S0-SM_suv14_17-elhigh-radmid-az135.png,suv,5,5-9,6,1,1,1,0.9,0.8765724490278899,0.9352879524230957
S0-SM_suv14_17,S0-SM_suv14_17-ellow-radfar-az315.png,suv,22,10+,25,3,1,1,0.7523809569222586,0.8859565701961358,0.9252378344535828
S0-SM_suv14_17,S0-SM_suv14_17-ellow-radmid-az135.png,suv,2,1-4,3,1,1,1,1.0,0.9058031848816555,0.9439746141433716
S0-SM_suv14_17,S0-SM_suv14_17-ellow-radnear-az225.png,suv,12,10+,13,1,1,1,1.0,0.9402796897051218,0.9550217986106873
S0-SM_suv14_17,S0-SM_suv14_17-elmid-radfar-az225.png,suv,9,5-9,10,1,1,1,0.9,0.8692403366074615,0.9223676323890686
S0-SM_suv14_17,S0-SM_suv14_17-elmid-radmid-az180.png,suv,5,5-9,6,1,1,1,0.9,0.9022255350717323,0.9524336457252502
S0-SM_suv15,S0-SM_suv15-elhigh-radmid-az225.png,suv,5,5-9,8,3,1,1,0.9111111142569118,0.9052449954967869,0.9384803771972656
S0-SM_suv15,S0-SM_suv15-ellow-radnear-az315.png,suv,1,1-4,1,0,0,0,0.0,0.0,0.0
S0-SM_suv15,S0-SM_suv15-elmid-radmid-az000.png,suv,3,1-4,4,1,1,1,1.0,0.8951735343260765,0.941005527973175
S0-SM_suv15,S0-SM_suv15-elmid-radnear-az135.png,suv,4,1-4,6,2,1,1,0.925,0.9352733875308346,0.9620476365089417
S0-SM_suv16,S0-SM_suv16-elhigh-radfar-az090.png,suv,3,1-4,5,2,1,1,0.958333333581686,0.9118767952192499,0.9374617338180542
S0-SM_suv16,S0-SM_suv16-elhigh-radfar-az180.png,suv,3,1-4,4,1,1,1,1.0,0.919177816002982,0.9456821084022522
S0-SM_suv16,S0-SM_suv16-elhigh-radnear-az090.png,suv,3,1-4,5,2,1,1,1.0,0.9089708446659195,0.9471532702445984
S0-SM_suv16,S0-SM_suv16-ellow-radfar-az045.png,suv,25,10+,30,5,1,1,0.5278571534830899,0.8751078725615713,0.917306661605835
S0-SM_suv16,S0-SM_suv16-ellow-radfar-az315.png,suv,19,10+,22,3,1,1,0.8761904784611293,0.8903159126717881,0.9322469830513
S0-SM_suv16,S0-SM_suv16-ellow-radmid-az000.png,suv,13,10+,16,3,1,1,0.8333333389833569,0.9071754121535491,0.9636640548706055
S0-SM_suv16,S0-SM_suv16-ellow-radnear-az135.png,suv,2,1-4,4,2,1,1,0.9520833333954215,0.9496030868724965,0.967793881893158
S0-SM_suv16,S0-SM_suv16-elmid-radfar-az000.png,suv,3,1-4,5,2,1,1,0.9375,0.8732972983196419,0.942772626876831
S0-SM_suv16,S0-SM_suv16-elmid-radfar-az180.png,suv,3,1-4,5,2,1,1,1.0,0.9116002093058455,0.956061601638794
S0-SM_suv16,S0-SM_suv16-elmid-radmid-az045.png,suv,3,1-4,5,2,1,1,0.9625,0.9099702193419716,0.9420666694641113
S0-SM_suv16,S0-SM_suv16-elmid-radmid-az315.png,suv,3,1-4,5,2,1,1,0.9625,0.9119478068347746,0.9522371888160706
S0-SM_suv16,S0-SM_suv16-elmid-radnear-az135.png,suv,3,1-4,5,2,1,1,0.9625,0.9345926880522271,0.9634117484092712
S0-SM_suv16,S0-SM_suv16-elmid-radnear-az180.png,suv,2,1-4,3,1,1,1,0.8,0.3708107772579865,0.4330713748931885
S0-SM_suv17,S0-SM_suv17-elhigh-radmid-az000.png,suv,3,1-4,5,2,1,1,0.9625,0.8944992982951732,0.9405580759048462
S0-SM_suv17,S0-SM_suv17-elhigh-radmid-az045.png,suv,2,1-4,4,2,1,1,1.0,0.9058531528412104,0.9523497223854065
S0-SM_suv17,S0-SM_suv17-elhigh-radmid-az225.png,suv,1,1-4,3,2,1,1,0.9625,0.9082801540435526,0.9452199935913086
S0-SM_suv17,S0-SM_suv17-elhigh-radmid-az270.png,suv,2,1-4,4,2,1,1,0.9375,0.8529644619497461,0.9280017614364624
S0-SM_suv17,S0-SM_suv17-elhigh-radnear-az090.png,suv,2,1-4,4,2,1,1,0.7208333343267441,0.9190851953824186,0.9438002705574036
S0-SM_suv17,S0-SM_suv17-elhigh-radnear-az180.png,suv,1,1-4,3,2,1,1,1.0,0.9109210269851786,0.9442299604415894
S0-SM_suv17,S0-SM_suv17-ellow-radfar-az180.png,suv,1,1-4,3,2,1,1,0.9,0.8748388205783968,0.9378179311752319
S0-SM_suv17,S0-SM_suv17-ellow-radnear-az000.png,suv,10,10+,11,1,1,1,1.0,0.9312910315582492,0.9623765349388123
S0-SM_suv17,S0-SM_suv17-ellow-radnear-az090.png,suv,2,1-4,5,3,1,1,0.869444448956185,0.9199097993302985,0.9630063772201538
S0-SM_suv17,S0-SM_suv17-ellow-radnear-az180.png,suv,0,0,1,1,1,1,1.0,0.9577095080429672,0.9665935039520264
S0-SM_suv17,S0-SM_suv17-elmid-radmid-az315.png,suv,2,1-4,4,2,1,1,0.9625,0.9222901314365686,0.9480906128883362
S0-SM_suv17,S0-SM_suv17-elmid-radnear-az270.png,suv,1,1-4,3,2,1,1,0.9166666671633721,0.9318066236733173,0.9564005136489868
S0-SM_suv18,S0-SM_suv18-elhigh-radfar-az000.png,suv,3,1-4,5,2,1,1,1.0,0.915939033749595,0.94691401720047
S0-SM_suv18,S0-SM_suv18-elhigh-radfar-az045.png,suv,3,1-4,6,3,1,1,0.7500000149011612,0.8940594575806955,0.940410852432251
S0-SM_suv18,S0-SM_suv18-elhigh-radfar-az090.png,suv,3,1-4,5,2,1,1,0.9625,0.9169004655930877,0.9464479684829712
S0-SM_suv18,S0-SM_suv18-elhigh-radmid-az180.png,suv,3,1-4,5,2,1,1,0.9625,0.9007101919301235,0.9459916353225708
S0-SM_suv18,S0-SM_suv18-ellow-radfar-az225.png,suv,3,1-4,5,2,1,1,0.78125,0.8867741266046281,0.9250834584236145
S0-SM_suv18,S0-SM_suv18-ellow-radmid-az090.png,suv,13,10+,18,5,1,1,0.6328174729030284,0.9402991870418589,0.966096043586731
S0-SM_suv18,S0-SM_suv18-ellow-radnear-az225.png,suv,3,1-4,5,2,1,1,0.9550000000745058,0.9312783356547669,0.9543963074684143
S0-SM_suv18,S0-SM_suv18-elmid-radfar-az270.png,suv,3,1-4,5,2,1,1,0.9625,0.9203959964360067,0.9440388083457947
S0-SM_suv18,S0-SM_suv18-elmid-radmid-az180.png,suv,3,1-4,5,2,1,1,1.0,0.9259705470804995,0.9565590023994446
S0-SM_suv18,S0-SM_suv18-elmid-radmid-az270.png,suv,3,1-4,5,2,1,1,1.0,0.9292163117546792,0.9536010026931763
S0-SM_suv18,S0-SM_suv18-elmid-radnear-az045.png,suv,3,1-4,5,2,1,1,0.9625,0.9343391160894612,0.9659696817398071
S0-SM_suv18,S0-SM_suv18-elmid-radnear-az090.png,suv,2,1-4,4,2,1,1,0.925,0.9485276438767585,0.9683216214179993
S0-SM_suv18,S0-SM_suv18-elmid-radnear-az135.png,suv,3,1-4,4,1,1,1,0.8,0.794053314497738,0.8919483423233032
S0-SM_suv18,S0-SM_suv18-elmid-radnear-az225.png,suv,3,1-4,5,2,1,1,1.0,0.9356072089859424,0.9564948678016663
S0-SM_suv19,S0-SM_suv19-elhigh-radfar-az045.png,suv,0,0,1,1,1,1,0.9,0.863331527658147,0.9129871129989624
S0-SM_suv19,S0-SM_suv19-elhigh-radnear-az225.png,suv,0,0,1,1,1,1,1.0,0.8887442379969706,0.9238075613975525
S0-SM_suv19,S0-SM_suv19-ellow-radmid-az090.png,suv,12,10+,14,2,1,1,0.625,0.9191545882865277,0.9518783688545227
S0-SM_suv19,S0-SM_suv19-ellow-radmid-az315.png,suv,18,10+,19,1,1,1,1.0,0.8973594818367232,0.9424163103103638
S0-SM_suv19,S0-SM_suv19-elmid-radfar-az000.png,suv,0,0,1,1,1,1,1.0,0.902201845852133,0.9373723268508911
S0-SM_suv19,S0-SM_suv19-elmid-radfar-az045.png,suv,1,1-4,2,1,1,1,0.9,0.8450495179189659,0.9238215088844299
S0-SM_suv19,S0-SM_suv19-elmid-radfar-az315.png,suv,0,0,1,1,1,1,1.0,0.8949598040657634,0.9301848411560059
S0-SM_suv19,S0-SM_suv19-elmid-radmid-az135.png,suv,0,0,1,1,1,1,1.0,0.9093748501286569,0.9455519914627075
S0-SM_suv2,S0-SM_suv2-elhigh-radfar-az090.png,suv,7,5-9,8,1,1,1,0.9,0.8746472902634075,0.932896077632904
S0-SM_suv2,S0-SM_suv2-elhigh-radmid-az135.png,suv,1,1-4,2,1,1,1,1.0,0.9204219180043651,0.9426947832107544
S0-SM_suv2,S0-SM_suv2-elhigh-radnear-az045.png,suv,1,1-4,2,1,1,1,1.0,0.925309494657256,0.9516358375549316
S0-SM_suv2,S0-SM_suv2-elhigh-radnear-az270.png,suv,1,1-4,2,1,1,1,0.9,0.8520142112116602,0.9359949827194214
S0-SM_suv2,S0-SM_suv2-ellow-radfar-az225.png,suv,22,10+,24,2,1,1,0.587500001117587,0.895948936003947,0.9313990473747253
S0-SM_suv2,S0-SM_suv2-ellow-radfar-az270.png,suv,14,10+,15,1,1,1,0.9,0.8573068677346285,0.9267705678939819
S0-SM_suv2,S0-SM_suv2-ellow-radmid-az315.png,suv,8,5-9,9,1,1,1,0.9,0.8903081384378879,0.9428208470344543
S0-SM_suv2,S0-SM_suv2-ellow-radnear-az180.png,suv,16,10+,18,2,1,1,0.4725000003352761,0.8928169754512822,0.9556142091751099
S0-SM_suv2,S0-SM_suv2-ellow-radnear-az315.png,suv,6,5-9,7,1,1,1,1.0,0.9483023393227086,0.9674358367919922
S0-SM_suv2,S0-SM_suv2-elmid-radfar-az090.png,suv,6,5-9,7,1,1,1,1.0,0.8987928949175625,0.9323034286499023
S0-SM_suv20,S0-SM_suv20-elhigh-radfar-az135.png,suv,5,5-9,6,1,1,1,0.9,0.8912846117793194,0.9440025687217712
S0-SM_suv20,S0-SM_suv20-ellow-radfar-az045.png,suv,1,1-4,1,0,0,0,0.0,0.0,0.0
S0-SM_suv20,S0-SM_suv20-ellow-radfar-az090.png,suv,4,1-4,4,0,0,0,0.0,0.0,0.0
S0-SM_suv20,S0-SM_suv20-ellow-radfar-az180.png,suv,5,5-9,6,1,1,1,0.9,0.8359838909524768,0.9161738753318787
S0-SM_suv20,S0-SM_suv20-ellow-radmid-az045.png,suv,1,1-4,1,0,0,0,0.0,0.0,0.0
S0-SM_suv20,S0-SM_suv20-ellow-radmid-az270.png,suv,23,10+,25,2,1,1,0.775000000745058,0.9050616150435289,0.9580551385879517
S0-SM_suv20,S0-SM_suv20-ellow-radnear-az090.png,suv,0,0,1,1,1,1,1.0,0.9435320837245165,0.9633651375770569
S0-SM_suv20,S0-SM_suv20-ellow-radnear-az135.png,suv,1,1-4,2,1,1,1,1.0,0.9460556184313695,0.9756532311439514
S0-SM_suv20,S0-SM_suv20-elmid-radfar-az000.png,suv,5,5-9,6,1,1,1,1.0,0.8954046839431307,0.9303984045982361
S0-SM_suv20,S0-SM_suv20-elmid-radmid-az045.png,suv,3,1-4,4,1,1,1,1.0,0.9332888411593707,0.9515325427055359
S0-SM_suv20,S0-SM_suv20-elmid-radnear-az090.png,suv,1,1-4,2,1,1,1,1.0,0.9389049151653381,0.9594460725784302
S0-SM_suv21,S0-SM_suv21-elhigh-radfar-az000.png,suv,9,5-9,10,1,1,1,0.9,0.8746888978754974,0.9321637749671936
S0-SM_suv21,S0-SM_suv21-elhigh-radfar-az180.png,suv,5,5-9,7,2,1,1,0.6916666679084301,0.8509165054390024,0.9315429925918579
S0-SM_suv21,S0-SM_suv21-elhigh-radmid-az180.png,suv,3,1-4,4,1,1,1,0.9,0.8658592061088655,0.94460529088974
S0-SM_suv21,S0-SM_suv21-elhigh-radnear-az045.png,suv,4,1-4,5,1,1,1,1.0,0.8935528814782145,0.9333030581474304
S0-SM_suv21,S0-SM_suv21-elhigh-radnear-az090.png,suv,3,1-4,4,1,1,1,1.0,0.922162386646967,0.9490379095077515
S0-SM_suv21,S0-SM_suv21-elhigh-radnear-az180.png,suv,3,1-4,4,1,1,1,0.9,0.8789879064956629,0.9501603245735168
S0-SM_suv21,S0-SM_suv21-ellow-radfar-az045.png,suv,9,5-9,11,2,1,1,0.5750000011175871,0.8569541205864084,0.9241127967834473
S0-SM_suv21,S0-SM_suv21-ellow-radfar-az135.png,suv,1,1-4,1,0,0,0,0.0,0.0,0.0
S0-SM_suv21,S0-SM_suv21-ellow-radmid-az135.png,suv,1,1-4,1,0,0,0,0.0,0.0,0.0
S0-SM_suv21,S0-SM_suv21-ellow-radmid-az315.png,suv,11,10+,12,1,1,1,1.0,0.9154011600871002,0.9517099857330322
S0-SM_suv21,S0-SM_suv21-elmid-radfar-az225.png,suv,5,5-9,9,4,1,1,0.7160714294761419,0.85598687097443,0.9337133765220642
S0-SM_suv21,S0-SM_suv21-elmid-radmid-az135.png,suv,3,1-4,4,1,1,1,1.0,0.9138915676500083,0.9500382542610168
S0-SM_suv22,S0-SM_suv22-elhigh-radfar-az000.png,suv,4,1-4,6,2,1,1,0.9625,0.8923473803376964,0.9344134330749512
S0-SM_suv22,S0-SM_suv22-elhigh-radfar-az315.png,suv,2,1-4,4,2,1,1,1.0,0.9286149982294987,0.9427238702774048
S0-SM_suv22,S0-SM_suv22-elhigh-radmid-az000.png,suv,2,1-4,4,2,1,1,0.9375,0.867279083422396,0.9352851510047913
S0-SM_suv22,S0-SM_suv22-elhigh-radnear-az315.png,suv,0,0,2,2,1,1,1.0,0.9077420530796658,0.9529668688774109
S0-SM_suv22,S0-SM_suv22-ellow-radmid-az090.png,suv,6,5-9,9,3,1,1,0.8166666690260171,0.8854087106007,0.9340486526489258
S0-SM_suv22,S0-SM_suv22-ellow-radmid-az135.png,suv,1,1-4,3,2,1,1,0.9625,0.9395301972896597,0.9446614384651184
S0-SM_suv22,S0-SM_suv22-ellow-radmid-az270.png,suv,20,10+,24,4,1,1,0.681250001117587,0.9633714604465808,0.9714552164077759
S0-SM_suv22,S0-SM_suv22-ellow-radnear-az045.png,suv,16,10+,19,3,1,1,0.7296296431510537,0.9314275040547138,0.9632701277732849
S0-SM_suv22,S0-SM_suv22-ellow-radnear-az270.png,suv,22,10+,26,4,1,1,0.5825000019744039,0.9503941940392835,0.9593373537063599
S0-SM_suv22,S0-SM_suv22-elmid-radfar-az045.png,suv,10,10+,13,3,1,1,0.7888888971673117,0.8870594954307336,0.9392377138137817
S0-SM_suv22,S0-SM_suv22-elmid-radmid-az045.png,suv,2,1-4,4,2,1,1,0.9625,0.9203409190165708,0.9527278542518616
S0-SM_suv22,S0-SM_suv22-elmid-radmid-az135.png,suv,1,1-4,3,2,1,1,1.0,0.9107915606964383,0.94681715965271
S0-SM_suv22,S0-SM_suv22-elmid-radmid-az270.png,suv,0,0,2,2,1,1,0.875000000745058,0.9052381519743307,0.9483690857887268
S0-SM_suv22,S0-SM_suv22-elmid-radnear-az000.png,suv,0,0,2,2,1,1,0.9625,0.9439148054676139,0.9596776962280273
S0-SM_suv22,S0-SM_suv22-elmid-radnear-az315.png,suv,0,0,2,2,1,1,0.875000000745058,0.938379325767297,0.9661149382591248
S0-SM_suv3,S0-SM_suv3-elhigh-radfar-az000.png,suv,6,5-9,11,5,1,1,0.8666666729251544,0.8992022691194279,0.947420060634613
S0-SM_suv3,S0-SM_suv3-elhigh-radfar-az270.png,suv,7,5-9,12,5,1,1,0.9724444459411833,0.8908317239067465,0.9348860383033752
S0-SM_suv3,S0-SM_suv3-elhigh-radmid-az090.png,suv,3,1-4,6,3,1,1,0.9200000050663949,0.9036144043744407,0.9437902569770813
S0-SM_suv3,S0-SM_suv3-elhigh-radnear-az135.png,suv,2,1-4,5,3,1,1,0.955555557873514,0.9039501650371307,0.9594600200653076
S0-SM_suv3,S0-SM_suv3-elhigh-radnear-az270.png,suv,3,1-4,6,3,1,1,0.955555557873514,0.8712194856030706,0.9457675218582153
S0-SM_suv3,S0-SM_suv3-ellow-radnear-az270.png,suv,17,10+,22,5,1,1,0.7340000112205743,0.9390451120363963,0.954708456993103
S0-SM_suv3,S0-SM_suv3-elmid-radfar-az270.png,suv,6,5-9,11,5,1,1,0.9520000006556512,0.8927197432680991,0.9387539029121399
S0-SM_suv3,S0-SM_suv3-elmid-radmid-az315.png,suv,7,5-9,12,5,1,1,1.0,0.9390315831542537,0.957241415977478
S0-SM_suv3,S0-SM_suv3-elmid-radnear-az135.png,suv,0,0,2,2,1,1,1.0,0.9462251244785591,0.9683045148849487
S0-SM_suv4,S0-SM_suv4-elhigh-radfar-az315.png,suv,7,5-9,12,5,1,1,0.9420000005066396,0.9041721645510634,0.9403518438339233
S0-SM_suv4,S0-SM_suv4-elhigh-radmid-az000.png,suv,7,5-9,12,5,1,1,0.9800000011920929,0.925977798446354,0.9418808221817017
S0-SM_suv4,S0-SM_suv4-elhigh-radmid-az090.png,suv,4,1-4,8,4,1,1,0.94375,0.925981111038439,0.9427408576011658
S0-SM_suv4,S0-SM_suv4-elhigh-radmid-az180.png,suv,3,1-4,8,5,1,1,0.9670000016987323,0.8922110464628332,0.9383180141448975
S0-SM_suv4,S0-SM_suv4-elhigh-radmid-az225.png,suv,5,5-9,10,5,1,1,0.988000000834465,0.9149085449636942,0.9459559917449951
S0-SM_suv4,S0-SM_suv4-elhigh-radnear-az000.png,suv,6,5-9,11,5,1,1,0.9420000005066396,0.8962924952126095,0.9341375231742859
S0-SM_suv4,S0-SM_suv4-elhigh-radnear-az135.png,suv,3,1-4,7,4,1,1,0.978125,0.9278343179813078,0.9606943130493164
S0-SM_suv4,S0-SM_suv4-elhigh-radnear-az225.png,suv,5,5-9,10,5,1,1,0.9585714300083262,0.9378755051646586,0.9562824368476868
S0-SM_suv4,S0-SM_suv4-ellow-radfar-az135.png,suv,6,5-9,10,4,1,1,0.8113636367022992,0.8918501419171108,0.941618800163269
S0-SM_suv4,S0-SM_suv4-ellow-radnear-az180.png,suv,20,10+,25,5,1,1,0.9186666721900305,0.9306287424675652,0.9638908505439758
S0-SM_suv4,S0-SM_suv4-elmid-radfar-az045.png,suv,5,5-9,10,5,1,1,0.9600000029802322,0.9361973422947543,0.9559048414230347
S0-SM_suv4,S0-SM_suv4-elmid-radfar-az090.png,suv,4,1-4,8,4,1,1,1.0,0.9414273439601146,0.9605077505111694
S0-SM_suv4,S0-SM_suv4-elmid-radfar-az135.png,suv,6,5-9,11,5,1,1,0.8650000086426735,0.9046698322716367,0.9520904421806335
S0-SM_suv4,S0-SM_suv4-elmid-radnear-az135.png,suv,1,1-4,4,3,1,1,1.0,0.955385793464103,0.9718909859657288
S0-SM_suv4,S0-SM_suv4-elmid-radnear-az315.png,suv,3,1-4,8,5,1,1,0.988000000834465,0.9604847073455076,0.9702525734901428
S0-SM_suv5,S0-SM_suv5-elhigh-radfar-az225.png,suv,6,5-9,11,5,1,1,0.9760000013709067,0.9149031112949615,0.9464225769042969
S0-SM_suv5,S0-SM_suv5-elhigh-radfar-az270.png,suv,7,5-9,12,5,1,1,0.9800000011920929,0.8959404171889567,0.9344919323921204
S0-SM_suv5,S0-SM_suv5-elhigh-radmid-az225.png,suv,6,5-9,11,5,1,1,0.9700000017881394,0.9310902721012688,0.9550022482872009
S0-SM_suv5,S0-SM_suv5-elhigh-radnear-az000.png,suv,7,5-9,12,5,1,1,0.9670000016987323,0.8885203677663256,0.9346526861190796
S0-SM_suv5,S0-SM_suv5-elhigh-radnear-az270.png,suv,5,5-9,9,4,1,1,0.917708333581686,0.8723477809973907,0.9492152333259583
S0-SM_suv5,S0-SM_suv5-ellow-radmid-az225.png,suv,32,10+,37,5,1,1,0.8737500047311186,0.9293606252128797,0.9547946453094482
S0-SM_suv5,S0-SM_suv5-ellow-radmid-az270.png,suv,16,10+,21,5,1,1,0.8516483618826655,0.9520718610309586,0.9721106290817261
S0-SM_suv5,S0-SM_suv5-ellow-radmid-az315.png,suv,5,5-9,10,5,1,1,0.8850000073015689,0.9314706639850385,0.9526350498199463
S0-SM_suv5,S0-SM_suv5-ellow-radnear-az090.png,suv,12,10+,16,4,1,1,0.9312500001862645,0.969908785215118,0.9788838624954224
S0-SM_suv5,S0-SM_suv5-ellow-radnear-az180.png,suv,25,10+,32,7,1,1,0.6698979738415505,0.9187287776581776,0.961218535900116
S0-SM_suv5,S0-SM_suv5-ellow-radnear-az225.png,suv,32,10+,38,6,1,1,0.7544444596105151,0.9498801798242518,0.9713742136955261
S0-SM_suv5,S0-SM_suv5-elmid-radfar-az135.png,suv,8,5-9,13,5,1,1,0.9550000011920929,0.902827841243635,0.9523739814758301
S0-SM_suv5,S0-SM_suv5-elmid-radfar-az225.png,suv,9,5-9,14,5,1,1,0.9836363647200844,0.922170566497563,0.951708197593689
S0-SM_suv5,S0-SM_suv5-elmid-radmid-az135.png,suv,3,1-4,8,5,1,1,1.0,0.9271507683793629,0.9616153240203857
S0-SM_suv5,S0-SM_suv5-elmid-radmid-az180.png,suv,2,1-4,7,5,1,1,0.8700000051409006,0.9262939755764421,0.9541451930999756
S0-SM_suv5,S0-SM_suv5-elmid-radnear-az000.png,suv,4,1-4,9,5,1,1,0.9720000021457672,0.9321262838233153,0.957136332988739
S0-SM_suv5,S0-SM_suv5-elmid-radnear-az135.png,suv,2,1-4,6,4,1,1,1.0,0.9564224914217903,0.971169114112854
S0-SM_suv5,S0-SM_suv5-elmid-radnear-az225.png,suv,3,1-4,8,5,1,1,0.866666676600774,0.9447243771020624,0.9690432548522949
S0-SM_suv6,S0-SM_suv6-elhigh-radmid-az225.png,suv,6,5-9,11,5,1,1,0.9720000021457672,0.9305268897451953,0.9533522129058838
S0-SM_suv6,S0-SM_suv6-ellow-radmid-az045.png,suv,10,10+,15,5,1,1,0.9670000016987323,0.9396368838891433,0.9546781778335571
S0-SM_suv6,S0-SM_suv6-ellow-radnear-az180.png,suv,26,10+,32,6,1,1,0.7307017546996736,0.9216030151594374,0.9622300267219543
S0-SM_suv6,S0-SM_suv6-elmid-radnear-az270.png,suv,4,1-4,7,3,1,1,1.0,0.9412403560793621,0.9586403369903564
S0-SM_suv7,S0-SM_suv7-elhigh-radfar-az000.png,suv,7,5-9,12,5,1,1,0.884000003695488,0.8750609518685337,0.9395301342010498
S0-SM_suv7,S0-SM_suv7-elhigh-radfar-az270.png,suv,5,5-9,8,3,1,1,1.0,0.8925933610997348,0.9392486214637756
S0-SM_suv7,S0-SM_suv7-elhigh-radmid-az090.png,suv,6,5-9,10,4,1,1,0.984375,0.9017831276075867,0.9334888458251953
S0-SM_suv7,S0-SM_suv7-elhigh-radmid-az315.png,suv,6,5-9,10,4,1,1,0.984375,0.9416464957975137,0.9658005237579346
S0-SM_suv7,S0-SM_suv7-ellow-radfar-az000.png,suv,7,5-9,11,4,1,1,0.9145833343267441,0.8823929368909589,0.9331534504890442
S0-SM_suv7,S0-SM_suv7-ellow-radfar-az225.png,suv,28,10+,31,3,1,1,0.9416666675359011,0.9080804795348385,0.9512165188789368
S0-SM_suv7,S0-SM_suv7-ellow-radmid-az225.png,suv,28,10+,31,3,1,1,0.8153846269616712,0.9185349094304556,0.9551724195480347
S0-SM_suv7,S0-SM_suv7-ellow-radnear-az045.png,suv,13,10+,19,6,1,1,0.8666666612738656,0.9362350438156923,0.9636560678482056
S0-SM_suv7,S0-SM_suv7-elmid-radfar-az225.png,suv,11,10+,15,4,1,1,0.8516666673123836,0.8842460529418688,0.9567712545394897
S0-SM_suv7,S0-SM_suv7-elmid-radfar-az270.png,suv,5,5-9,8,3,1,1,1.0,0.9297682629185822,0.9578626751899719
S0-SM_suv7,S0-SM_suv7-elmid-radmid-az180.png,suv,5,5-9,8,3,1,1,1.0,0.9172420834693042,0.9556518793106079
S0-SM_suv7,S0-SM_suv7-elmid-radmid-az225.png,suv,4,1-4,7,3,1,1,1.0,0.931597117056981,0.9641141891479492
S0-SM_suv8,S0-SM_suv8-elhigh-radmid-az180.png,suv,1,1-4,3,2,1,1,0.9375,0.8918863782028232,0.9421377778053284
S0-SM_suv8,S0-SM_suv8-elhigh-radmid-az270.png,suv,2,1-4,4,2,1,1,0.9375,0.8855988247671753,0.9394088387489319
S0-SM_suv8,S0-SM_suv8-elhigh-radnear-az000.png,suv,2,1-4,4,2,1,1,0.9625,0.9045330312522637,0.9493705630302429
S0-SM_suv8,S0-SM_suv8-elhigh-radnear-az045.png,suv,2,1-4,4,2,1,1,1.0,0.9115166867710798,0.9492907524108887
S0-SM_suv8,S0-SM_suv8-elhigh-radnear-az090.png,suv,2,1-4,4,2,1,1,0.9,0.8993338315753938,0.949395477771759
S0-SM_suv8,S0-SM_suv8-elhigh-radnear-az270.png,suv,2,1-4,4,2,1,1,0.9625,0.9077120147332316,0.9464518427848816
S0-SM_suv8,S0-SM_suv8-ellow-radmid-az045.png,suv,10,10+,12,2,1,1,0.958333333581686,0.9217866319728429,0.9536519646644592
S0-SM_suv8,S0-SM_suv8-ellow-radmid-az090.png,suv,16,10+,18,2,1,1,0.9550000000745058,0.9290081381370108,0.9561231732368469
S0-SM_suv8,S0-SM_suv8-ellow-radmid-az135.png,suv,11,10+,18,7,1,1,0.3785714419824736,0.904443118346574,0.9554232954978943
S0-SM_suv8,S0-SM_suv8-ellow-radmid-az270.png,suv,10,10+,12,2,1,1,0.8550000000745058,0.8959652166962222,0.9447624087333679
S0-SM_suv8,S0-SM_suv8-ellow-radnear-az180.png,suv,10,10+,12,2,1,1,1.0,0.9314803465347872,0.9651814103126526
S0-SM_suv8,S0-SM_suv8-ellow-radnear-az225.png,suv,20,10+,23,3,1,1,0.6600000151991844,0.8993403919071206,0.9597761034965515
S0-SM_suv8,S0-SM_suv8-elmid-radmid-az270.png,suv,3,1-4,5,2,1,1,0.9625,0.9255817531786867,0.9515977501869202
S0-SM_suv8,S0-SM_suv8-elmid-radnear-az135.png,suv,1,1-4,3,2,1,1,1.0,0.9499019507462485,0.965385377407074
S0-SM_suv8,S0-SM_suv8-elmid-radnear-az180.png,suv,0,0,2,2,1,1,1.0,0.9487705436087452,0.9754903316497803
S0-SM_suv8,S0-SM_suv8-elmid-radnear-az270.png,suv,0,0,2,2,1,1,1.0,0.9500527841418887,0.9602830410003662
S0-SM_suv9,S0-SM_suv9-elhigh-radfar-az135.png,suv,2,1-4,4,2,1,1,0.9375,0.8878779680452737,0.935354471206665
S0-SM_suv9,S0-SM_suv9-elhigh-radnear-az000.png,suv,3,1-4,5,2,1,1,0.9,0.8829023609504141,0.9523208737373352
S0-SM_suv9,S0-SM_suv9-elhigh-radnear-az180.png,suv,1,1-4,3,2,1,1,1.0,0.9283320688795449,0.9530187249183655
S0-SM_suv9,S0-SM_suv9-ellow-radfar-az225.png,suv,20,10+,24,4,1,1,0.5562500024214387,0.9203949809879326,0.9319319128990173
S0-SM_suv9,S0-SM_suv9-ellow-radmid-az315.png,suv,11,10+,18,7,1,1,0.7199443485166234,0.8907975684113723,0.9515764713287354
S0-SM_suv9,S0-SM_suv9-ellow-radnear-az045.png,suv,11,10+,13,2,1,1,0.95625,0.9383012849791577,0.9628520607948303
S0-SM_suv9,S0-SM_suv9-ellow-radnear-az180.png,suv,10,10+,12,2,1,1,1.0,0.9356665898002205,0.9681566953659058
S0-SM_suv9,S0-SM_suv9-elmid-radfar-az090.png,suv,2,1-4,4,2,1,1,1.0,0.9113143167322235,0.9489399194717407
S0-SM_suv9,S0-SM_suv9-elmid-radfar-az225.png,suv,2,1-4,4,2,1,1,0.9625,0.912511749456101,0.944662868976593
S0-SM_suv9,S0-SM_suv9-elmid-radnear-az135.png,suv,0,0,2,2,1,1,1.0,0.94196879770303,0.9610667824745178
S0-SM_tank1,S0-SM_tank1-elhigh-radfar-az000.png,tank,4,1-4,6,2,1,1,0.75,0.9278226246650263,0.9466435313224792
S0-SM_tank1,S0-SM_tank1-elhigh-radfar-az180.png,tank,4,1-4,5,1,1,1,1.0,0.898673920094403,0.9456602931022644
S0-SM_tank1,S0-SM_tank1-elhigh-radfar-az225.png,tank,4,1-4,5,1,1,1,1.0,0.9002051159629154,0.9423288702964783
S0-SM_tank1,S0-SM_tank1-elhigh-radmid-az045.png,tank,4,1-4,6,2,1,1,0.6666666686534881,0.9093833135073481,0.9469273686408997
S0-SM_tank1,S0-SM_tank1-elhigh-radmid-az225.png,tank,4,1-4,5,1,1,1,0.9,0.8968060022104964,0.9475808143615723
S0-SM_tank1,S0-SM_tank1-elhigh-radnear-az135.png,tank,3,1-4,4,1,1,1,1.0,0.9315322356760944,0.9534536004066467
S0-SM_tank1,S0-SM_tank1-elhigh-radnear-az225.png,tank,3,1-4,4,1,1,1,1.0,0.9338093853358345,0.9594367742538452
S0-SM_tank1,S0-SM_tank1-ellow-radnear-az045.png,tank,2,1-4,4,2,1,1,0.6375,0.8801183762693299,0.930383563041687
S0-SM_tank1,S0-SM_tank1-ellow-radnear-az270.png,tank,14,10+,14,0,0,0,0.0,0.0,0.0
S0-SM_tank1,S0-SM_tank1-elmid-radfar-az135.png,tank,4,1-4,5,1,1,1,1.0,0.8979380166186246,0.9342256188392639
S0-SM_tank1,S0-SM_tank1-elmid-radfar-az180.png,tank,3,1-4,4,1,1,1,1.0,0.9124244471166492,0.9458826780319214
S0-SM_tank1,S0-SM_tank1-elmid-radfar-az225.png,tank,3,1-4,4,1,1,1,0.9,0.8509713154466496,0.9372316002845764
S0-SM_tank1,S0-SM_tank1-elmid-radmid-az000.png,tank,4,1-4,5,1,1,1,1.0,0.9199527945468802,0.9551337957382202
S0-SM_tank1,S0-SM_tank1-elmid-radmid-az090.png,tank,3,1-4,4,1,1,1,1.0,0.9166114735593709,0.9367320537567139
S0-SM_tank1,S0-SM_tank1-elmid-radmid-az135.png,tank,3,1-4,4,1,1,1,1.0,0.9289426739817053,0.9526872038841248
S0-SM_tank1,S0-SM_tank1-elmid-radmid-az270.png,tank,4,1-4,5,1,1,1,0.9,0.85287635128212,0.9328658580780029
S0-SM_tank10,S0-SM_tank10-elhigh-radfar-az045.png,tank,1,1-4,2,1,1,1,1.0,0.9145243405878212,0.9413384795188904
S0-SM_tank10,S0-SM_tank10-elhigh-radnear-az135.png,tank,0,0,1,1,1,1,0.9,0.887861281788318,0.9599431157112122
S0-SM_tank10,S0-SM_tank10-ellow-radfar-az045.png,tank,12,10+,15,3,1,1,0.3333333420256773,0.8588631855566078,0.9209612607955933
S0-SM_tank10,S0-SM_tank10-ellow-radmid-az180.png,tank,18,10+,19,1,1,1,1.0,0.8922255382920241,0.9387427568435669
S0-SM_tank10,S0-SM_tank10-ellow-radnear-az045.png,tank,17,10+,20,3,1,1,0.3230769325334292,0.7658949450537875,0.8082004189491272
S0-SM_tank10,S0-SM_tank10-ellow-radnear-az315.png,tank,8,5-9,9,1,1,1,0.6,0.7287698183017852,0.9275858998298645
S0-SM_tank10,S0-SM_tank10-elmid-radfar-az090.png,tank,2,1-4,3,1,1,1,0.5,0.6579131705032353,0.9033287763595581
S0-SM_tank10,S0-SM_tank10-elmid-radmid-az090.png,tank,0,0,1,1,1,1,0.5,0.6725887915108331,0.9030035734176636
S0-SM_tank10,S0-SM_tank10-elmid-radmid-az180.png,tank,0,0,1,1,1,1,1.0,0.9216823539305494,0.9639601707458496
S0-SM_tank10,S0-SM_tank10-elmid-radnear-az135.png,tank,0,0,1,1,1,1,0.9,0.881668645779321,0.958081841468811
S0-SM_tank10,S0-SM_tank10-elmid-radnear-az180.png,tank,0,0,1,1,1,1,1.0,0.9548153476869032,0.9742239713668823
S0-SM_tank11,S0-SM_tank11-elhigh-radfar-az045.png,tank,1,1-4,2,1,1,1,1.0,0.8998882422981183,0.9333112239837646
S0-SM_tank11,S0-SM_tank11-elhigh-radfar-az180.png,tank,2,1-4,3,1,1,1,0.9,0.865688150758924,0.925478994846344
S0-SM_tank11,S0-SM_tank11-elhigh-radfar-az315.png,tank,1,1-4,2,1,1,1,1.0,0.8870790023586679,0.9254213571548462
S0-SM_tank11,S0-SM_tank11-elhigh-radnear-az180.png,tank,1,1-4,2,1,1,1,1.0,0.9242744045693385,0.9650412797927856
S0-SM_tank11,S0-SM_tank11-ellow-radmid-az000.png,tank,0,0,1,1,1,1,0.9,0.6764903450294781,0.7409356832504272
S0-SM_tank11,S0-SM_tank11-ellow-radnear-az000.png,tank,0,0,1,1,1,1,0.9,0.8754440513439121,0.9238702654838562
S0-SM_tank11,S0-SM_tank11-ellow-radnear-az225.png,tank,19,10+,21,2,1,1,0.525000000372529,0.9418653147723148,0.9742076396942139
S0-SM_tank11,S0-SM_tank11-elmid-radfar-az000.png,tank,1,1-4,2,1,1,1,1.0,0.9141553107112799,0.9486048221588135
S0-SM_tank11,S0-SM_tank11-elmid-radfar-az045.png,tank,1,1-4,2,1,1,1,0.9,0.875805337490263,0.9331043362617493
S0-SM_tank11,S0-SM_tank11-elmid-radfar-az270.png,tank,1,1-4,2,1,1,1,1.0,0.9012003806128561,0.9315870404243469
S0-SM_tank11,S0-SM_tank11-elmid-radnear-az090.png,tank,0,0,1,1,1,1,1.0,0.9579793686306886,0.9724857807159424
S0-SM_tank12,S0-SM_tank12-elhigh-radfar-az045.png,tank,0,0,2,2,1,1,0.9375,0.8996915238871566,0.9560109376907349
S0-SM_tank12,S0-SM_tank12-elhigh-radmid-az000.png,tank,0,0,3,3,1,1,0.9777777794334623,0.939104009242353,0.9640033841133118
S0-SM_tank12,S0-SM_tank12-elhigh-radmid-az135.png,tank,0,0,3,3,1,1,1.0,0.9331389806737889,0.9623098373413086
S0-SM_tank12,S0-SM_tank12-elhigh-radnear-az000.png,tank,0,0,3,3,1,1,0.764848502585382,0.9505485094639177,0.9781184792518616
S0-SM_tank12,S0-SM_tank12-ellow-radfar-az000.png,tank,15,10+,17,2,1,1,0.95625,0.8918289227448817,0.9298060536384583
S0-SM_tank12,S0-SM_tank12-ellow-radfar-az090.png,tank,0,0,2,2,1,1,0.958333333581686,0.9042527358453754,0.9301390647888184
S0-SM_tank12,S0-SM_tank12-ellow-radmid-az135.png,tank,0,0,2,2,1,1,0.9517857143655419,0.9117873642842085,0.9355416297912598
S0-SM_tank12,S0-SM_tank12-ellow-radmid-az270.png,tank,20,10+,25,5,1,1,0.7050403084000606,0.8763573441798798,0.8955448269844055
S0-SM_tank12,S0-SM_tank12-elmid-radfar-az135.png,tank,0,0,3,3,1,1,0.9277777784400516,0.8959174623769037,0.9493584036827087
S0-SM_tank12,S0-SM_tank12-elmid-radnear-az135.png,tank,0,0,2,2,1,1,1.0,0.9596139221878701,0.967570424079895
S0-SM_tank12,S0-SM_tank12-elmid-radnear-az315.png,tank,0,0,2,2,1,1,1.0,0.9482944416084678,0.96677565574646
S0-SM_tank13,S0-SM_tank13-ellow-radmid-az270.png,tank,22,10+,27,5,1,1,0.8906666703124841,0.9160512364906594,0.9411028623580933
S0-SM_tank13,S0-SM_tank13-ellow-radnear-az270.png,tank,16,10+,20,4,1,1,0.647916667116806,0.9465509129159102,0.9619264006614685
S0-SM_tank13,S0-SM_tank13-elmid-radfar-az180.png,tank,0,0,5,5,1,1,0.8720000046789644,0.9236298811586039,0.9611090421676636
S0-SM_tank13,S0-SM_tank13-elmid-radmid-az045.png,tank,0,0,3,3,1,1,0.9777777794334623,0.9459303241283479,0.9608680009841919
S0-SM_tank13,S0-SM_tank13-elmid-radnear-az180.png,tank,0,0,4,4,1,1,0.984375,0.9503483175850889,0.9698773622512817
S0-SM_tank14,S0-SM_tank14-elhigh-radfar-az045.png,tank,0,0,4,4,1,1,0.921875,0.9056115562308591,0.9556518793106079
S0-SM_tank14,S0-SM_tank14-elhigh-radmid-az225.png,tank,0,0,3,3,1,1,0.8222222295072343,0.9291662754552945,0.965493381023407
S0-SM_tank14,S0-SM_tank14-elhigh-radmid-az315.png,tank,0,0,4,4,1,1,1.0,0.9194925233997253,0.951545238494873
S0-SM_tank14,S0-SM_tank14-elhigh-radnear-az135.png,tank,0,0,4,4,1,1,0.953125,0.9184527051573603,0.9473480582237244
S0-SM_tank14,S0-SM_tank14-elhigh-radnear-az225.png,tank,0,0,3,3,1,1,0.9222222230500645,0.9054910366168123,0.956721842288971
S0-SM_tank14,S0-SM_tank14-ellow-radmid-az045.png,tank,16,10+,20,4,1,1,0.8312500010244548,0.9701402578885663,0.9767500758171082
S0-SM_tank14,S0-SM_tank14-ellow-radmid-az180.png,tank,15,10+,21,6,1,1,0.7336996371028842,0.8769918331528501,0.9219716787338257
S0-SM_tank14,S0-SM_tank14-ellow-radmid-az225.png,tank,8,5-9,16,8,1,1,0.6881960238679312,0.9502442341824846,0.969331681728363
S0-SM_tank14,S0-SM_tank14-ellow-radnear-az090.png,tank,0,0,3,3,1,1,0.9444444480869507,0.9068092978049194,0.9390293955802917
S0-SM_tank14,S0-SM_tank14-ellow-radnear-az315.png,tank,18,10+,21,3,1,1,0.9066666694978872,0.9390014279348442,0.9551869034767151
S0-SM_tank14,S0-SM_tank14-elmid-radfar-az180.png,tank,0,0,6,6,1,1,0.6703048406691866,0.924530270816387,0.9524218440055847
S0-SM_tank14,S0-SM_tank14-elmid-radfar-az225.png,tank,0,0,5,5,1,1,0.8861904791565169,0.9396721816441911,0.9549739956855774
S0-SM_tank14,S0-SM_tank14-elmid-radnear-az180.png,tank,0,0,3,3,1,1,1.0,0.9531152948646238,0.9700137376785278
S0-SM_tank15,S0-SM_tank15-elhigh-radfar-az090.png,tank,0,0,4,4,1,1,0.934375,0.9290754625966429,0.9508593082427979
S0-SM_tank15,S0-SM_tank15-elhigh-radfar-az315.png,tank,0,0,3,3,1,1,0.9277777784400516,0.8715356317094631,0.9475276470184326
S0-SM_tank15,S0-SM_tank15-elhigh-radmid-az180.png,tank,0,0,3,3,1,1,0.9777777794334623,0.926189664927378,0.9671876430511475
S0-SM_tank15,S0-SM_tank15-elhigh-radmid-az225.png,tank,0,0,2,2,1,1,0.925,0.9327642085026895,0.96620774269104
S0-SM_tank15,S0-SM_tank15-ellow-radfar-az045.png,tank,12,10+,16,4,1,1,0.6157738113775849,0.6984329658387445,0.9385610222816467
S0-SM_tank15,S0-SM_tank15-ellow-radfar-az270.png,tank,19,10+,23,4,1,1,0.7395833337679505,0.8880586132751489,0.9172298312187195
S0-SM_tank15,S0-SM_tank15-ellow-radmid-az315.png,tank,17,10+,19,2,1,1,1.0,0.9064794363282971,0.9396274089813232
S0-SM_tank15,S0-SM_tank15-ellow-radnear-az000.png,tank,13,10+,18,5,1,1,0.45386097673322745,0.6702226819697756,0.9455540180206299
S0-SM_tank15,S0-SM_tank15-elmid-radfar-az045.png,tank,0,0,4,4,1,1,0.89375,0.9122899524405454,0.9425692558288574
S0-SM_tank15,S0-SM_tank15-elmid-radfar-az090.png,tank,0,0,4,4,1,1,0.909375,0.9302713712378221,0.9460781216621399
S0-SM_tank15,S0-SM_tank15-elmid-radnear-az000.png,tank,0,0,3,3,1,1,0.9777777794334623,0.9372226507626635,0.9719538688659668
S0-SM_tank16,S0-SM_tank16-elhigh-radfar-az315.png,tank,0,0,3,3,1,1,0.6083333482965827,0.8965581680881769,0.9394559860229492
S0-SM_tank16,S0-SM_tank16-elhigh-radnear-az225.png,tank,0,0,2,2,1,1,1.0,0.9216903279804711,0.9455332159996033
S0-SM_tank16,S0-SM_tank16-ellow-radfar-az090.png,tank,0,0,2,2,1,1,0.5500000007450581,0.8370333531348138,0.8513524532318115
S0-SM_tank16,S0-SM_tank16-ellow-radfar-az315.png,tank,11,10+,13,2,1,1,0.8250000067055225,0.8325939929742887,0.9064382314682007
S0-SM_tank16,S0-SM_tank16-ellow-radmid-az090.png,tank,0,0,1,1,1,1,1.0,0.7670106771076064,0.798703670501709
S0-SM_tank16,S0-SM_tank16-ellow-radmid-az135.png,tank,10,10+,11,1,1,1,0.65,0.5584242457017652,0.8905428051948547
S0-SM_tank16,S0-SM_tank16-elmid-radfar-az135.png,tank,0,0,1,1,1,1,1.0,0.8958765520680458,0.9425797462463379
S0-SM_tank16,S0-SM_tank16-elmid-radfar-az225.png,tank,0,0,2,2,1,1,0.9375,0.8709843542206386,0.9258266687393188
S0-SM_tank17,S0-SM_tank17-elhigh-radfar-az090.png,tank,3,1-4,5,2,1,1,0.8625,0.8962242300753331,0.9462487697601318
S0-SM_tank17,S0-SM_tank17-elhigh-radmid-az225.png,tank,3,1-4,5,2,1,1,1.0,0.9226775231942241,0.9597787261009216
S0-SM_tank17,S0-SM_tank17-elhigh-radnear-az045.png,tank,3,1-4,5,2,1,1,1.0,0.9328172010187643,0.9593487977981567
S0-SM_tank17,S0-SM_tank17-ellow-radfar-az225.png,tank,3,1-4,5,2,1,1,0.875000000745058,0.8933027131867668,0.9226153492927551
S0-SM_tank17,S0-SM_tank17-ellow-radfar-az315.png,tank,8,5-9,10,2,1,1,0.41666666716337203,0.515702952849022,0.8887302279472351
S0-SM_tank17,S0-SM_tank17-ellow-radnear-az135.png,tank,1,1-4,2,1,1,1,1.0,0.9010226530390781,0.9313566088676453
S0-SM_tank17,S0-SM_tank17-elmid-radmid-az180.png,tank,3,1-4,4,1,1,1,1.0,0.8985271856636246,0.9356002807617188
S0-SM_tank17,S0-SM_tank17-elmid-radmid-az315.png,tank,3,1-4,5,2,1,1,0.716666667163372,0.8106286610571622,0.9456691145896912
S0-SM_tank17,S0-SM_tank17-elmid-radnear-az045.png,tank,2,1-4,4,2,1,1,0.9625,0.9591574791794066,0.969296395778656
S0-SM_tank18,S0-SM_tank18-elhigh-radfar-az270.png,tank,3,1-4,5,2,1,1,0.9625,0.9158333010635111,0.952548086643219
S0-SM_tank18,S0-SM_tank18-elhigh-radmid-az225.png,tank,3,1-4,5,2,1,1,1.0,0.9199865505240439,0.9548144340515137
S0-SM_tank18,S0-SM_tank18-elhigh-radnear-az225.png,tank,3,1-4,5,2,1,1,0.9625,0.92847210800171,0.9688459038734436
S0-SM_tank18,S0-SM_tank18-ellow-radfar-az270.png,tank,16,10+,18,2,1,1,0.39375,0.5795637481227125,0.9286713004112244
S0-SM_tank18,S0-SM_tank18-ellow-radnear-az270.png,tank,14,10+,15,1,1,1,0.9,0.6808841244458641,0.735611617565155
S0-SM_tank18,S0-SM_tank18-elmid-radmid-az090.png,tank,3,1-4,5,2,1,1,0.866666667163372,0.8031430476876693,0.933072030544281
S0-SM_tank18,S0-SM_tank18-elmid-radmid-az270.png,tank,3,1-4,5,2,1,1,0.8583333335816861,0.8523908537286253,0.9238869547843933
S0-SM_tank18,S0-SM_tank18-elmid-radnear-az315.png,tank,3,1-4,4,1,1,1,1.0,0.9311762401563328,0.9547645449638367
S0-SM_tank19,S0-SM_tank19-elhigh-radfar-az000.png,tank,9,5-9,10,1,1,1,0.9,0.8641600595748749,0.9370442032814026
S0-SM_tank19,S0-SM_tank19-elhigh-radfar-az090.png,tank,8,5-9,9,1,1,1,0.9,0.874758512210974,0.9385147094726562
S0-SM_tank19,S0-SM_tank19-elhigh-radmid-az000.png,tank,5,5-9,6,1,1,1,1.0,0.9146780293848984,0.9474725127220154
S0-SM_tank19,S0-SM_tank19-elhigh-radmid-az045.png,tank,5,5-9,6,1,1,1,1.0,0.9185645831535965,0.9544711112976074
S0-SM_tank19,S0-SM_tank19-ellow-radfar-az135.png,tank,2,1-4,3,1,1,1,0.9,0.8600237433310909,0.9083720445632935
S0-SM_tank19,S0-SM_tank19-ellow-radfar-az180.png,tank,3,1-4,3,0,0,0,0.0,0.0,0.0
S0-SM_tank19,S0-SM_tank19-ellow-radmid-az000.png,tank,6,5-9,8,2,1,1,0.68125,0.9061674202224417,0.9584115147590637
S0-SM_tank19,S0-SM_tank19-ellow-radmid-az045.png,tank,10,10+,11,1,1,1,0.7,0.7605327724753863,0.9062978625297546
S0-SM_tank19,S0-SM_tank19-ellow-radmid-az225.png,tank,1,1-4,2,1,1,1,0.8,0.7626272478578464,0.8892810940742493
S0-SM_tank19,S0-SM_tank19-ellow-radmid-az270.png,tank,21,10+,24,3,1,1,0.8166666721304257,0.8989008561759064,0.9487677812576294
S0-SM_tank19,S0-SM_tank19-ellow-radnear-az000.png,tank,4,1-4,6,2,1,1,0.35625,0.6267483256664264,0.9526127576828003
S0-SM_tank19,S0-SM_tank19-ellow-radnear-az315.png,tank,12,10+,13,1,1,1,0.3,0.6100083046293037,0.9802591800689697
S0-SM_tank19,S0-SM_tank19-elmid-radfar-az135.png,tank,4,1-4,5,1,1,1,0.6,0.6691491146680555,0.8834248185157776
S0-SM_tank19,S0-SM_tank19-elmid-radmid-az045.png,tank,6,5-9,7,1,1,1,1.0,0.9377125340351995,0.957146167755127
S0-SM_tank19,S0-SM_tank19-elmid-radnear-az090.png,tank,1,1-4,2,1,1,1,1.0,0.9477225959801956,0.9634037613868713
S0-SM_tank19,S0-SM_tank19-elmid-radnear-az180.png,tank,2,1-4,3,1,1,1,1.0,0.9344171301861195,0.9502568244934082
S0-SM_tank2,S0-SM_tank2-elhigh-radfar-az135.png,tank,7,5-9,8,1,1,1,0.6,0.7041402713719336,0.9332817792892456
S0-SM_tank2,S0-SM_tank2-elhigh-radmid-az135.png,tank,4,1-4,5,1,1,1,1.0,0.8916413752864827,0.9308831691741943
S0-SM_tank2,S0-SM_tank2-elhigh-radnear-az315.png,tank,3,1-4,4,1,1,1,0.9,0.8936967705278818,0.9439007043838501
S0-SM_tank2,S0-SM_tank2-ellow-radfar-az135.png,tank,12,10+,14,2,1,1,0.16071428619325162,0.5620491326567745,0.9301048517227173
S0-SM_tank2,S0-SM_tank2-ellow-radnear-az090.png,tank,2,1-4,4,2,1,1,0.500000000745058,0.6241131110593656,0.9455710649490356
S0-SM_tank2,S0-SM_tank2-elmid-radmid-az000.png,tank,3,1-4,4,1,1,1,1.0,0.9280572907466151,0.9620042443275452
S0-SM_tank2,S0-SM_tank2-elmid-radnear-az315.png,tank,1,1-4,2,1,1,1,1.0,0.9266362776808705,0.9455205202102661
S0-SM_tank20,S0-SM_tank20-elhigh-radfar-az315.png,tank,0,0,1,1,1,1,0.9,0.8531462696183212,0.9358356595039368
S0-SM_tank20,S0-SM_tank20-elhigh-radnear-az225.png,tank,0,0,2,2,1,1,0.9625,0.9200579875127346,0.9572386741638184
S0-SM_tank20,S0-SM_tank20-ellow-radnear-az000.png,tank,11,10+,12,1,1,1,1.0,0.9099507481631193,0.925534188747406
S0-SM_tank20,S0-SM_tank20-elmid-radfar-az315.png,tank,0,0,1,1,1,1,0.9,0.86999069375846,0.9289403557777405
S0-SM_tank20,S0-SM_tank20-elmid-radmid-az270.png,tank,0,0,1,1,1,1,0.8,0.8367650126022568,0.9518857002258301
S0-SM_tank20,S0-SM_tank20-elmid-radnear-az270.png,tank,0,0,1,1,1,1,1.0,0.9516150916036139,0.9657285809516907
S0-SM_tank3,S0-SM_tank3-elhigh-radfar-az270.png,tank,9,5-9,13,4,1,1,0.4910714294761419,0.8305230251624138,0.9183429479598999
S0-SM_tank3,S0-SM_tank3-elhigh-radnear-az270.png,tank,6,5-9,10,4,1,1,0.7625,0.8095143111306591,0.9414574503898621
S0-SM_tank3,S0-SM_tank3-ellow-radnear-az180.png,tank,9,5-9,11,2,1,1,0.60625,0.9665297932635397,0.9750369787216187
S0-SM_tank3,S0-SM_tank3-ellow-radnear-az315.png,tank,11,10+,15,4,1,1,0.5353869122453034,0.5917198083824218,0.9794350862503052
S0-SM_tank3,S0-SM_tank3-elmid-radfar-az180.png,tank,10,10+,13,3,1,1,0.7444444530540043,0.8707510792616091,0.9360677599906921
S0-SM_tank3,S0-SM_tank3-elmid-radnear-az045.png,tank,2,1-4,6,4,1,1,0.925,0.954832905276028,0.9666906595230103
S0-SM_tank3,S0-SM_tank3-elmid-radnear-az180.png,tank,5,5-9,7,2,1,1,0.953125,0.9367795372117804,0.9651067852973938
S0-SM_tank3,S0-SM_tank3-elmid-radnear-az225.png,tank,5,5-9,7,2,1,1,0.8,0.8333571294228932,0.9323348999023438
S0-SM_tank4,S0-SM_tank4-elhigh-radnear-az000.png,tank,4,1-4,7,3,1,1,1.0,0.9296683989843615,0.9624320864677429
S0-SM_tank4,S0-SM_tank4-elhigh-radnear-az090.png,tank,5,5-9,9,4,1,1,1.0,0.952574264270833,0.9649873375892639
S0-SM_tank4,S0-SM_tank4-ellow-radfar-az135.png,tank,10,10+,14,4,1,1,0.6750000051222742,0.8949301973421697,0.9594901204109192
S0-SM_tank4,S0-SM_tank4-elmid-radfar-az045.png,tank,5,5-9,9,4,1,1,0.984375,0.9375694277377136,0.9595667123794556
S0-SM_tank4,S0-SM_tank4-elmid-radfar-az135.png,tank,10,10+,14,4,1,1,0.759375,0.6015584688003273,0.9300338625907898
S0-SM_tank4,S0-SM_tank4-elmid-radmid-az000.png,tank,4,1-4,7,3,1,1,0.9200000050663949,0.9500419816743388,0.9639025926589966
S0-SM_tank4,S0-SM_tank4-elmid-radnear-az045.png,tank,4,1-4,8,4,1,1,0.98125,0.9500836466102669,0.9682077169418335
S0-SM_tank5,S0-SM_tank5-elhigh-radfar-az225.png,tank,8,5-9,12,4,1,1,0.790625,0.8911864068405322,0.9346054196357727
S0-SM_tank5,S0-SM_tank5-ellow-radfar-az090.png,tank,5,5-9,9,4,1,1,0.7680555567145347,0.8799858487556378,0.9042131900787354
S0-SM_tank5,S0-SM_tank5-ellow-radfar-az225.png,tank,23,10+,27,4,1,1,0.6698809577152133,0.846802004464493,0.9443213939666748
S0-SM_tank5,S0-SM_tank5-elmid-radfar-az045.png,tank,4,1-4,8,4,1,1,0.809375,0.9242989475303602,0.9582500457763672
S0-SM_tank5,S0-SM_tank5-elmid-radfar-az135.png,tank,10,10+,14,4,1,1,0.884375,0.8681095330619115,0.9160977602005005
S0-SM_tank5,S0-SM_tank5-elmid-radfar-az180.png,tank,9,5-9,13,4,1,1,0.9,0.8433972621971861,0.8972530364990234
S0-SM_tank5,S0-SM_tank5-elmid-radfar-az225.png,tank,8,5-9,12,4,1,1,0.8350000005215407,0.9019397575411858,0.9357807040214539
S0-SM_tank5,S0-SM_tank5-elmid-radmid-az045.png,tank,2,1-4,5,3,1,1,0.9777777794334623,0.9284007409384358,0.9615444540977478
S0-SM_tank5,S0-SM_tank5-elmid-radmid-az090.png,tank,4,1-4,7,3,1,1,0.9444444456034237,0.9108092195814415,0.9541122317314148
S0-SM_tank5,S0-SM_tank5-elmid-radmid-az225.png,tank,5,5-9,9,4,1,1,0.946875,0.9201316237729884,0.9517663717269897
S0-SM_tank5,S0-SM_tank5-elmid-radmid-az270.png,tank,3,1-4,6,3,1,1,0.933333338300387,0.9211892026316733,0.9567252397537231
S0-SM_tank6,S0-SM_tank6-elhigh-radmid-az225.png,tank,9,5-9,13,4,1,1,0.808333333581686,0.8873656436876765,0.9507986903190613
S0-SM_tank6,S0-SM_tank6-elhigh-radmid-az315.png,tank,6,5-9,10,4,1,1,0.645833333954215,0.8745891432827584,0.942708432674408
S0-SM_tank6,S0-SM_tank6-elhigh-radnear-az000.png,tank,5,5-9,9,4,1,1,0.978125,0.9444892120799935,0.9690283536911011
S0-SM_tank6,S0-SM_tank6-ellow-radfar-az270.png,tank,14,10+,18,4,1,1,0.7598214292898774,0.8986713253392296,0.9501341581344604
S0-SM_tank6,S0-SM_tank6-ellow-radmid-az315.png,tank,13,10+,17,4,1,1,0.9347222223877907,0.949467945518915,0.9778611063957214
S0-SM_tank6,S0-SM_tank6-elmid-radnear-az135.png,tank,4,1-4,7,3,1,1,0.9111111177338493,0.9528896131835616,0.968723714351654
S0-SM_tank7,S0-SM_tank7-elhigh-radfar-az045.png,tank,1,1-4,2,1,1,1,1.0,0.9213285071492479,0.9426844716072083
S0-SM_tank7,S0-SM_tank7-elhigh-radfar-az090.png,tank,1,1-4,2,1,1,1,0.6,0.7066112425699345,0.9398092031478882
S0-SM_tank7,S0-SM_tank7-elhigh-radfar-az315.png,tank,2,1-4,3,1,1,1,1.0,0.9254517344995783,0.9452542662620544
S0-SM_tank7,S0-SM_tank7-elhigh-radmid-az225.png,tank,1,1-4,2,1,1,1,1.0,0.923186308604727,0.9584066867828369
S0-SM_tank7,S0-SM_tank7-elhigh-radnear-az315.png,tank,1,1-4,2,1,1,1,1.0,0.9321235309598279,0.9638000130653381
S0-SM_tank7,S0-SM_tank7-ellow-radfar-az000.png,tank,2,1-4,3,1,1,1,1.0,0.8691906017140738,0.9099604487419128
S0-SM_tank7,S0-SM_tank7-ellow-radmid-az045.png,tank,0,0,1,1,1,1,0.7,0.4589750353159374,0.7009323835372925
S0-SM_tank7,S0-SM_tank7-ellow-radmid-az090.png,tank,0,0,1,1,1,1,1.0,0.8642760951094175,0.8860191702842712
S0-SM_tank7,S0-SM_tank7-ellow-radmid-az225.png,tank,16,10+,17,1,1,1,0.65,0.3775760039129601,0.5522864460945129
S0-SM_tank7,S0-SM_tank7-ellow-radnear-az000.png,tank,0,0,1,1,1,1,1.0,0.9030005222676465,0.9146619439125061
S0-SM_tank7,S0-SM_tank7-ellow-radnear-az270.png,tank,20,10+,23,3,1,1,0.5933333400885263,0.8214497728913202,0.9780822992324829
S0-SM_tank7,S0-SM_tank7-elmid-radfar-az090.png,tank,1,1-4,2,1,1,1,0.5,0.6892261210518207,0.9296814799308777
S0-SM_tank7,S0-SM_tank7-elmid-radfar-az135.png,tank,2,1-4,3,1,1,1,1.0,0.8979248448262993,0.9414411783218384
S0-SM_tank7,S0-SM_tank7-elmid-radfar-az225.png,tank,3,1-4,4,1,1,1,0.9,0.8888319670161735,0.9356938004493713
S0-SM_tank7,S0-SM_tank7-elmid-radmid-az135.png,tank,1,1-4,2,1,1,1,1.0,0.9211356667061352,0.9574283361434937
S0-SM_tank7,S0-SM_tank7-elmid-radmid-az315.png,tank,0,0,1,1,1,1,1.0,0.9474090361970262,0.9602499604225159
S0-SM_tank7,S0-SM_tank7-elmid-radnear-az045.png,tank,0,0,1,1,1,1,1.0,0.9526495929474947,0.9689600467681885
S0-SM_tank7,S0-SM_tank7-elmid-radnear-az090.png,tank,0,0,1,1,1,1,0.6,0.7412498371409484,0.9453265070915222
S0-SM_tank8,S0-SM_tank8-elhigh-radfar-az000.png,tank,4,1-4,6,2,1,1,0.9375,0.8910283116092614,0.94000244140625
S0-SM_tank8,S0-SM_tank8-elhigh-radmid-az000.png,tank,4,1-4,6,2,1,1,0.9,0.8815720361261903,0.9535470604896545
S0-SM_tank8,S0-SM_tank8-ellow-radfar-az135.png,tank,11,10+,13,2,1,1,0.3106666669249535,0.4934272018453356,0.8396321535110474
S0-SM_tank8,S0-SM_tank8-ellow-radmid-az045.png,tank,23,10+,25,2,1,1,0.7958333376795054,0.9347196005996636,0.9478992819786072
S0-SM_tank8,S0-SM_tank8-ellow-radmid-az090.png,tank,17,10+,23,6,1,1,0.17205882795045482,0.8435121451871979,0.9154035449028015
S0-SM_tank8,S0-SM_tank8-ellow-radnear-az180.png,tank,16,10+,18,2,1,1,0.3250000007450581,0.5671954990184318,0.7543739080429077
S0-SM_tank8,S0-SM_tank8-ellow-radnear-az315.png,tank,11,10+,13,2,1,1,0.8650000002235174,0.788872099233302,0.8161890506744385
S0-SM_tank8,S0-SM_tank8-elmid-radnear-az000.png,tank,4,1-4,6,2,1,1,0.5708333339542151,0.8181853114472943,0.9613745212554932
S0-SM_tank8,S0-SM_tank8-elmid-radnear-az090.png,tank,4,1-4,5,1,1,1,1.0,0.9633236389641979,0.9694232940673828
S0-SM_tank9,S0-SM_tank9-elhigh-radfar-az000.png,tank,3,1-4,4,1,1,1,1.0,0.9069955500313966,0.947848379611969
S0-SM_tank9,S0-SM_tank9-elhigh-radfar-az315.png,tank,1,1-4,2,1,1,1,1.0,0.9084452566034784,0.9446004033088684
S0-SM_tank9,S0-SM_tank9-elhigh-radmid-az090.png,tank,4,1-4,6,2,1,1,1.0,0.9333184548868232,0.9645239114761353
S0-SM_tank9,S0-SM_tank9-elhigh-radnear-az135.png,tank,1,1-4,2,1,1,1,0.9,0.9089797686848158,0.9571815729141235
S0-SM_tank9,S0-SM_tank9-ellow-radfar-az135.png,tank,9,5-9,12,3,1,1,0.6500000163912772,0.8712237866420764,0.9186668395996094
S0-SM_tank9,S0-SM_tank9-elmid-radfar-az000.png,tank,1,1-4,2,1,1,1,0.9,0.8603007349731797,0.9423198699951172
S0-SM_tank9,S0-SM_tank9-elmid-radfar-az045.png,tank,5,5-9,6,1,1,1,0.5,0.7042519348648,0.9490035772323608
S0-SM_tank9,S0-SM_tank9-elmid-radmid-az000.png,tank,1,1-4,2,1,1,1,0.9,0.9020961005399997,0.957983136177063
S0-SM_tank9,S0-SM_tank9-elmid-radnear-az270.png,tank,1,1-4,2,1,1,1,1.0,0.9438572456693883,0.9579798579216003
S0-SM_tent_1,S0-SM_tent_1-elhigh-radfar-az315.png,tent,4,1-4,5,1,1,1,1.0,0.9614106458413403,0.9721479415893555
S0-SM_tent_1,S0-SM_tent_1-elhigh-radmid-az180.png,tent,4,1-4,5,1,1,1,1.0,0.9488270491963391,0.979450523853302
S0-SM_tent_1,S0-SM_tent_1-elhigh-radnear-az000.png,tent,2,1-4,3,1,1,1,1.0,0.9600858065370588,0.9689825773239136
S0-SM_tent_1,S0-SM_tent_1-elhigh-radnear-az045.png,tent,3,1-4,4,1,1,1,1.0,0.9575498952461245,0.9709884524345398
S0-SM_tent_1,S0-SM_tent_1-ellow-radfar-az000.png,tent,3,1-4,4,1,1,1,1.0,0.9374098908841191,0.9655138254165649
S0-SM_tent_1,S0-SM_tent_1-ellow-radfar-az315.png,tent,2,1-4,3,1,1,1,1.0,0.9600353093497915,0.9682810306549072
S0-SM_tent_1,S0-SM_tent_1-ellow-radmid-az045.png,tent,2,1-4,3,1,1,1,1.0,0.9493585375490028,0.9643937349319458
S0-SM_tent_1,S0-SM_tent_1-ellow-radmid-az270.png,tent,13,10+,14,1,1,1,1.0,0.937542842157363,0.968835711479187
S0-SM_tent_1,S0-SM_tent_1-ellow-radnear-az090.png,tent,2,1-4,3,1,1,1,1.0,0.968706558103257,0.9792030453681946
S0-SM_tent_1,S0-SM_tent_1-ellow-radnear-az135.png,tent,2,1-4,3,1,1,1,1.0,0.963675369053469,0.9818090796470642
S0-SM_tent_1,S0-SM_tent_1-ellow-radnear-az180.png,tent,5,5-9,6,1,1,1,1.0,0.9519673547589314,0.9730663895606995
S0-SM_tent_1,S0-SM_tent_1-elmid-radfar-az000.png,tent,4,1-4,5,1,1,1,1.0,0.9571818031444295,0.9697881937026978
S0-SM_tent_1,S0-SM_tent_1-elmid-radfar-az180.png,tent,7,5-9,8,1,1,1,1.0,0.9503480420026236,0.971455991268158
S0-SM_tent_1,S0-SM_tent_1-elmid-radnear-az000.png,tent,1,1-4,2,1,1,1,1.0,0.9486657696343102,0.964962363243103
S0-SM_tent_1,S0-SM_tent_1-elmid-radnear-az090.png,tent,1,1-4,2,1,1,1,1.0,0.9647956638624642,0.9770614504814148
S0-SM_tent_1,S0-SM_tent_1-elmid-radnear-az180.png,tent,1,1-4,2,1,1,1,1.0,0.969779854650902,0.9794126749038696
S0-SM_tent_10,S0-SM_tent_10-elhigh-radfar-az135.png,tent,7,5-9,10,3,1,1,1.0,0.9549871579443305,0.9737159013748169
S0-SM_tent_10,S0-SM_tent_10-elhigh-radmid-az000.png,tent,7,5-9,10,3,1,1,1.0,0.9665112863923184,0.9768452644348145
S0-SM_tent_10,S0-SM_tent_10-elhigh-radmid-az045.png,tent,7,5-9,10,3,1,1,1.0,0.9621840612161918,0.9751469492912292
S0-SM_tent_10,S0-SM_tent_10-elhigh-radmid-az135.png,tent,6,5-9,9,3,1,1,1.0,0.9674358880470635,0.9755104780197144
S0-SM_tent_10,S0-SM_tent_10-elhigh-radmid-az270.png,tent,4,1-4,7,3,1,1,1.0,0.9551010954800425,0.9753445982933044
S0-SM_tent_10,S0-SM_tent_10-ellow-radfar-az000.png,tent,6,5-9,8,2,1,1,0.9516666667535901,0.951523344363089,0.9656585454940796
S0-SM_tent_10,S0-SM_tent_10-ellow-radmid-az045.png,tent,4,1-4,7,3,1,1,0.37500000931322575,0.9620258234391343,0.9652621746063232
S0-SM_tent_10,S0-SM_tent_10-ellow-radmid-az090.png,tent,8,5-9,11,3,1,1,0.9035087748054872,0.9594626360202767,0.9707005620002747
S0-SM_tent_10,S0-SM_tent_10-ellow-radnear-az045.png,tent,2,1-4,3,1,1,1,1.0,0.9659906571777839,0.9737169146537781
S0-SM_tent_10,S0-SM_tent_10-ellow-radnear-az135.png,tent,16,10+,18,2,1,1,0.954166666790843,0.9737500318034868,0.9797419905662537
S0-SM_tent_10,S0-SM_tent_10-elmid-radfar-az045.png,tent,8,5-9,11,3,1,1,0.9622222242421575,0.9552308263999194,0.9696016907691956
S0-SM_tent_10,S0-SM_tent_10-elmid-radfar-az225.png,tent,6,5-9,9,3,1,1,1.0,0.9704813658835434,0.9815574884414673
S0-SM_tent_10,S0-SM_tent_10-elmid-radmid-az135.png,tent,5,5-9,8,3,1,1,0.9777777794334623,0.9592953475803725,0.9746381044387817
S0-SM_tent_10,S0-SM_tent_10-elmid-radmid-az180.png,tent,4,1-4,7,3,1,1,0.8888888971673117,0.9664347835434057,0.9806649684906006
S0-SM_tent_10,S0-SM_tent_10-elmid-radnear-az225.png,tent,3,1-4,5,2,1,1,1.0,0.9699049324073528,0.9813365340232849
S0-SM_tent_10,S0-SM_tent_10-elmid-radnear-az315.png,tent,3,1-4,6,3,1,1,0.8933333400885264,0.9703949268556471,0.9835116863250732
S0-SM_tent_11,S0-SM_tent_11-elhigh-radmid-az090.png,tent,6,5-9,9,3,1,1,1.0,0.9558538798304639,0.9760462641716003
S0-SM_tent_11,S0-SM_tent_11-elhigh-radmid-az225.png,tent,7,5-9,11,4,1,1,0.984375,0.9615251723153051,0.977447509765625
S0-SM_tent_11,S0-SM_tent_11-ellow-radfar-az225.png,tent,7,5-9,9,2,1,1,1.0,0.9340564530950246,0.9643945693969727
S0-SM_tent_11,S0-SM_tent_11-ellow-radnear-az225.png,tent,2,1-4,4,2,1,1,0.95625,0.9699342900377346,0.9776290059089661
S0-SM_tent_11,S0-SM_tent_11-ellow-radnear-az270.png,tent,3,1-4,5,2,1,1,0.86875,0.9737242101130903,0.9828116297721863
S0-SM_tent_11,S0-SM_tent_11-elmid-radfar-az135.png,tent,7,5-9,11,4,1,1,0.96875,0.962571092844243,0.976495623588562
S0-SM_tent_11,S0-SM_tent_11-elmid-radfar-az225.png,tent,12,10+,17,5,1,1,1.0,0.9511102095392445,0.9684208631515503
S0-SM_tent_11,S0-SM_tent_11-elmid-radfar-az270.png,tent,14,10+,19,5,1,1,0.988000000834465,0.9575192586125318,0.9710023999214172
S0-SM_tent_11,S0-SM_tent_11-elmid-radmid-az045.png,tent,4,1-4,7,3,1,1,1.0,0.9657204029021642,0.9777502417564392
S0-SM_tent_11,S0-SM_tent_11-elmid-radmid-az090.png,tent,7,5-9,10,3,1,1,1.0,0.9532896010566105,0.9745454788208008
S0-SM_tent_12,S0-SM_tent_12-elhigh-radfar-az225.png,tent,14,10+,19,5,1,1,0.988000000834465,0.9622019637119337,0.9740731716156006
S0-SM_tent_12,S0-SM_tent_12-elhigh-radmid-az000.png,tent,8,5-9,12,4,1,1,1.0,0.9619898717350139,0.9759515523910522
S0-SM_tent_12,S0-SM_tent_12-elhigh-radnear-az180.png,tent,5,5-9,9,4,1,1,1.0,0.958241189965019,0.9740344882011414
S0-SM_tent_12,S0-SM_tent_12-ellow-radfar-az000.png,tent,1,1-4,4,3,1,1,0.9111111177338493,0.9586360693800806,0.9720640778541565
S0-SM_tent_12,S0-SM_tent_12-ellow-radfar-az270.png,tent,3,1-4,5,2,1,1,0.875000000745058,0.968530187100491,0.973574697971344
S0-SM_tent_12,S0-SM_tent_12-ellow-radmid-az000.png,tent,0,0,3,3,1,1,0.7777777943346234,0.9700133027711217,0.9839718341827393
S0-SM_tent_12,S0-SM_tent_12-ellow-radmid-az090.png,tent,15,10+,18,3,1,1,0.8400000101327896,0.9703177794231586,0.9810135960578918
S0-SM_tent_12,S0-SM_tent_12-ellow-radnear-az180.png,tent,4,1-4,7,3,1,1,1.0,0.9651404068830516,0.9767537117004395
S0-SM_tent_12,S0-SM_tent_12-elmid-radmid-az000.png,tent,4,1-4,8,4,1,1,1.0,0.9705276725500624,0.9768732786178589
S0-SM_tent_12,S0-SM_tent_12-elmid-radmid-az270.png,tent,6,5-9,10,4,1,1,1.0,0.9586012976426375,0.975695788860321
S0-SM_tent_13,S0-SM_tent_13-elhigh-radfar-az180.png,tent,9,5-9,14,5,1,1,1.0,0.9647917170384694,0.9751682877540588
S0-SM_tent_13,S0-SM_tent_13-elhigh-radfar-az315.png,tent,12,10+,17,5,1,1,0.988000000834465,0.9540199630610324,0.9712508320808411
S0-SM_tent_13,S0-SM_tent_13-elhigh-radmid-az135.png,tent,6,5-9,11,5,1,1,1.0,0.968498268246222,0.9806321859359741
S0-SM_tent_13,S0-SM_tent_13-ellow-radfar-az180.png,tent,1,1-4,4,3,1,1,0.933333338300387,0.9544664288533582,0.9779761433601379
S0-SM_tent_13,S0-SM_tent_13-ellow-radmid-az180.png,tent,1,1-4,4,3,1,1,0.933333338300387,0.9697900763337017,0.982148289680481
S0-SM_tent_13,S0-SM_tent_13-ellow-radmid-az225.png,tent,3,1-4,5,2,1,1,0.75,0.9734774148437175,0.9815334677696228
S0-SM_tent_13,S0-SM_tent_13-ellow-radnear-az225.png,tent,0,0,1,1,1,1,1.0,0.9800850391819722,0.989661455154419
S0-SM_tent_13,S0-SM_tent_13-elmid-radfar-az000.png,tent,13,10+,17,4,1,1,1.0,0.9586703625415183,0.9711026549339294
S0-SM_tent_13,S0-SM_tent_13-elmid-radnear-az135.png,tent,4,1-4,8,4,1,1,0.9625,0.974308217907236,0.9802327156066895
S0-SM_tent_14,S0-SM_tent_14-elhigh-radfar-az270.png,tent,7,5-9,12,5,1,1,0.988000000834465,0.9582523964936662,0.9724375605583191
S0-SM_tent_14,S0-SM_tent_14-elhigh-radmid-az000.png,tent,5,5-9,8,3,1,1,1.0,0.9698893806678655,0.9811902046203613
S0-SM_tent_14,S0-SM_tent_14-elhigh-radmid-az090.png,tent,4,1-4,7,3,1,1,1.0,0.968797085732831,0.9754166007041931
S0-SM_tent_14,S0-SM_tent_14-ellow-radmid-az090.png,tent,4,1-4,6,2,1,1,0.9125,0.9354258227330305,0.9576355814933777
S0-SM_tent_14,S0-SM_tent_14-ellow-radnear-az225.png,tent,2,1-4,3,1,1,1,1.0,0.9630598676354509,0.9755977392196655
S0-SM_tent_14,S0-SM_tent_14-ellow-radnear-az270.png,tent,2,1-4,6,4,1,1,0.789583333581686,0.9758622233491998,0.984327495098114
S0-SM_tent_14,S0-SM_tent_14-elmid-radmid-az045.png,tent,4,1-4,6,2,1,1,1.0,0.9625193273722914,0.9785182476043701
S0-SM_tent_14,S0-SM_tent_14-elmid-radnear-az000.png,tent,4,1-4,6,2,1,1,1.0,0.9713921714952605,0.984582781791687
S0-SM_tent_14,S0-SM_tent_14-elmid-radnear-az315.png,tent,5,5-9,7,2,1,1,1.0,0.9736484267181922,0.9843555092811584
S0-SM_tent_15,S0-SM_tent_15-elhigh-radfar-az000.png,tent,6,5-9,11,5,1,1,0.8363636472008444,0.9614422258856337,0.9749871492385864
S0-SM_tent_15,S0-SM_tent_15-elhigh-radfar-az045.png,tent,6,5-9,10,4,1,1,1.0,0.9609367040592787,0.9736642241477966
S0-SM_tent_15,S0-SM_tent_15-elhigh-radmid-az000.png,tent,6,5-9,10,4,1,1,1.0,0.9692570266315315,0.9812566637992859
S0-SM_tent_15,S0-SM_tent_15-elhigh-radmid-az045.png,tent,6,5-9,9,3,1,1,1.0,0.9561940933095912,0.9748592376708984
S0-SM_tent_15,S0-SM_tent_15-elhigh-radmid-az270.png,tent,5,5-9,10,5,1,1,0.988000000834465,0.960441954066102,0.9788280129432678
S0-SM_tent_15,S0-SM_tent_15-elhigh-radnear-az225.png,tent,5,5-9,9,4,1,1,0.91875,0.9542803451351851,0.9754634499549866
S0-SM_tent_15,S0-SM_tent_15-ellow-radfar-az135.png,tent,5,5-9,9,4,1,1,0.9796875,0.9273422074581958,0.9525920152664185
S0-SM_tent_15,S0-SM_tent_15-ellow-radmid-az180.png,tent,2,1-4,3,1,1,1,0.8,0.6825501010228976,0.7633311748504639
S0-SM_tent_15,S0-SM_tent_15-elmid-radfar-az045.png,tent,6,5-9,10,4,1,1,0.984375,0.9609329637977808,0.9695996642112732
S0-SM_tent_15,S0-SM_tent_15-elmid-radfar-az225.png,tent,14,10+,19,5,1,1,0.9840000013113022,0.9678025466081124,0.9794594645500183
S0-SM_tent_15,S0-SM_tent_15-elmid-radmid-az045.png,tent,5,5-9,8,3,1,1,1.0,0.9618742338092581,0.9786186814308167
S0-SM_tent_15,S0-SM_tent_15-elmid-radmid-az270.png,tent,5,5-9,10,5,1,1,1.0,0.971856111893743,0.9827291965484619
S0-SM_tent_15,S0-SM_tent_15-elmid-radmid-az315.png,tent,5,5-9,9,4,1,1,0.984375,0.9670943088329054,0.9765401482582092
S0-SM_tent_15,S0-SM_tent_15-elmid-radnear-az225.png,tent,3,1-4,6,3,1,1,1.0,0.9706606705540253,0.9795818328857422
S0-SM_tent_15,S0-SM_tent_15-elmid-radnear-az270.png,tent,3,1-4,7,4,1,1,1.0,0.9671388646090406,0.9831273555755615
S0-SM_tent_16,S0-SM_tent_16-elhigh-radfar-az180.png,tent,9,5-9,14,5,1,1,1.0,0.9646912394423452,0.9759061336517334
S0-SM_tent_16,S0-SM_tent_16-elhigh-radmid-az000.png,tent,5,5-9,10,5,1,1,1.0,0.9588593725189369,0.9761704802513123
S0-SM_tent_16,S0-SM_tent_16-ellow-radfar-az000.png,tent,3,1-4,8,5,1,1,0.933333338300387,0.9630825510405963,0.9738546013832092
S0-SM_tent_16,S0-SM_tent_16-ellow-radmid-az315.png,tent,2,1-4,5,3,1,1,1.0,0.9671791026143239,0.9788244962692261
S0-SM_tent_16,S0-SM_tent_16-ellow-radnear-az135.png,tent,2,1-4,4,2,1,1,0.6600000001490116,0.670179940873048,0.8717703223228455
S0-SM_tent_16,S0-SM_tent_16-elmid-radfar-az090.png,tent,7,5-9,12,5,1,1,1.0,0.9625901566069786,0.9729384183883667
S0-SM_tent_16,S0-SM_tent_16-elmid-radmid-az000.png,tent,6,5-9,11,5,1,1,0.9280000050067901,0.9727665416098219,0.9828453660011292
S0-SM_tent_16,S0-SM_tent_16-elmid-radmid-az090.png,tent,7,5-9,12,5,1,1,0.988000000834465,0.9715773107023296,0.9792262315750122
S0-SM_tent_16,S0-SM_tent_16-elmid-radnear-az045.png,tent,3,1-4,6,3,1,1,1.0,0.9749841955504053,0.9836177825927734
S0-SM_tent_16,S0-SM_tent_16-elmid-radnear-az135.png,tent,4,1-4,8,4,1,1,0.9166666671633721,0.9721769481323044,0.980940043926239
S0-SM_tent_17,S0-SM_tent_17-elhigh-radfar-az045.png,tent,6,5-9,11,5,1,1,0.988000000834465,0.9651964491001834,0.9750584363937378
S0-SM_tent_17,S0-SM_tent_17-elhigh-radmid-az270.png,tent,6,5-9,10,4,1,1,1.0,0.9593212580645627,0.9784116744995117
S0-SM_tent_17,S0-SM_tent_17-ellow-radfar-az315.png,tent,2,1-4,6,4,1,1,0.984375,0.9456138443467808,0.9727410078048706
S0-SM_tent_17,S0-SM_tent_17-ellow-radmid-az000.png,tent,1,1-4,6,5,1,1,0.8911111178331904,0.9672924716233879,0.9853266477584839
S0-SM_tent_17,S0-SM_tent_17-ellow-radnear-az000.png,tent,1,1-4,3,2,1,1,1.0,0.9742765122859467,0.9858880639076233
S0-SM_tent_17,S0-SM_tent_17-ellow-radnear-az135.png,tent,1,1-4,3,2,1,1,0.8333333343267441,0.9470487992771126,0.9746285080909729
S0-SM_tent_17,S0-SM_tent_17-ellow-radnear-az270.png,tent,3,1-4,6,3,1,1,0.9638888907101419,0.9721880921221171,0.9826987981796265
S0-SM_tent_17,S0-SM_tent_17-elmid-radfar-az090.png,tent,7,5-9,12,5,1,1,1.0,0.9611849309834497,0.9753446578979492
S0-SM_tent_17,S0-SM_tent_17-elmid-radmid-az270.png,tent,5,5-9,9,4,1,1,0.953125,0.9717657081555586,0.9828031063079834
S0-SM_tent_17,S0-SM_tent_17-elmid-radnear-az045.png,tent,2,1-4,5,3,1,1,1.0,0.9751792801879304,0.9836820960044861
S0-SM_tent_17,S0-SM_tent_17-elmid-radnear-az090.png,tent,4,1-4,8,4,1,1,1.0,0.9744610642083735,0.9822044968605042
S0-SM_tent_17,S0-SM_tent_17-elmid-radnear-az315.png,tent,3,1-4,7,4,1,1,0.8728846164420248,0.9739120559356707,0.9833992719650269
S0-SM_tent_18,S0-SM_tent_18-elhigh-radfar-az000.png,tent,7,5-9,12,5,1,1,1.0,0.9507288735686785,0.9727885723114014
S0-SM_tent_18,S0-SM_tent_18-elhigh-radfar-az270.png,tent,5,5-9,9,4,1,1,0.96875,0.9488716078499628,0.9780974984169006
S0-SM_tent_18,S0-SM_tent_18-elhigh-radmid-az135.png,tent,5,5-9,8,3,1,1,1.0,0.9668364887112979,0.9760245680809021
S0-SM_tent_18,S0-SM_tent_18-elhigh-radmid-az315.png,tent,5,5-9,9,4,1,1,0.796875,0.9615334888817983,0.9764312505722046
S0-SM_tent_18,S0-SM_tent_18-elhigh-radnear-az225.png,tent,3,1-4,5,2,1,1,1.0,0.9616600164574152,0.9756436944007874
S0-SM_tent_18,S0-SM_tent_18-ellow-radfar-az090.png,tent,5,5-9,10,5,1,1,0.7300000026077033,0.9554864566117551,0.9636960625648499
S0-SM_tent_18,S0-SM_tent_18-ellow-radnear-az045.png,tent,8,5-9,9,1,1,1,1.0,0.9643566150638065,0.972886323928833
S0-SM_tent_18,S0-SM_tent_18-elmid-radfar-az045.png,tent,8,5-9,13,5,1,1,0.9553333351810774,0.9552673529189981,0.9689792990684509
S0-SM_tent_18,S0-SM_tent_18-elmid-radfar-az180.png,tent,6,5-9,9,3,1,1,0.9777777794334623,0.9532843886006397,0.96817547082901
S0-SM_tent_18,S0-SM_tent_18-elmid-radmid-az135.png,tent,3,1-4,6,3,1,1,0.9777777794334623,0.9633760952941337,0.9751093983650208
S0-SM_tent_18,S0-SM_tent_18-elmid-radnear-az225.png,tent,2,1-4,4,2,1,1,1.0,0.9743745352804183,0.9820058345794678
S0-SM_tent_2,S0-SM_tent_2-elhigh-radfar-az270.png,tent,7,5-9,10,3,1,1,1.0,0.9518245767559392,0.9730021953582764
S0-SM_tent_2,S0-SM_tent_2-elhigh-radmid-az045.png,tent,6,5-9,10,4,1,1,0.7861111119389534,0.9617348199379805,0.9761940240859985
S0-SM_tent_2,S0-SM_tent_2-elhigh-radmid-az225.png,tent,4,1-4,6,2,1,1,1.0,0.955373751633914,0.9741731882095337
S0-SM_tent_2,S0-SM_tent_2-elhigh-radnear-az180.png,tent,4,1-4,5,1,1,1,1.0,0.9608758974019587,0.9731046557426453
S0-SM_tent_2,S0-SM_tent_2-ellow-radfar-az225.png,tent,2,1-4,3,1,1,1,1.0,0.9726553302965328,0.98179030418396
S0-SM_tent_2,S0-SM_tent_2-ellow-radmid-az135.png,tent,7,5-9,8,1,1,1,1.0,0.9703867652625817,0.9834707379341125
S0-SM_tent_2,S0-SM_tent_2-ellow-radnear-az135.png,tent,4,1-4,5,1,1,1,1.0,0.9671154734522247,0.9791487455368042
S0-SM_tent_2,S0-SM_tent_2-ellow-radnear-az180.png,tent,2,1-4,3,1,1,1,1.0,0.9632624893863806,0.9797437191009521
S0-SM_tent_2,S0-SM_tent_2-ellow-radnear-az270.png,tent,1,1-4,2,1,1,1,0.9,0.9249940995209052,0.9778411984443665
S0-SM_tent_2,S0-SM_tent_2-ellow-radnear-az315.png,tent,3,1-4,5,2,1,1,0.9550000000745058,0.9748302863031739,0.9808566570281982
S0-SM_tent_2,S0-SM_tent_2-elmid-radfar-az000.png,tent,12,10+,17,5,1,1,0.936666668454806,0.957991992199922,0.9709469676017761
S0-SM_tent_2,S0-SM_tent_2-elmid-radfar-az135.png,tent,5,5-9,8,3,1,1,0.7083333507180214,0.9548725410923531,0.9758743643760681
S0-SM_tent_2,S0-SM_tent_2-elmid-radfar-az270.png,tent,7,5-9,9,2,1,1,0.958333333581686,0.944492378526391,0.966563880443573
S0-SM_tent_2,S0-SM_tent_2-elmid-radmid-az045.png,tent,7,5-9,12,5,1,1,0.8493333409627277,0.9643912781056372,0.9715466499328613
S0-SM_tent_2,S0-SM_tent_2-elmid-radmid-az315.png,tent,7,5-9,11,4,1,1,0.9150000005960465,0.9730673679607804,0.9836423397064209
S0-SM_tent_2,S0-SM_tent_2-elmid-radnear-az135.png,tent,2,1-4,3,1,1,1,1.0,0.9705218663439155,0.9794921875
S0-SM_tent_3,S0-SM_tent_3-elhigh-radfar-az135.png,tent,10,10+,15,5,1,1,1.0,0.952293888953637,0.9725704789161682
S0-SM_tent_3,S0-SM_tent_3-elhigh-radfar-az270.png,tent,10,10+,15,5,1,1,0.988000000834465,0.9490645995014546,0.9752576947212219
S0-SM_tent_3,S0-SM_tent_3-elhigh-radnear-az225.png,tent,6,5-9,10,4,1,1,0.975,0.9624293316513217,0.9754181504249573
S0-SM_tent_3,S0-SM_tent_3-ellow-radfar-az135.png,tent,12,10+,16,4,1,1,1.0,0.9305188483544313,0.9643503427505493
S0-SM_tent_3,S0-SM_tent_3-ellow-radfar-az180.png,tent,4,1-4,6,2,1,1,1.0,0.9553031707540391,0.9762535691261292
S0-SM_tent_3,S0-SM_tent_3-ellow-radnear-az225.png,tent,0,0,1,1,1,1,1.0,0.980125763473751,0.9896947145462036
S0-SM_tent_3,S0-SM_tent_3-elmid-radnear-az315.png,tent,2,1-4,5,3,1,1,1.0,0.9720658808861131,0.9828613996505737
S0-SM_tent_4,S0-SM_tent_4-elhigh-radfar-az225.png,tent,3,1-4,5,2,1,1,1.0,0.9491402958789052,0.9720495939254761
S0-SM_tent_4,S0-SM_tent_4-elhigh-radmid-az090.png,tent,4,1-4,7,3,1,1,1.0,0.9412778181616694,0.9746444821357727
S0-SM_tent_4,S0-SM_tent_4-elhigh-radnear-az135.png,tent,2,1-4,4,2,1,1,1.0,0.9631368204761159,0.9771484136581421
S0-SM_tent_4,S0-SM_tent_4-ellow-radfar-az135.png,tent,3,1-4,5,2,1,1,1.0,0.9451667428740791,0.9720394611358643
S0-SM_tent_4,S0-SM_tent_4-ellow-radnear-az225.png,tent,0,0,1,1,1,1,1.0,0.980117729338037,0.9896770119667053
S0-SM_tent_4,S0-SM_tent_4-elmid-radfar-az000.png,tent,14,10+,17,3,1,1,0.9750000014901161,0.9540013499691113,0.9700874090194702
S0-SM_tent_4,S0-SM_tent_4-elmid-radfar-az315.png,tent,9,5-9,12,3,1,1,0.8731481558194867,0.9476415114206667,0.9779416918754578
S0-SM_tent_4,S0-SM_tent_4-elmid-radmid-az270.png,tent,1,1-4,3,2,1,1,1.0,0.9629390892227931,0.9749892950057983
S0-SM_tent_4,S0-SM_tent_4-elmid-radnear-az180.png,tent,0,0,2,2,1,1,0.925,0.9725164544332436,0.9839189648628235
S0-SM_tent_4,S0-SM_tent_4-elmid-radnear-az225.png,tent,0,0,1,1,1,1,1.0,0.9733522969819006,0.9814214110374451
S0-SM_tent_4,S0-SM_tent_4-elmid-radnear-az315.png,tent,1,1-4,3,2,1,1,1.0,0.9623334160172945,0.9827471971511841
S0-SM_tent_5,S0-SM_tent_5-elhigh-radfar-az090.png,tent,8,5-9,10,2,1,1,1.0,0.953612366442389,0.9717276692390442
S0-SM_tent_5,S0-SM_tent_5-elhigh-radfar-az135.png,tent,7,5-9,10,3,1,1,1.0,0.9562484287316408,0.9715771675109863
S0-SM_tent_5,S0-SM_tent_5-elhigh-radmid-az090.png,tent,6,5-9,8,2,1,1,1.0,0.9366643857838461,0.9751949906349182
S0-SM_tent_5,S0-SM_tent_5-elhigh-radmid-az225.png,tent,7,5-9,10,3,1,1,0.8333333432674408,0.9532246101689523,0.97740638256073
S0-SM_tent_5,S0-SM_tent_5-ellow-radfar-az270.png,tent,17,10+,20,3,1,1,0.9416666675359011,0.933132432833645,0.9697432518005371
S0-SM_tent_5,S0-SM_tent_5-ellow-radmid-az315.png,tent,14,10+,17,3,1,1,0.7074074133954668,0.9619510928112831,0.9733272194862366
S0-SM_tent_5,S0-SM_tent_5-ellow-radnear-az045.png,tent,0,0,1,1,1,1,1.0,0.9794505860905929,0.9888831973075867
S0-SM_tent_5,S0-SM_tent_5-ellow-radnear-az180.png,tent,5,5-9,8,3,1,1,0.4111111215833162,0.8178571590429939,0.8538749814033508
S0-SM_tent_5,S0-SM_tent_5-elmid-radfar-az045.png,tent,11,10+,13,2,1,1,1.0,0.9671050817045561,0.9746583104133606
S0-SM_tent_5,S0-SM_tent_5-elmid-radfar-az180.png,tent,10,10+,13,3,1,1,0.7166666731238365,0.924686853340333,0.9472690224647522
S0-SM_tent_5,S0-SM_tent_5-elmid-radfar-az315.png,tent,12,10+,14,2,1,1,1.0,0.9518684751923843,0.9704024195671082
S0-SM_tent_5,S0-SM_tent_5-elmid-radmid-az135.png,tent,4,1-4,7,3,1,1,0.7925926051482005,0.9667547479104144,0.9751856327056885
S0-SM_tent_5,S0-SM_tent_5-elmid-radmid-az315.png,tent,10,10+,12,2,1,1,1.0,0.9611009175093699,0.9814498424530029
S0-SM_tent_6,S0-SM_tent_6-elhigh-radfar-az315.png,tent,11,10+,14,3,1,1,1.0,0.9613287414502878,0.9760801792144775
S0-SM_tent_6,S0-SM_tent_6-elhigh-radmid-az225.png,tent,2,1-4,5,3,1,1,1.0,0.943665530006264,0.9701941609382629
S0-SM_tent_6,S0-SM_tent_6-ellow-radfar-az225.png,tent,3,1-4,6,3,1,1,0.6619047694972583,0.9652937455379984,0.9787589311599731
S0-SM_tent_6,S0-SM_tent_6-ellow-radnear-az180.png,tent,4,1-4,7,3,1,1,0.9111111142569118,0.9394142055872408,0.9696874618530273
S0-SM_tent_6,S0-SM_tent_6-elmid-radnear-az180.png,tent,2,1-4,5,3,1,1,0.9714285733444349,0.9540385649778287,0.9712315797805786
S0-SM_tent_6,S0-SM_tent_6-elmid-radnear-az225.png,tent,2,1-4,4,2,1,1,0.958333333581686,0.9411152762619857,0.9655357003211975
S0-SM_tent_7,S0-SM_tent_7-elhigh-radfar-az180.png,tent,8,5-9,9,1,1,1,1.0,0.9558364999217588,0.9707932472229004
S0-SM_tent_7,S0-SM_tent_7-elhigh-radfar-az270.png,tent,3,1-4,4,1,1,1,1.0,0.9489437165459549,0.9740533828735352
S0-SM_tent_7,S0-SM_tent_7-elhigh-radmid-az135.png,tent,7,5-9,8,1,1,1,1.0,0.9635095248870229,0.9762519598007202
S0-SM_tent_7,S0-SM_tent_7-ellow-radmid-az180.png,tent,8,5-9,11,3,1,1,0.4416666793947419,0.9525016339615213,0.9690183997154236
S0-SM_tent_7,S0-SM_tent_7-ellow-radnear-az090.png,tent,6,5-9,7,1,1,1,1.0,0.9686310523997861,0.9791758060455322
S0-SM_tent_7,S0-SM_tent_7-ellow-radnear-az315.png,tent,1,1-4,2,1,1,1,1.0,0.9775866493272112,0.9819617867469788
S0-SM_tent_7,S0-SM_tent_7-elmid-radfar-az180.png,tent,6,5-9,7,1,1,1,1.0,0.9578031881287643,0.971735954284668
S0-SM_tent_7,S0-SM_tent_7-elmid-radfar-az225.png,tent,5,5-9,6,1,1,1,1.0,0.9453323590597336,0.9667582511901855
S0-SM_tent_7,S0-SM_tent_7-elmid-radnear-az045.png,tent,3,1-4,4,1,1,1,1.0,0.9733641220557132,0.9813106060028076
S0-SM_tent_7,S0-SM_tent_7-elmid-radnear-az135.png,tent,2,1-4,3,1,1,1,1.0,0.963972811340895,0.9794999361038208
S0-SM_tent_7,S0-SM_tent_7-elmid-radnear-az270.png,tent,1,1-4,2,1,1,1,1.0,0.9707693779654356,0.9818760752677917
S0-SM_tent_8,S0-SM_tent_8-elhigh-radfar-az045.png,tent,8,5-9,11,3,1,1,1.0,0.9614554570601115,0.972841739654541
S0-SM_tent_8,S0-SM_tent_8-elhigh-radnear-az000.png,tent,5,5-9,8,3,1,1,1.0,0.9644893922215196,0.9775668978691101
S0-SM_tent_8,S0-SM_tent_8-elhigh-radnear-az180.png,tent,5,5-9,8,3,1,1,0.9777777794334623,0.953815412820326,0.9763849973678589
S0-SM_tent_8,S0-SM_tent_8-elhigh-radnear-az270.png,tent,4,1-4,7,3,1,1,1.0,0.9662452586054009,0.9807896018028259
S0-SM_tent_8,S0-SM_tent_8-ellow-radfar-az045.png,tent,1,1-4,2,1,1,1,1.0,0.9762454984890496,0.9830395579338074
S0-SM_tent_8,S0-SM_tent_8-ellow-radfar-az135.png,tent,10,10+,14,4,1,1,0.789583333581686,0.9433768360736536,0.9717872142791748
S0-SM_tent_8,S0-SM_tent_8-ellow-radmid-az090.png,tent,13,10+,16,3,1,1,0.9500000029802322,0.9595607650853708,0.9651584625244141
S0-SM_tent_8,S0-SM_tent_8-ellow-radnear-az135.png,tent,8,5-9,12,4,1,1,0.5828125,0.9732677456151464,0.9805779457092285
S0-SM_tent_8,S0-SM_tent_8-elmid-radfar-az045.png,tent,7,5-9,10,3,1,1,1.0,0.9594623720219246,0.9698759317398071
S0-SM_tent_8,S0-SM_tent_8-elmid-radmid-az045.png,tent,5,5-9,7,2,1,1,1.0,0.9591618318117128,0.9787096977233887
S0-SM_tent_8,S0-SM_tent_8-elmid-radmid-az135.png,tent,5,5-9,8,3,1,1,0.9722222240434754,0.9656723587573168,0.9763200283050537
S0-SM_tent_9,S0-SM_tent_9-elhigh-radfar-az180.png,tent,7,5-9,10,3,1,1,1.0,0.9667977779722889,0.9747674465179443
S0-SM_tent_9,S0-SM_tent_9-elhigh-radmid-az000.png,tent,7,5-9,10,3,1,1,1.0,0.9693215105097153,0.979684591293335
S0-SM_tent_9,S0-SM_tent_9-elhigh-radnear-az000.png,tent,7,5-9,10,3,1,1,1.0,0.9684397683381007,0.9763631820678711
S0-SM_tent_9,S0-SM_tent_9-elhigh-radnear-az180.png,tent,7,5-9,10,3,1,1,1.0,0.9647002237877693,0.974521815776825
S0-SM_tent_9,S0-SM_tent_9-elhigh-radnear-az270.png,tent,5,5-9,8,3,1,1,1.0,0.9619116126955518,0.977260172367096
S0-SM_tent_9,S0-SM_tent_9-ellow-radfar-az000.png,tent,5,5-9,7,2,1,1,1.0,0.9511232495516424,0.9655600190162659
S0-SM_tent_9,S0-SM_tent_9-ellow-radnear-az180.png,tent,3,1-4,6,3,1,1,1.0,0.9687649502326181,0.9809657335281372
S0-SM_tent_9,S0-SM_tent_9-ellow-radnear-az225.png,tent,0,0,1,1,1,1,1.0,0.9777472653387065,0.9871779680252075
S0-SM_tent_9,S0-SM_tent_9-elmid-radfar-az180.png,tent,6,5-9,9,3,1,1,1.0,0.9441830063364876,0.9715822339057922
S0-SM_tent_9,S0-SM_tent_9-elmid-radmid-az000.png,tent,6,5-9,9,3,1,1,1.0,0.9744509499434351,0.9840288758277893
S0-SM_tent_9,S0-SM_tent_9-elmid-radnear-az000.png,tent,5,5-9,8,3,1,1,1.0,0.9754496779041801,0.982086181640625
S0-SM_tent_9,S0-SM_tent_9-elmid-radnear-az225.png,tent,6,5-9,9,3,1,1,1.0,0.9623974274185088,0.9813794493675232
S0-SM_tower_1,S0-SM_tower_1-elhigh-radfar-az135.png,tower,5,5-9,6,1,1,1,1.0,0.9479089227260715,0.964714765548706
S0-SM_tower_1,S0-SM_tower_1-elhigh-radnear-az000.png,tower,1,1-4,2,1,1,1,1.0,0.9640752665497274,0.9785217642784119
S0-SM_tower_1,S0-SM_tower_1-elhigh-radnear-az270.png,tower,0,0,1,1,1,1,1.0,0.9648406441273423,0.9799546599388123
S0-SM_tower_1,S0-SM_tower_1-ellow-radfar-az090.png,tower,8,5-9,10,2,1,1,0.7678571436554193,0.9349015813226167,0.9682639241218567
S0-SM_tower_1,S0-SM_tower_1-ellow-radnear-az000.png,tower,1,1-4,2,1,1,1,1.0,0.9710712911851971,0.9795256853103638
S0-SM_tower_1,S0-SM_tower_1-ellow-radnear-az135.png,tower,8,5-9,11,3,1,1,0.6600000164906182,0.9651997917316066,0.9784520268440247
S0-SM_tower_1,S0-SM_tower_1-ellow-radnear-az180.png,tower,4,1-4,5,1,1,1,1.0,0.971636040339412,0.9811125993728638
S0-SM_tower_1,S0-SM_tower_1-elmid-radfar-az000.png,tower,2,1-4,3,1,1,1,1.0,0.9577084723244944,0.9729328751564026
S0-SM_tower_10,S0-SM_tower_10-elhigh-radfar-az090.png,tower,6,5-9,7,1,1,1,1.0,0.9477887825219184,0.9693936109542847
S0-SM_tower_10,S0-SM_tower_10-elhigh-radfar-az180.png,tower,7,5-9,8,1,1,1,1.0,0.9497583518435349,0.9691492319107056
S0-SM_tower_10,S0-SM_tower_10-elhigh-radfar-az225.png,tower,7,5-9,8,1,1,1,1.0,0.956993733434885,0.9697557091712952
S0-SM_tower_10,S0-SM_tower_10-elhigh-radfar-az270.png,tower,8,5-9,9,1,1,1,1.0,0.9225519812490219,0.958064615726471
S0-SM_tower_10,S0-SM_tower_10-elhigh-radmid-az315.png,tower,9,5-9,10,1,1,1,1.0,0.9443561092887727,0.9726981520652771
S0-SM_tower_10,S0-SM_tower_10-elhigh-radnear-az315.png,tower,9,5-9,10,1,1,1,1.0,0.9491112641225641,0.9726147651672363
S0-SM_tower_10,S0-SM_tower_10-ellow-radfar-az000.png,tower,26,10+,28,2,1,1,0.903125,0.9296405682000142,0.9677274227142334
S0-SM_tower_10,S0-SM_tower_10-ellow-radmid-az000.png,tower,28,10+,30,2,1,1,0.9522727273404599,0.9460514256619632,0.9774672389030457
S0-SM_tower_10,S0-SM_tower_10-ellow-radmid-az135.png,tower,5,5-9,6,1,1,1,1.0,0.958577144819408,0.9715476632118225
S0-SM_tower_10,S0-SM_tower_10-ellow-radnear-az000.png,tower,27,10+,30,3,1,1,0.6750000165775418,0.952060430340925,0.9716511368751526
S0-SM_tower_10,S0-SM_tower_10-ellow-radnear-az090.png,tower,2,1-4,3,1,1,1,0.4,0.6415366245505538,0.9238606691360474
S0-SM_tower_10,S0-SM_tower_10-ellow-radnear-az225.png,tower,4,1-4,5,1,1,1,1.0,0.9653316335902495,0.9758767485618591
S0-SM_tower_10,S0-SM_tower_10-ellow-radnear-az315.png,tower,13,10+,15,2,1,1,0.8875,0.928560675907395,0.9733893275260925
S0-SM_tower_10,S0-SM_tower_10-elmid-radmid-az270.png,tower,8,5-9,10,2,1,1,0.8875,0.9581710178752161,0.9730865955352783
S0-SM_tower_10,S0-SM_tower_10-elmid-radnear-az270.png,tower,4,1-4,5,1,1,1,1.0,0.9709614878416737,0.9807705283164978
S0-SM_tower_11,S0-SM_tower_11-elhigh-radfar-az315.png,tower,4,1-4,5,1,1,1,1.0,0.9589118494227478,0.972055196762085
S0-SM_tower_11,S0-SM_tower_11-elhigh-radmid-az090.png,tower,4,1-4,5,1,1,1,1.0,0.9518001051028477,0.9636707305908203
S0-SM_tower_11,S0-SM_tower_11-elhigh-radmid-az135.png,tower,6,5-9,7,1,1,1,1.0,0.9376843728140294,0.965137779712677
S0-SM_tower_11,S0-SM_tower_11-elhigh-radnear-az225.png,tower,4,1-4,5,1,1,1,1.0,0.969247687310343,0.9770853519439697
S0-SM_tower_11,S0-SM_tower_11-ellow-radfar-az180.png,tower,4,1-4,5,1,1,1,1.0,0.9517184573803661,0.9696102142333984
S0-SM_tower_11,S0-SM_tower_11-ellow-radmid-az180.png,tower,4,1-4,5,1,1,1,1.0,0.9649537771358787,0.977033793926239
S0-SM_tower_11,S0-SM_tower_11-ellow-radmid-az225.png,tower,4,1-4,5,1,1,1,1.0,0.9675071109468547,0.9833831191062927
S0-SM_tower_11,S0-SM_tower_11-ellow-radnear-az225.png,tower,3,1-4,4,1,1,1,1.0,0.9717754013447077,0.981157124042511
S0-SM_tower_11,S0-SM_tower_11-elmid-radfar-az000.png,tower,17,10+,19,2,1,1,0.5227272734045982,0.9556580662960279,0.9668548703193665
S0-SM_tower_11,S0-SM_tower_11-elmid-radmid-az225.png,tower,4,1-4,5,1,1,1,1.0,0.9675505332117851,0.9803418517112732
S0-SM_tower_11,S0-SM_tower_11-elmid-radnear-az270.png,tower,2,1-4,3,1,1,1,1.0,0.973140778743975,0.983080267906189
S0-SM_tower_12,S0-SM_tower_12-elhigh-radfar-az045.png,tower,5,5-9,6,1,1,1,1.0,0.9587308290648977,0.9728795289993286
S0-SM_tower_12,S0-SM_tower_12-elhigh-radnear-az045.png,tower,3,1-4,4,1,1,1,1.0,0.9658589137554827,0.9777255058288574
S0-SM_tower_12,S0-SM_tower_12-elhigh-radnear-az090.png,tower,5,5-9,6,1,1,1,1.0,0.961930068535132,0.982916533946991
S0-SM_tower_12,S0-SM_tower_12-elhigh-radnear-az180.png,tower,8,5-9,9,1,1,1,1.0,0.9437613581437745,0.9745995998382568
S0-SM_tower_12,S0-SM_tower_12-elhigh-radnear-az270.png,tower,8,5-9,9,1,1,1,1.0,0.9345205223100628,0.9762356877326965
S0-SM_tower_12,S0-SM_tower_12-ellow-radfar-az180.png,tower,12,10+,13,1,1,1,1.0,0.9499530902509363,0.971155047416687
S0-SM_tower_12,S0-SM_tower_12-ellow-radfar-az270.png,tower,21,10+,24,3,1,1,0.7619047718388693,0.9405547847815541,0.9685646891593933
S0-SM_tower_12,S0-SM_tower_12-elmid-radfar-az090.png,tower,6,5-9,7,1,1,1,1.0,0.9433973208651025,0.9611973762512207
S0-SM_tower_12,S0-SM_tower_12-elmid-radfar-az180.png,tower,13,10+,14,1,1,1,1.0,0.9202217794004923,0.9570357799530029
S0-SM_tower_12,S0-SM_tower_12-elmid-radmid-az270.png,tower,33,10+,36,3,1,1,0.7766666801273823,0.9564889435836221,0.9706881046295166
S0-SM_tower_12,S0-SM_tower_12-elmid-radmid-az315.png,tower,9,5-9,10,1,1,1,1.0,0.9587117844686333,0.9740386605262756
S0-SM_tower_12,S0-SM_tower_12-elmid-radnear-az270.png,tower,7,5-9,8,1,1,1,1.0,0.9267234944061755,0.9724586009979248
S0-SM_tower_13,S0-SM_tower_13-elhigh-radfar-az000.png,tower,2,1-4,4,2,1,1,1.0,0.9645408114861738,0.973686158657074
S0-SM_tower_13,S0-SM_tower_13-elhigh-radfar-az090.png,tower,16,10+,18,2,1,1,0.9625,0.9392769297461712,0.9597651958465576
S0-SM_tower_13,S0-SM_tower_13-elhigh-radfar-az135.png,tower,11,10+,13,2,1,1,0.925,0.9504108147479684,0.961553156375885
S0-SM_tower_13,S0-SM_tower_13-elhigh-radfar-az225.png,tower,0,0,1,1,1,1,1.0,0.9586559799245649,0.9725772142410278
S0-SM_tower_13,S0-SM_tower_13-elhigh-radnear-az225.png,tower,0,0,1,1,1,1,1.0,0.9643969751665793,0.9805266857147217
S0-SM_tower_13,S0-SM_tower_13-ellow-radfar-az045.png,tower,11,10+,14,3,1,1,0.8185185266589677,0.9594198638446514,0.9746823906898499
S0-SM_tower_13,S0-SM_tower_13-ellow-radfar-az090.png,tower,16,10+,18,2,1,1,0.9166666671633721,0.9341121942019974,0.9606139063835144
S0-SM_tower_13,S0-SM_tower_13-ellow-radfar-az135.png,tower,10,10+,12,2,1,1,0.9550000000745058,0.9548682686656207,0.964200496673584
S0-SM_tower_13,S0-SM_tower_13-ellow-radfar-az180.png,tower,3,1-4,4,1,1,1,1.0,0.9574536145648835,0.9666017889976501
S0-SM_tower_13,S0-SM_tower_13-ellow-radmid-az045.png,tower,10,10+,12,2,1,1,0.958333333581686,0.9752526528580887,0.9873615503311157
S0-SM_tower_13,S0-SM_tower_13-elmid-radfar-az225.png,tower,8,5-9,11,3,1,1,0.4606951999320331,0.964700585501177,0.9726951122283936
S0-SM_tower_13,S0-SM_tower_13-elmid-radmid-az270.png,tower,0,0,1,1,1,1,1.0,0.9589215335194119,0.9769163727760315
S0-SM_tower_13,S0-SM_tower_13-elmid-radmid-az315.png,tower,1,1-4,2,1,1,1,1.0,0.9525500783156282,0.9705552458763123
S0-SM_tower_13,S0-SM_tower_13-elmid-radnear-az135.png,tower,0,0,2,2,1,1,0.9625,0.9711119251375244,0.981380045413971
S0-SM_tower_2,S0-SM_tower_2-elhigh-radfar-az045.png,tower,8,5-9,9,1,1,1,1.0,0.9585049531478376,0.977503776550293
S0-SM_tower_2,S0-SM_tower_2-elhigh-radmid-az000.png,tower,7,5-9,8,1,1,1,1.0,0.9640754023984641,0.9737917184829712
S0-SM_tower_2,S0-SM_tower_2-elhigh-radnear-az090.png,tower,3,1-4,4,1,1,1,1.0,0.9646332081170783,0.977555513381958
S0-SM_tower_2,S0-SM_tower_2-elhigh-radnear-az270.png,tower,2,1-4,3,1,1,1,1.0,0.9650022885321228,0.9797943234443665
S0-SM_tower_2,S0-SM_tower_2-elhigh-radnear-az315.png,tower,3,1-4,4,1,1,1,1.0,0.971047119378003,0.9754795432090759
S0-SM_tower_2,S0-SM_tower_2-ellow-radfar-az090.png,tower,10,10+,12,2,1,1,0.9625,0.927055926143094,0.9685878157615662
S0-SM_tower_2,S0-SM_tower_2-ellow-radfar-az180.png,tower,16,10+,21,5,1,1,0.4394285820765155,0.9603049590104966,0.9710411429405212
S0-SM_tower_2,S0-SM_tower_2-elmid-radfar-az090.png,tower,10,10+,12,2,1,1,0.925,0.9512292801732052,0.9681821465492249
S0-SM_tower_2,S0-SM_tower_2-elmid-radmid-az090.png,tower,9,5-9,11,2,1,1,0.816666667163372,0.954238777568154,0.9726666808128357
S0-SM_tower_2,S0-SM_tower_2-elmid-radnear-az270.png,tower,1,1-4,2,1,1,1,1.0,0.9710398342605409,0.9860344529151917
S0-SM_tower_2,S0-SM_tower_2-elmid-radnear-az315.png,tower,1,1-4,2,1,1,1,1.0,0.963718595939298,0.9800601005554199
S0-SM_tower_3,S0-SM_tower_3-elhigh-radfar-az090.png,tower,14,10+,16,2,1,1,1.0,0.9608516751613614,0.9736724495887756
S0-SM_tower_3,S0-SM_tower_3-elhigh-radmid-az090.png,tower,14,10+,15,1,1,1,1.0,0.9643196445960882,0.9743800163269043
S0-SM_tower_3,S0-SM_tower_3-elhigh-radmid-az135.png,tower,13,10+,14,1,1,1,1.0,0.9587656640110893,0.9758524298667908
S0-SM_tower_3,S0-SM_tower_3-elhigh-radnear-az180.png,tower,6,5-9,7,1,1,1,1.0,0.9639884679919533,0.9757819175720215
S0-SM_tower_3,S0-SM_tower_3-ellow-radfar-az225.png,tower,17,10+,20,3,1,1,0.7090909267013723,0.9617524864045812,0.9723338484764099
S0-SM_tower_3,S0-SM_tower_3-ellow-radfar-az315.png,tower,1,1-4,2,1,1,1,0.6,0.04304191665216717,0.05571712553501129
S0-SM_tower_3,S0-SM_tower_3-ellow-radnear-az045.png,tower,9,5-9,10,1,1,1,1.0,0.9626824754794505,0.9777776598930359
S0-SM_tower_3,S0-SM_tower_3-ellow-radnear-az090.png,tower,13,10+,14,1,1,1,1.0,0.9596313570283357,0.9741492867469788
S0-SM_tower_3,S0-SM_tower_3-ellow-radnear-az315.png,tower,5,5-9,7,2,1,1,0.8200000002980232,0.9622959232784716,0.9774925112724304
S0-SM_tower_3,S0-SM_tower_3-elmid-radfar-az045.png,tower,10,10+,12,2,1,1,0.9625,0.9458290383814827,0.9709025621414185
S0-SM_tower_3,S0-SM_tower_3-elmid-radmid-az000.png,tower,11,10+,14,3,1,1,0.3612745196795931,0.9746907000877627,0.9798672199249268
S0-SM_tower_3,S0-SM_tower_3-elmid-radnear-az090.png,tower,12,10+,13,1,1,1,1.0,0.9560914085312362,0.978793740272522
S0-SM_tower_3,S0-SM_tower_3-elmid-radnear-az135.png,tower,7,5-9,8,1,1,1,1.0,0.9639818220594663,0.9782989025115967
S0-SM_tower_3,S0-SM_tower_3-elmid-radnear-az180.png,tower,5,5-9,6,1,1,1,1.0,0.9666885683494826,0.9809677004814148
S0-SM_tower_4,S0-SM_tower_4-elhigh-radfar-az000.png,tower,3,1-4,4,1,1,1,1.0,0.9190322497459391,0.9620504975318909
S0-SM_tower_4,S0-SM_tower_4-elhigh-radmid-az045.png,tower,2,1-4,3,1,1,1,1.0,0.9457361881314128,0.970755398273468
S0-SM_tower_4,S0-SM_tower_4-elhigh-radmid-az180.png,tower,0,0,1,1,1,1,1.0,0.9461179050491708,0.9665042161941528
S0-SM_tower_4,S0-SM_tower_4-elhigh-radmid-az225.png,tower,0,0,1,1,1,1,1.0,0.9446453998920958,0.9715487957000732
S0-SM_tower_4,S0-SM_tower_4-elhigh-radnear-az180.png,tower,0,0,1,1,1,1,1.0,0.9619822166816334,0.9723471403121948
S0-SM_tower_4,S0-SM_tower_4-ellow-radfar-az270.png,tower,10,10+,14,4,1,1,0.6187500022351742,0.937146268338374,0.9694598317146301
S0-SM_tower_4,S0-SM_tower_4-ellow-radmid-az000.png,tower,6,5-9,7,1,1,1,1.0,0.9640318108590762,0.9745048880577087
S0-SM_tower_4,S0-SM_tower_4-ellow-radmid-az090.png,tower,0,0,1,1,1,1,1.0,0.9604477389725119,0.9752485156059265
S0-SM_tower_4,S0-SM_tower_4-ellow-radmid-az270.png,tower,11,10+,14,3,1,1,0.563888903376129,0.9665222466679353,0.9747387170791626
S0-SM_tower_4,S0-SM_tower_4-ellow-radnear-az180.png,tower,13,10+,17,4,1,1,0.4493181835860014,0.9640243362763812,0.980461835861206
S0-SM_tower_4,S0-SM_tower_4-ellow-radnear-az225.png,tower,8,5-9,10,2,1,1,0.8875,0.9663318840888451,0.9816231727600098
S0-SM_tower_4,S0-SM_tower_4-elmid-radfar-az000.png,tower,5,5-9,6,1,1,1,1.0,0.9269909416076416,0.9566545486450195
S0-SM_tower_4,S0-SM_tower_4-elmid-radfar-az315.png,tower,9,5-9,12,3,1,1,0.8000000070532163,0.9494530412768398,0.9654796123504639
S0-SM_tower_4,S0-SM_tower_4-elmid-radmid-az090.png,tower,0,0,1,1,1,1,1.0,0.9306106132129699,0.972824215888977
S0-SM_tower_4,S0-SM_tower_4-elmid-radmid-az270.png,tower,15,10+,17,2,1,1,0.6613636367022991,0.9619235432735067,0.9775609374046326
S0-SM_tower_4,S0-SM_tower_4-elmid-radnear-az180.png,tower,0,0,1,1,1,1,1.0,0.9545241689833119,0.9734663963317871
S0-SM_tower_5,S0-SM_tower_5-elhigh-radfar-az000.png,tower,8,5-9,9,1,1,1,1.0,0.929252147031967,0.9703844785690308
S0-SM_tower_5,S0-SM_tower_5-elhigh-radfar-az045.png,tower,9,5-9,10,1,1,1,1.0,0.9531084522538258,0.9715637564659119
S0-SM_tower_5,S0-SM_tower_5-elhigh-radfar-az180.png,tower,10,10+,11,1,1,1,1.0,0.930775437021353,0.9628350734710693
S0-SM_tower_5,S0-SM_tower_5-elhigh-radfar-az270.png,tower,11,10+,12,1,1,1,1.0,0.9271892626589988,0.9678668975830078
S0-SM_tower_5,S0-SM_tower_5-elhigh-radmid-az090.png,tower,10,10+,11,1,1,1,1.0,0.9614798273417975,0.9734271764755249
S0-SM_tower_5,S0-SM_tower_5-elhigh-radnear-az270.png,tower,9,5-9,10,1,1,1,1.0,0.9707396302742666,0.9769505262374878
S0-SM_tower_5,S0-SM_tower_5-ellow-radfar-az045.png,tower,16,10+,17,1,1,1,1.0,0.9288551280568313,0.9675553441047668
S0-SM_tower_5,S0-SM_tower_5-ellow-radfar-az180.png,tower,18,10+,21,3,1,1,0.47500001173466444,0.9555835720128414,0.969531774520874
S0-SM_tower_5,S0-SM_tower_5-elmid-radfar-az225.png,tower,43,10+,47,4,1,1,0.7492965381592512,0.9312603757291527,0.9708619117736816
S0-SM_tower_5,S0-SM_tower_5-elmid-radfar-az270.png,tower,25,10+,27,2,1,1,0.925,0.9390119671435926,0.9668006300926208
S0-SM_tower_5,S0-SM_tower_5-elmid-radfar-az315.png,tower,8,5-9,9,1,1,1,1.0,0.9614706926467491,0.9693517088890076
S0-SM_tower_5,S0-SM_tower_5-elmid-radmid-az090.png,tower,16,10+,18,2,1,1,0.5192307699471712,0.9553826709002067,0.972491979598999
S0-SM_tower_5,S0-SM_tower_5-elmid-radnear-az045.png,tower,2,1-4,3,1,1,1,1.0,0.9677061221513696,0.9793139100074768
S0-SM_tower_5,S0-SM_tower_5-elmid-radnear-az270.png,tower,5,5-9,6,1,1,1,1.0,0.9678477825426626,0.9824724197387695
S0-SM_tower_6,S0-SM_tower_6-elhigh-radfar-az045.png,tower,9,5-9,10,1,1,1,1.0,0.956748950553763,0.9714898467063904
S0-SM_tower_6,S0-SM_tower_6-elhigh-radfar-az135.png,tower,21,10+,22,1,1,1,1.0,0.9239266203926491,0.9610862731933594
S0-SM_tower_6,S0-SM_tower_6-elhigh-radmid-az270.png,tower,5,5-9,6,1,1,1,1.0,0.9635738346892353,0.9819287061691284
S0-SM_tower_6,S0-SM_tower_6-elhigh-radnear-az000.png,tower,6,5-9,7,1,1,1,1.0,0.958960061873178,0.9793258905410767
S0-SM_tower_6,S0-SM_tower_6-ellow-radfar-az000.png,tower,1,1-4,2,1,1,1,1.0,0.9295207484382892,0.9553284049034119
S0-SM_tower_6,S0-SM_tower_6-ellow-radfar-az180.png,tower,11,10+,15,4,1,1,0.4138888894580305,0.950744016120808,0.9634591937065125
S0-SM_tower_6,S0-SM_tower_6-ellow-radfar-az315.png,tower,6,5-9,7,1,1,1,1.0,0.9442748789855813,0.9715012311935425
S0-SM_tower_6,S0-SM_tower_6-ellow-radmid-az045.png,tower,13,10+,15,2,1,1,0.525000000372529,0.9766545486132401,0.987428605556488
S0-SM_tower_6,S0-SM_tower_6-ellow-radmid-az135.png,tower,18,10+,20,2,1,1,0.53125,0.9454502686676243,0.971322238445282
S0-SM_tower_6,S0-SM_tower_6-ellow-radmid-az180.png,tower,9,5-9,12,3,1,1,0.5370370508344086,0.9562508730640324,0.9761931300163269
S0-SM_tower_6,S0-SM_tower_6-ellow-radnear-az000.png,tower,2,1-4,3,1,1,1,1.0,0.9680158915325592,0.9787826538085938
S0-SM_tower_6,S0-SM_tower_6-ellow-radnear-az045.png,tower,8,5-9,11,3,1,1,0.3571428677865437,0.968290790607238,0.9864148497581482
S0-SM_tower_6,S0-SM_tower_6-ellow-radnear-az135.png,tower,16,10+,18,2,1,1,0.5277777779847383,0.9595191387576918,0.9783898591995239
S0-SM_tower_6,S0-SM_tower_6-elmid-radmid-az180.png,tower,18,10+,19,1,1,1,1.0,0.9081695250661248,0.9362795948982239
S0-SM_tower_6,S0-SM_tower_6-elmid-radnear-az270.png,tower,1,1-4,2,1,1,1,1.0,0.9720848926662029,0.9831140041351318
S0-SM_tower_6,S0-SM_tower_6-elmid-radnear-az315.png,tower,2,1-4,3,1,1,1,1.0,0.9755558114319172,0.9835036993026733
S0-SM_tower_7,S0-SM_tower_7-elhigh-radfar-az315.png,tower,8,5-9,9,1,1,1,1.0,0.9557673774341673,0.9694845080375671
S0-SM_tower_7,S0-SM_tower_7-elhigh-radnear-az000.png,tower,2,1-4,3,1,1,1,1.0,0.9563738547105416,0.980525553226471
S0-SM_tower_7,S0-SM_tower_7-ellow-radfar-az090.png,tower,11,10+,14,3,1,1,0.3733333434164524,0.925194669553413,0.9563428163528442
S0-SM_tower_7,S0-SM_tower_7-ellow-radfar-az315.png,tower,18,10+,20,2,1,1,0.8125000059604645,0.9403934710230004,0.9649059772491455
S0-SM_tower_7,S0-SM_tower_7-ellow-radmid-az000.png,tower,20,10+,23,3,1,1,0.5422222324377961,0.9659946130739172,0.9772515296936035
S0-SM_tower_7,S0-SM_tower_7-ellow-radmid-az045.png,tower,10,10+,13,3,1,1,0.4148148267909333,0.9713994491958147,0.9808425903320312
S0-SM_tower_7,S0-SM_tower_7-ellow-radnear-az000.png,tower,17,10+,19,2,1,1,0.5950000006705523,0.9588498819626672,0.9732953906059265
S0-SM_tower_7,S0-SM_tower_7-ellow-radnear-az090.png,tower,4,1-4,6,2,1,1,0.5277777779847383,0.9723415424277562,0.9844189286231995
S0-SM_tower_7,S0-SM_tower_7-ellow-radnear-az270.png,tower,20,10+,23,3,1,1,0.6277777950796816,0.9616998993661241,0.9737040996551514
S0-SM_tower_7,S0-SM_tower_7-elmid-radfar-az225.png,tower,12,10+,14,2,1,1,0.9100000001490116,0.9434917225491972,0.9709866642951965
S0-SM_tower_7,S0-SM_tower_7-elmid-radnear-az000.png,tower,2,1-4,3,1,1,1,1.0,0.9571854235691006,0.9818395376205444
S0-SM_tower_7,S0-SM_tower_7-elmid-radnear-az315.png,tower,4,1-4,5,1,1,1,1.0,0.9593167819817978,0.9811595678329468
S0-SM_tower_8,S0-SM_tower_8-elhigh-radmid-az045.png,tower,16,10+,17,1,1,1,1.0,0.9591779670396079,0.9708542823791504
S0-SM_tower_8,S0-SM_tower_8-elhigh-radmid-az225.png,tower,3,1-4,4,1,1,1,1.0,0.973495683124046,0.978733241558075
S0-SM_tower_8,S0-SM_tower_8-elhigh-radnear-az000.png,tower,6,5-9,7,1,1,1,1.0,0.9604542984917543,0.9752840995788574
S0-SM_tower_8,S0-SM_tower_8-elhigh-radnear-az315.png,tower,2,1-4,3,1,1,1,1.0,0.9483785521417154,0.974277913570404
S0-SM_tower_8,S0-SM_tower_8-ellow-radfar-az090.png,tower,23,10+,25,2,1,1,0.7554347827099264,0.9407772492671,0.9646227359771729
S0-SM_tower_8,S0-SM_tower_8-ellow-radfar-az180.png,tower,6,5-9,7,1,1,1,1.0,0.9292274337703361,0.9659703373908997
S0-SM_tower_8,S0-SM_tower_8-ellow-radmid-az135.png,tower,24,10+,26,2,1,1,0.5809523820877075,0.9657252731470507,0.9730587601661682
S0-SM_tower_8,S0-SM_tower_8-ellow-radmid-az315.png,tower,2,1-4,3,1,1,1,1.0,0.9683488554393804,0.9755942225456238
S0-SM_tower_8,S0-SM_tower_8-ellow-radnear-az225.png,tower,1,1-4,2,1,1,1,1.0,0.9588748244599117,0.9806806445121765
S0-SM_tower_8,S0-SM_tower_8-elmid-radmid-az045.png,tower,35,10+,38,3,1,1,0.4833333469430605,0.9639502432399638,0.9843723773956299
S0-SM_tower_8,S0-SM_tower_8-elmid-radmid-az225.png,tower,1,1-4,2,1,1,1,1.0,0.9705186182020356,0.981075644493103
S0-SM_tower_8,S0-SM_tower_8-elmid-radnear-az135.png,tower,7,5-9,8,1,1,1,1.0,0.9431081725273316,0.9751178026199341
S0-SM_tower_8,S0-SM_tower_8-elmid-radnear-az315.png,tower,2,1-4,3,1,1,1,1.0,0.9712061741493123,0.9803549647331238
S0-SM_tower_9,S0-SM_tower_9-elhigh-radmid-az045.png,tower,0,0,1,1,1,1,1.0,0.9703766217683274,0.9735342860221863
S0-SM_tower_9,S0-SM_tower_9-elhigh-radmid-az090.png,tower,0,0,1,1,1,1,1.0,0.9508373626865421,0.9696279168128967
S0-SM_tower_9,S0-SM_tower_9-elhigh-radmid-az270.png,tower,0,0,1,1,1,1,1.0,0.9617443485216199,0.9804477691650391
S0-SM_tower_9,S0-SM_tower_9-ellow-radmid-az000.png,tower,9,5-9,11,2,1,1,0.9166666671633721,0.9629478818538644,0.9758803844451904
S0-SM_tower_9,S0-SM_tower_9-ellow-radmid-az315.png,tower,0,0,1,1,1,1,1.0,0.9665471382741231,0.9730827808380127
S0-SM_tower_9,S0-SM_tower_9-elmid-radfar-az090.png,tower,28,10+,31,3,1,1,0.6185185355996644,0.9527464195855302,0.9628267884254456
S0-SM_tower_9,S0-SM_tower_9-elmid-radfar-az225.png,tower,0,0,1,1,1,1,1.0,0.9425213947423572,0.9699609279632568
S0-SM_tower_9,S0-SM_tower_9-elmid-radmid-az000.png,tower,11,10+,13,2,1,1,0.8333333343267441,0.954762862515544,0.9755708575248718
S0-SM_tower_9,S0-SM_tower_9-elmid-radnear-az225.png,tower,0,0,1,1,1,1,1.0,0.9671610604930017,0.9830291867256165
S0-SM_tree1,S0-SM_tree1-elhigh-radfar-az090.png,tree,2,1-4,3,1,1,1,1.0,0.9394074022336412,0.9663974046707153
S0-SM_tree1,S0-SM_tree1-elhigh-radfar-az180.png,tree,7,5-9,8,1,1,1,1.0,0.948325307838374,0.9663780331611633
S0-SM_tree1,S0-SM_tree1-elhigh-radmid-az045.png,tree,4,1-4,5,1,1,1,0.9,0.8550850653005995,0.9034674763679504
S0-SM_tree1,S0-SM_tree1-elhigh-radmid-az270.png,tree,7,5-9,8,1,1,1,1.0,0.9605333593425058,0.9687039256095886
S0-SM_tree1,S0-SM_tree1-elhigh-radnear-az180.png,tree,3,1-4,4,1,1,1,1.0,0.9614413736846927,0.9746787548065186
S0-SM_tree1,S0-SM_tree1-elhigh-radnear-az225.png,tree,2,1-4,3,1,1,1,1.0,0.9566784061666489,0.9741494059562683
S0-SM_tree1,S0-SM_tree1-ellow-radfar-az270.png,tree,20,10+,21,1,1,1,1.0,0.9450347263583794,0.9605845212936401
S0-SM_tree1,S0-SM_tree1-ellow-radfar-az315.png,tree,3,1-4,4,1,1,1,1.0,0.9523776168001064,0.9680566787719727
S0-SM_tree1,S0-SM_tree1-ellow-radmid-az090.png,tree,2,1-4,3,1,1,1,1.0,0.942028600750632,0.9740265607833862
S0-SM_tree1,S0-SM_tree1-ellow-radnear-az090.png,tree,2,1-4,3,1,1,1,1.0,0.971374913055719,0.9829414486885071
S0-SM_tree1,S0-SM_tree1-elmid-radfar-az135.png,tree,5,5-9,7,2,1,1,0.9625,0.9453461175686719,0.9694135785102844
S0-SM_tree1,S0-SM_tree1-elmid-radmid-az270.png,tree,7,5-9,8,1,1,1,1.0,0.948041232646851,0.9664340615272522
S0-SM_tree1,S0-SM_tree1-elmid-radnear-az090.png,tree,2,1-4,3,1,1,1,1.0,0.9226024395821071,0.9610645771026611
S0-SM_tree1,S0-SM_tree1-elmid-radnear-az270.png,tree,6,5-9,7,1,1,1,1.0,0.9635420489484829,0.9772313833236694
S0-SM_tree10,S0-SM_tree10-elhigh-radfar-az135.png,tree,7,5-9,14,7,1,1,0.9357142894040971,0.9103524234152047,0.9524499773979187
S0-SM_tree10,S0-SM_tree10-elhigh-radfar-az225.png,tree,8,5-9,16,8,1,1,0.8660342264920473,0.913173563907506,0.955181896686554
S0-SM_tree10,S0-SM_tree10-elhigh-radfar-az270.png,tree,7,5-9,12,5,1,1,0.9453333342870076,0.9417662157690572,0.9646652936935425
S0-SM_tree10,S0-SM_tree10-elhigh-radmid-az090.png,tree,5,5-9,10,5,1,1,0.8890000019073486,0.8498811739664376,0.9670512676239014
S0-SM_tree10,S0-SM_tree10-elhigh-radmid-az135.png,tree,6,5-9,13,7,1,1,0.8288775584664272,0.9434621310546305,0.9651013612747192
S0-SM_tree10,S0-SM_tree10-elhigh-radnear-az045.png,tree,3,1-4,8,5,1,1,0.9131794897711429,0.9539765119920247,0.9693878293037415
S0-SM_tree10,S0-SM_tree10-ellow-radfar-az270.png,tree,20,10+,25,5,1,1,0.8842666708568732,0.8950938809284104,0.963694155216217
S0-SM_tree10,S0-SM_tree10-ellow-radnear-az225.png,tree,13,10+,20,7,1,1,0.5919497121803563,0.9292198263015372,0.9826239943504333
S0-SM_tree10,S0-SM_tree10-elmid-radmid-az045.png,tree,3,1-4,8,5,1,1,0.9276190520752043,0.9493287074540575,0.9716311693191528
S0-SM_tree10,S0-SM_tree10-elmid-radmid-az225.png,tree,9,5-9,17,8,1,1,0.8750744052231312,0.9260902754002132,0.9583840370178223
S0-SM_tree10,S0-SM_tree10-elmid-radnear-az045.png,tree,2,1-4,7,5,1,1,0.7217777954472435,0.9510217053306995,0.9701865315437317
S0-SM_tree10,S0-SM_tree10-elmid-radnear-az090.png,tree,1,1-4,6,5,1,1,0.9776666682859261,0.9455405549303464,0.968410849571228
S0-SM_tree11,S0-SM_tree11-elhigh-radnear-az135.png,tree,1,1-4,2,1,1,1,1.0,0.9585233852245665,0.9739125967025757
S0-SM_tree11,S0-SM_tree11-ellow-radfar-az045.png,tree,1,1-4,2,1,1,1,0.9,0.9014690594777761,0.9573671817779541
S0-SM_tree11,S0-SM_tree11-ellow-radmid-az045.png,tree,1,1-4,2,1,1,1,1.0,0.9367448402084051,0.9712545275688171
S0-SM_tree11,S0-SM_tree11-ellow-radmid-az135.png,tree,1,1-4,2,1,1,1,1.0,0.9566553311586148,0.9756578803062439
S0-SM_tree11,S0-SM_tree11-ellow-radmid-az180.png,tree,10,10+,13,3,1,1,0.4166666753590107,0.9531238099543096,0.9686934351921082
S0-SM_tree11,S0-SM_tree11-ellow-radnear-az270.png,tree,14,10+,15,1,1,1,1.0,0.9665825824277121,0.9832019209861755
S0-SM_tree11,S0-SM_tree11-ellow-radnear-az315.png,tree,8,5-9,10,2,1,1,0.5147058824077249,0.9752466332041969,0.9832094311714172
S0-SM_tree11,S0-SM_tree11-elmid-radfar-az090.png,tree,2,1-4,3,1,1,1,1.0,0.9405617048464627,0.9732204079627991
S0-SM_tree11,S0-SM_tree11-elmid-radfar-az135.png,tree,2,1-4,3,1,1,1,1.0,0.9605666010891412,0.9705439209938049
S0-SM_tree11,S0-SM_tree11-elmid-radmid-az270.png,tree,4,1-4,5,1,1,1,1.0,0.9432189989635731,0.9644174575805664
S0-SM_tree11,S0-SM_tree11-elmid-radnear-az000.png,tree,1,1-4,2,1,1,1,1.0,0.9658715688324016,0.9772180914878845
S0-SM_tree11,S0-SM_tree11-elmid-radnear-az135.png,tree,1,1-4,2,1,1,1,1.0,0.9635839587963346,0.9767516851425171
S0-SM_tree12,S0-SM_tree12-elhigh-radmid-az000.png,tree,2,1-4,13,11,1,1,0.8857081567922629,0.9402205229953822,0.969500720500946
S0-SM_tree12,S0-SM_tree12-elhigh-radmid-az180.png,tree,1,1-4,9,8,1,1,0.9359166656620801,0.9581816918765824,0.9658486247062683
S0-SM_tree12,S0-SM_tree12-elhigh-radnear-az000.png,tree,1,1-4,12,11,1,1,0.7780421598106264,0.9565054548943408,0.9742975234985352
S0-SM_tree12,S0-SM_tree12-ellow-radmid-az270.png,tree,8,5-9,19,11,1,1,0.8630681876815631,0.9352078627945914,0.9692522883415222
S0-SM_tree12,S0-SM_tree12-ellow-radnear-az000.png,tree,4,1-4,13,9,1,1,0.5873721470615154,0.9496473941901229,0.9737297892570496
S0-SM_tree12,S0-SM_tree12-ellow-radnear-az045.png,tree,10,10+,15,5,1,1,0.707878802734794,0.9749506344809333,0.9821733236312866
S0-SM_tree12,S0-SM_tree12-ellow-radnear-az090.png,tree,8,5-9,12,4,1,1,0.7212037038058042,0.9476210847363689,0.9682266116142273
S0-SM_tree12,S0-SM_tree12-elmid-radfar-az045.png,tree,10,10+,19,9,1,1,0.7135087810951279,0.903491085293453,0.938636839389801
S0-SM_tree12,S0-SM_tree12-elmid-radfar-az090.png,tree,23,10+,31,8,1,1,0.8745378153864294,0.901594292764134,0.9577396512031555
S0-SM_tree12,S0-SM_tree12-elmid-radnear-az045.png,tree,1,1-4,7,6,1,1,0.8107142690036978,0.9437674785441743,0.9687636494636536
S0-SM_tree12,S0-SM_tree12-elmid-radnear-az135.png,tree,1,1-4,6,5,1,1,0.7710000103861094,0.9200901443015042,0.9622400999069214
S0-SM_tree12,S0-SM_tree12-elmid-radnear-az225.png,tree,0,0,8,8,1,1,0.770642361883074,0.965943013982681,0.976157009601593
S0-SM_tree13,S0-SM_tree13-elhigh-radfar-az270.png,tree,3,1-4,14,11,1,1,0.9167650597594423,0.9482414773002645,0.9708526730537415
S0-SM_tree13,S0-SM_tree13-elhigh-radmid-az000.png,tree,5,5-9,16,11,1,1,0.867694430458612,0.9472955301469845,0.9736776947975159
S0-SM_tree13,S0-SM_tree13-elhigh-radmid-az180.png,tree,0,0,11,11,1,1,0.9090809221562747,0.9465888558945785,0.9710609316825867
S0-SM_tree13,S0-SM_tree13-elhigh-radnear-az315.png,tree,0,0,11,11,1,1,0.9251475826369079,0.9612697609975882,0.9702436327934265
S0-SM_tree13,S0-SM_tree13-ellow-radmid-az090.png,tree,15,10+,24,9,1,1,0.7761504033628503,0.9502129511148034,0.9683607220649719
S0-SM_tree13,S0-SM_tree13-ellow-radmid-az225.png,tree,17,10+,28,11,1,1,0.7962688970317243,0.9500931481342363,0.9758805632591248
S0-SM_tree13,S0-SM_tree13-ellow-radnear-az045.png,tree,9,5-9,15,6,1,1,0.5762793517925299,0.9726661143554871,0.9819937348365784
S0-SM_tree13,S0-SM_tree13-elmid-radfar-az225.png,tree,24,10+,35,11,1,1,0.8700555756102094,0.9500266065723437,0.9618607759475708
S0-SM_tree13,S0-SM_tree13-elmid-radmid-az270.png,tree,1,1-4,12,11,1,1,0.895274885915196,0.9493938983421693,0.9696225523948669
S0-SM_tree13,S0-SM_tree13-elmid-radnear-az180.png,tree,1,1-4,9,8,1,1,0.8620967738330364,0.952514921672261,0.9697859883308411
S0-SM_tree14,S0-SM_tree14-elhigh-radfar-az045.png,tree,1,1-4,12,11,1,1,0.9023636401674965,0.9270555116879109,0.9667961597442627
S0-SM_tree14,S0-SM_tree14-elhigh-radfar-az225.png,tree,0,0,9,9,1,1,0.8962157834795169,0.9533001890035848,0.9662825465202332
S0-SM_tree14,S0-SM_tree14-elhigh-radmid-az000.png,tree,2,1-4,13,11,1,1,0.8998579241078852,0.9195199425970912,0.9651818871498108
S0-SM_tree14,S0-SM_tree14-elhigh-radnear-az180.png,tree,0,0,7,7,1,1,0.8402628204602032,0.9505970221518112,0.9710162878036499
S0-SM_tree14,S0-SM_tree14-elhigh-radnear-az225.png,tree,0,0,7,7,1,1,0.8794047663201179,0.9569331868138704,0.966742992401123
S0-SM_tree14,S0-SM_tree14-ellow-radmid-az000.png,tree,7,5-9,18,11,1,1,0.7657207835585813,0.930196426608461,0.9534196853637695
S0-SM_tree14,S0-SM_tree14-ellow-radmid-az225.png,tree,11,10+,18,7,1,1,0.8215686329408269,0.9655628218366843,0.9728502035140991
S0-SM_tree14,S0-SM_tree14-elmid-radnear-az270.png,tree,0,0,8,8,1,1,0.7065966008696705,0.9544979314073387,0.9741283655166626
S0-SM_tree15,S0-SM_tree15-elhigh-radfar-az135.png,tree,2,1-4,13,11,1,1,0.9483471100149321,0.9354487492326164,0.9656820893287659
S0-SM_tree15,S0-SM_tree15-elhigh-radfar-az315.png,tree,5,5-9,16,11,1,1,0.9361771558805223,0.9509610305254768,0.9641706943511963
S0-SM_tree15,S0-SM_tree15-elhigh-radnear-az000.png,tree,1,1-4,10,9,1,1,0.9508417539624654,0.9572303255927181,0.9748876690864563
S0-SM_tree15,S0-SM_tree15-ellow-radfar-az090.png,tree,16,10+,27,11,1,1,0.9093957902259812,0.8822596244495884,0.94935142993927
S0-SM_tree15,S0-SM_tree15-ellow-radmid-az315.png,tree,5,5-9,15,10,1,1,0.47977478294100984,0.9412591494136713,0.969015896320343
S0-SM_tree15,S0-SM_tree15-elmid-radfar-az090.png,tree,22,10+,33,11,1,1,0.9083399197647694,0.9385531248356891,0.9618743062019348
S0-SM_tree15,S0-SM_tree15-elmid-radnear-az135.png,tree,0,0,10,10,1,1,0.7641228026511115,0.9113608217315061,0.980585515499115
S0-SM_tree15,S0-SM_tree15-elmid-radnear-az270.png,tree,0,0,9,9,1,1,0.7619121154220935,0.9416672152830756,0.9637411236763
S0-SM_tree16,S0-SM_tree16-elhigh-radfar-az180.png,tree,1,1-4,12,11,1,1,0.9003030504421753,0.9430437008103354,0.9645887613296509
S0-SM_tree16,S0-SM_tree16-elhigh-radnear-az225.png,tree,0,0,9,9,1,1,0.8727969413901538,0.9528433321313656,0.9747046232223511
S0-SM_tree16,S0-SM_tree16-ellow-radfar-az090.png,tree,11,10+,21,10,1,1,0.8059728833985316,0.9168666157831034,0.9625881314277649
S0-SM_tree16,S0-SM_tree16-ellow-radmid-az045.png,tree,6,5-9,16,10,1,1,0.8676608153633033,0.9332905685715929,0.9598022103309631
S0-SM_tree16,S0-SM_tree16-ellow-radmid-az090.png,tree,13,10+,22,9,1,1,0.7994639421277634,0.9142184947551684,0.9754570722579956
S0-SM_tree16,S0-SM_tree16-ellow-radmid-az315.png,tree,5,5-9,16,11,1,1,0.8263260402105305,0.9159333498203424,0.9596073031425476
S0-SM_tree16,S0-SM_tree16-elmid-radfar-az000.png,tree,6,5-9,17,11,1,1,0.8834869727338397,0.8879090298397365,0.9622828364372253
S0-SM_tree16,S0-SM_tree16-elmid-radfar-az135.png,tree,22,10+,34,12,1,1,0.73683261654669,0.9365492876087842,0.9630022048950195
S0-SM_tree16,S0-SM_tree16-elmid-radfar-az315.png,tree,2,1-4,13,11,1,1,0.8762044522319823,0.9485140642561305,0.970026969909668
S0-SM_tree16,S0-SM_tree16-elmid-radmid-az000.png,tree,6,5-9,17,11,1,1,0.9109064018895868,0.9404285340976344,0.9736971259117126
S0-SM_tree16,S0-SM_tree16-elmid-radmid-az225.png,tree,0,0,9,9,1,1,0.7860638797285988,0.9171375507968449,0.9670141339302063
S0-SM_tree17,S0-SM_tree17-elhigh-radfar-az000.png,tree,6,5-9,17,11,1,1,0.8997166500765712,0.9287150611471873,0.9644036889076233
S0-SM_tree17,S0-SM_tree17-elhigh-radfar-az090.png,tree,1,1-4,12,11,1,1,0.813239555330181,0.935869127163734,0.9542816281318665
S0-SM_tree17,S0-SM_tree17-elhigh-radfar-az135.png,tree,0,0,9,9,1,1,0.7750325895052036,0.9426717678487755,0.9641379714012146
S0-SM_tree17,S0-SM_tree17-elhigh-radfar-az225.png,tree,0,0,9,9,1,1,0.7186473556791528,0.9429916340093314,0.9702467918395996
S0-SM_tree17,S0-SM_tree17-elhigh-radmid-az045.png,tree,2,1-4,13,11,1,1,0.7812480158913744,0.9356506914498475,0.963604748249054
S0-SM_tree17,S0-SM_tree17-elhigh-radmid-az270.png,tree,0,0,7,7,1,1,0.8304761946378718,0.9254536735093524,0.9652913808822632
S0-SM_tree17,S0-SM_tree17-elhigh-radnear-az270.png,tree,0,0,7,7,1,1,0.6942857316562107,0.9174173736612516,0.9650862812995911
S0-SM_tree17,S0-SM_tree17-ellow-radfar-az180.png,tree,0,0,9,9,1,1,0.3791632043145209,0.9810187961669925,0.9907535314559937
S0-SM_tree17,S0-SM_tree17-ellow-radnear-az135.png,tree,19,10+,24,5,1,1,0.8033571546758924,0.9545576016380615,0.9659282565116882
S0-SM_tree17,S0-SM_tree17-elmid-radfar-az045.png,tree,9,5-9,20,11,1,1,0.8542975245048767,0.9390761324886938,0.9584426283836365
S0-SM_tree17,S0-SM_tree17-elmid-radmid-az000.png,tree,5,5-9,16,11,1,1,0.7833294065430942,0.9256222380873993,0.9637022614479065
S0-SM_tree17,S0-SM_tree17-elmid-radmid-az045.png,tree,1,1-4,12,11,1,1,0.9393677075094053,0.9307143282647488,0.9560371041297913
S0-SM_tree17,S0-SM_tree17-elmid-radmid-az315.png,tree,3,1-4,12,9,1,1,0.6333520323184235,0.9232798265348663,0.9626109004020691
S0-SM_tree18,S0-SM_tree18-elhigh-radmid-az315.png,tree,1,1-4,12,11,1,1,0.8648240483285656,0.9444336038951704,0.9637427926063538
S0-SM_tree18,S0-SM_tree18-ellow-radfar-az000.png,tree,6,5-9,17,11,1,1,0.7272727355902846,0.9332770375744701,0.9526197910308838
S0-SM_tree18,S0-SM_tree18-ellow-radmid-az135.png,tree,15,10+,22,7,1,1,0.8468671722930475,0.9535537319513168,0.9662076234817505
S0-SM_tree18,S0-SM_tree18-ellow-radmid-az225.png,tree,12,10+,19,7,1,1,0.7007619173072633,0.9568905512961692,0.9693045616149902
S0-SM_tree18,S0-SM_tree18-elmid-radfar-az135.png,tree,25,10+,35,10,1,1,0.7192742011491811,0.9153332319517666,0.9664674401283264
S0-SM_tree18,S0-SM_tree18-elmid-radmid-az000.png,tree,6,5-9,17,11,1,1,0.869407717242796,0.9191908336567636,0.9674392938613892
S0-SM_tree18,S0-SM_tree18-elmid-radnear-az045.png,tree,1,1-4,11,10,1,1,0.6947278198229675,0.8611518234722375,0.9603810906410217
S0-SM_tree18,S0-SM_tree18-elmid-radnear-az090.png,tree,2,1-4,10,8,1,1,0.7147727292962373,0.9426602131662065,0.9705370664596558
S0-SM_tree19,S0-SM_tree19-elhigh-radfar-az045.png,tree,2,1-4,11,9,1,1,0.7871795003803876,0.9468134733574942,0.9662846326828003
S0-SM_tree19,S0-SM_tree19-elhigh-radfar-az135.png,tree,2,1-4,13,11,1,1,0.7744278309048764,0.9545225445548056,0.9612048864364624
S0-SM_tree19,S0-SM_tree19-elhigh-radfar-az315.png,tree,7,5-9,17,10,1,1,0.8515141084467004,0.9503869413037442,0.9677960276603699
S0-SM_tree19,S0-SM_tree19-elhigh-radnear-az000.png,tree,1,1-4,7,6,1,1,0.8606770779006183,0.9579237442894595,0.9739865064620972
S0-SM_tree19,S0-SM_tree19-ellow-radfar-az045.png,tree,3,1-4,12,9,1,1,0.2973170665050021,0.9688039468484746,0.9758726358413696
S0-SM_tree19,S0-SM_tree19-ellow-radmid-az315.png,tree,4,1-4,11,7,1,1,0.9050246358541726,0.9619350653102288,0.9698533415794373
S0-SM_tree19,S0-SM_tree19-ellow-radnear-az270.png,tree,7,5-9,17,10,1,1,0.7220319001712496,0.9402011974734066,0.9671357870101929
S0-SM_tree19,S0-SM_tree19-elmid-radnear-az270.png,tree,1,1-4,12,11,1,1,0.7311015758303963,0.9659142890916073,0.9783416986465454
S0-SM_tree2,S0-SM_tree2-elhigh-radmid-az090.png,tree,2,1-4,9,7,1,1,0.920157541162036,0.9358723795047155,0.9665510654449463
S0-SM_tree2,S0-SM_tree2-elhigh-radmid-az180.png,tree,4,1-4,11,7,1,1,0.9406593445401924,0.9261509649700805,0.9619292616844177
S0-SM_tree2,S0-SM_tree2-elhigh-radnear-az135.png,tree,2,1-4,8,6,1,1,0.9523611114753617,0.9391770547795275,0.9648901224136353
S0-SM_tree2,S0-SM_tree2-ellow-radfar-az270.png,tree,24,10+,31,7,1,1,0.7863945663102021,0.9165543802108367,0.9485581517219543
S0-SM_tree2,S0-SM_tree2-ellow-radmid-az045.png,tree,3,1-4,8,5,1,1,0.9280000044107437,0.9523865618527552,0.9627085328102112
S0-SM_tree2,S0-SM_tree2-ellow-radnear-az090.png,tree,1,1-4,4,3,1,1,0.7793010838730361,0.8990312440332779,0.9719359278678894
S0-SM_tree2,S0-SM_tree2-ellow-radnear-az135.png,tree,2,1-4,7,5,1,1,0.8943243290141627,0.9739277512124254,0.982999861240387
S0-SM_tree2,S0-SM_tree2-elmid-radfar-az135.png,tree,3,1-4,10,7,1,1,0.9300865845117734,0.9140538839588253,0.9603567719459534
S0-SM_tree20,S0-SM_tree20-elhigh-radfar-az225.png,tree,1,1-4,12,11,1,1,0.9037411798113869,0.9389939249505019,0.9648886919021606
S0-SM_tree20,S0-SM_tree20-elhigh-radmid-az000.png,tree,5,5-9,11,6,1,1,0.9760416643073162,0.9525289222029691,0.9692133069038391
S0-SM_tree20,S0-SM_tree20-elhigh-radmid-az090.png,tree,1,1-4,10,9,1,1,0.8563271685974833,0.9516097489820723,0.9664250612258911
S0-SM_tree20,S0-SM_tree20-ellow-radfar-az225.png,tree,17,10+,28,11,1,1,0.7440786040138555,0.8524660122975263,0.9498687386512756
S0-SM_tree20,S0-SM_tree20-ellow-radmid-az315.png,tree,5,5-9,11,6,1,1,0.7994444474641584,0.9659757225706862,0.9816409945487976
S0-SM_tree20,S0-SM_tree20-ellow-radnear-az180.png,tree,7,5-9,18,11,1,1,0.6434974814315487,0.9543656393041573,0.9700967669487
S0-SM_tree20,S0-SM_tree20-elmid-radfar-az000.png,tree,4,1-4,11,7,1,1,0.8830241220877101,0.9166826511597748,0.9645203351974487
S0-SM_tree20,S0-SM_tree20-elmid-radfar-az225.png,tree,22,10+,33,11,1,1,0.7243758503008058,0.883884009377482,0.9553017616271973
S0-SM_tree20,S0-SM_tree20-elmid-radmid-az000.png,tree,4,1-4,10,6,1,1,0.888968251472901,0.9339117761794711,0.963920533657074
S0-SM_tree20,S0-SM_tree20-elmid-radmid-az180.png,tree,0,0,11,11,1,1,0.9176948073545059,0.944242344077395,0.9667743444442749
S0-SM_tree20,S0-SM_tree20-elmid-radmid-az225.png,tree,0,0,10,10,1,1,0.8395454553176057,0.9250768776467027,0.9654284715652466
S0-SM_tree20,S0-SM_tree20-elmid-radnear-az045.png,tree,1,1-4,6,5,1,1,0.7626556877527154,0.9494872838647126,0.9708743691444397
S0-SM_tree20,S0-SM_tree20-elmid-radnear-az135.png,tree,1,1-4,11,10,1,1,0.4989583467860662,0.9495607830543769,0.969398558139801
S0-SM_tree21,S0-SM_tree21-elhigh-radfar-az135.png,tree,1,1-4,12,11,1,1,0.8286136936078826,0.902481798433687,0.9583967328071594
S0-SM_tree21,S0-SM_tree21-elhigh-radfar-az315.png,tree,5,5-9,13,8,1,1,0.6305211605969816,0.9447040947914189,0.9609309434890747
S0-SM_tree21,S0-SM_tree21-elhigh-radnear-az000.png,tree,0,0,4,4,1,1,0.78125,0.9483187801906467,0.969611644744873
S0-SM_tree21,S0-SM_tree21-ellow-radfar-az315.png,tree,2,1-4,9,7,1,1,0.41567334065296774,0.9764773832161566,0.9851470589637756
S0-SM_tree21,S0-SM_tree21-ellow-radmid-az000.png,tree,5,5-9,10,5,1,1,0.7910000117272139,0.9276935770746775,0.9684033393859863
S0-SM_tree21,S0-SM_tree21-ellow-radmid-az045.png,tree,5,5-9,10,5,1,1,0.7061111285620265,0.9588016090286722,0.9702704548835754
S0-SM_tree21,S0-SM_tree21-ellow-radmid-az225.png,tree,21,10+,29,8,1,1,0.6724537027534098,0.9544904916710379,0.9689476490020752
S0-SM_tree21,S0-SM_tree21-ellow-radnear-az000.png,tree,4,1-4,8,4,1,1,0.7720588240772486,0.9661918261219284,0.9750394821166992
S0-SM_tree21,S0-SM_tree21-elmid-radfar-az000.png,tree,5,5-9,12,7,1,1,0.6684981802894627,0.9431919928179866,0.9682924747467041
S0-SM_tree21,S0-SM_tree21-elmid-radfar-az135.png,tree,17,10+,28,11,1,1,0.7383838481975321,0.9108464210053988,0.9500394463539124
S0-SM_tree21,S0-SM_tree21-elmid-radfar-az225.png,tree,19,10+,29,10,1,1,0.7337692239470642,0.9414375180407859,0.9647599458694458
S0-SM_tree21,S0-SM_tree21-elmid-radmid-az000.png,tree,5,5-9,9,4,1,1,0.945238095894456,0.9352461469312026,0.9642658829689026
S0-SM_tree21,S0-SM_tree21-elmid-radmid-az135.png,tree,1,1-4,12,11,1,1,0.8183694142619254,0.9501171033410074,0.9589234590530396
S0-SM_tree21,S0-SM_tree21-elmid-radmid-az315.png,tree,3,1-4,7,4,1,1,0.9741071429103613,0.9361404243512439,0.9733162522315979
S0-SM_tree21,S0-SM_tree21-elmid-radnear-az135.png,tree,2,1-4,11,9,1,1,0.557181474624169,0.9443125961981877,0.9743280410766602
S0-SM_tree21,S0-SM_tree21-elmid-radnear-az315.png,tree,5,5-9,8,3,1,1,1.0,0.9644690590738172,0.9733573794364929
S0-SM_tree22,S0-SM_tree22-elhigh-radfar-az270.png,tree,3,1-4,12,9,1,1,0.9161634485334782,0.9519417772592043,0.9636196494102478
S0-SM_tree22,S0-SM_tree22-elhigh-radfar-az315.png,tree,5,5-9,14,9,1,1,0.8239619944608438,0.9488859321986425,0.9564899206161499
S0-SM_tree22,S0-SM_tree22-elhigh-radmid-az270.png,tree,1,1-4,10,9,1,1,0.8116200014471243,0.9477043912368153,0.9680575728416443
S0-SM_tree22,S0-SM_tree22-elhigh-radnear-az045.png,tree,1,1-4,9,8,1,1,0.8610923423431813,0.94936067410449,0.9700714945793152
S0-SM_tree22,S0-SM_tree22-ellow-radfar-az270.png,tree,6,5-9,14,8,1,1,0.8336828819476068,0.9252317047674516,0.9697872996330261
S0-SM_tree22,S0-SM_tree22-ellow-radfar-az315.png,tree,5,5-9,15,10,1,1,0.5878707535245085,0.9548552861403472,0.9625590443611145
S0-SM_tree22,S0-SM_tree22-ellow-radmid-az000.png,tree,0,0,8,8,1,1,0.44654023298062384,0.9749133952215239,0.9812652468681335
S0-SM_tree22,S0-SM_tree22-ellow-radmid-az315.png,tree,4,1-4,10,6,1,1,0.7934693860179004,0.9423306402369178,0.9646668434143066
S0-SM_tree22,S0-SM_tree22-elmid-radfar-az180.png,tree,8,5-9,19,11,1,1,0.8133689848955143,0.9447051653892728,0.958342969417572
S0-SM_tree22,S0-SM_tree22-elmid-radfar-az315.png,tree,3,1-4,14,11,1,1,0.6319480588796721,0.9305758391767718,0.9602314829826355
S0-SM_tree22,S0-SM_tree22-elmid-radmid-az270.png,tree,1,1-4,8,7,1,1,0.798441567649315,0.9259446033826606,0.9672629237174988
S0-SM_tree22,S0-SM_tree22-elmid-radmid-az315.png,tree,3,1-4,9,6,1,1,0.8675213614399109,0.7366437171360474,0.9660494327545166
S0-SM_tree22,S0-SM_tree22-elmid-radnear-az090.png,tree,1,1-4,10,9,1,1,0.7229267715110959,0.9445247811722197,0.9705350399017334
S0-SM_tree23,S0-SM_tree23-elhigh-radfar-az225.png,tree,10,10+,12,2,1,1,1.0,0.9442411021810706,0.9683732390403748
S0-SM_tree23,S0-SM_tree23-elhigh-radfar-az270.png,tree,3,1-4,4,1,1,1,1.0,0.9432753328054844,0.9650906920433044
S0-SM_tree23,S0-SM_tree23-elhigh-radmid-az000.png,tree,3,1-4,6,3,1,1,0.9022222252355683,0.9538761341207902,0.9705433249473572
S0-SM_tree23,S0-SM_tree23-elhigh-radnear-az225.png,tree,4,1-4,5,1,1,1,1.0,0.9430195139535691,0.9743809103965759
S0-SM_tree23,S0-SM_tree23-ellow-radmid-az000.png,tree,29,10+,35,6,1,1,0.7807936502874845,0.9566153314154917,0.9713916778564453
S0-SM_tree23,S0-SM_tree23-ellow-radmid-az090.png,tree,10,10+,14,4,1,1,0.8166666668839753,0.9418745395948918,0.9681291580200195
S0-SM_tree23,S0-SM_tree23-ellow-radnear-az180.png,tree,9,5-9,10,1,1,1,1.0,0.9783276882274485,0.9844279885292053
S0-SM_tree23,S0-SM_tree23-ellow-radnear-az225.png,tree,8,5-9,9,1,1,1,1.0,0.9595836454737636,0.9803584814071655
S0-SM_tree23,S0-SM_tree23-elmid-radfar-az000.png,tree,42,10+,50,8,1,1,0.7159375003073365,0.9636067758526181,0.9702817797660828
S0-SM_tree23,S0-SM_tree23-elmid-radmid-az000.png,tree,13,10+,19,6,1,1,0.6282738084993547,0.9622015048240655,0.9744205474853516
S0-SM_tree23,S0-SM_tree23-elmid-radmid-az270.png,tree,0,0,1,1,1,1,0.9,0.9162514235847894,0.9697569608688354
S0-SM_tree23,S0-SM_tree23-elmid-radnear-az135.png,tree,3,1-4,5,2,1,1,1.0,0.9659180038605868,0.9782751798629761
S0-SM_tree23,S0-SM_tree23-elmid-radnear-az270.png,tree,0,0,1,1,1,1,1.0,0.9634427361310998,0.9798529148101807
S0-SM_tree24,S0-SM_tree24-elhigh-radfar-az270.png,tree,4,1-4,6,2,1,1,1.0,0.94724566751281,0.9743724465370178
S0-SM_tree24,S0-SM_tree24-elhigh-radmid-az045.png,tree,2,1-4,3,1,1,1,1.0,0.9462298376979135,0.9716213941574097
S0-SM_tree24,S0-SM_tree24-ellow-radmid-az225.png,tree,12,10+,20,8,1,1,0.6513020820915699,0.9098197905245371,0.9769877195358276
S0-SM_tree24,S0-SM_tree24-elmid-radfar-az000.png,tree,37,10+,38,1,1,1,1.0,0.9630509223825818,0.9699938893318176
S0-SM_tree24,S0-SM_tree24-elmid-radfar-az225.png,tree,14,10+,22,8,1,1,0.6253472233656794,0.9386734131453309,0.968805193901062
S0-SM_tree24,S0-SM_tree24-elmid-radmid-az090.png,tree,3,1-4,4,1,1,1,1.0,0.9511288241089595,0.9720609784126282
S0-SM_tree24,S0-SM_tree24-elmid-radnear-az045.png,tree,1,1-4,2,1,1,1,1.0,0.9539328686072395,0.980201005935669
S0-SM_tree24,S0-SM_tree24-elmid-radnear-az135.png,tree,3,1-4,4,1,1,1,1.0,0.9393220947061138,0.9727005958557129
S0-SM_tree24,S0-SM_tree24-elmid-radnear-az315.png,tree,1,1-4,2,1,1,1,1.0,0.9661443627073112,0.9767794013023376
S0-SM_tree25,S0-SM_tree25-elhigh-radfar-az045.png,tree,5,5-9,10,5,1,1,0.8683333408335845,0.9676059082430513,0.9758923649787903
S0-SM_tree25,S0-SM_tree25-elhigh-radfar-az180.png,tree,11,10+,13,2,1,1,1.0,0.9553158441984522,0.9643218517303467
S0-SM_tree25,S0-SM_tree25-elhigh-radfar-az225.png,tree,11,10+,14,3,1,1,0.6944444634848171,0.9334000316265332,0.9650353193283081
S0-SM_tree25,S0-SM_tree25-elhigh-radmid-az315.png,tree,3,1-4,6,3,1,1,1.0,0.9451785498156156,0.9749480485916138
S0-SM_tree25,S0-SM_tree25-ellow-radfar-az135.png,tree,2,1-4,4,2,1,1,0.8076923079788685,0.9453392290345164,0.9681668281555176
S0-SM_tree25,S0-SM_tree25-ellow-radfar-az315.png,tree,24,10+,27,3,1,1,1.0,0.9411172547129141,0.9640547037124634
S0-SM_tree25,S0-SM_tree25-ellow-radmid-az135.png,tree,1,1-4,2,1,1,1,1.0,0.9698004372803695,0.9779995083808899
S0-SM_tree25,S0-SM_tree25-ellow-radmid-az180.png,tree,8,5-9,9,1,1,1,1.0,0.9292025164653381,0.972183883190155
S0-SM_tree25,S0-SM_tree25-ellow-radmid-az270.png,tree,7,5-9,9,2,1,1,0.958333333581686,0.9542370578362984,0.9692664742469788
S0-SM_tree25,S0-SM_tree25-ellow-radnear-az000.png,tree,34,10+,41,7,1,1,0.6568067336019847,0.9659678117305575,0.9791519045829773
S0-SM_tree25,S0-SM_tree25-ellow-radnear-az090.png,tree,12,10+,13,1,1,1,1.0,0.9682026145290017,0.9824206233024597
S0-SM_tree25,S0-SM_tree25-ellow-radnear-az270.png,tree,5,5-9,7,2,1,1,0.7375,0.9737304686065471,0.9821762442588806
S0-SM_tree25,S0-SM_tree25-elmid-radfar-az225.png,tree,8,5-9,10,2,1,1,1.0,0.9355910341887963,0.9662920236587524
S0-SM_tree25,S0-SM_tree25-elmid-radnear-az000.png,tree,4,1-4,7,3,1,1,0.9166666690260172,0.9699735007269261,0.9754025340080261
S0-SM_tree25,S0-SM_tree25-elmid-radnear-az180.png,tree,6,5-9,7,1,1,1,1.0,0.9612235779264537,0.9792531728744507
S0-SM_tree26,S0-SM_tree26-elhigh-radfar-az045.png,tree,5,5-9,9,4,1,1,0.8785714291036129,0.9529616925628943,0.968963623046875
S0-SM_tree26,S0-SM_tree26-elhigh-radmid-az000.png,tree,2,1-4,5,3,1,1,1.0,0.942101623096633,0.9698899388313293
S0-SM_tree26,S0-SM_tree26-elhigh-radmid-az315.png,tree,1,1-4,4,3,1,1,0.7533333426713943,0.9563275227360037,0.966666579246521
S0-SM_tree26,S0-SM_tree26-elhigh-radnear-az135.png,tree,4,1-4,7,3,1,1,0.9428571466888698,0.9610095742423823,0.9759321212768555
S0-SM_tree26,S0-SM_tree26-ellow-radfar-az000.png,tree,21,10+,28,7,1,1,0.7182408965012902,0.9730274289771756,0.9828811883926392
S0-SM_tree26,S0-SM_tree26-ellow-radmid-az180.png,tree,12,10+,15,3,1,1,0.8444444560342363,0.921422876131377,0.9688441157341003
S0-SM_tree26,S0-SM_tree26-ellow-radnear-az180.png,tree,11,10+,14,3,1,1,0.8916666690260172,0.9111578535432159,0.978976845741272
S0-SM_tree26,S0-SM_tree26-ellow-radnear-az225.png,tree,10,10+,13,3,1,1,0.8711111132635011,0.9524115265105024,0.9788517951965332
S0-SM_tree26,S0-SM_tree26-ellow-radnear-az270.png,tree,9,5-9,11,2,1,1,0.7690909095108509,0.9757509374192779,0.981547474861145
S0-SM_tree26,S0-SM_tree26-elmid-radmid-az180.png,tree,10,10+,13,3,1,1,0.9111111177338493,0.9468976450377085,0.9714566469192505
S0-SM_tree26,S0-SM_tree26-elmid-radmid-az270.png,tree,9,5-9,11,2,1,1,0.953125,0.9350168521720263,0.9682570099830627
S0-SM_tree26,S0-SM_tree26-elmid-radnear-az000.png,tree,3,1-4,6,3,1,1,0.6875000186264515,0.9714187629328528,0.9786321520805359
S0-SM_tree26,S0-SM_tree26-elmid-radnear-az270.png,tree,0,0,2,2,1,1,0.6014285735785961,0.9680927781547624,0.9796150326728821
S0-SM_tree27,S0-SM_tree27-elhigh-radmid-az180.png,tree,3,1-4,6,3,1,1,0.9250000044703484,0.9508483177052298,0.9729165434837341
S0-SM_tree27,S0-SM_tree27-elhigh-radnear-az000.png,tree,1,1-4,3,2,1,1,0.8607142861932516,0.9738631061172498,0.9793993234634399
S0-SM_tree27,S0-SM_tree27-ellow-radmid-az090.png,tree,10,10+,13,3,1,1,0.7488889017866717,0.944038236569213,0.9725762009620667
S0-SM_tree27,S0-SM_tree27-elmid-radmid-az000.png,tree,1,1-4,3,2,1,1,0.958333333581686,0.9601937578897513,0.9707805514335632
S0-SM_tree27,S0-SM_tree27-elmid-radmid-az045.png,tree,4,1-4,6,2,1,1,0.85,0.9653527018073049,0.9826681017875671
S0-SM_tree27,S0-SM_tree27-elmid-radmid-az135.png,tree,4,1-4,6,2,1,1,1.0,0.9391251641305018,0.9730725288391113
S0-SM_tree27,S0-SM_tree27-elmid-radmid-az270.png,tree,19,10+,20,1,1,1,1.0,0.930299154075982,0.9699320793151855
S0-SM_tree27,S0-SM_tree27-elmid-radnear-az045.png,tree,4,1-4,6,2,1,1,0.9166666671633721,0.9513983921166869,0.9758436679840088
S0-SM_tree27,S0-SM_tree27-elmid-radnear-az270.png,tree,1,1-4,2,1,1,1,1.0,0.96803727964598,0.9802047610282898
S0-SM_tree28,S0-SM_tree28-elhigh-radmid-az315.png,tree,2,1-4,5,3,1,1,0.933333338300387,0.9439121392022258,0.96482253074646
S0-SM_tree28,S0-SM_tree28-elhigh-radnear-az135.png,tree,2,1-4,3,1,1,1,1.0,0.9477881535307375,0.9743798971176147
S0-SM_tree28,S0-SM_tree28-ellow-radmid-az090.png,tree,9,5-9,10,1,1,1,1.0,0.9476317875263796,0.9736812710762024
S0-SM_tree28,S0-SM_tree28-ellow-radmid-az180.png,tree,14,10+,20,6,1,1,0.836554620784371,0.929095136503225,0.9630149006843567
S0-SM_tree28,S0-SM_tree28-ellow-radmid-az225.png,tree,14,10+,20,6,1,1,0.713888893255757,0.9598576757859334,0.9699878096580505
S0-SM_tree28,S0-SM_tree28-ellow-radnear-az045.png,tree,23,10+,26,3,1,1,0.8181818295608867,0.9419263810944045,0.982128381729126
S0-SM_tree28,S0-SM_tree28-elmid-radfar-az315.png,tree,36,10+,39,3,1,1,0.9696969715934811,0.9607904320822058,0.9725013375282288
S0-SM_tree28,S0-SM_tree28-elmid-radnear-az045.png,tree,3,1-4,6,3,1,1,0.8444444542957676,0.9477554725887956,0.9738869071006775
S0-SM_tree28,S0-SM_tree28-elmid-radnear-az225.png,tree,2,1-4,5,3,1,1,0.8555555620955095,0.9630015469220226,0.9753893613815308
S0-SM_tree28,S0-SM_tree28-elmid-radnear-az315.png,tree,2,1-4,4,2,1,1,1.0,0.9552077008872466,0.9785605072975159
S0-SM_tree29,S0-SM_tree29-elhigh-radfar-az135.png,tree,3,1-4,7,4,1,1,0.9776785714551807,0.9438270213038749,0.9679674506187439
S0-SM_tree29,S0-SM_tree29-elhigh-radfar-az315.png,tree,3,1-4,7,4,1,1,0.8509868420660496,0.9571864247348074,0.9662289023399353
S0-SM_tree29,S0-SM_tree29-elhigh-radmid-az045.png,tree,3,1-4,7,4,1,1,0.888541666790843,0.9472236362442175,0.9705771207809448
S0-SM_tree29,S0-SM_tree29-elhigh-radmid-az225.png,tree,2,1-4,5,3,1,1,0.9750000014901161,0.9681348401192835,0.973774790763855
S0-SM_tree29,S0-SM_tree29-ellow-radmid-az225.png,tree,10,10+,15,5,1,1,0.7819710234101267,0.9166369752577772,0.9712911248207092
S0-SM_tree29,S0-SM_tree29-elmid-radfar-az315.png,tree,35,10+,38,3,1,1,0.6735897616965648,0.9497197575111898,0.9684984683990479
S0-SM_tree29,S0-SM_tree29-elmid-radmid-az180.png,tree,10,10+,15,5,1,1,0.9453333342870076,0.9590924353257506,0.9697092771530151
S0-SM_tree3,S0-SM_tree3-elhigh-radfar-az090.png,tree,3,1-4,7,4,1,1,1.0,0.9483322848745246,0.9673434495925903
S0-SM_tree3,S0-SM_tree3-elhigh-radfar-az225.png,tree,1,1-4,3,2,1,1,0.9625,0.9422060532025966,0.9587249159812927
S0-SM_tree3,S0-SM_tree3-elhigh-radfar-az270.png,tree,3,1-4,5,2,1,1,1.0,0.9342885972245369,0.9647282361984253
S0-SM_tree3,S0-SM_tree3-elhigh-radnear-az000.png,tree,3,1-4,7,4,1,1,0.9283653846941888,0.9594909429858625,0.9735234379768372
S0-SM_tree3,S0-SM_tree3-elhigh-radnear-az090.png,tree,3,1-4,7,4,1,1,0.8346590911969543,0.959716699353244,0.9724305272102356
S0-SM_tree3,S0-SM_tree3-ellow-radfar-az270.png,tree,14,10+,16,2,1,1,0.9275000000372529,0.9043147219327459,0.9526942372322083
S0-SM_tree3,S0-SM_tree3-ellow-radmid-az315.png,tree,11,10+,14,3,1,1,0.733333350221316,0.9658657206593375,0.9751896858215332
S0-SM_tree3,S0-SM_tree3-ellow-radnear-az315.png,tree,12,10+,14,2,1,1,1.0,0.9728622738368813,0.9835033416748047
S0-SM_tree3,S0-SM_tree3-elmid-radmid-az045.png,tree,8,5-9,17,9,1,1,0.6798148226951835,0.9267103558823919,0.9575742483139038
S0-SM_tree3,S0-SM_tree3-elmid-radnear-az180.png,tree,1,1-4,3,2,1,1,0.9375,0.9325458118889642,0.9847809076309204
S0-SM_tree3,S0-SM_tree3-elmid-radnear-az270.png,tree,0,0,2,2,1,1,1.0,0.9626620692254626,0.9773856997489929
S0-SM_tree30,S0-SM_tree30-elhigh-radfar-az090.png,tree,2,1-4,5,3,1,1,0.7666666794816651,0.9420066055983334,0.9684398770332336
S0-SM_tree30,S0-SM_tree30-elhigh-radfar-az225.png,tree,5,5-9,10,5,1,1,0.9627272750301795,0.9203772563943318,0.9653807878494263
S0-SM_tree30,S0-SM_tree30-elhigh-radmid-az180.png,tree,4,1-4,7,3,1,1,0.8500000091890495,0.9482846015824009,0.9682955741882324
S0-SM_tree30,S0-SM_tree30-elhigh-radnear-az045.png,tree,1,1-4,3,2,1,1,0.9525000000372529,0.9631085667882431,0.9735209345817566
S0-SM_tree30,S0-SM_tree30-elhigh-radnear-az135.png,tree,2,1-4,4,2,1,1,0.712500000372529,0.9612802201891029,0.9742859601974487
S0-SM_tree30,S0-SM_tree30-ellow-radfar-az000.png,tree,29,10+,35,6,1,1,0.7259259179820894,0.9369659904742775,0.9487546682357788
S0-SM_tree30,S0-SM_tree30-ellow-radfar-az225.png,tree,12,10+,17,5,1,1,0.7000000099506642,0.8498659681454299,0.94964998960495
S0-SM_tree30,S0-SM_tree30-ellow-radmid-az000.png,tree,24,10+,29,5,1,1,0.8674285778232983,0.9451100724266723,0.9562535285949707
S0-SM_tree30,S0-SM_tree30-ellow-radmid-az045.png,tree,18,10+,23,5,1,1,0.9285714329140525,0.9442590974562535,0.964094877243042
S0-SM_tree30,S0-SM_tree30-ellow-radnear-az000.png,tree,23,10+,28,5,1,1,0.9053333365221817,0.9663772633651746,0.9812520742416382
S0-SM_tree30,S0-SM_tree30-elmid-radfar-az315.png,tree,37,10+,42,5,1,1,0.6305263340237894,0.9243133580105578,0.962960422039032
S0-SM_tree30,S0-SM_tree30-elmid-radnear-az090.png,tree,1,1-4,2,1,1,1,1.0,0.9663173257282764,0.9756174683570862
S0-SM_tree30,S0-SM_tree30-elmid-radnear-az135.png,tree,1,1-4,2,1,1,1,1.0,0.9566597447862932,0.9783068895339966
S0-SM_tree4,S0-SM_tree4-elhigh-radfar-az135.png,tree,1,1-4,3,2,1,1,1.0,0.9396466851786087,0.964065670967102
S0-SM_tree4,S0-SM_tree4-elhigh-radnear-az045.png,tree,2,1-4,4,2,1,1,1.0,0.9501242515142536,0.9722586870193481
S0-SM_tree4,S0-SM_tree4-elhigh-radnear-az270.png,tree,0,0,2,2,1,1,1.0,0.9567235324315249,0.9736049175262451
S0-SM_tree4,S0-SM_tree4-ellow-radfar-az000.png,tree,15,10+,25,10,1,1,0.6215207611723587,0.9109644037661226,0.9536129832267761
S0-SM_tree4,S0-SM_tree4-ellow-radfar-az090.png,tree,2,1-4,6,4,1,1,0.9083333334885537,0.9190310243949185,0.9574977159500122
S0-SM_tree4,S0-SM_tree4-ellow-radfar-az315.png,tree,12,10+,14,2,1,1,1.0,0.9581755669474461,0.9678652286529541
S0-SM_tree4,S0-SM_tree4-ellow-radnear-az180.png,tree,0,0,2,2,1,1,0.8076923079788685,0.9754917907554272,0.9820467233657837
S0-SM_tree4,S0-SM_tree4-elmid-radnear-az270.png,tree,0,0,2,2,1,1,1.0,0.9564761547746343,0.9777444005012512
S0-SM_tree5,S0-SM_tree5-elhigh-radmid-az090.png,tree,3,1-4,6,3,1,1,0.7527777902368042,0.933387956626742,0.9599267840385437
S0-SM_tree5,S0-SM_tree5-elhigh-radmid-az135.png,tree,3,1-4,6,3,1,1,0.8518518608201433,0.9396569617626511,0.9681159853935242
S0-SM_tree5,S0-SM_tree5-elhigh-radmid-az180.png,tree,3,1-4,6,3,1,1,0.8266666813691455,0.9205499065286489,0.960254430770874
S0-SM_tree5,S0-SM_tree5-elhigh-radmid-az225.png,tree,3,1-4,6,3,1,1,0.9416666701436043,0.945560399744874,0.9615184664726257
S0-SM_tree5,S0-SM_tree5-ellow-radmid-az315.png,tree,7,5-9,14,7,1,1,0.900000002583513,0.9157149963960585,0.9539719223976135
S0-SM_tree5,S0-SM_tree5-ellow-radnear-az180.png,tree,1,1-4,1,0,0,0,0.0,0.0,0.0
S0-SM_tree5,S0-SM_tree5-elmid-radfar-az315.png,tree,21,10+,28,7,1,1,0.7638095300751073,0.8517288491852781,0.9352290630340576
S0-SM_tree5,S0-SM_tree5-elmid-radmid-az000.png,tree,7,5-9,14,7,1,1,0.5760860584408618,0.8958810433867797,0.9435670375823975
S0-SM_tree5,S0-SM_tree5-elmid-radmid-az180.png,tree,3,1-4,8,5,1,1,0.7938461670967248,0.9269449272814256,0.954047441482544
S0-SM_tree5,S0-SM_tree5-elmid-radmid-az315.png,tree,9,5-9,16,7,1,1,0.7085467031683793,0.9376850279137123,0.9575746655464172
S0-SM_tree6,S0-SM_tree6-elhigh-radfar-az045.png,tree,6,5-9,13,7,1,1,0.8318707536429573,0.8942357125945684,0.954437792301178
S0-SM_tree6,S0-SM_tree6-elhigh-radmid-az180.png,tree,3,1-4,5,2,1,1,0.9625,0.9345445527525555,0.955673336982727
S0-SM_tree6,S0-SM_tree6-ellow-radfar-az090.png,tree,2,1-4,5,3,1,1,0.9,0.9029063572719664,0.9557759165763855
S0-SM_tree6,S0-SM_tree6-ellow-radmid-az090.png,tree,2,1-4,5,3,1,1,0.7384615453581016,0.8801272441810681,0.9587132930755615
S0-SM_tree6,S0-SM_tree6-ellow-radmid-az135.png,tree,2,1-4,4,2,1,1,1.0,0.9405696379815254,0.9607255458831787
S0-SM_tree6,S0-SM_tree6-ellow-radmid-az315.png,tree,4,1-4,11,7,1,1,0.8052669649634613,0.9198476766251247,0.962557315826416
S0-SM_tree6,S0-SM_tree6-elmid-radnear-az090.png,tree,2,1-4,4,2,1,1,0.9625,0.9382184749501512,0.9694486260414124
S0-SM_tree6,S0-SM_tree6-elmid-radnear-az135.png,tree,3,1-4,5,2,1,1,0.95625,0.952488535055398,0.9712901711463928
S0-SM_tree6,S0-SM_tree6-elmid-radnear-az270.png,tree,4,1-4,6,2,1,1,0.9,0.8920973282505571,0.960818350315094
S0-SM_tree7,S0-SM_tree7-elhigh-radfar-az315.png,tree,5,5-9,10,5,1,1,0.9600000029802322,0.9131504598532132,0.9562524557113647
S0-SM_tree7,S0-SM_tree7-elhigh-radmid-az225.png,tree,8,5-9,15,7,1,1,0.9612244927153295,0.921489589630113,0.9668539762496948
S0-SM_tree7,S0-SM_tree7-elhigh-radnear-az000.png,tree,4,1-4,9,5,1,1,1.0,0.9437500257098179,0.9680972099304199
S0-SM_tree7,S0-SM_tree7-elhigh-radnear-az225.png,tree,6,5-9,13,7,1,1,0.8447278956876321,0.9186845255589908,0.9671211838722229
S0-SM_tree7,S0-SM_tree7-elhigh-radnear-az315.png,tree,6,5-9,11,5,1,1,0.9566666694482168,0.9421594948268606,0.9682599306106567
S0-SM_tree7,S0-SM_tree7-ellow-radfar-az000.png,tree,3,1-4,11,8,1,1,0.2614099206635728,0.9577363086024491,0.9656765460968018
S0-SM_tree7,S0-SM_tree7-ellow-radfar-az090.png,tree,4,1-4,9,5,1,1,0.9430000033676624,0.9438669952147407,0.9635764956474304
S0-SM_tree7,S0-SM_tree7-ellow-radmid-az225.png,tree,16,10+,25,9,1,1,0.8095679050403428,0.9407141211998038,0.95876544713974
S0-SM_tree7,S0-SM_tree7-ellow-radmid-az270.png,tree,18,10+,23,5,1,1,0.9433333371082941,0.9321732263821438,0.967635452747345
S0-SM_tree7,S0-SM_tree7-ellow-radnear-az090.png,tree,0,0,5,5,1,1,0.9508163258691834,0.9723823498666206,0.9811186790466309
S0-SM_tree7,S0-SM_tree7-ellow-radnear-az315.png,tree,8,5-9,13,5,1,1,0.9509090941602534,0.9518071954493621,0.9672448635101318
S0-SM_tree7,S0-SM_tree7-elmid-radfar-az270.png,tree,26,10+,32,6,1,1,0.8395676724822787,0.9050876286661129,0.9569219946861267
S0-SM_tree7,S0-SM_tree7-elmid-radmid-az270.png,tree,8,5-9,13,5,1,1,0.9600000029802322,0.9530940552772726,0.9728065133094788
S0-SM_tree7,S0-SM_tree7-elmid-radnear-az045.png,tree,1,1-4,6,5,1,1,0.8334615417034961,0.8642348614945554,0.9668963551521301
S0-SM_tree7,S0-SM_tree7-elmid-radnear-az135.png,tree,2,1-4,9,7,1,1,0.7100044442092821,0.9402586242450539,0.9624475240707397
S0-SM_tree8,S0-SM_tree8-elhigh-radmid-az225.png,tree,9,5-9,16,7,1,1,0.891326532870227,0.8948212997888128,0.9608468413352966
S0-SM_tree8,S0-SM_tree8-elhigh-radnear-az180.png,tree,5,5-9,10,5,1,1,1.0,0.943090787253098,0.9670618772506714
S0-SM_tree8,S0-SM_tree8-ellow-radfar-az315.png,tree,11,10+,16,5,1,1,0.9653333362738291,0.9411612512993557,0.9611101746559143
S0-SM_tree8,S0-SM_tree8-ellow-radmid-az045.png,tree,4,1-4,9,5,1,1,0.9290000038444995,0.9528036150340249,0.9728683829307556
S0-SM_tree8,S0-SM_tree8-ellow-radmid-az135.png,tree,4,1-4,11,7,1,1,0.9607142880558968,0.9453314183463739,0.9563960433006287
S0-SM_tree8,S0-SM_tree8-ellow-radnear-az045.png,tree,3,1-4,8,5,1,1,0.8772173948236132,0.9343975245507394,0.9630693197250366
S0-SM_tree8,S0-SM_tree8-ellow-radnear-az270.png,tree,20,10+,25,5,1,1,0.765245909624901,0.961435065938474,0.9740290641784668
S0-SM_tree8,S0-SM_tree8-elmid-radfar-az090.png,tree,6,5-9,13,7,1,1,0.8233973696505895,0.9195495626974051,0.9603310823440552
S0-SM_tree8,S0-SM_tree8-elmid-radmid-az315.png,tree,5,5-9,10,5,1,1,0.9516666690011819,0.9195736084247841,0.9674050211906433
S0-SM_tree9,S0-SM_tree9-elhigh-radmid-az045.png,tree,3,1-4,8,5,1,1,0.9433333360652127,0.9334988260527162,0.9638893008232117
S0-SM_tree9,S0-SM_tree9-elhigh-radnear-az180.png,tree,6,5-9,11,5,1,1,0.9790769246770786,0.9429251974838309,0.9654958248138428
S0-SM_tree9,S0-SM_tree9-ellow-radfar-az315.png,tree,13,10+,19,6,1,1,0.8036324713410986,0.8999421320958483,0.961661159992218
S0-SM_tree9,S0-SM_tree9-ellow-radmid-az045.png,tree,3,1-4,8,5,1,1,0.8864000037670137,0.9537130379561276,0.9721451997756958
S0-SM_tree9,S0-SM_tree9-elmid-radfar-az045.png,tree,2,1-4,7,5,1,1,1.0,0.9629219586216209,0.9722880721092224
S0-SM_tree9,S0-SM_tree9-elmid-radmid-az045.png,tree,2,1-4,7,5,1,1,1.0,0.9321219798417673,0.9687702655792236
S0-SM_tree9,S0-SM_tree9-elmid-radmid-az090.png,tree,0,0,5,5,1,1,0.9244444489810203,0.936848643812823,0.9581632614135742
S0-SM_tree9,S0-SM_tree9-elmid-radnear-az000.png,tree,2,1-4,6,4,1,1,0.935119048692286,0.8945018367563584,0.9608585238456726
S0-SM_tree9,S0-SM_tree9-elmid-radnear-az135.png,tree,2,1-4,9,7,1,1,0.6312529433141757,0.9538372664040935,0.9658975601196289
S0-SM_whitevann10,S0-SM_whitevann10-elhigh-radmid-az000.png,whitevan,5,5-9,6,1,1,1,1.0,0.9202003817689217,0.9585272669792175
S0-SM_whitevann10,S0-SM_whitevann10-elhigh-radnear-az045.png,whitevan,6,5-9,7,1,1,1,1.0,0.9390343773026508,0.9641780257225037
S0-SM_whitevann10,S0-SM_whitevann10-elhigh-radnear-az225.png,whitevan,4,1-4,5,1,1,1,1.0,0.9388070923579015,0.9674747586250305
S0-SM_whitevann10,S0-SM_whitevann10-ellow-radfar-az315.png,whitevan,1,1-4,1,0,0,0,0.0,0.0,0.0
S0-SM_whitevann10,S0-SM_whitevann10-ellow-radnear-az225.png,whitevan,1,1-4,3,2,1,1,0.7375,0.969550607802077,0.9762451648712158
S0-SM_whitevann10,S0-SM_whitevann10-elmid-radfar-az135.png,whitevan,6,5-9,10,4,1,1,0.984375,0.9426141606231155,0.9661492109298706
S0-SM_whitevann10,S0-SM_whitevann10-elmid-radnear-az090.png,whitevan,4,1-4,5,1,1,1,1.0,0.9328763355497074,0.9642260074615479
S0-SM_whitevann10,S0-SM_whitevann10-elmid-radnear-az135.png,whitevan,6,5-9,7,1,1,1,1.0,0.9561063559318939,0.9711287021636963
S0-SM_whitevann11,S0-SM_whitevann11-elhigh-radfar-az000.png,whitevan,5,5-9,7,2,1,1,0.85,0.9187214137066491,0.9534114599227905
S0-SM_whitevann11,S0-SM_whitevann11-elhigh-radfar-az225.png,whitevan,5,5-9,6,1,1,1,0.9,0.8979546408508554,0.9475937485694885
S0-SM_whitevann11,S0-SM_whitevann11-elhigh-radmid-az045.png,whitevan,2,1-4,3,1,1,1,1.0,0.9395833687440387,0.9589206576347351
S0-SM_whitevann11,S0-SM_whitevann11-elhigh-radmid-az315.png,whitevan,4,1-4,5,1,1,1,0.9,0.8889630586948094,0.9369910359382629
S0-SM_whitevann11,S0-SM_whitevann11-elhigh-radnear-az180.png,whitevan,3,1-4,4,1,1,1,1.0,0.9549782395508544,0.967491865158081
S0-SM_whitevann11,S0-SM_whitevann11-elhigh-radnear-az315.png,whitevan,3,1-4,4,1,1,1,0.9,0.9002558531436904,0.952096700668335
S0-SM_whitevann11,S0-SM_whitevann11-ellow-radnear-az000.png,whitevan,17,10+,23,6,1,1,0.6876148786182602,0.958391501977907,0.973884642124176
S0-SM_whitevann11,S0-SM_whitevann11-elmid-radfar-az135.png,whitevan,5,5-9,6,1,1,1,1.0,0.9330978535079737,0.962831974029541
S0-SM_whitevann11,S0-SM_whitevann11-elmid-radnear-az000.png,whitevan,2,1-4,3,1,1,1,1.0,0.9591518157305856,0.9718400239944458
S0-SM_whitevann11,S0-SM_whitevann11-elmid-radnear-az135.png,whitevan,3,1-4,4,1,1,1,1.0,0.9564433785808291,0.9681117534637451
S0-SM_whitevann12,S0-SM_whitevann12-ellow-radfar-az315.png,whitevan,10,10+,14,4,1,1,0.984375,0.9429369698693222,0.9632139205932617
S0-SM_whitevann12,S0-SM_whitevann12-ellow-radnear-az045.png,whitevan,0,0,1,1,1,1,1.0,0.9784950247802016,0.9868443012237549
S0-SM_whitevann12,S0-SM_whitevann12-elmid-radfar-az180.png,whitevan,3,1-4,6,3,1,1,0.9666666686534882,0.9235002368966505,0.9513331055641174
S0-SM_whitevann12,S0-SM_whitevann12-elmid-radmid-az090.png,whitevan,2,1-4,5,3,1,1,0.9407407443280572,0.9584265459585986,0.9710615277290344
S0-SM_whitevann13,S0-SM_whitevann13-elhigh-radfar-az000.png,whitevan,5,5-9,9,4,1,1,0.984375,0.9062991963973985,0.9530737400054932
S0-SM_whitevann13,S0-SM_whitevann13-elhigh-radfar-az090.png,whitevan,4,1-4,7,3,1,1,1.0,0.9261539796864326,0.9594519138336182
S0-SM_whitevann13,S0-SM_whitevann13-elhigh-radmid-az135.png,whitevan,3,1-4,6,3,1,1,1.0,0.9420475260389622,0.965226411819458
S0-SM_whitevann13,S0-SM_whitevann13-elhigh-radnear-az090.png,whitevan,2,1-4,5,3,1,1,1.0,0.9264024745260713,0.9632172584533691
S0-SM_whitevann13,S0-SM_whitevann13-elhigh-radnear-az270.png,whitevan,4,1-4,7,3,1,1,1.0,0.9504347571698872,0.9668521881103516
S0-SM_whitevann13,S0-SM_whitevann13-ellow-radfar-az315.png,whitevan,5,5-9,9,4,1,1,0.9803571429103612,0.9425086294816651,0.9654390215873718
S0-SM_whitevann13,S0-SM_whitevann13-ellow-radmid-az045.png,whitevan,11,10+,13,2,1,1,0.5625,0.9634742076827756,0.973645031452179
S0-SM_whitevann13,S0-SM_whitevann13-ellow-radmid-az270.png,whitevan,2,1-4,5,3,1,1,1.0,0.9631056872575101,0.9796217679977417
S0-SM_whitevann13,S0-SM_whitevann13-ellow-radnear-az225.png,whitevan,0,0,1,1,1,1,1.0,0.9795817564682991,0.9882621169090271
S0-SM_whitevann13,S0-SM_whitevann13-elmid-radfar-az135.png,whitevan,3,1-4,6,3,1,1,1.0,0.9319727350818638,0.9651703238487244
S0-SM_whitevann13,S0-SM_whitevann13-elmid-radfar-az180.png,whitevan,4,1-4,7,3,1,1,1.0,0.9354921040599891,0.9631972312927246
S0-SM_whitevann13,S0-SM_whitevann13-elmid-radfar-az225.png,whitevan,4,1-4,7,3,1,1,0.9750000014901161,0.9617454821506044,0.9748630523681641
S0-SM_whitevann13,S0-SM_whitevann13-elmid-radmid-az090.png,whitevan,3,1-4,6,3,1,1,1.0,0.9501265319423062,0.9685285687446594
S0-SM_whitevann13,S0-SM_whitevann13-elmid-radnear-az090.png,whitevan,2,1-4,5,3,1,1,1.0,0.952101598491577,0.9761176705360413
S0-SM_whitevann13,S0-SM_whitevann13-elmid-radnear-az315.png,whitevan,3,1-4,6,3,1,1,1.0,0.9676663908694003,0.9721977114677429
S0-SM_whitevann14,S0-SM_whitevann14-elhigh-radfar-az180.png,whitevan,5,5-9,8,3,1,1,1.0,0.9337502022394659,0.9648607969284058
S0-SM_whitevann14,S0-SM_whitevann14-elhigh-radmid-az180.png,whitevan,2,1-4,5,3,1,1,0.9777777794334623,0.936887508169626,0.9591490030288696
S0-SM_whitevann14,S0-SM_whitevann14-elhigh-radnear-az045.png,whitevan,5,5-9,8,3,1,1,0.82857144006661,0.9503314925636772,0.9693697690963745
S0-SM_whitevann14,S0-SM_whitevann14-elhigh-radnear-az090.png,whitevan,4,1-4,7,3,1,1,0.9750000014901161,0.9241485721505285,0.962356686592102
S0-SM_whitevann14,S0-SM_whitevann14-elhigh-radnear-az225.png,whitevan,3,1-4,5,2,1,1,1.0,0.9493073264715832,0.9706414937973022
S0-SM_whitevann14,S0-SM_whitevann14-ellow-radnear-az180.png,whitevan,1,1-4,1,0,0,0,0.0,0.0,0.0
S0-SM_whitevann14,S0-SM_whitevann14-elmid-radfar-az180.png,whitevan,4,1-4,7,3,1,1,1.0,0.9363677602639768,0.9608138203620911
S0-SM_whitevann14,S0-SM_whitevann14-elmid-radnear-az225.png,whitevan,2,1-4,4,2,1,1,1.0,0.9654729280179275,0.9736600518226624
S0-SM_whitevann14,S0-SM_whitevann14-elmid-radnear-az315.png,whitevan,3,1-4,5,2,1,1,1.0,0.9650787481479028,0.9722745418548584
S0-SM_whitevann15,S0-SM_whitevann15-elhigh-radmid-az000.png,whitevan,2,1-4,3,1,1,1,1.0,0.9126325147692143,0.9414354562759399
S0-SM_whitevann15,S0-SM_whitevann15-elhigh-radnear-az090.png,whitevan,0,0,1,1,1,1,0.9,0.9110481976331215,0.960281252861023
S0-SM_whitevann15,S0-SM_whitevann15-elhigh-radnear-az135.png,whitevan,0,0,1,1,1,1,1.0,0.9486113433248242,0.9660918116569519
S0-SM_whitevann15,S0-SM_whitevann15-ellow-radfar-az090.png,whitevan,17,10+,19,2,1,1,0.521785715315491,0.9392509063628296,0.9695899486541748
S0-SM_whitevann15,S0-SM_whitevann15-ellow-radmid-az225.png,whitevan,7,5-9,9,2,1,1,0.8583333333954215,0.9391137730469268,0.9749758243560791
S0-SM_whitevann15,S0-SM_whitevann15-ellow-radmid-az270.png,whitevan,6,5-9,7,1,1,1,1.0,0.949708487625724,0.970452606678009
S0-SM_whitevann15,S0-SM_whitevann15-ellow-radnear-az000.png,whitevan,6,5-9,7,1,1,1,1.0,0.9570457990809942,0.9728999733924866
S0-SM_whitevann15,S0-SM_whitevann15-ellow-radnear-az180.png,whitevan,6,5-9,10,4,1,1,0.7388888898305594,0.9539179980849894,0.9742792844772339
S0-SM_whitevann15,S0-SM_whitevann15-ellow-radnear-az270.png,whitevan,2,1-4,3,1,1,1,1.0,0.9738690816652849,0.9801886081695557
S0-SM_whitevann15,S0-SM_whitevann15-elmid-radfar-az135.png,whitevan,2,1-4,6,4,1,1,0.840625,0.9475136823235211,0.9644309878349304
S0-SM_whitevann15,S0-SM_whitevann15-elmid-radmid-az045.png,whitevan,0,0,1,1,1,1,1.0,0.945077538365787,0.972375214099884
S0-SM_whitevann15,S0-SM_whitevann15-elmid-radmid-az225.png,whitevan,1,1-4,2,1,1,1,1.0,0.95037633778486,0.9678456783294678
S0-SM_whitevann15,S0-SM_whitevann15-elmid-radnear-az270.png,whitevan,0,0,1,1,1,1,1.0,0.9397563072091586,0.9706693291664124
S0-SM_whitevann16,S0-SM_whitevann16-elhigh-radmid-az135.png,whitevan,3,1-4,4,1,1,1,0.9,0.9038032099850994,0.958706796169281
S0-SM_whitevann16,S0-SM_whitevann16-elhigh-radmid-az270.png,whitevan,1,1-4,2,1,1,1,1.0,0.941247900159226,0.963650107383728
S0-SM_whitevann16,S0-SM_whitevann16-ellow-radfar-az000.png,whitevan,10,10+,15,5,1,1,0.2608021440097993,0.9036365691737132,0.954314649105072
S0-SM_whitevann16,S0-SM_whitevann16-ellow-radfar-az135.png,whitevan,15,10+,16,1,1,1,0.9,0.9052018330145017,0.9538674354553223
S0-SM_whitevann16,S0-SM_whitevann16-ellow-radmid-az000.png,whitevan,6,5-9,8,2,1,1,0.625,0.9421209236050174,0.965732216835022
S0-SM_whitevann16,S0-SM_whitevann16-ellow-radmid-az270.png,whitevan,1,1-4,2,1,1,1,1.0,0.9617315835028464,0.9700788259506226
S0-SM_whitevann16,S0-SM_whitevann16-elmid-radfar-az090.png,whitevan,19,10+,22,3,1,1,0.6333333417773247,0.895653471157253,0.9389535188674927
S0-SM_whitevann16,S0-SM_whitevann16-elmid-radmid-az225.png,whitevan,1,1-4,1,0,0,0,0.0,0.0,0.0
S0-SM_whitevann16,S0-SM_whitevann16-elmid-radnear-az045.png,whitevan,3,1-4,4,1,1,1,1.0,0.9733410858860907,0.9828336238861084
S0-SM_whitevann16,S0-SM_whitevann16-elmid-radnear-az225.png,whitevan,1,1-4,2,1,1,0,0.0,0.0,0.0
S0-SM_whitevann17,S0-SM_whitevann17-elhigh-radfar-az135.png,whitevan,1,1-4,2,1,1,1,1.0,0.9359188534106977,0.9641798734664917
S0-SM_whitevann17,S0-SM_whitevann17-elhigh-radmid-az045.png,whitevan,1,1-4,2,1,1,1,1.0,0.9388153889787425,0.9655441641807556
S0-SM_whitevann17,S0-SM_whitevann17-ellow-radfar-az090.png,whitevan,9,5-9,11,2,1,1,0.9522727273404599,0.9038752703229989,0.9436830282211304
S0-SM_whitevann17,S0-SM_whitevann17-ellow-radfar-az135.png,whitevan,8,5-9,10,2,1,1,0.8650000002235174,0.9378608608224681,0.9601908922195435
S0-SM_whitevann17,S0-SM_whitevann17-ellow-radnear-az180.png,whitevan,3,1-4,5,2,1,1,0.9045454546809196,0.9593518927800133,0.976267397403717
S0-SM_whitevann17,S0-SM_whitevann17-elmid-radfar-az180.png,whitevan,2,1-4,4,2,1,1,0.679166667535901,0.9409215625858138,0.9635449647903442
S0-SM_whitevann18,S0-SM_whitevann18-elhigh-radfar-az090.png,whitevan,3,1-4,5,2,1,1,0.8625,0.8761985332686706,0.9352082014083862
S0-SM_whitevann18,S0-SM_whitevann18-elhigh-radfar-az270.png,whitevan,9,5-9,11,2,1,1,1.0,0.8941946393501325,0.9381179213523865
S0-SM_whitevann18,S0-SM_whitevann18-elhigh-radmid-az135.png,whitevan,3,1-4,5,2,1,1,1.0,0.9422050567278539,0.9717592597007751
S0-SM_whitevann18,S0-SM_whitevann18-elhigh-radnear-az225.png,whitevan,3,1-4,5,2,1,1,1.0,0.9290673816836019,0.9672738313674927
S0-SM_whitevann18,S0-SM_whitevann18-elhigh-radnear-az270.png,whitevan,3,1-4,5,2,1,1,0.925,0.9202367265507618,0.9489666223526001
S0-SM_whitevann18,S0-SM_whitevann18-ellow-radmid-az315.png,whitevan,2,1-4,4,2,1,1,1.0,0.9227454122875542,0.9668976664543152
S0-SM_whitevann18,S0-SM_whitevann18-ellow-radnear-az225.png,whitevan,8,5-9,9,1,1,1,1.0,0.9739366484978973,0.9791126251220703
S0-SM_whitevann18,S0-SM_whitevann18-ellow-radnear-az270.png,whitevan,0,0,1,1,1,1,1.0,0.9760183620549014,0.9847068190574646
S0-SM_whitevann18,S0-SM_whitevann18-ellow-radnear-az315.png,whitevan,1,1-4,2,1,1,1,1.0,0.9412479572556549,0.9686746597290039
S0-SM_whitevann18,S0-SM_whitevann18-elmid-radfar-az225.png,whitevan,17,10+,20,3,1,1,0.9125000052154064,0.9508867545986632,0.9668253660202026
S0-SM_whitevann18,S0-SM_whitevann18-elmid-radmid-az000.png,whitevan,3,1-4,5,2,1,1,1.0,0.9403480110922331,0.9680405855178833
S0-SM_whitevann18,S0-SM_whitevann18-elmid-radnear-az225.png,whitevan,3,1-4,5,2,1,1,1.0,0.9582488763576258,0.9695306420326233
S0-SM_whitevann18,S0-SM_whitevann18-elmid-radnear-az315.png,whitevan,1,1-4,3,2,1,1,1.0,0.9606996074528347,0.9716652035713196
S0-SM_whitevann19,S0-SM_whitevann19-elhigh-radfar-az000.png,whitevan,2,1-4,3,1,1,1,1.0,0.9274455390484988,0.9440485835075378
S0-SM_whitevann19,S0-SM_whitevann19-ellow-radfar-az045.png,whitevan,9,5-9,10,1,1,1,1.0,0.9385828060953259,0.9596972465515137
S0-SM_whitevann19,S0-SM_whitevann19-ellow-radfar-az135.png,whitevan,15,10+,18,3,1,1,0.9060606089956833,0.9300649655358484,0.962035059928894
S0-SM_whitevann19,S0-SM_whitevann19-ellow-radfar-az225.png,whitevan,22,10+,25,3,1,1,0.3611111214591397,0.9333685564277978,0.96034175157547
S0-SM_whitevann19,S0-SM_whitevann19-ellow-radmid-az000.png,whitevan,5,5-9,6,1,1,1,1.0,0.9404395792589035,0.9626994729042053
S0-SM_whitevann19,S0-SM_whitevann19-ellow-radnear-az090.png,whitevan,14,10+,17,3,1,1,0.5833333496997753,0.9497723729900684,0.9752691388130188
S0-SM_whitevann19,S0-SM_whitevann19-ellow-radnear-az135.png,whitevan,5,5-9,8,3,1,1,0.8472222317424085,0.9700192560580732,0.978718638420105
S0-SM_whitevann19,S0-SM_whitevann19-ellow-radnear-az180.png,whitevan,1,1-4,3,2,1,1,0.75,0.9537630976438365,0.9717479944229126
S0-SM_whitevann19,S0-SM_whitevann19-elmid-radmid-az225.png,whitevan,3,1-4,4,1,1,1,1.0,0.9336733647691062,0.9716191291809082
S0-SM_whitevann19,S0-SM_whitevann19-elmid-radmid-az315.png,whitevan,2,1-4,3,1,1,1,1.0,0.9538445786099601,0.9716244339942932
S0-SM_whitevann19,S0-SM_whitevann19-elmid-radnear-az180.png,whitevan,2,1-4,3,1,1,1,1.0,0.9241976010702686,0.9630436301231384
S0-SM_whitevann1_58,S0-SM_whitevann1_58-elhigh-radfar-az000.png,whitevan,7,5-9,8,1,1,1,0.8,0.8307197401771873,0.929577112197876
S0-SM_whitevann1_58,S0-SM_whitevann1_58-elhigh-radfar-az225.png,whitevan,4,1-4,5,1,1,1,1.0,0.9408435049722108,0.9540310502052307
S0-SM_whitevann1_58,S0-SM_whitevann1_58-elhigh-radfar-az270.png,whitevan,5,5-9,6,1,1,1,1.0,0.9222775004692849,0.9584665894508362
S0-SM_whitevann1_58,S0-SM_whitevann1_58-elhigh-radmid-az000.png,whitevan,6,5-9,7,1,1,1,0.9,0.8805868574440581,0.9575990438461304
S0-SM_whitevann1_58,S0-SM_whitevann1_58-ellow-radnear-az045.png,whitevan,12,10+,15,3,1,1,0.47500001173466444,0.9545484736582495,0.9720679521560669
S0-SM_whitevann1_58,S0-SM_whitevann1_58-ellow-radnear-az135.png,whitevan,2,1-4,3,1,1,1,1.0,0.959989845256576,0.9728570580482483
S0-SM_whitevann1_58,S0-SM_whitevann1_58-ellow-radnear-az180.png,whitevan,15,10+,17,2,1,1,1.0,0.9630492612665549,0.9748710989952087
S0-SM_whitevann1_58,S0-SM_whitevann1_58-elmid-radfar-az225.png,whitevan,9,5-9,11,2,1,1,0.7500000014901161,0.9387754045725316,0.9578561186790466
S0-SM_whitevann1_58,S0-SM_whitevann1_58-elmid-radfar-az270.png,whitevan,9,5-9,13,4,1,1,0.6441666694357991,0.9411920130052387,0.9639707207679749
S0-SM_whitevann1_58,S0-SM_whitevann1_58-elmid-radmid-az270.png,whitevan,4,1-4,5,1,1,1,1.0,0.9585564459448541,0.9704185128211975
S0-SM_whitevann1_58,S0-SM_whitevann1_58-elmid-radmid-az315.png,whitevan,3,1-4,4,1,1,1,1.0,0.9553402834808367,0.9705345034599304
S0-SM_whitevann2,S0-SM_whitevann2-elhigh-radmid-az090.png,whitevan,1,1-4,3,2,1,1,0.9,0.8865106577582615,0.9341191649436951
S0-SM_whitevann2,S0-SM_whitevann2-elhigh-radmid-az135.png,whitevan,1,1-4,4,3,1,1,0.9555555588669247,0.9209839323111879,0.9662848711013794
S0-SM_whitevann2,S0-SM_whitevann2-elhigh-radmid-az180.png,whitevan,3,1-4,5,2,1,1,1.0,0.9264311448187925,0.9597830772399902
S0-SM_whitevann2,S0-SM_whitevann2-elhigh-radnear-az090.png,whitevan,1,1-4,3,2,1,1,0.8375,0.8337556397448331,0.9449301362037659
S0-SM_whitevann2,S0-SM_whitevann2-elhigh-radnear-az270.png,whitevan,2,1-4,4,2,1,1,0.925,0.9136183229608044,0.9470701813697815
S0-SM_whitevann2,S0-SM_whitevann2-ellow-radfar-az180.png,whitevan,14,10+,17,3,1,1,0.9428571466888698,0.9331829154717184,0.9569785594940186
S0-SM_whitevann2,S0-SM_whitevann2-elmid-radmid-az090.png,whitevan,1,1-4,4,3,1,1,0.9555555588669247,0.9385984710111472,0.9611283540725708
S0-SM_whitevann2,S0-SM_whitevann2-elmid-radmid-az135.png,whitevan,1,1-4,4,3,1,1,1.0,0.9407776831922305,0.9763085246086121
S0-SM_whitevann2,S0-SM_whitevann2-elmid-radnear-az270.png,whitevan,1,1-4,3,2,1,1,0.8875,0.9334093963511698,0.9680538773536682
S0-SM_whitevann3,S0-SM_whitevann3-elhigh-radfar-az180.png,whitevan,4,1-4,5,1,1,1,0.9,0.8838927100880092,0.9401126503944397
S0-SM_whitevann3,S0-SM_whitevann3-elhigh-radfar-az270.png,whitevan,4,1-4,5,1,1,1,1.0,0.9177805716266008,0.9591025114059448
S0-SM_whitevann3,S0-SM_whitevann3-elhigh-radnear-az090.png,whitevan,4,1-4,5,1,1,1,1.0,0.9258642266809716,0.9625139236450195
S0-SM_whitevann3,S0-SM_whitevann3-elhigh-radnear-az135.png,whitevan,4,1-4,5,1,1,1,1.0,0.9588672401130438,0.968093991279602
S0-SM_whitevann3,S0-SM_whitevann3-ellow-radmid-az225.png,whitevan,5,5-9,6,1,1,1,1.0,0.9362971388604322,0.9706584811210632
S0-SM_whitevann3,S0-SM_whitevann3-elmid-radmid-az135.png,whitevan,4,1-4,5,1,1,1,1.0,0.9501273963204575,0.9706459641456604
S0-SM_whitevann3,S0-SM_whitevann3-elmid-radnear-az315.png,whitevan,2,1-4,3,1,1,1,1.0,0.9609332386080993,0.9727338552474976
S0-SM_whitevann4,S0-SM_whitevann4-elhigh-radmid-az270.png,whitevan,0,0,1,1,1,1,1.0,0.930087928492469,0.9621267318725586
S0-SM_whitevann4,S0-SM_whitevann4-elhigh-radnear-az045.png,whitevan,0,0,1,1,1,1,1.0,0.9424915800107456,0.9670280814170837
S0-SM_whitevann4,S0-SM_whitevann4-elhigh-radnear-az225.png,whitevan,0,0,1,1,1,1,1.0,0.9283717140140979,0.9661775827407837
S0-SM_whitevann4,S0-SM_whitevann4-ellow-radfar-az270.png,whitevan,6,5-9,10,4,1,1,0.35944444467313585,0.9450408113177708,0.9608823657035828
S0-SM_whitevann4,S0-SM_whitevann4-elmid-radfar-az180.png,whitevan,2,1-4,3,1,1,1,1.0,0.9064941077994746,0.9533296823501587
S0-SM_whitevann4,S0-SM_whitevann4-elmid-radfar-az315.png,whitevan,0,0,1,1,1,1,1.0,0.9352160240293408,0.9715837836265564
S0-SM_whitevann4,S0-SM_whitevann4-elmid-radmid-az045.png,whitevan,0,0,1,1,1,1,1.0,0.9397100975885451,0.9724990725517273
S0-SM_whitevann4,S0-SM_whitevann4-elmid-radmid-az270.png,whitevan,0,0,1,1,1,1,1.0,0.9334673587729938,0.9673508405685425
S0-SM_whitevann4,S0-SM_whitevann4-elmid-radmid-az315.png,whitevan,0,0,1,1,1,1,1.0,0.9511888193755453,0.974551260471344
S0-SM_whitevann4,S0-SM_whitevann4-elmid-radnear-az180.png,whitevan,0,0,1,1,1,1,1.0,0.9485203647574565,0.9692769050598145
S0-SM_whitevann5,S0-SM_whitevann5-elhigh-radfar-az045.png,whitevan,0,0,1,1,1,1,1.0,0.9412352183182726,0.9685519337654114
S0-SM_whitevann5,S0-SM_whitevann5-ellow-radfar-az180.png,whitevan,9,5-9,10,1,1,1,1.0,0.888630484854108,0.9342073798179626
S0-SM_whitevann5,S0-SM_whitevann5-ellow-radmid-az225.png,whitevan,14,10+,15,1,1,1,1.0,0.9478221635480253,0.970344603061676
S0-SM_whitevann5,S0-SM_whitevann5-ellow-radnear-az270.png,whitevan,4,1-4,7,3,1,1,0.3571428677865437,0.9737743333222255,0.9802073836326599
S0-SM_whitevann5,S0-SM_whitevann5-elmid-radnear-az090.png,whitevan,0,0,1,1,1,1,1.0,0.9519989704019522,0.9705801606178284
S0-SM_whitevann6,S0-SM_whitevann6-elhigh-radfar-az090.png,whitevan,7,5-9,8,1,1,1,1.0,0.9306873978356833,0.9543907642364502
S0-SM_whitevann6,S0-SM_whitevann6-elhigh-radmid-az000.png,whitevan,7,5-9,8,1,1,1,1.0,0.9229494978501194,0.9388814568519592
S0-SM_whitevann6,S0-SM_whitevann6-elhigh-radnear-az000.png,whitevan,6,5-9,7,1,1,1,1.0,0.9271350547836477,0.9507286548614502
S0-SM_whitevann6,S0-SM_whitevann6-elhigh-radnear-az270.png,whitevan,3,1-4,4,1,1,1,1.0,0.9438106932151626,0.9633337259292603
S0-SM_whitevann6,S0-SM_whitevann6-elhigh-radnear-az315.png,whitevan,3,1-4,4,1,1,1,1.0,0.9493086845719816,0.9721714854240417
S0-SM_whitevann6,S0-SM_whitevann6-ellow-radfar-az000.png,whitevan,7,5-9,10,3,1,1,0.5142857287611279,0.8976606236190037,0.9427623748779297
S0-SM_whitevann6,S0-SM_whitevann6-ellow-radfar-az270.png,whitevan,9,5-9,12,3,1,1,0.3555555663175053,0.9406451676968004,0.9605863094329834
S0-SM_whitevann6,S0-SM_whitevann6-ellow-radmid-az135.png,whitevan,5,5-9,7,2,1,1,1.0,0.9488079532644988,0.9703466296195984
S0-SM_whitevann6,S0-SM_whitevann6-ellow-radmid-az225.png,whitevan,17,10+,17,0,0,0,0.0,0.0,0.0
S0-SM_whitevann6,S0-SM_whitevann6-elmid-radmid-az000.png,whitevan,7,5-9,8,1,1,1,1.0,0.9419301330378751,0.9609978795051575
S0-SM_whitevann6,S0-SM_whitevann6-elmid-radnear-az000.png,whitevan,3,1-4,4,1,1,1,1.0,0.9259091942207718,0.9668184518814087
S0-SM_whitevann6,S0-SM_whitevann6-elmid-radnear-az180.png,whitevan,0,0,1,1,1,1,1.0,0.9360633680461206,0.9623026847839355
S0-SM_whitevann6,S0-SM_whitevann6-elmid-radnear-az270.png,whitevan,0,0,1,1,1,1,1.0,0.9642132913738415,0.9688227772712708
S0-SM_whitevann6,S0-SM_whitevann6-elmid-radnear-az315.png,whitevan,1,1-4,2,1,1,1,1.0,0.9621637948443151,0.972364068031311
S0-SM_whitevann7,S0-SM_whitevann7-elhigh-radfar-az000.png,whitevan,0,0,1,1,1,1,1.0,0.9117267988851552,0.9393948316574097
S0-SM_whitevann7,S0-SM_whitevann7-elhigh-radfar-az270.png,whitevan,0,0,1,1,1,1,1.0,0.9263604400133474,0.9544628858566284
S0-SM_whitevann7,S0-SM_whitevann7-elhigh-radmid-az180.png,whitevan,0,0,1,1,1,1,0.9,0.8753380811504385,0.9388798475265503
S0-SM_whitevann7,S0-SM_whitevann7-elhigh-radmid-az315.png,whitevan,0,0,1,1,1,1,1.0,0.9374751976793014,0.9637193083763123
S0-SM_whitevann7,S0-SM_whitevann7-elhigh-radnear-az315.png,whitevan,0,0,1,1,1,1,1.0,0.9551599299438323,0.9687449932098389
S0-SM_whitevann7,S0-SM_whitevann7-ellow-radfar-az180.png,whitevan,7,5-9,9,2,1,1,0.7678571436554193,0.8961799256723424,0.9349411725997925
S0-SM_whitevann7,S0-SM_whitevann7-ellow-radmid-az045.png,whitevan,4,1-4,5,1,1,1,1.0,0.9426611288287745,0.9706087112426758
S0-SM_whitevann7,S0-SM_whitevann7-ellow-radnear-az270.png,whitevan,2,1-4,5,3,1,1,0.35416667629033327,0.9740984470051615,0.9805275201797485
S0-SM_whitevann7,S0-SM_whitevann7-ellow-radnear-az315.png,whitevan,9,5-9,11,2,1,1,1.0,0.9625238344719094,0.9761366844177246
S0-SM_whitevann7,S0-SM_whitevann7-elmid-radmid-az225.png,whitevan,0,0,1,1,1,1,1.0,0.9527015580362246,0.9681402444839478
S0-SM_whitevann7,S0-SM_whitevann7-elmid-radmid-az270.png,whitevan,0,0,1,1,1,1,1.0,0.9470876015546352,0.9706849455833435
S0-SM_whitevann8,S0-SM_whitevann8-elhigh-radfar-az045.png,whitevan,1,1-4,2,1,1,1,1.0,0.9394600351467659,0.9612565636634827
S0-SM_whitevann8,S0-SM_whitevann8-elhigh-radmid-az000.png,whitevan,1,1-4,2,1,1,1,1.0,0.9075299247265001,0.9411004185676575
S0-SM_whitevann8,S0-SM_whitevann8-ellow-radmid-az135.png,whitevan,11,10+,17,6,1,1,0.31260417404274143,0.9409680364281492,0.9696771502494812
S0-SM_whitevann8,S0-SM_whitevann8-ellow-radmid-az315.png,whitevan,6,5-9,8,2,1,1,0.5833333358168602,0.956848994890148,0.9701077342033386
S0-SM_whitevann8,S0-SM_whitevann8-elmid-radfar-az045.png,whitevan,3,1-4,4,1,1,1,1.0,0.9495637210155117,0.9675547480583191
S0-SM_whitevann8,S0-SM_whitevann8-elmid-radfar-az090.png,whitevan,2,1-4,3,1,1,1,1.0,0.9328947277897015,0.9598910808563232
S0-SM_whitevann9,S0-SM_whitevann9-elhigh-radfar-az090.png,whitevan,2,1-4,3,1,1,1,1.0,0.9241477317130986,0.9618149995803833
S0-SM_whitevann9,S0-SM_whitevann9-elhigh-radmid-az000.png,whitevan,3,1-4,4,1,1,1,1.0,0.9419155576839273,0.9648508429527283
S0-SM_whitevann9,S0-SM_whitevann9-elhigh-radmid-az180.png,whitevan,3,1-4,4,1,1,1,1.0,0.9306396313316583,0.964172899723053
S0-SM_whitevann9,S0-SM_whitevann9-elhigh-radmid-az225.png,whitevan,3,1-4,4,1,1,1,1.0,0.9254439844718192,0.9512985944747925
S0-SM_whitevann9,S0-SM_whitevann9-elhigh-radmid-az270.png,whitevan,3,1-4,4,1,1,1,1.0,0.9284667652600476,0.9638699293136597
S0-SM_whitevann9,S0-SM_whitevann9-elhigh-radnear-az045.png,whitevan,1,1-4,2,1,1,1,1.0,0.9324468030877426,0.9591851234436035
S0-SM_whitevann9,S0-SM_whitevann9-ellow-radmid-az180.png,whitevan,12,10+,14,2,1,1,0.5625000011175871,0.959329745810912,0.9662674069404602
S0-SM_whitevann9,S0-SM_whitevann9-ellow-radnear-az135.png,whitevan,1,1-4,2,1,1,1,1.0,0.956998036455218,0.9765467643737793
S0-SM_whitevann9,S0-SM_whitevann9-elmid-radfar-az315.png,whitevan,13,10+,14,1,1,1,1.0,0.9353048912308459,0.9636154770851135
