pair_index,pair_id,viewpoint_1,viewpoint_2,expected_train_images,expected_val_images,expected_test_pair_images,pilot_rank,pilot_name,pilot_note
1,p0001,ellow-radnear-az000,ellow-radnear-az045,287,56,67,,,
2,p0002,ellow-radnear-az000,ellow-radnear-az090,289,54,67,,,
3,p0003,ellow-radnear-az000,ellow-radnear-az135,289,54,67,,,
4,p0004,ellow-radnear-az000,ellow-radnear-az180,276,60,74,,,
5,p0005,ellow-radnear-az000,ellow-radnear-az225,280,59,71,,,
6,p0006,ellow-radnear-az000,ellow-radnear-az270,291,54,65,,,
7,p0007,ellow-radnear-az000,ellow-radnear-az315,281,65,64,,,
8,p0008,ellow-radnear-az000,ellow-radmid-az000,288,56,66,,,
9,p0009,ellow-radnear-az000,ellow-radmid-az045,284,54,72,,,
10,p0010,ellow-radnear-az000,ellow-radmid-az090,288,55,67,,,
11,p0011,ellow-radnear-az000,ellow-radmid-az135,287,58,65,,,
12,p0012,ellow-radnear-az000,ellow-radmid-az180,293,61,56,,,
13,p0013,ellow-radnear-az000,ellow-radmid-az225,296,50,64,,,
14,p0014,ellow-radnear-az000,ellow-radmid-az270,283,66,61,,,
15,p0015,ellow-radnear-az000,ellow-radmid-az315,293,49,68,,,
16,p0016,ellow-radnear-az000,ellow-radfar-az000,277,59,74,,,
17,p0017,ellow-radnear-az000,ellow-radfar-az045,289,64,57,,,
18,p0018,ellow-radnear-az000,ellow-radfar-az090,281,66,63,,,
19,p0019,ellow-radnear-az000,ellow-radfar-az135,286,53,71,,,
20,p0020,ellow-radnear-az000,ellow-radfar-az180,286,64,60,,,
21,p0021,ellow-radnear-az000,ellow-radfar-az225,282,63,65,,,
22,p0022,ellow-radnear-az000,ellow-radfar-az270,278,65,67,,,
23,p0023,ellow-radnear-az000,ellow-radfar-az315,290,57,63,,,
24,p0024,ellow-radnear-az000,elmid-radnear-az000,289,65,56,,,
25,p0025,ellow-radnear-az000,elmid-radnear-az045,279,64,67,,,
26,p0026,ellow-radnear-az000,elmid-radnear-az090,291,53,66,,,
27,p0027,ellow-radnear-az000,elmid-radnear-az135,283,49,78,,,
28,p0028,ellow-radnear-az000,elmid-radnear-az180,285,58,67,,,
29,p0029,ellow-radnear-az000,elmid-radnear-az225,287,63,60,,,
30,p0030,ellow-radnear-az000,elmid-radnear-az270,275,57,78,,,
31,p0031,ellow-radnear-az000,elmid-radnear-az315,283,59,68,,,
32,p0032,ellow-radnear-az000,elmid-radmid-az000,279,54,77,,,
33,p0033,ellow-radnear-az000,elmid-radmid-az045,276,64,70,,,
34,p0034,ellow-radnear-az000,elmid-radmid-az090,281,65,64,,,
35,p0035,ellow-radnear-az000,elmid-radmid-az135,288,67,55,,,
36,p0036,ellow-radnear-az000,elmid-radmid-az180,290,54,66,,,
37,p0037,ellow-radnear-az000,elmid-radmid-az225,292,61,57,,,
38,p0038,ellow-radnear-az000,elmid-radmid-az270,279,56,75,,,
39,p0039,ellow-radnear-az000,elmid-radmid-az315,287,59,64,,,
40,p0040,ellow-radnear-az000,elmid-radfar-az000,290,58,62,,,
41,p0041,ellow-radnear-az000,elmid-radfar-az045,280,65,65,,,
42,p0042,ellow-radnear-az000,elmid-radfar-az090,280,66,64,,,
43,p0043,ellow-radnear-az000,elmid-radfar-az135,287,57,66,,,
44,p0044,ellow-radnear-az000,elmid-radfar-az180,292,57,61,,,
45,p0045,ellow-radnear-az000,elmid-radfar-az225,274,65,71,,,
46,p0046,ellow-radnear-az000,elmid-radfar-az270,286,63,61,,,
47,p0047,ellow-radnear-az000,elmid-radfar-az315,289,60,61,,,
48,p0048,ellow-radnear-az000,elhigh-radnear-az000,282,59,69,,,
49,p0049,ellow-radnear-az000,elhigh-radnear-az045,293,59,58,,,
50,p0050,ellow-radnear-az000,elhigh-radnear-az090,282,65,63,,,
51,p0051,ellow-radnear-az000,elhigh-radnear-az135,278,65,67,,,
52,p0052,ellow-radnear-az000,elhigh-radnear-az180,287,57,66,,,
53,p0053,ellow-radnear-az000,elhigh-radnear-az225,272,67,71,,,
54,p0054,ellow-radnear-az000,elhigh-radnear-az270,284,61,65,,,
55,p0055,ellow-radnear-az000,elhigh-radnear-az315,281,65,64,,,
56,p0056,ellow-radnear-az000,elhigh-radmid-az000,278,54,78,,,
57,p0057,ellow-radnear-az000,elhigh-radmid-az045,288,57,65,,,
58,p0058,ellow-radnear-az000,elhigh-radmid-az090,282,59,69,,,
59,p0059,ellow-radnear-az000,elhigh-radmid-az135,282,63,65,,,
60,p0060,ellow-radnear-az000,elhigh-radmid-az180,277,68,65,,,
61,p0061,ellow-radnear-az000,elhigh-radmid-az225,271,68,71,,,
62,p0062,ellow-radnear-az000,elhigh-radmid-az270,288,60,62,,,
63,p0063,ellow-radnear-az000,elhigh-radmid-az315,291,60,59,,,
64,p0064,ellow-radnear-az000,elhigh-radfar-az000,295,51,64,,,
65,p0065,ellow-radnear-az000,elhigh-radfar-az045,264,72,74,,,
66,p0066,ellow-radnear-az000,elhigh-radfar-az090,288,58,64,,,
67,p0067,ellow-radnear-az000,elhigh-radfar-az135,294,56,60,,,
68,p0068,ellow-radnear-az000,elhigh-radfar-az180,288,62,60,,,
69,p0069,ellow-radnear-az000,elhigh-radfar-az225,291,57,62,,,
70,p0070,ellow-radnear-az000,elhigh-radfar-az270,285,60,65,,,
71,p0071,ellow-radnear-az000,elhigh-radfar-az315,285,60,65,,,
72,p0072,ellow-radnear-az045,ellow-radnear-az090,294,52,64,,,
73,p0073,ellow-radnear-az045,ellow-radnear-az135,294,52,64,,,
74,p0074,ellow-radnear-az045,ellow-radnear-az180,281,58,71,,,
75,p0075,ellow-radnear-az045,ellow-radnear-az225,285,57,68,,,
76,p0076,ellow-radnear-az045,ellow-radnear-az270,296,52,62,,,
77,p0077,ellow-radnear-az045,ellow-radnear-az315,286,63,61,,,
78,p0078,ellow-radnear-az045,ellow-radmid-az000,293,54,63,,,
79,p0079,ellow-radnear-az045,ellow-radmid-az045,289,52,69,,,
80,p0080,ellow-radnear-az045,ellow-radmid-az090,293,53,64,,,
81,p0081,ellow-radnear-az045,ellow-radmid-az135,292,56,62,,,
82,p0082,ellow-radnear-az045,ellow-radmid-az180,298,59,53,,,
83,p0083,ellow-radnear-az045,ellow-radmid-az225,301,48,61,,,
84,p0084,ellow-radnear-az045,ellow-radmid-az270,288,64,58,,,
85,p0085,ellow-radnear-az045,ellow-radmid-az315,298,47,65,,,
86,p0086,ellow-radnear-az045,ellow-radfar-az000,282,57,71,,,
87,p0087,ellow-radnear-az045,ellow-radfar-az045,294,62,54,,,
88,p0088,ellow-radnear-az045,ellow-radfar-az090,286,64,60,,,
89,p0089,ellow-radnear-az045,ellow-radfar-az135,291,51,68,,,
90,p0090,ellow-radnear-az045,ellow-radfar-az180,291,62,57,,,
91,p0091,ellow-radnear-az045,ellow-radfar-az225,287,61,62,,,
92,p0092,ellow-radnear-az045,ellow-radfar-az270,283,63,64,,,
93,p0093,ellow-radnear-az045,ellow-radfar-az315,295,55,60,,,
94,p0094,ellow-radnear-az045,elmid-radnear-az000,294,63,53,,,
95,p0095,ellow-radnear-az045,elmid-radnear-az045,284,62,64,,,
96,p0096,ellow-radnear-az045,elmid-radnear-az090,296,51,63,,,
97,p0097,ellow-radnear-az045,elmid-radnear-az135,288,47,75,,,
98,p0098,ellow-radnear-az045,elmid-radnear-az180,290,56,64,,,
99,p0099,ellow-radnear-az045,elmid-radnear-az225,292,61,57,,,
100,p0100,ellow-radnear-az045,elmid-radnear-az270,280,55,75,,,
101,p0101,ellow-radnear-az045,elmid-radnear-az315,288,57,65,,,
102,p0102,ellow-radnear-az045,elmid-radmid-az000,284,52,74,,,
103,p0103,ellow-radnear-az045,elmid-radmid-az045,281,62,67,,,
104,p0104,ellow-radnear-az045,elmid-radmid-az090,286,63,61,,,
105,p0105,ellow-radnear-az045,elmid-radmid-az135,293,65,52,,,
106,p0106,ellow-radnear-az045,elmid-radmid-az180,295,52,63,,,
107,p0107,ellow-radnear-az045,elmid-radmid-az225,297,59,54,,,
108,p0108,ellow-radnear-az045,elmid-radmid-az270,284,54,72,,,
109,p0109,ellow-radnear-az045,elmid-radmid-az315,292,57,61,,,
110,p0110,ellow-radnear-az045,elmid-radfar-az000,295,56,59,,,
111,p0111,ellow-radnear-az045,elmid-radfar-az045,285,63,62,,,
112,p0112,ellow-radnear-az045,elmid-radfar-az090,285,64,61,,,
113,p0113,ellow-radnear-az045,elmid-radfar-az135,292,55,63,,,
114,p0114,ellow-radnear-az045,elmid-radfar-az180,297,55,58,,,
115,p0115,ellow-radnear-az045,elmid-radfar-az225,279,63,68,,,
116,p0116,ellow-radnear-az045,elmid-radfar-az270,291,61,58,,,
117,p0117,ellow-radnear-az045,elmid-radfar-az315,294,58,58,,,
118,p0118,ellow-radnear-az045,elhigh-radnear-az000,287,57,66,,,
119,p0119,ellow-radnear-az045,elhigh-radnear-az045,298,57,55,,,
120,p0120,ellow-radnear-az045,elhigh-radnear-az090,287,63,60,,,
121,p0121,ellow-radnear-az045,elhigh-radnear-az135,283,63,64,,,
122,p0122,ellow-radnear-az045,elhigh-radnear-az180,292,55,63,,,
123,p0123,ellow-radnear-az045,elhigh-radnear-az225,277,65,68,,,
124,p0124,ellow-radnear-az045,elhigh-radnear-az270,289,59,62,,,
125,p0125,ellow-radnear-az045,elhigh-radnear-az315,286,63,61,,,
126,p0126,ellow-radnear-az045,elhigh-radmid-az000,283,52,75,,,
127,p0127,ellow-radnear-az045,elhigh-radmid-az045,293,55,62,,,
128,p0128,ellow-radnear-az045,elhigh-radmid-az090,287,57,66,,,
129,p0129,ellow-radnear-az045,elhigh-radmid-az135,287,61,62,,,
130,p0130,ellow-radnear-az045,elhigh-radmid-az180,282,66,62,,,
131,p0131,ellow-radnear-az045,elhigh-radmid-az225,276,66,68,,,
132,p0132,ellow-radnear-az045,elhigh-radmid-az270,293,58,59,,,
133,p0133,ellow-radnear-az045,elhigh-radmid-az315,296,58,56,,,
134,p0134,ellow-radnear-az045,elhigh-radfar-az000,300,49,61,,,
135,p0135,ellow-radnear-az045,elhigh-radfar-az045,269,70,71,,,
136,p0136,ellow-radnear-az045,elhigh-radfar-az090,293,56,61,,,
137,p0137,ellow-radnear-az045,elhigh-radfar-az135,299,54,57,,,
138,p0138,ellow-radnear-az045,elhigh-radfar-az180,293,60,57,,,
139,p0139,ellow-radnear-az045,elhigh-radfar-az225,296,55,59,,,
140,p0140,ellow-radnear-az045,elhigh-radfar-az270,290,58,62,,,
141,p0141,ellow-radnear-az045,elhigh-radfar-az315,290,58,62,,,
142,p0142,ellow-radnear-az090,ellow-radnear-az135,296,50,64,,,
143,p0143,ellow-radnear-az090,ellow-radnear-az180,283,56,71,,,
144,p0144,ellow-radnear-az090,ellow-radnear-az225,287,55,68,,,
145,p0145,ellow-radnear-az090,ellow-radnear-az270,298,50,62,,,
146,p0146,ellow-radnear-az090,ellow-radnear-az315,288,61,61,,,
147,p0147,ellow-radnear-az090,ellow-radmid-az000,295,52,63,,,
148,p0148,ellow-radnear-az090,ellow-radmid-az045,291,50,69,,,
149,p0149,ellow-radnear-az090,ellow-radmid-az090,295,51,64,,,
150,p0150,ellow-radnear-az090,ellow-radmid-az135,294,54,62,,,
151,p0151,ellow-radnear-az090,ellow-radmid-az180,300,57,53,,,
152,p0152,ellow-radnear-az090,ellow-radmid-az225,303,46,61,,,
153,p0153,ellow-radnear-az090,ellow-radmid-az270,290,62,58,,,
154,p0154,ellow-radnear-az090,ellow-radmid-az315,300,45,65,,,
155,p0155,ellow-radnear-az090,ellow-radfar-az000,284,55,71,,,
156,p0156,ellow-radnear-az090,ellow-radfar-az045,296,60,54,,,
157,p0157,ellow-radnear-az090,ellow-radfar-az090,288,62,60,,,
158,p0158,ellow-radnear-az090,ellow-radfar-az135,293,49,68,,,
159,p0159,ellow-radnear-az090,ellow-radfar-az180,293,60,57,,,
160,p0160,ellow-radnear-az090,ellow-radfar-az225,289,59,62,,,
161,p0161,ellow-radnear-az090,ellow-radfar-az270,285,61,64,,,
162,p0162,ellow-radnear-az090,ellow-radfar-az315,297,53,60,,,
163,p0163,ellow-radnear-az090,elmid-radnear-az000,296,61,53,,,
164,p0164,ellow-radnear-az090,elmid-radnear-az045,286,60,64,,,
165,p0165,ellow-radnear-az090,elmid-radnear-az090,298,49,63,,,
166,p0166,ellow-radnear-az090,elmid-radnear-az135,290,45,75,,,
167,p0167,ellow-radnear-az090,elmid-radnear-az180,292,54,64,,,
168,p0168,ellow-radnear-az090,elmid-radnear-az225,294,59,57,,,
169,p0169,ellow-radnear-az090,elmid-radnear-az270,282,53,75,,,
170,p0170,ellow-radnear-az090,elmid-radnear-az315,290,55,65,,,
171,p0171,ellow-radnear-az090,elmid-radmid-az000,286,50,74,,,
172,p0172,ellow-radnear-az090,elmid-radmid-az045,283,60,67,,,
173,p0173,ellow-radnear-az090,elmid-radmid-az090,288,61,61,,,
174,p0174,ellow-radnear-az090,elmid-radmid-az135,295,63,52,,,
175,p0175,ellow-radnear-az090,elmid-radmid-az180,297,50,63,,,
176,p0176,ellow-radnear-az090,elmid-radmid-az225,299,57,54,,,
177,p0177,ellow-radnear-az090,elmid-radmid-az270,286,52,72,,,
178,p0178,ellow-radnear-az090,elmid-radmid-az315,294,55,61,,,
179,p0179,ellow-radnear-az090,elmid-radfar-az000,297,54,59,,,
180,p0180,ellow-radnear-az090,elmid-radfar-az045,287,61,62,,,
181,p0181,ellow-radnear-az090,elmid-radfar-az090,287,62,61,,,
182,p0182,ellow-radnear-az090,elmid-radfar-az135,294,53,63,,,
183,p0183,ellow-radnear-az090,elmid-radfar-az180,299,53,58,,,
184,p0184,ellow-radnear-az090,elmid-radfar-az225,281,61,68,,,
185,p0185,ellow-radnear-az090,elmid-radfar-az270,293,59,58,,,
186,p0186,ellow-radnear-az090,elmid-radfar-az315,296,56,58,,,
187,p0187,ellow-radnear-az090,elhigh-radnear-az000,289,55,66,,,
188,p0188,ellow-radnear-az090,elhigh-radnear-az045,300,55,55,,,
189,p0189,ellow-radnear-az090,elhigh-radnear-az090,289,61,60,,,
190,p0190,ellow-radnear-az090,elhigh-radnear-az135,285,61,64,,,
191,p0191,ellow-radnear-az090,elhigh-radnear-az180,294,53,63,,,
192,p0192,ellow-radnear-az090,elhigh-radnear-az225,279,63,68,,,
193,p0193,ellow-radnear-az090,elhigh-radnear-az270,291,57,62,,,
194,p0194,ellow-radnear-az090,elhigh-radnear-az315,288,61,61,,,
195,p0195,ellow-radnear-az090,elhigh-radmid-az000,285,50,75,,,
196,p0196,ellow-radnear-az090,elhigh-radmid-az045,295,53,62,,,
197,p0197,ellow-radnear-az090,elhigh-radmid-az090,289,55,66,,,
198,p0198,ellow-radnear-az090,elhigh-radmid-az135,289,59,62,,,
199,p0199,ellow-radnear-az090,elhigh-radmid-az180,284,64,62,,,
200,p0200,ellow-radnear-az090,elhigh-radmid-az225,278,64,68,,,
201,p0201,ellow-radnear-az090,elhigh-radmid-az270,295,56,59,,,
202,p0202,ellow-radnear-az090,elhigh-radmid-az315,298,56,56,,,
203,p0203,ellow-radnear-az090,elhigh-radfar-az000,302,47,61,,,
204,p0204,ellow-radnear-az090,elhigh-radfar-az045,271,68,71,,,
205,p0205,ellow-radnear-az090,elhigh-radfar-az090,295,54,61,,,
206,p0206,ellow-radnear-az090,elhigh-radfar-az135,301,52,57,,,
207,p0207,ellow-radnear-az090,elhigh-radfar-az180,295,58,57,,,
208,p0208,ellow-radnear-az090,elhigh-radfar-az225,298,53,59,,,
209,p0209,ellow-radnear-az090,elhigh-radfar-az270,292,56,62,,,
210,p0210,ellow-radnear-az090,elhigh-radfar-az315,292,56,62,,,
211,p0211,ellow-radnear-az135,ellow-radnear-az180,283,56,71,,,
212,p0212,ellow-radnear-az135,ellow-radnear-az225,287,55,68,,,
213,p0213,ellow-radnear-az135,ellow-radnear-az270,298,50,62,,,
214,p0214,ellow-radnear-az135,ellow-radnear-az315,288,61,61,,,
215,p0215,ellow-radnear-az135,ellow-radmid-az000,295,52,63,,,
216,p0216,ellow-radnear-az135,ellow-radmid-az045,291,50,69,,,
217,p0217,ellow-radnear-az135,ellow-radmid-az090,295,51,64,,,
218,p0218,ellow-radnear-az135,ellow-radmid-az135,294,54,62,,,
219,p0219,ellow-radnear-az135,ellow-radmid-az180,300,57,53,,,
220,p0220,ellow-radnear-az135,ellow-radmid-az225,303,46,61,,,
221,p0221,ellow-radnear-az135,ellow-radmid-az270,290,62,58,,,
222,p0222,ellow-radnear-az135,ellow-radmid-az315,300,45,65,,,
223,p0223,ellow-radnear-az135,ellow-radfar-az000,284,55,71,,,
224,p0224,ellow-radnear-az135,ellow-radfar-az045,296,60,54,,,
225,p0225,ellow-radnear-az135,ellow-radfar-az090,288,62,60,,,
226,p0226,ellow-radnear-az135,ellow-radfar-az135,293,49,68,,,
227,p0227,ellow-radnear-az135,ellow-radfar-az180,293,60,57,,,
228,p0228,ellow-radnear-az135,ellow-radfar-az225,289,59,62,,,
229,p0229,ellow-radnear-az135,ellow-radfar-az270,285,61,64,,,
230,p0230,ellow-radnear-az135,ellow-radfar-az315,297,53,60,,,
231,p0231,ellow-radnear-az135,elmid-radnear-az000,296,61,53,,,
232,p0232,ellow-radnear-az135,elmid-radnear-az045,286,60,64,,,
233,p0233,ellow-radnear-az135,elmid-radnear-az090,298,49,63,,,
234,p0234,ellow-radnear-az135,elmid-radnear-az135,290,45,75,,,
235,p0235,ellow-radnear-az135,elmid-radnear-az180,292,54,64,,,
236,p0236,ellow-radnear-az135,elmid-radnear-az225,294,59,57,,,
237,p0237,ellow-radnear-az135,elmid-radnear-az270,282,53,75,,,
238,p0238,ellow-radnear-az135,elmid-radnear-az315,290,55,65,,,
239,p0239,ellow-radnear-az135,elmid-radmid-az000,286,50,74,,,
240,p0240,ellow-radnear-az135,elmid-radmid-az045,283,60,67,,,
241,p0241,ellow-radnear-az135,elmid-radmid-az090,288,61,61,,,
242,p0242,ellow-radnear-az135,elmid-radmid-az135,295,63,52,,,
243,p0243,ellow-radnear-az135,elmid-radmid-az180,297,50,63,,,
244,p0244,ellow-radnear-az135,elmid-radmid-az225,299,57,54,,,
245,p0245,ellow-radnear-az135,elmid-radmid-az270,286,52,72,,,
246,p0246,ellow-radnear-az135,elmid-radmid-az315,294,55,61,,,
247,p0247,ellow-radnear-az135,elmid-radfar-az000,297,54,59,,,
248,p0248,ellow-radnear-az135,elmid-radfar-az045,287,61,62,,,
249,p0249,ellow-radnear-az135,elmid-radfar-az090,287,62,61,,,
250,p0250,ellow-radnear-az135,elmid-radfar-az135,294,53,63,,,
251,p0251,ellow-radnear-az135,elmid-radfar-az180,299,53,58,,,
252,p0252,ellow-radnear-az135,elmid-radfar-az225,281,61,68,,,
253,p0253,ellow-radnear-az135,elmid-radfar-az270,293,59,58,,,
254,p0254,ellow-radnear-az135,elmid-radfar-az315,296,56,58,,,
255,p0255,ellow-radnear-az135,elhigh-radnear-az000,289,55,66,,,
256,p0256,ellow-radnear-az135,elhigh-radnear-az045,300,55,55,,,
257,p0257,ellow-radnear-az135,elhigh-radnear-az090,289,61,60,,,
258,p0258,ellow-radnear-az135,elhigh-radnear-az135,285,61,64,,,
259,p0259,ellow-radnear-az135,elhigh-radnear-az180,294,53,63,,,
260,p0260,ellow-radnear-az135,elhigh-radnear-az225,279,63,68,,,
261,p0261,ellow-radnear-az135,elhigh-radnear-az270,291,57,62,,,
262,p0262,ellow-radnear-az135,elhigh-radnear-az315,288,61,61,,,
263,p0263,ellow-radnear-az135,elhigh-radmid-az000,285,50,75,,,
264,p0264,ellow-radnear-az135,elhigh-radmid-az045,295,53,62,,,
265,p0265,ellow-radnear-az135,elhigh-radmid-az090,289,55,66,,,
266,p0266,ellow-radnear-az135,elhigh-radmid-az135,289,59,62,,,
267,p0267,ellow-radnear-az135,elhigh-radmid-az180,284,64,62,,,
268,p0268,ellow-radnear-az135,elhigh-radmid-az225,278,64,68,,,
269,p0269,ellow-radnear-az135,elhigh-radmid-az270,295,56,59,,,
270,p0270,ellow-radnear-az135,elhigh-radmid-az315,298,56,56,,,
271,p0271,ellow-radnear-az135,elhigh-radfar-az000,302,47,61,,,
272,p0272,ellow-radnear-az135,elhigh-radfar-az045,271,68,71,,,
273,p0273,ellow-radnear-az135,elhigh-radfar-az090,295,54,61,,,
274,p0274,ellow-radnear-az135,elhigh-radfar-az135,301,52,57,,,
275,p0275,ellow-radnear-az135,elhigh-radfar-az180,295,58,57,,,
276,p0276,ellow-radnear-az135,elhigh-radfar-az225,298,53,59,,,
277,p0277,ellow-radnear-az135,elhigh-radfar-az270,292,56,62,,,
278,p0278,ellow-radnear-az135,elhigh-radfar-az315,292,56,62,,,
279,p0279,ellow-radnear-az180,ellow-radnear-az225,274,61,75,,,
280,p0280,ellow-radnear-az180,ellow-radnear-az270,285,56,69,,,
281,p0281,ellow-radnear-az180,ellow-radnear-az315,275,67,68,,,
282,p0282,ellow-radnear-az180,ellow-radmid-az000,282,58,70,,,
283,p0283,ellow-radnear-az180,ellow-radmid-az045,278,56,76,,,
284,p0284,ellow-radnear-az180,ellow-radmid-az090,282,57,71,,,
285,p0285,ellow-radnear-az180,ellow-radmid-az135,281,60,69,,,
286,p0286,ellow-radnear-az180,ellow-radmid-az180,287,63,60,,,
287,p0287,ellow-radnear-az180,ellow-radmid-az225,290,52,68,,,
288,p0288,ellow-radnear-az180,ellow-radmid-az270,277,68,65,,,
289,p0289,ellow-radnear-az180,ellow-radmid-az315,287,51,72,,,
290,p0290,ellow-radnear-az180,ellow-radfar-az000,271,61,78,,,
291,p0291,ellow-radnear-az180,ellow-radfar-az045,283,66,61,,,
292,p0292,ellow-radnear-az180,ellow-radfar-az090,275,68,67,,,
293,p0293,ellow-radnear-az180,ellow-radfar-az135,280,55,75,,,
294,p0294,ellow-radnear-az180,ellow-radfar-az180,280,66,64,,,
295,p0295,ellow-radnear-az180,ellow-radfar-az225,276,65,69,,,
296,p0296,ellow-radnear-az180,ellow-radfar-az270,272,67,71,,,
297,p0297,ellow-radnear-az180,ellow-radfar-az315,284,59,67,,,
298,p0298,ellow-radnear-az180,elmid-radnear-az000,283,67,60,,,
299,p0299,ellow-radnear-az180,elmid-radnear-az045,273,66,71,,,
300,p0300,ellow-radnear-az180,elmid-radnear-az090,285,55,70,,,
301,p0301,ellow-radnear-az180,elmid-radnear-az135,277,51,82,,,
302,p0302,ellow-radnear-az180,elmid-radnear-az180,279,60,71,,,
303,p0303,ellow-radnear-az180,elmid-radnear-az225,281,65,64,,,
304,p0304,ellow-radnear-az180,elmid-radnear-az270,269,59,82,,,
305,p0305,ellow-radnear-az180,elmid-radnear-az315,277,61,72,,,
306,p0306,ellow-radnear-az180,elmid-radmid-az000,273,56,81,,,
307,p0307,ellow-radnear-az180,elmid-radmid-az045,270,66,74,,,
308,p0308,ellow-radnear-az180,elmid-radmid-az090,275,67,68,,,
309,p0309,ellow-radnear-az180,elmid-radmid-az135,282,69,59,,,
310,p0310,ellow-radnear-az180,elmid-radmid-az180,284,56,70,,,
311,p0311,ellow-radnear-az180,elmid-radmid-az225,286,63,61,,,
312,p0312,ellow-radnear-az180,elmid-radmid-az270,273,58,79,,,
313,p0313,ellow-radnear-az180,elmid-radmid-az315,281,61,68,,,
314,p0314,ellow-radnear-az180,elmid-radfar-az000,284,60,66,,,
315,p0315,ellow-radnear-az180,elmid-radfar-az045,274,67,69,,,
316,p0316,ellow-radnear-az180,elmid-radfar-az090,274,68,68,,,
317,p0317,ellow-radnear-az180,elmid-radfar-az135,281,59,70,,,
318,p0318,ellow-radnear-az180,elmid-radfar-az180,286,59,65,,,
319,p0319,ellow-radnear-az180,elmid-radfar-az225,268,67,75,,,
320,p0320,ellow-radnear-az180,elmid-radfar-az270,280,65,65,,,
321,p0321,ellow-radnear-az180,elmid-radfar-az315,283,62,65,,,
322,p0322,ellow-radnear-az180,elhigh-radnear-az000,276,61,73,,,
323,p0323,ellow-radnear-az180,elhigh-radnear-az045,287,61,62,,,
324,p0324,ellow-radnear-az180,elhigh-radnear-az090,276,67,67,,,
325,p0325,ellow-radnear-az180,elhigh-radnear-az135,272,67,71,,,
326,p0326,ellow-radnear-az180,elhigh-radnear-az180,281,59,70,,,
327,p0327,ellow-radnear-az180,elhigh-radnear-az225,266,69,75,,,
328,p0328,ellow-radnear-az180,elhigh-radnear-az270,278,63,69,,,
329,p0329,ellow-radnear-az180,elhigh-radnear-az315,275,67,68,,,
330,p0330,ellow-radnear-az180,elhigh-radmid-az000,272,56,82,,,
331,p0331,ellow-radnear-az180,elhigh-radmid-az045,282,59,69,,,
332,p0332,ellow-radnear-az180,elhigh-radmid-az090,276,61,73,,,
333,p0333,ellow-radnear-az180,elhigh-radmid-az135,276,65,69,,,
334,p0334,ellow-radnear-az180,elhigh-radmid-az180,271,70,69,,,
335,p0335,ellow-radnear-az180,elhigh-radmid-az225,265,70,75,,,
336,p0336,ellow-radnear-az180,elhigh-radmid-az270,282,62,66,,,
337,p0337,ellow-radnear-az180,elhigh-radmid-az315,285,62,63,,,
338,p0338,ellow-radnear-az180,elhigh-radfar-az000,289,53,68,,,
339,p0339,ellow-radnear-az180,elhigh-radfar-az045,258,74,78,,,
340,p0340,ellow-radnear-az180,elhigh-radfar-az090,282,60,68,,,
341,p0341,ellow-radnear-az180,elhigh-radfar-az135,288,58,64,,,
342,p0342,ellow-radnear-az180,elhigh-radfar-az180,282,64,64,,,
343,p0343,ellow-radnear-az180,elhigh-radfar-az225,285,59,66,,,
344,p0344,ellow-radnear-az180,elhigh-radfar-az270,279,62,69,,,
345,p0345,ellow-radnear-az180,elhigh-radfar-az315,279,62,69,,,
346,p0346,ellow-radnear-az225,ellow-radnear-az270,289,55,66,,,
347,p0347,ellow-radnear-az225,ellow-radnear-az315,279,66,65,,,
348,p0348,ellow-radnear-az225,ellow-radmid-az000,286,57,67,,,
349,p0349,ellow-radnear-az225,ellow-radmid-az045,282,55,73,,,
350,p0350,ellow-radnear-az225,ellow-radmid-az090,286,56,68,,,
351,p0351,ellow-radnear-az225,ellow-radmid-az135,285,59,66,,,
352,p0352,ellow-radnear-az225,ellow-radmid-az180,291,62,57,,,
353,p0353,ellow-radnear-az225,ellow-radmid-az225,294,51,65,,,
354,p0354,ellow-radnear-az225,ellow-radmid-az270,281,67,62,,,
355,p0355,ellow-radnear-az225,ellow-radmid-az315,291,50,69,,,
356,p0356,ellow-radnear-az225,ellow-radfar-az000,275,60,75,,,
357,p0357,ellow-radnear-az225,ellow-radfar-az045,287,65,58,,,
358,p0358,ellow-radnear-az225,ellow-radfar-az090,279,67,64,,,
359,p0359,ellow-radnear-az225,ellow-radfar-az135,284,54,72,,,
360,p0360,ellow-radnear-az225,ellow-radfar-az180,284,65,61,,,
361,p0361,ellow-radnear-az225,ellow-radfar-az225,280,64,66,,,
362,p0362,ellow-radnear-az225,ellow-radfar-az270,276,66,68,,,
363,p0363,ellow-radnear-az225,ellow-radfar-az315,288,58,64,,,
364,p0364,ellow-radnear-az225,elmid-radnear-az000,287,66,57,,,
365,p0365,ellow-radnear-az225,elmid-radnear-az045,277,65,68,,,
366,p0366,ellow-radnear-az225,elmid-radnear-az090,289,54,67,,,
367,p0367,ellow-radnear-az225,elmid-radnear-az135,281,50,79,,,
368,p0368,ellow-radnear-az225,elmid-radnear-az180,283,59,68,,,
369,p0369,ellow-radnear-az225,elmid-radnear-az225,285,64,61,,,
370,p0370,ellow-radnear-az225,elmid-radnear-az270,273,58,79,,,
371,p0371,ellow-radnear-az225,elmid-radnear-az315,281,60,69,,,
372,p0372,ellow-radnear-az225,elmid-radmid-az000,277,55,78,,,
373,p0373,ellow-radnear-az225,elmid-radmid-az045,274,65,71,,,
374,p0374,ellow-radnear-az225,elmid-radmid-az090,279,66,65,,,
375,p0375,ellow-radnear-az225,elmid-radmid-az135,286,68,56,,,
376,p0376,ellow-radnear-az225,elmid-radmid-az180,288,55,67,,,
377,p0377,ellow-radnear-az225,elmid-radmid-az225,290,62,58,,,
378,p0378,ellow-radnear-az225,elmid-radmid-az270,277,57,76,,,
379,p0379,ellow-radnear-az225,elmid-radmid-az315,285,60,65,,,
380,p0380,ellow-radnear-az225,elmid-radfar-az000,288,59,63,,,
381,p0381,ellow-radnear-az225,elmid-radfar-az045,278,66,66,,,
382,p0382,ellow-radnear-az225,elmid-radfar-az090,278,67,65,,,
383,p0383,ellow-radnear-az225,elmid-radfar-az135,285,58,67,,,
384,p0384,ellow-radnear-az225,elmid-radfar-az180,290,58,62,,,
385,p0385,ellow-radnear-az225,elmid-radfar-az225,272,66,72,,,
386,p0386,ellow-radnear-az225,elmid-radfar-az270,284,64,62,,,
387,p0387,ellow-radnear-az225,elmid-radfar-az315,287,61,62,,,
388,p0388,ellow-radnear-az225,elhigh-radnear-az000,280,60,70,,,
389,p0389,ellow-radnear-az225,elhigh-radnear-az045,291,60,59,,,
390,p0390,ellow-radnear-az225,elhigh-radnear-az090,280,66,64,,,
391,p0391,ellow-radnear-az225,elhigh-radnear-az135,276,66,68,,,
392,p0392,ellow-radnear-az225,elhigh-radnear-az180,285,58,67,,,
393,p0393,ellow-radnear-az225,elhigh-radnear-az225,270,68,72,,,
394,p0394,ellow-radnear-az225,elhigh-radnear-az270,282,62,66,,,
395,p0395,ellow-radnear-az225,elhigh-radnear-az315,279,66,65,,,
396,p0396,ellow-radnear-az225,elhigh-radmid-az000,276,55,79,,,
397,p0397,ellow-radnear-az225,elhigh-radmid-az045,286,58,66,,,
398,p0398,ellow-radnear-az225,elhigh-radmid-az090,280,60,70,,,
399,p0399,ellow-radnear-az225,elhigh-radmid-az135,280,64,66,,,
400,p0400,ellow-radnear-az225,elhigh-radmid-az180,275,69,66,,,
401,p0401,ellow-radnear-az225,elhigh-radmid-az225,269,69,72,,,
402,p0402,ellow-radnear-az225,elhigh-radmid-az270,286,61,63,,,
403,p0403,ellow-radnear-az225,elhigh-radmid-az315,289,61,60,,,
404,p0404,ellow-radnear-az225,elhigh-radfar-az000,293,52,65,,,
405,p0405,ellow-radnear-az225,elhigh-radfar-az045,262,73,75,,,
406,p0406,ellow-radnear-az225,elhigh-radfar-az090,286,59,65,,,
407,p0407,ellow-radnear-az225,elhigh-radfar-az135,292,57,61,,,
408,p0408,ellow-radnear-az225,elhigh-radfar-az180,286,63,61,,,
409,p0409,ellow-radnear-az225,elhigh-radfar-az225,289,58,63,,,
410,p0410,ellow-radnear-az225,elhigh-radfar-az270,283,61,66,,,
411,p0411,ellow-radnear-az225,elhigh-radfar-az315,283,61,66,,,
412,p0412,ellow-radnear-az270,ellow-radnear-az315,290,61,59,,,
413,p0413,ellow-radnear-az270,ellow-radmid-az000,297,52,61,,,
414,p0414,ellow-radnear-az270,ellow-radmid-az045,293,50,67,,,
415,p0415,ellow-radnear-az270,ellow-radmid-az090,297,51,62,,,
416,p0416,ellow-radnear-az270,ellow-radmid-az135,296,54,60,,,
417,p0417,ellow-radnear-az270,ellow-radmid-az180,302,57,51,,,
418,p0418,ellow-radnear-az270,ellow-radmid-az225,305,46,59,,,
419,p0419,ellow-radnear-az270,ellow-radmid-az270,292,62,56,,,
420,p0420,ellow-radnear-az270,ellow-radmid-az315,302,45,63,,,
421,p0421,ellow-radnear-az270,ellow-radfar-az000,286,55,69,,,
422,p0422,ellow-radnear-az270,ellow-radfar-az045,298,60,52,,,
423,p0423,ellow-radnear-az270,ellow-radfar-az090,290,62,58,,,
424,p0424,ellow-radnear-az270,ellow-radfar-az135,295,49,66,,,
425,p0425,ellow-radnear-az270,ellow-radfar-az180,295,60,55,,,
426,p0426,ellow-radnear-az270,ellow-radfar-az225,291,59,60,,,
427,p0427,ellow-radnear-az270,ellow-radfar-az270,287,61,62,,,
428,p0428,ellow-radnear-az270,ellow-radfar-az315,299,53,58,,,
429,p0429,ellow-radnear-az270,elmid-radnear-az000,298,61,51,,,
430,p0430,ellow-radnear-az270,elmid-radnear-az045,288,60,62,,,
431,p0431,ellow-radnear-az270,elmid-radnear-az090,300,49,61,,,
432,p0432,ellow-radnear-az270,elmid-radnear-az135,292,45,73,,,
433,p0433,ellow-radnear-az270,elmid-radnear-az180,294,54,62,,,
434,p0434,ellow-radnear-az270,elmid-radnear-az225,296,59,55,,,
435,p0435,ellow-radnear-az270,elmid-radnear-az270,284,53,73,,,
436,p0436,ellow-radnear-az270,elmid-radnear-az315,292,55,63,,,
437,p0437,ellow-radnear-az270,elmid-radmid-az000,288,50,72,,,
438,p0438,ellow-radnear-az270,elmid-radmid-az045,285,60,65,,,
439,p0439,ellow-radnear-az270,elmid-radmid-az090,290,61,59,,,
440,p0440,ellow-radnear-az270,elmid-radmid-az135,297,63,50,,,
441,p0441,ellow-radnear-az270,elmid-radmid-az180,299,50,61,,,
442,p0442,ellow-radnear-az270,elmid-radmid-az225,301,57,52,,,
443,p0443,ellow-radnear-az270,elmid-radmid-az270,288,52,70,,,
444,p0444,ellow-radnear-az270,elmid-radmid-az315,296,55,59,,,
445,p0445,ellow-radnear-az270,elmid-radfar-az000,299,54,57,,,
446,p0446,ellow-radnear-az270,elmid-radfar-az045,289,61,60,,,
447,p0447,ellow-radnear-az270,elmid-radfar-az090,289,62,59,,,
448,p0448,ellow-radnear-az270,elmid-radfar-az135,296,53,61,,,
449,p0449,ellow-radnear-az270,elmid-radfar-az180,301,53,56,,,
450,p0450,ellow-radnear-az270,elmid-radfar-az225,283,61,66,,,
451,p0451,ellow-radnear-az270,elmid-radfar-az270,295,59,56,,,
452,p0452,ellow-radnear-az270,elmid-radfar-az315,298,56,56,,,
453,p0453,ellow-radnear-az270,elhigh-radnear-az000,291,55,64,,,
454,p0454,ellow-radnear-az270,elhigh-radnear-az045,302,55,53,,,
455,p0455,ellow-radnear-az270,elhigh-radnear-az090,291,61,58,,,
456,p0456,ellow-radnear-az270,elhigh-radnear-az135,287,61,62,,,
457,p0457,ellow-radnear-az270,elhigh-radnear-az180,296,53,61,,,
458,p0458,ellow-radnear-az270,elhigh-radnear-az225,281,63,66,,,
459,p0459,ellow-radnear-az270,elhigh-radnear-az270,293,57,60,,,
460,p0460,ellow-radnear-az270,elhigh-radnear-az315,290,61,59,,,
461,p0461,ellow-radnear-az270,elhigh-radmid-az000,287,50,73,,,
462,p0462,ellow-radnear-az270,elhigh-radmid-az045,297,53,60,,,
463,p0463,ellow-radnear-az270,elhigh-radmid-az090,291,55,64,,,
464,p0464,ellow-radnear-az270,elhigh-radmid-az135,291,59,60,,,
465,p0465,ellow-radnear-az270,elhigh-radmid-az180,286,64,60,,,
466,p0466,ellow-radnear-az270,elhigh-radmid-az225,280,64,66,,,
467,p0467,ellow-radnear-az270,elhigh-radmid-az270,297,56,57,,,
468,p0468,ellow-radnear-az270,elhigh-radmid-az315,300,56,54,,,
469,p0469,ellow-radnear-az270,elhigh-radfar-az000,304,47,59,,,
470,p0470,ellow-radnear-az270,elhigh-radfar-az045,273,68,69,,,
471,p0471,ellow-radnear-az270,elhigh-radfar-az090,297,54,59,,,
472,p0472,ellow-radnear-az270,elhigh-radfar-az135,303,52,55,,,
473,p0473,ellow-radnear-az270,elhigh-radfar-az180,297,58,55,,,
474,p0474,ellow-radnear-az270,elhigh-radfar-az225,300,53,57,,,
475,p0475,ellow-radnear-az270,elhigh-radfar-az270,294,56,60,,,
476,p0476,ellow-radnear-az270,elhigh-radfar-az315,294,56,60,,,
477,p0477,ellow-radnear-az315,ellow-radmid-az000,287,63,60,,,
478,p0478,ellow-radnear-az315,ellow-radmid-az045,283,61,66,,,
479,p0479,ellow-radnear-az315,ellow-radmid-az090,287,62,61,,,
480,p0480,ellow-radnear-az315,ellow-radmid-az135,286,65,59,,,
481,p0481,ellow-radnear-az315,ellow-radmid-az180,292,68,50,,,
482,p0482,ellow-radnear-az315,ellow-radmid-az225,295,57,58,,,
483,p0483,ellow-radnear-az315,ellow-radmid-az270,282,73,55,,,
484,p0484,ellow-radnear-az315,ellow-radmid-az315,292,56,62,,,
485,p0485,ellow-radnear-az315,ellow-radfar-az000,276,66,68,,,
486,p0486,ellow-radnear-az315,ellow-radfar-az045,288,71,51,,,
487,p0487,ellow-radnear-az315,ellow-radfar-az090,280,73,57,,,
488,p0488,ellow-radnear-az315,ellow-radfar-az135,285,60,65,,,
489,p0489,ellow-radnear-az315,ellow-radfar-az180,285,71,54,,,
490,p0490,ellow-radnear-az315,ellow-radfar-az225,281,70,59,,,
491,p0491,ellow-radnear-az315,ellow-radfar-az270,277,72,61,,,
492,p0492,ellow-radnear-az315,ellow-radfar-az315,289,64,57,,,
493,p0493,ellow-radnear-az315,elmid-radnear-az000,288,72,50,,,
494,p0494,ellow-radnear-az315,elmid-radnear-az045,278,71,61,,,
495,p0495,ellow-radnear-az315,elmid-radnear-az090,290,60,60,,,
496,p0496,ellow-radnear-az315,elmid-radnear-az135,282,56,72,,,
497,p0497,ellow-radnear-az315,elmid-radnear-az180,284,65,61,,,
498,p0498,ellow-radnear-az315,elmid-radnear-az225,286,70,54,,,
499,p0499,ellow-radnear-az315,elmid-radnear-az270,274,64,72,,,
500,p0500,ellow-radnear-az315,elmid-radnear-az315,282,66,62,,,
501,p0501,ellow-radnear-az315,elmid-radmid-az000,278,61,71,,,
502,p0502,ellow-radnear-az315,elmid-radmid-az045,275,71,64,,,
503,p0503,ellow-radnear-az315,elmid-radmid-az090,280,72,58,,,
504,p0504,ellow-radnear-az315,elmid-radmid-az135,287,74,49,,,
505,p0505,ellow-radnear-az315,elmid-radmid-az180,289,61,60,,,
506,p0506,ellow-radnear-az315,elmid-radmid-az225,291,68,51,,,
507,p0507,ellow-radnear-az315,elmid-radmid-az270,278,63,69,,,
508,p0508,ellow-radnear-az315,elmid-radmid-az315,286,66,58,,,
509,p0509,ellow-radnear-az315,elmid-radfar-az000,289,65,56,,,
510,p0510,ellow-radnear-az315,elmid-radfar-az045,279,72,59,,,
511,p0511,ellow-radnear-az315,elmid-radfar-az090,279,73,58,,,
512,p0512,ellow-radnear-az315,elmid-radfar-az135,286,64,60,,,
513,p0513,ellow-radnear-az315,elmid-radfar-az180,291,64,55,,,
514,p0514,ellow-radnear-az315,elmid-radfar-az225,273,72,65,,,
515,p0515,ellow-radnear-az315,elmid-radfar-az270,285,70,55,,,
516,p0516,ellow-radnear-az315,elmid-radfar-az315,288,67,55,,,
517,p0517,ellow-radnear-az315,elhigh-radnear-az000,281,66,63,,,
518,p0518,ellow-radnear-az315,elhigh-radnear-az045,292,66,52,,,
519,p0519,ellow-radnear-az315,elhigh-radnear-az090,281,72,57,,,
520,p0520,ellow-radnear-az315,elhigh-radnear-az135,277,72,61,,,
521,p0521,ellow-radnear-az315,elhigh-radnear-az180,286,64,60,,,
522,p0522,ellow-radnear-az315,elhigh-radnear-az225,271,74,65,,,
523,p0523,ellow-radnear-az315,elhigh-radnear-az270,283,68,59,,,
524,p0524,ellow-radnear-az315,elhigh-radnear-az315,280,72,58,,,
525,p0525,ellow-radnear-az315,elhigh-radmid-az000,277,61,72,,,
526,p0526,ellow-radnear-az315,elhigh-radmid-az045,287,64,59,,,
527,p0527,ellow-radnear-az315,elhigh-radmid-az090,281,66,63,,,
528,p0528,ellow-radnear-az315,elhigh-radmid-az135,281,70,59,,,
529,p0529,ellow-radnear-az315,elhigh-radmid-az180,276,75,59,,,
530,p0530,ellow-radnear-az315,elhigh-radmid-az225,270,75,65,,,
531,p0531,ellow-radnear-az315,elhigh-radmid-az270,287,67,56,,,
532,p0532,ellow-radnear-az315,elhigh-radmid-az315,290,67,53,,,
533,p0533,ellow-radnear-az315,elhigh-radfar-az000,294,58,58,,,
534,p0534,ellow-radnear-az315,elhigh-radfar-az045,263,79,68,,,
535,p0535,ellow-radnear-az315,elhigh-radfar-az090,287,65,58,,,
536,p0536,ellow-radnear-az315,elhigh-radfar-az135,293,63,54,,,
537,p0537,ellow-radnear-az315,elhigh-radfar-az180,287,69,54,,,
538,p0538,ellow-radnear-az315,elhigh-radfar-az225,290,64,56,,,
539,p0539,ellow-radnear-az315,elhigh-radfar-az270,284,67,59,,,
540,p0540,ellow-radnear-az315,elhigh-radfar-az315,284,67,59,,,
541,p0541,ellow-radmid-az000,ellow-radmid-az045,290,52,68,,,
542,p0542,ellow-radmid-az000,ellow-radmid-az090,294,53,63,,,
543,p0543,ellow-radmid-az000,ellow-radmid-az135,293,56,61,,,
544,p0544,ellow-radmid-az000,ellow-radmid-az180,299,59,52,,,
545,p0545,ellow-radmid-az000,ellow-radmid-az225,302,48,60,,,
546,p0546,ellow-radmid-az000,ellow-radmid-az270,289,64,57,,,
547,p0547,ellow-radmid-az000,ellow-radmid-az315,299,47,64,,,
548,p0548,ellow-radmid-az000,ellow-radfar-az000,283,57,70,,,
549,p0549,ellow-radmid-az000,ellow-radfar-az045,295,62,53,,,
550,p0550,ellow-radmid-az000,ellow-radfar-az090,287,64,59,,,
551,p0551,ellow-radmid-az000,ellow-radfar-az135,292,51,67,,,
552,p0552,ellow-radmid-az000,ellow-radfar-az180,292,62,56,,,
553,p0553,ellow-radmid-az000,ellow-radfar-az225,288,61,61,,,
554,p0554,ellow-radmid-az000,ellow-radfar-az270,284,63,63,,,
555,p0555,ellow-radmid-az000,ellow-radfar-az315,296,55,59,,,
556,p0556,ellow-radmid-az000,elmid-radnear-az000,295,63,52,,,
557,p0557,ellow-radmid-az000,elmid-radnear-az045,285,62,63,,,
558,p0558,ellow-radmid-az000,elmid-radnear-az090,297,51,62,,,
559,p0559,ellow-radmid-az000,elmid-radnear-az135,289,47,74,,,
560,p0560,ellow-radmid-az000,elmid-radnear-az180,291,56,63,,,
561,p0561,ellow-radmid-az000,elmid-radnear-az225,293,61,56,,,
562,p0562,ellow-radmid-az000,elmid-radnear-az270,281,55,74,,,
563,p0563,ellow-radmid-az000,elmid-radnear-az315,289,57,64,,,
564,p0564,ellow-radmid-az000,elmid-radmid-az000,285,52,73,,,
565,p0565,ellow-radmid-az000,elmid-radmid-az045,282,62,66,,,
566,p0566,ellow-radmid-az000,elmid-radmid-az090,287,63,60,,,
567,p0567,ellow-radmid-az000,elmid-radmid-az135,294,65,51,,,
568,p0568,ellow-radmid-az000,elmid-radmid-az180,296,52,62,,,
569,p0569,ellow-radmid-az000,elmid-radmid-az225,298,59,53,,,
570,p0570,ellow-radmid-az000,elmid-radmid-az270,285,54,71,,,
571,p0571,ellow-radmid-az000,elmid-radmid-az315,293,57,60,,,
572,p0572,ellow-radmid-az000,elmid-radfar-az000,296,56,58,,,
573,p0573,ellow-radmid-az000,elmid-radfar-az045,286,63,61,,,
574,p0574,ellow-radmid-az000,elmid-radfar-az090,286,64,60,,,
575,p0575,ellow-radmid-az000,elmid-radfar-az135,293,55,62,,,
576,p0576,ellow-radmid-az000,elmid-radfar-az180,298,55,57,,,
577,p0577,ellow-radmid-az000,elmid-radfar-az225,280,63,67,,,
578,p0578,ellow-radmid-az000,elmid-radfar-az270,292,61,57,,,
579,p0579,ellow-radmid-az000,elmid-radfar-az315,295,58,57,,,
580,p0580,ellow-radmid-az000,elhigh-radnear-az000,288,57,65,,,
581,p0581,ellow-radmid-az000,elhigh-radnear-az045,299,57,54,,,
582,p0582,ellow-radmid-az000,elhigh-radnear-az090,288,63,59,,,
583,p0583,ellow-radmid-az000,elhigh-radnear-az135,284,63,63,,,
584,p0584,ellow-radmid-az000,elhigh-radnear-az180,293,55,62,,,
585,p0585,ellow-radmid-az000,elhigh-radnear-az225,278,65,67,,,
586,p0586,ellow-radmid-az000,elhigh-radnear-az270,290,59,61,,,
587,p0587,ellow-radmid-az000,elhigh-radnear-az315,287,63,60,,,
588,p0588,ellow-radmid-az000,elhigh-radmid-az000,284,52,74,,,
589,p0589,ellow-radmid-az000,elhigh-radmid-az045,294,55,61,,,
590,p0590,ellow-radmid-az000,elhigh-radmid-az090,288,57,65,,,
591,p0591,ellow-radmid-az000,elhigh-radmid-az135,288,61,61,,,
592,p0592,ellow-radmid-az000,elhigh-radmid-az180,283,66,61,,,
593,p0593,ellow-radmid-az000,elhigh-radmid-az225,277,66,67,,,
594,p0594,ellow-radmid-az000,elhigh-radmid-az270,294,58,58,,,
595,p0595,ellow-radmid-az000,elhigh-radmid-az315,297,58,55,,,
596,p0596,ellow-radmid-az000,elhigh-radfar-az000,301,49,60,,,
597,p0597,ellow-radmid-az000,elhigh-radfar-az045,270,70,70,,,
598,p0598,ellow-radmid-az000,elhigh-radfar-az090,294,56,60,,,
599,p0599,ellow-radmid-az000,elhigh-radfar-az135,300,54,56,,,
600,p0600,ellow-radmid-az000,elhigh-radfar-az180,294,60,56,,,
601,p0601,ellow-radmid-az000,elhigh-radfar-az225,297,55,58,,,
602,p0602,ellow-radmid-az000,elhigh-radfar-az270,291,58,61,,,
603,p0603,ellow-radmid-az000,elhigh-radfar-az315,291,58,61,,,
604,p0604,ellow-radmid-az045,ellow-radmid-az090,290,51,69,,,
605,p0605,ellow-radmid-az045,ellow-radmid-az135,289,54,67,,,
606,p0606,ellow-radmid-az045,ellow-radmid-az180,295,57,58,,,
607,p0607,ellow-radmid-az045,ellow-radmid-az225,298,46,66,,,
608,p0608,ellow-radmid-az045,ellow-radmid-az270,285,62,63,,,
609,p0609,ellow-radmid-az045,ellow-radmid-az315,295,45,70,,,
610,p0610,ellow-radmid-az045,ellow-radfar-az000,279,55,76,,,
611,p0611,ellow-radmid-az045,ellow-radfar-az045,291,60,59,,,
612,p0612,ellow-radmid-az045,ellow-radfar-az090,283,62,65,,,
613,p0613,ellow-radmid-az045,ellow-radfar-az135,288,49,73,,,
614,p0614,ellow-radmid-az045,ellow-radfar-az180,288,60,62,,,
615,p0615,ellow-radmid-az045,ellow-radfar-az225,284,59,67,,,
616,p0616,ellow-radmid-az045,ellow-radfar-az270,280,61,69,,,
617,p0617,ellow-radmid-az045,ellow-radfar-az315,292,53,65,,,
618,p0618,ellow-radmid-az045,elmid-radnear-az000,291,61,58,,,
619,p0619,ellow-radmid-az045,elmid-radnear-az045,281,60,69,,,
620,p0620,ellow-radmid-az045,elmid-radnear-az090,293,49,68,,,
621,p0621,ellow-radmid-az045,elmid-radnear-az135,285,45,80,,,
622,p0622,ellow-radmid-az045,elmid-radnear-az180,287,54,69,,,
623,p0623,ellow-radmid-az045,elmid-radnear-az225,289,59,62,,,
624,p0624,ellow-radmid-az045,elmid-radnear-az270,277,53,80,,,
625,p0625,ellow-radmid-az045,elmid-radnear-az315,285,55,70,,,
626,p0626,ellow-radmid-az045,elmid-radmid-az000,281,50,79,,,
627,p0627,ellow-radmid-az045,elmid-radmid-az045,278,60,72,,,
628,p0628,ellow-radmid-az045,elmid-radmid-az090,283,61,66,,,
629,p0629,ellow-radmid-az045,elmid-radmid-az135,290,63,57,,,
630,p0630,ellow-radmid-az045,elmid-radmid-az180,292,50,68,,,
631,p0631,ellow-radmid-az045,elmid-radmid-az225,294,57,59,,,
632,p0632,ellow-radmid-az045,elmid-radmid-az270,281,52,77,,,
633,p0633,ellow-radmid-az045,elmid-radmid-az315,289,55,66,,,
634,p0634,ellow-radmid-az045,elmid-radfar-az000,292,54,64,,,
635,p0635,ellow-radmid-az045,elmid-radfar-az045,282,61,67,,,
636,p0636,ellow-radmid-az045,elmid-radfar-az090,282,62,66,,,
637,p0637,ellow-radmid-az045,elmid-radfar-az135,289,53,68,,,
638,p0638,ellow-radmid-az045,elmid-radfar-az180,294,53,63,,,
639,p0639,ellow-radmid-az045,elmid-radfar-az225,276,61,73,,,
640,p0640,ellow-radmid-az045,elmid-radfar-az270,288,59,63,,,
641,p0641,ellow-radmid-az045,elmid-radfar-az315,291,56,63,,,
642,p0642,ellow-radmid-az045,elhigh-radnear-az000,284,55,71,,,
643,p0643,ellow-radmid-az045,elhigh-radnear-az045,295,55,60,,,
644,p0644,ellow-radmid-az045,elhigh-radnear-az090,284,61,65,,,
645,p0645,ellow-radmid-az045,elhigh-radnear-az135,280,61,69,,,
646,p0646,ellow-radmid-az045,elhigh-radnear-az180,289,53,68,,,
647,p0647,ellow-radmid-az045,elhigh-radnear-az225,274,63,73,,,
648,p0648,ellow-radmid-az045,elhigh-radnear-az270,286,57,67,,,
649,p0649,ellow-radmid-az045,elhigh-radnear-az315,283,61,66,,,
650,p0650,ellow-radmid-az045,elhigh-radmid-az000,280,50,80,,,
651,p0651,ellow-radmid-az045,elhigh-radmid-az045,290,53,67,,,
652,p0652,ellow-radmid-az045,elhigh-radmid-az090,284,55,71,,,
653,p0653,ellow-radmid-az045,elhigh-radmid-az135,284,59,67,,,
654,p0654,ellow-radmid-az045,elhigh-radmid-az180,279,64,67,,,
655,p0655,ellow-radmid-az045,elhigh-radmid-az225,273,64,73,,,
656,p0656,ellow-radmid-az045,elhigh-radmid-az270,290,56,64,,,
657,p0657,ellow-radmid-az045,elhigh-radmid-az315,293,56,61,,,
658,p0658,ellow-radmid-az045,elhigh-radfar-az000,297,47,66,,,
659,p0659,ellow-radmid-az045,elhigh-radfar-az045,266,68,76,,,
660,p0660,ellow-radmid-az045,elhigh-radfar-az090,290,54,66,,,
661,p0661,ellow-radmid-az045,elhigh-radfar-az135,296,52,62,,,
662,p0662,ellow-radmid-az045,elhigh-radfar-az180,290,58,62,,,
663,p0663,ellow-radmid-az045,elhigh-radfar-az225,293,53,64,,,
664,p0664,ellow-radmid-az045,elhigh-radfar-az270,287,56,67,,,
665,p0665,ellow-radmid-az045,elhigh-radfar-az315,287,56,67,,,
666,p0666,ellow-radmid-az090,ellow-radmid-az135,293,55,62,,,
667,p0667,ellow-radmid-az090,ellow-radmid-az180,299,58,53,,,
668,p0668,ellow-radmid-az090,ellow-radmid-az225,302,47,61,,,
669,p0669,ellow-radmid-az090,ellow-radmid-az270,289,63,58,,,
670,p0670,ellow-radmid-az090,ellow-radmid-az315,299,46,65,,,
671,p0671,ellow-radmid-az090,ellow-radfar-az000,283,56,71,,,
672,p0672,ellow-radmid-az090,ellow-radfar-az045,295,61,54,,,
673,p0673,ellow-radmid-az090,ellow-radfar-az090,287,63,60,,,
674,p0674,ellow-radmid-az090,ellow-radfar-az135,292,50,68,,,
675,p0675,ellow-radmid-az090,ellow-radfar-az180,292,61,57,,,
676,p0676,ellow-radmid-az090,ellow-radfar-az225,288,60,62,,,
677,p0677,ellow-radmid-az090,ellow-radfar-az270,284,62,64,,,
678,p0678,ellow-radmid-az090,ellow-radfar-az315,296,54,60,,,
679,p0679,ellow-radmid-az090,elmid-radnear-az000,295,62,53,,,
680,p0680,ellow-radmid-az090,elmid-radnear-az045,285,61,64,,,
681,p0681,ellow-radmid-az090,elmid-radnear-az090,297,50,63,,,
682,p0682,ellow-radmid-az090,elmid-radnear-az135,289,46,75,,,
683,p0683,ellow-radmid-az090,elmid-radnear-az180,291,55,64,,,
684,p0684,ellow-radmid-az090,elmid-radnear-az225,293,60,57,,,
685,p0685,ellow-radmid-az090,elmid-radnear-az270,281,54,75,,,
686,p0686,ellow-radmid-az090,elmid-radnear-az315,289,56,65,,,
687,p0687,ellow-radmid-az090,elmid-radmid-az000,285,51,74,,,
688,p0688,ellow-radmid-az090,elmid-radmid-az045,282,61,67,,,
689,p0689,ellow-radmid-az090,elmid-radmid-az090,287,62,61,,,
690,p0690,ellow-radmid-az090,elmid-radmid-az135,294,64,52,,,
691,p0691,ellow-radmid-az090,elmid-radmid-az180,296,51,63,,,
692,p0692,ellow-radmid-az090,elmid-radmid-az225,298,58,54,,,
693,p0693,ellow-radmid-az090,elmid-radmid-az270,285,53,72,,,
694,p0694,ellow-radmid-az090,elmid-radmid-az315,293,56,61,,,
695,p0695,ellow-radmid-az090,elmid-radfar-az000,296,55,59,,,
696,p0696,ellow-radmid-az090,elmid-radfar-az045,286,62,62,,,
697,p0697,ellow-radmid-az090,elmid-radfar-az090,286,63,61,,,
698,p0698,ellow-radmid-az090,elmid-radfar-az135,293,54,63,,,
699,p0699,ellow-radmid-az090,elmid-radfar-az180,298,54,58,,,
700,p0700,ellow-radmid-az090,elmid-radfar-az225,280,62,68,,,
701,p0701,ellow-radmid-az090,elmid-radfar-az270,292,60,58,,,
702,p0702,ellow-radmid-az090,elmid-radfar-az315,295,57,58,,,
703,p0703,ellow-radmid-az090,elhigh-radnear-az000,288,56,66,,,
704,p0704,ellow-radmid-az090,elhigh-radnear-az045,299,56,55,,,
705,p0705,ellow-radmid-az090,elhigh-radnear-az090,288,62,60,,,
706,p0706,ellow-radmid-az090,elhigh-radnear-az135,284,62,64,,,
707,p0707,ellow-radmid-az090,elhigh-radnear-az180,293,54,63,,,
708,p0708,ellow-radmid-az090,elhigh-radnear-az225,278,64,68,,,
709,p0709,ellow-radmid-az090,elhigh-radnear-az270,290,58,62,,,
710,p0710,ellow-radmid-az090,elhigh-radnear-az315,287,62,61,,,
711,p0711,ellow-radmid-az090,elhigh-radmid-az000,284,51,75,,,
712,p0712,ellow-radmid-az090,elhigh-radmid-az045,294,54,62,,,
713,p0713,ellow-radmid-az090,elhigh-radmid-az090,288,56,66,2,elevation_only,"Same azimuth/radius, different elevation, to isolate vertical diversity."
714,p0714,ellow-radmid-az090,elhigh-radmid-az135,288,60,62,,,
715,p0715,ellow-radmid-az090,elhigh-radmid-az180,283,65,62,,,
716,p0716,ellow-radmid-az090,elhigh-radmid-az225,277,65,68,,,
717,p0717,ellow-radmid-az090,elhigh-radmid-az270,294,57,59,,,
718,p0718,ellow-radmid-az090,elhigh-radmid-az315,297,57,56,,,
719,p0719,ellow-radmid-az090,elhigh-radfar-az000,301,48,61,,,
720,p0720,ellow-radmid-az090,elhigh-radfar-az045,270,69,71,,,
721,p0721,ellow-radmid-az090,elhigh-radfar-az090,294,55,61,,,
722,p0722,ellow-radmid-az090,elhigh-radfar-az135,300,53,57,,,
723,p0723,ellow-radmid-az090,elhigh-radfar-az180,294,59,57,,,
724,p0724,ellow-radmid-az090,elhigh-radfar-az225,297,54,59,,,
725,p0725,ellow-radmid-az090,elhigh-radfar-az270,291,57,62,,,
726,p0726,ellow-radmid-az090,elhigh-radfar-az315,291,57,62,,,
727,p0727,ellow-radmid-az135,ellow-radmid-az180,298,61,51,,,
728,p0728,ellow-radmid-az135,ellow-radmid-az225,301,50,59,,,
729,p0729,ellow-radmid-az135,ellow-radmid-az270,288,66,56,,,
730,p0730,ellow-radmid-az135,ellow-radmid-az315,298,49,63,,,
731,p0731,ellow-radmid-az135,ellow-radfar-az000,282,59,69,,,
732,p0732,ellow-radmid-az135,ellow-radfar-az045,294,64,52,,,
733,p0733,ellow-radmid-az135,ellow-radfar-az090,286,66,58,,,
734,p0734,ellow-radmid-az135,ellow-radfar-az135,291,53,66,,,
735,p0735,ellow-radmid-az135,ellow-radfar-az180,291,64,55,,,
736,p0736,ellow-radmid-az135,ellow-radfar-az225,287,63,60,,,
737,p0737,ellow-radmid-az135,ellow-radfar-az270,283,65,62,,,
738,p0738,ellow-radmid-az135,ellow-radfar-az315,295,57,58,,,
739,p0739,ellow-radmid-az135,elmid-radnear-az000,294,65,51,,,
740,p0740,ellow-radmid-az135,elmid-radnear-az045,284,64,62,,,
741,p0741,ellow-radmid-az135,elmid-radnear-az090,296,53,61,,,
742,p0742,ellow-radmid-az135,elmid-radnear-az135,288,49,73,,,
743,p0743,ellow-radmid-az135,elmid-radnear-az180,290,58,62,,,
744,p0744,ellow-radmid-az135,elmid-radnear-az225,292,63,55,,,
745,p0745,ellow-radmid-az135,elmid-radnear-az270,280,57,73,,,
746,p0746,ellow-radmid-az135,elmid-radnear-az315,288,59,63,,,
747,p0747,ellow-radmid-az135,elmid-radmid-az000,284,54,72,,,
748,p0748,ellow-radmid-az135,elmid-radmid-az045,281,64,65,,,
749,p0749,ellow-radmid-az135,elmid-radmid-az090,286,65,59,,,
750,p0750,ellow-radmid-az135,elmid-radmid-az135,293,67,50,,,
751,p0751,ellow-radmid-az135,elmid-radmid-az180,295,54,61,,,
752,p0752,ellow-radmid-az135,elmid-radmid-az225,297,61,52,,,
753,p0753,ellow-radmid-az135,elmid-radmid-az270,284,56,70,,,
754,p0754,ellow-radmid-az135,elmid-radmid-az315,292,59,59,,,
755,p0755,ellow-radmid-az135,elmid-radfar-az000,295,58,57,,,
756,p0756,ellow-radmid-az135,elmid-radfar-az045,285,65,60,,,
757,p0757,ellow-radmid-az135,elmid-radfar-az090,285,66,59,,,
758,p0758,ellow-radmid-az135,elmid-radfar-az135,292,57,61,,,
759,p0759,ellow-radmid-az135,elmid-radfar-az180,297,57,56,,,
760,p0760,ellow-radmid-az135,elmid-radfar-az225,279,65,66,,,
761,p0761,ellow-radmid-az135,elmid-radfar-az270,291,63,56,,,
762,p0762,ellow-radmid-az135,elmid-radfar-az315,294,60,56,,,
763,p0763,ellow-radmid-az135,elhigh-radnear-az000,287,59,64,,,
764,p0764,ellow-radmid-az135,elhigh-radnear-az045,298,59,53,,,
765,p0765,ellow-radmid-az135,elhigh-radnear-az090,287,65,58,,,
766,p0766,ellow-radmid-az135,elhigh-radnear-az135,283,65,62,,,
767,p0767,ellow-radmid-az135,elhigh-radnear-az180,292,57,61,,,
768,p0768,ellow-radmid-az135,elhigh-radnear-az225,277,67,66,,,
769,p0769,ellow-radmid-az135,elhigh-radnear-az270,289,61,60,,,
770,p0770,ellow-radmid-az135,elhigh-radnear-az315,286,65,59,,,
771,p0771,ellow-radmid-az135,elhigh-radmid-az000,283,54,73,,,
772,p0772,ellow-radmid-az135,elhigh-radmid-az045,293,57,60,,,
773,p0773,ellow-radmid-az135,elhigh-radmid-az090,287,59,64,,,
774,p0774,ellow-radmid-az135,elhigh-radmid-az135,287,63,60,,,
775,p0775,ellow-radmid-az135,elhigh-radmid-az180,282,68,60,,,
776,p0776,ellow-radmid-az135,elhigh-radmid-az225,276,68,66,,,
777,p0777,ellow-radmid-az135,elhigh-radmid-az270,293,60,57,,,
778,p0778,ellow-radmid-az135,elhigh-radmid-az315,296,60,54,,,
779,p0779,ellow-radmid-az135,elhigh-radfar-az000,300,51,59,,,
780,p0780,ellow-radmid-az135,elhigh-radfar-az045,269,72,69,,,
781,p0781,ellow-radmid-az135,elhigh-radfar-az090,293,58,59,,,
782,p0782,ellow-radmid-az135,elhigh-radfar-az135,299,56,55,,,
783,p0783,ellow-radmid-az135,elhigh-radfar-az180,293,62,55,,,
784,p0784,ellow-radmid-az135,elhigh-radfar-az225,296,57,57,,,
785,p0785,ellow-radmid-az135,elhigh-radfar-az270,290,60,60,,,
786,p0786,ellow-radmid-az135,elhigh-radfar-az315,290,60,60,,,
787,p0787,ellow-radmid-az180,ellow-radmid-az225,307,53,50,,,
788,p0788,ellow-radmid-az180,ellow-radmid-az270,294,69,47,,,
789,p0789,ellow-radmid-az180,ellow-radmid-az315,304,52,54,,,
790,p0790,ellow-radmid-az180,ellow-radfar-az000,288,62,60,,,
791,p0791,ellow-radmid-az180,ellow-radfar-az045,300,67,43,,,
792,p0792,ellow-radmid-az180,ellow-radfar-az090,292,69,49,,,
793,p0793,ellow-radmid-az180,ellow-radfar-az135,297,56,57,,,
794,p0794,ellow-radmid-az180,ellow-radfar-az180,297,67,46,,,
795,p0795,ellow-radmid-az180,ellow-radfar-az225,293,66,51,,,
796,p0796,ellow-radmid-az180,ellow-radfar-az270,289,68,53,,,
797,p0797,ellow-radmid-az180,ellow-radfar-az315,301,60,49,,,
798,p0798,ellow-radmid-az180,elmid-radnear-az000,300,68,42,,,
799,p0799,ellow-radmid-az180,elmid-radnear-az045,290,67,53,,,
800,p0800,ellow-radmid-az180,elmid-radnear-az090,302,56,52,,,
801,p0801,ellow-radmid-az180,elmid-radnear-az135,294,52,64,,,
802,p0802,ellow-radmid-az180,elmid-radnear-az180,296,61,53,,,
803,p0803,ellow-radmid-az180,elmid-radnear-az225,298,66,46,,,
804,p0804,ellow-radmid-az180,elmid-radnear-az270,286,60,64,,,
805,p0805,ellow-radmid-az180,elmid-radnear-az315,294,62,54,,,
806,p0806,ellow-radmid-az180,elmid-radmid-az000,290,57,63,,,
807,p0807,ellow-radmid-az180,elmid-radmid-az045,287,67,56,,,
808,p0808,ellow-radmid-az180,elmid-radmid-az090,292,68,50,,,
809,p0809,ellow-radmid-az180,elmid-radmid-az135,299,70,41,,,
810,p0810,ellow-radmid-az180,elmid-radmid-az180,301,57,52,,,
811,p0811,ellow-radmid-az180,elmid-radmid-az225,303,64,43,,,
812,p0812,ellow-radmid-az180,elmid-radmid-az270,290,59,61,,,
813,p0813,ellow-radmid-az180,elmid-radmid-az315,298,62,50,,,
814,p0814,ellow-radmid-az180,elmid-radfar-az000,301,61,48,,,
815,p0815,ellow-radmid-az180,elmid-radfar-az045,291,68,51,,,
816,p0816,ellow-radmid-az180,elmid-radfar-az090,291,69,50,,,
817,p0817,ellow-radmid-az180,elmid-radfar-az135,298,60,52,,,
818,p0818,ellow-radmid-az180,elmid-radfar-az180,303,60,47,,,
819,p0819,ellow-radmid-az180,elmid-radfar-az225,285,68,57,,,
820,p0820,ellow-radmid-az180,elmid-radfar-az270,297,66,47,,,
821,p0821,ellow-radmid-az180,elmid-radfar-az315,300,63,47,,,
822,p0822,ellow-radmid-az180,elhigh-radnear-az000,293,62,55,,,
823,p0823,ellow-radmid-az180,elhigh-radnear-az045,304,62,44,,,
824,p0824,ellow-radmid-az180,elhigh-radnear-az090,293,68,49,,,
825,p0825,ellow-radmid-az180,elhigh-radnear-az135,289,68,53,,,
826,p0826,ellow-radmid-az180,elhigh-radnear-az180,298,60,52,,,
827,p0827,ellow-radmid-az180,elhigh-radnear-az225,283,70,57,,,
828,p0828,ellow-radmid-az180,elhigh-radnear-az270,295,64,51,,,
829,p0829,ellow-radmid-az180,elhigh-radnear-az315,292,68,50,,,
830,p0830,ellow-radmid-az180,elhigh-radmid-az000,289,57,64,,,
831,p0831,ellow-radmid-az180,elhigh-radmid-az045,299,60,51,,,
832,p0832,ellow-radmid-az180,elhigh-radmid-az090,293,62,55,,,
833,p0833,ellow-radmid-az180,elhigh-radmid-az135,293,66,51,,,
834,p0834,ellow-radmid-az180,elhigh-radmid-az180,288,71,51,,,
835,p0835,ellow-radmid-az180,elhigh-radmid-az225,282,71,57,,,
836,p0836,ellow-radmid-az180,elhigh-radmid-az270,299,63,48,,,
837,p0837,ellow-radmid-az180,elhigh-radmid-az315,302,63,45,,,
838,p0838,ellow-radmid-az180,elhigh-radfar-az000,306,54,50,,,
839,p0839,ellow-radmid-az180,elhigh-radfar-az045,275,75,60,,,
840,p0840,ellow-radmid-az180,elhigh-radfar-az090,299,61,50,,,
841,p0841,ellow-radmid-az180,elhigh-radfar-az135,305,59,46,,,
842,p0842,ellow-radmid-az180,elhigh-radfar-az180,299,65,46,,,
843,p0843,ellow-radmid-az180,elhigh-radfar-az225,302,60,48,,,
844,p0844,ellow-radmid-az180,elhigh-radfar-az270,296,63,51,,,
845,p0845,ellow-radmid-az180,elhigh-radfar-az315,296,63,51,,,
846,p0846,ellow-radmid-az225,ellow-radmid-az270,297,58,55,,,
847,p0847,ellow-radmid-az225,ellow-radmid-az315,307,41,62,,,
848,p0848,ellow-radmid-az225,ellow-radfar-az000,291,51,68,,,
849,p0849,ellow-radmid-az225,ellow-radfar-az045,303,56,51,,,
850,p0850,ellow-radmid-az225,ellow-radfar-az090,295,58,57,,,
851,p0851,ellow-radmid-az225,ellow-radfar-az135,300,45,65,,,
852,p0852,ellow-radmid-az225,ellow-radfar-az180,300,56,54,,,
853,p0853,ellow-radmid-az225,ellow-radfar-az225,296,55,59,,,
854,p0854,ellow-radmid-az225,ellow-radfar-az270,292,57,61,,,
855,p0855,ellow-radmid-az225,ellow-radfar-az315,304,49,57,,,
856,p0856,ellow-radmid-az225,elmid-radnear-az000,303,57,50,,,
857,p0857,ellow-radmid-az225,elmid-radnear-az045,293,56,61,,,
858,p0858,ellow-radmid-az225,elmid-radnear-az090,305,45,60,,,
859,p0859,ellow-radmid-az225,elmid-radnear-az135,297,41,72,,,
860,p0860,ellow-radmid-az225,elmid-radnear-az180,299,50,61,,,
861,p0861,ellow-radmid-az225,elmid-radnear-az225,301,55,54,,,
862,p0862,ellow-radmid-az225,elmid-radnear-az270,289,49,72,,,
863,p0863,ellow-radmid-az225,elmid-radnear-az315,297,51,62,,,
864,p0864,ellow-radmid-az225,elmid-radmid-az000,293,46,71,,,
865,p0865,ellow-radmid-az225,elmid-radmid-az045,290,56,64,,,
866,p0866,ellow-radmid-az225,elmid-radmid-az090,295,57,58,,,
867,p0867,ellow-radmid-az225,elmid-radmid-az135,302,59,49,,,
868,p0868,ellow-radmid-az225,elmid-radmid-az180,304,46,60,,,
869,p0869,ellow-radmid-az225,elmid-radmid-az225,306,53,51,,,
870,p0870,ellow-radmid-az225,elmid-radmid-az270,293,48,69,,,
871,p0871,ellow-radmid-az225,elmid-radmid-az315,301,51,58,,,
872,p0872,ellow-radmid-az225,elmid-radfar-az000,304,50,56,,,
873,p0873,ellow-radmid-az225,elmid-radfar-az045,294,57,59,,,
874,p0874,ellow-radmid-az225,elmid-radfar-az090,294,58,58,,,
875,p0875,ellow-radmid-az225,elmid-radfar-az135,301,49,60,,,
876,p0876,ellow-radmid-az225,elmid-radfar-az180,306,49,55,,,
877,p0877,ellow-radmid-az225,elmid-radfar-az225,288,57,65,,,
878,p0878,ellow-radmid-az225,elmid-radfar-az270,300,55,55,,,
879,p0879,ellow-radmid-az225,elmid-radfar-az315,303,52,55,,,
880,p0880,ellow-radmid-az225,elhigh-radnear-az000,296,51,63,,,
881,p0881,ellow-radmid-az225,elhigh-radnear-az045,307,51,52,,,
882,p0882,ellow-radmid-az225,elhigh-radnear-az090,296,57,57,,,
883,p0883,ellow-radmid-az225,elhigh-radnear-az135,292,57,61,,,
884,p0884,ellow-radmid-az225,elhigh-radnear-az180,301,49,60,,,
885,p0885,ellow-radmid-az225,elhigh-radnear-az225,286,59,65,,,
886,p0886,ellow-radmid-az225,elhigh-radnear-az270,298,53,59,,,
887,p0887,ellow-radmid-az225,elhigh-radnear-az315,295,57,58,,,
888,p0888,ellow-radmid-az225,elhigh-radmid-az000,292,46,72,,,
889,p0889,ellow-radmid-az225,elhigh-radmid-az045,302,49,59,,,
890,p0890,ellow-radmid-az225,elhigh-radmid-az090,296,51,63,,,
891,p0891,ellow-radmid-az225,elhigh-radmid-az135,296,55,59,,,
892,p0892,ellow-radmid-az225,elhigh-radmid-az180,291,60,59,,,
893,p0893,ellow-radmid-az225,elhigh-radmid-az225,285,60,65,,,
894,p0894,ellow-radmid-az225,elhigh-radmid-az270,302,52,56,,,
895,p0895,ellow-radmid-az225,elhigh-radmid-az315,305,52,53,,,
896,p0896,ellow-radmid-az225,elhigh-radfar-az000,309,43,58,,,
897,p0897,ellow-radmid-az225,elhigh-radfar-az045,278,64,68,,,
898,p0898,ellow-radmid-az225,elhigh-radfar-az090,302,50,58,,,
899,p0899,ellow-radmid-az225,elhigh-radfar-az135,308,48,54,,,
900,p0900,ellow-radmid-az225,elhigh-radfar-az180,302,54,54,,,
901,p0901,ellow-radmid-az225,elhigh-radfar-az225,305,49,56,,,
902,p0902,ellow-radmid-az225,elhigh-radfar-az270,299,52,59,,,
903,p0903,ellow-radmid-az225,elhigh-radfar-az315,299,52,59,,,
904,p0904,ellow-radmid-az270,ellow-radmid-az315,294,57,59,,,
905,p0905,ellow-radmid-az270,ellow-radfar-az000,278,67,65,,,
906,p0906,ellow-radmid-az270,ellow-radfar-az045,290,72,48,,,
907,p0907,ellow-radmid-az270,ellow-radfar-az090,282,74,54,,,
908,p0908,ellow-radmid-az270,ellow-radfar-az135,287,61,62,,,
909,p0909,ellow-radmid-az270,ellow-radfar-az180,287,72,51,,,
910,p0910,ellow-radmid-az270,ellow-radfar-az225,283,71,56,,,
911,p0911,ellow-radmid-az270,ellow-radfar-az270,279,73,58,,,
912,p0912,ellow-radmid-az270,ellow-radfar-az315,291,65,54,,,
913,p0913,ellow-radmid-az270,elmid-radnear-az000,290,73,47,,,
914,p0914,ellow-radmid-az270,elmid-radnear-az045,280,72,58,,,
915,p0915,ellow-radmid-az270,elmid-radnear-az090,292,61,57,,,
916,p0916,ellow-radmid-az270,elmid-radnear-az135,284,57,69,,,
917,p0917,ellow-radmid-az270,elmid-radnear-az180,286,66,58,,,
918,p0918,ellow-radmid-az270,elmid-radnear-az225,288,71,51,,,
919,p0919,ellow-radmid-az270,elmid-radnear-az270,276,65,69,,,
920,p0920,ellow-radmid-az270,elmid-radnear-az315,284,67,59,,,
921,p0921,ellow-radmid-az270,elmid-radmid-az000,280,62,68,,,
922,p0922,ellow-radmid-az270,elmid-radmid-az045,277,72,61,,,
923,p0923,ellow-radmid-az270,elmid-radmid-az090,282,73,55,,,
924,p0924,ellow-radmid-az270,elmid-radmid-az135,289,75,46,,,
925,p0925,ellow-radmid-az270,elmid-radmid-az180,291,62,57,,,
926,p0926,ellow-radmid-az270,elmid-radmid-az225,293,69,48,,,
927,p0927,ellow-radmid-az270,elmid-radmid-az270,280,64,66,,,
928,p0928,ellow-radmid-az270,elmid-radmid-az315,288,67,55,,,
929,p0929,ellow-radmid-az270,elmid-radfar-az000,291,66,53,,,
930,p0930,ellow-radmid-az270,elmid-radfar-az045,281,73,56,,,
931,p0931,ellow-radmid-az270,elmid-radfar-az090,281,74,55,,,
932,p0932,ellow-radmid-az270,elmid-radfar-az135,288,65,57,,,
933,p0933,ellow-radmid-az270,elmid-radfar-az180,293,65,52,,,
934,p0934,ellow-radmid-az270,elmid-radfar-az225,275,73,62,,,
935,p0935,ellow-radmid-az270,elmid-radfar-az270,287,71,52,,,
936,p0936,ellow-radmid-az270,elmid-radfar-az315,290,68,52,,,
937,p0937,ellow-radmid-az270,elhigh-radnear-az000,283,67,60,,,
938,p0938,ellow-radmid-az270,elhigh-radnear-az045,294,67,49,,,
939,p0939,ellow-radmid-az270,elhigh-radnear-az090,283,73,54,,,
940,p0940,ellow-radmid-az270,elhigh-radnear-az135,279,73,58,,,
941,p0941,ellow-radmid-az270,elhigh-radnear-az180,288,65,57,,,
942,p0942,ellow-radmid-az270,elhigh-radnear-az225,273,75,62,,,
943,p0943,ellow-radmid-az270,elhigh-radnear-az270,285,69,56,,,
944,p0944,ellow-radmid-az270,elhigh-radnear-az315,282,73,55,,,
945,p0945,ellow-radmid-az270,elhigh-radmid-az000,279,62,69,,,
946,p0946,ellow-radmid-az270,elhigh-radmid-az045,289,65,56,,,
947,p0947,ellow-radmid-az270,elhigh-radmid-az090,283,67,60,,,
948,p0948,ellow-radmid-az270,elhigh-radmid-az135,283,71,56,,,
949,p0949,ellow-radmid-az270,elhigh-radmid-az180,278,76,56,,,
950,p0950,ellow-radmid-az270,elhigh-radmid-az225,272,76,62,,,
951,p0951,ellow-radmid-az270,elhigh-radmid-az270,289,68,53,,,
952,p0952,ellow-radmid-az270,elhigh-radmid-az315,292,68,50,,,
953,p0953,ellow-radmid-az270,elhigh-radfar-az000,296,59,55,,,
954,p0954,ellow-radmid-az270,elhigh-radfar-az045,265,80,65,,,
955,p0955,ellow-radmid-az270,elhigh-radfar-az090,289,66,55,,,
956,p0956,ellow-radmid-az270,elhigh-radfar-az135,295,64,51,,,
957,p0957,ellow-radmid-az270,elhigh-radfar-az180,289,70,51,,,
958,p0958,ellow-radmid-az270,elhigh-radfar-az225,292,65,53,,,
959,p0959,ellow-radmid-az270,elhigh-radfar-az270,286,68,56,,,
960,p0960,ellow-radmid-az270,elhigh-radfar-az315,286,68,56,,,
961,p0961,ellow-radmid-az315,ellow-radfar-az000,288,50,72,,,
962,p0962,ellow-radmid-az315,ellow-radfar-az045,300,55,55,,,
963,p0963,ellow-radmid-az315,ellow-radfar-az090,292,57,61,,,
964,p0964,ellow-radmid-az315,ellow-radfar-az135,297,44,69,,,
965,p0965,ellow-radmid-az315,ellow-radfar-az180,297,55,58,,,
966,p0966,ellow-radmid-az315,ellow-radfar-az225,293,54,63,,,
967,p0967,ellow-radmid-az315,ellow-radfar-az270,289,56,65,,,
968,p0968,ellow-radmid-az315,ellow-radfar-az315,301,48,61,,,
969,p0969,ellow-radmid-az315,elmid-radnear-az000,300,56,54,,,
970,p0970,ellow-radmid-az315,elmid-radnear-az045,290,55,65,,,
971,p0971,ellow-radmid-az315,elmid-radnear-az090,302,44,64,,,
972,p0972,ellow-radmid-az315,elmid-radnear-az135,294,40,76,,,
973,p0973,ellow-radmid-az315,elmid-radnear-az180,296,49,65,,,
974,p0974,ellow-radmid-az315,elmid-radnear-az225,298,54,58,,,
975,p0975,ellow-radmid-az315,elmid-radnear-az270,286,48,76,,,
976,p0976,ellow-radmid-az315,elmid-radnear-az315,294,50,66,,,
977,p0977,ellow-radmid-az315,elmid-radmid-az000,290,45,75,,,
978,p0978,ellow-radmid-az315,elmid-radmid-az045,287,55,68,,,
979,p0979,ellow-radmid-az315,elmid-radmid-az090,292,56,62,,,
980,p0980,ellow-radmid-az315,elmid-radmid-az135,299,58,53,,,
981,p0981,ellow-radmid-az315,elmid-radmid-az180,301,45,64,,,
982,p0982,ellow-radmid-az315,elmid-radmid-az225,303,52,55,,,
983,p0983,ellow-radmid-az315,elmid-radmid-az270,290,47,73,,,
984,p0984,ellow-radmid-az315,elmid-radmid-az315,298,50,62,,,
985,p0985,ellow-radmid-az315,elmid-radfar-az000,301,49,60,,,
986,p0986,ellow-radmid-az315,elmid-radfar-az045,291,56,63,,,
987,p0987,ellow-radmid-az315,elmid-radfar-az090,291,57,62,,,
988,p0988,ellow-radmid-az315,elmid-radfar-az135,298,48,64,,,
989,p0989,ellow-radmid-az315,elmid-radfar-az180,303,48,59,,,
990,p0990,ellow-radmid-az315,elmid-radfar-az225,285,56,69,,,
991,p0991,ellow-radmid-az315,elmid-radfar-az270,297,54,59,,,
992,p0992,ellow-radmid-az315,elmid-radfar-az315,300,51,59,,,
993,p0993,ellow-radmid-az315,elhigh-radnear-az000,293,50,67,,,
994,p0994,ellow-radmid-az315,elhigh-radnear-az045,304,50,56,,,
995,p0995,ellow-radmid-az315,elhigh-radnear-az090,293,56,61,,,
996,p0996,ellow-radmid-az315,elhigh-radnear-az135,289,56,65,,,
997,p0997,ellow-radmid-az315,elhigh-radnear-az180,298,48,64,,,
998,p0998,ellow-radmid-az315,elhigh-radnear-az225,283,58,69,,,
999,p0999,ellow-radmid-az315,elhigh-radnear-az270,295,52,63,,,
1000,p1000,ellow-radmid-az315,elhigh-radnear-az315,292,56,62,,,
1001,p1001,ellow-radmid-az315,elhigh-radmid-az000,289,45,76,,,
1002,p1002,ellow-radmid-az315,elhigh-radmid-az045,299,48,63,,,
1003,p1003,ellow-radmid-az315,elhigh-radmid-az090,293,50,67,,,
1004,p1004,ellow-radmid-az315,elhigh-radmid-az135,293,54,63,,,
1005,p1005,ellow-radmid-az315,elhigh-radmid-az180,288,59,63,,,
1006,p1006,ellow-radmid-az315,elhigh-radmid-az225,282,59,69,,,
1007,p1007,ellow-radmid-az315,elhigh-radmid-az270,299,51,60,,,
1008,p1008,ellow-radmid-az315,elhigh-radmid-az315,302,51,57,,,
1009,p1009,ellow-radmid-az315,elhigh-radfar-az000,306,42,62,,,
1010,p1010,ellow-radmid-az315,elhigh-radfar-az045,275,63,72,,,
1011,p1011,ellow-radmid-az315,elhigh-radfar-az090,299,49,62,,,
1012,p1012,ellow-radmid-az315,elhigh-radfar-az135,305,47,58,,,
1013,p1013,ellow-radmid-az315,elhigh-radfar-az180,299,53,58,,,
1014,p1014,ellow-radmid-az315,elhigh-radfar-az225,302,48,60,,,
1015,p1015,ellow-radmid-az315,elhigh-radfar-az270,296,51,63,,,
1016,p1016,ellow-radmid-az315,elhigh-radfar-az315,296,51,63,,,
1017,p1017,ellow-radfar-az000,ellow-radfar-az045,284,65,61,1,redundant_neighbor,Two nearby low/far azimuths to test a deliberately redundant pair.
1018,p1018,ellow-radfar-az000,ellow-radfar-az090,276,67,67,,,
1019,p1019,ellow-radfar-az000,ellow-radfar-az135,281,54,75,,,
1020,p1020,ellow-radfar-az000,ellow-radfar-az180,281,65,64,,,
1021,p1021,ellow-radfar-az000,ellow-radfar-az225,277,64,69,,,
1022,p1022,ellow-radfar-az000,ellow-radfar-az270,273,66,71,,,
1023,p1023,ellow-radfar-az000,ellow-radfar-az315,285,58,67,,,
1024,p1024,ellow-radfar-az000,elmid-radnear-az000,284,66,60,,,
1025,p1025,ellow-radfar-az000,elmid-radnear-az045,274,65,71,,,
1026,p1026,ellow-radfar-az000,elmid-radnear-az090,286,54,70,,,
1027,p1027,ellow-radfar-az000,elmid-radnear-az135,278,50,82,,,
1028,p1028,ellow-radfar-az000,elmid-radnear-az180,280,59,71,,,
1029,p1029,ellow-radfar-az000,elmid-radnear-az225,282,64,64,,,
1030,p1030,ellow-radfar-az000,elmid-radnear-az270,270,58,82,,,
1031,p1031,ellow-radfar-az000,elmid-radnear-az315,278,60,72,,,
1032,p1032,ellow-radfar-az000,elmid-radmid-az000,274,55,81,,,
1033,p1033,ellow-radfar-az000,elmid-radmid-az045,271,65,74,,,
1034,p1034,ellow-radfar-az000,elmid-radmid-az090,276,66,68,,,
1035,p1035,ellow-radfar-az000,elmid-radmid-az135,283,68,59,,,
1036,p1036,ellow-radfar-az000,elmid-radmid-az180,285,55,70,,,
1037,p1037,ellow-radfar-az000,elmid-radmid-az225,287,62,61,,,
1038,p1038,ellow-radfar-az000,elmid-radmid-az270,274,57,79,,,
1039,p1039,ellow-radfar-az000,elmid-radmid-az315,282,60,68,,,
1040,p1040,ellow-radfar-az000,elmid-radfar-az000,285,59,66,,,
1041,p1041,ellow-radfar-az000,elmid-radfar-az045,275,66,69,,,
1042,p1042,ellow-radfar-az000,elmid-radfar-az090,275,67,68,,,
1043,p1043,ellow-radfar-az000,elmid-radfar-az135,282,58,70,,,
1044,p1044,ellow-radfar-az000,elmid-radfar-az180,287,58,65,,,
1045,p1045,ellow-radfar-az000,elmid-radfar-az225,269,66,75,,,
1046,p1046,ellow-radfar-az000,elmid-radfar-az270,281,64,65,,,
1047,p1047,ellow-radfar-az000,elmid-radfar-az315,284,61,65,,,
1048,p1048,ellow-radfar-az000,elhigh-radnear-az000,277,60,73,,,
1049,p1049,ellow-radfar-az000,elhigh-radnear-az045,288,60,62,,,
1050,p1050,ellow-radfar-az000,elhigh-radnear-az090,277,66,67,,,
1051,p1051,ellow-radfar-az000,elhigh-radnear-az135,273,66,71,,,
1052,p1052,ellow-radfar-az000,elhigh-radnear-az180,282,58,70,5,max_contrast,Two geometrically distant viewpoints to stress maximal training diversity.
1053,p1053,ellow-radfar-az000,elhigh-radnear-az225,267,68,75,,,
1054,p1054,ellow-radfar-az000,elhigh-radnear-az270,279,62,69,,,
1055,p1055,ellow-radfar-az000,elhigh-radnear-az315,276,66,68,,,
1056,p1056,ellow-radfar-az000,elhigh-radmid-az000,273,55,82,,,
1057,p1057,ellow-radfar-az000,elhigh-radmid-az045,283,58,69,,,
1058,p1058,ellow-radfar-az000,elhigh-radmid-az090,277,60,73,,,
1059,p1059,ellow-radfar-az000,elhigh-radmid-az135,277,64,69,,,
1060,p1060,ellow-radfar-az000,elhigh-radmid-az180,272,69,69,,,
1061,p1061,ellow-radfar-az000,elhigh-radmid-az225,266,69,75,,,
1062,p1062,ellow-radfar-az000,elhigh-radmid-az270,283,61,66,,,
1063,p1063,ellow-radfar-az000,elhigh-radmid-az315,286,61,63,,,
1064,p1064,ellow-radfar-az000,elhigh-radfar-az000,290,52,68,,,
1065,p1065,ellow-radfar-az000,elhigh-radfar-az045,259,73,78,,,
1066,p1066,ellow-radfar-az000,elhigh-radfar-az090,283,59,68,,,
1067,p1067,ellow-radfar-az000,elhigh-radfar-az135,289,57,64,,,
1068,p1068,ellow-radfar-az000,elhigh-radfar-az180,283,63,64,,,
1069,p1069,ellow-radfar-az000,elhigh-radfar-az225,286,58,66,,,
1070,p1070,ellow-radfar-az000,elhigh-radfar-az270,280,61,69,,,
1071,p1071,ellow-radfar-az000,elhigh-radfar-az315,280,61,69,,,
1072,p1072,ellow-radfar-az045,ellow-radfar-az090,288,72,50,,,
1073,p1073,ellow-radfar-az045,ellow-radfar-az135,293,59,58,,,
1074,p1074,ellow-radfar-az045,ellow-radfar-az180,293,70,47,,,
1075,p1075,ellow-radfar-az045,ellow-radfar-az225,289,69,52,,,
1076,p1076,ellow-radfar-az045,ellow-radfar-az270,285,71,54,,,
1077,p1077,ellow-radfar-az045,ellow-radfar-az315,297,63,50,,,
1078,p1078,ellow-radfar-az045,elmid-radnear-az000,296,71,43,,,
1079,p1079,ellow-radfar-az045,elmid-radnear-az045,286,70,54,,,
1080,p1080,ellow-radfar-az045,elmid-radnear-az090,298,59,53,,,
1081,p1081,ellow-radfar-az045,elmid-radnear-az135,290,55,65,,,
1082,p1082,ellow-radfar-az045,elmid-radnear-az180,292,64,54,,,
1083,p1083,ellow-radfar-az045,elmid-radnear-az225,294,69,47,,,
1084,p1084,ellow-radfar-az045,elmid-radnear-az270,282,63,65,,,
1085,p1085,ellow-radfar-az045,elmid-radnear-az315,290,65,55,,,
1086,p1086,ellow-radfar-az045,elmid-radmid-az000,286,60,64,,,
1087,p1087,ellow-radfar-az045,elmid-radmid-az045,283,70,57,,,
1088,p1088,ellow-radfar-az045,elmid-radmid-az090,288,71,51,,,
1089,p1089,ellow-radfar-az045,elmid-radmid-az135,295,73,42,,,
1090,p1090,ellow-radfar-az045,elmid-radmid-az180,297,60,53,,,
1091,p1091,ellow-radfar-az045,elmid-radmid-az225,299,67,44,,,
1092,p1092,ellow-radfar-az045,elmid-radmid-az270,286,62,62,,,
1093,p1093,ellow-radfar-az045,elmid-radmid-az315,294,65,51,,,
1094,p1094,ellow-radfar-az045,elmid-radfar-az000,297,64,49,,,
1095,p1095,ellow-radfar-az045,elmid-radfar-az045,287,71,52,,,
1096,p1096,ellow-radfar-az045,elmid-radfar-az090,287,72,51,,,
1097,p1097,ellow-radfar-az045,elmid-radfar-az135,294,63,53,,,
1098,p1098,ellow-radfar-az045,elmid-radfar-az180,299,63,48,,,
1099,p1099,ellow-radfar-az045,elmid-radfar-az225,281,71,58,,,
1100,p1100,ellow-radfar-az045,elmid-radfar-az270,293,69,48,,,
1101,p1101,ellow-radfar-az045,elmid-radfar-az315,296,66,48,,,
1102,p1102,ellow-radfar-az045,elhigh-radnear-az000,289,65,56,,,
1103,p1103,ellow-radfar-az045,elhigh-radnear-az045,300,65,45,,,
1104,p1104,ellow-radfar-az045,elhigh-radnear-az090,289,71,50,,,
1105,p1105,ellow-radfar-az045,elhigh-radnear-az135,285,71,54,,,
1106,p1106,ellow-radfar-az045,elhigh-radnear-az180,294,63,53,,,
1107,p1107,ellow-radfar-az045,elhigh-radnear-az225,279,73,58,,,
1108,p1108,ellow-radfar-az045,elhigh-radnear-az270,291,67,52,,,
1109,p1109,ellow-radfar-az045,elhigh-radnear-az315,288,71,51,,,
1110,p1110,ellow-radfar-az045,elhigh-radmid-az000,285,60,65,,,
1111,p1111,ellow-radfar-az045,elhigh-radmid-az045,295,63,52,,,
1112,p1112,ellow-radfar-az045,elhigh-radmid-az090,289,65,56,,,
1113,p1113,ellow-radfar-az045,elhigh-radmid-az135,289,69,52,,,
1114,p1114,ellow-radfar-az045,elhigh-radmid-az180,284,74,52,,,
1115,p1115,ellow-radfar-az045,elhigh-radmid-az225,278,74,58,,,
1116,p1116,ellow-radfar-az045,elhigh-radmid-az270,295,66,49,,,
1117,p1117,ellow-radfar-az045,elhigh-radmid-az315,298,66,46,,,
1118,p1118,ellow-radfar-az045,elhigh-radfar-az000,302,57,51,,,
1119,p1119,ellow-radfar-az045,elhigh-radfar-az045,271,78,61,,,
1120,p1120,ellow-radfar-az045,elhigh-radfar-az090,295,64,51,,,
1121,p1121,ellow-radfar-az045,elhigh-radfar-az135,301,62,47,,,
1122,p1122,ellow-radfar-az045,elhigh-radfar-az180,295,68,47,,,
1123,p1123,ellow-radfar-az045,elhigh-radfar-az225,298,63,49,,,
1124,p1124,ellow-radfar-az045,elhigh-radfar-az270,292,66,52,,,
1125,p1125,ellow-radfar-az045,elhigh-radfar-az315,292,66,52,,,
1126,p1126,ellow-radfar-az090,ellow-radfar-az135,285,61,64,,,
1127,p1127,ellow-radfar-az090,ellow-radfar-az180,285,72,53,,,
1128,p1128,ellow-radfar-az090,ellow-radfar-az225,281,71,58,,,
1129,p1129,ellow-radfar-az090,ellow-radfar-az270,277,73,60,,,
1130,p1130,ellow-radfar-az090,ellow-radfar-az315,289,65,56,,,
1131,p1131,ellow-radfar-az090,elmid-radnear-az000,288,73,49,,,
1132,p1132,ellow-radfar-az090,elmid-radnear-az045,278,72,60,,,
1133,p1133,ellow-radfar-az090,elmid-radnear-az090,290,61,59,,,
1134,p1134,ellow-radfar-az090,elmid-radnear-az135,282,57,71,,,
1135,p1135,ellow-radfar-az090,elmid-radnear-az180,284,66,60,,,
1136,p1136,ellow-radfar-az090,elmid-radnear-az225,286,71,53,,,
1137,p1137,ellow-radfar-az090,elmid-radnear-az270,274,65,71,,,
1138,p1138,ellow-radfar-az090,elmid-radnear-az315,282,67,61,,,
1139,p1139,ellow-radfar-az090,elmid-radmid-az000,278,62,70,,,
1140,p1140,ellow-radfar-az090,elmid-radmid-az045,275,72,63,,,
1141,p1141,ellow-radfar-az090,elmid-radmid-az090,280,73,57,,,
1142,p1142,ellow-radfar-az090,elmid-radmid-az135,287,75,48,,,
1143,p1143,ellow-radfar-az090,elmid-radmid-az180,289,62,59,,,
1144,p1144,ellow-radfar-az090,elmid-radmid-az225,291,69,50,,,
1145,p1145,ellow-radfar-az090,elmid-radmid-az270,278,64,68,,,
1146,p1146,ellow-radfar-az090,elmid-radmid-az315,286,67,57,,,
1147,p1147,ellow-radfar-az090,elmid-radfar-az000,289,66,55,,,
1148,p1148,ellow-radfar-az090,elmid-radfar-az045,279,73,58,,,
1149,p1149,ellow-radfar-az090,elmid-radfar-az090,279,74,57,,,
1150,p1150,ellow-radfar-az090,elmid-radfar-az135,286,65,59,,,
1151,p1151,ellow-radfar-az090,elmid-radfar-az180,291,65,54,,,
1152,p1152,ellow-radfar-az090,elmid-radfar-az225,273,73,64,,,
1153,p1153,ellow-radfar-az090,elmid-radfar-az270,285,71,54,,,
1154,p1154,ellow-radfar-az090,elmid-radfar-az315,288,68,54,,,
1155,p1155,ellow-radfar-az090,elhigh-radnear-az000,281,67,62,,,
1156,p1156,ellow-radfar-az090,elhigh-radnear-az045,292,67,51,,,
1157,p1157,ellow-radfar-az090,elhigh-radnear-az090,281,73,56,,,
1158,p1158,ellow-radfar-az090,elhigh-radnear-az135,277,73,60,,,
1159,p1159,ellow-radfar-az090,elhigh-radnear-az180,286,65,59,,,
1160,p1160,ellow-radfar-az090,elhigh-radnear-az225,271,75,64,,,
1161,p1161,ellow-radfar-az090,elhigh-radnear-az270,283,69,58,,,
1162,p1162,ellow-radfar-az090,elhigh-radnear-az315,280,73,57,,,
1163,p1163,ellow-radfar-az090,elhigh-radmid-az000,277,62,71,,,
1164,p1164,ellow-radfar-az090,elhigh-radmid-az045,287,65,58,,,
1165,p1165,ellow-radfar-az090,elhigh-radmid-az090,281,67,62,,,
1166,p1166,ellow-radfar-az090,elhigh-radmid-az135,281,71,58,,,
1167,p1167,ellow-radfar-az090,elhigh-radmid-az180,276,76,58,,,
1168,p1168,ellow-radfar-az090,elhigh-radmid-az225,270,76,64,,,
1169,p1169,ellow-radfar-az090,elhigh-radmid-az270,287,68,55,,,
1170,p1170,ellow-radfar-az090,elhigh-radmid-az315,290,68,52,,,
1171,p1171,ellow-radfar-az090,elhigh-radfar-az000,294,59,57,,,
1172,p1172,ellow-radfar-az090,elhigh-radfar-az045,263,80,67,,,
1173,p1173,ellow-radfar-az090,elhigh-radfar-az090,287,66,57,,,
1174,p1174,ellow-radfar-az090,elhigh-radfar-az135,293,64,53,,,
1175,p1175,ellow-radfar-az090,elhigh-radfar-az180,287,70,53,,,
1176,p1176,ellow-radfar-az090,elhigh-radfar-az225,290,65,55,,,
1177,p1177,ellow-radfar-az090,elhigh-radfar-az270,284,68,58,,,
1178,p1178,ellow-radfar-az090,elhigh-radfar-az315,284,68,58,,,
1179,p1179,ellow-radfar-az135,ellow-radfar-az180,290,59,61,,,
1180,p1180,ellow-radfar-az135,ellow-radfar-az225,286,58,66,,,
1181,p1181,ellow-radfar-az135,ellow-radfar-az270,282,60,68,,,
1182,p1182,ellow-radfar-az135,ellow-radfar-az315,294,52,64,,,
1183,p1183,ellow-radfar-az135,elmid-radnear-az000,293,60,57,,,
1184,p1184,ellow-radfar-az135,elmid-radnear-az045,283,59,68,,,
1185,p1185,ellow-radfar-az135,elmid-radnear-az090,295,48,67,,,
1186,p1186,ellow-radfar-az135,elmid-radnear-az135,287,44,79,,,
1187,p1187,ellow-radfar-az135,elmid-radnear-az180,289,53,68,,,
1188,p1188,ellow-radfar-az135,elmid-radnear-az225,291,58,61,,,
1189,p1189,ellow-radfar-az135,elmid-radnear-az270,279,52,79,,,
1190,p1190,ellow-radfar-az135,elmid-radnear-az315,287,54,69,,,
1191,p1191,ellow-radfar-az135,elmid-radmid-az000,283,49,78,,,
1192,p1192,ellow-radfar-az135,elmid-radmid-az045,280,59,71,,,
1193,p1193,ellow-radfar-az135,elmid-radmid-az090,285,60,65,,,
1194,p1194,ellow-radfar-az135,elmid-radmid-az135,292,62,56,,,
1195,p1195,ellow-radfar-az135,elmid-radmid-az180,294,49,67,,,
1196,p1196,ellow-radfar-az135,elmid-radmid-az225,296,56,58,,,
1197,p1197,ellow-radfar-az135,elmid-radmid-az270,283,51,76,,,
1198,p1198,ellow-radfar-az135,elmid-radmid-az315,291,54,65,,,
1199,p1199,ellow-radfar-az135,elmid-radfar-az000,294,53,63,,,
1200,p1200,ellow-radfar-az135,elmid-radfar-az045,284,60,66,,,
1201,p1201,ellow-radfar-az135,elmid-radfar-az090,284,61,65,,,
1202,p1202,ellow-radfar-az135,elmid-radfar-az135,291,52,67,,,
1203,p1203,ellow-radfar-az135,elmid-radfar-az180,296,52,62,,,
1204,p1204,ellow-radfar-az135,elmid-radfar-az225,278,60,72,,,
1205,p1205,ellow-radfar-az135,elmid-radfar-az270,290,58,62,,,
1206,p1206,ellow-radfar-az135,elmid-radfar-az315,293,55,62,,,
1207,p1207,ellow-radfar-az135,elhigh-radnear-az000,286,54,70,,,
1208,p1208,ellow-radfar-az135,elhigh-radnear-az045,297,54,59,,,
1209,p1209,ellow-radfar-az135,elhigh-radnear-az090,286,60,64,,,
1210,p1210,ellow-radfar-az135,elhigh-radnear-az135,282,60,68,,,
1211,p1211,ellow-radfar-az135,elhigh-radnear-az180,291,52,67,,,
1212,p1212,ellow-radfar-az135,elhigh-radnear-az225,276,62,72,,,
1213,p1213,ellow-radfar-az135,elhigh-radnear-az270,288,56,66,,,
1214,p1214,ellow-radfar-az135,elhigh-radnear-az315,285,60,65,,,
1215,p1215,ellow-radfar-az135,elhigh-radmid-az000,282,49,79,,,
1216,p1216,ellow-radfar-az135,elhigh-radmid-az045,292,52,66,,,
1217,p1217,ellow-radfar-az135,elhigh-radmid-az090,286,54,70,,,
1218,p1218,ellow-radfar-az135,elhigh-radmid-az135,286,58,66,,,
1219,p1219,ellow-radfar-az135,elhigh-radmid-az180,281,63,66,,,
1220,p1220,ellow-radfar-az135,elhigh-radmid-az225,275,63,72,,,
1221,p1221,ellow-radfar-az135,elhigh-radmid-az270,292,55,63,,,
1222,p1222,ellow-radfar-az135,elhigh-radmid-az315,295,55,60,,,
1223,p1223,ellow-radfar-az135,elhigh-radfar-az000,299,46,65,,,
1224,p1224,ellow-radfar-az135,elhigh-radfar-az045,268,67,75,,,
1225,p1225,ellow-radfar-az135,elhigh-radfar-az090,292,53,65,,,
1226,p1226,ellow-radfar-az135,elhigh-radfar-az135,298,51,61,,,
1227,p1227,ellow-radfar-az135,elhigh-radfar-az180,292,57,61,,,
1228,p1228,ellow-radfar-az135,elhigh-radfar-az225,295,52,63,,,
1229,p1229,ellow-radfar-az135,elhigh-radfar-az270,289,55,66,,,
1230,p1230,ellow-radfar-az135,elhigh-radfar-az315,289,55,66,,,
1231,p1231,ellow-radfar-az180,ellow-radfar-az225,286,69,55,,,
1232,p1232,ellow-radfar-az180,ellow-radfar-az270,282,71,57,,,
1233,p1233,ellow-radfar-az180,ellow-radfar-az315,294,63,53,,,
1234,p1234,ellow-radfar-az180,elmid-radnear-az000,293,71,46,,,
1235,p1235,ellow-radfar-az180,elmid-radnear-az045,283,70,57,,,
1236,p1236,ellow-radfar-az180,elmid-radnear-az090,295,59,56,,,
1237,p1237,ellow-radfar-az180,elmid-radnear-az135,287,55,68,,,
1238,p1238,ellow-radfar-az180,elmid-radnear-az180,289,64,57,,,
1239,p1239,ellow-radfar-az180,elmid-radnear-az225,291,69,50,,,
1240,p1240,ellow-radfar-az180,elmid-radnear-az270,279,63,68,,,
1241,p1241,ellow-radfar-az180,elmid-radnear-az315,287,65,58,,,
1242,p1242,ellow-radfar-az180,elmid-radmid-az000,283,60,67,,,
1243,p1243,ellow-radfar-az180,elmid-radmid-az045,280,70,60,,,
1244,p1244,ellow-radfar-az180,elmid-radmid-az090,285,71,54,,,
1245,p1245,ellow-radfar-az180,elmid-radmid-az135,292,73,45,,,
1246,p1246,ellow-radfar-az180,elmid-radmid-az180,294,60,56,,,
1247,p1247,ellow-radfar-az180,elmid-radmid-az225,296,67,47,,,
1248,p1248,ellow-radfar-az180,elmid-radmid-az270,283,62,65,,,
1249,p1249,ellow-radfar-az180,elmid-radmid-az315,291,65,54,,,
1250,p1250,ellow-radfar-az180,elmid-radfar-az000,294,64,52,,,
1251,p1251,ellow-radfar-az180,elmid-radfar-az045,284,71,55,,,
1252,p1252,ellow-radfar-az180,elmid-radfar-az090,284,72,54,,,
1253,p1253,ellow-radfar-az180,elmid-radfar-az135,291,63,56,,,
1254,p1254,ellow-radfar-az180,elmid-radfar-az180,296,63,51,,,
1255,p1255,ellow-radfar-az180,elmid-radfar-az225,278,71,61,,,
1256,p1256,ellow-radfar-az180,elmid-radfar-az270,290,69,51,,,
1257,p1257,ellow-radfar-az180,elmid-radfar-az315,293,66,51,,,
1258,p1258,ellow-radfar-az180,elhigh-radnear-az000,286,65,59,,,
1259,p1259,ellow-radfar-az180,elhigh-radnear-az045,297,65,48,,,
1260,p1260,ellow-radfar-az180,elhigh-radnear-az090,286,71,53,,,
1261,p1261,ellow-radfar-az180,elhigh-radnear-az135,282,71,57,,,
1262,p1262,ellow-radfar-az180,elhigh-radnear-az180,291,63,56,,,
1263,p1263,ellow-radfar-az180,elhigh-radnear-az225,276,73,61,,,
1264,p1264,ellow-radfar-az180,elhigh-radnear-az270,288,67,55,,,
1265,p1265,ellow-radfar-az180,elhigh-radnear-az315,285,71,54,,,
1266,p1266,ellow-radfar-az180,elhigh-radmid-az000,282,60,68,,,
1267,p1267,ellow-radfar-az180,elhigh-radmid-az045,292,63,55,,,
1268,p1268,ellow-radfar-az180,elhigh-radmid-az090,286,65,59,,,
1269,p1269,ellow-radfar-az180,elhigh-radmid-az135,286,69,55,,,
1270,p1270,ellow-radfar-az180,elhigh-radmid-az180,281,74,55,,,
1271,p1271,ellow-radfar-az180,elhigh-radmid-az225,275,74,61,,,
1272,p1272,ellow-radfar-az180,elhigh-radmid-az270,292,66,52,,,
1273,p1273,ellow-radfar-az180,elhigh-radmid-az315,295,66,49,,,
1274,p1274,ellow-radfar-az180,elhigh-radfar-az000,299,57,54,,,
1275,p1275,ellow-radfar-az180,elhigh-radfar-az045,268,78,64,,,
1276,p1276,ellow-radfar-az180,elhigh-radfar-az090,292,64,54,,,
1277,p1277,ellow-radfar-az180,elhigh-radfar-az135,298,62,50,,,
1278,p1278,ellow-radfar-az180,elhigh-radfar-az180,292,68,50,,,
1279,p1279,ellow-radfar-az180,elhigh-radfar-az225,295,63,52,,,
1280,p1280,ellow-radfar-az180,elhigh-radfar-az270,289,66,55,,,
1281,p1281,ellow-radfar-az180,elhigh-radfar-az315,289,66,55,,,
1282,p1282,ellow-radfar-az225,ellow-radfar-az270,278,70,62,,,
1283,p1283,ellow-radfar-az225,ellow-radfar-az315,290,62,58,,,
1284,p1284,ellow-radfar-az225,elmid-radnear-az000,289,70,51,,,
1285,p1285,ellow-radfar-az225,elmid-radnear-az045,279,69,62,,,
1286,p1286,ellow-radfar-az225,elmid-radnear-az090,291,58,61,,,
1287,p1287,ellow-radfar-az225,elmid-radnear-az135,283,54,73,,,
1288,p1288,ellow-radfar-az225,elmid-radnear-az180,285,63,62,,,
1289,p1289,ellow-radfar-az225,elmid-radnear-az225,287,68,55,,,
1290,p1290,ellow-radfar-az225,elmid-radnear-az270,275,62,73,,,
1291,p1291,ellow-radfar-az225,elmid-radnear-az315,283,64,63,,,
1292,p1292,ellow-radfar-az225,elmid-radmid-az000,279,59,72,,,
1293,p1293,ellow-radfar-az225,elmid-radmid-az045,276,69,65,,,
1294,p1294,ellow-radfar-az225,elmid-radmid-az090,281,70,59,,,
1295,p1295,ellow-radfar-az225,elmid-radmid-az135,288,72,50,,,
1296,p1296,ellow-radfar-az225,elmid-radmid-az180,290,59,61,,,
1297,p1297,ellow-radfar-az225,elmid-radmid-az225,292,66,52,,,
1298,p1298,ellow-radfar-az225,elmid-radmid-az270,279,61,70,,,
1299,p1299,ellow-radfar-az225,elmid-radmid-az315,287,64,59,,,
1300,p1300,ellow-radfar-az225,elmid-radfar-az000,290,63,57,,,
1301,p1301,ellow-radfar-az225,elmid-radfar-az045,280,70,60,,,
1302,p1302,ellow-radfar-az225,elmid-radfar-az090,280,71,59,,,
1303,p1303,ellow-radfar-az225,elmid-radfar-az135,287,62,61,,,
1304,p1304,ellow-radfar-az225,elmid-radfar-az180,292,62,56,,,
1305,p1305,ellow-radfar-az225,elmid-radfar-az225,274,70,66,,,
1306,p1306,ellow-radfar-az225,elmid-radfar-az270,286,68,56,,,
1307,p1307,ellow-radfar-az225,elmid-radfar-az315,289,65,56,,,
1308,p1308,ellow-radfar-az225,elhigh-radnear-az000,282,64,64,,,
1309,p1309,ellow-radfar-az225,elhigh-radnear-az045,293,64,53,,,
1310,p1310,ellow-radfar-az225,elhigh-radnear-az090,282,70,58,,,
1311,p1311,ellow-radfar-az225,elhigh-radnear-az135,278,70,62,,,
1312,p1312,ellow-radfar-az225,elhigh-radnear-az180,287,62,61,,,
1313,p1313,ellow-radfar-az225,elhigh-radnear-az225,272,72,66,,,
1314,p1314,ellow-radfar-az225,elhigh-radnear-az270,284,66,60,,,
1315,p1315,ellow-radfar-az225,elhigh-radnear-az315,281,70,59,,,
1316,p1316,ellow-radfar-az225,elhigh-radmid-az000,278,59,73,,,
1317,p1317,ellow-radfar-az225,elhigh-radmid-az045,288,62,60,,,
1318,p1318,ellow-radfar-az225,elhigh-radmid-az090,282,64,64,,,
1319,p1319,ellow-radfar-az225,elhigh-radmid-az135,282,68,60,,,
1320,p1320,ellow-radfar-az225,elhigh-radmid-az180,277,73,60,,,
1321,p1321,ellow-radfar-az225,elhigh-radmid-az225,271,73,66,,,
1322,p1322,ellow-radfar-az225,elhigh-radmid-az270,288,65,57,,,
1323,p1323,ellow-radfar-az225,elhigh-radmid-az315,291,65,54,,,
1324,p1324,ellow-radfar-az225,elhigh-radfar-az000,295,56,59,,,
1325,p1325,ellow-radfar-az225,elhigh-radfar-az045,264,77,69,,,
1326,p1326,ellow-radfar-az225,elhigh-radfar-az090,288,63,59,,,
1327,p1327,ellow-radfar-az225,elhigh-radfar-az135,294,61,55,,,
1328,p1328,ellow-radfar-az225,elhigh-radfar-az180,288,67,55,,,
1329,p1329,ellow-radfar-az225,elhigh-radfar-az225,291,62,57,,,
1330,p1330,ellow-radfar-az225,elhigh-radfar-az270,285,65,60,,,
1331,p1331,ellow-radfar-az225,elhigh-radfar-az315,285,65,60,,,
1332,p1332,ellow-radfar-az270,ellow-radfar-az315,286,64,60,,,
1333,p1333,ellow-radfar-az270,elmid-radnear-az000,285,72,53,,,
1334,p1334,ellow-radfar-az270,elmid-radnear-az045,275,71,64,,,
1335,p1335,ellow-radfar-az270,elmid-radnear-az090,287,60,63,,,
1336,p1336,ellow-radfar-az270,elmid-radnear-az135,279,56,75,,,
1337,p1337,ellow-radfar-az270,elmid-radnear-az180,281,65,64,,,
1338,p1338,ellow-radfar-az270,elmid-radnear-az225,283,70,57,,,
1339,p1339,ellow-radfar-az270,elmid-radnear-az270,271,64,75,,,
1340,p1340,ellow-radfar-az270,elmid-radnear-az315,279,66,65,,,
1341,p1341,ellow-radfar-az270,elmid-radmid-az000,275,61,74,,,
1342,p1342,ellow-radfar-az270,elmid-radmid-az045,272,71,67,,,
1343,p1343,ellow-radfar-az270,elmid-radmid-az090,277,72,61,,,
1344,p1344,ellow-radfar-az270,elmid-radmid-az135,284,74,52,,,
1345,p1345,ellow-radfar-az270,elmid-radmid-az180,286,61,63,,,
1346,p1346,ellow-radfar-az270,elmid-radmid-az225,288,68,54,,,
1347,p1347,ellow-radfar-az270,elmid-radmid-az270,275,63,72,,,
1348,p1348,ellow-radfar-az270,elmid-radmid-az315,283,66,61,,,
1349,p1349,ellow-radfar-az270,elmid-radfar-az000,286,65,59,,,
1350,p1350,ellow-radfar-az270,elmid-radfar-az045,276,72,62,,,
1351,p1351,ellow-radfar-az270,elmid-radfar-az090,276,73,61,,,
1352,p1352,ellow-radfar-az270,elmid-radfar-az135,283,64,63,,,
1353,p1353,ellow-radfar-az270,elmid-radfar-az180,288,64,58,,,
1354,p1354,ellow-radfar-az270,elmid-radfar-az225,270,72,68,,,
1355,p1355,ellow-radfar-az270,elmid-radfar-az270,282,70,58,,,
1356,p1356,ellow-radfar-az270,elmid-radfar-az315,285,67,58,,,
1357,p1357,ellow-radfar-az270,elhigh-radnear-az000,278,66,66,,,
1358,p1358,ellow-radfar-az270,elhigh-radnear-az045,289,66,55,,,
1359,p1359,ellow-radfar-az270,elhigh-radnear-az090,278,72,60,,,
1360,p1360,ellow-radfar-az270,elhigh-radnear-az135,274,72,64,,,
1361,p1361,ellow-radfar-az270,elhigh-radnear-az180,283,64,63,,,
1362,p1362,ellow-radfar-az270,elhigh-radnear-az225,268,74,68,,,
1363,p1363,ellow-radfar-az270,elhigh-radnear-az270,280,68,62,,,
1364,p1364,ellow-radfar-az270,elhigh-radnear-az315,277,72,61,,,
1365,p1365,ellow-radfar-az270,elhigh-radmid-az000,274,61,75,,,
1366,p1366,ellow-radfar-az270,elhigh-radmid-az045,284,64,62,,,
1367,p1367,ellow-radfar-az270,elhigh-radmid-az090,278,66,66,,,
1368,p1368,ellow-radfar-az270,elhigh-radmid-az135,278,70,62,,,
1369,p1369,ellow-radfar-az270,elhigh-radmid-az180,273,75,62,,,
1370,p1370,ellow-radfar-az270,elhigh-radmid-az225,267,75,68,,,
1371,p1371,ellow-radfar-az270,elhigh-radmid-az270,284,67,59,,,
1372,p1372,ellow-radfar-az270,elhigh-radmid-az315,287,67,56,,,
1373,p1373,ellow-radfar-az270,elhigh-radfar-az000,291,58,61,,,
1374,p1374,ellow-radfar-az270,elhigh-radfar-az045,260,79,71,,,
1375,p1375,ellow-radfar-az270,elhigh-radfar-az090,284,65,61,,,
1376,p1376,ellow-radfar-az270,elhigh-radfar-az135,290,63,57,,,
1377,p1377,ellow-radfar-az270,elhigh-radfar-az180,284,69,57,,,
1378,p1378,ellow-radfar-az270,elhigh-radfar-az225,287,64,59,,,
1379,p1379,ellow-radfar-az270,elhigh-radfar-az270,281,67,62,,,
1380,p1380,ellow-radfar-az270,elhigh-radfar-az315,281,67,62,,,
1381,p1381,ellow-radfar-az315,elmid-radnear-az000,297,64,49,,,
1382,p1382,ellow-radfar-az315,elmid-radnear-az045,287,63,60,,,
1383,p1383,ellow-radfar-az315,elmid-radnear-az090,299,52,59,,,
1384,p1384,ellow-radfar-az315,elmid-radnear-az135,291,48,71,,,
1385,p1385,ellow-radfar-az315,elmid-radnear-az180,293,57,60,,,
1386,p1386,ellow-radfar-az315,elmid-radnear-az225,295,62,53,,,
1387,p1387,ellow-radfar-az315,elmid-radnear-az270,283,56,71,,,
1388,p1388,ellow-radfar-az315,elmid-radnear-az315,291,58,61,,,
1389,p1389,ellow-radfar-az315,elmid-radmid-az000,287,53,70,,,
1390,p1390,ellow-radfar-az315,elmid-radmid-az045,284,63,63,,,
1391,p1391,ellow-radfar-az315,elmid-radmid-az090,289,64,57,,,
1392,p1392,ellow-radfar-az315,elmid-radmid-az135,296,66,48,,,
1393,p1393,ellow-radfar-az315,elmid-radmid-az180,298,53,59,,,
1394,p1394,ellow-radfar-az315,elmid-radmid-az225,300,60,50,,,
1395,p1395,ellow-radfar-az315,elmid-radmid-az270,287,55,68,,,
1396,p1396,ellow-radfar-az315,elmid-radmid-az315,295,58,57,,,
1397,p1397,ellow-radfar-az315,elmid-radfar-az000,298,57,55,,,
1398,p1398,ellow-radfar-az315,elmid-radfar-az045,288,64,58,,,
1399,p1399,ellow-radfar-az315,elmid-radfar-az090,288,65,57,,,
1400,p1400,ellow-radfar-az315,elmid-radfar-az135,295,56,59,,,
1401,p1401,ellow-radfar-az315,elmid-radfar-az180,300,56,54,,,
1402,p1402,ellow-radfar-az315,elmid-radfar-az225,282,64,64,,,
1403,p1403,ellow-radfar-az315,elmid-radfar-az270,294,62,54,,,
1404,p1404,ellow-radfar-az315,elmid-radfar-az315,297,59,54,,,
1405,p1405,ellow-radfar-az315,elhigh-radnear-az000,290,58,62,,,
1406,p1406,ellow-radfar-az315,elhigh-radnear-az045,301,58,51,,,
1407,p1407,ellow-radfar-az315,elhigh-radnear-az090,290,64,56,,,
1408,p1408,ellow-radfar-az315,elhigh-radnear-az135,286,64,60,,,
1409,p1409,ellow-radfar-az315,elhigh-radnear-az180,295,56,59,,,
1410,p1410,ellow-radfar-az315,elhigh-radnear-az225,280,66,64,,,
1411,p1411,ellow-radfar-az315,elhigh-radnear-az270,292,60,58,,,
1412,p1412,ellow-radfar-az315,elhigh-radnear-az315,289,64,57,,,
1413,p1413,ellow-radfar-az315,elhigh-radmid-az000,286,53,71,,,
1414,p1414,ellow-radfar-az315,elhigh-radmid-az045,296,56,58,,,
1415,p1415,ellow-radfar-az315,elhigh-radmid-az090,290,58,62,,,
1416,p1416,ellow-radfar-az315,elhigh-radmid-az135,290,62,58,,,
1417,p1417,ellow-radfar-az315,elhigh-radmid-az180,285,67,58,,,
1418,p1418,ellow-radfar-az315,elhigh-radmid-az225,279,67,64,,,
1419,p1419,ellow-radfar-az315,elhigh-radmid-az270,296,59,55,,,
1420,p1420,ellow-radfar-az315,elhigh-radmid-az315,299,59,52,,,
1421,p1421,ellow-radfar-az315,elhigh-radfar-az000,303,50,57,,,
1422,p1422,ellow-radfar-az315,elhigh-radfar-az045,272,71,67,,,
1423,p1423,ellow-radfar-az315,elhigh-radfar-az090,296,57,57,,,
1424,p1424,ellow-radfar-az315,elhigh-radfar-az135,302,55,53,,,
1425,p1425,ellow-radfar-az315,elhigh-radfar-az180,296,61,53,,,
1426,p1426,ellow-radfar-az315,elhigh-radfar-az225,299,56,55,,,
1427,p1427,ellow-radfar-az315,elhigh-radfar-az270,293,59,58,,,
1428,p1428,ellow-radfar-az315,elhigh-radfar-az315,293,59,58,,,
1429,p1429,elmid-radnear-az000,elmid-radnear-az045,286,71,53,,,
1430,p1430,elmid-radnear-az000,elmid-radnear-az090,298,60,52,,,
1431,p1431,elmid-radnear-az000,elmid-radnear-az135,290,56,64,,,
1432,p1432,elmid-radnear-az000,elmid-radnear-az180,292,65,53,,,
1433,p1433,elmid-radnear-az000,elmid-radnear-az225,294,70,46,,,
1434,p1434,elmid-radnear-az000,elmid-radnear-az270,282,64,64,,,
1435,p1435,elmid-radnear-az000,elmid-radnear-az315,290,66,54,,,
1436,p1436,elmid-radnear-az000,elmid-radmid-az000,286,61,63,,,
1437,p1437,elmid-radnear-az000,elmid-radmid-az045,283,71,56,,,
1438,p1438,elmid-radnear-az000,elmid-radmid-az090,288,72,50,,,
1439,p1439,elmid-radnear-az000,elmid-radmid-az135,295,74,41,,,
1440,p1440,elmid-radnear-az000,elmid-radmid-az180,297,61,52,,,
1441,p1441,elmid-radnear-az000,elmid-radmid-az225,299,68,43,,,
1442,p1442,elmid-radnear-az000,elmid-radmid-az270,286,63,61,,,
1443,p1443,elmid-radnear-az000,elmid-radmid-az315,294,66,50,,,
1444,p1444,elmid-radnear-az000,elmid-radfar-az000,297,65,48,,,
1445,p1445,elmid-radnear-az000,elmid-radfar-az045,287,72,51,,,
1446,p1446,elmid-radnear-az000,elmid-radfar-az090,287,73,50,,,
1447,p1447,elmid-radnear-az000,elmid-radfar-az135,294,64,52,,,
1448,p1448,elmid-radnear-az000,elmid-radfar-az180,299,64,47,,,
1449,p1449,elmid-radnear-az000,elmid-radfar-az225,281,72,57,,,
1450,p1450,elmid-radnear-az000,elmid-radfar-az270,293,70,47,,,
1451,p1451,elmid-radnear-az000,elmid-radfar-az315,296,67,47,,,
1452,p1452,elmid-radnear-az000,elhigh-radnear-az000,289,66,55,,,
1453,p1453,elmid-radnear-az000,elhigh-radnear-az045,300,66,44,,,
1454,p1454,elmid-radnear-az000,elhigh-radnear-az090,289,72,49,,,
1455,p1455,elmid-radnear-az000,elhigh-radnear-az135,285,72,53,,,
1456,p1456,elmid-radnear-az000,elhigh-radnear-az180,294,64,52,,,
1457,p1457,elmid-radnear-az000,elhigh-radnear-az225,279,74,57,,,
1458,p1458,elmid-radnear-az000,elhigh-radnear-az270,291,68,51,,,
1459,p1459,elmid-radnear-az000,elhigh-radnear-az315,288,72,50,,,
1460,p1460,elmid-radnear-az000,elhigh-radmid-az000,285,61,64,,,
1461,p1461,elmid-radnear-az000,elhigh-radmid-az045,295,64,51,,,
1462,p1462,elmid-radnear-az000,elhigh-radmid-az090,289,66,55,,,
1463,p1463,elmid-radnear-az000,elhigh-radmid-az135,289,70,51,,,
1464,p1464,elmid-radnear-az000,elhigh-radmid-az180,284,75,51,,,
1465,p1465,elmid-radnear-az000,elhigh-radmid-az225,278,75,57,,,
1466,p1466,elmid-radnear-az000,elhigh-radmid-az270,295,67,48,,,
1467,p1467,elmid-radnear-az000,elhigh-radmid-az315,298,67,45,,,
1468,p1468,elmid-radnear-az000,elhigh-radfar-az000,302,58,50,,,
1469,p1469,elmid-radnear-az000,elhigh-radfar-az045,271,79,60,,,
1470,p1470,elmid-radnear-az000,elhigh-radfar-az090,295,65,50,,,
1471,p1471,elmid-radnear-az000,elhigh-radfar-az135,301,63,46,,,
1472,p1472,elmid-radnear-az000,elhigh-radfar-az180,295,69,46,,,
1473,p1473,elmid-radnear-az000,elhigh-radfar-az225,298,64,48,,,
1474,p1474,elmid-radnear-az000,elhigh-radfar-az270,292,67,51,,,
1475,p1475,elmid-radnear-az000,elhigh-radfar-az315,292,67,51,,,
1476,p1476,elmid-radnear-az045,elmid-radnear-az090,288,59,63,,,
1477,p1477,elmid-radnear-az045,elmid-radnear-az135,280,55,75,,,
1478,p1478,elmid-radnear-az045,elmid-radnear-az180,282,64,64,,,
1479,p1479,elmid-radnear-az045,elmid-radnear-az225,284,69,57,,,
1480,p1480,elmid-radnear-az045,elmid-radnear-az270,272,63,75,,,
1481,p1481,elmid-radnear-az045,elmid-radnear-az315,280,65,65,,,
1482,p1482,elmid-radnear-az045,elmid-radmid-az000,276,60,74,,,
1483,p1483,elmid-radnear-az045,elmid-radmid-az045,273,70,67,,,
1484,p1484,elmid-radnear-az045,elmid-radmid-az090,278,71,61,,,
1485,p1485,elmid-radnear-az045,elmid-radmid-az135,285,73,52,,,
1486,p1486,elmid-radnear-az045,elmid-radmid-az180,287,60,63,,,
1487,p1487,elmid-radnear-az045,elmid-radmid-az225,289,67,54,,,
1488,p1488,elmid-radnear-az045,elmid-radmid-az270,276,62,72,,,
1489,p1489,elmid-radnear-az045,elmid-radmid-az315,284,65,61,,,
1490,p1490,elmid-radnear-az045,elmid-radfar-az000,287,64,59,,,
1491,p1491,elmid-radnear-az045,elmid-radfar-az045,277,71,62,,,
1492,p1492,elmid-radnear-az045,elmid-radfar-az090,277,72,61,,,
1493,p1493,elmid-radnear-az045,elmid-radfar-az135,284,63,63,,,
1494,p1494,elmid-radnear-az045,elmid-radfar-az180,289,63,58,,,
1495,p1495,elmid-radnear-az045,elmid-radfar-az225,271,71,68,,,
1496,p1496,elmid-radnear-az045,elmid-radfar-az270,283,69,58,,,
1497,p1497,elmid-radnear-az045,elmid-radfar-az315,286,66,58,,,
1498,p1498,elmid-radnear-az045,elhigh-radnear-az000,279,65,66,,,
1499,p1499,elmid-radnear-az045,elhigh-radnear-az045,290,65,55,,,
1500,p1500,elmid-radnear-az045,elhigh-radnear-az090,279,71,60,,,
1501,p1501,elmid-radnear-az045,elhigh-radnear-az135,275,71,64,,,
1502,p1502,elmid-radnear-az045,elhigh-radnear-az180,284,63,63,,,
1503,p1503,elmid-radnear-az045,elhigh-radnear-az225,269,73,68,,,
1504,p1504,elmid-radnear-az045,elhigh-radnear-az270,281,67,62,,,
1505,p1505,elmid-radnear-az045,elhigh-radnear-az315,278,71,61,,,
1506,p1506,elmid-radnear-az045,elhigh-radmid-az000,275,60,75,,,
1507,p1507,elmid-radnear-az045,elhigh-radmid-az045,285,63,62,,,
1508,p1508,elmid-radnear-az045,elhigh-radmid-az090,279,65,66,,,
1509,p1509,elmid-radnear-az045,elhigh-radmid-az135,279,69,62,,,
1510,p1510,elmid-radnear-az045,elhigh-radmid-az180,274,74,62,,,
1511,p1511,elmid-radnear-az045,elhigh-radmid-az225,268,74,68,,,
1512,p1512,elmid-radnear-az045,elhigh-radmid-az270,285,66,59,,,
1513,p1513,elmid-radnear-az045,elhigh-radmid-az315,288,66,56,,,
1514,p1514,elmid-radnear-az045,elhigh-radfar-az000,292,57,61,,,
1515,p1515,elmid-radnear-az045,elhigh-radfar-az045,261,78,71,,,
1516,p1516,elmid-radnear-az045,elhigh-radfar-az090,285,64,61,,,
1517,p1517,elmid-radnear-az045,elhigh-radfar-az135,291,62,57,,,
1518,p1518,elmid-radnear-az045,elhigh-radfar-az180,285,68,57,,,
1519,p1519,elmid-radnear-az045,elhigh-radfar-az225,288,63,59,,,
1520,p1520,elmid-radnear-az045,elhigh-radfar-az270,282,66,62,,,
1521,p1521,elmid-radnear-az045,elhigh-radfar-az315,282,66,62,,,
1522,p1522,elmid-radnear-az090,elmid-radnear-az135,292,44,74,,,
1523,p1523,elmid-radnear-az090,elmid-radnear-az180,294,53,63,,,
1524,p1524,elmid-radnear-az090,elmid-radnear-az225,296,58,56,,,
1525,p1525,elmid-radnear-az090,elmid-radnear-az270,284,52,74,,,
1526,p1526,elmid-radnear-az090,elmid-radnear-az315,292,54,64,,,
1527,p1527,elmid-radnear-az090,elmid-radmid-az000,288,49,73,,,
1528,p1528,elmid-radnear-az090,elmid-radmid-az045,285,59,66,,,
1529,p1529,elmid-radnear-az090,elmid-radmid-az090,290,60,60,,,
1530,p1530,elmid-radnear-az090,elmid-radmid-az135,297,62,51,,,
1531,p1531,elmid-radnear-az090,elmid-radmid-az180,299,49,62,,,
1532,p1532,elmid-radnear-az090,elmid-radmid-az225,301,56,53,,,
1533,p1533,elmid-radnear-az090,elmid-radmid-az270,288,51,71,,,
1534,p1534,elmid-radnear-az090,elmid-radmid-az315,296,54,60,,,
1535,p1535,elmid-radnear-az090,elmid-radfar-az000,299,53,58,,,
1536,p1536,elmid-radnear-az090,elmid-radfar-az045,289,60,61,,,
1537,p1537,elmid-radnear-az090,elmid-radfar-az090,289,61,60,,,
1538,p1538,elmid-radnear-az090,elmid-radfar-az135,296,52,62,,,
1539,p1539,elmid-radnear-az090,elmid-radfar-az180,301,52,57,,,
1540,p1540,elmid-radnear-az090,elmid-radfar-az225,283,60,67,,,
1541,p1541,elmid-radnear-az090,elmid-radfar-az270,295,58,57,,,
1542,p1542,elmid-radnear-az090,elmid-radfar-az315,298,55,57,,,
1543,p1543,elmid-radnear-az090,elhigh-radnear-az000,291,54,65,,,
1544,p1544,elmid-radnear-az090,elhigh-radnear-az045,302,54,54,,,
1545,p1545,elmid-radnear-az090,elhigh-radnear-az090,291,60,59,,,
1546,p1546,elmid-radnear-az090,elhigh-radnear-az135,287,60,63,,,
1547,p1547,elmid-radnear-az090,elhigh-radnear-az180,296,52,62,,,
1548,p1548,elmid-radnear-az090,elhigh-radnear-az225,281,62,67,,,
1549,p1549,elmid-radnear-az090,elhigh-radnear-az270,293,56,61,,,
1550,p1550,elmid-radnear-az090,elhigh-radnear-az315,290,60,60,,,
1551,p1551,elmid-radnear-az090,elhigh-radmid-az000,287,49,74,,,
1552,p1552,elmid-radnear-az090,elhigh-radmid-az045,297,52,61,,,
1553,p1553,elmid-radnear-az090,elhigh-radmid-az090,291,54,65,,,
1554,p1554,elmid-radnear-az090,elhigh-radmid-az135,291,58,61,,,
1555,p1555,elmid-radnear-az090,elhigh-radmid-az180,286,63,61,,,
1556,p1556,elmid-radnear-az090,elhigh-radmid-az225,280,63,67,,,
1557,p1557,elmid-radnear-az090,elhigh-radmid-az270,297,55,58,,,
1558,p1558,elmid-radnear-az090,elhigh-radmid-az315,300,55,55,,,
1559,p1559,elmid-radnear-az090,elhigh-radfar-az000,304,46,60,,,
1560,p1560,elmid-radnear-az090,elhigh-radfar-az045,273,67,70,,,
1561,p1561,elmid-radnear-az090,elhigh-radfar-az090,297,53,60,,,
1562,p1562,elmid-radnear-az090,elhigh-radfar-az135,303,51,56,,,
1563,p1563,elmid-radnear-az090,elhigh-radfar-az180,297,57,56,,,
1564,p1564,elmid-radnear-az090,elhigh-radfar-az225,300,52,58,,,
1565,p1565,elmid-radnear-az090,elhigh-radfar-az270,294,55,61,,,
1566,p1566,elmid-radnear-az090,elhigh-radfar-az315,294,55,61,,,
1567,p1567,elmid-radnear-az135,elmid-radnear-az180,286,49,75,,,
1568,p1568,elmid-radnear-az135,elmid-radnear-az225,288,54,68,,,
1569,p1569,elmid-radnear-az135,elmid-radnear-az270,276,48,86,,,
1570,p1570,elmid-radnear-az135,elmid-radnear-az315,284,50,76,,,
1571,p1571,elmid-radnear-az135,elmid-radmid-az000,280,45,85,,,
1572,p1572,elmid-radnear-az135,elmid-radmid-az045,277,55,78,,,
1573,p1573,elmid-radnear-az135,elmid-radmid-az090,282,56,72,,,
1574,p1574,elmid-radnear-az135,elmid-radmid-az135,289,58,63,,,
1575,p1575,elmid-radnear-az135,elmid-radmid-az180,291,45,74,,,
1576,p1576,elmid-radnear-az135,elmid-radmid-az225,293,52,65,,,
1577,p1577,elmid-radnear-az135,elmid-radmid-az270,280,47,83,,,
1578,p1578,elmid-radnear-az135,elmid-radmid-az315,288,50,72,,,
1579,p1579,elmid-radnear-az135,elmid-radfar-az000,291,49,70,,,
1580,p1580,elmid-radnear-az135,elmid-radfar-az045,281,56,73,,,
1581,p1581,elmid-radnear-az135,elmid-radfar-az090,281,57,72,,,
1582,p1582,elmid-radnear-az135,elmid-radfar-az135,288,48,74,,,
1583,p1583,elmid-radnear-az135,elmid-radfar-az180,293,48,69,,,
1584,p1584,elmid-radnear-az135,elmid-radfar-az225,275,56,79,,,
1585,p1585,elmid-radnear-az135,elmid-radfar-az270,287,54,69,,,
1586,p1586,elmid-radnear-az135,elmid-radfar-az315,290,51,69,,,
1587,p1587,elmid-radnear-az135,elhigh-radnear-az000,283,50,77,,,
1588,p1588,elmid-radnear-az135,elhigh-radnear-az045,294,50,66,,,
1589,p1589,elmid-radnear-az135,elhigh-radnear-az090,283,56,71,,,
1590,p1590,elmid-radnear-az135,elhigh-radnear-az135,279,56,75,,,
1591,p1591,elmid-radnear-az135,elhigh-radnear-az180,288,48,74,,,
1592,p1592,elmid-radnear-az135,elhigh-radnear-az225,273,58,79,,,
1593,p1593,elmid-radnear-az135,elhigh-radnear-az270,285,52,73,,,
1594,p1594,elmid-radnear-az135,elhigh-radnear-az315,282,56,72,,,
1595,p1595,elmid-radnear-az135,elhigh-radmid-az000,279,45,86,,,
1596,p1596,elmid-radnear-az135,elhigh-radmid-az045,289,48,73,,,
1597,p1597,elmid-radnear-az135,elhigh-radmid-az090,283,50,77,,,
1598,p1598,elmid-radnear-az135,elhigh-radmid-az135,283,54,73,,,
1599,p1599,elmid-radnear-az135,elhigh-radmid-az180,278,59,73,,,
1600,p1600,elmid-radnear-az135,elhigh-radmid-az225,272,59,79,,,
1601,p1601,elmid-radnear-az135,elhigh-radmid-az270,289,51,70,,,
1602,p1602,elmid-radnear-az135,elhigh-radmid-az315,292,51,67,,,
1603,p1603,elmid-radnear-az135,elhigh-radfar-az000,296,42,72,,,
1604,p1604,elmid-radnear-az135,elhigh-radfar-az045,265,63,82,,,
1605,p1605,elmid-radnear-az135,elhigh-radfar-az090,289,49,72,,,
1606,p1606,elmid-radnear-az135,elhigh-radfar-az135,295,47,68,,,
1607,p1607,elmid-radnear-az135,elhigh-radfar-az180,289,53,68,,,
1608,p1608,elmid-radnear-az135,elhigh-radfar-az225,292,48,70,,,
1609,p1609,elmid-radnear-az135,elhigh-radfar-az270,286,51,73,,,
1610,p1610,elmid-radnear-az135,elhigh-radfar-az315,286,51,73,,,
1611,p1611,elmid-radnear-az180,elmid-radnear-az225,290,63,57,,,
1612,p1612,elmid-radnear-az180,elmid-radnear-az270,278,57,75,,,
1613,p1613,elmid-radnear-az180,elmid-radnear-az315,286,59,65,,,
1614,p1614,elmid-radnear-az180,elmid-radmid-az000,282,54,74,,,
1615,p1615,elmid-radnear-az180,elmid-radmid-az045,279,64,67,,,
1616,p1616,elmid-radnear-az180,elmid-radmid-az090,284,65,61,,,
1617,p1617,elmid-radnear-az180,elmid-radmid-az135,291,67,52,,,
1618,p1618,elmid-radnear-az180,elmid-radmid-az180,293,54,63,,,
1619,p1619,elmid-radnear-az180,elmid-radmid-az225,295,61,54,,,
1620,p1620,elmid-radnear-az180,elmid-radmid-az270,282,56,72,,,
1621,p1621,elmid-radnear-az180,elmid-radmid-az315,290,59,61,,,
1622,p1622,elmid-radnear-az180,elmid-radfar-az000,293,58,59,,,
1623,p1623,elmid-radnear-az180,elmid-radfar-az045,283,65,62,,,
1624,p1624,elmid-radnear-az180,elmid-radfar-az090,283,66,61,,,
1625,p1625,elmid-radnear-az180,elmid-radfar-az135,290,57,63,,,
1626,p1626,elmid-radnear-az180,elmid-radfar-az180,295,57,58,,,
1627,p1627,elmid-radnear-az180,elmid-radfar-az225,277,65,68,,,
1628,p1628,elmid-radnear-az180,elmid-radfar-az270,289,63,58,,,
1629,p1629,elmid-radnear-az180,elmid-radfar-az315,292,60,58,,,
1630,p1630,elmid-radnear-az180,elhigh-radnear-az000,285,59,66,,,
1631,p1631,elmid-radnear-az180,elhigh-radnear-az045,296,59,55,,,
1632,p1632,elmid-radnear-az180,elhigh-radnear-az090,285,65,60,,,
1633,p1633,elmid-radnear-az180,elhigh-radnear-az135,281,65,64,,,
1634,p1634,elmid-radnear-az180,elhigh-radnear-az180,290,57,63,,,
1635,p1635,elmid-radnear-az180,elhigh-radnear-az225,275,67,68,,,
1636,p1636,elmid-radnear-az180,elhigh-radnear-az270,287,61,62,,,
1637,p1637,elmid-radnear-az180,elhigh-radnear-az315,284,65,61,,,
1638,p1638,elmid-radnear-az180,elhigh-radmid-az000,281,54,75,,,
1639,p1639,elmid-radnear-az180,elhigh-radmid-az045,291,57,62,,,
1640,p1640,elmid-radnear-az180,elhigh-radmid-az090,285,59,66,,,
1641,p1641,elmid-radnear-az180,elhigh-radmid-az135,285,63,62,,,
1642,p1642,elmid-radnear-az180,elhigh-radmid-az180,280,68,62,,,
1643,p1643,elmid-radnear-az180,elhigh-radmid-az225,274,68,68,,,
1644,p1644,elmid-radnear-az180,elhigh-radmid-az270,291,60,59,,,
1645,p1645,elmid-radnear-az180,elhigh-radmid-az315,294,60,56,,,
1646,p1646,elmid-radnear-az180,elhigh-radfar-az000,298,51,61,,,
1647,p1647,elmid-radnear-az180,elhigh-radfar-az045,267,72,71,,,
1648,p1648,elmid-radnear-az180,elhigh-radfar-az090,291,58,61,,,
1649,p1649,elmid-radnear-az180,elhigh-radfar-az135,297,56,57,,,
1650,p1650,elmid-radnear-az180,elhigh-radfar-az180,291,62,57,,,
1651,p1651,elmid-radnear-az180,elhigh-radfar-az225,294,57,59,,,
1652,p1652,elmid-radnear-az180,elhigh-radfar-az270,288,60,62,,,
1653,p1653,elmid-radnear-az180,elhigh-radfar-az315,288,60,62,,,
1654,p1654,elmid-radnear-az225,elmid-radnear-az270,280,62,68,,,
1655,p1655,elmid-radnear-az225,elmid-radnear-az315,288,64,58,,,
1656,p1656,elmid-radnear-az225,elmid-radmid-az000,284,59,67,,,
1657,p1657,elmid-radnear-az225,elmid-radmid-az045,281,69,60,,,
1658,p1658,elmid-radnear-az225,elmid-radmid-az090,286,70,54,,,
1659,p1659,elmid-radnear-az225,elmid-radmid-az135,293,72,45,,,
1660,p1660,elmid-radnear-az225,elmid-radmid-az180,295,59,56,,,
1661,p1661,elmid-radnear-az225,elmid-radmid-az225,297,66,47,,,
1662,p1662,elmid-radnear-az225,elmid-radmid-az270,284,61,65,,,
1663,p1663,elmid-radnear-az225,elmid-radmid-az315,292,64,54,,,
1664,p1664,elmid-radnear-az225,elmid-radfar-az000,295,63,52,,,
1665,p1665,elmid-radnear-az225,elmid-radfar-az045,285,70,55,,,
1666,p1666,elmid-radnear-az225,elmid-radfar-az090,285,71,54,,,
1667,p1667,elmid-radnear-az225,elmid-radfar-az135,292,62,56,,,
1668,p1668,elmid-radnear-az225,elmid-radfar-az180,297,62,51,,,
1669,p1669,elmid-radnear-az225,elmid-radfar-az225,279,70,61,,,
1670,p1670,elmid-radnear-az225,elmid-radfar-az270,291,68,51,,,
1671,p1671,elmid-radnear-az225,elmid-radfar-az315,294,65,51,,,
1672,p1672,elmid-radnear-az225,elhigh-radnear-az000,287,64,59,,,
1673,p1673,elmid-radnear-az225,elhigh-radnear-az045,298,64,48,,,
1674,p1674,elmid-radnear-az225,elhigh-radnear-az090,287,70,53,,,
1675,p1675,elmid-radnear-az225,elhigh-radnear-az135,283,70,57,,,
1676,p1676,elmid-radnear-az225,elhigh-radnear-az180,292,62,56,,,
1677,p1677,elmid-radnear-az225,elhigh-radnear-az225,277,72,61,,,
1678,p1678,elmid-radnear-az225,elhigh-radnear-az270,289,66,55,,,
1679,p1679,elmid-radnear-az225,elhigh-radnear-az315,286,70,54,,,
1680,p1680,elmid-radnear-az225,elhigh-radmid-az000,283,59,68,,,
1681,p1681,elmid-radnear-az225,elhigh-radmid-az045,293,62,55,,,
1682,p1682,elmid-radnear-az225,elhigh-radmid-az090,287,64,59,,,
1683,p1683,elmid-radnear-az225,elhigh-radmid-az135,287,68,55,,,
1684,p1684,elmid-radnear-az225,elhigh-radmid-az180,282,73,55,,,
1685,p1685,elmid-radnear-az225,elhigh-radmid-az225,276,73,61,,,
1686,p1686,elmid-radnear-az225,elhigh-radmid-az270,293,65,52,,,
1687,p1687,elmid-radnear-az225,elhigh-radmid-az315,296,65,49,,,
1688,p1688,elmid-radnear-az225,elhigh-radfar-az000,300,56,54,,,
1689,p1689,elmid-radnear-az225,elhigh-radfar-az045,269,77,64,,,
1690,p1690,elmid-radnear-az225,elhigh-radfar-az090,293,63,54,,,
1691,p1691,elmid-radnear-az225,elhigh-radfar-az135,299,61,50,,,
1692,p1692,elmid-radnear-az225,elhigh-radfar-az180,293,67,50,,,
1693,p1693,elmid-radnear-az225,elhigh-radfar-az225,296,62,52,,,
1694,p1694,elmid-radnear-az225,elhigh-radfar-az270,290,65,55,,,
1695,p1695,elmid-radnear-az225,elhigh-radfar-az315,290,65,55,,,
1696,p1696,elmid-radnear-az270,elmid-radnear-az315,276,58,76,,,
1697,p1697,elmid-radnear-az270,elmid-radmid-az000,272,53,85,,,
1698,p1698,elmid-radnear-az270,elmid-radmid-az045,269,63,78,,,
1699,p1699,elmid-radnear-az270,elmid-radmid-az090,274,64,72,,,
1700,p1700,elmid-radnear-az270,elmid-radmid-az135,281,66,63,,,
1701,p1701,elmid-radnear-az270,elmid-radmid-az180,283,53,74,,,
1702,p1702,elmid-radnear-az270,elmid-radmid-az225,285,60,65,,,
1703,p1703,elmid-radnear-az270,elmid-radmid-az270,272,55,83,,,
1704,p1704,elmid-radnear-az270,elmid-radmid-az315,280,58,72,,,
1705,p1705,elmid-radnear-az270,elmid-radfar-az000,283,57,70,,,
1706,p1706,elmid-radnear-az270,elmid-radfar-az045,273,64,73,,,
1707,p1707,elmid-radnear-az270,elmid-radfar-az090,273,65,72,,,
1708,p1708,elmid-radnear-az270,elmid-radfar-az135,280,56,74,,,
1709,p1709,elmid-radnear-az270,elmid-radfar-az180,285,56,69,,,
1710,p1710,elmid-radnear-az270,elmid-radfar-az225,267,64,79,,,
1711,p1711,elmid-radnear-az270,elmid-radfar-az270,279,62,69,,,
1712,p1712,elmid-radnear-az270,elmid-radfar-az315,282,59,69,,,
1713,p1713,elmid-radnear-az270,elhigh-radnear-az000,275,58,77,,,
1714,p1714,elmid-radnear-az270,elhigh-radnear-az045,286,58,66,,,
1715,p1715,elmid-radnear-az270,elhigh-radnear-az090,275,64,71,,,
1716,p1716,elmid-radnear-az270,elhigh-radnear-az135,271,64,75,,,
1717,p1717,elmid-radnear-az270,elhigh-radnear-az180,280,56,74,,,
1718,p1718,elmid-radnear-az270,elhigh-radnear-az225,265,66,79,,,
1719,p1719,elmid-radnear-az270,elhigh-radnear-az270,277,60,73,,,
1720,p1720,elmid-radnear-az270,elhigh-radnear-az315,274,64,72,,,
1721,p1721,elmid-radnear-az270,elhigh-radmid-az000,271,53,86,,,
1722,p1722,elmid-radnear-az270,elhigh-radmid-az045,281,56,73,,,
1723,p1723,elmid-radnear-az270,elhigh-radmid-az090,275,58,77,,,
1724,p1724,elmid-radnear-az270,elhigh-radmid-az135,275,62,73,,,
1725,p1725,elmid-radnear-az270,elhigh-radmid-az180,270,67,73,,,
1726,p1726,elmid-radnear-az270,elhigh-radmid-az225,264,67,79,,,
1727,p1727,elmid-radnear-az270,elhigh-radmid-az270,281,59,70,,,
1728,p1728,elmid-radnear-az270,elhigh-radmid-az315,284,59,67,,,
1729,p1729,elmid-radnear-az270,elhigh-radfar-az000,288,50,72,,,
1730,p1730,elmid-radnear-az270,elhigh-radfar-az045,257,71,82,,,
1731,p1731,elmid-radnear-az270,elhigh-radfar-az090,281,57,72,,,
1732,p1732,elmid-radnear-az270,elhigh-radfar-az135,287,55,68,,,
1733,p1733,elmid-radnear-az270,elhigh-radfar-az180,281,61,68,,,
1734,p1734,elmid-radnear-az270,elhigh-radfar-az225,284,56,70,,,
1735,p1735,elmid-radnear-az270,elhigh-radfar-az270,278,59,73,,,
1736,p1736,elmid-radnear-az270,elhigh-radfar-az315,278,59,73,,,
1737,p1737,elmid-radnear-az315,elmid-radmid-az000,280,55,75,,,
1738,p1738,elmid-radnear-az315,elmid-radmid-az045,277,65,68,,,
1739,p1739,elmid-radnear-az315,elmid-radmid-az090,282,66,62,,,
1740,p1740,elmid-radnear-az315,elmid-radmid-az135,289,68,53,,,
1741,p1741,elmid-radnear-az315,elmid-radmid-az180,291,55,64,,,
1742,p1742,elmid-radnear-az315,elmid-radmid-az225,293,62,55,,,
1743,p1743,elmid-radnear-az315,elmid-radmid-az270,280,57,73,,,
1744,p1744,elmid-radnear-az315,elmid-radmid-az315,288,60,62,,,
1745,p1745,elmid-radnear-az315,elmid-radfar-az000,291,59,60,,,
1746,p1746,elmid-radnear-az315,elmid-radfar-az045,281,66,63,,,
1747,p1747,elmid-radnear-az315,elmid-radfar-az090,281,67,62,,,
1748,p1748,elmid-radnear-az315,elmid-radfar-az135,288,58,64,,,
1749,p1749,elmid-radnear-az315,elmid-radfar-az180,293,58,59,,,
1750,p1750,elmid-radnear-az315,elmid-radfar-az225,275,66,69,,,
1751,p1751,elmid-radnear-az315,elmid-radfar-az270,287,64,59,,,
1752,p1752,elmid-radnear-az315,elmid-radfar-az315,290,61,59,,,
1753,p1753,elmid-radnear-az315,elhigh-radnear-az000,283,60,67,,,
1754,p1754,elmid-radnear-az315,elhigh-radnear-az045,294,60,56,,,
1755,p1755,elmid-radnear-az315,elhigh-radnear-az090,283,66,61,,,
1756,p1756,elmid-radnear-az315,elhigh-radnear-az135,279,66,65,,,
1757,p1757,elmid-radnear-az315,elhigh-radnear-az180,288,58,64,,,
1758,p1758,elmid-radnear-az315,elhigh-radnear-az225,273,68,69,,,
1759,p1759,elmid-radnear-az315,elhigh-radnear-az270,285,62,63,,,
1760,p1760,elmid-radnear-az315,elhigh-radnear-az315,282,66,62,,,
1761,p1761,elmid-radnear-az315,elhigh-radmid-az000,279,55,76,,,
1762,p1762,elmid-radnear-az315,elhigh-radmid-az045,289,58,63,,,
1763,p1763,elmid-radnear-az315,elhigh-radmid-az090,283,60,67,,,
1764,p1764,elmid-radnear-az315,elhigh-radmid-az135,283,64,63,,,
1765,p1765,elmid-radnear-az315,elhigh-radmid-az180,278,69,63,,,
1766,p1766,elmid-radnear-az315,elhigh-radmid-az225,272,69,69,,,
1767,p1767,elmid-radnear-az315,elhigh-radmid-az270,289,61,60,,,
1768,p1768,elmid-radnear-az315,elhigh-radmid-az315,292,61,57,,,
1769,p1769,elmid-radnear-az315,elhigh-radfar-az000,296,52,62,,,
1770,p1770,elmid-radnear-az315,elhigh-radfar-az045,265,73,72,,,
1771,p1771,elmid-radnear-az315,elhigh-radfar-az090,289,59,62,,,
1772,p1772,elmid-radnear-az315,elhigh-radfar-az135,295,57,58,,,
1773,p1773,elmid-radnear-az315,elhigh-radfar-az180,289,63,58,,,
1774,p1774,elmid-radnear-az315,elhigh-radfar-az225,292,58,60,,,
1775,p1775,elmid-radnear-az315,elhigh-radfar-az270,286,61,63,,,
1776,p1776,elmid-radnear-az315,elhigh-radfar-az315,286,61,63,,,
1777,p1777,elmid-radmid-az000,elmid-radmid-az045,273,60,77,,,
1778,p1778,elmid-radmid-az000,elmid-radmid-az090,278,61,71,,,
1779,p1779,elmid-radmid-az000,elmid-radmid-az135,285,63,62,,,
1780,p1780,elmid-radmid-az000,elmid-radmid-az180,287,50,73,4,azimuth_only,"Same elevation/radius, opposite azimuths, to isolate azimuth diversity."
1781,p1781,elmid-radmid-az000,elmid-radmid-az225,289,57,64,,,
1782,p1782,elmid-radmid-az000,elmid-radmid-az270,276,52,82,,,
1783,p1783,elmid-radmid-az000,elmid-radmid-az315,284,55,71,,,
1784,p1784,elmid-radmid-az000,elmid-radfar-az000,287,54,69,,,
1785,p1785,elmid-radmid-az000,elmid-radfar-az045,277,61,72,,,
1786,p1786,elmid-radmid-az000,elmid-radfar-az090,277,62,71,,,
1787,p1787,elmid-radmid-az000,elmid-radfar-az135,284,53,73,,,
1788,p1788,elmid-radmid-az000,elmid-radfar-az180,289,53,68,,,
1789,p1789,elmid-radmid-az000,elmid-radfar-az225,271,61,78,,,
1790,p1790,elmid-radmid-az000,elmid-radfar-az270,283,59,68,,,
1791,p1791,elmid-radmid-az000,elmid-radfar-az315,286,56,68,,,
1792,p1792,elmid-radmid-az000,elhigh-radnear-az000,279,55,76,,,
1793,p1793,elmid-radmid-az000,elhigh-radnear-az045,290,55,65,,,
1794,p1794,elmid-radmid-az000,elhigh-radnear-az090,279,61,70,,,
1795,p1795,elmid-radmid-az000,elhigh-radnear-az135,275,61,74,,,
1796,p1796,elmid-radmid-az000,elhigh-radnear-az180,284,53,73,,,
1797,p1797,elmid-radmid-az000,elhigh-radnear-az225,269,63,78,,,
1798,p1798,elmid-radmid-az000,elhigh-radnear-az270,281,57,72,,,
1799,p1799,elmid-radmid-az000,elhigh-radnear-az315,278,61,71,,,
1800,p1800,elmid-radmid-az000,elhigh-radmid-az000,275,50,85,,,
1801,p1801,elmid-radmid-az000,elhigh-radmid-az045,285,53,72,,,
1802,p1802,elmid-radmid-az000,elhigh-radmid-az090,279,55,76,,,
1803,p1803,elmid-radmid-az000,elhigh-radmid-az135,279,59,72,,,
1804,p1804,elmid-radmid-az000,elhigh-radmid-az180,274,64,72,,,
1805,p1805,elmid-radmid-az000,elhigh-radmid-az225,268,64,78,,,
1806,p1806,elmid-radmid-az000,elhigh-radmid-az270,285,56,69,,,
1807,p1807,elmid-radmid-az000,elhigh-radmid-az315,288,56,66,,,
1808,p1808,elmid-radmid-az000,elhigh-radfar-az000,292,47,71,,,
1809,p1809,elmid-radmid-az000,elhigh-radfar-az045,261,68,81,,,
1810,p1810,elmid-radmid-az000,elhigh-radfar-az090,285,54,71,,,
1811,p1811,elmid-radmid-az000,elhigh-radfar-az135,291,52,67,,,
1812,p1812,elmid-radmid-az000,elhigh-radfar-az180,285,58,67,,,
1813,p1813,elmid-radmid-az000,elhigh-radfar-az225,288,53,69,,,
1814,p1814,elmid-radmid-az000,elhigh-radfar-az270,282,56,72,,,
1815,p1815,elmid-radmid-az000,elhigh-radfar-az315,282,56,72,,,
1816,p1816,elmid-radmid-az045,elmid-radmid-az090,275,71,64,,,
1817,p1817,elmid-radmid-az045,elmid-radmid-az135,282,73,55,,,
1818,p1818,elmid-radmid-az045,elmid-radmid-az180,284,60,66,,,
1819,p1819,elmid-radmid-az045,elmid-radmid-az225,286,67,57,,,
1820,p1820,elmid-radmid-az045,elmid-radmid-az270,273,62,75,,,
1821,p1821,elmid-radmid-az045,elmid-radmid-az315,281,65,64,,,
1822,p1822,elmid-radmid-az045,elmid-radfar-az000,284,64,62,,,
1823,p1823,elmid-radmid-az045,elmid-radfar-az045,274,71,65,,,
1824,p1824,elmid-radmid-az045,elmid-radfar-az090,274,72,64,,,
1825,p1825,elmid-radmid-az045,elmid-radfar-az135,281,63,66,,,
1826,p1826,elmid-radmid-az045,elmid-radfar-az180,286,63,61,,,
1827,p1827,elmid-radmid-az045,elmid-radfar-az225,268,71,71,,,
1828,p1828,elmid-radmid-az045,elmid-radfar-az270,280,69,61,,,
1829,p1829,elmid-radmid-az045,elmid-radfar-az315,283,66,61,,,
1830,p1830,elmid-radmid-az045,elhigh-radnear-az000,276,65,69,,,
1831,p1831,elmid-radmid-az045,elhigh-radnear-az045,287,65,58,,,
1832,p1832,elmid-radmid-az045,elhigh-radnear-az090,276,71,63,,,
1833,p1833,elmid-radmid-az045,elhigh-radnear-az135,272,71,67,,,
1834,p1834,elmid-radmid-az045,elhigh-radnear-az180,281,63,66,,,
1835,p1835,elmid-radmid-az045,elhigh-radnear-az225,266,73,71,,,
1836,p1836,elmid-radmid-az045,elhigh-radnear-az270,278,67,65,,,
1837,p1837,elmid-radmid-az045,elhigh-radnear-az315,275,71,64,,,
1838,p1838,elmid-radmid-az045,elhigh-radmid-az000,272,60,78,,,
1839,p1839,elmid-radmid-az045,elhigh-radmid-az045,282,63,65,,,
1840,p1840,elmid-radmid-az045,elhigh-radmid-az090,276,65,69,,,
1841,p1841,elmid-radmid-az045,elhigh-radmid-az135,276,69,65,,,
1842,p1842,elmid-radmid-az045,elhigh-radmid-az180,271,74,65,,,
1843,p1843,elmid-radmid-az045,elhigh-radmid-az225,265,74,71,,,
1844,p1844,elmid-radmid-az045,elhigh-radmid-az270,282,66,62,,,
1845,p1845,elmid-radmid-az045,elhigh-radmid-az315,285,66,59,,,
1846,p1846,elmid-radmid-az045,elhigh-radfar-az000,289,57,64,,,
1847,p1847,elmid-radmid-az045,elhigh-radfar-az045,258,78,74,,,
1848,p1848,elmid-radmid-az045,elhigh-radfar-az090,282,64,64,,,
1849,p1849,elmid-radmid-az045,elhigh-radfar-az135,288,62,60,,,
1850,p1850,elmid-radmid-az045,elhigh-radfar-az180,282,68,60,,,
1851,p1851,elmid-radmid-az045,elhigh-radfar-az225,285,63,62,,,
1852,p1852,elmid-radmid-az045,elhigh-radfar-az270,279,66,65,,,
1853,p1853,elmid-radmid-az045,elhigh-radfar-az315,279,66,65,,,
1854,p1854,elmid-radmid-az090,elmid-radmid-az135,287,74,49,,,
1855,p1855,elmid-radmid-az090,elmid-radmid-az180,289,61,60,,,
1856,p1856,elmid-radmid-az090,elmid-radmid-az225,291,68,51,,,
1857,p1857,elmid-radmid-az090,elmid-radmid-az270,278,63,69,,,
1858,p1858,elmid-radmid-az090,elmid-radmid-az315,286,66,58,,,
1859,p1859,elmid-radmid-az090,elmid-radfar-az000,289,65,56,,,
1860,p1860,elmid-radmid-az090,elmid-radfar-az045,279,72,59,,,
1861,p1861,elmid-radmid-az090,elmid-radfar-az090,279,73,58,,,
1862,p1862,elmid-radmid-az090,elmid-radfar-az135,286,64,60,,,
1863,p1863,elmid-radmid-az090,elmid-radfar-az180,291,64,55,,,
1864,p1864,elmid-radmid-az090,elmid-radfar-az225,273,72,65,,,
1865,p1865,elmid-radmid-az090,elmid-radfar-az270,285,70,55,,,
1866,p1866,elmid-radmid-az090,elmid-radfar-az315,288,67,55,,,
1867,p1867,elmid-radmid-az090,elhigh-radnear-az000,281,66,63,,,
1868,p1868,elmid-radmid-az090,elhigh-radnear-az045,292,66,52,,,
1869,p1869,elmid-radmid-az090,elhigh-radnear-az090,281,72,57,,,
1870,p1870,elmid-radmid-az090,elhigh-radnear-az135,277,72,61,,,
1871,p1871,elmid-radmid-az090,elhigh-radnear-az180,286,64,60,,,
1872,p1872,elmid-radmid-az090,elhigh-radnear-az225,271,74,65,,,
1873,p1873,elmid-radmid-az090,elhigh-radnear-az270,283,68,59,,,
1874,p1874,elmid-radmid-az090,elhigh-radnear-az315,280,72,58,,,
1875,p1875,elmid-radmid-az090,elhigh-radmid-az000,277,61,72,,,
1876,p1876,elmid-radmid-az090,elhigh-radmid-az045,287,64,59,,,
1877,p1877,elmid-radmid-az090,elhigh-radmid-az090,281,66,63,,,
1878,p1878,elmid-radmid-az090,elhigh-radmid-az135,281,70,59,,,
1879,p1879,elmid-radmid-az090,elhigh-radmid-az180,276,75,59,,,
1880,p1880,elmid-radmid-az090,elhigh-radmid-az225,270,75,65,,,
1881,p1881,elmid-radmid-az090,elhigh-radmid-az270,287,67,56,,,
1882,p1882,elmid-radmid-az090,elhigh-radmid-az315,290,67,53,,,
1883,p1883,elmid-radmid-az090,elhigh-radfar-az000,294,58,58,,,
1884,p1884,elmid-radmid-az090,elhigh-radfar-az045,263,79,68,,,
1885,p1885,elmid-radmid-az090,elhigh-radfar-az090,287,65,58,,,
1886,p1886,elmid-radmid-az090,elhigh-radfar-az135,293,63,54,,,
1887,p1887,elmid-radmid-az090,elhigh-radfar-az180,287,69,54,,,
1888,p1888,elmid-radmid-az090,elhigh-radfar-az225,290,64,56,,,
1889,p1889,elmid-radmid-az090,elhigh-radfar-az270,284,67,59,,,
1890,p1890,elmid-radmid-az090,elhigh-radfar-az315,284,67,59,,,
1891,p1891,elmid-radmid-az135,elmid-radmid-az180,296,63,51,,,
1892,p1892,elmid-radmid-az135,elmid-radmid-az225,298,70,42,,,
1893,p1893,elmid-radmid-az135,elmid-radmid-az270,285,65,60,,,
1894,p1894,elmid-radmid-az135,elmid-radmid-az315,293,68,49,,,
1895,p1895,elmid-radmid-az135,elmid-radfar-az000,296,67,47,,,
1896,p1896,elmid-radmid-az135,elmid-radfar-az045,286,74,50,,,
1897,p1897,elmid-radmid-az135,elmid-radfar-az090,286,75,49,,,
1898,p1898,elmid-radmid-az135,elmid-radfar-az135,293,66,51,,,
1899,p1899,elmid-radmid-az135,elmid-radfar-az180,298,66,46,,,
1900,p1900,elmid-radmid-az135,elmid-radfar-az225,280,74,56,,,
1901,p1901,elmid-radmid-az135,elmid-radfar-az270,292,72,46,,,
1902,p1902,elmid-radmid-az135,elmid-radfar-az315,295,69,46,,,
1903,p1903,elmid-radmid-az135,elhigh-radnear-az000,288,68,54,,,
1904,p1904,elmid-radmid-az135,elhigh-radnear-az045,299,68,43,,,
1905,p1905,elmid-radmid-az135,elhigh-radnear-az090,288,74,48,,,
1906,p1906,elmid-radmid-az135,elhigh-radnear-az135,284,74,52,,,
1907,p1907,elmid-radmid-az135,elhigh-radnear-az180,293,66,51,,,
1908,p1908,elmid-radmid-az135,elhigh-radnear-az225,278,76,56,,,
1909,p1909,elmid-radmid-az135,elhigh-radnear-az270,290,70,50,,,
1910,p1910,elmid-radmid-az135,elhigh-radnear-az315,287,74,49,,,
1911,p1911,elmid-radmid-az135,elhigh-radmid-az000,284,63,63,,,
1912,p1912,elmid-radmid-az135,elhigh-radmid-az045,294,66,50,,,
1913,p1913,elmid-radmid-az135,elhigh-radmid-az090,288,68,54,,,
1914,p1914,elmid-radmid-az135,elhigh-radmid-az135,288,72,50,,,
1915,p1915,elmid-radmid-az135,elhigh-radmid-az180,283,77,50,,,
1916,p1916,elmid-radmid-az135,elhigh-radmid-az225,277,77,56,,,
1917,p1917,elmid-radmid-az135,elhigh-radmid-az270,294,69,47,,,
1918,p1918,elmid-radmid-az135,elhigh-radmid-az315,297,69,44,,,
1919,p1919,elmid-radmid-az135,elhigh-radfar-az000,301,60,49,,,
1920,p1920,elmid-radmid-az135,elhigh-radfar-az045,270,81,59,,,
1921,p1921,elmid-radmid-az135,elhigh-radfar-az090,294,67,49,,,
1922,p1922,elmid-radmid-az135,elhigh-radfar-az135,300,65,45,,,
1923,p1923,elmid-radmid-az135,elhigh-radfar-az180,294,71,45,,,
1924,p1924,elmid-radmid-az135,elhigh-radfar-az225,297,66,47,,,
1925,p1925,elmid-radmid-az135,elhigh-radfar-az270,291,69,50,,,
1926,p1926,elmid-radmid-az135,elhigh-radfar-az315,291,69,50,,,
1927,p1927,elmid-radmid-az180,elmid-radmid-az225,300,57,53,,,
1928,p1928,elmid-radmid-az180,elmid-radmid-az270,287,52,71,,,
1929,p1929,elmid-radmid-az180,elmid-radmid-az315,295,55,60,,,
1930,p1930,elmid-radmid-az180,elmid-radfar-az000,298,54,58,,,
1931,p1931,elmid-radmid-az180,elmid-radfar-az045,288,61,61,,,
1932,p1932,elmid-radmid-az180,elmid-radfar-az090,288,62,60,,,
1933,p1933,elmid-radmid-az180,elmid-radfar-az135,295,53,62,,,
1934,p1934,elmid-radmid-az180,elmid-radfar-az180,300,53,57,,,
1935,p1935,elmid-radmid-az180,elmid-radfar-az225,282,61,67,,,
1936,p1936,elmid-radmid-az180,elmid-radfar-az270,294,59,57,,,
1937,p1937,elmid-radmid-az180,elmid-radfar-az315,297,56,57,,,
1938,p1938,elmid-radmid-az180,elhigh-radnear-az000,290,55,65,,,
1939,p1939,elmid-radmid-az180,elhigh-radnear-az045,301,55,54,,,
1940,p1940,elmid-radmid-az180,elhigh-radnear-az090,290,61,59,,,
1941,p1941,elmid-radmid-az180,elhigh-radnear-az135,286,61,63,,,
1942,p1942,elmid-radmid-az180,elhigh-radnear-az180,295,53,62,,,
1943,p1943,elmid-radmid-az180,elhigh-radnear-az225,280,63,67,,,
1944,p1944,elmid-radmid-az180,elhigh-radnear-az270,292,57,61,,,
1945,p1945,elmid-radmid-az180,elhigh-radnear-az315,289,61,60,,,
1946,p1946,elmid-radmid-az180,elhigh-radmid-az000,286,50,74,,,
1947,p1947,elmid-radmid-az180,elhigh-radmid-az045,296,53,61,,,
1948,p1948,elmid-radmid-az180,elhigh-radmid-az090,290,55,65,,,
1949,p1949,elmid-radmid-az180,elhigh-radmid-az135,290,59,61,,,
1950,p1950,elmid-radmid-az180,elhigh-radmid-az180,285,64,61,,,
1951,p1951,elmid-radmid-az180,elhigh-radmid-az225,279,64,67,,,
1952,p1952,elmid-radmid-az180,elhigh-radmid-az270,296,56,58,,,
1953,p1953,elmid-radmid-az180,elhigh-radmid-az315,299,56,55,,,
1954,p1954,elmid-radmid-az180,elhigh-radfar-az000,303,47,60,,,
1955,p1955,elmid-radmid-az180,elhigh-radfar-az045,272,68,70,,,
1956,p1956,elmid-radmid-az180,elhigh-radfar-az090,296,54,60,,,
1957,p1957,elmid-radmid-az180,elhigh-radfar-az135,302,52,56,,,
1958,p1958,elmid-radmid-az180,elhigh-radfar-az180,296,58,56,,,
1959,p1959,elmid-radmid-az180,elhigh-radfar-az225,299,53,58,,,
1960,p1960,elmid-radmid-az180,elhigh-radfar-az270,293,56,61,,,
1961,p1961,elmid-radmid-az180,elhigh-radfar-az315,293,56,61,,,
1962,p1962,elmid-radmid-az225,elmid-radmid-az270,289,59,62,,,
1963,p1963,elmid-radmid-az225,elmid-radmid-az315,297,62,51,,,
1964,p1964,elmid-radmid-az225,elmid-radfar-az000,300,61,49,,,
1965,p1965,elmid-radmid-az225,elmid-radfar-az045,290,68,52,,,
1966,p1966,elmid-radmid-az225,elmid-radfar-az090,290,69,51,,,
1967,p1967,elmid-radmid-az225,elmid-radfar-az135,297,60,53,,,
1968,p1968,elmid-radmid-az225,elmid-radfar-az180,302,60,48,,,
1969,p1969,elmid-radmid-az225,elmid-radfar-az225,284,68,58,,,
1970,p1970,elmid-radmid-az225,elmid-radfar-az270,296,66,48,,,
1971,p1971,elmid-radmid-az225,elmid-radfar-az315,299,63,48,,,
1972,p1972,elmid-radmid-az225,elhigh-radnear-az000,292,62,56,,,
1973,p1973,elmid-radmid-az225,elhigh-radnear-az045,303,62,45,,,
1974,p1974,elmid-radmid-az225,elhigh-radnear-az090,292,68,50,,,
1975,p1975,elmid-radmid-az225,elhigh-radnear-az135,288,68,54,,,
1976,p1976,elmid-radmid-az225,elhigh-radnear-az180,297,60,53,,,
1977,p1977,elmid-radmid-az225,elhigh-radnear-az225,282,70,58,,,
1978,p1978,elmid-radmid-az225,elhigh-radnear-az270,294,64,52,,,
1979,p1979,elmid-radmid-az225,elhigh-radnear-az315,291,68,51,,,
1980,p1980,elmid-radmid-az225,elhigh-radmid-az000,288,57,65,,,
1981,p1981,elmid-radmid-az225,elhigh-radmid-az045,298,60,52,,,
1982,p1982,elmid-radmid-az225,elhigh-radmid-az090,292,62,56,,,
1983,p1983,elmid-radmid-az225,elhigh-radmid-az135,292,66,52,,,
1984,p1984,elmid-radmid-az225,elhigh-radmid-az180,287,71,52,,,
1985,p1985,elmid-radmid-az225,elhigh-radmid-az225,281,71,58,,,
1986,p1986,elmid-radmid-az225,elhigh-radmid-az270,298,63,49,,,
1987,p1987,elmid-radmid-az225,elhigh-radmid-az315,301,63,46,,,
1988,p1988,elmid-radmid-az225,elhigh-radfar-az000,305,54,51,,,
1989,p1989,elmid-radmid-az225,elhigh-radfar-az045,274,75,61,,,
1990,p1990,elmid-radmid-az225,elhigh-radfar-az090,298,61,51,,,
1991,p1991,elmid-radmid-az225,elhigh-radfar-az135,304,59,47,,,
1992,p1992,elmid-radmid-az225,elhigh-radfar-az180,298,65,47,,,
1993,p1993,elmid-radmid-az225,elhigh-radfar-az225,301,60,49,,,
1994,p1994,elmid-radmid-az225,elhigh-radfar-az270,295,63,52,,,
1995,p1995,elmid-radmid-az225,elhigh-radfar-az315,295,63,52,,,
1996,p1996,elmid-radmid-az270,elmid-radmid-az315,284,57,69,,,
1997,p1997,elmid-radmid-az270,elmid-radfar-az000,287,56,67,,,
1998,p1998,elmid-radmid-az270,elmid-radfar-az045,277,63,70,,,
1999,p1999,elmid-radmid-az270,elmid-radfar-az090,277,64,69,,,
2000,p2000,elmid-radmid-az270,elmid-radfar-az135,284,55,71,,,
2001,p2001,elmid-radmid-az270,elmid-radfar-az180,289,55,66,,,
2002,p2002,elmid-radmid-az270,elmid-radfar-az225,271,63,76,,,
2003,p2003,elmid-radmid-az270,elmid-radfar-az270,283,61,66,,,
2004,p2004,elmid-radmid-az270,elmid-radfar-az315,286,58,66,,,
2005,p2005,elmid-radmid-az270,elhigh-radnear-az000,279,57,74,,,
2006,p2006,elmid-radmid-az270,elhigh-radnear-az045,290,57,63,,,
2007,p2007,elmid-radmid-az270,elhigh-radnear-az090,279,63,68,,,
2008,p2008,elmid-radmid-az270,elhigh-radnear-az135,275,63,72,,,
2009,p2009,elmid-radmid-az270,elhigh-radnear-az180,284,55,71,,,
2010,p2010,elmid-radmid-az270,elhigh-radnear-az225,269,65,76,,,
2011,p2011,elmid-radmid-az270,elhigh-radnear-az270,281,59,70,,,
2012,p2012,elmid-radmid-az270,elhigh-radnear-az315,278,63,69,,,
2013,p2013,elmid-radmid-az270,elhigh-radmid-az000,275,52,83,,,
2014,p2014,elmid-radmid-az270,elhigh-radmid-az045,285,55,70,,,
2015,p2015,elmid-radmid-az270,elhigh-radmid-az090,279,57,74,,,
2016,p2016,elmid-radmid-az270,elhigh-radmid-az135,279,61,70,,,
2017,p2017,elmid-radmid-az270,elhigh-radmid-az180,274,66,70,,,
2018,p2018,elmid-radmid-az270,elhigh-radmid-az225,268,66,76,,,
2019,p2019,elmid-radmid-az270,elhigh-radmid-az270,285,58,67,,,
2020,p2020,elmid-radmid-az270,elhigh-radmid-az315,288,58,64,,,
2021,p2021,elmid-radmid-az270,elhigh-radfar-az000,292,49,69,,,
2022,p2022,elmid-radmid-az270,elhigh-radfar-az045,261,70,79,,,
2023,p2023,elmid-radmid-az270,elhigh-radfar-az090,285,56,69,,,
2024,p2024,elmid-radmid-az270,elhigh-radfar-az135,291,54,65,,,
2025,p2025,elmid-radmid-az270,elhigh-radfar-az180,285,60,65,,,
2026,p2026,elmid-radmid-az270,elhigh-radfar-az225,288,55,67,,,
2027,p2027,elmid-radmid-az270,elhigh-radfar-az270,282,58,70,,,
2028,p2028,elmid-radmid-az270,elhigh-radfar-az315,282,58,70,,,
2029,p2029,elmid-radmid-az315,elmid-radfar-az000,295,59,56,,,
2030,p2030,elmid-radmid-az315,elmid-radfar-az045,285,66,59,,,
2031,p2031,elmid-radmid-az315,elmid-radfar-az090,285,67,58,,,
2032,p2032,elmid-radmid-az315,elmid-radfar-az135,292,58,60,,,
2033,p2033,elmid-radmid-az315,elmid-radfar-az180,297,58,55,,,
2034,p2034,elmid-radmid-az315,elmid-radfar-az225,279,66,65,,,
2035,p2035,elmid-radmid-az315,elmid-radfar-az270,291,64,55,,,
2036,p2036,elmid-radmid-az315,elmid-radfar-az315,294,61,55,,,
2037,p2037,elmid-radmid-az315,elhigh-radnear-az000,287,60,63,,,
2038,p2038,elmid-radmid-az315,elhigh-radnear-az045,298,60,52,,,
2039,p2039,elmid-radmid-az315,elhigh-radnear-az090,287,66,57,,,
2040,p2040,elmid-radmid-az315,elhigh-radnear-az135,283,66,61,,,
2041,p2041,elmid-radmid-az315,elhigh-radnear-az180,292,58,60,,,
2042,p2042,elmid-radmid-az315,elhigh-radnear-az225,277,68,65,,,
2043,p2043,elmid-radmid-az315,elhigh-radnear-az270,289,62,59,,,
2044,p2044,elmid-radmid-az315,elhigh-radnear-az315,286,66,58,,,
2045,p2045,elmid-radmid-az315,elhigh-radmid-az000,283,55,72,,,
2046,p2046,elmid-radmid-az315,elhigh-radmid-az045,293,58,59,,,
2047,p2047,elmid-radmid-az315,elhigh-radmid-az090,287,60,63,,,
2048,p2048,elmid-radmid-az315,elhigh-radmid-az135,287,64,59,,,
2049,p2049,elmid-radmid-az315,elhigh-radmid-az180,282,69,59,,,
2050,p2050,elmid-radmid-az315,elhigh-radmid-az225,276,69,65,,,
2051,p2051,elmid-radmid-az315,elhigh-radmid-az270,293,61,56,,,
2052,p2052,elmid-radmid-az315,elhigh-radmid-az315,296,61,53,,,
2053,p2053,elmid-radmid-az315,elhigh-radfar-az000,300,52,58,,,
2054,p2054,elmid-radmid-az315,elhigh-radfar-az045,269,73,68,,,
2055,p2055,elmid-radmid-az315,elhigh-radfar-az090,293,59,58,,,
2056,p2056,elmid-radmid-az315,elhigh-radfar-az135,299,57,54,,,
2057,p2057,elmid-radmid-az315,elhigh-radfar-az180,293,63,54,,,
2058,p2058,elmid-radmid-az315,elhigh-radfar-az225,296,58,56,,,
2059,p2059,elmid-radmid-az315,elhigh-radfar-az270,290,61,59,,,
2060,p2060,elmid-radmid-az315,elhigh-radfar-az315,290,61,59,,,
2061,p2061,elmid-radfar-az000,elmid-radfar-az045,288,65,57,,,
2062,p2062,elmid-radfar-az000,elmid-radfar-az090,288,66,56,,,
2063,p2063,elmid-radfar-az000,elmid-radfar-az135,295,57,58,,,
2064,p2064,elmid-radfar-az000,elmid-radfar-az180,300,57,53,,,
2065,p2065,elmid-radfar-az000,elmid-radfar-az225,282,65,63,,,
2066,p2066,elmid-radfar-az000,elmid-radfar-az270,294,63,53,,,
2067,p2067,elmid-radfar-az000,elmid-radfar-az315,297,60,53,,,
2068,p2068,elmid-radfar-az000,elhigh-radnear-az000,290,59,61,,,
2069,p2069,elmid-radfar-az000,elhigh-radnear-az045,301,59,50,,,
2070,p2070,elmid-radfar-az000,elhigh-radnear-az090,290,65,55,,,
2071,p2071,elmid-radfar-az000,elhigh-radnear-az135,286,65,59,,,
2072,p2072,elmid-radfar-az000,elhigh-radnear-az180,295,57,58,,,
2073,p2073,elmid-radfar-az000,elhigh-radnear-az225,280,67,63,,,
2074,p2074,elmid-radfar-az000,elhigh-radnear-az270,292,61,57,,,
2075,p2075,elmid-radfar-az000,elhigh-radnear-az315,289,65,56,,,
2076,p2076,elmid-radfar-az000,elhigh-radmid-az000,286,54,70,,,
2077,p2077,elmid-radfar-az000,elhigh-radmid-az045,296,57,57,,,
2078,p2078,elmid-radfar-az000,elhigh-radmid-az090,290,59,61,,,
2079,p2079,elmid-radfar-az000,elhigh-radmid-az135,290,63,57,,,
2080,p2080,elmid-radfar-az000,elhigh-radmid-az180,285,68,57,,,
2081,p2081,elmid-radfar-az000,elhigh-radmid-az225,279,68,63,,,
2082,p2082,elmid-radfar-az000,elhigh-radmid-az270,296,60,54,,,
2083,p2083,elmid-radfar-az000,elhigh-radmid-az315,299,60,51,,,
2084,p2084,elmid-radfar-az000,elhigh-radfar-az000,303,51,56,,,
2085,p2085,elmid-radfar-az000,elhigh-radfar-az045,272,72,66,,,
2086,p2086,elmid-radfar-az000,elhigh-radfar-az090,296,58,56,,,
2087,p2087,elmid-radfar-az000,elhigh-radfar-az135,302,56,52,,,
2088,p2088,elmid-radfar-az000,elhigh-radfar-az180,296,62,52,,,
2089,p2089,elmid-radfar-az000,elhigh-radfar-az225,299,57,54,,,
2090,p2090,elmid-radfar-az000,elhigh-radfar-az270,293,60,57,,,
2091,p2091,elmid-radfar-az000,elhigh-radfar-az315,293,60,57,,,
2092,p2092,elmid-radfar-az045,elmid-radfar-az090,278,73,59,,,
2093,p2093,elmid-radfar-az045,elmid-radfar-az135,285,64,61,,,
2094,p2094,elmid-radfar-az045,elmid-radfar-az180,290,64,56,,,
2095,p2095,elmid-radfar-az045,elmid-radfar-az225,272,72,66,,,
2096,p2096,elmid-radfar-az045,elmid-radfar-az270,284,70,56,,,
2097,p2097,elmid-radfar-az045,elmid-radfar-az315,287,67,56,,,
2098,p2098,elmid-radfar-az045,elhigh-radnear-az000,280,66,64,,,
2099,p2099,elmid-radfar-az045,elhigh-radnear-az045,291,66,53,,,
2100,p2100,elmid-radfar-az045,elhigh-radnear-az090,280,72,58,,,
2101,p2101,elmid-radfar-az045,elhigh-radnear-az135,276,72,62,,,
2102,p2102,elmid-radfar-az045,elhigh-radnear-az180,285,64,61,,,
2103,p2103,elmid-radfar-az045,elhigh-radnear-az225,270,74,66,,,
2104,p2104,elmid-radfar-az045,elhigh-radnear-az270,282,68,60,,,
2105,p2105,elmid-radfar-az045,elhigh-radnear-az315,279,72,59,,,
2106,p2106,elmid-radfar-az045,elhigh-radmid-az000,276,61,73,,,
2107,p2107,elmid-radfar-az045,elhigh-radmid-az045,286,64,60,,,
2108,p2108,elmid-radfar-az045,elhigh-radmid-az090,280,66,64,,,
2109,p2109,elmid-radfar-az045,elhigh-radmid-az135,280,70,60,,,
2110,p2110,elmid-radfar-az045,elhigh-radmid-az180,275,75,60,,,
2111,p2111,elmid-radfar-az045,elhigh-radmid-az225,269,75,66,,,
2112,p2112,elmid-radfar-az045,elhigh-radmid-az270,286,67,57,,,
2113,p2113,elmid-radfar-az045,elhigh-radmid-az315,289,67,54,,,
2114,p2114,elmid-radfar-az045,elhigh-radfar-az000,293,58,59,,,
2115,p2115,elmid-radfar-az045,elhigh-radfar-az045,262,79,69,,,
2116,p2116,elmid-radfar-az045,elhigh-radfar-az090,286,65,59,,,
2117,p2117,elmid-radfar-az045,elhigh-radfar-az135,292,63,55,,,
2118,p2118,elmid-radfar-az045,elhigh-radfar-az180,286,69,55,,,
2119,p2119,elmid-radfar-az045,elhigh-radfar-az225,289,64,57,,,
2120,p2120,elmid-radfar-az045,elhigh-radfar-az270,283,67,60,,,
2121,p2121,elmid-radfar-az045,elhigh-radfar-az315,283,67,60,,,
2122,p2122,elmid-radfar-az090,elmid-radfar-az135,285,65,60,,,
2123,p2123,elmid-radfar-az090,elmid-radfar-az180,290,65,55,,,
2124,p2124,elmid-radfar-az090,elmid-radfar-az225,272,73,65,,,
2125,p2125,elmid-radfar-az090,elmid-radfar-az270,284,71,55,,,
2126,p2126,elmid-radfar-az090,elmid-radfar-az315,287,68,55,,,
2127,p2127,elmid-radfar-az090,elhigh-radnear-az000,280,67,63,,,
2128,p2128,elmid-radfar-az090,elhigh-radnear-az045,291,67,52,,,
2129,p2129,elmid-radfar-az090,elhigh-radnear-az090,280,73,57,,,
2130,p2130,elmid-radfar-az090,elhigh-radnear-az135,276,73,61,,,
2131,p2131,elmid-radfar-az090,elhigh-radnear-az180,285,65,60,,,
2132,p2132,elmid-radfar-az090,elhigh-radnear-az225,270,75,65,,,
2133,p2133,elmid-radfar-az090,elhigh-radnear-az270,282,69,59,,,
2134,p2134,elmid-radfar-az090,elhigh-radnear-az315,279,73,58,,,
2135,p2135,elmid-radfar-az090,elhigh-radmid-az000,276,62,72,,,
2136,p2136,elmid-radfar-az090,elhigh-radmid-az045,286,65,59,,,
2137,p2137,elmid-radfar-az090,elhigh-radmid-az090,280,67,63,,,
2138,p2138,elmid-radfar-az090,elhigh-radmid-az135,280,71,59,,,
2139,p2139,elmid-radfar-az090,elhigh-radmid-az180,275,76,59,,,
2140,p2140,elmid-radfar-az090,elhigh-radmid-az225,269,76,65,,,
2141,p2141,elmid-radfar-az090,elhigh-radmid-az270,286,68,56,,,
2142,p2142,elmid-radfar-az090,elhigh-radmid-az315,289,68,53,,,
2143,p2143,elmid-radfar-az090,elhigh-radfar-az000,293,59,58,,,
2144,p2144,elmid-radfar-az090,elhigh-radfar-az045,262,80,68,,,
2145,p2145,elmid-radfar-az090,elhigh-radfar-az090,286,66,58,,,
2146,p2146,elmid-radfar-az090,elhigh-radfar-az135,292,64,54,,,
2147,p2147,elmid-radfar-az090,elhigh-radfar-az180,286,70,54,,,
2148,p2148,elmid-radfar-az090,elhigh-radfar-az225,289,65,56,,,
2149,p2149,elmid-radfar-az090,elhigh-radfar-az270,283,68,59,,,
2150,p2150,elmid-radfar-az090,elhigh-radfar-az315,283,68,59,,,
2151,p2151,elmid-radfar-az135,elmid-radfar-az180,297,56,57,,,
2152,p2152,elmid-radfar-az135,elmid-radfar-az225,279,64,67,,,
2153,p2153,elmid-radfar-az135,elmid-radfar-az270,291,62,57,,,
2154,p2154,elmid-radfar-az135,elmid-radfar-az315,294,59,57,,,
2155,p2155,elmid-radfar-az135,elhigh-radnear-az000,287,58,65,,,
2156,p2156,elmid-radfar-az135,elhigh-radnear-az045,298,58,54,,,
2157,p2157,elmid-radfar-az135,elhigh-radnear-az090,287,64,59,,,
2158,p2158,elmid-radfar-az135,elhigh-radnear-az135,283,64,63,,,
2159,p2159,elmid-radfar-az135,elhigh-radnear-az180,292,56,62,,,
2160,p2160,elmid-radfar-az135,elhigh-radnear-az225,277,66,67,,,
2161,p2161,elmid-radfar-az135,elhigh-radnear-az270,289,60,61,,,
2162,p2162,elmid-radfar-az135,elhigh-radnear-az315,286,64,60,,,
2163,p2163,elmid-radfar-az135,elhigh-radmid-az000,283,53,74,,,
2164,p2164,elmid-radfar-az135,elhigh-radmid-az045,293,56,61,,,
2165,p2165,elmid-radfar-az135,elhigh-radmid-az090,287,58,65,,,
2166,p2166,elmid-radfar-az135,elhigh-radmid-az135,287,62,61,,,
2167,p2167,elmid-radfar-az135,elhigh-radmid-az180,282,67,61,,,
2168,p2168,elmid-radfar-az135,elhigh-radmid-az225,276,67,67,,,
2169,p2169,elmid-radfar-az135,elhigh-radmid-az270,293,59,58,,,
2170,p2170,elmid-radfar-az135,elhigh-radmid-az315,296,59,55,,,
2171,p2171,elmid-radfar-az135,elhigh-radfar-az000,300,50,60,,,
2172,p2172,elmid-radfar-az135,elhigh-radfar-az045,269,71,70,,,
2173,p2173,elmid-radfar-az135,elhigh-radfar-az090,293,57,60,,,
2174,p2174,elmid-radfar-az135,elhigh-radfar-az135,299,55,56,,,
2175,p2175,elmid-radfar-az135,elhigh-radfar-az180,293,61,56,,,
2176,p2176,elmid-radfar-az135,elhigh-radfar-az225,296,56,58,,,
2177,p2177,elmid-radfar-az135,elhigh-radfar-az270,290,59,61,,,
2178,p2178,elmid-radfar-az135,elhigh-radfar-az315,290,59,61,,,
2179,p2179,elmid-radfar-az180,elmid-radfar-az225,284,64,62,,,
2180,p2180,elmid-radfar-az180,elmid-radfar-az270,296,62,52,,,
2181,p2181,elmid-radfar-az180,elmid-radfar-az315,299,59,52,,,
2182,p2182,elmid-radfar-az180,elhigh-radnear-az000,292,58,60,,,
2183,p2183,elmid-radfar-az180,elhigh-radnear-az045,303,58,49,,,
2184,p2184,elmid-radfar-az180,elhigh-radnear-az090,292,64,54,,,
2185,p2185,elmid-radfar-az180,elhigh-radnear-az135,288,64,58,,,
2186,p2186,elmid-radfar-az180,elhigh-radnear-az180,297,56,57,,,
2187,p2187,elmid-radfar-az180,elhigh-radnear-az225,282,66,62,,,
2188,p2188,elmid-radfar-az180,elhigh-radnear-az270,294,60,56,,,
2189,p2189,elmid-radfar-az180,elhigh-radnear-az315,291,64,55,,,
2190,p2190,elmid-radfar-az180,elhigh-radmid-az000,288,53,69,,,
2191,p2191,elmid-radfar-az180,elhigh-radmid-az045,298,56,56,,,
2192,p2192,elmid-radfar-az180,elhigh-radmid-az090,292,58,60,,,
2193,p2193,elmid-radfar-az180,elhigh-radmid-az135,292,62,56,,,
2194,p2194,elmid-radfar-az180,elhigh-radmid-az180,287,67,56,,,
2195,p2195,elmid-radfar-az180,elhigh-radmid-az225,281,67,62,,,
2196,p2196,elmid-radfar-az180,elhigh-radmid-az270,298,59,53,,,
2197,p2197,elmid-radfar-az180,elhigh-radmid-az315,301,59,50,,,
2198,p2198,elmid-radfar-az180,elhigh-radfar-az000,305,50,55,,,
2199,p2199,elmid-radfar-az180,elhigh-radfar-az045,274,71,65,,,
2200,p2200,elmid-radfar-az180,elhigh-radfar-az090,298,57,55,,,
2201,p2201,elmid-radfar-az180,elhigh-radfar-az135,304,55,51,,,
2202,p2202,elmid-radfar-az180,elhigh-radfar-az180,298,61,51,,,
2203,p2203,elmid-radfar-az180,elhigh-radfar-az225,301,56,53,,,
2204,p2204,elmid-radfar-az180,elhigh-radfar-az270,295,59,56,,,
2205,p2205,elmid-radfar-az180,elhigh-radfar-az315,295,59,56,,,
2206,p2206,elmid-radfar-az225,elmid-radfar-az270,278,70,62,,,
2207,p2207,elmid-radfar-az225,elmid-radfar-az315,281,67,62,,,
2208,p2208,elmid-radfar-az225,elhigh-radnear-az000,274,66,70,,,
2209,p2209,elmid-radfar-az225,elhigh-radnear-az045,285,66,59,,,
2210,p2210,elmid-radfar-az225,elhigh-radnear-az090,274,72,64,,,
2211,p2211,elmid-radfar-az225,elhigh-radnear-az135,270,72,68,,,
2212,p2212,elmid-radfar-az225,elhigh-radnear-az180,279,64,67,,,
2213,p2213,elmid-radfar-az225,elhigh-radnear-az225,264,74,72,,,
2214,p2214,elmid-radfar-az225,elhigh-radnear-az270,276,68,66,,,
2215,p2215,elmid-radfar-az225,elhigh-radnear-az315,273,72,65,,,
2216,p2216,elmid-radfar-az225,elhigh-radmid-az000,270,61,79,,,
2217,p2217,elmid-radfar-az225,elhigh-radmid-az045,280,64,66,,,
2218,p2218,elmid-radfar-az225,elhigh-radmid-az090,274,66,70,,,
2219,p2219,elmid-radfar-az225,elhigh-radmid-az135,274,70,66,,,
2220,p2220,elmid-radfar-az225,elhigh-radmid-az180,269,75,66,,,
2221,p2221,elmid-radfar-az225,elhigh-radmid-az225,263,75,72,,,
2222,p2222,elmid-radfar-az225,elhigh-radmid-az270,280,67,63,,,
2223,p2223,elmid-radfar-az225,elhigh-radmid-az315,283,67,60,,,
2224,p2224,elmid-radfar-az225,elhigh-radfar-az000,287,58,65,,,
2225,p2225,elmid-radfar-az225,elhigh-radfar-az045,256,79,75,,,
2226,p2226,elmid-radfar-az225,elhigh-radfar-az090,280,65,65,,,
2227,p2227,elmid-radfar-az225,elhigh-radfar-az135,286,63,61,,,
2228,p2228,elmid-radfar-az225,elhigh-radfar-az180,280,69,61,,,
2229,p2229,elmid-radfar-az225,elhigh-radfar-az225,283,64,63,,,
2230,p2230,elmid-radfar-az225,elhigh-radfar-az270,277,67,66,,,
2231,p2231,elmid-radfar-az225,elhigh-radfar-az315,277,67,66,,,
2232,p2232,elmid-radfar-az270,elmid-radfar-az315,293,65,52,,,
2233,p2233,elmid-radfar-az270,elhigh-radnear-az000,286,64,60,,,
2234,p2234,elmid-radfar-az270,elhigh-radnear-az045,297,64,49,,,
2235,p2235,elmid-radfar-az270,elhigh-radnear-az090,286,70,54,,,
2236,p2236,elmid-radfar-az270,elhigh-radnear-az135,282,70,58,,,
2237,p2237,elmid-radfar-az270,elhigh-radnear-az180,291,62,57,,,
2238,p2238,elmid-radfar-az270,elhigh-radnear-az225,276,72,62,,,
2239,p2239,elmid-radfar-az270,elhigh-radnear-az270,288,66,56,,,
2240,p2240,elmid-radfar-az270,elhigh-radnear-az315,285,70,55,,,
2241,p2241,elmid-radfar-az270,elhigh-radmid-az000,282,59,69,,,
2242,p2242,elmid-radfar-az270,elhigh-radmid-az045,292,62,56,,,
2243,p2243,elmid-radfar-az270,elhigh-radmid-az090,286,64,60,,,
2244,p2244,elmid-radfar-az270,elhigh-radmid-az135,286,68,56,,,
2245,p2245,elmid-radfar-az270,elhigh-radmid-az180,281,73,56,,,
2246,p2246,elmid-radfar-az270,elhigh-radmid-az225,275,73,62,,,
2247,p2247,elmid-radfar-az270,elhigh-radmid-az270,292,65,53,,,
2248,p2248,elmid-radfar-az270,elhigh-radmid-az315,295,65,50,,,
2249,p2249,elmid-radfar-az270,elhigh-radfar-az000,299,56,55,,,
2250,p2250,elmid-radfar-az270,elhigh-radfar-az045,268,77,65,,,
2251,p2251,elmid-radfar-az270,elhigh-radfar-az090,292,63,55,,,
2252,p2252,elmid-radfar-az270,elhigh-radfar-az135,298,61,51,,,
2253,p2253,elmid-radfar-az270,elhigh-radfar-az180,292,67,51,,,
2254,p2254,elmid-radfar-az270,elhigh-radfar-az225,295,62,53,,,
2255,p2255,elmid-radfar-az270,elhigh-radfar-az270,289,65,56,,,
2256,p2256,elmid-radfar-az270,elhigh-radfar-az315,289,65,56,,,
2257,p2257,elmid-radfar-az315,elhigh-radnear-az000,289,61,60,,,
2258,p2258,elmid-radfar-az315,elhigh-radnear-az045,300,61,49,,,
2259,p2259,elmid-radfar-az315,elhigh-radnear-az090,289,67,54,,,
2260,p2260,elmid-radfar-az315,elhigh-radnear-az135,285,67,58,,,
2261,p2261,elmid-radfar-az315,elhigh-radnear-az180,294,59,57,,,
2262,p2262,elmid-radfar-az315,elhigh-radnear-az225,279,69,62,,,
2263,p2263,elmid-radfar-az315,elhigh-radnear-az270,291,63,56,,,
2264,p2264,elmid-radfar-az315,elhigh-radnear-az315,288,67,55,,,
2265,p2265,elmid-radfar-az315,elhigh-radmid-az000,285,56,69,,,
2266,p2266,elmid-radfar-az315,elhigh-radmid-az045,295,59,56,,,
2267,p2267,elmid-radfar-az315,elhigh-radmid-az090,289,61,60,,,
2268,p2268,elmid-radfar-az315,elhigh-radmid-az135,289,65,56,,,
2269,p2269,elmid-radfar-az315,elhigh-radmid-az180,284,70,56,,,
2270,p2270,elmid-radfar-az315,elhigh-radmid-az225,278,70,62,,,
2271,p2271,elmid-radfar-az315,elhigh-radmid-az270,295,62,53,,,
2272,p2272,elmid-radfar-az315,elhigh-radmid-az315,298,62,50,,,
2273,p2273,elmid-radfar-az315,elhigh-radfar-az000,302,53,55,,,
2274,p2274,elmid-radfar-az315,elhigh-radfar-az045,271,74,65,,,
2275,p2275,elmid-radfar-az315,elhigh-radfar-az090,295,60,55,,,
2276,p2276,elmid-radfar-az315,elhigh-radfar-az135,301,58,51,,,
2277,p2277,elmid-radfar-az315,elhigh-radfar-az180,295,64,51,,,
2278,p2278,elmid-radfar-az315,elhigh-radfar-az225,298,59,53,,,
2279,p2279,elmid-radfar-az315,elhigh-radfar-az270,292,62,56,,,
2280,p2280,elmid-radfar-az315,elhigh-radfar-az315,292,62,56,,,
2281,p2281,elhigh-radnear-az000,elhigh-radnear-az045,293,60,57,,,
2282,p2282,elhigh-radnear-az000,elhigh-radnear-az090,282,66,62,,,
2283,p2283,elhigh-radnear-az000,elhigh-radnear-az135,278,66,66,,,
2284,p2284,elhigh-radnear-az000,elhigh-radnear-az180,287,58,65,,,
2285,p2285,elhigh-radnear-az000,elhigh-radnear-az225,272,68,70,,,
2286,p2286,elhigh-radnear-az000,elhigh-radnear-az270,284,62,64,,,
2287,p2287,elhigh-radnear-az000,elhigh-radnear-az315,281,66,63,,,
2288,p2288,elhigh-radnear-az000,elhigh-radmid-az000,278,55,77,,,
2289,p2289,elhigh-radnear-az000,elhigh-radmid-az045,288,58,64,,,
2290,p2290,elhigh-radnear-az000,elhigh-radmid-az090,282,60,68,,,
2291,p2291,elhigh-radnear-az000,elhigh-radmid-az135,282,64,64,,,
2292,p2292,elhigh-radnear-az000,elhigh-radmid-az180,277,69,64,,,
2293,p2293,elhigh-radnear-az000,elhigh-radmid-az225,271,69,70,,,
2294,p2294,elhigh-radnear-az000,elhigh-radmid-az270,288,61,61,,,
2295,p2295,elhigh-radnear-az000,elhigh-radmid-az315,291,61,58,,,
2296,p2296,elhigh-radnear-az000,elhigh-radfar-az000,295,52,63,,,
2297,p2297,elhigh-radnear-az000,elhigh-radfar-az045,264,73,73,,,
2298,p2298,elhigh-radnear-az000,elhigh-radfar-az090,288,59,63,,,
2299,p2299,elhigh-radnear-az000,elhigh-radfar-az135,294,57,59,,,
2300,p2300,elhigh-radnear-az000,elhigh-radfar-az180,288,63,59,,,
2301,p2301,elhigh-radnear-az000,elhigh-radfar-az225,291,58,61,,,
2302,p2302,elhigh-radnear-az000,elhigh-radfar-az270,285,61,64,,,
2303,p2303,elhigh-radnear-az000,elhigh-radfar-az315,285,61,64,,,
2304,p2304,elhigh-radnear-az045,elhigh-radnear-az090,293,66,51,,,
2305,p2305,elhigh-radnear-az045,elhigh-radnear-az135,289,66,55,,,
2306,p2306,elhigh-radnear-az045,elhigh-radnear-az180,298,58,54,,,
2307,p2307,elhigh-radnear-az045,elhigh-radnear-az225,283,68,59,,,
2308,p2308,elhigh-radnear-az045,elhigh-radnear-az270,295,62,53,,,
2309,p2309,elhigh-radnear-az045,elhigh-radnear-az315,292,66,52,,,
2310,p2310,elhigh-radnear-az045,elhigh-radmid-az000,289,55,66,,,
2311,p2311,elhigh-radnear-az045,elhigh-radmid-az045,299,58,53,,,
2312,p2312,elhigh-radnear-az045,elhigh-radmid-az090,293,60,57,,,
2313,p2313,elhigh-radnear-az045,elhigh-radmid-az135,293,64,53,,,
2314,p2314,elhigh-radnear-az045,elhigh-radmid-az180,288,69,53,,,
2315,p2315,elhigh-radnear-az045,elhigh-radmid-az225,282,69,59,,,
2316,p2316,elhigh-radnear-az045,elhigh-radmid-az270,299,61,50,,,
2317,p2317,elhigh-radnear-az045,elhigh-radmid-az315,302,61,47,,,
2318,p2318,elhigh-radnear-az045,elhigh-radfar-az000,306,52,52,,,
2319,p2319,elhigh-radnear-az045,elhigh-radfar-az045,275,73,62,,,
2320,p2320,elhigh-radnear-az045,elhigh-radfar-az090,299,59,52,,,
2321,p2321,elhigh-radnear-az045,elhigh-radfar-az135,305,57,48,,,
2322,p2322,elhigh-radnear-az045,elhigh-radfar-az180,299,63,48,,,
2323,p2323,elhigh-radnear-az045,elhigh-radfar-az225,302,58,50,,,
2324,p2324,elhigh-radnear-az045,elhigh-radfar-az270,296,61,53,,,
2325,p2325,elhigh-radnear-az045,elhigh-radfar-az315,296,61,53,,,
2326,p2326,elhigh-radnear-az090,elhigh-radnear-az135,278,72,60,,,
2327,p2327,elhigh-radnear-az090,elhigh-radnear-az180,287,64,59,,,
2328,p2328,elhigh-radnear-az090,elhigh-radnear-az225,272,74,64,,,
2329,p2329,elhigh-radnear-az090,elhigh-radnear-az270,284,68,58,,,
2330,p2330,elhigh-radnear-az090,elhigh-radnear-az315,281,72,57,,,
2331,p2331,elhigh-radnear-az090,elhigh-radmid-az000,278,61,71,,,
2332,p2332,elhigh-radnear-az090,elhigh-radmid-az045,288,64,58,,,
2333,p2333,elhigh-radnear-az090,elhigh-radmid-az090,282,66,62,,,
2334,p2334,elhigh-radnear-az090,elhigh-radmid-az135,282,70,58,,,
2335,p2335,elhigh-radnear-az090,elhigh-radmid-az180,277,75,58,,,
2336,p2336,elhigh-radnear-az090,elhigh-radmid-az225,271,75,64,,,
2337,p2337,elhigh-radnear-az090,elhigh-radmid-az270,288,67,55,,,
2338,p2338,elhigh-radnear-az090,elhigh-radmid-az315,291,67,52,,,
2339,p2339,elhigh-radnear-az090,elhigh-radfar-az000,295,58,57,,,
2340,p2340,elhigh-radnear-az090,elhigh-radfar-az045,264,79,67,,,
2341,p2341,elhigh-radnear-az090,elhigh-radfar-az090,288,65,57,,,
2342,p2342,elhigh-radnear-az090,elhigh-radfar-az135,294,63,53,,,
2343,p2343,elhigh-radnear-az090,elhigh-radfar-az180,288,69,53,,,
2344,p2344,elhigh-radnear-az090,elhigh-radfar-az225,291,64,55,,,
2345,p2345,elhigh-radnear-az090,elhigh-radfar-az270,285,67,58,,,
2346,p2346,elhigh-radnear-az090,elhigh-radfar-az315,285,67,58,,,
2347,p2347,elhigh-radnear-az135,elhigh-radnear-az180,283,64,63,,,
2348,p2348,elhigh-radnear-az135,elhigh-radnear-az225,268,74,68,,,
2349,p2349,elhigh-radnear-az135,elhigh-radnear-az270,280,68,62,,,
2350,p2350,elhigh-radnear-az135,elhigh-radnear-az315,277,72,61,,,
2351,p2351,elhigh-radnear-az135,elhigh-radmid-az000,274,61,75,,,
2352,p2352,elhigh-radnear-az135,elhigh-radmid-az045,284,64,62,,,
2353,p2353,elhigh-radnear-az135,elhigh-radmid-az090,278,66,66,,,
2354,p2354,elhigh-radnear-az135,elhigh-radmid-az135,278,70,62,,,
2355,p2355,elhigh-radnear-az135,elhigh-radmid-az180,273,75,62,,,
2356,p2356,elhigh-radnear-az135,elhigh-radmid-az225,267,75,68,,,
2357,p2357,elhigh-radnear-az135,elhigh-radmid-az270,284,67,59,,,
2358,p2358,elhigh-radnear-az135,elhigh-radmid-az315,287,67,56,,,
2359,p2359,elhigh-radnear-az135,elhigh-radfar-az000,291,58,61,,,
2360,p2360,elhigh-radnear-az135,elhigh-radfar-az045,260,79,71,,,
2361,p2361,elhigh-radnear-az135,elhigh-radfar-az090,284,65,61,,,
2362,p2362,elhigh-radnear-az135,elhigh-radfar-az135,290,63,57,,,
2363,p2363,elhigh-radnear-az135,elhigh-radfar-az180,284,69,57,,,
2364,p2364,elhigh-radnear-az135,elhigh-radfar-az225,287,64,59,,,
2365,p2365,elhigh-radnear-az135,elhigh-radfar-az270,281,67,62,,,
2366,p2366,elhigh-radnear-az135,elhigh-radfar-az315,281,67,62,,,
2367,p2367,elhigh-radnear-az180,elhigh-radnear-az225,277,66,67,,,
2368,p2368,elhigh-radnear-az180,elhigh-radnear-az270,289,60,61,,,
2369,p2369,elhigh-radnear-az180,elhigh-radnear-az315,286,64,60,,,
2370,p2370,elhigh-radnear-az180,elhigh-radmid-az000,283,53,74,,,
2371,p2371,elhigh-radnear-az180,elhigh-radmid-az045,293,56,61,,,
2372,p2372,elhigh-radnear-az180,elhigh-radmid-az090,287,58,65,,,
2373,p2373,elhigh-radnear-az180,elhigh-radmid-az135,287,62,61,,,
2374,p2374,elhigh-radnear-az180,elhigh-radmid-az180,282,67,61,,,
2375,p2375,elhigh-radnear-az180,elhigh-radmid-az225,276,67,67,,,
2376,p2376,elhigh-radnear-az180,elhigh-radmid-az270,293,59,58,,,
2377,p2377,elhigh-radnear-az180,elhigh-radmid-az315,296,59,55,,,
2378,p2378,elhigh-radnear-az180,elhigh-radfar-az000,300,50,60,,,
2379,p2379,elhigh-radnear-az180,elhigh-radfar-az045,269,71,70,,,
2380,p2380,elhigh-radnear-az180,elhigh-radfar-az090,293,57,60,,,
2381,p2381,elhigh-radnear-az180,elhigh-radfar-az135,299,55,56,,,
2382,p2382,elhigh-radnear-az180,elhigh-radfar-az180,293,61,56,,,
2383,p2383,elhigh-radnear-az180,elhigh-radfar-az225,296,56,58,,,
2384,p2384,elhigh-radnear-az180,elhigh-radfar-az270,290,59,61,,,
2385,p2385,elhigh-radnear-az180,elhigh-radfar-az315,290,59,61,,,
2386,p2386,elhigh-radnear-az225,elhigh-radnear-az270,274,70,66,,,
2387,p2387,elhigh-radnear-az225,elhigh-radnear-az315,271,74,65,,,
2388,p2388,elhigh-radnear-az225,elhigh-radmid-az000,268,63,79,,,
2389,p2389,elhigh-radnear-az225,elhigh-radmid-az045,278,66,66,,,
2390,p2390,elhigh-radnear-az225,elhigh-radmid-az090,272,68,70,,,
2391,p2391,elhigh-radnear-az225,elhigh-radmid-az135,272,72,66,,,
2392,p2392,elhigh-radnear-az225,elhigh-radmid-az180,267,77,66,,,
2393,p2393,elhigh-radnear-az225,elhigh-radmid-az225,261,77,72,,,
2394,p2394,elhigh-radnear-az225,elhigh-radmid-az270,278,69,63,,,
2395,p2395,elhigh-radnear-az225,elhigh-radmid-az315,281,69,60,,,
2396,p2396,elhigh-radnear-az225,elhigh-radfar-az000,285,60,65,,,
2397,p2397,elhigh-radnear-az225,elhigh-radfar-az045,254,81,75,,,
2398,p2398,elhigh-radnear-az225,elhigh-radfar-az090,278,67,65,,,
2399,p2399,elhigh-radnear-az225,elhigh-radfar-az135,284,65,61,,,
2400,p2400,elhigh-radnear-az225,elhigh-radfar-az180,278,71,61,,,
2401,p2401,elhigh-radnear-az225,elhigh-radfar-az225,281,66,63,,,
2402,p2402,elhigh-radnear-az225,elhigh-radfar-az270,275,69,66,,,
2403,p2403,elhigh-radnear-az225,elhigh-radfar-az315,275,69,66,,,
2404,p2404,elhigh-radnear-az270,elhigh-radnear-az315,283,68,59,,,
2405,p2405,elhigh-radnear-az270,elhigh-radmid-az000,280,57,73,,,
2406,p2406,elhigh-radnear-az270,elhigh-radmid-az045,290,60,60,,,
2407,p2407,elhigh-radnear-az270,elhigh-radmid-az090,284,62,64,,,
2408,p2408,elhigh-radnear-az270,elhigh-radmid-az135,284,66,60,,,
2409,p2409,elhigh-radnear-az270,elhigh-radmid-az180,279,71,60,,,
2410,p2410,elhigh-radnear-az270,elhigh-radmid-az225,273,71,66,,,
2411,p2411,elhigh-radnear-az270,elhigh-radmid-az270,290,63,57,,,
2412,p2412,elhigh-radnear-az270,elhigh-radmid-az315,293,63,54,,,
2413,p2413,elhigh-radnear-az270,elhigh-radfar-az000,297,54,59,,,
2414,p2414,elhigh-radnear-az270,elhigh-radfar-az045,266,75,69,,,
2415,p2415,elhigh-radnear-az270,elhigh-radfar-az090,290,61,59,,,
2416,p2416,elhigh-radnear-az270,elhigh-radfar-az135,296,59,55,,,
2417,p2417,elhigh-radnear-az270,elhigh-radfar-az180,290,65,55,,,
2418,p2418,elhigh-radnear-az270,elhigh-radfar-az225,293,60,57,,,
2419,p2419,elhigh-radnear-az270,elhigh-radfar-az270,287,63,60,3,radius_only,"Same azimuth/elevation, different radius, to isolate distance diversity."
2420,p2420,elhigh-radnear-az270,elhigh-radfar-az315,287,63,60,,,
2421,p2421,elhigh-radnear-az315,elhigh-radmid-az000,277,61,72,,,
2422,p2422,elhigh-radnear-az315,elhigh-radmid-az045,287,64,59,,,
2423,p2423,elhigh-radnear-az315,elhigh-radmid-az090,281,66,63,,,
2424,p2424,elhigh-radnear-az315,elhigh-radmid-az135,281,70,59,,,
2425,p2425,elhigh-radnear-az315,elhigh-radmid-az180,276,75,59,,,
2426,p2426,elhigh-radnear-az315,elhigh-radmid-az225,270,75,65,,,
2427,p2427,elhigh-radnear-az315,elhigh-radmid-az270,287,67,56,,,
2428,p2428,elhigh-radnear-az315,elhigh-radmid-az315,290,67,53,,,
2429,p2429,elhigh-radnear-az315,elhigh-radfar-az000,294,58,58,,,
2430,p2430,elhigh-radnear-az315,elhigh-radfar-az045,263,79,68,,,
2431,p2431,elhigh-radnear-az315,elhigh-radfar-az090,287,65,58,,,
2432,p2432,elhigh-radnear-az315,elhigh-radfar-az135,293,63,54,,,
2433,p2433,elhigh-radnear-az315,elhigh-radfar-az180,287,69,54,,,
2434,p2434,elhigh-radnear-az315,elhigh-radfar-az225,290,64,56,,,
2435,p2435,elhigh-radnear-az315,elhigh-radfar-az270,284,67,59,,,
2436,p2436,elhigh-radnear-az315,elhigh-radfar-az315,284,67,59,,,
2437,p2437,elhigh-radmid-az000,elhigh-radmid-az045,284,53,73,,,
2438,p2438,elhigh-radmid-az000,elhigh-radmid-az090,278,55,77,,,
2439,p2439,elhigh-radmid-az000,elhigh-radmid-az135,278,59,73,,,
2440,p2440,elhigh-radmid-az000,elhigh-radmid-az180,273,64,73,,,
2441,p2441,elhigh-radmid-az000,elhigh-radmid-az225,267,64,79,,,
2442,p2442,elhigh-radmid-az000,elhigh-radmid-az270,284,56,70,,,
2443,p2443,elhigh-radmid-az000,elhigh-radmid-az315,287,56,67,,,
2444,p2444,elhigh-radmid-az000,elhigh-radfar-az000,291,47,72,,,
2445,p2445,elhigh-radmid-az000,elhigh-radfar-az045,260,68,82,,,
2446,p2446,elhigh-radmid-az000,elhigh-radfar-az090,284,54,72,,,
2447,p2447,elhigh-radmid-az000,elhigh-radfar-az135,290,52,68,,,
2448,p2448,elhigh-radmid-az000,elhigh-radfar-az180,284,58,68,,,
2449,p2449,elhigh-radmid-az000,elhigh-radfar-az225,287,53,70,,,
2450,p2450,elhigh-radmid-az000,elhigh-radfar-az270,281,56,73,,,
2451,p2451,elhigh-radmid-az000,elhigh-radfar-az315,281,56,73,,,
2452,p2452,elhigh-radmid-az045,elhigh-radmid-az090,288,58,64,,,
2453,p2453,elhigh-radmid-az045,elhigh-radmid-az135,288,62,60,,,
2454,p2454,elhigh-radmid-az045,elhigh-radmid-az180,283,67,60,,,
2455,p2455,elhigh-radmid-az045,elhigh-radmid-az225,277,67,66,,,
2456,p2456,elhigh-radmid-az045,elhigh-radmid-az270,294,59,57,,,
2457,p2457,elhigh-radmid-az045,elhigh-radmid-az315,297,59,54,,,
2458,p2458,elhigh-radmid-az045,elhigh-radfar-az000,301,50,59,,,
2459,p2459,elhigh-radmid-az045,elhigh-radfar-az045,270,71,69,,,
2460,p2460,elhigh-radmid-az045,elhigh-radfar-az090,294,57,59,,,
2461,p2461,elhigh-radmid-az045,elhigh-radfar-az135,300,55,55,,,
2462,p2462,elhigh-radmid-az045,elhigh-radfar-az180,294,61,55,,,
2463,p2463,elhigh-radmid-az045,elhigh-radfar-az225,297,56,57,,,
2464,p2464,elhigh-radmid-az045,elhigh-radfar-az270,291,59,60,,,
2465,p2465,elhigh-radmid-az045,elhigh-radfar-az315,291,59,60,,,
2466,p2466,elhigh-radmid-az090,elhigh-radmid-az135,282,64,64,,,
2467,p2467,elhigh-radmid-az090,elhigh-radmid-az180,277,69,64,,,
2468,p2468,elhigh-radmid-az090,elhigh-radmid-az225,271,69,70,,,
2469,p2469,elhigh-radmid-az090,elhigh-radmid-az270,288,61,61,,,
2470,p2470,elhigh-radmid-az090,elhigh-radmid-az315,291,61,58,,,
2471,p2471,elhigh-radmid-az090,elhigh-radfar-az000,295,52,63,,,
2472,p2472,elhigh-radmid-az090,elhigh-radfar-az045,264,73,73,,,
2473,p2473,elhigh-radmid-az090,elhigh-radfar-az090,288,59,63,,,
2474,p2474,elhigh-radmid-az090,elhigh-radfar-az135,294,57,59,,,
2475,p2475,elhigh-radmid-az090,elhigh-radfar-az180,288,63,59,,,
2476,p2476,elhigh-radmid-az090,elhigh-radfar-az225,291,58,61,,,
2477,p2477,elhigh-radmid-az090,elhigh-radfar-az270,285,61,64,,,
2478,p2478,elhigh-radmid-az090,elhigh-radfar-az315,285,61,64,,,
2479,p2479,elhigh-radmid-az135,elhigh-radmid-az180,277,73,60,,,
2480,p2480,elhigh-radmid-az135,elhigh-radmid-az225,271,73,66,,,
2481,p2481,elhigh-radmid-az135,elhigh-radmid-az270,288,65,57,,,
2482,p2482,elhigh-radmid-az135,elhigh-radmid-az315,291,65,54,,,
2483,p2483,elhigh-radmid-az135,elhigh-radfar-az000,295,56,59,,,
2484,p2484,elhigh-radmid-az135,elhigh-radfar-az045,264,77,69,,,
2485,p2485,elhigh-radmid-az135,elhigh-radfar-az090,288,63,59,,,
2486,p2486,elhigh-radmid-az135,elhigh-radfar-az135,294,61,55,,,
2487,p2487,elhigh-radmid-az135,elhigh-radfar-az180,288,67,55,,,
2488,p2488,elhigh-radmid-az135,elhigh-radfar-az225,291,62,57,,,
2489,p2489,elhigh-radmid-az135,elhigh-radfar-az270,285,65,60,,,
2490,p2490,elhigh-radmid-az135,elhigh-radfar-az315,285,65,60,,,
2491,p2491,elhigh-radmid-az180,elhigh-radmid-az225,266,78,66,,,
2492,p2492,elhigh-radmid-az180,elhigh-radmid-az270,283,70,57,,,
2493,p2493,elhigh-radmid-az180,elhigh-radmid-az315,286,70,54,,,
2494,p2494,elhigh-radmid-az180,elhigh-radfar-az000,290,61,59,,,
2495,p2495,elhigh-radmid-az180,elhigh-radfar-az045,259,82,69,,,
2496,p2496,elhigh-radmid-az180,elhigh-radfar-az090,283,68,59,,,
2497,p2497,elhigh-radmid-az180,elhigh-radfar-az135,289,66,55,,,
2498,p2498,elhigh-radmid-az180,elhigh-radfar-az180,283,72,55,,,
2499,p2499,elhigh-radmid-az180,elhigh-radfar-az225,286,67,57,,,
2500,p2500,elhigh-radmid-az180,elhigh-radfar-az270,280,70,60,,,
2501,p2501,elhigh-radmid-az180,elhigh-radfar-az315,280,70,60,,,
2502,p2502,elhigh-radmid-az225,elhigh-radmid-az270,277,70,63,,,
2503,p2503,elhigh-radmid-az225,elhigh-radmid-az315,280,70,60,,,
2504,p2504,elhigh-radmid-az225,elhigh-radfar-az000,284,61,65,,,
2505,p2505,elhigh-radmid-az225,elhigh-radfar-az045,253,82,75,,,
2506,p2506,elhigh-radmid-az225,elhigh-radfar-az090,277,68,65,,,
2507,p2507,elhigh-radmid-az225,elhigh-radfar-az135,283,66,61,,,
2508,p2508,elhigh-radmid-az225,elhigh-radfar-az180,277,72,61,,,
2509,p2509,elhigh-radmid-az225,elhigh-radfar-az225,280,67,63,,,
2510,p2510,elhigh-radmid-az225,elhigh-radfar-az270,274,70,66,,,
2511,p2511,elhigh-radmid-az225,elhigh-radfar-az315,274,70,66,,,
2512,p2512,elhigh-radmid-az270,elhigh-radmid-az315,297,62,51,,,
2513,p2513,elhigh-radmid-az270,elhigh-radfar-az000,301,53,56,,,
2514,p2514,elhigh-radmid-az270,elhigh-radfar-az045,270,74,66,,,
2515,p2515,elhigh-radmid-az270,elhigh-radfar-az090,294,60,56,,,
2516,p2516,elhigh-radmid-az270,elhigh-radfar-az135,300,58,52,,,
2517,p2517,elhigh-radmid-az270,elhigh-radfar-az180,294,64,52,,,
2518,p2518,elhigh-radmid-az270,elhigh-radfar-az225,297,59,54,,,
2519,p2519,elhigh-radmid-az270,elhigh-radfar-az270,291,62,57,,,
2520,p2520,elhigh-radmid-az270,elhigh-radfar-az315,291,62,57,,,
2521,p2521,elhigh-radmid-az315,elhigh-radfar-az000,304,53,53,,,
2522,p2522,elhigh-radmid-az315,elhigh-radfar-az045,273,74,63,,,
2523,p2523,elhigh-radmid-az315,elhigh-radfar-az090,297,60,53,,,
2524,p2524,elhigh-radmid-az315,elhigh-radfar-az135,303,58,49,,,
2525,p2525,elhigh-radmid-az315,elhigh-radfar-az180,297,64,49,,,
2526,p2526,elhigh-radmid-az315,elhigh-radfar-az225,300,59,51,,,
2527,p2527,elhigh-radmid-az315,elhigh-radfar-az270,294,62,54,,,
2528,p2528,elhigh-radmid-az315,elhigh-radfar-az315,294,62,54,,,
2529,p2529,elhigh-radfar-az000,elhigh-radfar-az045,277,65,68,,,
2530,p2530,elhigh-radfar-az000,elhigh-radfar-az090,301,51,58,,,
2531,p2531,elhigh-radfar-az000,elhigh-radfar-az135,307,49,54,,,
2532,p2532,elhigh-radfar-az000,elhigh-radfar-az180,301,55,54,,,
2533,p2533,elhigh-radfar-az000,elhigh-radfar-az225,304,50,56,,,
2534,p2534,elhigh-radfar-az000,elhigh-radfar-az270,298,53,59,,,
2535,p2535,elhigh-radfar-az000,elhigh-radfar-az315,298,53,59,,,
2536,p2536,elhigh-radfar-az045,elhigh-radfar-az090,270,72,68,,,
2537,p2537,elhigh-radfar-az045,elhigh-radfar-az135,276,70,64,,,
2538,p2538,elhigh-radfar-az045,elhigh-radfar-az180,270,76,64,,,
2539,p2539,elhigh-radfar-az045,elhigh-radfar-az225,273,71,66,,,
2540,p2540,elhigh-radfar-az045,elhigh-radfar-az270,267,74,69,,,
2541,p2541,elhigh-radfar-az045,elhigh-radfar-az315,267,74,69,,,
2542,p2542,elhigh-radfar-az090,elhigh-radfar-az135,300,56,54,,,
2543,p2543,elhigh-radfar-az090,elhigh-radfar-az180,294,62,54,,,
2544,p2544,elhigh-radfar-az090,elhigh-radfar-az225,297,57,56,,,
2545,p2545,elhigh-radfar-az090,elhigh-radfar-az270,291,60,59,,,
2546,p2546,elhigh-radfar-az090,elhigh-radfar-az315,291,60,59,,,
2547,p2547,elhigh-radfar-az135,elhigh-radfar-az180,300,60,50,,,
2548,p2548,elhigh-radfar-az135,elhigh-radfar-az225,303,55,52,,,
2549,p2549,elhigh-radfar-az135,elhigh-radfar-az270,297,58,55,,,
2550,p2550,elhigh-radfar-az135,elhigh-radfar-az315,297,58,55,,,
2551,p2551,elhigh-radfar-az180,elhigh-radfar-az225,297,61,52,,,
2552,p2552,elhigh-radfar-az180,elhigh-radfar-az270,291,64,55,,,
2553,p2553,elhigh-radfar-az180,elhigh-radfar-az315,291,64,55,,,
2554,p2554,elhigh-radfar-az225,elhigh-radfar-az270,294,59,57,,,
2555,p2555,elhigh-radfar-az225,elhigh-radfar-az315,294,59,57,,,
2556,p2556,elhigh-radfar-az270,elhigh-radfar-az315,288,62,60,,,
