run_name,object_id,description,target_class,available_view_count,coalition_size,view_indices,file_names,detection_at_conf25_iou50,best_matched_confidence_iou50,best_matched_iou_iou50,best_strict_quality_iou50,noisy_or_confidence_iou50,noisy_or_best_iou_iou50
synthetic_m4,parkinglot_car,car on parking lot,suv,6,1,1,2026-06-28 20.56.45.jpg,0.0,0.0,0.0,0.0,0.0,0.0
synthetic_m4,parkinglot_car,car on parking lot,suv,6,1,2,2026-06-28 20.56.46.jpg,0.0,0.0010154901538044214,0.733112298173026,0.000744468320427639,0.0010154901538044214,0.000744468320427639
synthetic_m4,parkinglot_car,car on parking lot,suv,6,1,3,2026-06-28 20.56.47.jpg,0.0,0.0,0.0,0.0,0.0,0.0
synthetic_m4,parkinglot_car,car on parking lot,suv,6,1,4,2026-06-28 20.56.54.jpg,0.0,0.0,0.0,0.0,0.0,0.0
synthetic_m4,parkinglot_car,car on parking lot,suv,6,1,5,2026-06-28 20.58.04.jpg,0.0,0.0,0.0,0.0,0.0,0.0
synthetic_m4,parkinglot_car,car on parking lot,suv,6,1,6,2026-06-28 20.58.01.jpg,0.0,0.0,0.0,0.0,0.0,0.0
synthetic_m4,parkinglot_car,car on parking lot,suv,6,2,1|2,2026-06-28 20.56.45.jpg|2026-06-28 20.56.46.jpg,0.0,0.0010154901538044214,0.733112298173026,0.000744468320427639,0.0010154901538044214,0.000744468320427639
synthetic_m4,parkinglot_car,car on parking lot,suv,6,2,1|3,2026-06-28 20.56.45.jpg|2026-06-28 20.56.47.jpg,0.0,0.0,0.0,0.0,0.0,0.0
synthetic_m4,parkinglot_car,car on parking lot,suv,6,2,1|4,2026-06-28 20.56.45.jpg|2026-06-28 20.56.54.jpg,0.0,0.0,0.0,0.0,0.0,0.0
synthetic_m4,parkinglot_car,car on parking lot,suv,6,2,1|5,2026-06-28 20.56.45.jpg|2026-06-28 20.58.04.jpg,0.0,0.0,0.0,0.0,0.0,0.0
synthetic_m4,parkinglot_car,car on parking lot,suv,6,2,1|6,2026-06-28 20.56.45.jpg|2026-06-28 20.58.01.jpg,0.0,0.0,0.0,0.0,0.0,0.0
synthetic_m4,parkinglot_car,car on parking lot,suv,6,2,2|3,2026-06-28 20.56.46.jpg|2026-06-28 20.56.47.jpg,0.0,0.0010154901538044214,0.733112298173026,0.000744468320427639,0.0010154901538044214,0.000744468320427639
synthetic_m4,parkinglot_car,car on parking lot,suv,6,2,2|4,2026-06-28 20.56.46.jpg|2026-06-28 20.56.54.jpg,0.0,0.0010154901538044214,0.733112298173026,0.000744468320427639,0.0010154901538044214,0.000744468320427639
synthetic_m4,parkinglot_car,car on parking lot,suv,6,2,2|5,2026-06-28 20.56.46.jpg|2026-06-28 20.58.04.jpg,0.0,0.0010154901538044214,0.733112298173026,0.000744468320427639,0.0010154901538044214,0.000744468320427639
synthetic_m4,parkinglot_car,car on parking lot,suv,6,2,2|6,2026-06-28 20.56.46.jpg|2026-06-28 20.58.01.jpg,0.0,0.0010154901538044214,0.733112298173026,0.000744468320427639,0.0010154901538044214,0.000744468320427639
synthetic_m4,parkinglot_car,car on parking lot,suv,6,2,3|4,2026-06-28 20.56.47.jpg|2026-06-28 20.56.54.jpg,0.0,0.0,0.0,0.0,0.0,0.0
synthetic_m4,parkinglot_car,car on parking lot,suv,6,2,3|5,2026-06-28 20.56.47.jpg|2026-06-28 20.58.04.jpg,0.0,0.0,0.0,0.0,0.0,0.0
synthetic_m4,parkinglot_car,car on parking lot,suv,6,2,3|6,2026-06-28 20.56.47.jpg|2026-06-28 20.58.01.jpg,0.0,0.0,0.0,0.0,0.0,0.0
synthetic_m4,parkinglot_car,car on parking lot,suv,6,2,4|5,2026-06-28 20.56.54.jpg|2026-06-28 20.58.04.jpg,0.0,0.0,0.0,0.0,0.0,0.0
synthetic_m4,parkinglot_car,car on parking lot,suv,6,2,4|6,2026-06-28 20.56.54.jpg|2026-06-28 20.58.01.jpg,0.0,0.0,0.0,0.0,0.0,0.0
synthetic_m4,parkinglot_car,car on parking lot,suv,6,2,5|6,2026-06-28 20.58.04.jpg|2026-06-28 20.58.01.jpg,0.0,0.0,0.0,0.0,0.0,0.0
synthetic_m4,parkinglot_car,car on parking lot,suv,6,3,1|2|3,2026-06-28 20.56.45.jpg|2026-06-28 20.56.46.jpg|2026-06-28 20.56.47.jpg,0.0,0.0010154901538044214,0.733112298173026,0.000744468320427639,0.0010154901538044214,0.000744468320427639
synthetic_m4,parkinglot_car,car on parking lot,suv,6,3,1|2|4,2026-06-28 20.56.45.jpg|2026-06-28 20.56.46.jpg|2026-06-28 20.56.54.jpg,0.0,0.0010154901538044214,0.733112298173026,0.000744468320427639,0.0010154901538044214,0.000744468320427639
synthetic_m4,parkinglot_car,car on parking lot,suv,6,3,1|2|5,2026-06-28 20.56.45.jpg|2026-06-28 20.56.46.jpg|2026-06-28 20.58.04.jpg,0.0,0.0010154901538044214,0.733112298173026,0.000744468320427639,0.0010154901538044214,0.000744468320427639
synthetic_m4,parkinglot_car,car on parking lot,suv,6,3,1|2|6,2026-06-28 20.56.45.jpg|2026-06-28 20.56.46.jpg|2026-06-28 20.58.01.jpg,0.0,0.0010154901538044214,0.733112298173026,0.000744468320427639,0.0010154901538044214,0.000744468320427639
synthetic_m4,parkinglot_car,car on parking lot,suv,6,3,1|3|4,2026-06-28 20.56.45.jpg|2026-06-28 20.56.47.jpg|2026-06-28 20.56.54.jpg,0.0,0.0,0.0,0.0,0.0,0.0
synthetic_m4,parkinglot_car,car on parking lot,suv,6,3,1|3|5,2026-06-28 20.56.45.jpg|2026-06-28 20.56.47.jpg|2026-06-28 20.58.04.jpg,0.0,0.0,0.0,0.0,0.0,0.0
synthetic_m4,parkinglot_car,car on parking lot,suv,6,3,1|3|6,2026-06-28 20.56.45.jpg|2026-06-28 20.56.47.jpg|2026-06-28 20.58.01.jpg,0.0,0.0,0.0,0.0,0.0,0.0
synthetic_m4,parkinglot_car,car on parking lot,suv,6,3,1|4|5,2026-06-28 20.56.45.jpg|2026-06-28 20.56.54.jpg|2026-06-28 20.58.04.jpg,0.0,0.0,0.0,0.0,0.0,0.0
synthetic_m4,parkinglot_car,car on parking lot,suv,6,3,1|4|6,2026-06-28 20.56.45.jpg|2026-06-28 20.56.54.jpg|2026-06-28 20.58.01.jpg,0.0,0.0,0.0,0.0,0.0,0.0
synthetic_m4,parkinglot_car,car on parking lot,suv,6,3,1|5|6,2026-06-28 20.56.45.jpg|2026-06-28 20.58.04.jpg|2026-06-28 20.58.01.jpg,0.0,0.0,0.0,0.0,0.0,0.0
synthetic_m4,parkinglot_car,car on parking lot,suv,6,3,2|3|4,2026-06-28 20.56.46.jpg|2026-06-28 20.56.47.jpg|2026-06-28 20.56.54.jpg,0.0,0.0010154901538044214,0.733112298173026,0.000744468320427639,0.0010154901538044214,0.000744468320427639
synthetic_m4,parkinglot_car,car on parking lot,suv,6,3,2|3|5,2026-06-28 20.56.46.jpg|2026-06-28 20.56.47.jpg|2026-06-28 20.58.04.jpg,0.0,0.0010154901538044214,0.733112298173026,0.000744468320427639,0.0010154901538044214,0.000744468320427639
synthetic_m4,parkinglot_car,car on parking lot,suv,6,3,2|3|6,2026-06-28 20.56.46.jpg|2026-06-28 20.56.47.jpg|2026-06-28 20.58.01.jpg,0.0,0.0010154901538044214,0.733112298173026,0.000744468320427639,0.0010154901538044214,0.000744468320427639
synthetic_m4,parkinglot_car,car on parking lot,suv,6,3,2|4|5,2026-06-28 20.56.46.jpg|2026-06-28 20.56.54.jpg|2026-06-28 20.58.04.jpg,0.0,0.0010154901538044214,0.733112298173026,0.000744468320427639,0.0010154901538044214,0.000744468320427639
synthetic_m4,parkinglot_car,car on parking lot,suv,6,3,2|4|6,2026-06-28 20.56.46.jpg|2026-06-28 20.56.54.jpg|2026-06-28 20.58.01.jpg,0.0,0.0010154901538044214,0.733112298173026,0.000744468320427639,0.0010154901538044214,0.000744468320427639
synthetic_m4,parkinglot_car,car on parking lot,suv,6,3,2|5|6,2026-06-28 20.56.46.jpg|2026-06-28 20.58.04.jpg|2026-06-28 20.58.01.jpg,0.0,0.0010154901538044214,0.733112298173026,0.000744468320427639,0.0010154901538044214,0.000744468320427639
synthetic_m4,parkinglot_car,car on parking lot,suv,6,3,3|4|5,2026-06-28 20.56.47.jpg|2026-06-28 20.56.54.jpg|2026-06-28 20.58.04.jpg,0.0,0.0,0.0,0.0,0.0,0.0
synthetic_m4,parkinglot_car,car on parking lot,suv,6,3,3|4|6,2026-06-28 20.56.47.jpg|2026-06-28 20.56.54.jpg|2026-06-28 20.58.01.jpg,0.0,0.0,0.0,0.0,0.0,0.0
synthetic_m4,parkinglot_car,car on parking lot,suv,6,3,3|5|6,2026-06-28 20.56.47.jpg|2026-06-28 20.58.04.jpg|2026-06-28 20.58.01.jpg,0.0,0.0,0.0,0.0,0.0,0.0
synthetic_m4,parkinglot_car,car on parking lot,suv,6,3,4|5|6,2026-06-28 20.56.54.jpg|2026-06-28 20.58.04.jpg|2026-06-28 20.58.01.jpg,0.0,0.0,0.0,0.0,0.0,0.0
synthetic_m4,ooij_tower,tower in the Ooij,tower,7,1,1,2026-06-29 17.37.15.jpg,0.0,0.0,0.0,0.0,0.0,0.0
synthetic_m4,ooij_tower,tower in the Ooij,tower,7,1,3,2026-06-29 17.36.06.jpg,0.0,0.0,0.0,0.0,0.0,0.0
synthetic_m4,ooij_tower,tower in the Ooij,tower,7,1,4,2026-06-29 17.36.07.jpg,0.0,0.0,0.0,0.0,0.0,0.0
synthetic_m4,ooij_tower,tower in the Ooij,tower,7,1,5,2026-06-29 17.36.40.jpg,0.0,0.0,0.0,0.0,0.0,0.0
synthetic_m4,ooij_tower,tower in the Ooij,tower,7,1,6,2026-06-29 17.36.50.jpg,0.0,0.0,0.0,0.0,0.0,0.0
synthetic_m4,ooij_tower,tower in the Ooij,tower,7,1,7,2026-06-29 17.36.51.jpg,0.0,0.0,0.0,0.0,0.0,0.0
synthetic_m4,ooij_tower,tower in the Ooij,tower,7,1,8,2026-06-29 17.36.53.jpg,0.0,0.0,0.0,0.0,0.0,0.0
synthetic_m4,ooij_tower,tower in the Ooij,tower,7,2,1|3,2026-06-29 17.37.15.jpg|2026-06-29 17.36.06.jpg,0.0,0.0,0.0,0.0,0.0,0.0
synthetic_m4,ooij_tower,tower in the Ooij,tower,7,2,1|4,2026-06-29 17.37.15.jpg|2026-06-29 17.36.07.jpg,0.0,0.0,0.0,0.0,0.0,0.0
synthetic_m4,ooij_tower,tower in the Ooij,tower,7,2,1|5,2026-06-29 17.37.15.jpg|2026-06-29 17.36.40.jpg,0.0,0.0,0.0,0.0,0.0,0.0
synthetic_m4,ooij_tower,tower in the Ooij,tower,7,2,1|6,2026-06-29 17.37.15.jpg|2026-06-29 17.36.50.jpg,0.0,0.0,0.0,0.0,0.0,0.0
synthetic_m4,ooij_tower,tower in the Ooij,tower,7,2,1|7,2026-06-29 17.37.15.jpg|2026-06-29 17.36.51.jpg,0.0,0.0,0.0,0.0,0.0,0.0
synthetic_m4,ooij_tower,tower in the Ooij,tower,7,2,1|8,2026-06-29 17.37.15.jpg|2026-06-29 17.36.53.jpg,0.0,0.0,0.0,0.0,0.0,0.0
synthetic_m4,ooij_tower,tower in the Ooij,tower,7,2,3|4,2026-06-29 17.36.06.jpg|2026-06-29 17.36.07.jpg,0.0,0.0,0.0,0.0,0.0,0.0
synthetic_m4,ooij_tower,tower in the Ooij,tower,7,2,3|5,2026-06-29 17.36.06.jpg|2026-06-29 17.36.40.jpg,0.0,0.0,0.0,0.0,0.0,0.0
synthetic_m4,ooij_tower,tower in the Ooij,tower,7,2,3|6,2026-06-29 17.36.06.jpg|2026-06-29 17.36.50.jpg,0.0,0.0,0.0,0.0,0.0,0.0
synthetic_m4,ooij_tower,tower in the Ooij,tower,7,2,3|7,2026-06-29 17.36.06.jpg|2026-06-29 17.36.51.jpg,0.0,0.0,0.0,0.0,0.0,0.0
synthetic_m4,ooij_tower,tower in the Ooij,tower,7,2,3|8,2026-06-29 17.36.06.jpg|2026-06-29 17.36.53.jpg,0.0,0.0,0.0,0.0,0.0,0.0
synthetic_m4,ooij_tower,tower in the Ooij,tower,7,2,4|5,2026-06-29 17.36.07.jpg|2026-06-29 17.36.40.jpg,0.0,0.0,0.0,0.0,0.0,0.0
synthetic_m4,ooij_tower,tower in the Ooij,tower,7,2,4|6,2026-06-29 17.36.07.jpg|2026-06-29 17.36.50.jpg,0.0,0.0,0.0,0.0,0.0,0.0
synthetic_m4,ooij_tower,tower in the Ooij,tower,7,2,4|7,2026-06-29 17.36.07.jpg|2026-06-29 17.36.51.jpg,0.0,0.0,0.0,0.0,0.0,0.0
synthetic_m4,ooij_tower,tower in the Ooij,tower,7,2,4|8,2026-06-29 17.36.07.jpg|2026-06-29 17.36.53.jpg,0.0,0.0,0.0,0.0,0.0,0.0
synthetic_m4,ooij_tower,tower in the Ooij,tower,7,2,5|6,2026-06-29 17.36.40.jpg|2026-06-29 17.36.50.jpg,0.0,0.0,0.0,0.0,0.0,0.0
synthetic_m4,ooij_tower,tower in the Ooij,tower,7,2,5|7,2026-06-29 17.36.40.jpg|2026-06-29 17.36.51.jpg,0.0,0.0,0.0,0.0,0.0,0.0
synthetic_m4,ooij_tower,tower in the Ooij,tower,7,2,5|8,2026-06-29 17.36.40.jpg|2026-06-29 17.36.53.jpg,0.0,0.0,0.0,0.0,0.0,0.0
synthetic_m4,ooij_tower,tower in the Ooij,tower,7,2,6|7,2026-06-29 17.36.50.jpg|2026-06-29 17.36.51.jpg,0.0,0.0,0.0,0.0,0.0,0.0
synthetic_m4,ooij_tower,tower in the Ooij,tower,7,2,6|8,2026-06-29 17.36.50.jpg|2026-06-29 17.36.53.jpg,0.0,0.0,0.0,0.0,0.0,0.0
synthetic_m4,ooij_tower,tower in the Ooij,tower,7,2,7|8,2026-06-29 17.36.51.jpg|2026-06-29 17.36.53.jpg,0.0,0.0,0.0,0.0,0.0,0.0
synthetic_m4,ooij_tower,tower in the Ooij,tower,7,3,1|3|4,2026-06-29 17.37.15.jpg|2026-06-29 17.36.06.jpg|2026-06-29 17.36.07.jpg,0.0,0.0,0.0,0.0,0.0,0.0
synthetic_m4,ooij_tower,tower in the Ooij,tower,7,3,1|3|5,2026-06-29 17.37.15.jpg|2026-06-29 17.36.06.jpg|2026-06-29 17.36.40.jpg,0.0,0.0,0.0,0.0,0.0,0.0
synthetic_m4,ooij_tower,tower in the Ooij,tower,7,3,1|3|6,2026-06-29 17.37.15.jpg|2026-06-29 17.36.06.jpg|2026-06-29 17.36.50.jpg,0.0,0.0,0.0,0.0,0.0,0.0
synthetic_m4,ooij_tower,tower in the Ooij,tower,7,3,1|3|7,2026-06-29 17.37.15.jpg|2026-06-29 17.36.06.jpg|2026-06-29 17.36.51.jpg,0.0,0.0,0.0,0.0,0.0,0.0
synthetic_m4,ooij_tower,tower in the Ooij,tower,7,3,1|3|8,2026-06-29 17.37.15.jpg|2026-06-29 17.36.06.jpg|2026-06-29 17.36.53.jpg,0.0,0.0,0.0,0.0,0.0,0.0
synthetic_m4,ooij_tower,tower in the Ooij,tower,7,3,1|4|5,2026-06-29 17.37.15.jpg|2026-06-29 17.36.07.jpg|2026-06-29 17.36.40.jpg,0.0,0.0,0.0,0.0,0.0,0.0
synthetic_m4,ooij_tower,tower in the Ooij,tower,7,3,1|4|6,2026-06-29 17.37.15.jpg|2026-06-29 17.36.07.jpg|2026-06-29 17.36.50.jpg,0.0,0.0,0.0,0.0,0.0,0.0
synthetic_m4,ooij_tower,tower in the Ooij,tower,7,3,1|4|7,2026-06-29 17.37.15.jpg|2026-06-29 17.36.07.jpg|2026-06-29 17.36.51.jpg,0.0,0.0,0.0,0.0,0.0,0.0
synthetic_m4,ooij_tower,tower in the Ooij,tower,7,3,1|4|8,2026-06-29 17.37.15.jpg|2026-06-29 17.36.07.jpg|2026-06-29 17.36.53.jpg,0.0,0.0,0.0,0.0,0.0,0.0
synthetic_m4,ooij_tower,tower in the Ooij,tower,7,3,1|5|6,2026-06-29 17.37.15.jpg|2026-06-29 17.36.40.jpg|2026-06-29 17.36.50.jpg,0.0,0.0,0.0,0.0,0.0,0.0
synthetic_m4,ooij_tower,tower in the Ooij,tower,7,3,1|5|7,2026-06-29 17.37.15.jpg|2026-06-29 17.36.40.jpg|2026-06-29 17.36.51.jpg,0.0,0.0,0.0,0.0,0.0,0.0
synthetic_m4,ooij_tower,tower in the Ooij,tower,7,3,1|5|8,2026-06-29 17.37.15.jpg|2026-06-29 17.36.40.jpg|2026-06-29 17.36.53.jpg,0.0,0.0,0.0,0.0,0.0,0.0
synthetic_m4,ooij_tower,tower in the Ooij,tower,7,3,1|6|7,2026-06-29 17.37.15.jpg|2026-06-29 17.36.50.jpg|2026-06-29 17.36.51.jpg,0.0,0.0,0.0,0.0,0.0,0.0
synthetic_m4,ooij_tower,tower in the Ooij,tower,7,3,1|6|8,2026-06-29 17.37.15.jpg|2026-06-29 17.36.50.jpg|2026-06-29 17.36.53.jpg,0.0,0.0,0.0,0.0,0.0,0.0
synthetic_m4,ooij_tower,tower in the Ooij,tower,7,3,1|7|8,2026-06-29 17.37.15.jpg|2026-06-29 17.36.51.jpg|2026-06-29 17.36.53.jpg,0.0,0.0,0.0,0.0,0.0,0.0
synthetic_m4,ooij_tower,tower in the Ooij,tower,7,3,3|4|5,2026-06-29 17.36.06.jpg|2026-06-29 17.36.07.jpg|2026-06-29 17.36.40.jpg,0.0,0.0,0.0,0.0,0.0,0.0
synthetic_m4,ooij_tower,tower in the Ooij,tower,7,3,3|4|6,2026-06-29 17.36.06.jpg|2026-06-29 17.36.07.jpg|2026-06-29 17.36.50.jpg,0.0,0.0,0.0,0.0,0.0,0.0
synthetic_m4,ooij_tower,tower in the Ooij,tower,7,3,3|4|7,2026-06-29 17.36.06.jpg|2026-06-29 17.36.07.jpg|2026-06-29 17.36.51.jpg,0.0,0.0,0.0,0.0,0.0,0.0
synthetic_m4,ooij_tower,tower in the Ooij,tower,7,3,3|4|8,2026-06-29 17.36.06.jpg|2026-06-29 17.36.07.jpg|2026-06-29 17.36.53.jpg,0.0,0.0,0.0,0.0,0.0,0.0
synthetic_m4,ooij_tower,tower in the Ooij,tower,7,3,3|5|6,2026-06-29 17.36.06.jpg|2026-06-29 17.36.40.jpg|2026-06-29 17.36.50.jpg,0.0,0.0,0.0,0.0,0.0,0.0
synthetic_m4,ooij_tower,tower in the Ooij,tower,7,3,3|5|7,2026-06-29 17.36.06.jpg|2026-06-29 17.36.40.jpg|2026-06-29 17.36.51.jpg,0.0,0.0,0.0,0.0,0.0,0.0
synthetic_m4,ooij_tower,tower in the Ooij,tower,7,3,3|5|8,2026-06-29 17.36.06.jpg|2026-06-29 17.36.40.jpg|2026-06-29 17.36.53.jpg,0.0,0.0,0.0,0.0,0.0,0.0
synthetic_m4,ooij_tower,tower in the Ooij,tower,7,3,3|6|7,2026-06-29 17.36.06.jpg|2026-06-29 17.36.50.jpg|2026-06-29 17.36.51.jpg,0.0,0.0,0.0,0.0,0.0,0.0
synthetic_m4,ooij_tower,tower in the Ooij,tower,7,3,3|6|8,2026-06-29 17.36.06.jpg|2026-06-29 17.36.50.jpg|2026-06-29 17.36.53.jpg,0.0,0.0,0.0,0.0,0.0,0.0
synthetic_m4,ooij_tower,tower in the Ooij,tower,7,3,3|7|8,2026-06-29 17.36.06.jpg|2026-06-29 17.36.51.jpg|2026-06-29 17.36.53.jpg,0.0,0.0,0.0,0.0,0.0,0.0
synthetic_m4,ooij_tower,tower in the Ooij,tower,7,3,4|5|6,2026-06-29 17.36.07.jpg|2026-06-29 17.36.40.jpg|2026-06-29 17.36.50.jpg,0.0,0.0,0.0,0.0,0.0,0.0
synthetic_m4,ooij_tower,tower in the Ooij,tower,7,3,4|5|7,2026-06-29 17.36.07.jpg|2026-06-29 17.36.40.jpg|2026-06-29 17.36.51.jpg,0.0,0.0,0.0,0.0,0.0,0.0
synthetic_m4,ooij_tower,tower in the Ooij,tower,7,3,4|5|8,2026-06-29 17.36.07.jpg|2026-06-29 17.36.40.jpg|2026-06-29 17.36.53.jpg,0.0,0.0,0.0,0.0,0.0,0.0
synthetic_m4,ooij_tower,tower in the Ooij,tower,7,3,4|6|7,2026-06-29 17.36.07.jpg|2026-06-29 17.36.50.jpg|2026-06-29 17.36.51.jpg,0.0,0.0,0.0,0.0,0.0,0.0
synthetic_m4,ooij_tower,tower in the Ooij,tower,7,3,4|6|8,2026-06-29 17.36.07.jpg|2026-06-29 17.36.50.jpg|2026-06-29 17.36.53.jpg,0.0,0.0,0.0,0.0,0.0,0.0
synthetic_m4,ooij_tower,tower in the Ooij,tower,7,3,4|7|8,2026-06-29 17.36.07.jpg|2026-06-29 17.36.51.jpg|2026-06-29 17.36.53.jpg,0.0,0.0,0.0,0.0,0.0,0.0
synthetic_m4,ooij_tower,tower in the Ooij,tower,7,3,5|6|7,2026-06-29 17.36.40.jpg|2026-06-29 17.36.50.jpg|2026-06-29 17.36.51.jpg,0.0,0.0,0.0,0.0,0.0,0.0
synthetic_m4,ooij_tower,tower in the Ooij,tower,7,3,5|6|8,2026-06-29 17.36.40.jpg|2026-06-29 17.36.50.jpg|2026-06-29 17.36.53.jpg,0.0,0.0,0.0,0.0,0.0,0.0
synthetic_m4,ooij_tower,tower in the Ooij,tower,7,3,5|7|8,2026-06-29 17.36.40.jpg|2026-06-29 17.36.51.jpg|2026-06-29 17.36.53.jpg,0.0,0.0,0.0,0.0,0.0,0.0
synthetic_m4,ooij_tower,tower in the Ooij,tower,7,3,6|7|8,2026-06-29 17.36.50.jpg|2026-06-29 17.36.51.jpg|2026-06-29 17.36.53.jpg,0.0,0.0,0.0,0.0,0.0,0.0
synthetic_m4,la_souris_truck,La Souris truck,whitevan,10,1,1,2026-07-12 21.05.57.jpg,1.0,0.4828849136829376,0.7871083728731303,0.380082758693959,0.4828849136829376,0.380082758693959
synthetic_m4,la_souris_truck,La Souris truck,whitevan,10,1,2,2026-07-12 21.06.04.jpg,1.0,0.842469334602356,0.7545000364507292,0.6356431436660991,0.842469334602356,0.6356431436660991
synthetic_m4,la_souris_truck,La Souris truck,whitevan,10,1,3,2026-07-12 21.01.06.jpg,0.0,0.0,0.0,0.0,0.0,0.0
synthetic_m4,la_souris_truck,La Souris truck,whitevan,10,1,4,2026-07-12 21.01.23.jpg,1.0,0.6529809832572937,0.6705986385112553,0.43788815834608197,0.6529809832572937,0.43788815834608197
synthetic_m4,la_souris_truck,La Souris truck,whitevan,10,1,5,2026-07-12 21.01.30.jpg,0.0,0.0,0.0,0.0,0.0,0.0
synthetic_m4,la_souris_truck,La Souris truck,whitevan,10,1,6,2026-07-12 21.01.33.jpg,0.0,0.0,0.0,0.0,0.0,0.0
synthetic_m4,la_souris_truck,La Souris truck,whitevan,10,1,7,2026-07-12 21.01.49.jpg,0.0,0.0,0.0,0.0,0.0,0.0
synthetic_m4,la_souris_truck,La Souris truck,whitevan,10,1,8,2026-07-12 21.01.50.jpg,0.0,0.0,0.0,0.0,0.0,0.0
synthetic_m4,la_souris_truck,La Souris truck,whitevan,10,1,9,2026-07-12 21.01.51.jpg,0.0,0.0,0.0,0.0,0.0,0.0
synthetic_m4,la_souris_truck,La Souris truck,whitevan,10,1,10,2026-07-12 21.05.27.jpg,1.0,0.9713618159294128,0.8705844766688557,0.8456525181770173,0.9713618159294128,0.8456525181770173
synthetic_m4,la_souris_truck,La Souris truck,whitevan,10,2,1|2,2026-07-12 21.05.57.jpg|2026-07-12 21.06.04.jpg,1.0,0.842469334602356,0.7871083728731303,0.6356431436660991,0.918538516365313,0.7229893570376007
synthetic_m4,la_souris_truck,La Souris truck,whitevan,10,2,1|3,2026-07-12 21.05.57.jpg|2026-07-12 21.01.06.jpg,1.0,0.4828849136829376,0.7871083728731303,0.380082758693959,0.4828849136829376,0.380082758693959
synthetic_m4,la_souris_truck,La Souris truck,whitevan,10,2,1|4,2026-07-12 21.05.57.jpg|2026-07-12 21.01.23.jpg,1.0,0.6529809832572937,0.7871083728731303,0.43788815834608197,0.8205512312034333,0.6458627444515781
synthetic_m4,la_souris_truck,La Souris truck,whitevan,10,2,1|5,2026-07-12 21.05.57.jpg|2026-07-12 21.01.30.jpg,1.0,0.4828849136829376,0.7871083728731303,0.380082758693959,0.4828849136829376,0.380082758693959
synthetic_m4,la_souris_truck,La Souris truck,whitevan,10,2,1|6,2026-07-12 21.05.57.jpg|2026-07-12 21.01.33.jpg,1.0,0.4828849136829376,0.7871083728731303,0.380082758693959,0.4828849136829376,0.380082758693959
synthetic_m4,la_souris_truck,La Souris truck,whitevan,10,2,1|7,2026-07-12 21.05.57.jpg|2026-07-12 21.01.49.jpg,1.0,0.4828849136829376,0.7871083728731303,0.380082758693959,0.4828849136829376,0.380082758693959
synthetic_m4,la_souris_truck,La Souris truck,whitevan,10,2,1|8,2026-07-12 21.05.57.jpg|2026-07-12 21.01.50.jpg,1.0,0.4828849136829376,0.7871083728731303,0.380082758693959,0.4828849136829376,0.380082758693959
synthetic_m4,la_souris_truck,La Souris truck,whitevan,10,2,1|9,2026-07-12 21.05.57.jpg|2026-07-12 21.01.51.jpg,1.0,0.4828849136829376,0.7871083728731303,0.380082758693959,0.4828849136829376,0.380082758693959
synthetic_m4,la_souris_truck,La Souris truck,whitevan,10,2,1|10,2026-07-12 21.05.57.jpg|2026-07-12 21.05.27.jpg,1.0,0.9713618159294128,0.8705844766688557,0.8456525181770173,0.9851907629723744,0.8576917848012953
synthetic_m4,la_souris_truck,La Souris truck,whitevan,10,2,2|3,2026-07-12 21.06.04.jpg|2026-07-12 21.01.06.jpg,1.0,0.842469334602356,0.7545000364507292,0.6356431436660991,0.842469334602356,0.6356431436660991
synthetic_m4,la_souris_truck,La Souris truck,whitevan,10,2,2|4,2026-07-12 21.06.04.jpg|2026-07-12 21.01.23.jpg,1.0,0.842469334602356,0.7545000364507292,0.6356431436660991,0.9453338633868853,0.7132544343835135
synthetic_m4,la_souris_truck,La Souris truck,whitevan,10,2,2|5,2026-07-12 21.06.04.jpg|2026-07-12 21.01.30.jpg,1.0,0.842469334602356,0.7545000364507292,0.6356431436660991,0.842469334602356,0.6356431436660991
synthetic_m4,la_souris_truck,La Souris truck,whitevan,10,2,2|6,2026-07-12 21.06.04.jpg|2026-07-12 21.01.33.jpg,1.0,0.842469334602356,0.7545000364507292,0.6356431436660991,0.842469334602356,0.6356431436660991
synthetic_m4,la_souris_truck,La Souris truck,whitevan,10,2,2|7,2026-07-12 21.06.04.jpg|2026-07-12 21.01.49.jpg,1.0,0.842469334602356,0.7545000364507292,0.6356431436660991,0.842469334602356,0.6356431436660991
synthetic_m4,la_souris_truck,La Souris truck,whitevan,10,2,2|8,2026-07-12 21.06.04.jpg|2026-07-12 21.01.50.jpg,1.0,0.842469334602356,0.7545000364507292,0.6356431436660991,0.842469334602356,0.6356431436660991
synthetic_m4,la_souris_truck,La Souris truck,whitevan,10,2,2|9,2026-07-12 21.06.04.jpg|2026-07-12 21.01.51.jpg,1.0,0.842469334602356,0.7545000364507292,0.6356431436660991,0.842469334602356,0.6356431436660991
synthetic_m4,la_souris_truck,La Souris truck,whitevan,10,2,2|10,2026-07-12 21.06.04.jpg|2026-07-12 21.05.27.jpg,1.0,0.9713618159294128,0.8705844766688557,0.8456525181770173,0.9954886078075802,0.86665692865797
synthetic_m4,la_souris_truck,La Souris truck,whitevan,10,2,3|4,2026-07-12 21.01.06.jpg|2026-07-12 21.01.23.jpg,1.0,0.6529809832572937,0.6705986385112553,0.43788815834608197,0.6529809832572937,0.43788815834608197
synthetic_m4,la_souris_truck,La Souris truck,whitevan,10,2,3|5,2026-07-12 21.01.06.jpg|2026-07-12 21.01.30.jpg,0.0,0.0,0.0,0.0,0.0,0.0
synthetic_m4,la_souris_truck,La Souris truck,whitevan,10,2,3|6,2026-07-12 21.01.06.jpg|2026-07-12 21.01.33.jpg,0.0,0.0,0.0,0.0,0.0,0.0
synthetic_m4,la_souris_truck,La Souris truck,whitevan,10,2,3|7,2026-07-12 21.01.06.jpg|2026-07-12 21.01.49.jpg,0.0,0.0,0.0,0.0,0.0,0.0
synthetic_m4,la_souris_truck,La Souris truck,whitevan,10,2,3|8,2026-07-12 21.01.06.jpg|2026-07-12 21.01.50.jpg,0.0,0.0,0.0,0.0,0.0,0.0
synthetic_m4,la_souris_truck,La Souris truck,whitevan,10,2,3|9,2026-07-12 21.01.06.jpg|2026-07-12 21.01.51.jpg,0.0,0.0,0.0,0.0,0.0,0.0
synthetic_m4,la_souris_truck,La Souris truck,whitevan,10,2,3|10,2026-07-12 21.01.06.jpg|2026-07-12 21.05.27.jpg,1.0,0.9713618159294128,0.8705844766688557,0.8456525181770173,0.9713618159294128,0.8456525181770173
synthetic_m4,la_souris_truck,La Souris truck,whitevan,10,2,4|5,2026-07-12 21.01.23.jpg|2026-07-12 21.01.30.jpg,1.0,0.6529809832572937,0.6705986385112553,0.43788815834608197,0.6529809832572937,0.43788815834608197
synthetic_m4,la_souris_truck,La Souris truck,whitevan,10,2,4|6,2026-07-12 21.01.23.jpg|2026-07-12 21.01.33.jpg,1.0,0.6529809832572937,0.6705986385112553,0.43788815834608197,0.6529809832572937,0.43788815834608197
synthetic_m4,la_souris_truck,La Souris truck,whitevan,10,2,4|7,2026-07-12 21.01.23.jpg|2026-07-12 21.01.49.jpg,1.0,0.6529809832572937,0.6705986385112553,0.43788815834608197,0.6529809832572937,0.43788815834608197
synthetic_m4,la_souris_truck,La Souris truck,whitevan,10,2,4|8,2026-07-12 21.01.23.jpg|2026-07-12 21.01.50.jpg,1.0,0.6529809832572937,0.6705986385112553,0.43788815834608197,0.6529809832572937,0.43788815834608197
synthetic_m4,la_souris_truck,La Souris truck,whitevan,10,2,4|9,2026-07-12 21.01.23.jpg|2026-07-12 21.01.51.jpg,1.0,0.6529809832572937,0.6705986385112553,0.43788815834608197,0.6529809832572937,0.43788815834608197
synthetic_m4,la_souris_truck,La Souris truck,whitevan,10,2,4|10,2026-07-12 21.01.23.jpg|2026-07-12 21.05.27.jpg,1.0,0.9713618159294128,0.8705844766688557,0.8456525181770173,0.9900620055225282,0.861932612947548
synthetic_m4,la_souris_truck,La Souris truck,whitevan,10,2,5|6,2026-07-12 21.01.30.jpg|2026-07-12 21.01.33.jpg,0.0,0.0,0.0,0.0,0.0,0.0
synthetic_m4,la_souris_truck,La Souris truck,whitevan,10,2,5|7,2026-07-12 21.01.30.jpg|2026-07-12 21.01.49.jpg,0.0,0.0,0.0,0.0,0.0,0.0
synthetic_m4,la_souris_truck,La Souris truck,whitevan,10,2,5|8,2026-07-12 21.01.30.jpg|2026-07-12 21.01.50.jpg,0.0,0.0,0.0,0.0,0.0,0.0
synthetic_m4,la_souris_truck,La Souris truck,whitevan,10,2,5|9,2026-07-12 21.01.30.jpg|2026-07-12 21.01.51.jpg,0.0,0.0,0.0,0.0,0.0,0.0
synthetic_m4,la_souris_truck,La Souris truck,whitevan,10,2,5|10,2026-07-12 21.01.30.jpg|2026-07-12 21.05.27.jpg,1.0,0.9713618159294128,0.8705844766688557,0.8456525181770173,0.9713618159294128,0.8456525181770173
synthetic_m4,la_souris_truck,La Souris truck,whitevan,10,2,6|7,2026-07-12 21.01.33.jpg|2026-07-12 21.01.49.jpg,0.0,0.0,0.0,0.0,0.0,0.0
synthetic_m4,la_souris_truck,La Souris truck,whitevan,10,2,6|8,2026-07-12 21.01.33.jpg|2026-07-12 21.01.50.jpg,0.0,0.0,0.0,0.0,0.0,0.0
synthetic_m4,la_souris_truck,La Souris truck,whitevan,10,2,6|9,2026-07-12 21.01.33.jpg|2026-07-12 21.01.51.jpg,0.0,0.0,0.0,0.0,0.0,0.0
synthetic_m4,la_souris_truck,La Souris truck,whitevan,10,2,6|10,2026-07-12 21.01.33.jpg|2026-07-12 21.05.27.jpg,1.0,0.9713618159294128,0.8705844766688557,0.8456525181770173,0.9713618159294128,0.8456525181770173
synthetic_m4,la_souris_truck,La Souris truck,whitevan,10,2,7|8,2026-07-12 21.01.49.jpg|2026-07-12 21.01.50.jpg,0.0,0.0,0.0,0.0,0.0,0.0
synthetic_m4,la_souris_truck,La Souris truck,whitevan,10,2,7|9,2026-07-12 21.01.49.jpg|2026-07-12 21.01.51.jpg,0.0,0.0,0.0,0.0,0.0,0.0
synthetic_m4,la_souris_truck,La Souris truck,whitevan,10,2,7|10,2026-07-12 21.01.49.jpg|2026-07-12 21.05.27.jpg,1.0,0.9713618159294128,0.8705844766688557,0.8456525181770173,0.9713618159294128,0.8456525181770173
synthetic_m4,la_souris_truck,La Souris truck,whitevan,10,2,8|9,2026-07-12 21.01.50.jpg|2026-07-12 21.01.51.jpg,0.0,0.0,0.0,0.0,0.0,0.0
synthetic_m4,la_souris_truck,La Souris truck,whitevan,10,2,8|10,2026-07-12 21.01.50.jpg|2026-07-12 21.05.27.jpg,1.0,0.9713618159294128,0.8705844766688557,0.8456525181770173,0.9713618159294128,0.8456525181770173
synthetic_m4,la_souris_truck,La Souris truck,whitevan,10,2,9|10,2026-07-12 21.01.51.jpg|2026-07-12 21.05.27.jpg,1.0,0.9713618159294128,0.8705844766688557,0.8456525181770173,0.9713618159294128,0.8456525181770173
synthetic_m4,la_souris_truck,La Souris truck,whitevan,10,3,1|2|3,2026-07-12 21.05.57.jpg|2026-07-12 21.06.04.jpg|2026-07-12 21.01.06.jpg,1.0,0.842469334602356,0.7871083728731303,0.6356431436660991,0.918538516365313,0.7229893570376007
synthetic_m4,la_souris_truck,La Souris truck,whitevan,10,3,1|2|4,2026-07-12 21.05.57.jpg|2026-07-12 21.06.04.jpg|2026-07-12 21.01.23.jpg,1.0,0.842469334602356,0.7871083728731303,0.6356431436660991,0.9717313160466888,0.7648578550433748
synthetic_m4,la_souris_truck,La Souris truck,whitevan,10,3,1|2|5,2026-07-12 21.05.57.jpg|2026-07-12 21.06.04.jpg|2026-07-12 21.01.30.jpg,1.0,0.842469334602356,0.7871083728731303,0.6356431436660991,0.918538516365313,0.7229893570376007
synthetic_m4,la_souris_truck,La Souris truck,whitevan,10,3,1|2|6,2026-07-12 21.05.57.jpg|2026-07-12 21.06.04.jpg|2026-07-12 21.01.33.jpg,1.0,0.842469334602356,0.7871083728731303,0.6356431436660991,0.918538516365313,0.7229893570376007
synthetic_m4,la_souris_truck,La Souris truck,whitevan,10,3,1|2|7,2026-07-12 21.05.57.jpg|2026-07-12 21.06.04.jpg|2026-07-12 21.01.49.jpg,1.0,0.842469334602356,0.7871083728731303,0.6356431436660991,0.918538516365313,0.7229893570376007
synthetic_m4,la_souris_truck,La Souris truck,whitevan,10,3,1|2|8,2026-07-12 21.05.57.jpg|2026-07-12 21.06.04.jpg|2026-07-12 21.01.50.jpg,1.0,0.842469334602356,0.7871083728731303,0.6356431436660991,0.918538516365313,0.7229893570376007
synthetic_m4,la_souris_truck,La Souris truck,whitevan,10,3,1|2|9,2026-07-12 21.05.57.jpg|2026-07-12 21.06.04.jpg|2026-07-12 21.01.51.jpg,1.0,0.842469334602356,0.7871083728731303,0.6356431436660991,0.918538516365313,0.7229893570376007
synthetic_m4,la_souris_truck,La Souris truck,whitevan,10,3,1|2|10,2026-07-12 21.05.57.jpg|2026-07-12 21.06.04.jpg|2026-07-12 21.05.27.jpg,1.0,0.9713618159294128,0.8705844766688557,0.8456525181770173,0.9976670910370067,0.8685534823401921
synthetic_m4,la_souris_truck,La Souris truck,whitevan,10,3,1|3|4,2026-07-12 21.05.57.jpg|2026-07-12 21.01.06.jpg|2026-07-12 21.01.23.jpg,1.0,0.6529809832572937,0.7871083728731303,0.43788815834608197,0.8205512312034333,0.6458627444515781
synthetic_m4,la_souris_truck,La Souris truck,whitevan,10,3,1|3|5,2026-07-12 21.05.57.jpg|2026-07-12 21.01.06.jpg|2026-07-12 21.01.30.jpg,1.0,0.4828849136829376,0.7871083728731303,0.380082758693959,0.4828849136829376,0.380082758693959
synthetic_m4,la_souris_truck,La Souris truck,whitevan,10,3,1|3|6,2026-07-12 21.05.57.jpg|2026-07-12 21.01.06.jpg|2026-07-12 21.01.33.jpg,1.0,0.4828849136829376,0.7871083728731303,0.380082758693959,0.4828849136829376,0.380082758693959
synthetic_m4,la_souris_truck,La Souris truck,whitevan,10,3,1|3|7,2026-07-12 21.05.57.jpg|2026-07-12 21.01.06.jpg|2026-07-12 21.01.49.jpg,1.0,0.4828849136829376,0.7871083728731303,0.380082758693959,0.4828849136829376,0.380082758693959
synthetic_m4,la_souris_truck,La Souris truck,whitevan,10,3,1|3|8,2026-07-12 21.05.57.jpg|2026-07-12 21.01.06.jpg|2026-07-12 21.01.50.jpg,1.0,0.4828849136829376,0.7871083728731303,0.380082758693959,0.4828849136829376,0.380082758693959
synthetic_m4,la_souris_truck,La Souris truck,whitevan,10,3,1|3|9,2026-07-12 21.05.57.jpg|2026-07-12 21.01.06.jpg|2026-07-12 21.01.51.jpg,1.0,0.4828849136829376,0.7871083728731303,0.380082758693959,0.4828849136829376,0.380082758693959
synthetic_m4,la_souris_truck,La Souris truck,whitevan,10,3,1|3|10,2026-07-12 21.05.57.jpg|2026-07-12 21.01.06.jpg|2026-07-12 21.05.27.jpg,1.0,0.9713618159294128,0.8705844766688557,0.8456525181770173,0.9851907629723744,0.8576917848012953
synthetic_m4,la_souris_truck,La Souris truck,whitevan,10,3,1|4|5,2026-07-12 21.05.57.jpg|2026-07-12 21.01.23.jpg|2026-07-12 21.01.30.jpg,1.0,0.6529809832572937,0.7871083728731303,0.43788815834608197,0.8205512312034333,0.6458627444515781
synthetic_m4,la_souris_truck,La Souris truck,whitevan,10,3,1|4|6,2026-07-12 21.05.57.jpg|2026-07-12 21.01.23.jpg|2026-07-12 21.01.33.jpg,1.0,0.6529809832572937,0.7871083728731303,0.43788815834608197,0.8205512312034333,0.6458627444515781
synthetic_m4,la_souris_truck,La Souris truck,whitevan,10,3,1|4|7,2026-07-12 21.05.57.jpg|2026-07-12 21.01.23.jpg|2026-07-12 21.01.49.jpg,1.0,0.6529809832572937,0.7871083728731303,0.43788815834608197,0.8205512312034333,0.6458627444515781
synthetic_m4,la_souris_truck,La Souris truck,whitevan,10,3,1|4|8,2026-07-12 21.05.57.jpg|2026-07-12 21.01.23.jpg|2026-07-12 21.01.50.jpg,1.0,0.6529809832572937,0.7871083728731303,0.43788815834608197,0.8205512312034333,0.6458627444515781
synthetic_m4,la_souris_truck,La Souris truck,whitevan,10,3,1|4|9,2026-07-12 21.05.57.jpg|2026-07-12 21.01.23.jpg|2026-07-12 21.01.51.jpg,1.0,0.6529809832572937,0.7871083728731303,0.43788815834608197,0.8205512312034333,0.6458627444515781
synthetic_m4,la_souris_truck,La Souris truck,whitevan,10,3,1|4|10,2026-07-12 21.05.57.jpg|2026-07-12 21.01.23.jpg|2026-07-12 21.05.27.jpg,1.0,0.9713618159294128,0.8705844766688557,0.8456525181770173,0.9948609131279637,0.8661104674138081
synthetic_m4,la_souris_truck,La Souris truck,whitevan,10,3,1|5|6,2026-07-12 21.05.57.jpg|2026-07-12 21.01.30.jpg|2026-07-12 21.01.33.jpg,1.0,0.4828849136829376,0.7871083728731303,0.380082758693959,0.4828849136829376,0.380082758693959
synthetic_m4,la_souris_truck,La Souris truck,whitevan,10,3,1|5|7,2026-07-12 21.05.57.jpg|2026-07-12 21.01.30.jpg|2026-07-12 21.01.49.jpg,1.0,0.4828849136829376,0.7871083728731303,0.380082758693959,0.4828849136829376,0.380082758693959
synthetic_m4,la_souris_truck,La Souris truck,whitevan,10,3,1|5|8,2026-07-12 21.05.57.jpg|2026-07-12 21.01.30.jpg|2026-07-12 21.01.50.jpg,1.0,0.4828849136829376,0.7871083728731303,0.380082758693959,0.4828849136829376,0.380082758693959
synthetic_m4,la_souris_truck,La Souris truck,whitevan,10,3,1|5|9,2026-07-12 21.05.57.jpg|2026-07-12 21.01.30.jpg|2026-07-12 21.01.51.jpg,1.0,0.4828849136829376,0.7871083728731303,0.380082758693959,0.4828849136829376,0.380082758693959
synthetic_m4,la_souris_truck,La Souris truck,whitevan,10,3,1|5|10,2026-07-12 21.05.57.jpg|2026-07-12 21.01.30.jpg|2026-07-12 21.05.27.jpg,1.0,0.9713618159294128,0.8705844766688557,0.8456525181770173,0.9851907629723744,0.8576917848012953
synthetic_m4,la_souris_truck,La Souris truck,whitevan,10,3,1|6|7,2026-07-12 21.05.57.jpg|2026-07-12 21.01.33.jpg|2026-07-12 21.01.49.jpg,1.0,0.4828849136829376,0.7871083728731303,0.380082758693959,0.4828849136829376,0.380082758693959
synthetic_m4,la_souris_truck,La Souris truck,whitevan,10,3,1|6|8,2026-07-12 21.05.57.jpg|2026-07-12 21.01.33.jpg|2026-07-12 21.01.50.jpg,1.0,0.4828849136829376,0.7871083728731303,0.380082758693959,0.4828849136829376,0.380082758693959
synthetic_m4,la_souris_truck,La Souris truck,whitevan,10,3,1|6|9,2026-07-12 21.05.57.jpg|2026-07-12 21.01.33.jpg|2026-07-12 21.01.51.jpg,1.0,0.4828849136829376,0.7871083728731303,0.380082758693959,0.4828849136829376,0.380082758693959
synthetic_m4,la_souris_truck,La Souris truck,whitevan,10,3,1|6|10,2026-07-12 21.05.57.jpg|2026-07-12 21.01.33.jpg|2026-07-12 21.05.27.jpg,1.0,0.9713618159294128,0.8705844766688557,0.8456525181770173,0.9851907629723744,0.8576917848012953
synthetic_m4,la_souris_truck,La Souris truck,whitevan,10,3,1|7|8,2026-07-12 21.05.57.jpg|2026-07-12 21.01.49.jpg|2026-07-12 21.01.50.jpg,1.0,0.4828849136829376,0.7871083728731303,0.380082758693959,0.4828849136829376,0.380082758693959
synthetic_m4,la_souris_truck,La Souris truck,whitevan,10,3,1|7|9,2026-07-12 21.05.57.jpg|2026-07-12 21.01.49.jpg|2026-07-12 21.01.51.jpg,1.0,0.4828849136829376,0.7871083728731303,0.380082758693959,0.4828849136829376,0.380082758693959
synthetic_m4,la_souris_truck,La Souris truck,whitevan,10,3,1|7|10,2026-07-12 21.05.57.jpg|2026-07-12 21.01.49.jpg|2026-07-12 21.05.27.jpg,1.0,0.9713618159294128,0.8705844766688557,0.8456525181770173,0.9851907629723744,0.8576917848012953
synthetic_m4,la_souris_truck,La Souris truck,whitevan,10,3,1|8|9,2026-07-12 21.05.57.jpg|2026-07-12 21.01.50.jpg|2026-07-12 21.01.51.jpg,1.0,0.4828849136829376,0.7871083728731303,0.380082758693959,0.4828849136829376,0.380082758693959
synthetic_m4,la_souris_truck,La Souris truck,whitevan,10,3,1|8|10,2026-07-12 21.05.57.jpg|2026-07-12 21.01.50.jpg|2026-07-12 21.05.27.jpg,1.0,0.9713618159294128,0.8705844766688557,0.8456525181770173,0.9851907629723744,0.8576917848012953
synthetic_m4,la_souris_truck,La Souris truck,whitevan,10,3,1|9|10,2026-07-12 21.05.57.jpg|2026-07-12 21.01.51.jpg|2026-07-12 21.05.27.jpg,1.0,0.9713618159294128,0.8705844766688557,0.8456525181770173,0.9851907629723744,0.8576917848012953
synthetic_m4,la_souris_truck,La Souris truck,whitevan,10,3,2|3|4,2026-07-12 21.06.04.jpg|2026-07-12 21.01.06.jpg|2026-07-12 21.01.23.jpg,1.0,0.842469334602356,0.7545000364507292,0.6356431436660991,0.9453338633868853,0.7132544343835135
synthetic_m4,la_souris_truck,La Souris truck,whitevan,10,3,2|3|5,2026-07-12 21.06.04.jpg|2026-07-12 21.01.06.jpg|2026-07-12 21.01.30.jpg,1.0,0.842469334602356,0.7545000364507292,0.6356431436660991,0.842469334602356,0.6356431436660991
synthetic_m4,la_souris_truck,La Souris truck,whitevan,10,3,2|3|6,2026-07-12 21.06.04.jpg|2026-07-12 21.01.06.jpg|2026-07-12 21.01.33.jpg,1.0,0.842469334602356,0.7545000364507292,0.6356431436660991,0.842469334602356,0.6356431436660991
synthetic_m4,la_souris_truck,La Souris truck,whitevan,10,3,2|3|7,2026-07-12 21.06.04.jpg|2026-07-12 21.01.06.jpg|2026-07-12 21.01.49.jpg,1.0,0.842469334602356,0.7545000364507292,0.6356431436660991,0.842469334602356,0.6356431436660991
synthetic_m4,la_souris_truck,La Souris truck,whitevan,10,3,2|3|8,2026-07-12 21.06.04.jpg|2026-07-12 21.01.06.jpg|2026-07-12 21.01.50.jpg,1.0,0.842469334602356,0.7545000364507292,0.6356431436660991,0.842469334602356,0.6356431436660991
synthetic_m4,la_souris_truck,La Souris truck,whitevan,10,3,2|3|9,2026-07-12 21.06.04.jpg|2026-07-12 21.01.06.jpg|2026-07-12 21.01.51.jpg,1.0,0.842469334602356,0.7545000364507292,0.6356431436660991,0.842469334602356,0.6356431436660991
synthetic_m4,la_souris_truck,La Souris truck,whitevan,10,3,2|3|10,2026-07-12 21.06.04.jpg|2026-07-12 21.01.06.jpg|2026-07-12 21.05.27.jpg,1.0,0.9713618159294128,0.8705844766688557,0.8456525181770173,0.9954886078075802,0.86665692865797
synthetic_m4,la_souris_truck,La Souris truck,whitevan,10,3,2|4|5,2026-07-12 21.06.04.jpg|2026-07-12 21.01.23.jpg|2026-07-12 21.01.30.jpg,1.0,0.842469334602356,0.7545000364507292,0.6356431436660991,0.9453338633868853,0.7132544343835135
synthetic_m4,la_souris_truck,La Souris truck,whitevan,10,3,2|4|6,2026-07-12 21.06.04.jpg|2026-07-12 21.01.23.jpg|2026-07-12 21.01.33.jpg,1.0,0.842469334602356,0.7545000364507292,0.6356431436660991,0.9453338633868853,0.7132544343835135
synthetic_m4,la_souris_truck,La Souris truck,whitevan,10,3,2|4|7,2026-07-12 21.06.04.jpg|2026-07-12 21.01.23.jpg|2026-07-12 21.01.49.jpg,1.0,0.842469334602356,0.7545000364507292,0.6356431436660991,0.9453338633868853,0.7132544343835135
synthetic_m4,la_souris_truck,La Souris truck,whitevan,10,3,2|4|8,2026-07-12 21.06.04.jpg|2026-07-12 21.01.23.jpg|2026-07-12 21.01.50.jpg,1.0,0.842469334602356,0.7545000364507292,0.6356431436660991,0.9453338633868853,0.7132544343835135
synthetic_m4,la_souris_truck,La Souris truck,whitevan,10,3,2|4|9,2026-07-12 21.06.04.jpg|2026-07-12 21.01.23.jpg|2026-07-12 21.01.51.jpg,1.0,0.842469334602356,0.7545000364507292,0.6356431436660991,0.9453338633868853,0.7132544343835135
synthetic_m4,la_souris_truck,La Souris truck,whitevan,10,3,2|4|10,2026-07-12 21.06.04.jpg|2026-07-12 21.01.23.jpg|2026-07-12 21.05.27.jpg,1.0,0.9713618159294128,0.8705844766688557,0.8456525181770173,0.9984344611172458,0.8692215428199084
synthetic_m4,la_souris_truck,La Souris truck,whitevan,10,3,2|5|6,2026-07-12 21.06.04.jpg|2026-07-12 21.01.30.jpg|2026-07-12 21.01.33.jpg,1.0,0.842469334602356,0.7545000364507292,0.6356431436660991,0.842469334602356,0.6356431436660991
synthetic_m4,la_souris_truck,La Souris truck,whitevan,10,3,2|5|7,2026-07-12 21.06.04.jpg|2026-07-12 21.01.30.jpg|2026-07-12 21.01.49.jpg,1.0,0.842469334602356,0.7545000364507292,0.6356431436660991,0.842469334602356,0.6356431436660991
synthetic_m4,la_souris_truck,La Souris truck,whitevan,10,3,2|5|8,2026-07-12 21.06.04.jpg|2026-07-12 21.01.30.jpg|2026-07-12 21.01.50.jpg,1.0,0.842469334602356,0.7545000364507292,0.6356431436660991,0.842469334602356,0.6356431436660991
synthetic_m4,la_souris_truck,La Souris truck,whitevan,10,3,2|5|9,2026-07-12 21.06.04.jpg|2026-07-12 21.01.30.jpg|2026-07-12 21.01.51.jpg,1.0,0.842469334602356,0.7545000364507292,0.6356431436660991,0.842469334602356,0.6356431436660991
synthetic_m4,la_souris_truck,La Souris truck,whitevan,10,3,2|5|10,2026-07-12 21.06.04.jpg|2026-07-12 21.01.30.jpg|2026-07-12 21.05.27.jpg,1.0,0.9713618159294128,0.8705844766688557,0.8456525181770173,0.9954886078075802,0.86665692865797
synthetic_m4,la_souris_truck,La Souris truck,whitevan,10,3,2|6|7,2026-07-12 21.06.04.jpg|2026-07-12 21.01.33.jpg|2026-07-12 21.01.49.jpg,1.0,0.842469334602356,0.7545000364507292,0.6356431436660991,0.842469334602356,0.6356431436660991
synthetic_m4,la_souris_truck,La Souris truck,whitevan,10,3,2|6|8,2026-07-12 21.06.04.jpg|2026-07-12 21.01.33.jpg|2026-07-12 21.01.50.jpg,1.0,0.842469334602356,0.7545000364507292,0.6356431436660991,0.842469334602356,0.6356431436660991
synthetic_m4,la_souris_truck,La Souris truck,whitevan,10,3,2|6|9,2026-07-12 21.06.04.jpg|2026-07-12 21.01.33.jpg|2026-07-12 21.01.51.jpg,1.0,0.842469334602356,0.7545000364507292,0.6356431436660991,0.842469334602356,0.6356431436660991
synthetic_m4,la_souris_truck,La Souris truck,whitevan,10,3,2|6|10,2026-07-12 21.06.04.jpg|2026-07-12 21.01.33.jpg|2026-07-12 21.05.27.jpg,1.0,0.9713618159294128,0.8705844766688557,0.8456525181770173,0.9954886078075802,0.86665692865797
synthetic_m4,la_souris_truck,La Souris truck,whitevan,10,3,2|7|8,2026-07-12 21.06.04.jpg|2026-07-12 21.01.49.jpg|2026-07-12 21.01.50.jpg,1.0,0.842469334602356,0.7545000364507292,0.6356431436660991,0.842469334602356,0.6356431436660991
synthetic_m4,la_souris_truck,La Souris truck,whitevan,10,3,2|7|9,2026-07-12 21.06.04.jpg|2026-07-12 21.01.49.jpg|2026-07-12 21.01.51.jpg,1.0,0.842469334602356,0.7545000364507292,0.6356431436660991,0.842469334602356,0.6356431436660991
synthetic_m4,la_souris_truck,La Souris truck,whitevan,10,3,2|7|10,2026-07-12 21.06.04.jpg|2026-07-12 21.01.49.jpg|2026-07-12 21.05.27.jpg,1.0,0.9713618159294128,0.8705844766688557,0.8456525181770173,0.9954886078075802,0.86665692865797
synthetic_m4,la_souris_truck,La Souris truck,whitevan,10,3,2|8|9,2026-07-12 21.06.04.jpg|2026-07-12 21.01.50.jpg|2026-07-12 21.01.51.jpg,1.0,0.842469334602356,0.7545000364507292,0.6356431436660991,0.842469334602356,0.6356431436660991
synthetic_m4,la_souris_truck,La Souris truck,whitevan,10,3,2|8|10,2026-07-12 21.06.04.jpg|2026-07-12 21.01.50.jpg|2026-07-12 21.05.27.jpg,1.0,0.9713618159294128,0.8705844766688557,0.8456525181770173,0.9954886078075802,0.86665692865797
synthetic_m4,la_souris_truck,La Souris truck,whitevan,10,3,2|9|10,2026-07-12 21.06.04.jpg|2026-07-12 21.01.51.jpg|2026-07-12 21.05.27.jpg,1.0,0.9713618159294128,0.8705844766688557,0.8456525181770173,0.9954886078075802,0.86665692865797
synthetic_m4,la_souris_truck,La Souris truck,whitevan,10,3,3|4|5,2026-07-12 21.01.06.jpg|2026-07-12 21.01.23.jpg|2026-07-12 21.01.30.jpg,1.0,0.6529809832572937,0.6705986385112553,0.43788815834608197,0.6529809832572937,0.43788815834608197
synthetic_m4,la_souris_truck,La Souris truck,whitevan,10,3,3|4|6,2026-07-12 21.01.06.jpg|2026-07-12 21.01.23.jpg|2026-07-12 21.01.33.jpg,1.0,0.6529809832572937,0.6705986385112553,0.43788815834608197,0.6529809832572937,0.43788815834608197
synthetic_m4,la_souris_truck,La Souris truck,whitevan,10,3,3|4|7,2026-07-12 21.01.06.jpg|2026-07-12 21.01.23.jpg|2026-07-12 21.01.49.jpg,1.0,0.6529809832572937,0.6705986385112553,0.43788815834608197,0.6529809832572937,0.43788815834608197
synthetic_m4,la_souris_truck,La Souris truck,whitevan,10,3,3|4|8,2026-07-12 21.01.06.jpg|2026-07-12 21.01.23.jpg|2026-07-12 21.01.50.jpg,1.0,0.6529809832572937,0.6705986385112553,0.43788815834608197,0.6529809832572937,0.43788815834608197
synthetic_m4,la_souris_truck,La Souris truck,whitevan,10,3,3|4|9,2026-07-12 21.01.06.jpg|2026-07-12 21.01.23.jpg|2026-07-12 21.01.51.jpg,1.0,0.6529809832572937,0.6705986385112553,0.43788815834608197,0.6529809832572937,0.43788815834608197
synthetic_m4,la_souris_truck,La Souris truck,whitevan,10,3,3|4|10,2026-07-12 21.01.06.jpg|2026-07-12 21.01.23.jpg|2026-07-12 21.05.27.jpg,1.0,0.9713618159294128,0.8705844766688557,0.8456525181770173,0.9900620055225282,0.861932612947548
synthetic_m4,la_souris_truck,La Souris truck,whitevan,10,3,3|5|6,2026-07-12 21.01.06.jpg|2026-07-12 21.01.30.jpg|2026-07-12 21.01.33.jpg,0.0,0.0,0.0,0.0,0.0,0.0
synthetic_m4,la_souris_truck,La Souris truck,whitevan,10,3,3|5|7,2026-07-12 21.01.06.jpg|2026-07-12 21.01.30.jpg|2026-07-12 21.01.49.jpg,0.0,0.0,0.0,0.0,0.0,0.0
synthetic_m4,la_souris_truck,La Souris truck,whitevan,10,3,3|5|8,2026-07-12 21.01.06.jpg|2026-07-12 21.01.30.jpg|2026-07-12 21.01.50.jpg,0.0,0.0,0.0,0.0,0.0,0.0
synthetic_m4,la_souris_truck,La Souris truck,whitevan,10,3,3|5|9,2026-07-12 21.01.06.jpg|2026-07-12 21.01.30.jpg|2026-07-12 21.01.51.jpg,0.0,0.0,0.0,0.0,0.0,0.0
synthetic_m4,la_souris_truck,La Souris truck,whitevan,10,3,3|5|10,2026-07-12 21.01.06.jpg|2026-07-12 21.01.30.jpg|2026-07-12 21.05.27.jpg,1.0,0.9713618159294128,0.8705844766688557,0.8456525181770173,0.9713618159294128,0.8456525181770173
synthetic_m4,la_souris_truck,La Souris truck,whitevan,10,3,3|6|7,2026-07-12 21.01.06.jpg|2026-07-12 21.01.33.jpg|2026-07-12 21.01.49.jpg,0.0,0.0,0.0,0.0,0.0,0.0
synthetic_m4,la_souris_truck,La Souris truck,whitevan,10,3,3|6|8,2026-07-12 21.01.06.jpg|2026-07-12 21.01.33.jpg|2026-07-12 21.01.50.jpg,0.0,0.0,0.0,0.0,0.0,0.0
synthetic_m4,la_souris_truck,La Souris truck,whitevan,10,3,3|6|9,2026-07-12 21.01.06.jpg|2026-07-12 21.01.33.jpg|2026-07-12 21.01.51.jpg,0.0,0.0,0.0,0.0,0.0,0.0
synthetic_m4,la_souris_truck,La Souris truck,whitevan,10,3,3|6|10,2026-07-12 21.01.06.jpg|2026-07-12 21.01.33.jpg|2026-07-12 21.05.27.jpg,1.0,0.9713618159294128,0.8705844766688557,0.8456525181770173,0.9713618159294128,0.8456525181770173
synthetic_m4,la_souris_truck,La Souris truck,whitevan,10,3,3|7|8,2026-07-12 21.01.06.jpg|2026-07-12 21.01.49.jpg|2026-07-12 21.01.50.jpg,0.0,0.0,0.0,0.0,0.0,0.0
synthetic_m4,la_souris_truck,La Souris truck,whitevan,10,3,3|7|9,2026-07-12 21.01.06.jpg|2026-07-12 21.01.49.jpg|2026-07-12 21.01.51.jpg,0.0,0.0,0.0,0.0,0.0,0.0
synthetic_m4,la_souris_truck,La Souris truck,whitevan,10,3,3|7|10,2026-07-12 21.01.06.jpg|2026-07-12 21.01.49.jpg|2026-07-12 21.05.27.jpg,1.0,0.9713618159294128,0.8705844766688557,0.8456525181770173,0.9713618159294128,0.8456525181770173
synthetic_m4,la_souris_truck,La Souris truck,whitevan,10,3,3|8|9,2026-07-12 21.01.06.jpg|2026-07-12 21.01.50.jpg|2026-07-12 21.01.51.jpg,0.0,0.0,0.0,0.0,0.0,0.0
synthetic_m4,la_souris_truck,La Souris truck,whitevan,10,3,3|8|10,2026-07-12 21.01.06.jpg|2026-07-12 21.01.50.jpg|2026-07-12 21.05.27.jpg,1.0,0.9713618159294128,0.8705844766688557,0.8456525181770173,0.9713618159294128,0.8456525181770173
synthetic_m4,la_souris_truck,La Souris truck,whitevan,10,3,3|9|10,2026-07-12 21.01.06.jpg|2026-07-12 21.01.51.jpg|2026-07-12 21.05.27.jpg,1.0,0.9713618159294128,0.8705844766688557,0.8456525181770173,0.9713618159294128,0.8456525181770173
synthetic_m4,la_souris_truck,La Souris truck,whitevan,10,3,4|5|6,2026-07-12 21.01.23.jpg|2026-07-12 21.01.30.jpg|2026-07-12 21.01.33.jpg,1.0,0.6529809832572937,0.6705986385112553,0.43788815834608197,0.6529809832572937,0.43788815834608197
synthetic_m4,la_souris_truck,La Souris truck,whitevan,10,3,4|5|7,2026-07-12 21.01.23.jpg|2026-07-12 21.01.30.jpg|2026-07-12 21.01.49.jpg,1.0,0.6529809832572937,0.6705986385112553,0.43788815834608197,0.6529809832572937,0.43788815834608197
synthetic_m4,la_souris_truck,La Souris truck,whitevan,10,3,4|5|8,2026-07-12 21.01.23.jpg|2026-07-12 21.01.30.jpg|2026-07-12 21.01.50.jpg,1.0,0.6529809832572937,0.6705986385112553,0.43788815834608197,0.6529809832572937,0.43788815834608197
synthetic_m4,la_souris_truck,La Souris truck,whitevan,10,3,4|5|9,2026-07-12 21.01.23.jpg|2026-07-12 21.01.30.jpg|2026-07-12 21.01.51.jpg,1.0,0.6529809832572937,0.6705986385112553,0.43788815834608197,0.6529809832572937,0.43788815834608197
synthetic_m4,la_souris_truck,La Souris truck,whitevan,10,3,4|5|10,2026-07-12 21.01.23.jpg|2026-07-12 21.01.30.jpg|2026-07-12 21.05.27.jpg,1.0,0.9713618159294128,0.8705844766688557,0.8456525181770173,0.9900620055225282,0.861932612947548
synthetic_m4,la_souris_truck,La Souris truck,whitevan,10,3,4|6|7,2026-07-12 21.01.23.jpg|2026-07-12 21.01.33.jpg|2026-07-12 21.01.49.jpg,1.0,0.6529809832572937,0.6705986385112553,0.43788815834608197,0.6529809832572937,0.43788815834608197
synthetic_m4,la_souris_truck,La Souris truck,whitevan,10,3,4|6|8,2026-07-12 21.01.23.jpg|2026-07-12 21.01.33.jpg|2026-07-12 21.01.50.jpg,1.0,0.6529809832572937,0.6705986385112553,0.43788815834608197,0.6529809832572937,0.43788815834608197
synthetic_m4,la_souris_truck,La Souris truck,whitevan,10,3,4|6|9,2026-07-12 21.01.23.jpg|2026-07-12 21.01.33.jpg|2026-07-12 21.01.51.jpg,1.0,0.6529809832572937,0.6705986385112553,0.43788815834608197,0.6529809832572937,0.43788815834608197
synthetic_m4,la_souris_truck,La Souris truck,whitevan,10,3,4|6|10,2026-07-12 21.01.23.jpg|2026-07-12 21.01.33.jpg|2026-07-12 21.05.27.jpg,1.0,0.9713618159294128,0.8705844766688557,0.8456525181770173,0.9900620055225282,0.861932612947548
synthetic_m4,la_souris_truck,La Souris truck,whitevan,10,3,4|7|8,2026-07-12 21.01.23.jpg|2026-07-12 21.01.49.jpg|2026-07-12 21.01.50.jpg,1.0,0.6529809832572937,0.6705986385112553,0.43788815834608197,0.6529809832572937,0.43788815834608197
synthetic_m4,la_souris_truck,La Souris truck,whitevan,10,3,4|7|9,2026-07-12 21.01.23.jpg|2026-07-12 21.01.49.jpg|2026-07-12 21.01.51.jpg,1.0,0.6529809832572937,0.6705986385112553,0.43788815834608197,0.6529809832572937,0.43788815834608197
synthetic_m4,la_souris_truck,La Souris truck,whitevan,10,3,4|7|10,2026-07-12 21.01.23.jpg|2026-07-12 21.01.49.jpg|2026-07-12 21.05.27.jpg,1.0,0.9713618159294128,0.8705844766688557,0.8456525181770173,0.9900620055225282,0.861932612947548
synthetic_m4,la_souris_truck,La Souris truck,whitevan,10,3,4|8|9,2026-07-12 21.01.23.jpg|2026-07-12 21.01.50.jpg|2026-07-12 21.01.51.jpg,1.0,0.6529809832572937,0.6705986385112553,0.43788815834608197,0.6529809832572937,0.43788815834608197
synthetic_m4,la_souris_truck,La Souris truck,whitevan,10,3,4|8|10,2026-07-12 21.01.23.jpg|2026-07-12 21.01.50.jpg|2026-07-12 21.05.27.jpg,1.0,0.9713618159294128,0.8705844766688557,0.8456525181770173,0.9900620055225282,0.861932612947548
synthetic_m4,la_souris_truck,La Souris truck,whitevan,10,3,4|9|10,2026-07-12 21.01.23.jpg|2026-07-12 21.01.51.jpg|2026-07-12 21.05.27.jpg,1.0,0.9713618159294128,0.8705844766688557,0.8456525181770173,0.9900620055225282,0.861932612947548
synthetic_m4,la_souris_truck,La Souris truck,whitevan,10,3,5|6|7,2026-07-12 21.01.30.jpg|2026-07-12 21.01.33.jpg|2026-07-12 21.01.49.jpg,0.0,0.0,0.0,0.0,0.0,0.0
synthetic_m4,la_souris_truck,La Souris truck,whitevan,10,3,5|6|8,2026-07-12 21.01.30.jpg|2026-07-12 21.01.33.jpg|2026-07-12 21.01.50.jpg,0.0,0.0,0.0,0.0,0.0,0.0
synthetic_m4,la_souris_truck,La Souris truck,whitevan,10,3,5|6|9,2026-07-12 21.01.30.jpg|2026-07-12 21.01.33.jpg|2026-07-12 21.01.51.jpg,0.0,0.0,0.0,0.0,0.0,0.0
synthetic_m4,la_souris_truck,La Souris truck,whitevan,10,3,5|6|10,2026-07-12 21.01.30.jpg|2026-07-12 21.01.33.jpg|2026-07-12 21.05.27.jpg,1.0,0.9713618159294128,0.8705844766688557,0.8456525181770173,0.9713618159294128,0.8456525181770173
synthetic_m4,la_souris_truck,La Souris truck,whitevan,10,3,5|7|8,2026-07-12 21.01.30.jpg|2026-07-12 21.01.49.jpg|2026-07-12 21.01.50.jpg,0.0,0.0,0.0,0.0,0.0,0.0
synthetic_m4,la_souris_truck,La Souris truck,whitevan,10,3,5|7|9,2026-07-12 21.01.30.jpg|2026-07-12 21.01.49.jpg|2026-07-12 21.01.51.jpg,0.0,0.0,0.0,0.0,0.0,0.0
synthetic_m4,la_souris_truck,La Souris truck,whitevan,10,3,5|7|10,2026-07-12 21.01.30.jpg|2026-07-12 21.01.49.jpg|2026-07-12 21.05.27.jpg,1.0,0.9713618159294128,0.8705844766688557,0.8456525181770173,0.9713618159294128,0.8456525181770173
synthetic_m4,la_souris_truck,La Souris truck,whitevan,10,3,5|8|9,2026-07-12 21.01.30.jpg|2026-07-12 21.01.50.jpg|2026-07-12 21.01.51.jpg,0.0,0.0,0.0,0.0,0.0,0.0
synthetic_m4,la_souris_truck,La Souris truck,whitevan,10,3,5|8|10,2026-07-12 21.01.30.jpg|2026-07-12 21.01.50.jpg|2026-07-12 21.05.27.jpg,1.0,0.9713618159294128,0.8705844766688557,0.8456525181770173,0.9713618159294128,0.8456525181770173
synthetic_m4,la_souris_truck,La Souris truck,whitevan,10,3,5|9|10,2026-07-12 21.01.30.jpg|2026-07-12 21.01.51.jpg|2026-07-12 21.05.27.jpg,1.0,0.9713618159294128,0.8705844766688557,0.8456525181770173,0.9713618159294128,0.8456525181770173
synthetic_m4,la_souris_truck,La Souris truck,whitevan,10,3,6|7|8,2026-07-12 21.01.33.jpg|2026-07-12 21.01.49.jpg|2026-07-12 21.01.50.jpg,0.0,0.0,0.0,0.0,0.0,0.0
synthetic_m4,la_souris_truck,La Souris truck,whitevan,10,3,6|7|9,2026-07-12 21.01.33.jpg|2026-07-12 21.01.49.jpg|2026-07-12 21.01.51.jpg,0.0,0.0,0.0,0.0,0.0,0.0
synthetic_m4,la_souris_truck,La Souris truck,whitevan,10,3,6|7|10,2026-07-12 21.01.33.jpg|2026-07-12 21.01.49.jpg|2026-07-12 21.05.27.jpg,1.0,0.9713618159294128,0.8705844766688557,0.8456525181770173,0.9713618159294128,0.8456525181770173
synthetic_m4,la_souris_truck,La Souris truck,whitevan,10,3,6|8|9,2026-07-12 21.01.33.jpg|2026-07-12 21.01.50.jpg|2026-07-12 21.01.51.jpg,0.0,0.0,0.0,0.0,0.0,0.0
synthetic_m4,la_souris_truck,La Souris truck,whitevan,10,3,6|8|10,2026-07-12 21.01.33.jpg|2026-07-12 21.01.50.jpg|2026-07-12 21.05.27.jpg,1.0,0.9713618159294128,0.8705844766688557,0.8456525181770173,0.9713618159294128,0.8456525181770173
synthetic_m4,la_souris_truck,La Souris truck,whitevan,10,3,6|9|10,2026-07-12 21.01.33.jpg|2026-07-12 21.01.51.jpg|2026-07-12 21.05.27.jpg,1.0,0.9713618159294128,0.8705844766688557,0.8456525181770173,0.9713618159294128,0.8456525181770173
synthetic_m4,la_souris_truck,La Souris truck,whitevan,10,3,7|8|9,2026-07-12 21.01.49.jpg|2026-07-12 21.01.50.jpg|2026-07-12 21.01.51.jpg,0.0,0.0,0.0,0.0,0.0,0.0
synthetic_m4,la_souris_truck,La Souris truck,whitevan,10,3,7|8|10,2026-07-12 21.01.49.jpg|2026-07-12 21.01.50.jpg|2026-07-12 21.05.27.jpg,1.0,0.9713618159294128,0.8705844766688557,0.8456525181770173,0.9713618159294128,0.8456525181770173
synthetic_m4,la_souris_truck,La Souris truck,whitevan,10,3,7|9|10,2026-07-12 21.01.49.jpg|2026-07-12 21.01.51.jpg|2026-07-12 21.05.27.jpg,1.0,0.9713618159294128,0.8705844766688557,0.8456525181770173,0.9713618159294128,0.8456525181770173
synthetic_m4,la_souris_truck,La Souris truck,whitevan,10,3,8|9|10,2026-07-12 21.01.50.jpg|2026-07-12 21.01.51.jpg|2026-07-12 21.05.27.jpg,1.0,0.9713618159294128,0.8705844766688557,0.8456525181770173,0.9713618159294128,0.8456525181770173
synthetic_m4,m_truck,M truck,whitevan,5,1,1,2026-07-12 21.22.14.jpg,0.0,0.0,0.0,0.0,0.0,0.0
synthetic_m4,m_truck,M truck,whitevan,5,1,2,2026-07-12 21.21.43.jpg,0.0,0.0,0.0,0.0,0.0,0.0
synthetic_m4,m_truck,M truck,whitevan,5,1,3,2026-07-12 21.21.46.jpg,0.0,0.0,0.0,0.0,0.0,0.0
synthetic_m4,m_truck,M truck,whitevan,5,1,4,2026-07-12 21.21.47.jpg,0.0,0.0,0.0,0.0,0.0,0.0
synthetic_m4,m_truck,M truck,whitevan,5,1,5,2026-07-12 21.22.11.jpg,0.0,0.0,0.0,0.0,0.0,0.0
synthetic_m4,m_truck,M truck,whitevan,5,2,1|2,2026-07-12 21.22.14.jpg|2026-07-12 21.21.43.jpg,0.0,0.0,0.0,0.0,0.0,0.0
synthetic_m4,m_truck,M truck,whitevan,5,2,1|3,2026-07-12 21.22.14.jpg|2026-07-12 21.21.46.jpg,0.0,0.0,0.0,0.0,0.0,0.0
synthetic_m4,m_truck,M truck,whitevan,5,2,1|4,2026-07-12 21.22.14.jpg|2026-07-12 21.21.47.jpg,0.0,0.0,0.0,0.0,0.0,0.0
synthetic_m4,m_truck,M truck,whitevan,5,2,1|5,2026-07-12 21.22.14.jpg|2026-07-12 21.22.11.jpg,0.0,0.0,0.0,0.0,0.0,0.0
synthetic_m4,m_truck,M truck,whitevan,5,2,2|3,2026-07-12 21.21.43.jpg|2026-07-12 21.21.46.jpg,0.0,0.0,0.0,0.0,0.0,0.0
synthetic_m4,m_truck,M truck,whitevan,5,2,2|4,2026-07-12 21.21.43.jpg|2026-07-12 21.21.47.jpg,0.0,0.0,0.0,0.0,0.0,0.0
synthetic_m4,m_truck,M truck,whitevan,5,2,2|5,2026-07-12 21.21.43.jpg|2026-07-12 21.22.11.jpg,0.0,0.0,0.0,0.0,0.0,0.0
synthetic_m4,m_truck,M truck,whitevan,5,2,3|4,2026-07-12 21.21.46.jpg|2026-07-12 21.21.47.jpg,0.0,0.0,0.0,0.0,0.0,0.0
synthetic_m4,m_truck,M truck,whitevan,5,2,3|5,2026-07-12 21.21.46.jpg|2026-07-12 21.22.11.jpg,0.0,0.0,0.0,0.0,0.0,0.0
synthetic_m4,m_truck,M truck,whitevan,5,2,4|5,2026-07-12 21.21.47.jpg|2026-07-12 21.22.11.jpg,0.0,0.0,0.0,0.0,0.0,0.0
synthetic_m4,m_truck,M truck,whitevan,5,3,1|2|3,2026-07-12 21.22.14.jpg|2026-07-12 21.21.43.jpg|2026-07-12 21.21.46.jpg,0.0,0.0,0.0,0.0,0.0,0.0
synthetic_m4,m_truck,M truck,whitevan,5,3,1|2|4,2026-07-12 21.22.14.jpg|2026-07-12 21.21.43.jpg|2026-07-12 21.21.47.jpg,0.0,0.0,0.0,0.0,0.0,0.0
synthetic_m4,m_truck,M truck,whitevan,5,3,1|2|5,2026-07-12 21.22.14.jpg|2026-07-12 21.21.43.jpg|2026-07-12 21.22.11.jpg,0.0,0.0,0.0,0.0,0.0,0.0
synthetic_m4,m_truck,M truck,whitevan,5,3,1|3|4,2026-07-12 21.22.14.jpg|2026-07-12 21.21.46.jpg|2026-07-12 21.21.47.jpg,0.0,0.0,0.0,0.0,0.0,0.0
synthetic_m4,m_truck,M truck,whitevan,5,3,1|3|5,2026-07-12 21.22.14.jpg|2026-07-12 21.21.46.jpg|2026-07-12 21.22.11.jpg,0.0,0.0,0.0,0.0,0.0,0.0
synthetic_m4,m_truck,M truck,whitevan,5,3,1|4|5,2026-07-12 21.22.14.jpg|2026-07-12 21.21.47.jpg|2026-07-12 21.22.11.jpg,0.0,0.0,0.0,0.0,0.0,0.0
synthetic_m4,m_truck,M truck,whitevan,5,3,2|3|4,2026-07-12 21.21.43.jpg|2026-07-12 21.21.46.jpg|2026-07-12 21.21.47.jpg,0.0,0.0,0.0,0.0,0.0,0.0
synthetic_m4,m_truck,M truck,whitevan,5,3,2|3|5,2026-07-12 21.21.43.jpg|2026-07-12 21.21.46.jpg|2026-07-12 21.22.11.jpg,0.0,0.0,0.0,0.0,0.0,0.0
synthetic_m4,m_truck,M truck,whitevan,5,3,2|4|5,2026-07-12 21.21.43.jpg|2026-07-12 21.21.47.jpg|2026-07-12 21.22.11.jpg,0.0,0.0,0.0,0.0,0.0,0.0
synthetic_m4,m_truck,M truck,whitevan,5,3,3|4|5,2026-07-12 21.21.46.jpg|2026-07-12 21.21.47.jpg|2026-07-12 21.22.11.jpg,0.0,0.0,0.0,0.0,0.0,0.0
synthetic_m4,white_truck_bottendaal,white truck Bottendaal,whitevan,7,1,1,2026-06-30 15.33.46.jpg,0.0,0.0,0.0,0.0,0.0,0.0
synthetic_m4,white_truck_bottendaal,white truck Bottendaal,whitevan,7,1,2,2026-06-30 15.33.52.jpg,0.0,0.0,0.0,0.0,0.0,0.0
synthetic_m4,white_truck_bottendaal,white truck Bottendaal,whitevan,7,1,3,2026-06-30 15.34.24.jpg,0.0,0.0,0.0,0.0,0.0,0.0
synthetic_m4,white_truck_bottendaal,white truck Bottendaal,whitevan,7,1,4,2026-06-30 15.34.33.jpg,0.0,0.0,0.0,0.0,0.0,0.0
synthetic_m4,white_truck_bottendaal,white truck Bottendaal,whitevan,7,1,5,2026-06-30 15.35.01.jpg,0.0,0.0,0.0,0.0,0.0,0.0
synthetic_m4,white_truck_bottendaal,white truck Bottendaal,whitevan,7,1,6,2026-06-30 15.33.29.jpg,0.0,0.0,0.0,0.0,0.0,0.0
synthetic_m4,white_truck_bottendaal,white truck Bottendaal,whitevan,7,1,7,2026-06-30 15.33.34.jpg,0.0,0.0,0.0,0.0,0.0,0.0
synthetic_m4,white_truck_bottendaal,white truck Bottendaal,whitevan,7,2,1|2,2026-06-30 15.33.46.jpg|2026-06-30 15.33.52.jpg,0.0,0.0,0.0,0.0,0.0,0.0
synthetic_m4,white_truck_bottendaal,white truck Bottendaal,whitevan,7,2,1|3,2026-06-30 15.33.46.jpg|2026-06-30 15.34.24.jpg,0.0,0.0,0.0,0.0,0.0,0.0
synthetic_m4,white_truck_bottendaal,white truck Bottendaal,whitevan,7,2,1|4,2026-06-30 15.33.46.jpg|2026-06-30 15.34.33.jpg,0.0,0.0,0.0,0.0,0.0,0.0
synthetic_m4,white_truck_bottendaal,white truck Bottendaal,whitevan,7,2,1|5,2026-06-30 15.33.46.jpg|2026-06-30 15.35.01.jpg,0.0,0.0,0.0,0.0,0.0,0.0
synthetic_m4,white_truck_bottendaal,white truck Bottendaal,whitevan,7,2,1|6,2026-06-30 15.33.46.jpg|2026-06-30 15.33.29.jpg,0.0,0.0,0.0,0.0,0.0,0.0
synthetic_m4,white_truck_bottendaal,white truck Bottendaal,whitevan,7,2,1|7,2026-06-30 15.33.46.jpg|2026-06-30 15.33.34.jpg,0.0,0.0,0.0,0.0,0.0,0.0
synthetic_m4,white_truck_bottendaal,white truck Bottendaal,whitevan,7,2,2|3,2026-06-30 15.33.52.jpg|2026-06-30 15.34.24.jpg,0.0,0.0,0.0,0.0,0.0,0.0
synthetic_m4,white_truck_bottendaal,white truck Bottendaal,whitevan,7,2,2|4,2026-06-30 15.33.52.jpg|2026-06-30 15.34.33.jpg,0.0,0.0,0.0,0.0,0.0,0.0
synthetic_m4,white_truck_bottendaal,white truck Bottendaal,whitevan,7,2,2|5,2026-06-30 15.33.52.jpg|2026-06-30 15.35.01.jpg,0.0,0.0,0.0,0.0,0.0,0.0
synthetic_m4,white_truck_bottendaal,white truck Bottendaal,whitevan,7,2,2|6,2026-06-30 15.33.52.jpg|2026-06-30 15.33.29.jpg,0.0,0.0,0.0,0.0,0.0,0.0
synthetic_m4,white_truck_bottendaal,white truck Bottendaal,whitevan,7,2,2|7,2026-06-30 15.33.52.jpg|2026-06-30 15.33.34.jpg,0.0,0.0,0.0,0.0,0.0,0.0
synthetic_m4,white_truck_bottendaal,white truck Bottendaal,whitevan,7,2,3|4,2026-06-30 15.34.24.jpg|2026-06-30 15.34.33.jpg,0.0,0.0,0.0,0.0,0.0,0.0
synthetic_m4,white_truck_bottendaal,white truck Bottendaal,whitevan,7,2,3|5,2026-06-30 15.34.24.jpg|2026-06-30 15.35.01.jpg,0.0,0.0,0.0,0.0,0.0,0.0
synthetic_m4,white_truck_bottendaal,white truck Bottendaal,whitevan,7,2,3|6,2026-06-30 15.34.24.jpg|2026-06-30 15.33.29.jpg,0.0,0.0,0.0,0.0,0.0,0.0
synthetic_m4,white_truck_bottendaal,white truck Bottendaal,whitevan,7,2,3|7,2026-06-30 15.34.24.jpg|2026-06-30 15.33.34.jpg,0.0,0.0,0.0,0.0,0.0,0.0
synthetic_m4,white_truck_bottendaal,white truck Bottendaal,whitevan,7,2,4|5,2026-06-30 15.34.33.jpg|2026-06-30 15.35.01.jpg,0.0,0.0,0.0,0.0,0.0,0.0
synthetic_m4,white_truck_bottendaal,white truck Bottendaal,whitevan,7,2,4|6,2026-06-30 15.34.33.jpg|2026-06-30 15.33.29.jpg,0.0,0.0,0.0,0.0,0.0,0.0
synthetic_m4,white_truck_bottendaal,white truck Bottendaal,whitevan,7,2,4|7,2026-06-30 15.34.33.jpg|2026-06-30 15.33.34.jpg,0.0,0.0,0.0,0.0,0.0,0.0
synthetic_m4,white_truck_bottendaal,white truck Bottendaal,whitevan,7,2,5|6,2026-06-30 15.35.01.jpg|2026-06-30 15.33.29.jpg,0.0,0.0,0.0,0.0,0.0,0.0
synthetic_m4,white_truck_bottendaal,white truck Bottendaal,whitevan,7,2,5|7,2026-06-30 15.35.01.jpg|2026-06-30 15.33.34.jpg,0.0,0.0,0.0,0.0,0.0,0.0
synthetic_m4,white_truck_bottendaal,white truck Bottendaal,whitevan,7,2,6|7,2026-06-30 15.33.29.jpg|2026-06-30 15.33.34.jpg,0.0,0.0,0.0,0.0,0.0,0.0
synthetic_m4,white_truck_bottendaal,white truck Bottendaal,whitevan,7,3,1|2|3,2026-06-30 15.33.46.jpg|2026-06-30 15.33.52.jpg|2026-06-30 15.34.24.jpg,0.0,0.0,0.0,0.0,0.0,0.0
synthetic_m4,white_truck_bottendaal,white truck Bottendaal,whitevan,7,3,1|2|4,2026-06-30 15.33.46.jpg|2026-06-30 15.33.52.jpg|2026-06-30 15.34.33.jpg,0.0,0.0,0.0,0.0,0.0,0.0
synthetic_m4,white_truck_bottendaal,white truck Bottendaal,whitevan,7,3,1|2|5,2026-06-30 15.33.46.jpg|2026-06-30 15.33.52.jpg|2026-06-30 15.35.01.jpg,0.0,0.0,0.0,0.0,0.0,0.0
synthetic_m4,white_truck_bottendaal,white truck Bottendaal,whitevan,7,3,1|2|6,2026-06-30 15.33.46.jpg|2026-06-30 15.33.52.jpg|2026-06-30 15.33.29.jpg,0.0,0.0,0.0,0.0,0.0,0.0
synthetic_m4,white_truck_bottendaal,white truck Bottendaal,whitevan,7,3,1|2|7,2026-06-30 15.33.46.jpg|2026-06-30 15.33.52.jpg|2026-06-30 15.33.34.jpg,0.0,0.0,0.0,0.0,0.0,0.0
synthetic_m4,white_truck_bottendaal,white truck Bottendaal,whitevan,7,3,1|3|4,2026-06-30 15.33.46.jpg|2026-06-30 15.34.24.jpg|2026-06-30 15.34.33.jpg,0.0,0.0,0.0,0.0,0.0,0.0
synthetic_m4,white_truck_bottendaal,white truck Bottendaal,whitevan,7,3,1|3|5,2026-06-30 15.33.46.jpg|2026-06-30 15.34.24.jpg|2026-06-30 15.35.01.jpg,0.0,0.0,0.0,0.0,0.0,0.0
synthetic_m4,white_truck_bottendaal,white truck Bottendaal,whitevan,7,3,1|3|6,2026-06-30 15.33.46.jpg|2026-06-30 15.34.24.jpg|2026-06-30 15.33.29.jpg,0.0,0.0,0.0,0.0,0.0,0.0
synthetic_m4,white_truck_bottendaal,white truck Bottendaal,whitevan,7,3,1|3|7,2026-06-30 15.33.46.jpg|2026-06-30 15.34.24.jpg|2026-06-30 15.33.34.jpg,0.0,0.0,0.0,0.0,0.0,0.0
synthetic_m4,white_truck_bottendaal,white truck Bottendaal,whitevan,7,3,1|4|5,2026-06-30 15.33.46.jpg|2026-06-30 15.34.33.jpg|2026-06-30 15.35.01.jpg,0.0,0.0,0.0,0.0,0.0,0.0
synthetic_m4,white_truck_bottendaal,white truck Bottendaal,whitevan,7,3,1|4|6,2026-06-30 15.33.46.jpg|2026-06-30 15.34.33.jpg|2026-06-30 15.33.29.jpg,0.0,0.0,0.0,0.0,0.0,0.0
synthetic_m4,white_truck_bottendaal,white truck Bottendaal,whitevan,7,3,1|4|7,2026-06-30 15.33.46.jpg|2026-06-30 15.34.33.jpg|2026-06-30 15.33.34.jpg,0.0,0.0,0.0,0.0,0.0,0.0
synthetic_m4,white_truck_bottendaal,white truck Bottendaal,whitevan,7,3,1|5|6,2026-06-30 15.33.46.jpg|2026-06-30 15.35.01.jpg|2026-06-30 15.33.29.jpg,0.0,0.0,0.0,0.0,0.0,0.0
synthetic_m4,white_truck_bottendaal,white truck Bottendaal,whitevan,7,3,1|5|7,2026-06-30 15.33.46.jpg|2026-06-30 15.35.01.jpg|2026-06-30 15.33.34.jpg,0.0,0.0,0.0,0.0,0.0,0.0
synthetic_m4,white_truck_bottendaal,white truck Bottendaal,whitevan,7,3,1|6|7,2026-06-30 15.33.46.jpg|2026-06-30 15.33.29.jpg|2026-06-30 15.33.34.jpg,0.0,0.0,0.0,0.0,0.0,0.0
synthetic_m4,white_truck_bottendaal,white truck Bottendaal,whitevan,7,3,2|3|4,2026-06-30 15.33.52.jpg|2026-06-30 15.34.24.jpg|2026-06-30 15.34.33.jpg,0.0,0.0,0.0,0.0,0.0,0.0
synthetic_m4,white_truck_bottendaal,white truck Bottendaal,whitevan,7,3,2|3|5,2026-06-30 15.33.52.jpg|2026-06-30 15.34.24.jpg|2026-06-30 15.35.01.jpg,0.0,0.0,0.0,0.0,0.0,0.0
synthetic_m4,white_truck_bottendaal,white truck Bottendaal,whitevan,7,3,2|3|6,2026-06-30 15.33.52.jpg|2026-06-30 15.34.24.jpg|2026-06-30 15.33.29.jpg,0.0,0.0,0.0,0.0,0.0,0.0
synthetic_m4,white_truck_bottendaal,white truck Bottendaal,whitevan,7,3,2|3|7,2026-06-30 15.33.52.jpg|2026-06-30 15.34.24.jpg|2026-06-30 15.33.34.jpg,0.0,0.0,0.0,0.0,0.0,0.0
synthetic_m4,white_truck_bottendaal,white truck Bottendaal,whitevan,7,3,2|4|5,2026-06-30 15.33.52.jpg|2026-06-30 15.34.33.jpg|2026-06-30 15.35.01.jpg,0.0,0.0,0.0,0.0,0.0,0.0
synthetic_m4,white_truck_bottendaal,white truck Bottendaal,whitevan,7,3,2|4|6,2026-06-30 15.33.52.jpg|2026-06-30 15.34.33.jpg|2026-06-30 15.33.29.jpg,0.0,0.0,0.0,0.0,0.0,0.0
synthetic_m4,white_truck_bottendaal,white truck Bottendaal,whitevan,7,3,2|4|7,2026-06-30 15.33.52.jpg|2026-06-30 15.34.33.jpg|2026-06-30 15.33.34.jpg,0.0,0.0,0.0,0.0,0.0,0.0
synthetic_m4,white_truck_bottendaal,white truck Bottendaal,whitevan,7,3,2|5|6,2026-06-30 15.33.52.jpg|2026-06-30 15.35.01.jpg|2026-06-30 15.33.29.jpg,0.0,0.0,0.0,0.0,0.0,0.0
synthetic_m4,white_truck_bottendaal,white truck Bottendaal,whitevan,7,3,2|5|7,2026-06-30 15.33.52.jpg|2026-06-30 15.35.01.jpg|2026-06-30 15.33.34.jpg,0.0,0.0,0.0,0.0,0.0,0.0
synthetic_m4,white_truck_bottendaal,white truck Bottendaal,whitevan,7,3,2|6|7,2026-06-30 15.33.52.jpg|2026-06-30 15.33.29.jpg|2026-06-30 15.33.34.jpg,0.0,0.0,0.0,0.0,0.0,0.0
synthetic_m4,white_truck_bottendaal,white truck Bottendaal,whitevan,7,3,3|4|5,2026-06-30 15.34.24.jpg|2026-06-30 15.34.33.jpg|2026-06-30 15.35.01.jpg,0.0,0.0,0.0,0.0,0.0,0.0
synthetic_m4,white_truck_bottendaal,white truck Bottendaal,whitevan,7,3,3|4|6,2026-06-30 15.34.24.jpg|2026-06-30 15.34.33.jpg|2026-06-30 15.33.29.jpg,0.0,0.0,0.0,0.0,0.0,0.0
synthetic_m4,white_truck_bottendaal,white truck Bottendaal,whitevan,7,3,3|4|7,2026-06-30 15.34.24.jpg|2026-06-30 15.34.33.jpg|2026-06-30 15.33.34.jpg,0.0,0.0,0.0,0.0,0.0,0.0
synthetic_m4,white_truck_bottendaal,white truck Bottendaal,whitevan,7,3,3|5|6,2026-06-30 15.34.24.jpg|2026-06-30 15.35.01.jpg|2026-06-30 15.33.29.jpg,0.0,0.0,0.0,0.0,0.0,0.0
synthetic_m4,white_truck_bottendaal,white truck Bottendaal,whitevan,7,3,3|5|7,2026-06-30 15.34.24.jpg|2026-06-30 15.35.01.jpg|2026-06-30 15.33.34.jpg,0.0,0.0,0.0,0.0,0.0,0.0
synthetic_m4,white_truck_bottendaal,white truck Bottendaal,whitevan,7,3,3|6|7,2026-06-30 15.34.24.jpg|2026-06-30 15.33.29.jpg|2026-06-30 15.33.34.jpg,0.0,0.0,0.0,0.0,0.0,0.0
synthetic_m4,white_truck_bottendaal,white truck Bottendaal,whitevan,7,3,4|5|6,2026-06-30 15.34.33.jpg|2026-06-30 15.35.01.jpg|2026-06-30 15.33.29.jpg,0.0,0.0,0.0,0.0,0.0,0.0
synthetic_m4,white_truck_bottendaal,white truck Bottendaal,whitevan,7,3,4|5|7,2026-06-30 15.34.33.jpg|2026-06-30 15.35.01.jpg|2026-06-30 15.33.34.jpg,0.0,0.0,0.0,0.0,0.0,0.0
synthetic_m4,white_truck_bottendaal,white truck Bottendaal,whitevan,7,3,4|6|7,2026-06-30 15.34.33.jpg|2026-06-30 15.33.29.jpg|2026-06-30 15.33.34.jpg,0.0,0.0,0.0,0.0,0.0,0.0
synthetic_m4,white_truck_bottendaal,white truck Bottendaal,whitevan,7,3,5|6|7,2026-06-30 15.35.01.jpg|2026-06-30 15.33.29.jpg|2026-06-30 15.33.34.jpg,0.0,0.0,0.0,0.0,0.0,0.0
real_uav_finetuned,parkinglot_car,car on parking lot,suv,6,1,1,2026-06-28 20.56.45.jpg,1.0,0.9446581602096558,0.8348817250337419,0.7886778343630383,0.9446581602096558,0.7886778343630383
real_uav_finetuned,parkinglot_car,car on parking lot,suv,6,1,2,2026-06-28 20.56.46.jpg,1.0,0.9206346273422241,0.8210386255364361,0.7558765890543088,0.9206346273422241,0.7558765890543088
real_uav_finetuned,parkinglot_car,car on parking lot,suv,6,1,3,2026-06-28 20.56.47.jpg,1.0,0.8750148415565491,0.8517662193944963,0.745308083506696,0.8750148415565491,0.745308083506696
real_uav_finetuned,parkinglot_car,car on parking lot,suv,6,1,4,2026-06-28 20.56.54.jpg,1.0,0.8289240002632141,0.9171699414605935,0.7602641767966931,0.8289240002632141,0.7602641767966931
real_uav_finetuned,parkinglot_car,car on parking lot,suv,6,1,5,2026-06-28 20.58.04.jpg,1.0,0.7615790963172913,0.9277470045609211,0.7065527253445801,0.7615790963172913,0.7065527253445801
real_uav_finetuned,parkinglot_car,car on parking lot,suv,6,1,6,2026-06-28 20.58.01.jpg,1.0,0.8546206951141357,0.8905698123939171,0.7610993921157548,0.8546206951141357,0.7610993921157548
real_uav_finetuned,parkinglot_car,car on parking lot,suv,6,2,1|2,2026-06-28 20.56.45.jpg|2026-06-28 20.56.46.jpg,1.0,0.9446581602096558,0.8348817250337419,0.7886778343630383,0.9956077742614724,0.8312147360324224
real_uav_finetuned,parkinglot_car,car on parking lot,suv,6,2,1|3,2026-06-28 20.56.45.jpg|2026-06-28 20.56.47.jpg,1.0,0.9446581602096558,0.8517662193944963,0.7886778343630383,0.9930830913852517,0.8458746302938149
real_uav_finetuned,parkinglot_car,car on parking lot,suv,6,2,1|4,2026-06-28 20.56.45.jpg|2026-06-28 20.56.54.jpg,1.0,0.9446581602096558,0.9171699414605935,0.7886778343630383,0.9905323394305938,0.9084864877703824
real_uav_finetuned,parkinglot_car,car on parking lot,suv,6,2,1|5,2026-06-28 20.56.45.jpg|2026-06-28 20.58.04.jpg,1.0,0.9446581602096558,0.9277470045609211,0.7886778343630383,0.9868053485457224,0.9155057061979897
real_uav_finetuned,parkinglot_car,car on parking lot,suv,6,2,1|6,2026-06-28 20.56.45.jpg|2026-06-28 20.58.01.jpg,1.0,0.9446581602096558,0.8905698123939171,0.7886778343630383,0.9919544418001749,0.8834046811372945
real_uav_finetuned,parkinglot_car,car on parking lot,suv,6,2,2|3,2026-06-28 20.56.46.jpg|2026-06-28 20.56.47.jpg,1.0,0.9206346273422241,0.8517662193944963,0.7558765890543088,0.9900805063234444,0.8433171297673089
real_uav_finetuned,parkinglot_car,car on parking lot,suv,6,2,2|4,2026-06-28 20.56.46.jpg|2026-06-28 20.56.54.jpg,1.0,0.9206346273422241,0.9171699414605935,0.7602641767966931,0.9864224895280884,0.9047170569758898
real_uav_finetuned,parkinglot_car,car on parking lot,suv,6,2,2|5,2026-06-28 20.56.46.jpg|2026-06-28 20.58.04.jpg,1.0,0.9206346273422241,0.9277470045609211,0.7558765890543088,0.9810776361298181,0.910191838161148
real_uav_finetuned,parkinglot_car,car on parking lot,suv,6,2,2|6,2026-06-28 20.56.46.jpg|2026-06-28 20.58.01.jpg,1.0,0.9206346273422241,0.8905698123939171,0.7610993921157548,0.988461917291005,0.8802943442403819
real_uav_finetuned,parkinglot_car,car on parking lot,suv,6,2,3|4,2026-06-28 20.56.47.jpg|2026-06-28 20.56.54.jpg,1.0,0.8750148415565491,0.9171699414605935,0.7602641767966931,0.978618039067026,0.8975590496033851
real_uav_finetuned,parkinglot_car,car on parking lot,suv,6,2,3|5,2026-06-28 20.56.47.jpg|2026-06-28 20.58.04.jpg,1.0,0.8750148415565491,0.9277470045609211,0.745308083506696,0.9702009255769859,0.9001010025262818
real_uav_finetuned,parkinglot_car,car on parking lot,suv,6,2,3|6,2026-06-28 20.56.47.jpg|2026-06-28 20.58.01.jpg,1.0,0.8750148415565491,0.8905698123939171,0.7610993921157548,0.9818297445444415,0.8743879314017108
real_uav_finetuned,parkinglot_car,car on parking lot,suv,6,2,4|5,2026-06-28 20.56.54.jpg|2026-06-28 20.58.04.jpg,1.0,0.8289240002632141,0.9277470045609211,0.7602641767966931,0.9592119055443327,0.8899059721079278
real_uav_finetuned,parkinglot_car,car on parking lot,suv,6,2,4|6,2026-06-28 20.56.54.jpg|2026-06-28 20.58.01.jpg,1.0,0.8546206951141357,0.9171699414605935,0.7610993921157548,0.9751290900756118,0.8943590904611707
real_uav_finetuned,parkinglot_car,car on parking lot,suv,6,2,5|6,2026-06-28 20.58.04.jpg|2026-06-28 20.58.01.jpg,1.0,0.8546206951141357,0.9277470045609211,0.7610993921157548,0.9653385347523482,0.8955899340037197
real_uav_finetuned,parkinglot_car,car on parking lot,suv,6,3,1|2|3,2026-06-28 20.56.45.jpg|2026-06-28 20.56.46.jpg|2026-06-28 20.56.47.jpg,1.0,0.9446581602096558,0.8517662193944963,0.7886778343630383,0.9994510369701507,0.8512986312299742
real_uav_finetuned,parkinglot_car,car on parking lot,suv,6,3,1|2|4,2026-06-28 20.56.45.jpg|2026-06-28 20.56.46.jpg|2026-06-28 20.56.54.jpg,1.0,0.9446581602096558,0.9171699414605935,0.7886778343630383,0.9992485955907118,0.9164807759225134
real_uav_finetuned,parkinglot_car,car on parking lot,suv,6,3,1|2|5,2026-06-28 20.56.45.jpg|2026-06-28 20.56.46.jpg|2026-06-28 20.58.04.jpg,1.0,0.9446581602096558,0.9277470045609211,0.7886778343630383,0.9989528015702418,0.926775469354532
real_uav_finetuned,parkinglot_car,car on parking lot,suv,6,3,1|2|6,2026-06-28 20.56.45.jpg|2026-06-28 20.56.46.jpg|2026-06-28 20.58.01.jpg,1.0,0.9446581602096558,0.8905698123939171,0.7886778343630383,0.9993614612752311,0.8900011490815933
real_uav_finetuned,parkinglot_car,car on parking lot,suv,6,3,1|3|4,2026-06-28 20.56.45.jpg|2026-06-28 20.56.47.jpg|2026-06-28 20.56.54.jpg,1.0,0.9446581602096558,0.9171699414605935,0.7886778343630383,0.998816682943644,0.9160846386252861
real_uav_finetuned,parkinglot_car,car on parking lot,suv,6,3,1|3|5,2026-06-28 20.56.45.jpg|2026-06-28 20.56.47.jpg|2026-06-28 20.58.04.jpg,1.0,0.9446581602096558,0.9277470045609211,0.7886778343630383,0.998350864397381,0.9262170239454764
real_uav_finetuned,parkinglot_car,car on parking lot,suv,6,3,1|3|6,2026-06-28 20.56.45.jpg|2026-06-28 20.56.47.jpg|2026-06-28 20.58.01.jpg,1.0,0.9446581602096558,0.8905698123939171,0.7886778343630383,0.9989944246336289,0.88967427732854
real_uav_finetuned,parkinglot_car,car on parking lot,suv,6,3,1|4|5,2026-06-28 20.56.45.jpg|2026-06-28 20.56.54.jpg|2026-06-28 20.58.04.jpg,1.0,0.9446581602096558,0.9277470045609211,0.7886778343630383,0.997742711811281,0.9256528122054063
real_uav_finetuned,parkinglot_car,car on parking lot,suv,6,3,1|4|6,2026-06-28 20.56.45.jpg|2026-06-28 20.56.54.jpg|2026-06-28 20.58.01.jpg,1.0,0.9446581602096558,0.9171699414605935,0.7886778343630383,0.9986235980875244,0.915907546999102
real_uav_finetuned,parkinglot_car,car on parking lot,suv,6,3,1|5|6,2026-06-28 20.56.45.jpg|2026-06-28 20.58.04.jpg|2026-06-28 20.58.01.jpg,1.0,0.9446581602096558,0.9277470045609211,0.7886778343630383,0.9980817707433659,0.9259673731140177
real_uav_finetuned,parkinglot_car,car on parking lot,suv,6,3,2|3|4,2026-06-28 20.56.46.jpg|2026-06-28 20.56.47.jpg|2026-06-28 20.56.54.jpg,1.0,0.9206346273422241,0.9171699414605935,0.7602641767966931,0.9983030127024005,0.9156135157201948
real_uav_finetuned,parkinglot_car,car on parking lot,suv,6,3,2|3|5,2026-06-28 20.56.46.jpg|2026-06-28 20.56.47.jpg|2026-06-28 20.58.04.jpg,1.0,0.9206346273422241,0.9277470045609211,0.7558765890543088,0.9976349853535607,0.9255528693069442
real_uav_finetuned,parkinglot_car,car on parking lot,suv,6,3,2|3|6,2026-06-28 20.56.46.jpg|2026-06-28 20.56.47.jpg|2026-06-28 20.58.01.jpg,1.0,0.9206346273422241,0.8905698123939171,0.7610993921157548,0.9985579109044826,0.8892855313786668
real_uav_finetuned,parkinglot_car,car on parking lot,suv,6,3,2|4|5,2026-06-28 20.56.46.jpg|2026-06-28 20.56.54.jpg|2026-06-28 20.58.04.jpg,1.0,0.9206346273422241,0.9277470045609211,0.7602641767966931,0.9967628376835254,0.9247437369185343
real_uav_finetuned,parkinglot_car,car on parking lot,suv,6,3,2|4|6,2026-06-28 20.56.46.jpg|2026-06-28 20.56.54.jpg|2026-06-28 20.58.01.jpg,1.0,0.9206346273422241,0.9171699414605935,0.7610993921157548,0.998026110965513,0.9153595497703834
real_uav_finetuned,parkinglot_car,car on parking lot,suv,6,3,2|5|6,2026-06-28 20.56.46.jpg|2026-06-28 20.58.04.jpg|2026-06-28 20.58.01.jpg,1.0,0.9206346273422241,0.9277470045609211,0.7610993921157548,0.9972490798937556,0.9251948466725664
real_uav_finetuned,parkinglot_car,car on parking lot,suv,6,3,3|4|5,2026-06-28 20.56.47.jpg|2026-06-28 20.56.54.jpg|2026-06-28 20.58.04.jpg,1.0,0.8750148415565491,0.9277470045609211,0.7602641767966931,0.994902093551852,0.92301743712412
real_uav_finetuned,parkinglot_car,car on parking lot,suv,6,3,3|4|6,2026-06-28 20.56.47.jpg|2026-06-28 20.56.54.jpg|2026-06-28 20.58.01.jpg,1.0,0.8750148415565491,0.9171699414605935,0.7610993921157548,0.9968915053824675,0.9143189236342006
real_uav_finetuned,parkinglot_car,car on parking lot,suv,6,3,3|5|6,2026-06-28 20.56.47.jpg|2026-06-28 20.58.04.jpg|2026-06-28 20.58.01.jpg,1.0,0.8750148415565491,0.9277470045609211,0.7610993921157548,0.99566783127414,0.923727848002252
real_uav_finetuned,parkinglot_car,car on parking lot,suv,6,3,4|5|6,2026-06-28 20.56.54.jpg|2026-06-28 20.58.04.jpg|2026-06-28 20.58.01.jpg,1.0,0.8546206951141357,0.9277470045609211,0.7610993921157548,0.9940702551804161,0.9222457015667415
real_uav_finetuned,ooij_tower,tower in the Ooij,tower,7,1,1,2026-06-29 17.37.15.jpg,1.0,0.5793657302856445,0.8719968629325333,0.5052050992996983,0.5793657302856445,0.5052050992996983
real_uav_finetuned,ooij_tower,tower in the Ooij,tower,7,1,3,2026-06-29 17.36.06.jpg,1.0,0.26021960377693176,0.9456316449609725,0.24607189197067247,0.26021960377693176,0.24607189197067247
real_uav_finetuned,ooij_tower,tower in the Ooij,tower,7,1,4,2026-06-29 17.36.07.jpg,1.0,0.4366883337497711,0.8614550739555978,0.3761873808459559,0.4366883337497711,0.3761873808459559
real_uav_finetuned,ooij_tower,tower in the Ooij,tower,7,1,5,2026-06-29 17.36.40.jpg,1.0,0.7839381694793701,0.833320138293727,0.6532714638042799,0.7839381694793701,0.6532714638042799
real_uav_finetuned,ooij_tower,tower in the Ooij,tower,7,1,6,2026-06-29 17.36.50.jpg,1.0,0.9451229572296143,0.7976555401885219,0.7538825629935613,0.9451229572296143,0.7538825629935613
real_uav_finetuned,ooij_tower,tower in the Ooij,tower,7,1,7,2026-06-29 17.36.51.jpg,1.0,0.9346943497657776,0.857356335085049,0.80136612213989,0.9346943497657776,0.80136612213989
real_uav_finetuned,ooij_tower,tower in the Ooij,tower,7,1,8,2026-06-29 17.36.53.jpg,1.0,0.4323313534259796,0.8337734307050577,0.36046639574733985,0.4323313534259796,0.36046639574733985
real_uav_finetuned,ooij_tower,tower in the Ooij,tower,7,2,1|3,2026-06-29 17.37.15.jpg|2026-06-29 17.36.06.jpg,1.0,0.5793657302856445,0.9456316449609725,0.5052050992996983,0.6888230132857132,0.6513728391403427
real_uav_finetuned,ooij_tower,tower in the Ooij,tower,7,2,1|4,2026-06-29 17.37.15.jpg|2026-06-29 17.36.07.jpg,1.0,0.5793657302856445,0.8719968629325333,0.5052050992996983,0.7630518086452582,0.6653787833936609
real_uav_finetuned,ooij_tower,tower in the Ooij,tower,7,2,1|5,2026-06-29 17.37.15.jpg|2026-06-29 17.36.40.jpg,1.0,0.7839381694793701,0.8719968629325333,0.6532714638042799,0.909116989705808,0.7927471630621328
real_uav_finetuned,ooij_tower,tower in the Ooij,tower,7,2,1|6,2026-06-29 17.37.15.jpg|2026-06-29 17.36.50.jpg,1.0,0.9451229572296143,0.8719968629325333,0.7538825629935613,0.9769168351901953,0.851868415631829
real_uav_finetuned,ooij_tower,tower in the Ooij,tower,7,2,1|7,2026-06-29 17.37.15.jpg|2026-06-29 17.36.51.jpg,1.0,0.9346943497657776,0.8719968629325333,0.80136612213989,0.9725302055055067,0.8480432883079339
real_uav_finetuned,ooij_tower,tower in the Ooij,tower,7,2,1|8,2026-06-29 17.37.15.jpg|2026-06-29 17.36.53.jpg,1.0,0.5793657302856445,0.8719968629325333,0.5052050992996983,0.7612191134086004,0.6637806788965839
real_uav_finetuned,ooij_tower,tower in the Ooij,tower,7,2,3|4,2026-06-29 17.36.06.jpg|2026-06-29 17.36.07.jpg,1.0,0.4366883337497711,0.9456316449609725,0.3761873808459559,0.5832730723443289,0.551561474862408
real_uav_finetuned,ooij_tower,tower in the Ooij,tower,7,2,3|5,2026-06-29 17.36.06.jpg|2026-06-29 17.36.40.jpg,1.0,0.7839381694793701,0.9456316449609725,0.6532714638042799,0.840161693408767,0.7944834841713286
real_uav_finetuned,ooij_tower,tower in the Ooij,tower,7,2,3|6,2026-06-29 17.36.06.jpg|2026-06-29 17.36.50.jpg,1.0,0.9451229572296143,0.9456316449609725,0.7538825629935613,0.9594030395557738,0.9072418744756834
real_uav_finetuned,ooij_tower,tower in the Ooij,tower,7,2,3|7,2026-06-29 17.36.06.jpg|2026-06-29 17.36.51.jpg,1.0,0.9346943497657776,0.9456316449609725,0.80136612213989,0.9516881601941218,0.899946440414249
real_uav_finetuned,ooij_tower,tower in the Ooij,tower,7,2,3|8,2026-06-29 17.36.06.jpg|2026-06-29 17.36.53.jpg,1.0,0.4323313534259796,0.9456316449609725,0.36046639574733985,0.5800498637140583,0.5485135067833129
real_uav_finetuned,ooij_tower,tower in the Ooij,tower,7,2,4|5,2026-06-29 17.36.07.jpg|2026-06-29 17.36.40.jpg,1.0,0.7839381694793701,0.8614550739555978,0.6532714638042799,0.8782898502363494,0.7566072478898054
real_uav_finetuned,ooij_tower,tower in the Ooij,tower,7,2,4|6,2026-06-29 17.36.07.jpg|2026-06-29 17.36.50.jpg,1.0,0.9451229572296143,0.8614550739555978,0.7538825629935613,0.9690871215981289,0.8348250180057336
real_uav_finetuned,ooij_tower,tower in the Ooij,tower,7,2,4|7,2026-06-29 17.36.07.jpg|2026-06-29 17.36.51.jpg,1.0,0.9346943497657776,0.8614550739555978,0.80136612213989,0.9632125653510055,0.8297643517194115
real_uav_finetuned,ooij_tower,tower in the Ooij,tower,7,2,4|8,2026-06-29 17.36.07.jpg|2026-06-29 17.36.53.jpg,1.0,0.4366883337497711,0.8614550739555978,0.3761873808459559,0.6802256288203763,0.5859838193819503
real_uav_finetuned,ooij_tower,tower in the Ooij,tower,7,2,5|6,2026-06-29 17.36.40.jpg|2026-06-29 17.36.50.jpg,1.0,0.9451229572296143,0.833320138293727,0.7538825629935613,0.9881431656854716,0.8234395994830184
real_uav_finetuned,ooij_tower,tower in the Ooij,tower,7,2,5|7,2026-06-29 17.36.40.jpg|2026-06-29 17.36.51.jpg,1.0,0.9346943497657776,0.857356335085049,0.80136612213989,0.9858899416670539,0.8452589871848781
real_uav_finetuned,ooij_tower,tower in the Ooij,tower,7,2,5|8,2026-06-29 17.36.40.jpg|2026-06-29 17.36.53.jpg,1.0,0.7839381694793701,0.8337734307050577,0.6532714638042799,0.8773484730920487,0.7315098463338015
real_uav_finetuned,ooij_tower,tower in the Ooij,tower,7,2,6|7,2026-06-29 17.36.50.jpg|2026-06-29 17.36.51.jpg,1.0,0.9451229572296143,0.857356335085049,0.80136612213989,0.9964162190389487,0.8542837577745346
real_uav_finetuned,ooij_tower,tower in the Ooij,tower,7,2,6|8,2026-06-29 17.36.50.jpg|2026-06-29 17.36.53.jpg,1.0,0.9451229572296143,0.8337734307050577,0.7538825629935613,0.9688480234025505,0.8077997403041586
real_uav_finetuned,ooij_tower,tower in the Ooij,tower,7,2,7|8,2026-06-29 17.36.51.jpg|2026-06-29 17.36.53.jpg,1.0,0.9346943497657776,0.857356335085049,0.80136612213989,0.9629280299179026,0.8255724466810794
real_uav_finetuned,ooij_tower,tower in the Ooij,tower,7,3,1|3|4,2026-06-29 17.37.15.jpg|2026-06-29 17.36.06.jpg|2026-06-29 17.36.07.jpg,1.0,0.5793657302856445,0.9456316449609725,0.5052050992996983,0.8247103731152498,0.7798722267453511
real_uav_finetuned,ooij_tower,tower in the Ooij,tower,7,3,1|3|5,2026-06-29 17.37.15.jpg|2026-06-29 17.36.06.jpg|2026-06-29 17.36.40.jpg,1.0,0.7839381694793701,0.9456316449609725,0.6532714638042799,0.9327665306346175,0.8820535487285527
real_uav_finetuned,ooij_tower,tower in the Ooij,tower,7,3,1|3|6,2026-06-29 17.37.15.jpg|2026-06-29 17.36.06.jpg|2026-06-29 17.36.50.jpg,1.0,0.9451229572296143,0.9456316449609725,0.7538825629935613,0.9829235271909204,0.9294835918883912
real_uav_finetuned,ooij_tower,tower in the Ooij,tower,7,3,1|3|7,2026-06-29 17.37.15.jpg|2026-06-29 17.36.06.jpg|2026-06-29 17.36.51.jpg,1.0,0.9346943497657776,0.9456316449609725,0.80136612213989,0.9796783845446975,0.9264148823097105
real_uav_finetuned,ooij_tower,tower in the Ooij,tower,7,3,1|3|8,2026-06-29 17.37.15.jpg|2026-06-29 17.36.06.jpg|2026-06-29 17.36.53.jpg,1.0,0.5793657302856445,0.9456316449609725,0.5052050992996983,0.8233545811069188,0.7785901469182881
real_uav_finetuned,ooij_tower,tower in the Ooij,tower,7,3,1|4|5,2026-06-29 17.37.15.jpg|2026-06-29 17.36.07.jpg|2026-06-29 17.36.40.jpg,1.0,0.7839381694793701,0.8719968629325333,0.6532714638042799,0.948804540037342,0.8273545824487075
real_uav_finetuned,ooij_tower,tower in the Ooij,tower,7,3,1|4|6,2026-06-29 17.37.15.jpg|2026-06-29 17.36.07.jpg|2026-06-29 17.36.50.jpg,1.0,0.9451229572296143,0.8719968629325333,0.7538825629935613,0.9869969839686603,0.8606582737445436
real_uav_finetuned,ooij_tower,tower in the Ooij,tower,7,3,1|4|7,2026-06-29 17.37.15.jpg|2026-06-29 17.36.07.jpg|2026-06-29 17.36.51.jpg,1.0,0.9346943497657776,0.8719968629325333,0.80136612213989,0.9845259442917557,0.8585035348981009
real_uav_finetuned,ooij_tower,tower in the Ooij,tower,7,3,1|4|8,2026-06-29 17.37.15.jpg|2026-06-29 17.36.07.jpg|2026-06-29 17.36.53.jpg,1.0,0.5793657302856445,0.8719968629325333,0.5052050992996983,0.8654919409054918,0.7547062573629784
real_uav_finetuned,ooij_tower,tower in the Ooij,tower,7,3,1|5|6,2026-06-29 17.37.15.jpg|2026-06-29 17.36.40.jpg|2026-06-29 17.36.50.jpg,1.0,0.9451229572296143,0.8719968629325333,0.7538825629935613,0.9950126091569842,0.8676478737632051
real_uav_finetuned,ooij_tower,tower in the Ooij,tower,7,3,1|5|7,2026-06-29 17.37.15.jpg|2026-06-29 17.36.40.jpg|2026-06-29 17.36.51.jpg,1.0,0.9346943497657776,0.8719968629325333,0.80136612213989,0.9940648259174942,0.8668214097516298
real_uav_finetuned,ooij_tower,tower in the Ooij,tower,7,3,1|5|8,2026-06-29 17.37.15.jpg|2026-06-29 17.36.40.jpg|2026-06-29 17.36.53.jpg,1.0,0.7839381694793701,0.8719968629325333,0.6532714638042799,0.9484085645497232,0.8270092930657057
real_uav_finetuned,ooij_tower,tower in the Ooij,tower,7,3,1|6|7,2026-06-29 17.37.15.jpg|2026-06-29 17.36.50.jpg|2026-06-29 17.36.51.jpg,1.0,0.9451229572296143,0.8719968629325333,0.80136612213989,0.998492538912632,0.8706823615933555
real_uav_finetuned,ooij_tower,tower in the Ooij,tower,7,3,1|6|8,2026-06-29 17.37.15.jpg|2026-06-29 17.36.50.jpg|2026-06-29 17.36.53.jpg,1.0,0.9451229572296143,0.8719968629325333,0.7538825629935613,0.9868964110737731,0.860570574495706
real_uav_finetuned,ooij_tower,tower in the Ooij,tower,7,3,1|7|8,2026-06-29 17.37.15.jpg|2026-06-29 17.36.51.jpg|2026-06-29 17.36.53.jpg,1.0,0.9346943497657776,0.8719968629325333,0.80136612213989,0.9844062589376446,0.8583991696447771
real_uav_finetuned,ooij_tower,tower in the Ooij,tower,7,3,3|4|5,2026-06-29 17.36.06.jpg|2026-06-29 17.36.07.jpg|2026-06-29 17.36.40.jpg,1.0,0.7839381694793701,0.9456316449609725,0.6532714638042799,0.9099612171834776,0.8604881226559007
real_uav_finetuned,ooij_tower,tower in the Ooij,tower,7,3,3|4|6,2026-06-29 17.36.06.jpg|2026-06-29 17.36.07.jpg|2026-06-29 17.36.50.jpg,1.0,0.9451229572296143,0.9456316449609725,0.7538825629935613,0.9771312585674683,0.9240062393819404
real_uav_finetuned,ooij_tower,tower in the Ooij,tower,7,3,3|4|7,2026-06-29 17.36.06.jpg|2026-06-29 17.36.07.jpg|2026-06-29 17.36.51.jpg,1.0,0.9346943497657776,0.9456316449609725,0.80136612213989,0.9727853770193367,0.9198966362647751
real_uav_finetuned,ooij_tower,tower in the Ooij,tower,7,3,3|4|8,2026-06-29 17.36.06.jpg|2026-06-29 17.36.07.jpg|2026-06-29 17.36.53.jpg,1.0,0.4366883337497711,0.9456316449609725,0.3761873808459559,0.7634371889867555,0.7219303648459264
real_uav_finetuned,ooij_tower,tower in the Ooij,tower,7,3,3|5|6,2026-06-29 17.36.06.jpg|2026-06-29 17.36.40.jpg|2026-06-29 17.36.50.jpg,1.0,0.9451229572296143,0.9456316449609725,0.7538825629935613,0.9912285464128469,0.937337080876654
real_uav_finetuned,ooij_tower,tower in the Ooij,tower,7,3,3|5|7,2026-06-29 17.36.06.jpg|2026-06-29 17.36.40.jpg|2026-06-29 17.36.51.jpg,1.0,0.9346943497657776,0.9456316449609725,0.80136612213989,0.9895616554557225,0.935760816038898
real_uav_finetuned,ooij_tower,tower in the Ooij,tower,7,3,3|5|8,2026-06-29 17.36.06.jpg|2026-06-29 17.36.40.jpg|2026-06-29 17.36.53.jpg,1.0,0.7839381694793701,0.9456316449609725,0.6532714638042799,0.9092648048266715,0.8598295730933629
real_uav_finetuned,ooij_tower,tower in the Ooij,tower,7,3,3|6|7,2026-06-29 17.36.06.jpg|2026-06-29 17.36.50.jpg|2026-06-29 17.36.51.jpg,1.0,0.9451229572296143,0.9456316449609725,0.80136612213989,0.9973487891006568,0.9431245760370882
real_uav_finetuned,ooij_tower,tower in the Ooij,tower,7,3,3|6|8,2026-06-29 17.36.06.jpg|2026-06-29 17.36.50.jpg|2026-06-29 17.36.53.jpg,1.0,0.9451229572296143,0.9456316449609725,0.7538825629935613,0.9769543784096071,0.9238389759073011
real_uav_finetuned,ooij_tower,tower in the Ooij,tower,7,3,3|7|8,2026-06-29 17.36.06.jpg|2026-06-29 17.36.51.jpg|2026-06-29 17.36.53.jpg,1.0,0.9346943497657776,0.9456316449609725,0.80136612213989,0.9725748832838963,0.9196975867274767
real_uav_finetuned,ooij_tower,tower in the Ooij,tower,7,3,4|5|6,2026-06-29 17.36.07.jpg|2026-06-29 17.36.40.jpg|2026-06-29 17.36.50.jpg,1.0,0.9451229572296143,0.8614550739555978,0.7538825629935613,0.9933209069058301,0.8557013353202033
real_uav_finetuned,ooij_tower,tower in the Ooij,tower,7,3,4|5|7,2026-06-29 17.36.07.jpg|2026-06-29 17.36.40.jpg|2026-06-29 17.36.51.jpg,1.0,0.9346943497657776,0.8614550739555978,0.80136612213989,0.9920516395295802,0.8546079184987266
real_uav_finetuned,ooij_tower,tower in the Ooij,tower,7,3,4|5|8,2026-06-29 17.36.07.jpg|2026-06-29 17.36.40.jpg|2026-06-29 17.36.53.jpg,1.0,0.7839381694793701,0.8614550739555978,0.6532714638042799,0.9309089640093472,0.8019362504366011
real_uav_finetuned,ooij_tower,tower in the Ooij,tower,7,3,4|6|7,2026-06-29 17.36.07.jpg|2026-06-29 17.36.50.jpg|2026-06-29 17.36.51.jpg,1.0,0.9451229572296143,0.8614550739555978,0.80136612213989,0.9979812143753544,0.8597159808360182
real_uav_finetuned,ooij_tower,tower in the Ooij,tower,7,3,4|6|8,2026-06-29 17.36.07.jpg|2026-06-29 17.36.50.jpg|2026-06-29 17.36.53.jpg,1.0,0.9451229572296143,0.8614550739555978,0.7538825629935613,0.9824517281559025,0.8463380261363479
real_uav_finetuned,ooij_tower,tower in the Ooij,tower,7,3,4|7|8,2026-06-29 17.36.07.jpg|2026-06-29 17.36.51.jpg|2026-06-29 17.36.53.jpg,1.0,0.9346943497657776,0.8614550739555978,0.80136612213989,0.9791169267618751,0.8434652445548289
real_uav_finetuned,ooij_tower,tower in the Ooij,tower,7,3,5|6|7,2026-06-29 17.36.40.jpg|2026-06-29 17.36.50.jpg|2026-06-29 17.36.51.jpg,1.0,0.9451229572296143,0.857356335085049,0.80136612213989,0.9992256817253703,0.8566924684069231
real_uav_finetuned,ooij_tower,tower in the Ooij,tower,7,3,5|6|8,2026-06-29 17.36.40.jpg|2026-06-29 17.36.50.jpg|2026-06-29 17.36.53.jpg,1.0,0.9451229572296143,0.8337734307050577,0.7538825629935613,0.9932692469120192,0.8281615076116633
real_uav_finetuned,ooij_tower,tower in the Ooij,tower,7,3,5|7|8,2026-06-29 17.36.40.jpg|2026-06-29 17.36.51.jpg|2026-06-29 17.36.53.jpg,1.0,0.9346943497657776,0.857356335085049,0.80136612213989,0.991990162283056,0.850489049975424
real_uav_finetuned,ooij_tower,tower in the Ooij,tower,7,3,6|7|8,2026-06-29 17.36.50.jpg|2026-06-29 17.36.51.jpg|2026-06-29 17.36.53.jpg,1.0,0.9451229572296143,0.857356335085049,0.80136612213989,0.9979655999122223,0.8556121292816953
real_uav_finetuned,la_souris_truck,La Souris truck,whitevan,10,1,1,2026-07-12 21.05.57.jpg,0.0,0.0,0.0,0.0,0.0,0.0
real_uav_finetuned,la_souris_truck,La Souris truck,whitevan,10,1,2,2026-07-12 21.06.04.jpg,0.0,0.02154119312763214,0.8174429660605093,0.017608696802733876,0.02154119312763214,0.017608696802733876
real_uav_finetuned,la_souris_truck,La Souris truck,whitevan,10,1,3,2026-07-12 21.01.06.jpg,1.0,0.683940052986145,0.8877999235222767,0.6072019267349213,0.683940052986145,0.6072019267349213
real_uav_finetuned,la_souris_truck,La Souris truck,whitevan,10,1,4,2026-07-12 21.01.23.jpg,1.0,0.8915921449661255,0.9645007108466178,0.8599412576050888,0.8915921449661255,0.8599412576050888
real_uav_finetuned,la_souris_truck,La Souris truck,whitevan,10,1,5,2026-07-12 21.01.30.jpg,1.0,0.8926346302032471,0.9528853033881385,0.8505784204159799,0.8926346302032471,0.8505784204159799
real_uav_finetuned,la_souris_truck,La Souris truck,whitevan,10,1,6,2026-07-12 21.01.33.jpg,1.0,0.613286018371582,0.7287724116181858,0.44694593062037286,0.613286018371582,0.44694593062037286
real_uav_finetuned,la_souris_truck,La Souris truck,whitevan,10,1,7,2026-07-12 21.01.49.jpg,1.0,0.8735823631286621,0.9117771688696744,0.7965124538279313,0.8735823631286621,0.7965124538279313
real_uav_finetuned,la_souris_truck,La Souris truck,whitevan,10,1,8,2026-07-12 21.01.50.jpg,1.0,0.8627948760986328,0.9110682827979957,0.7860650461740908,0.8627948760986328,0.7860650461740908
real_uav_finetuned,la_souris_truck,La Souris truck,whitevan,10,1,9,2026-07-12 21.01.51.jpg,1.0,0.8769187927246094,0.8960493209314967,0.7857624887329542,0.8769187927246094,0.7857624887329542
real_uav_finetuned,la_souris_truck,La Souris truck,whitevan,10,1,10,2026-07-12 21.05.27.jpg,1.0,0.3708043694496155,0.7693505731198058,0.28527855415138986,0.3708043694496155,0.28527855415138986
real_uav_finetuned,la_souris_truck,La Souris truck,whitevan,10,2,1|2,2026-07-12 21.05.57.jpg|2026-07-12 21.06.04.jpg,0.0,0.02154119312763214,0.8174429660605093,0.017608696802733876,0.02154119312763214,0.017608696802733876
real_uav_finetuned,la_souris_truck,La Souris truck,whitevan,10,2,1|3,2026-07-12 21.05.57.jpg|2026-07-12 21.01.06.jpg,1.0,0.683940052986145,0.8877999235222767,0.6072019267349213,0.683940052986145,0.6072019267349213
real_uav_finetuned,la_souris_truck,La Souris truck,whitevan,10,2,1|4,2026-07-12 21.05.57.jpg|2026-07-12 21.01.23.jpg,1.0,0.8915921449661255,0.9645007108466178,0.8599412576050888,0.8915921449661255,0.8599412576050888
real_uav_finetuned,la_souris_truck,La Souris truck,whitevan,10,2,1|5,2026-07-12 21.05.57.jpg|2026-07-12 21.01.30.jpg,1.0,0.8926346302032471,0.9528853033881385,0.8505784204159799,0.8926346302032471,0.8505784204159799
real_uav_finetuned,la_souris_truck,La Souris truck,whitevan,10,2,1|6,2026-07-12 21.05.57.jpg|2026-07-12 21.01.33.jpg,1.0,0.613286018371582,0.7287724116181858,0.44694593062037286,0.613286018371582,0.44694593062037286
real_uav_finetuned,la_souris_truck,La Souris truck,whitevan,10,2,1|7,2026-07-12 21.05.57.jpg|2026-07-12 21.01.49.jpg,1.0,0.8735823631286621,0.9117771688696744,0.7965124538279313,0.8735823631286621,0.7965124538279313
real_uav_finetuned,la_souris_truck,La Souris truck,whitevan,10,2,1|8,2026-07-12 21.05.57.jpg|2026-07-12 21.01.50.jpg,1.0,0.8627948760986328,0.9110682827979957,0.7860650461740908,0.8627948760986328,0.7860650461740908
real_uav_finetuned,la_souris_truck,La Souris truck,whitevan,10,2,1|9,2026-07-12 21.05.57.jpg|2026-07-12 21.01.51.jpg,1.0,0.8769187927246094,0.8960493209314967,0.7857624887329542,0.8769187927246094,0.7857624887329542
real_uav_finetuned,la_souris_truck,La Souris truck,whitevan,10,2,1|10,2026-07-12 21.05.57.jpg|2026-07-12 21.05.27.jpg,1.0,0.3708043694496155,0.7693505731198058,0.28527855415138986,0.3708043694496155,0.28527855415138986
real_uav_finetuned,la_souris_truck,La Souris truck,whitevan,10,2,2|3,2026-07-12 21.06.04.jpg|2026-07-12 21.01.06.jpg,1.0,0.683940052986145,0.8877999235222767,0.6072019267349213,0.6907483613446797,0.6132463423749445
real_uav_finetuned,la_souris_truck,La Souris truck,whitevan,10,2,2|4,2026-07-12 21.06.04.jpg|2026-07-12 21.01.23.jpg,1.0,0.8915921449661255,0.9645007108466178,0.8599412576050888,0.8939273795079625,0.8621935929806841
real_uav_finetuned,la_souris_truck,La Souris truck,whitevan,10,2,2|5,2026-07-12 21.06.04.jpg|2026-07-12 21.01.30.jpg,1.0,0.8926346302032471,0.9528853033881385,0.8505784204159799,0.8949474083692586,0.8527822327403692
real_uav_finetuned,la_souris_truck,La Souris truck,whitevan,10,2,2|6,2026-07-12 21.06.04.jpg|2026-07-12 21.01.33.jpg,1.0,0.613286018371582,0.8174429660605093,0.44694593062037286,0.6216162989349954,0.5081358711529788
real_uav_finetuned,la_souris_truck,La Souris truck,whitevan,10,2,2|7,2026-07-12 21.06.04.jpg|2026-07-12 21.01.49.jpg,1.0,0.8735823631286621,0.9117771688696744,0.7965124538279313,0.8763055498592465,0.7989953933154471
real_uav_finetuned,la_souris_truck,La Souris truck,whitevan,10,2,2|8,2026-07-12 21.06.04.jpg|2026-07-12 21.01.50.jpg,1.0,0.8627948760986328,0.9110682827979957,0.7860650461740908,0.8657504381706929,0.7887577650357854
real_uav_finetuned,la_souris_truck,La Souris truck,whitevan,10,2,2|9,2026-07-12 21.06.04.jpg|2026-07-12 21.01.51.jpg,1.0,0.8769187927246094,0.8960493209314967,0.7857624887329542,0.8795701087809107,0.7881381986847777
real_uav_finetuned,la_souris_truck,La Souris truck,whitevan,10,2,2|10,2026-07-12 21.06.04.jpg|2026-07-12 21.05.27.jpg,1.0,0.3708043694496155,0.8174429660605093,0.28527855415138986,0.3843579940423636,0.3141907386790572
real_uav_finetuned,la_souris_truck,La Souris truck,whitevan,10,2,3|4,2026-07-12 21.01.06.jpg|2026-07-12 21.01.23.jpg,1.0,0.8915921449661255,0.9645007108466178,0.8599412576050888,0.965736619082108,0.9314536555953025
real_uav_finetuned,la_souris_truck,La Souris truck,whitevan,10,2,3|5,2026-07-12 21.01.06.jpg|2026-07-12 21.01.30.jpg,1.0,0.8926346302032471,0.9528853033881385,0.8505784204159799,0.9660661069109153,0.9205501953768054
real_uav_finetuned,la_souris_truck,La Souris truck,whitevan,10,2,3|6,2026-07-12 21.01.06.jpg|2026-07-12 21.01.33.jpg,1.0,0.683940052986145,0.8877999235222767,0.6072019267349213,0.8777751994570053,0.7792887549476805
real_uav_finetuned,la_souris_truck,La Souris truck,whitevan,10,2,3|7,2026-07-12 21.01.06.jpg|2026-07-12 21.01.49.jpg,1.0,0.8735823631286621,0.9117771688696744,0.7965124538279313,0.9600444483888282,0.875346609141014
real_uav_finetuned,la_souris_truck,La Souris truck,whitevan,10,2,3|8,2026-07-12 21.01.06.jpg|2026-07-12 21.01.50.jpg,1.0,0.8627948760986328,0.9110682827979957,0.7860650461740908,0.9566349558097045,0.871559766454084
real_uav_finetuned,la_souris_truck,La Souris truck,whitevan,10,2,3|9,2026-07-12 21.01.06.jpg|2026-07-12 21.01.51.jpg,1.0,0.8769187927246094,0.8960493209314967,0.7857624887329542,0.9610989601501387,0.8611920705904994
real_uav_finetuned,la_souris_truck,La Souris truck,whitevan,10,2,3|10,2026-07-12 21.01.06.jpg|2026-07-12 21.05.27.jpg,1.0,0.683940052986145,0.8877999235222767,0.6072019267349213,0.8011364623468964,0.7112488900024819
real_uav_finetuned,la_souris_truck,La Souris truck,whitevan,10,2,4|5,2026-07-12 21.01.23.jpg|2026-07-12 21.01.30.jpg,1.0,0.8926346302032471,0.9645007108466178,0.8599412576050888,0.9883607505554153,0.9532746464835947
real_uav_finetuned,la_souris_truck,La Souris truck,whitevan,10,2,4|6,2026-07-12 21.01.23.jpg|2026-07-12 21.01.33.jpg,1.0,0.8915921449661255,0.9645007108466178,0.8599412576050888,0.958077166740054,0.9240661083666957
real_uav_finetuned,la_souris_truck,La Souris truck,whitevan,10,2,4|7,2026-07-12 21.01.23.jpg|2026-07-12 21.01.49.jpg,1.0,0.8915921449661255,0.9645007108466178,0.8599412576050888,0.986295335148327,0.9512825518552646
real_uav_finetuned,la_souris_truck,La Souris truck,whitevan,10,2,4|8,2026-07-12 21.01.23.jpg|2026-07-12 21.01.50.jpg,1.0,0.8915921449661255,0.9645007108466178,0.8599412576050888,0.9851258868181958,0.9501546181095546
real_uav_finetuned,la_souris_truck,La Souris truck,whitevan,10,2,4|9,2026-07-12 21.01.23.jpg|2026-07-12 21.01.51.jpg,1.0,0.8915921449661255,0.9645007108466178,0.8599412576050888,0.9866570303242952,0.9516314071095957
real_uav_finetuned,la_souris_truck,La Souris truck,whitevan,10,2,4|10,2026-07-12 21.01.23.jpg|2026-07-12 21.05.27.jpg,1.0,0.8915921449661255,0.9645007108466178,0.8599412576050888,0.9317902512953466,0.8987123597343105
real_uav_finetuned,la_souris_truck,La Souris truck,whitevan,10,2,5|6,2026-07-12 21.01.30.jpg|2026-07-12 21.01.33.jpg,1.0,0.8926346302032471,0.9528853033881385,0.8505784204159799,0.9584803103568902,0.9133218013259824
real_uav_finetuned,la_souris_truck,La Souris truck,whitevan,10,2,5|7,2026-07-12 21.01.30.jpg|2026-07-12 21.01.49.jpg,1.0,0.8926346302032471,0.9528853033881385,0.8505784204159799,0.9864271236684772,0.9399519090071257
real_uav_finetuned,la_souris_truck,La Souris truck,whitevan,10,2,5|8,2026-07-12 21.01.30.jpg|2026-07-12 21.01.50.jpg,1.0,0.8926346302032471,0.9528853033881385,0.8505784204159799,0.9852689211343204,0.9388482748339808
real_uav_finetuned,la_souris_truck,La Souris truck,whitevan,10,2,5|9,2026-07-12 21.01.30.jpg|2026-07-12 21.01.51.jpg,1.0,0.8926346302032471,0.9528853033881385,0.8505784204159799,0.9867853406658469,0.9402932487193431
real_uav_finetuned,la_souris_truck,La Souris truck,whitevan,10,2,5|10,2026-07-12 21.01.30.jpg|2026-07-12 21.05.27.jpg,1.0,0.8926346302032471,0.9528853033881385,0.8505784204159799,0.9324461784514568,0.8885142596468267
real_uav_finetuned,la_souris_truck,La Souris truck,whitevan,10,2,6|7,2026-07-12 21.01.33.jpg|2026-07-12 21.01.49.jpg,1.0,0.8735823631286621,0.9117771688696744,0.7965124538279313,0.9511125322974294,0.867202691974617
real_uav_finetuned,la_souris_truck,La Souris truck,whitevan,10,2,6|8,2026-07-12 21.01.33.jpg|2026-07-12 21.01.50.jpg,1.0,0.8627948760986328,0.9110682827979957,0.7860650461740908,0.9469408602362819,0.8627277834467262
real_uav_finetuned,la_souris_truck,La Souris truck,whitevan,10,2,6|9,2026-07-12 21.01.33.jpg|2026-07-12 21.01.51.jpg,1.0,0.8769187927246094,0.8960493209314967,0.7857624887329542,0.9524027762709011,0.8533998609308131
real_uav_finetuned,la_souris_truck,La Souris truck,whitevan,10,2,6|10,2026-07-12 21.01.33.jpg|2026-07-12 21.05.27.jpg,1.0,0.613286018371582,0.7693505731198058,0.44694593062037286,0.7566812524866577,0.5821531552696226
real_uav_finetuned,la_souris_truck,La Souris truck,whitevan,10,2,7|8,2026-07-12 21.01.49.jpg|2026-07-12 21.01.50.jpg,1.0,0.8735823631286621,0.9117771688696744,0.7965124538279313,0.98265485246975,0.8959622593609163
real_uav_finetuned,la_souris_truck,La Souris truck,whitevan,10,2,7|9,2026-07-12 21.01.49.jpg|2026-07-12 21.01.51.jpg,1.0,0.8769187927246094,0.9117771688696744,0.7965124538279313,0.9844403646329738,0.8975902485860828
real_uav_finetuned,la_souris_truck,La Souris truck,whitevan,10,2,7|10,2026-07-12 21.01.49.jpg|2026-07-12 21.05.27.jpg,1.0,0.8735823631286621,0.9117771688696744,0.7965124538279313,0.920458575256049,0.8392531138087745
real_uav_finetuned,la_souris_truck,La Souris truck,whitevan,10,2,8|9,2026-07-12 21.01.50.jpg|2026-07-12 21.01.51.jpg,1.0,0.8769187927246094,0.9110682827979957,0.7860650461740908,0.9831126277058502,0.8956827335209941
real_uav_finetuned,la_souris_truck,La Souris truck,whitevan,10,2,8|10,2026-07-12 21.01.50.jpg|2026-07-12 21.05.27.jpg,1.0,0.8627948760986328,0.9110682827979957,0.7860650461740908,0.9136711355521356,0.832416792509579
real_uav_finetuned,la_souris_truck,La Souris truck,whitevan,10,2,9|10,2026-07-12 21.01.51.jpg|2026-07-12 21.05.27.jpg,1.0,0.8769187927246094,0.8960493209314967,0.7857624887329542,0.922557842179458,0.8266573280049303
real_uav_finetuned,la_souris_truck,La Souris truck,whitevan,10,3,1|2|3,2026-07-12 21.05.57.jpg|2026-07-12 21.06.04.jpg|2026-07-12 21.01.06.jpg,1.0,0.683940052986145,0.8877999235222767,0.6072019267349213,0.6907483613446797,0.6132463423749445
real_uav_finetuned,la_souris_truck,La Souris truck,whitevan,10,3,1|2|4,2026-07-12 21.05.57.jpg|2026-07-12 21.06.04.jpg|2026-07-12 21.01.23.jpg,1.0,0.8915921449661255,0.9645007108466178,0.8599412576050888,0.8939273795079625,0.8621935929806841
real_uav_finetuned,la_souris_truck,La Souris truck,whitevan,10,3,1|2|5,2026-07-12 21.05.57.jpg|2026-07-12 21.06.04.jpg|2026-07-12 21.01.30.jpg,1.0,0.8926346302032471,0.9528853033881385,0.8505784204159799,0.8949474083692586,0.8527822327403692
real_uav_finetuned,la_souris_truck,La Souris truck,whitevan,10,3,1|2|6,2026-07-12 21.05.57.jpg|2026-07-12 21.06.04.jpg|2026-07-12 21.01.33.jpg,1.0,0.613286018371582,0.8174429660605093,0.44694593062037286,0.6216162989349954,0.5081358711529788
real_uav_finetuned,la_souris_truck,La Souris truck,whitevan,10,3,1|2|7,2026-07-12 21.05.57.jpg|2026-07-12 21.06.04.jpg|2026-07-12 21.01.49.jpg,1.0,0.8735823631286621,0.9117771688696744,0.7965124538279313,0.8763055498592465,0.7989953933154471
real_uav_finetuned,la_souris_truck,La Souris truck,whitevan,10,3,1|2|8,2026-07-12 21.05.57.jpg|2026-07-12 21.06.04.jpg|2026-07-12 21.01.50.jpg,1.0,0.8627948760986328,0.9110682827979957,0.7860650461740908,0.8657504381706929,0.7887577650357854
real_uav_finetuned,la_souris_truck,La Souris truck,whitevan,10,3,1|2|9,2026-07-12 21.05.57.jpg|2026-07-12 21.06.04.jpg|2026-07-12 21.01.51.jpg,1.0,0.8769187927246094,0.8960493209314967,0.7857624887329542,0.8795701087809107,0.7881381986847777
real_uav_finetuned,la_souris_truck,La Souris truck,whitevan,10,3,1|2|10,2026-07-12 21.05.57.jpg|2026-07-12 21.06.04.jpg|2026-07-12 21.05.27.jpg,1.0,0.3708043694496155,0.8174429660605093,0.28527855415138986,0.3843579940423636,0.3141907386790572
real_uav_finetuned,la_souris_truck,La Souris truck,whitevan,10,3,1|3|4,2026-07-12 21.05.57.jpg|2026-07-12 21.01.06.jpg|2026-07-12 21.01.23.jpg,1.0,0.8915921449661255,0.9645007108466178,0.8599412576050888,0.965736619082108,0.9314536555953025
real_uav_finetuned,la_souris_truck,La Souris truck,whitevan,10,3,1|3|5,2026-07-12 21.05.57.jpg|2026-07-12 21.01.06.jpg|2026-07-12 21.01.30.jpg,1.0,0.8926346302032471,0.9528853033881385,0.8505784204159799,0.9660661069109153,0.9205501953768054
real_uav_finetuned,la_souris_truck,La Souris truck,whitevan,10,3,1|3|6,2026-07-12 21.05.57.jpg|2026-07-12 21.01.06.jpg|2026-07-12 21.01.33.jpg,1.0,0.683940052986145,0.8877999235222767,0.6072019267349213,0.8777751994570053,0.7792887549476805
real_uav_finetuned,la_souris_truck,La Souris truck,whitevan,10,3,1|3|7,2026-07-12 21.05.57.jpg|2026-07-12 21.01.06.jpg|2026-07-12 21.01.49.jpg,1.0,0.8735823631286621,0.9117771688696744,0.7965124538279313,0.9600444483888282,0.875346609141014
real_uav_finetuned,la_souris_truck,La Souris truck,whitevan,10,3,1|3|8,2026-07-12 21.05.57.jpg|2026-07-12 21.01.06.jpg|2026-07-12 21.01.50.jpg,1.0,0.8627948760986328,0.9110682827979957,0.7860650461740908,0.9566349558097045,0.871559766454084
real_uav_finetuned,la_souris_truck,La Souris truck,whitevan,10,3,1|3|9,2026-07-12 21.05.57.jpg|2026-07-12 21.01.06.jpg|2026-07-12 21.01.51.jpg,1.0,0.8769187927246094,0.8960493209314967,0.7857624887329542,0.9610989601501387,0.8611920705904994
real_uav_finetuned,la_souris_truck,La Souris truck,whitevan,10,3,1|3|10,2026-07-12 21.05.57.jpg|2026-07-12 21.01.06.jpg|2026-07-12 21.05.27.jpg,1.0,0.683940052986145,0.8877999235222767,0.6072019267349213,0.8011364623468964,0.7112488900024819
real_uav_finetuned,la_souris_truck,La Souris truck,whitevan,10,3,1|4|5,2026-07-12 21.05.57.jpg|2026-07-12 21.01.23.jpg|2026-07-12 21.01.30.jpg,1.0,0.8926346302032471,0.9645007108466178,0.8599412576050888,0.9883607505554153,0.9532746464835947
real_uav_finetuned,la_souris_truck,La Souris truck,whitevan,10,3,1|4|6,2026-07-12 21.05.57.jpg|2026-07-12 21.01.23.jpg|2026-07-12 21.01.33.jpg,1.0,0.8915921449661255,0.9645007108466178,0.8599412576050888,0.958077166740054,0.9240661083666957
real_uav_finetuned,la_souris_truck,La Souris truck,whitevan,10,3,1|4|7,2026-07-12 21.05.57.jpg|2026-07-12 21.01.23.jpg|2026-07-12 21.01.49.jpg,1.0,0.8915921449661255,0.9645007108466178,0.8599412576050888,0.986295335148327,0.9512825518552646
real_uav_finetuned,la_souris_truck,La Souris truck,whitevan,10,3,1|4|8,2026-07-12 21.05.57.jpg|2026-07-12 21.01.23.jpg|2026-07-12 21.01.50.jpg,1.0,0.8915921449661255,0.9645007108466178,0.8599412576050888,0.9851258868181958,0.9501546181095546
real_uav_finetuned,la_souris_truck,La Souris truck,whitevan,10,3,1|4|9,2026-07-12 21.05.57.jpg|2026-07-12 21.01.23.jpg|2026-07-12 21.01.51.jpg,1.0,0.8915921449661255,0.9645007108466178,0.8599412576050888,0.9866570303242952,0.9516314071095957
real_uav_finetuned,la_souris_truck,La Souris truck,whitevan,10,3,1|4|10,2026-07-12 21.05.57.jpg|2026-07-12 21.01.23.jpg|2026-07-12 21.05.27.jpg,1.0,0.8915921449661255,0.9645007108466178,0.8599412576050888,0.9317902512953466,0.8987123597343105
real_uav_finetuned,la_souris_truck,La Souris truck,whitevan,10,3,1|5|6,2026-07-12 21.05.57.jpg|2026-07-12 21.01.30.jpg|2026-07-12 21.01.33.jpg,1.0,0.8926346302032471,0.9528853033881385,0.8505784204159799,0.9584803103568902,0.9133218013259824
real_uav_finetuned,la_souris_truck,La Souris truck,whitevan,10,3,1|5|7,2026-07-12 21.05.57.jpg|2026-07-12 21.01.30.jpg|2026-07-12 21.01.49.jpg,1.0,0.8926346302032471,0.9528853033881385,0.8505784204159799,0.9864271236684772,0.9399519090071257
real_uav_finetuned,la_souris_truck,La Souris truck,whitevan,10,3,1|5|8,2026-07-12 21.05.57.jpg|2026-07-12 21.01.30.jpg|2026-07-12 21.01.50.jpg,1.0,0.8926346302032471,0.9528853033881385,0.8505784204159799,0.9852689211343204,0.9388482748339808
real_uav_finetuned,la_souris_truck,La Souris truck,whitevan,10,3,1|5|9,2026-07-12 21.05.57.jpg|2026-07-12 21.01.30.jpg|2026-07-12 21.01.51.jpg,1.0,0.8926346302032471,0.9528853033881385,0.8505784204159799,0.9867853406658469,0.9402932487193431
real_uav_finetuned,la_souris_truck,La Souris truck,whitevan,10,3,1|5|10,2026-07-12 21.05.57.jpg|2026-07-12 21.01.30.jpg|2026-07-12 21.05.27.jpg,1.0,0.8926346302032471,0.9528853033881385,0.8505784204159799,0.9324461784514568,0.8885142596468267
real_uav_finetuned,la_souris_truck,La Souris truck,whitevan,10,3,1|6|7,2026-07-12 21.05.57.jpg|2026-07-12 21.01.33.jpg|2026-07-12 21.01.49.jpg,1.0,0.8735823631286621,0.9117771688696744,0.7965124538279313,0.9511125322974294,0.867202691974617
real_uav_finetuned,la_souris_truck,La Souris truck,whitevan,10,3,1|6|8,2026-07-12 21.05.57.jpg|2026-07-12 21.01.33.jpg|2026-07-12 21.01.50.jpg,1.0,0.8627948760986328,0.9110682827979957,0.7860650461740908,0.9469408602362819,0.8627277834467262
real_uav_finetuned,la_souris_truck,La Souris truck,whitevan,10,3,1|6|9,2026-07-12 21.05.57.jpg|2026-07-12 21.01.33.jpg|2026-07-12 21.01.51.jpg,1.0,0.8769187927246094,0.8960493209314967,0.7857624887329542,0.9524027762709011,0.8533998609308131
real_uav_finetuned,la_souris_truck,La Souris truck,whitevan,10,3,1|6|10,2026-07-12 21.05.57.jpg|2026-07-12 21.01.33.jpg|2026-07-12 21.05.27.jpg,1.0,0.613286018371582,0.7693505731198058,0.44694593062037286,0.7566812524866577,0.5821531552696226
real_uav_finetuned,la_souris_truck,La Souris truck,whitevan,10,3,1|7|8,2026-07-12 21.05.57.jpg|2026-07-12 21.01.49.jpg|2026-07-12 21.01.50.jpg,1.0,0.8735823631286621,0.9117771688696744,0.7965124538279313,0.98265485246975,0.8959622593609163
real_uav_finetuned,la_souris_truck,La Souris truck,whitevan,10,3,1|7|9,2026-07-12 21.05.57.jpg|2026-07-12 21.01.49.jpg|2026-07-12 21.01.51.jpg,1.0,0.8769187927246094,0.9117771688696744,0.7965124538279313,0.9844403646329738,0.8975902485860828
real_uav_finetuned,la_souris_truck,La Souris truck,whitevan,10,3,1|7|10,2026-07-12 21.05.57.jpg|2026-07-12 21.01.49.jpg|2026-07-12 21.05.27.jpg,1.0,0.8735823631286621,0.9117771688696744,0.7965124538279313,0.920458575256049,0.8392531138087745
real_uav_finetuned,la_souris_truck,La Souris truck,whitevan,10,3,1|8|9,2026-07-12 21.05.57.jpg|2026-07-12 21.01.50.jpg|2026-07-12 21.01.51.jpg,1.0,0.8769187927246094,0.9110682827979957,0.7860650461740908,0.9831126277058502,0.8956827335209941
real_uav_finetuned,la_souris_truck,La Souris truck,whitevan,10,3,1|8|10,2026-07-12 21.05.57.jpg|2026-07-12 21.01.50.jpg|2026-07-12 21.05.27.jpg,1.0,0.8627948760986328,0.9110682827979957,0.7860650461740908,0.9136711355521356,0.832416792509579
real_uav_finetuned,la_souris_truck,La Souris truck,whitevan,10,3,1|9|10,2026-07-12 21.05.57.jpg|2026-07-12 21.01.51.jpg|2026-07-12 21.05.27.jpg,1.0,0.8769187927246094,0.8960493209314967,0.7857624887329542,0.922557842179458,0.8266573280049303
real_uav_finetuned,la_souris_truck,La Souris truck,whitevan,10,3,2|3|4,2026-07-12 21.06.04.jpg|2026-07-12 21.01.06.jpg|2026-07-12 21.01.23.jpg,1.0,0.8915921449661255,0.9645007108466178,0.8599412576050888,0.9664746931876659,0.9321655285947706
real_uav_finetuned,la_souris_truck,La Souris truck,whitevan,10,3,2|3|5,2026-07-12 21.06.04.jpg|2026-07-12 21.01.06.jpg|2026-07-12 21.01.30.jpg,1.0,0.8926346302032471,0.9528853033881385,0.8505784204159799,0.9667970834555197,0.9212467321832803
real_uav_finetuned,la_souris_truck,La Souris truck,whitevan,10,3,2|3|6,2026-07-12 21.06.04.jpg|2026-07-12 21.01.06.jpg|2026-07-12 21.01.33.jpg,1.0,0.683940052986145,0.8877999235222767,0.6072019267349213,0.8804080674904883,0.7816262149864509
real_uav_finetuned,la_souris_truck,La Souris truck,whitevan,10,3,2|3|7,2026-07-12 21.06.04.jpg|2026-07-12 21.01.06.jpg|2026-07-12 21.01.49.jpg,1.0,0.8735823631286621,0.9117771688696744,0.7965124538279313,0.9609051386426055,0.8761313668638768
real_uav_finetuned,la_souris_truck,La Souris truck,whitevan,10,3,2|3|8,2026-07-12 21.06.04.jpg|2026-07-12 21.01.06.jpg|2026-07-12 21.01.50.jpg,1.0,0.8627948760986328,0.9110682827979957,0.7860650461740908,0.9575690906015959,0.8724108270348343
real_uav_finetuned,la_souris_truck,La Souris truck,whitevan,10,3,2|3|9,2026-07-12 21.06.04.jpg|2026-07-12 21.01.06.jpg|2026-07-12 21.01.51.jpg,1.0,0.8769187927246094,0.8960493209314967,0.7857624887329542,0.9619369349624103,0.861942937351993
real_uav_finetuned,la_souris_truck,La Souris truck,whitevan,10,3,2|3|10,2026-07-12 21.06.04.jpg|2026-07-12 21.01.06.jpg|2026-07-12 21.05.27.jpg,1.0,0.683940052986145,0.8877999235222767,0.6072019267349213,0.805420220217526,0.7150520099124148
real_uav_finetuned,la_souris_truck,La Souris truck,whitevan,10,3,2|4|5,2026-07-12 21.06.04.jpg|2026-07-12 21.01.23.jpg|2026-07-12 21.01.30.jpg,1.0,0.8926346302032471,0.9645007108466178,0.8599412576050888,0.9886114738755618,0.9535164693041019
real_uav_finetuned,la_souris_truck,La Souris truck,whitevan,10,3,2|4|6,2026-07-12 21.06.04.jpg|2026-07-12 21.01.23.jpg|2026-07-12 21.01.33.jpg,1.0,0.8915921449661255,0.9645007108466178,0.8599412576050888,0.958980234587764,0.9249371179477547
real_uav_finetuned,la_souris_truck,La Souris truck,whitevan,10,3,2|4|7,2026-07-12 21.06.04.jpg|2026-07-12 21.01.23.jpg|2026-07-12 21.01.49.jpg,1.0,0.8915921449661255,0.9645007108466178,0.8599412576050888,0.9865905499806463,0.951567286770889
real_uav_finetuned,la_souris_truck,La Souris truck,whitevan,10,3,2|4|8,2026-07-12 21.06.04.jpg|2026-07-12 21.01.23.jpg|2026-07-12 21.01.50.jpg,1.0,0.8915921449661255,0.9645007108466178,0.8599412576050888,0.9854462929628472,0.9504636500638306
real_uav_finetuned,la_souris_truck,La Souris truck,whitevan,10,3,2|4|9,2026-07-12 21.06.04.jpg|2026-07-12 21.01.23.jpg|2026-07-12 21.01.51.jpg,1.0,0.8915921449661255,0.9645007108466178,0.8599412576050888,0.9869444538109757,0.951908627266813
real_uav_finetuned,la_souris_truck,La Souris truck,whitevan,10,3,2|4|10,2026-07-12 21.06.04.jpg|2026-07-12 21.01.23.jpg|2026-07-12 21.05.27.jpg,1.0,0.8915921449661255,0.9645007108466178,0.8599412576050888,0.9332595706653808,0.9001295193111691
real_uav_finetuned,la_souris_truck,La Souris truck,whitevan,10,3,2|5|6,2026-07-12 21.06.04.jpg|2026-07-12 21.01.30.jpg|2026-07-12 21.01.33.jpg,1.0,0.8926346302032471,0.9528853033881385,0.8505784204159799,0.9593746940100918,0.9141740463647089
real_uav_finetuned,la_souris_truck,La Souris truck,whitevan,10,3,2|5|7,2026-07-12 21.06.04.jpg|2026-07-12 21.01.30.jpg|2026-07-12 21.01.49.jpg,1.0,0.8926346302032471,0.9528853033881385,0.8505784204159799,0.986719499618832,0.9402305097532829
real_uav_finetuned,la_souris_truck,La Souris truck,whitevan,10,3,2|5|8,2026-07-12 21.06.04.jpg|2026-07-12 21.01.30.jpg|2026-07-12 21.01.50.jpg,1.0,0.8926346302032471,0.9528853033881385,0.8505784204159799,0.9855862461491444,0.939150649177004
real_uav_finetuned,la_souris_truck,La Souris truck,whitevan,10,3,2|5|9,2026-07-12 21.06.04.jpg|2026-07-12 21.01.30.jpg|2026-07-12 21.01.51.jpg,1.0,0.8926346302032471,0.9528853033881385,0.8505784204159799,0.9870700001946797,0.9405644966008373
real_uav_finetuned,la_souris_truck,La Souris truck,whitevan,10,3,2|5|10,2026-07-12 21.06.04.jpg|2026-07-12 21.01.30.jpg|2026-07-12 21.05.27.jpg,1.0,0.8926346302032471,0.9528853033881385,0.8505784204159799,0.9339013683679436,0.8899008887318856
real_uav_finetuned,la_souris_truck,La Souris truck,whitevan,10,3,2|6|7,2026-07-12 21.06.04.jpg|2026-07-12 21.01.33.jpg|2026-07-12 21.01.49.jpg,1.0,0.8735823631286621,0.9117771688696744,0.7965124538279313,0.9521656266807313,0.8681628793899766
real_uav_finetuned,la_souris_truck,La Souris truck,whitevan,10,3,2|6|8,2026-07-12 21.06.04.jpg|2026-07-12 21.01.33.jpg|2026-07-12 21.01.50.jpg,1.0,0.8627948760986328,0.9110682827979957,0.7860650461740908,0.9480838174131182,0.863769095479138
real_uav_finetuned,la_souris_truck,La Souris truck,whitevan,10,3,2|6|9,2026-07-12 21.06.04.jpg|2026-07-12 21.01.33.jpg|2026-07-12 21.01.51.jpg,1.0,0.8769187927246094,0.8960493209314967,0.7857624887329542,0.9534280772595887,0.854318581185477
real_uav_finetuned,la_souris_truck,La Souris truck,whitevan,10,3,2|6|10,2026-07-12 21.06.04.jpg|2026-07-12 21.01.33.jpg|2026-07-12 21.05.27.jpg,1.0,0.613286018371582,0.8174429660605093,0.44694593062037286,0.7619226286184162,0.622828293446458
real_uav_finetuned,la_souris_truck,La Souris truck,whitevan,10,3,2|7|8,2026-07-12 21.06.04.jpg|2026-07-12 21.01.49.jpg|2026-07-12 21.01.50.jpg,1.0,0.8735823631286621,0.9117771688696744,0.7965124538279313,0.9830284876425264,0.8963029313809404
real_uav_finetuned,la_souris_truck,La Souris truck,whitevan,10,3,2|7|9,2026-07-12 21.06.04.jpg|2026-07-12 21.01.49.jpg|2026-07-12 21.01.51.jpg,1.0,0.8769187927246094,0.9117771688696744,0.7965124538279313,0.9847755377434104,0.897895851775798
real_uav_finetuned,la_souris_truck,La Souris truck,whitevan,10,3,2|7|10,2026-07-12 21.06.04.jpg|2026-07-12 21.01.49.jpg|2026-07-12 21.05.27.jpg,1.0,0.8735823631286621,0.9117771688696744,0.7965124538279313,0.9221719924481054,0.8408153684852403
real_uav_finetuned,la_souris_truck,La Souris truck,whitevan,10,3,2|8|9,2026-07-12 21.06.04.jpg|2026-07-12 21.01.50.jpg|2026-07-12 21.01.51.jpg,1.0,0.8769187927246094,0.9110682827979957,0.7860650461740908,0.9834764018538567,0.8960141566093447
real_uav_finetuned,la_souris_truck,La Souris truck,whitevan,10,3,2|8|10,2026-07-12 21.06.04.jpg|2026-07-12 21.01.50.jpg|2026-07-12 21.05.27.jpg,1.0,0.8627948760986328,0.9110682827979957,0.7860650461740908,0.9155307622936962,0.8341110394516578
real_uav_finetuned,la_souris_truck,La Souris truck,whitevan,10,3,2|9|10,2026-07-12 21.06.04.jpg|2026-07-12 21.01.51.jpg|2026-07-12 21.05.27.jpg,1.0,0.8769187927246094,0.8960493209314967,0.7857624887329542,0.9242260386572909,0.8281521143260727
real_uav_finetuned,la_souris_truck,La Souris truck,whitevan,10,3,3|4|5,2026-07-12 21.01.06.jpg|2026-07-12 21.01.23.jpg|2026-07-12 21.01.30.jpg,1.0,0.8926346302032471,0.9645007108466178,0.8599412576050888,0.9963212994372636,0.9609526015388666
real_uav_finetuned,la_souris_truck,La Souris truck,whitevan,10,3,3|4|6,2026-07-12 21.01.06.jpg|2026-07-12 21.01.23.jpg|2026-07-12 21.01.33.jpg,1.0,0.8915921449661255,0.9645007108466178,0.8599412576050888,0.9867498715411908,0.9517209525292873
real_uav_finetuned,la_souris_truck,La Souris truck,whitevan,10,3,3|4|7,2026-07-12 21.01.06.jpg|2026-07-12 21.01.23.jpg|2026-07-12 21.01.49.jpg,1.0,0.8915921449661255,0.9645007108466178,0.8599412576050888,0.9956685043531376,0.96032298021619
real_uav_finetuned,la_souris_truck,La Souris truck,whitevan,10,3,3|4|8,2026-07-12 21.01.06.jpg|2026-07-12 21.01.23.jpg|2026-07-12 21.01.50.jpg,1.0,0.8915921449661255,0.9645007108466178,0.8599412576050888,0.9952988885758809,0.9599664855362858
real_uav_finetuned,la_souris_truck,La Souris truck,whitevan,10,3,3|4|9,2026-07-12 21.01.06.jpg|2026-07-12 21.01.23.jpg|2026-07-12 21.01.51.jpg,1.0,0.8915921449661255,0.9645007108466178,0.8599412576050888,0.9957828217112893,0.9604332393893894
real_uav_finetuned,la_souris_truck,La Souris truck,whitevan,10,3,3|4|10,2026-07-12 21.01.06.jpg|2026-07-12 21.01.23.jpg|2026-07-12 21.05.27.jpg,1.0,0.8915921449661255,0.9645007108466178,0.8599412576050888,0.9784416304385789,0.9437076480799331
real_uav_finetuned,la_souris_truck,La Souris truck,whitevan,10,3,3|5|6,2026-07-12 21.01.06.jpg|2026-07-12 21.01.30.jpg|2026-07-12 21.01.33.jpg,1.0,0.8926346302032471,0.9528853033881385,0.8505784204159799,0.986877289091367,0.9403808650226908
real_uav_finetuned,la_souris_truck,La Souris truck,whitevan,10,3,3|5|7,2026-07-12 21.01.06.jpg|2026-07-12 21.01.30.jpg|2026-07-12 21.01.49.jpg,1.0,0.8926346302032471,0.9528853033881385,0.8505784204159799,0.9957101574258332,0.9487975754453662
real_uav_finetuned,la_souris_truck,La Souris truck,whitevan,10,3,3|5|8,2026-07-12 21.01.06.jpg|2026-07-12 21.01.30.jpg|2026-07-12 21.01.50.jpg,1.0,0.8926346302032471,0.9528853033881385,0.8505784204159799,0.9953440959942564,0.9484487608870795
real_uav_finetuned,la_souris_truck,La Souris truck,whitevan,10,3,3|5|9,2026-07-12 21.01.06.jpg|2026-07-12 21.01.30.jpg|2026-07-12 21.01.51.jpg,1.0,0.8926346302032471,0.9528853033881385,0.8505784204159799,0.9958233754710414,0.9489054592567234
real_uav_finetuned,la_souris_truck,La Souris truck,whitevan,10,3,3|5|10,2026-07-12 21.01.06.jpg|2026-07-12 21.01.30.jpg|2026-07-12 21.05.27.jpg,1.0,0.8926346302032471,0.9528853033881385,0.8505784204159799,0.9786489427407841,0.932540194714033
real_uav_finetuned,la_souris_truck,La Souris truck,whitevan,10,3,3|6|7,2026-07-12 21.01.06.jpg|2026-07-12 21.01.33.jpg|2026-07-12 21.01.49.jpg,1.0,0.8735823631286621,0.9117771688696744,0.7965124538279313,0.984548629548284,0.8976889620640522
real_uav_finetuned,la_souris_truck,La Souris truck,whitevan,10,3,3|6|8,2026-07-12 21.01.06.jpg|2026-07-12 21.01.33.jpg|2026-07-12 21.01.50.jpg,1.0,0.8627948760986328,0.9110682827979957,0.7860650461740908,0.9832301310976785,0.8957897871344102
real_uav_finetuned,la_souris_truck,La Souris truck,whitevan,10,3,3|6|9,2026-07-12 21.01.06.jpg|2026-07-12 21.01.33.jpg|2026-07-12 21.01.51.jpg,1.0,0.8769187927246094,0.8960493209314967,0.7857624887329542,0.9849564239901744,0.8825695348635111
real_uav_finetuned,la_souris_truck,La Souris truck,whitevan,10,3,3|6|10,2026-07-12 21.01.06.jpg|2026-07-12 21.01.33.jpg|2026-07-12 21.05.27.jpg,1.0,0.683940052986145,0.8877999235222767,0.6072019267349213,0.9230966895534555,0.8195251703892246
real_uav_finetuned,la_souris_truck,La Souris truck,whitevan,10,3,3|7|8,2026-07-12 21.01.06.jpg|2026-07-12 21.01.49.jpg|2026-07-12 21.01.50.jpg,1.0,0.8735823631286621,0.9117771688696744,0.7965124538279313,0.9945178935906417,0.9067787094083074
real_uav_finetuned,la_souris_truck,La Souris truck,whitevan,10,3,3|7|9,2026-07-12 21.01.06.jpg|2026-07-12 21.01.49.jpg|2026-07-12 21.01.51.jpg,1.0,0.8769187927246094,0.9117771688696744,0.7965124538279313,0.9950822224703428,0.9072932515965527
real_uav_finetuned,la_souris_truck,La Souris truck,whitevan,10,3,3|7|10,2026-07-12 21.01.06.jpg|2026-07-12 21.01.49.jpg|2026-07-12 21.05.27.jpg,1.0,0.8735823631286621,0.9117771688696744,0.7965124538279313,0.9748601415100203,0.8888552198698965
real_uav_finetuned,la_souris_truck,La Souris truck,whitevan,10,3,3|8|9,2026-07-12 21.01.06.jpg|2026-07-12 21.01.50.jpg|2026-07-12 21.01.51.jpg,1.0,0.8769187927246094,0.9110682827979957,0.7860650461740908,0.9946625780075078,0.9062055269087276
real_uav_finetuned,la_souris_truck,La Souris truck,whitevan,10,3,3|8|10,2026-07-12 21.01.06.jpg|2026-07-12 21.01.50.jpg|2026-07-12 21.05.27.jpg,1.0,0.8627948760986328,0.9110682827979957,0.7860650461740908,0.9727149036768418,0.8862096969448781
real_uav_finetuned,la_souris_truck,La Souris truck,whitevan,10,3,3|9|10,2026-07-12 21.01.06.jpg|2026-07-12 21.01.51.jpg|2026-07-12 21.05.27.jpg,1.0,0.8769187927246094,0.8960493209314967,0.7857624887329542,0.9755236357026009,0.8741172913239403
real_uav_finetuned,la_souris_truck,La Souris truck,whitevan,10,3,4|5|6,2026-07-12 21.01.23.jpg|2026-07-12 21.01.30.jpg|2026-07-12 21.01.33.jpg,1.0,0.8926346302032471,0.9645007108466178,0.8599412576050888,0.9954989395041183,0.9601594347987763
real_uav_finetuned,la_souris_truck,La Souris truck,whitevan,10,3,4|5|7,2026-07-12 21.01.23.jpg|2026-07-12 21.01.30.jpg|2026-07-12 21.01.49.jpg,1.0,0.8926346302032471,0.9645007108466178,0.8599412576050888,0.9985285935902596,0.9630815383184789
real_uav_finetuned,la_souris_truck,La Souris truck,whitevan,10,3,4|5|8,2026-07-12 21.01.23.jpg|2026-07-12 21.01.30.jpg|2026-07-12 21.01.50.jpg,1.0,0.8926346302032471,0.9645007108466178,0.8599412576050888,0.9984030353378368,0.9629604372947644
real_uav_finetuned,la_souris_truck,La Souris truck,whitevan,10,3,4|5|9,2026-07-12 21.01.23.jpg|2026-07-12 21.01.30.jpg|2026-07-12 21.01.51.jpg,1.0,0.8926346302032471,0.9645007108466178,0.8599412576050888,0.9985674271265811,0.9631189932918657
real_uav_finetuned,la_souris_truck,La Souris truck,whitevan,10,3,4|5|10,2026-07-12 21.01.23.jpg|2026-07-12 21.01.30.jpg|2026-07-12 21.05.27.jpg,1.0,0.8926346302032471,0.9645007108466178,0.8599412576050888,0.9926766351065813,0.9574373202011264
real_uav_finetuned,la_souris_truck,La Souris truck,whitevan,10,3,4|6|7,2026-07-12 21.01.23.jpg|2026-07-12 21.01.33.jpg|2026-07-12 21.01.49.jpg,1.0,0.8915921449661255,0.9645007108466178,0.8599412576050888,0.9947002144883265,0.9593890639532741
real_uav_finetuned,la_souris_truck,La Souris truck,whitevan,10,3,4|6|8,2026-07-12 21.01.23.jpg|2026-07-12 21.01.33.jpg|2026-07-12 21.01.50.jpg,1.0,0.8915921449661255,0.9645007108466178,0.8599412576050888,0.9942479724682728,0.9589528762034576
real_uav_finetuned,la_souris_truck,La Souris truck,whitevan,10,3,4|6|9,2026-07-12 21.01.23.jpg|2026-07-12 21.01.33.jpg|2026-07-12 21.01.51.jpg,1.0,0.8915921449661255,0.9645007108466178,0.8599412576050888,0.994840087069961,0.9595239711576885
real_uav_finetuned,la_souris_truck,La Souris truck,whitevan,10,3,4|6|10,2026-07-12 21.01.23.jpg|2026-07-12 21.01.33.jpg|2026-07-12 21.05.27.jpg,1.0,0.8915921449661255,0.9645007108466178,0.8599412576050888,0.9736223364925497,0.9390594356432092
real_uav_finetuned,la_souris_truck,La Souris truck,whitevan,10,3,4|7|8,2026-07-12 21.01.23.jpg|2026-07-12 21.01.49.jpg|2026-07-12 21.01.50.jpg,1.0,0.8915921449661255,0.9645007108466178,0.8599412576050888,0.9981196497609995,0.9626871117044613
real_uav_finetuned,la_souris_truck,La Souris truck,whitevan,10,3,4|7|9,2026-07-12 21.01.23.jpg|2026-07-12 21.01.49.jpg|2026-07-12 21.01.51.jpg,1.0,0.8915921449661255,0.9645007108466178,0.8599412576050888,0.9983132133047514,0.962873803880004
real_uav_finetuned,la_souris_truck,La Souris truck,whitevan,10,3,4|7|10,2026-07-12 21.01.23.jpg|2026-07-12 21.01.49.jpg|2026-07-12 21.05.27.jpg,1.0,0.8915921449661255,0.9645007108466178,0.8599412576050888,0.9913770847571699,0.9561839029653381
real_uav_finetuned,la_souris_truck,La Souris truck,whitevan,10,3,4|8|9,2026-07-12 21.01.23.jpg|2026-07-12 21.01.50.jpg|2026-07-12 21.01.51.jpg,1.0,0.8915921449661255,0.9645007108466178,0.8599412576050888,0.9981692761924328,0.9627349764328554
real_uav_finetuned,la_souris_truck,La Souris truck,whitevan,10,3,4|8|10,2026-07-12 21.01.23.jpg|2026-07-12 21.01.50.jpg|2026-07-12 21.05.27.jpg,1.0,0.8915921449661255,0.9645007108466178,0.8599412576050888,0.9906412729776969,0.955474211980987
real_uav_finetuned,la_souris_truck,La Souris truck,whitevan,10,3,4|9|10,2026-07-12 21.01.23.jpg|2026-07-12 21.01.51.jpg|2026-07-12 21.05.27.jpg,1.0,0.8915921449661255,0.9645007108466178,0.8599412576050888,0.9916046617814802,0.9564034011670577
real_uav_finetuned,la_souris_truck,La Souris truck,whitevan,10,3,5|6|7,2026-07-12 21.01.30.jpg|2026-07-12 21.01.33.jpg|2026-07-12 21.01.49.jpg,1.0,0.8926346302032471,0.9528853033881385,0.8505784204159799,0.9947511789516867,0.9478837789510864
real_uav_finetuned,la_souris_truck,La Souris truck,whitevan,10,3,5|6|8,2026-07-12 21.01.30.jpg|2026-07-12 21.01.33.jpg|2026-07-12 21.01.50.jpg,1.0,0.8926346302032471,0.9528853033881385,0.8505784204159799,0.9943032858381708,0.9474569881857284
real_uav_finetuned,la_souris_truck,La Souris truck,whitevan,10,3,5|6|9,2026-07-12 21.01.30.jpg|2026-07-12 21.01.33.jpg|2026-07-12 21.01.51.jpg,1.0,0.8926346302032471,0.9528853033881385,0.8505784204159799,0.9948897064730265,0.948015779790286
real_uav_finetuned,la_souris_truck,La Souris truck,whitevan,10,3,5|6|10,2026-07-12 21.01.30.jpg|2026-07-12 21.01.33.jpg|2026-07-12 21.05.27.jpg,1.0,0.8926346302032471,0.9528853033881385,0.8505784204159799,0.9738759926947472,0.9279921207613587
real_uav_finetuned,la_souris_truck,La Souris truck,whitevan,10,3,5|7|8,2026-07-12 21.01.30.jpg|2026-07-12 21.01.49.jpg|2026-07-12 21.01.50.jpg,1.0,0.8926346302032471,0.9528853033881385,0.8505784204159799,0.9981377318212354,0.9511107754096263
real_uav_finetuned,la_souris_truck,La Souris truck,whitevan,10,3,5|7|9,2026-07-12 21.01.30.jpg|2026-07-12 21.01.49.jpg|2026-07-12 21.01.51.jpg,1.0,0.8926346302032471,0.9528853033881385,0.8505784204159799,0.9983294339949166,0.9512934455935547
real_uav_finetuned,la_souris_truck,La Souris truck,whitevan,10,3,5|7|10,2026-07-12 21.01.30.jpg|2026-07-12 21.01.49.jpg|2026-07-12 21.05.27.jpg,1.0,0.8926346302032471,0.9528853033881385,0.8505784204159799,0.9914600055182051,0.9447476681554203
real_uav_finetuned,la_souris_truck,La Souris truck,whitevan,10,3,5|8|9,2026-07-12 21.01.30.jpg|2026-07-12 21.01.50.jpg|2026-07-12 21.01.51.jpg,1.0,0.8926346302032471,0.9528853033881385,0.8505784204159799,0.9981868810287432,0.9511576089671336
real_uav_finetuned,la_souris_truck,La Souris truck,whitevan,10,3,5|8|10,2026-07-12 21.01.30.jpg|2026-07-12 21.01.50.jpg|2026-07-12 21.05.27.jpg,1.0,0.8926346302032471,0.9528853033881385,0.8505784204159799,0.9907312695444213,0.9440532663559514
real_uav_finetuned,la_souris_truck,La Souris truck,whitevan,10,3,5|9|10,2026-07-12 21.01.30.jpg|2026-07-12 21.01.51.jpg|2026-07-12 21.05.27.jpg,1.0,0.8926346302032471,0.9528853033881385,0.8505784204159799,0.991685394087739,0.9449624376108808
real_uav_finetuned,la_souris_truck,La Souris truck,whitevan,10,3,6|7|8,2026-07-12 21.01.33.jpg|2026-07-12 21.01.49.jpg|2026-07-12 21.01.50.jpg,1.0,0.8735823631286621,0.9117771688696744,0.7965124538279313,0.9932923889366447,0.9056613222444494
real_uav_finetuned,la_souris_truck,La Souris truck,whitevan,10,3,6|7|9,2026-07-12 21.01.33.jpg|2026-07-12 21.01.49.jpg|2026-07-12 21.01.51.jpg,1.0,0.8769187927246094,0.9117771688696744,0.7965124538279313,0.9939828714545309,0.9062908884397617
real_uav_finetuned,la_souris_truck,La Souris truck,whitevan,10,3,6|7|10,2026-07-12 21.01.33.jpg|2026-07-12 21.01.49.jpg|2026-07-12 21.05.27.jpg,1.0,0.8735823631286621,0.9117771688696744,0.7965124538279313,0.9692402189328696,0.8837311027732353
real_uav_finetuned,la_souris_truck,La Souris truck,whitevan,10,3,6|8|9,2026-07-12 21.01.33.jpg|2026-07-12 21.01.50.jpg|2026-07-12 21.01.51.jpg,1.0,0.8769187927246094,0.9110682827979957,0.7860650461740908,0.9934694170208879,0.9051184757775461
real_uav_finetuned,la_souris_truck,La Souris truck,whitevan,10,3,6|8|10,2026-07-12 21.01.33.jpg|2026-07-12 21.01.50.jpg|2026-07-12 21.05.27.jpg,1.0,0.8627948760986328,0.9110682827979957,0.7860650461740908,0.9666154210999064,0.8806526518275531
real_uav_finetuned,la_souris_truck,La Souris truck,whitevan,10,3,6|9|10,2026-07-12 21.01.33.jpg|2026-07-12 21.01.51.jpg|2026-07-12 21.05.27.jpg,1.0,0.8769187927246094,0.8960493209314967,0.7857624887329542,0.9700520348033219,0.8692144670537332
real_uav_finetuned,la_souris_truck,La Souris truck,whitevan,10,3,7|8|9,2026-07-12 21.01.49.jpg|2026-07-12 21.01.50.jpg|2026-07-12 21.01.51.jpg,1.0,0.8769187927246094,0.9117771688696744,0.7965124538279313,0.9978651383016071,0.9098306507143854
real_uav_finetuned,la_souris_truck,La Souris truck,whitevan,10,3,7|8|10,2026-07-12 21.01.49.jpg|2026-07-12 21.01.50.jpg|2026-07-12 21.05.27.jpg,1.0,0.8735823631286621,0.9117771688696744,0.7965124538279313,0.9890865089627149,0.901826496909214
real_uav_finetuned,la_souris_truck,La Souris truck,whitevan,10,3,7|9|10,2026-07-12 21.01.49.jpg|2026-07-12 21.01.51.jpg|2026-07-12 21.05.27.jpg,1.0,0.8769187927246094,0.9117771688696744,0.7965124538279313,0.9902099454141099,0.902850820616272
real_uav_finetuned,la_souris_truck,La Souris truck,whitevan,10,3,8|9|10,2026-07-12 21.01.50.jpg|2026-07-12 21.01.51.jpg|2026-07-12 21.05.27.jpg,1.0,0.8769187927246094,0.9110682827979957,0.7860650461740908,0.9893745391410433,0.9013877624192888
real_uav_finetuned,m_truck,M truck,whitevan,5,1,1,2026-07-12 21.22.14.jpg,1.0,0.8838398456573486,0.9560500177609577,0.8449951001385503,0.8838398456573486,0.8449951001385503
real_uav_finetuned,m_truck,M truck,whitevan,5,1,2,2026-07-12 21.21.43.jpg,1.0,0.7663991451263428,0.9248497798443651,0.7088040806430077,0.7663991451263428,0.7088040806430077
real_uav_finetuned,m_truck,M truck,whitevan,5,1,3,2026-07-12 21.21.46.jpg,1.0,0.9117172360420227,0.9192993292335712,0.8381410435441169,0.9117172360420227,0.8381410435441169
real_uav_finetuned,m_truck,M truck,whitevan,5,1,4,2026-07-12 21.21.47.jpg,1.0,0.9109909534454346,0.9092171153497018,0.8282885668013326,0.9109909534454346,0.8282885668013326
real_uav_finetuned,m_truck,M truck,whitevan,5,1,5,2026-07-12 21.22.11.jpg,1.0,0.7970370054244995,0.8932041081475968,0.7119167275908214,0.7970370054244995,0.7119167275908214
real_uav_finetuned,m_truck,M truck,whitevan,5,2,1|2,2026-07-12 21.22.14.jpg|2026-07-12 21.21.43.jpg,1.0,0.8838398456573486,0.9560500177609577,0.8449951001385503,0.9728648886433007,0.9301074940664397
real_uav_finetuned,m_truck,M truck,whitevan,5,2,1|3,2026-07-12 21.22.14.jpg|2026-07-12 21.21.46.jpg,1.0,0.9117172360420227,0.9560500177609577,0.8449951001385503,0.9897450605128455,0.946245782682126
real_uav_finetuned,m_truck,M truck,whitevan,5,2,1|4,2026-07-12 21.22.14.jpg|2026-07-12 21.21.47.jpg,1.0,0.9109909534454346,0.9560500177609577,0.8449951001385503,0.9896606954143294,0.9461651254281914
real_uav_finetuned,m_truck,M truck,whitevan,5,2,1|5,2026-07-12 21.22.14.jpg|2026-07-12 21.22.11.jpg,1.0,0.8838398456573486,0.9560500177609577,0.8449951001385503,0.9764237872242632,0.9335099791179783
real_uav_finetuned,m_truck,M truck,whitevan,5,2,2|3,2026-07-12 21.21.43.jpg|2026-07-12 21.21.46.jpg,1.0,0.9117172360420227,0.9248497798443651,0.8381410435441169,0.9793770708688072,0.9057766683776355
real_uav_finetuned,m_truck,M truck,whitevan,5,2,2|4,2026-07-12 21.21.43.jpg|2026-07-12 21.21.47.jpg,1.0,0.9109909534454346,0.9248497798443651,0.8282885668013326,0.9792074106333644,0.9056197581462379
real_uav_finetuned,m_truck,M truck,whitevan,5,2,2|5,2026-07-12 21.21.43.jpg|2026-07-12 21.22.11.jpg,1.0,0.7970370054244995,0.9248497798443651,0.7119167275908214,0.9525876709594456,0.8810004977692998
real_uav_finetuned,m_truck,M truck,whitevan,5,2,3|4,2026-07-12 21.21.46.jpg|2026-07-12 21.21.47.jpg,1.0,0.9117172360420227,0.9192993292335712,0.8381410435441169,0.9921420353528987,0.9120755076043499
real_uav_finetuned,m_truck,M truck,whitevan,5,2,3|5,2026-07-12 21.21.46.jpg|2026-07-12 21.22.11.jpg,1.0,0.9117172360420227,0.9192993292335712,0.8381410435441169,0.9820818658576869,0.9028272005354255
real_uav_finetuned,m_truck,M truck,whitevan,5,2,4|5,2026-07-12 21.21.47.jpg|2026-07-12 21.22.11.jpg,1.0,0.9109909534454346,0.9092171153497018,0.8282885668013326,0.9819344573669753,0.8927916147896761
real_uav_finetuned,m_truck,M truck,whitevan,5,3,1|2|3,2026-07-12 21.22.14.jpg|2026-07-12 21.21.43.jpg|2026-07-12 21.21.46.jpg,1.0,0.9117172360420227,0.9560500177609577,0.8449951001385503,0.9976044373691231,0.9537597400651603
real_uav_finetuned,m_truck,M truck,whitevan,5,3,1|2|4,2026-07-12 21.22.14.jpg|2026-07-12 21.21.43.jpg|2026-07-12 21.21.47.jpg,1.0,0.9109909534454346,0.9560500177609577,0.8449951001385503,0.9975847296099882,0.9537408984616894
real_uav_finetuned,m_truck,M truck,whitevan,5,3,1|2|5,2026-07-12 21.22.14.jpg|2026-07-12 21.21.43.jpg|2026-07-12 21.22.11.jpg,1.0,0.8838398456573486,0.9560500177609577,0.8449951001385503,0.9944925765409046,0.9507846454650724
real_uav_finetuned,m_truck,M truck,whitevan,5,3,1|3|4,2026-07-12 21.22.14.jpg|2026-07-12 21.21.46.jpg|2026-07-12 21.21.47.jpg,1.0,0.9117172360420227,0.9560500177609577,0.8449951001385503,0.9990872176137736,0.955177352144394
real_uav_finetuned,m_truck,M truck,whitevan,5,3,1|3|5,2026-07-12 21.22.14.jpg|2026-07-12 21.21.46.jpg|2026-07-12 21.22.11.jpg,1.0,0.9117172360420227,0.9560500177609577,0.8449951001385503,0.9979186267724965,0.9540601208498358
real_uav_finetuned,m_truck,M truck,whitevan,5,3,1|4|5,2026-07-12 21.22.14.jpg|2026-07-12 21.21.47.jpg|2026-07-12 21.22.11.jpg,1.0,0.9109909534454346,0.9560500177609577,0.8449951001385503,0.9979015037794641,0.954043750412043
real_uav_finetuned,m_truck,M truck,whitevan,5,3,2|3|4,2026-07-12 21.21.43.jpg|2026-07-12 21.21.46.jpg|2026-07-12 21.21.47.jpg,1.0,0.9117172360420227,0.9248497798443651,0.8381410435441169,0.9981643727408701,0.9231521003778825
real_uav_finetuned,m_truck,M truck,whitevan,5,3,2|3|5,2026-07-12 21.21.43.jpg|2026-07-12 21.21.46.jpg|2026-07-12 21.22.11.jpg,1.0,0.9117172360420227,0.9248497798443651,0.8381410435441169,0.9958143085466148,0.9209786440252054
real_uav_finetuned,m_truck,M truck,whitevan,5,3,2|4|5,2026-07-12 21.21.43.jpg|2026-07-12 21.21.47.jpg|2026-07-12 21.22.11.jpg,1.0,0.9109909534454346,0.9248497798443651,0.8282885668013326,0.9957798737971689,0.9209467970547613
real_uav_finetuned,m_truck,M truck,whitevan,5,3,3|4|5,2026-07-12 21.21.46.jpg|2026-07-12 21.21.47.jpg|2026-07-12 21.22.11.jpg,1.0,0.9117172360420227,0.9192993292335712,0.8381410435441169,0.9984051239639559,0.9178331607634251
real_uav_finetuned,white_truck_bottendaal,white truck Bottendaal,whitevan,7,1,1,2026-06-30 15.33.46.jpg,1.0,0.9494345188140869,0.9786014828115247,0.9291180279439119,0.9494345188140869,0.9291180279439119
real_uav_finetuned,white_truck_bottendaal,white truck Bottendaal,whitevan,7,1,2,2026-06-30 15.33.52.jpg,1.0,0.966159462928772,0.9522466439498933,0.9200221060943545,0.966159462928772,0.9200221060943545
real_uav_finetuned,white_truck_bottendaal,white truck Bottendaal,whitevan,7,1,3,2026-06-30 15.34.24.jpg,1.0,0.8979946374893188,0.8752139445994429,0.7859374289061736,0.8979946374893188,0.7859374289061736
real_uav_finetuned,white_truck_bottendaal,white truck Bottendaal,whitevan,7,1,4,2026-06-30 15.34.33.jpg,1.0,0.9423846006393433,0.9204752109698954,0.86744166408828,0.9423846006393433,0.86744166408828
real_uav_finetuned,white_truck_bottendaal,white truck Bottendaal,whitevan,7,1,5,2026-06-30 15.35.01.jpg,1.0,0.9379739761352539,0.8924390697957509,0.8370846227547679,0.9379739761352539,0.8370846227547679
real_uav_finetuned,white_truck_bottendaal,white truck Bottendaal,whitevan,7,1,6,2026-06-30 15.33.29.jpg,1.0,0.9589520692825317,0.8795471272217767,0.843443537680829,0.9589520692825317,0.843443537680829
real_uav_finetuned,white_truck_bottendaal,white truck Bottendaal,whitevan,7,1,7,2026-06-30 15.33.34.jpg,1.0,0.9562207460403442,0.9397738800411717,0.8986312806821981,0.9562207460403442,0.8986312806821981
real_uav_finetuned,white_truck_bottendaal,white truck Bottendaal,whitevan,7,2,1|2,2026-06-30 15.33.46.jpg|2026-06-30 15.33.52.jpg,1.0,0.966159462928772,0.9786014828115247,0.9291180279439119,0.9982888369594036,0.9769269361226648
real_uav_finetuned,white_truck_bottendaal,white truck Bottendaal,whitevan,7,2,1|3,2026-06-30 15.33.46.jpg|2026-06-30 15.34.24.jpg,1.0,0.9494345188140869,0.9786014828115247,0.9291180279439119,0.9948420497611039,0.9735539050594729
real_uav_finetuned,white_truck_bottendaal,white truck Bottendaal,whitevan,7,2,1|4,2026-06-30 15.33.46.jpg|2026-06-30 15.34.33.jpg,1.0,0.9494345188140869,0.9786014828115247,0.9291180279439119,0.9970866496076098,0.9757504737975822
real_uav_finetuned,white_truck_bottendaal,white truck Bottendaal,whitevan,7,2,1|5,2026-06-30 15.33.46.jpg|2026-06-30 15.35.01.jpg,1.0,0.9494345188140869,0.9786014828115247,0.9291180279439119,0.9968636242572302,0.975532220858996
real_uav_finetuned,white_truck_bottendaal,white truck Bottendaal,whitevan,7,2,1|6,2026-06-30 15.33.46.jpg|2026-06-30 15.33.29.jpg,1.0,0.9589520692825317,0.9786014828115247,0.9291180279439119,0.9979243916315852,0.976570289384458
real_uav_finetuned,white_truck_bottendaal,white truck Bottendaal,whitevan,7,2,1|7,2026-06-30 15.33.46.jpg|2026-06-30 15.33.34.jpg,1.0,0.9562207460403442,0.9786014828115247,0.9291180279439119,0.9977862809575697,0.9764351340740743
real_uav_finetuned,white_truck_bottendaal,white truck Bottendaal,whitevan,7,2,2|3,2026-06-30 15.33.52.jpg|2026-06-30 15.34.24.jpg,1.0,0.966159462928772,0.9522466439498933,0.9200221060943545,0.9965480837484932,0.9489595682841999
real_uav_finetuned,white_truck_bottendaal,white truck Bottendaal,whitevan,7,2,2|4,2026-06-30 15.33.52.jpg|2026-06-30 15.34.33.jpg,1.0,0.966159462928772,0.9522466439498933,0.9200221060943545,0.9980502639420621,0.9503900143321339
real_uav_finetuned,white_truck_bottendaal,white truck Bottendaal,whitevan,7,2,2|5,2026-06-30 15.33.52.jpg|2026-06-30 15.35.01.jpg,1.0,0.966159462928772,0.9522466439498933,0.9200221060943545,0.9979010060400242,0.9502478839958353
real_uav_finetuned,white_truck_bottendaal,white truck Bottendaal,whitevan,7,2,2|6,2026-06-30 15.33.52.jpg|2026-06-30 15.33.29.jpg,1.0,0.966159462928772,0.9522466439498933,0.9200221060943545,0.9986109159788583,0.9509238933525967
real_uav_finetuned,white_truck_bottendaal,white truck Bottendaal,whitevan,7,2,2|7,2026-06-30 15.33.52.jpg|2026-06-30 15.33.34.jpg,1.0,0.966159462928772,0.9522466439498933,0.9200221060943545,0.9985184865334276,0.9508358777233832
real_uav_finetuned,white_truck_bottendaal,white truck Bottendaal,whitevan,7,2,3|4,2026-06-30 15.34.24.jpg|2026-06-30 15.34.33.jpg,1.0,0.9423846006393433,0.9204752109698954,0.86744166408828,0.9941229203020185,0.915065504795009
real_uav_finetuned,white_truck_bottendaal,white truck Bottendaal,whitevan,7,2,3|5,2026-06-30 15.34.24.jpg|2026-06-30 15.35.01.jpg,1.0,0.9379739761352539,0.8924390697957509,0.8370846227547679,0.9936730129505804,0.8867926193587572
real_uav_finetuned,white_truck_bottendaal,white truck Bottendaal,whitevan,7,2,3|6,2026-06-30 15.34.24.jpg|2026-06-30 15.33.29.jpg,1.0,0.9589520692825317,0.8795471272217767,0.843443537680829,0.9958128909468513,0.8758643674827156
real_uav_finetuned,white_truck_bottendaal,white truck Bottendaal,whitevan,7,2,3|7,2026-06-30 15.34.24.jpg|2026-06-30 15.33.34.jpg,1.0,0.9562207460403442,0.9397738800411717,0.8986312806821981,0.9955342813293981,0.9355771142789279
real_uav_finetuned,white_truck_bottendaal,white truck Bottendaal,whitevan,7,2,4|5,2026-06-30 15.34.33.jpg|2026-06-30 15.35.01.jpg,1.0,0.9423846006393433,0.9204752109698954,0.86744166408828,0.996426345864279,0.9171857509253841
real_uav_finetuned,white_truck_bottendaal,white truck Bottendaal,whitevan,7,2,4|6,2026-06-30 15.34.33.jpg|2026-06-30 15.33.29.jpg,1.0,0.9589520692825317,0.9204752109698954,0.86744166408828,0.9976350070787845,0.9182982936117973
real_uav_finetuned,white_truck_bottendaal,white truck Bottendaal,whitevan,7,2,4|7,2026-06-30 15.34.33.jpg|2026-06-30 15.33.34.jpg,1.0,0.9562207460403442,0.9397738800411717,0.8986312806821981,0.9974776407994028,0.9374034327483689
real_uav_finetuned,white_truck_bottendaal,white truck Bottendaal,whitevan,7,2,5|6,2026-06-30 15.35.01.jpg|2026-06-30 15.33.29.jpg,1.0,0.9589520692825317,0.8924390697957509,0.843443537680829,0.9974539600697199,0.8901668842887089
real_uav_finetuned,white_truck_bottendaal,white truck Bottendaal,whitevan,7,2,5|7,2026-06-30 15.35.01.jpg|2026-06-30 15.33.34.jpg,1.0,0.9562207460403442,0.9397738800411717,0.8986312806821981,0.9972845469491176,0.9372219681914743
real_uav_finetuned,white_truck_bottendaal,white truck Bottendaal,whitevan,7,2,6|7,2026-06-30 15.33.29.jpg|2026-06-30 15.33.34.jpg,1.0,0.9589520692825317,0.9397738800411717,0.8986312806821981,0.9982029522166016,0.938085061473148
real_uav_finetuned,white_truck_bottendaal,white truck Bottendaal,whitevan,7,3,1|2|3,2026-06-30 15.33.46.jpg|2026-06-30 15.33.52.jpg|2026-06-30 15.34.24.jpg,1.0,0.966159462928772,0.9786014828115247,0.9291180279439119,0.9998254521937291,0.9784306700694865
real_uav_finetuned,white_truck_bottendaal,white truck Bottendaal,whitevan,7,3,1|2|4,2026-06-30 15.33.46.jpg|2026-06-30 15.33.52.jpg|2026-06-30 15.34.33.jpg,1.0,0.966159462928772,0.9786014828115247,0.9291180279439119,0.9999014106580448,0.978505003135298
real_uav_finetuned,white_truck_bottendaal,white truck Bottendaal,whitevan,7,3,1|2|5,2026-06-30 15.33.46.jpg|2026-06-30 15.33.52.jpg|2026-06-30 15.35.01.jpg,1.0,0.966159462928772,0.9786014828115247,0.9291180279439119,0.9998938633604075,0.9784976173386388
real_uav_finetuned,white_truck_bottendaal,white truck Bottendaal,whitevan,7,3,1|2|6,2026-06-30 15.33.46.jpg|2026-06-30 15.33.52.jpg|2026-06-30 15.33.29.jpg,1.0,0.966159462928772,0.9786014828115247,0.9291180279439119,0.9999297602980634,0.9785327461350573
real_uav_finetuned,white_truck_bottendaal,white truck Bottendaal,whitevan,7,3,1|2|7,2026-06-30 15.33.46.jpg|2026-06-30 15.33.52.jpg|2026-06-30 15.33.34.jpg,1.0,0.966159462928772,0.9786014828115247,0.9291180279439119,0.9999250865586794,0.9785281724067658
real_uav_finetuned,white_truck_bottendaal,white truck Bottendaal,whitevan,7,3,1|3|4,2026-06-30 15.33.46.jpg|2026-06-30 15.34.24.jpg|2026-06-30 15.34.33.jpg,1.0,0.9494345188140869,0.9786014828115247,0.9291180279439119,0.9997028226371036,0.9783106646035363
real_uav_finetuned,white_truck_bottendaal,white truck Bottendaal,whitevan,7,3,1|3|5,2026-06-30 15.33.46.jpg|2026-06-30 15.34.24.jpg|2026-06-30 15.35.01.jpg,1.0,0.9494345188140869,0.9786014828115247,0.9291180279439119,0.9996800728553891,0.9782884016334168
real_uav_finetuned,white_truck_bottendaal,white truck Bottendaal,whitevan,7,3,1|3|6,2026-06-30 15.33.46.jpg|2026-06-30 15.34.24.jpg|2026-06-30 15.33.29.jpg,1.0,0.9589520692825317,0.9786014828115247,0.9291180279439119,0.9997882768159496,0.9783942901896674
real_uav_finetuned,white_truck_bottendaal,white truck Bottendaal,whitevan,7,3,1|3|7,2026-06-30 15.33.46.jpg|2026-06-30 15.34.24.jpg|2026-06-30 15.33.34.jpg,1.0,0.9562207460403442,0.9786014828115247,0.9291180279439119,0.9997741887865801,0.9783805036232365
real_uav_finetuned,white_truck_bottendaal,white truck Bottendaal,whitevan,7,3,1|4|5,2026-06-30 15.33.46.jpg|2026-06-30 15.34.33.jpg|2026-06-30 15.35.01.jpg,1.0,0.9494345188140869,0.9786014828115247,0.9291180279439119,0.9998192964590352,0.9784246460583873
real_uav_finetuned,white_truck_bottendaal,white truck Bottendaal,whitevan,7,3,1|4|6,2026-06-30 15.33.46.jpg|2026-06-30 15.34.33.jpg|2026-06-30 15.33.29.jpg,1.0,0.9589520692825317,0.9786014828115247,0.9291180279439119,0.9998804129949375,0.9784844547910455
real_uav_finetuned,white_truck_bottendaal,white truck Bottendaal,whitevan,7,3,1|4|7,2026-06-30 15.33.46.jpg|2026-06-30 15.34.33.jpg|2026-06-30 15.33.34.jpg,1.0,0.9562207460403442,0.9786014828115247,0.9291180279439119,0.9998724556932981,0.978476667763862
real_uav_finetuned,white_truck_bottendaal,white truck Bottendaal,whitevan,7,3,1|5|6,2026-06-30 15.33.46.jpg|2026-06-30 15.35.01.jpg|2026-06-30 15.33.29.jpg,1.0,0.9589520692825317,0.9786014828115247,0.9291180279439119,0.9998712582658068,0.9784754959595435
real_uav_finetuned,white_truck_bottendaal,white truck Bottendaal,whitevan,7,3,1|5|7,2026-06-30 15.33.46.jpg|2026-06-30 15.35.01.jpg|2026-06-30 15.33.34.jpg,1.0,0.9562207460403442,0.9786014828115247,0.9291180279439119,0.9998626918098443,0.9784671128130362
real_uav_finetuned,white_truck_bottendaal,white truck Bottendaal,whitevan,7,3,1|6|7,2026-06-30 15.33.46.jpg|2026-06-30 15.33.29.jpg|2026-06-30 15.33.34.jpg,1.0,0.9589520692825317,0.9786014828115247,0.9291180279439119,0.9999091314141184,0.97851255867864
real_uav_finetuned,white_truck_bottendaal,white truck Bottendaal,whitevan,7,3,2|3|4,2026-06-30 15.33.52.jpg|2026-06-30 15.34.24.jpg|2026-06-30 15.34.33.jpg,1.0,0.966159462928772,0.9522466439498933,0.9200221060943545,0.9998011164666099,0.9520572577726857
real_uav_finetuned,white_truck_bottendaal,white truck Bottendaal,whitevan,7,3,2|3|5,2026-06-30 15.33.52.jpg|2026-06-30 15.34.24.jpg|2026-06-30 15.35.01.jpg,1.0,0.966159462928772,0.9522466439498933,0.9200221060943545,0.9997858913602049,0.9520427597162078
real_uav_finetuned,white_truck_bottendaal,white truck Bottendaal,whitevan,7,3,2|3|6,2026-06-30 15.33.52.jpg|2026-06-30 15.34.24.jpg|2026-06-30 15.33.29.jpg,1.0,0.966159462928772,0.9522466439498933,0.9200221060943545,0.9998583059808657,0.9521117162957049
real_uav_finetuned,white_truck_bottendaal,white truck Bottendaal,whitevan,7,3,2|3|7,2026-06-30 15.33.52.jpg|2026-06-30 15.34.24.jpg|2026-06-30 15.33.34.jpg,1.0,0.966159462928772,0.9522466439498933,0.9200221060943545,0.9998488776817778,0.9521027382295403
real_uav_finetuned,white_truck_bottendaal,white truck Bottendaal,whitevan,7,3,2|4|5,2026-06-30 15.33.52.jpg|2026-06-30 15.34.33.jpg|2026-06-30 15.35.01.jpg,1.0,0.966159462928772,0.9522466439498933,0.9200221060943545,0.9998790656247404,0.9521314845969142
real_uav_finetuned,white_truck_bottendaal,white truck Bottendaal,whitevan,7,3,2|4|6,2026-06-30 15.33.52.jpg|2026-06-30 15.34.33.jpg|2026-06-30 15.33.29.jpg,1.0,0.966159462928772,0.9522466439498933,0.9200221060943545,0.9999199673693764,0.9521704331459755
real_uav_finetuned,white_truck_bottendaal,white truck Bottendaal,whitevan,7,3,2|4|7,2026-06-30 15.33.52.jpg|2026-06-30 15.34.33.jpg|2026-06-30 15.33.34.jpg,1.0,0.966159462928772,0.9522466439498933,0.9200221060943545,0.9999146420099653,0.9521653620903484
real_uav_finetuned,white_truck_bottendaal,white truck Bottendaal,whitevan,7,3,2|5|6,2026-06-30 15.33.52.jpg|2026-06-30 15.35.01.jpg|2026-06-30 15.33.29.jpg,1.0,0.966159462928772,0.9522466439498933,0.9200221060943545,0.9999138406413546,0.9521645989897783
real_uav_finetuned,white_truck_bottendaal,white truck Bottendaal,whitevan,7,3,2|5|7,2026-06-30 15.33.52.jpg|2026-06-30 15.35.01.jpg|2026-06-30 15.33.34.jpg,1.0,0.966159462928772,0.9522466439498933,0.9200221060943545,0.9999081076103664,0.9521591397302602
real_uav_finetuned,white_truck_bottendaal,white truck Bottendaal,whitevan,7,3,2|6|7,2026-06-30 15.33.52.jpg|2026-06-30 15.33.29.jpg|2026-06-30 15.33.34.jpg,1.0,0.966159462928772,0.9522466439498933,0.9200221060943545,0.9999391869378671,0.952188734915569
real_uav_finetuned,white_truck_bottendaal,white truck Bottendaal,whitevan,7,3,3|4|5,2026-06-30 15.34.24.jpg|2026-06-30 15.34.33.jpg|2026-06-30 15.35.01.jpg,1.0,0.9423846006393433,0.9204752109698954,0.86744166408828,0.999635468114398,0.9201396684055906
real_uav_finetuned,white_truck_bottendaal,white truck Bottendaal,whitevan,7,3,3|4|6,2026-06-30 15.34.24.jpg|2026-06-30 15.34.33.jpg|2026-06-30 15.33.29.jpg,1.0,0.9589520692825317,0.9204752109698954,0.86744166408828,0.9997587580397362,0.9202531537256268
real_uav_finetuned,white_truck_bottendaal,white truck Bottendaal,whitevan,7,3,3|4|7,2026-06-30 15.34.24.jpg|2026-06-30 15.34.33.jpg|2026-06-30 15.33.34.jpg,1.0,0.9562207460403442,0.9397738800411717,0.8986312806821981,0.999742705835361,0.9395320817057569
real_uav_finetuned,white_truck_bottendaal,white truck Bottendaal,whitevan,7,3,3|5|6,2026-06-30 15.34.24.jpg|2026-06-30 15.35.01.jpg|2026-06-30 15.33.29.jpg,1.0,0.9589520692825317,0.8924390697957509,0.843443537680829,0.9997402902739451,0.8922072946894135
real_uav_finetuned,white_truck_bottendaal,white truck Bottendaal,whitevan,7,3,3|5|7,2026-06-30 15.34.24.jpg|2026-06-30 15.35.01.jpg|2026-06-30 15.33.34.jpg,1.0,0.9562207460403442,0.9397738800411717,0.8986312806821981,0.9997230092271641,0.9395135713478481
real_uav_finetuned,white_truck_bottendaal,white truck Bottendaal,whitevan,7,3,3|6|7,2026-06-30 15.34.24.jpg|2026-06-30 15.33.29.jpg|2026-06-30 15.33.34.jpg,1.0,0.9589520692825317,0.9397738800411717,0.8986312806821981,0.9998166914894054,0.9396016114909257
real_uav_finetuned,white_truck_bottendaal,white truck Bottendaal,whitevan,7,3,4|5|6,2026-06-30 15.34.33.jpg|2026-06-30 15.35.01.jpg|2026-06-30 15.33.29.jpg,1.0,0.9589520692825317,0.9204752109698954,0.86744166408828,0.9998533088926287,0.9203401854418903
real_uav_finetuned,white_truck_bottendaal,white truck Bottendaal,whitevan,7,3,4|5|7,2026-06-30 15.34.33.jpg|2026-06-30 15.35.01.jpg|2026-06-30 15.33.34.jpg,1.0,0.9562207460403442,0.9397738800411717,0.8986312806821981,0.9998435480880283,0.9396268506208182
real_uav_finetuned,white_truck_bottendaal,white truck Bottendaal,whitevan,7,3,4|6|7,2026-06-30 15.34.33.jpg|2026-06-30 15.33.29.jpg|2026-06-30 15.33.34.jpg,1.0,0.9589520692825317,0.9397738800411717,0.8986312806821981,0.9998964623742893,0.9396765780849273
real_uav_finetuned,white_truck_bottendaal,white truck Bottendaal,whitevan,7,3,5|6|7,2026-06-30 15.35.01.jpg|2026-06-30 15.33.29.jpg|2026-06-30 15.33.34.jpg,1.0,0.9589520692825317,0.9397738800411717,0.8986312806821981,0.9998885362713008,0.9396691293403682
