model,object,target_class,n_views_in_game,coalition_size,coalition_view_ids,coalition_filenames,detection,best_strict_quality,noisy_or_best_iou,best_matched_confidence,best_matched_iou,noisy_or_confidence
synthetic_m4,parkinglot_car,suv,6,0,empty,empty,0.0,0.0,0.0,0.0,0.0,0.0
synthetic_m4,parkinglot_car,suv,6,1,1,2026-06-28 20.56.45.jpg,0.0,0.0,0.0,0.0,0.0,0.0
synthetic_m4,parkinglot_car,suv,6,1,2,2026-06-28 20.56.46.jpg,0.0,0.000744468320427639,0.000744468320427639,0.0010154901538044214,0.733112298173026,0.0010154901538044214
synthetic_m4,parkinglot_car,suv,6,1,3,2026-06-28 20.56.47.jpg,0.0,0.0,0.0,0.0,0.0,0.0
synthetic_m4,parkinglot_car,suv,6,1,4,2026-06-28 20.56.54.jpg,0.0,0.0,0.0,0.0,0.0,0.0
synthetic_m4,parkinglot_car,suv,6,1,5,2026-06-28 20.58.04.jpg,0.0,0.0,0.0,0.0,0.0,0.0
synthetic_m4,parkinglot_car,suv,6,1,6,2026-06-28 20.58.01.jpg,0.0,0.0,0.0,0.0,0.0,0.0
synthetic_m4,parkinglot_car,suv,6,2,1|2,2026-06-28 20.56.45.jpg|2026-06-28 20.56.46.jpg,0.0,0.000744468320427639,0.000744468320427639,0.0010154901538044214,0.733112298173026,0.0010154901538044214
synthetic_m4,parkinglot_car,suv,6,2,1|3,2026-06-28 20.56.45.jpg|2026-06-28 20.56.47.jpg,0.0,0.0,0.0,0.0,0.0,0.0
synthetic_m4,parkinglot_car,suv,6,2,1|4,2026-06-28 20.56.45.jpg|2026-06-28 20.56.54.jpg,0.0,0.0,0.0,0.0,0.0,0.0
synthetic_m4,parkinglot_car,suv,6,2,1|5,2026-06-28 20.56.45.jpg|2026-06-28 20.58.04.jpg,0.0,0.0,0.0,0.0,0.0,0.0
synthetic_m4,parkinglot_car,suv,6,2,1|6,2026-06-28 20.56.45.jpg|2026-06-28 20.58.01.jpg,0.0,0.0,0.0,0.0,0.0,0.0
synthetic_m4,parkinglot_car,suv,6,2,2|3,2026-06-28 20.56.46.jpg|2026-06-28 20.56.47.jpg,0.0,0.000744468320427639,0.000744468320427639,0.0010154901538044214,0.733112298173026,0.0010154901538044214
synthetic_m4,parkinglot_car,suv,6,2,2|4,2026-06-28 20.56.46.jpg|2026-06-28 20.56.54.jpg,0.0,0.000744468320427639,0.000744468320427639,0.0010154901538044214,0.733112298173026,0.0010154901538044214
synthetic_m4,parkinglot_car,suv,6,2,2|5,2026-06-28 20.56.46.jpg|2026-06-28 20.58.04.jpg,0.0,0.000744468320427639,0.000744468320427639,0.0010154901538044214,0.733112298173026,0.0010154901538044214
synthetic_m4,parkinglot_car,suv,6,2,2|6,2026-06-28 20.56.46.jpg|2026-06-28 20.58.01.jpg,0.0,0.000744468320427639,0.000744468320427639,0.0010154901538044214,0.733112298173026,0.0010154901538044214
synthetic_m4,parkinglot_car,suv,6,2,3|4,2026-06-28 20.56.47.jpg|2026-06-28 20.56.54.jpg,0.0,0.0,0.0,0.0,0.0,0.0
synthetic_m4,parkinglot_car,suv,6,2,3|5,2026-06-28 20.56.47.jpg|2026-06-28 20.58.04.jpg,0.0,0.0,0.0,0.0,0.0,0.0
synthetic_m4,parkinglot_car,suv,6,2,3|6,2026-06-28 20.56.47.jpg|2026-06-28 20.58.01.jpg,0.0,0.0,0.0,0.0,0.0,0.0
synthetic_m4,parkinglot_car,suv,6,2,4|5,2026-06-28 20.56.54.jpg|2026-06-28 20.58.04.jpg,0.0,0.0,0.0,0.0,0.0,0.0
synthetic_m4,parkinglot_car,suv,6,2,4|6,2026-06-28 20.56.54.jpg|2026-06-28 20.58.01.jpg,0.0,0.0,0.0,0.0,0.0,0.0
synthetic_m4,parkinglot_car,suv,6,2,5|6,2026-06-28 20.58.04.jpg|2026-06-28 20.58.01.jpg,0.0,0.0,0.0,0.0,0.0,0.0
synthetic_m4,parkinglot_car,suv,6,3,1|2|3,2026-06-28 20.56.45.jpg|2026-06-28 20.56.46.jpg|2026-06-28 20.56.47.jpg,0.0,0.000744468320427639,0.000744468320427639,0.0010154901538044214,0.733112298173026,0.0010154901538044214
synthetic_m4,parkinglot_car,suv,6,3,1|2|4,2026-06-28 20.56.45.jpg|2026-06-28 20.56.46.jpg|2026-06-28 20.56.54.jpg,0.0,0.000744468320427639,0.000744468320427639,0.0010154901538044214,0.733112298173026,0.0010154901538044214
synthetic_m4,parkinglot_car,suv,6,3,1|2|5,2026-06-28 20.56.45.jpg|2026-06-28 20.56.46.jpg|2026-06-28 20.58.04.jpg,0.0,0.000744468320427639,0.000744468320427639,0.0010154901538044214,0.733112298173026,0.0010154901538044214
synthetic_m4,parkinglot_car,suv,6,3,1|2|6,2026-06-28 20.56.45.jpg|2026-06-28 20.56.46.jpg|2026-06-28 20.58.01.jpg,0.0,0.000744468320427639,0.000744468320427639,0.0010154901538044214,0.733112298173026,0.0010154901538044214
synthetic_m4,parkinglot_car,suv,6,3,1|3|4,2026-06-28 20.56.45.jpg|2026-06-28 20.56.47.jpg|2026-06-28 20.56.54.jpg,0.0,0.0,0.0,0.0,0.0,0.0
synthetic_m4,parkinglot_car,suv,6,3,1|3|5,2026-06-28 20.56.45.jpg|2026-06-28 20.56.47.jpg|2026-06-28 20.58.04.jpg,0.0,0.0,0.0,0.0,0.0,0.0
synthetic_m4,parkinglot_car,suv,6,3,1|3|6,2026-06-28 20.56.45.jpg|2026-06-28 20.56.47.jpg|2026-06-28 20.58.01.jpg,0.0,0.0,0.0,0.0,0.0,0.0
synthetic_m4,parkinglot_car,suv,6,3,1|4|5,2026-06-28 20.56.45.jpg|2026-06-28 20.56.54.jpg|2026-06-28 20.58.04.jpg,0.0,0.0,0.0,0.0,0.0,0.0
synthetic_m4,parkinglot_car,suv,6,3,1|4|6,2026-06-28 20.56.45.jpg|2026-06-28 20.56.54.jpg|2026-06-28 20.58.01.jpg,0.0,0.0,0.0,0.0,0.0,0.0
synthetic_m4,parkinglot_car,suv,6,3,1|5|6,2026-06-28 20.56.45.jpg|2026-06-28 20.58.04.jpg|2026-06-28 20.58.01.jpg,0.0,0.0,0.0,0.0,0.0,0.0
synthetic_m4,parkinglot_car,suv,6,3,2|3|4,2026-06-28 20.56.46.jpg|2026-06-28 20.56.47.jpg|2026-06-28 20.56.54.jpg,0.0,0.000744468320427639,0.000744468320427639,0.0010154901538044214,0.733112298173026,0.0010154901538044214
synthetic_m4,parkinglot_car,suv,6,3,2|3|5,2026-06-28 20.56.46.jpg|2026-06-28 20.56.47.jpg|2026-06-28 20.58.04.jpg,0.0,0.000744468320427639,0.000744468320427639,0.0010154901538044214,0.733112298173026,0.0010154901538044214
synthetic_m4,parkinglot_car,suv,6,3,2|3|6,2026-06-28 20.56.46.jpg|2026-06-28 20.56.47.jpg|2026-06-28 20.58.01.jpg,0.0,0.000744468320427639,0.000744468320427639,0.0010154901538044214,0.733112298173026,0.0010154901538044214
synthetic_m4,parkinglot_car,suv,6,3,2|4|5,2026-06-28 20.56.46.jpg|2026-06-28 20.56.54.jpg|2026-06-28 20.58.04.jpg,0.0,0.000744468320427639,0.000744468320427639,0.0010154901538044214,0.733112298173026,0.0010154901538044214
synthetic_m4,parkinglot_car,suv,6,3,2|4|6,2026-06-28 20.56.46.jpg|2026-06-28 20.56.54.jpg|2026-06-28 20.58.01.jpg,0.0,0.000744468320427639,0.000744468320427639,0.0010154901538044214,0.733112298173026,0.0010154901538044214
synthetic_m4,parkinglot_car,suv,6,3,2|5|6,2026-06-28 20.56.46.jpg|2026-06-28 20.58.04.jpg|2026-06-28 20.58.01.jpg,0.0,0.000744468320427639,0.000744468320427639,0.0010154901538044214,0.733112298173026,0.0010154901538044214
synthetic_m4,parkinglot_car,suv,6,3,3|4|5,2026-06-28 20.56.47.jpg|2026-06-28 20.56.54.jpg|2026-06-28 20.58.04.jpg,0.0,0.0,0.0,0.0,0.0,0.0
synthetic_m4,parkinglot_car,suv,6,3,3|4|6,2026-06-28 20.56.47.jpg|2026-06-28 20.56.54.jpg|2026-06-28 20.58.01.jpg,0.0,0.0,0.0,0.0,0.0,0.0
synthetic_m4,parkinglot_car,suv,6,3,3|5|6,2026-06-28 20.56.47.jpg|2026-06-28 20.58.04.jpg|2026-06-28 20.58.01.jpg,0.0,0.0,0.0,0.0,0.0,0.0
synthetic_m4,parkinglot_car,suv,6,3,4|5|6,2026-06-28 20.56.54.jpg|2026-06-28 20.58.04.jpg|2026-06-28 20.58.01.jpg,0.0,0.0,0.0,0.0,0.0,0.0
synthetic_m4,parkinglot_car,suv,6,4,1|2|3|4,2026-06-28 20.56.45.jpg|2026-06-28 20.56.46.jpg|2026-06-28 20.56.47.jpg|2026-06-28 20.56.54.jpg,0.0,0.000744468320427639,0.000744468320427639,0.0010154901538044214,0.733112298173026,0.0010154901538044214
synthetic_m4,parkinglot_car,suv,6,4,1|2|3|5,2026-06-28 20.56.45.jpg|2026-06-28 20.56.46.jpg|2026-06-28 20.56.47.jpg|2026-06-28 20.58.04.jpg,0.0,0.000744468320427639,0.000744468320427639,0.0010154901538044214,0.733112298173026,0.0010154901538044214
synthetic_m4,parkinglot_car,suv,6,4,1|2|3|6,2026-06-28 20.56.45.jpg|2026-06-28 20.56.46.jpg|2026-06-28 20.56.47.jpg|2026-06-28 20.58.01.jpg,0.0,0.000744468320427639,0.000744468320427639,0.0010154901538044214,0.733112298173026,0.0010154901538044214
synthetic_m4,parkinglot_car,suv,6,4,1|2|4|5,2026-06-28 20.56.45.jpg|2026-06-28 20.56.46.jpg|2026-06-28 20.56.54.jpg|2026-06-28 20.58.04.jpg,0.0,0.000744468320427639,0.000744468320427639,0.0010154901538044214,0.733112298173026,0.0010154901538044214
synthetic_m4,parkinglot_car,suv,6,4,1|2|4|6,2026-06-28 20.56.45.jpg|2026-06-28 20.56.46.jpg|2026-06-28 20.56.54.jpg|2026-06-28 20.58.01.jpg,0.0,0.000744468320427639,0.000744468320427639,0.0010154901538044214,0.733112298173026,0.0010154901538044214
synthetic_m4,parkinglot_car,suv,6,4,1|2|5|6,2026-06-28 20.56.45.jpg|2026-06-28 20.56.46.jpg|2026-06-28 20.58.04.jpg|2026-06-28 20.58.01.jpg,0.0,0.000744468320427639,0.000744468320427639,0.0010154901538044214,0.733112298173026,0.0010154901538044214
synthetic_m4,parkinglot_car,suv,6,4,1|3|4|5,2026-06-28 20.56.45.jpg|2026-06-28 20.56.47.jpg|2026-06-28 20.56.54.jpg|2026-06-28 20.58.04.jpg,0.0,0.0,0.0,0.0,0.0,0.0
synthetic_m4,parkinglot_car,suv,6,4,1|3|4|6,2026-06-28 20.56.45.jpg|2026-06-28 20.56.47.jpg|2026-06-28 20.56.54.jpg|2026-06-28 20.58.01.jpg,0.0,0.0,0.0,0.0,0.0,0.0
synthetic_m4,parkinglot_car,suv,6,4,1|3|5|6,2026-06-28 20.56.45.jpg|2026-06-28 20.56.47.jpg|2026-06-28 20.58.04.jpg|2026-06-28 20.58.01.jpg,0.0,0.0,0.0,0.0,0.0,0.0
synthetic_m4,parkinglot_car,suv,6,4,1|4|5|6,2026-06-28 20.56.45.jpg|2026-06-28 20.56.54.jpg|2026-06-28 20.58.04.jpg|2026-06-28 20.58.01.jpg,0.0,0.0,0.0,0.0,0.0,0.0
synthetic_m4,parkinglot_car,suv,6,4,2|3|4|5,2026-06-28 20.56.46.jpg|2026-06-28 20.56.47.jpg|2026-06-28 20.56.54.jpg|2026-06-28 20.58.04.jpg,0.0,0.000744468320427639,0.000744468320427639,0.0010154901538044214,0.733112298173026,0.0010154901538044214
synthetic_m4,parkinglot_car,suv,6,4,2|3|4|6,2026-06-28 20.56.46.jpg|2026-06-28 20.56.47.jpg|2026-06-28 20.56.54.jpg|2026-06-28 20.58.01.jpg,0.0,0.000744468320427639,0.000744468320427639,0.0010154901538044214,0.733112298173026,0.0010154901538044214
synthetic_m4,parkinglot_car,suv,6,4,2|3|5|6,2026-06-28 20.56.46.jpg|2026-06-28 20.56.47.jpg|2026-06-28 20.58.04.jpg|2026-06-28 20.58.01.jpg,0.0,0.000744468320427639,0.000744468320427639,0.0010154901538044214,0.733112298173026,0.0010154901538044214
synthetic_m4,parkinglot_car,suv,6,4,2|4|5|6,2026-06-28 20.56.46.jpg|2026-06-28 20.56.54.jpg|2026-06-28 20.58.04.jpg|2026-06-28 20.58.01.jpg,0.0,0.000744468320427639,0.000744468320427639,0.0010154901538044214,0.733112298173026,0.0010154901538044214
synthetic_m4,parkinglot_car,suv,6,4,3|4|5|6,2026-06-28 20.56.47.jpg|2026-06-28 20.56.54.jpg|2026-06-28 20.58.04.jpg|2026-06-28 20.58.01.jpg,0.0,0.0,0.0,0.0,0.0,0.0
synthetic_m4,parkinglot_car,suv,6,5,1|2|3|4|5,2026-06-28 20.56.45.jpg|2026-06-28 20.56.46.jpg|2026-06-28 20.56.47.jpg|2026-06-28 20.56.54.jpg|2026-06-28 20.58.04.jpg,0.0,0.000744468320427639,0.000744468320427639,0.0010154901538044214,0.733112298173026,0.0010154901538044214
synthetic_m4,parkinglot_car,suv,6,5,1|2|3|4|6,2026-06-28 20.56.45.jpg|2026-06-28 20.56.46.jpg|2026-06-28 20.56.47.jpg|2026-06-28 20.56.54.jpg|2026-06-28 20.58.01.jpg,0.0,0.000744468320427639,0.000744468320427639,0.0010154901538044214,0.733112298173026,0.0010154901538044214
synthetic_m4,parkinglot_car,suv,6,5,1|2|3|5|6,2026-06-28 20.56.45.jpg|2026-06-28 20.56.46.jpg|2026-06-28 20.56.47.jpg|2026-06-28 20.58.04.jpg|2026-06-28 20.58.01.jpg,0.0,0.000744468320427639,0.000744468320427639,0.0010154901538044214,0.733112298173026,0.0010154901538044214
synthetic_m4,parkinglot_car,suv,6,5,1|2|4|5|6,2026-06-28 20.56.45.jpg|2026-06-28 20.56.46.jpg|2026-06-28 20.56.54.jpg|2026-06-28 20.58.04.jpg|2026-06-28 20.58.01.jpg,0.0,0.000744468320427639,0.000744468320427639,0.0010154901538044214,0.733112298173026,0.0010154901538044214
synthetic_m4,parkinglot_car,suv,6,5,1|3|4|5|6,2026-06-28 20.56.45.jpg|2026-06-28 20.56.47.jpg|2026-06-28 20.56.54.jpg|2026-06-28 20.58.04.jpg|2026-06-28 20.58.01.jpg,0.0,0.0,0.0,0.0,0.0,0.0
synthetic_m4,parkinglot_car,suv,6,5,2|3|4|5|6,2026-06-28 20.56.46.jpg|2026-06-28 20.56.47.jpg|2026-06-28 20.56.54.jpg|2026-06-28 20.58.04.jpg|2026-06-28 20.58.01.jpg,0.0,0.000744468320427639,0.000744468320427639,0.0010154901538044214,0.733112298173026,0.0010154901538044214
synthetic_m4,parkinglot_car,suv,6,6,1|2|3|4|5|6,2026-06-28 20.56.45.jpg|2026-06-28 20.56.46.jpg|2026-06-28 20.56.47.jpg|2026-06-28 20.56.54.jpg|2026-06-28 20.58.04.jpg|2026-06-28 20.58.01.jpg,0.0,0.000744468320427639,0.000744468320427639,0.0010154901538044214,0.733112298173026,0.0010154901538044214
synthetic_m4,ooij_tower,tower,7,0,empty,empty,0.0,0.0,0.0,0.0,0.0,0.0
synthetic_m4,ooij_tower,tower,7,1,1,2026-06-29 17.37.15.jpg,0.0,0.0,0.0,0.0,0.0,0.0
synthetic_m4,ooij_tower,tower,7,1,3,2026-06-29 17.36.06.jpg,0.0,0.0,0.0,0.0,0.0,0.0
synthetic_m4,ooij_tower,tower,7,1,4,2026-06-29 17.36.07.jpg,0.0,0.0,0.0,0.0,0.0,0.0
synthetic_m4,ooij_tower,tower,7,1,5,2026-06-29 17.36.40.jpg,0.0,0.0,0.0,0.0,0.0,0.0
synthetic_m4,ooij_tower,tower,7,1,6,2026-06-29 17.36.50.jpg,0.0,0.0,0.0,0.0,0.0,0.0
synthetic_m4,ooij_tower,tower,7,1,7,2026-06-29 17.36.51.jpg,0.0,0.0,0.0,0.0,0.0,0.0
synthetic_m4,ooij_tower,tower,7,1,8,2026-06-29 17.36.53.jpg,0.0,0.0,0.0,0.0,0.0,0.0
synthetic_m4,ooij_tower,tower,7,2,1|3,2026-06-29 17.37.15.jpg|2026-06-29 17.36.06.jpg,0.0,0.0,0.0,0.0,0.0,0.0
synthetic_m4,ooij_tower,tower,7,2,1|4,2026-06-29 17.37.15.jpg|2026-06-29 17.36.07.jpg,0.0,0.0,0.0,0.0,0.0,0.0
synthetic_m4,ooij_tower,tower,7,2,1|5,2026-06-29 17.37.15.jpg|2026-06-29 17.36.40.jpg,0.0,0.0,0.0,0.0,0.0,0.0
synthetic_m4,ooij_tower,tower,7,2,1|6,2026-06-29 17.37.15.jpg|2026-06-29 17.36.50.jpg,0.0,0.0,0.0,0.0,0.0,0.0
synthetic_m4,ooij_tower,tower,7,2,1|7,2026-06-29 17.37.15.jpg|2026-06-29 17.36.51.jpg,0.0,0.0,0.0,0.0,0.0,0.0
synthetic_m4,ooij_tower,tower,7,2,1|8,2026-06-29 17.37.15.jpg|2026-06-29 17.36.53.jpg,0.0,0.0,0.0,0.0,0.0,0.0
synthetic_m4,ooij_tower,tower,7,2,3|4,2026-06-29 17.36.06.jpg|2026-06-29 17.36.07.jpg,0.0,0.0,0.0,0.0,0.0,0.0
synthetic_m4,ooij_tower,tower,7,2,3|5,2026-06-29 17.36.06.jpg|2026-06-29 17.36.40.jpg,0.0,0.0,0.0,0.0,0.0,0.0
synthetic_m4,ooij_tower,tower,7,2,3|6,2026-06-29 17.36.06.jpg|2026-06-29 17.36.50.jpg,0.0,0.0,0.0,0.0,0.0,0.0
synthetic_m4,ooij_tower,tower,7,2,3|7,2026-06-29 17.36.06.jpg|2026-06-29 17.36.51.jpg,0.0,0.0,0.0,0.0,0.0,0.0
synthetic_m4,ooij_tower,tower,7,2,3|8,2026-06-29 17.36.06.jpg|2026-06-29 17.36.53.jpg,0.0,0.0,0.0,0.0,0.0,0.0
synthetic_m4,ooij_tower,tower,7,2,4|5,2026-06-29 17.36.07.jpg|2026-06-29 17.36.40.jpg,0.0,0.0,0.0,0.0,0.0,0.0
synthetic_m4,ooij_tower,tower,7,2,4|6,2026-06-29 17.36.07.jpg|2026-06-29 17.36.50.jpg,0.0,0.0,0.0,0.0,0.0,0.0
synthetic_m4,ooij_tower,tower,7,2,4|7,2026-06-29 17.36.07.jpg|2026-06-29 17.36.51.jpg,0.0,0.0,0.0,0.0,0.0,0.0
synthetic_m4,ooij_tower,tower,7,2,4|8,2026-06-29 17.36.07.jpg|2026-06-29 17.36.53.jpg,0.0,0.0,0.0,0.0,0.0,0.0
synthetic_m4,ooij_tower,tower,7,2,5|6,2026-06-29 17.36.40.jpg|2026-06-29 17.36.50.jpg,0.0,0.0,0.0,0.0,0.0,0.0
synthetic_m4,ooij_tower,tower,7,2,5|7,2026-06-29 17.36.40.jpg|2026-06-29 17.36.51.jpg,0.0,0.0,0.0,0.0,0.0,0.0
synthetic_m4,ooij_tower,tower,7,2,5|8,2026-06-29 17.36.40.jpg|2026-06-29 17.36.53.jpg,0.0,0.0,0.0,0.0,0.0,0.0
synthetic_m4,ooij_tower,tower,7,2,6|7,2026-06-29 17.36.50.jpg|2026-06-29 17.36.51.jpg,0.0,0.0,0.0,0.0,0.0,0.0
synthetic_m4,ooij_tower,tower,7,2,6|8,2026-06-29 17.36.50.jpg|2026-06-29 17.36.53.jpg,0.0,0.0,0.0,0.0,0.0,0.0
synthetic_m4,ooij_tower,tower,7,2,7|8,2026-06-29 17.36.51.jpg|2026-06-29 17.36.53.jpg,0.0,0.0,0.0,0.0,0.0,0.0
synthetic_m4,ooij_tower,tower,7,3,1|3|4,2026-06-29 17.37.15.jpg|2026-06-29 17.36.06.jpg|2026-06-29 17.36.07.jpg,0.0,0.0,0.0,0.0,0.0,0.0
synthetic_m4,ooij_tower,tower,7,3,1|3|5,2026-06-29 17.37.15.jpg|2026-06-29 17.36.06.jpg|2026-06-29 17.36.40.jpg,0.0,0.0,0.0,0.0,0.0,0.0
synthetic_m4,ooij_tower,tower,7,3,1|3|6,2026-06-29 17.37.15.jpg|2026-06-29 17.36.06.jpg|2026-06-29 17.36.50.jpg,0.0,0.0,0.0,0.0,0.0,0.0
synthetic_m4,ooij_tower,tower,7,3,1|3|7,2026-06-29 17.37.15.jpg|2026-06-29 17.36.06.jpg|2026-06-29 17.36.51.jpg,0.0,0.0,0.0,0.0,0.0,0.0
synthetic_m4,ooij_tower,tower,7,3,1|3|8,2026-06-29 17.37.15.jpg|2026-06-29 17.36.06.jpg|2026-06-29 17.36.53.jpg,0.0,0.0,0.0,0.0,0.0,0.0
synthetic_m4,ooij_tower,tower,7,3,1|4|5,2026-06-29 17.37.15.jpg|2026-06-29 17.36.07.jpg|2026-06-29 17.36.40.jpg,0.0,0.0,0.0,0.0,0.0,0.0
synthetic_m4,ooij_tower,tower,7,3,1|4|6,2026-06-29 17.37.15.jpg|2026-06-29 17.36.07.jpg|2026-06-29 17.36.50.jpg,0.0,0.0,0.0,0.0,0.0,0.0
synthetic_m4,ooij_tower,tower,7,3,1|4|7,2026-06-29 17.37.15.jpg|2026-06-29 17.36.07.jpg|2026-06-29 17.36.51.jpg,0.0,0.0,0.0,0.0,0.0,0.0
synthetic_m4,ooij_tower,tower,7,3,1|4|8,2026-06-29 17.37.15.jpg|2026-06-29 17.36.07.jpg|2026-06-29 17.36.53.jpg,0.0,0.0,0.0,0.0,0.0,0.0
synthetic_m4,ooij_tower,tower,7,3,1|5|6,2026-06-29 17.37.15.jpg|2026-06-29 17.36.40.jpg|2026-06-29 17.36.50.jpg,0.0,0.0,0.0,0.0,0.0,0.0
synthetic_m4,ooij_tower,tower,7,3,1|5|7,2026-06-29 17.37.15.jpg|2026-06-29 17.36.40.jpg|2026-06-29 17.36.51.jpg,0.0,0.0,0.0,0.0,0.0,0.0
synthetic_m4,ooij_tower,tower,7,3,1|5|8,2026-06-29 17.37.15.jpg|2026-06-29 17.36.40.jpg|2026-06-29 17.36.53.jpg,0.0,0.0,0.0,0.0,0.0,0.0
synthetic_m4,ooij_tower,tower,7,3,1|6|7,2026-06-29 17.37.15.jpg|2026-06-29 17.36.50.jpg|2026-06-29 17.36.51.jpg,0.0,0.0,0.0,0.0,0.0,0.0
synthetic_m4,ooij_tower,tower,7,3,1|6|8,2026-06-29 17.37.15.jpg|2026-06-29 17.36.50.jpg|2026-06-29 17.36.53.jpg,0.0,0.0,0.0,0.0,0.0,0.0
synthetic_m4,ooij_tower,tower,7,3,1|7|8,2026-06-29 17.37.15.jpg|2026-06-29 17.36.51.jpg|2026-06-29 17.36.53.jpg,0.0,0.0,0.0,0.0,0.0,0.0
synthetic_m4,ooij_tower,tower,7,3,3|4|5,2026-06-29 17.36.06.jpg|2026-06-29 17.36.07.jpg|2026-06-29 17.36.40.jpg,0.0,0.0,0.0,0.0,0.0,0.0
synthetic_m4,ooij_tower,tower,7,3,3|4|6,2026-06-29 17.36.06.jpg|2026-06-29 17.36.07.jpg|2026-06-29 17.36.50.jpg,0.0,0.0,0.0,0.0,0.0,0.0
synthetic_m4,ooij_tower,tower,7,3,3|4|7,2026-06-29 17.36.06.jpg|2026-06-29 17.36.07.jpg|2026-06-29 17.36.51.jpg,0.0,0.0,0.0,0.0,0.0,0.0
synthetic_m4,ooij_tower,tower,7,3,3|4|8,2026-06-29 17.36.06.jpg|2026-06-29 17.36.07.jpg|2026-06-29 17.36.53.jpg,0.0,0.0,0.0,0.0,0.0,0.0
synthetic_m4,ooij_tower,tower,7,3,3|5|6,2026-06-29 17.36.06.jpg|2026-06-29 17.36.40.jpg|2026-06-29 17.36.50.jpg,0.0,0.0,0.0,0.0,0.0,0.0
synthetic_m4,ooij_tower,tower,7,3,3|5|7,2026-06-29 17.36.06.jpg|2026-06-29 17.36.40.jpg|2026-06-29 17.36.51.jpg,0.0,0.0,0.0,0.0,0.0,0.0
synthetic_m4,ooij_tower,tower,7,3,3|5|8,2026-06-29 17.36.06.jpg|2026-06-29 17.36.40.jpg|2026-06-29 17.36.53.jpg,0.0,0.0,0.0,0.0,0.0,0.0
synthetic_m4,ooij_tower,tower,7,3,3|6|7,2026-06-29 17.36.06.jpg|2026-06-29 17.36.50.jpg|2026-06-29 17.36.51.jpg,0.0,0.0,0.0,0.0,0.0,0.0
synthetic_m4,ooij_tower,tower,7,3,3|6|8,2026-06-29 17.36.06.jpg|2026-06-29 17.36.50.jpg|2026-06-29 17.36.53.jpg,0.0,0.0,0.0,0.0,0.0,0.0
synthetic_m4,ooij_tower,tower,7,3,3|7|8,2026-06-29 17.36.06.jpg|2026-06-29 17.36.51.jpg|2026-06-29 17.36.53.jpg,0.0,0.0,0.0,0.0,0.0,0.0
synthetic_m4,ooij_tower,tower,7,3,4|5|6,2026-06-29 17.36.07.jpg|2026-06-29 17.36.40.jpg|2026-06-29 17.36.50.jpg,0.0,0.0,0.0,0.0,0.0,0.0
synthetic_m4,ooij_tower,tower,7,3,4|5|7,2026-06-29 17.36.07.jpg|2026-06-29 17.36.40.jpg|2026-06-29 17.36.51.jpg,0.0,0.0,0.0,0.0,0.0,0.0
synthetic_m4,ooij_tower,tower,7,3,4|5|8,2026-06-29 17.36.07.jpg|2026-06-29 17.36.40.jpg|2026-06-29 17.36.53.jpg,0.0,0.0,0.0,0.0,0.0,0.0
synthetic_m4,ooij_tower,tower,7,3,4|6|7,2026-06-29 17.36.07.jpg|2026-06-29 17.36.50.jpg|2026-06-29 17.36.51.jpg,0.0,0.0,0.0,0.0,0.0,0.0
synthetic_m4,ooij_tower,tower,7,3,4|6|8,2026-06-29 17.36.07.jpg|2026-06-29 17.36.50.jpg|2026-06-29 17.36.53.jpg,0.0,0.0,0.0,0.0,0.0,0.0
synthetic_m4,ooij_tower,tower,7,3,4|7|8,2026-06-29 17.36.07.jpg|2026-06-29 17.36.51.jpg|2026-06-29 17.36.53.jpg,0.0,0.0,0.0,0.0,0.0,0.0
synthetic_m4,ooij_tower,tower,7,3,5|6|7,2026-06-29 17.36.40.jpg|2026-06-29 17.36.50.jpg|2026-06-29 17.36.51.jpg,0.0,0.0,0.0,0.0,0.0,0.0
synthetic_m4,ooij_tower,tower,7,3,5|6|8,2026-06-29 17.36.40.jpg|2026-06-29 17.36.50.jpg|2026-06-29 17.36.53.jpg,0.0,0.0,0.0,0.0,0.0,0.0
synthetic_m4,ooij_tower,tower,7,3,5|7|8,2026-06-29 17.36.40.jpg|2026-06-29 17.36.51.jpg|2026-06-29 17.36.53.jpg,0.0,0.0,0.0,0.0,0.0,0.0
synthetic_m4,ooij_tower,tower,7,3,6|7|8,2026-06-29 17.36.50.jpg|2026-06-29 17.36.51.jpg|2026-06-29 17.36.53.jpg,0.0,0.0,0.0,0.0,0.0,0.0
synthetic_m4,ooij_tower,tower,7,4,1|3|4|5,2026-06-29 17.37.15.jpg|2026-06-29 17.36.06.jpg|2026-06-29 17.36.07.jpg|2026-06-29 17.36.40.jpg,0.0,0.0,0.0,0.0,0.0,0.0
synthetic_m4,ooij_tower,tower,7,4,1|3|4|6,2026-06-29 17.37.15.jpg|2026-06-29 17.36.06.jpg|2026-06-29 17.36.07.jpg|2026-06-29 17.36.50.jpg,0.0,0.0,0.0,0.0,0.0,0.0
synthetic_m4,ooij_tower,tower,7,4,1|3|4|7,2026-06-29 17.37.15.jpg|2026-06-29 17.36.06.jpg|2026-06-29 17.36.07.jpg|2026-06-29 17.36.51.jpg,0.0,0.0,0.0,0.0,0.0,0.0
synthetic_m4,ooij_tower,tower,7,4,1|3|4|8,2026-06-29 17.37.15.jpg|2026-06-29 17.36.06.jpg|2026-06-29 17.36.07.jpg|2026-06-29 17.36.53.jpg,0.0,0.0,0.0,0.0,0.0,0.0
synthetic_m4,ooij_tower,tower,7,4,1|3|5|6,2026-06-29 17.37.15.jpg|2026-06-29 17.36.06.jpg|2026-06-29 17.36.40.jpg|2026-06-29 17.36.50.jpg,0.0,0.0,0.0,0.0,0.0,0.0
synthetic_m4,ooij_tower,tower,7,4,1|3|5|7,2026-06-29 17.37.15.jpg|2026-06-29 17.36.06.jpg|2026-06-29 17.36.40.jpg|2026-06-29 17.36.51.jpg,0.0,0.0,0.0,0.0,0.0,0.0
synthetic_m4,ooij_tower,tower,7,4,1|3|5|8,2026-06-29 17.37.15.jpg|2026-06-29 17.36.06.jpg|2026-06-29 17.36.40.jpg|2026-06-29 17.36.53.jpg,0.0,0.0,0.0,0.0,0.0,0.0
synthetic_m4,ooij_tower,tower,7,4,1|3|6|7,2026-06-29 17.37.15.jpg|2026-06-29 17.36.06.jpg|2026-06-29 17.36.50.jpg|2026-06-29 17.36.51.jpg,0.0,0.0,0.0,0.0,0.0,0.0
synthetic_m4,ooij_tower,tower,7,4,1|3|6|8,2026-06-29 17.37.15.jpg|2026-06-29 17.36.06.jpg|2026-06-29 17.36.50.jpg|2026-06-29 17.36.53.jpg,0.0,0.0,0.0,0.0,0.0,0.0
synthetic_m4,ooij_tower,tower,7,4,1|3|7|8,2026-06-29 17.37.15.jpg|2026-06-29 17.36.06.jpg|2026-06-29 17.36.51.jpg|2026-06-29 17.36.53.jpg,0.0,0.0,0.0,0.0,0.0,0.0
synthetic_m4,ooij_tower,tower,7,4,1|4|5|6,2026-06-29 17.37.15.jpg|2026-06-29 17.36.07.jpg|2026-06-29 17.36.40.jpg|2026-06-29 17.36.50.jpg,0.0,0.0,0.0,0.0,0.0,0.0
synthetic_m4,ooij_tower,tower,7,4,1|4|5|7,2026-06-29 17.37.15.jpg|2026-06-29 17.36.07.jpg|2026-06-29 17.36.40.jpg|2026-06-29 17.36.51.jpg,0.0,0.0,0.0,0.0,0.0,0.0
synthetic_m4,ooij_tower,tower,7,4,1|4|5|8,2026-06-29 17.37.15.jpg|2026-06-29 17.36.07.jpg|2026-06-29 17.36.40.jpg|2026-06-29 17.36.53.jpg,0.0,0.0,0.0,0.0,0.0,0.0
synthetic_m4,ooij_tower,tower,7,4,1|4|6|7,2026-06-29 17.37.15.jpg|2026-06-29 17.36.07.jpg|2026-06-29 17.36.50.jpg|2026-06-29 17.36.51.jpg,0.0,0.0,0.0,0.0,0.0,0.0
synthetic_m4,ooij_tower,tower,7,4,1|4|6|8,2026-06-29 17.37.15.jpg|2026-06-29 17.36.07.jpg|2026-06-29 17.36.50.jpg|2026-06-29 17.36.53.jpg,0.0,0.0,0.0,0.0,0.0,0.0
synthetic_m4,ooij_tower,tower,7,4,1|4|7|8,2026-06-29 17.37.15.jpg|2026-06-29 17.36.07.jpg|2026-06-29 17.36.51.jpg|2026-06-29 17.36.53.jpg,0.0,0.0,0.0,0.0,0.0,0.0
synthetic_m4,ooij_tower,tower,7,4,1|5|6|7,2026-06-29 17.37.15.jpg|2026-06-29 17.36.40.jpg|2026-06-29 17.36.50.jpg|2026-06-29 17.36.51.jpg,0.0,0.0,0.0,0.0,0.0,0.0
synthetic_m4,ooij_tower,tower,7,4,1|5|6|8,2026-06-29 17.37.15.jpg|2026-06-29 17.36.40.jpg|2026-06-29 17.36.50.jpg|2026-06-29 17.36.53.jpg,0.0,0.0,0.0,0.0,0.0,0.0
synthetic_m4,ooij_tower,tower,7,4,1|5|7|8,2026-06-29 17.37.15.jpg|2026-06-29 17.36.40.jpg|2026-06-29 17.36.51.jpg|2026-06-29 17.36.53.jpg,0.0,0.0,0.0,0.0,0.0,0.0
synthetic_m4,ooij_tower,tower,7,4,1|6|7|8,2026-06-29 17.37.15.jpg|2026-06-29 17.36.50.jpg|2026-06-29 17.36.51.jpg|2026-06-29 17.36.53.jpg,0.0,0.0,0.0,0.0,0.0,0.0
synthetic_m4,ooij_tower,tower,7,4,3|4|5|6,2026-06-29 17.36.06.jpg|2026-06-29 17.36.07.jpg|2026-06-29 17.36.40.jpg|2026-06-29 17.36.50.jpg,0.0,0.0,0.0,0.0,0.0,0.0
synthetic_m4,ooij_tower,tower,7,4,3|4|5|7,2026-06-29 17.36.06.jpg|2026-06-29 17.36.07.jpg|2026-06-29 17.36.40.jpg|2026-06-29 17.36.51.jpg,0.0,0.0,0.0,0.0,0.0,0.0
synthetic_m4,ooij_tower,tower,7,4,3|4|5|8,2026-06-29 17.36.06.jpg|2026-06-29 17.36.07.jpg|2026-06-29 17.36.40.jpg|2026-06-29 17.36.53.jpg,0.0,0.0,0.0,0.0,0.0,0.0
synthetic_m4,ooij_tower,tower,7,4,3|4|6|7,2026-06-29 17.36.06.jpg|2026-06-29 17.36.07.jpg|2026-06-29 17.36.50.jpg|2026-06-29 17.36.51.jpg,0.0,0.0,0.0,0.0,0.0,0.0
synthetic_m4,ooij_tower,tower,7,4,3|4|6|8,2026-06-29 17.36.06.jpg|2026-06-29 17.36.07.jpg|2026-06-29 17.36.50.jpg|2026-06-29 17.36.53.jpg,0.0,0.0,0.0,0.0,0.0,0.0
synthetic_m4,ooij_tower,tower,7,4,3|4|7|8,2026-06-29 17.36.06.jpg|2026-06-29 17.36.07.jpg|2026-06-29 17.36.51.jpg|2026-06-29 17.36.53.jpg,0.0,0.0,0.0,0.0,0.0,0.0
synthetic_m4,ooij_tower,tower,7,4,3|5|6|7,2026-06-29 17.36.06.jpg|2026-06-29 17.36.40.jpg|2026-06-29 17.36.50.jpg|2026-06-29 17.36.51.jpg,0.0,0.0,0.0,0.0,0.0,0.0
synthetic_m4,ooij_tower,tower,7,4,3|5|6|8,2026-06-29 17.36.06.jpg|2026-06-29 17.36.40.jpg|2026-06-29 17.36.50.jpg|2026-06-29 17.36.53.jpg,0.0,0.0,0.0,0.0,0.0,0.0
synthetic_m4,ooij_tower,tower,7,4,3|5|7|8,2026-06-29 17.36.06.jpg|2026-06-29 17.36.40.jpg|2026-06-29 17.36.51.jpg|2026-06-29 17.36.53.jpg,0.0,0.0,0.0,0.0,0.0,0.0
synthetic_m4,ooij_tower,tower,7,4,3|6|7|8,2026-06-29 17.36.06.jpg|2026-06-29 17.36.50.jpg|2026-06-29 17.36.51.jpg|2026-06-29 17.36.53.jpg,0.0,0.0,0.0,0.0,0.0,0.0
synthetic_m4,ooij_tower,tower,7,4,4|5|6|7,2026-06-29 17.36.07.jpg|2026-06-29 17.36.40.jpg|2026-06-29 17.36.50.jpg|2026-06-29 17.36.51.jpg,0.0,0.0,0.0,0.0,0.0,0.0
synthetic_m4,ooij_tower,tower,7,4,4|5|6|8,2026-06-29 17.36.07.jpg|2026-06-29 17.36.40.jpg|2026-06-29 17.36.50.jpg|2026-06-29 17.36.53.jpg,0.0,0.0,0.0,0.0,0.0,0.0
synthetic_m4,ooij_tower,tower,7,4,4|5|7|8,2026-06-29 17.36.07.jpg|2026-06-29 17.36.40.jpg|2026-06-29 17.36.51.jpg|2026-06-29 17.36.53.jpg,0.0,0.0,0.0,0.0,0.0,0.0
synthetic_m4,ooij_tower,tower,7,4,4|6|7|8,2026-06-29 17.36.07.jpg|2026-06-29 17.36.50.jpg|2026-06-29 17.36.51.jpg|2026-06-29 17.36.53.jpg,0.0,0.0,0.0,0.0,0.0,0.0
synthetic_m4,ooij_tower,tower,7,4,5|6|7|8,2026-06-29 17.36.40.jpg|2026-06-29 17.36.50.jpg|2026-06-29 17.36.51.jpg|2026-06-29 17.36.53.jpg,0.0,0.0,0.0,0.0,0.0,0.0
synthetic_m4,ooij_tower,tower,7,5,1|3|4|5|6,2026-06-29 17.37.15.jpg|2026-06-29 17.36.06.jpg|2026-06-29 17.36.07.jpg|2026-06-29 17.36.40.jpg|2026-06-29 17.36.50.jpg,0.0,0.0,0.0,0.0,0.0,0.0
synthetic_m4,ooij_tower,tower,7,5,1|3|4|5|7,2026-06-29 17.37.15.jpg|2026-06-29 17.36.06.jpg|2026-06-29 17.36.07.jpg|2026-06-29 17.36.40.jpg|2026-06-29 17.36.51.jpg,0.0,0.0,0.0,0.0,0.0,0.0
synthetic_m4,ooij_tower,tower,7,5,1|3|4|5|8,2026-06-29 17.37.15.jpg|2026-06-29 17.36.06.jpg|2026-06-29 17.36.07.jpg|2026-06-29 17.36.40.jpg|2026-06-29 17.36.53.jpg,0.0,0.0,0.0,0.0,0.0,0.0
synthetic_m4,ooij_tower,tower,7,5,1|3|4|6|7,2026-06-29 17.37.15.jpg|2026-06-29 17.36.06.jpg|2026-06-29 17.36.07.jpg|2026-06-29 17.36.50.jpg|2026-06-29 17.36.51.jpg,0.0,0.0,0.0,0.0,0.0,0.0
synthetic_m4,ooij_tower,tower,7,5,1|3|4|6|8,2026-06-29 17.37.15.jpg|2026-06-29 17.36.06.jpg|2026-06-29 17.36.07.jpg|2026-06-29 17.36.50.jpg|2026-06-29 17.36.53.jpg,0.0,0.0,0.0,0.0,0.0,0.0
synthetic_m4,ooij_tower,tower,7,5,1|3|4|7|8,2026-06-29 17.37.15.jpg|2026-06-29 17.36.06.jpg|2026-06-29 17.36.07.jpg|2026-06-29 17.36.51.jpg|2026-06-29 17.36.53.jpg,0.0,0.0,0.0,0.0,0.0,0.0
synthetic_m4,ooij_tower,tower,7,5,1|3|5|6|7,2026-06-29 17.37.15.jpg|2026-06-29 17.36.06.jpg|2026-06-29 17.36.40.jpg|2026-06-29 17.36.50.jpg|2026-06-29 17.36.51.jpg,0.0,0.0,0.0,0.0,0.0,0.0
synthetic_m4,ooij_tower,tower,7,5,1|3|5|6|8,2026-06-29 17.37.15.jpg|2026-06-29 17.36.06.jpg|2026-06-29 17.36.40.jpg|2026-06-29 17.36.50.jpg|2026-06-29 17.36.53.jpg,0.0,0.0,0.0,0.0,0.0,0.0
synthetic_m4,ooij_tower,tower,7,5,1|3|5|7|8,2026-06-29 17.37.15.jpg|2026-06-29 17.36.06.jpg|2026-06-29 17.36.40.jpg|2026-06-29 17.36.51.jpg|2026-06-29 17.36.53.jpg,0.0,0.0,0.0,0.0,0.0,0.0
synthetic_m4,ooij_tower,tower,7,5,1|3|6|7|8,2026-06-29 17.37.15.jpg|2026-06-29 17.36.06.jpg|2026-06-29 17.36.50.jpg|2026-06-29 17.36.51.jpg|2026-06-29 17.36.53.jpg,0.0,0.0,0.0,0.0,0.0,0.0
synthetic_m4,ooij_tower,tower,7,5,1|4|5|6|7,2026-06-29 17.37.15.jpg|2026-06-29 17.36.07.jpg|2026-06-29 17.36.40.jpg|2026-06-29 17.36.50.jpg|2026-06-29 17.36.51.jpg,0.0,0.0,0.0,0.0,0.0,0.0
synthetic_m4,ooij_tower,tower,7,5,1|4|5|6|8,2026-06-29 17.37.15.jpg|2026-06-29 17.36.07.jpg|2026-06-29 17.36.40.jpg|2026-06-29 17.36.50.jpg|2026-06-29 17.36.53.jpg,0.0,0.0,0.0,0.0,0.0,0.0
synthetic_m4,ooij_tower,tower,7,5,1|4|5|7|8,2026-06-29 17.37.15.jpg|2026-06-29 17.36.07.jpg|2026-06-29 17.36.40.jpg|2026-06-29 17.36.51.jpg|2026-06-29 17.36.53.jpg,0.0,0.0,0.0,0.0,0.0,0.0
synthetic_m4,ooij_tower,tower,7,5,1|4|6|7|8,2026-06-29 17.37.15.jpg|2026-06-29 17.36.07.jpg|2026-06-29 17.36.50.jpg|2026-06-29 17.36.51.jpg|2026-06-29 17.36.53.jpg,0.0,0.0,0.0,0.0,0.0,0.0
synthetic_m4,ooij_tower,tower,7,5,1|5|6|7|8,2026-06-29 17.37.15.jpg|2026-06-29 17.36.40.jpg|2026-06-29 17.36.50.jpg|2026-06-29 17.36.51.jpg|2026-06-29 17.36.53.jpg,0.0,0.0,0.0,0.0,0.0,0.0
synthetic_m4,ooij_tower,tower,7,5,3|4|5|6|7,2026-06-29 17.36.06.jpg|2026-06-29 17.36.07.jpg|2026-06-29 17.36.40.jpg|2026-06-29 17.36.50.jpg|2026-06-29 17.36.51.jpg,0.0,0.0,0.0,0.0,0.0,0.0
synthetic_m4,ooij_tower,tower,7,5,3|4|5|6|8,2026-06-29 17.36.06.jpg|2026-06-29 17.36.07.jpg|2026-06-29 17.36.40.jpg|2026-06-29 17.36.50.jpg|2026-06-29 17.36.53.jpg,0.0,0.0,0.0,0.0,0.0,0.0
synthetic_m4,ooij_tower,tower,7,5,3|4|5|7|8,2026-06-29 17.36.06.jpg|2026-06-29 17.36.07.jpg|2026-06-29 17.36.40.jpg|2026-06-29 17.36.51.jpg|2026-06-29 17.36.53.jpg,0.0,0.0,0.0,0.0,0.0,0.0
synthetic_m4,ooij_tower,tower,7,5,3|4|6|7|8,2026-06-29 17.36.06.jpg|2026-06-29 17.36.07.jpg|2026-06-29 17.36.50.jpg|2026-06-29 17.36.51.jpg|2026-06-29 17.36.53.jpg,0.0,0.0,0.0,0.0,0.0,0.0
synthetic_m4,ooij_tower,tower,7,5,3|5|6|7|8,2026-06-29 17.36.06.jpg|2026-06-29 17.36.40.jpg|2026-06-29 17.36.50.jpg|2026-06-29 17.36.51.jpg|2026-06-29 17.36.53.jpg,0.0,0.0,0.0,0.0,0.0,0.0
synthetic_m4,ooij_tower,tower,7,5,4|5|6|7|8,2026-06-29 17.36.07.jpg|2026-06-29 17.36.40.jpg|2026-06-29 17.36.50.jpg|2026-06-29 17.36.51.jpg|2026-06-29 17.36.53.jpg,0.0,0.0,0.0,0.0,0.0,0.0
synthetic_m4,ooij_tower,tower,7,6,1|3|4|5|6|7,2026-06-29 17.37.15.jpg|2026-06-29 17.36.06.jpg|2026-06-29 17.36.07.jpg|2026-06-29 17.36.40.jpg|2026-06-29 17.36.50.jpg|2026-06-29 17.36.51.jpg,0.0,0.0,0.0,0.0,0.0,0.0
synthetic_m4,ooij_tower,tower,7,6,1|3|4|5|6|8,2026-06-29 17.37.15.jpg|2026-06-29 17.36.06.jpg|2026-06-29 17.36.07.jpg|2026-06-29 17.36.40.jpg|2026-06-29 17.36.50.jpg|2026-06-29 17.36.53.jpg,0.0,0.0,0.0,0.0,0.0,0.0
synthetic_m4,ooij_tower,tower,7,6,1|3|4|5|7|8,2026-06-29 17.37.15.jpg|2026-06-29 17.36.06.jpg|2026-06-29 17.36.07.jpg|2026-06-29 17.36.40.jpg|2026-06-29 17.36.51.jpg|2026-06-29 17.36.53.jpg,0.0,0.0,0.0,0.0,0.0,0.0
synthetic_m4,ooij_tower,tower,7,6,1|3|4|6|7|8,2026-06-29 17.37.15.jpg|2026-06-29 17.36.06.jpg|2026-06-29 17.36.07.jpg|2026-06-29 17.36.50.jpg|2026-06-29 17.36.51.jpg|2026-06-29 17.36.53.jpg,0.0,0.0,0.0,0.0,0.0,0.0
synthetic_m4,ooij_tower,tower,7,6,1|3|5|6|7|8,2026-06-29 17.37.15.jpg|2026-06-29 17.36.06.jpg|2026-06-29 17.36.40.jpg|2026-06-29 17.36.50.jpg|2026-06-29 17.36.51.jpg|2026-06-29 17.36.53.jpg,0.0,0.0,0.0,0.0,0.0,0.0
synthetic_m4,ooij_tower,tower,7,6,1|4|5|6|7|8,2026-06-29 17.37.15.jpg|2026-06-29 17.36.07.jpg|2026-06-29 17.36.40.jpg|2026-06-29 17.36.50.jpg|2026-06-29 17.36.51.jpg|2026-06-29 17.36.53.jpg,0.0,0.0,0.0,0.0,0.0,0.0
synthetic_m4,ooij_tower,tower,7,6,3|4|5|6|7|8,2026-06-29 17.36.06.jpg|2026-06-29 17.36.07.jpg|2026-06-29 17.36.40.jpg|2026-06-29 17.36.50.jpg|2026-06-29 17.36.51.jpg|2026-06-29 17.36.53.jpg,0.0,0.0,0.0,0.0,0.0,0.0
synthetic_m4,ooij_tower,tower,7,7,1|3|4|5|6|7|8,2026-06-29 17.37.15.jpg|2026-06-29 17.36.06.jpg|2026-06-29 17.36.07.jpg|2026-06-29 17.36.40.jpg|2026-06-29 17.36.50.jpg|2026-06-29 17.36.51.jpg|2026-06-29 17.36.53.jpg,0.0,0.0,0.0,0.0,0.0,0.0
synthetic_m4,la_souris_truck,whitevan,10,0,empty,empty,0.0,0.0,0.0,0.0,0.0,0.0
synthetic_m4,la_souris_truck,whitevan,10,1,1,2026-07-12 21.05.57.jpg,1.0,0.380082758693959,0.380082758693959,0.4828849136829376,0.7871083728731303,0.4828849136829376
synthetic_m4,la_souris_truck,whitevan,10,1,2,2026-07-12 21.06.04.jpg,1.0,0.6356431436660991,0.6356431436660991,0.842469334602356,0.7545000364507292,0.842469334602356
synthetic_m4,la_souris_truck,whitevan,10,1,3,2026-07-12 21.01.06.jpg,0.0,0.0,0.0,0.0,0.0,0.0
synthetic_m4,la_souris_truck,whitevan,10,1,4,2026-07-12 21.01.23.jpg,1.0,0.43788815834608197,0.43788815834608197,0.6529809832572937,0.6705986385112553,0.6529809832572937
synthetic_m4,la_souris_truck,whitevan,10,1,5,2026-07-12 21.01.30.jpg,0.0,0.0,0.0,0.0,0.0,0.0
synthetic_m4,la_souris_truck,whitevan,10,1,6,2026-07-12 21.01.33.jpg,0.0,0.0,0.0,0.0,0.0,0.0
synthetic_m4,la_souris_truck,whitevan,10,1,7,2026-07-12 21.01.49.jpg,0.0,0.0,0.0,0.0,0.0,0.0
synthetic_m4,la_souris_truck,whitevan,10,1,8,2026-07-12 21.01.50.jpg,0.0,0.0,0.0,0.0,0.0,0.0
synthetic_m4,la_souris_truck,whitevan,10,1,9,2026-07-12 21.01.51.jpg,0.0,0.0,0.0,0.0,0.0,0.0
synthetic_m4,la_souris_truck,whitevan,10,1,10,2026-07-12 21.05.27.jpg,1.0,0.8456525181770173,0.8456525181770173,0.9713618159294128,0.8705844766688557,0.9713618159294128
synthetic_m4,la_souris_truck,whitevan,10,2,1|2,2026-07-12 21.05.57.jpg|2026-07-12 21.06.04.jpg,1.0,0.6356431436660991,0.7229893570376007,0.842469334602356,0.7871083728731303,0.918538516365313
synthetic_m4,la_souris_truck,whitevan,10,2,1|3,2026-07-12 21.05.57.jpg|2026-07-12 21.01.06.jpg,1.0,0.380082758693959,0.380082758693959,0.4828849136829376,0.7871083728731303,0.4828849136829376
synthetic_m4,la_souris_truck,whitevan,10,2,1|4,2026-07-12 21.05.57.jpg|2026-07-12 21.01.23.jpg,1.0,0.43788815834608197,0.6458627444515781,0.6529809832572937,0.7871083728731303,0.8205512312034333
synthetic_m4,la_souris_truck,whitevan,10,2,1|5,2026-07-12 21.05.57.jpg|2026-07-12 21.01.30.jpg,1.0,0.380082758693959,0.380082758693959,0.4828849136829376,0.7871083728731303,0.4828849136829376
synthetic_m4,la_souris_truck,whitevan,10,2,1|6,2026-07-12 21.05.57.jpg|2026-07-12 21.01.33.jpg,1.0,0.380082758693959,0.380082758693959,0.4828849136829376,0.7871083728731303,0.4828849136829376
synthetic_m4,la_souris_truck,whitevan,10,2,1|7,2026-07-12 21.05.57.jpg|2026-07-12 21.01.49.jpg,1.0,0.380082758693959,0.380082758693959,0.4828849136829376,0.7871083728731303,0.4828849136829376
synthetic_m4,la_souris_truck,whitevan,10,2,1|8,2026-07-12 21.05.57.jpg|2026-07-12 21.01.50.jpg,1.0,0.380082758693959,0.380082758693959,0.4828849136829376,0.7871083728731303,0.4828849136829376
synthetic_m4,la_souris_truck,whitevan,10,2,1|9,2026-07-12 21.05.57.jpg|2026-07-12 21.01.51.jpg,1.0,0.380082758693959,0.380082758693959,0.4828849136829376,0.7871083728731303,0.4828849136829376
synthetic_m4,la_souris_truck,whitevan,10,2,1|10,2026-07-12 21.05.57.jpg|2026-07-12 21.05.27.jpg,1.0,0.8456525181770173,0.8576917848012953,0.9713618159294128,0.8705844766688557,0.9851907629723744
synthetic_m4,la_souris_truck,whitevan,10,2,2|3,2026-07-12 21.06.04.jpg|2026-07-12 21.01.06.jpg,1.0,0.6356431436660991,0.6356431436660991,0.842469334602356,0.7545000364507292,0.842469334602356
synthetic_m4,la_souris_truck,whitevan,10,2,2|4,2026-07-12 21.06.04.jpg|2026-07-12 21.01.23.jpg,1.0,0.6356431436660991,0.7132544343835135,0.842469334602356,0.7545000364507292,0.9453338633868853
synthetic_m4,la_souris_truck,whitevan,10,2,2|5,2026-07-12 21.06.04.jpg|2026-07-12 21.01.30.jpg,1.0,0.6356431436660991,0.6356431436660991,0.842469334602356,0.7545000364507292,0.842469334602356
synthetic_m4,la_souris_truck,whitevan,10,2,2|6,2026-07-12 21.06.04.jpg|2026-07-12 21.01.33.jpg,1.0,0.6356431436660991,0.6356431436660991,0.842469334602356,0.7545000364507292,0.842469334602356
synthetic_m4,la_souris_truck,whitevan,10,2,2|7,2026-07-12 21.06.04.jpg|2026-07-12 21.01.49.jpg,1.0,0.6356431436660991,0.6356431436660991,0.842469334602356,0.7545000364507292,0.842469334602356
synthetic_m4,la_souris_truck,whitevan,10,2,2|8,2026-07-12 21.06.04.jpg|2026-07-12 21.01.50.jpg,1.0,0.6356431436660991,0.6356431436660991,0.842469334602356,0.7545000364507292,0.842469334602356
synthetic_m4,la_souris_truck,whitevan,10,2,2|9,2026-07-12 21.06.04.jpg|2026-07-12 21.01.51.jpg,1.0,0.6356431436660991,0.6356431436660991,0.842469334602356,0.7545000364507292,0.842469334602356
synthetic_m4,la_souris_truck,whitevan,10,2,2|10,2026-07-12 21.06.04.jpg|2026-07-12 21.05.27.jpg,1.0,0.8456525181770173,0.86665692865797,0.9713618159294128,0.8705844766688557,0.9954886078075802
synthetic_m4,la_souris_truck,whitevan,10,2,3|4,2026-07-12 21.01.06.jpg|2026-07-12 21.01.23.jpg,1.0,0.43788815834608197,0.43788815834608197,0.6529809832572937,0.6705986385112553,0.6529809832572937
synthetic_m4,la_souris_truck,whitevan,10,2,3|5,2026-07-12 21.01.06.jpg|2026-07-12 21.01.30.jpg,0.0,0.0,0.0,0.0,0.0,0.0
synthetic_m4,la_souris_truck,whitevan,10,2,3|6,2026-07-12 21.01.06.jpg|2026-07-12 21.01.33.jpg,0.0,0.0,0.0,0.0,0.0,0.0
synthetic_m4,la_souris_truck,whitevan,10,2,3|7,2026-07-12 21.01.06.jpg|2026-07-12 21.01.49.jpg,0.0,0.0,0.0,0.0,0.0,0.0
synthetic_m4,la_souris_truck,whitevan,10,2,3|8,2026-07-12 21.01.06.jpg|2026-07-12 21.01.50.jpg,0.0,0.0,0.0,0.0,0.0,0.0
synthetic_m4,la_souris_truck,whitevan,10,2,3|9,2026-07-12 21.01.06.jpg|2026-07-12 21.01.51.jpg,0.0,0.0,0.0,0.0,0.0,0.0
synthetic_m4,la_souris_truck,whitevan,10,2,3|10,2026-07-12 21.01.06.jpg|2026-07-12 21.05.27.jpg,1.0,0.8456525181770173,0.8456525181770173,0.9713618159294128,0.8705844766688557,0.9713618159294128
synthetic_m4,la_souris_truck,whitevan,10,2,4|5,2026-07-12 21.01.23.jpg|2026-07-12 21.01.30.jpg,1.0,0.43788815834608197,0.43788815834608197,0.6529809832572937,0.6705986385112553,0.6529809832572937
synthetic_m4,la_souris_truck,whitevan,10,2,4|6,2026-07-12 21.01.23.jpg|2026-07-12 21.01.33.jpg,1.0,0.43788815834608197,0.43788815834608197,0.6529809832572937,0.6705986385112553,0.6529809832572937
synthetic_m4,la_souris_truck,whitevan,10,2,4|7,2026-07-12 21.01.23.jpg|2026-07-12 21.01.49.jpg,1.0,0.43788815834608197,0.43788815834608197,0.6529809832572937,0.6705986385112553,0.6529809832572937
synthetic_m4,la_souris_truck,whitevan,10,2,4|8,2026-07-12 21.01.23.jpg|2026-07-12 21.01.50.jpg,1.0,0.43788815834608197,0.43788815834608197,0.6529809832572937,0.6705986385112553,0.6529809832572937
synthetic_m4,la_souris_truck,whitevan,10,2,4|9,2026-07-12 21.01.23.jpg|2026-07-12 21.01.51.jpg,1.0,0.43788815834608197,0.43788815834608197,0.6529809832572937,0.6705986385112553,0.6529809832572937
synthetic_m4,la_souris_truck,whitevan,10,2,4|10,2026-07-12 21.01.23.jpg|2026-07-12 21.05.27.jpg,1.0,0.8456525181770173,0.861932612947548,0.9713618159294128,0.8705844766688557,0.9900620055225282
synthetic_m4,la_souris_truck,whitevan,10,2,5|6,2026-07-12 21.01.30.jpg|2026-07-12 21.01.33.jpg,0.0,0.0,0.0,0.0,0.0,0.0
synthetic_m4,la_souris_truck,whitevan,10,2,5|7,2026-07-12 21.01.30.jpg|2026-07-12 21.01.49.jpg,0.0,0.0,0.0,0.0,0.0,0.0
synthetic_m4,la_souris_truck,whitevan,10,2,5|8,2026-07-12 21.01.30.jpg|2026-07-12 21.01.50.jpg,0.0,0.0,0.0,0.0,0.0,0.0
synthetic_m4,la_souris_truck,whitevan,10,2,5|9,2026-07-12 21.01.30.jpg|2026-07-12 21.01.51.jpg,0.0,0.0,0.0,0.0,0.0,0.0
synthetic_m4,la_souris_truck,whitevan,10,2,5|10,2026-07-12 21.01.30.jpg|2026-07-12 21.05.27.jpg,1.0,0.8456525181770173,0.8456525181770173,0.9713618159294128,0.8705844766688557,0.9713618159294128
synthetic_m4,la_souris_truck,whitevan,10,2,6|7,2026-07-12 21.01.33.jpg|2026-07-12 21.01.49.jpg,0.0,0.0,0.0,0.0,0.0,0.0
synthetic_m4,la_souris_truck,whitevan,10,2,6|8,2026-07-12 21.01.33.jpg|2026-07-12 21.01.50.jpg,0.0,0.0,0.0,0.0,0.0,0.0
synthetic_m4,la_souris_truck,whitevan,10,2,6|9,2026-07-12 21.01.33.jpg|2026-07-12 21.01.51.jpg,0.0,0.0,0.0,0.0,0.0,0.0
synthetic_m4,la_souris_truck,whitevan,10,2,6|10,2026-07-12 21.01.33.jpg|2026-07-12 21.05.27.jpg,1.0,0.8456525181770173,0.8456525181770173,0.9713618159294128,0.8705844766688557,0.9713618159294128
synthetic_m4,la_souris_truck,whitevan,10,2,7|8,2026-07-12 21.01.49.jpg|2026-07-12 21.01.50.jpg,0.0,0.0,0.0,0.0,0.0,0.0
synthetic_m4,la_souris_truck,whitevan,10,2,7|9,2026-07-12 21.01.49.jpg|2026-07-12 21.01.51.jpg,0.0,0.0,0.0,0.0,0.0,0.0
synthetic_m4,la_souris_truck,whitevan,10,2,7|10,2026-07-12 21.01.49.jpg|2026-07-12 21.05.27.jpg,1.0,0.8456525181770173,0.8456525181770173,0.9713618159294128,0.8705844766688557,0.9713618159294128
synthetic_m4,la_souris_truck,whitevan,10,2,8|9,2026-07-12 21.01.50.jpg|2026-07-12 21.01.51.jpg,0.0,0.0,0.0,0.0,0.0,0.0
synthetic_m4,la_souris_truck,whitevan,10,2,8|10,2026-07-12 21.01.50.jpg|2026-07-12 21.05.27.jpg,1.0,0.8456525181770173,0.8456525181770173,0.9713618159294128,0.8705844766688557,0.9713618159294128
synthetic_m4,la_souris_truck,whitevan,10,2,9|10,2026-07-12 21.01.51.jpg|2026-07-12 21.05.27.jpg,1.0,0.8456525181770173,0.8456525181770173,0.9713618159294128,0.8705844766688557,0.9713618159294128
synthetic_m4,la_souris_truck,whitevan,10,3,1|2|3,2026-07-12 21.05.57.jpg|2026-07-12 21.06.04.jpg|2026-07-12 21.01.06.jpg,1.0,0.6356431436660991,0.7229893570376007,0.842469334602356,0.7871083728731303,0.918538516365313
synthetic_m4,la_souris_truck,whitevan,10,3,1|2|4,2026-07-12 21.05.57.jpg|2026-07-12 21.06.04.jpg|2026-07-12 21.01.23.jpg,1.0,0.6356431436660991,0.7648578550433748,0.842469334602356,0.7871083728731303,0.9717313160466888
synthetic_m4,la_souris_truck,whitevan,10,3,1|2|5,2026-07-12 21.05.57.jpg|2026-07-12 21.06.04.jpg|2026-07-12 21.01.30.jpg,1.0,0.6356431436660991,0.7229893570376007,0.842469334602356,0.7871083728731303,0.918538516365313
synthetic_m4,la_souris_truck,whitevan,10,3,1|2|6,2026-07-12 21.05.57.jpg|2026-07-12 21.06.04.jpg|2026-07-12 21.01.33.jpg,1.0,0.6356431436660991,0.7229893570376007,0.842469334602356,0.7871083728731303,0.918538516365313
synthetic_m4,la_souris_truck,whitevan,10,3,1|2|7,2026-07-12 21.05.57.jpg|2026-07-12 21.06.04.jpg|2026-07-12 21.01.49.jpg,1.0,0.6356431436660991,0.7229893570376007,0.842469334602356,0.7871083728731303,0.918538516365313
synthetic_m4,la_souris_truck,whitevan,10,3,1|2|8,2026-07-12 21.05.57.jpg|2026-07-12 21.06.04.jpg|2026-07-12 21.01.50.jpg,1.0,0.6356431436660991,0.7229893570376007,0.842469334602356,0.7871083728731303,0.918538516365313
synthetic_m4,la_souris_truck,whitevan,10,3,1|2|9,2026-07-12 21.05.57.jpg|2026-07-12 21.06.04.jpg|2026-07-12 21.01.51.jpg,1.0,0.6356431436660991,0.7229893570376007,0.842469334602356,0.7871083728731303,0.918538516365313
synthetic_m4,la_souris_truck,whitevan,10,3,1|2|10,2026-07-12 21.05.57.jpg|2026-07-12 21.06.04.jpg|2026-07-12 21.05.27.jpg,1.0,0.8456525181770173,0.8685534823401921,0.9713618159294128,0.8705844766688557,0.9976670910370067
synthetic_m4,la_souris_truck,whitevan,10,3,1|3|4,2026-07-12 21.05.57.jpg|2026-07-12 21.01.06.jpg|2026-07-12 21.01.23.jpg,1.0,0.43788815834608197,0.6458627444515781,0.6529809832572937,0.7871083728731303,0.8205512312034333
synthetic_m4,la_souris_truck,whitevan,10,3,1|3|5,2026-07-12 21.05.57.jpg|2026-07-12 21.01.06.jpg|2026-07-12 21.01.30.jpg,1.0,0.380082758693959,0.380082758693959,0.4828849136829376,0.7871083728731303,0.4828849136829376
synthetic_m4,la_souris_truck,whitevan,10,3,1|3|6,2026-07-12 21.05.57.jpg|2026-07-12 21.01.06.jpg|2026-07-12 21.01.33.jpg,1.0,0.380082758693959,0.380082758693959,0.4828849136829376,0.7871083728731303,0.4828849136829376
synthetic_m4,la_souris_truck,whitevan,10,3,1|3|7,2026-07-12 21.05.57.jpg|2026-07-12 21.01.06.jpg|2026-07-12 21.01.49.jpg,1.0,0.380082758693959,0.380082758693959,0.4828849136829376,0.7871083728731303,0.4828849136829376
synthetic_m4,la_souris_truck,whitevan,10,3,1|3|8,2026-07-12 21.05.57.jpg|2026-07-12 21.01.06.jpg|2026-07-12 21.01.50.jpg,1.0,0.380082758693959,0.380082758693959,0.4828849136829376,0.7871083728731303,0.4828849136829376
synthetic_m4,la_souris_truck,whitevan,10,3,1|3|9,2026-07-12 21.05.57.jpg|2026-07-12 21.01.06.jpg|2026-07-12 21.01.51.jpg,1.0,0.380082758693959,0.380082758693959,0.4828849136829376,0.7871083728731303,0.4828849136829376
synthetic_m4,la_souris_truck,whitevan,10,3,1|3|10,2026-07-12 21.05.57.jpg|2026-07-12 21.01.06.jpg|2026-07-12 21.05.27.jpg,1.0,0.8456525181770173,0.8576917848012953,0.9713618159294128,0.8705844766688557,0.9851907629723744
synthetic_m4,la_souris_truck,whitevan,10,3,1|4|5,2026-07-12 21.05.57.jpg|2026-07-12 21.01.23.jpg|2026-07-12 21.01.30.jpg,1.0,0.43788815834608197,0.6458627444515781,0.6529809832572937,0.7871083728731303,0.8205512312034333
synthetic_m4,la_souris_truck,whitevan,10,3,1|4|6,2026-07-12 21.05.57.jpg|2026-07-12 21.01.23.jpg|2026-07-12 21.01.33.jpg,1.0,0.43788815834608197,0.6458627444515781,0.6529809832572937,0.7871083728731303,0.8205512312034333
synthetic_m4,la_souris_truck,whitevan,10,3,1|4|7,2026-07-12 21.05.57.jpg|2026-07-12 21.01.23.jpg|2026-07-12 21.01.49.jpg,1.0,0.43788815834608197,0.6458627444515781,0.6529809832572937,0.7871083728731303,0.8205512312034333
synthetic_m4,la_souris_truck,whitevan,10,3,1|4|8,2026-07-12 21.05.57.jpg|2026-07-12 21.01.23.jpg|2026-07-12 21.01.50.jpg,1.0,0.43788815834608197,0.6458627444515781,0.6529809832572937,0.7871083728731303,0.8205512312034333
synthetic_m4,la_souris_truck,whitevan,10,3,1|4|9,2026-07-12 21.05.57.jpg|2026-07-12 21.01.23.jpg|2026-07-12 21.01.51.jpg,1.0,0.43788815834608197,0.6458627444515781,0.6529809832572937,0.7871083728731303,0.8205512312034333
synthetic_m4,la_souris_truck,whitevan,10,3,1|4|10,2026-07-12 21.05.57.jpg|2026-07-12 21.01.23.jpg|2026-07-12 21.05.27.jpg,1.0,0.8456525181770173,0.8661104674138081,0.9713618159294128,0.8705844766688557,0.9948609131279637
synthetic_m4,la_souris_truck,whitevan,10,3,1|5|6,2026-07-12 21.05.57.jpg|2026-07-12 21.01.30.jpg|2026-07-12 21.01.33.jpg,1.0,0.380082758693959,0.380082758693959,0.4828849136829376,0.7871083728731303,0.4828849136829376
synthetic_m4,la_souris_truck,whitevan,10,3,1|5|7,2026-07-12 21.05.57.jpg|2026-07-12 21.01.30.jpg|2026-07-12 21.01.49.jpg,1.0,0.380082758693959,0.380082758693959,0.4828849136829376,0.7871083728731303,0.4828849136829376
synthetic_m4,la_souris_truck,whitevan,10,3,1|5|8,2026-07-12 21.05.57.jpg|2026-07-12 21.01.30.jpg|2026-07-12 21.01.50.jpg,1.0,0.380082758693959,0.380082758693959,0.4828849136829376,0.7871083728731303,0.4828849136829376
synthetic_m4,la_souris_truck,whitevan,10,3,1|5|9,2026-07-12 21.05.57.jpg|2026-07-12 21.01.30.jpg|2026-07-12 21.01.51.jpg,1.0,0.380082758693959,0.380082758693959,0.4828849136829376,0.7871083728731303,0.4828849136829376
synthetic_m4,la_souris_truck,whitevan,10,3,1|5|10,2026-07-12 21.05.57.jpg|2026-07-12 21.01.30.jpg|2026-07-12 21.05.27.jpg,1.0,0.8456525181770173,0.8576917848012953,0.9713618159294128,0.8705844766688557,0.9851907629723744
synthetic_m4,la_souris_truck,whitevan,10,3,1|6|7,2026-07-12 21.05.57.jpg|2026-07-12 21.01.33.jpg|2026-07-12 21.01.49.jpg,1.0,0.380082758693959,0.380082758693959,0.4828849136829376,0.7871083728731303,0.4828849136829376
synthetic_m4,la_souris_truck,whitevan,10,3,1|6|8,2026-07-12 21.05.57.jpg|2026-07-12 21.01.33.jpg|2026-07-12 21.01.50.jpg,1.0,0.380082758693959,0.380082758693959,0.4828849136829376,0.7871083728731303,0.4828849136829376
synthetic_m4,la_souris_truck,whitevan,10,3,1|6|9,2026-07-12 21.05.57.jpg|2026-07-12 21.01.33.jpg|2026-07-12 21.01.51.jpg,1.0,0.380082758693959,0.380082758693959,0.4828849136829376,0.7871083728731303,0.4828849136829376
synthetic_m4,la_souris_truck,whitevan,10,3,1|6|10,2026-07-12 21.05.57.jpg|2026-07-12 21.01.33.jpg|2026-07-12 21.05.27.jpg,1.0,0.8456525181770173,0.8576917848012953,0.9713618159294128,0.8705844766688557,0.9851907629723744
synthetic_m4,la_souris_truck,whitevan,10,3,1|7|8,2026-07-12 21.05.57.jpg|2026-07-12 21.01.49.jpg|2026-07-12 21.01.50.jpg,1.0,0.380082758693959,0.380082758693959,0.4828849136829376,0.7871083728731303,0.4828849136829376
synthetic_m4,la_souris_truck,whitevan,10,3,1|7|9,2026-07-12 21.05.57.jpg|2026-07-12 21.01.49.jpg|2026-07-12 21.01.51.jpg,1.0,0.380082758693959,0.380082758693959,0.4828849136829376,0.7871083728731303,0.4828849136829376
synthetic_m4,la_souris_truck,whitevan,10,3,1|7|10,2026-07-12 21.05.57.jpg|2026-07-12 21.01.49.jpg|2026-07-12 21.05.27.jpg,1.0,0.8456525181770173,0.8576917848012953,0.9713618159294128,0.8705844766688557,0.9851907629723744
synthetic_m4,la_souris_truck,whitevan,10,3,1|8|9,2026-07-12 21.05.57.jpg|2026-07-12 21.01.50.jpg|2026-07-12 21.01.51.jpg,1.0,0.380082758693959,0.380082758693959,0.4828849136829376,0.7871083728731303,0.4828849136829376
synthetic_m4,la_souris_truck,whitevan,10,3,1|8|10,2026-07-12 21.05.57.jpg|2026-07-12 21.01.50.jpg|2026-07-12 21.05.27.jpg,1.0,0.8456525181770173,0.8576917848012953,0.9713618159294128,0.8705844766688557,0.9851907629723744
synthetic_m4,la_souris_truck,whitevan,10,3,1|9|10,2026-07-12 21.05.57.jpg|2026-07-12 21.01.51.jpg|2026-07-12 21.05.27.jpg,1.0,0.8456525181770173,0.8576917848012953,0.9713618159294128,0.8705844766688557,0.9851907629723744
synthetic_m4,la_souris_truck,whitevan,10,3,2|3|4,2026-07-12 21.06.04.jpg|2026-07-12 21.01.06.jpg|2026-07-12 21.01.23.jpg,1.0,0.6356431436660991,0.7132544343835135,0.842469334602356,0.7545000364507292,0.9453338633868853
synthetic_m4,la_souris_truck,whitevan,10,3,2|3|5,2026-07-12 21.06.04.jpg|2026-07-12 21.01.06.jpg|2026-07-12 21.01.30.jpg,1.0,0.6356431436660991,0.6356431436660991,0.842469334602356,0.7545000364507292,0.842469334602356
synthetic_m4,la_souris_truck,whitevan,10,3,2|3|6,2026-07-12 21.06.04.jpg|2026-07-12 21.01.06.jpg|2026-07-12 21.01.33.jpg,1.0,0.6356431436660991,0.6356431436660991,0.842469334602356,0.7545000364507292,0.842469334602356
synthetic_m4,la_souris_truck,whitevan,10,3,2|3|7,2026-07-12 21.06.04.jpg|2026-07-12 21.01.06.jpg|2026-07-12 21.01.49.jpg,1.0,0.6356431436660991,0.6356431436660991,0.842469334602356,0.7545000364507292,0.842469334602356
synthetic_m4,la_souris_truck,whitevan,10,3,2|3|8,2026-07-12 21.06.04.jpg|2026-07-12 21.01.06.jpg|2026-07-12 21.01.50.jpg,1.0,0.6356431436660991,0.6356431436660991,0.842469334602356,0.7545000364507292,0.842469334602356
synthetic_m4,la_souris_truck,whitevan,10,3,2|3|9,2026-07-12 21.06.04.jpg|2026-07-12 21.01.06.jpg|2026-07-12 21.01.51.jpg,1.0,0.6356431436660991,0.6356431436660991,0.842469334602356,0.7545000364507292,0.842469334602356
synthetic_m4,la_souris_truck,whitevan,10,3,2|3|10,2026-07-12 21.06.04.jpg|2026-07-12 21.01.06.jpg|2026-07-12 21.05.27.jpg,1.0,0.8456525181770173,0.86665692865797,0.9713618159294128,0.8705844766688557,0.9954886078075802
synthetic_m4,la_souris_truck,whitevan,10,3,2|4|5,2026-07-12 21.06.04.jpg|2026-07-12 21.01.23.jpg|2026-07-12 21.01.30.jpg,1.0,0.6356431436660991,0.7132544343835135,0.842469334602356,0.7545000364507292,0.9453338633868853
synthetic_m4,la_souris_truck,whitevan,10,3,2|4|6,2026-07-12 21.06.04.jpg|2026-07-12 21.01.23.jpg|2026-07-12 21.01.33.jpg,1.0,0.6356431436660991,0.7132544343835135,0.842469334602356,0.7545000364507292,0.9453338633868853
synthetic_m4,la_souris_truck,whitevan,10,3,2|4|7,2026-07-12 21.06.04.jpg|2026-07-12 21.01.23.jpg|2026-07-12 21.01.49.jpg,1.0,0.6356431436660991,0.7132544343835135,0.842469334602356,0.7545000364507292,0.9453338633868853
synthetic_m4,la_souris_truck,whitevan,10,3,2|4|8,2026-07-12 21.06.04.jpg|2026-07-12 21.01.23.jpg|2026-07-12 21.01.50.jpg,1.0,0.6356431436660991,0.7132544343835135,0.842469334602356,0.7545000364507292,0.9453338633868853
synthetic_m4,la_souris_truck,whitevan,10,3,2|4|9,2026-07-12 21.06.04.jpg|2026-07-12 21.01.23.jpg|2026-07-12 21.01.51.jpg,1.0,0.6356431436660991,0.7132544343835135,0.842469334602356,0.7545000364507292,0.9453338633868853
synthetic_m4,la_souris_truck,whitevan,10,3,2|4|10,2026-07-12 21.06.04.jpg|2026-07-12 21.01.23.jpg|2026-07-12 21.05.27.jpg,1.0,0.8456525181770173,0.8692215428199084,0.9713618159294128,0.8705844766688557,0.9984344611172458
synthetic_m4,la_souris_truck,whitevan,10,3,2|5|6,2026-07-12 21.06.04.jpg|2026-07-12 21.01.30.jpg|2026-07-12 21.01.33.jpg,1.0,0.6356431436660991,0.6356431436660991,0.842469334602356,0.7545000364507292,0.842469334602356
synthetic_m4,la_souris_truck,whitevan,10,3,2|5|7,2026-07-12 21.06.04.jpg|2026-07-12 21.01.30.jpg|2026-07-12 21.01.49.jpg,1.0,0.6356431436660991,0.6356431436660991,0.842469334602356,0.7545000364507292,0.842469334602356
synthetic_m4,la_souris_truck,whitevan,10,3,2|5|8,2026-07-12 21.06.04.jpg|2026-07-12 21.01.30.jpg|2026-07-12 21.01.50.jpg,1.0,0.6356431436660991,0.6356431436660991,0.842469334602356,0.7545000364507292,0.842469334602356
synthetic_m4,la_souris_truck,whitevan,10,3,2|5|9,2026-07-12 21.06.04.jpg|2026-07-12 21.01.30.jpg|2026-07-12 21.01.51.jpg,1.0,0.6356431436660991,0.6356431436660991,0.842469334602356,0.7545000364507292,0.842469334602356
synthetic_m4,la_souris_truck,whitevan,10,3,2|5|10,2026-07-12 21.06.04.jpg|2026-07-12 21.01.30.jpg|2026-07-12 21.05.27.jpg,1.0,0.8456525181770173,0.86665692865797,0.9713618159294128,0.8705844766688557,0.9954886078075802
synthetic_m4,la_souris_truck,whitevan,10,3,2|6|7,2026-07-12 21.06.04.jpg|2026-07-12 21.01.33.jpg|2026-07-12 21.01.49.jpg,1.0,0.6356431436660991,0.6356431436660991,0.842469334602356,0.7545000364507292,0.842469334602356
synthetic_m4,la_souris_truck,whitevan,10,3,2|6|8,2026-07-12 21.06.04.jpg|2026-07-12 21.01.33.jpg|2026-07-12 21.01.50.jpg,1.0,0.6356431436660991,0.6356431436660991,0.842469334602356,0.7545000364507292,0.842469334602356
synthetic_m4,la_souris_truck,whitevan,10,3,2|6|9,2026-07-12 21.06.04.jpg|2026-07-12 21.01.33.jpg|2026-07-12 21.01.51.jpg,1.0,0.6356431436660991,0.6356431436660991,0.842469334602356,0.7545000364507292,0.842469334602356
synthetic_m4,la_souris_truck,whitevan,10,3,2|6|10,2026-07-12 21.06.04.jpg|2026-07-12 21.01.33.jpg|2026-07-12 21.05.27.jpg,1.0,0.8456525181770173,0.86665692865797,0.9713618159294128,0.8705844766688557,0.9954886078075802
synthetic_m4,la_souris_truck,whitevan,10,3,2|7|8,2026-07-12 21.06.04.jpg|2026-07-12 21.01.49.jpg|2026-07-12 21.01.50.jpg,1.0,0.6356431436660991,0.6356431436660991,0.842469334602356,0.7545000364507292,0.842469334602356
synthetic_m4,la_souris_truck,whitevan,10,3,2|7|9,2026-07-12 21.06.04.jpg|2026-07-12 21.01.49.jpg|2026-07-12 21.01.51.jpg,1.0,0.6356431436660991,0.6356431436660991,0.842469334602356,0.7545000364507292,0.842469334602356
synthetic_m4,la_souris_truck,whitevan,10,3,2|7|10,2026-07-12 21.06.04.jpg|2026-07-12 21.01.49.jpg|2026-07-12 21.05.27.jpg,1.0,0.8456525181770173,0.86665692865797,0.9713618159294128,0.8705844766688557,0.9954886078075802
synthetic_m4,la_souris_truck,whitevan,10,3,2|8|9,2026-07-12 21.06.04.jpg|2026-07-12 21.01.50.jpg|2026-07-12 21.01.51.jpg,1.0,0.6356431436660991,0.6356431436660991,0.842469334602356,0.7545000364507292,0.842469334602356
synthetic_m4,la_souris_truck,whitevan,10,3,2|8|10,2026-07-12 21.06.04.jpg|2026-07-12 21.01.50.jpg|2026-07-12 21.05.27.jpg,1.0,0.8456525181770173,0.86665692865797,0.9713618159294128,0.8705844766688557,0.9954886078075802
synthetic_m4,la_souris_truck,whitevan,10,3,2|9|10,2026-07-12 21.06.04.jpg|2026-07-12 21.01.51.jpg|2026-07-12 21.05.27.jpg,1.0,0.8456525181770173,0.86665692865797,0.9713618159294128,0.8705844766688557,0.9954886078075802
synthetic_m4,la_souris_truck,whitevan,10,3,3|4|5,2026-07-12 21.01.06.jpg|2026-07-12 21.01.23.jpg|2026-07-12 21.01.30.jpg,1.0,0.43788815834608197,0.43788815834608197,0.6529809832572937,0.6705986385112553,0.6529809832572937
synthetic_m4,la_souris_truck,whitevan,10,3,3|4|6,2026-07-12 21.01.06.jpg|2026-07-12 21.01.23.jpg|2026-07-12 21.01.33.jpg,1.0,0.43788815834608197,0.43788815834608197,0.6529809832572937,0.6705986385112553,0.6529809832572937
synthetic_m4,la_souris_truck,whitevan,10,3,3|4|7,2026-07-12 21.01.06.jpg|2026-07-12 21.01.23.jpg|2026-07-12 21.01.49.jpg,1.0,0.43788815834608197,0.43788815834608197,0.6529809832572937,0.6705986385112553,0.6529809832572937
synthetic_m4,la_souris_truck,whitevan,10,3,3|4|8,2026-07-12 21.01.06.jpg|2026-07-12 21.01.23.jpg|2026-07-12 21.01.50.jpg,1.0,0.43788815834608197,0.43788815834608197,0.6529809832572937,0.6705986385112553,0.6529809832572937
synthetic_m4,la_souris_truck,whitevan,10,3,3|4|9,2026-07-12 21.01.06.jpg|2026-07-12 21.01.23.jpg|2026-07-12 21.01.51.jpg,1.0,0.43788815834608197,0.43788815834608197,0.6529809832572937,0.6705986385112553,0.6529809832572937
synthetic_m4,la_souris_truck,whitevan,10,3,3|4|10,2026-07-12 21.01.06.jpg|2026-07-12 21.01.23.jpg|2026-07-12 21.05.27.jpg,1.0,0.8456525181770173,0.861932612947548,0.9713618159294128,0.8705844766688557,0.9900620055225282
synthetic_m4,la_souris_truck,whitevan,10,3,3|5|6,2026-07-12 21.01.06.jpg|2026-07-12 21.01.30.jpg|2026-07-12 21.01.33.jpg,0.0,0.0,0.0,0.0,0.0,0.0
synthetic_m4,la_souris_truck,whitevan,10,3,3|5|7,2026-07-12 21.01.06.jpg|2026-07-12 21.01.30.jpg|2026-07-12 21.01.49.jpg,0.0,0.0,0.0,0.0,0.0,0.0
synthetic_m4,la_souris_truck,whitevan,10,3,3|5|8,2026-07-12 21.01.06.jpg|2026-07-12 21.01.30.jpg|2026-07-12 21.01.50.jpg,0.0,0.0,0.0,0.0,0.0,0.0
synthetic_m4,la_souris_truck,whitevan,10,3,3|5|9,2026-07-12 21.01.06.jpg|2026-07-12 21.01.30.jpg|2026-07-12 21.01.51.jpg,0.0,0.0,0.0,0.0,0.0,0.0
synthetic_m4,la_souris_truck,whitevan,10,3,3|5|10,2026-07-12 21.01.06.jpg|2026-07-12 21.01.30.jpg|2026-07-12 21.05.27.jpg,1.0,0.8456525181770173,0.8456525181770173,0.9713618159294128,0.8705844766688557,0.9713618159294128
synthetic_m4,la_souris_truck,whitevan,10,3,3|6|7,2026-07-12 21.01.06.jpg|2026-07-12 21.01.33.jpg|2026-07-12 21.01.49.jpg,0.0,0.0,0.0,0.0,0.0,0.0
synthetic_m4,la_souris_truck,whitevan,10,3,3|6|8,2026-07-12 21.01.06.jpg|2026-07-12 21.01.33.jpg|2026-07-12 21.01.50.jpg,0.0,0.0,0.0,0.0,0.0,0.0
synthetic_m4,la_souris_truck,whitevan,10,3,3|6|9,2026-07-12 21.01.06.jpg|2026-07-12 21.01.33.jpg|2026-07-12 21.01.51.jpg,0.0,0.0,0.0,0.0,0.0,0.0
synthetic_m4,la_souris_truck,whitevan,10,3,3|6|10,2026-07-12 21.01.06.jpg|2026-07-12 21.01.33.jpg|2026-07-12 21.05.27.jpg,1.0,0.8456525181770173,0.8456525181770173,0.9713618159294128,0.8705844766688557,0.9713618159294128
synthetic_m4,la_souris_truck,whitevan,10,3,3|7|8,2026-07-12 21.01.06.jpg|2026-07-12 21.01.49.jpg|2026-07-12 21.01.50.jpg,0.0,0.0,0.0,0.0,0.0,0.0
synthetic_m4,la_souris_truck,whitevan,10,3,3|7|9,2026-07-12 21.01.06.jpg|2026-07-12 21.01.49.jpg|2026-07-12 21.01.51.jpg,0.0,0.0,0.0,0.0,0.0,0.0
synthetic_m4,la_souris_truck,whitevan,10,3,3|7|10,2026-07-12 21.01.06.jpg|2026-07-12 21.01.49.jpg|2026-07-12 21.05.27.jpg,1.0,0.8456525181770173,0.8456525181770173,0.9713618159294128,0.8705844766688557,0.9713618159294128
synthetic_m4,la_souris_truck,whitevan,10,3,3|8|9,2026-07-12 21.01.06.jpg|2026-07-12 21.01.50.jpg|2026-07-12 21.01.51.jpg,0.0,0.0,0.0,0.0,0.0,0.0
synthetic_m4,la_souris_truck,whitevan,10,3,3|8|10,2026-07-12 21.01.06.jpg|2026-07-12 21.01.50.jpg|2026-07-12 21.05.27.jpg,1.0,0.8456525181770173,0.8456525181770173,0.9713618159294128,0.8705844766688557,0.9713618159294128
synthetic_m4,la_souris_truck,whitevan,10,3,3|9|10,2026-07-12 21.01.06.jpg|2026-07-12 21.01.51.jpg|2026-07-12 21.05.27.jpg,1.0,0.8456525181770173,0.8456525181770173,0.9713618159294128,0.8705844766688557,0.9713618159294128
synthetic_m4,la_souris_truck,whitevan,10,3,4|5|6,2026-07-12 21.01.23.jpg|2026-07-12 21.01.30.jpg|2026-07-12 21.01.33.jpg,1.0,0.43788815834608197,0.43788815834608197,0.6529809832572937,0.6705986385112553,0.6529809832572937
synthetic_m4,la_souris_truck,whitevan,10,3,4|5|7,2026-07-12 21.01.23.jpg|2026-07-12 21.01.30.jpg|2026-07-12 21.01.49.jpg,1.0,0.43788815834608197,0.43788815834608197,0.6529809832572937,0.6705986385112553,0.6529809832572937
synthetic_m4,la_souris_truck,whitevan,10,3,4|5|8,2026-07-12 21.01.23.jpg|2026-07-12 21.01.30.jpg|2026-07-12 21.01.50.jpg,1.0,0.43788815834608197,0.43788815834608197,0.6529809832572937,0.6705986385112553,0.6529809832572937
synthetic_m4,la_souris_truck,whitevan,10,3,4|5|9,2026-07-12 21.01.23.jpg|2026-07-12 21.01.30.jpg|2026-07-12 21.01.51.jpg,1.0,0.43788815834608197,0.43788815834608197,0.6529809832572937,0.6705986385112553,0.6529809832572937
synthetic_m4,la_souris_truck,whitevan,10,3,4|5|10,2026-07-12 21.01.23.jpg|2026-07-12 21.01.30.jpg|2026-07-12 21.05.27.jpg,1.0,0.8456525181770173,0.861932612947548,0.9713618159294128,0.8705844766688557,0.9900620055225282
synthetic_m4,la_souris_truck,whitevan,10,3,4|6|7,2026-07-12 21.01.23.jpg|2026-07-12 21.01.33.jpg|2026-07-12 21.01.49.jpg,1.0,0.43788815834608197,0.43788815834608197,0.6529809832572937,0.6705986385112553,0.6529809832572937
synthetic_m4,la_souris_truck,whitevan,10,3,4|6|8,2026-07-12 21.01.23.jpg|2026-07-12 21.01.33.jpg|2026-07-12 21.01.50.jpg,1.0,0.43788815834608197,0.43788815834608197,0.6529809832572937,0.6705986385112553,0.6529809832572937
synthetic_m4,la_souris_truck,whitevan,10,3,4|6|9,2026-07-12 21.01.23.jpg|2026-07-12 21.01.33.jpg|2026-07-12 21.01.51.jpg,1.0,0.43788815834608197,0.43788815834608197,0.6529809832572937,0.6705986385112553,0.6529809832572937
synthetic_m4,la_souris_truck,whitevan,10,3,4|6|10,2026-07-12 21.01.23.jpg|2026-07-12 21.01.33.jpg|2026-07-12 21.05.27.jpg,1.0,0.8456525181770173,0.861932612947548,0.9713618159294128,0.8705844766688557,0.9900620055225282
synthetic_m4,la_souris_truck,whitevan,10,3,4|7|8,2026-07-12 21.01.23.jpg|2026-07-12 21.01.49.jpg|2026-07-12 21.01.50.jpg,1.0,0.43788815834608197,0.43788815834608197,0.6529809832572937,0.6705986385112553,0.6529809832572937
synthetic_m4,la_souris_truck,whitevan,10,3,4|7|9,2026-07-12 21.01.23.jpg|2026-07-12 21.01.49.jpg|2026-07-12 21.01.51.jpg,1.0,0.43788815834608197,0.43788815834608197,0.6529809832572937,0.6705986385112553,0.6529809832572937
synthetic_m4,la_souris_truck,whitevan,10,3,4|7|10,2026-07-12 21.01.23.jpg|2026-07-12 21.01.49.jpg|2026-07-12 21.05.27.jpg,1.0,0.8456525181770173,0.861932612947548,0.9713618159294128,0.8705844766688557,0.9900620055225282
synthetic_m4,la_souris_truck,whitevan,10,3,4|8|9,2026-07-12 21.01.23.jpg|2026-07-12 21.01.50.jpg|2026-07-12 21.01.51.jpg,1.0,0.43788815834608197,0.43788815834608197,0.6529809832572937,0.6705986385112553,0.6529809832572937
synthetic_m4,la_souris_truck,whitevan,10,3,4|8|10,2026-07-12 21.01.23.jpg|2026-07-12 21.01.50.jpg|2026-07-12 21.05.27.jpg,1.0,0.8456525181770173,0.861932612947548,0.9713618159294128,0.8705844766688557,0.9900620055225282
synthetic_m4,la_souris_truck,whitevan,10,3,4|9|10,2026-07-12 21.01.23.jpg|2026-07-12 21.01.51.jpg|2026-07-12 21.05.27.jpg,1.0,0.8456525181770173,0.861932612947548,0.9713618159294128,0.8705844766688557,0.9900620055225282
synthetic_m4,la_souris_truck,whitevan,10,3,5|6|7,2026-07-12 21.01.30.jpg|2026-07-12 21.01.33.jpg|2026-07-12 21.01.49.jpg,0.0,0.0,0.0,0.0,0.0,0.0
synthetic_m4,la_souris_truck,whitevan,10,3,5|6|8,2026-07-12 21.01.30.jpg|2026-07-12 21.01.33.jpg|2026-07-12 21.01.50.jpg,0.0,0.0,0.0,0.0,0.0,0.0
synthetic_m4,la_souris_truck,whitevan,10,3,5|6|9,2026-07-12 21.01.30.jpg|2026-07-12 21.01.33.jpg|2026-07-12 21.01.51.jpg,0.0,0.0,0.0,0.0,0.0,0.0
synthetic_m4,la_souris_truck,whitevan,10,3,5|6|10,2026-07-12 21.01.30.jpg|2026-07-12 21.01.33.jpg|2026-07-12 21.05.27.jpg,1.0,0.8456525181770173,0.8456525181770173,0.9713618159294128,0.8705844766688557,0.9713618159294128
synthetic_m4,la_souris_truck,whitevan,10,3,5|7|8,2026-07-12 21.01.30.jpg|2026-07-12 21.01.49.jpg|2026-07-12 21.01.50.jpg,0.0,0.0,0.0,0.0,0.0,0.0
synthetic_m4,la_souris_truck,whitevan,10,3,5|7|9,2026-07-12 21.01.30.jpg|2026-07-12 21.01.49.jpg|2026-07-12 21.01.51.jpg,0.0,0.0,0.0,0.0,0.0,0.0
synthetic_m4,la_souris_truck,whitevan,10,3,5|7|10,2026-07-12 21.01.30.jpg|2026-07-12 21.01.49.jpg|2026-07-12 21.05.27.jpg,1.0,0.8456525181770173,0.8456525181770173,0.9713618159294128,0.8705844766688557,0.9713618159294128
synthetic_m4,la_souris_truck,whitevan,10,3,5|8|9,2026-07-12 21.01.30.jpg|2026-07-12 21.01.50.jpg|2026-07-12 21.01.51.jpg,0.0,0.0,0.0,0.0,0.0,0.0
synthetic_m4,la_souris_truck,whitevan,10,3,5|8|10,2026-07-12 21.01.30.jpg|2026-07-12 21.01.50.jpg|2026-07-12 21.05.27.jpg,1.0,0.8456525181770173,0.8456525181770173,0.9713618159294128,0.8705844766688557,0.9713618159294128
synthetic_m4,la_souris_truck,whitevan,10,3,5|9|10,2026-07-12 21.01.30.jpg|2026-07-12 21.01.51.jpg|2026-07-12 21.05.27.jpg,1.0,0.8456525181770173,0.8456525181770173,0.9713618159294128,0.8705844766688557,0.9713618159294128
synthetic_m4,la_souris_truck,whitevan,10,3,6|7|8,2026-07-12 21.01.33.jpg|2026-07-12 21.01.49.jpg|2026-07-12 21.01.50.jpg,0.0,0.0,0.0,0.0,0.0,0.0
synthetic_m4,la_souris_truck,whitevan,10,3,6|7|9,2026-07-12 21.01.33.jpg|2026-07-12 21.01.49.jpg|2026-07-12 21.01.51.jpg,0.0,0.0,0.0,0.0,0.0,0.0
synthetic_m4,la_souris_truck,whitevan,10,3,6|7|10,2026-07-12 21.01.33.jpg|2026-07-12 21.01.49.jpg|2026-07-12 21.05.27.jpg,1.0,0.8456525181770173,0.8456525181770173,0.9713618159294128,0.8705844766688557,0.9713618159294128
synthetic_m4,la_souris_truck,whitevan,10,3,6|8|9,2026-07-12 21.01.33.jpg|2026-07-12 21.01.50.jpg|2026-07-12 21.01.51.jpg,0.0,0.0,0.0,0.0,0.0,0.0
synthetic_m4,la_souris_truck,whitevan,10,3,6|8|10,2026-07-12 21.01.33.jpg|2026-07-12 21.01.50.jpg|2026-07-12 21.05.27.jpg,1.0,0.8456525181770173,0.8456525181770173,0.9713618159294128,0.8705844766688557,0.9713618159294128
synthetic_m4,la_souris_truck,whitevan,10,3,6|9|10,2026-07-12 21.01.33.jpg|2026-07-12 21.01.51.jpg|2026-07-12 21.05.27.jpg,1.0,0.8456525181770173,0.8456525181770173,0.9713618159294128,0.8705844766688557,0.9713618159294128
synthetic_m4,la_souris_truck,whitevan,10,3,7|8|9,2026-07-12 21.01.49.jpg|2026-07-12 21.01.50.jpg|2026-07-12 21.01.51.jpg,0.0,0.0,0.0,0.0,0.0,0.0
synthetic_m4,la_souris_truck,whitevan,10,3,7|8|10,2026-07-12 21.01.49.jpg|2026-07-12 21.01.50.jpg|2026-07-12 21.05.27.jpg,1.0,0.8456525181770173,0.8456525181770173,0.9713618159294128,0.8705844766688557,0.9713618159294128
synthetic_m4,la_souris_truck,whitevan,10,3,7|9|10,2026-07-12 21.01.49.jpg|2026-07-12 21.01.51.jpg|2026-07-12 21.05.27.jpg,1.0,0.8456525181770173,0.8456525181770173,0.9713618159294128,0.8705844766688557,0.9713618159294128
synthetic_m4,la_souris_truck,whitevan,10,3,8|9|10,2026-07-12 21.01.50.jpg|2026-07-12 21.01.51.jpg|2026-07-12 21.05.27.jpg,1.0,0.8456525181770173,0.8456525181770173,0.9713618159294128,0.8705844766688557,0.9713618159294128
synthetic_m4,la_souris_truck,whitevan,10,4,1|2|3|4,2026-07-12 21.05.57.jpg|2026-07-12 21.06.04.jpg|2026-07-12 21.01.06.jpg|2026-07-12 21.01.23.jpg,1.0,0.6356431436660991,0.7648578550433748,0.842469334602356,0.7871083728731303,0.9717313160466888
synthetic_m4,la_souris_truck,whitevan,10,4,1|2|3|5,2026-07-12 21.05.57.jpg|2026-07-12 21.06.04.jpg|2026-07-12 21.01.06.jpg|2026-07-12 21.01.30.jpg,1.0,0.6356431436660991,0.7229893570376007,0.842469334602356,0.7871083728731303,0.918538516365313
synthetic_m4,la_souris_truck,whitevan,10,4,1|2|3|6,2026-07-12 21.05.57.jpg|2026-07-12 21.06.04.jpg|2026-07-12 21.01.06.jpg|2026-07-12 21.01.33.jpg,1.0,0.6356431436660991,0.7229893570376007,0.842469334602356,0.7871083728731303,0.918538516365313
synthetic_m4,la_souris_truck,whitevan,10,4,1|2|3|7,2026-07-12 21.05.57.jpg|2026-07-12 21.06.04.jpg|2026-07-12 21.01.06.jpg|2026-07-12 21.01.49.jpg,1.0,0.6356431436660991,0.7229893570376007,0.842469334602356,0.7871083728731303,0.918538516365313
synthetic_m4,la_souris_truck,whitevan,10,4,1|2|3|8,2026-07-12 21.05.57.jpg|2026-07-12 21.06.04.jpg|2026-07-12 21.01.06.jpg|2026-07-12 21.01.50.jpg,1.0,0.6356431436660991,0.7229893570376007,0.842469334602356,0.7871083728731303,0.918538516365313
synthetic_m4,la_souris_truck,whitevan,10,4,1|2|3|9,2026-07-12 21.05.57.jpg|2026-07-12 21.06.04.jpg|2026-07-12 21.01.06.jpg|2026-07-12 21.01.51.jpg,1.0,0.6356431436660991,0.7229893570376007,0.842469334602356,0.7871083728731303,0.918538516365313
synthetic_m4,la_souris_truck,whitevan,10,4,1|2|3|10,2026-07-12 21.05.57.jpg|2026-07-12 21.06.04.jpg|2026-07-12 21.01.06.jpg|2026-07-12 21.05.27.jpg,1.0,0.8456525181770173,0.8685534823401921,0.9713618159294128,0.8705844766688557,0.9976670910370067
synthetic_m4,la_souris_truck,whitevan,10,4,1|2|4|5,2026-07-12 21.05.57.jpg|2026-07-12 21.06.04.jpg|2026-07-12 21.01.23.jpg|2026-07-12 21.01.30.jpg,1.0,0.6356431436660991,0.7648578550433748,0.842469334602356,0.7871083728731303,0.9717313160466888
synthetic_m4,la_souris_truck,whitevan,10,4,1|2|4|6,2026-07-12 21.05.57.jpg|2026-07-12 21.06.04.jpg|2026-07-12 21.01.23.jpg|2026-07-12 21.01.33.jpg,1.0,0.6356431436660991,0.7648578550433748,0.842469334602356,0.7871083728731303,0.9717313160466888
synthetic_m4,la_souris_truck,whitevan,10,4,1|2|4|7,2026-07-12 21.05.57.jpg|2026-07-12 21.06.04.jpg|2026-07-12 21.01.23.jpg|2026-07-12 21.01.49.jpg,1.0,0.6356431436660991,0.7648578550433748,0.842469334602356,0.7871083728731303,0.9717313160466888
synthetic_m4,la_souris_truck,whitevan,10,4,1|2|4|8,2026-07-12 21.05.57.jpg|2026-07-12 21.06.04.jpg|2026-07-12 21.01.23.jpg|2026-07-12 21.01.50.jpg,1.0,0.6356431436660991,0.7648578550433748,0.842469334602356,0.7871083728731303,0.9717313160466888
synthetic_m4,la_souris_truck,whitevan,10,4,1|2|4|9,2026-07-12 21.05.57.jpg|2026-07-12 21.06.04.jpg|2026-07-12 21.01.23.jpg|2026-07-12 21.01.51.jpg,1.0,0.6356431436660991,0.7648578550433748,0.842469334602356,0.7871083728731303,0.9717313160466888
synthetic_m4,la_souris_truck,whitevan,10,4,1|2|4|10,2026-07-12 21.05.57.jpg|2026-07-12 21.06.04.jpg|2026-07-12 21.01.23.jpg|2026-07-12 21.05.27.jpg,1.0,0.8456525181770173,0.8698796830139129,0.9713618159294128,0.8705844766688557,0.9991904362255118
synthetic_m4,la_souris_truck,whitevan,10,4,1|2|5|6,2026-07-12 21.05.57.jpg|2026-07-12 21.06.04.jpg|2026-07-12 21.01.30.jpg|2026-07-12 21.01.33.jpg,1.0,0.6356431436660991,0.7229893570376007,0.842469334602356,0.7871083728731303,0.918538516365313
synthetic_m4,la_souris_truck,whitevan,10,4,1|2|5|7,2026-07-12 21.05.57.jpg|2026-07-12 21.06.04.jpg|2026-07-12 21.01.30.jpg|2026-07-12 21.01.49.jpg,1.0,0.6356431436660991,0.7229893570376007,0.842469334602356,0.7871083728731303,0.918538516365313
synthetic_m4,la_souris_truck,whitevan,10,4,1|2|5|8,2026-07-12 21.05.57.jpg|2026-07-12 21.06.04.jpg|2026-07-12 21.01.30.jpg|2026-07-12 21.01.50.jpg,1.0,0.6356431436660991,0.7229893570376007,0.842469334602356,0.7871083728731303,0.918538516365313
synthetic_m4,la_souris_truck,whitevan,10,4,1|2|5|9,2026-07-12 21.05.57.jpg|2026-07-12 21.06.04.jpg|2026-07-12 21.01.30.jpg|2026-07-12 21.01.51.jpg,1.0,0.6356431436660991,0.7229893570376007,0.842469334602356,0.7871083728731303,0.918538516365313
synthetic_m4,la_souris_truck,whitevan,10,4,1|2|5|10,2026-07-12 21.05.57.jpg|2026-07-12 21.06.04.jpg|2026-07-12 21.01.30.jpg|2026-07-12 21.05.27.jpg,1.0,0.8456525181770173,0.8685534823401921,0.9713618159294128,0.8705844766688557,0.9976670910370067
synthetic_m4,la_souris_truck,whitevan,10,4,1|2|6|7,2026-07-12 21.05.57.jpg|2026-07-12 21.06.04.jpg|2026-07-12 21.01.33.jpg|2026-07-12 21.01.49.jpg,1.0,0.6356431436660991,0.7229893570376007,0.842469334602356,0.7871083728731303,0.918538516365313
synthetic_m4,la_souris_truck,whitevan,10,4,1|2|6|8,2026-07-12 21.05.57.jpg|2026-07-12 21.06.04.jpg|2026-07-12 21.01.33.jpg|2026-07-12 21.01.50.jpg,1.0,0.6356431436660991,0.7229893570376007,0.842469334602356,0.7871083728731303,0.918538516365313
synthetic_m4,la_souris_truck,whitevan,10,4,1|2|6|9,2026-07-12 21.05.57.jpg|2026-07-12 21.06.04.jpg|2026-07-12 21.01.33.jpg|2026-07-12 21.01.51.jpg,1.0,0.6356431436660991,0.7229893570376007,0.842469334602356,0.7871083728731303,0.918538516365313
synthetic_m4,la_souris_truck,whitevan,10,4,1|2|6|10,2026-07-12 21.05.57.jpg|2026-07-12 21.06.04.jpg|2026-07-12 21.01.33.jpg|2026-07-12 21.05.27.jpg,1.0,0.8456525181770173,0.8685534823401921,0.9713618159294128,0.8705844766688557,0.9976670910370067
synthetic_m4,la_souris_truck,whitevan,10,4,1|2|7|8,2026-07-12 21.05.57.jpg|2026-07-12 21.06.04.jpg|2026-07-12 21.01.49.jpg|2026-07-12 21.01.50.jpg,1.0,0.6356431436660991,0.7229893570376007,0.842469334602356,0.7871083728731303,0.918538516365313
synthetic_m4,la_souris_truck,whitevan,10,4,1|2|7|9,2026-07-12 21.05.57.jpg|2026-07-12 21.06.04.jpg|2026-07-12 21.01.49.jpg|2026-07-12 21.01.51.jpg,1.0,0.6356431436660991,0.7229893570376007,0.842469334602356,0.7871083728731303,0.918538516365313
synthetic_m4,la_souris_truck,whitevan,10,4,1|2|7|10,2026-07-12 21.05.57.jpg|2026-07-12 21.06.04.jpg|2026-07-12 21.01.49.jpg|2026-07-12 21.05.27.jpg,1.0,0.8456525181770173,0.8685534823401921,0.9713618159294128,0.8705844766688557,0.9976670910370067
synthetic_m4,la_souris_truck,whitevan,10,4,1|2|8|9,2026-07-12 21.05.57.jpg|2026-07-12 21.06.04.jpg|2026-07-12 21.01.50.jpg|2026-07-12 21.01.51.jpg,1.0,0.6356431436660991,0.7229893570376007,0.842469334602356,0.7871083728731303,0.918538516365313
synthetic_m4,la_souris_truck,whitevan,10,4,1|2|8|10,2026-07-12 21.05.57.jpg|2026-07-12 21.06.04.jpg|2026-07-12 21.01.50.jpg|2026-07-12 21.05.27.jpg,1.0,0.8456525181770173,0.8685534823401921,0.9713618159294128,0.8705844766688557,0.9976670910370067
synthetic_m4,la_souris_truck,whitevan,10,4,1|2|9|10,2026-07-12 21.05.57.jpg|2026-07-12 21.06.04.jpg|2026-07-12 21.01.51.jpg|2026-07-12 21.05.27.jpg,1.0,0.8456525181770173,0.8685534823401921,0.9713618159294128,0.8705844766688557,0.9976670910370067
synthetic_m4,la_souris_truck,whitevan,10,4,1|3|4|5,2026-07-12 21.05.57.jpg|2026-07-12 21.01.06.jpg|2026-07-12 21.01.23.jpg|2026-07-12 21.01.30.jpg,1.0,0.43788815834608197,0.6458627444515781,0.6529809832572937,0.7871083728731303,0.8205512312034333
synthetic_m4,la_souris_truck,whitevan,10,4,1|3|4|6,2026-07-12 21.05.57.jpg|2026-07-12 21.01.06.jpg|2026-07-12 21.01.23.jpg|2026-07-12 21.01.33.jpg,1.0,0.43788815834608197,0.6458627444515781,0.6529809832572937,0.7871083728731303,0.8205512312034333
synthetic_m4,la_souris_truck,whitevan,10,4,1|3|4|7,2026-07-12 21.05.57.jpg|2026-07-12 21.01.06.jpg|2026-07-12 21.01.23.jpg|2026-07-12 21.01.49.jpg,1.0,0.43788815834608197,0.6458627444515781,0.6529809832572937,0.7871083728731303,0.8205512312034333
synthetic_m4,la_souris_truck,whitevan,10,4,1|3|4|8,2026-07-12 21.05.57.jpg|2026-07-12 21.01.06.jpg|2026-07-12 21.01.23.jpg|2026-07-12 21.01.50.jpg,1.0,0.43788815834608197,0.6458627444515781,0.6529809832572937,0.7871083728731303,0.8205512312034333
synthetic_m4,la_souris_truck,whitevan,10,4,1|3|4|9,2026-07-12 21.05.57.jpg|2026-07-12 21.01.06.jpg|2026-07-12 21.01.23.jpg|2026-07-12 21.01.51.jpg,1.0,0.43788815834608197,0.6458627444515781,0.6529809832572937,0.7871083728731303,0.8205512312034333
synthetic_m4,la_souris_truck,whitevan,10,4,1|3|4|10,2026-07-12 21.05.57.jpg|2026-07-12 21.01.06.jpg|2026-07-12 21.01.23.jpg|2026-07-12 21.05.27.jpg,1.0,0.8456525181770173,0.8661104674138081,0.9713618159294128,0.8705844766688557,0.9948609131279637
synthetic_m4,la_souris_truck,whitevan,10,4,1|3|5|6,2026-07-12 21.05.57.jpg|2026-07-12 21.01.06.jpg|2026-07-12 21.01.30.jpg|2026-07-12 21.01.33.jpg,1.0,0.380082758693959,0.380082758693959,0.4828849136829376,0.7871083728731303,0.4828849136829376
synthetic_m4,la_souris_truck,whitevan,10,4,1|3|5|7,2026-07-12 21.05.57.jpg|2026-07-12 21.01.06.jpg|2026-07-12 21.01.30.jpg|2026-07-12 21.01.49.jpg,1.0,0.380082758693959,0.380082758693959,0.4828849136829376,0.7871083728731303,0.4828849136829376
synthetic_m4,la_souris_truck,whitevan,10,4,1|3|5|8,2026-07-12 21.05.57.jpg|2026-07-12 21.01.06.jpg|2026-07-12 21.01.30.jpg|2026-07-12 21.01.50.jpg,1.0,0.380082758693959,0.380082758693959,0.4828849136829376,0.7871083728731303,0.4828849136829376
synthetic_m4,la_souris_truck,whitevan,10,4,1|3|5|9,2026-07-12 21.05.57.jpg|2026-07-12 21.01.06.jpg|2026-07-12 21.01.30.jpg|2026-07-12 21.01.51.jpg,1.0,0.380082758693959,0.380082758693959,0.4828849136829376,0.7871083728731303,0.4828849136829376
synthetic_m4,la_souris_truck,whitevan,10,4,1|3|5|10,2026-07-12 21.05.57.jpg|2026-07-12 21.01.06.jpg|2026-07-12 21.01.30.jpg|2026-07-12 21.05.27.jpg,1.0,0.8456525181770173,0.8576917848012953,0.9713618159294128,0.8705844766688557,0.9851907629723744
synthetic_m4,la_souris_truck,whitevan,10,4,1|3|6|7,2026-07-12 21.05.57.jpg|2026-07-12 21.01.06.jpg|2026-07-12 21.01.33.jpg|2026-07-12 21.01.49.jpg,1.0,0.380082758693959,0.380082758693959,0.4828849136829376,0.7871083728731303,0.4828849136829376
synthetic_m4,la_souris_truck,whitevan,10,4,1|3|6|8,2026-07-12 21.05.57.jpg|2026-07-12 21.01.06.jpg|2026-07-12 21.01.33.jpg|2026-07-12 21.01.50.jpg,1.0,0.380082758693959,0.380082758693959,0.4828849136829376,0.7871083728731303,0.4828849136829376
synthetic_m4,la_souris_truck,whitevan,10,4,1|3|6|9,2026-07-12 21.05.57.jpg|2026-07-12 21.01.06.jpg|2026-07-12 21.01.33.jpg|2026-07-12 21.01.51.jpg,1.0,0.380082758693959,0.380082758693959,0.4828849136829376,0.7871083728731303,0.4828849136829376
synthetic_m4,la_souris_truck,whitevan,10,4,1|3|6|10,2026-07-12 21.05.57.jpg|2026-07-12 21.01.06.jpg|2026-07-12 21.01.33.jpg|2026-07-12 21.05.27.jpg,1.0,0.8456525181770173,0.8576917848012953,0.9713618159294128,0.8705844766688557,0.9851907629723744
synthetic_m4,la_souris_truck,whitevan,10,4,1|3|7|8,2026-07-12 21.05.57.jpg|2026-07-12 21.01.06.jpg|2026-07-12 21.01.49.jpg|2026-07-12 21.01.50.jpg,1.0,0.380082758693959,0.380082758693959,0.4828849136829376,0.7871083728731303,0.4828849136829376
synthetic_m4,la_souris_truck,whitevan,10,4,1|3|7|9,2026-07-12 21.05.57.jpg|2026-07-12 21.01.06.jpg|2026-07-12 21.01.49.jpg|2026-07-12 21.01.51.jpg,1.0,0.380082758693959,0.380082758693959,0.4828849136829376,0.7871083728731303,0.4828849136829376
synthetic_m4,la_souris_truck,whitevan,10,4,1|3|7|10,2026-07-12 21.05.57.jpg|2026-07-12 21.01.06.jpg|2026-07-12 21.01.49.jpg|2026-07-12 21.05.27.jpg,1.0,0.8456525181770173,0.8576917848012953,0.9713618159294128,0.8705844766688557,0.9851907629723744
synthetic_m4,la_souris_truck,whitevan,10,4,1|3|8|9,2026-07-12 21.05.57.jpg|2026-07-12 21.01.06.jpg|2026-07-12 21.01.50.jpg|2026-07-12 21.01.51.jpg,1.0,0.380082758693959,0.380082758693959,0.4828849136829376,0.7871083728731303,0.4828849136829376
synthetic_m4,la_souris_truck,whitevan,10,4,1|3|8|10,2026-07-12 21.05.57.jpg|2026-07-12 21.01.06.jpg|2026-07-12 21.01.50.jpg|2026-07-12 21.05.27.jpg,1.0,0.8456525181770173,0.8576917848012953,0.9713618159294128,0.8705844766688557,0.9851907629723744
synthetic_m4,la_souris_truck,whitevan,10,4,1|3|9|10,2026-07-12 21.05.57.jpg|2026-07-12 21.01.06.jpg|2026-07-12 21.01.51.jpg|2026-07-12 21.05.27.jpg,1.0,0.8456525181770173,0.8576917848012953,0.9713618159294128,0.8705844766688557,0.9851907629723744
synthetic_m4,la_souris_truck,whitevan,10,4,1|4|5|6,2026-07-12 21.05.57.jpg|2026-07-12 21.01.23.jpg|2026-07-12 21.01.30.jpg|2026-07-12 21.01.33.jpg,1.0,0.43788815834608197,0.6458627444515781,0.6529809832572937,0.7871083728731303,0.8205512312034333
synthetic_m4,la_souris_truck,whitevan,10,4,1|4|5|7,2026-07-12 21.05.57.jpg|2026-07-12 21.01.23.jpg|2026-07-12 21.01.30.jpg|2026-07-12 21.01.49.jpg,1.0,0.43788815834608197,0.6458627444515781,0.6529809832572937,0.7871083728731303,0.8205512312034333
synthetic_m4,la_souris_truck,whitevan,10,4,1|4|5|8,2026-07-12 21.05.57.jpg|2026-07-12 21.01.23.jpg|2026-07-12 21.01.30.jpg|2026-07-12 21.01.50.jpg,1.0,0.43788815834608197,0.6458627444515781,0.6529809832572937,0.7871083728731303,0.8205512312034333
synthetic_m4,la_souris_truck,whitevan,10,4,1|4|5|9,2026-07-12 21.05.57.jpg|2026-07-12 21.01.23.jpg|2026-07-12 21.01.30.jpg|2026-07-12 21.01.51.jpg,1.0,0.43788815834608197,0.6458627444515781,0.6529809832572937,0.7871083728731303,0.8205512312034333
synthetic_m4,la_souris_truck,whitevan,10,4,1|4|5|10,2026-07-12 21.05.57.jpg|2026-07-12 21.01.23.jpg|2026-07-12 21.01.30.jpg|2026-07-12 21.05.27.jpg,1.0,0.8456525181770173,0.8661104674138081,0.9713618159294128,0.8705844766688557,0.9948609131279637
synthetic_m4,la_souris_truck,whitevan,10,4,1|4|6|7,2026-07-12 21.05.57.jpg|2026-07-12 21.01.23.jpg|2026-07-12 21.01.33.jpg|2026-07-12 21.01.49.jpg,1.0,0.43788815834608197,0.6458627444515781,0.6529809832572937,0.7871083728731303,0.8205512312034333
synthetic_m4,la_souris_truck,whitevan,10,4,1|4|6|8,2026-07-12 21.05.57.jpg|2026-07-12 21.01.23.jpg|2026-07-12 21.01.33.jpg|2026-07-12 21.01.50.jpg,1.0,0.43788815834608197,0.6458627444515781,0.6529809832572937,0.7871083728731303,0.8205512312034333
synthetic_m4,la_souris_truck,whitevan,10,4,1|4|6|9,2026-07-12 21.05.57.jpg|2026-07-12 21.01.23.jpg|2026-07-12 21.01.33.jpg|2026-07-12 21.01.51.jpg,1.0,0.43788815834608197,0.6458627444515781,0.6529809832572937,0.7871083728731303,0.8205512312034333
synthetic_m4,la_souris_truck,whitevan,10,4,1|4|6|10,2026-07-12 21.05.57.jpg|2026-07-12 21.01.23.jpg|2026-07-12 21.01.33.jpg|2026-07-12 21.05.27.jpg,1.0,0.8456525181770173,0.8661104674138081,0.9713618159294128,0.8705844766688557,0.9948609131279637
synthetic_m4,la_souris_truck,whitevan,10,4,1|4|7|8,2026-07-12 21.05.57.jpg|2026-07-12 21.01.23.jpg|2026-07-12 21.01.49.jpg|2026-07-12 21.01.50.jpg,1.0,0.43788815834608197,0.6458627444515781,0.6529809832572937,0.7871083728731303,0.8205512312034333
synthetic_m4,la_souris_truck,whitevan,10,4,1|4|7|9,2026-07-12 21.05.57.jpg|2026-07-12 21.01.23.jpg|2026-07-12 21.01.49.jpg|2026-07-12 21.01.51.jpg,1.0,0.43788815834608197,0.6458627444515781,0.6529809832572937,0.7871083728731303,0.8205512312034333
synthetic_m4,la_souris_truck,whitevan,10,4,1|4|7|10,2026-07-12 21.05.57.jpg|2026-07-12 21.01.23.jpg|2026-07-12 21.01.49.jpg|2026-07-12 21.05.27.jpg,1.0,0.8456525181770173,0.8661104674138081,0.9713618159294128,0.8705844766688557,0.9948609131279637
synthetic_m4,la_souris_truck,whitevan,10,4,1|4|8|9,2026-07-12 21.05.57.jpg|2026-07-12 21.01.23.jpg|2026-07-12 21.01.50.jpg|2026-07-12 21.01.51.jpg,1.0,0.43788815834608197,0.6458627444515781,0.6529809832572937,0.7871083728731303,0.8205512312034333
synthetic_m4,la_souris_truck,whitevan,10,4,1|4|8|10,2026-07-12 21.05.57.jpg|2026-07-12 21.01.23.jpg|2026-07-12 21.01.50.jpg|2026-07-12 21.05.27.jpg,1.0,0.8456525181770173,0.8661104674138081,0.9713618159294128,0.8705844766688557,0.9948609131279637
synthetic_m4,la_souris_truck,whitevan,10,4,1|4|9|10,2026-07-12 21.05.57.jpg|2026-07-12 21.01.23.jpg|2026-07-12 21.01.51.jpg|2026-07-12 21.05.27.jpg,1.0,0.8456525181770173,0.8661104674138081,0.9713618159294128,0.8705844766688557,0.9948609131279637
synthetic_m4,la_souris_truck,whitevan,10,4,1|5|6|7,2026-07-12 21.05.57.jpg|2026-07-12 21.01.30.jpg|2026-07-12 21.01.33.jpg|2026-07-12 21.01.49.jpg,1.0,0.380082758693959,0.380082758693959,0.4828849136829376,0.7871083728731303,0.4828849136829376
synthetic_m4,la_souris_truck,whitevan,10,4,1|5|6|8,2026-07-12 21.05.57.jpg|2026-07-12 21.01.30.jpg|2026-07-12 21.01.33.jpg|2026-07-12 21.01.50.jpg,1.0,0.380082758693959,0.380082758693959,0.4828849136829376,0.7871083728731303,0.4828849136829376
synthetic_m4,la_souris_truck,whitevan,10,4,1|5|6|9,2026-07-12 21.05.57.jpg|2026-07-12 21.01.30.jpg|2026-07-12 21.01.33.jpg|2026-07-12 21.01.51.jpg,1.0,0.380082758693959,0.380082758693959,0.4828849136829376,0.7871083728731303,0.4828849136829376
synthetic_m4,la_souris_truck,whitevan,10,4,1|5|6|10,2026-07-12 21.05.57.jpg|2026-07-12 21.01.30.jpg|2026-07-12 21.01.33.jpg|2026-07-12 21.05.27.jpg,1.0,0.8456525181770173,0.8576917848012953,0.9713618159294128,0.8705844766688557,0.9851907629723744
synthetic_m4,la_souris_truck,whitevan,10,4,1|5|7|8,2026-07-12 21.05.57.jpg|2026-07-12 21.01.30.jpg|2026-07-12 21.01.49.jpg|2026-07-12 21.01.50.jpg,1.0,0.380082758693959,0.380082758693959,0.4828849136829376,0.7871083728731303,0.4828849136829376
synthetic_m4,la_souris_truck,whitevan,10,4,1|5|7|9,2026-07-12 21.05.57.jpg|2026-07-12 21.01.30.jpg|2026-07-12 21.01.49.jpg|2026-07-12 21.01.51.jpg,1.0,0.380082758693959,0.380082758693959,0.4828849136829376,0.7871083728731303,0.4828849136829376
synthetic_m4,la_souris_truck,whitevan,10,4,1|5|7|10,2026-07-12 21.05.57.jpg|2026-07-12 21.01.30.jpg|2026-07-12 21.01.49.jpg|2026-07-12 21.05.27.jpg,1.0,0.8456525181770173,0.8576917848012953,0.9713618159294128,0.8705844766688557,0.9851907629723744
synthetic_m4,la_souris_truck,whitevan,10,4,1|5|8|9,2026-07-12 21.05.57.jpg|2026-07-12 21.01.30.jpg|2026-07-12 21.01.50.jpg|2026-07-12 21.01.51.jpg,1.0,0.380082758693959,0.380082758693959,0.4828849136829376,0.7871083728731303,0.4828849136829376
synthetic_m4,la_souris_truck,whitevan,10,4,1|5|8|10,2026-07-12 21.05.57.jpg|2026-07-12 21.01.30.jpg|2026-07-12 21.01.50.jpg|2026-07-12 21.05.27.jpg,1.0,0.8456525181770173,0.8576917848012953,0.9713618159294128,0.8705844766688557,0.9851907629723744
synthetic_m4,la_souris_truck,whitevan,10,4,1|5|9|10,2026-07-12 21.05.57.jpg|2026-07-12 21.01.30.jpg|2026-07-12 21.01.51.jpg|2026-07-12 21.05.27.jpg,1.0,0.8456525181770173,0.8576917848012953,0.9713618159294128,0.8705844766688557,0.9851907629723744
synthetic_m4,la_souris_truck,whitevan,10,4,1|6|7|8,2026-07-12 21.05.57.jpg|2026-07-12 21.01.33.jpg|2026-07-12 21.01.49.jpg|2026-07-12 21.01.50.jpg,1.0,0.380082758693959,0.380082758693959,0.4828849136829376,0.7871083728731303,0.4828849136829376
synthetic_m4,la_souris_truck,whitevan,10,4,1|6|7|9,2026-07-12 21.05.57.jpg|2026-07-12 21.01.33.jpg|2026-07-12 21.01.49.jpg|2026-07-12 21.01.51.jpg,1.0,0.380082758693959,0.380082758693959,0.4828849136829376,0.7871083728731303,0.4828849136829376
synthetic_m4,la_souris_truck,whitevan,10,4,1|6|7|10,2026-07-12 21.05.57.jpg|2026-07-12 21.01.33.jpg|2026-07-12 21.01.49.jpg|2026-07-12 21.05.27.jpg,1.0,0.8456525181770173,0.8576917848012953,0.9713618159294128,0.8705844766688557,0.9851907629723744
synthetic_m4,la_souris_truck,whitevan,10,4,1|6|8|9,2026-07-12 21.05.57.jpg|2026-07-12 21.01.33.jpg|2026-07-12 21.01.50.jpg|2026-07-12 21.01.51.jpg,1.0,0.380082758693959,0.380082758693959,0.4828849136829376,0.7871083728731303,0.4828849136829376
synthetic_m4,la_souris_truck,whitevan,10,4,1|6|8|10,2026-07-12 21.05.57.jpg|2026-07-12 21.01.33.jpg|2026-07-12 21.01.50.jpg|2026-07-12 21.05.27.jpg,1.0,0.8456525181770173,0.8576917848012953,0.9713618159294128,0.8705844766688557,0.9851907629723744
synthetic_m4,la_souris_truck,whitevan,10,4,1|6|9|10,2026-07-12 21.05.57.jpg|2026-07-12 21.01.33.jpg|2026-07-12 21.01.51.jpg|2026-07-12 21.05.27.jpg,1.0,0.8456525181770173,0.8576917848012953,0.9713618159294128,0.8705844766688557,0.9851907629723744
synthetic_m4,la_souris_truck,whitevan,10,4,1|7|8|9,2026-07-12 21.05.57.jpg|2026-07-12 21.01.49.jpg|2026-07-12 21.01.50.jpg|2026-07-12 21.01.51.jpg,1.0,0.380082758693959,0.380082758693959,0.4828849136829376,0.7871083728731303,0.4828849136829376
synthetic_m4,la_souris_truck,whitevan,10,4,1|7|8|10,2026-07-12 21.05.57.jpg|2026-07-12 21.01.49.jpg|2026-07-12 21.01.50.jpg|2026-07-12 21.05.27.jpg,1.0,0.8456525181770173,0.8576917848012953,0.9713618159294128,0.8705844766688557,0.9851907629723744
synthetic_m4,la_souris_truck,whitevan,10,4,1|7|9|10,2026-07-12 21.05.57.jpg|2026-07-12 21.01.49.jpg|2026-07-12 21.01.51.jpg|2026-07-12 21.05.27.jpg,1.0,0.8456525181770173,0.8576917848012953,0.9713618159294128,0.8705844766688557,0.9851907629723744
synthetic_m4,la_souris_truck,whitevan,10,4,1|8|9|10,2026-07-12 21.05.57.jpg|2026-07-12 21.01.50.jpg|2026-07-12 21.01.51.jpg|2026-07-12 21.05.27.jpg,1.0,0.8456525181770173,0.8576917848012953,0.9713618159294128,0.8705844766688557,0.9851907629723744
synthetic_m4,la_souris_truck,whitevan,10,4,2|3|4|5,2026-07-12 21.06.04.jpg|2026-07-12 21.01.06.jpg|2026-07-12 21.01.23.jpg|2026-07-12 21.01.30.jpg,1.0,0.6356431436660991,0.7132544343835135,0.842469334602356,0.7545000364507292,0.9453338633868853
synthetic_m4,la_souris_truck,whitevan,10,4,2|3|4|6,2026-07-12 21.06.04.jpg|2026-07-12 21.01.06.jpg|2026-07-12 21.01.23.jpg|2026-07-12 21.01.33.jpg,1.0,0.6356431436660991,0.7132544343835135,0.842469334602356,0.7545000364507292,0.9453338633868853
synthetic_m4,la_souris_truck,whitevan,10,4,2|3|4|7,2026-07-12 21.06.04.jpg|2026-07-12 21.01.06.jpg|2026-07-12 21.01.23.jpg|2026-07-12 21.01.49.jpg,1.0,0.6356431436660991,0.7132544343835135,0.842469334602356,0.7545000364507292,0.9453338633868853
synthetic_m4,la_souris_truck,whitevan,10,4,2|3|4|8,2026-07-12 21.06.04.jpg|2026-07-12 21.01.06.jpg|2026-07-12 21.01.23.jpg|2026-07-12 21.01.50.jpg,1.0,0.6356431436660991,0.7132544343835135,0.842469334602356,0.7545000364507292,0.9453338633868853
synthetic_m4,la_souris_truck,whitevan,10,4,2|3|4|9,2026-07-12 21.06.04.jpg|2026-07-12 21.01.06.jpg|2026-07-12 21.01.23.jpg|2026-07-12 21.01.51.jpg,1.0,0.6356431436660991,0.7132544343835135,0.842469334602356,0.7545000364507292,0.9453338633868853
synthetic_m4,la_souris_truck,whitevan,10,4,2|3|4|10,2026-07-12 21.06.04.jpg|2026-07-12 21.01.06.jpg|2026-07-12 21.01.23.jpg|2026-07-12 21.05.27.jpg,1.0,0.8456525181770173,0.8692215428199084,0.9713618159294128,0.8705844766688557,0.9984344611172458
synthetic_m4,la_souris_truck,whitevan,10,4,2|3|5|6,2026-07-12 21.06.04.jpg|2026-07-12 21.01.06.jpg|2026-07-12 21.01.30.jpg|2026-07-12 21.01.33.jpg,1.0,0.6356431436660991,0.6356431436660991,0.842469334602356,0.7545000364507292,0.842469334602356
synthetic_m4,la_souris_truck,whitevan,10,4,2|3|5|7,2026-07-12 21.06.04.jpg|2026-07-12 21.01.06.jpg|2026-07-12 21.01.30.jpg|2026-07-12 21.01.49.jpg,1.0,0.6356431436660991,0.6356431436660991,0.842469334602356,0.7545000364507292,0.842469334602356
synthetic_m4,la_souris_truck,whitevan,10,4,2|3|5|8,2026-07-12 21.06.04.jpg|2026-07-12 21.01.06.jpg|2026-07-12 21.01.30.jpg|2026-07-12 21.01.50.jpg,1.0,0.6356431436660991,0.6356431436660991,0.842469334602356,0.7545000364507292,0.842469334602356
synthetic_m4,la_souris_truck,whitevan,10,4,2|3|5|9,2026-07-12 21.06.04.jpg|2026-07-12 21.01.06.jpg|2026-07-12 21.01.30.jpg|2026-07-12 21.01.51.jpg,1.0,0.6356431436660991,0.6356431436660991,0.842469334602356,0.7545000364507292,0.842469334602356
synthetic_m4,la_souris_truck,whitevan,10,4,2|3|5|10,2026-07-12 21.06.04.jpg|2026-07-12 21.01.06.jpg|2026-07-12 21.01.30.jpg|2026-07-12 21.05.27.jpg,1.0,0.8456525181770173,0.86665692865797,0.9713618159294128,0.8705844766688557,0.9954886078075802
synthetic_m4,la_souris_truck,whitevan,10,4,2|3|6|7,2026-07-12 21.06.04.jpg|2026-07-12 21.01.06.jpg|2026-07-12 21.01.33.jpg|2026-07-12 21.01.49.jpg,1.0,0.6356431436660991,0.6356431436660991,0.842469334602356,0.7545000364507292,0.842469334602356
synthetic_m4,la_souris_truck,whitevan,10,4,2|3|6|8,2026-07-12 21.06.04.jpg|2026-07-12 21.01.06.jpg|2026-07-12 21.01.33.jpg|2026-07-12 21.01.50.jpg,1.0,0.6356431436660991,0.6356431436660991,0.842469334602356,0.7545000364507292,0.842469334602356
synthetic_m4,la_souris_truck,whitevan,10,4,2|3|6|9,2026-07-12 21.06.04.jpg|2026-07-12 21.01.06.jpg|2026-07-12 21.01.33.jpg|2026-07-12 21.01.51.jpg,1.0,0.6356431436660991,0.6356431436660991,0.842469334602356,0.7545000364507292,0.842469334602356
synthetic_m4,la_souris_truck,whitevan,10,4,2|3|6|10,2026-07-12 21.06.04.jpg|2026-07-12 21.01.06.jpg|2026-07-12 21.01.33.jpg|2026-07-12 21.05.27.jpg,1.0,0.8456525181770173,0.86665692865797,0.9713618159294128,0.8705844766688557,0.9954886078075802
synthetic_m4,la_souris_truck,whitevan,10,4,2|3|7|8,2026-07-12 21.06.04.jpg|2026-07-12 21.01.06.jpg|2026-07-12 21.01.49.jpg|2026-07-12 21.01.50.jpg,1.0,0.6356431436660991,0.6356431436660991,0.842469334602356,0.7545000364507292,0.842469334602356
synthetic_m4,la_souris_truck,whitevan,10,4,2|3|7|9,2026-07-12 21.06.04.jpg|2026-07-12 21.01.06.jpg|2026-07-12 21.01.49.jpg|2026-07-12 21.01.51.jpg,1.0,0.6356431436660991,0.6356431436660991,0.842469334602356,0.7545000364507292,0.842469334602356
synthetic_m4,la_souris_truck,whitevan,10,4,2|3|7|10,2026-07-12 21.06.04.jpg|2026-07-12 21.01.06.jpg|2026-07-12 21.01.49.jpg|2026-07-12 21.05.27.jpg,1.0,0.8456525181770173,0.86665692865797,0.9713618159294128,0.8705844766688557,0.9954886078075802
synthetic_m4,la_souris_truck,whitevan,10,4,2|3|8|9,2026-07-12 21.06.04.jpg|2026-07-12 21.01.06.jpg|2026-07-12 21.01.50.jpg|2026-07-12 21.01.51.jpg,1.0,0.6356431436660991,0.6356431436660991,0.842469334602356,0.7545000364507292,0.842469334602356
synthetic_m4,la_souris_truck,whitevan,10,4,2|3|8|10,2026-07-12 21.06.04.jpg|2026-07-12 21.01.06.jpg|2026-07-12 21.01.50.jpg|2026-07-12 21.05.27.jpg,1.0,0.8456525181770173,0.86665692865797,0.9713618159294128,0.8705844766688557,0.9954886078075802
synthetic_m4,la_souris_truck,whitevan,10,4,2|3|9|10,2026-07-12 21.06.04.jpg|2026-07-12 21.01.06.jpg|2026-07-12 21.01.51.jpg|2026-07-12 21.05.27.jpg,1.0,0.8456525181770173,0.86665692865797,0.9713618159294128,0.8705844766688557,0.9954886078075802
synthetic_m4,la_souris_truck,whitevan,10,4,2|4|5|6,2026-07-12 21.06.04.jpg|2026-07-12 21.01.23.jpg|2026-07-12 21.01.30.jpg|2026-07-12 21.01.33.jpg,1.0,0.6356431436660991,0.7132544343835135,0.842469334602356,0.7545000364507292,0.9453338633868853
synthetic_m4,la_souris_truck,whitevan,10,4,2|4|5|7,2026-07-12 21.06.04.jpg|2026-07-12 21.01.23.jpg|2026-07-12 21.01.30.jpg|2026-07-12 21.01.49.jpg,1.0,0.6356431436660991,0.7132544343835135,0.842469334602356,0.7545000364507292,0.9453338633868853
synthetic_m4,la_souris_truck,whitevan,10,4,2|4|5|8,2026-07-12 21.06.04.jpg|2026-07-12 21.01.23.jpg|2026-07-12 21.01.30.jpg|2026-07-12 21.01.50.jpg,1.0,0.6356431436660991,0.7132544343835135,0.842469334602356,0.7545000364507292,0.9453338633868853
synthetic_m4,la_souris_truck,whitevan,10,4,2|4|5|9,2026-07-12 21.06.04.jpg|2026-07-12 21.01.23.jpg|2026-07-12 21.01.30.jpg|2026-07-12 21.01.51.jpg,1.0,0.6356431436660991,0.7132544343835135,0.842469334602356,0.7545000364507292,0.9453338633868853
synthetic_m4,la_souris_truck,whitevan,10,4,2|4|5|10,2026-07-12 21.06.04.jpg|2026-07-12 21.01.23.jpg|2026-07-12 21.01.30.jpg|2026-07-12 21.05.27.jpg,1.0,0.8456525181770173,0.8692215428199084,0.9713618159294128,0.8705844766688557,0.9984344611172458
synthetic_m4,la_souris_truck,whitevan,10,4,2|4|6|7,2026-07-12 21.06.04.jpg|2026-07-12 21.01.23.jpg|2026-07-12 21.01.33.jpg|2026-07-12 21.01.49.jpg,1.0,0.6356431436660991,0.7132544343835135,0.842469334602356,0.7545000364507292,0.9453338633868853
synthetic_m4,la_souris_truck,whitevan,10,4,2|4|6|8,2026-07-12 21.06.04.jpg|2026-07-12 21.01.23.jpg|2026-07-12 21.01.33.jpg|2026-07-12 21.01.50.jpg,1.0,0.6356431436660991,0.7132544343835135,0.842469334602356,0.7545000364507292,0.9453338633868853
synthetic_m4,la_souris_truck,whitevan,10,4,2|4|6|9,2026-07-12 21.06.04.jpg|2026-07-12 21.01.23.jpg|2026-07-12 21.01.33.jpg|2026-07-12 21.01.51.jpg,1.0,0.6356431436660991,0.7132544343835135,0.842469334602356,0.7545000364507292,0.9453338633868853
synthetic_m4,la_souris_truck,whitevan,10,4,2|4|6|10,2026-07-12 21.06.04.jpg|2026-07-12 21.01.23.jpg|2026-07-12 21.01.33.jpg|2026-07-12 21.05.27.jpg,1.0,0.8456525181770173,0.8692215428199084,0.9713618159294128,0.8705844766688557,0.9984344611172458
synthetic_m4,la_souris_truck,whitevan,10,4,2|4|7|8,2026-07-12 21.06.04.jpg|2026-07-12 21.01.23.jpg|2026-07-12 21.01.49.jpg|2026-07-12 21.01.50.jpg,1.0,0.6356431436660991,0.7132544343835135,0.842469334602356,0.7545000364507292,0.9453338633868853
synthetic_m4,la_souris_truck,whitevan,10,4,2|4|7|9,2026-07-12 21.06.04.jpg|2026-07-12 21.01.23.jpg|2026-07-12 21.01.49.jpg|2026-07-12 21.01.51.jpg,1.0,0.6356431436660991,0.7132544343835135,0.842469334602356,0.7545000364507292,0.9453338633868853
synthetic_m4,la_souris_truck,whitevan,10,4,2|4|7|10,2026-07-12 21.06.04.jpg|2026-07-12 21.01.23.jpg|2026-07-12 21.01.49.jpg|2026-07-12 21.05.27.jpg,1.0,0.8456525181770173,0.8692215428199084,0.9713618159294128,0.8705844766688557,0.9984344611172458
synthetic_m4,la_souris_truck,whitevan,10,4,2|4|8|9,2026-07-12 21.06.04.jpg|2026-07-12 21.01.23.jpg|2026-07-12 21.01.50.jpg|2026-07-12 21.01.51.jpg,1.0,0.6356431436660991,0.7132544343835135,0.842469334602356,0.7545000364507292,0.9453338633868853
synthetic_m4,la_souris_truck,whitevan,10,4,2|4|8|10,2026-07-12 21.06.04.jpg|2026-07-12 21.01.23.jpg|2026-07-12 21.01.50.jpg|2026-07-12 21.05.27.jpg,1.0,0.8456525181770173,0.8692215428199084,0.9713618159294128,0.8705844766688557,0.9984344611172458
synthetic_m4,la_souris_truck,whitevan,10,4,2|4|9|10,2026-07-12 21.06.04.jpg|2026-07-12 21.01.23.jpg|2026-07-12 21.01.51.jpg|2026-07-12 21.05.27.jpg,1.0,0.8456525181770173,0.8692215428199084,0.9713618159294128,0.8705844766688557,0.9984344611172458
synthetic_m4,la_souris_truck,whitevan,10,4,2|5|6|7,2026-07-12 21.06.04.jpg|2026-07-12 21.01.30.jpg|2026-07-12 21.01.33.jpg|2026-07-12 21.01.49.jpg,1.0,0.6356431436660991,0.6356431436660991,0.842469334602356,0.7545000364507292,0.842469334602356
synthetic_m4,la_souris_truck,whitevan,10,4,2|5|6|8,2026-07-12 21.06.04.jpg|2026-07-12 21.01.30.jpg|2026-07-12 21.01.33.jpg|2026-07-12 21.01.50.jpg,1.0,0.6356431436660991,0.6356431436660991,0.842469334602356,0.7545000364507292,0.842469334602356
synthetic_m4,la_souris_truck,whitevan,10,4,2|5|6|9,2026-07-12 21.06.04.jpg|2026-07-12 21.01.30.jpg|2026-07-12 21.01.33.jpg|2026-07-12 21.01.51.jpg,1.0,0.6356431436660991,0.6356431436660991,0.842469334602356,0.7545000364507292,0.842469334602356
synthetic_m4,la_souris_truck,whitevan,10,4,2|5|6|10,2026-07-12 21.06.04.jpg|2026-07-12 21.01.30.jpg|2026-07-12 21.01.33.jpg|2026-07-12 21.05.27.jpg,1.0,0.8456525181770173,0.86665692865797,0.9713618159294128,0.8705844766688557,0.9954886078075802
synthetic_m4,la_souris_truck,whitevan,10,4,2|5|7|8,2026-07-12 21.06.04.jpg|2026-07-12 21.01.30.jpg|2026-07-12 21.01.49.jpg|2026-07-12 21.01.50.jpg,1.0,0.6356431436660991,0.6356431436660991,0.842469334602356,0.7545000364507292,0.842469334602356
synthetic_m4,la_souris_truck,whitevan,10,4,2|5|7|9,2026-07-12 21.06.04.jpg|2026-07-12 21.01.30.jpg|2026-07-12 21.01.49.jpg|2026-07-12 21.01.51.jpg,1.0,0.6356431436660991,0.6356431436660991,0.842469334602356,0.7545000364507292,0.842469334602356
synthetic_m4,la_souris_truck,whitevan,10,4,2|5|7|10,2026-07-12 21.06.04.jpg|2026-07-12 21.01.30.jpg|2026-07-12 21.01.49.jpg|2026-07-12 21.05.27.jpg,1.0,0.8456525181770173,0.86665692865797,0.9713618159294128,0.8705844766688557,0.9954886078075802
synthetic_m4,la_souris_truck,whitevan,10,4,2|5|8|9,2026-07-12 21.06.04.jpg|2026-07-12 21.01.30.jpg|2026-07-12 21.01.50.jpg|2026-07-12 21.01.51.jpg,1.0,0.6356431436660991,0.6356431436660991,0.842469334602356,0.7545000364507292,0.842469334602356
synthetic_m4,la_souris_truck,whitevan,10,4,2|5|8|10,2026-07-12 21.06.04.jpg|2026-07-12 21.01.30.jpg|2026-07-12 21.01.50.jpg|2026-07-12 21.05.27.jpg,1.0,0.8456525181770173,0.86665692865797,0.9713618159294128,0.8705844766688557,0.9954886078075802
synthetic_m4,la_souris_truck,whitevan,10,4,2|5|9|10,2026-07-12 21.06.04.jpg|2026-07-12 21.01.30.jpg|2026-07-12 21.01.51.jpg|2026-07-12 21.05.27.jpg,1.0,0.8456525181770173,0.86665692865797,0.9713618159294128,0.8705844766688557,0.9954886078075802
synthetic_m4,la_souris_truck,whitevan,10,4,2|6|7|8,2026-07-12 21.06.04.jpg|2026-07-12 21.01.33.jpg|2026-07-12 21.01.49.jpg|2026-07-12 21.01.50.jpg,1.0,0.6356431436660991,0.6356431436660991,0.842469334602356,0.7545000364507292,0.842469334602356
synthetic_m4,la_souris_truck,whitevan,10,4,2|6|7|9,2026-07-12 21.06.04.jpg|2026-07-12 21.01.33.jpg|2026-07-12 21.01.49.jpg|2026-07-12 21.01.51.jpg,1.0,0.6356431436660991,0.6356431436660991,0.842469334602356,0.7545000364507292,0.842469334602356
synthetic_m4,la_souris_truck,whitevan,10,4,2|6|7|10,2026-07-12 21.06.04.jpg|2026-07-12 21.01.33.jpg|2026-07-12 21.01.49.jpg|2026-07-12 21.05.27.jpg,1.0,0.8456525181770173,0.86665692865797,0.9713618159294128,0.8705844766688557,0.9954886078075802
synthetic_m4,la_souris_truck,whitevan,10,4,2|6|8|9,2026-07-12 21.06.04.jpg|2026-07-12 21.01.33.jpg|2026-07-12 21.01.50.jpg|2026-07-12 21.01.51.jpg,1.0,0.6356431436660991,0.6356431436660991,0.842469334602356,0.7545000364507292,0.842469334602356
synthetic_m4,la_souris_truck,whitevan,10,4,2|6|8|10,2026-07-12 21.06.04.jpg|2026-07-12 21.01.33.jpg|2026-07-12 21.01.50.jpg|2026-07-12 21.05.27.jpg,1.0,0.8456525181770173,0.86665692865797,0.9713618159294128,0.8705844766688557,0.9954886078075802
synthetic_m4,la_souris_truck,whitevan,10,4,2|6|9|10,2026-07-12 21.06.04.jpg|2026-07-12 21.01.33.jpg|2026-07-12 21.01.51.jpg|2026-07-12 21.05.27.jpg,1.0,0.8456525181770173,0.86665692865797,0.9713618159294128,0.8705844766688557,0.9954886078075802
synthetic_m4,la_souris_truck,whitevan,10,4,2|7|8|9,2026-07-12 21.06.04.jpg|2026-07-12 21.01.49.jpg|2026-07-12 21.01.50.jpg|2026-07-12 21.01.51.jpg,1.0,0.6356431436660991,0.6356431436660991,0.842469334602356,0.7545000364507292,0.842469334602356
synthetic_m4,la_souris_truck,whitevan,10,4,2|7|8|10,2026-07-12 21.06.04.jpg|2026-07-12 21.01.49.jpg|2026-07-12 21.01.50.jpg|2026-07-12 21.05.27.jpg,1.0,0.8456525181770173,0.86665692865797,0.9713618159294128,0.8705844766688557,0.9954886078075802
synthetic_m4,la_souris_truck,whitevan,10,4,2|7|9|10,2026-07-12 21.06.04.jpg|2026-07-12 21.01.49.jpg|2026-07-12 21.01.51.jpg|2026-07-12 21.05.27.jpg,1.0,0.8456525181770173,0.86665692865797,0.9713618159294128,0.8705844766688557,0.9954886078075802
synthetic_m4,la_souris_truck,whitevan,10,4,2|8|9|10,2026-07-12 21.06.04.jpg|2026-07-12 21.01.50.jpg|2026-07-12 21.01.51.jpg|2026-07-12 21.05.27.jpg,1.0,0.8456525181770173,0.86665692865797,0.9713618159294128,0.8705844766688557,0.9954886078075802
synthetic_m4,la_souris_truck,whitevan,10,4,3|4|5|6,2026-07-12 21.01.06.jpg|2026-07-12 21.01.23.jpg|2026-07-12 21.01.30.jpg|2026-07-12 21.01.33.jpg,1.0,0.43788815834608197,0.43788815834608197,0.6529809832572937,0.6705986385112553,0.6529809832572937
synthetic_m4,la_souris_truck,whitevan,10,4,3|4|5|7,2026-07-12 21.01.06.jpg|2026-07-12 21.01.23.jpg|2026-07-12 21.01.30.jpg|2026-07-12 21.01.49.jpg,1.0,0.43788815834608197,0.43788815834608197,0.6529809832572937,0.6705986385112553,0.6529809832572937
synthetic_m4,la_souris_truck,whitevan,10,4,3|4|5|8,2026-07-12 21.01.06.jpg|2026-07-12 21.01.23.jpg|2026-07-12 21.01.30.jpg|2026-07-12 21.01.50.jpg,1.0,0.43788815834608197,0.43788815834608197,0.6529809832572937,0.6705986385112553,0.6529809832572937
synthetic_m4,la_souris_truck,whitevan,10,4,3|4|5|9,2026-07-12 21.01.06.jpg|2026-07-12 21.01.23.jpg|2026-07-12 21.01.30.jpg|2026-07-12 21.01.51.jpg,1.0,0.43788815834608197,0.43788815834608197,0.6529809832572937,0.6705986385112553,0.6529809832572937
synthetic_m4,la_souris_truck,whitevan,10,4,3|4|5|10,2026-07-12 21.01.06.jpg|2026-07-12 21.01.23.jpg|2026-07-12 21.01.30.jpg|2026-07-12 21.05.27.jpg,1.0,0.8456525181770173,0.861932612947548,0.9713618159294128,0.8705844766688557,0.9900620055225282
synthetic_m4,la_souris_truck,whitevan,10,4,3|4|6|7,2026-07-12 21.01.06.jpg|2026-07-12 21.01.23.jpg|2026-07-12 21.01.33.jpg|2026-07-12 21.01.49.jpg,1.0,0.43788815834608197,0.43788815834608197,0.6529809832572937,0.6705986385112553,0.6529809832572937
synthetic_m4,la_souris_truck,whitevan,10,4,3|4|6|8,2026-07-12 21.01.06.jpg|2026-07-12 21.01.23.jpg|2026-07-12 21.01.33.jpg|2026-07-12 21.01.50.jpg,1.0,0.43788815834608197,0.43788815834608197,0.6529809832572937,0.6705986385112553,0.6529809832572937
synthetic_m4,la_souris_truck,whitevan,10,4,3|4|6|9,2026-07-12 21.01.06.jpg|2026-07-12 21.01.23.jpg|2026-07-12 21.01.33.jpg|2026-07-12 21.01.51.jpg,1.0,0.43788815834608197,0.43788815834608197,0.6529809832572937,0.6705986385112553,0.6529809832572937
synthetic_m4,la_souris_truck,whitevan,10,4,3|4|6|10,2026-07-12 21.01.06.jpg|2026-07-12 21.01.23.jpg|2026-07-12 21.01.33.jpg|2026-07-12 21.05.27.jpg,1.0,0.8456525181770173,0.861932612947548,0.9713618159294128,0.8705844766688557,0.9900620055225282
synthetic_m4,la_souris_truck,whitevan,10,4,3|4|7|8,2026-07-12 21.01.06.jpg|2026-07-12 21.01.23.jpg|2026-07-12 21.01.49.jpg|2026-07-12 21.01.50.jpg,1.0,0.43788815834608197,0.43788815834608197,0.6529809832572937,0.6705986385112553,0.6529809832572937
synthetic_m4,la_souris_truck,whitevan,10,4,3|4|7|9,2026-07-12 21.01.06.jpg|2026-07-12 21.01.23.jpg|2026-07-12 21.01.49.jpg|2026-07-12 21.01.51.jpg,1.0,0.43788815834608197,0.43788815834608197,0.6529809832572937,0.6705986385112553,0.6529809832572937
synthetic_m4,la_souris_truck,whitevan,10,4,3|4|7|10,2026-07-12 21.01.06.jpg|2026-07-12 21.01.23.jpg|2026-07-12 21.01.49.jpg|2026-07-12 21.05.27.jpg,1.0,0.8456525181770173,0.861932612947548,0.9713618159294128,0.8705844766688557,0.9900620055225282
synthetic_m4,la_souris_truck,whitevan,10,4,3|4|8|9,2026-07-12 21.01.06.jpg|2026-07-12 21.01.23.jpg|2026-07-12 21.01.50.jpg|2026-07-12 21.01.51.jpg,1.0,0.43788815834608197,0.43788815834608197,0.6529809832572937,0.6705986385112553,0.6529809832572937
synthetic_m4,la_souris_truck,whitevan,10,4,3|4|8|10,2026-07-12 21.01.06.jpg|2026-07-12 21.01.23.jpg|2026-07-12 21.01.50.jpg|2026-07-12 21.05.27.jpg,1.0,0.8456525181770173,0.861932612947548,0.9713618159294128,0.8705844766688557,0.9900620055225282
synthetic_m4,la_souris_truck,whitevan,10,4,3|4|9|10,2026-07-12 21.01.06.jpg|2026-07-12 21.01.23.jpg|2026-07-12 21.01.51.jpg|2026-07-12 21.05.27.jpg,1.0,0.8456525181770173,0.861932612947548,0.9713618159294128,0.8705844766688557,0.9900620055225282
synthetic_m4,la_souris_truck,whitevan,10,4,3|5|6|7,2026-07-12 21.01.06.jpg|2026-07-12 21.01.30.jpg|2026-07-12 21.01.33.jpg|2026-07-12 21.01.49.jpg,0.0,0.0,0.0,0.0,0.0,0.0
synthetic_m4,la_souris_truck,whitevan,10,4,3|5|6|8,2026-07-12 21.01.06.jpg|2026-07-12 21.01.30.jpg|2026-07-12 21.01.33.jpg|2026-07-12 21.01.50.jpg,0.0,0.0,0.0,0.0,0.0,0.0
synthetic_m4,la_souris_truck,whitevan,10,4,3|5|6|9,2026-07-12 21.01.06.jpg|2026-07-12 21.01.30.jpg|2026-07-12 21.01.33.jpg|2026-07-12 21.01.51.jpg,0.0,0.0,0.0,0.0,0.0,0.0
synthetic_m4,la_souris_truck,whitevan,10,4,3|5|6|10,2026-07-12 21.01.06.jpg|2026-07-12 21.01.30.jpg|2026-07-12 21.01.33.jpg|2026-07-12 21.05.27.jpg,1.0,0.8456525181770173,0.8456525181770173,0.9713618159294128,0.8705844766688557,0.9713618159294128
synthetic_m4,la_souris_truck,whitevan,10,4,3|5|7|8,2026-07-12 21.01.06.jpg|2026-07-12 21.01.30.jpg|2026-07-12 21.01.49.jpg|2026-07-12 21.01.50.jpg,0.0,0.0,0.0,0.0,0.0,0.0
synthetic_m4,la_souris_truck,whitevan,10,4,3|5|7|9,2026-07-12 21.01.06.jpg|2026-07-12 21.01.30.jpg|2026-07-12 21.01.49.jpg|2026-07-12 21.01.51.jpg,0.0,0.0,0.0,0.0,0.0,0.0
synthetic_m4,la_souris_truck,whitevan,10,4,3|5|7|10,2026-07-12 21.01.06.jpg|2026-07-12 21.01.30.jpg|2026-07-12 21.01.49.jpg|2026-07-12 21.05.27.jpg,1.0,0.8456525181770173,0.8456525181770173,0.9713618159294128,0.8705844766688557,0.9713618159294128
synthetic_m4,la_souris_truck,whitevan,10,4,3|5|8|9,2026-07-12 21.01.06.jpg|2026-07-12 21.01.30.jpg|2026-07-12 21.01.50.jpg|2026-07-12 21.01.51.jpg,0.0,0.0,0.0,0.0,0.0,0.0
synthetic_m4,la_souris_truck,whitevan,10,4,3|5|8|10,2026-07-12 21.01.06.jpg|2026-07-12 21.01.30.jpg|2026-07-12 21.01.50.jpg|2026-07-12 21.05.27.jpg,1.0,0.8456525181770173,0.8456525181770173,0.9713618159294128,0.8705844766688557,0.9713618159294128
synthetic_m4,la_souris_truck,whitevan,10,4,3|5|9|10,2026-07-12 21.01.06.jpg|2026-07-12 21.01.30.jpg|2026-07-12 21.01.51.jpg|2026-07-12 21.05.27.jpg,1.0,0.8456525181770173,0.8456525181770173,0.9713618159294128,0.8705844766688557,0.9713618159294128
synthetic_m4,la_souris_truck,whitevan,10,4,3|6|7|8,2026-07-12 21.01.06.jpg|2026-07-12 21.01.33.jpg|2026-07-12 21.01.49.jpg|2026-07-12 21.01.50.jpg,0.0,0.0,0.0,0.0,0.0,0.0
synthetic_m4,la_souris_truck,whitevan,10,4,3|6|7|9,2026-07-12 21.01.06.jpg|2026-07-12 21.01.33.jpg|2026-07-12 21.01.49.jpg|2026-07-12 21.01.51.jpg,0.0,0.0,0.0,0.0,0.0,0.0
synthetic_m4,la_souris_truck,whitevan,10,4,3|6|7|10,2026-07-12 21.01.06.jpg|2026-07-12 21.01.33.jpg|2026-07-12 21.01.49.jpg|2026-07-12 21.05.27.jpg,1.0,0.8456525181770173,0.8456525181770173,0.9713618159294128,0.8705844766688557,0.9713618159294128
synthetic_m4,la_souris_truck,whitevan,10,4,3|6|8|9,2026-07-12 21.01.06.jpg|2026-07-12 21.01.33.jpg|2026-07-12 21.01.50.jpg|2026-07-12 21.01.51.jpg,0.0,0.0,0.0,0.0,0.0,0.0
synthetic_m4,la_souris_truck,whitevan,10,4,3|6|8|10,2026-07-12 21.01.06.jpg|2026-07-12 21.01.33.jpg|2026-07-12 21.01.50.jpg|2026-07-12 21.05.27.jpg,1.0,0.8456525181770173,0.8456525181770173,0.9713618159294128,0.8705844766688557,0.9713618159294128
synthetic_m4,la_souris_truck,whitevan,10,4,3|6|9|10,2026-07-12 21.01.06.jpg|2026-07-12 21.01.33.jpg|2026-07-12 21.01.51.jpg|2026-07-12 21.05.27.jpg,1.0,0.8456525181770173,0.8456525181770173,0.9713618159294128,0.8705844766688557,0.9713618159294128
synthetic_m4,la_souris_truck,whitevan,10,4,3|7|8|9,2026-07-12 21.01.06.jpg|2026-07-12 21.01.49.jpg|2026-07-12 21.01.50.jpg|2026-07-12 21.01.51.jpg,0.0,0.0,0.0,0.0,0.0,0.0
synthetic_m4,la_souris_truck,whitevan,10,4,3|7|8|10,2026-07-12 21.01.06.jpg|2026-07-12 21.01.49.jpg|2026-07-12 21.01.50.jpg|2026-07-12 21.05.27.jpg,1.0,0.8456525181770173,0.8456525181770173,0.9713618159294128,0.8705844766688557,0.9713618159294128
synthetic_m4,la_souris_truck,whitevan,10,4,3|7|9|10,2026-07-12 21.01.06.jpg|2026-07-12 21.01.49.jpg|2026-07-12 21.01.51.jpg|2026-07-12 21.05.27.jpg,1.0,0.8456525181770173,0.8456525181770173,0.9713618159294128,0.8705844766688557,0.9713618159294128
synthetic_m4,la_souris_truck,whitevan,10,4,3|8|9|10,2026-07-12 21.01.06.jpg|2026-07-12 21.01.50.jpg|2026-07-12 21.01.51.jpg|2026-07-12 21.05.27.jpg,1.0,0.8456525181770173,0.8456525181770173,0.9713618159294128,0.8705844766688557,0.9713618159294128
synthetic_m4,la_souris_truck,whitevan,10,4,4|5|6|7,2026-07-12 21.01.23.jpg|2026-07-12 21.01.30.jpg|2026-07-12 21.01.33.jpg|2026-07-12 21.01.49.jpg,1.0,0.43788815834608197,0.43788815834608197,0.6529809832572937,0.6705986385112553,0.6529809832572937
synthetic_m4,la_souris_truck,whitevan,10,4,4|5|6|8,2026-07-12 21.01.23.jpg|2026-07-12 21.01.30.jpg|2026-07-12 21.01.33.jpg|2026-07-12 21.01.50.jpg,1.0,0.43788815834608197,0.43788815834608197,0.6529809832572937,0.6705986385112553,0.6529809832572937
synthetic_m4,la_souris_truck,whitevan,10,4,4|5|6|9,2026-07-12 21.01.23.jpg|2026-07-12 21.01.30.jpg|2026-07-12 21.01.33.jpg|2026-07-12 21.01.51.jpg,1.0,0.43788815834608197,0.43788815834608197,0.6529809832572937,0.6705986385112553,0.6529809832572937
synthetic_m4,la_souris_truck,whitevan,10,4,4|5|6|10,2026-07-12 21.01.23.jpg|2026-07-12 21.01.30.jpg|2026-07-12 21.01.33.jpg|2026-07-12 21.05.27.jpg,1.0,0.8456525181770173,0.861932612947548,0.9713618159294128,0.8705844766688557,0.9900620055225282
synthetic_m4,la_souris_truck,whitevan,10,4,4|5|7|8,2026-07-12 21.01.23.jpg|2026-07-12 21.01.30.jpg|2026-07-12 21.01.49.jpg|2026-07-12 21.01.50.jpg,1.0,0.43788815834608197,0.43788815834608197,0.6529809832572937,0.6705986385112553,0.6529809832572937
synthetic_m4,la_souris_truck,whitevan,10,4,4|5|7|9,2026-07-12 21.01.23.jpg|2026-07-12 21.01.30.jpg|2026-07-12 21.01.49.jpg|2026-07-12 21.01.51.jpg,1.0,0.43788815834608197,0.43788815834608197,0.6529809832572937,0.6705986385112553,0.6529809832572937
synthetic_m4,la_souris_truck,whitevan,10,4,4|5|7|10,2026-07-12 21.01.23.jpg|2026-07-12 21.01.30.jpg|2026-07-12 21.01.49.jpg|2026-07-12 21.05.27.jpg,1.0,0.8456525181770173,0.861932612947548,0.9713618159294128,0.8705844766688557,0.9900620055225282
synthetic_m4,la_souris_truck,whitevan,10,4,4|5|8|9,2026-07-12 21.01.23.jpg|2026-07-12 21.01.30.jpg|2026-07-12 21.01.50.jpg|2026-07-12 21.01.51.jpg,1.0,0.43788815834608197,0.43788815834608197,0.6529809832572937,0.6705986385112553,0.6529809832572937
synthetic_m4,la_souris_truck,whitevan,10,4,4|5|8|10,2026-07-12 21.01.23.jpg|2026-07-12 21.01.30.jpg|2026-07-12 21.01.50.jpg|2026-07-12 21.05.27.jpg,1.0,0.8456525181770173,0.861932612947548,0.9713618159294128,0.8705844766688557,0.9900620055225282
synthetic_m4,la_souris_truck,whitevan,10,4,4|5|9|10,2026-07-12 21.01.23.jpg|2026-07-12 21.01.30.jpg|2026-07-12 21.01.51.jpg|2026-07-12 21.05.27.jpg,1.0,0.8456525181770173,0.861932612947548,0.9713618159294128,0.8705844766688557,0.9900620055225282
synthetic_m4,la_souris_truck,whitevan,10,4,4|6|7|8,2026-07-12 21.01.23.jpg|2026-07-12 21.01.33.jpg|2026-07-12 21.01.49.jpg|2026-07-12 21.01.50.jpg,1.0,0.43788815834608197,0.43788815834608197,0.6529809832572937,0.6705986385112553,0.6529809832572937
synthetic_m4,la_souris_truck,whitevan,10,4,4|6|7|9,2026-07-12 21.01.23.jpg|2026-07-12 21.01.33.jpg|2026-07-12 21.01.49.jpg|2026-07-12 21.01.51.jpg,1.0,0.43788815834608197,0.43788815834608197,0.6529809832572937,0.6705986385112553,0.6529809832572937
synthetic_m4,la_souris_truck,whitevan,10,4,4|6|7|10,2026-07-12 21.01.23.jpg|2026-07-12 21.01.33.jpg|2026-07-12 21.01.49.jpg|2026-07-12 21.05.27.jpg,1.0,0.8456525181770173,0.861932612947548,0.9713618159294128,0.8705844766688557,0.9900620055225282
synthetic_m4,la_souris_truck,whitevan,10,4,4|6|8|9,2026-07-12 21.01.23.jpg|2026-07-12 21.01.33.jpg|2026-07-12 21.01.50.jpg|2026-07-12 21.01.51.jpg,1.0,0.43788815834608197,0.43788815834608197,0.6529809832572937,0.6705986385112553,0.6529809832572937
synthetic_m4,la_souris_truck,whitevan,10,4,4|6|8|10,2026-07-12 21.01.23.jpg|2026-07-12 21.01.33.jpg|2026-07-12 21.01.50.jpg|2026-07-12 21.05.27.jpg,1.0,0.8456525181770173,0.861932612947548,0.9713618159294128,0.8705844766688557,0.9900620055225282
synthetic_m4,la_souris_truck,whitevan,10,4,4|6|9|10,2026-07-12 21.01.23.jpg|2026-07-12 21.01.33.jpg|2026-07-12 21.01.51.jpg|2026-07-12 21.05.27.jpg,1.0,0.8456525181770173,0.861932612947548,0.9713618159294128,0.8705844766688557,0.9900620055225282
synthetic_m4,la_souris_truck,whitevan,10,4,4|7|8|9,2026-07-12 21.01.23.jpg|2026-07-12 21.01.49.jpg|2026-07-12 21.01.50.jpg|2026-07-12 21.01.51.jpg,1.0,0.43788815834608197,0.43788815834608197,0.6529809832572937,0.6705986385112553,0.6529809832572937
synthetic_m4,la_souris_truck,whitevan,10,4,4|7|8|10,2026-07-12 21.01.23.jpg|2026-07-12 21.01.49.jpg|2026-07-12 21.01.50.jpg|2026-07-12 21.05.27.jpg,1.0,0.8456525181770173,0.861932612947548,0.9713618159294128,0.8705844766688557,0.9900620055225282
synthetic_m4,la_souris_truck,whitevan,10,4,4|7|9|10,2026-07-12 21.01.23.jpg|2026-07-12 21.01.49.jpg|2026-07-12 21.01.51.jpg|2026-07-12 21.05.27.jpg,1.0,0.8456525181770173,0.861932612947548,0.9713618159294128,0.8705844766688557,0.9900620055225282
synthetic_m4,la_souris_truck,whitevan,10,4,4|8|9|10,2026-07-12 21.01.23.jpg|2026-07-12 21.01.50.jpg|2026-07-12 21.01.51.jpg|2026-07-12 21.05.27.jpg,1.0,0.8456525181770173,0.861932612947548,0.9713618159294128,0.8705844766688557,0.9900620055225282
synthetic_m4,la_souris_truck,whitevan,10,4,5|6|7|8,2026-07-12 21.01.30.jpg|2026-07-12 21.01.33.jpg|2026-07-12 21.01.49.jpg|2026-07-12 21.01.50.jpg,0.0,0.0,0.0,0.0,0.0,0.0
synthetic_m4,la_souris_truck,whitevan,10,4,5|6|7|9,2026-07-12 21.01.30.jpg|2026-07-12 21.01.33.jpg|2026-07-12 21.01.49.jpg|2026-07-12 21.01.51.jpg,0.0,0.0,0.0,0.0,0.0,0.0
synthetic_m4,la_souris_truck,whitevan,10,4,5|6|7|10,2026-07-12 21.01.30.jpg|2026-07-12 21.01.33.jpg|2026-07-12 21.01.49.jpg|2026-07-12 21.05.27.jpg,1.0,0.8456525181770173,0.8456525181770173,0.9713618159294128,0.8705844766688557,0.9713618159294128
synthetic_m4,la_souris_truck,whitevan,10,4,5|6|8|9,2026-07-12 21.01.30.jpg|2026-07-12 21.01.33.jpg|2026-07-12 21.01.50.jpg|2026-07-12 21.01.51.jpg,0.0,0.0,0.0,0.0,0.0,0.0
synthetic_m4,la_souris_truck,whitevan,10,4,5|6|8|10,2026-07-12 21.01.30.jpg|2026-07-12 21.01.33.jpg|2026-07-12 21.01.50.jpg|2026-07-12 21.05.27.jpg,1.0,0.8456525181770173,0.8456525181770173,0.9713618159294128,0.8705844766688557,0.9713618159294128
synthetic_m4,la_souris_truck,whitevan,10,4,5|6|9|10,2026-07-12 21.01.30.jpg|2026-07-12 21.01.33.jpg|2026-07-12 21.01.51.jpg|2026-07-12 21.05.27.jpg,1.0,0.8456525181770173,0.8456525181770173,0.9713618159294128,0.8705844766688557,0.9713618159294128
synthetic_m4,la_souris_truck,whitevan,10,4,5|7|8|9,2026-07-12 21.01.30.jpg|2026-07-12 21.01.49.jpg|2026-07-12 21.01.50.jpg|2026-07-12 21.01.51.jpg,0.0,0.0,0.0,0.0,0.0,0.0
synthetic_m4,la_souris_truck,whitevan,10,4,5|7|8|10,2026-07-12 21.01.30.jpg|2026-07-12 21.01.49.jpg|2026-07-12 21.01.50.jpg|2026-07-12 21.05.27.jpg,1.0,0.8456525181770173,0.8456525181770173,0.9713618159294128,0.8705844766688557,0.9713618159294128
synthetic_m4,la_souris_truck,whitevan,10,4,5|7|9|10,2026-07-12 21.01.30.jpg|2026-07-12 21.01.49.jpg|2026-07-12 21.01.51.jpg|2026-07-12 21.05.27.jpg,1.0,0.8456525181770173,0.8456525181770173,0.9713618159294128,0.8705844766688557,0.9713618159294128
synthetic_m4,la_souris_truck,whitevan,10,4,5|8|9|10,2026-07-12 21.01.30.jpg|2026-07-12 21.01.50.jpg|2026-07-12 21.01.51.jpg|2026-07-12 21.05.27.jpg,1.0,0.8456525181770173,0.8456525181770173,0.9713618159294128,0.8705844766688557,0.9713618159294128
synthetic_m4,la_souris_truck,whitevan,10,4,6|7|8|9,2026-07-12 21.01.33.jpg|2026-07-12 21.01.49.jpg|2026-07-12 21.01.50.jpg|2026-07-12 21.01.51.jpg,0.0,0.0,0.0,0.0,0.0,0.0
synthetic_m4,la_souris_truck,whitevan,10,4,6|7|8|10,2026-07-12 21.01.33.jpg|2026-07-12 21.01.49.jpg|2026-07-12 21.01.50.jpg|2026-07-12 21.05.27.jpg,1.0,0.8456525181770173,0.8456525181770173,0.9713618159294128,0.8705844766688557,0.9713618159294128
synthetic_m4,la_souris_truck,whitevan,10,4,6|7|9|10,2026-07-12 21.01.33.jpg|2026-07-12 21.01.49.jpg|2026-07-12 21.01.51.jpg|2026-07-12 21.05.27.jpg,1.0,0.8456525181770173,0.8456525181770173,0.9713618159294128,0.8705844766688557,0.9713618159294128
synthetic_m4,la_souris_truck,whitevan,10,4,6|8|9|10,2026-07-12 21.01.33.jpg|2026-07-12 21.01.50.jpg|2026-07-12 21.01.51.jpg|2026-07-12 21.05.27.jpg,1.0,0.8456525181770173,0.8456525181770173,0.9713618159294128,0.8705844766688557,0.9713618159294128
synthetic_m4,la_souris_truck,whitevan,10,4,7|8|9|10,2026-07-12 21.01.49.jpg|2026-07-12 21.01.50.jpg|2026-07-12 21.01.51.jpg|2026-07-12 21.05.27.jpg,1.0,0.8456525181770173,0.8456525181770173,0.9713618159294128,0.8705844766688557,0.9713618159294128
synthetic_m4,la_souris_truck,whitevan,10,5,1|2|3|4|5,2026-07-12 21.05.57.jpg|2026-07-12 21.06.04.jpg|2026-07-12 21.01.06.jpg|2026-07-12 21.01.23.jpg|2026-07-12 21.01.30.jpg,1.0,0.6356431436660991,0.7648578550433748,0.842469334602356,0.7871083728731303,0.9717313160466888
synthetic_m4,la_souris_truck,whitevan,10,5,1|2|3|4|6,2026-07-12 21.05.57.jpg|2026-07-12 21.06.04.jpg|2026-07-12 21.01.06.jpg|2026-07-12 21.01.23.jpg|2026-07-12 21.01.33.jpg,1.0,0.6356431436660991,0.7648578550433748,0.842469334602356,0.7871083728731303,0.9717313160466888
synthetic_m4,la_souris_truck,whitevan,10,5,1|2|3|4|7,2026-07-12 21.05.57.jpg|2026-07-12 21.06.04.jpg|2026-07-12 21.01.06.jpg|2026-07-12 21.01.23.jpg|2026-07-12 21.01.49.jpg,1.0,0.6356431436660991,0.7648578550433748,0.842469334602356,0.7871083728731303,0.9717313160466888
synthetic_m4,la_souris_truck,whitevan,10,5,1|2|3|4|8,2026-07-12 21.05.57.jpg|2026-07-12 21.06.04.jpg|2026-07-12 21.01.06.jpg|2026-07-12 21.01.23.jpg|2026-07-12 21.01.50.jpg,1.0,0.6356431436660991,0.7648578550433748,0.842469334602356,0.7871083728731303,0.9717313160466888
synthetic_m4,la_souris_truck,whitevan,10,5,1|2|3|4|9,2026-07-12 21.05.57.jpg|2026-07-12 21.06.04.jpg|2026-07-12 21.01.06.jpg|2026-07-12 21.01.23.jpg|2026-07-12 21.01.51.jpg,1.0,0.6356431436660991,0.7648578550433748,0.842469334602356,0.7871083728731303,0.9717313160466888
synthetic_m4,la_souris_truck,whitevan,10,5,1|2|3|4|10,2026-07-12 21.05.57.jpg|2026-07-12 21.06.04.jpg|2026-07-12 21.01.06.jpg|2026-07-12 21.01.23.jpg|2026-07-12 21.05.27.jpg,1.0,0.8456525181770173,0.8698796830139129,0.9713618159294128,0.8705844766688557,0.9991904362255118
synthetic_m4,la_souris_truck,whitevan,10,5,1|2|3|5|6,2026-07-12 21.05.57.jpg|2026-07-12 21.06.04.jpg|2026-07-12 21.01.06.jpg|2026-07-12 21.01.30.jpg|2026-07-12 21.01.33.jpg,1.0,0.6356431436660991,0.7229893570376007,0.842469334602356,0.7871083728731303,0.918538516365313
synthetic_m4,la_souris_truck,whitevan,10,5,1|2|3|5|7,2026-07-12 21.05.57.jpg|2026-07-12 21.06.04.jpg|2026-07-12 21.01.06.jpg|2026-07-12 21.01.30.jpg|2026-07-12 21.01.49.jpg,1.0,0.6356431436660991,0.7229893570376007,0.842469334602356,0.7871083728731303,0.918538516365313
synthetic_m4,la_souris_truck,whitevan,10,5,1|2|3|5|8,2026-07-12 21.05.57.jpg|2026-07-12 21.06.04.jpg|2026-07-12 21.01.06.jpg|2026-07-12 21.01.30.jpg|2026-07-12 21.01.50.jpg,1.0,0.6356431436660991,0.7229893570376007,0.842469334602356,0.7871083728731303,0.918538516365313
synthetic_m4,la_souris_truck,whitevan,10,5,1|2|3|5|9,2026-07-12 21.05.57.jpg|2026-07-12 21.06.04.jpg|2026-07-12 21.01.06.jpg|2026-07-12 21.01.30.jpg|2026-07-12 21.01.51.jpg,1.0,0.6356431436660991,0.7229893570376007,0.842469334602356,0.7871083728731303,0.918538516365313
synthetic_m4,la_souris_truck,whitevan,10,5,1|2|3|5|10,2026-07-12 21.05.57.jpg|2026-07-12 21.06.04.jpg|2026-07-12 21.01.06.jpg|2026-07-12 21.01.30.jpg|2026-07-12 21.05.27.jpg,1.0,0.8456525181770173,0.8685534823401921,0.9713618159294128,0.8705844766688557,0.9976670910370067
synthetic_m4,la_souris_truck,whitevan,10,5,1|2|3|6|7,2026-07-12 21.05.57.jpg|2026-07-12 21.06.04.jpg|2026-07-12 21.01.06.jpg|2026-07-12 21.01.33.jpg|2026-07-12 21.01.49.jpg,1.0,0.6356431436660991,0.7229893570376007,0.842469334602356,0.7871083728731303,0.918538516365313
synthetic_m4,la_souris_truck,whitevan,10,5,1|2|3|6|8,2026-07-12 21.05.57.jpg|2026-07-12 21.06.04.jpg|2026-07-12 21.01.06.jpg|2026-07-12 21.01.33.jpg|2026-07-12 21.01.50.jpg,1.0,0.6356431436660991,0.7229893570376007,0.842469334602356,0.7871083728731303,0.918538516365313
synthetic_m4,la_souris_truck,whitevan,10,5,1|2|3|6|9,2026-07-12 21.05.57.jpg|2026-07-12 21.06.04.jpg|2026-07-12 21.01.06.jpg|2026-07-12 21.01.33.jpg|2026-07-12 21.01.51.jpg,1.0,0.6356431436660991,0.7229893570376007,0.842469334602356,0.7871083728731303,0.918538516365313
synthetic_m4,la_souris_truck,whitevan,10,5,1|2|3|6|10,2026-07-12 21.05.57.jpg|2026-07-12 21.06.04.jpg|2026-07-12 21.01.06.jpg|2026-07-12 21.01.33.jpg|2026-07-12 21.05.27.jpg,1.0,0.8456525181770173,0.8685534823401921,0.9713618159294128,0.8705844766688557,0.9976670910370067
synthetic_m4,la_souris_truck,whitevan,10,5,1|2|3|7|8,2026-07-12 21.05.57.jpg|2026-07-12 21.06.04.jpg|2026-07-12 21.01.06.jpg|2026-07-12 21.01.49.jpg|2026-07-12 21.01.50.jpg,1.0,0.6356431436660991,0.7229893570376007,0.842469334602356,0.7871083728731303,0.918538516365313
synthetic_m4,la_souris_truck,whitevan,10,5,1|2|3|7|9,2026-07-12 21.05.57.jpg|2026-07-12 21.06.04.jpg|2026-07-12 21.01.06.jpg|2026-07-12 21.01.49.jpg|2026-07-12 21.01.51.jpg,1.0,0.6356431436660991,0.7229893570376007,0.842469334602356,0.7871083728731303,0.918538516365313
synthetic_m4,la_souris_truck,whitevan,10,5,1|2|3|7|10,2026-07-12 21.05.57.jpg|2026-07-12 21.06.04.jpg|2026-07-12 21.01.06.jpg|2026-07-12 21.01.49.jpg|2026-07-12 21.05.27.jpg,1.0,0.8456525181770173,0.8685534823401921,0.9713618159294128,0.8705844766688557,0.9976670910370067
synthetic_m4,la_souris_truck,whitevan,10,5,1|2|3|8|9,2026-07-12 21.05.57.jpg|2026-07-12 21.06.04.jpg|2026-07-12 21.01.06.jpg|2026-07-12 21.01.50.jpg|2026-07-12 21.01.51.jpg,1.0,0.6356431436660991,0.7229893570376007,0.842469334602356,0.7871083728731303,0.918538516365313
synthetic_m4,la_souris_truck,whitevan,10,5,1|2|3|8|10,2026-07-12 21.05.57.jpg|2026-07-12 21.06.04.jpg|2026-07-12 21.01.06.jpg|2026-07-12 21.01.50.jpg|2026-07-12 21.05.27.jpg,1.0,0.8456525181770173,0.8685534823401921,0.9713618159294128,0.8705844766688557,0.9976670910370067
synthetic_m4,la_souris_truck,whitevan,10,5,1|2|3|9|10,2026-07-12 21.05.57.jpg|2026-07-12 21.06.04.jpg|2026-07-12 21.01.06.jpg|2026-07-12 21.01.51.jpg|2026-07-12 21.05.27.jpg,1.0,0.8456525181770173,0.8685534823401921,0.9713618159294128,0.8705844766688557,0.9976670910370067
synthetic_m4,la_souris_truck,whitevan,10,5,1|2|4|5|6,2026-07-12 21.05.57.jpg|2026-07-12 21.06.04.jpg|2026-07-12 21.01.23.jpg|2026-07-12 21.01.30.jpg|2026-07-12 21.01.33.jpg,1.0,0.6356431436660991,0.7648578550433748,0.842469334602356,0.7871083728731303,0.9717313160466888
synthetic_m4,la_souris_truck,whitevan,10,5,1|2|4|5|7,2026-07-12 21.05.57.jpg|2026-07-12 21.06.04.jpg|2026-07-12 21.01.23.jpg|2026-07-12 21.01.30.jpg|2026-07-12 21.01.49.jpg,1.0,0.6356431436660991,0.7648578550433748,0.842469334602356,0.7871083728731303,0.9717313160466888
synthetic_m4,la_souris_truck,whitevan,10,5,1|2|4|5|8,2026-07-12 21.05.57.jpg|2026-07-12 21.06.04.jpg|2026-07-12 21.01.23.jpg|2026-07-12 21.01.30.jpg|2026-07-12 21.01.50.jpg,1.0,0.6356431436660991,0.7648578550433748,0.842469334602356,0.7871083728731303,0.9717313160466888
synthetic_m4,la_souris_truck,whitevan,10,5,1|2|4|5|9,2026-07-12 21.05.57.jpg|2026-07-12 21.06.04.jpg|2026-07-12 21.01.23.jpg|2026-07-12 21.01.30.jpg|2026-07-12 21.01.51.jpg,1.0,0.6356431436660991,0.7648578550433748,0.842469334602356,0.7871083728731303,0.9717313160466888
synthetic_m4,la_souris_truck,whitevan,10,5,1|2|4|5|10,2026-07-12 21.05.57.jpg|2026-07-12 21.06.04.jpg|2026-07-12 21.01.23.jpg|2026-07-12 21.01.30.jpg|2026-07-12 21.05.27.jpg,1.0,0.8456525181770173,0.8698796830139129,0.9713618159294128,0.8705844766688557,0.9991904362255118
synthetic_m4,la_souris_truck,whitevan,10,5,1|2|4|6|7,2026-07-12 21.05.57.jpg|2026-07-12 21.06.04.jpg|2026-07-12 21.01.23.jpg|2026-07-12 21.01.33.jpg|2026-07-12 21.01.49.jpg,1.0,0.6356431436660991,0.7648578550433748,0.842469334602356,0.7871083728731303,0.9717313160466888
synthetic_m4,la_souris_truck,whitevan,10,5,1|2|4|6|8,2026-07-12 21.05.57.jpg|2026-07-12 21.06.04.jpg|2026-07-12 21.01.23.jpg|2026-07-12 21.01.33.jpg|2026-07-12 21.01.50.jpg,1.0,0.6356431436660991,0.7648578550433748,0.842469334602356,0.7871083728731303,0.9717313160466888
synthetic_m4,la_souris_truck,whitevan,10,5,1|2|4|6|9,2026-07-12 21.05.57.jpg|2026-07-12 21.06.04.jpg|2026-07-12 21.01.23.jpg|2026-07-12 21.01.33.jpg|2026-07-12 21.01.51.jpg,1.0,0.6356431436660991,0.7648578550433748,0.842469334602356,0.7871083728731303,0.9717313160466888
synthetic_m4,la_souris_truck,whitevan,10,5,1|2|4|6|10,2026-07-12 21.05.57.jpg|2026-07-12 21.06.04.jpg|2026-07-12 21.01.23.jpg|2026-07-12 21.01.33.jpg|2026-07-12 21.05.27.jpg,1.0,0.8456525181770173,0.8698796830139129,0.9713618159294128,0.8705844766688557,0.9991904362255118
synthetic_m4,la_souris_truck,whitevan,10,5,1|2|4|7|8,2026-07-12 21.05.57.jpg|2026-07-12 21.06.04.jpg|2026-07-12 21.01.23.jpg|2026-07-12 21.01.49.jpg|2026-07-12 21.01.50.jpg,1.0,0.6356431436660991,0.7648578550433748,0.842469334602356,0.7871083728731303,0.9717313160466888
synthetic_m4,la_souris_truck,whitevan,10,5,1|2|4|7|9,2026-07-12 21.05.57.jpg|2026-07-12 21.06.04.jpg|2026-07-12 21.01.23.jpg|2026-07-12 21.01.49.jpg|2026-07-12 21.01.51.jpg,1.0,0.6356431436660991,0.7648578550433748,0.842469334602356,0.7871083728731303,0.9717313160466888
synthetic_m4,la_souris_truck,whitevan,10,5,1|2|4|7|10,2026-07-12 21.05.57.jpg|2026-07-12 21.06.04.jpg|2026-07-12 21.01.23.jpg|2026-07-12 21.01.49.jpg|2026-07-12 21.05.27.jpg,1.0,0.8456525181770173,0.8698796830139129,0.9713618159294128,0.8705844766688557,0.9991904362255118
synthetic_m4,la_souris_truck,whitevan,10,5,1|2|4|8|9,2026-07-12 21.05.57.jpg|2026-07-12 21.06.04.jpg|2026-07-12 21.01.23.jpg|2026-07-12 21.01.50.jpg|2026-07-12 21.01.51.jpg,1.0,0.6356431436660991,0.7648578550433748,0.842469334602356,0.7871083728731303,0.9717313160466888
synthetic_m4,la_souris_truck,whitevan,10,5,1|2|4|8|10,2026-07-12 21.05.57.jpg|2026-07-12 21.06.04.jpg|2026-07-12 21.01.23.jpg|2026-07-12 21.01.50.jpg|2026-07-12 21.05.27.jpg,1.0,0.8456525181770173,0.8698796830139129,0.9713618159294128,0.8705844766688557,0.9991904362255118
synthetic_m4,la_souris_truck,whitevan,10,5,1|2|4|9|10,2026-07-12 21.05.57.jpg|2026-07-12 21.06.04.jpg|2026-07-12 21.01.23.jpg|2026-07-12 21.01.51.jpg|2026-07-12 21.05.27.jpg,1.0,0.8456525181770173,0.8698796830139129,0.9713618159294128,0.8705844766688557,0.9991904362255118
synthetic_m4,la_souris_truck,whitevan,10,5,1|2|5|6|7,2026-07-12 21.05.57.jpg|2026-07-12 21.06.04.jpg|2026-07-12 21.01.30.jpg|2026-07-12 21.01.33.jpg|2026-07-12 21.01.49.jpg,1.0,0.6356431436660991,0.7229893570376007,0.842469334602356,0.7871083728731303,0.918538516365313
synthetic_m4,la_souris_truck,whitevan,10,5,1|2|5|6|8,2026-07-12 21.05.57.jpg|2026-07-12 21.06.04.jpg|2026-07-12 21.01.30.jpg|2026-07-12 21.01.33.jpg|2026-07-12 21.01.50.jpg,1.0,0.6356431436660991,0.7229893570376007,0.842469334602356,0.7871083728731303,0.918538516365313
synthetic_m4,la_souris_truck,whitevan,10,5,1|2|5|6|9,2026-07-12 21.05.57.jpg|2026-07-12 21.06.04.jpg|2026-07-12 21.01.30.jpg|2026-07-12 21.01.33.jpg|2026-07-12 21.01.51.jpg,1.0,0.6356431436660991,0.7229893570376007,0.842469334602356,0.7871083728731303,0.918538516365313
synthetic_m4,la_souris_truck,whitevan,10,5,1|2|5|6|10,2026-07-12 21.05.57.jpg|2026-07-12 21.06.04.jpg|2026-07-12 21.01.30.jpg|2026-07-12 21.01.33.jpg|2026-07-12 21.05.27.jpg,1.0,0.8456525181770173,0.8685534823401921,0.9713618159294128,0.8705844766688557,0.9976670910370067
synthetic_m4,la_souris_truck,whitevan,10,5,1|2|5|7|8,2026-07-12 21.05.57.jpg|2026-07-12 21.06.04.jpg|2026-07-12 21.01.30.jpg|2026-07-12 21.01.49.jpg|2026-07-12 21.01.50.jpg,1.0,0.6356431436660991,0.7229893570376007,0.842469334602356,0.7871083728731303,0.918538516365313
synthetic_m4,la_souris_truck,whitevan,10,5,1|2|5|7|9,2026-07-12 21.05.57.jpg|2026-07-12 21.06.04.jpg|2026-07-12 21.01.30.jpg|2026-07-12 21.01.49.jpg|2026-07-12 21.01.51.jpg,1.0,0.6356431436660991,0.7229893570376007,0.842469334602356,0.7871083728731303,0.918538516365313
synthetic_m4,la_souris_truck,whitevan,10,5,1|2|5|7|10,2026-07-12 21.05.57.jpg|2026-07-12 21.06.04.jpg|2026-07-12 21.01.30.jpg|2026-07-12 21.01.49.jpg|2026-07-12 21.05.27.jpg,1.0,0.8456525181770173,0.8685534823401921,0.9713618159294128,0.8705844766688557,0.9976670910370067
synthetic_m4,la_souris_truck,whitevan,10,5,1|2|5|8|9,2026-07-12 21.05.57.jpg|2026-07-12 21.06.04.jpg|2026-07-12 21.01.30.jpg|2026-07-12 21.01.50.jpg|2026-07-12 21.01.51.jpg,1.0,0.6356431436660991,0.7229893570376007,0.842469334602356,0.7871083728731303,0.918538516365313
synthetic_m4,la_souris_truck,whitevan,10,5,1|2|5|8|10,2026-07-12 21.05.57.jpg|2026-07-12 21.06.04.jpg|2026-07-12 21.01.30.jpg|2026-07-12 21.01.50.jpg|2026-07-12 21.05.27.jpg,1.0,0.8456525181770173,0.8685534823401921,0.9713618159294128,0.8705844766688557,0.9976670910370067
synthetic_m4,la_souris_truck,whitevan,10,5,1|2|5|9|10,2026-07-12 21.05.57.jpg|2026-07-12 21.06.04.jpg|2026-07-12 21.01.30.jpg|2026-07-12 21.01.51.jpg|2026-07-12 21.05.27.jpg,1.0,0.8456525181770173,0.8685534823401921,0.9713618159294128,0.8705844766688557,0.9976670910370067
synthetic_m4,la_souris_truck,whitevan,10,5,1|2|6|7|8,2026-07-12 21.05.57.jpg|2026-07-12 21.06.04.jpg|2026-07-12 21.01.33.jpg|2026-07-12 21.01.49.jpg|2026-07-12 21.01.50.jpg,1.0,0.6356431436660991,0.7229893570376007,0.842469334602356,0.7871083728731303,0.918538516365313
synthetic_m4,la_souris_truck,whitevan,10,5,1|2|6|7|9,2026-07-12 21.05.57.jpg|2026-07-12 21.06.04.jpg|2026-07-12 21.01.33.jpg|2026-07-12 21.01.49.jpg|2026-07-12 21.01.51.jpg,1.0,0.6356431436660991,0.7229893570376007,0.842469334602356,0.7871083728731303,0.918538516365313
synthetic_m4,la_souris_truck,whitevan,10,5,1|2|6|7|10,2026-07-12 21.05.57.jpg|2026-07-12 21.06.04.jpg|2026-07-12 21.01.33.jpg|2026-07-12 21.01.49.jpg|2026-07-12 21.05.27.jpg,1.0,0.8456525181770173,0.8685534823401921,0.9713618159294128,0.8705844766688557,0.9976670910370067
synthetic_m4,la_souris_truck,whitevan,10,5,1|2|6|8|9,2026-07-12 21.05.57.jpg|2026-07-12 21.06.04.jpg|2026-07-12 21.01.33.jpg|2026-07-12 21.01.50.jpg|2026-07-12 21.01.51.jpg,1.0,0.6356431436660991,0.7229893570376007,0.842469334602356,0.7871083728731303,0.918538516365313
synthetic_m4,la_souris_truck,whitevan,10,5,1|2|6|8|10,2026-07-12 21.05.57.jpg|2026-07-12 21.06.04.jpg|2026-07-12 21.01.33.jpg|2026-07-12 21.01.50.jpg|2026-07-12 21.05.27.jpg,1.0,0.8456525181770173,0.8685534823401921,0.9713618159294128,0.8705844766688557,0.9976670910370067
synthetic_m4,la_souris_truck,whitevan,10,5,1|2|6|9|10,2026-07-12 21.05.57.jpg|2026-07-12 21.06.04.jpg|2026-07-12 21.01.33.jpg|2026-07-12 21.01.51.jpg|2026-07-12 21.05.27.jpg,1.0,0.8456525181770173,0.8685534823401921,0.9713618159294128,0.8705844766688557,0.9976670910370067
synthetic_m4,la_souris_truck,whitevan,10,5,1|2|7|8|9,2026-07-12 21.05.57.jpg|2026-07-12 21.06.04.jpg|2026-07-12 21.01.49.jpg|2026-07-12 21.01.50.jpg|2026-07-12 21.01.51.jpg,1.0,0.6356431436660991,0.7229893570376007,0.842469334602356,0.7871083728731303,0.918538516365313
synthetic_m4,la_souris_truck,whitevan,10,5,1|2|7|8|10,2026-07-12 21.05.57.jpg|2026-07-12 21.06.04.jpg|2026-07-12 21.01.49.jpg|2026-07-12 21.01.50.jpg|2026-07-12 21.05.27.jpg,1.0,0.8456525181770173,0.8685534823401921,0.9713618159294128,0.8705844766688557,0.9976670910370067
synthetic_m4,la_souris_truck,whitevan,10,5,1|2|7|9|10,2026-07-12 21.05.57.jpg|2026-07-12 21.06.04.jpg|2026-07-12 21.01.49.jpg|2026-07-12 21.01.51.jpg|2026-07-12 21.05.27.jpg,1.0,0.8456525181770173,0.8685534823401921,0.9713618159294128,0.8705844766688557,0.9976670910370067
synthetic_m4,la_souris_truck,whitevan,10,5,1|2|8|9|10,2026-07-12 21.05.57.jpg|2026-07-12 21.06.04.jpg|2026-07-12 21.01.50.jpg|2026-07-12 21.01.51.jpg|2026-07-12 21.05.27.jpg,1.0,0.8456525181770173,0.8685534823401921,0.9713618159294128,0.8705844766688557,0.9976670910370067
synthetic_m4,la_souris_truck,whitevan,10,5,1|3|4|5|6,2026-07-12 21.05.57.jpg|2026-07-12 21.01.06.jpg|2026-07-12 21.01.23.jpg|2026-07-12 21.01.30.jpg|2026-07-12 21.01.33.jpg,1.0,0.43788815834608197,0.6458627444515781,0.6529809832572937,0.7871083728731303,0.8205512312034333
synthetic_m4,la_souris_truck,whitevan,10,5,1|3|4|5|7,2026-07-12 21.05.57.jpg|2026-07-12 21.01.06.jpg|2026-07-12 21.01.23.jpg|2026-07-12 21.01.30.jpg|2026-07-12 21.01.49.jpg,1.0,0.43788815834608197,0.6458627444515781,0.6529809832572937,0.7871083728731303,0.8205512312034333
synthetic_m4,la_souris_truck,whitevan,10,5,1|3|4|5|8,2026-07-12 21.05.57.jpg|2026-07-12 21.01.06.jpg|2026-07-12 21.01.23.jpg|2026-07-12 21.01.30.jpg|2026-07-12 21.01.50.jpg,1.0,0.43788815834608197,0.6458627444515781,0.6529809832572937,0.7871083728731303,0.8205512312034333
synthetic_m4,la_souris_truck,whitevan,10,5,1|3|4|5|9,2026-07-12 21.05.57.jpg|2026-07-12 21.01.06.jpg|2026-07-12 21.01.23.jpg|2026-07-12 21.01.30.jpg|2026-07-12 21.01.51.jpg,1.0,0.43788815834608197,0.6458627444515781,0.6529809832572937,0.7871083728731303,0.8205512312034333
synthetic_m4,la_souris_truck,whitevan,10,5,1|3|4|5|10,2026-07-12 21.05.57.jpg|2026-07-12 21.01.06.jpg|2026-07-12 21.01.23.jpg|2026-07-12 21.01.30.jpg|2026-07-12 21.05.27.jpg,1.0,0.8456525181770173,0.8661104674138081,0.9713618159294128,0.8705844766688557,0.9948609131279637
synthetic_m4,la_souris_truck,whitevan,10,5,1|3|4|6|7,2026-07-12 21.05.57.jpg|2026-07-12 21.01.06.jpg|2026-07-12 21.01.23.jpg|2026-07-12 21.01.33.jpg|2026-07-12 21.01.49.jpg,1.0,0.43788815834608197,0.6458627444515781,0.6529809832572937,0.7871083728731303,0.8205512312034333
synthetic_m4,la_souris_truck,whitevan,10,5,1|3|4|6|8,2026-07-12 21.05.57.jpg|2026-07-12 21.01.06.jpg|2026-07-12 21.01.23.jpg|2026-07-12 21.01.33.jpg|2026-07-12 21.01.50.jpg,1.0,0.43788815834608197,0.6458627444515781,0.6529809832572937,0.7871083728731303,0.8205512312034333
synthetic_m4,la_souris_truck,whitevan,10,5,1|3|4|6|9,2026-07-12 21.05.57.jpg|2026-07-12 21.01.06.jpg|2026-07-12 21.01.23.jpg|2026-07-12 21.01.33.jpg|2026-07-12 21.01.51.jpg,1.0,0.43788815834608197,0.6458627444515781,0.6529809832572937,0.7871083728731303,0.8205512312034333
synthetic_m4,la_souris_truck,whitevan,10,5,1|3|4|6|10,2026-07-12 21.05.57.jpg|2026-07-12 21.01.06.jpg|2026-07-12 21.01.23.jpg|2026-07-12 21.01.33.jpg|2026-07-12 21.05.27.jpg,1.0,0.8456525181770173,0.8661104674138081,0.9713618159294128,0.8705844766688557,0.9948609131279637
synthetic_m4,la_souris_truck,whitevan,10,5,1|3|4|7|8,2026-07-12 21.05.57.jpg|2026-07-12 21.01.06.jpg|2026-07-12 21.01.23.jpg|2026-07-12 21.01.49.jpg|2026-07-12 21.01.50.jpg,1.0,0.43788815834608197,0.6458627444515781,0.6529809832572937,0.7871083728731303,0.8205512312034333
synthetic_m4,la_souris_truck,whitevan,10,5,1|3|4|7|9,2026-07-12 21.05.57.jpg|2026-07-12 21.01.06.jpg|2026-07-12 21.01.23.jpg|2026-07-12 21.01.49.jpg|2026-07-12 21.01.51.jpg,1.0,0.43788815834608197,0.6458627444515781,0.6529809832572937,0.7871083728731303,0.8205512312034333
synthetic_m4,la_souris_truck,whitevan,10,5,1|3|4|7|10,2026-07-12 21.05.57.jpg|2026-07-12 21.01.06.jpg|2026-07-12 21.01.23.jpg|2026-07-12 21.01.49.jpg|2026-07-12 21.05.27.jpg,1.0,0.8456525181770173,0.8661104674138081,0.9713618159294128,0.8705844766688557,0.9948609131279637
synthetic_m4,la_souris_truck,whitevan,10,5,1|3|4|8|9,2026-07-12 21.05.57.jpg|2026-07-12 21.01.06.jpg|2026-07-12 21.01.23.jpg|2026-07-12 21.01.50.jpg|2026-07-12 21.01.51.jpg,1.0,0.43788815834608197,0.6458627444515781,0.6529809832572937,0.7871083728731303,0.8205512312034333
synthetic_m4,la_souris_truck,whitevan,10,5,1|3|4|8|10,2026-07-12 21.05.57.jpg|2026-07-12 21.01.06.jpg|2026-07-12 21.01.23.jpg|2026-07-12 21.01.50.jpg|2026-07-12 21.05.27.jpg,1.0,0.8456525181770173,0.8661104674138081,0.9713618159294128,0.8705844766688557,0.9948609131279637
synthetic_m4,la_souris_truck,whitevan,10,5,1|3|4|9|10,2026-07-12 21.05.57.jpg|2026-07-12 21.01.06.jpg|2026-07-12 21.01.23.jpg|2026-07-12 21.01.51.jpg|2026-07-12 21.05.27.jpg,1.0,0.8456525181770173,0.8661104674138081,0.9713618159294128,0.8705844766688557,0.9948609131279637
synthetic_m4,la_souris_truck,whitevan,10,5,1|3|5|6|7,2026-07-12 21.05.57.jpg|2026-07-12 21.01.06.jpg|2026-07-12 21.01.30.jpg|2026-07-12 21.01.33.jpg|2026-07-12 21.01.49.jpg,1.0,0.380082758693959,0.380082758693959,0.4828849136829376,0.7871083728731303,0.4828849136829376
synthetic_m4,la_souris_truck,whitevan,10,5,1|3|5|6|8,2026-07-12 21.05.57.jpg|2026-07-12 21.01.06.jpg|2026-07-12 21.01.30.jpg|2026-07-12 21.01.33.jpg|2026-07-12 21.01.50.jpg,1.0,0.380082758693959,0.380082758693959,0.4828849136829376,0.7871083728731303,0.4828849136829376
synthetic_m4,la_souris_truck,whitevan,10,5,1|3|5|6|9,2026-07-12 21.05.57.jpg|2026-07-12 21.01.06.jpg|2026-07-12 21.01.30.jpg|2026-07-12 21.01.33.jpg|2026-07-12 21.01.51.jpg,1.0,0.380082758693959,0.380082758693959,0.4828849136829376,0.7871083728731303,0.4828849136829376
synthetic_m4,la_souris_truck,whitevan,10,5,1|3|5|6|10,2026-07-12 21.05.57.jpg|2026-07-12 21.01.06.jpg|2026-07-12 21.01.30.jpg|2026-07-12 21.01.33.jpg|2026-07-12 21.05.27.jpg,1.0,0.8456525181770173,0.8576917848012953,0.9713618159294128,0.8705844766688557,0.9851907629723744
synthetic_m4,la_souris_truck,whitevan,10,5,1|3|5|7|8,2026-07-12 21.05.57.jpg|2026-07-12 21.01.06.jpg|2026-07-12 21.01.30.jpg|2026-07-12 21.01.49.jpg|2026-07-12 21.01.50.jpg,1.0,0.380082758693959,0.380082758693959,0.4828849136829376,0.7871083728731303,0.4828849136829376
synthetic_m4,la_souris_truck,whitevan,10,5,1|3|5|7|9,2026-07-12 21.05.57.jpg|2026-07-12 21.01.06.jpg|2026-07-12 21.01.30.jpg|2026-07-12 21.01.49.jpg|2026-07-12 21.01.51.jpg,1.0,0.380082758693959,0.380082758693959,0.4828849136829376,0.7871083728731303,0.4828849136829376
synthetic_m4,la_souris_truck,whitevan,10,5,1|3|5|7|10,2026-07-12 21.05.57.jpg|2026-07-12 21.01.06.jpg|2026-07-12 21.01.30.jpg|2026-07-12 21.01.49.jpg|2026-07-12 21.05.27.jpg,1.0,0.8456525181770173,0.8576917848012953,0.9713618159294128,0.8705844766688557,0.9851907629723744
synthetic_m4,la_souris_truck,whitevan,10,5,1|3|5|8|9,2026-07-12 21.05.57.jpg|2026-07-12 21.01.06.jpg|2026-07-12 21.01.30.jpg|2026-07-12 21.01.50.jpg|2026-07-12 21.01.51.jpg,1.0,0.380082758693959,0.380082758693959,0.4828849136829376,0.7871083728731303,0.4828849136829376
synthetic_m4,la_souris_truck,whitevan,10,5,1|3|5|8|10,2026-07-12 21.05.57.jpg|2026-07-12 21.01.06.jpg|2026-07-12 21.01.30.jpg|2026-07-12 21.01.50.jpg|2026-07-12 21.05.27.jpg,1.0,0.8456525181770173,0.8576917848012953,0.9713618159294128,0.8705844766688557,0.9851907629723744
synthetic_m4,la_souris_truck,whitevan,10,5,1|3|5|9|10,2026-07-12 21.05.57.jpg|2026-07-12 21.01.06.jpg|2026-07-12 21.01.30.jpg|2026-07-12 21.01.51.jpg|2026-07-12 21.05.27.jpg,1.0,0.8456525181770173,0.8576917848012953,0.9713618159294128,0.8705844766688557,0.9851907629723744
synthetic_m4,la_souris_truck,whitevan,10,5,1|3|6|7|8,2026-07-12 21.05.57.jpg|2026-07-12 21.01.06.jpg|2026-07-12 21.01.33.jpg|2026-07-12 21.01.49.jpg|2026-07-12 21.01.50.jpg,1.0,0.380082758693959,0.380082758693959,0.4828849136829376,0.7871083728731303,0.4828849136829376
synthetic_m4,la_souris_truck,whitevan,10,5,1|3|6|7|9,2026-07-12 21.05.57.jpg|2026-07-12 21.01.06.jpg|2026-07-12 21.01.33.jpg|2026-07-12 21.01.49.jpg|2026-07-12 21.01.51.jpg,1.0,0.380082758693959,0.380082758693959,0.4828849136829376,0.7871083728731303,0.4828849136829376
synthetic_m4,la_souris_truck,whitevan,10,5,1|3|6|7|10,2026-07-12 21.05.57.jpg|2026-07-12 21.01.06.jpg|2026-07-12 21.01.33.jpg|2026-07-12 21.01.49.jpg|2026-07-12 21.05.27.jpg,1.0,0.8456525181770173,0.8576917848012953,0.9713618159294128,0.8705844766688557,0.9851907629723744
synthetic_m4,la_souris_truck,whitevan,10,5,1|3|6|8|9,2026-07-12 21.05.57.jpg|2026-07-12 21.01.06.jpg|2026-07-12 21.01.33.jpg|2026-07-12 21.01.50.jpg|2026-07-12 21.01.51.jpg,1.0,0.380082758693959,0.380082758693959,0.4828849136829376,0.7871083728731303,0.4828849136829376
synthetic_m4,la_souris_truck,whitevan,10,5,1|3|6|8|10,2026-07-12 21.05.57.jpg|2026-07-12 21.01.06.jpg|2026-07-12 21.01.33.jpg|2026-07-12 21.01.50.jpg|2026-07-12 21.05.27.jpg,1.0,0.8456525181770173,0.8576917848012953,0.9713618159294128,0.8705844766688557,0.9851907629723744
synthetic_m4,la_souris_truck,whitevan,10,5,1|3|6|9|10,2026-07-12 21.05.57.jpg|2026-07-12 21.01.06.jpg|2026-07-12 21.01.33.jpg|2026-07-12 21.01.51.jpg|2026-07-12 21.05.27.jpg,1.0,0.8456525181770173,0.8576917848012953,0.9713618159294128,0.8705844766688557,0.9851907629723744
synthetic_m4,la_souris_truck,whitevan,10,5,1|3|7|8|9,2026-07-12 21.05.57.jpg|2026-07-12 21.01.06.jpg|2026-07-12 21.01.49.jpg|2026-07-12 21.01.50.jpg|2026-07-12 21.01.51.jpg,1.0,0.380082758693959,0.380082758693959,0.4828849136829376,0.7871083728731303,0.4828849136829376
synthetic_m4,la_souris_truck,whitevan,10,5,1|3|7|8|10,2026-07-12 21.05.57.jpg|2026-07-12 21.01.06.jpg|2026-07-12 21.01.49.jpg|2026-07-12 21.01.50.jpg|2026-07-12 21.05.27.jpg,1.0,0.8456525181770173,0.8576917848012953,0.9713618159294128,0.8705844766688557,0.9851907629723744
synthetic_m4,la_souris_truck,whitevan,10,5,1|3|7|9|10,2026-07-12 21.05.57.jpg|2026-07-12 21.01.06.jpg|2026-07-12 21.01.49.jpg|2026-07-12 21.01.51.jpg|2026-07-12 21.05.27.jpg,1.0,0.8456525181770173,0.8576917848012953,0.9713618159294128,0.8705844766688557,0.9851907629723744
synthetic_m4,la_souris_truck,whitevan,10,5,1|3|8|9|10,2026-07-12 21.05.57.jpg|2026-07-12 21.01.06.jpg|2026-07-12 21.01.50.jpg|2026-07-12 21.01.51.jpg|2026-07-12 21.05.27.jpg,1.0,0.8456525181770173,0.8576917848012953,0.9713618159294128,0.8705844766688557,0.9851907629723744
synthetic_m4,la_souris_truck,whitevan,10,5,1|4|5|6|7,2026-07-12 21.05.57.jpg|2026-07-12 21.01.23.jpg|2026-07-12 21.01.30.jpg|2026-07-12 21.01.33.jpg|2026-07-12 21.01.49.jpg,1.0,0.43788815834608197,0.6458627444515781,0.6529809832572937,0.7871083728731303,0.8205512312034333
synthetic_m4,la_souris_truck,whitevan,10,5,1|4|5|6|8,2026-07-12 21.05.57.jpg|2026-07-12 21.01.23.jpg|2026-07-12 21.01.30.jpg|2026-07-12 21.01.33.jpg|2026-07-12 21.01.50.jpg,1.0,0.43788815834608197,0.6458627444515781,0.6529809832572937,0.7871083728731303,0.8205512312034333
synthetic_m4,la_souris_truck,whitevan,10,5,1|4|5|6|9,2026-07-12 21.05.57.jpg|2026-07-12 21.01.23.jpg|2026-07-12 21.01.30.jpg|2026-07-12 21.01.33.jpg|2026-07-12 21.01.51.jpg,1.0,0.43788815834608197,0.6458627444515781,0.6529809832572937,0.7871083728731303,0.8205512312034333
synthetic_m4,la_souris_truck,whitevan,10,5,1|4|5|6|10,2026-07-12 21.05.57.jpg|2026-07-12 21.01.23.jpg|2026-07-12 21.01.30.jpg|2026-07-12 21.01.33.jpg|2026-07-12 21.05.27.jpg,1.0,0.8456525181770173,0.8661104674138081,0.9713618159294128,0.8705844766688557,0.9948609131279637
synthetic_m4,la_souris_truck,whitevan,10,5,1|4|5|7|8,2026-07-12 21.05.57.jpg|2026-07-12 21.01.23.jpg|2026-07-12 21.01.30.jpg|2026-07-12 21.01.49.jpg|2026-07-12 21.01.50.jpg,1.0,0.43788815834608197,0.6458627444515781,0.6529809832572937,0.7871083728731303,0.8205512312034333
synthetic_m4,la_souris_truck,whitevan,10,5,1|4|5|7|9,2026-07-12 21.05.57.jpg|2026-07-12 21.01.23.jpg|2026-07-12 21.01.30.jpg|2026-07-12 21.01.49.jpg|2026-07-12 21.01.51.jpg,1.0,0.43788815834608197,0.6458627444515781,0.6529809832572937,0.7871083728731303,0.8205512312034333
synthetic_m4,la_souris_truck,whitevan,10,5,1|4|5|7|10,2026-07-12 21.05.57.jpg|2026-07-12 21.01.23.jpg|2026-07-12 21.01.30.jpg|2026-07-12 21.01.49.jpg|2026-07-12 21.05.27.jpg,1.0,0.8456525181770173,0.8661104674138081,0.9713618159294128,0.8705844766688557,0.9948609131279637
synthetic_m4,la_souris_truck,whitevan,10,5,1|4|5|8|9,2026-07-12 21.05.57.jpg|2026-07-12 21.01.23.jpg|2026-07-12 21.01.30.jpg|2026-07-12 21.01.50.jpg|2026-07-12 21.01.51.jpg,1.0,0.43788815834608197,0.6458627444515781,0.6529809832572937,0.7871083728731303,0.8205512312034333
synthetic_m4,la_souris_truck,whitevan,10,5,1|4|5|8|10,2026-07-12 21.05.57.jpg|2026-07-12 21.01.23.jpg|2026-07-12 21.01.30.jpg|2026-07-12 21.01.50.jpg|2026-07-12 21.05.27.jpg,1.0,0.8456525181770173,0.8661104674138081,0.9713618159294128,0.8705844766688557,0.9948609131279637
synthetic_m4,la_souris_truck,whitevan,10,5,1|4|5|9|10,2026-07-12 21.05.57.jpg|2026-07-12 21.01.23.jpg|2026-07-12 21.01.30.jpg|2026-07-12 21.01.51.jpg|2026-07-12 21.05.27.jpg,1.0,0.8456525181770173,0.8661104674138081,0.9713618159294128,0.8705844766688557,0.9948609131279637
synthetic_m4,la_souris_truck,whitevan,10,5,1|4|6|7|8,2026-07-12 21.05.57.jpg|2026-07-12 21.01.23.jpg|2026-07-12 21.01.33.jpg|2026-07-12 21.01.49.jpg|2026-07-12 21.01.50.jpg,1.0,0.43788815834608197,0.6458627444515781,0.6529809832572937,0.7871083728731303,0.8205512312034333
synthetic_m4,la_souris_truck,whitevan,10,5,1|4|6|7|9,2026-07-12 21.05.57.jpg|2026-07-12 21.01.23.jpg|2026-07-12 21.01.33.jpg|2026-07-12 21.01.49.jpg|2026-07-12 21.01.51.jpg,1.0,0.43788815834608197,0.6458627444515781,0.6529809832572937,0.7871083728731303,0.8205512312034333
synthetic_m4,la_souris_truck,whitevan,10,5,1|4|6|7|10,2026-07-12 21.05.57.jpg|2026-07-12 21.01.23.jpg|2026-07-12 21.01.33.jpg|2026-07-12 21.01.49.jpg|2026-07-12 21.05.27.jpg,1.0,0.8456525181770173,0.8661104674138081,0.9713618159294128,0.8705844766688557,0.9948609131279637
synthetic_m4,la_souris_truck,whitevan,10,5,1|4|6|8|9,2026-07-12 21.05.57.jpg|2026-07-12 21.01.23.jpg|2026-07-12 21.01.33.jpg|2026-07-12 21.01.50.jpg|2026-07-12 21.01.51.jpg,1.0,0.43788815834608197,0.6458627444515781,0.6529809832572937,0.7871083728731303,0.8205512312034333
synthetic_m4,la_souris_truck,whitevan,10,5,1|4|6|8|10,2026-07-12 21.05.57.jpg|2026-07-12 21.01.23.jpg|2026-07-12 21.01.33.jpg|2026-07-12 21.01.50.jpg|2026-07-12 21.05.27.jpg,1.0,0.8456525181770173,0.8661104674138081,0.9713618159294128,0.8705844766688557,0.9948609131279637
synthetic_m4,la_souris_truck,whitevan,10,5,1|4|6|9|10,2026-07-12 21.05.57.jpg|2026-07-12 21.01.23.jpg|2026-07-12 21.01.33.jpg|2026-07-12 21.01.51.jpg|2026-07-12 21.05.27.jpg,1.0,0.8456525181770173,0.8661104674138081,0.9713618159294128,0.8705844766688557,0.9948609131279637
synthetic_m4,la_souris_truck,whitevan,10,5,1|4|7|8|9,2026-07-12 21.05.57.jpg|2026-07-12 21.01.23.jpg|2026-07-12 21.01.49.jpg|2026-07-12 21.01.50.jpg|2026-07-12 21.01.51.jpg,1.0,0.43788815834608197,0.6458627444515781,0.6529809832572937,0.7871083728731303,0.8205512312034333
synthetic_m4,la_souris_truck,whitevan,10,5,1|4|7|8|10,2026-07-12 21.05.57.jpg|2026-07-12 21.01.23.jpg|2026-07-12 21.01.49.jpg|2026-07-12 21.01.50.jpg|2026-07-12 21.05.27.jpg,1.0,0.8456525181770173,0.8661104674138081,0.9713618159294128,0.8705844766688557,0.9948609131279637
synthetic_m4,la_souris_truck,whitevan,10,5,1|4|7|9|10,2026-07-12 21.05.57.jpg|2026-07-12 21.01.23.jpg|2026-07-12 21.01.49.jpg|2026-07-12 21.01.51.jpg|2026-07-12 21.05.27.jpg,1.0,0.8456525181770173,0.8661104674138081,0.9713618159294128,0.8705844766688557,0.9948609131279637
synthetic_m4,la_souris_truck,whitevan,10,5,1|4|8|9|10,2026-07-12 21.05.57.jpg|2026-07-12 21.01.23.jpg|2026-07-12 21.01.50.jpg|2026-07-12 21.01.51.jpg|2026-07-12 21.05.27.jpg,1.0,0.8456525181770173,0.8661104674138081,0.9713618159294128,0.8705844766688557,0.9948609131279637
synthetic_m4,la_souris_truck,whitevan,10,5,1|5|6|7|8,2026-07-12 21.05.57.jpg|2026-07-12 21.01.30.jpg|2026-07-12 21.01.33.jpg|2026-07-12 21.01.49.jpg|2026-07-12 21.01.50.jpg,1.0,0.380082758693959,0.380082758693959,0.4828849136829376,0.7871083728731303,0.4828849136829376
synthetic_m4,la_souris_truck,whitevan,10,5,1|5|6|7|9,2026-07-12 21.05.57.jpg|2026-07-12 21.01.30.jpg|2026-07-12 21.01.33.jpg|2026-07-12 21.01.49.jpg|2026-07-12 21.01.51.jpg,1.0,0.380082758693959,0.380082758693959,0.4828849136829376,0.7871083728731303,0.4828849136829376
synthetic_m4,la_souris_truck,whitevan,10,5,1|5|6|7|10,2026-07-12 21.05.57.jpg|2026-07-12 21.01.30.jpg|2026-07-12 21.01.33.jpg|2026-07-12 21.01.49.jpg|2026-07-12 21.05.27.jpg,1.0,0.8456525181770173,0.8576917848012953,0.9713618159294128,0.8705844766688557,0.9851907629723744
synthetic_m4,la_souris_truck,whitevan,10,5,1|5|6|8|9,2026-07-12 21.05.57.jpg|2026-07-12 21.01.30.jpg|2026-07-12 21.01.33.jpg|2026-07-12 21.01.50.jpg|2026-07-12 21.01.51.jpg,1.0,0.380082758693959,0.380082758693959,0.4828849136829376,0.7871083728731303,0.4828849136829376
synthetic_m4,la_souris_truck,whitevan,10,5,1|5|6|8|10,2026-07-12 21.05.57.jpg|2026-07-12 21.01.30.jpg|2026-07-12 21.01.33.jpg|2026-07-12 21.01.50.jpg|2026-07-12 21.05.27.jpg,1.0,0.8456525181770173,0.8576917848012953,0.9713618159294128,0.8705844766688557,0.9851907629723744
synthetic_m4,la_souris_truck,whitevan,10,5,1|5|6|9|10,2026-07-12 21.05.57.jpg|2026-07-12 21.01.30.jpg|2026-07-12 21.01.33.jpg|2026-07-12 21.01.51.jpg|2026-07-12 21.05.27.jpg,1.0,0.8456525181770173,0.8576917848012953,0.9713618159294128,0.8705844766688557,0.9851907629723744
synthetic_m4,la_souris_truck,whitevan,10,5,1|5|7|8|9,2026-07-12 21.05.57.jpg|2026-07-12 21.01.30.jpg|2026-07-12 21.01.49.jpg|2026-07-12 21.01.50.jpg|2026-07-12 21.01.51.jpg,1.0,0.380082758693959,0.380082758693959,0.4828849136829376,0.7871083728731303,0.4828849136829376
synthetic_m4,la_souris_truck,whitevan,10,5,1|5|7|8|10,2026-07-12 21.05.57.jpg|2026-07-12 21.01.30.jpg|2026-07-12 21.01.49.jpg|2026-07-12 21.01.50.jpg|2026-07-12 21.05.27.jpg,1.0,0.8456525181770173,0.8576917848012953,0.9713618159294128,0.8705844766688557,0.9851907629723744
synthetic_m4,la_souris_truck,whitevan,10,5,1|5|7|9|10,2026-07-12 21.05.57.jpg|2026-07-12 21.01.30.jpg|2026-07-12 21.01.49.jpg|2026-07-12 21.01.51.jpg|2026-07-12 21.05.27.jpg,1.0,0.8456525181770173,0.8576917848012953,0.9713618159294128,0.8705844766688557,0.9851907629723744
synthetic_m4,la_souris_truck,whitevan,10,5,1|5|8|9|10,2026-07-12 21.05.57.jpg|2026-07-12 21.01.30.jpg|2026-07-12 21.01.50.jpg|2026-07-12 21.01.51.jpg|2026-07-12 21.05.27.jpg,1.0,0.8456525181770173,0.8576917848012953,0.9713618159294128,0.8705844766688557,0.9851907629723744
synthetic_m4,la_souris_truck,whitevan,10,5,1|6|7|8|9,2026-07-12 21.05.57.jpg|2026-07-12 21.01.33.jpg|2026-07-12 21.01.49.jpg|2026-07-12 21.01.50.jpg|2026-07-12 21.01.51.jpg,1.0,0.380082758693959,0.380082758693959,0.4828849136829376,0.7871083728731303,0.4828849136829376
synthetic_m4,la_souris_truck,whitevan,10,5,1|6|7|8|10,2026-07-12 21.05.57.jpg|2026-07-12 21.01.33.jpg|2026-07-12 21.01.49.jpg|2026-07-12 21.01.50.jpg|2026-07-12 21.05.27.jpg,1.0,0.8456525181770173,0.8576917848012953,0.9713618159294128,0.8705844766688557,0.9851907629723744
synthetic_m4,la_souris_truck,whitevan,10,5,1|6|7|9|10,2026-07-12 21.05.57.jpg|2026-07-12 21.01.33.jpg|2026-07-12 21.01.49.jpg|2026-07-12 21.01.51.jpg|2026-07-12 21.05.27.jpg,1.0,0.8456525181770173,0.8576917848012953,0.9713618159294128,0.8705844766688557,0.9851907629723744
synthetic_m4,la_souris_truck,whitevan,10,5,1|6|8|9|10,2026-07-12 21.05.57.jpg|2026-07-12 21.01.33.jpg|2026-07-12 21.01.50.jpg|2026-07-12 21.01.51.jpg|2026-07-12 21.05.27.jpg,1.0,0.8456525181770173,0.8576917848012953,0.9713618159294128,0.8705844766688557,0.9851907629723744
synthetic_m4,la_souris_truck,whitevan,10,5,1|7|8|9|10,2026-07-12 21.05.57.jpg|2026-07-12 21.01.49.jpg|2026-07-12 21.01.50.jpg|2026-07-12 21.01.51.jpg|2026-07-12 21.05.27.jpg,1.0,0.8456525181770173,0.8576917848012953,0.9713618159294128,0.8705844766688557,0.9851907629723744
synthetic_m4,la_souris_truck,whitevan,10,5,2|3|4|5|6,2026-07-12 21.06.04.jpg|2026-07-12 21.01.06.jpg|2026-07-12 21.01.23.jpg|2026-07-12 21.01.30.jpg|2026-07-12 21.01.33.jpg,1.0,0.6356431436660991,0.7132544343835135,0.842469334602356,0.7545000364507292,0.9453338633868853
synthetic_m4,la_souris_truck,whitevan,10,5,2|3|4|5|7,2026-07-12 21.06.04.jpg|2026-07-12 21.01.06.jpg|2026-07-12 21.01.23.jpg|2026-07-12 21.01.30.jpg|2026-07-12 21.01.49.jpg,1.0,0.6356431436660991,0.7132544343835135,0.842469334602356,0.7545000364507292,0.9453338633868853
synthetic_m4,la_souris_truck,whitevan,10,5,2|3|4|5|8,2026-07-12 21.06.04.jpg|2026-07-12 21.01.06.jpg|2026-07-12 21.01.23.jpg|2026-07-12 21.01.30.jpg|2026-07-12 21.01.50.jpg,1.0,0.6356431436660991,0.7132544343835135,0.842469334602356,0.7545000364507292,0.9453338633868853
synthetic_m4,la_souris_truck,whitevan,10,5,2|3|4|5|9,2026-07-12 21.06.04.jpg|2026-07-12 21.01.06.jpg|2026-07-12 21.01.23.jpg|2026-07-12 21.01.30.jpg|2026-07-12 21.01.51.jpg,1.0,0.6356431436660991,0.7132544343835135,0.842469334602356,0.7545000364507292,0.9453338633868853
synthetic_m4,la_souris_truck,whitevan,10,5,2|3|4|5|10,2026-07-12 21.06.04.jpg|2026-07-12 21.01.06.jpg|2026-07-12 21.01.23.jpg|2026-07-12 21.01.30.jpg|2026-07-12 21.05.27.jpg,1.0,0.8456525181770173,0.8692215428199084,0.9713618159294128,0.8705844766688557,0.9984344611172458
synthetic_m4,la_souris_truck,whitevan,10,5,2|3|4|6|7,2026-07-12 21.06.04.jpg|2026-07-12 21.01.06.jpg|2026-07-12 21.01.23.jpg|2026-07-12 21.01.33.jpg|2026-07-12 21.01.49.jpg,1.0,0.6356431436660991,0.7132544343835135,0.842469334602356,0.7545000364507292,0.9453338633868853
synthetic_m4,la_souris_truck,whitevan,10,5,2|3|4|6|8,2026-07-12 21.06.04.jpg|2026-07-12 21.01.06.jpg|2026-07-12 21.01.23.jpg|2026-07-12 21.01.33.jpg|2026-07-12 21.01.50.jpg,1.0,0.6356431436660991,0.7132544343835135,0.842469334602356,0.7545000364507292,0.9453338633868853
synthetic_m4,la_souris_truck,whitevan,10,5,2|3|4|6|9,2026-07-12 21.06.04.jpg|2026-07-12 21.01.06.jpg|2026-07-12 21.01.23.jpg|2026-07-12 21.01.33.jpg|2026-07-12 21.01.51.jpg,1.0,0.6356431436660991,0.7132544343835135,0.842469334602356,0.7545000364507292,0.9453338633868853
synthetic_m4,la_souris_truck,whitevan,10,5,2|3|4|6|10,2026-07-12 21.06.04.jpg|2026-07-12 21.01.06.jpg|2026-07-12 21.01.23.jpg|2026-07-12 21.01.33.jpg|2026-07-12 21.05.27.jpg,1.0,0.8456525181770173,0.8692215428199084,0.9713618159294128,0.8705844766688557,0.9984344611172458
synthetic_m4,la_souris_truck,whitevan,10,5,2|3|4|7|8,2026-07-12 21.06.04.jpg|2026-07-12 21.01.06.jpg|2026-07-12 21.01.23.jpg|2026-07-12 21.01.49.jpg|2026-07-12 21.01.50.jpg,1.0,0.6356431436660991,0.7132544343835135,0.842469334602356,0.7545000364507292,0.9453338633868853
synthetic_m4,la_souris_truck,whitevan,10,5,2|3|4|7|9,2026-07-12 21.06.04.jpg|2026-07-12 21.01.06.jpg|2026-07-12 21.01.23.jpg|2026-07-12 21.01.49.jpg|2026-07-12 21.01.51.jpg,1.0,0.6356431436660991,0.7132544343835135,0.842469334602356,0.7545000364507292,0.9453338633868853
synthetic_m4,la_souris_truck,whitevan,10,5,2|3|4|7|10,2026-07-12 21.06.04.jpg|2026-07-12 21.01.06.jpg|2026-07-12 21.01.23.jpg|2026-07-12 21.01.49.jpg|2026-07-12 21.05.27.jpg,1.0,0.8456525181770173,0.8692215428199084,0.9713618159294128,0.8705844766688557,0.9984344611172458
synthetic_m4,la_souris_truck,whitevan,10,5,2|3|4|8|9,2026-07-12 21.06.04.jpg|2026-07-12 21.01.06.jpg|2026-07-12 21.01.23.jpg|2026-07-12 21.01.50.jpg|2026-07-12 21.01.51.jpg,1.0,0.6356431436660991,0.7132544343835135,0.842469334602356,0.7545000364507292,0.9453338633868853
synthetic_m4,la_souris_truck,whitevan,10,5,2|3|4|8|10,2026-07-12 21.06.04.jpg|2026-07-12 21.01.06.jpg|2026-07-12 21.01.23.jpg|2026-07-12 21.01.50.jpg|2026-07-12 21.05.27.jpg,1.0,0.8456525181770173,0.8692215428199084,0.9713618159294128,0.8705844766688557,0.9984344611172458
synthetic_m4,la_souris_truck,whitevan,10,5,2|3|4|9|10,2026-07-12 21.06.04.jpg|2026-07-12 21.01.06.jpg|2026-07-12 21.01.23.jpg|2026-07-12 21.01.51.jpg|2026-07-12 21.05.27.jpg,1.0,0.8456525181770173,0.8692215428199084,0.9713618159294128,0.8705844766688557,0.9984344611172458
synthetic_m4,la_souris_truck,whitevan,10,5,2|3|5|6|7,2026-07-12 21.06.04.jpg|2026-07-12 21.01.06.jpg|2026-07-12 21.01.30.jpg|2026-07-12 21.01.33.jpg|2026-07-12 21.01.49.jpg,1.0,0.6356431436660991,0.6356431436660991,0.842469334602356,0.7545000364507292,0.842469334602356
synthetic_m4,la_souris_truck,whitevan,10,5,2|3|5|6|8,2026-07-12 21.06.04.jpg|2026-07-12 21.01.06.jpg|2026-07-12 21.01.30.jpg|2026-07-12 21.01.33.jpg|2026-07-12 21.01.50.jpg,1.0,0.6356431436660991,0.6356431436660991,0.842469334602356,0.7545000364507292,0.842469334602356
synthetic_m4,la_souris_truck,whitevan,10,5,2|3|5|6|9,2026-07-12 21.06.04.jpg|2026-07-12 21.01.06.jpg|2026-07-12 21.01.30.jpg|2026-07-12 21.01.33.jpg|2026-07-12 21.01.51.jpg,1.0,0.6356431436660991,0.6356431436660991,0.842469334602356,0.7545000364507292,0.842469334602356
synthetic_m4,la_souris_truck,whitevan,10,5,2|3|5|6|10,2026-07-12 21.06.04.jpg|2026-07-12 21.01.06.jpg|2026-07-12 21.01.30.jpg|2026-07-12 21.01.33.jpg|2026-07-12 21.05.27.jpg,1.0,0.8456525181770173,0.86665692865797,0.9713618159294128,0.8705844766688557,0.9954886078075802
synthetic_m4,la_souris_truck,whitevan,10,5,2|3|5|7|8,2026-07-12 21.06.04.jpg|2026-07-12 21.01.06.jpg|2026-07-12 21.01.30.jpg|2026-07-12 21.01.49.jpg|2026-07-12 21.01.50.jpg,1.0,0.6356431436660991,0.6356431436660991,0.842469334602356,0.7545000364507292,0.842469334602356
synthetic_m4,la_souris_truck,whitevan,10,5,2|3|5|7|9,2026-07-12 21.06.04.jpg|2026-07-12 21.01.06.jpg|2026-07-12 21.01.30.jpg|2026-07-12 21.01.49.jpg|2026-07-12 21.01.51.jpg,1.0,0.6356431436660991,0.6356431436660991,0.842469334602356,0.7545000364507292,0.842469334602356
synthetic_m4,la_souris_truck,whitevan,10,5,2|3|5|7|10,2026-07-12 21.06.04.jpg|2026-07-12 21.01.06.jpg|2026-07-12 21.01.30.jpg|2026-07-12 21.01.49.jpg|2026-07-12 21.05.27.jpg,1.0,0.8456525181770173,0.86665692865797,0.9713618159294128,0.8705844766688557,0.9954886078075802
synthetic_m4,la_souris_truck,whitevan,10,5,2|3|5|8|9,2026-07-12 21.06.04.jpg|2026-07-12 21.01.06.jpg|2026-07-12 21.01.30.jpg|2026-07-12 21.01.50.jpg|2026-07-12 21.01.51.jpg,1.0,0.6356431436660991,0.6356431436660991,0.842469334602356,0.7545000364507292,0.842469334602356
synthetic_m4,la_souris_truck,whitevan,10,5,2|3|5|8|10,2026-07-12 21.06.04.jpg|2026-07-12 21.01.06.jpg|2026-07-12 21.01.30.jpg|2026-07-12 21.01.50.jpg|2026-07-12 21.05.27.jpg,1.0,0.8456525181770173,0.86665692865797,0.9713618159294128,0.8705844766688557,0.9954886078075802
synthetic_m4,la_souris_truck,whitevan,10,5,2|3|5|9|10,2026-07-12 21.06.04.jpg|2026-07-12 21.01.06.jpg|2026-07-12 21.01.30.jpg|2026-07-12 21.01.51.jpg|2026-07-12 21.05.27.jpg,1.0,0.8456525181770173,0.86665692865797,0.9713618159294128,0.8705844766688557,0.9954886078075802
synthetic_m4,la_souris_truck,whitevan,10,5,2|3|6|7|8,2026-07-12 21.06.04.jpg|2026-07-12 21.01.06.jpg|2026-07-12 21.01.33.jpg|2026-07-12 21.01.49.jpg|2026-07-12 21.01.50.jpg,1.0,0.6356431436660991,0.6356431436660991,0.842469334602356,0.7545000364507292,0.842469334602356
synthetic_m4,la_souris_truck,whitevan,10,5,2|3|6|7|9,2026-07-12 21.06.04.jpg|2026-07-12 21.01.06.jpg|2026-07-12 21.01.33.jpg|2026-07-12 21.01.49.jpg|2026-07-12 21.01.51.jpg,1.0,0.6356431436660991,0.6356431436660991,0.842469334602356,0.7545000364507292,0.842469334602356
synthetic_m4,la_souris_truck,whitevan,10,5,2|3|6|7|10,2026-07-12 21.06.04.jpg|2026-07-12 21.01.06.jpg|2026-07-12 21.01.33.jpg|2026-07-12 21.01.49.jpg|2026-07-12 21.05.27.jpg,1.0,0.8456525181770173,0.86665692865797,0.9713618159294128,0.8705844766688557,0.9954886078075802
synthetic_m4,la_souris_truck,whitevan,10,5,2|3|6|8|9,2026-07-12 21.06.04.jpg|2026-07-12 21.01.06.jpg|2026-07-12 21.01.33.jpg|2026-07-12 21.01.50.jpg|2026-07-12 21.01.51.jpg,1.0,0.6356431436660991,0.6356431436660991,0.842469334602356,0.7545000364507292,0.842469334602356
synthetic_m4,la_souris_truck,whitevan,10,5,2|3|6|8|10,2026-07-12 21.06.04.jpg|2026-07-12 21.01.06.jpg|2026-07-12 21.01.33.jpg|2026-07-12 21.01.50.jpg|2026-07-12 21.05.27.jpg,1.0,0.8456525181770173,0.86665692865797,0.9713618159294128,0.8705844766688557,0.9954886078075802
synthetic_m4,la_souris_truck,whitevan,10,5,2|3|6|9|10,2026-07-12 21.06.04.jpg|2026-07-12 21.01.06.jpg|2026-07-12 21.01.33.jpg|2026-07-12 21.01.51.jpg|2026-07-12 21.05.27.jpg,1.0,0.8456525181770173,0.86665692865797,0.9713618159294128,0.8705844766688557,0.9954886078075802
synthetic_m4,la_souris_truck,whitevan,10,5,2|3|7|8|9,2026-07-12 21.06.04.jpg|2026-07-12 21.01.06.jpg|2026-07-12 21.01.49.jpg|2026-07-12 21.01.50.jpg|2026-07-12 21.01.51.jpg,1.0,0.6356431436660991,0.6356431436660991,0.842469334602356,0.7545000364507292,0.842469334602356
synthetic_m4,la_souris_truck,whitevan,10,5,2|3|7|8|10,2026-07-12 21.06.04.jpg|2026-07-12 21.01.06.jpg|2026-07-12 21.01.49.jpg|2026-07-12 21.01.50.jpg|2026-07-12 21.05.27.jpg,1.0,0.8456525181770173,0.86665692865797,0.9713618159294128,0.8705844766688557,0.9954886078075802
synthetic_m4,la_souris_truck,whitevan,10,5,2|3|7|9|10,2026-07-12 21.06.04.jpg|2026-07-12 21.01.06.jpg|2026-07-12 21.01.49.jpg|2026-07-12 21.01.51.jpg|2026-07-12 21.05.27.jpg,1.0,0.8456525181770173,0.86665692865797,0.9713618159294128,0.8705844766688557,0.9954886078075802
synthetic_m4,la_souris_truck,whitevan,10,5,2|3|8|9|10,2026-07-12 21.06.04.jpg|2026-07-12 21.01.06.jpg|2026-07-12 21.01.50.jpg|2026-07-12 21.01.51.jpg|2026-07-12 21.05.27.jpg,1.0,0.8456525181770173,0.86665692865797,0.9713618159294128,0.8705844766688557,0.9954886078075802
synthetic_m4,la_souris_truck,whitevan,10,5,2|4|5|6|7,2026-07-12 21.06.04.jpg|2026-07-12 21.01.23.jpg|2026-07-12 21.01.30.jpg|2026-07-12 21.01.33.jpg|2026-07-12 21.01.49.jpg,1.0,0.6356431436660991,0.7132544343835135,0.842469334602356,0.7545000364507292,0.9453338633868853
synthetic_m4,la_souris_truck,whitevan,10,5,2|4|5|6|8,2026-07-12 21.06.04.jpg|2026-07-12 21.01.23.jpg|2026-07-12 21.01.30.jpg|2026-07-12 21.01.33.jpg|2026-07-12 21.01.50.jpg,1.0,0.6356431436660991,0.7132544343835135,0.842469334602356,0.7545000364507292,0.9453338633868853
synthetic_m4,la_souris_truck,whitevan,10,5,2|4|5|6|9,2026-07-12 21.06.04.jpg|2026-07-12 21.01.23.jpg|2026-07-12 21.01.30.jpg|2026-07-12 21.01.33.jpg|2026-07-12 21.01.51.jpg,1.0,0.6356431436660991,0.7132544343835135,0.842469334602356,0.7545000364507292,0.9453338633868853
synthetic_m4,la_souris_truck,whitevan,10,5,2|4|5|6|10,2026-07-12 21.06.04.jpg|2026-07-12 21.01.23.jpg|2026-07-12 21.01.30.jpg|2026-07-12 21.01.33.jpg|2026-07-12 21.05.27.jpg,1.0,0.8456525181770173,0.8692215428199084,0.9713618159294128,0.8705844766688557,0.9984344611172458
synthetic_m4,la_souris_truck,whitevan,10,5,2|4|5|7|8,2026-07-12 21.06.04.jpg|2026-07-12 21.01.23.jpg|2026-07-12 21.01.30.jpg|2026-07-12 21.01.49.jpg|2026-07-12 21.01.50.jpg,1.0,0.6356431436660991,0.7132544343835135,0.842469334602356,0.7545000364507292,0.9453338633868853
synthetic_m4,la_souris_truck,whitevan,10,5,2|4|5|7|9,2026-07-12 21.06.04.jpg|2026-07-12 21.01.23.jpg|2026-07-12 21.01.30.jpg|2026-07-12 21.01.49.jpg|2026-07-12 21.01.51.jpg,1.0,0.6356431436660991,0.7132544343835135,0.842469334602356,0.7545000364507292,0.9453338633868853
synthetic_m4,la_souris_truck,whitevan,10,5,2|4|5|7|10,2026-07-12 21.06.04.jpg|2026-07-12 21.01.23.jpg|2026-07-12 21.01.30.jpg|2026-07-12 21.01.49.jpg|2026-07-12 21.05.27.jpg,1.0,0.8456525181770173,0.8692215428199084,0.9713618159294128,0.8705844766688557,0.9984344611172458
synthetic_m4,la_souris_truck,whitevan,10,5,2|4|5|8|9,2026-07-12 21.06.04.jpg|2026-07-12 21.01.23.jpg|2026-07-12 21.01.30.jpg|2026-07-12 21.01.50.jpg|2026-07-12 21.01.51.jpg,1.0,0.6356431436660991,0.7132544343835135,0.842469334602356,0.7545000364507292,0.9453338633868853
synthetic_m4,la_souris_truck,whitevan,10,5,2|4|5|8|10,2026-07-12 21.06.04.jpg|2026-07-12 21.01.23.jpg|2026-07-12 21.01.30.jpg|2026-07-12 21.01.50.jpg|2026-07-12 21.05.27.jpg,1.0,0.8456525181770173,0.8692215428199084,0.9713618159294128,0.8705844766688557,0.9984344611172458
synthetic_m4,la_souris_truck,whitevan,10,5,2|4|5|9|10,2026-07-12 21.06.04.jpg|2026-07-12 21.01.23.jpg|2026-07-12 21.01.30.jpg|2026-07-12 21.01.51.jpg|2026-07-12 21.05.27.jpg,1.0,0.8456525181770173,0.8692215428199084,0.9713618159294128,0.8705844766688557,0.9984344611172458
synthetic_m4,la_souris_truck,whitevan,10,5,2|4|6|7|8,2026-07-12 21.06.04.jpg|2026-07-12 21.01.23.jpg|2026-07-12 21.01.33.jpg|2026-07-12 21.01.49.jpg|2026-07-12 21.01.50.jpg,1.0,0.6356431436660991,0.7132544343835135,0.842469334602356,0.7545000364507292,0.9453338633868853
synthetic_m4,la_souris_truck,whitevan,10,5,2|4|6|7|9,2026-07-12 21.06.04.jpg|2026-07-12 21.01.23.jpg|2026-07-12 21.01.33.jpg|2026-07-12 21.01.49.jpg|2026-07-12 21.01.51.jpg,1.0,0.6356431436660991,0.7132544343835135,0.842469334602356,0.7545000364507292,0.9453338633868853
synthetic_m4,la_souris_truck,whitevan,10,5,2|4|6|7|10,2026-07-12 21.06.04.jpg|2026-07-12 21.01.23.jpg|2026-07-12 21.01.33.jpg|2026-07-12 21.01.49.jpg|2026-07-12 21.05.27.jpg,1.0,0.8456525181770173,0.8692215428199084,0.9713618159294128,0.8705844766688557,0.9984344611172458
synthetic_m4,la_souris_truck,whitevan,10,5,2|4|6|8|9,2026-07-12 21.06.04.jpg|2026-07-12 21.01.23.jpg|2026-07-12 21.01.33.jpg|2026-07-12 21.01.50.jpg|2026-07-12 21.01.51.jpg,1.0,0.6356431436660991,0.7132544343835135,0.842469334602356,0.7545000364507292,0.9453338633868853
synthetic_m4,la_souris_truck,whitevan,10,5,2|4|6|8|10,2026-07-12 21.06.04.jpg|2026-07-12 21.01.23.jpg|2026-07-12 21.01.33.jpg|2026-07-12 21.01.50.jpg|2026-07-12 21.05.27.jpg,1.0,0.8456525181770173,0.8692215428199084,0.9713618159294128,0.8705844766688557,0.9984344611172458
synthetic_m4,la_souris_truck,whitevan,10,5,2|4|6|9|10,2026-07-12 21.06.04.jpg|2026-07-12 21.01.23.jpg|2026-07-12 21.01.33.jpg|2026-07-12 21.01.51.jpg|2026-07-12 21.05.27.jpg,1.0,0.8456525181770173,0.8692215428199084,0.9713618159294128,0.8705844766688557,0.9984344611172458
synthetic_m4,la_souris_truck,whitevan,10,5,2|4|7|8|9,2026-07-12 21.06.04.jpg|2026-07-12 21.01.23.jpg|2026-07-12 21.01.49.jpg|2026-07-12 21.01.50.jpg|2026-07-12 21.01.51.jpg,1.0,0.6356431436660991,0.7132544343835135,0.842469334602356,0.7545000364507292,0.9453338633868853
synthetic_m4,la_souris_truck,whitevan,10,5,2|4|7|8|10,2026-07-12 21.06.04.jpg|2026-07-12 21.01.23.jpg|2026-07-12 21.01.49.jpg|2026-07-12 21.01.50.jpg|2026-07-12 21.05.27.jpg,1.0,0.8456525181770173,0.8692215428199084,0.9713618159294128,0.8705844766688557,0.9984344611172458
synthetic_m4,la_souris_truck,whitevan,10,5,2|4|7|9|10,2026-07-12 21.06.04.jpg|2026-07-12 21.01.23.jpg|2026-07-12 21.01.49.jpg|2026-07-12 21.01.51.jpg|2026-07-12 21.05.27.jpg,1.0,0.8456525181770173,0.8692215428199084,0.9713618159294128,0.8705844766688557,0.9984344611172458
synthetic_m4,la_souris_truck,whitevan,10,5,2|4|8|9|10,2026-07-12 21.06.04.jpg|2026-07-12 21.01.23.jpg|2026-07-12 21.01.50.jpg|2026-07-12 21.01.51.jpg|2026-07-12 21.05.27.jpg,1.0,0.8456525181770173,0.8692215428199084,0.9713618159294128,0.8705844766688557,0.9984344611172458
synthetic_m4,la_souris_truck,whitevan,10,5,2|5|6|7|8,2026-07-12 21.06.04.jpg|2026-07-12 21.01.30.jpg|2026-07-12 21.01.33.jpg|2026-07-12 21.01.49.jpg|2026-07-12 21.01.50.jpg,1.0,0.6356431436660991,0.6356431436660991,0.842469334602356,0.7545000364507292,0.842469334602356
synthetic_m4,la_souris_truck,whitevan,10,5,2|5|6|7|9,2026-07-12 21.06.04.jpg|2026-07-12 21.01.30.jpg|2026-07-12 21.01.33.jpg|2026-07-12 21.01.49.jpg|2026-07-12 21.01.51.jpg,1.0,0.6356431436660991,0.6356431436660991,0.842469334602356,0.7545000364507292,0.842469334602356
synthetic_m4,la_souris_truck,whitevan,10,5,2|5|6|7|10,2026-07-12 21.06.04.jpg|2026-07-12 21.01.30.jpg|2026-07-12 21.01.33.jpg|2026-07-12 21.01.49.jpg|2026-07-12 21.05.27.jpg,1.0,0.8456525181770173,0.86665692865797,0.9713618159294128,0.8705844766688557,0.9954886078075802
synthetic_m4,la_souris_truck,whitevan,10,5,2|5|6|8|9,2026-07-12 21.06.04.jpg|2026-07-12 21.01.30.jpg|2026-07-12 21.01.33.jpg|2026-07-12 21.01.50.jpg|2026-07-12 21.01.51.jpg,1.0,0.6356431436660991,0.6356431436660991,0.842469334602356,0.7545000364507292,0.842469334602356
synthetic_m4,la_souris_truck,whitevan,10,5,2|5|6|8|10,2026-07-12 21.06.04.jpg|2026-07-12 21.01.30.jpg|2026-07-12 21.01.33.jpg|2026-07-12 21.01.50.jpg|2026-07-12 21.05.27.jpg,1.0,0.8456525181770173,0.86665692865797,0.9713618159294128,0.8705844766688557,0.9954886078075802
synthetic_m4,la_souris_truck,whitevan,10,5,2|5|6|9|10,2026-07-12 21.06.04.jpg|2026-07-12 21.01.30.jpg|2026-07-12 21.01.33.jpg|2026-07-12 21.01.51.jpg|2026-07-12 21.05.27.jpg,1.0,0.8456525181770173,0.86665692865797,0.9713618159294128,0.8705844766688557,0.9954886078075802
synthetic_m4,la_souris_truck,whitevan,10,5,2|5|7|8|9,2026-07-12 21.06.04.jpg|2026-07-12 21.01.30.jpg|2026-07-12 21.01.49.jpg|2026-07-12 21.01.50.jpg|2026-07-12 21.01.51.jpg,1.0,0.6356431436660991,0.6356431436660991,0.842469334602356,0.7545000364507292,0.842469334602356
synthetic_m4,la_souris_truck,whitevan,10,5,2|5|7|8|10,2026-07-12 21.06.04.jpg|2026-07-12 21.01.30.jpg|2026-07-12 21.01.49.jpg|2026-07-12 21.01.50.jpg|2026-07-12 21.05.27.jpg,1.0,0.8456525181770173,0.86665692865797,0.9713618159294128,0.8705844766688557,0.9954886078075802
synthetic_m4,la_souris_truck,whitevan,10,5,2|5|7|9|10,2026-07-12 21.06.04.jpg|2026-07-12 21.01.30.jpg|2026-07-12 21.01.49.jpg|2026-07-12 21.01.51.jpg|2026-07-12 21.05.27.jpg,1.0,0.8456525181770173,0.86665692865797,0.9713618159294128,0.8705844766688557,0.9954886078075802
synthetic_m4,la_souris_truck,whitevan,10,5,2|5|8|9|10,2026-07-12 21.06.04.jpg|2026-07-12 21.01.30.jpg|2026-07-12 21.01.50.jpg|2026-07-12 21.01.51.jpg|2026-07-12 21.05.27.jpg,1.0,0.8456525181770173,0.86665692865797,0.9713618159294128,0.8705844766688557,0.9954886078075802
synthetic_m4,la_souris_truck,whitevan,10,5,2|6|7|8|9,2026-07-12 21.06.04.jpg|2026-07-12 21.01.33.jpg|2026-07-12 21.01.49.jpg|2026-07-12 21.01.50.jpg|2026-07-12 21.01.51.jpg,1.0,0.6356431436660991,0.6356431436660991,0.842469334602356,0.7545000364507292,0.842469334602356
synthetic_m4,la_souris_truck,whitevan,10,5,2|6|7|8|10,2026-07-12 21.06.04.jpg|2026-07-12 21.01.33.jpg|2026-07-12 21.01.49.jpg|2026-07-12 21.01.50.jpg|2026-07-12 21.05.27.jpg,1.0,0.8456525181770173,0.86665692865797,0.9713618159294128,0.8705844766688557,0.9954886078075802
synthetic_m4,la_souris_truck,whitevan,10,5,2|6|7|9|10,2026-07-12 21.06.04.jpg|2026-07-12 21.01.33.jpg|2026-07-12 21.01.49.jpg|2026-07-12 21.01.51.jpg|2026-07-12 21.05.27.jpg,1.0,0.8456525181770173,0.86665692865797,0.9713618159294128,0.8705844766688557,0.9954886078075802
synthetic_m4,la_souris_truck,whitevan,10,5,2|6|8|9|10,2026-07-12 21.06.04.jpg|2026-07-12 21.01.33.jpg|2026-07-12 21.01.50.jpg|2026-07-12 21.01.51.jpg|2026-07-12 21.05.27.jpg,1.0,0.8456525181770173,0.86665692865797,0.9713618159294128,0.8705844766688557,0.9954886078075802
synthetic_m4,la_souris_truck,whitevan,10,5,2|7|8|9|10,2026-07-12 21.06.04.jpg|2026-07-12 21.01.49.jpg|2026-07-12 21.01.50.jpg|2026-07-12 21.01.51.jpg|2026-07-12 21.05.27.jpg,1.0,0.8456525181770173,0.86665692865797,0.9713618159294128,0.8705844766688557,0.9954886078075802
synthetic_m4,la_souris_truck,whitevan,10,5,3|4|5|6|7,2026-07-12 21.01.06.jpg|2026-07-12 21.01.23.jpg|2026-07-12 21.01.30.jpg|2026-07-12 21.01.33.jpg|2026-07-12 21.01.49.jpg,1.0,0.43788815834608197,0.43788815834608197,0.6529809832572937,0.6705986385112553,0.6529809832572937
synthetic_m4,la_souris_truck,whitevan,10,5,3|4|5|6|8,2026-07-12 21.01.06.jpg|2026-07-12 21.01.23.jpg|2026-07-12 21.01.30.jpg|2026-07-12 21.01.33.jpg|2026-07-12 21.01.50.jpg,1.0,0.43788815834608197,0.43788815834608197,0.6529809832572937,0.6705986385112553,0.6529809832572937
synthetic_m4,la_souris_truck,whitevan,10,5,3|4|5|6|9,2026-07-12 21.01.06.jpg|2026-07-12 21.01.23.jpg|2026-07-12 21.01.30.jpg|2026-07-12 21.01.33.jpg|2026-07-12 21.01.51.jpg,1.0,0.43788815834608197,0.43788815834608197,0.6529809832572937,0.6705986385112553,0.6529809832572937
synthetic_m4,la_souris_truck,whitevan,10,5,3|4|5|6|10,2026-07-12 21.01.06.jpg|2026-07-12 21.01.23.jpg|2026-07-12 21.01.30.jpg|2026-07-12 21.01.33.jpg|2026-07-12 21.05.27.jpg,1.0,0.8456525181770173,0.861932612947548,0.9713618159294128,0.8705844766688557,0.9900620055225282
synthetic_m4,la_souris_truck,whitevan,10,5,3|4|5|7|8,2026-07-12 21.01.06.jpg|2026-07-12 21.01.23.jpg|2026-07-12 21.01.30.jpg|2026-07-12 21.01.49.jpg|2026-07-12 21.01.50.jpg,1.0,0.43788815834608197,0.43788815834608197,0.6529809832572937,0.6705986385112553,0.6529809832572937
synthetic_m4,la_souris_truck,whitevan,10,5,3|4|5|7|9,2026-07-12 21.01.06.jpg|2026-07-12 21.01.23.jpg|2026-07-12 21.01.30.jpg|2026-07-12 21.01.49.jpg|2026-07-12 21.01.51.jpg,1.0,0.43788815834608197,0.43788815834608197,0.6529809832572937,0.6705986385112553,0.6529809832572937
synthetic_m4,la_souris_truck,whitevan,10,5,3|4|5|7|10,2026-07-12 21.01.06.jpg|2026-07-12 21.01.23.jpg|2026-07-12 21.01.30.jpg|2026-07-12 21.01.49.jpg|2026-07-12 21.05.27.jpg,1.0,0.8456525181770173,0.861932612947548,0.9713618159294128,0.8705844766688557,0.9900620055225282
synthetic_m4,la_souris_truck,whitevan,10,5,3|4|5|8|9,2026-07-12 21.01.06.jpg|2026-07-12 21.01.23.jpg|2026-07-12 21.01.30.jpg|2026-07-12 21.01.50.jpg|2026-07-12 21.01.51.jpg,1.0,0.43788815834608197,0.43788815834608197,0.6529809832572937,0.6705986385112553,0.6529809832572937
synthetic_m4,la_souris_truck,whitevan,10,5,3|4|5|8|10,2026-07-12 21.01.06.jpg|2026-07-12 21.01.23.jpg|2026-07-12 21.01.30.jpg|2026-07-12 21.01.50.jpg|2026-07-12 21.05.27.jpg,1.0,0.8456525181770173,0.861932612947548,0.9713618159294128,0.8705844766688557,0.9900620055225282
synthetic_m4,la_souris_truck,whitevan,10,5,3|4|5|9|10,2026-07-12 21.01.06.jpg|2026-07-12 21.01.23.jpg|2026-07-12 21.01.30.jpg|2026-07-12 21.01.51.jpg|2026-07-12 21.05.27.jpg,1.0,0.8456525181770173,0.861932612947548,0.9713618159294128,0.8705844766688557,0.9900620055225282
synthetic_m4,la_souris_truck,whitevan,10,5,3|4|6|7|8,2026-07-12 21.01.06.jpg|2026-07-12 21.01.23.jpg|2026-07-12 21.01.33.jpg|2026-07-12 21.01.49.jpg|2026-07-12 21.01.50.jpg,1.0,0.43788815834608197,0.43788815834608197,0.6529809832572937,0.6705986385112553,0.6529809832572937
synthetic_m4,la_souris_truck,whitevan,10,5,3|4|6|7|9,2026-07-12 21.01.06.jpg|2026-07-12 21.01.23.jpg|2026-07-12 21.01.33.jpg|2026-07-12 21.01.49.jpg|2026-07-12 21.01.51.jpg,1.0,0.43788815834608197,0.43788815834608197,0.6529809832572937,0.6705986385112553,0.6529809832572937
synthetic_m4,la_souris_truck,whitevan,10,5,3|4|6|7|10,2026-07-12 21.01.06.jpg|2026-07-12 21.01.23.jpg|2026-07-12 21.01.33.jpg|2026-07-12 21.01.49.jpg|2026-07-12 21.05.27.jpg,1.0,0.8456525181770173,0.861932612947548,0.9713618159294128,0.8705844766688557,0.9900620055225282
synthetic_m4,la_souris_truck,whitevan,10,5,3|4|6|8|9,2026-07-12 21.01.06.jpg|2026-07-12 21.01.23.jpg|2026-07-12 21.01.33.jpg|2026-07-12 21.01.50.jpg|2026-07-12 21.01.51.jpg,1.0,0.43788815834608197,0.43788815834608197,0.6529809832572937,0.6705986385112553,0.6529809832572937
synthetic_m4,la_souris_truck,whitevan,10,5,3|4|6|8|10,2026-07-12 21.01.06.jpg|2026-07-12 21.01.23.jpg|2026-07-12 21.01.33.jpg|2026-07-12 21.01.50.jpg|2026-07-12 21.05.27.jpg,1.0,0.8456525181770173,0.861932612947548,0.9713618159294128,0.8705844766688557,0.9900620055225282
synthetic_m4,la_souris_truck,whitevan,10,5,3|4|6|9|10,2026-07-12 21.01.06.jpg|2026-07-12 21.01.23.jpg|2026-07-12 21.01.33.jpg|2026-07-12 21.01.51.jpg|2026-07-12 21.05.27.jpg,1.0,0.8456525181770173,0.861932612947548,0.9713618159294128,0.8705844766688557,0.9900620055225282
synthetic_m4,la_souris_truck,whitevan,10,5,3|4|7|8|9,2026-07-12 21.01.06.jpg|2026-07-12 21.01.23.jpg|2026-07-12 21.01.49.jpg|2026-07-12 21.01.50.jpg|2026-07-12 21.01.51.jpg,1.0,0.43788815834608197,0.43788815834608197,0.6529809832572937,0.6705986385112553,0.6529809832572937
synthetic_m4,la_souris_truck,whitevan,10,5,3|4|7|8|10,2026-07-12 21.01.06.jpg|2026-07-12 21.01.23.jpg|2026-07-12 21.01.49.jpg|2026-07-12 21.01.50.jpg|2026-07-12 21.05.27.jpg,1.0,0.8456525181770173,0.861932612947548,0.9713618159294128,0.8705844766688557,0.9900620055225282
synthetic_m4,la_souris_truck,whitevan,10,5,3|4|7|9|10,2026-07-12 21.01.06.jpg|2026-07-12 21.01.23.jpg|2026-07-12 21.01.49.jpg|2026-07-12 21.01.51.jpg|2026-07-12 21.05.27.jpg,1.0,0.8456525181770173,0.861932612947548,0.9713618159294128,0.8705844766688557,0.9900620055225282
synthetic_m4,la_souris_truck,whitevan,10,5,3|4|8|9|10,2026-07-12 21.01.06.jpg|2026-07-12 21.01.23.jpg|2026-07-12 21.01.50.jpg|2026-07-12 21.01.51.jpg|2026-07-12 21.05.27.jpg,1.0,0.8456525181770173,0.861932612947548,0.9713618159294128,0.8705844766688557,0.9900620055225282
synthetic_m4,la_souris_truck,whitevan,10,5,3|5|6|7|8,2026-07-12 21.01.06.jpg|2026-07-12 21.01.30.jpg|2026-07-12 21.01.33.jpg|2026-07-12 21.01.49.jpg|2026-07-12 21.01.50.jpg,0.0,0.0,0.0,0.0,0.0,0.0
synthetic_m4,la_souris_truck,whitevan,10,5,3|5|6|7|9,2026-07-12 21.01.06.jpg|2026-07-12 21.01.30.jpg|2026-07-12 21.01.33.jpg|2026-07-12 21.01.49.jpg|2026-07-12 21.01.51.jpg,0.0,0.0,0.0,0.0,0.0,0.0
synthetic_m4,la_souris_truck,whitevan,10,5,3|5|6|7|10,2026-07-12 21.01.06.jpg|2026-07-12 21.01.30.jpg|2026-07-12 21.01.33.jpg|2026-07-12 21.01.49.jpg|2026-07-12 21.05.27.jpg,1.0,0.8456525181770173,0.8456525181770173,0.9713618159294128,0.8705844766688557,0.9713618159294128
synthetic_m4,la_souris_truck,whitevan,10,5,3|5|6|8|9,2026-07-12 21.01.06.jpg|2026-07-12 21.01.30.jpg|2026-07-12 21.01.33.jpg|2026-07-12 21.01.50.jpg|2026-07-12 21.01.51.jpg,0.0,0.0,0.0,0.0,0.0,0.0
synthetic_m4,la_souris_truck,whitevan,10,5,3|5|6|8|10,2026-07-12 21.01.06.jpg|2026-07-12 21.01.30.jpg|2026-07-12 21.01.33.jpg|2026-07-12 21.01.50.jpg|2026-07-12 21.05.27.jpg,1.0,0.8456525181770173,0.8456525181770173,0.9713618159294128,0.8705844766688557,0.9713618159294128
synthetic_m4,la_souris_truck,whitevan,10,5,3|5|6|9|10,2026-07-12 21.01.06.jpg|2026-07-12 21.01.30.jpg|2026-07-12 21.01.33.jpg|2026-07-12 21.01.51.jpg|2026-07-12 21.05.27.jpg,1.0,0.8456525181770173,0.8456525181770173,0.9713618159294128,0.8705844766688557,0.9713618159294128
synthetic_m4,la_souris_truck,whitevan,10,5,3|5|7|8|9,2026-07-12 21.01.06.jpg|2026-07-12 21.01.30.jpg|2026-07-12 21.01.49.jpg|2026-07-12 21.01.50.jpg|2026-07-12 21.01.51.jpg,0.0,0.0,0.0,0.0,0.0,0.0
synthetic_m4,la_souris_truck,whitevan,10,5,3|5|7|8|10,2026-07-12 21.01.06.jpg|2026-07-12 21.01.30.jpg|2026-07-12 21.01.49.jpg|2026-07-12 21.01.50.jpg|2026-07-12 21.05.27.jpg,1.0,0.8456525181770173,0.8456525181770173,0.9713618159294128,0.8705844766688557,0.9713618159294128
synthetic_m4,la_souris_truck,whitevan,10,5,3|5|7|9|10,2026-07-12 21.01.06.jpg|2026-07-12 21.01.30.jpg|2026-07-12 21.01.49.jpg|2026-07-12 21.01.51.jpg|2026-07-12 21.05.27.jpg,1.0,0.8456525181770173,0.8456525181770173,0.9713618159294128,0.8705844766688557,0.9713618159294128
synthetic_m4,la_souris_truck,whitevan,10,5,3|5|8|9|10,2026-07-12 21.01.06.jpg|2026-07-12 21.01.30.jpg|2026-07-12 21.01.50.jpg|2026-07-12 21.01.51.jpg|2026-07-12 21.05.27.jpg,1.0,0.8456525181770173,0.8456525181770173,0.9713618159294128,0.8705844766688557,0.9713618159294128
synthetic_m4,la_souris_truck,whitevan,10,5,3|6|7|8|9,2026-07-12 21.01.06.jpg|2026-07-12 21.01.33.jpg|2026-07-12 21.01.49.jpg|2026-07-12 21.01.50.jpg|2026-07-12 21.01.51.jpg,0.0,0.0,0.0,0.0,0.0,0.0
synthetic_m4,la_souris_truck,whitevan,10,5,3|6|7|8|10,2026-07-12 21.01.06.jpg|2026-07-12 21.01.33.jpg|2026-07-12 21.01.49.jpg|2026-07-12 21.01.50.jpg|2026-07-12 21.05.27.jpg,1.0,0.8456525181770173,0.8456525181770173,0.9713618159294128,0.8705844766688557,0.9713618159294128
synthetic_m4,la_souris_truck,whitevan,10,5,3|6|7|9|10,2026-07-12 21.01.06.jpg|2026-07-12 21.01.33.jpg|2026-07-12 21.01.49.jpg|2026-07-12 21.01.51.jpg|2026-07-12 21.05.27.jpg,1.0,0.8456525181770173,0.8456525181770173,0.9713618159294128,0.8705844766688557,0.9713618159294128
synthetic_m4,la_souris_truck,whitevan,10,5,3|6|8|9|10,2026-07-12 21.01.06.jpg|2026-07-12 21.01.33.jpg|2026-07-12 21.01.50.jpg|2026-07-12 21.01.51.jpg|2026-07-12 21.05.27.jpg,1.0,0.8456525181770173,0.8456525181770173,0.9713618159294128,0.8705844766688557,0.9713618159294128
synthetic_m4,la_souris_truck,whitevan,10,5,3|7|8|9|10,2026-07-12 21.01.06.jpg|2026-07-12 21.01.49.jpg|2026-07-12 21.01.50.jpg|2026-07-12 21.01.51.jpg|2026-07-12 21.05.27.jpg,1.0,0.8456525181770173,0.8456525181770173,0.9713618159294128,0.8705844766688557,0.9713618159294128
synthetic_m4,la_souris_truck,whitevan,10,5,4|5|6|7|8,2026-07-12 21.01.23.jpg|2026-07-12 21.01.30.jpg|2026-07-12 21.01.33.jpg|2026-07-12 21.01.49.jpg|2026-07-12 21.01.50.jpg,1.0,0.43788815834608197,0.43788815834608197,0.6529809832572937,0.6705986385112553,0.6529809832572937
synthetic_m4,la_souris_truck,whitevan,10,5,4|5|6|7|9,2026-07-12 21.01.23.jpg|2026-07-12 21.01.30.jpg|2026-07-12 21.01.33.jpg|2026-07-12 21.01.49.jpg|2026-07-12 21.01.51.jpg,1.0,0.43788815834608197,0.43788815834608197,0.6529809832572937,0.6705986385112553,0.6529809832572937
synthetic_m4,la_souris_truck,whitevan,10,5,4|5|6|7|10,2026-07-12 21.01.23.jpg|2026-07-12 21.01.30.jpg|2026-07-12 21.01.33.jpg|2026-07-12 21.01.49.jpg|2026-07-12 21.05.27.jpg,1.0,0.8456525181770173,0.861932612947548,0.9713618159294128,0.8705844766688557,0.9900620055225282
synthetic_m4,la_souris_truck,whitevan,10,5,4|5|6|8|9,2026-07-12 21.01.23.jpg|2026-07-12 21.01.30.jpg|2026-07-12 21.01.33.jpg|2026-07-12 21.01.50.jpg|2026-07-12 21.01.51.jpg,1.0,0.43788815834608197,0.43788815834608197,0.6529809832572937,0.6705986385112553,0.6529809832572937
synthetic_m4,la_souris_truck,whitevan,10,5,4|5|6|8|10,2026-07-12 21.01.23.jpg|2026-07-12 21.01.30.jpg|2026-07-12 21.01.33.jpg|2026-07-12 21.01.50.jpg|2026-07-12 21.05.27.jpg,1.0,0.8456525181770173,0.861932612947548,0.9713618159294128,0.8705844766688557,0.9900620055225282
synthetic_m4,la_souris_truck,whitevan,10,5,4|5|6|9|10,2026-07-12 21.01.23.jpg|2026-07-12 21.01.30.jpg|2026-07-12 21.01.33.jpg|2026-07-12 21.01.51.jpg|2026-07-12 21.05.27.jpg,1.0,0.8456525181770173,0.861932612947548,0.9713618159294128,0.8705844766688557,0.9900620055225282
synthetic_m4,la_souris_truck,whitevan,10,5,4|5|7|8|9,2026-07-12 21.01.23.jpg|2026-07-12 21.01.30.jpg|2026-07-12 21.01.49.jpg|2026-07-12 21.01.50.jpg|2026-07-12 21.01.51.jpg,1.0,0.43788815834608197,0.43788815834608197,0.6529809832572937,0.6705986385112553,0.6529809832572937
synthetic_m4,la_souris_truck,whitevan,10,5,4|5|7|8|10,2026-07-12 21.01.23.jpg|2026-07-12 21.01.30.jpg|2026-07-12 21.01.49.jpg|2026-07-12 21.01.50.jpg|2026-07-12 21.05.27.jpg,1.0,0.8456525181770173,0.861932612947548,0.9713618159294128,0.8705844766688557,0.9900620055225282
synthetic_m4,la_souris_truck,whitevan,10,5,4|5|7|9|10,2026-07-12 21.01.23.jpg|2026-07-12 21.01.30.jpg|2026-07-12 21.01.49.jpg|2026-07-12 21.01.51.jpg|2026-07-12 21.05.27.jpg,1.0,0.8456525181770173,0.861932612947548,0.9713618159294128,0.8705844766688557,0.9900620055225282
synthetic_m4,la_souris_truck,whitevan,10,5,4|5|8|9|10,2026-07-12 21.01.23.jpg|2026-07-12 21.01.30.jpg|2026-07-12 21.01.50.jpg|2026-07-12 21.01.51.jpg|2026-07-12 21.05.27.jpg,1.0,0.8456525181770173,0.861932612947548,0.9713618159294128,0.8705844766688557,0.9900620055225282
synthetic_m4,la_souris_truck,whitevan,10,5,4|6|7|8|9,2026-07-12 21.01.23.jpg|2026-07-12 21.01.33.jpg|2026-07-12 21.01.49.jpg|2026-07-12 21.01.50.jpg|2026-07-12 21.01.51.jpg,1.0,0.43788815834608197,0.43788815834608197,0.6529809832572937,0.6705986385112553,0.6529809832572937
synthetic_m4,la_souris_truck,whitevan,10,5,4|6|7|8|10,2026-07-12 21.01.23.jpg|2026-07-12 21.01.33.jpg|2026-07-12 21.01.49.jpg|2026-07-12 21.01.50.jpg|2026-07-12 21.05.27.jpg,1.0,0.8456525181770173,0.861932612947548,0.9713618159294128,0.8705844766688557,0.9900620055225282
synthetic_m4,la_souris_truck,whitevan,10,5,4|6|7|9|10,2026-07-12 21.01.23.jpg|2026-07-12 21.01.33.jpg|2026-07-12 21.01.49.jpg|2026-07-12 21.01.51.jpg|2026-07-12 21.05.27.jpg,1.0,0.8456525181770173,0.861932612947548,0.9713618159294128,0.8705844766688557,0.9900620055225282
synthetic_m4,la_souris_truck,whitevan,10,5,4|6|8|9|10,2026-07-12 21.01.23.jpg|2026-07-12 21.01.33.jpg|2026-07-12 21.01.50.jpg|2026-07-12 21.01.51.jpg|2026-07-12 21.05.27.jpg,1.0,0.8456525181770173,0.861932612947548,0.9713618159294128,0.8705844766688557,0.9900620055225282
synthetic_m4,la_souris_truck,whitevan,10,5,4|7|8|9|10,2026-07-12 21.01.23.jpg|2026-07-12 21.01.49.jpg|2026-07-12 21.01.50.jpg|2026-07-12 21.01.51.jpg|2026-07-12 21.05.27.jpg,1.0,0.8456525181770173,0.861932612947548,0.9713618159294128,0.8705844766688557,0.9900620055225282
synthetic_m4,la_souris_truck,whitevan,10,5,5|6|7|8|9,2026-07-12 21.01.30.jpg|2026-07-12 21.01.33.jpg|2026-07-12 21.01.49.jpg|2026-07-12 21.01.50.jpg|2026-07-12 21.01.51.jpg,0.0,0.0,0.0,0.0,0.0,0.0
synthetic_m4,la_souris_truck,whitevan,10,5,5|6|7|8|10,2026-07-12 21.01.30.jpg|2026-07-12 21.01.33.jpg|2026-07-12 21.01.49.jpg|2026-07-12 21.01.50.jpg|2026-07-12 21.05.27.jpg,1.0,0.8456525181770173,0.8456525181770173,0.9713618159294128,0.8705844766688557,0.9713618159294128
synthetic_m4,la_souris_truck,whitevan,10,5,5|6|7|9|10,2026-07-12 21.01.30.jpg|2026-07-12 21.01.33.jpg|2026-07-12 21.01.49.jpg|2026-07-12 21.01.51.jpg|2026-07-12 21.05.27.jpg,1.0,0.8456525181770173,0.8456525181770173,0.9713618159294128,0.8705844766688557,0.9713618159294128
synthetic_m4,la_souris_truck,whitevan,10,5,5|6|8|9|10,2026-07-12 21.01.30.jpg|2026-07-12 21.01.33.jpg|2026-07-12 21.01.50.jpg|2026-07-12 21.01.51.jpg|2026-07-12 21.05.27.jpg,1.0,0.8456525181770173,0.8456525181770173,0.9713618159294128,0.8705844766688557,0.9713618159294128
synthetic_m4,la_souris_truck,whitevan,10,5,5|7|8|9|10,2026-07-12 21.01.30.jpg|2026-07-12 21.01.49.jpg|2026-07-12 21.01.50.jpg|2026-07-12 21.01.51.jpg|2026-07-12 21.05.27.jpg,1.0,0.8456525181770173,0.8456525181770173,0.9713618159294128,0.8705844766688557,0.9713618159294128
synthetic_m4,la_souris_truck,whitevan,10,5,6|7|8|9|10,2026-07-12 21.01.33.jpg|2026-07-12 21.01.49.jpg|2026-07-12 21.01.50.jpg|2026-07-12 21.01.51.jpg|2026-07-12 21.05.27.jpg,1.0,0.8456525181770173,0.8456525181770173,0.9713618159294128,0.8705844766688557,0.9713618159294128
synthetic_m4,la_souris_truck,whitevan,10,6,1|2|3|4|5|6,2026-07-12 21.05.57.jpg|2026-07-12 21.06.04.jpg|2026-07-12 21.01.06.jpg|2026-07-12 21.01.23.jpg|2026-07-12 21.01.30.jpg|2026-07-12 21.01.33.jpg,1.0,0.6356431436660991,0.7648578550433748,0.842469334602356,0.7871083728731303,0.9717313160466888
synthetic_m4,la_souris_truck,whitevan,10,6,1|2|3|4|5|7,2026-07-12 21.05.57.jpg|2026-07-12 21.06.04.jpg|2026-07-12 21.01.06.jpg|2026-07-12 21.01.23.jpg|2026-07-12 21.01.30.jpg|2026-07-12 21.01.49.jpg,1.0,0.6356431436660991,0.7648578550433748,0.842469334602356,0.7871083728731303,0.9717313160466888
synthetic_m4,la_souris_truck,whitevan,10,6,1|2|3|4|5|8,2026-07-12 21.05.57.jpg|2026-07-12 21.06.04.jpg|2026-07-12 21.01.06.jpg|2026-07-12 21.01.23.jpg|2026-07-12 21.01.30.jpg|2026-07-12 21.01.50.jpg,1.0,0.6356431436660991,0.7648578550433748,0.842469334602356,0.7871083728731303,0.9717313160466888
synthetic_m4,la_souris_truck,whitevan,10,6,1|2|3|4|5|9,2026-07-12 21.05.57.jpg|2026-07-12 21.06.04.jpg|2026-07-12 21.01.06.jpg|2026-07-12 21.01.23.jpg|2026-07-12 21.01.30.jpg|2026-07-12 21.01.51.jpg,1.0,0.6356431436660991,0.7648578550433748,0.842469334602356,0.7871083728731303,0.9717313160466888
synthetic_m4,la_souris_truck,whitevan,10,6,1|2|3|4|5|10,2026-07-12 21.05.57.jpg|2026-07-12 21.06.04.jpg|2026-07-12 21.01.06.jpg|2026-07-12 21.01.23.jpg|2026-07-12 21.01.30.jpg|2026-07-12 21.05.27.jpg,1.0,0.8456525181770173,0.8698796830139129,0.9713618159294128,0.8705844766688557,0.9991904362255118
synthetic_m4,la_souris_truck,whitevan,10,6,1|2|3|4|6|7,2026-07-12 21.05.57.jpg|2026-07-12 21.06.04.jpg|2026-07-12 21.01.06.jpg|2026-07-12 21.01.23.jpg|2026-07-12 21.01.33.jpg|2026-07-12 21.01.49.jpg,1.0,0.6356431436660991,0.7648578550433748,0.842469334602356,0.7871083728731303,0.9717313160466888
synthetic_m4,la_souris_truck,whitevan,10,6,1|2|3|4|6|8,2026-07-12 21.05.57.jpg|2026-07-12 21.06.04.jpg|2026-07-12 21.01.06.jpg|2026-07-12 21.01.23.jpg|2026-07-12 21.01.33.jpg|2026-07-12 21.01.50.jpg,1.0,0.6356431436660991,0.7648578550433748,0.842469334602356,0.7871083728731303,0.9717313160466888
synthetic_m4,la_souris_truck,whitevan,10,6,1|2|3|4|6|9,2026-07-12 21.05.57.jpg|2026-07-12 21.06.04.jpg|2026-07-12 21.01.06.jpg|2026-07-12 21.01.23.jpg|2026-07-12 21.01.33.jpg|2026-07-12 21.01.51.jpg,1.0,0.6356431436660991,0.7648578550433748,0.842469334602356,0.7871083728731303,0.9717313160466888
synthetic_m4,la_souris_truck,whitevan,10,6,1|2|3|4|6|10,2026-07-12 21.05.57.jpg|2026-07-12 21.06.04.jpg|2026-07-12 21.01.06.jpg|2026-07-12 21.01.23.jpg|2026-07-12 21.01.33.jpg|2026-07-12 21.05.27.jpg,1.0,0.8456525181770173,0.8698796830139129,0.9713618159294128,0.8705844766688557,0.9991904362255118
synthetic_m4,la_souris_truck,whitevan,10,6,1|2|3|4|7|8,2026-07-12 21.05.57.jpg|2026-07-12 21.06.04.jpg|2026-07-12 21.01.06.jpg|2026-07-12 21.01.23.jpg|2026-07-12 21.01.49.jpg|2026-07-12 21.01.50.jpg,1.0,0.6356431436660991,0.7648578550433748,0.842469334602356,0.7871083728731303,0.9717313160466888
synthetic_m4,la_souris_truck,whitevan,10,6,1|2|3|4|7|9,2026-07-12 21.05.57.jpg|2026-07-12 21.06.04.jpg|2026-07-12 21.01.06.jpg|2026-07-12 21.01.23.jpg|2026-07-12 21.01.49.jpg|2026-07-12 21.01.51.jpg,1.0,0.6356431436660991,0.7648578550433748,0.842469334602356,0.7871083728731303,0.9717313160466888
synthetic_m4,la_souris_truck,whitevan,10,6,1|2|3|4|7|10,2026-07-12 21.05.57.jpg|2026-07-12 21.06.04.jpg|2026-07-12 21.01.06.jpg|2026-07-12 21.01.23.jpg|2026-07-12 21.01.49.jpg|2026-07-12 21.05.27.jpg,1.0,0.8456525181770173,0.8698796830139129,0.9713618159294128,0.8705844766688557,0.9991904362255118
synthetic_m4,la_souris_truck,whitevan,10,6,1|2|3|4|8|9,2026-07-12 21.05.57.jpg|2026-07-12 21.06.04.jpg|2026-07-12 21.01.06.jpg|2026-07-12 21.01.23.jpg|2026-07-12 21.01.50.jpg|2026-07-12 21.01.51.jpg,1.0,0.6356431436660991,0.7648578550433748,0.842469334602356,0.7871083728731303,0.9717313160466888
synthetic_m4,la_souris_truck,whitevan,10,6,1|2|3|4|8|10,2026-07-12 21.05.57.jpg|2026-07-12 21.06.04.jpg|2026-07-12 21.01.06.jpg|2026-07-12 21.01.23.jpg|2026-07-12 21.01.50.jpg|2026-07-12 21.05.27.jpg,1.0,0.8456525181770173,0.8698796830139129,0.9713618159294128,0.8705844766688557,0.9991904362255118
synthetic_m4,la_souris_truck,whitevan,10,6,1|2|3|4|9|10,2026-07-12 21.05.57.jpg|2026-07-12 21.06.04.jpg|2026-07-12 21.01.06.jpg|2026-07-12 21.01.23.jpg|2026-07-12 21.01.51.jpg|2026-07-12 21.05.27.jpg,1.0,0.8456525181770173,0.8698796830139129,0.9713618159294128,0.8705844766688557,0.9991904362255118
synthetic_m4,la_souris_truck,whitevan,10,6,1|2|3|5|6|7,2026-07-12 21.05.57.jpg|2026-07-12 21.06.04.jpg|2026-07-12 21.01.06.jpg|2026-07-12 21.01.30.jpg|2026-07-12 21.01.33.jpg|2026-07-12 21.01.49.jpg,1.0,0.6356431436660991,0.7229893570376007,0.842469334602356,0.7871083728731303,0.918538516365313
synthetic_m4,la_souris_truck,whitevan,10,6,1|2|3|5|6|8,2026-07-12 21.05.57.jpg|2026-07-12 21.06.04.jpg|2026-07-12 21.01.06.jpg|2026-07-12 21.01.30.jpg|2026-07-12 21.01.33.jpg|2026-07-12 21.01.50.jpg,1.0,0.6356431436660991,0.7229893570376007,0.842469334602356,0.7871083728731303,0.918538516365313
synthetic_m4,la_souris_truck,whitevan,10,6,1|2|3|5|6|9,2026-07-12 21.05.57.jpg|2026-07-12 21.06.04.jpg|2026-07-12 21.01.06.jpg|2026-07-12 21.01.30.jpg|2026-07-12 21.01.33.jpg|2026-07-12 21.01.51.jpg,1.0,0.6356431436660991,0.7229893570376007,0.842469334602356,0.7871083728731303,0.918538516365313
synthetic_m4,la_souris_truck,whitevan,10,6,1|2|3|5|6|10,2026-07-12 21.05.57.jpg|2026-07-12 21.06.04.jpg|2026-07-12 21.01.06.jpg|2026-07-12 21.01.30.jpg|2026-07-12 21.01.33.jpg|2026-07-12 21.05.27.jpg,1.0,0.8456525181770173,0.8685534823401921,0.9713618159294128,0.8705844766688557,0.9976670910370067
synthetic_m4,la_souris_truck,whitevan,10,6,1|2|3|5|7|8,2026-07-12 21.05.57.jpg|2026-07-12 21.06.04.jpg|2026-07-12 21.01.06.jpg|2026-07-12 21.01.30.jpg|2026-07-12 21.01.49.jpg|2026-07-12 21.01.50.jpg,1.0,0.6356431436660991,0.7229893570376007,0.842469334602356,0.7871083728731303,0.918538516365313
synthetic_m4,la_souris_truck,whitevan,10,6,1|2|3|5|7|9,2026-07-12 21.05.57.jpg|2026-07-12 21.06.04.jpg|2026-07-12 21.01.06.jpg|2026-07-12 21.01.30.jpg|2026-07-12 21.01.49.jpg|2026-07-12 21.01.51.jpg,1.0,0.6356431436660991,0.7229893570376007,0.842469334602356,0.7871083728731303,0.918538516365313
synthetic_m4,la_souris_truck,whitevan,10,6,1|2|3|5|7|10,2026-07-12 21.05.57.jpg|2026-07-12 21.06.04.jpg|2026-07-12 21.01.06.jpg|2026-07-12 21.01.30.jpg|2026-07-12 21.01.49.jpg|2026-07-12 21.05.27.jpg,1.0,0.8456525181770173,0.8685534823401921,0.9713618159294128,0.8705844766688557,0.9976670910370067
synthetic_m4,la_souris_truck,whitevan,10,6,1|2|3|5|8|9,2026-07-12 21.05.57.jpg|2026-07-12 21.06.04.jpg|2026-07-12 21.01.06.jpg|2026-07-12 21.01.30.jpg|2026-07-12 21.01.50.jpg|2026-07-12 21.01.51.jpg,1.0,0.6356431436660991,0.7229893570376007,0.842469334602356,0.7871083728731303,0.918538516365313
synthetic_m4,la_souris_truck,whitevan,10,6,1|2|3|5|8|10,2026-07-12 21.05.57.jpg|2026-07-12 21.06.04.jpg|2026-07-12 21.01.06.jpg|2026-07-12 21.01.30.jpg|2026-07-12 21.01.50.jpg|2026-07-12 21.05.27.jpg,1.0,0.8456525181770173,0.8685534823401921,0.9713618159294128,0.8705844766688557,0.9976670910370067
synthetic_m4,la_souris_truck,whitevan,10,6,1|2|3|5|9|10,2026-07-12 21.05.57.jpg|2026-07-12 21.06.04.jpg|2026-07-12 21.01.06.jpg|2026-07-12 21.01.30.jpg|2026-07-12 21.01.51.jpg|2026-07-12 21.05.27.jpg,1.0,0.8456525181770173,0.8685534823401921,0.9713618159294128,0.8705844766688557,0.9976670910370067
synthetic_m4,la_souris_truck,whitevan,10,6,1|2|3|6|7|8,2026-07-12 21.05.57.jpg|2026-07-12 21.06.04.jpg|2026-07-12 21.01.06.jpg|2026-07-12 21.01.33.jpg|2026-07-12 21.01.49.jpg|2026-07-12 21.01.50.jpg,1.0,0.6356431436660991,0.7229893570376007,0.842469334602356,0.7871083728731303,0.918538516365313
synthetic_m4,la_souris_truck,whitevan,10,6,1|2|3|6|7|9,2026-07-12 21.05.57.jpg|2026-07-12 21.06.04.jpg|2026-07-12 21.01.06.jpg|2026-07-12 21.01.33.jpg|2026-07-12 21.01.49.jpg|2026-07-12 21.01.51.jpg,1.0,0.6356431436660991,0.7229893570376007,0.842469334602356,0.7871083728731303,0.918538516365313
synthetic_m4,la_souris_truck,whitevan,10,6,1|2|3|6|7|10,2026-07-12 21.05.57.jpg|2026-07-12 21.06.04.jpg|2026-07-12 21.01.06.jpg|2026-07-12 21.01.33.jpg|2026-07-12 21.01.49.jpg|2026-07-12 21.05.27.jpg,1.0,0.8456525181770173,0.8685534823401921,0.9713618159294128,0.8705844766688557,0.9976670910370067
synthetic_m4,la_souris_truck,whitevan,10,6,1|2|3|6|8|9,2026-07-12 21.05.57.jpg|2026-07-12 21.06.04.jpg|2026-07-12 21.01.06.jpg|2026-07-12 21.01.33.jpg|2026-07-12 21.01.50.jpg|2026-07-12 21.01.51.jpg,1.0,0.6356431436660991,0.7229893570376007,0.842469334602356,0.7871083728731303,0.918538516365313
synthetic_m4,la_souris_truck,whitevan,10,6,1|2|3|6|8|10,2026-07-12 21.05.57.jpg|2026-07-12 21.06.04.jpg|2026-07-12 21.01.06.jpg|2026-07-12 21.01.33.jpg|2026-07-12 21.01.50.jpg|2026-07-12 21.05.27.jpg,1.0,0.8456525181770173,0.8685534823401921,0.9713618159294128,0.8705844766688557,0.9976670910370067
synthetic_m4,la_souris_truck,whitevan,10,6,1|2|3|6|9|10,2026-07-12 21.05.57.jpg|2026-07-12 21.06.04.jpg|2026-07-12 21.01.06.jpg|2026-07-12 21.01.33.jpg|2026-07-12 21.01.51.jpg|2026-07-12 21.05.27.jpg,1.0,0.8456525181770173,0.8685534823401921,0.9713618159294128,0.8705844766688557,0.9976670910370067
synthetic_m4,la_souris_truck,whitevan,10,6,1|2|3|7|8|9,2026-07-12 21.05.57.jpg|2026-07-12 21.06.04.jpg|2026-07-12 21.01.06.jpg|2026-07-12 21.01.49.jpg|2026-07-12 21.01.50.jpg|2026-07-12 21.01.51.jpg,1.0,0.6356431436660991,0.7229893570376007,0.842469334602356,0.7871083728731303,0.918538516365313
synthetic_m4,la_souris_truck,whitevan,10,6,1|2|3|7|8|10,2026-07-12 21.05.57.jpg|2026-07-12 21.06.04.jpg|2026-07-12 21.01.06.jpg|2026-07-12 21.01.49.jpg|2026-07-12 21.01.50.jpg|2026-07-12 21.05.27.jpg,1.0,0.8456525181770173,0.8685534823401921,0.9713618159294128,0.8705844766688557,0.9976670910370067
synthetic_m4,la_souris_truck,whitevan,10,6,1|2|3|7|9|10,2026-07-12 21.05.57.jpg|2026-07-12 21.06.04.jpg|2026-07-12 21.01.06.jpg|2026-07-12 21.01.49.jpg|2026-07-12 21.01.51.jpg|2026-07-12 21.05.27.jpg,1.0,0.8456525181770173,0.8685534823401921,0.9713618159294128,0.8705844766688557,0.9976670910370067
synthetic_m4,la_souris_truck,whitevan,10,6,1|2|3|8|9|10,2026-07-12 21.05.57.jpg|2026-07-12 21.06.04.jpg|2026-07-12 21.01.06.jpg|2026-07-12 21.01.50.jpg|2026-07-12 21.01.51.jpg|2026-07-12 21.05.27.jpg,1.0,0.8456525181770173,0.8685534823401921,0.9713618159294128,0.8705844766688557,0.9976670910370067
synthetic_m4,la_souris_truck,whitevan,10,6,1|2|4|5|6|7,2026-07-12 21.05.57.jpg|2026-07-12 21.06.04.jpg|2026-07-12 21.01.23.jpg|2026-07-12 21.01.30.jpg|2026-07-12 21.01.33.jpg|2026-07-12 21.01.49.jpg,1.0,0.6356431436660991,0.7648578550433748,0.842469334602356,0.7871083728731303,0.9717313160466888
synthetic_m4,la_souris_truck,whitevan,10,6,1|2|4|5|6|8,2026-07-12 21.05.57.jpg|2026-07-12 21.06.04.jpg|2026-07-12 21.01.23.jpg|2026-07-12 21.01.30.jpg|2026-07-12 21.01.33.jpg|2026-07-12 21.01.50.jpg,1.0,0.6356431436660991,0.7648578550433748,0.842469334602356,0.7871083728731303,0.9717313160466888
synthetic_m4,la_souris_truck,whitevan,10,6,1|2|4|5|6|9,2026-07-12 21.05.57.jpg|2026-07-12 21.06.04.jpg|2026-07-12 21.01.23.jpg|2026-07-12 21.01.30.jpg|2026-07-12 21.01.33.jpg|2026-07-12 21.01.51.jpg,1.0,0.6356431436660991,0.7648578550433748,0.842469334602356,0.7871083728731303,0.9717313160466888
synthetic_m4,la_souris_truck,whitevan,10,6,1|2|4|5|6|10,2026-07-12 21.05.57.jpg|2026-07-12 21.06.04.jpg|2026-07-12 21.01.23.jpg|2026-07-12 21.01.30.jpg|2026-07-12 21.01.33.jpg|2026-07-12 21.05.27.jpg,1.0,0.8456525181770173,0.8698796830139129,0.9713618159294128,0.8705844766688557,0.9991904362255118
synthetic_m4,la_souris_truck,whitevan,10,6,1|2|4|5|7|8,2026-07-12 21.05.57.jpg|2026-07-12 21.06.04.jpg|2026-07-12 21.01.23.jpg|2026-07-12 21.01.30.jpg|2026-07-12 21.01.49.jpg|2026-07-12 21.01.50.jpg,1.0,0.6356431436660991,0.7648578550433748,0.842469334602356,0.7871083728731303,0.9717313160466888
synthetic_m4,la_souris_truck,whitevan,10,6,1|2|4|5|7|9,2026-07-12 21.05.57.jpg|2026-07-12 21.06.04.jpg|2026-07-12 21.01.23.jpg|2026-07-12 21.01.30.jpg|2026-07-12 21.01.49.jpg|2026-07-12 21.01.51.jpg,1.0,0.6356431436660991,0.7648578550433748,0.842469334602356,0.7871083728731303,0.9717313160466888
synthetic_m4,la_souris_truck,whitevan,10,6,1|2|4|5|7|10,2026-07-12 21.05.57.jpg|2026-07-12 21.06.04.jpg|2026-07-12 21.01.23.jpg|2026-07-12 21.01.30.jpg|2026-07-12 21.01.49.jpg|2026-07-12 21.05.27.jpg,1.0,0.8456525181770173,0.8698796830139129,0.9713618159294128,0.8705844766688557,0.9991904362255118
synthetic_m4,la_souris_truck,whitevan,10,6,1|2|4|5|8|9,2026-07-12 21.05.57.jpg|2026-07-12 21.06.04.jpg|2026-07-12 21.01.23.jpg|2026-07-12 21.01.30.jpg|2026-07-12 21.01.50.jpg|2026-07-12 21.01.51.jpg,1.0,0.6356431436660991,0.7648578550433748,0.842469334602356,0.7871083728731303,0.9717313160466888
synthetic_m4,la_souris_truck,whitevan,10,6,1|2|4|5|8|10,2026-07-12 21.05.57.jpg|2026-07-12 21.06.04.jpg|2026-07-12 21.01.23.jpg|2026-07-12 21.01.30.jpg|2026-07-12 21.01.50.jpg|2026-07-12 21.05.27.jpg,1.0,0.8456525181770173,0.8698796830139129,0.9713618159294128,0.8705844766688557,0.9991904362255118
synthetic_m4,la_souris_truck,whitevan,10,6,1|2|4|5|9|10,2026-07-12 21.05.57.jpg|2026-07-12 21.06.04.jpg|2026-07-12 21.01.23.jpg|2026-07-12 21.01.30.jpg|2026-07-12 21.01.51.jpg|2026-07-12 21.05.27.jpg,1.0,0.8456525181770173,0.8698796830139129,0.9713618159294128,0.8705844766688557,0.9991904362255118
synthetic_m4,la_souris_truck,whitevan,10,6,1|2|4|6|7|8,2026-07-12 21.05.57.jpg|2026-07-12 21.06.04.jpg|2026-07-12 21.01.23.jpg|2026-07-12 21.01.33.jpg|2026-07-12 21.01.49.jpg|2026-07-12 21.01.50.jpg,1.0,0.6356431436660991,0.7648578550433748,0.842469334602356,0.7871083728731303,0.9717313160466888
synthetic_m4,la_souris_truck,whitevan,10,6,1|2|4|6|7|9,2026-07-12 21.05.57.jpg|2026-07-12 21.06.04.jpg|2026-07-12 21.01.23.jpg|2026-07-12 21.01.33.jpg|2026-07-12 21.01.49.jpg|2026-07-12 21.01.51.jpg,1.0,0.6356431436660991,0.7648578550433748,0.842469334602356,0.7871083728731303,0.9717313160466888
synthetic_m4,la_souris_truck,whitevan,10,6,1|2|4|6|7|10,2026-07-12 21.05.57.jpg|2026-07-12 21.06.04.jpg|2026-07-12 21.01.23.jpg|2026-07-12 21.01.33.jpg|2026-07-12 21.01.49.jpg|2026-07-12 21.05.27.jpg,1.0,0.8456525181770173,0.8698796830139129,0.9713618159294128,0.8705844766688557,0.9991904362255118
synthetic_m4,la_souris_truck,whitevan,10,6,1|2|4|6|8|9,2026-07-12 21.05.57.jpg|2026-07-12 21.06.04.jpg|2026-07-12 21.01.23.jpg|2026-07-12 21.01.33.jpg|2026-07-12 21.01.50.jpg|2026-07-12 21.01.51.jpg,1.0,0.6356431436660991,0.7648578550433748,0.842469334602356,0.7871083728731303,0.9717313160466888
synthetic_m4,la_souris_truck,whitevan,10,6,1|2|4|6|8|10,2026-07-12 21.05.57.jpg|2026-07-12 21.06.04.jpg|2026-07-12 21.01.23.jpg|2026-07-12 21.01.33.jpg|2026-07-12 21.01.50.jpg|2026-07-12 21.05.27.jpg,1.0,0.8456525181770173,0.8698796830139129,0.9713618159294128,0.8705844766688557,0.9991904362255118
synthetic_m4,la_souris_truck,whitevan,10,6,1|2|4|6|9|10,2026-07-12 21.05.57.jpg|2026-07-12 21.06.04.jpg|2026-07-12 21.01.23.jpg|2026-07-12 21.01.33.jpg|2026-07-12 21.01.51.jpg|2026-07-12 21.05.27.jpg,1.0,0.8456525181770173,0.8698796830139129,0.9713618159294128,0.8705844766688557,0.9991904362255118
synthetic_m4,la_souris_truck,whitevan,10,6,1|2|4|7|8|9,2026-07-12 21.05.57.jpg|2026-07-12 21.06.04.jpg|2026-07-12 21.01.23.jpg|2026-07-12 21.01.49.jpg|2026-07-12 21.01.50.jpg|2026-07-12 21.01.51.jpg,1.0,0.6356431436660991,0.7648578550433748,0.842469334602356,0.7871083728731303,0.9717313160466888
synthetic_m4,la_souris_truck,whitevan,10,6,1|2|4|7|8|10,2026-07-12 21.05.57.jpg|2026-07-12 21.06.04.jpg|2026-07-12 21.01.23.jpg|2026-07-12 21.01.49.jpg|2026-07-12 21.01.50.jpg|2026-07-12 21.05.27.jpg,1.0,0.8456525181770173,0.8698796830139129,0.9713618159294128,0.8705844766688557,0.9991904362255118
synthetic_m4,la_souris_truck,whitevan,10,6,1|2|4|7|9|10,2026-07-12 21.05.57.jpg|2026-07-12 21.06.04.jpg|2026-07-12 21.01.23.jpg|2026-07-12 21.01.49.jpg|2026-07-12 21.01.51.jpg|2026-07-12 21.05.27.jpg,1.0,0.8456525181770173,0.8698796830139129,0.9713618159294128,0.8705844766688557,0.9991904362255118
synthetic_m4,la_souris_truck,whitevan,10,6,1|2|4|8|9|10,2026-07-12 21.05.57.jpg|2026-07-12 21.06.04.jpg|2026-07-12 21.01.23.jpg|2026-07-12 21.01.50.jpg|2026-07-12 21.01.51.jpg|2026-07-12 21.05.27.jpg,1.0,0.8456525181770173,0.8698796830139129,0.9713618159294128,0.8705844766688557,0.9991904362255118
synthetic_m4,la_souris_truck,whitevan,10,6,1|2|5|6|7|8,2026-07-12 21.05.57.jpg|2026-07-12 21.06.04.jpg|2026-07-12 21.01.30.jpg|2026-07-12 21.01.33.jpg|2026-07-12 21.01.49.jpg|2026-07-12 21.01.50.jpg,1.0,0.6356431436660991,0.7229893570376007,0.842469334602356,0.7871083728731303,0.918538516365313
synthetic_m4,la_souris_truck,whitevan,10,6,1|2|5|6|7|9,2026-07-12 21.05.57.jpg|2026-07-12 21.06.04.jpg|2026-07-12 21.01.30.jpg|2026-07-12 21.01.33.jpg|2026-07-12 21.01.49.jpg|2026-07-12 21.01.51.jpg,1.0,0.6356431436660991,0.7229893570376007,0.842469334602356,0.7871083728731303,0.918538516365313
synthetic_m4,la_souris_truck,whitevan,10,6,1|2|5|6|7|10,2026-07-12 21.05.57.jpg|2026-07-12 21.06.04.jpg|2026-07-12 21.01.30.jpg|2026-07-12 21.01.33.jpg|2026-07-12 21.01.49.jpg|2026-07-12 21.05.27.jpg,1.0,0.8456525181770173,0.8685534823401921,0.9713618159294128,0.8705844766688557,0.9976670910370067
synthetic_m4,la_souris_truck,whitevan,10,6,1|2|5|6|8|9,2026-07-12 21.05.57.jpg|2026-07-12 21.06.04.jpg|2026-07-12 21.01.30.jpg|2026-07-12 21.01.33.jpg|2026-07-12 21.01.50.jpg|2026-07-12 21.01.51.jpg,1.0,0.6356431436660991,0.7229893570376007,0.842469334602356,0.7871083728731303,0.918538516365313
synthetic_m4,la_souris_truck,whitevan,10,6,1|2|5|6|8|10,2026-07-12 21.05.57.jpg|2026-07-12 21.06.04.jpg|2026-07-12 21.01.30.jpg|2026-07-12 21.01.33.jpg|2026-07-12 21.01.50.jpg|2026-07-12 21.05.27.jpg,1.0,0.8456525181770173,0.8685534823401921,0.9713618159294128,0.8705844766688557,0.9976670910370067
synthetic_m4,la_souris_truck,whitevan,10,6,1|2|5|6|9|10,2026-07-12 21.05.57.jpg|2026-07-12 21.06.04.jpg|2026-07-12 21.01.30.jpg|2026-07-12 21.01.33.jpg|2026-07-12 21.01.51.jpg|2026-07-12 21.05.27.jpg,1.0,0.8456525181770173,0.8685534823401921,0.9713618159294128,0.8705844766688557,0.9976670910370067
synthetic_m4,la_souris_truck,whitevan,10,6,1|2|5|7|8|9,2026-07-12 21.05.57.jpg|2026-07-12 21.06.04.jpg|2026-07-12 21.01.30.jpg|2026-07-12 21.01.49.jpg|2026-07-12 21.01.50.jpg|2026-07-12 21.01.51.jpg,1.0,0.6356431436660991,0.7229893570376007,0.842469334602356,0.7871083728731303,0.918538516365313
synthetic_m4,la_souris_truck,whitevan,10,6,1|2|5|7|8|10,2026-07-12 21.05.57.jpg|2026-07-12 21.06.04.jpg|2026-07-12 21.01.30.jpg|2026-07-12 21.01.49.jpg|2026-07-12 21.01.50.jpg|2026-07-12 21.05.27.jpg,1.0,0.8456525181770173,0.8685534823401921,0.9713618159294128,0.8705844766688557,0.9976670910370067
synthetic_m4,la_souris_truck,whitevan,10,6,1|2|5|7|9|10,2026-07-12 21.05.57.jpg|2026-07-12 21.06.04.jpg|2026-07-12 21.01.30.jpg|2026-07-12 21.01.49.jpg|2026-07-12 21.01.51.jpg|2026-07-12 21.05.27.jpg,1.0,0.8456525181770173,0.8685534823401921,0.9713618159294128,0.8705844766688557,0.9976670910370067
synthetic_m4,la_souris_truck,whitevan,10,6,1|2|5|8|9|10,2026-07-12 21.05.57.jpg|2026-07-12 21.06.04.jpg|2026-07-12 21.01.30.jpg|2026-07-12 21.01.50.jpg|2026-07-12 21.01.51.jpg|2026-07-12 21.05.27.jpg,1.0,0.8456525181770173,0.8685534823401921,0.9713618159294128,0.8705844766688557,0.9976670910370067
synthetic_m4,la_souris_truck,whitevan,10,6,1|2|6|7|8|9,2026-07-12 21.05.57.jpg|2026-07-12 21.06.04.jpg|2026-07-12 21.01.33.jpg|2026-07-12 21.01.49.jpg|2026-07-12 21.01.50.jpg|2026-07-12 21.01.51.jpg,1.0,0.6356431436660991,0.7229893570376007,0.842469334602356,0.7871083728731303,0.918538516365313
synthetic_m4,la_souris_truck,whitevan,10,6,1|2|6|7|8|10,2026-07-12 21.05.57.jpg|2026-07-12 21.06.04.jpg|2026-07-12 21.01.33.jpg|2026-07-12 21.01.49.jpg|2026-07-12 21.01.50.jpg|2026-07-12 21.05.27.jpg,1.0,0.8456525181770173,0.8685534823401921,0.9713618159294128,0.8705844766688557,0.9976670910370067
synthetic_m4,la_souris_truck,whitevan,10,6,1|2|6|7|9|10,2026-07-12 21.05.57.jpg|2026-07-12 21.06.04.jpg|2026-07-12 21.01.33.jpg|2026-07-12 21.01.49.jpg|2026-07-12 21.01.51.jpg|2026-07-12 21.05.27.jpg,1.0,0.8456525181770173,0.8685534823401921,0.9713618159294128,0.8705844766688557,0.9976670910370067
synthetic_m4,la_souris_truck,whitevan,10,6,1|2|6|8|9|10,2026-07-12 21.05.57.jpg|2026-07-12 21.06.04.jpg|2026-07-12 21.01.33.jpg|2026-07-12 21.01.50.jpg|2026-07-12 21.01.51.jpg|2026-07-12 21.05.27.jpg,1.0,0.8456525181770173,0.8685534823401921,0.9713618159294128,0.8705844766688557,0.9976670910370067
synthetic_m4,la_souris_truck,whitevan,10,6,1|2|7|8|9|10,2026-07-12 21.05.57.jpg|2026-07-12 21.06.04.jpg|2026-07-12 21.01.49.jpg|2026-07-12 21.01.50.jpg|2026-07-12 21.01.51.jpg|2026-07-12 21.05.27.jpg,1.0,0.8456525181770173,0.8685534823401921,0.9713618159294128,0.8705844766688557,0.9976670910370067
synthetic_m4,la_souris_truck,whitevan,10,6,1|3|4|5|6|7,2026-07-12 21.05.57.jpg|2026-07-12 21.01.06.jpg|2026-07-12 21.01.23.jpg|2026-07-12 21.01.30.jpg|2026-07-12 21.01.33.jpg|2026-07-12 21.01.49.jpg,1.0,0.43788815834608197,0.6458627444515781,0.6529809832572937,0.7871083728731303,0.8205512312034333
synthetic_m4,la_souris_truck,whitevan,10,6,1|3|4|5|6|8,2026-07-12 21.05.57.jpg|2026-07-12 21.01.06.jpg|2026-07-12 21.01.23.jpg|2026-07-12 21.01.30.jpg|2026-07-12 21.01.33.jpg|2026-07-12 21.01.50.jpg,1.0,0.43788815834608197,0.6458627444515781,0.6529809832572937,0.7871083728731303,0.8205512312034333
synthetic_m4,la_souris_truck,whitevan,10,6,1|3|4|5|6|9,2026-07-12 21.05.57.jpg|2026-07-12 21.01.06.jpg|2026-07-12 21.01.23.jpg|2026-07-12 21.01.30.jpg|2026-07-12 21.01.33.jpg|2026-07-12 21.01.51.jpg,1.0,0.43788815834608197,0.6458627444515781,0.6529809832572937,0.7871083728731303,0.8205512312034333
synthetic_m4,la_souris_truck,whitevan,10,6,1|3|4|5|6|10,2026-07-12 21.05.57.jpg|2026-07-12 21.01.06.jpg|2026-07-12 21.01.23.jpg|2026-07-12 21.01.30.jpg|2026-07-12 21.01.33.jpg|2026-07-12 21.05.27.jpg,1.0,0.8456525181770173,0.8661104674138081,0.9713618159294128,0.8705844766688557,0.9948609131279637
synthetic_m4,la_souris_truck,whitevan,10,6,1|3|4|5|7|8,2026-07-12 21.05.57.jpg|2026-07-12 21.01.06.jpg|2026-07-12 21.01.23.jpg|2026-07-12 21.01.30.jpg|2026-07-12 21.01.49.jpg|2026-07-12 21.01.50.jpg,1.0,0.43788815834608197,0.6458627444515781,0.6529809832572937,0.7871083728731303,0.8205512312034333
synthetic_m4,la_souris_truck,whitevan,10,6,1|3|4|5|7|9,2026-07-12 21.05.57.jpg|2026-07-12 21.01.06.jpg|2026-07-12 21.01.23.jpg|2026-07-12 21.01.30.jpg|2026-07-12 21.01.49.jpg|2026-07-12 21.01.51.jpg,1.0,0.43788815834608197,0.6458627444515781,0.6529809832572937,0.7871083728731303,0.8205512312034333
synthetic_m4,la_souris_truck,whitevan,10,6,1|3|4|5|7|10,2026-07-12 21.05.57.jpg|2026-07-12 21.01.06.jpg|2026-07-12 21.01.23.jpg|2026-07-12 21.01.30.jpg|2026-07-12 21.01.49.jpg|2026-07-12 21.05.27.jpg,1.0,0.8456525181770173,0.8661104674138081,0.9713618159294128,0.8705844766688557,0.9948609131279637
synthetic_m4,la_souris_truck,whitevan,10,6,1|3|4|5|8|9,2026-07-12 21.05.57.jpg|2026-07-12 21.01.06.jpg|2026-07-12 21.01.23.jpg|2026-07-12 21.01.30.jpg|2026-07-12 21.01.50.jpg|2026-07-12 21.01.51.jpg,1.0,0.43788815834608197,0.6458627444515781,0.6529809832572937,0.7871083728731303,0.8205512312034333
synthetic_m4,la_souris_truck,whitevan,10,6,1|3|4|5|8|10,2026-07-12 21.05.57.jpg|2026-07-12 21.01.06.jpg|2026-07-12 21.01.23.jpg|2026-07-12 21.01.30.jpg|2026-07-12 21.01.50.jpg|2026-07-12 21.05.27.jpg,1.0,0.8456525181770173,0.8661104674138081,0.9713618159294128,0.8705844766688557,0.9948609131279637
synthetic_m4,la_souris_truck,whitevan,10,6,1|3|4|5|9|10,2026-07-12 21.05.57.jpg|2026-07-12 21.01.06.jpg|2026-07-12 21.01.23.jpg|2026-07-12 21.01.30.jpg|2026-07-12 21.01.51.jpg|2026-07-12 21.05.27.jpg,1.0,0.8456525181770173,0.8661104674138081,0.9713618159294128,0.8705844766688557,0.9948609131279637
synthetic_m4,la_souris_truck,whitevan,10,6,1|3|4|6|7|8,2026-07-12 21.05.57.jpg|2026-07-12 21.01.06.jpg|2026-07-12 21.01.23.jpg|2026-07-12 21.01.33.jpg|2026-07-12 21.01.49.jpg|2026-07-12 21.01.50.jpg,1.0,0.43788815834608197,0.6458627444515781,0.6529809832572937,0.7871083728731303,0.8205512312034333
synthetic_m4,la_souris_truck,whitevan,10,6,1|3|4|6|7|9,2026-07-12 21.05.57.jpg|2026-07-12 21.01.06.jpg|2026-07-12 21.01.23.jpg|2026-07-12 21.01.33.jpg|2026-07-12 21.01.49.jpg|2026-07-12 21.01.51.jpg,1.0,0.43788815834608197,0.6458627444515781,0.6529809832572937,0.7871083728731303,0.8205512312034333
synthetic_m4,la_souris_truck,whitevan,10,6,1|3|4|6|7|10,2026-07-12 21.05.57.jpg|2026-07-12 21.01.06.jpg|2026-07-12 21.01.23.jpg|2026-07-12 21.01.33.jpg|2026-07-12 21.01.49.jpg|2026-07-12 21.05.27.jpg,1.0,0.8456525181770173,0.8661104674138081,0.9713618159294128,0.8705844766688557,0.9948609131279637
synthetic_m4,la_souris_truck,whitevan,10,6,1|3|4|6|8|9,2026-07-12 21.05.57.jpg|2026-07-12 21.01.06.jpg|2026-07-12 21.01.23.jpg|2026-07-12 21.01.33.jpg|2026-07-12 21.01.50.jpg|2026-07-12 21.01.51.jpg,1.0,0.43788815834608197,0.6458627444515781,0.6529809832572937,0.7871083728731303,0.8205512312034333
synthetic_m4,la_souris_truck,whitevan,10,6,1|3|4|6|8|10,2026-07-12 21.05.57.jpg|2026-07-12 21.01.06.jpg|2026-07-12 21.01.23.jpg|2026-07-12 21.01.33.jpg|2026-07-12 21.01.50.jpg|2026-07-12 21.05.27.jpg,1.0,0.8456525181770173,0.8661104674138081,0.9713618159294128,0.8705844766688557,0.9948609131279637
synthetic_m4,la_souris_truck,whitevan,10,6,1|3|4|6|9|10,2026-07-12 21.05.57.jpg|2026-07-12 21.01.06.jpg|2026-07-12 21.01.23.jpg|2026-07-12 21.01.33.jpg|2026-07-12 21.01.51.jpg|2026-07-12 21.05.27.jpg,1.0,0.8456525181770173,0.8661104674138081,0.9713618159294128,0.8705844766688557,0.9948609131279637
synthetic_m4,la_souris_truck,whitevan,10,6,1|3|4|7|8|9,2026-07-12 21.05.57.jpg|2026-07-12 21.01.06.jpg|2026-07-12 21.01.23.jpg|2026-07-12 21.01.49.jpg|2026-07-12 21.01.50.jpg|2026-07-12 21.01.51.jpg,1.0,0.43788815834608197,0.6458627444515781,0.6529809832572937,0.7871083728731303,0.8205512312034333
synthetic_m4,la_souris_truck,whitevan,10,6,1|3|4|7|8|10,2026-07-12 21.05.57.jpg|2026-07-12 21.01.06.jpg|2026-07-12 21.01.23.jpg|2026-07-12 21.01.49.jpg|2026-07-12 21.01.50.jpg|2026-07-12 21.05.27.jpg,1.0,0.8456525181770173,0.8661104674138081,0.9713618159294128,0.8705844766688557,0.9948609131279637
synthetic_m4,la_souris_truck,whitevan,10,6,1|3|4|7|9|10,2026-07-12 21.05.57.jpg|2026-07-12 21.01.06.jpg|2026-07-12 21.01.23.jpg|2026-07-12 21.01.49.jpg|2026-07-12 21.01.51.jpg|2026-07-12 21.05.27.jpg,1.0,0.8456525181770173,0.8661104674138081,0.9713618159294128,0.8705844766688557,0.9948609131279637
synthetic_m4,la_souris_truck,whitevan,10,6,1|3|4|8|9|10,2026-07-12 21.05.57.jpg|2026-07-12 21.01.06.jpg|2026-07-12 21.01.23.jpg|2026-07-12 21.01.50.jpg|2026-07-12 21.01.51.jpg|2026-07-12 21.05.27.jpg,1.0,0.8456525181770173,0.8661104674138081,0.9713618159294128,0.8705844766688557,0.9948609131279637
synthetic_m4,la_souris_truck,whitevan,10,6,1|3|5|6|7|8,2026-07-12 21.05.57.jpg|2026-07-12 21.01.06.jpg|2026-07-12 21.01.30.jpg|2026-07-12 21.01.33.jpg|2026-07-12 21.01.49.jpg|2026-07-12 21.01.50.jpg,1.0,0.380082758693959,0.380082758693959,0.4828849136829376,0.7871083728731303,0.4828849136829376
synthetic_m4,la_souris_truck,whitevan,10,6,1|3|5|6|7|9,2026-07-12 21.05.57.jpg|2026-07-12 21.01.06.jpg|2026-07-12 21.01.30.jpg|2026-07-12 21.01.33.jpg|2026-07-12 21.01.49.jpg|2026-07-12 21.01.51.jpg,1.0,0.380082758693959,0.380082758693959,0.4828849136829376,0.7871083728731303,0.4828849136829376
synthetic_m4,la_souris_truck,whitevan,10,6,1|3|5|6|7|10,2026-07-12 21.05.57.jpg|2026-07-12 21.01.06.jpg|2026-07-12 21.01.30.jpg|2026-07-12 21.01.33.jpg|2026-07-12 21.01.49.jpg|2026-07-12 21.05.27.jpg,1.0,0.8456525181770173,0.8576917848012953,0.9713618159294128,0.8705844766688557,0.9851907629723744
synthetic_m4,la_souris_truck,whitevan,10,6,1|3|5|6|8|9,2026-07-12 21.05.57.jpg|2026-07-12 21.01.06.jpg|2026-07-12 21.01.30.jpg|2026-07-12 21.01.33.jpg|2026-07-12 21.01.50.jpg|2026-07-12 21.01.51.jpg,1.0,0.380082758693959,0.380082758693959,0.4828849136829376,0.7871083728731303,0.4828849136829376
synthetic_m4,la_souris_truck,whitevan,10,6,1|3|5|6|8|10,2026-07-12 21.05.57.jpg|2026-07-12 21.01.06.jpg|2026-07-12 21.01.30.jpg|2026-07-12 21.01.33.jpg|2026-07-12 21.01.50.jpg|2026-07-12 21.05.27.jpg,1.0,0.8456525181770173,0.8576917848012953,0.9713618159294128,0.8705844766688557,0.9851907629723744
synthetic_m4,la_souris_truck,whitevan,10,6,1|3|5|6|9|10,2026-07-12 21.05.57.jpg|2026-07-12 21.01.06.jpg|2026-07-12 21.01.30.jpg|2026-07-12 21.01.33.jpg|2026-07-12 21.01.51.jpg|2026-07-12 21.05.27.jpg,1.0,0.8456525181770173,0.8576917848012953,0.9713618159294128,0.8705844766688557,0.9851907629723744
synthetic_m4,la_souris_truck,whitevan,10,6,1|3|5|7|8|9,2026-07-12 21.05.57.jpg|2026-07-12 21.01.06.jpg|2026-07-12 21.01.30.jpg|2026-07-12 21.01.49.jpg|2026-07-12 21.01.50.jpg|2026-07-12 21.01.51.jpg,1.0,0.380082758693959,0.380082758693959,0.4828849136829376,0.7871083728731303,0.4828849136829376
synthetic_m4,la_souris_truck,whitevan,10,6,1|3|5|7|8|10,2026-07-12 21.05.57.jpg|2026-07-12 21.01.06.jpg|2026-07-12 21.01.30.jpg|2026-07-12 21.01.49.jpg|2026-07-12 21.01.50.jpg|2026-07-12 21.05.27.jpg,1.0,0.8456525181770173,0.8576917848012953,0.9713618159294128,0.8705844766688557,0.9851907629723744
synthetic_m4,la_souris_truck,whitevan,10,6,1|3|5|7|9|10,2026-07-12 21.05.57.jpg|2026-07-12 21.01.06.jpg|2026-07-12 21.01.30.jpg|2026-07-12 21.01.49.jpg|2026-07-12 21.01.51.jpg|2026-07-12 21.05.27.jpg,1.0,0.8456525181770173,0.8576917848012953,0.9713618159294128,0.8705844766688557,0.9851907629723744
synthetic_m4,la_souris_truck,whitevan,10,6,1|3|5|8|9|10,2026-07-12 21.05.57.jpg|2026-07-12 21.01.06.jpg|2026-07-12 21.01.30.jpg|2026-07-12 21.01.50.jpg|2026-07-12 21.01.51.jpg|2026-07-12 21.05.27.jpg,1.0,0.8456525181770173,0.8576917848012953,0.9713618159294128,0.8705844766688557,0.9851907629723744
synthetic_m4,la_souris_truck,whitevan,10,6,1|3|6|7|8|9,2026-07-12 21.05.57.jpg|2026-07-12 21.01.06.jpg|2026-07-12 21.01.33.jpg|2026-07-12 21.01.49.jpg|2026-07-12 21.01.50.jpg|2026-07-12 21.01.51.jpg,1.0,0.380082758693959,0.380082758693959,0.4828849136829376,0.7871083728731303,0.4828849136829376
synthetic_m4,la_souris_truck,whitevan,10,6,1|3|6|7|8|10,2026-07-12 21.05.57.jpg|2026-07-12 21.01.06.jpg|2026-07-12 21.01.33.jpg|2026-07-12 21.01.49.jpg|2026-07-12 21.01.50.jpg|2026-07-12 21.05.27.jpg,1.0,0.8456525181770173,0.8576917848012953,0.9713618159294128,0.8705844766688557,0.9851907629723744
synthetic_m4,la_souris_truck,whitevan,10,6,1|3|6|7|9|10,2026-07-12 21.05.57.jpg|2026-07-12 21.01.06.jpg|2026-07-12 21.01.33.jpg|2026-07-12 21.01.49.jpg|2026-07-12 21.01.51.jpg|2026-07-12 21.05.27.jpg,1.0,0.8456525181770173,0.8576917848012953,0.9713618159294128,0.8705844766688557,0.9851907629723744
synthetic_m4,la_souris_truck,whitevan,10,6,1|3|6|8|9|10,2026-07-12 21.05.57.jpg|2026-07-12 21.01.06.jpg|2026-07-12 21.01.33.jpg|2026-07-12 21.01.50.jpg|2026-07-12 21.01.51.jpg|2026-07-12 21.05.27.jpg,1.0,0.8456525181770173,0.8576917848012953,0.9713618159294128,0.8705844766688557,0.9851907629723744
synthetic_m4,la_souris_truck,whitevan,10,6,1|3|7|8|9|10,2026-07-12 21.05.57.jpg|2026-07-12 21.01.06.jpg|2026-07-12 21.01.49.jpg|2026-07-12 21.01.50.jpg|2026-07-12 21.01.51.jpg|2026-07-12 21.05.27.jpg,1.0,0.8456525181770173,0.8576917848012953,0.9713618159294128,0.8705844766688557,0.9851907629723744
synthetic_m4,la_souris_truck,whitevan,10,6,1|4|5|6|7|8,2026-07-12 21.05.57.jpg|2026-07-12 21.01.23.jpg|2026-07-12 21.01.30.jpg|2026-07-12 21.01.33.jpg|2026-07-12 21.01.49.jpg|2026-07-12 21.01.50.jpg,1.0,0.43788815834608197,0.6458627444515781,0.6529809832572937,0.7871083728731303,0.8205512312034333
synthetic_m4,la_souris_truck,whitevan,10,6,1|4|5|6|7|9,2026-07-12 21.05.57.jpg|2026-07-12 21.01.23.jpg|2026-07-12 21.01.30.jpg|2026-07-12 21.01.33.jpg|2026-07-12 21.01.49.jpg|2026-07-12 21.01.51.jpg,1.0,0.43788815834608197,0.6458627444515781,0.6529809832572937,0.7871083728731303,0.8205512312034333
synthetic_m4,la_souris_truck,whitevan,10,6,1|4|5|6|7|10,2026-07-12 21.05.57.jpg|2026-07-12 21.01.23.jpg|2026-07-12 21.01.30.jpg|2026-07-12 21.01.33.jpg|2026-07-12 21.01.49.jpg|2026-07-12 21.05.27.jpg,1.0,0.8456525181770173,0.8661104674138081,0.9713618159294128,0.8705844766688557,0.9948609131279637
synthetic_m4,la_souris_truck,whitevan,10,6,1|4|5|6|8|9,2026-07-12 21.05.57.jpg|2026-07-12 21.01.23.jpg|2026-07-12 21.01.30.jpg|2026-07-12 21.01.33.jpg|2026-07-12 21.01.50.jpg|2026-07-12 21.01.51.jpg,1.0,0.43788815834608197,0.6458627444515781,0.6529809832572937,0.7871083728731303,0.8205512312034333
synthetic_m4,la_souris_truck,whitevan,10,6,1|4|5|6|8|10,2026-07-12 21.05.57.jpg|2026-07-12 21.01.23.jpg|2026-07-12 21.01.30.jpg|2026-07-12 21.01.33.jpg|2026-07-12 21.01.50.jpg|2026-07-12 21.05.27.jpg,1.0,0.8456525181770173,0.8661104674138081,0.9713618159294128,0.8705844766688557,0.9948609131279637
synthetic_m4,la_souris_truck,whitevan,10,6,1|4|5|6|9|10,2026-07-12 21.05.57.jpg|2026-07-12 21.01.23.jpg|2026-07-12 21.01.30.jpg|2026-07-12 21.01.33.jpg|2026-07-12 21.01.51.jpg|2026-07-12 21.05.27.jpg,1.0,0.8456525181770173,0.8661104674138081,0.9713618159294128,0.8705844766688557,0.9948609131279637
synthetic_m4,la_souris_truck,whitevan,10,6,1|4|5|7|8|9,2026-07-12 21.05.57.jpg|2026-07-12 21.01.23.jpg|2026-07-12 21.01.30.jpg|2026-07-12 21.01.49.jpg|2026-07-12 21.01.50.jpg|2026-07-12 21.01.51.jpg,1.0,0.43788815834608197,0.6458627444515781,0.6529809832572937,0.7871083728731303,0.8205512312034333
synthetic_m4,la_souris_truck,whitevan,10,6,1|4|5|7|8|10,2026-07-12 21.05.57.jpg|2026-07-12 21.01.23.jpg|2026-07-12 21.01.30.jpg|2026-07-12 21.01.49.jpg|2026-07-12 21.01.50.jpg|2026-07-12 21.05.27.jpg,1.0,0.8456525181770173,0.8661104674138081,0.9713618159294128,0.8705844766688557,0.9948609131279637
synthetic_m4,la_souris_truck,whitevan,10,6,1|4|5|7|9|10,2026-07-12 21.05.57.jpg|2026-07-12 21.01.23.jpg|2026-07-12 21.01.30.jpg|2026-07-12 21.01.49.jpg|2026-07-12 21.01.51.jpg|2026-07-12 21.05.27.jpg,1.0,0.8456525181770173,0.8661104674138081,0.9713618159294128,0.8705844766688557,0.9948609131279637
synthetic_m4,la_souris_truck,whitevan,10,6,1|4|5|8|9|10,2026-07-12 21.05.57.jpg|2026-07-12 21.01.23.jpg|2026-07-12 21.01.30.jpg|2026-07-12 21.01.50.jpg|2026-07-12 21.01.51.jpg|2026-07-12 21.05.27.jpg,1.0,0.8456525181770173,0.8661104674138081,0.9713618159294128,0.8705844766688557,0.9948609131279637
synthetic_m4,la_souris_truck,whitevan,10,6,1|4|6|7|8|9,2026-07-12 21.05.57.jpg|2026-07-12 21.01.23.jpg|2026-07-12 21.01.33.jpg|2026-07-12 21.01.49.jpg|2026-07-12 21.01.50.jpg|2026-07-12 21.01.51.jpg,1.0,0.43788815834608197,0.6458627444515781,0.6529809832572937,0.7871083728731303,0.8205512312034333
synthetic_m4,la_souris_truck,whitevan,10,6,1|4|6|7|8|10,2026-07-12 21.05.57.jpg|2026-07-12 21.01.23.jpg|2026-07-12 21.01.33.jpg|2026-07-12 21.01.49.jpg|2026-07-12 21.01.50.jpg|2026-07-12 21.05.27.jpg,1.0,0.8456525181770173,0.8661104674138081,0.9713618159294128,0.8705844766688557,0.9948609131279637
synthetic_m4,la_souris_truck,whitevan,10,6,1|4|6|7|9|10,2026-07-12 21.05.57.jpg|2026-07-12 21.01.23.jpg|2026-07-12 21.01.33.jpg|2026-07-12 21.01.49.jpg|2026-07-12 21.01.51.jpg|2026-07-12 21.05.27.jpg,1.0,0.8456525181770173,0.8661104674138081,0.9713618159294128,0.8705844766688557,0.9948609131279637
synthetic_m4,la_souris_truck,whitevan,10,6,1|4|6|8|9|10,2026-07-12 21.05.57.jpg|2026-07-12 21.01.23.jpg|2026-07-12 21.01.33.jpg|2026-07-12 21.01.50.jpg|2026-07-12 21.01.51.jpg|2026-07-12 21.05.27.jpg,1.0,0.8456525181770173,0.8661104674138081,0.9713618159294128,0.8705844766688557,0.9948609131279637
synthetic_m4,la_souris_truck,whitevan,10,6,1|4|7|8|9|10,2026-07-12 21.05.57.jpg|2026-07-12 21.01.23.jpg|2026-07-12 21.01.49.jpg|2026-07-12 21.01.50.jpg|2026-07-12 21.01.51.jpg|2026-07-12 21.05.27.jpg,1.0,0.8456525181770173,0.8661104674138081,0.9713618159294128,0.8705844766688557,0.9948609131279637
synthetic_m4,la_souris_truck,whitevan,10,6,1|5|6|7|8|9,2026-07-12 21.05.57.jpg|2026-07-12 21.01.30.jpg|2026-07-12 21.01.33.jpg|2026-07-12 21.01.49.jpg|2026-07-12 21.01.50.jpg|2026-07-12 21.01.51.jpg,1.0,0.380082758693959,0.380082758693959,0.4828849136829376,0.7871083728731303,0.4828849136829376
synthetic_m4,la_souris_truck,whitevan,10,6,1|5|6|7|8|10,2026-07-12 21.05.57.jpg|2026-07-12 21.01.30.jpg|2026-07-12 21.01.33.jpg|2026-07-12 21.01.49.jpg|2026-07-12 21.01.50.jpg|2026-07-12 21.05.27.jpg,1.0,0.8456525181770173,0.8576917848012953,0.9713618159294128,0.8705844766688557,0.9851907629723744
synthetic_m4,la_souris_truck,whitevan,10,6,1|5|6|7|9|10,2026-07-12 21.05.57.jpg|2026-07-12 21.01.30.jpg|2026-07-12 21.01.33.jpg|2026-07-12 21.01.49.jpg|2026-07-12 21.01.51.jpg|2026-07-12 21.05.27.jpg,1.0,0.8456525181770173,0.8576917848012953,0.9713618159294128,0.8705844766688557,0.9851907629723744
synthetic_m4,la_souris_truck,whitevan,10,6,1|5|6|8|9|10,2026-07-12 21.05.57.jpg|2026-07-12 21.01.30.jpg|2026-07-12 21.01.33.jpg|2026-07-12 21.01.50.jpg|2026-07-12 21.01.51.jpg|2026-07-12 21.05.27.jpg,1.0,0.8456525181770173,0.8576917848012953,0.9713618159294128,0.8705844766688557,0.9851907629723744
synthetic_m4,la_souris_truck,whitevan,10,6,1|5|7|8|9|10,2026-07-12 21.05.57.jpg|2026-07-12 21.01.30.jpg|2026-07-12 21.01.49.jpg|2026-07-12 21.01.50.jpg|2026-07-12 21.01.51.jpg|2026-07-12 21.05.27.jpg,1.0,0.8456525181770173,0.8576917848012953,0.9713618159294128,0.8705844766688557,0.9851907629723744
synthetic_m4,la_souris_truck,whitevan,10,6,1|6|7|8|9|10,2026-07-12 21.05.57.jpg|2026-07-12 21.01.33.jpg|2026-07-12 21.01.49.jpg|2026-07-12 21.01.50.jpg|2026-07-12 21.01.51.jpg|2026-07-12 21.05.27.jpg,1.0,0.8456525181770173,0.8576917848012953,0.9713618159294128,0.8705844766688557,0.9851907629723744
synthetic_m4,la_souris_truck,whitevan,10,6,2|3|4|5|6|7,2026-07-12 21.06.04.jpg|2026-07-12 21.01.06.jpg|2026-07-12 21.01.23.jpg|2026-07-12 21.01.30.jpg|2026-07-12 21.01.33.jpg|2026-07-12 21.01.49.jpg,1.0,0.6356431436660991,0.7132544343835135,0.842469334602356,0.7545000364507292,0.9453338633868853
synthetic_m4,la_souris_truck,whitevan,10,6,2|3|4|5|6|8,2026-07-12 21.06.04.jpg|2026-07-12 21.01.06.jpg|2026-07-12 21.01.23.jpg|2026-07-12 21.01.30.jpg|2026-07-12 21.01.33.jpg|2026-07-12 21.01.50.jpg,1.0,0.6356431436660991,0.7132544343835135,0.842469334602356,0.7545000364507292,0.9453338633868853
synthetic_m4,la_souris_truck,whitevan,10,6,2|3|4|5|6|9,2026-07-12 21.06.04.jpg|2026-07-12 21.01.06.jpg|2026-07-12 21.01.23.jpg|2026-07-12 21.01.30.jpg|2026-07-12 21.01.33.jpg|2026-07-12 21.01.51.jpg,1.0,0.6356431436660991,0.7132544343835135,0.842469334602356,0.7545000364507292,0.9453338633868853
synthetic_m4,la_souris_truck,whitevan,10,6,2|3|4|5|6|10,2026-07-12 21.06.04.jpg|2026-07-12 21.01.06.jpg|2026-07-12 21.01.23.jpg|2026-07-12 21.01.30.jpg|2026-07-12 21.01.33.jpg|2026-07-12 21.05.27.jpg,1.0,0.8456525181770173,0.8692215428199084,0.9713618159294128,0.8705844766688557,0.9984344611172458
synthetic_m4,la_souris_truck,whitevan,10,6,2|3|4|5|7|8,2026-07-12 21.06.04.jpg|2026-07-12 21.01.06.jpg|2026-07-12 21.01.23.jpg|2026-07-12 21.01.30.jpg|2026-07-12 21.01.49.jpg|2026-07-12 21.01.50.jpg,1.0,0.6356431436660991,0.7132544343835135,0.842469334602356,0.7545000364507292,0.9453338633868853
synthetic_m4,la_souris_truck,whitevan,10,6,2|3|4|5|7|9,2026-07-12 21.06.04.jpg|2026-07-12 21.01.06.jpg|2026-07-12 21.01.23.jpg|2026-07-12 21.01.30.jpg|2026-07-12 21.01.49.jpg|2026-07-12 21.01.51.jpg,1.0,0.6356431436660991,0.7132544343835135,0.842469334602356,0.7545000364507292,0.9453338633868853
synthetic_m4,la_souris_truck,whitevan,10,6,2|3|4|5|7|10,2026-07-12 21.06.04.jpg|2026-07-12 21.01.06.jpg|2026-07-12 21.01.23.jpg|2026-07-12 21.01.30.jpg|2026-07-12 21.01.49.jpg|2026-07-12 21.05.27.jpg,1.0,0.8456525181770173,0.8692215428199084,0.9713618159294128,0.8705844766688557,0.9984344611172458
synthetic_m4,la_souris_truck,whitevan,10,6,2|3|4|5|8|9,2026-07-12 21.06.04.jpg|2026-07-12 21.01.06.jpg|2026-07-12 21.01.23.jpg|2026-07-12 21.01.30.jpg|2026-07-12 21.01.50.jpg|2026-07-12 21.01.51.jpg,1.0,0.6356431436660991,0.7132544343835135,0.842469334602356,0.7545000364507292,0.9453338633868853
synthetic_m4,la_souris_truck,whitevan,10,6,2|3|4|5|8|10,2026-07-12 21.06.04.jpg|2026-07-12 21.01.06.jpg|2026-07-12 21.01.23.jpg|2026-07-12 21.01.30.jpg|2026-07-12 21.01.50.jpg|2026-07-12 21.05.27.jpg,1.0,0.8456525181770173,0.8692215428199084,0.9713618159294128,0.8705844766688557,0.9984344611172458
synthetic_m4,la_souris_truck,whitevan,10,6,2|3|4|5|9|10,2026-07-12 21.06.04.jpg|2026-07-12 21.01.06.jpg|2026-07-12 21.01.23.jpg|2026-07-12 21.01.30.jpg|2026-07-12 21.01.51.jpg|2026-07-12 21.05.27.jpg,1.0,0.8456525181770173,0.8692215428199084,0.9713618159294128,0.8705844766688557,0.9984344611172458
synthetic_m4,la_souris_truck,whitevan,10,6,2|3|4|6|7|8,2026-07-12 21.06.04.jpg|2026-07-12 21.01.06.jpg|2026-07-12 21.01.23.jpg|2026-07-12 21.01.33.jpg|2026-07-12 21.01.49.jpg|2026-07-12 21.01.50.jpg,1.0,0.6356431436660991,0.7132544343835135,0.842469334602356,0.7545000364507292,0.9453338633868853
synthetic_m4,la_souris_truck,whitevan,10,6,2|3|4|6|7|9,2026-07-12 21.06.04.jpg|2026-07-12 21.01.06.jpg|2026-07-12 21.01.23.jpg|2026-07-12 21.01.33.jpg|2026-07-12 21.01.49.jpg|2026-07-12 21.01.51.jpg,1.0,0.6356431436660991,0.7132544343835135,0.842469334602356,0.7545000364507292,0.9453338633868853
synthetic_m4,la_souris_truck,whitevan,10,6,2|3|4|6|7|10,2026-07-12 21.06.04.jpg|2026-07-12 21.01.06.jpg|2026-07-12 21.01.23.jpg|2026-07-12 21.01.33.jpg|2026-07-12 21.01.49.jpg|2026-07-12 21.05.27.jpg,1.0,0.8456525181770173,0.8692215428199084,0.9713618159294128,0.8705844766688557,0.9984344611172458
synthetic_m4,la_souris_truck,whitevan,10,6,2|3|4|6|8|9,2026-07-12 21.06.04.jpg|2026-07-12 21.01.06.jpg|2026-07-12 21.01.23.jpg|2026-07-12 21.01.33.jpg|2026-07-12 21.01.50.jpg|2026-07-12 21.01.51.jpg,1.0,0.6356431436660991,0.7132544343835135,0.842469334602356,0.7545000364507292,0.9453338633868853
synthetic_m4,la_souris_truck,whitevan,10,6,2|3|4|6|8|10,2026-07-12 21.06.04.jpg|2026-07-12 21.01.06.jpg|2026-07-12 21.01.23.jpg|2026-07-12 21.01.33.jpg|2026-07-12 21.01.50.jpg|2026-07-12 21.05.27.jpg,1.0,0.8456525181770173,0.8692215428199084,0.9713618159294128,0.8705844766688557,0.9984344611172458
synthetic_m4,la_souris_truck,whitevan,10,6,2|3|4|6|9|10,2026-07-12 21.06.04.jpg|2026-07-12 21.01.06.jpg|2026-07-12 21.01.23.jpg|2026-07-12 21.01.33.jpg|2026-07-12 21.01.51.jpg|2026-07-12 21.05.27.jpg,1.0,0.8456525181770173,0.8692215428199084,0.9713618159294128,0.8705844766688557,0.9984344611172458
synthetic_m4,la_souris_truck,whitevan,10,6,2|3|4|7|8|9,2026-07-12 21.06.04.jpg|2026-07-12 21.01.06.jpg|2026-07-12 21.01.23.jpg|2026-07-12 21.01.49.jpg|2026-07-12 21.01.50.jpg|2026-07-12 21.01.51.jpg,1.0,0.6356431436660991,0.7132544343835135,0.842469334602356,0.7545000364507292,0.9453338633868853
synthetic_m4,la_souris_truck,whitevan,10,6,2|3|4|7|8|10,2026-07-12 21.06.04.jpg|2026-07-12 21.01.06.jpg|2026-07-12 21.01.23.jpg|2026-07-12 21.01.49.jpg|2026-07-12 21.01.50.jpg|2026-07-12 21.05.27.jpg,1.0,0.8456525181770173,0.8692215428199084,0.9713618159294128,0.8705844766688557,0.9984344611172458
synthetic_m4,la_souris_truck,whitevan,10,6,2|3|4|7|9|10,2026-07-12 21.06.04.jpg|2026-07-12 21.01.06.jpg|2026-07-12 21.01.23.jpg|2026-07-12 21.01.49.jpg|2026-07-12 21.01.51.jpg|2026-07-12 21.05.27.jpg,1.0,0.8456525181770173,0.8692215428199084,0.9713618159294128,0.8705844766688557,0.9984344611172458
synthetic_m4,la_souris_truck,whitevan,10,6,2|3|4|8|9|10,2026-07-12 21.06.04.jpg|2026-07-12 21.01.06.jpg|2026-07-12 21.01.23.jpg|2026-07-12 21.01.50.jpg|2026-07-12 21.01.51.jpg|2026-07-12 21.05.27.jpg,1.0,0.8456525181770173,0.8692215428199084,0.9713618159294128,0.8705844766688557,0.9984344611172458
synthetic_m4,la_souris_truck,whitevan,10,6,2|3|5|6|7|8,2026-07-12 21.06.04.jpg|2026-07-12 21.01.06.jpg|2026-07-12 21.01.30.jpg|2026-07-12 21.01.33.jpg|2026-07-12 21.01.49.jpg|2026-07-12 21.01.50.jpg,1.0,0.6356431436660991,0.6356431436660991,0.842469334602356,0.7545000364507292,0.842469334602356
synthetic_m4,la_souris_truck,whitevan,10,6,2|3|5|6|7|9,2026-07-12 21.06.04.jpg|2026-07-12 21.01.06.jpg|2026-07-12 21.01.30.jpg|2026-07-12 21.01.33.jpg|2026-07-12 21.01.49.jpg|2026-07-12 21.01.51.jpg,1.0,0.6356431436660991,0.6356431436660991,0.842469334602356,0.7545000364507292,0.842469334602356
synthetic_m4,la_souris_truck,whitevan,10,6,2|3|5|6|7|10,2026-07-12 21.06.04.jpg|2026-07-12 21.01.06.jpg|2026-07-12 21.01.30.jpg|2026-07-12 21.01.33.jpg|2026-07-12 21.01.49.jpg|2026-07-12 21.05.27.jpg,1.0,0.8456525181770173,0.86665692865797,0.9713618159294128,0.8705844766688557,0.9954886078075802
synthetic_m4,la_souris_truck,whitevan,10,6,2|3|5|6|8|9,2026-07-12 21.06.04.jpg|2026-07-12 21.01.06.jpg|2026-07-12 21.01.30.jpg|2026-07-12 21.01.33.jpg|2026-07-12 21.01.50.jpg|2026-07-12 21.01.51.jpg,1.0,0.6356431436660991,0.6356431436660991,0.842469334602356,0.7545000364507292,0.842469334602356
synthetic_m4,la_souris_truck,whitevan,10,6,2|3|5|6|8|10,2026-07-12 21.06.04.jpg|2026-07-12 21.01.06.jpg|2026-07-12 21.01.30.jpg|2026-07-12 21.01.33.jpg|2026-07-12 21.01.50.jpg|2026-07-12 21.05.27.jpg,1.0,0.8456525181770173,0.86665692865797,0.9713618159294128,0.8705844766688557,0.9954886078075802
synthetic_m4,la_souris_truck,whitevan,10,6,2|3|5|6|9|10,2026-07-12 21.06.04.jpg|2026-07-12 21.01.06.jpg|2026-07-12 21.01.30.jpg|2026-07-12 21.01.33.jpg|2026-07-12 21.01.51.jpg|2026-07-12 21.05.27.jpg,1.0,0.8456525181770173,0.86665692865797,0.9713618159294128,0.8705844766688557,0.9954886078075802
synthetic_m4,la_souris_truck,whitevan,10,6,2|3|5|7|8|9,2026-07-12 21.06.04.jpg|2026-07-12 21.01.06.jpg|2026-07-12 21.01.30.jpg|2026-07-12 21.01.49.jpg|2026-07-12 21.01.50.jpg|2026-07-12 21.01.51.jpg,1.0,0.6356431436660991,0.6356431436660991,0.842469334602356,0.7545000364507292,0.842469334602356
synthetic_m4,la_souris_truck,whitevan,10,6,2|3|5|7|8|10,2026-07-12 21.06.04.jpg|2026-07-12 21.01.06.jpg|2026-07-12 21.01.30.jpg|2026-07-12 21.01.49.jpg|2026-07-12 21.01.50.jpg|2026-07-12 21.05.27.jpg,1.0,0.8456525181770173,0.86665692865797,0.9713618159294128,0.8705844766688557,0.9954886078075802
synthetic_m4,la_souris_truck,whitevan,10,6,2|3|5|7|9|10,2026-07-12 21.06.04.jpg|2026-07-12 21.01.06.jpg|2026-07-12 21.01.30.jpg|2026-07-12 21.01.49.jpg|2026-07-12 21.01.51.jpg|2026-07-12 21.05.27.jpg,1.0,0.8456525181770173,0.86665692865797,0.9713618159294128,0.8705844766688557,0.9954886078075802
synthetic_m4,la_souris_truck,whitevan,10,6,2|3|5|8|9|10,2026-07-12 21.06.04.jpg|2026-07-12 21.01.06.jpg|2026-07-12 21.01.30.jpg|2026-07-12 21.01.50.jpg|2026-07-12 21.01.51.jpg|2026-07-12 21.05.27.jpg,1.0,0.8456525181770173,0.86665692865797,0.9713618159294128,0.8705844766688557,0.9954886078075802
synthetic_m4,la_souris_truck,whitevan,10,6,2|3|6|7|8|9,2026-07-12 21.06.04.jpg|2026-07-12 21.01.06.jpg|2026-07-12 21.01.33.jpg|2026-07-12 21.01.49.jpg|2026-07-12 21.01.50.jpg|2026-07-12 21.01.51.jpg,1.0,0.6356431436660991,0.6356431436660991,0.842469334602356,0.7545000364507292,0.842469334602356
synthetic_m4,la_souris_truck,whitevan,10,6,2|3|6|7|8|10,2026-07-12 21.06.04.jpg|2026-07-12 21.01.06.jpg|2026-07-12 21.01.33.jpg|2026-07-12 21.01.49.jpg|2026-07-12 21.01.50.jpg|2026-07-12 21.05.27.jpg,1.0,0.8456525181770173,0.86665692865797,0.9713618159294128,0.8705844766688557,0.9954886078075802
synthetic_m4,la_souris_truck,whitevan,10,6,2|3|6|7|9|10,2026-07-12 21.06.04.jpg|2026-07-12 21.01.06.jpg|2026-07-12 21.01.33.jpg|2026-07-12 21.01.49.jpg|2026-07-12 21.01.51.jpg|2026-07-12 21.05.27.jpg,1.0,0.8456525181770173,0.86665692865797,0.9713618159294128,0.8705844766688557,0.9954886078075802
synthetic_m4,la_souris_truck,whitevan,10,6,2|3|6|8|9|10,2026-07-12 21.06.04.jpg|2026-07-12 21.01.06.jpg|2026-07-12 21.01.33.jpg|2026-07-12 21.01.50.jpg|2026-07-12 21.01.51.jpg|2026-07-12 21.05.27.jpg,1.0,0.8456525181770173,0.86665692865797,0.9713618159294128,0.8705844766688557,0.9954886078075802
synthetic_m4,la_souris_truck,whitevan,10,6,2|3|7|8|9|10,2026-07-12 21.06.04.jpg|2026-07-12 21.01.06.jpg|2026-07-12 21.01.49.jpg|2026-07-12 21.01.50.jpg|2026-07-12 21.01.51.jpg|2026-07-12 21.05.27.jpg,1.0,0.8456525181770173,0.86665692865797,0.9713618159294128,0.8705844766688557,0.9954886078075802
synthetic_m4,la_souris_truck,whitevan,10,6,2|4|5|6|7|8,2026-07-12 21.06.04.jpg|2026-07-12 21.01.23.jpg|2026-07-12 21.01.30.jpg|2026-07-12 21.01.33.jpg|2026-07-12 21.01.49.jpg|2026-07-12 21.01.50.jpg,1.0,0.6356431436660991,0.7132544343835135,0.842469334602356,0.7545000364507292,0.9453338633868853
synthetic_m4,la_souris_truck,whitevan,10,6,2|4|5|6|7|9,2026-07-12 21.06.04.jpg|2026-07-12 21.01.23.jpg|2026-07-12 21.01.30.jpg|2026-07-12 21.01.33.jpg|2026-07-12 21.01.49.jpg|2026-07-12 21.01.51.jpg,1.0,0.6356431436660991,0.7132544343835135,0.842469334602356,0.7545000364507292,0.9453338633868853
synthetic_m4,la_souris_truck,whitevan,10,6,2|4|5|6|7|10,2026-07-12 21.06.04.jpg|2026-07-12 21.01.23.jpg|2026-07-12 21.01.30.jpg|2026-07-12 21.01.33.jpg|2026-07-12 21.01.49.jpg|2026-07-12 21.05.27.jpg,1.0,0.8456525181770173,0.8692215428199084,0.9713618159294128,0.8705844766688557,0.9984344611172458
synthetic_m4,la_souris_truck,whitevan,10,6,2|4|5|6|8|9,2026-07-12 21.06.04.jpg|2026-07-12 21.01.23.jpg|2026-07-12 21.01.30.jpg|2026-07-12 21.01.33.jpg|2026-07-12 21.01.50.jpg|2026-07-12 21.01.51.jpg,1.0,0.6356431436660991,0.7132544343835135,0.842469334602356,0.7545000364507292,0.9453338633868853
synthetic_m4,la_souris_truck,whitevan,10,6,2|4|5|6|8|10,2026-07-12 21.06.04.jpg|2026-07-12 21.01.23.jpg|2026-07-12 21.01.30.jpg|2026-07-12 21.01.33.jpg|2026-07-12 21.01.50.jpg|2026-07-12 21.05.27.jpg,1.0,0.8456525181770173,0.8692215428199084,0.9713618159294128,0.8705844766688557,0.9984344611172458
synthetic_m4,la_souris_truck,whitevan,10,6,2|4|5|6|9|10,2026-07-12 21.06.04.jpg|2026-07-12 21.01.23.jpg|2026-07-12 21.01.30.jpg|2026-07-12 21.01.33.jpg|2026-07-12 21.01.51.jpg|2026-07-12 21.05.27.jpg,1.0,0.8456525181770173,0.8692215428199084,0.9713618159294128,0.8705844766688557,0.9984344611172458
synthetic_m4,la_souris_truck,whitevan,10,6,2|4|5|7|8|9,2026-07-12 21.06.04.jpg|2026-07-12 21.01.23.jpg|2026-07-12 21.01.30.jpg|2026-07-12 21.01.49.jpg|2026-07-12 21.01.50.jpg|2026-07-12 21.01.51.jpg,1.0,0.6356431436660991,0.7132544343835135,0.842469334602356,0.7545000364507292,0.9453338633868853
synthetic_m4,la_souris_truck,whitevan,10,6,2|4|5|7|8|10,2026-07-12 21.06.04.jpg|2026-07-12 21.01.23.jpg|2026-07-12 21.01.30.jpg|2026-07-12 21.01.49.jpg|2026-07-12 21.01.50.jpg|2026-07-12 21.05.27.jpg,1.0,0.8456525181770173,0.8692215428199084,0.9713618159294128,0.8705844766688557,0.9984344611172458
synthetic_m4,la_souris_truck,whitevan,10,6,2|4|5|7|9|10,2026-07-12 21.06.04.jpg|2026-07-12 21.01.23.jpg|2026-07-12 21.01.30.jpg|2026-07-12 21.01.49.jpg|2026-07-12 21.01.51.jpg|2026-07-12 21.05.27.jpg,1.0,0.8456525181770173,0.8692215428199084,0.9713618159294128,0.8705844766688557,0.9984344611172458
synthetic_m4,la_souris_truck,whitevan,10,6,2|4|5|8|9|10,2026-07-12 21.06.04.jpg|2026-07-12 21.01.23.jpg|2026-07-12 21.01.30.jpg|2026-07-12 21.01.50.jpg|2026-07-12 21.01.51.jpg|2026-07-12 21.05.27.jpg,1.0,0.8456525181770173,0.8692215428199084,0.9713618159294128,0.8705844766688557,0.9984344611172458
synthetic_m4,la_souris_truck,whitevan,10,6,2|4|6|7|8|9,2026-07-12 21.06.04.jpg|2026-07-12 21.01.23.jpg|2026-07-12 21.01.33.jpg|2026-07-12 21.01.49.jpg|2026-07-12 21.01.50.jpg|2026-07-12 21.01.51.jpg,1.0,0.6356431436660991,0.7132544343835135,0.842469334602356,0.7545000364507292,0.9453338633868853
synthetic_m4,la_souris_truck,whitevan,10,6,2|4|6|7|8|10,2026-07-12 21.06.04.jpg|2026-07-12 21.01.23.jpg|2026-07-12 21.01.33.jpg|2026-07-12 21.01.49.jpg|2026-07-12 21.01.50.jpg|2026-07-12 21.05.27.jpg,1.0,0.8456525181770173,0.8692215428199084,0.9713618159294128,0.8705844766688557,0.9984344611172458
synthetic_m4,la_souris_truck,whitevan,10,6,2|4|6|7|9|10,2026-07-12 21.06.04.jpg|2026-07-12 21.01.23.jpg|2026-07-12 21.01.33.jpg|2026-07-12 21.01.49.jpg|2026-07-12 21.01.51.jpg|2026-07-12 21.05.27.jpg,1.0,0.8456525181770173,0.8692215428199084,0.9713618159294128,0.8705844766688557,0.9984344611172458
synthetic_m4,la_souris_truck,whitevan,10,6,2|4|6|8|9|10,2026-07-12 21.06.04.jpg|2026-07-12 21.01.23.jpg|2026-07-12 21.01.33.jpg|2026-07-12 21.01.50.jpg|2026-07-12 21.01.51.jpg|2026-07-12 21.05.27.jpg,1.0,0.8456525181770173,0.8692215428199084,0.9713618159294128,0.8705844766688557,0.9984344611172458
synthetic_m4,la_souris_truck,whitevan,10,6,2|4|7|8|9|10,2026-07-12 21.06.04.jpg|2026-07-12 21.01.23.jpg|2026-07-12 21.01.49.jpg|2026-07-12 21.01.50.jpg|2026-07-12 21.01.51.jpg|2026-07-12 21.05.27.jpg,1.0,0.8456525181770173,0.8692215428199084,0.9713618159294128,0.8705844766688557,0.9984344611172458
synthetic_m4,la_souris_truck,whitevan,10,6,2|5|6|7|8|9,2026-07-12 21.06.04.jpg|2026-07-12 21.01.30.jpg|2026-07-12 21.01.33.jpg|2026-07-12 21.01.49.jpg|2026-07-12 21.01.50.jpg|2026-07-12 21.01.51.jpg,1.0,0.6356431436660991,0.6356431436660991,0.842469334602356,0.7545000364507292,0.842469334602356
synthetic_m4,la_souris_truck,whitevan,10,6,2|5|6|7|8|10,2026-07-12 21.06.04.jpg|2026-07-12 21.01.30.jpg|2026-07-12 21.01.33.jpg|2026-07-12 21.01.49.jpg|2026-07-12 21.01.50.jpg|2026-07-12 21.05.27.jpg,1.0,0.8456525181770173,0.86665692865797,0.9713618159294128,0.8705844766688557,0.9954886078075802
synthetic_m4,la_souris_truck,whitevan,10,6,2|5|6|7|9|10,2026-07-12 21.06.04.jpg|2026-07-12 21.01.30.jpg|2026-07-12 21.01.33.jpg|2026-07-12 21.01.49.jpg|2026-07-12 21.01.51.jpg|2026-07-12 21.05.27.jpg,1.0,0.8456525181770173,0.86665692865797,0.9713618159294128,0.8705844766688557,0.9954886078075802
synthetic_m4,la_souris_truck,whitevan,10,6,2|5|6|8|9|10,2026-07-12 21.06.04.jpg|2026-07-12 21.01.30.jpg|2026-07-12 21.01.33.jpg|2026-07-12 21.01.50.jpg|2026-07-12 21.01.51.jpg|2026-07-12 21.05.27.jpg,1.0,0.8456525181770173,0.86665692865797,0.9713618159294128,0.8705844766688557,0.9954886078075802
synthetic_m4,la_souris_truck,whitevan,10,6,2|5|7|8|9|10,2026-07-12 21.06.04.jpg|2026-07-12 21.01.30.jpg|2026-07-12 21.01.49.jpg|2026-07-12 21.01.50.jpg|2026-07-12 21.01.51.jpg|2026-07-12 21.05.27.jpg,1.0,0.8456525181770173,0.86665692865797,0.9713618159294128,0.8705844766688557,0.9954886078075802
synthetic_m4,la_souris_truck,whitevan,10,6,2|6|7|8|9|10,2026-07-12 21.06.04.jpg|2026-07-12 21.01.33.jpg|2026-07-12 21.01.49.jpg|2026-07-12 21.01.50.jpg|2026-07-12 21.01.51.jpg|2026-07-12 21.05.27.jpg,1.0,0.8456525181770173,0.86665692865797,0.9713618159294128,0.8705844766688557,0.9954886078075802
synthetic_m4,la_souris_truck,whitevan,10,6,3|4|5|6|7|8,2026-07-12 21.01.06.jpg|2026-07-12 21.01.23.jpg|2026-07-12 21.01.30.jpg|2026-07-12 21.01.33.jpg|2026-07-12 21.01.49.jpg|2026-07-12 21.01.50.jpg,1.0,0.43788815834608197,0.43788815834608197,0.6529809832572937,0.6705986385112553,0.6529809832572937
synthetic_m4,la_souris_truck,whitevan,10,6,3|4|5|6|7|9,2026-07-12 21.01.06.jpg|2026-07-12 21.01.23.jpg|2026-07-12 21.01.30.jpg|2026-07-12 21.01.33.jpg|2026-07-12 21.01.49.jpg|2026-07-12 21.01.51.jpg,1.0,0.43788815834608197,0.43788815834608197,0.6529809832572937,0.6705986385112553,0.6529809832572937
synthetic_m4,la_souris_truck,whitevan,10,6,3|4|5|6|7|10,2026-07-12 21.01.06.jpg|2026-07-12 21.01.23.jpg|2026-07-12 21.01.30.jpg|2026-07-12 21.01.33.jpg|2026-07-12 21.01.49.jpg|2026-07-12 21.05.27.jpg,1.0,0.8456525181770173,0.861932612947548,0.9713618159294128,0.8705844766688557,0.9900620055225282
synthetic_m4,la_souris_truck,whitevan,10,6,3|4|5|6|8|9,2026-07-12 21.01.06.jpg|2026-07-12 21.01.23.jpg|2026-07-12 21.01.30.jpg|2026-07-12 21.01.33.jpg|2026-07-12 21.01.50.jpg|2026-07-12 21.01.51.jpg,1.0,0.43788815834608197,0.43788815834608197,0.6529809832572937,0.6705986385112553,0.6529809832572937
synthetic_m4,la_souris_truck,whitevan,10,6,3|4|5|6|8|10,2026-07-12 21.01.06.jpg|2026-07-12 21.01.23.jpg|2026-07-12 21.01.30.jpg|2026-07-12 21.01.33.jpg|2026-07-12 21.01.50.jpg|2026-07-12 21.05.27.jpg,1.0,0.8456525181770173,0.861932612947548,0.9713618159294128,0.8705844766688557,0.9900620055225282
synthetic_m4,la_souris_truck,whitevan,10,6,3|4|5|6|9|10,2026-07-12 21.01.06.jpg|2026-07-12 21.01.23.jpg|2026-07-12 21.01.30.jpg|2026-07-12 21.01.33.jpg|2026-07-12 21.01.51.jpg|2026-07-12 21.05.27.jpg,1.0,0.8456525181770173,0.861932612947548,0.9713618159294128,0.8705844766688557,0.9900620055225282
synthetic_m4,la_souris_truck,whitevan,10,6,3|4|5|7|8|9,2026-07-12 21.01.06.jpg|2026-07-12 21.01.23.jpg|2026-07-12 21.01.30.jpg|2026-07-12 21.01.49.jpg|2026-07-12 21.01.50.jpg|2026-07-12 21.01.51.jpg,1.0,0.43788815834608197,0.43788815834608197,0.6529809832572937,0.6705986385112553,0.6529809832572937
synthetic_m4,la_souris_truck,whitevan,10,6,3|4|5|7|8|10,2026-07-12 21.01.06.jpg|2026-07-12 21.01.23.jpg|2026-07-12 21.01.30.jpg|2026-07-12 21.01.49.jpg|2026-07-12 21.01.50.jpg|2026-07-12 21.05.27.jpg,1.0,0.8456525181770173,0.861932612947548,0.9713618159294128,0.8705844766688557,0.9900620055225282
synthetic_m4,la_souris_truck,whitevan,10,6,3|4|5|7|9|10,2026-07-12 21.01.06.jpg|2026-07-12 21.01.23.jpg|2026-07-12 21.01.30.jpg|2026-07-12 21.01.49.jpg|2026-07-12 21.01.51.jpg|2026-07-12 21.05.27.jpg,1.0,0.8456525181770173,0.861932612947548,0.9713618159294128,0.8705844766688557,0.9900620055225282
synthetic_m4,la_souris_truck,whitevan,10,6,3|4|5|8|9|10,2026-07-12 21.01.06.jpg|2026-07-12 21.01.23.jpg|2026-07-12 21.01.30.jpg|2026-07-12 21.01.50.jpg|2026-07-12 21.01.51.jpg|2026-07-12 21.05.27.jpg,1.0,0.8456525181770173,0.861932612947548,0.9713618159294128,0.8705844766688557,0.9900620055225282
synthetic_m4,la_souris_truck,whitevan,10,6,3|4|6|7|8|9,2026-07-12 21.01.06.jpg|2026-07-12 21.01.23.jpg|2026-07-12 21.01.33.jpg|2026-07-12 21.01.49.jpg|2026-07-12 21.01.50.jpg|2026-07-12 21.01.51.jpg,1.0,0.43788815834608197,0.43788815834608197,0.6529809832572937,0.6705986385112553,0.6529809832572937
synthetic_m4,la_souris_truck,whitevan,10,6,3|4|6|7|8|10,2026-07-12 21.01.06.jpg|2026-07-12 21.01.23.jpg|2026-07-12 21.01.33.jpg|2026-07-12 21.01.49.jpg|2026-07-12 21.01.50.jpg|2026-07-12 21.05.27.jpg,1.0,0.8456525181770173,0.861932612947548,0.9713618159294128,0.8705844766688557,0.9900620055225282
synthetic_m4,la_souris_truck,whitevan,10,6,3|4|6|7|9|10,2026-07-12 21.01.06.jpg|2026-07-12 21.01.23.jpg|2026-07-12 21.01.33.jpg|2026-07-12 21.01.49.jpg|2026-07-12 21.01.51.jpg|2026-07-12 21.05.27.jpg,1.0,0.8456525181770173,0.861932612947548,0.9713618159294128,0.8705844766688557,0.9900620055225282
synthetic_m4,la_souris_truck,whitevan,10,6,3|4|6|8|9|10,2026-07-12 21.01.06.jpg|2026-07-12 21.01.23.jpg|2026-07-12 21.01.33.jpg|2026-07-12 21.01.50.jpg|2026-07-12 21.01.51.jpg|2026-07-12 21.05.27.jpg,1.0,0.8456525181770173,0.861932612947548,0.9713618159294128,0.8705844766688557,0.9900620055225282
synthetic_m4,la_souris_truck,whitevan,10,6,3|4|7|8|9|10,2026-07-12 21.01.06.jpg|2026-07-12 21.01.23.jpg|2026-07-12 21.01.49.jpg|2026-07-12 21.01.50.jpg|2026-07-12 21.01.51.jpg|2026-07-12 21.05.27.jpg,1.0,0.8456525181770173,0.861932612947548,0.9713618159294128,0.8705844766688557,0.9900620055225282
synthetic_m4,la_souris_truck,whitevan,10,6,3|5|6|7|8|9,2026-07-12 21.01.06.jpg|2026-07-12 21.01.30.jpg|2026-07-12 21.01.33.jpg|2026-07-12 21.01.49.jpg|2026-07-12 21.01.50.jpg|2026-07-12 21.01.51.jpg,0.0,0.0,0.0,0.0,0.0,0.0
synthetic_m4,la_souris_truck,whitevan,10,6,3|5|6|7|8|10,2026-07-12 21.01.06.jpg|2026-07-12 21.01.30.jpg|2026-07-12 21.01.33.jpg|2026-07-12 21.01.49.jpg|2026-07-12 21.01.50.jpg|2026-07-12 21.05.27.jpg,1.0,0.8456525181770173,0.8456525181770173,0.9713618159294128,0.8705844766688557,0.9713618159294128
synthetic_m4,la_souris_truck,whitevan,10,6,3|5|6|7|9|10,2026-07-12 21.01.06.jpg|2026-07-12 21.01.30.jpg|2026-07-12 21.01.33.jpg|2026-07-12 21.01.49.jpg|2026-07-12 21.01.51.jpg|2026-07-12 21.05.27.jpg,1.0,0.8456525181770173,0.8456525181770173,0.9713618159294128,0.8705844766688557,0.9713618159294128
synthetic_m4,la_souris_truck,whitevan,10,6,3|5|6|8|9|10,2026-07-12 21.01.06.jpg|2026-07-12 21.01.30.jpg|2026-07-12 21.01.33.jpg|2026-07-12 21.01.50.jpg|2026-07-12 21.01.51.jpg|2026-07-12 21.05.27.jpg,1.0,0.8456525181770173,0.8456525181770173,0.9713618159294128,0.8705844766688557,0.9713618159294128
synthetic_m4,la_souris_truck,whitevan,10,6,3|5|7|8|9|10,2026-07-12 21.01.06.jpg|2026-07-12 21.01.30.jpg|2026-07-12 21.01.49.jpg|2026-07-12 21.01.50.jpg|2026-07-12 21.01.51.jpg|2026-07-12 21.05.27.jpg,1.0,0.8456525181770173,0.8456525181770173,0.9713618159294128,0.8705844766688557,0.9713618159294128
synthetic_m4,la_souris_truck,whitevan,10,6,3|6|7|8|9|10,2026-07-12 21.01.06.jpg|2026-07-12 21.01.33.jpg|2026-07-12 21.01.49.jpg|2026-07-12 21.01.50.jpg|2026-07-12 21.01.51.jpg|2026-07-12 21.05.27.jpg,1.0,0.8456525181770173,0.8456525181770173,0.9713618159294128,0.8705844766688557,0.9713618159294128
synthetic_m4,la_souris_truck,whitevan,10,6,4|5|6|7|8|9,2026-07-12 21.01.23.jpg|2026-07-12 21.01.30.jpg|2026-07-12 21.01.33.jpg|2026-07-12 21.01.49.jpg|2026-07-12 21.01.50.jpg|2026-07-12 21.01.51.jpg,1.0,0.43788815834608197,0.43788815834608197,0.6529809832572937,0.6705986385112553,0.6529809832572937
synthetic_m4,la_souris_truck,whitevan,10,6,4|5|6|7|8|10,2026-07-12 21.01.23.jpg|2026-07-12 21.01.30.jpg|2026-07-12 21.01.33.jpg|2026-07-12 21.01.49.jpg|2026-07-12 21.01.50.jpg|2026-07-12 21.05.27.jpg,1.0,0.8456525181770173,0.861932612947548,0.9713618159294128,0.8705844766688557,0.9900620055225282
synthetic_m4,la_souris_truck,whitevan,10,6,4|5|6|7|9|10,2026-07-12 21.01.23.jpg|2026-07-12 21.01.30.jpg|2026-07-12 21.01.33.jpg|2026-07-12 21.01.49.jpg|2026-07-12 21.01.51.jpg|2026-07-12 21.05.27.jpg,1.0,0.8456525181770173,0.861932612947548,0.9713618159294128,0.8705844766688557,0.9900620055225282
synthetic_m4,la_souris_truck,whitevan,10,6,4|5|6|8|9|10,2026-07-12 21.01.23.jpg|2026-07-12 21.01.30.jpg|2026-07-12 21.01.33.jpg|2026-07-12 21.01.50.jpg|2026-07-12 21.01.51.jpg|2026-07-12 21.05.27.jpg,1.0,0.8456525181770173,0.861932612947548,0.9713618159294128,0.8705844766688557,0.9900620055225282
synthetic_m4,la_souris_truck,whitevan,10,6,4|5|7|8|9|10,2026-07-12 21.01.23.jpg|2026-07-12 21.01.30.jpg|2026-07-12 21.01.49.jpg|2026-07-12 21.01.50.jpg|2026-07-12 21.01.51.jpg|2026-07-12 21.05.27.jpg,1.0,0.8456525181770173,0.861932612947548,0.9713618159294128,0.8705844766688557,0.9900620055225282
synthetic_m4,la_souris_truck,whitevan,10,6,4|6|7|8|9|10,2026-07-12 21.01.23.jpg|2026-07-12 21.01.33.jpg|2026-07-12 21.01.49.jpg|2026-07-12 21.01.50.jpg|2026-07-12 21.01.51.jpg|2026-07-12 21.05.27.jpg,1.0,0.8456525181770173,0.861932612947548,0.9713618159294128,0.8705844766688557,0.9900620055225282
synthetic_m4,la_souris_truck,whitevan,10,6,5|6|7|8|9|10,2026-07-12 21.01.30.jpg|2026-07-12 21.01.33.jpg|2026-07-12 21.01.49.jpg|2026-07-12 21.01.50.jpg|2026-07-12 21.01.51.jpg|2026-07-12 21.05.27.jpg,1.0,0.8456525181770173,0.8456525181770173,0.9713618159294128,0.8705844766688557,0.9713618159294128
synthetic_m4,la_souris_truck,whitevan,10,7,1|2|3|4|5|6|7,2026-07-12 21.05.57.jpg|2026-07-12 21.06.04.jpg|2026-07-12 21.01.06.jpg|2026-07-12 21.01.23.jpg|2026-07-12 21.01.30.jpg|2026-07-12 21.01.33.jpg|2026-07-12 21.01.49.jpg,1.0,0.6356431436660991,0.7648578550433748,0.842469334602356,0.7871083728731303,0.9717313160466888
synthetic_m4,la_souris_truck,whitevan,10,7,1|2|3|4|5|6|8,2026-07-12 21.05.57.jpg|2026-07-12 21.06.04.jpg|2026-07-12 21.01.06.jpg|2026-07-12 21.01.23.jpg|2026-07-12 21.01.30.jpg|2026-07-12 21.01.33.jpg|2026-07-12 21.01.50.jpg,1.0,0.6356431436660991,0.7648578550433748,0.842469334602356,0.7871083728731303,0.9717313160466888
synthetic_m4,la_souris_truck,whitevan,10,7,1|2|3|4|5|6|9,2026-07-12 21.05.57.jpg|2026-07-12 21.06.04.jpg|2026-07-12 21.01.06.jpg|2026-07-12 21.01.23.jpg|2026-07-12 21.01.30.jpg|2026-07-12 21.01.33.jpg|2026-07-12 21.01.51.jpg,1.0,0.6356431436660991,0.7648578550433748,0.842469334602356,0.7871083728731303,0.9717313160466888
synthetic_m4,la_souris_truck,whitevan,10,7,1|2|3|4|5|6|10,2026-07-12 21.05.57.jpg|2026-07-12 21.06.04.jpg|2026-07-12 21.01.06.jpg|2026-07-12 21.01.23.jpg|2026-07-12 21.01.30.jpg|2026-07-12 21.01.33.jpg|2026-07-12 21.05.27.jpg,1.0,0.8456525181770173,0.8698796830139129,0.9713618159294128,0.8705844766688557,0.9991904362255118
synthetic_m4,la_souris_truck,whitevan,10,7,1|2|3|4|5|7|8,2026-07-12 21.05.57.jpg|2026-07-12 21.06.04.jpg|2026-07-12 21.01.06.jpg|2026-07-12 21.01.23.jpg|2026-07-12 21.01.30.jpg|2026-07-12 21.01.49.jpg|2026-07-12 21.01.50.jpg,1.0,0.6356431436660991,0.7648578550433748,0.842469334602356,0.7871083728731303,0.9717313160466888
synthetic_m4,la_souris_truck,whitevan,10,7,1|2|3|4|5|7|9,2026-07-12 21.05.57.jpg|2026-07-12 21.06.04.jpg|2026-07-12 21.01.06.jpg|2026-07-12 21.01.23.jpg|2026-07-12 21.01.30.jpg|2026-07-12 21.01.49.jpg|2026-07-12 21.01.51.jpg,1.0,0.6356431436660991,0.7648578550433748,0.842469334602356,0.7871083728731303,0.9717313160466888
synthetic_m4,la_souris_truck,whitevan,10,7,1|2|3|4|5|7|10,2026-07-12 21.05.57.jpg|2026-07-12 21.06.04.jpg|2026-07-12 21.01.06.jpg|2026-07-12 21.01.23.jpg|2026-07-12 21.01.30.jpg|2026-07-12 21.01.49.jpg|2026-07-12 21.05.27.jpg,1.0,0.8456525181770173,0.8698796830139129,0.9713618159294128,0.8705844766688557,0.9991904362255118
synthetic_m4,la_souris_truck,whitevan,10,7,1|2|3|4|5|8|9,2026-07-12 21.05.57.jpg|2026-07-12 21.06.04.jpg|2026-07-12 21.01.06.jpg|2026-07-12 21.01.23.jpg|2026-07-12 21.01.30.jpg|2026-07-12 21.01.50.jpg|2026-07-12 21.01.51.jpg,1.0,0.6356431436660991,0.7648578550433748,0.842469334602356,0.7871083728731303,0.9717313160466888
synthetic_m4,la_souris_truck,whitevan,10,7,1|2|3|4|5|8|10,2026-07-12 21.05.57.jpg|2026-07-12 21.06.04.jpg|2026-07-12 21.01.06.jpg|2026-07-12 21.01.23.jpg|2026-07-12 21.01.30.jpg|2026-07-12 21.01.50.jpg|2026-07-12 21.05.27.jpg,1.0,0.8456525181770173,0.8698796830139129,0.9713618159294128,0.8705844766688557,0.9991904362255118
synthetic_m4,la_souris_truck,whitevan,10,7,1|2|3|4|5|9|10,2026-07-12 21.05.57.jpg|2026-07-12 21.06.04.jpg|2026-07-12 21.01.06.jpg|2026-07-12 21.01.23.jpg|2026-07-12 21.01.30.jpg|2026-07-12 21.01.51.jpg|2026-07-12 21.05.27.jpg,1.0,0.8456525181770173,0.8698796830139129,0.9713618159294128,0.8705844766688557,0.9991904362255118
synthetic_m4,la_souris_truck,whitevan,10,7,1|2|3|4|6|7|8,2026-07-12 21.05.57.jpg|2026-07-12 21.06.04.jpg|2026-07-12 21.01.06.jpg|2026-07-12 21.01.23.jpg|2026-07-12 21.01.33.jpg|2026-07-12 21.01.49.jpg|2026-07-12 21.01.50.jpg,1.0,0.6356431436660991,0.7648578550433748,0.842469334602356,0.7871083728731303,0.9717313160466888
synthetic_m4,la_souris_truck,whitevan,10,7,1|2|3|4|6|7|9,2026-07-12 21.05.57.jpg|2026-07-12 21.06.04.jpg|2026-07-12 21.01.06.jpg|2026-07-12 21.01.23.jpg|2026-07-12 21.01.33.jpg|2026-07-12 21.01.49.jpg|2026-07-12 21.01.51.jpg,1.0,0.6356431436660991,0.7648578550433748,0.842469334602356,0.7871083728731303,0.9717313160466888
synthetic_m4,la_souris_truck,whitevan,10,7,1|2|3|4|6|7|10,2026-07-12 21.05.57.jpg|2026-07-12 21.06.04.jpg|2026-07-12 21.01.06.jpg|2026-07-12 21.01.23.jpg|2026-07-12 21.01.33.jpg|2026-07-12 21.01.49.jpg|2026-07-12 21.05.27.jpg,1.0,0.8456525181770173,0.8698796830139129,0.9713618159294128,0.8705844766688557,0.9991904362255118
synthetic_m4,la_souris_truck,whitevan,10,7,1|2|3|4|6|8|9,2026-07-12 21.05.57.jpg|2026-07-12 21.06.04.jpg|2026-07-12 21.01.06.jpg|2026-07-12 21.01.23.jpg|2026-07-12 21.01.33.jpg|2026-07-12 21.01.50.jpg|2026-07-12 21.01.51.jpg,1.0,0.6356431436660991,0.7648578550433748,0.842469334602356,0.7871083728731303,0.9717313160466888
synthetic_m4,la_souris_truck,whitevan,10,7,1|2|3|4|6|8|10,2026-07-12 21.05.57.jpg|2026-07-12 21.06.04.jpg|2026-07-12 21.01.06.jpg|2026-07-12 21.01.23.jpg|2026-07-12 21.01.33.jpg|2026-07-12 21.01.50.jpg|2026-07-12 21.05.27.jpg,1.0,0.8456525181770173,0.8698796830139129,0.9713618159294128,0.8705844766688557,0.9991904362255118
synthetic_m4,la_souris_truck,whitevan,10,7,1|2|3|4|6|9|10,2026-07-12 21.05.57.jpg|2026-07-12 21.06.04.jpg|2026-07-12 21.01.06.jpg|2026-07-12 21.01.23.jpg|2026-07-12 21.01.33.jpg|2026-07-12 21.01.51.jpg|2026-07-12 21.05.27.jpg,1.0,0.8456525181770173,0.8698796830139129,0.9713618159294128,0.8705844766688557,0.9991904362255118
synthetic_m4,la_souris_truck,whitevan,10,7,1|2|3|4|7|8|9,2026-07-12 21.05.57.jpg|2026-07-12 21.06.04.jpg|2026-07-12 21.01.06.jpg|2026-07-12 21.01.23.jpg|2026-07-12 21.01.49.jpg|2026-07-12 21.01.50.jpg|2026-07-12 21.01.51.jpg,1.0,0.6356431436660991,0.7648578550433748,0.842469334602356,0.7871083728731303,0.9717313160466888
synthetic_m4,la_souris_truck,whitevan,10,7,1|2|3|4|7|8|10,2026-07-12 21.05.57.jpg|2026-07-12 21.06.04.jpg|2026-07-12 21.01.06.jpg|2026-07-12 21.01.23.jpg|2026-07-12 21.01.49.jpg|2026-07-12 21.01.50.jpg|2026-07-12 21.05.27.jpg,1.0,0.8456525181770173,0.8698796830139129,0.9713618159294128,0.8705844766688557,0.9991904362255118
synthetic_m4,la_souris_truck,whitevan,10,7,1|2|3|4|7|9|10,2026-07-12 21.05.57.jpg|2026-07-12 21.06.04.jpg|2026-07-12 21.01.06.jpg|2026-07-12 21.01.23.jpg|2026-07-12 21.01.49.jpg|2026-07-12 21.01.51.jpg|2026-07-12 21.05.27.jpg,1.0,0.8456525181770173,0.8698796830139129,0.9713618159294128,0.8705844766688557,0.9991904362255118
synthetic_m4,la_souris_truck,whitevan,10,7,1|2|3|4|8|9|10,2026-07-12 21.05.57.jpg|2026-07-12 21.06.04.jpg|2026-07-12 21.01.06.jpg|2026-07-12 21.01.23.jpg|2026-07-12 21.01.50.jpg|2026-07-12 21.01.51.jpg|2026-07-12 21.05.27.jpg,1.0,0.8456525181770173,0.8698796830139129,0.9713618159294128,0.8705844766688557,0.9991904362255118
synthetic_m4,la_souris_truck,whitevan,10,7,1|2|3|5|6|7|8,2026-07-12 21.05.57.jpg|2026-07-12 21.06.04.jpg|2026-07-12 21.01.06.jpg|2026-07-12 21.01.30.jpg|2026-07-12 21.01.33.jpg|2026-07-12 21.01.49.jpg|2026-07-12 21.01.50.jpg,1.0,0.6356431436660991,0.7229893570376007,0.842469334602356,0.7871083728731303,0.918538516365313
synthetic_m4,la_souris_truck,whitevan,10,7,1|2|3|5|6|7|9,2026-07-12 21.05.57.jpg|2026-07-12 21.06.04.jpg|2026-07-12 21.01.06.jpg|2026-07-12 21.01.30.jpg|2026-07-12 21.01.33.jpg|2026-07-12 21.01.49.jpg|2026-07-12 21.01.51.jpg,1.0,0.6356431436660991,0.7229893570376007,0.842469334602356,0.7871083728731303,0.918538516365313
synthetic_m4,la_souris_truck,whitevan,10,7,1|2|3|5|6|7|10,2026-07-12 21.05.57.jpg|2026-07-12 21.06.04.jpg|2026-07-12 21.01.06.jpg|2026-07-12 21.01.30.jpg|2026-07-12 21.01.33.jpg|2026-07-12 21.01.49.jpg|2026-07-12 21.05.27.jpg,1.0,0.8456525181770173,0.8685534823401921,0.9713618159294128,0.8705844766688557,0.9976670910370067
synthetic_m4,la_souris_truck,whitevan,10,7,1|2|3|5|6|8|9,2026-07-12 21.05.57.jpg|2026-07-12 21.06.04.jpg|2026-07-12 21.01.06.jpg|2026-07-12 21.01.30.jpg|2026-07-12 21.01.33.jpg|2026-07-12 21.01.50.jpg|2026-07-12 21.01.51.jpg,1.0,0.6356431436660991,0.7229893570376007,0.842469334602356,0.7871083728731303,0.918538516365313
synthetic_m4,la_souris_truck,whitevan,10,7,1|2|3|5|6|8|10,2026-07-12 21.05.57.jpg|2026-07-12 21.06.04.jpg|2026-07-12 21.01.06.jpg|2026-07-12 21.01.30.jpg|2026-07-12 21.01.33.jpg|2026-07-12 21.01.50.jpg|2026-07-12 21.05.27.jpg,1.0,0.8456525181770173,0.8685534823401921,0.9713618159294128,0.8705844766688557,0.9976670910370067
synthetic_m4,la_souris_truck,whitevan,10,7,1|2|3|5|6|9|10,2026-07-12 21.05.57.jpg|2026-07-12 21.06.04.jpg|2026-07-12 21.01.06.jpg|2026-07-12 21.01.30.jpg|2026-07-12 21.01.33.jpg|2026-07-12 21.01.51.jpg|2026-07-12 21.05.27.jpg,1.0,0.8456525181770173,0.8685534823401921,0.9713618159294128,0.8705844766688557,0.9976670910370067
synthetic_m4,la_souris_truck,whitevan,10,7,1|2|3|5|7|8|9,2026-07-12 21.05.57.jpg|2026-07-12 21.06.04.jpg|2026-07-12 21.01.06.jpg|2026-07-12 21.01.30.jpg|2026-07-12 21.01.49.jpg|2026-07-12 21.01.50.jpg|2026-07-12 21.01.51.jpg,1.0,0.6356431436660991,0.7229893570376007,0.842469334602356,0.7871083728731303,0.918538516365313
synthetic_m4,la_souris_truck,whitevan,10,7,1|2|3|5|7|8|10,2026-07-12 21.05.57.jpg|2026-07-12 21.06.04.jpg|2026-07-12 21.01.06.jpg|2026-07-12 21.01.30.jpg|2026-07-12 21.01.49.jpg|2026-07-12 21.01.50.jpg|2026-07-12 21.05.27.jpg,1.0,0.8456525181770173,0.8685534823401921,0.9713618159294128,0.8705844766688557,0.9976670910370067
synthetic_m4,la_souris_truck,whitevan,10,7,1|2|3|5|7|9|10,2026-07-12 21.05.57.jpg|2026-07-12 21.06.04.jpg|2026-07-12 21.01.06.jpg|2026-07-12 21.01.30.jpg|2026-07-12 21.01.49.jpg|2026-07-12 21.01.51.jpg|2026-07-12 21.05.27.jpg,1.0,0.8456525181770173,0.8685534823401921,0.9713618159294128,0.8705844766688557,0.9976670910370067
synthetic_m4,la_souris_truck,whitevan,10,7,1|2|3|5|8|9|10,2026-07-12 21.05.57.jpg|2026-07-12 21.06.04.jpg|2026-07-12 21.01.06.jpg|2026-07-12 21.01.30.jpg|2026-07-12 21.01.50.jpg|2026-07-12 21.01.51.jpg|2026-07-12 21.05.27.jpg,1.0,0.8456525181770173,0.8685534823401921,0.9713618159294128,0.8705844766688557,0.9976670910370067
synthetic_m4,la_souris_truck,whitevan,10,7,1|2|3|6|7|8|9,2026-07-12 21.05.57.jpg|2026-07-12 21.06.04.jpg|2026-07-12 21.01.06.jpg|2026-07-12 21.01.33.jpg|2026-07-12 21.01.49.jpg|2026-07-12 21.01.50.jpg|2026-07-12 21.01.51.jpg,1.0,0.6356431436660991,0.7229893570376007,0.842469334602356,0.7871083728731303,0.918538516365313
synthetic_m4,la_souris_truck,whitevan,10,7,1|2|3|6|7|8|10,2026-07-12 21.05.57.jpg|2026-07-12 21.06.04.jpg|2026-07-12 21.01.06.jpg|2026-07-12 21.01.33.jpg|2026-07-12 21.01.49.jpg|2026-07-12 21.01.50.jpg|2026-07-12 21.05.27.jpg,1.0,0.8456525181770173,0.8685534823401921,0.9713618159294128,0.8705844766688557,0.9976670910370067
synthetic_m4,la_souris_truck,whitevan,10,7,1|2|3|6|7|9|10,2026-07-12 21.05.57.jpg|2026-07-12 21.06.04.jpg|2026-07-12 21.01.06.jpg|2026-07-12 21.01.33.jpg|2026-07-12 21.01.49.jpg|2026-07-12 21.01.51.jpg|2026-07-12 21.05.27.jpg,1.0,0.8456525181770173,0.8685534823401921,0.9713618159294128,0.8705844766688557,0.9976670910370067
synthetic_m4,la_souris_truck,whitevan,10,7,1|2|3|6|8|9|10,2026-07-12 21.05.57.jpg|2026-07-12 21.06.04.jpg|2026-07-12 21.01.06.jpg|2026-07-12 21.01.33.jpg|2026-07-12 21.01.50.jpg|2026-07-12 21.01.51.jpg|2026-07-12 21.05.27.jpg,1.0,0.8456525181770173,0.8685534823401921,0.9713618159294128,0.8705844766688557,0.9976670910370067
synthetic_m4,la_souris_truck,whitevan,10,7,1|2|3|7|8|9|10,2026-07-12 21.05.57.jpg|2026-07-12 21.06.04.jpg|2026-07-12 21.01.06.jpg|2026-07-12 21.01.49.jpg|2026-07-12 21.01.50.jpg|2026-07-12 21.01.51.jpg|2026-07-12 21.05.27.jpg,1.0,0.8456525181770173,0.8685534823401921,0.9713618159294128,0.8705844766688557,0.9976670910370067
synthetic_m4,la_souris_truck,whitevan,10,7,1|2|4|5|6|7|8,2026-07-12 21.05.57.jpg|2026-07-12 21.06.04.jpg|2026-07-12 21.01.23.jpg|2026-07-12 21.01.30.jpg|2026-07-12 21.01.33.jpg|2026-07-12 21.01.49.jpg|2026-07-12 21.01.50.jpg,1.0,0.6356431436660991,0.7648578550433748,0.842469334602356,0.7871083728731303,0.9717313160466888
synthetic_m4,la_souris_truck,whitevan,10,7,1|2|4|5|6|7|9,2026-07-12 21.05.57.jpg|2026-07-12 21.06.04.jpg|2026-07-12 21.01.23.jpg|2026-07-12 21.01.30.jpg|2026-07-12 21.01.33.jpg|2026-07-12 21.01.49.jpg|2026-07-12 21.01.51.jpg,1.0,0.6356431436660991,0.7648578550433748,0.842469334602356,0.7871083728731303,0.9717313160466888
synthetic_m4,la_souris_truck,whitevan,10,7,1|2|4|5|6|7|10,2026-07-12 21.05.57.jpg|2026-07-12 21.06.04.jpg|2026-07-12 21.01.23.jpg|2026-07-12 21.01.30.jpg|2026-07-12 21.01.33.jpg|2026-07-12 21.01.49.jpg|2026-07-12 21.05.27.jpg,1.0,0.8456525181770173,0.8698796830139129,0.9713618159294128,0.8705844766688557,0.9991904362255118
synthetic_m4,la_souris_truck,whitevan,10,7,1|2|4|5|6|8|9,2026-07-12 21.05.57.jpg|2026-07-12 21.06.04.jpg|2026-07-12 21.01.23.jpg|2026-07-12 21.01.30.jpg|2026-07-12 21.01.33.jpg|2026-07-12 21.01.50.jpg|2026-07-12 21.01.51.jpg,1.0,0.6356431436660991,0.7648578550433748,0.842469334602356,0.7871083728731303,0.9717313160466888
synthetic_m4,la_souris_truck,whitevan,10,7,1|2|4|5|6|8|10,2026-07-12 21.05.57.jpg|2026-07-12 21.06.04.jpg|2026-07-12 21.01.23.jpg|2026-07-12 21.01.30.jpg|2026-07-12 21.01.33.jpg|2026-07-12 21.01.50.jpg|2026-07-12 21.05.27.jpg,1.0,0.8456525181770173,0.8698796830139129,0.9713618159294128,0.8705844766688557,0.9991904362255118
synthetic_m4,la_souris_truck,whitevan,10,7,1|2|4|5|6|9|10,2026-07-12 21.05.57.jpg|2026-07-12 21.06.04.jpg|2026-07-12 21.01.23.jpg|2026-07-12 21.01.30.jpg|2026-07-12 21.01.33.jpg|2026-07-12 21.01.51.jpg|2026-07-12 21.05.27.jpg,1.0,0.8456525181770173,0.8698796830139129,0.9713618159294128,0.8705844766688557,0.9991904362255118
synthetic_m4,la_souris_truck,whitevan,10,7,1|2|4|5|7|8|9,2026-07-12 21.05.57.jpg|2026-07-12 21.06.04.jpg|2026-07-12 21.01.23.jpg|2026-07-12 21.01.30.jpg|2026-07-12 21.01.49.jpg|2026-07-12 21.01.50.jpg|2026-07-12 21.01.51.jpg,1.0,0.6356431436660991,0.7648578550433748,0.842469334602356,0.7871083728731303,0.9717313160466888
synthetic_m4,la_souris_truck,whitevan,10,7,1|2|4|5|7|8|10,2026-07-12 21.05.57.jpg|2026-07-12 21.06.04.jpg|2026-07-12 21.01.23.jpg|2026-07-12 21.01.30.jpg|2026-07-12 21.01.49.jpg|2026-07-12 21.01.50.jpg|2026-07-12 21.05.27.jpg,1.0,0.8456525181770173,0.8698796830139129,0.9713618159294128,0.8705844766688557,0.9991904362255118
synthetic_m4,la_souris_truck,whitevan,10,7,1|2|4|5|7|9|10,2026-07-12 21.05.57.jpg|2026-07-12 21.06.04.jpg|2026-07-12 21.01.23.jpg|2026-07-12 21.01.30.jpg|2026-07-12 21.01.49.jpg|2026-07-12 21.01.51.jpg|2026-07-12 21.05.27.jpg,1.0,0.8456525181770173,0.8698796830139129,0.9713618159294128,0.8705844766688557,0.9991904362255118
synthetic_m4,la_souris_truck,whitevan,10,7,1|2|4|5|8|9|10,2026-07-12 21.05.57.jpg|2026-07-12 21.06.04.jpg|2026-07-12 21.01.23.jpg|2026-07-12 21.01.30.jpg|2026-07-12 21.01.50.jpg|2026-07-12 21.01.51.jpg|2026-07-12 21.05.27.jpg,1.0,0.8456525181770173,0.8698796830139129,0.9713618159294128,0.8705844766688557,0.9991904362255118
synthetic_m4,la_souris_truck,whitevan,10,7,1|2|4|6|7|8|9,2026-07-12 21.05.57.jpg|2026-07-12 21.06.04.jpg|2026-07-12 21.01.23.jpg|2026-07-12 21.01.33.jpg|2026-07-12 21.01.49.jpg|2026-07-12 21.01.50.jpg|2026-07-12 21.01.51.jpg,1.0,0.6356431436660991,0.7648578550433748,0.842469334602356,0.7871083728731303,0.9717313160466888
synthetic_m4,la_souris_truck,whitevan,10,7,1|2|4|6|7|8|10,2026-07-12 21.05.57.jpg|2026-07-12 21.06.04.jpg|2026-07-12 21.01.23.jpg|2026-07-12 21.01.33.jpg|2026-07-12 21.01.49.jpg|2026-07-12 21.01.50.jpg|2026-07-12 21.05.27.jpg,1.0,0.8456525181770173,0.8698796830139129,0.9713618159294128,0.8705844766688557,0.9991904362255118
synthetic_m4,la_souris_truck,whitevan,10,7,1|2|4|6|7|9|10,2026-07-12 21.05.57.jpg|2026-07-12 21.06.04.jpg|2026-07-12 21.01.23.jpg|2026-07-12 21.01.33.jpg|2026-07-12 21.01.49.jpg|2026-07-12 21.01.51.jpg|2026-07-12 21.05.27.jpg,1.0,0.8456525181770173,0.8698796830139129,0.9713618159294128,0.8705844766688557,0.9991904362255118
synthetic_m4,la_souris_truck,whitevan,10,7,1|2|4|6|8|9|10,2026-07-12 21.05.57.jpg|2026-07-12 21.06.04.jpg|2026-07-12 21.01.23.jpg|2026-07-12 21.01.33.jpg|2026-07-12 21.01.50.jpg|2026-07-12 21.01.51.jpg|2026-07-12 21.05.27.jpg,1.0,0.8456525181770173,0.8698796830139129,0.9713618159294128,0.8705844766688557,0.9991904362255118
synthetic_m4,la_souris_truck,whitevan,10,7,1|2|4|7|8|9|10,2026-07-12 21.05.57.jpg|2026-07-12 21.06.04.jpg|2026-07-12 21.01.23.jpg|2026-07-12 21.01.49.jpg|2026-07-12 21.01.50.jpg|2026-07-12 21.01.51.jpg|2026-07-12 21.05.27.jpg,1.0,0.8456525181770173,0.8698796830139129,0.9713618159294128,0.8705844766688557,0.9991904362255118
synthetic_m4,la_souris_truck,whitevan,10,7,1|2|5|6|7|8|9,2026-07-12 21.05.57.jpg|2026-07-12 21.06.04.jpg|2026-07-12 21.01.30.jpg|2026-07-12 21.01.33.jpg|2026-07-12 21.01.49.jpg|2026-07-12 21.01.50.jpg|2026-07-12 21.01.51.jpg,1.0,0.6356431436660991,0.7229893570376007,0.842469334602356,0.7871083728731303,0.918538516365313
synthetic_m4,la_souris_truck,whitevan,10,7,1|2|5|6|7|8|10,2026-07-12 21.05.57.jpg|2026-07-12 21.06.04.jpg|2026-07-12 21.01.30.jpg|2026-07-12 21.01.33.jpg|2026-07-12 21.01.49.jpg|2026-07-12 21.01.50.jpg|2026-07-12 21.05.27.jpg,1.0,0.8456525181770173,0.8685534823401921,0.9713618159294128,0.8705844766688557,0.9976670910370067
synthetic_m4,la_souris_truck,whitevan,10,7,1|2|5|6|7|9|10,2026-07-12 21.05.57.jpg|2026-07-12 21.06.04.jpg|2026-07-12 21.01.30.jpg|2026-07-12 21.01.33.jpg|2026-07-12 21.01.49.jpg|2026-07-12 21.01.51.jpg|2026-07-12 21.05.27.jpg,1.0,0.8456525181770173,0.8685534823401921,0.9713618159294128,0.8705844766688557,0.9976670910370067
synthetic_m4,la_souris_truck,whitevan,10,7,1|2|5|6|8|9|10,2026-07-12 21.05.57.jpg|2026-07-12 21.06.04.jpg|2026-07-12 21.01.30.jpg|2026-07-12 21.01.33.jpg|2026-07-12 21.01.50.jpg|2026-07-12 21.01.51.jpg|2026-07-12 21.05.27.jpg,1.0,0.8456525181770173,0.8685534823401921,0.9713618159294128,0.8705844766688557,0.9976670910370067
synthetic_m4,la_souris_truck,whitevan,10,7,1|2|5|7|8|9|10,2026-07-12 21.05.57.jpg|2026-07-12 21.06.04.jpg|2026-07-12 21.01.30.jpg|2026-07-12 21.01.49.jpg|2026-07-12 21.01.50.jpg|2026-07-12 21.01.51.jpg|2026-07-12 21.05.27.jpg,1.0,0.8456525181770173,0.8685534823401921,0.9713618159294128,0.8705844766688557,0.9976670910370067
synthetic_m4,la_souris_truck,whitevan,10,7,1|2|6|7|8|9|10,2026-07-12 21.05.57.jpg|2026-07-12 21.06.04.jpg|2026-07-12 21.01.33.jpg|2026-07-12 21.01.49.jpg|2026-07-12 21.01.50.jpg|2026-07-12 21.01.51.jpg|2026-07-12 21.05.27.jpg,1.0,0.8456525181770173,0.8685534823401921,0.9713618159294128,0.8705844766688557,0.9976670910370067
synthetic_m4,la_souris_truck,whitevan,10,7,1|3|4|5|6|7|8,2026-07-12 21.05.57.jpg|2026-07-12 21.01.06.jpg|2026-07-12 21.01.23.jpg|2026-07-12 21.01.30.jpg|2026-07-12 21.01.33.jpg|2026-07-12 21.01.49.jpg|2026-07-12 21.01.50.jpg,1.0,0.43788815834608197,0.6458627444515781,0.6529809832572937,0.7871083728731303,0.8205512312034333
synthetic_m4,la_souris_truck,whitevan,10,7,1|3|4|5|6|7|9,2026-07-12 21.05.57.jpg|2026-07-12 21.01.06.jpg|2026-07-12 21.01.23.jpg|2026-07-12 21.01.30.jpg|2026-07-12 21.01.33.jpg|2026-07-12 21.01.49.jpg|2026-07-12 21.01.51.jpg,1.0,0.43788815834608197,0.6458627444515781,0.6529809832572937,0.7871083728731303,0.8205512312034333
synthetic_m4,la_souris_truck,whitevan,10,7,1|3|4|5|6|7|10,2026-07-12 21.05.57.jpg|2026-07-12 21.01.06.jpg|2026-07-12 21.01.23.jpg|2026-07-12 21.01.30.jpg|2026-07-12 21.01.33.jpg|2026-07-12 21.01.49.jpg|2026-07-12 21.05.27.jpg,1.0,0.8456525181770173,0.8661104674138081,0.9713618159294128,0.8705844766688557,0.9948609131279637
synthetic_m4,la_souris_truck,whitevan,10,7,1|3|4|5|6|8|9,2026-07-12 21.05.57.jpg|2026-07-12 21.01.06.jpg|2026-07-12 21.01.23.jpg|2026-07-12 21.01.30.jpg|2026-07-12 21.01.33.jpg|2026-07-12 21.01.50.jpg|2026-07-12 21.01.51.jpg,1.0,0.43788815834608197,0.6458627444515781,0.6529809832572937,0.7871083728731303,0.8205512312034333
synthetic_m4,la_souris_truck,whitevan,10,7,1|3|4|5|6|8|10,2026-07-12 21.05.57.jpg|2026-07-12 21.01.06.jpg|2026-07-12 21.01.23.jpg|2026-07-12 21.01.30.jpg|2026-07-12 21.01.33.jpg|2026-07-12 21.01.50.jpg|2026-07-12 21.05.27.jpg,1.0,0.8456525181770173,0.8661104674138081,0.9713618159294128,0.8705844766688557,0.9948609131279637
synthetic_m4,la_souris_truck,whitevan,10,7,1|3|4|5|6|9|10,2026-07-12 21.05.57.jpg|2026-07-12 21.01.06.jpg|2026-07-12 21.01.23.jpg|2026-07-12 21.01.30.jpg|2026-07-12 21.01.33.jpg|2026-07-12 21.01.51.jpg|2026-07-12 21.05.27.jpg,1.0,0.8456525181770173,0.8661104674138081,0.9713618159294128,0.8705844766688557,0.9948609131279637
synthetic_m4,la_souris_truck,whitevan,10,7,1|3|4|5|7|8|9,2026-07-12 21.05.57.jpg|2026-07-12 21.01.06.jpg|2026-07-12 21.01.23.jpg|2026-07-12 21.01.30.jpg|2026-07-12 21.01.49.jpg|2026-07-12 21.01.50.jpg|2026-07-12 21.01.51.jpg,1.0,0.43788815834608197,0.6458627444515781,0.6529809832572937,0.7871083728731303,0.8205512312034333
synthetic_m4,la_souris_truck,whitevan,10,7,1|3|4|5|7|8|10,2026-07-12 21.05.57.jpg|2026-07-12 21.01.06.jpg|2026-07-12 21.01.23.jpg|2026-07-12 21.01.30.jpg|2026-07-12 21.01.49.jpg|2026-07-12 21.01.50.jpg|2026-07-12 21.05.27.jpg,1.0,0.8456525181770173,0.8661104674138081,0.9713618159294128,0.8705844766688557,0.9948609131279637
synthetic_m4,la_souris_truck,whitevan,10,7,1|3|4|5|7|9|10,2026-07-12 21.05.57.jpg|2026-07-12 21.01.06.jpg|2026-07-12 21.01.23.jpg|2026-07-12 21.01.30.jpg|2026-07-12 21.01.49.jpg|2026-07-12 21.01.51.jpg|2026-07-12 21.05.27.jpg,1.0,0.8456525181770173,0.8661104674138081,0.9713618159294128,0.8705844766688557,0.9948609131279637
synthetic_m4,la_souris_truck,whitevan,10,7,1|3|4|5|8|9|10,2026-07-12 21.05.57.jpg|2026-07-12 21.01.06.jpg|2026-07-12 21.01.23.jpg|2026-07-12 21.01.30.jpg|2026-07-12 21.01.50.jpg|2026-07-12 21.01.51.jpg|2026-07-12 21.05.27.jpg,1.0,0.8456525181770173,0.8661104674138081,0.9713618159294128,0.8705844766688557,0.9948609131279637
synthetic_m4,la_souris_truck,whitevan,10,7,1|3|4|6|7|8|9,2026-07-12 21.05.57.jpg|2026-07-12 21.01.06.jpg|2026-07-12 21.01.23.jpg|2026-07-12 21.01.33.jpg|2026-07-12 21.01.49.jpg|2026-07-12 21.01.50.jpg|2026-07-12 21.01.51.jpg,1.0,0.43788815834608197,0.6458627444515781,0.6529809832572937,0.7871083728731303,0.8205512312034333
synthetic_m4,la_souris_truck,whitevan,10,7,1|3|4|6|7|8|10,2026-07-12 21.05.57.jpg|2026-07-12 21.01.06.jpg|2026-07-12 21.01.23.jpg|2026-07-12 21.01.33.jpg|2026-07-12 21.01.49.jpg|2026-07-12 21.01.50.jpg|2026-07-12 21.05.27.jpg,1.0,0.8456525181770173,0.8661104674138081,0.9713618159294128,0.8705844766688557,0.9948609131279637
synthetic_m4,la_souris_truck,whitevan,10,7,1|3|4|6|7|9|10,2026-07-12 21.05.57.jpg|2026-07-12 21.01.06.jpg|2026-07-12 21.01.23.jpg|2026-07-12 21.01.33.jpg|2026-07-12 21.01.49.jpg|2026-07-12 21.01.51.jpg|2026-07-12 21.05.27.jpg,1.0,0.8456525181770173,0.8661104674138081,0.9713618159294128,0.8705844766688557,0.9948609131279637
synthetic_m4,la_souris_truck,whitevan,10,7,1|3|4|6|8|9|10,2026-07-12 21.05.57.jpg|2026-07-12 21.01.06.jpg|2026-07-12 21.01.23.jpg|2026-07-12 21.01.33.jpg|2026-07-12 21.01.50.jpg|2026-07-12 21.01.51.jpg|2026-07-12 21.05.27.jpg,1.0,0.8456525181770173,0.8661104674138081,0.9713618159294128,0.8705844766688557,0.9948609131279637
synthetic_m4,la_souris_truck,whitevan,10,7,1|3|4|7|8|9|10,2026-07-12 21.05.57.jpg|2026-07-12 21.01.06.jpg|2026-07-12 21.01.23.jpg|2026-07-12 21.01.49.jpg|2026-07-12 21.01.50.jpg|2026-07-12 21.01.51.jpg|2026-07-12 21.05.27.jpg,1.0,0.8456525181770173,0.8661104674138081,0.9713618159294128,0.8705844766688557,0.9948609131279637
synthetic_m4,la_souris_truck,whitevan,10,7,1|3|5|6|7|8|9,2026-07-12 21.05.57.jpg|2026-07-12 21.01.06.jpg|2026-07-12 21.01.30.jpg|2026-07-12 21.01.33.jpg|2026-07-12 21.01.49.jpg|2026-07-12 21.01.50.jpg|2026-07-12 21.01.51.jpg,1.0,0.380082758693959,0.380082758693959,0.4828849136829376,0.7871083728731303,0.4828849136829376
synthetic_m4,la_souris_truck,whitevan,10,7,1|3|5|6|7|8|10,2026-07-12 21.05.57.jpg|2026-07-12 21.01.06.jpg|2026-07-12 21.01.30.jpg|2026-07-12 21.01.33.jpg|2026-07-12 21.01.49.jpg|2026-07-12 21.01.50.jpg|2026-07-12 21.05.27.jpg,1.0,0.8456525181770173,0.8576917848012953,0.9713618159294128,0.8705844766688557,0.9851907629723744
synthetic_m4,la_souris_truck,whitevan,10,7,1|3|5|6|7|9|10,2026-07-12 21.05.57.jpg|2026-07-12 21.01.06.jpg|2026-07-12 21.01.30.jpg|2026-07-12 21.01.33.jpg|2026-07-12 21.01.49.jpg|2026-07-12 21.01.51.jpg|2026-07-12 21.05.27.jpg,1.0,0.8456525181770173,0.8576917848012953,0.9713618159294128,0.8705844766688557,0.9851907629723744
synthetic_m4,la_souris_truck,whitevan,10,7,1|3|5|6|8|9|10,2026-07-12 21.05.57.jpg|2026-07-12 21.01.06.jpg|2026-07-12 21.01.30.jpg|2026-07-12 21.01.33.jpg|2026-07-12 21.01.50.jpg|2026-07-12 21.01.51.jpg|2026-07-12 21.05.27.jpg,1.0,0.8456525181770173,0.8576917848012953,0.9713618159294128,0.8705844766688557,0.9851907629723744
synthetic_m4,la_souris_truck,whitevan,10,7,1|3|5|7|8|9|10,2026-07-12 21.05.57.jpg|2026-07-12 21.01.06.jpg|2026-07-12 21.01.30.jpg|2026-07-12 21.01.49.jpg|2026-07-12 21.01.50.jpg|2026-07-12 21.01.51.jpg|2026-07-12 21.05.27.jpg,1.0,0.8456525181770173,0.8576917848012953,0.9713618159294128,0.8705844766688557,0.9851907629723744
synthetic_m4,la_souris_truck,whitevan,10,7,1|3|6|7|8|9|10,2026-07-12 21.05.57.jpg|2026-07-12 21.01.06.jpg|2026-07-12 21.01.33.jpg|2026-07-12 21.01.49.jpg|2026-07-12 21.01.50.jpg|2026-07-12 21.01.51.jpg|2026-07-12 21.05.27.jpg,1.0,0.8456525181770173,0.8576917848012953,0.9713618159294128,0.8705844766688557,0.9851907629723744
synthetic_m4,la_souris_truck,whitevan,10,7,1|4|5|6|7|8|9,2026-07-12 21.05.57.jpg|2026-07-12 21.01.23.jpg|2026-07-12 21.01.30.jpg|2026-07-12 21.01.33.jpg|2026-07-12 21.01.49.jpg|2026-07-12 21.01.50.jpg|2026-07-12 21.01.51.jpg,1.0,0.43788815834608197,0.6458627444515781,0.6529809832572937,0.7871083728731303,0.8205512312034333
synthetic_m4,la_souris_truck,whitevan,10,7,1|4|5|6|7|8|10,2026-07-12 21.05.57.jpg|2026-07-12 21.01.23.jpg|2026-07-12 21.01.30.jpg|2026-07-12 21.01.33.jpg|2026-07-12 21.01.49.jpg|2026-07-12 21.01.50.jpg|2026-07-12 21.05.27.jpg,1.0,0.8456525181770173,0.8661104674138081,0.9713618159294128,0.8705844766688557,0.9948609131279637
synthetic_m4,la_souris_truck,whitevan,10,7,1|4|5|6|7|9|10,2026-07-12 21.05.57.jpg|2026-07-12 21.01.23.jpg|2026-07-12 21.01.30.jpg|2026-07-12 21.01.33.jpg|2026-07-12 21.01.49.jpg|2026-07-12 21.01.51.jpg|2026-07-12 21.05.27.jpg,1.0,0.8456525181770173,0.8661104674138081,0.9713618159294128,0.8705844766688557,0.9948609131279637
synthetic_m4,la_souris_truck,whitevan,10,7,1|4|5|6|8|9|10,2026-07-12 21.05.57.jpg|2026-07-12 21.01.23.jpg|2026-07-12 21.01.30.jpg|2026-07-12 21.01.33.jpg|2026-07-12 21.01.50.jpg|2026-07-12 21.01.51.jpg|2026-07-12 21.05.27.jpg,1.0,0.8456525181770173,0.8661104674138081,0.9713618159294128,0.8705844766688557,0.9948609131279637
synthetic_m4,la_souris_truck,whitevan,10,7,1|4|5|7|8|9|10,2026-07-12 21.05.57.jpg|2026-07-12 21.01.23.jpg|2026-07-12 21.01.30.jpg|2026-07-12 21.01.49.jpg|2026-07-12 21.01.50.jpg|2026-07-12 21.01.51.jpg|2026-07-12 21.05.27.jpg,1.0,0.8456525181770173,0.8661104674138081,0.9713618159294128,0.8705844766688557,0.9948609131279637
synthetic_m4,la_souris_truck,whitevan,10,7,1|4|6|7|8|9|10,2026-07-12 21.05.57.jpg|2026-07-12 21.01.23.jpg|2026-07-12 21.01.33.jpg|2026-07-12 21.01.49.jpg|2026-07-12 21.01.50.jpg|2026-07-12 21.01.51.jpg|2026-07-12 21.05.27.jpg,1.0,0.8456525181770173,0.8661104674138081,0.9713618159294128,0.8705844766688557,0.9948609131279637
synthetic_m4,la_souris_truck,whitevan,10,7,1|5|6|7|8|9|10,2026-07-12 21.05.57.jpg|2026-07-12 21.01.30.jpg|2026-07-12 21.01.33.jpg|2026-07-12 21.01.49.jpg|2026-07-12 21.01.50.jpg|2026-07-12 21.01.51.jpg|2026-07-12 21.05.27.jpg,1.0,0.8456525181770173,0.8576917848012953,0.9713618159294128,0.8705844766688557,0.9851907629723744
synthetic_m4,la_souris_truck,whitevan,10,7,2|3|4|5|6|7|8,2026-07-12 21.06.04.jpg|2026-07-12 21.01.06.jpg|2026-07-12 21.01.23.jpg|2026-07-12 21.01.30.jpg|2026-07-12 21.01.33.jpg|2026-07-12 21.01.49.jpg|2026-07-12 21.01.50.jpg,1.0,0.6356431436660991,0.7132544343835135,0.842469334602356,0.7545000364507292,0.9453338633868853
synthetic_m4,la_souris_truck,whitevan,10,7,2|3|4|5|6|7|9,2026-07-12 21.06.04.jpg|2026-07-12 21.01.06.jpg|2026-07-12 21.01.23.jpg|2026-07-12 21.01.30.jpg|2026-07-12 21.01.33.jpg|2026-07-12 21.01.49.jpg|2026-07-12 21.01.51.jpg,1.0,0.6356431436660991,0.7132544343835135,0.842469334602356,0.7545000364507292,0.9453338633868853
synthetic_m4,la_souris_truck,whitevan,10,7,2|3|4|5|6|7|10,2026-07-12 21.06.04.jpg|2026-07-12 21.01.06.jpg|2026-07-12 21.01.23.jpg|2026-07-12 21.01.30.jpg|2026-07-12 21.01.33.jpg|2026-07-12 21.01.49.jpg|2026-07-12 21.05.27.jpg,1.0,0.8456525181770173,0.8692215428199084,0.9713618159294128,0.8705844766688557,0.9984344611172458
synthetic_m4,la_souris_truck,whitevan,10,7,2|3|4|5|6|8|9,2026-07-12 21.06.04.jpg|2026-07-12 21.01.06.jpg|2026-07-12 21.01.23.jpg|2026-07-12 21.01.30.jpg|2026-07-12 21.01.33.jpg|2026-07-12 21.01.50.jpg|2026-07-12 21.01.51.jpg,1.0,0.6356431436660991,0.7132544343835135,0.842469334602356,0.7545000364507292,0.9453338633868853
synthetic_m4,la_souris_truck,whitevan,10,7,2|3|4|5|6|8|10,2026-07-12 21.06.04.jpg|2026-07-12 21.01.06.jpg|2026-07-12 21.01.23.jpg|2026-07-12 21.01.30.jpg|2026-07-12 21.01.33.jpg|2026-07-12 21.01.50.jpg|2026-07-12 21.05.27.jpg,1.0,0.8456525181770173,0.8692215428199084,0.9713618159294128,0.8705844766688557,0.9984344611172458
synthetic_m4,la_souris_truck,whitevan,10,7,2|3|4|5|6|9|10,2026-07-12 21.06.04.jpg|2026-07-12 21.01.06.jpg|2026-07-12 21.01.23.jpg|2026-07-12 21.01.30.jpg|2026-07-12 21.01.33.jpg|2026-07-12 21.01.51.jpg|2026-07-12 21.05.27.jpg,1.0,0.8456525181770173,0.8692215428199084,0.9713618159294128,0.8705844766688557,0.9984344611172458
synthetic_m4,la_souris_truck,whitevan,10,7,2|3|4|5|7|8|9,2026-07-12 21.06.04.jpg|2026-07-12 21.01.06.jpg|2026-07-12 21.01.23.jpg|2026-07-12 21.01.30.jpg|2026-07-12 21.01.49.jpg|2026-07-12 21.01.50.jpg|2026-07-12 21.01.51.jpg,1.0,0.6356431436660991,0.7132544343835135,0.842469334602356,0.7545000364507292,0.9453338633868853
synthetic_m4,la_souris_truck,whitevan,10,7,2|3|4|5|7|8|10,2026-07-12 21.06.04.jpg|2026-07-12 21.01.06.jpg|2026-07-12 21.01.23.jpg|2026-07-12 21.01.30.jpg|2026-07-12 21.01.49.jpg|2026-07-12 21.01.50.jpg|2026-07-12 21.05.27.jpg,1.0,0.8456525181770173,0.8692215428199084,0.9713618159294128,0.8705844766688557,0.9984344611172458
synthetic_m4,la_souris_truck,whitevan,10,7,2|3|4|5|7|9|10,2026-07-12 21.06.04.jpg|2026-07-12 21.01.06.jpg|2026-07-12 21.01.23.jpg|2026-07-12 21.01.30.jpg|2026-07-12 21.01.49.jpg|2026-07-12 21.01.51.jpg|2026-07-12 21.05.27.jpg,1.0,0.8456525181770173,0.8692215428199084,0.9713618159294128,0.8705844766688557,0.9984344611172458
synthetic_m4,la_souris_truck,whitevan,10,7,2|3|4|5|8|9|10,2026-07-12 21.06.04.jpg|2026-07-12 21.01.06.jpg|2026-07-12 21.01.23.jpg|2026-07-12 21.01.30.jpg|2026-07-12 21.01.50.jpg|2026-07-12 21.01.51.jpg|2026-07-12 21.05.27.jpg,1.0,0.8456525181770173,0.8692215428199084,0.9713618159294128,0.8705844766688557,0.9984344611172458
synthetic_m4,la_souris_truck,whitevan,10,7,2|3|4|6|7|8|9,2026-07-12 21.06.04.jpg|2026-07-12 21.01.06.jpg|2026-07-12 21.01.23.jpg|2026-07-12 21.01.33.jpg|2026-07-12 21.01.49.jpg|2026-07-12 21.01.50.jpg|2026-07-12 21.01.51.jpg,1.0,0.6356431436660991,0.7132544343835135,0.842469334602356,0.7545000364507292,0.9453338633868853
synthetic_m4,la_souris_truck,whitevan,10,7,2|3|4|6|7|8|10,2026-07-12 21.06.04.jpg|2026-07-12 21.01.06.jpg|2026-07-12 21.01.23.jpg|2026-07-12 21.01.33.jpg|2026-07-12 21.01.49.jpg|2026-07-12 21.01.50.jpg|2026-07-12 21.05.27.jpg,1.0,0.8456525181770173,0.8692215428199084,0.9713618159294128,0.8705844766688557,0.9984344611172458
synthetic_m4,la_souris_truck,whitevan,10,7,2|3|4|6|7|9|10,2026-07-12 21.06.04.jpg|2026-07-12 21.01.06.jpg|2026-07-12 21.01.23.jpg|2026-07-12 21.01.33.jpg|2026-07-12 21.01.49.jpg|2026-07-12 21.01.51.jpg|2026-07-12 21.05.27.jpg,1.0,0.8456525181770173,0.8692215428199084,0.9713618159294128,0.8705844766688557,0.9984344611172458
synthetic_m4,la_souris_truck,whitevan,10,7,2|3|4|6|8|9|10,2026-07-12 21.06.04.jpg|2026-07-12 21.01.06.jpg|2026-07-12 21.01.23.jpg|2026-07-12 21.01.33.jpg|2026-07-12 21.01.50.jpg|2026-07-12 21.01.51.jpg|2026-07-12 21.05.27.jpg,1.0,0.8456525181770173,0.8692215428199084,0.9713618159294128,0.8705844766688557,0.9984344611172458
synthetic_m4,la_souris_truck,whitevan,10,7,2|3|4|7|8|9|10,2026-07-12 21.06.04.jpg|2026-07-12 21.01.06.jpg|2026-07-12 21.01.23.jpg|2026-07-12 21.01.49.jpg|2026-07-12 21.01.50.jpg|2026-07-12 21.01.51.jpg|2026-07-12 21.05.27.jpg,1.0,0.8456525181770173,0.8692215428199084,0.9713618159294128,0.8705844766688557,0.9984344611172458
synthetic_m4,la_souris_truck,whitevan,10,7,2|3|5|6|7|8|9,2026-07-12 21.06.04.jpg|2026-07-12 21.01.06.jpg|2026-07-12 21.01.30.jpg|2026-07-12 21.01.33.jpg|2026-07-12 21.01.49.jpg|2026-07-12 21.01.50.jpg|2026-07-12 21.01.51.jpg,1.0,0.6356431436660991,0.6356431436660991,0.842469334602356,0.7545000364507292,0.842469334602356
synthetic_m4,la_souris_truck,whitevan,10,7,2|3|5|6|7|8|10,2026-07-12 21.06.04.jpg|2026-07-12 21.01.06.jpg|2026-07-12 21.01.30.jpg|2026-07-12 21.01.33.jpg|2026-07-12 21.01.49.jpg|2026-07-12 21.01.50.jpg|2026-07-12 21.05.27.jpg,1.0,0.8456525181770173,0.86665692865797,0.9713618159294128,0.8705844766688557,0.9954886078075802
synthetic_m4,la_souris_truck,whitevan,10,7,2|3|5|6|7|9|10,2026-07-12 21.06.04.jpg|2026-07-12 21.01.06.jpg|2026-07-12 21.01.30.jpg|2026-07-12 21.01.33.jpg|2026-07-12 21.01.49.jpg|2026-07-12 21.01.51.jpg|2026-07-12 21.05.27.jpg,1.0,0.8456525181770173,0.86665692865797,0.9713618159294128,0.8705844766688557,0.9954886078075802
synthetic_m4,la_souris_truck,whitevan,10,7,2|3|5|6|8|9|10,2026-07-12 21.06.04.jpg|2026-07-12 21.01.06.jpg|2026-07-12 21.01.30.jpg|2026-07-12 21.01.33.jpg|2026-07-12 21.01.50.jpg|2026-07-12 21.01.51.jpg|2026-07-12 21.05.27.jpg,1.0,0.8456525181770173,0.86665692865797,0.9713618159294128,0.8705844766688557,0.9954886078075802
synthetic_m4,la_souris_truck,whitevan,10,7,2|3|5|7|8|9|10,2026-07-12 21.06.04.jpg|2026-07-12 21.01.06.jpg|2026-07-12 21.01.30.jpg|2026-07-12 21.01.49.jpg|2026-07-12 21.01.50.jpg|2026-07-12 21.01.51.jpg|2026-07-12 21.05.27.jpg,1.0,0.8456525181770173,0.86665692865797,0.9713618159294128,0.8705844766688557,0.9954886078075802
synthetic_m4,la_souris_truck,whitevan,10,7,2|3|6|7|8|9|10,2026-07-12 21.06.04.jpg|2026-07-12 21.01.06.jpg|2026-07-12 21.01.33.jpg|2026-07-12 21.01.49.jpg|2026-07-12 21.01.50.jpg|2026-07-12 21.01.51.jpg|2026-07-12 21.05.27.jpg,1.0,0.8456525181770173,0.86665692865797,0.9713618159294128,0.8705844766688557,0.9954886078075802
synthetic_m4,la_souris_truck,whitevan,10,7,2|4|5|6|7|8|9,2026-07-12 21.06.04.jpg|2026-07-12 21.01.23.jpg|2026-07-12 21.01.30.jpg|2026-07-12 21.01.33.jpg|2026-07-12 21.01.49.jpg|2026-07-12 21.01.50.jpg|2026-07-12 21.01.51.jpg,1.0,0.6356431436660991,0.7132544343835135,0.842469334602356,0.7545000364507292,0.9453338633868853
synthetic_m4,la_souris_truck,whitevan,10,7,2|4|5|6|7|8|10,2026-07-12 21.06.04.jpg|2026-07-12 21.01.23.jpg|2026-07-12 21.01.30.jpg|2026-07-12 21.01.33.jpg|2026-07-12 21.01.49.jpg|2026-07-12 21.01.50.jpg|2026-07-12 21.05.27.jpg,1.0,0.8456525181770173,0.8692215428199084,0.9713618159294128,0.8705844766688557,0.9984344611172458
synthetic_m4,la_souris_truck,whitevan,10,7,2|4|5|6|7|9|10,2026-07-12 21.06.04.jpg|2026-07-12 21.01.23.jpg|2026-07-12 21.01.30.jpg|2026-07-12 21.01.33.jpg|2026-07-12 21.01.49.jpg|2026-07-12 21.01.51.jpg|2026-07-12 21.05.27.jpg,1.0,0.8456525181770173,0.8692215428199084,0.9713618159294128,0.8705844766688557,0.9984344611172458
synthetic_m4,la_souris_truck,whitevan,10,7,2|4|5|6|8|9|10,2026-07-12 21.06.04.jpg|2026-07-12 21.01.23.jpg|2026-07-12 21.01.30.jpg|2026-07-12 21.01.33.jpg|2026-07-12 21.01.50.jpg|2026-07-12 21.01.51.jpg|2026-07-12 21.05.27.jpg,1.0,0.8456525181770173,0.8692215428199084,0.9713618159294128,0.8705844766688557,0.9984344611172458
synthetic_m4,la_souris_truck,whitevan,10,7,2|4|5|7|8|9|10,2026-07-12 21.06.04.jpg|2026-07-12 21.01.23.jpg|2026-07-12 21.01.30.jpg|2026-07-12 21.01.49.jpg|2026-07-12 21.01.50.jpg|2026-07-12 21.01.51.jpg|2026-07-12 21.05.27.jpg,1.0,0.8456525181770173,0.8692215428199084,0.9713618159294128,0.8705844766688557,0.9984344611172458
synthetic_m4,la_souris_truck,whitevan,10,7,2|4|6|7|8|9|10,2026-07-12 21.06.04.jpg|2026-07-12 21.01.23.jpg|2026-07-12 21.01.33.jpg|2026-07-12 21.01.49.jpg|2026-07-12 21.01.50.jpg|2026-07-12 21.01.51.jpg|2026-07-12 21.05.27.jpg,1.0,0.8456525181770173,0.8692215428199084,0.9713618159294128,0.8705844766688557,0.9984344611172458
synthetic_m4,la_souris_truck,whitevan,10,7,2|5|6|7|8|9|10,2026-07-12 21.06.04.jpg|2026-07-12 21.01.30.jpg|2026-07-12 21.01.33.jpg|2026-07-12 21.01.49.jpg|2026-07-12 21.01.50.jpg|2026-07-12 21.01.51.jpg|2026-07-12 21.05.27.jpg,1.0,0.8456525181770173,0.86665692865797,0.9713618159294128,0.8705844766688557,0.9954886078075802
synthetic_m4,la_souris_truck,whitevan,10,7,3|4|5|6|7|8|9,2026-07-12 21.01.06.jpg|2026-07-12 21.01.23.jpg|2026-07-12 21.01.30.jpg|2026-07-12 21.01.33.jpg|2026-07-12 21.01.49.jpg|2026-07-12 21.01.50.jpg|2026-07-12 21.01.51.jpg,1.0,0.43788815834608197,0.43788815834608197,0.6529809832572937,0.6705986385112553,0.6529809832572937
synthetic_m4,la_souris_truck,whitevan,10,7,3|4|5|6|7|8|10,2026-07-12 21.01.06.jpg|2026-07-12 21.01.23.jpg|2026-07-12 21.01.30.jpg|2026-07-12 21.01.33.jpg|2026-07-12 21.01.49.jpg|2026-07-12 21.01.50.jpg|2026-07-12 21.05.27.jpg,1.0,0.8456525181770173,0.861932612947548,0.9713618159294128,0.8705844766688557,0.9900620055225282
synthetic_m4,la_souris_truck,whitevan,10,7,3|4|5|6|7|9|10,2026-07-12 21.01.06.jpg|2026-07-12 21.01.23.jpg|2026-07-12 21.01.30.jpg|2026-07-12 21.01.33.jpg|2026-07-12 21.01.49.jpg|2026-07-12 21.01.51.jpg|2026-07-12 21.05.27.jpg,1.0,0.8456525181770173,0.861932612947548,0.9713618159294128,0.8705844766688557,0.9900620055225282
synthetic_m4,la_souris_truck,whitevan,10,7,3|4|5|6|8|9|10,2026-07-12 21.01.06.jpg|2026-07-12 21.01.23.jpg|2026-07-12 21.01.30.jpg|2026-07-12 21.01.33.jpg|2026-07-12 21.01.50.jpg|2026-07-12 21.01.51.jpg|2026-07-12 21.05.27.jpg,1.0,0.8456525181770173,0.861932612947548,0.9713618159294128,0.8705844766688557,0.9900620055225282
synthetic_m4,la_souris_truck,whitevan,10,7,3|4|5|7|8|9|10,2026-07-12 21.01.06.jpg|2026-07-12 21.01.23.jpg|2026-07-12 21.01.30.jpg|2026-07-12 21.01.49.jpg|2026-07-12 21.01.50.jpg|2026-07-12 21.01.51.jpg|2026-07-12 21.05.27.jpg,1.0,0.8456525181770173,0.861932612947548,0.9713618159294128,0.8705844766688557,0.9900620055225282
synthetic_m4,la_souris_truck,whitevan,10,7,3|4|6|7|8|9|10,2026-07-12 21.01.06.jpg|2026-07-12 21.01.23.jpg|2026-07-12 21.01.33.jpg|2026-07-12 21.01.49.jpg|2026-07-12 21.01.50.jpg|2026-07-12 21.01.51.jpg|2026-07-12 21.05.27.jpg,1.0,0.8456525181770173,0.861932612947548,0.9713618159294128,0.8705844766688557,0.9900620055225282
synthetic_m4,la_souris_truck,whitevan,10,7,3|5|6|7|8|9|10,2026-07-12 21.01.06.jpg|2026-07-12 21.01.30.jpg|2026-07-12 21.01.33.jpg|2026-07-12 21.01.49.jpg|2026-07-12 21.01.50.jpg|2026-07-12 21.01.51.jpg|2026-07-12 21.05.27.jpg,1.0,0.8456525181770173,0.8456525181770173,0.9713618159294128,0.8705844766688557,0.9713618159294128
synthetic_m4,la_souris_truck,whitevan,10,7,4|5|6|7|8|9|10,2026-07-12 21.01.23.jpg|2026-07-12 21.01.30.jpg|2026-07-12 21.01.33.jpg|2026-07-12 21.01.49.jpg|2026-07-12 21.01.50.jpg|2026-07-12 21.01.51.jpg|2026-07-12 21.05.27.jpg,1.0,0.8456525181770173,0.861932612947548,0.9713618159294128,0.8705844766688557,0.9900620055225282
synthetic_m4,la_souris_truck,whitevan,10,8,1|2|3|4|5|6|7|8,2026-07-12 21.05.57.jpg|2026-07-12 21.06.04.jpg|2026-07-12 21.01.06.jpg|2026-07-12 21.01.23.jpg|2026-07-12 21.01.30.jpg|2026-07-12 21.01.33.jpg|2026-07-12 21.01.49.jpg|2026-07-12 21.01.50.jpg,1.0,0.6356431436660991,0.7648578550433748,0.842469334602356,0.7871083728731303,0.9717313160466888
synthetic_m4,la_souris_truck,whitevan,10,8,1|2|3|4|5|6|7|9,2026-07-12 21.05.57.jpg|2026-07-12 21.06.04.jpg|2026-07-12 21.01.06.jpg|2026-07-12 21.01.23.jpg|2026-07-12 21.01.30.jpg|2026-07-12 21.01.33.jpg|2026-07-12 21.01.49.jpg|2026-07-12 21.01.51.jpg,1.0,0.6356431436660991,0.7648578550433748,0.842469334602356,0.7871083728731303,0.9717313160466888
synthetic_m4,la_souris_truck,whitevan,10,8,1|2|3|4|5|6|7|10,2026-07-12 21.05.57.jpg|2026-07-12 21.06.04.jpg|2026-07-12 21.01.06.jpg|2026-07-12 21.01.23.jpg|2026-07-12 21.01.30.jpg|2026-07-12 21.01.33.jpg|2026-07-12 21.01.49.jpg|2026-07-12 21.05.27.jpg,1.0,0.8456525181770173,0.8698796830139129,0.9713618159294128,0.8705844766688557,0.9991904362255118
synthetic_m4,la_souris_truck,whitevan,10,8,1|2|3|4|5|6|8|9,2026-07-12 21.05.57.jpg|2026-07-12 21.06.04.jpg|2026-07-12 21.01.06.jpg|2026-07-12 21.01.23.jpg|2026-07-12 21.01.30.jpg|2026-07-12 21.01.33.jpg|2026-07-12 21.01.50.jpg|2026-07-12 21.01.51.jpg,1.0,0.6356431436660991,0.7648578550433748,0.842469334602356,0.7871083728731303,0.9717313160466888
synthetic_m4,la_souris_truck,whitevan,10,8,1|2|3|4|5|6|8|10,2026-07-12 21.05.57.jpg|2026-07-12 21.06.04.jpg|2026-07-12 21.01.06.jpg|2026-07-12 21.01.23.jpg|2026-07-12 21.01.30.jpg|2026-07-12 21.01.33.jpg|2026-07-12 21.01.50.jpg|2026-07-12 21.05.27.jpg,1.0,0.8456525181770173,0.8698796830139129,0.9713618159294128,0.8705844766688557,0.9991904362255118
synthetic_m4,la_souris_truck,whitevan,10,8,1|2|3|4|5|6|9|10,2026-07-12 21.05.57.jpg|2026-07-12 21.06.04.jpg|2026-07-12 21.01.06.jpg|2026-07-12 21.01.23.jpg|2026-07-12 21.01.30.jpg|2026-07-12 21.01.33.jpg|2026-07-12 21.01.51.jpg|2026-07-12 21.05.27.jpg,1.0,0.8456525181770173,0.8698796830139129,0.9713618159294128,0.8705844766688557,0.9991904362255118
synthetic_m4,la_souris_truck,whitevan,10,8,1|2|3|4|5|7|8|9,2026-07-12 21.05.57.jpg|2026-07-12 21.06.04.jpg|2026-07-12 21.01.06.jpg|2026-07-12 21.01.23.jpg|2026-07-12 21.01.30.jpg|2026-07-12 21.01.49.jpg|2026-07-12 21.01.50.jpg|2026-07-12 21.01.51.jpg,1.0,0.6356431436660991,0.7648578550433748,0.842469334602356,0.7871083728731303,0.9717313160466888
synthetic_m4,la_souris_truck,whitevan,10,8,1|2|3|4|5|7|8|10,2026-07-12 21.05.57.jpg|2026-07-12 21.06.04.jpg|2026-07-12 21.01.06.jpg|2026-07-12 21.01.23.jpg|2026-07-12 21.01.30.jpg|2026-07-12 21.01.49.jpg|2026-07-12 21.01.50.jpg|2026-07-12 21.05.27.jpg,1.0,0.8456525181770173,0.8698796830139129,0.9713618159294128,0.8705844766688557,0.9991904362255118
synthetic_m4,la_souris_truck,whitevan,10,8,1|2|3|4|5|7|9|10,2026-07-12 21.05.57.jpg|2026-07-12 21.06.04.jpg|2026-07-12 21.01.06.jpg|2026-07-12 21.01.23.jpg|2026-07-12 21.01.30.jpg|2026-07-12 21.01.49.jpg|2026-07-12 21.01.51.jpg|2026-07-12 21.05.27.jpg,1.0,0.8456525181770173,0.8698796830139129,0.9713618159294128,0.8705844766688557,0.9991904362255118
synthetic_m4,la_souris_truck,whitevan,10,8,1|2|3|4|5|8|9|10,2026-07-12 21.05.57.jpg|2026-07-12 21.06.04.jpg|2026-07-12 21.01.06.jpg|2026-07-12 21.01.23.jpg|2026-07-12 21.01.30.jpg|2026-07-12 21.01.50.jpg|2026-07-12 21.01.51.jpg|2026-07-12 21.05.27.jpg,1.0,0.8456525181770173,0.8698796830139129,0.9713618159294128,0.8705844766688557,0.9991904362255118
synthetic_m4,la_souris_truck,whitevan,10,8,1|2|3|4|6|7|8|9,2026-07-12 21.05.57.jpg|2026-07-12 21.06.04.jpg|2026-07-12 21.01.06.jpg|2026-07-12 21.01.23.jpg|2026-07-12 21.01.33.jpg|2026-07-12 21.01.49.jpg|2026-07-12 21.01.50.jpg|2026-07-12 21.01.51.jpg,1.0,0.6356431436660991,0.7648578550433748,0.842469334602356,0.7871083728731303,0.9717313160466888
synthetic_m4,la_souris_truck,whitevan,10,8,1|2|3|4|6|7|8|10,2026-07-12 21.05.57.jpg|2026-07-12 21.06.04.jpg|2026-07-12 21.01.06.jpg|2026-07-12 21.01.23.jpg|2026-07-12 21.01.33.jpg|2026-07-12 21.01.49.jpg|2026-07-12 21.01.50.jpg|2026-07-12 21.05.27.jpg,1.0,0.8456525181770173,0.8698796830139129,0.9713618159294128,0.8705844766688557,0.9991904362255118
synthetic_m4,la_souris_truck,whitevan,10,8,1|2|3|4|6|7|9|10,2026-07-12 21.05.57.jpg|2026-07-12 21.06.04.jpg|2026-07-12 21.01.06.jpg|2026-07-12 21.01.23.jpg|2026-07-12 21.01.33.jpg|2026-07-12 21.01.49.jpg|2026-07-12 21.01.51.jpg|2026-07-12 21.05.27.jpg,1.0,0.8456525181770173,0.8698796830139129,0.9713618159294128,0.8705844766688557,0.9991904362255118
synthetic_m4,la_souris_truck,whitevan,10,8,1|2|3|4|6|8|9|10,2026-07-12 21.05.57.jpg|2026-07-12 21.06.04.jpg|2026-07-12 21.01.06.jpg|2026-07-12 21.01.23.jpg|2026-07-12 21.01.33.jpg|2026-07-12 21.01.50.jpg|2026-07-12 21.01.51.jpg|2026-07-12 21.05.27.jpg,1.0,0.8456525181770173,0.8698796830139129,0.9713618159294128,0.8705844766688557,0.9991904362255118
synthetic_m4,la_souris_truck,whitevan,10,8,1|2|3|4|7|8|9|10,2026-07-12 21.05.57.jpg|2026-07-12 21.06.04.jpg|2026-07-12 21.01.06.jpg|2026-07-12 21.01.23.jpg|2026-07-12 21.01.49.jpg|2026-07-12 21.01.50.jpg|2026-07-12 21.01.51.jpg|2026-07-12 21.05.27.jpg,1.0,0.8456525181770173,0.8698796830139129,0.9713618159294128,0.8705844766688557,0.9991904362255118
synthetic_m4,la_souris_truck,whitevan,10,8,1|2|3|5|6|7|8|9,2026-07-12 21.05.57.jpg|2026-07-12 21.06.04.jpg|2026-07-12 21.01.06.jpg|2026-07-12 21.01.30.jpg|2026-07-12 21.01.33.jpg|2026-07-12 21.01.49.jpg|2026-07-12 21.01.50.jpg|2026-07-12 21.01.51.jpg,1.0,0.6356431436660991,0.7229893570376007,0.842469334602356,0.7871083728731303,0.918538516365313
synthetic_m4,la_souris_truck,whitevan,10,8,1|2|3|5|6|7|8|10,2026-07-12 21.05.57.jpg|2026-07-12 21.06.04.jpg|2026-07-12 21.01.06.jpg|2026-07-12 21.01.30.jpg|2026-07-12 21.01.33.jpg|2026-07-12 21.01.49.jpg|2026-07-12 21.01.50.jpg|2026-07-12 21.05.27.jpg,1.0,0.8456525181770173,0.8685534823401921,0.9713618159294128,0.8705844766688557,0.9976670910370067
synthetic_m4,la_souris_truck,whitevan,10,8,1|2|3|5|6|7|9|10,2026-07-12 21.05.57.jpg|2026-07-12 21.06.04.jpg|2026-07-12 21.01.06.jpg|2026-07-12 21.01.30.jpg|2026-07-12 21.01.33.jpg|2026-07-12 21.01.49.jpg|2026-07-12 21.01.51.jpg|2026-07-12 21.05.27.jpg,1.0,0.8456525181770173,0.8685534823401921,0.9713618159294128,0.8705844766688557,0.9976670910370067
synthetic_m4,la_souris_truck,whitevan,10,8,1|2|3|5|6|8|9|10,2026-07-12 21.05.57.jpg|2026-07-12 21.06.04.jpg|2026-07-12 21.01.06.jpg|2026-07-12 21.01.30.jpg|2026-07-12 21.01.33.jpg|2026-07-12 21.01.50.jpg|2026-07-12 21.01.51.jpg|2026-07-12 21.05.27.jpg,1.0,0.8456525181770173,0.8685534823401921,0.9713618159294128,0.8705844766688557,0.9976670910370067
synthetic_m4,la_souris_truck,whitevan,10,8,1|2|3|5|7|8|9|10,2026-07-12 21.05.57.jpg|2026-07-12 21.06.04.jpg|2026-07-12 21.01.06.jpg|2026-07-12 21.01.30.jpg|2026-07-12 21.01.49.jpg|2026-07-12 21.01.50.jpg|2026-07-12 21.01.51.jpg|2026-07-12 21.05.27.jpg,1.0,0.8456525181770173,0.8685534823401921,0.9713618159294128,0.8705844766688557,0.9976670910370067
synthetic_m4,la_souris_truck,whitevan,10,8,1|2|3|6|7|8|9|10,2026-07-12 21.05.57.jpg|2026-07-12 21.06.04.jpg|2026-07-12 21.01.06.jpg|2026-07-12 21.01.33.jpg|2026-07-12 21.01.49.jpg|2026-07-12 21.01.50.jpg|2026-07-12 21.01.51.jpg|2026-07-12 21.05.27.jpg,1.0,0.8456525181770173,0.8685534823401921,0.9713618159294128,0.8705844766688557,0.9976670910370067
synthetic_m4,la_souris_truck,whitevan,10,8,1|2|4|5|6|7|8|9,2026-07-12 21.05.57.jpg|2026-07-12 21.06.04.jpg|2026-07-12 21.01.23.jpg|2026-07-12 21.01.30.jpg|2026-07-12 21.01.33.jpg|2026-07-12 21.01.49.jpg|2026-07-12 21.01.50.jpg|2026-07-12 21.01.51.jpg,1.0,0.6356431436660991,0.7648578550433748,0.842469334602356,0.7871083728731303,0.9717313160466888
synthetic_m4,la_souris_truck,whitevan,10,8,1|2|4|5|6|7|8|10,2026-07-12 21.05.57.jpg|2026-07-12 21.06.04.jpg|2026-07-12 21.01.23.jpg|2026-07-12 21.01.30.jpg|2026-07-12 21.01.33.jpg|2026-07-12 21.01.49.jpg|2026-07-12 21.01.50.jpg|2026-07-12 21.05.27.jpg,1.0,0.8456525181770173,0.8698796830139129,0.9713618159294128,0.8705844766688557,0.9991904362255118
synthetic_m4,la_souris_truck,whitevan,10,8,1|2|4|5|6|7|9|10,2026-07-12 21.05.57.jpg|2026-07-12 21.06.04.jpg|2026-07-12 21.01.23.jpg|2026-07-12 21.01.30.jpg|2026-07-12 21.01.33.jpg|2026-07-12 21.01.49.jpg|2026-07-12 21.01.51.jpg|2026-07-12 21.05.27.jpg,1.0,0.8456525181770173,0.8698796830139129,0.9713618159294128,0.8705844766688557,0.9991904362255118
synthetic_m4,la_souris_truck,whitevan,10,8,1|2|4|5|6|8|9|10,2026-07-12 21.05.57.jpg|2026-07-12 21.06.04.jpg|2026-07-12 21.01.23.jpg|2026-07-12 21.01.30.jpg|2026-07-12 21.01.33.jpg|2026-07-12 21.01.50.jpg|2026-07-12 21.01.51.jpg|2026-07-12 21.05.27.jpg,1.0,0.8456525181770173,0.8698796830139129,0.9713618159294128,0.8705844766688557,0.9991904362255118
synthetic_m4,la_souris_truck,whitevan,10,8,1|2|4|5|7|8|9|10,2026-07-12 21.05.57.jpg|2026-07-12 21.06.04.jpg|2026-07-12 21.01.23.jpg|2026-07-12 21.01.30.jpg|2026-07-12 21.01.49.jpg|2026-07-12 21.01.50.jpg|2026-07-12 21.01.51.jpg|2026-07-12 21.05.27.jpg,1.0,0.8456525181770173,0.8698796830139129,0.9713618159294128,0.8705844766688557,0.9991904362255118
synthetic_m4,la_souris_truck,whitevan,10,8,1|2|4|6|7|8|9|10,2026-07-12 21.05.57.jpg|2026-07-12 21.06.04.jpg|2026-07-12 21.01.23.jpg|2026-07-12 21.01.33.jpg|2026-07-12 21.01.49.jpg|2026-07-12 21.01.50.jpg|2026-07-12 21.01.51.jpg|2026-07-12 21.05.27.jpg,1.0,0.8456525181770173,0.8698796830139129,0.9713618159294128,0.8705844766688557,0.9991904362255118
synthetic_m4,la_souris_truck,whitevan,10,8,1|2|5|6|7|8|9|10,2026-07-12 21.05.57.jpg|2026-07-12 21.06.04.jpg|2026-07-12 21.01.30.jpg|2026-07-12 21.01.33.jpg|2026-07-12 21.01.49.jpg|2026-07-12 21.01.50.jpg|2026-07-12 21.01.51.jpg|2026-07-12 21.05.27.jpg,1.0,0.8456525181770173,0.8685534823401921,0.9713618159294128,0.8705844766688557,0.9976670910370067
synthetic_m4,la_souris_truck,whitevan,10,8,1|3|4|5|6|7|8|9,2026-07-12 21.05.57.jpg|2026-07-12 21.01.06.jpg|2026-07-12 21.01.23.jpg|2026-07-12 21.01.30.jpg|2026-07-12 21.01.33.jpg|2026-07-12 21.01.49.jpg|2026-07-12 21.01.50.jpg|2026-07-12 21.01.51.jpg,1.0,0.43788815834608197,0.6458627444515781,0.6529809832572937,0.7871083728731303,0.8205512312034333
synthetic_m4,la_souris_truck,whitevan,10,8,1|3|4|5|6|7|8|10,2026-07-12 21.05.57.jpg|2026-07-12 21.01.06.jpg|2026-07-12 21.01.23.jpg|2026-07-12 21.01.30.jpg|2026-07-12 21.01.33.jpg|2026-07-12 21.01.49.jpg|2026-07-12 21.01.50.jpg|2026-07-12 21.05.27.jpg,1.0,0.8456525181770173,0.8661104674138081,0.9713618159294128,0.8705844766688557,0.9948609131279637
synthetic_m4,la_souris_truck,whitevan,10,8,1|3|4|5|6|7|9|10,2026-07-12 21.05.57.jpg|2026-07-12 21.01.06.jpg|2026-07-12 21.01.23.jpg|2026-07-12 21.01.30.jpg|2026-07-12 21.01.33.jpg|2026-07-12 21.01.49.jpg|2026-07-12 21.01.51.jpg|2026-07-12 21.05.27.jpg,1.0,0.8456525181770173,0.8661104674138081,0.9713618159294128,0.8705844766688557,0.9948609131279637
synthetic_m4,la_souris_truck,whitevan,10,8,1|3|4|5|6|8|9|10,2026-07-12 21.05.57.jpg|2026-07-12 21.01.06.jpg|2026-07-12 21.01.23.jpg|2026-07-12 21.01.30.jpg|2026-07-12 21.01.33.jpg|2026-07-12 21.01.50.jpg|2026-07-12 21.01.51.jpg|2026-07-12 21.05.27.jpg,1.0,0.8456525181770173,0.8661104674138081,0.9713618159294128,0.8705844766688557,0.9948609131279637
synthetic_m4,la_souris_truck,whitevan,10,8,1|3|4|5|7|8|9|10,2026-07-12 21.05.57.jpg|2026-07-12 21.01.06.jpg|2026-07-12 21.01.23.jpg|2026-07-12 21.01.30.jpg|2026-07-12 21.01.49.jpg|2026-07-12 21.01.50.jpg|2026-07-12 21.01.51.jpg|2026-07-12 21.05.27.jpg,1.0,0.8456525181770173,0.8661104674138081,0.9713618159294128,0.8705844766688557,0.9948609131279637
synthetic_m4,la_souris_truck,whitevan,10,8,1|3|4|6|7|8|9|10,2026-07-12 21.05.57.jpg|2026-07-12 21.01.06.jpg|2026-07-12 21.01.23.jpg|2026-07-12 21.01.33.jpg|2026-07-12 21.01.49.jpg|2026-07-12 21.01.50.jpg|2026-07-12 21.01.51.jpg|2026-07-12 21.05.27.jpg,1.0,0.8456525181770173,0.8661104674138081,0.9713618159294128,0.8705844766688557,0.9948609131279637
synthetic_m4,la_souris_truck,whitevan,10,8,1|3|5|6|7|8|9|10,2026-07-12 21.05.57.jpg|2026-07-12 21.01.06.jpg|2026-07-12 21.01.30.jpg|2026-07-12 21.01.33.jpg|2026-07-12 21.01.49.jpg|2026-07-12 21.01.50.jpg|2026-07-12 21.01.51.jpg|2026-07-12 21.05.27.jpg,1.0,0.8456525181770173,0.8576917848012953,0.9713618159294128,0.8705844766688557,0.9851907629723744
synthetic_m4,la_souris_truck,whitevan,10,8,1|4|5|6|7|8|9|10,2026-07-12 21.05.57.jpg|2026-07-12 21.01.23.jpg|2026-07-12 21.01.30.jpg|2026-07-12 21.01.33.jpg|2026-07-12 21.01.49.jpg|2026-07-12 21.01.50.jpg|2026-07-12 21.01.51.jpg|2026-07-12 21.05.27.jpg,1.0,0.8456525181770173,0.8661104674138081,0.9713618159294128,0.8705844766688557,0.9948609131279637
synthetic_m4,la_souris_truck,whitevan,10,8,2|3|4|5|6|7|8|9,2026-07-12 21.06.04.jpg|2026-07-12 21.01.06.jpg|2026-07-12 21.01.23.jpg|2026-07-12 21.01.30.jpg|2026-07-12 21.01.33.jpg|2026-07-12 21.01.49.jpg|2026-07-12 21.01.50.jpg|2026-07-12 21.01.51.jpg,1.0,0.6356431436660991,0.7132544343835135,0.842469334602356,0.7545000364507292,0.9453338633868853
synthetic_m4,la_souris_truck,whitevan,10,8,2|3|4|5|6|7|8|10,2026-07-12 21.06.04.jpg|2026-07-12 21.01.06.jpg|2026-07-12 21.01.23.jpg|2026-07-12 21.01.30.jpg|2026-07-12 21.01.33.jpg|2026-07-12 21.01.49.jpg|2026-07-12 21.01.50.jpg|2026-07-12 21.05.27.jpg,1.0,0.8456525181770173,0.8692215428199084,0.9713618159294128,0.8705844766688557,0.9984344611172458
synthetic_m4,la_souris_truck,whitevan,10,8,2|3|4|5|6|7|9|10,2026-07-12 21.06.04.jpg|2026-07-12 21.01.06.jpg|2026-07-12 21.01.23.jpg|2026-07-12 21.01.30.jpg|2026-07-12 21.01.33.jpg|2026-07-12 21.01.49.jpg|2026-07-12 21.01.51.jpg|2026-07-12 21.05.27.jpg,1.0,0.8456525181770173,0.8692215428199084,0.9713618159294128,0.8705844766688557,0.9984344611172458
synthetic_m4,la_souris_truck,whitevan,10,8,2|3|4|5|6|8|9|10,2026-07-12 21.06.04.jpg|2026-07-12 21.01.06.jpg|2026-07-12 21.01.23.jpg|2026-07-12 21.01.30.jpg|2026-07-12 21.01.33.jpg|2026-07-12 21.01.50.jpg|2026-07-12 21.01.51.jpg|2026-07-12 21.05.27.jpg,1.0,0.8456525181770173,0.8692215428199084,0.9713618159294128,0.8705844766688557,0.9984344611172458
synthetic_m4,la_souris_truck,whitevan,10,8,2|3|4|5|7|8|9|10,2026-07-12 21.06.04.jpg|2026-07-12 21.01.06.jpg|2026-07-12 21.01.23.jpg|2026-07-12 21.01.30.jpg|2026-07-12 21.01.49.jpg|2026-07-12 21.01.50.jpg|2026-07-12 21.01.51.jpg|2026-07-12 21.05.27.jpg,1.0,0.8456525181770173,0.8692215428199084,0.9713618159294128,0.8705844766688557,0.9984344611172458
synthetic_m4,la_souris_truck,whitevan,10,8,2|3|4|6|7|8|9|10,2026-07-12 21.06.04.jpg|2026-07-12 21.01.06.jpg|2026-07-12 21.01.23.jpg|2026-07-12 21.01.33.jpg|2026-07-12 21.01.49.jpg|2026-07-12 21.01.50.jpg|2026-07-12 21.01.51.jpg|2026-07-12 21.05.27.jpg,1.0,0.8456525181770173,0.8692215428199084,0.9713618159294128,0.8705844766688557,0.9984344611172458
synthetic_m4,la_souris_truck,whitevan,10,8,2|3|5|6|7|8|9|10,2026-07-12 21.06.04.jpg|2026-07-12 21.01.06.jpg|2026-07-12 21.01.30.jpg|2026-07-12 21.01.33.jpg|2026-07-12 21.01.49.jpg|2026-07-12 21.01.50.jpg|2026-07-12 21.01.51.jpg|2026-07-12 21.05.27.jpg,1.0,0.8456525181770173,0.86665692865797,0.9713618159294128,0.8705844766688557,0.9954886078075802
synthetic_m4,la_souris_truck,whitevan,10,8,2|4|5|6|7|8|9|10,2026-07-12 21.06.04.jpg|2026-07-12 21.01.23.jpg|2026-07-12 21.01.30.jpg|2026-07-12 21.01.33.jpg|2026-07-12 21.01.49.jpg|2026-07-12 21.01.50.jpg|2026-07-12 21.01.51.jpg|2026-07-12 21.05.27.jpg,1.0,0.8456525181770173,0.8692215428199084,0.9713618159294128,0.8705844766688557,0.9984344611172458
synthetic_m4,la_souris_truck,whitevan,10,8,3|4|5|6|7|8|9|10,2026-07-12 21.01.06.jpg|2026-07-12 21.01.23.jpg|2026-07-12 21.01.30.jpg|2026-07-12 21.01.33.jpg|2026-07-12 21.01.49.jpg|2026-07-12 21.01.50.jpg|2026-07-12 21.01.51.jpg|2026-07-12 21.05.27.jpg,1.0,0.8456525181770173,0.861932612947548,0.9713618159294128,0.8705844766688557,0.9900620055225282
synthetic_m4,la_souris_truck,whitevan,10,9,1|2|3|4|5|6|7|8|9,2026-07-12 21.05.57.jpg|2026-07-12 21.06.04.jpg|2026-07-12 21.01.06.jpg|2026-07-12 21.01.23.jpg|2026-07-12 21.01.30.jpg|2026-07-12 21.01.33.jpg|2026-07-12 21.01.49.jpg|2026-07-12 21.01.50.jpg|2026-07-12 21.01.51.jpg,1.0,0.6356431436660991,0.7648578550433748,0.842469334602356,0.7871083728731303,0.9717313160466888
synthetic_m4,la_souris_truck,whitevan,10,9,1|2|3|4|5|6|7|8|10,2026-07-12 21.05.57.jpg|2026-07-12 21.06.04.jpg|2026-07-12 21.01.06.jpg|2026-07-12 21.01.23.jpg|2026-07-12 21.01.30.jpg|2026-07-12 21.01.33.jpg|2026-07-12 21.01.49.jpg|2026-07-12 21.01.50.jpg|2026-07-12 21.05.27.jpg,1.0,0.8456525181770173,0.8698796830139129,0.9713618159294128,0.8705844766688557,0.9991904362255118
synthetic_m4,la_souris_truck,whitevan,10,9,1|2|3|4|5|6|7|9|10,2026-07-12 21.05.57.jpg|2026-07-12 21.06.04.jpg|2026-07-12 21.01.06.jpg|2026-07-12 21.01.23.jpg|2026-07-12 21.01.30.jpg|2026-07-12 21.01.33.jpg|2026-07-12 21.01.49.jpg|2026-07-12 21.01.51.jpg|2026-07-12 21.05.27.jpg,1.0,0.8456525181770173,0.8698796830139129,0.9713618159294128,0.8705844766688557,0.9991904362255118
synthetic_m4,la_souris_truck,whitevan,10,9,1|2|3|4|5|6|8|9|10,2026-07-12 21.05.57.jpg|2026-07-12 21.06.04.jpg|2026-07-12 21.01.06.jpg|2026-07-12 21.01.23.jpg|2026-07-12 21.01.30.jpg|2026-07-12 21.01.33.jpg|2026-07-12 21.01.50.jpg|2026-07-12 21.01.51.jpg|2026-07-12 21.05.27.jpg,1.0,0.8456525181770173,0.8698796830139129,0.9713618159294128,0.8705844766688557,0.9991904362255118
synthetic_m4,la_souris_truck,whitevan,10,9,1|2|3|4|5|7|8|9|10,2026-07-12 21.05.57.jpg|2026-07-12 21.06.04.jpg|2026-07-12 21.01.06.jpg|2026-07-12 21.01.23.jpg|2026-07-12 21.01.30.jpg|2026-07-12 21.01.49.jpg|2026-07-12 21.01.50.jpg|2026-07-12 21.01.51.jpg|2026-07-12 21.05.27.jpg,1.0,0.8456525181770173,0.8698796830139129,0.9713618159294128,0.8705844766688557,0.9991904362255118
synthetic_m4,la_souris_truck,whitevan,10,9,1|2|3|4|6|7|8|9|10,2026-07-12 21.05.57.jpg|2026-07-12 21.06.04.jpg|2026-07-12 21.01.06.jpg|2026-07-12 21.01.23.jpg|2026-07-12 21.01.33.jpg|2026-07-12 21.01.49.jpg|2026-07-12 21.01.50.jpg|2026-07-12 21.01.51.jpg|2026-07-12 21.05.27.jpg,1.0,0.8456525181770173,0.8698796830139129,0.9713618159294128,0.8705844766688557,0.9991904362255118
synthetic_m4,la_souris_truck,whitevan,10,9,1|2|3|5|6|7|8|9|10,2026-07-12 21.05.57.jpg|2026-07-12 21.06.04.jpg|2026-07-12 21.01.06.jpg|2026-07-12 21.01.30.jpg|2026-07-12 21.01.33.jpg|2026-07-12 21.01.49.jpg|2026-07-12 21.01.50.jpg|2026-07-12 21.01.51.jpg|2026-07-12 21.05.27.jpg,1.0,0.8456525181770173,0.8685534823401921,0.9713618159294128,0.8705844766688557,0.9976670910370067
synthetic_m4,la_souris_truck,whitevan,10,9,1|2|4|5|6|7|8|9|10,2026-07-12 21.05.57.jpg|2026-07-12 21.06.04.jpg|2026-07-12 21.01.23.jpg|2026-07-12 21.01.30.jpg|2026-07-12 21.01.33.jpg|2026-07-12 21.01.49.jpg|2026-07-12 21.01.50.jpg|2026-07-12 21.01.51.jpg|2026-07-12 21.05.27.jpg,1.0,0.8456525181770173,0.8698796830139129,0.9713618159294128,0.8705844766688557,0.9991904362255118
synthetic_m4,la_souris_truck,whitevan,10,9,1|3|4|5|6|7|8|9|10,2026-07-12 21.05.57.jpg|2026-07-12 21.01.06.jpg|2026-07-12 21.01.23.jpg|2026-07-12 21.01.30.jpg|2026-07-12 21.01.33.jpg|2026-07-12 21.01.49.jpg|2026-07-12 21.01.50.jpg|2026-07-12 21.01.51.jpg|2026-07-12 21.05.27.jpg,1.0,0.8456525181770173,0.8661104674138081,0.9713618159294128,0.8705844766688557,0.9948609131279637
synthetic_m4,la_souris_truck,whitevan,10,9,2|3|4|5|6|7|8|9|10,2026-07-12 21.06.04.jpg|2026-07-12 21.01.06.jpg|2026-07-12 21.01.23.jpg|2026-07-12 21.01.30.jpg|2026-07-12 21.01.33.jpg|2026-07-12 21.01.49.jpg|2026-07-12 21.01.50.jpg|2026-07-12 21.01.51.jpg|2026-07-12 21.05.27.jpg,1.0,0.8456525181770173,0.8692215428199084,0.9713618159294128,0.8705844766688557,0.9984344611172458
synthetic_m4,la_souris_truck,whitevan,10,10,1|2|3|4|5|6|7|8|9|10,2026-07-12 21.05.57.jpg|2026-07-12 21.06.04.jpg|2026-07-12 21.01.06.jpg|2026-07-12 21.01.23.jpg|2026-07-12 21.01.30.jpg|2026-07-12 21.01.33.jpg|2026-07-12 21.01.49.jpg|2026-07-12 21.01.50.jpg|2026-07-12 21.01.51.jpg|2026-07-12 21.05.27.jpg,1.0,0.8456525181770173,0.8698796830139129,0.9713618159294128,0.8705844766688557,0.9991904362255118
synthetic_m4,m_truck,whitevan,5,0,empty,empty,0.0,0.0,0.0,0.0,0.0,0.0
synthetic_m4,m_truck,whitevan,5,1,1,2026-07-12 21.22.14.jpg,0.0,0.0,0.0,0.0,0.0,0.0
synthetic_m4,m_truck,whitevan,5,1,2,2026-07-12 21.21.43.jpg,0.0,0.0,0.0,0.0,0.0,0.0
synthetic_m4,m_truck,whitevan,5,1,3,2026-07-12 21.21.46.jpg,0.0,0.0,0.0,0.0,0.0,0.0
synthetic_m4,m_truck,whitevan,5,1,4,2026-07-12 21.21.47.jpg,0.0,0.0,0.0,0.0,0.0,0.0
synthetic_m4,m_truck,whitevan,5,1,5,2026-07-12 21.22.11.jpg,0.0,0.0,0.0,0.0,0.0,0.0
synthetic_m4,m_truck,whitevan,5,2,1|2,2026-07-12 21.22.14.jpg|2026-07-12 21.21.43.jpg,0.0,0.0,0.0,0.0,0.0,0.0
synthetic_m4,m_truck,whitevan,5,2,1|3,2026-07-12 21.22.14.jpg|2026-07-12 21.21.46.jpg,0.0,0.0,0.0,0.0,0.0,0.0
synthetic_m4,m_truck,whitevan,5,2,1|4,2026-07-12 21.22.14.jpg|2026-07-12 21.21.47.jpg,0.0,0.0,0.0,0.0,0.0,0.0
synthetic_m4,m_truck,whitevan,5,2,1|5,2026-07-12 21.22.14.jpg|2026-07-12 21.22.11.jpg,0.0,0.0,0.0,0.0,0.0,0.0
synthetic_m4,m_truck,whitevan,5,2,2|3,2026-07-12 21.21.43.jpg|2026-07-12 21.21.46.jpg,0.0,0.0,0.0,0.0,0.0,0.0
synthetic_m4,m_truck,whitevan,5,2,2|4,2026-07-12 21.21.43.jpg|2026-07-12 21.21.47.jpg,0.0,0.0,0.0,0.0,0.0,0.0
synthetic_m4,m_truck,whitevan,5,2,2|5,2026-07-12 21.21.43.jpg|2026-07-12 21.22.11.jpg,0.0,0.0,0.0,0.0,0.0,0.0
synthetic_m4,m_truck,whitevan,5,2,3|4,2026-07-12 21.21.46.jpg|2026-07-12 21.21.47.jpg,0.0,0.0,0.0,0.0,0.0,0.0
synthetic_m4,m_truck,whitevan,5,2,3|5,2026-07-12 21.21.46.jpg|2026-07-12 21.22.11.jpg,0.0,0.0,0.0,0.0,0.0,0.0
synthetic_m4,m_truck,whitevan,5,2,4|5,2026-07-12 21.21.47.jpg|2026-07-12 21.22.11.jpg,0.0,0.0,0.0,0.0,0.0,0.0
synthetic_m4,m_truck,whitevan,5,3,1|2|3,2026-07-12 21.22.14.jpg|2026-07-12 21.21.43.jpg|2026-07-12 21.21.46.jpg,0.0,0.0,0.0,0.0,0.0,0.0
synthetic_m4,m_truck,whitevan,5,3,1|2|4,2026-07-12 21.22.14.jpg|2026-07-12 21.21.43.jpg|2026-07-12 21.21.47.jpg,0.0,0.0,0.0,0.0,0.0,0.0
synthetic_m4,m_truck,whitevan,5,3,1|2|5,2026-07-12 21.22.14.jpg|2026-07-12 21.21.43.jpg|2026-07-12 21.22.11.jpg,0.0,0.0,0.0,0.0,0.0,0.0
synthetic_m4,m_truck,whitevan,5,3,1|3|4,2026-07-12 21.22.14.jpg|2026-07-12 21.21.46.jpg|2026-07-12 21.21.47.jpg,0.0,0.0,0.0,0.0,0.0,0.0
synthetic_m4,m_truck,whitevan,5,3,1|3|5,2026-07-12 21.22.14.jpg|2026-07-12 21.21.46.jpg|2026-07-12 21.22.11.jpg,0.0,0.0,0.0,0.0,0.0,0.0
synthetic_m4,m_truck,whitevan,5,3,1|4|5,2026-07-12 21.22.14.jpg|2026-07-12 21.21.47.jpg|2026-07-12 21.22.11.jpg,0.0,0.0,0.0,0.0,0.0,0.0
synthetic_m4,m_truck,whitevan,5,3,2|3|4,2026-07-12 21.21.43.jpg|2026-07-12 21.21.46.jpg|2026-07-12 21.21.47.jpg,0.0,0.0,0.0,0.0,0.0,0.0
synthetic_m4,m_truck,whitevan,5,3,2|3|5,2026-07-12 21.21.43.jpg|2026-07-12 21.21.46.jpg|2026-07-12 21.22.11.jpg,0.0,0.0,0.0,0.0,0.0,0.0
synthetic_m4,m_truck,whitevan,5,3,2|4|5,2026-07-12 21.21.43.jpg|2026-07-12 21.21.47.jpg|2026-07-12 21.22.11.jpg,0.0,0.0,0.0,0.0,0.0,0.0
synthetic_m4,m_truck,whitevan,5,3,3|4|5,2026-07-12 21.21.46.jpg|2026-07-12 21.21.47.jpg|2026-07-12 21.22.11.jpg,0.0,0.0,0.0,0.0,0.0,0.0
synthetic_m4,m_truck,whitevan,5,4,1|2|3|4,2026-07-12 21.22.14.jpg|2026-07-12 21.21.43.jpg|2026-07-12 21.21.46.jpg|2026-07-12 21.21.47.jpg,0.0,0.0,0.0,0.0,0.0,0.0
synthetic_m4,m_truck,whitevan,5,4,1|2|3|5,2026-07-12 21.22.14.jpg|2026-07-12 21.21.43.jpg|2026-07-12 21.21.46.jpg|2026-07-12 21.22.11.jpg,0.0,0.0,0.0,0.0,0.0,0.0
synthetic_m4,m_truck,whitevan,5,4,1|2|4|5,2026-07-12 21.22.14.jpg|2026-07-12 21.21.43.jpg|2026-07-12 21.21.47.jpg|2026-07-12 21.22.11.jpg,0.0,0.0,0.0,0.0,0.0,0.0
synthetic_m4,m_truck,whitevan,5,4,1|3|4|5,2026-07-12 21.22.14.jpg|2026-07-12 21.21.46.jpg|2026-07-12 21.21.47.jpg|2026-07-12 21.22.11.jpg,0.0,0.0,0.0,0.0,0.0,0.0
synthetic_m4,m_truck,whitevan,5,4,2|3|4|5,2026-07-12 21.21.43.jpg|2026-07-12 21.21.46.jpg|2026-07-12 21.21.47.jpg|2026-07-12 21.22.11.jpg,0.0,0.0,0.0,0.0,0.0,0.0
synthetic_m4,m_truck,whitevan,5,5,1|2|3|4|5,2026-07-12 21.22.14.jpg|2026-07-12 21.21.43.jpg|2026-07-12 21.21.46.jpg|2026-07-12 21.21.47.jpg|2026-07-12 21.22.11.jpg,0.0,0.0,0.0,0.0,0.0,0.0
synthetic_m4,white_truck_bottendaal,whitevan,7,0,empty,empty,0.0,0.0,0.0,0.0,0.0,0.0
synthetic_m4,white_truck_bottendaal,whitevan,7,1,1,2026-06-30 15.33.46.jpg,0.0,0.0,0.0,0.0,0.0,0.0
synthetic_m4,white_truck_bottendaal,whitevan,7,1,2,2026-06-30 15.33.52.jpg,0.0,0.0,0.0,0.0,0.0,0.0
synthetic_m4,white_truck_bottendaal,whitevan,7,1,3,2026-06-30 15.34.24.jpg,0.0,0.0,0.0,0.0,0.0,0.0
synthetic_m4,white_truck_bottendaal,whitevan,7,1,4,2026-06-30 15.34.33.jpg,0.0,0.0,0.0,0.0,0.0,0.0
synthetic_m4,white_truck_bottendaal,whitevan,7,1,5,2026-06-30 15.35.01.jpg,0.0,0.0,0.0,0.0,0.0,0.0
synthetic_m4,white_truck_bottendaal,whitevan,7,1,6,2026-06-30 15.33.29.jpg,0.0,0.0,0.0,0.0,0.0,0.0
synthetic_m4,white_truck_bottendaal,whitevan,7,1,7,2026-06-30 15.33.34.jpg,0.0,0.0,0.0,0.0,0.0,0.0
synthetic_m4,white_truck_bottendaal,whitevan,7,2,1|2,2026-06-30 15.33.46.jpg|2026-06-30 15.33.52.jpg,0.0,0.0,0.0,0.0,0.0,0.0
synthetic_m4,white_truck_bottendaal,whitevan,7,2,1|3,2026-06-30 15.33.46.jpg|2026-06-30 15.34.24.jpg,0.0,0.0,0.0,0.0,0.0,0.0
synthetic_m4,white_truck_bottendaal,whitevan,7,2,1|4,2026-06-30 15.33.46.jpg|2026-06-30 15.34.33.jpg,0.0,0.0,0.0,0.0,0.0,0.0
synthetic_m4,white_truck_bottendaal,whitevan,7,2,1|5,2026-06-30 15.33.46.jpg|2026-06-30 15.35.01.jpg,0.0,0.0,0.0,0.0,0.0,0.0
synthetic_m4,white_truck_bottendaal,whitevan,7,2,1|6,2026-06-30 15.33.46.jpg|2026-06-30 15.33.29.jpg,0.0,0.0,0.0,0.0,0.0,0.0
synthetic_m4,white_truck_bottendaal,whitevan,7,2,1|7,2026-06-30 15.33.46.jpg|2026-06-30 15.33.34.jpg,0.0,0.0,0.0,0.0,0.0,0.0
synthetic_m4,white_truck_bottendaal,whitevan,7,2,2|3,2026-06-30 15.33.52.jpg|2026-06-30 15.34.24.jpg,0.0,0.0,0.0,0.0,0.0,0.0
synthetic_m4,white_truck_bottendaal,whitevan,7,2,2|4,2026-06-30 15.33.52.jpg|2026-06-30 15.34.33.jpg,0.0,0.0,0.0,0.0,0.0,0.0
synthetic_m4,white_truck_bottendaal,whitevan,7,2,2|5,2026-06-30 15.33.52.jpg|2026-06-30 15.35.01.jpg,0.0,0.0,0.0,0.0,0.0,0.0
synthetic_m4,white_truck_bottendaal,whitevan,7,2,2|6,2026-06-30 15.33.52.jpg|2026-06-30 15.33.29.jpg,0.0,0.0,0.0,0.0,0.0,0.0
synthetic_m4,white_truck_bottendaal,whitevan,7,2,2|7,2026-06-30 15.33.52.jpg|2026-06-30 15.33.34.jpg,0.0,0.0,0.0,0.0,0.0,0.0
synthetic_m4,white_truck_bottendaal,whitevan,7,2,3|4,2026-06-30 15.34.24.jpg|2026-06-30 15.34.33.jpg,0.0,0.0,0.0,0.0,0.0,0.0
synthetic_m4,white_truck_bottendaal,whitevan,7,2,3|5,2026-06-30 15.34.24.jpg|2026-06-30 15.35.01.jpg,0.0,0.0,0.0,0.0,0.0,0.0
synthetic_m4,white_truck_bottendaal,whitevan,7,2,3|6,2026-06-30 15.34.24.jpg|2026-06-30 15.33.29.jpg,0.0,0.0,0.0,0.0,0.0,0.0
synthetic_m4,white_truck_bottendaal,whitevan,7,2,3|7,2026-06-30 15.34.24.jpg|2026-06-30 15.33.34.jpg,0.0,0.0,0.0,0.0,0.0,0.0
synthetic_m4,white_truck_bottendaal,whitevan,7,2,4|5,2026-06-30 15.34.33.jpg|2026-06-30 15.35.01.jpg,0.0,0.0,0.0,0.0,0.0,0.0
synthetic_m4,white_truck_bottendaal,whitevan,7,2,4|6,2026-06-30 15.34.33.jpg|2026-06-30 15.33.29.jpg,0.0,0.0,0.0,0.0,0.0,0.0
synthetic_m4,white_truck_bottendaal,whitevan,7,2,4|7,2026-06-30 15.34.33.jpg|2026-06-30 15.33.34.jpg,0.0,0.0,0.0,0.0,0.0,0.0
synthetic_m4,white_truck_bottendaal,whitevan,7,2,5|6,2026-06-30 15.35.01.jpg|2026-06-30 15.33.29.jpg,0.0,0.0,0.0,0.0,0.0,0.0
synthetic_m4,white_truck_bottendaal,whitevan,7,2,5|7,2026-06-30 15.35.01.jpg|2026-06-30 15.33.34.jpg,0.0,0.0,0.0,0.0,0.0,0.0
synthetic_m4,white_truck_bottendaal,whitevan,7,2,6|7,2026-06-30 15.33.29.jpg|2026-06-30 15.33.34.jpg,0.0,0.0,0.0,0.0,0.0,0.0
synthetic_m4,white_truck_bottendaal,whitevan,7,3,1|2|3,2026-06-30 15.33.46.jpg|2026-06-30 15.33.52.jpg|2026-06-30 15.34.24.jpg,0.0,0.0,0.0,0.0,0.0,0.0
synthetic_m4,white_truck_bottendaal,whitevan,7,3,1|2|4,2026-06-30 15.33.46.jpg|2026-06-30 15.33.52.jpg|2026-06-30 15.34.33.jpg,0.0,0.0,0.0,0.0,0.0,0.0
synthetic_m4,white_truck_bottendaal,whitevan,7,3,1|2|5,2026-06-30 15.33.46.jpg|2026-06-30 15.33.52.jpg|2026-06-30 15.35.01.jpg,0.0,0.0,0.0,0.0,0.0,0.0
synthetic_m4,white_truck_bottendaal,whitevan,7,3,1|2|6,2026-06-30 15.33.46.jpg|2026-06-30 15.33.52.jpg|2026-06-30 15.33.29.jpg,0.0,0.0,0.0,0.0,0.0,0.0
synthetic_m4,white_truck_bottendaal,whitevan,7,3,1|2|7,2026-06-30 15.33.46.jpg|2026-06-30 15.33.52.jpg|2026-06-30 15.33.34.jpg,0.0,0.0,0.0,0.0,0.0,0.0
synthetic_m4,white_truck_bottendaal,whitevan,7,3,1|3|4,2026-06-30 15.33.46.jpg|2026-06-30 15.34.24.jpg|2026-06-30 15.34.33.jpg,0.0,0.0,0.0,0.0,0.0,0.0
synthetic_m4,white_truck_bottendaal,whitevan,7,3,1|3|5,2026-06-30 15.33.46.jpg|2026-06-30 15.34.24.jpg|2026-06-30 15.35.01.jpg,0.0,0.0,0.0,0.0,0.0,0.0
synthetic_m4,white_truck_bottendaal,whitevan,7,3,1|3|6,2026-06-30 15.33.46.jpg|2026-06-30 15.34.24.jpg|2026-06-30 15.33.29.jpg,0.0,0.0,0.0,0.0,0.0,0.0
synthetic_m4,white_truck_bottendaal,whitevan,7,3,1|3|7,2026-06-30 15.33.46.jpg|2026-06-30 15.34.24.jpg|2026-06-30 15.33.34.jpg,0.0,0.0,0.0,0.0,0.0,0.0
synthetic_m4,white_truck_bottendaal,whitevan,7,3,1|4|5,2026-06-30 15.33.46.jpg|2026-06-30 15.34.33.jpg|2026-06-30 15.35.01.jpg,0.0,0.0,0.0,0.0,0.0,0.0
synthetic_m4,white_truck_bottendaal,whitevan,7,3,1|4|6,2026-06-30 15.33.46.jpg|2026-06-30 15.34.33.jpg|2026-06-30 15.33.29.jpg,0.0,0.0,0.0,0.0,0.0,0.0
synthetic_m4,white_truck_bottendaal,whitevan,7,3,1|4|7,2026-06-30 15.33.46.jpg|2026-06-30 15.34.33.jpg|2026-06-30 15.33.34.jpg,0.0,0.0,0.0,0.0,0.0,0.0
synthetic_m4,white_truck_bottendaal,whitevan,7,3,1|5|6,2026-06-30 15.33.46.jpg|2026-06-30 15.35.01.jpg|2026-06-30 15.33.29.jpg,0.0,0.0,0.0,0.0,0.0,0.0
synthetic_m4,white_truck_bottendaal,whitevan,7,3,1|5|7,2026-06-30 15.33.46.jpg|2026-06-30 15.35.01.jpg|2026-06-30 15.33.34.jpg,0.0,0.0,0.0,0.0,0.0,0.0
synthetic_m4,white_truck_bottendaal,whitevan,7,3,1|6|7,2026-06-30 15.33.46.jpg|2026-06-30 15.33.29.jpg|2026-06-30 15.33.34.jpg,0.0,0.0,0.0,0.0,0.0,0.0
synthetic_m4,white_truck_bottendaal,whitevan,7,3,2|3|4,2026-06-30 15.33.52.jpg|2026-06-30 15.34.24.jpg|2026-06-30 15.34.33.jpg,0.0,0.0,0.0,0.0,0.0,0.0
synthetic_m4,white_truck_bottendaal,whitevan,7,3,2|3|5,2026-06-30 15.33.52.jpg|2026-06-30 15.34.24.jpg|2026-06-30 15.35.01.jpg,0.0,0.0,0.0,0.0,0.0,0.0
synthetic_m4,white_truck_bottendaal,whitevan,7,3,2|3|6,2026-06-30 15.33.52.jpg|2026-06-30 15.34.24.jpg|2026-06-30 15.33.29.jpg,0.0,0.0,0.0,0.0,0.0,0.0
synthetic_m4,white_truck_bottendaal,whitevan,7,3,2|3|7,2026-06-30 15.33.52.jpg|2026-06-30 15.34.24.jpg|2026-06-30 15.33.34.jpg,0.0,0.0,0.0,0.0,0.0,0.0
synthetic_m4,white_truck_bottendaal,whitevan,7,3,2|4|5,2026-06-30 15.33.52.jpg|2026-06-30 15.34.33.jpg|2026-06-30 15.35.01.jpg,0.0,0.0,0.0,0.0,0.0,0.0
synthetic_m4,white_truck_bottendaal,whitevan,7,3,2|4|6,2026-06-30 15.33.52.jpg|2026-06-30 15.34.33.jpg|2026-06-30 15.33.29.jpg,0.0,0.0,0.0,0.0,0.0,0.0
synthetic_m4,white_truck_bottendaal,whitevan,7,3,2|4|7,2026-06-30 15.33.52.jpg|2026-06-30 15.34.33.jpg|2026-06-30 15.33.34.jpg,0.0,0.0,0.0,0.0,0.0,0.0
synthetic_m4,white_truck_bottendaal,whitevan,7,3,2|5|6,2026-06-30 15.33.52.jpg|2026-06-30 15.35.01.jpg|2026-06-30 15.33.29.jpg,0.0,0.0,0.0,0.0,0.0,0.0
synthetic_m4,white_truck_bottendaal,whitevan,7,3,2|5|7,2026-06-30 15.33.52.jpg|2026-06-30 15.35.01.jpg|2026-06-30 15.33.34.jpg,0.0,0.0,0.0,0.0,0.0,0.0
synthetic_m4,white_truck_bottendaal,whitevan,7,3,2|6|7,2026-06-30 15.33.52.jpg|2026-06-30 15.33.29.jpg|2026-06-30 15.33.34.jpg,0.0,0.0,0.0,0.0,0.0,0.0
synthetic_m4,white_truck_bottendaal,whitevan,7,3,3|4|5,2026-06-30 15.34.24.jpg|2026-06-30 15.34.33.jpg|2026-06-30 15.35.01.jpg,0.0,0.0,0.0,0.0,0.0,0.0
synthetic_m4,white_truck_bottendaal,whitevan,7,3,3|4|6,2026-06-30 15.34.24.jpg|2026-06-30 15.34.33.jpg|2026-06-30 15.33.29.jpg,0.0,0.0,0.0,0.0,0.0,0.0
synthetic_m4,white_truck_bottendaal,whitevan,7,3,3|4|7,2026-06-30 15.34.24.jpg|2026-06-30 15.34.33.jpg|2026-06-30 15.33.34.jpg,0.0,0.0,0.0,0.0,0.0,0.0
synthetic_m4,white_truck_bottendaal,whitevan,7,3,3|5|6,2026-06-30 15.34.24.jpg|2026-06-30 15.35.01.jpg|2026-06-30 15.33.29.jpg,0.0,0.0,0.0,0.0,0.0,0.0
synthetic_m4,white_truck_bottendaal,whitevan,7,3,3|5|7,2026-06-30 15.34.24.jpg|2026-06-30 15.35.01.jpg|2026-06-30 15.33.34.jpg,0.0,0.0,0.0,0.0,0.0,0.0
synthetic_m4,white_truck_bottendaal,whitevan,7,3,3|6|7,2026-06-30 15.34.24.jpg|2026-06-30 15.33.29.jpg|2026-06-30 15.33.34.jpg,0.0,0.0,0.0,0.0,0.0,0.0
synthetic_m4,white_truck_bottendaal,whitevan,7,3,4|5|6,2026-06-30 15.34.33.jpg|2026-06-30 15.35.01.jpg|2026-06-30 15.33.29.jpg,0.0,0.0,0.0,0.0,0.0,0.0
synthetic_m4,white_truck_bottendaal,whitevan,7,3,4|5|7,2026-06-30 15.34.33.jpg|2026-06-30 15.35.01.jpg|2026-06-30 15.33.34.jpg,0.0,0.0,0.0,0.0,0.0,0.0
synthetic_m4,white_truck_bottendaal,whitevan,7,3,4|6|7,2026-06-30 15.34.33.jpg|2026-06-30 15.33.29.jpg|2026-06-30 15.33.34.jpg,0.0,0.0,0.0,0.0,0.0,0.0
synthetic_m4,white_truck_bottendaal,whitevan,7,3,5|6|7,2026-06-30 15.35.01.jpg|2026-06-30 15.33.29.jpg|2026-06-30 15.33.34.jpg,0.0,0.0,0.0,0.0,0.0,0.0
synthetic_m4,white_truck_bottendaal,whitevan,7,4,1|2|3|4,2026-06-30 15.33.46.jpg|2026-06-30 15.33.52.jpg|2026-06-30 15.34.24.jpg|2026-06-30 15.34.33.jpg,0.0,0.0,0.0,0.0,0.0,0.0
synthetic_m4,white_truck_bottendaal,whitevan,7,4,1|2|3|5,2026-06-30 15.33.46.jpg|2026-06-30 15.33.52.jpg|2026-06-30 15.34.24.jpg|2026-06-30 15.35.01.jpg,0.0,0.0,0.0,0.0,0.0,0.0
synthetic_m4,white_truck_bottendaal,whitevan,7,4,1|2|3|6,2026-06-30 15.33.46.jpg|2026-06-30 15.33.52.jpg|2026-06-30 15.34.24.jpg|2026-06-30 15.33.29.jpg,0.0,0.0,0.0,0.0,0.0,0.0
synthetic_m4,white_truck_bottendaal,whitevan,7,4,1|2|3|7,2026-06-30 15.33.46.jpg|2026-06-30 15.33.52.jpg|2026-06-30 15.34.24.jpg|2026-06-30 15.33.34.jpg,0.0,0.0,0.0,0.0,0.0,0.0
synthetic_m4,white_truck_bottendaal,whitevan,7,4,1|2|4|5,2026-06-30 15.33.46.jpg|2026-06-30 15.33.52.jpg|2026-06-30 15.34.33.jpg|2026-06-30 15.35.01.jpg,0.0,0.0,0.0,0.0,0.0,0.0
synthetic_m4,white_truck_bottendaal,whitevan,7,4,1|2|4|6,2026-06-30 15.33.46.jpg|2026-06-30 15.33.52.jpg|2026-06-30 15.34.33.jpg|2026-06-30 15.33.29.jpg,0.0,0.0,0.0,0.0,0.0,0.0
synthetic_m4,white_truck_bottendaal,whitevan,7,4,1|2|4|7,2026-06-30 15.33.46.jpg|2026-06-30 15.33.52.jpg|2026-06-30 15.34.33.jpg|2026-06-30 15.33.34.jpg,0.0,0.0,0.0,0.0,0.0,0.0
synthetic_m4,white_truck_bottendaal,whitevan,7,4,1|2|5|6,2026-06-30 15.33.46.jpg|2026-06-30 15.33.52.jpg|2026-06-30 15.35.01.jpg|2026-06-30 15.33.29.jpg,0.0,0.0,0.0,0.0,0.0,0.0
synthetic_m4,white_truck_bottendaal,whitevan,7,4,1|2|5|7,2026-06-30 15.33.46.jpg|2026-06-30 15.33.52.jpg|2026-06-30 15.35.01.jpg|2026-06-30 15.33.34.jpg,0.0,0.0,0.0,0.0,0.0,0.0
synthetic_m4,white_truck_bottendaal,whitevan,7,4,1|2|6|7,2026-06-30 15.33.46.jpg|2026-06-30 15.33.52.jpg|2026-06-30 15.33.29.jpg|2026-06-30 15.33.34.jpg,0.0,0.0,0.0,0.0,0.0,0.0
synthetic_m4,white_truck_bottendaal,whitevan,7,4,1|3|4|5,2026-06-30 15.33.46.jpg|2026-06-30 15.34.24.jpg|2026-06-30 15.34.33.jpg|2026-06-30 15.35.01.jpg,0.0,0.0,0.0,0.0,0.0,0.0
synthetic_m4,white_truck_bottendaal,whitevan,7,4,1|3|4|6,2026-06-30 15.33.46.jpg|2026-06-30 15.34.24.jpg|2026-06-30 15.34.33.jpg|2026-06-30 15.33.29.jpg,0.0,0.0,0.0,0.0,0.0,0.0
synthetic_m4,white_truck_bottendaal,whitevan,7,4,1|3|4|7,2026-06-30 15.33.46.jpg|2026-06-30 15.34.24.jpg|2026-06-30 15.34.33.jpg|2026-06-30 15.33.34.jpg,0.0,0.0,0.0,0.0,0.0,0.0
synthetic_m4,white_truck_bottendaal,whitevan,7,4,1|3|5|6,2026-06-30 15.33.46.jpg|2026-06-30 15.34.24.jpg|2026-06-30 15.35.01.jpg|2026-06-30 15.33.29.jpg,0.0,0.0,0.0,0.0,0.0,0.0
synthetic_m4,white_truck_bottendaal,whitevan,7,4,1|3|5|7,2026-06-30 15.33.46.jpg|2026-06-30 15.34.24.jpg|2026-06-30 15.35.01.jpg|2026-06-30 15.33.34.jpg,0.0,0.0,0.0,0.0,0.0,0.0
synthetic_m4,white_truck_bottendaal,whitevan,7,4,1|3|6|7,2026-06-30 15.33.46.jpg|2026-06-30 15.34.24.jpg|2026-06-30 15.33.29.jpg|2026-06-30 15.33.34.jpg,0.0,0.0,0.0,0.0,0.0,0.0
synthetic_m4,white_truck_bottendaal,whitevan,7,4,1|4|5|6,2026-06-30 15.33.46.jpg|2026-06-30 15.34.33.jpg|2026-06-30 15.35.01.jpg|2026-06-30 15.33.29.jpg,0.0,0.0,0.0,0.0,0.0,0.0
synthetic_m4,white_truck_bottendaal,whitevan,7,4,1|4|5|7,2026-06-30 15.33.46.jpg|2026-06-30 15.34.33.jpg|2026-06-30 15.35.01.jpg|2026-06-30 15.33.34.jpg,0.0,0.0,0.0,0.0,0.0,0.0
synthetic_m4,white_truck_bottendaal,whitevan,7,4,1|4|6|7,2026-06-30 15.33.46.jpg|2026-06-30 15.34.33.jpg|2026-06-30 15.33.29.jpg|2026-06-30 15.33.34.jpg,0.0,0.0,0.0,0.0,0.0,0.0
synthetic_m4,white_truck_bottendaal,whitevan,7,4,1|5|6|7,2026-06-30 15.33.46.jpg|2026-06-30 15.35.01.jpg|2026-06-30 15.33.29.jpg|2026-06-30 15.33.34.jpg,0.0,0.0,0.0,0.0,0.0,0.0
synthetic_m4,white_truck_bottendaal,whitevan,7,4,2|3|4|5,2026-06-30 15.33.52.jpg|2026-06-30 15.34.24.jpg|2026-06-30 15.34.33.jpg|2026-06-30 15.35.01.jpg,0.0,0.0,0.0,0.0,0.0,0.0
synthetic_m4,white_truck_bottendaal,whitevan,7,4,2|3|4|6,2026-06-30 15.33.52.jpg|2026-06-30 15.34.24.jpg|2026-06-30 15.34.33.jpg|2026-06-30 15.33.29.jpg,0.0,0.0,0.0,0.0,0.0,0.0
synthetic_m4,white_truck_bottendaal,whitevan,7,4,2|3|4|7,2026-06-30 15.33.52.jpg|2026-06-30 15.34.24.jpg|2026-06-30 15.34.33.jpg|2026-06-30 15.33.34.jpg,0.0,0.0,0.0,0.0,0.0,0.0
synthetic_m4,white_truck_bottendaal,whitevan,7,4,2|3|5|6,2026-06-30 15.33.52.jpg|2026-06-30 15.34.24.jpg|2026-06-30 15.35.01.jpg|2026-06-30 15.33.29.jpg,0.0,0.0,0.0,0.0,0.0,0.0
synthetic_m4,white_truck_bottendaal,whitevan,7,4,2|3|5|7,2026-06-30 15.33.52.jpg|2026-06-30 15.34.24.jpg|2026-06-30 15.35.01.jpg|2026-06-30 15.33.34.jpg,0.0,0.0,0.0,0.0,0.0,0.0
synthetic_m4,white_truck_bottendaal,whitevan,7,4,2|3|6|7,2026-06-30 15.33.52.jpg|2026-06-30 15.34.24.jpg|2026-06-30 15.33.29.jpg|2026-06-30 15.33.34.jpg,0.0,0.0,0.0,0.0,0.0,0.0
synthetic_m4,white_truck_bottendaal,whitevan,7,4,2|4|5|6,2026-06-30 15.33.52.jpg|2026-06-30 15.34.33.jpg|2026-06-30 15.35.01.jpg|2026-06-30 15.33.29.jpg,0.0,0.0,0.0,0.0,0.0,0.0
synthetic_m4,white_truck_bottendaal,whitevan,7,4,2|4|5|7,2026-06-30 15.33.52.jpg|2026-06-30 15.34.33.jpg|2026-06-30 15.35.01.jpg|2026-06-30 15.33.34.jpg,0.0,0.0,0.0,0.0,0.0,0.0
synthetic_m4,white_truck_bottendaal,whitevan,7,4,2|4|6|7,2026-06-30 15.33.52.jpg|2026-06-30 15.34.33.jpg|2026-06-30 15.33.29.jpg|2026-06-30 15.33.34.jpg,0.0,0.0,0.0,0.0,0.0,0.0
synthetic_m4,white_truck_bottendaal,whitevan,7,4,2|5|6|7,2026-06-30 15.33.52.jpg|2026-06-30 15.35.01.jpg|2026-06-30 15.33.29.jpg|2026-06-30 15.33.34.jpg,0.0,0.0,0.0,0.0,0.0,0.0
synthetic_m4,white_truck_bottendaal,whitevan,7,4,3|4|5|6,2026-06-30 15.34.24.jpg|2026-06-30 15.34.33.jpg|2026-06-30 15.35.01.jpg|2026-06-30 15.33.29.jpg,0.0,0.0,0.0,0.0,0.0,0.0
synthetic_m4,white_truck_bottendaal,whitevan,7,4,3|4|5|7,2026-06-30 15.34.24.jpg|2026-06-30 15.34.33.jpg|2026-06-30 15.35.01.jpg|2026-06-30 15.33.34.jpg,0.0,0.0,0.0,0.0,0.0,0.0
synthetic_m4,white_truck_bottendaal,whitevan,7,4,3|4|6|7,2026-06-30 15.34.24.jpg|2026-06-30 15.34.33.jpg|2026-06-30 15.33.29.jpg|2026-06-30 15.33.34.jpg,0.0,0.0,0.0,0.0,0.0,0.0
synthetic_m4,white_truck_bottendaal,whitevan,7,4,3|5|6|7,2026-06-30 15.34.24.jpg|2026-06-30 15.35.01.jpg|2026-06-30 15.33.29.jpg|2026-06-30 15.33.34.jpg,0.0,0.0,0.0,0.0,0.0,0.0
synthetic_m4,white_truck_bottendaal,whitevan,7,4,4|5|6|7,2026-06-30 15.34.33.jpg|2026-06-30 15.35.01.jpg|2026-06-30 15.33.29.jpg|2026-06-30 15.33.34.jpg,0.0,0.0,0.0,0.0,0.0,0.0
synthetic_m4,white_truck_bottendaal,whitevan,7,5,1|2|3|4|5,2026-06-30 15.33.46.jpg|2026-06-30 15.33.52.jpg|2026-06-30 15.34.24.jpg|2026-06-30 15.34.33.jpg|2026-06-30 15.35.01.jpg,0.0,0.0,0.0,0.0,0.0,0.0
synthetic_m4,white_truck_bottendaal,whitevan,7,5,1|2|3|4|6,2026-06-30 15.33.46.jpg|2026-06-30 15.33.52.jpg|2026-06-30 15.34.24.jpg|2026-06-30 15.34.33.jpg|2026-06-30 15.33.29.jpg,0.0,0.0,0.0,0.0,0.0,0.0
synthetic_m4,white_truck_bottendaal,whitevan,7,5,1|2|3|4|7,2026-06-30 15.33.46.jpg|2026-06-30 15.33.52.jpg|2026-06-30 15.34.24.jpg|2026-06-30 15.34.33.jpg|2026-06-30 15.33.34.jpg,0.0,0.0,0.0,0.0,0.0,0.0
synthetic_m4,white_truck_bottendaal,whitevan,7,5,1|2|3|5|6,2026-06-30 15.33.46.jpg|2026-06-30 15.33.52.jpg|2026-06-30 15.34.24.jpg|2026-06-30 15.35.01.jpg|2026-06-30 15.33.29.jpg,0.0,0.0,0.0,0.0,0.0,0.0
synthetic_m4,white_truck_bottendaal,whitevan,7,5,1|2|3|5|7,2026-06-30 15.33.46.jpg|2026-06-30 15.33.52.jpg|2026-06-30 15.34.24.jpg|2026-06-30 15.35.01.jpg|2026-06-30 15.33.34.jpg,0.0,0.0,0.0,0.0,0.0,0.0
synthetic_m4,white_truck_bottendaal,whitevan,7,5,1|2|3|6|7,2026-06-30 15.33.46.jpg|2026-06-30 15.33.52.jpg|2026-06-30 15.34.24.jpg|2026-06-30 15.33.29.jpg|2026-06-30 15.33.34.jpg,0.0,0.0,0.0,0.0,0.0,0.0
synthetic_m4,white_truck_bottendaal,whitevan,7,5,1|2|4|5|6,2026-06-30 15.33.46.jpg|2026-06-30 15.33.52.jpg|2026-06-30 15.34.33.jpg|2026-06-30 15.35.01.jpg|2026-06-30 15.33.29.jpg,0.0,0.0,0.0,0.0,0.0,0.0
synthetic_m4,white_truck_bottendaal,whitevan,7,5,1|2|4|5|7,2026-06-30 15.33.46.jpg|2026-06-30 15.33.52.jpg|2026-06-30 15.34.33.jpg|2026-06-30 15.35.01.jpg|2026-06-30 15.33.34.jpg,0.0,0.0,0.0,0.0,0.0,0.0
synthetic_m4,white_truck_bottendaal,whitevan,7,5,1|2|4|6|7,2026-06-30 15.33.46.jpg|2026-06-30 15.33.52.jpg|2026-06-30 15.34.33.jpg|2026-06-30 15.33.29.jpg|2026-06-30 15.33.34.jpg,0.0,0.0,0.0,0.0,0.0,0.0
synthetic_m4,white_truck_bottendaal,whitevan,7,5,1|2|5|6|7,2026-06-30 15.33.46.jpg|2026-06-30 15.33.52.jpg|2026-06-30 15.35.01.jpg|2026-06-30 15.33.29.jpg|2026-06-30 15.33.34.jpg,0.0,0.0,0.0,0.0,0.0,0.0
synthetic_m4,white_truck_bottendaal,whitevan,7,5,1|3|4|5|6,2026-06-30 15.33.46.jpg|2026-06-30 15.34.24.jpg|2026-06-30 15.34.33.jpg|2026-06-30 15.35.01.jpg|2026-06-30 15.33.29.jpg,0.0,0.0,0.0,0.0,0.0,0.0
synthetic_m4,white_truck_bottendaal,whitevan,7,5,1|3|4|5|7,2026-06-30 15.33.46.jpg|2026-06-30 15.34.24.jpg|2026-06-30 15.34.33.jpg|2026-06-30 15.35.01.jpg|2026-06-30 15.33.34.jpg,0.0,0.0,0.0,0.0,0.0,0.0
synthetic_m4,white_truck_bottendaal,whitevan,7,5,1|3|4|6|7,2026-06-30 15.33.46.jpg|2026-06-30 15.34.24.jpg|2026-06-30 15.34.33.jpg|2026-06-30 15.33.29.jpg|2026-06-30 15.33.34.jpg,0.0,0.0,0.0,0.0,0.0,0.0
synthetic_m4,white_truck_bottendaal,whitevan,7,5,1|3|5|6|7,2026-06-30 15.33.46.jpg|2026-06-30 15.34.24.jpg|2026-06-30 15.35.01.jpg|2026-06-30 15.33.29.jpg|2026-06-30 15.33.34.jpg,0.0,0.0,0.0,0.0,0.0,0.0
synthetic_m4,white_truck_bottendaal,whitevan,7,5,1|4|5|6|7,2026-06-30 15.33.46.jpg|2026-06-30 15.34.33.jpg|2026-06-30 15.35.01.jpg|2026-06-30 15.33.29.jpg|2026-06-30 15.33.34.jpg,0.0,0.0,0.0,0.0,0.0,0.0
synthetic_m4,white_truck_bottendaal,whitevan,7,5,2|3|4|5|6,2026-06-30 15.33.52.jpg|2026-06-30 15.34.24.jpg|2026-06-30 15.34.33.jpg|2026-06-30 15.35.01.jpg|2026-06-30 15.33.29.jpg,0.0,0.0,0.0,0.0,0.0,0.0
synthetic_m4,white_truck_bottendaal,whitevan,7,5,2|3|4|5|7,2026-06-30 15.33.52.jpg|2026-06-30 15.34.24.jpg|2026-06-30 15.34.33.jpg|2026-06-30 15.35.01.jpg|2026-06-30 15.33.34.jpg,0.0,0.0,0.0,0.0,0.0,0.0
synthetic_m4,white_truck_bottendaal,whitevan,7,5,2|3|4|6|7,2026-06-30 15.33.52.jpg|2026-06-30 15.34.24.jpg|2026-06-30 15.34.33.jpg|2026-06-30 15.33.29.jpg|2026-06-30 15.33.34.jpg,0.0,0.0,0.0,0.0,0.0,0.0
synthetic_m4,white_truck_bottendaal,whitevan,7,5,2|3|5|6|7,2026-06-30 15.33.52.jpg|2026-06-30 15.34.24.jpg|2026-06-30 15.35.01.jpg|2026-06-30 15.33.29.jpg|2026-06-30 15.33.34.jpg,0.0,0.0,0.0,0.0,0.0,0.0
synthetic_m4,white_truck_bottendaal,whitevan,7,5,2|4|5|6|7,2026-06-30 15.33.52.jpg|2026-06-30 15.34.33.jpg|2026-06-30 15.35.01.jpg|2026-06-30 15.33.29.jpg|2026-06-30 15.33.34.jpg,0.0,0.0,0.0,0.0,0.0,0.0
synthetic_m4,white_truck_bottendaal,whitevan,7,5,3|4|5|6|7,2026-06-30 15.34.24.jpg|2026-06-30 15.34.33.jpg|2026-06-30 15.35.01.jpg|2026-06-30 15.33.29.jpg|2026-06-30 15.33.34.jpg,0.0,0.0,0.0,0.0,0.0,0.0
synthetic_m4,white_truck_bottendaal,whitevan,7,6,1|2|3|4|5|6,2026-06-30 15.33.46.jpg|2026-06-30 15.33.52.jpg|2026-06-30 15.34.24.jpg|2026-06-30 15.34.33.jpg|2026-06-30 15.35.01.jpg|2026-06-30 15.33.29.jpg,0.0,0.0,0.0,0.0,0.0,0.0
synthetic_m4,white_truck_bottendaal,whitevan,7,6,1|2|3|4|5|7,2026-06-30 15.33.46.jpg|2026-06-30 15.33.52.jpg|2026-06-30 15.34.24.jpg|2026-06-30 15.34.33.jpg|2026-06-30 15.35.01.jpg|2026-06-30 15.33.34.jpg,0.0,0.0,0.0,0.0,0.0,0.0
synthetic_m4,white_truck_bottendaal,whitevan,7,6,1|2|3|4|6|7,2026-06-30 15.33.46.jpg|2026-06-30 15.33.52.jpg|2026-06-30 15.34.24.jpg|2026-06-30 15.34.33.jpg|2026-06-30 15.33.29.jpg|2026-06-30 15.33.34.jpg,0.0,0.0,0.0,0.0,0.0,0.0
synthetic_m4,white_truck_bottendaal,whitevan,7,6,1|2|3|5|6|7,2026-06-30 15.33.46.jpg|2026-06-30 15.33.52.jpg|2026-06-30 15.34.24.jpg|2026-06-30 15.35.01.jpg|2026-06-30 15.33.29.jpg|2026-06-30 15.33.34.jpg,0.0,0.0,0.0,0.0,0.0,0.0
synthetic_m4,white_truck_bottendaal,whitevan,7,6,1|2|4|5|6|7,2026-06-30 15.33.46.jpg|2026-06-30 15.33.52.jpg|2026-06-30 15.34.33.jpg|2026-06-30 15.35.01.jpg|2026-06-30 15.33.29.jpg|2026-06-30 15.33.34.jpg,0.0,0.0,0.0,0.0,0.0,0.0
synthetic_m4,white_truck_bottendaal,whitevan,7,6,1|3|4|5|6|7,2026-06-30 15.33.46.jpg|2026-06-30 15.34.24.jpg|2026-06-30 15.34.33.jpg|2026-06-30 15.35.01.jpg|2026-06-30 15.33.29.jpg|2026-06-30 15.33.34.jpg,0.0,0.0,0.0,0.0,0.0,0.0
synthetic_m4,white_truck_bottendaal,whitevan,7,6,2|3|4|5|6|7,2026-06-30 15.33.52.jpg|2026-06-30 15.34.24.jpg|2026-06-30 15.34.33.jpg|2026-06-30 15.35.01.jpg|2026-06-30 15.33.29.jpg|2026-06-30 15.33.34.jpg,0.0,0.0,0.0,0.0,0.0,0.0
synthetic_m4,white_truck_bottendaal,whitevan,7,7,1|2|3|4|5|6|7,2026-06-30 15.33.46.jpg|2026-06-30 15.33.52.jpg|2026-06-30 15.34.24.jpg|2026-06-30 15.34.33.jpg|2026-06-30 15.35.01.jpg|2026-06-30 15.33.29.jpg|2026-06-30 15.33.34.jpg,0.0,0.0,0.0,0.0,0.0,0.0
real_uav_finetuned,parkinglot_car,suv,6,0,empty,empty,0.0,0.0,0.0,0.0,0.0,0.0
real_uav_finetuned,parkinglot_car,suv,6,1,1,2026-06-28 20.56.45.jpg,1.0,0.7886778343630383,0.7886778343630383,0.9446581602096558,0.8348817250337419,0.9446581602096558
real_uav_finetuned,parkinglot_car,suv,6,1,2,2026-06-28 20.56.46.jpg,1.0,0.7558765890543088,0.7558765890543088,0.9206346273422241,0.8210386255364361,0.9206346273422241
real_uav_finetuned,parkinglot_car,suv,6,1,3,2026-06-28 20.56.47.jpg,1.0,0.745308083506696,0.745308083506696,0.8750148415565491,0.8517662193944963,0.8750148415565491
real_uav_finetuned,parkinglot_car,suv,6,1,4,2026-06-28 20.56.54.jpg,1.0,0.7602641767966931,0.7602641767966931,0.8289240002632141,0.9171699414605935,0.8289240002632141
real_uav_finetuned,parkinglot_car,suv,6,1,5,2026-06-28 20.58.04.jpg,1.0,0.7065527253445801,0.7065527253445801,0.7615790963172913,0.9277470045609211,0.7615790963172913
real_uav_finetuned,parkinglot_car,suv,6,1,6,2026-06-28 20.58.01.jpg,1.0,0.7610993921157548,0.7610993921157548,0.8546206951141357,0.8905698123939171,0.8546206951141357
real_uav_finetuned,parkinglot_car,suv,6,2,1|2,2026-06-28 20.56.45.jpg|2026-06-28 20.56.46.jpg,1.0,0.7886778343630383,0.8312147360324224,0.9446581602096558,0.8348817250337419,0.9956077742614724
real_uav_finetuned,parkinglot_car,suv,6,2,1|3,2026-06-28 20.56.45.jpg|2026-06-28 20.56.47.jpg,1.0,0.7886778343630383,0.8458746302938149,0.9446581602096558,0.8517662193944963,0.9930830913852517
real_uav_finetuned,parkinglot_car,suv,6,2,1|4,2026-06-28 20.56.45.jpg|2026-06-28 20.56.54.jpg,1.0,0.7886778343630383,0.9084864877703824,0.9446581602096558,0.9171699414605935,0.9905323394305938
real_uav_finetuned,parkinglot_car,suv,6,2,1|5,2026-06-28 20.56.45.jpg|2026-06-28 20.58.04.jpg,1.0,0.7886778343630383,0.9155057061979897,0.9446581602096558,0.9277470045609211,0.9868053485457224
real_uav_finetuned,parkinglot_car,suv,6,2,1|6,2026-06-28 20.56.45.jpg|2026-06-28 20.58.01.jpg,1.0,0.7886778343630383,0.8834046811372945,0.9446581602096558,0.8905698123939171,0.9919544418001749
real_uav_finetuned,parkinglot_car,suv,6,2,2|3,2026-06-28 20.56.46.jpg|2026-06-28 20.56.47.jpg,1.0,0.7558765890543088,0.8433171297673089,0.9206346273422241,0.8517662193944963,0.9900805063234444
real_uav_finetuned,parkinglot_car,suv,6,2,2|4,2026-06-28 20.56.46.jpg|2026-06-28 20.56.54.jpg,1.0,0.7602641767966931,0.9047170569758898,0.9206346273422241,0.9171699414605935,0.9864224895280884
real_uav_finetuned,parkinglot_car,suv,6,2,2|5,2026-06-28 20.56.46.jpg|2026-06-28 20.58.04.jpg,1.0,0.7558765890543088,0.910191838161148,0.9206346273422241,0.9277470045609211,0.9810776361298181
real_uav_finetuned,parkinglot_car,suv,6,2,2|6,2026-06-28 20.56.46.jpg|2026-06-28 20.58.01.jpg,1.0,0.7610993921157548,0.8802943442403819,0.9206346273422241,0.8905698123939171,0.988461917291005
real_uav_finetuned,parkinglot_car,suv,6,2,3|4,2026-06-28 20.56.47.jpg|2026-06-28 20.56.54.jpg,1.0,0.7602641767966931,0.8975590496033851,0.8750148415565491,0.9171699414605935,0.978618039067026
real_uav_finetuned,parkinglot_car,suv,6,2,3|5,2026-06-28 20.56.47.jpg|2026-06-28 20.58.04.jpg,1.0,0.745308083506696,0.9001010025262818,0.8750148415565491,0.9277470045609211,0.9702009255769859
real_uav_finetuned,parkinglot_car,suv,6,2,3|6,2026-06-28 20.56.47.jpg|2026-06-28 20.58.01.jpg,1.0,0.7610993921157548,0.8743879314017108,0.8750148415565491,0.8905698123939171,0.9818297445444415
real_uav_finetuned,parkinglot_car,suv,6,2,4|5,2026-06-28 20.56.54.jpg|2026-06-28 20.58.04.jpg,1.0,0.7602641767966931,0.8899059721079278,0.8289240002632141,0.9277470045609211,0.9592119055443327
real_uav_finetuned,parkinglot_car,suv,6,2,4|6,2026-06-28 20.56.54.jpg|2026-06-28 20.58.01.jpg,1.0,0.7610993921157548,0.8943590904611707,0.8546206951141357,0.9171699414605935,0.9751290900756118
real_uav_finetuned,parkinglot_car,suv,6,2,5|6,2026-06-28 20.58.04.jpg|2026-06-28 20.58.01.jpg,1.0,0.7610993921157548,0.8955899340037197,0.8546206951141357,0.9277470045609211,0.9653385347523482
real_uav_finetuned,parkinglot_car,suv,6,3,1|2|3,2026-06-28 20.56.45.jpg|2026-06-28 20.56.46.jpg|2026-06-28 20.56.47.jpg,1.0,0.7886778343630383,0.8512986312299742,0.9446581602096558,0.8517662193944963,0.9994510369701507
real_uav_finetuned,parkinglot_car,suv,6,3,1|2|4,2026-06-28 20.56.45.jpg|2026-06-28 20.56.46.jpg|2026-06-28 20.56.54.jpg,1.0,0.7886778343630383,0.9164807759225134,0.9446581602096558,0.9171699414605935,0.9992485955907118
real_uav_finetuned,parkinglot_car,suv,6,3,1|2|5,2026-06-28 20.56.45.jpg|2026-06-28 20.56.46.jpg|2026-06-28 20.58.04.jpg,1.0,0.7886778343630383,0.926775469354532,0.9446581602096558,0.9277470045609211,0.9989528015702418
real_uav_finetuned,parkinglot_car,suv,6,3,1|2|6,2026-06-28 20.56.45.jpg|2026-06-28 20.56.46.jpg|2026-06-28 20.58.01.jpg,1.0,0.7886778343630383,0.8900011490815933,0.9446581602096558,0.8905698123939171,0.9993614612752311
real_uav_finetuned,parkinglot_car,suv,6,3,1|3|4,2026-06-28 20.56.45.jpg|2026-06-28 20.56.47.jpg|2026-06-28 20.56.54.jpg,1.0,0.7886778343630383,0.9160846386252861,0.9446581602096558,0.9171699414605935,0.998816682943644
real_uav_finetuned,parkinglot_car,suv,6,3,1|3|5,2026-06-28 20.56.45.jpg|2026-06-28 20.56.47.jpg|2026-06-28 20.58.04.jpg,1.0,0.7886778343630383,0.9262170239454764,0.9446581602096558,0.9277470045609211,0.998350864397381
real_uav_finetuned,parkinglot_car,suv,6,3,1|3|6,2026-06-28 20.56.45.jpg|2026-06-28 20.56.47.jpg|2026-06-28 20.58.01.jpg,1.0,0.7886778343630383,0.88967427732854,0.9446581602096558,0.8905698123939171,0.9989944246336289
real_uav_finetuned,parkinglot_car,suv,6,3,1|4|5,2026-06-28 20.56.45.jpg|2026-06-28 20.56.54.jpg|2026-06-28 20.58.04.jpg,1.0,0.7886778343630383,0.9256528122054063,0.9446581602096558,0.9277470045609211,0.997742711811281
real_uav_finetuned,parkinglot_car,suv,6,3,1|4|6,2026-06-28 20.56.45.jpg|2026-06-28 20.56.54.jpg|2026-06-28 20.58.01.jpg,1.0,0.7886778343630383,0.915907546999102,0.9446581602096558,0.9171699414605935,0.9986235980875244
real_uav_finetuned,parkinglot_car,suv,6,3,1|5|6,2026-06-28 20.56.45.jpg|2026-06-28 20.58.04.jpg|2026-06-28 20.58.01.jpg,1.0,0.7886778343630383,0.9259673731140177,0.9446581602096558,0.9277470045609211,0.9980817707433659
real_uav_finetuned,parkinglot_car,suv,6,3,2|3|4,2026-06-28 20.56.46.jpg|2026-06-28 20.56.47.jpg|2026-06-28 20.56.54.jpg,1.0,0.7602641767966931,0.9156135157201948,0.9206346273422241,0.9171699414605935,0.9983030127024005
real_uav_finetuned,parkinglot_car,suv,6,3,2|3|5,2026-06-28 20.56.46.jpg|2026-06-28 20.56.47.jpg|2026-06-28 20.58.04.jpg,1.0,0.7558765890543088,0.9255528693069442,0.9206346273422241,0.9277470045609211,0.9976349853535607
real_uav_finetuned,parkinglot_car,suv,6,3,2|3|6,2026-06-28 20.56.46.jpg|2026-06-28 20.56.47.jpg|2026-06-28 20.58.01.jpg,1.0,0.7610993921157548,0.8892855313786668,0.9206346273422241,0.8905698123939171,0.9985579109044826
real_uav_finetuned,parkinglot_car,suv,6,3,2|4|5,2026-06-28 20.56.46.jpg|2026-06-28 20.56.54.jpg|2026-06-28 20.58.04.jpg,1.0,0.7602641767966931,0.9247437369185343,0.9206346273422241,0.9277470045609211,0.9967628376835254
real_uav_finetuned,parkinglot_car,suv,6,3,2|4|6,2026-06-28 20.56.46.jpg|2026-06-28 20.56.54.jpg|2026-06-28 20.58.01.jpg,1.0,0.7610993921157548,0.9153595497703834,0.9206346273422241,0.9171699414605935,0.998026110965513
real_uav_finetuned,parkinglot_car,suv,6,3,2|5|6,2026-06-28 20.56.46.jpg|2026-06-28 20.58.04.jpg|2026-06-28 20.58.01.jpg,1.0,0.7610993921157548,0.9251948466725664,0.9206346273422241,0.9277470045609211,0.9972490798937556
real_uav_finetuned,parkinglot_car,suv,6,3,3|4|5,2026-06-28 20.56.47.jpg|2026-06-28 20.56.54.jpg|2026-06-28 20.58.04.jpg,1.0,0.7602641767966931,0.92301743712412,0.8750148415565491,0.9277470045609211,0.994902093551852
real_uav_finetuned,parkinglot_car,suv,6,3,3|4|6,2026-06-28 20.56.47.jpg|2026-06-28 20.56.54.jpg|2026-06-28 20.58.01.jpg,1.0,0.7610993921157548,0.9143189236342006,0.8750148415565491,0.9171699414605935,0.9968915053824675
real_uav_finetuned,parkinglot_car,suv,6,3,3|5|6,2026-06-28 20.56.47.jpg|2026-06-28 20.58.04.jpg|2026-06-28 20.58.01.jpg,1.0,0.7610993921157548,0.923727848002252,0.8750148415565491,0.9277470045609211,0.99566783127414
real_uav_finetuned,parkinglot_car,suv,6,3,4|5|6,2026-06-28 20.56.54.jpg|2026-06-28 20.58.04.jpg|2026-06-28 20.58.01.jpg,1.0,0.7610993921157548,0.9222457015667415,0.8546206951141357,0.9277470045609211,0.9940702551804161
real_uav_finetuned,parkinglot_car,suv,6,4,1|2|3|4,2026-06-28 20.56.45.jpg|2026-06-28 20.56.46.jpg|2026-06-28 20.56.47.jpg|2026-06-28 20.56.54.jpg,1.0,0.7886778343630383,0.9170838059966229,0.9446581602096558,0.9171699414605935,0.99990608560085
real_uav_finetuned,parkinglot_car,suv,6,4,1|2|3|5,2026-06-28 20.56.45.jpg|2026-06-28 20.56.46.jpg|2026-06-28 20.56.47.jpg|2026-06-28 20.58.04.jpg,1.0,0.7886778343630383,0.9276255770792171,0.9446581602096558,0.9277470045609211,0.9998691157383349
real_uav_finetuned,parkinglot_car,suv,6,4,1|2|3|6,2026-06-28 20.56.45.jpg|2026-06-28 20.56.46.jpg|2026-06-28 20.56.47.jpg|2026-06-28 20.58.01.jpg,1.0,0.7886778343630383,0.8904987379197253,0.9446581602096558,0.8905698123939171,0.9999201921363124
real_uav_finetuned,parkinglot_car,suv,6,4,1|2|4|5,2026-06-28 20.56.45.jpg|2026-06-28 20.56.46.jpg|2026-06-28 20.56.54.jpg|2026-06-28 20.58.04.jpg,1.0,0.7886778343630383,0.9275807982042086,0.9446581602096558,0.9277470045609211,0.9998208494817064
real_uav_finetuned,parkinglot_car,suv,6,4,1|2|4|6,2026-06-28 20.56.45.jpg|2026-06-28 20.56.46.jpg|2026-06-28 20.56.54.jpg|2026-06-28 20.58.01.jpg,1.0,0.7886778343630383,0.917069751053716,0.9446581602096558,0.9171699414605935,0.9998907613492894
real_uav_finetuned,parkinglot_car,suv,6,4,1|2|5|6,2026-06-28 20.56.45.jpg|2026-06-28 20.56.46.jpg|2026-06-28 20.58.04.jpg|2026-06-28 20.58.01.jpg,1.0,0.7886778343630383,0.9276057634479441,0.9446581602096558,0.9277470045609211,0.9998477590202042
real_uav_finetuned,parkinglot_car,suv,6,4,1|3|4|5,2026-06-28 20.56.45.jpg|2026-06-28 20.56.47.jpg|2026-06-28 20.56.54.jpg|2026-06-28 20.58.04.jpg,1.0,0.7886778343630383,0.927485261597556,0.9446581602096558,0.9277470045609211,0.9997178724780804
real_uav_finetuned,parkinglot_car,suv,6,4,1|3|4|6,2026-06-28 20.56.45.jpg|2026-06-28 20.56.47.jpg|2026-06-28 20.56.54.jpg|2026-06-28 20.58.01.jpg,1.0,0.7886778343630383,0.9170121608888059,0.9446581602096558,0.9171699414605935,0.9998279701888874
real_uav_finetuned,parkinglot_car,suv,6,4,1|3|5|6,2026-06-28 20.56.45.jpg|2026-06-28 20.56.47.jpg|2026-06-28 20.58.04.jpg|2026-06-28 20.58.01.jpg,1.0,0.7886778343630383,0.9275245770425589,0.9446581602096558,0.9277470045609211,0.9997602498124287
real_uav_finetuned,parkinglot_car,suv,6,4,1|4|5|6,2026-06-28 20.56.45.jpg|2026-06-28 20.56.54.jpg|2026-06-28 20.58.04.jpg|2026-06-28 20.58.01.jpg,1.0,0.7886778343630383,0.927442552331979,0.9446581602096558,0.9277470045609211,0.999671837012197
real_uav_finetuned,parkinglot_car,suv,6,4,2|3|4|5,2026-06-28 20.56.46.jpg|2026-06-28 20.56.47.jpg|2026-06-28 20.56.54.jpg|2026-06-28 20.58.04.jpg,1.0,0.7602641767966931,0.9273716406787893,0.9206346273422241,0.9277470045609211,0.9995954027549683
real_uav_finetuned,parkinglot_car,suv,6,4,2|3|4|6,2026-06-28 20.56.46.jpg|2026-06-28 20.56.47.jpg|2026-06-28 20.56.54.jpg|2026-06-28 20.58.01.jpg,1.0,0.7610993921157548,0.9169436693683478,0.9206346273422241,0.9171699414605935,0.9997532931662748
real_uav_finetuned,parkinglot_car,suv,6,4,2|3|5|6,2026-06-28 20.56.46.jpg|2026-06-28 20.56.47.jpg|2026-06-28 20.58.04.jpg|2026-06-28 20.58.01.jpg,1.0,0.7610993921157548,0.9274280227028723,0.9206346273422241,0.9277470045609211,0.9996561758146557
real_uav_finetuned,parkinglot_car,suv,6,4,2|4|5|6,2026-06-28 20.56.46.jpg|2026-06-28 20.56.54.jpg|2026-06-28 20.58.04.jpg|2026-06-28 20.58.01.jpg,1.0,0.7610993921157548,0.9273103915986847,0.9206346273422241,0.9277470045609211,0.9995293835926282
real_uav_finetuned,parkinglot_car,suv,6,4,3|4|5|6,2026-06-28 20.56.47.jpg|2026-06-28 20.56.54.jpg|2026-06-28 20.58.04.jpg|2026-06-28 20.58.01.jpg,1.0,0.7610993921157548,0.9270594233345482,0.8750148415565491,0.9277470045609211,0.9992588699041951
real_uav_finetuned,parkinglot_car,suv,6,5,1|2|3|4|5,2026-06-28 20.56.45.jpg|2026-06-28 20.56.46.jpg|2026-06-28 20.56.47.jpg|2026-06-28 20.56.54.jpg|2026-06-28 20.58.04.jpg,1.0,0.7886778343630383,0.9277262312330931,0.9446581602096558,0.9277470045609211,0.9999776088440858
real_uav_finetuned,parkinglot_car,suv,6,5,1|2|3|4|6,2026-06-28 20.56.45.jpg|2026-06-28 20.56.46.jpg|2026-06-28 20.56.47.jpg|2026-06-28 20.56.54.jpg|2026-06-28 20.58.01.jpg,1.0,0.7886778343630383,0.9171574191467154,0.9446581602096558,0.9171699414605935,0.9999863467899328
real_uav_finetuned,parkinglot_car,suv,6,5,1|2|3|5|6,2026-06-28 20.56.45.jpg|2026-06-28 20.56.46.jpg|2026-06-28 20.56.47.jpg|2026-06-28 20.58.04.jpg|2026-06-28 20.58.01.jpg,1.0,0.7886778343630383,0.9277293515180369,0.9446581602096558,0.9277470045609211,0.9999809721370186
real_uav_finetuned,parkinglot_car,suv,6,5,1|2|4|5|6,2026-06-28 20.56.45.jpg|2026-06-28 20.56.46.jpg|2026-06-28 20.56.54.jpg|2026-06-28 20.58.04.jpg|2026-06-28 20.58.01.jpg,1.0,0.7886778343630383,0.9277228415963147,0.9446581602096558,0.9277470045609211,0.9999739552221806
real_uav_finetuned,parkinglot_car,suv,6,5,1|3|4|5|6,2026-06-28 20.56.45.jpg|2026-06-28 20.56.47.jpg|2026-06-28 20.56.54.jpg|2026-06-28 20.58.04.jpg|2026-06-28 20.58.01.jpg,1.0,0.7886778343630383,0.9277089525508483,0.9446581602096558,0.9277470045609211,0.9999589844969742
real_uav_finetuned,parkinglot_car,suv,6,5,2|3|4|5|6,2026-06-28 20.56.46.jpg|2026-06-28 20.56.47.jpg|2026-06-28 20.56.54.jpg|2026-06-28 20.58.04.jpg|2026-06-28 20.58.01.jpg,1.0,0.7610993921157548,0.9276924344206575,0.9206346273422241,0.9277470045609211,0.9999411799337585
real_uav_finetuned,parkinglot_car,suv,6,6,1|2|3|4|5|6,2026-06-28 20.56.45.jpg|2026-06-28 20.56.46.jpg|2026-06-28 20.56.47.jpg|2026-06-28 20.56.54.jpg|2026-06-28 20.58.04.jpg|2026-06-28 20.58.01.jpg,1.0,0.7886778343630383,0.9277439845489613,0.9446581602096558,0.9277470045609211,0.9999967447893177
real_uav_finetuned,ooij_tower,tower,7,0,empty,empty,0.0,0.0,0.0,0.0,0.0,0.0
real_uav_finetuned,ooij_tower,tower,7,1,1,2026-06-29 17.37.15.jpg,1.0,0.5052050992996983,0.5052050992996983,0.5793657302856445,0.8719968629325333,0.5793657302856445
real_uav_finetuned,ooij_tower,tower,7,1,3,2026-06-29 17.36.06.jpg,1.0,0.24607189197067247,0.24607189197067247,0.26021960377693176,0.9456316449609725,0.26021960377693176
real_uav_finetuned,ooij_tower,tower,7,1,4,2026-06-29 17.36.07.jpg,1.0,0.3761873808459559,0.3761873808459559,0.4366883337497711,0.8614550739555978,0.4366883337497711
real_uav_finetuned,ooij_tower,tower,7,1,5,2026-06-29 17.36.40.jpg,1.0,0.6532714638042799,0.6532714638042799,0.7839381694793701,0.833320138293727,0.7839381694793701
real_uav_finetuned,ooij_tower,tower,7,1,6,2026-06-29 17.36.50.jpg,1.0,0.7538825629935613,0.7538825629935613,0.9451229572296143,0.7976555401885219,0.9451229572296143
real_uav_finetuned,ooij_tower,tower,7,1,7,2026-06-29 17.36.51.jpg,1.0,0.80136612213989,0.80136612213989,0.9346943497657776,0.857356335085049,0.9346943497657776
real_uav_finetuned,ooij_tower,tower,7,1,8,2026-06-29 17.36.53.jpg,1.0,0.36046639574733985,0.36046639574733985,0.4323313534259796,0.8337734307050577,0.4323313534259796
real_uav_finetuned,ooij_tower,tower,7,2,1|3,2026-06-29 17.37.15.jpg|2026-06-29 17.36.06.jpg,1.0,0.5052050992996983,0.6513728391403427,0.5793657302856445,0.9456316449609725,0.6888230132857132
real_uav_finetuned,ooij_tower,tower,7,2,1|4,2026-06-29 17.37.15.jpg|2026-06-29 17.36.07.jpg,1.0,0.5052050992996983,0.6653787833936609,0.5793657302856445,0.8719968629325333,0.7630518086452582
real_uav_finetuned,ooij_tower,tower,7,2,1|5,2026-06-29 17.37.15.jpg|2026-06-29 17.36.40.jpg,1.0,0.6532714638042799,0.7927471630621328,0.7839381694793701,0.8719968629325333,0.909116989705808
real_uav_finetuned,ooij_tower,tower,7,2,1|6,2026-06-29 17.37.15.jpg|2026-06-29 17.36.50.jpg,1.0,0.7538825629935613,0.851868415631829,0.9451229572296143,0.8719968629325333,0.9769168351901953
real_uav_finetuned,ooij_tower,tower,7,2,1|7,2026-06-29 17.37.15.jpg|2026-06-29 17.36.51.jpg,1.0,0.80136612213989,0.8480432883079339,0.9346943497657776,0.8719968629325333,0.9725302055055067
real_uav_finetuned,ooij_tower,tower,7,2,1|8,2026-06-29 17.37.15.jpg|2026-06-29 17.36.53.jpg,1.0,0.5052050992996983,0.6637806788965839,0.5793657302856445,0.8719968629325333,0.7612191134086004
real_uav_finetuned,ooij_tower,tower,7,2,3|4,2026-06-29 17.36.06.jpg|2026-06-29 17.36.07.jpg,1.0,0.3761873808459559,0.551561474862408,0.4366883337497711,0.9456316449609725,0.5832730723443289
real_uav_finetuned,ooij_tower,tower,7,2,3|5,2026-06-29 17.36.06.jpg|2026-06-29 17.36.40.jpg,1.0,0.6532714638042799,0.7944834841713286,0.7839381694793701,0.9456316449609725,0.840161693408767
real_uav_finetuned,ooij_tower,tower,7,2,3|6,2026-06-29 17.36.06.jpg|2026-06-29 17.36.50.jpg,1.0,0.7538825629935613,0.9072418744756834,0.9451229572296143,0.9456316449609725,0.9594030395557738
real_uav_finetuned,ooij_tower,tower,7,2,3|7,2026-06-29 17.36.06.jpg|2026-06-29 17.36.51.jpg,1.0,0.80136612213989,0.899946440414249,0.9346943497657776,0.9456316449609725,0.9516881601941218
real_uav_finetuned,ooij_tower,tower,7,2,3|8,2026-06-29 17.36.06.jpg|2026-06-29 17.36.53.jpg,1.0,0.36046639574733985,0.5485135067833129,0.4323313534259796,0.9456316449609725,0.5800498637140583
real_uav_finetuned,ooij_tower,tower,7,2,4|5,2026-06-29 17.36.07.jpg|2026-06-29 17.36.40.jpg,1.0,0.6532714638042799,0.7566072478898054,0.7839381694793701,0.8614550739555978,0.8782898502363494
real_uav_finetuned,ooij_tower,tower,7,2,4|6,2026-06-29 17.36.07.jpg|2026-06-29 17.36.50.jpg,1.0,0.7538825629935613,0.8348250180057336,0.9451229572296143,0.8614550739555978,0.9690871215981289
real_uav_finetuned,ooij_tower,tower,7,2,4|7,2026-06-29 17.36.07.jpg|2026-06-29 17.36.51.jpg,1.0,0.80136612213989,0.8297643517194115,0.9346943497657776,0.8614550739555978,0.9632125653510055
real_uav_finetuned,ooij_tower,tower,7,2,4|8,2026-06-29 17.36.07.jpg|2026-06-29 17.36.53.jpg,1.0,0.3761873808459559,0.5859838193819503,0.4366883337497711,0.8614550739555978,0.6802256288203763
real_uav_finetuned,ooij_tower,tower,7,2,5|6,2026-06-29 17.36.40.jpg|2026-06-29 17.36.50.jpg,1.0,0.7538825629935613,0.8234395994830184,0.9451229572296143,0.833320138293727,0.9881431656854716
real_uav_finetuned,ooij_tower,tower,7,2,5|7,2026-06-29 17.36.40.jpg|2026-06-29 17.36.51.jpg,1.0,0.80136612213989,0.8452589871848781,0.9346943497657776,0.857356335085049,0.9858899416670539
real_uav_finetuned,ooij_tower,tower,7,2,5|8,2026-06-29 17.36.40.jpg|2026-06-29 17.36.53.jpg,1.0,0.6532714638042799,0.7315098463338015,0.7839381694793701,0.8337734307050577,0.8773484730920487
real_uav_finetuned,ooij_tower,tower,7,2,6|7,2026-06-29 17.36.50.jpg|2026-06-29 17.36.51.jpg,1.0,0.80136612213989,0.8542837577745346,0.9451229572296143,0.857356335085049,0.9964162190389487
real_uav_finetuned,ooij_tower,tower,7,2,6|8,2026-06-29 17.36.50.jpg|2026-06-29 17.36.53.jpg,1.0,0.7538825629935613,0.8077997403041586,0.9451229572296143,0.8337734307050577,0.9688480234025505
real_uav_finetuned,ooij_tower,tower,7,2,7|8,2026-06-29 17.36.51.jpg|2026-06-29 17.36.53.jpg,1.0,0.80136612213989,0.8255724466810794,0.9346943497657776,0.857356335085049,0.9629280299179026
real_uav_finetuned,ooij_tower,tower,7,3,1|3|4,2026-06-29 17.37.15.jpg|2026-06-29 17.36.06.jpg|2026-06-29 17.36.07.jpg,1.0,0.5052050992996983,0.7798722267453511,0.5793657302856445,0.9456316449609725,0.8247103731152498
real_uav_finetuned,ooij_tower,tower,7,3,1|3|5,2026-06-29 17.37.15.jpg|2026-06-29 17.36.06.jpg|2026-06-29 17.36.40.jpg,1.0,0.6532714638042799,0.8820535487285527,0.7839381694793701,0.9456316449609725,0.9327665306346175
real_uav_finetuned,ooij_tower,tower,7,3,1|3|6,2026-06-29 17.37.15.jpg|2026-06-29 17.36.06.jpg|2026-06-29 17.36.50.jpg,1.0,0.7538825629935613,0.9294835918883912,0.9451229572296143,0.9456316449609725,0.9829235271909204
real_uav_finetuned,ooij_tower,tower,7,3,1|3|7,2026-06-29 17.37.15.jpg|2026-06-29 17.36.06.jpg|2026-06-29 17.36.51.jpg,1.0,0.80136612213989,0.9264148823097105,0.9346943497657776,0.9456316449609725,0.9796783845446975
real_uav_finetuned,ooij_tower,tower,7,3,1|3|8,2026-06-29 17.37.15.jpg|2026-06-29 17.36.06.jpg|2026-06-29 17.36.53.jpg,1.0,0.5052050992996983,0.7785901469182881,0.5793657302856445,0.9456316449609725,0.8233545811069188
real_uav_finetuned,ooij_tower,tower,7,3,1|4|5,2026-06-29 17.37.15.jpg|2026-06-29 17.36.07.jpg|2026-06-29 17.36.40.jpg,1.0,0.6532714638042799,0.8273545824487075,0.7839381694793701,0.8719968629325333,0.948804540037342
real_uav_finetuned,ooij_tower,tower,7,3,1|4|6,2026-06-29 17.37.15.jpg|2026-06-29 17.36.07.jpg|2026-06-29 17.36.50.jpg,1.0,0.7538825629935613,0.8606582737445436,0.9451229572296143,0.8719968629325333,0.9869969839686603
real_uav_finetuned,ooij_tower,tower,7,3,1|4|7,2026-06-29 17.37.15.jpg|2026-06-29 17.36.07.jpg|2026-06-29 17.36.51.jpg,1.0,0.80136612213989,0.8585035348981009,0.9346943497657776,0.8719968629325333,0.9845259442917557
real_uav_finetuned,ooij_tower,tower,7,3,1|4|8,2026-06-29 17.37.15.jpg|2026-06-29 17.36.07.jpg|2026-06-29 17.36.53.jpg,1.0,0.5052050992996983,0.7547062573629784,0.5793657302856445,0.8719968629325333,0.8654919409054918
real_uav_finetuned,ooij_tower,tower,7,3,1|5|6,2026-06-29 17.37.15.jpg|2026-06-29 17.36.40.jpg|2026-06-29 17.36.50.jpg,1.0,0.7538825629935613,0.8676478737632051,0.9451229572296143,0.8719968629325333,0.9950126091569842
real_uav_finetuned,ooij_tower,tower,7,3,1|5|7,2026-06-29 17.37.15.jpg|2026-06-29 17.36.40.jpg|2026-06-29 17.36.51.jpg,1.0,0.80136612213989,0.8668214097516298,0.9346943497657776,0.8719968629325333,0.9940648259174942
real_uav_finetuned,ooij_tower,tower,7,3,1|5|8,2026-06-29 17.37.15.jpg|2026-06-29 17.36.40.jpg|2026-06-29 17.36.53.jpg,1.0,0.6532714638042799,0.8270092930657057,0.7839381694793701,0.8719968629325333,0.9484085645497232
real_uav_finetuned,ooij_tower,tower,7,3,1|6|7,2026-06-29 17.37.15.jpg|2026-06-29 17.36.50.jpg|2026-06-29 17.36.51.jpg,1.0,0.80136612213989,0.8706823615933555,0.9451229572296143,0.8719968629325333,0.998492538912632
real_uav_finetuned,ooij_tower,tower,7,3,1|6|8,2026-06-29 17.37.15.jpg|2026-06-29 17.36.50.jpg|2026-06-29 17.36.53.jpg,1.0,0.7538825629935613,0.860570574495706,0.9451229572296143,0.8719968629325333,0.9868964110737731
real_uav_finetuned,ooij_tower,tower,7,3,1|7|8,2026-06-29 17.37.15.jpg|2026-06-29 17.36.51.jpg|2026-06-29 17.36.53.jpg,1.0,0.80136612213989,0.8583991696447771,0.9346943497657776,0.8719968629325333,0.9844062589376446
real_uav_finetuned,ooij_tower,tower,7,3,3|4|5,2026-06-29 17.36.06.jpg|2026-06-29 17.36.07.jpg|2026-06-29 17.36.40.jpg,1.0,0.6532714638042799,0.8604881226559007,0.7839381694793701,0.9456316449609725,0.9099612171834776
real_uav_finetuned,ooij_tower,tower,7,3,3|4|6,2026-06-29 17.36.06.jpg|2026-06-29 17.36.07.jpg|2026-06-29 17.36.50.jpg,1.0,0.7538825629935613,0.9240062393819404,0.9451229572296143,0.9456316449609725,0.9771312585674683
real_uav_finetuned,ooij_tower,tower,7,3,3|4|7,2026-06-29 17.36.06.jpg|2026-06-29 17.36.07.jpg|2026-06-29 17.36.51.jpg,1.0,0.80136612213989,0.9198966362647751,0.9346943497657776,0.9456316449609725,0.9727853770193367
real_uav_finetuned,ooij_tower,tower,7,3,3|4|8,2026-06-29 17.36.06.jpg|2026-06-29 17.36.07.jpg|2026-06-29 17.36.53.jpg,1.0,0.3761873808459559,0.7219303648459264,0.4366883337497711,0.9456316449609725,0.7634371889867555
real_uav_finetuned,ooij_tower,tower,7,3,3|5|6,2026-06-29 17.36.06.jpg|2026-06-29 17.36.40.jpg|2026-06-29 17.36.50.jpg,1.0,0.7538825629935613,0.937337080876654,0.9451229572296143,0.9456316449609725,0.9912285464128469
real_uav_finetuned,ooij_tower,tower,7,3,3|5|7,2026-06-29 17.36.06.jpg|2026-06-29 17.36.40.jpg|2026-06-29 17.36.51.jpg,1.0,0.80136612213989,0.935760816038898,0.9346943497657776,0.9456316449609725,0.9895616554557225
real_uav_finetuned,ooij_tower,tower,7,3,3|5|8,2026-06-29 17.36.06.jpg|2026-06-29 17.36.40.jpg|2026-06-29 17.36.53.jpg,1.0,0.6532714638042799,0.8598295730933629,0.7839381694793701,0.9456316449609725,0.9092648048266715
real_uav_finetuned,ooij_tower,tower,7,3,3|6|7,2026-06-29 17.36.06.jpg|2026-06-29 17.36.50.jpg|2026-06-29 17.36.51.jpg,1.0,0.80136612213989,0.9431245760370882,0.9451229572296143,0.9456316449609725,0.9973487891006568
real_uav_finetuned,ooij_tower,tower,7,3,3|6|8,2026-06-29 17.36.06.jpg|2026-06-29 17.36.50.jpg|2026-06-29 17.36.53.jpg,1.0,0.7538825629935613,0.9238389759073011,0.9451229572296143,0.9456316449609725,0.9769543784096071
real_uav_finetuned,ooij_tower,tower,7,3,3|7|8,2026-06-29 17.36.06.jpg|2026-06-29 17.36.51.jpg|2026-06-29 17.36.53.jpg,1.0,0.80136612213989,0.9196975867274767,0.9346943497657776,0.9456316449609725,0.9725748832838963
real_uav_finetuned,ooij_tower,tower,7,3,4|5|6,2026-06-29 17.36.07.jpg|2026-06-29 17.36.40.jpg|2026-06-29 17.36.50.jpg,1.0,0.7538825629935613,0.8557013353202033,0.9451229572296143,0.8614550739555978,0.9933209069058301
real_uav_finetuned,ooij_tower,tower,7,3,4|5|7,2026-06-29 17.36.07.jpg|2026-06-29 17.36.40.jpg|2026-06-29 17.36.51.jpg,1.0,0.80136612213989,0.8546079184987266,0.9346943497657776,0.8614550739555978,0.9920516395295802
real_uav_finetuned,ooij_tower,tower,7,3,4|5|8,2026-06-29 17.36.07.jpg|2026-06-29 17.36.40.jpg|2026-06-29 17.36.53.jpg,1.0,0.6532714638042799,0.8019362504366011,0.7839381694793701,0.8614550739555978,0.9309089640093472
real_uav_finetuned,ooij_tower,tower,7,3,4|6|7,2026-06-29 17.36.07.jpg|2026-06-29 17.36.50.jpg|2026-06-29 17.36.51.jpg,1.0,0.80136612213989,0.8597159808360182,0.9451229572296143,0.8614550739555978,0.9979812143753544
real_uav_finetuned,ooij_tower,tower,7,3,4|6|8,2026-06-29 17.36.07.jpg|2026-06-29 17.36.50.jpg|2026-06-29 17.36.53.jpg,1.0,0.7538825629935613,0.8463380261363479,0.9451229572296143,0.8614550739555978,0.9824517281559025
real_uav_finetuned,ooij_tower,tower,7,3,4|7|8,2026-06-29 17.36.07.jpg|2026-06-29 17.36.51.jpg|2026-06-29 17.36.53.jpg,1.0,0.80136612213989,0.8434652445548289,0.9346943497657776,0.8614550739555978,0.9791169267618751
real_uav_finetuned,ooij_tower,tower,7,3,5|6|7,2026-06-29 17.36.40.jpg|2026-06-29 17.36.50.jpg|2026-06-29 17.36.51.jpg,1.0,0.80136612213989,0.8566924684069231,0.9451229572296143,0.857356335085049,0.9992256817253703
real_uav_finetuned,ooij_tower,tower,7,3,5|6|8,2026-06-29 17.36.40.jpg|2026-06-29 17.36.50.jpg|2026-06-29 17.36.53.jpg,1.0,0.7538825629935613,0.8281615076116633,0.9451229572296143,0.8337734307050577,0.9932692469120192
real_uav_finetuned,ooij_tower,tower,7,3,5|7|8,2026-06-29 17.36.40.jpg|2026-06-29 17.36.51.jpg|2026-06-29 17.36.53.jpg,1.0,0.80136612213989,0.850489049975424,0.9346943497657776,0.857356335085049,0.991990162283056
real_uav_finetuned,ooij_tower,tower,7,3,6|7|8,2026-06-29 17.36.50.jpg|2026-06-29 17.36.51.jpg|2026-06-29 17.36.53.jpg,1.0,0.80136612213989,0.8556121292816953,0.9451229572296143,0.857356335085049,0.9979655999122223
real_uav_finetuned,ooij_tower,tower,7,4,1|3|4|5,2026-06-29 17.37.15.jpg|2026-06-29 17.36.06.jpg|2026-06-29 17.36.07.jpg|2026-06-29 17.36.40.jpg,1.0,0.6532714638042799,0.9098173616352706,0.7839381694793701,0.9456316449609725,0.9621266023440026
real_uav_finetuned,ooij_tower,tower,7,4,1|3|4|6,2026-06-29 17.37.15.jpg|2026-06-29 17.36.06.jpg|2026-06-29 17.36.07.jpg|2026-06-29 17.36.50.jpg,1.0,0.7538825629935613,0.9365352582779597,0.9451229572296143,0.9456316449609725,0.9903806236482406
real_uav_finetuned,ooij_tower,tower,7,4,1|3|4|7,2026-06-29 17.37.15.jpg|2026-06-29 17.36.06.jpg|2026-06-29 17.36.07.jpg|2026-06-29 17.36.51.jpg,1.0,0.80136612213989,0.934806618371955,0.9346943497657776,0.9456316449609725,0.9885525969369772
real_uav_finetuned,ooij_tower,tower,7,4,1|3|4|8,2026-06-29 17.37.15.jpg|2026-06-29 17.36.06.jpg|2026-06-29 17.36.07.jpg|2026-06-29 17.36.53.jpg,1.0,0.5052050992996983,0.8515352203656137,0.5793657302856445,0.9456316449609725,0.9004935747478688
real_uav_finetuned,ooij_tower,tower,7,4,1|3|5|6,2026-06-29 17.37.15.jpg|2026-06-29 17.36.06.jpg|2026-06-29 17.36.40.jpg|2026-06-29 17.36.50.jpg,1.0,0.7538825629935613,0.9421426670547663,0.9451229572296143,0.9456316449609725,0.9963104260260345
real_uav_finetuned,ooij_tower,tower,7,4,1|3|5|7,2026-06-29 17.37.15.jpg|2026-06-29 17.36.06.jpg|2026-06-29 17.36.40.jpg|2026-06-29 17.36.51.jpg,1.0,0.80136612213989,0.9414796360458604,0.9346943497657776,0.9456316449609725,0.995609274565591
real_uav_finetuned,ooij_tower,tower,7,4,1|3|5|8,2026-06-29 17.37.15.jpg|2026-06-29 17.36.06.jpg|2026-06-29 17.36.40.jpg|2026-06-29 17.36.53.jpg,1.0,0.6532714638042799,0.9095403531209619,0.7839381694793701,0.9456316449609725,0.9618336674408774
real_uav_finetuned,ooij_tower,tower,7,4,1|3|6|7,2026-06-29 17.37.15.jpg|2026-06-29 17.36.06.jpg|2026-06-29 17.36.50.jpg|2026-06-29 17.36.51.jpg,1.0,0.80136612213989,0.9445770858550508,0.9451229572296143,0.9456316449609725,0.998884809839496
real_uav_finetuned,ooij_tower,tower,7,4,1|3|6|8,2026-06-29 17.37.15.jpg|2026-06-29 17.36.06.jpg|2026-06-29 17.36.50.jpg|2026-06-29 17.36.53.jpg,1.0,0.7538825629935613,0.9364649015284549,0.9451229572296143,0.9456316449609725,0.9903062217922117
real_uav_finetuned,ooij_tower,tower,7,4,1|3|7|8,2026-06-29 17.37.15.jpg|2026-06-29 17.36.06.jpg|2026-06-29 17.36.51.jpg|2026-06-29 17.36.53.jpg,1.0,0.80136612213989,0.9347228913151964,0.9346943497657776,0.9456316449609725,0.9884640560582907
real_uav_finetuned,ooij_tower,tower,7,4,1|4|5|6,2026-06-29 17.37.15.jpg|2026-06-29 17.36.07.jpg|2026-06-29 17.36.40.jpg|2026-06-29 17.36.50.jpg,1.0,0.7538825629935613,0.8695470265970549,0.9451229572296143,0.8719968629325333,0.9971905445539796
real_uav_finetuned,ooij_tower,tower,7,4,1|4|5|7,2026-06-29 17.37.15.jpg|2026-06-29 17.36.07.jpg|2026-06-29 17.36.40.jpg|2026-06-29 17.36.51.jpg,1.0,0.80136612213989,0.8690814697775986,0.9346943497657776,0.8719968629325333,0.9966566471980985
real_uav_finetuned,ooij_tower,tower,7,4,1|4|5|8,2026-06-29 17.37.15.jpg|2026-06-29 17.36.07.jpg|2026-06-29 17.36.40.jpg|2026-06-29 17.36.53.jpg,1.0,0.6532714638042799,0.8466548399903021,0.7839381694793701,0.8719968629325333,0.9709379425322635
real_uav_finetuned,ooij_tower,tower,7,4,1|4|6|7,2026-06-29 17.37.15.jpg|2026-06-29 17.36.07.jpg|2026-06-29 17.36.50.jpg|2026-06-29 17.36.51.jpg,1.0,0.80136612213989,0.8712563889928729,0.9451229572296143,0.8719968629325333,0.9991508295830673
real_uav_finetuned,ooij_tower,tower,7,4,1|4|6|8,2026-06-29 17.37.15.jpg|2026-06-29 17.36.07.jpg|2026-06-29 17.36.50.jpg|2026-06-29 17.36.53.jpg,1.0,0.7538825629935613,0.8655603013541283,0.9451229572296143,0.8719968629325333,0.992618595488109
real_uav_finetuned,ooij_tower,tower,7,4,1|4|7|8,2026-06-29 17.37.15.jpg|2026-06-29 17.36.07.jpg|2026-06-29 17.36.51.jpg|2026-06-29 17.36.53.jpg,1.0,0.80136612213989,0.8643371236694478,0.9346943497657776,0.8719968629325333,0.9912158637390899
real_uav_finetuned,ooij_tower,tower,7,4,1|5|6|7,2026-06-29 17.37.15.jpg|2026-06-29 17.36.40.jpg|2026-06-29 17.36.50.jpg|2026-06-29 17.36.51.jpg,1.0,0.80136612213989,0.8717128493669687,0.9451229572296143,0.8719968629325333,0.9996742951980246
real_uav_finetuned,ooij_tower,tower,7,4,1|5|6|8,2026-06-29 17.37.15.jpg|2026-06-29 17.36.40.jpg|2026-06-29 17.36.50.jpg|2026-06-29 17.36.53.jpg,1.0,0.7538825629935613,0.8695280781368157,0.9451229572296143,0.8719968629325333,0.9971688145902096
real_uav_finetuned,ooij_tower,tower,7,4,1|5|7|8,2026-06-29 17.37.15.jpg|2026-06-29 17.36.40.jpg|2026-06-29 17.36.51.jpg|2026-06-29 17.36.53.jpg,1.0,0.80136612213989,0.8690589204299226,0.9346943497657776,0.8719968629325333,0.9966307877614028
real_uav_finetuned,ooij_tower,tower,7,4,1|6|7|8,2026-06-29 17.37.15.jpg|2026-06-29 17.36.50.jpg|2026-06-29 17.36.51.jpg|2026-06-29 17.36.53.jpg,1.0,0.80136612213989,0.8712506617364025,0.9451229572296143,0.8719968629325333,0.9991442616047708
real_uav_finetuned,ooij_tower,tower,7,4,3|4|5|6,2026-06-29 17.36.06.jpg|2026-06-29 17.36.07.jpg|2026-06-29 17.36.40.jpg|2026-06-29 17.36.50.jpg,1.0,0.7538825629935613,0.9409592202458158,0.9451229572296143,0.9456316449609725,0.9950589378643843
real_uav_finetuned,ooij_tower,tower,7,4,3|4|5|7,2026-06-29 17.36.06.jpg|2026-06-29 17.36.07.jpg|2026-06-29 17.36.40.jpg|2026-06-29 17.36.51.jpg,1.0,0.80136612213989,0.9400712918736078,0.9346943497657776,0.9456316449609725,0.9941199587418691
real_uav_finetuned,ooij_tower,tower,7,4,3|4|5|8,2026-06-29 17.36.06.jpg|2026-06-29 17.36.07.jpg|2026-06-29 17.36.40.jpg|2026-06-29 17.36.53.jpg,1.0,0.6532714638042799,0.8972983368895076,0.7839381694793701,0.9456316449609725,0.9488878060193726
real_uav_finetuned,ooij_tower,tower,7,4,3|4|6|7,2026-06-29 17.36.06.jpg|2026-06-29 17.36.07.jpg|2026-06-29 17.36.50.jpg|2026-06-29 17.36.51.jpg,1.0,0.80136612213989,0.944219383788055,0.9451229572296143,0.9456316449609725,0.9985065419707102
real_uav_finetuned,ooij_tower,tower,7,4,3|4|6|8,2026-06-29 17.36.06.jpg|2026-06-29 17.36.07.jpg|2026-06-29 17.36.50.jpg|2026-06-29 17.36.53.jpg,1.0,0.7538825629935613,0.9333555802443091,0.9451229572296143,0.9456316449609725,0.9870181325021435
real_uav_finetuned,ooij_tower,tower,7,4,3|4|7|8,2026-06-29 17.36.06.jpg|2026-06-29 17.36.07.jpg|2026-06-29 17.36.51.jpg|2026-06-29 17.36.53.jpg,1.0,0.80136612213989,0.9310226874048315,0.9346943497657776,0.9456316449609725,0.9845511118055446
real_uav_finetuned,ooij_tower,tower,7,4,3|5|6|7,2026-06-29 17.36.06.jpg|2026-06-29 17.36.40.jpg|2026-06-29 17.36.50.jpg|2026-06-29 17.36.51.jpg,1.0,0.80136612213989,0.9450899630600367,0.9451229572296143,0.9456316449609725,0.9994271745199916
real_uav_finetuned,ooij_tower,tower,7,4,3|5|6|8,2026-06-29 17.36.06.jpg|2026-06-29 17.36.40.jpg|2026-06-29 17.36.50.jpg|2026-06-29 17.36.53.jpg,1.0,0.7538825629935613,0.940923080993306,0.9451229572296143,0.9456316449609725,0.995020720813694
real_uav_finetuned,ooij_tower,tower,7,4,3|5|7|8,2026-06-29 17.36.06.jpg|2026-06-29 17.36.40.jpg|2026-06-29 17.36.51.jpg|2026-06-29 17.36.53.jpg,1.0,0.80136612213989,0.9400282848662148,0.9346943497657776,0.9456316449609725,0.9940744790800767
real_uav_finetuned,ooij_tower,tower,7,4,3|6|7|8,2026-06-29 17.36.06.jpg|2026-06-29 17.36.50.jpg|2026-06-29 17.36.51.jpg|2026-06-29 17.36.53.jpg,1.0,0.80136612213989,0.9442084605380833,0.9451229572296143,0.9456316449609725,0.9984949906969875
real_uav_finetuned,ooij_tower,tower,7,4,4|5|6|7,2026-06-29 17.36.07.jpg|2026-06-29 17.36.40.jpg|2026-06-29 17.36.50.jpg|2026-06-29 17.36.51.jpg,1.0,0.80136612213989,0.8610793223127357,0.9451229572296143,0.8614550739555978,0.9995638174825103
real_uav_finetuned,ooij_tower,tower,7,4,4|5|6|8,2026-06-29 17.36.07.jpg|2026-06-29 17.36.40.jpg|2026-06-29 17.36.50.jpg|2026-06-29 17.36.53.jpg,1.0,0.7538825629935613,0.8581888569317028,0.9451229572296143,0.8614550739555978,0.9962084882628907
real_uav_finetuned,ooij_tower,tower,7,4,4|5|7|8,2026-06-29 17.36.07.jpg|2026-06-29 17.36.40.jpg|2026-06-29 17.36.51.jpg|2026-06-29 17.36.53.jpg,1.0,0.80136612213989,0.8575681584845138,0.9346943497657776,0.8614550739555978,0.9954879649692744
real_uav_finetuned,ooij_tower,tower,7,4,4|6|7|8,2026-06-29 17.36.07.jpg|2026-06-29 17.36.50.jpg|2026-06-29 17.36.51.jpg|2026-06-29 17.36.53.jpg,1.0,0.80136612213989,0.8604678453181399,0.9451229572296143,0.8614550739555978,0.9988539986967343
real_uav_finetuned,ooij_tower,tower,7,4,5|6|7|8,2026-06-29 17.36.40.jpg|2026-06-29 17.36.50.jpg|2026-06-29 17.36.51.jpg|2026-06-29 17.36.53.jpg,1.0,0.80136612213989,0.8569794787863717,0.9451229572296143,0.857356335085049,0.9995604437930234
real_uav_finetuned,ooij_tower,tower,7,5,1|3|4|5|6,2026-06-29 17.37.15.jpg|2026-06-29 17.36.06.jpg|2026-06-29 17.36.07.jpg|2026-06-29 17.36.40.jpg|2026-06-29 17.36.50.jpg,1.0,0.7538825629935613,0.9436662630031173,0.9451229572296143,0.9456316449609725,0.997921619936972
real_uav_finetuned,ooij_tower,tower,7,5,1|3|4|5|7,2026-06-29 17.37.15.jpg|2026-06-29 17.36.06.jpg|2026-06-29 17.36.07.jpg|2026-06-29 17.36.40.jpg|2026-06-29 17.36.51.jpg,1.0,0.80136612213989,0.9432927699007149,0.9346943497657776,0.9456316449609725,0.9975266531394958
real_uav_finetuned,ooij_tower,tower,7,5,1|3|4|5|8,2026-06-29 17.37.15.jpg|2026-06-29 17.36.06.jpg|2026-06-29 17.36.07.jpg|2026-06-29 17.36.40.jpg|2026-06-29 17.36.53.jpg,1.0,0.6532714638042799,0.9253009992174528,0.7839381694793701,0.9456316449609725,0.9785004596114603
real_uav_finetuned,ooij_tower,tower,7,5,1|3|4|6|7,2026-06-29 17.37.15.jpg|2026-06-29 17.36.06.jpg|2026-06-29 17.36.07.jpg|2026-06-29 17.36.50.jpg|2026-06-29 17.36.51.jpg,1.0,0.80136612213989,0.9450375995138564,0.9451229572296143,0.9456316449609725,0.9993718003725006
real_uav_finetuned,ooij_tower,tower,7,5,1|3|4|6|8,2026-06-29 17.37.15.jpg|2026-06-29 17.36.06.jpg|2026-06-29 17.36.07.jpg|2026-06-29 17.36.50.jpg|2026-06-29 17.36.53.jpg,1.0,0.7538825629935613,0.9404679114439126,0.9451229572296143,0.9456316449609725,0.9945393816455106
real_uav_finetuned,ooij_tower,tower,7,5,1|3|4|7|8,2026-06-29 17.37.15.jpg|2026-06-29 17.36.06.jpg|2026-06-29 17.36.07.jpg|2026-06-29 17.36.51.jpg|2026-06-29 17.36.53.jpg,1.0,0.80136612213989,0.9394866167680571,0.9346943497657776,0.9456316449609725,0.9935016681964265
real_uav_finetuned,ooij_tower,tower,7,5,1|3|5|6|7,2026-06-29 17.37.15.jpg|2026-06-29 17.36.06.jpg|2026-06-29 17.36.40.jpg|2026-06-29 17.36.50.jpg|2026-06-29 17.36.51.jpg,1.0,0.80136612213989,0.9454037949901549,0.9451229572296143,0.9456316449609725,0.999759049972543
real_uav_finetuned,ooij_tower,tower,7,5,1|3|5|6|8,2026-06-29 17.37.15.jpg|2026-06-29 17.36.06.jpg|2026-06-29 17.36.40.jpg|2026-06-29 17.36.50.jpg|2026-06-29 17.36.53.jpg,1.0,0.7538825629935613,0.9436510615950298,0.9451229572296143,0.9456316449609725,0.9979055445357643
real_uav_finetuned,ooij_tower,tower,7,5,1|3|5|7|8,2026-06-29 17.37.15.jpg|2026-06-29 17.36.06.jpg|2026-06-29 17.36.40.jpg|2026-06-29 17.36.51.jpg|2026-06-29 17.36.53.jpg,1.0,0.80136612213989,0.9432746796795676,0.9346943497657776,0.9456316449609725,0.997507522835171
real_uav_finetuned,ooij_tower,tower,7,5,1|3|6|7|8,2026-06-29 17.37.15.jpg|2026-06-29 17.36.06.jpg|2026-06-29 17.36.50.jpg|2026-06-29 17.36.51.jpg|2026-06-29 17.36.53.jpg,1.0,0.80136612213989,0.9450330048205817,0.9451229572296143,0.9456316449609725,0.9993669415109141
real_uav_finetuned,ooij_tower,tower,7,5,1|4|5|6|7,2026-06-29 17.37.15.jpg|2026-06-29 17.36.07.jpg|2026-06-29 17.36.40.jpg|2026-06-29 17.36.50.jpg|2026-06-29 17.36.51.jpg,1.0,0.80136612213989,0.8718368747776775,0.9451229572296143,0.8719968629325333,0.9998165266852935
real_uav_finetuned,ooij_tower,tower,7,5,1|4|5|6|8,2026-06-29 17.37.15.jpg|2026-06-29 17.36.07.jpg|2026-06-29 17.36.40.jpg|2026-06-29 17.36.50.jpg|2026-06-29 17.36.53.jpg,1.0,0.7538825629935613,0.8706061676556445,0.9451229572296143,0.8719968629325333,0.9984051602293477
real_uav_finetuned,ooij_tower,tower,7,5,1|4|5|7|8,2026-06-29 17.37.15.jpg|2026-06-29 17.36.07.jpg|2026-06-29 17.36.40.jpg|2026-06-29 17.36.51.jpg|2026-06-29 17.36.53.jpg,1.0,0.80136612213989,0.8703418856460403,0.9346943497657776,0.8719968629325333,0.9981020834399251
real_uav_finetuned,ooij_tower,tower,7,5,1|4|6|7|8,2026-06-29 17.37.15.jpg|2026-06-29 17.36.07.jpg|2026-06-29 17.36.50.jpg|2026-06-29 17.36.51.jpg|2026-06-29 17.36.53.jpg,1.0,0.80136612213989,0.871576519093383,0.9451229572296143,0.8719968629325333,0.9995179525787091
real_uav_finetuned,ooij_tower,tower,7,5,1|5|6|7|8,2026-06-29 17.37.15.jpg|2026-06-29 17.36.40.jpg|2026-06-29 17.36.50.jpg|2026-06-29 17.36.51.jpg|2026-06-29 17.36.53.jpg,1.0,0.80136612213989,0.8718356373361607,0.9451229572296143,0.8719968629325333,0.99981510759588
real_uav_finetuned,ooij_tower,tower,7,5,3|4|5|6|7,2026-06-29 17.36.06.jpg|2026-06-29 17.36.07.jpg|2026-06-29 17.36.40.jpg|2026-06-29 17.36.50.jpg|2026-06-29 17.36.51.jpg,1.0,0.80136612213989,0.9453265092267787,0.9451229572296143,0.9456316449609725,0.9996773207243859
real_uav_finetuned,ooij_tower,tower,7,5,3|4|5|6|8,2026-06-29 17.36.06.jpg|2026-06-29 17.36.07.jpg|2026-06-29 17.36.40.jpg|2026-06-29 17.36.50.jpg|2026-06-29 17.36.53.jpg,1.0,0.7538825629935613,0.9429792559467005,0.9451229572296143,0.9456316449609725,0.9971951139448368
real_uav_finetuned,ooij_tower,tower,7,5,3|4|5|7|8,2026-06-29 17.36.06.jpg|2026-06-29 17.36.07.jpg|2026-06-29 17.36.40.jpg|2026-06-29 17.36.51.jpg|2026-06-29 17.36.53.jpg,1.0,0.80136612213989,0.9424752068493946,0.9346943497657776,0.9456316449609725,0.9966620849371974
real_uav_finetuned,ooij_tower,tower,7,5,3|4|6|7|8,2026-06-29 17.36.06.jpg|2026-06-29 17.36.07.jpg|2026-06-29 17.36.50.jpg|2026-06-29 17.36.51.jpg|2026-06-29 17.36.53.jpg,1.0,0.80136612213989,0.9448299485723334,0.9451229572296143,0.9456316449609725,0.9991522107017979
real_uav_finetuned,ooij_tower,tower,7,5,3|5|6|7|8,2026-06-29 17.36.06.jpg|2026-06-29 17.36.40.jpg|2026-06-29 17.36.50.jpg|2026-06-29 17.36.51.jpg|2026-06-29 17.36.53.jpg,1.0,0.80136612213989,0.9453241491293947,0.9451229572296143,0.9456316449609725,0.9996748249350406
real_uav_finetuned,ooij_tower,tower,7,5,4|5|6|7|8,2026-06-29 17.36.07.jpg|2026-06-29 17.36.40.jpg|2026-06-29 17.36.50.jpg|2026-06-29 17.36.51.jpg|2026-06-29 17.36.53.jpg,1.0,0.80136612213989,0.8612417715290464,0.9451229572296143,0.8614550739555978,0.9997523928606374
real_uav_finetuned,ooij_tower,tower,7,6,1|3|4|5|6|7,2026-06-29 17.37.15.jpg|2026-06-29 17.36.06.jpg|2026-06-29 17.36.07.jpg|2026-06-29 17.36.40.jpg|2026-06-29 17.36.50.jpg|2026-06-29 17.36.51.jpg,1.0,0.80136612213989,0.9455032944142562,0.9451229572296143,0.9456316449609725,0.9998642700385502
real_uav_finetuned,ooij_tower,tower,7,6,1|3|4|5|6|8,2026-06-29 17.37.15.jpg|2026-06-29 17.36.06.jpg|2026-06-29 17.36.07.jpg|2026-06-29 17.36.40.jpg|2026-06-29 17.36.50.jpg|2026-06-29 17.36.53.jpg,1.0,0.7538825629935613,0.9445159592449558,0.9451229572296143,0.9456316449609725,0.9988201688025544
real_uav_finetuned,ooij_tower,tower,7,6,1|3|4|5|7|8,2026-06-29 17.37.15.jpg|2026-06-29 17.36.06.jpg|2026-06-29 17.36.07.jpg|2026-06-29 17.36.40.jpg|2026-06-29 17.36.51.jpg|2026-06-29 17.36.53.jpg,1.0,0.80136612213989,0.9443039389210103,0.9346943497657776,0.9456316449609725,0.9985959585351895
real_uav_finetuned,ooij_tower,tower,7,6,1|3|4|6|7|8,2026-06-29 17.37.15.jpg|2026-06-29 17.36.06.jpg|2026-06-29 17.36.07.jpg|2026-06-29 17.36.50.jpg|2026-06-29 17.36.51.jpg|2026-06-29 17.36.53.jpg,1.0,0.80136612213989,0.9452944239860047,0.9451229572296143,0.9456316449609725,0.9996433907676792
real_uav_finetuned,ooij_tower,tower,7,6,1|3|5|6|7|8,2026-06-29 17.37.15.jpg|2026-06-29 17.36.06.jpg|2026-06-29 17.36.40.jpg|2026-06-29 17.36.50.jpg|2026-06-29 17.36.51.jpg|2026-06-29 17.36.53.jpg,1.0,0.80136612213989,0.9455023016764166,0.9451229572296143,0.9456316449609725,0.9998632202240215
real_uav_finetuned,ooij_tower,tower,7,6,1|4|5|6|7|8,2026-06-29 17.37.15.jpg|2026-06-29 17.36.07.jpg|2026-06-29 17.36.40.jpg|2026-06-29 17.36.50.jpg|2026-06-29 17.36.51.jpg|2026-06-29 17.36.53.jpg,1.0,0.80136612213989,0.8719060426731984,0.9451229572296143,0.8719968629325333,0.9998958479517581
real_uav_finetuned,ooij_tower,tower,7,6,3|4|5|6|7|8,2026-06-29 17.36.06.jpg|2026-06-29 17.36.07.jpg|2026-06-29 17.36.40.jpg|2026-06-29 17.36.50.jpg|2026-06-29 17.36.51.jpg|2026-06-29 17.36.53.jpg,1.0,0.80136612213989,0.9454584289717214,0.9451229572296143,0.9456316449609725,0.9998168250923347
real_uav_finetuned,ooij_tower,tower,7,7,1|3|4|5|6|7|8,2026-06-29 17.37.15.jpg|2026-06-29 17.36.06.jpg|2026-06-29 17.36.07.jpg|2026-06-29 17.36.40.jpg|2026-06-29 17.36.50.jpg|2026-06-29 17.36.51.jpg|2026-06-29 17.36.53.jpg,1.0,0.80136612213989,0.945558784379831,0.9451229572296143,0.9456316449609725,0.9999229503564842
real_uav_finetuned,la_souris_truck,whitevan,10,0,empty,empty,0.0,0.0,0.0,0.0,0.0,0.0
real_uav_finetuned,la_souris_truck,whitevan,10,1,1,2026-07-12 21.05.57.jpg,0.0,0.0,0.0,0.0,0.0,0.0
real_uav_finetuned,la_souris_truck,whitevan,10,1,2,2026-07-12 21.06.04.jpg,0.0,0.017608696802733876,0.017608696802733876,0.02154119312763214,0.8174429660605093,0.02154119312763214
real_uav_finetuned,la_souris_truck,whitevan,10,1,3,2026-07-12 21.01.06.jpg,1.0,0.6072019267349213,0.6072019267349213,0.683940052986145,0.8877999235222767,0.683940052986145
real_uav_finetuned,la_souris_truck,whitevan,10,1,4,2026-07-12 21.01.23.jpg,1.0,0.8599412576050888,0.8599412576050888,0.8915921449661255,0.9645007108466178,0.8915921449661255
real_uav_finetuned,la_souris_truck,whitevan,10,1,5,2026-07-12 21.01.30.jpg,1.0,0.8505784204159799,0.8505784204159799,0.8926346302032471,0.9528853033881385,0.8926346302032471
real_uav_finetuned,la_souris_truck,whitevan,10,1,6,2026-07-12 21.01.33.jpg,1.0,0.44694593062037286,0.44694593062037286,0.613286018371582,0.7287724116181858,0.613286018371582
real_uav_finetuned,la_souris_truck,whitevan,10,1,7,2026-07-12 21.01.49.jpg,1.0,0.7965124538279313,0.7965124538279313,0.8735823631286621,0.9117771688696744,0.8735823631286621
real_uav_finetuned,la_souris_truck,whitevan,10,1,8,2026-07-12 21.01.50.jpg,1.0,0.7860650461740908,0.7860650461740908,0.8627948760986328,0.9110682827979957,0.8627948760986328
real_uav_finetuned,la_souris_truck,whitevan,10,1,9,2026-07-12 21.01.51.jpg,1.0,0.7857624887329542,0.7857624887329542,0.8769187927246094,0.8960493209314967,0.8769187927246094
real_uav_finetuned,la_souris_truck,whitevan,10,1,10,2026-07-12 21.05.27.jpg,1.0,0.28527855415138986,0.28527855415138986,0.3708043694496155,0.7693505731198058,0.3708043694496155
real_uav_finetuned,la_souris_truck,whitevan,10,2,1|2,2026-07-12 21.05.57.jpg|2026-07-12 21.06.04.jpg,0.0,0.017608696802733876,0.017608696802733876,0.02154119312763214,0.8174429660605093,0.02154119312763214
real_uav_finetuned,la_souris_truck,whitevan,10,2,1|3,2026-07-12 21.05.57.jpg|2026-07-12 21.01.06.jpg,1.0,0.6072019267349213,0.6072019267349213,0.683940052986145,0.8877999235222767,0.683940052986145
real_uav_finetuned,la_souris_truck,whitevan,10,2,1|4,2026-07-12 21.05.57.jpg|2026-07-12 21.01.23.jpg,1.0,0.8599412576050888,0.8599412576050888,0.8915921449661255,0.9645007108466178,0.8915921449661255
real_uav_finetuned,la_souris_truck,whitevan,10,2,1|5,2026-07-12 21.05.57.jpg|2026-07-12 21.01.30.jpg,1.0,0.8505784204159799,0.8505784204159799,0.8926346302032471,0.9528853033881385,0.8926346302032471
real_uav_finetuned,la_souris_truck,whitevan,10,2,1|6,2026-07-12 21.05.57.jpg|2026-07-12 21.01.33.jpg,1.0,0.44694593062037286,0.44694593062037286,0.613286018371582,0.7287724116181858,0.613286018371582
real_uav_finetuned,la_souris_truck,whitevan,10,2,1|7,2026-07-12 21.05.57.jpg|2026-07-12 21.01.49.jpg,1.0,0.7965124538279313,0.7965124538279313,0.8735823631286621,0.9117771688696744,0.8735823631286621
real_uav_finetuned,la_souris_truck,whitevan,10,2,1|8,2026-07-12 21.05.57.jpg|2026-07-12 21.01.50.jpg,1.0,0.7860650461740908,0.7860650461740908,0.8627948760986328,0.9110682827979957,0.8627948760986328
real_uav_finetuned,la_souris_truck,whitevan,10,2,1|9,2026-07-12 21.05.57.jpg|2026-07-12 21.01.51.jpg,1.0,0.7857624887329542,0.7857624887329542,0.8769187927246094,0.8960493209314967,0.8769187927246094
real_uav_finetuned,la_souris_truck,whitevan,10,2,1|10,2026-07-12 21.05.57.jpg|2026-07-12 21.05.27.jpg,1.0,0.28527855415138986,0.28527855415138986,0.3708043694496155,0.7693505731198058,0.3708043694496155
real_uav_finetuned,la_souris_truck,whitevan,10,2,2|3,2026-07-12 21.06.04.jpg|2026-07-12 21.01.06.jpg,1.0,0.6072019267349213,0.6132463423749445,0.683940052986145,0.8877999235222767,0.6907483613446797
real_uav_finetuned,la_souris_truck,whitevan,10,2,2|4,2026-07-12 21.06.04.jpg|2026-07-12 21.01.23.jpg,1.0,0.8599412576050888,0.8621935929806841,0.8915921449661255,0.9645007108466178,0.8939273795079625
real_uav_finetuned,la_souris_truck,whitevan,10,2,2|5,2026-07-12 21.06.04.jpg|2026-07-12 21.01.30.jpg,1.0,0.8505784204159799,0.8527822327403692,0.8926346302032471,0.9528853033881385,0.8949474083692586
real_uav_finetuned,la_souris_truck,whitevan,10,2,2|6,2026-07-12 21.06.04.jpg|2026-07-12 21.01.33.jpg,1.0,0.44694593062037286,0.5081358711529788,0.613286018371582,0.8174429660605093,0.6216162989349954
real_uav_finetuned,la_souris_truck,whitevan,10,2,2|7,2026-07-12 21.06.04.jpg|2026-07-12 21.01.49.jpg,1.0,0.7965124538279313,0.7989953933154471,0.8735823631286621,0.9117771688696744,0.8763055498592465
real_uav_finetuned,la_souris_truck,whitevan,10,2,2|8,2026-07-12 21.06.04.jpg|2026-07-12 21.01.50.jpg,1.0,0.7860650461740908,0.7887577650357854,0.8627948760986328,0.9110682827979957,0.8657504381706929
real_uav_finetuned,la_souris_truck,whitevan,10,2,2|9,2026-07-12 21.06.04.jpg|2026-07-12 21.01.51.jpg,1.0,0.7857624887329542,0.7881381986847777,0.8769187927246094,0.8960493209314967,0.8795701087809107
real_uav_finetuned,la_souris_truck,whitevan,10,2,2|10,2026-07-12 21.06.04.jpg|2026-07-12 21.05.27.jpg,1.0,0.28527855415138986,0.3141907386790572,0.3708043694496155,0.8174429660605093,0.3843579940423636
real_uav_finetuned,la_souris_truck,whitevan,10,2,3|4,2026-07-12 21.01.06.jpg|2026-07-12 21.01.23.jpg,1.0,0.8599412576050888,0.9314536555953025,0.8915921449661255,0.9645007108466178,0.965736619082108
real_uav_finetuned,la_souris_truck,whitevan,10,2,3|5,2026-07-12 21.01.06.jpg|2026-07-12 21.01.30.jpg,1.0,0.8505784204159799,0.9205501953768054,0.8926346302032471,0.9528853033881385,0.9660661069109153
real_uav_finetuned,la_souris_truck,whitevan,10,2,3|6,2026-07-12 21.01.06.jpg|2026-07-12 21.01.33.jpg,1.0,0.6072019267349213,0.7792887549476805,0.683940052986145,0.8877999235222767,0.8777751994570053
real_uav_finetuned,la_souris_truck,whitevan,10,2,3|7,2026-07-12 21.01.06.jpg|2026-07-12 21.01.49.jpg,1.0,0.7965124538279313,0.875346609141014,0.8735823631286621,0.9117771688696744,0.9600444483888282
real_uav_finetuned,la_souris_truck,whitevan,10,2,3|8,2026-07-12 21.01.06.jpg|2026-07-12 21.01.50.jpg,1.0,0.7860650461740908,0.871559766454084,0.8627948760986328,0.9110682827979957,0.9566349558097045
real_uav_finetuned,la_souris_truck,whitevan,10,2,3|9,2026-07-12 21.01.06.jpg|2026-07-12 21.01.51.jpg,1.0,0.7857624887329542,0.8611920705904994,0.8769187927246094,0.8960493209314967,0.9610989601501387
real_uav_finetuned,la_souris_truck,whitevan,10,2,3|10,2026-07-12 21.01.06.jpg|2026-07-12 21.05.27.jpg,1.0,0.6072019267349213,0.7112488900024819,0.683940052986145,0.8877999235222767,0.8011364623468964
real_uav_finetuned,la_souris_truck,whitevan,10,2,4|5,2026-07-12 21.01.23.jpg|2026-07-12 21.01.30.jpg,1.0,0.8599412576050888,0.9532746464835947,0.8926346302032471,0.9645007108466178,0.9883607505554153
real_uav_finetuned,la_souris_truck,whitevan,10,2,4|6,2026-07-12 21.01.23.jpg|2026-07-12 21.01.33.jpg,1.0,0.8599412576050888,0.9240661083666957,0.8915921449661255,0.9645007108466178,0.958077166740054
real_uav_finetuned,la_souris_truck,whitevan,10,2,4|7,2026-07-12 21.01.23.jpg|2026-07-12 21.01.49.jpg,1.0,0.8599412576050888,0.9512825518552646,0.8915921449661255,0.9645007108466178,0.986295335148327
real_uav_finetuned,la_souris_truck,whitevan,10,2,4|8,2026-07-12 21.01.23.jpg|2026-07-12 21.01.50.jpg,1.0,0.8599412576050888,0.9501546181095546,0.8915921449661255,0.9645007108466178,0.9851258868181958
real_uav_finetuned,la_souris_truck,whitevan,10,2,4|9,2026-07-12 21.01.23.jpg|2026-07-12 21.01.51.jpg,1.0,0.8599412576050888,0.9516314071095957,0.8915921449661255,0.9645007108466178,0.9866570303242952
real_uav_finetuned,la_souris_truck,whitevan,10,2,4|10,2026-07-12 21.01.23.jpg|2026-07-12 21.05.27.jpg,1.0,0.8599412576050888,0.8987123597343105,0.8915921449661255,0.9645007108466178,0.9317902512953466
real_uav_finetuned,la_souris_truck,whitevan,10,2,5|6,2026-07-12 21.01.30.jpg|2026-07-12 21.01.33.jpg,1.0,0.8505784204159799,0.9133218013259824,0.8926346302032471,0.9528853033881385,0.9584803103568902
real_uav_finetuned,la_souris_truck,whitevan,10,2,5|7,2026-07-12 21.01.30.jpg|2026-07-12 21.01.49.jpg,1.0,0.8505784204159799,0.9399519090071257,0.8926346302032471,0.9528853033881385,0.9864271236684772
real_uav_finetuned,la_souris_truck,whitevan,10,2,5|8,2026-07-12 21.01.30.jpg|2026-07-12 21.01.50.jpg,1.0,0.8505784204159799,0.9388482748339808,0.8926346302032471,0.9528853033881385,0.9852689211343204
real_uav_finetuned,la_souris_truck,whitevan,10,2,5|9,2026-07-12 21.01.30.jpg|2026-07-12 21.01.51.jpg,1.0,0.8505784204159799,0.9402932487193431,0.8926346302032471,0.9528853033881385,0.9867853406658469
real_uav_finetuned,la_souris_truck,whitevan,10,2,5|10,2026-07-12 21.01.30.jpg|2026-07-12 21.05.27.jpg,1.0,0.8505784204159799,0.8885142596468267,0.8926346302032471,0.9528853033881385,0.9324461784514568
real_uav_finetuned,la_souris_truck,whitevan,10,2,6|7,2026-07-12 21.01.33.jpg|2026-07-12 21.01.49.jpg,1.0,0.7965124538279313,0.867202691974617,0.8735823631286621,0.9117771688696744,0.9511125322974294
real_uav_finetuned,la_souris_truck,whitevan,10,2,6|8,2026-07-12 21.01.33.jpg|2026-07-12 21.01.50.jpg,1.0,0.7860650461740908,0.8627277834467262,0.8627948760986328,0.9110682827979957,0.9469408602362819
real_uav_finetuned,la_souris_truck,whitevan,10,2,6|9,2026-07-12 21.01.33.jpg|2026-07-12 21.01.51.jpg,1.0,0.7857624887329542,0.8533998609308131,0.8769187927246094,0.8960493209314967,0.9524027762709011
real_uav_finetuned,la_souris_truck,whitevan,10,2,6|10,2026-07-12 21.01.33.jpg|2026-07-12 21.05.27.jpg,1.0,0.44694593062037286,0.5821531552696226,0.613286018371582,0.7693505731198058,0.7566812524866577
real_uav_finetuned,la_souris_truck,whitevan,10,2,7|8,2026-07-12 21.01.49.jpg|2026-07-12 21.01.50.jpg,1.0,0.7965124538279313,0.8959622593609163,0.8735823631286621,0.9117771688696744,0.98265485246975
real_uav_finetuned,la_souris_truck,whitevan,10,2,7|9,2026-07-12 21.01.49.jpg|2026-07-12 21.01.51.jpg,1.0,0.7965124538279313,0.8975902485860828,0.8769187927246094,0.9117771688696744,0.9844403646329738
real_uav_finetuned,la_souris_truck,whitevan,10,2,7|10,2026-07-12 21.01.49.jpg|2026-07-12 21.05.27.jpg,1.0,0.7965124538279313,0.8392531138087745,0.8735823631286621,0.9117771688696744,0.920458575256049
real_uav_finetuned,la_souris_truck,whitevan,10,2,8|9,2026-07-12 21.01.50.jpg|2026-07-12 21.01.51.jpg,1.0,0.7860650461740908,0.8956827335209941,0.8769187927246094,0.9110682827979957,0.9831126277058502
real_uav_finetuned,la_souris_truck,whitevan,10,2,8|10,2026-07-12 21.01.50.jpg|2026-07-12 21.05.27.jpg,1.0,0.7860650461740908,0.832416792509579,0.8627948760986328,0.9110682827979957,0.9136711355521356
real_uav_finetuned,la_souris_truck,whitevan,10,2,9|10,2026-07-12 21.01.51.jpg|2026-07-12 21.05.27.jpg,1.0,0.7857624887329542,0.8266573280049303,0.8769187927246094,0.8960493209314967,0.922557842179458
real_uav_finetuned,la_souris_truck,whitevan,10,3,1|2|3,2026-07-12 21.05.57.jpg|2026-07-12 21.06.04.jpg|2026-07-12 21.01.06.jpg,1.0,0.6072019267349213,0.6132463423749445,0.683940052986145,0.8877999235222767,0.6907483613446797
real_uav_finetuned,la_souris_truck,whitevan,10,3,1|2|4,2026-07-12 21.05.57.jpg|2026-07-12 21.06.04.jpg|2026-07-12 21.01.23.jpg,1.0,0.8599412576050888,0.8621935929806841,0.8915921449661255,0.9645007108466178,0.8939273795079625
real_uav_finetuned,la_souris_truck,whitevan,10,3,1|2|5,2026-07-12 21.05.57.jpg|2026-07-12 21.06.04.jpg|2026-07-12 21.01.30.jpg,1.0,0.8505784204159799,0.8527822327403692,0.8926346302032471,0.9528853033881385,0.8949474083692586
real_uav_finetuned,la_souris_truck,whitevan,10,3,1|2|6,2026-07-12 21.05.57.jpg|2026-07-12 21.06.04.jpg|2026-07-12 21.01.33.jpg,1.0,0.44694593062037286,0.5081358711529788,0.613286018371582,0.8174429660605093,0.6216162989349954
real_uav_finetuned,la_souris_truck,whitevan,10,3,1|2|7,2026-07-12 21.05.57.jpg|2026-07-12 21.06.04.jpg|2026-07-12 21.01.49.jpg,1.0,0.7965124538279313,0.7989953933154471,0.8735823631286621,0.9117771688696744,0.8763055498592465
real_uav_finetuned,la_souris_truck,whitevan,10,3,1|2|8,2026-07-12 21.05.57.jpg|2026-07-12 21.06.04.jpg|2026-07-12 21.01.50.jpg,1.0,0.7860650461740908,0.7887577650357854,0.8627948760986328,0.9110682827979957,0.8657504381706929
real_uav_finetuned,la_souris_truck,whitevan,10,3,1|2|9,2026-07-12 21.05.57.jpg|2026-07-12 21.06.04.jpg|2026-07-12 21.01.51.jpg,1.0,0.7857624887329542,0.7881381986847777,0.8769187927246094,0.8960493209314967,0.8795701087809107
real_uav_finetuned,la_souris_truck,whitevan,10,3,1|2|10,2026-07-12 21.05.57.jpg|2026-07-12 21.06.04.jpg|2026-07-12 21.05.27.jpg,1.0,0.28527855415138986,0.3141907386790572,0.3708043694496155,0.8174429660605093,0.3843579940423636
real_uav_finetuned,la_souris_truck,whitevan,10,3,1|3|4,2026-07-12 21.05.57.jpg|2026-07-12 21.01.06.jpg|2026-07-12 21.01.23.jpg,1.0,0.8599412576050888,0.9314536555953025,0.8915921449661255,0.9645007108466178,0.965736619082108
real_uav_finetuned,la_souris_truck,whitevan,10,3,1|3|5,2026-07-12 21.05.57.jpg|2026-07-12 21.01.06.jpg|2026-07-12 21.01.30.jpg,1.0,0.8505784204159799,0.9205501953768054,0.8926346302032471,0.9528853033881385,0.9660661069109153
real_uav_finetuned,la_souris_truck,whitevan,10,3,1|3|6,2026-07-12 21.05.57.jpg|2026-07-12 21.01.06.jpg|2026-07-12 21.01.33.jpg,1.0,0.6072019267349213,0.7792887549476805,0.683940052986145,0.8877999235222767,0.8777751994570053
real_uav_finetuned,la_souris_truck,whitevan,10,3,1|3|7,2026-07-12 21.05.57.jpg|2026-07-12 21.01.06.jpg|2026-07-12 21.01.49.jpg,1.0,0.7965124538279313,0.875346609141014,0.8735823631286621,0.9117771688696744,0.9600444483888282
real_uav_finetuned,la_souris_truck,whitevan,10,3,1|3|8,2026-07-12 21.05.57.jpg|2026-07-12 21.01.06.jpg|2026-07-12 21.01.50.jpg,1.0,0.7860650461740908,0.871559766454084,0.8627948760986328,0.9110682827979957,0.9566349558097045
real_uav_finetuned,la_souris_truck,whitevan,10,3,1|3|9,2026-07-12 21.05.57.jpg|2026-07-12 21.01.06.jpg|2026-07-12 21.01.51.jpg,1.0,0.7857624887329542,0.8611920705904994,0.8769187927246094,0.8960493209314967,0.9610989601501387
real_uav_finetuned,la_souris_truck,whitevan,10,3,1|3|10,2026-07-12 21.05.57.jpg|2026-07-12 21.01.06.jpg|2026-07-12 21.05.27.jpg,1.0,0.6072019267349213,0.7112488900024819,0.683940052986145,0.8877999235222767,0.8011364623468964
real_uav_finetuned,la_souris_truck,whitevan,10,3,1|4|5,2026-07-12 21.05.57.jpg|2026-07-12 21.01.23.jpg|2026-07-12 21.01.30.jpg,1.0,0.8599412576050888,0.9532746464835947,0.8926346302032471,0.9645007108466178,0.9883607505554153
real_uav_finetuned,la_souris_truck,whitevan,10,3,1|4|6,2026-07-12 21.05.57.jpg|2026-07-12 21.01.23.jpg|2026-07-12 21.01.33.jpg,1.0,0.8599412576050888,0.9240661083666957,0.8915921449661255,0.9645007108466178,0.958077166740054
real_uav_finetuned,la_souris_truck,whitevan,10,3,1|4|7,2026-07-12 21.05.57.jpg|2026-07-12 21.01.23.jpg|2026-07-12 21.01.49.jpg,1.0,0.8599412576050888,0.9512825518552646,0.8915921449661255,0.9645007108466178,0.986295335148327
real_uav_finetuned,la_souris_truck,whitevan,10,3,1|4|8,2026-07-12 21.05.57.jpg|2026-07-12 21.01.23.jpg|2026-07-12 21.01.50.jpg,1.0,0.8599412576050888,0.9501546181095546,0.8915921449661255,0.9645007108466178,0.9851258868181958
real_uav_finetuned,la_souris_truck,whitevan,10,3,1|4|9,2026-07-12 21.05.57.jpg|2026-07-12 21.01.23.jpg|2026-07-12 21.01.51.jpg,1.0,0.8599412576050888,0.9516314071095957,0.8915921449661255,0.9645007108466178,0.9866570303242952
real_uav_finetuned,la_souris_truck,whitevan,10,3,1|4|10,2026-07-12 21.05.57.jpg|2026-07-12 21.01.23.jpg|2026-07-12 21.05.27.jpg,1.0,0.8599412576050888,0.8987123597343105,0.8915921449661255,0.9645007108466178,0.9317902512953466
real_uav_finetuned,la_souris_truck,whitevan,10,3,1|5|6,2026-07-12 21.05.57.jpg|2026-07-12 21.01.30.jpg|2026-07-12 21.01.33.jpg,1.0,0.8505784204159799,0.9133218013259824,0.8926346302032471,0.9528853033881385,0.9584803103568902
real_uav_finetuned,la_souris_truck,whitevan,10,3,1|5|7,2026-07-12 21.05.57.jpg|2026-07-12 21.01.30.jpg|2026-07-12 21.01.49.jpg,1.0,0.8505784204159799,0.9399519090071257,0.8926346302032471,0.9528853033881385,0.9864271236684772
real_uav_finetuned,la_souris_truck,whitevan,10,3,1|5|8,2026-07-12 21.05.57.jpg|2026-07-12 21.01.30.jpg|2026-07-12 21.01.50.jpg,1.0,0.8505784204159799,0.9388482748339808,0.8926346302032471,0.9528853033881385,0.9852689211343204
real_uav_finetuned,la_souris_truck,whitevan,10,3,1|5|9,2026-07-12 21.05.57.jpg|2026-07-12 21.01.30.jpg|2026-07-12 21.01.51.jpg,1.0,0.8505784204159799,0.9402932487193431,0.8926346302032471,0.9528853033881385,0.9867853406658469
real_uav_finetuned,la_souris_truck,whitevan,10,3,1|5|10,2026-07-12 21.05.57.jpg|2026-07-12 21.01.30.jpg|2026-07-12 21.05.27.jpg,1.0,0.8505784204159799,0.8885142596468267,0.8926346302032471,0.9528853033881385,0.9324461784514568
real_uav_finetuned,la_souris_truck,whitevan,10,3,1|6|7,2026-07-12 21.05.57.jpg|2026-07-12 21.01.33.jpg|2026-07-12 21.01.49.jpg,1.0,0.7965124538279313,0.867202691974617,0.8735823631286621,0.9117771688696744,0.9511125322974294
real_uav_finetuned,la_souris_truck,whitevan,10,3,1|6|8,2026-07-12 21.05.57.jpg|2026-07-12 21.01.33.jpg|2026-07-12 21.01.50.jpg,1.0,0.7860650461740908,0.8627277834467262,0.8627948760986328,0.9110682827979957,0.9469408602362819
real_uav_finetuned,la_souris_truck,whitevan,10,3,1|6|9,2026-07-12 21.05.57.jpg|2026-07-12 21.01.33.jpg|2026-07-12 21.01.51.jpg,1.0,0.7857624887329542,0.8533998609308131,0.8769187927246094,0.8960493209314967,0.9524027762709011
real_uav_finetuned,la_souris_truck,whitevan,10,3,1|6|10,2026-07-12 21.05.57.jpg|2026-07-12 21.01.33.jpg|2026-07-12 21.05.27.jpg,1.0,0.44694593062037286,0.5821531552696226,0.613286018371582,0.7693505731198058,0.7566812524866577
real_uav_finetuned,la_souris_truck,whitevan,10,3,1|7|8,2026-07-12 21.05.57.jpg|2026-07-12 21.01.49.jpg|2026-07-12 21.01.50.jpg,1.0,0.7965124538279313,0.8959622593609163,0.8735823631286621,0.9117771688696744,0.98265485246975
real_uav_finetuned,la_souris_truck,whitevan,10,3,1|7|9,2026-07-12 21.05.57.jpg|2026-07-12 21.01.49.jpg|2026-07-12 21.01.51.jpg,1.0,0.7965124538279313,0.8975902485860828,0.8769187927246094,0.9117771688696744,0.9844403646329738
real_uav_finetuned,la_souris_truck,whitevan,10,3,1|7|10,2026-07-12 21.05.57.jpg|2026-07-12 21.01.49.jpg|2026-07-12 21.05.27.jpg,1.0,0.7965124538279313,0.8392531138087745,0.8735823631286621,0.9117771688696744,0.920458575256049
real_uav_finetuned,la_souris_truck,whitevan,10,3,1|8|9,2026-07-12 21.05.57.jpg|2026-07-12 21.01.50.jpg|2026-07-12 21.01.51.jpg,1.0,0.7860650461740908,0.8956827335209941,0.8769187927246094,0.9110682827979957,0.9831126277058502
real_uav_finetuned,la_souris_truck,whitevan,10,3,1|8|10,2026-07-12 21.05.57.jpg|2026-07-12 21.01.50.jpg|2026-07-12 21.05.27.jpg,1.0,0.7860650461740908,0.832416792509579,0.8627948760986328,0.9110682827979957,0.9136711355521356
real_uav_finetuned,la_souris_truck,whitevan,10,3,1|9|10,2026-07-12 21.05.57.jpg|2026-07-12 21.01.51.jpg|2026-07-12 21.05.27.jpg,1.0,0.7857624887329542,0.8266573280049303,0.8769187927246094,0.8960493209314967,0.922557842179458
real_uav_finetuned,la_souris_truck,whitevan,10,3,2|3|4,2026-07-12 21.06.04.jpg|2026-07-12 21.01.06.jpg|2026-07-12 21.01.23.jpg,1.0,0.8599412576050888,0.9321655285947706,0.8915921449661255,0.9645007108466178,0.9664746931876659
real_uav_finetuned,la_souris_truck,whitevan,10,3,2|3|5,2026-07-12 21.06.04.jpg|2026-07-12 21.01.06.jpg|2026-07-12 21.01.30.jpg,1.0,0.8505784204159799,0.9212467321832803,0.8926346302032471,0.9528853033881385,0.9667970834555197
real_uav_finetuned,la_souris_truck,whitevan,10,3,2|3|6,2026-07-12 21.06.04.jpg|2026-07-12 21.01.06.jpg|2026-07-12 21.01.33.jpg,1.0,0.6072019267349213,0.7816262149864509,0.683940052986145,0.8877999235222767,0.8804080674904883
real_uav_finetuned,la_souris_truck,whitevan,10,3,2|3|7,2026-07-12 21.06.04.jpg|2026-07-12 21.01.06.jpg|2026-07-12 21.01.49.jpg,1.0,0.7965124538279313,0.8761313668638768,0.8735823631286621,0.9117771688696744,0.9609051386426055
real_uav_finetuned,la_souris_truck,whitevan,10,3,2|3|8,2026-07-12 21.06.04.jpg|2026-07-12 21.01.06.jpg|2026-07-12 21.01.50.jpg,1.0,0.7860650461740908,0.8724108270348343,0.8627948760986328,0.9110682827979957,0.9575690906015959
real_uav_finetuned,la_souris_truck,whitevan,10,3,2|3|9,2026-07-12 21.06.04.jpg|2026-07-12 21.01.06.jpg|2026-07-12 21.01.51.jpg,1.0,0.7857624887329542,0.861942937351993,0.8769187927246094,0.8960493209314967,0.9619369349624103
real_uav_finetuned,la_souris_truck,whitevan,10,3,2|3|10,2026-07-12 21.06.04.jpg|2026-07-12 21.01.06.jpg|2026-07-12 21.05.27.jpg,1.0,0.6072019267349213,0.7150520099124148,0.683940052986145,0.8877999235222767,0.805420220217526
real_uav_finetuned,la_souris_truck,whitevan,10,3,2|4|5,2026-07-12 21.06.04.jpg|2026-07-12 21.01.23.jpg|2026-07-12 21.01.30.jpg,1.0,0.8599412576050888,0.9535164693041019,0.8926346302032471,0.9645007108466178,0.9886114738755618
real_uav_finetuned,la_souris_truck,whitevan,10,3,2|4|6,2026-07-12 21.06.04.jpg|2026-07-12 21.01.23.jpg|2026-07-12 21.01.33.jpg,1.0,0.8599412576050888,0.9249371179477547,0.8915921449661255,0.9645007108466178,0.958980234587764
real_uav_finetuned,la_souris_truck,whitevan,10,3,2|4|7,2026-07-12 21.06.04.jpg|2026-07-12 21.01.23.jpg|2026-07-12 21.01.49.jpg,1.0,0.8599412576050888,0.951567286770889,0.8915921449661255,0.9645007108466178,0.9865905499806463
real_uav_finetuned,la_souris_truck,whitevan,10,3,2|4|8,2026-07-12 21.06.04.jpg|2026-07-12 21.01.23.jpg|2026-07-12 21.01.50.jpg,1.0,0.8599412576050888,0.9504636500638306,0.8915921449661255,0.9645007108466178,0.9854462929628472
real_uav_finetuned,la_souris_truck,whitevan,10,3,2|4|9,2026-07-12 21.06.04.jpg|2026-07-12 21.01.23.jpg|2026-07-12 21.01.51.jpg,1.0,0.8599412576050888,0.951908627266813,0.8915921449661255,0.9645007108466178,0.9869444538109757
real_uav_finetuned,la_souris_truck,whitevan,10,3,2|4|10,2026-07-12 21.06.04.jpg|2026-07-12 21.01.23.jpg|2026-07-12 21.05.27.jpg,1.0,0.8599412576050888,0.9001295193111691,0.8915921449661255,0.9645007108466178,0.9332595706653808
real_uav_finetuned,la_souris_truck,whitevan,10,3,2|5|6,2026-07-12 21.06.04.jpg|2026-07-12 21.01.30.jpg|2026-07-12 21.01.33.jpg,1.0,0.8505784204159799,0.9141740463647089,0.8926346302032471,0.9528853033881385,0.9593746940100918
real_uav_finetuned,la_souris_truck,whitevan,10,3,2|5|7,2026-07-12 21.06.04.jpg|2026-07-12 21.01.30.jpg|2026-07-12 21.01.49.jpg,1.0,0.8505784204159799,0.9402305097532829,0.8926346302032471,0.9528853033881385,0.986719499618832
real_uav_finetuned,la_souris_truck,whitevan,10,3,2|5|8,2026-07-12 21.06.04.jpg|2026-07-12 21.01.30.jpg|2026-07-12 21.01.50.jpg,1.0,0.8505784204159799,0.939150649177004,0.8926346302032471,0.9528853033881385,0.9855862461491444
real_uav_finetuned,la_souris_truck,whitevan,10,3,2|5|9,2026-07-12 21.06.04.jpg|2026-07-12 21.01.30.jpg|2026-07-12 21.01.51.jpg,1.0,0.8505784204159799,0.9405644966008373,0.8926346302032471,0.9528853033881385,0.9870700001946797
real_uav_finetuned,la_souris_truck,whitevan,10,3,2|5|10,2026-07-12 21.06.04.jpg|2026-07-12 21.01.30.jpg|2026-07-12 21.05.27.jpg,1.0,0.8505784204159799,0.8899008887318856,0.8926346302032471,0.9528853033881385,0.9339013683679436
real_uav_finetuned,la_souris_truck,whitevan,10,3,2|6|7,2026-07-12 21.06.04.jpg|2026-07-12 21.01.33.jpg|2026-07-12 21.01.49.jpg,1.0,0.7965124538279313,0.8681628793899766,0.8735823631286621,0.9117771688696744,0.9521656266807313
real_uav_finetuned,la_souris_truck,whitevan,10,3,2|6|8,2026-07-12 21.06.04.jpg|2026-07-12 21.01.33.jpg|2026-07-12 21.01.50.jpg,1.0,0.7860650461740908,0.863769095479138,0.8627948760986328,0.9110682827979957,0.9480838174131182
real_uav_finetuned,la_souris_truck,whitevan,10,3,2|6|9,2026-07-12 21.06.04.jpg|2026-07-12 21.01.33.jpg|2026-07-12 21.01.51.jpg,1.0,0.7857624887329542,0.854318581185477,0.8769187927246094,0.8960493209314967,0.9534280772595887
real_uav_finetuned,la_souris_truck,whitevan,10,3,2|6|10,2026-07-12 21.06.04.jpg|2026-07-12 21.01.33.jpg|2026-07-12 21.05.27.jpg,1.0,0.44694593062037286,0.622828293446458,0.613286018371582,0.8174429660605093,0.7619226286184162
real_uav_finetuned,la_souris_truck,whitevan,10,3,2|7|8,2026-07-12 21.06.04.jpg|2026-07-12 21.01.49.jpg|2026-07-12 21.01.50.jpg,1.0,0.7965124538279313,0.8963029313809404,0.8735823631286621,0.9117771688696744,0.9830284876425264
real_uav_finetuned,la_souris_truck,whitevan,10,3,2|7|9,2026-07-12 21.06.04.jpg|2026-07-12 21.01.49.jpg|2026-07-12 21.01.51.jpg,1.0,0.7965124538279313,0.897895851775798,0.8769187927246094,0.9117771688696744,0.9847755377434104
real_uav_finetuned,la_souris_truck,whitevan,10,3,2|7|10,2026-07-12 21.06.04.jpg|2026-07-12 21.01.49.jpg|2026-07-12 21.05.27.jpg,1.0,0.7965124538279313,0.8408153684852403,0.8735823631286621,0.9117771688696744,0.9221719924481054
real_uav_finetuned,la_souris_truck,whitevan,10,3,2|8|9,2026-07-12 21.06.04.jpg|2026-07-12 21.01.50.jpg|2026-07-12 21.01.51.jpg,1.0,0.7860650461740908,0.8960141566093447,0.8769187927246094,0.9110682827979957,0.9834764018538567
real_uav_finetuned,la_souris_truck,whitevan,10,3,2|8|10,2026-07-12 21.06.04.jpg|2026-07-12 21.01.50.jpg|2026-07-12 21.05.27.jpg,1.0,0.7860650461740908,0.8341110394516578,0.8627948760986328,0.9110682827979957,0.9155307622936962
real_uav_finetuned,la_souris_truck,whitevan,10,3,2|9|10,2026-07-12 21.06.04.jpg|2026-07-12 21.01.51.jpg|2026-07-12 21.05.27.jpg,1.0,0.7857624887329542,0.8281521143260727,0.8769187927246094,0.8960493209314967,0.9242260386572909
real_uav_finetuned,la_souris_truck,whitevan,10,3,3|4|5,2026-07-12 21.01.06.jpg|2026-07-12 21.01.23.jpg|2026-07-12 21.01.30.jpg,1.0,0.8599412576050888,0.9609526015388666,0.8926346302032471,0.9645007108466178,0.9963212994372636
real_uav_finetuned,la_souris_truck,whitevan,10,3,3|4|6,2026-07-12 21.01.06.jpg|2026-07-12 21.01.23.jpg|2026-07-12 21.01.33.jpg,1.0,0.8599412576050888,0.9517209525292873,0.8915921449661255,0.9645007108466178,0.9867498715411908
real_uav_finetuned,la_souris_truck,whitevan,10,3,3|4|7,2026-07-12 21.01.06.jpg|2026-07-12 21.01.23.jpg|2026-07-12 21.01.49.jpg,1.0,0.8599412576050888,0.96032298021619,0.8915921449661255,0.9645007108466178,0.9956685043531376
real_uav_finetuned,la_souris_truck,whitevan,10,3,3|4|8,2026-07-12 21.01.06.jpg|2026-07-12 21.01.23.jpg|2026-07-12 21.01.50.jpg,1.0,0.8599412576050888,0.9599664855362858,0.8915921449661255,0.9645007108466178,0.9952988885758809
real_uav_finetuned,la_souris_truck,whitevan,10,3,3|4|9,2026-07-12 21.01.06.jpg|2026-07-12 21.01.23.jpg|2026-07-12 21.01.51.jpg,1.0,0.8599412576050888,0.9604332393893894,0.8915921449661255,0.9645007108466178,0.9957828217112893
real_uav_finetuned,la_souris_truck,whitevan,10,3,3|4|10,2026-07-12 21.01.06.jpg|2026-07-12 21.01.23.jpg|2026-07-12 21.05.27.jpg,1.0,0.8599412576050888,0.9437076480799331,0.8915921449661255,0.9645007108466178,0.9784416304385789
real_uav_finetuned,la_souris_truck,whitevan,10,3,3|5|6,2026-07-12 21.01.06.jpg|2026-07-12 21.01.30.jpg|2026-07-12 21.01.33.jpg,1.0,0.8505784204159799,0.9403808650226908,0.8926346302032471,0.9528853033881385,0.986877289091367
real_uav_finetuned,la_souris_truck,whitevan,10,3,3|5|7,2026-07-12 21.01.06.jpg|2026-07-12 21.01.30.jpg|2026-07-12 21.01.49.jpg,1.0,0.8505784204159799,0.9487975754453662,0.8926346302032471,0.9528853033881385,0.9957101574258332
real_uav_finetuned,la_souris_truck,whitevan,10,3,3|5|8,2026-07-12 21.01.06.jpg|2026-07-12 21.01.30.jpg|2026-07-12 21.01.50.jpg,1.0,0.8505784204159799,0.9484487608870795,0.8926346302032471,0.9528853033881385,0.9953440959942564
real_uav_finetuned,la_souris_truck,whitevan,10,3,3|5|9,2026-07-12 21.01.06.jpg|2026-07-12 21.01.30.jpg|2026-07-12 21.01.51.jpg,1.0,0.8505784204159799,0.9489054592567234,0.8926346302032471,0.9528853033881385,0.9958233754710414
real_uav_finetuned,la_souris_truck,whitevan,10,3,3|5|10,2026-07-12 21.01.06.jpg|2026-07-12 21.01.30.jpg|2026-07-12 21.05.27.jpg,1.0,0.8505784204159799,0.932540194714033,0.8926346302032471,0.9528853033881385,0.9786489427407841
real_uav_finetuned,la_souris_truck,whitevan,10,3,3|6|7,2026-07-12 21.01.06.jpg|2026-07-12 21.01.33.jpg|2026-07-12 21.01.49.jpg,1.0,0.7965124538279313,0.8976889620640522,0.8735823631286621,0.9117771688696744,0.984548629548284
real_uav_finetuned,la_souris_truck,whitevan,10,3,3|6|8,2026-07-12 21.01.06.jpg|2026-07-12 21.01.33.jpg|2026-07-12 21.01.50.jpg,1.0,0.7860650461740908,0.8957897871344102,0.8627948760986328,0.9110682827979957,0.9832301310976785
real_uav_finetuned,la_souris_truck,whitevan,10,3,3|6|9,2026-07-12 21.01.06.jpg|2026-07-12 21.01.33.jpg|2026-07-12 21.01.51.jpg,1.0,0.7857624887329542,0.8825695348635111,0.8769187927246094,0.8960493209314967,0.9849564239901744
real_uav_finetuned,la_souris_truck,whitevan,10,3,3|6|10,2026-07-12 21.01.06.jpg|2026-07-12 21.01.33.jpg|2026-07-12 21.05.27.jpg,1.0,0.6072019267349213,0.8195251703892246,0.683940052986145,0.8877999235222767,0.9230966895534555
real_uav_finetuned,la_souris_truck,whitevan,10,3,3|7|8,2026-07-12 21.01.06.jpg|2026-07-12 21.01.49.jpg|2026-07-12 21.01.50.jpg,1.0,0.7965124538279313,0.9067787094083074,0.8735823631286621,0.9117771688696744,0.9945178935906417
real_uav_finetuned,la_souris_truck,whitevan,10,3,3|7|9,2026-07-12 21.01.06.jpg|2026-07-12 21.01.49.jpg|2026-07-12 21.01.51.jpg,1.0,0.7965124538279313,0.9072932515965527,0.8769187927246094,0.9117771688696744,0.9950822224703428
real_uav_finetuned,la_souris_truck,whitevan,10,3,3|7|10,2026-07-12 21.01.06.jpg|2026-07-12 21.01.49.jpg|2026-07-12 21.05.27.jpg,1.0,0.7965124538279313,0.8888552198698965,0.8735823631286621,0.9117771688696744,0.9748601415100203
real_uav_finetuned,la_souris_truck,whitevan,10,3,3|8|9,2026-07-12 21.01.06.jpg|2026-07-12 21.01.50.jpg|2026-07-12 21.01.51.jpg,1.0,0.7860650461740908,0.9062055269087276,0.8769187927246094,0.9110682827979957,0.9946625780075078
real_uav_finetuned,la_souris_truck,whitevan,10,3,3|8|10,2026-07-12 21.01.06.jpg|2026-07-12 21.01.50.jpg|2026-07-12 21.05.27.jpg,1.0,0.7860650461740908,0.8862096969448781,0.8627948760986328,0.9110682827979957,0.9727149036768418
real_uav_finetuned,la_souris_truck,whitevan,10,3,3|9|10,2026-07-12 21.01.06.jpg|2026-07-12 21.01.51.jpg|2026-07-12 21.05.27.jpg,1.0,0.7857624887329542,0.8741172913239403,0.8769187927246094,0.8960493209314967,0.9755236357026009
real_uav_finetuned,la_souris_truck,whitevan,10,3,4|5|6,2026-07-12 21.01.23.jpg|2026-07-12 21.01.30.jpg|2026-07-12 21.01.33.jpg,1.0,0.8599412576050888,0.9601594347987763,0.8926346302032471,0.9645007108466178,0.9954989395041183
real_uav_finetuned,la_souris_truck,whitevan,10,3,4|5|7,2026-07-12 21.01.23.jpg|2026-07-12 21.01.30.jpg|2026-07-12 21.01.49.jpg,1.0,0.8599412576050888,0.9630815383184789,0.8926346302032471,0.9645007108466178,0.9985285935902596
real_uav_finetuned,la_souris_truck,whitevan,10,3,4|5|8,2026-07-12 21.01.23.jpg|2026-07-12 21.01.30.jpg|2026-07-12 21.01.50.jpg,1.0,0.8599412576050888,0.9629604372947644,0.8926346302032471,0.9645007108466178,0.9984030353378368
real_uav_finetuned,la_souris_truck,whitevan,10,3,4|5|9,2026-07-12 21.01.23.jpg|2026-07-12 21.01.30.jpg|2026-07-12 21.01.51.jpg,1.0,0.8599412576050888,0.9631189932918657,0.8926346302032471,0.9645007108466178,0.9985674271265811
real_uav_finetuned,la_souris_truck,whitevan,10,3,4|5|10,2026-07-12 21.01.23.jpg|2026-07-12 21.01.30.jpg|2026-07-12 21.05.27.jpg,1.0,0.8599412576050888,0.9574373202011264,0.8926346302032471,0.9645007108466178,0.9926766351065813
real_uav_finetuned,la_souris_truck,whitevan,10,3,4|6|7,2026-07-12 21.01.23.jpg|2026-07-12 21.01.33.jpg|2026-07-12 21.01.49.jpg,1.0,0.8599412576050888,0.9593890639532741,0.8915921449661255,0.9645007108466178,0.9947002144883265
real_uav_finetuned,la_souris_truck,whitevan,10,3,4|6|8,2026-07-12 21.01.23.jpg|2026-07-12 21.01.33.jpg|2026-07-12 21.01.50.jpg,1.0,0.8599412576050888,0.9589528762034576,0.8915921449661255,0.9645007108466178,0.9942479724682728
real_uav_finetuned,la_souris_truck,whitevan,10,3,4|6|9,2026-07-12 21.01.23.jpg|2026-07-12 21.01.33.jpg|2026-07-12 21.01.51.jpg,1.0,0.8599412576050888,0.9595239711576885,0.8915921449661255,0.9645007108466178,0.994840087069961
real_uav_finetuned,la_souris_truck,whitevan,10,3,4|6|10,2026-07-12 21.01.23.jpg|2026-07-12 21.01.33.jpg|2026-07-12 21.05.27.jpg,1.0,0.8599412576050888,0.9390594356432092,0.8915921449661255,0.9645007108466178,0.9736223364925497
real_uav_finetuned,la_souris_truck,whitevan,10,3,4|7|8,2026-07-12 21.01.23.jpg|2026-07-12 21.01.49.jpg|2026-07-12 21.01.50.jpg,1.0,0.8599412576050888,0.9626871117044613,0.8915921449661255,0.9645007108466178,0.9981196497609995
real_uav_finetuned,la_souris_truck,whitevan,10,3,4|7|9,2026-07-12 21.01.23.jpg|2026-07-12 21.01.49.jpg|2026-07-12 21.01.51.jpg,1.0,0.8599412576050888,0.962873803880004,0.8915921449661255,0.9645007108466178,0.9983132133047514
real_uav_finetuned,la_souris_truck,whitevan,10,3,4|7|10,2026-07-12 21.01.23.jpg|2026-07-12 21.01.49.jpg|2026-07-12 21.05.27.jpg,1.0,0.8599412576050888,0.9561839029653381,0.8915921449661255,0.9645007108466178,0.9913770847571699
real_uav_finetuned,la_souris_truck,whitevan,10,3,4|8|9,2026-07-12 21.01.23.jpg|2026-07-12 21.01.50.jpg|2026-07-12 21.01.51.jpg,1.0,0.8599412576050888,0.9627349764328554,0.8915921449661255,0.9645007108466178,0.9981692761924328
real_uav_finetuned,la_souris_truck,whitevan,10,3,4|8|10,2026-07-12 21.01.23.jpg|2026-07-12 21.01.50.jpg|2026-07-12 21.05.27.jpg,1.0,0.8599412576050888,0.955474211980987,0.8915921449661255,0.9645007108466178,0.9906412729776969
real_uav_finetuned,la_souris_truck,whitevan,10,3,4|9|10,2026-07-12 21.01.23.jpg|2026-07-12 21.01.51.jpg|2026-07-12 21.05.27.jpg,1.0,0.8599412576050888,0.9564034011670577,0.8915921449661255,0.9645007108466178,0.9916046617814802
real_uav_finetuned,la_souris_truck,whitevan,10,3,5|6|7,2026-07-12 21.01.30.jpg|2026-07-12 21.01.33.jpg|2026-07-12 21.01.49.jpg,1.0,0.8505784204159799,0.9478837789510864,0.8926346302032471,0.9528853033881385,0.9947511789516867
real_uav_finetuned,la_souris_truck,whitevan,10,3,5|6|8,2026-07-12 21.01.30.jpg|2026-07-12 21.01.33.jpg|2026-07-12 21.01.50.jpg,1.0,0.8505784204159799,0.9474569881857284,0.8926346302032471,0.9528853033881385,0.9943032858381708
real_uav_finetuned,la_souris_truck,whitevan,10,3,5|6|9,2026-07-12 21.01.30.jpg|2026-07-12 21.01.33.jpg|2026-07-12 21.01.51.jpg,1.0,0.8505784204159799,0.948015779790286,0.8926346302032471,0.9528853033881385,0.9948897064730265
real_uav_finetuned,la_souris_truck,whitevan,10,3,5|6|10,2026-07-12 21.01.30.jpg|2026-07-12 21.01.33.jpg|2026-07-12 21.05.27.jpg,1.0,0.8505784204159799,0.9279921207613587,0.8926346302032471,0.9528853033881385,0.9738759926947472
real_uav_finetuned,la_souris_truck,whitevan,10,3,5|7|8,2026-07-12 21.01.30.jpg|2026-07-12 21.01.49.jpg|2026-07-12 21.01.50.jpg,1.0,0.8505784204159799,0.9511107754096263,0.8926346302032471,0.9528853033881385,0.9981377318212354
real_uav_finetuned,la_souris_truck,whitevan,10,3,5|7|9,2026-07-12 21.01.30.jpg|2026-07-12 21.01.49.jpg|2026-07-12 21.01.51.jpg,1.0,0.8505784204159799,0.9512934455935547,0.8926346302032471,0.9528853033881385,0.9983294339949166
real_uav_finetuned,la_souris_truck,whitevan,10,3,5|7|10,2026-07-12 21.01.30.jpg|2026-07-12 21.01.49.jpg|2026-07-12 21.05.27.jpg,1.0,0.8505784204159799,0.9447476681554203,0.8926346302032471,0.9528853033881385,0.9914600055182051
real_uav_finetuned,la_souris_truck,whitevan,10,3,5|8|9,2026-07-12 21.01.30.jpg|2026-07-12 21.01.50.jpg|2026-07-12 21.01.51.jpg,1.0,0.8505784204159799,0.9511576089671336,0.8926346302032471,0.9528853033881385,0.9981868810287432
real_uav_finetuned,la_souris_truck,whitevan,10,3,5|8|10,2026-07-12 21.01.30.jpg|2026-07-12 21.01.50.jpg|2026-07-12 21.05.27.jpg,1.0,0.8505784204159799,0.9440532663559514,0.8926346302032471,0.9528853033881385,0.9907312695444213
real_uav_finetuned,la_souris_truck,whitevan,10,3,5|9|10,2026-07-12 21.01.30.jpg|2026-07-12 21.01.51.jpg|2026-07-12 21.05.27.jpg,1.0,0.8505784204159799,0.9449624376108808,0.8926346302032471,0.9528853033881385,0.991685394087739
real_uav_finetuned,la_souris_truck,whitevan,10,3,6|7|8,2026-07-12 21.01.33.jpg|2026-07-12 21.01.49.jpg|2026-07-12 21.01.50.jpg,1.0,0.7965124538279313,0.9056613222444494,0.8735823631286621,0.9117771688696744,0.9932923889366447
real_uav_finetuned,la_souris_truck,whitevan,10,3,6|7|9,2026-07-12 21.01.33.jpg|2026-07-12 21.01.49.jpg|2026-07-12 21.01.51.jpg,1.0,0.7965124538279313,0.9062908884397617,0.8769187927246094,0.9117771688696744,0.9939828714545309
real_uav_finetuned,la_souris_truck,whitevan,10,3,6|7|10,2026-07-12 21.01.33.jpg|2026-07-12 21.01.49.jpg|2026-07-12 21.05.27.jpg,1.0,0.7965124538279313,0.8837311027732353,0.8735823631286621,0.9117771688696744,0.9692402189328696
real_uav_finetuned,la_souris_truck,whitevan,10,3,6|8|9,2026-07-12 21.01.33.jpg|2026-07-12 21.01.50.jpg|2026-07-12 21.01.51.jpg,1.0,0.7860650461740908,0.9051184757775461,0.8769187927246094,0.9110682827979957,0.9934694170208879
real_uav_finetuned,la_souris_truck,whitevan,10,3,6|8|10,2026-07-12 21.01.33.jpg|2026-07-12 21.01.50.jpg|2026-07-12 21.05.27.jpg,1.0,0.7860650461740908,0.8806526518275531,0.8627948760986328,0.9110682827979957,0.9666154210999064
real_uav_finetuned,la_souris_truck,whitevan,10,3,6|9|10,2026-07-12 21.01.33.jpg|2026-07-12 21.01.51.jpg|2026-07-12 21.05.27.jpg,1.0,0.7857624887329542,0.8692144670537332,0.8769187927246094,0.8960493209314967,0.9700520348033219
real_uav_finetuned,la_souris_truck,whitevan,10,3,7|8|9,2026-07-12 21.01.49.jpg|2026-07-12 21.01.50.jpg|2026-07-12 21.01.51.jpg,1.0,0.7965124538279313,0.9098306507143854,0.8769187927246094,0.9117771688696744,0.9978651383016071
real_uav_finetuned,la_souris_truck,whitevan,10,3,7|8|10,2026-07-12 21.01.49.jpg|2026-07-12 21.01.50.jpg|2026-07-12 21.05.27.jpg,1.0,0.7965124538279313,0.901826496909214,0.8735823631286621,0.9117771688696744,0.9890865089627149
real_uav_finetuned,la_souris_truck,whitevan,10,3,7|9|10,2026-07-12 21.01.49.jpg|2026-07-12 21.01.51.jpg|2026-07-12 21.05.27.jpg,1.0,0.7965124538279313,0.902850820616272,0.8769187927246094,0.9117771688696744,0.9902099454141099
real_uav_finetuned,la_souris_truck,whitevan,10,3,8|9|10,2026-07-12 21.01.50.jpg|2026-07-12 21.01.51.jpg|2026-07-12 21.05.27.jpg,1.0,0.7860650461740908,0.9013877624192888,0.8769187927246094,0.9110682827979957,0.9893745391410433
real_uav_finetuned,la_souris_truck,whitevan,10,4,1|2|3|4,2026-07-12 21.05.57.jpg|2026-07-12 21.06.04.jpg|2026-07-12 21.01.06.jpg|2026-07-12 21.01.23.jpg,1.0,0.8599412576050888,0.9321655285947706,0.8915921449661255,0.9645007108466178,0.9664746931876659
real_uav_finetuned,la_souris_truck,whitevan,10,4,1|2|3|5,2026-07-12 21.05.57.jpg|2026-07-12 21.06.04.jpg|2026-07-12 21.01.06.jpg|2026-07-12 21.01.30.jpg,1.0,0.8505784204159799,0.9212467321832803,0.8926346302032471,0.9528853033881385,0.9667970834555197
real_uav_finetuned,la_souris_truck,whitevan,10,4,1|2|3|6,2026-07-12 21.05.57.jpg|2026-07-12 21.06.04.jpg|2026-07-12 21.01.06.jpg|2026-07-12 21.01.33.jpg,1.0,0.6072019267349213,0.7816262149864509,0.683940052986145,0.8877999235222767,0.8804080674904883
real_uav_finetuned,la_souris_truck,whitevan,10,4,1|2|3|7,2026-07-12 21.05.57.jpg|2026-07-12 21.06.04.jpg|2026-07-12 21.01.06.jpg|2026-07-12 21.01.49.jpg,1.0,0.7965124538279313,0.8761313668638768,0.8735823631286621,0.9117771688696744,0.9609051386426055
real_uav_finetuned,la_souris_truck,whitevan,10,4,1|2|3|8,2026-07-12 21.05.57.jpg|2026-07-12 21.06.04.jpg|2026-07-12 21.01.06.jpg|2026-07-12 21.01.50.jpg,1.0,0.7860650461740908,0.8724108270348343,0.8627948760986328,0.9110682827979957,0.9575690906015959
real_uav_finetuned,la_souris_truck,whitevan,10,4,1|2|3|9,2026-07-12 21.05.57.jpg|2026-07-12 21.06.04.jpg|2026-07-12 21.01.06.jpg|2026-07-12 21.01.51.jpg,1.0,0.7857624887329542,0.861942937351993,0.8769187927246094,0.8960493209314967,0.9619369349624103
real_uav_finetuned,la_souris_truck,whitevan,10,4,1|2|3|10,2026-07-12 21.05.57.jpg|2026-07-12 21.06.04.jpg|2026-07-12 21.01.06.jpg|2026-07-12 21.05.27.jpg,1.0,0.6072019267349213,0.7150520099124148,0.683940052986145,0.8877999235222767,0.805420220217526
real_uav_finetuned,la_souris_truck,whitevan,10,4,1|2|4|5,2026-07-12 21.05.57.jpg|2026-07-12 21.06.04.jpg|2026-07-12 21.01.23.jpg|2026-07-12 21.01.30.jpg,1.0,0.8599412576050888,0.9535164693041019,0.8926346302032471,0.9645007108466178,0.9886114738755618
real_uav_finetuned,la_souris_truck,whitevan,10,4,1|2|4|6,2026-07-12 21.05.57.jpg|2026-07-12 21.06.04.jpg|2026-07-12 21.01.23.jpg|2026-07-12 21.01.33.jpg,1.0,0.8599412576050888,0.9249371179477547,0.8915921449661255,0.9645007108466178,0.958980234587764
real_uav_finetuned,la_souris_truck,whitevan,10,4,1|2|4|7,2026-07-12 21.05.57.jpg|2026-07-12 21.06.04.jpg|2026-07-12 21.01.23.jpg|2026-07-12 21.01.49.jpg,1.0,0.8599412576050888,0.951567286770889,0.8915921449661255,0.9645007108466178,0.9865905499806463
real_uav_finetuned,la_souris_truck,whitevan,10,4,1|2|4|8,2026-07-12 21.05.57.jpg|2026-07-12 21.06.04.jpg|2026-07-12 21.01.23.jpg|2026-07-12 21.01.50.jpg,1.0,0.8599412576050888,0.9504636500638306,0.8915921449661255,0.9645007108466178,0.9854462929628472
real_uav_finetuned,la_souris_truck,whitevan,10,4,1|2|4|9,2026-07-12 21.05.57.jpg|2026-07-12 21.06.04.jpg|2026-07-12 21.01.23.jpg|2026-07-12 21.01.51.jpg,1.0,0.8599412576050888,0.951908627266813,0.8915921449661255,0.9645007108466178,0.9869444538109757
real_uav_finetuned,la_souris_truck,whitevan,10,4,1|2|4|10,2026-07-12 21.05.57.jpg|2026-07-12 21.06.04.jpg|2026-07-12 21.01.23.jpg|2026-07-12 21.05.27.jpg,1.0,0.8599412576050888,0.9001295193111691,0.8915921449661255,0.9645007108466178,0.9332595706653808
real_uav_finetuned,la_souris_truck,whitevan,10,4,1|2|5|6,2026-07-12 21.05.57.jpg|2026-07-12 21.06.04.jpg|2026-07-12 21.01.30.jpg|2026-07-12 21.01.33.jpg,1.0,0.8505784204159799,0.9141740463647089,0.8926346302032471,0.9528853033881385,0.9593746940100918
real_uav_finetuned,la_souris_truck,whitevan,10,4,1|2|5|7,2026-07-12 21.05.57.jpg|2026-07-12 21.06.04.jpg|2026-07-12 21.01.30.jpg|2026-07-12 21.01.49.jpg,1.0,0.8505784204159799,0.9402305097532829,0.8926346302032471,0.9528853033881385,0.986719499618832
real_uav_finetuned,la_souris_truck,whitevan,10,4,1|2|5|8,2026-07-12 21.05.57.jpg|2026-07-12 21.06.04.jpg|2026-07-12 21.01.30.jpg|2026-07-12 21.01.50.jpg,1.0,0.8505784204159799,0.939150649177004,0.8926346302032471,0.9528853033881385,0.9855862461491444
real_uav_finetuned,la_souris_truck,whitevan,10,4,1|2|5|9,2026-07-12 21.05.57.jpg|2026-07-12 21.06.04.jpg|2026-07-12 21.01.30.jpg|2026-07-12 21.01.51.jpg,1.0,0.8505784204159799,0.9405644966008373,0.8926346302032471,0.9528853033881385,0.9870700001946797
real_uav_finetuned,la_souris_truck,whitevan,10,4,1|2|5|10,2026-07-12 21.05.57.jpg|2026-07-12 21.06.04.jpg|2026-07-12 21.01.30.jpg|2026-07-12 21.05.27.jpg,1.0,0.8505784204159799,0.8899008887318856,0.8926346302032471,0.9528853033881385,0.9339013683679436
real_uav_finetuned,la_souris_truck,whitevan,10,4,1|2|6|7,2026-07-12 21.05.57.jpg|2026-07-12 21.06.04.jpg|2026-07-12 21.01.33.jpg|2026-07-12 21.01.49.jpg,1.0,0.7965124538279313,0.8681628793899766,0.8735823631286621,0.9117771688696744,0.9521656266807313
real_uav_finetuned,la_souris_truck,whitevan,10,4,1|2|6|8,2026-07-12 21.05.57.jpg|2026-07-12 21.06.04.jpg|2026-07-12 21.01.33.jpg|2026-07-12 21.01.50.jpg,1.0,0.7860650461740908,0.863769095479138,0.8627948760986328,0.9110682827979957,0.9480838174131182
real_uav_finetuned,la_souris_truck,whitevan,10,4,1|2|6|9,2026-07-12 21.05.57.jpg|2026-07-12 21.06.04.jpg|2026-07-12 21.01.33.jpg|2026-07-12 21.01.51.jpg,1.0,0.7857624887329542,0.854318581185477,0.8769187927246094,0.8960493209314967,0.9534280772595887
real_uav_finetuned,la_souris_truck,whitevan,10,4,1|2|6|10,2026-07-12 21.05.57.jpg|2026-07-12 21.06.04.jpg|2026-07-12 21.01.33.jpg|2026-07-12 21.05.27.jpg,1.0,0.44694593062037286,0.622828293446458,0.613286018371582,0.8174429660605093,0.7619226286184162
real_uav_finetuned,la_souris_truck,whitevan,10,4,1|2|7|8,2026-07-12 21.05.57.jpg|2026-07-12 21.06.04.jpg|2026-07-12 21.01.49.jpg|2026-07-12 21.01.50.jpg,1.0,0.7965124538279313,0.8963029313809404,0.8735823631286621,0.9117771688696744,0.9830284876425264
real_uav_finetuned,la_souris_truck,whitevan,10,4,1|2|7|9,2026-07-12 21.05.57.jpg|2026-07-12 21.06.04.jpg|2026-07-12 21.01.49.jpg|2026-07-12 21.01.51.jpg,1.0,0.7965124538279313,0.897895851775798,0.8769187927246094,0.9117771688696744,0.9847755377434104
real_uav_finetuned,la_souris_truck,whitevan,10,4,1|2|7|10,2026-07-12 21.05.57.jpg|2026-07-12 21.06.04.jpg|2026-07-12 21.01.49.jpg|2026-07-12 21.05.27.jpg,1.0,0.7965124538279313,0.8408153684852403,0.8735823631286621,0.9117771688696744,0.9221719924481054
real_uav_finetuned,la_souris_truck,whitevan,10,4,1|2|8|9,2026-07-12 21.05.57.jpg|2026-07-12 21.06.04.jpg|2026-07-12 21.01.50.jpg|2026-07-12 21.01.51.jpg,1.0,0.7860650461740908,0.8960141566093447,0.8769187927246094,0.9110682827979957,0.9834764018538567
real_uav_finetuned,la_souris_truck,whitevan,10,4,1|2|8|10,2026-07-12 21.05.57.jpg|2026-07-12 21.06.04.jpg|2026-07-12 21.01.50.jpg|2026-07-12 21.05.27.jpg,1.0,0.7860650461740908,0.8341110394516578,0.8627948760986328,0.9110682827979957,0.9155307622936962
real_uav_finetuned,la_souris_truck,whitevan,10,4,1|2|9|10,2026-07-12 21.05.57.jpg|2026-07-12 21.06.04.jpg|2026-07-12 21.01.51.jpg|2026-07-12 21.05.27.jpg,1.0,0.7857624887329542,0.8281521143260727,0.8769187927246094,0.8960493209314967,0.9242260386572909
real_uav_finetuned,la_souris_truck,whitevan,10,4,1|3|4|5,2026-07-12 21.05.57.jpg|2026-07-12 21.01.06.jpg|2026-07-12 21.01.23.jpg|2026-07-12 21.01.30.jpg,1.0,0.8599412576050888,0.9609526015388666,0.8926346302032471,0.9645007108466178,0.9963212994372636
real_uav_finetuned,la_souris_truck,whitevan,10,4,1|3|4|6,2026-07-12 21.05.57.jpg|2026-07-12 21.01.06.jpg|2026-07-12 21.01.23.jpg|2026-07-12 21.01.33.jpg,1.0,0.8599412576050888,0.9517209525292873,0.8915921449661255,0.9645007108466178,0.9867498715411908
real_uav_finetuned,la_souris_truck,whitevan,10,4,1|3|4|7,2026-07-12 21.05.57.jpg|2026-07-12 21.01.06.jpg|2026-07-12 21.01.23.jpg|2026-07-12 21.01.49.jpg,1.0,0.8599412576050888,0.96032298021619,0.8915921449661255,0.9645007108466178,0.9956685043531376
real_uav_finetuned,la_souris_truck,whitevan,10,4,1|3|4|8,2026-07-12 21.05.57.jpg|2026-07-12 21.01.06.jpg|2026-07-12 21.01.23.jpg|2026-07-12 21.01.50.jpg,1.0,0.8599412576050888,0.9599664855362858,0.8915921449661255,0.9645007108466178,0.9952988885758809
real_uav_finetuned,la_souris_truck,whitevan,10,4,1|3|4|9,2026-07-12 21.05.57.jpg|2026-07-12 21.01.06.jpg|2026-07-12 21.01.23.jpg|2026-07-12 21.01.51.jpg,1.0,0.8599412576050888,0.9604332393893894,0.8915921449661255,0.9645007108466178,0.9957828217112893
real_uav_finetuned,la_souris_truck,whitevan,10,4,1|3|4|10,2026-07-12 21.05.57.jpg|2026-07-12 21.01.06.jpg|2026-07-12 21.01.23.jpg|2026-07-12 21.05.27.jpg,1.0,0.8599412576050888,0.9437076480799331,0.8915921449661255,0.9645007108466178,0.9784416304385789
real_uav_finetuned,la_souris_truck,whitevan,10,4,1|3|5|6,2026-07-12 21.05.57.jpg|2026-07-12 21.01.06.jpg|2026-07-12 21.01.30.jpg|2026-07-12 21.01.33.jpg,1.0,0.8505784204159799,0.9403808650226908,0.8926346302032471,0.9528853033881385,0.986877289091367
real_uav_finetuned,la_souris_truck,whitevan,10,4,1|3|5|7,2026-07-12 21.05.57.jpg|2026-07-12 21.01.06.jpg|2026-07-12 21.01.30.jpg|2026-07-12 21.01.49.jpg,1.0,0.8505784204159799,0.9487975754453662,0.8926346302032471,0.9528853033881385,0.9957101574258332
real_uav_finetuned,la_souris_truck,whitevan,10,4,1|3|5|8,2026-07-12 21.05.57.jpg|2026-07-12 21.01.06.jpg|2026-07-12 21.01.30.jpg|2026-07-12 21.01.50.jpg,1.0,0.8505784204159799,0.9484487608870795,0.8926346302032471,0.9528853033881385,0.9953440959942564
real_uav_finetuned,la_souris_truck,whitevan,10,4,1|3|5|9,2026-07-12 21.05.57.jpg|2026-07-12 21.01.06.jpg|2026-07-12 21.01.30.jpg|2026-07-12 21.01.51.jpg,1.0,0.8505784204159799,0.9489054592567234,0.8926346302032471,0.9528853033881385,0.9958233754710414
real_uav_finetuned,la_souris_truck,whitevan,10,4,1|3|5|10,2026-07-12 21.05.57.jpg|2026-07-12 21.01.06.jpg|2026-07-12 21.01.30.jpg|2026-07-12 21.05.27.jpg,1.0,0.8505784204159799,0.932540194714033,0.8926346302032471,0.9528853033881385,0.9786489427407841
real_uav_finetuned,la_souris_truck,whitevan,10,4,1|3|6|7,2026-07-12 21.05.57.jpg|2026-07-12 21.01.06.jpg|2026-07-12 21.01.33.jpg|2026-07-12 21.01.49.jpg,1.0,0.7965124538279313,0.8976889620640522,0.8735823631286621,0.9117771688696744,0.984548629548284
real_uav_finetuned,la_souris_truck,whitevan,10,4,1|3|6|8,2026-07-12 21.05.57.jpg|2026-07-12 21.01.06.jpg|2026-07-12 21.01.33.jpg|2026-07-12 21.01.50.jpg,1.0,0.7860650461740908,0.8957897871344102,0.8627948760986328,0.9110682827979957,0.9832301310976785
real_uav_finetuned,la_souris_truck,whitevan,10,4,1|3|6|9,2026-07-12 21.05.57.jpg|2026-07-12 21.01.06.jpg|2026-07-12 21.01.33.jpg|2026-07-12 21.01.51.jpg,1.0,0.7857624887329542,0.8825695348635111,0.8769187927246094,0.8960493209314967,0.9849564239901744
real_uav_finetuned,la_souris_truck,whitevan,10,4,1|3|6|10,2026-07-12 21.05.57.jpg|2026-07-12 21.01.06.jpg|2026-07-12 21.01.33.jpg|2026-07-12 21.05.27.jpg,1.0,0.6072019267349213,0.8195251703892246,0.683940052986145,0.8877999235222767,0.9230966895534555
real_uav_finetuned,la_souris_truck,whitevan,10,4,1|3|7|8,2026-07-12 21.05.57.jpg|2026-07-12 21.01.06.jpg|2026-07-12 21.01.49.jpg|2026-07-12 21.01.50.jpg,1.0,0.7965124538279313,0.9067787094083074,0.8735823631286621,0.9117771688696744,0.9945178935906417
real_uav_finetuned,la_souris_truck,whitevan,10,4,1|3|7|9,2026-07-12 21.05.57.jpg|2026-07-12 21.01.06.jpg|2026-07-12 21.01.49.jpg|2026-07-12 21.01.51.jpg,1.0,0.7965124538279313,0.9072932515965527,0.8769187927246094,0.9117771688696744,0.9950822224703428
real_uav_finetuned,la_souris_truck,whitevan,10,4,1|3|7|10,2026-07-12 21.05.57.jpg|2026-07-12 21.01.06.jpg|2026-07-12 21.01.49.jpg|2026-07-12 21.05.27.jpg,1.0,0.7965124538279313,0.8888552198698965,0.8735823631286621,0.9117771688696744,0.9748601415100203
real_uav_finetuned,la_souris_truck,whitevan,10,4,1|3|8|9,2026-07-12 21.05.57.jpg|2026-07-12 21.01.06.jpg|2026-07-12 21.01.50.jpg|2026-07-12 21.01.51.jpg,1.0,0.7860650461740908,0.9062055269087276,0.8769187927246094,0.9110682827979957,0.9946625780075078
real_uav_finetuned,la_souris_truck,whitevan,10,4,1|3|8|10,2026-07-12 21.05.57.jpg|2026-07-12 21.01.06.jpg|2026-07-12 21.01.50.jpg|2026-07-12 21.05.27.jpg,1.0,0.7860650461740908,0.8862096969448781,0.8627948760986328,0.9110682827979957,0.9727149036768418
real_uav_finetuned,la_souris_truck,whitevan,10,4,1|3|9|10,2026-07-12 21.05.57.jpg|2026-07-12 21.01.06.jpg|2026-07-12 21.01.51.jpg|2026-07-12 21.05.27.jpg,1.0,0.7857624887329542,0.8741172913239403,0.8769187927246094,0.8960493209314967,0.9755236357026009
real_uav_finetuned,la_souris_truck,whitevan,10,4,1|4|5|6,2026-07-12 21.05.57.jpg|2026-07-12 21.01.23.jpg|2026-07-12 21.01.30.jpg|2026-07-12 21.01.33.jpg,1.0,0.8599412576050888,0.9601594347987763,0.8926346302032471,0.9645007108466178,0.9954989395041183
real_uav_finetuned,la_souris_truck,whitevan,10,4,1|4|5|7,2026-07-12 21.05.57.jpg|2026-07-12 21.01.23.jpg|2026-07-12 21.01.30.jpg|2026-07-12 21.01.49.jpg,1.0,0.8599412576050888,0.9630815383184789,0.8926346302032471,0.9645007108466178,0.9985285935902596
real_uav_finetuned,la_souris_truck,whitevan,10,4,1|4|5|8,2026-07-12 21.05.57.jpg|2026-07-12 21.01.23.jpg|2026-07-12 21.01.30.jpg|2026-07-12 21.01.50.jpg,1.0,0.8599412576050888,0.9629604372947644,0.8926346302032471,0.9645007108466178,0.9984030353378368
real_uav_finetuned,la_souris_truck,whitevan,10,4,1|4|5|9,2026-07-12 21.05.57.jpg|2026-07-12 21.01.23.jpg|2026-07-12 21.01.30.jpg|2026-07-12 21.01.51.jpg,1.0,0.8599412576050888,0.9631189932918657,0.8926346302032471,0.9645007108466178,0.9985674271265811
real_uav_finetuned,la_souris_truck,whitevan,10,4,1|4|5|10,2026-07-12 21.05.57.jpg|2026-07-12 21.01.23.jpg|2026-07-12 21.01.30.jpg|2026-07-12 21.05.27.jpg,1.0,0.8599412576050888,0.9574373202011264,0.8926346302032471,0.9645007108466178,0.9926766351065813
real_uav_finetuned,la_souris_truck,whitevan,10,4,1|4|6|7,2026-07-12 21.05.57.jpg|2026-07-12 21.01.23.jpg|2026-07-12 21.01.33.jpg|2026-07-12 21.01.49.jpg,1.0,0.8599412576050888,0.9593890639532741,0.8915921449661255,0.9645007108466178,0.9947002144883265
real_uav_finetuned,la_souris_truck,whitevan,10,4,1|4|6|8,2026-07-12 21.05.57.jpg|2026-07-12 21.01.23.jpg|2026-07-12 21.01.33.jpg|2026-07-12 21.01.50.jpg,1.0,0.8599412576050888,0.9589528762034576,0.8915921449661255,0.9645007108466178,0.9942479724682728
real_uav_finetuned,la_souris_truck,whitevan,10,4,1|4|6|9,2026-07-12 21.05.57.jpg|2026-07-12 21.01.23.jpg|2026-07-12 21.01.33.jpg|2026-07-12 21.01.51.jpg,1.0,0.8599412576050888,0.9595239711576885,0.8915921449661255,0.9645007108466178,0.994840087069961
real_uav_finetuned,la_souris_truck,whitevan,10,4,1|4|6|10,2026-07-12 21.05.57.jpg|2026-07-12 21.01.23.jpg|2026-07-12 21.01.33.jpg|2026-07-12 21.05.27.jpg,1.0,0.8599412576050888,0.9390594356432092,0.8915921449661255,0.9645007108466178,0.9736223364925497
real_uav_finetuned,la_souris_truck,whitevan,10,4,1|4|7|8,2026-07-12 21.05.57.jpg|2026-07-12 21.01.23.jpg|2026-07-12 21.01.49.jpg|2026-07-12 21.01.50.jpg,1.0,0.8599412576050888,0.9626871117044613,0.8915921449661255,0.9645007108466178,0.9981196497609995
real_uav_finetuned,la_souris_truck,whitevan,10,4,1|4|7|9,2026-07-12 21.05.57.jpg|2026-07-12 21.01.23.jpg|2026-07-12 21.01.49.jpg|2026-07-12 21.01.51.jpg,1.0,0.8599412576050888,0.962873803880004,0.8915921449661255,0.9645007108466178,0.9983132133047514
real_uav_finetuned,la_souris_truck,whitevan,10,4,1|4|7|10,2026-07-12 21.05.57.jpg|2026-07-12 21.01.23.jpg|2026-07-12 21.01.49.jpg|2026-07-12 21.05.27.jpg,1.0,0.8599412576050888,0.9561839029653381,0.8915921449661255,0.9645007108466178,0.9913770847571699
real_uav_finetuned,la_souris_truck,whitevan,10,4,1|4|8|9,2026-07-12 21.05.57.jpg|2026-07-12 21.01.23.jpg|2026-07-12 21.01.50.jpg|2026-07-12 21.01.51.jpg,1.0,0.8599412576050888,0.9627349764328554,0.8915921449661255,0.9645007108466178,0.9981692761924328
real_uav_finetuned,la_souris_truck,whitevan,10,4,1|4|8|10,2026-07-12 21.05.57.jpg|2026-07-12 21.01.23.jpg|2026-07-12 21.01.50.jpg|2026-07-12 21.05.27.jpg,1.0,0.8599412576050888,0.955474211980987,0.8915921449661255,0.9645007108466178,0.9906412729776969
real_uav_finetuned,la_souris_truck,whitevan,10,4,1|4|9|10,2026-07-12 21.05.57.jpg|2026-07-12 21.01.23.jpg|2026-07-12 21.01.51.jpg|2026-07-12 21.05.27.jpg,1.0,0.8599412576050888,0.9564034011670577,0.8915921449661255,0.9645007108466178,0.9916046617814802
real_uav_finetuned,la_souris_truck,whitevan,10,4,1|5|6|7,2026-07-12 21.05.57.jpg|2026-07-12 21.01.30.jpg|2026-07-12 21.01.33.jpg|2026-07-12 21.01.49.jpg,1.0,0.8505784204159799,0.9478837789510864,0.8926346302032471,0.9528853033881385,0.9947511789516867
real_uav_finetuned,la_souris_truck,whitevan,10,4,1|5|6|8,2026-07-12 21.05.57.jpg|2026-07-12 21.01.30.jpg|2026-07-12 21.01.33.jpg|2026-07-12 21.01.50.jpg,1.0,0.8505784204159799,0.9474569881857284,0.8926346302032471,0.9528853033881385,0.9943032858381708
real_uav_finetuned,la_souris_truck,whitevan,10,4,1|5|6|9,2026-07-12 21.05.57.jpg|2026-07-12 21.01.30.jpg|2026-07-12 21.01.33.jpg|2026-07-12 21.01.51.jpg,1.0,0.8505784204159799,0.948015779790286,0.8926346302032471,0.9528853033881385,0.9948897064730265
real_uav_finetuned,la_souris_truck,whitevan,10,4,1|5|6|10,2026-07-12 21.05.57.jpg|2026-07-12 21.01.30.jpg|2026-07-12 21.01.33.jpg|2026-07-12 21.05.27.jpg,1.0,0.8505784204159799,0.9279921207613587,0.8926346302032471,0.9528853033881385,0.9738759926947472
real_uav_finetuned,la_souris_truck,whitevan,10,4,1|5|7|8,2026-07-12 21.05.57.jpg|2026-07-12 21.01.30.jpg|2026-07-12 21.01.49.jpg|2026-07-12 21.01.50.jpg,1.0,0.8505784204159799,0.9511107754096263,0.8926346302032471,0.9528853033881385,0.9981377318212354
real_uav_finetuned,la_souris_truck,whitevan,10,4,1|5|7|9,2026-07-12 21.05.57.jpg|2026-07-12 21.01.30.jpg|2026-07-12 21.01.49.jpg|2026-07-12 21.01.51.jpg,1.0,0.8505784204159799,0.9512934455935547,0.8926346302032471,0.9528853033881385,0.9983294339949166
real_uav_finetuned,la_souris_truck,whitevan,10,4,1|5|7|10,2026-07-12 21.05.57.jpg|2026-07-12 21.01.30.jpg|2026-07-12 21.01.49.jpg|2026-07-12 21.05.27.jpg,1.0,0.8505784204159799,0.9447476681554203,0.8926346302032471,0.9528853033881385,0.9914600055182051
real_uav_finetuned,la_souris_truck,whitevan,10,4,1|5|8|9,2026-07-12 21.05.57.jpg|2026-07-12 21.01.30.jpg|2026-07-12 21.01.50.jpg|2026-07-12 21.01.51.jpg,1.0,0.8505784204159799,0.9511576089671336,0.8926346302032471,0.9528853033881385,0.9981868810287432
real_uav_finetuned,la_souris_truck,whitevan,10,4,1|5|8|10,2026-07-12 21.05.57.jpg|2026-07-12 21.01.30.jpg|2026-07-12 21.01.50.jpg|2026-07-12 21.05.27.jpg,1.0,0.8505784204159799,0.9440532663559514,0.8926346302032471,0.9528853033881385,0.9907312695444213
real_uav_finetuned,la_souris_truck,whitevan,10,4,1|5|9|10,2026-07-12 21.05.57.jpg|2026-07-12 21.01.30.jpg|2026-07-12 21.01.51.jpg|2026-07-12 21.05.27.jpg,1.0,0.8505784204159799,0.9449624376108808,0.8926346302032471,0.9528853033881385,0.991685394087739
real_uav_finetuned,la_souris_truck,whitevan,10,4,1|6|7|8,2026-07-12 21.05.57.jpg|2026-07-12 21.01.33.jpg|2026-07-12 21.01.49.jpg|2026-07-12 21.01.50.jpg,1.0,0.7965124538279313,0.9056613222444494,0.8735823631286621,0.9117771688696744,0.9932923889366447
real_uav_finetuned,la_souris_truck,whitevan,10,4,1|6|7|9,2026-07-12 21.05.57.jpg|2026-07-12 21.01.33.jpg|2026-07-12 21.01.49.jpg|2026-07-12 21.01.51.jpg,1.0,0.7965124538279313,0.9062908884397617,0.8769187927246094,0.9117771688696744,0.9939828714545309
real_uav_finetuned,la_souris_truck,whitevan,10,4,1|6|7|10,2026-07-12 21.05.57.jpg|2026-07-12 21.01.33.jpg|2026-07-12 21.01.49.jpg|2026-07-12 21.05.27.jpg,1.0,0.7965124538279313,0.8837311027732353,0.8735823631286621,0.9117771688696744,0.9692402189328696
real_uav_finetuned,la_souris_truck,whitevan,10,4,1|6|8|9,2026-07-12 21.05.57.jpg|2026-07-12 21.01.33.jpg|2026-07-12 21.01.50.jpg|2026-07-12 21.01.51.jpg,1.0,0.7860650461740908,0.9051184757775461,0.8769187927246094,0.9110682827979957,0.9934694170208879
real_uav_finetuned,la_souris_truck,whitevan,10,4,1|6|8|10,2026-07-12 21.05.57.jpg|2026-07-12 21.01.33.jpg|2026-07-12 21.01.50.jpg|2026-07-12 21.05.27.jpg,1.0,0.7860650461740908,0.8806526518275531,0.8627948760986328,0.9110682827979957,0.9666154210999064
real_uav_finetuned,la_souris_truck,whitevan,10,4,1|6|9|10,2026-07-12 21.05.57.jpg|2026-07-12 21.01.33.jpg|2026-07-12 21.01.51.jpg|2026-07-12 21.05.27.jpg,1.0,0.7857624887329542,0.8692144670537332,0.8769187927246094,0.8960493209314967,0.9700520348033219
real_uav_finetuned,la_souris_truck,whitevan,10,4,1|7|8|9,2026-07-12 21.05.57.jpg|2026-07-12 21.01.49.jpg|2026-07-12 21.01.50.jpg|2026-07-12 21.01.51.jpg,1.0,0.7965124538279313,0.9098306507143854,0.8769187927246094,0.9117771688696744,0.9978651383016071
real_uav_finetuned,la_souris_truck,whitevan,10,4,1|7|8|10,2026-07-12 21.05.57.jpg|2026-07-12 21.01.49.jpg|2026-07-12 21.01.50.jpg|2026-07-12 21.05.27.jpg,1.0,0.7965124538279313,0.901826496909214,0.8735823631286621,0.9117771688696744,0.9890865089627149
real_uav_finetuned,la_souris_truck,whitevan,10,4,1|7|9|10,2026-07-12 21.05.57.jpg|2026-07-12 21.01.49.jpg|2026-07-12 21.01.51.jpg|2026-07-12 21.05.27.jpg,1.0,0.7965124538279313,0.902850820616272,0.8769187927246094,0.9117771688696744,0.9902099454141099
real_uav_finetuned,la_souris_truck,whitevan,10,4,1|8|9|10,2026-07-12 21.05.57.jpg|2026-07-12 21.01.50.jpg|2026-07-12 21.01.51.jpg|2026-07-12 21.05.27.jpg,1.0,0.7860650461740908,0.9013877624192888,0.8769187927246094,0.9110682827979957,0.9893745391410433
real_uav_finetuned,la_souris_truck,whitevan,10,4,2|3|4|5,2026-07-12 21.06.04.jpg|2026-07-12 21.01.06.jpg|2026-07-12 21.01.23.jpg|2026-07-12 21.01.30.jpg,1.0,0.8599412576050888,0.9610290320467029,0.8926346302032471,0.9645007108466178,0.9964005430365441
real_uav_finetuned,la_souris_truck,whitevan,10,4,2|3|4|6,2026-07-12 21.06.04.jpg|2026-07-12 21.01.06.jpg|2026-07-12 21.01.23.jpg|2026-07-12 21.01.33.jpg,1.0,0.8599412576050888,0.9519962437713254,0.8915921449661255,0.9645007108466178,0.9870352951172879
real_uav_finetuned,la_souris_truck,whitevan,10,4,2|3|4|7,2026-07-12 21.06.04.jpg|2026-07-12 21.01.06.jpg|2026-07-12 21.01.23.jpg|2026-07-12 21.01.49.jpg,1.0,0.8599412576050888,0.9604129735185353,0.8915921449661255,0.9645007108466178,0.9957618099373982
real_uav_finetuned,la_souris_truck,whitevan,10,4,2|3|4|8,2026-07-12 21.06.04.jpg|2026-07-12 21.01.06.jpg|2026-07-12 21.01.23.jpg|2026-07-12 21.01.50.jpg,1.0,0.8599412576050888,0.9600641581593798,0.8915921449661255,0.9645007108466178,0.9954001561249823
real_uav_finetuned,la_souris_truck,whitevan,10,4,2|3|4|9,2026-07-12 21.06.04.jpg|2026-07-12 21.01.06.jpg|2026-07-12 21.01.23.jpg|2026-07-12 21.01.51.jpg,1.0,0.8599412576050888,0.9605208575775906,0.8915921449661255,0.9645007108466178,0.99587366476326
real_uav_finetuned,la_souris_truck,whitevan,10,4,2|3|4|10,2026-07-12 21.06.04.jpg|2026-07-12 21.01.06.jpg|2026-07-12 21.01.23.jpg|2026-07-12 21.05.27.jpg,1.0,0.8599412576050888,0.9441555554607052,0.8915921449661255,0.9645007108466178,0.9789060234408183
real_uav_finetuned,la_souris_truck,whitevan,10,4,2|3|5|6,2026-07-12 21.06.04.jpg|2026-07-12 21.01.06.jpg|2026-07-12 21.01.30.jpg|2026-07-12 21.01.33.jpg,1.0,0.8505784204159799,0.9406502255444735,0.8926346302032471,0.9528853033881385,0.9871599679414079
real_uav_finetuned,la_souris_truck,whitevan,10,4,2|3|5|7,2026-07-12 21.06.04.jpg|2026-07-12 21.01.06.jpg|2026-07-12 21.01.30.jpg|2026-07-12 21.01.49.jpg,1.0,0.8505784204159799,0.9488856299824348,0.8926346302032471,0.9528853033881385,0.9958025657532106
real_uav_finetuned,la_souris_truck,whitevan,10,4,2|3|5|8,2026-07-12 21.06.04.jpg|2026-07-12 21.01.06.jpg|2026-07-12 21.01.30.jpg|2026-07-12 21.01.50.jpg,1.0,0.8505784204159799,0.9485443293059137,0.8926346302032471,0.9528853033881385,0.9954443897216279
real_uav_finetuned,la_souris_truck,whitevan,10,4,2|3|5|9,2026-07-12 21.06.04.jpg|2026-07-12 21.01.06.jpg|2026-07-12 21.01.30.jpg|2026-07-12 21.01.51.jpg,1.0,0.8505784204159799,0.9489911898477761,0.8926346302032471,0.9528853033881385,0.9959133449466413
real_uav_finetuned,la_souris_truck,whitevan,10,4,2|3|5|10,2026-07-12 21.06.04.jpg|2026-07-12 21.01.06.jpg|2026-07-12 21.01.30.jpg|2026-07-12 21.05.27.jpg,1.0,0.8505784204159799,0.9329784526291846,0.8926346302032471,0.9528853033881385,0.979108869988684
real_uav_finetuned,la_souris_truck,whitevan,10,4,2|3|6|7,2026-07-12 21.06.04.jpg|2026-07-12 21.01.06.jpg|2026-07-12 21.01.33.jpg|2026-07-12 21.01.49.jpg,1.0,0.7965124538279313,0.8979924388476742,0.8735823631286621,0.9117771688696744,0.984881470503271
real_uav_finetuned,la_souris_truck,whitevan,10,4,2|3|6|8,2026-07-12 21.06.04.jpg|2026-07-12 21.01.06.jpg|2026-07-12 21.01.33.jpg|2026-07-12 21.01.50.jpg,1.0,0.7860650461740908,0.8961189041601991,0.8627948760986328,0.9110682827979957,0.9835913740824285
real_uav_finetuned,la_souris_truck,whitevan,10,4,2|3|6|9,2026-07-12 21.06.04.jpg|2026-07-12 21.01.06.jpg|2026-07-12 21.01.33.jpg|2026-07-12 21.01.51.jpg,1.0,0.7857624887329542,0.8828599055385207,0.8769187927246094,0.8960493209314967,0.9852804805663322
real_uav_finetuned,la_souris_truck,whitevan,10,4,2|3|6|10,2026-07-12 21.06.04.jpg|2026-07-12 21.01.06.jpg|2026-07-12 21.01.33.jpg|2026-07-12 21.05.27.jpg,1.0,0.6072019267349213,0.820995890032205,0.683940052986145,0.8877999235222767,0.9247532786159387
real_uav_finetuned,la_souris_truck,whitevan,10,4,2|3|7|8,2026-07-12 21.06.04.jpg|2026-07-12 21.01.06.jpg|2026-07-12 21.01.49.jpg|2026-07-12 21.01.50.jpg,1.0,0.7965124538279313,0.9068863821889054,0.8735823631286621,0.9117771688696744,0.994635984703552
real_uav_finetuned,la_souris_truck,whitevan,10,4,2|3|7|9,2026-07-12 21.06.04.jpg|2026-07-12 21.01.06.jpg|2026-07-12 21.01.49.jpg|2026-07-12 21.01.51.jpg,1.0,0.7965124538279313,0.9073898405245013,0.8769187927246094,0.9117771688696744,0.9951881572658678
real_uav_finetuned,la_souris_truck,whitevan,10,4,2|3|7|10,2026-07-12 21.06.04.jpg|2026-07-12 21.01.06.jpg|2026-07-12 21.01.49.jpg|2026-07-12 21.05.27.jpg,1.0,0.7965124538279313,0.8893489860001624,0.8735823631286621,0.9117771688696744,0.9754016840569543
real_uav_finetuned,la_souris_truck,whitevan,10,4,2|3|8|9,2026-07-12 21.06.04.jpg|2026-07-12 21.01.06.jpg|2026-07-12 21.01.50.jpg|2026-07-12 21.01.51.jpg,1.0,0.7860650461740908,0.9063102764724708,0.8769187927246094,0.9110682827979957,0.9947775524454517
real_uav_finetuned,la_souris_truck,whitevan,10,4,2|3|8|10,2026-07-12 21.06.04.jpg|2026-07-12 21.01.06.jpg|2026-07-12 21.01.50.jpg|2026-07-12 21.05.27.jpg,1.0,0.7860650461740908,0.8867451805436197,0.8627948760986328,0.9110682827979957,0.9733026572062449
real_uav_finetuned,la_souris_truck,whitevan,10,4,2|3|9|10,2026-07-12 21.06.04.jpg|2026-07-12 21.01.06.jpg|2026-07-12 21.01.51.jpg|2026-07-12 21.05.27.jpg,1.0,0.7857624887329542,0.8745897334093976,0.8769187927246094,0.8960493209314967,0.9760508857929935
real_uav_finetuned,la_souris_truck,whitevan,10,4,2|4|5|6,2026-07-12 21.06.04.jpg|2026-07-12 21.01.23.jpg|2026-07-12 21.01.30.jpg|2026-07-12 21.01.33.jpg,1.0,0.8599412576050888,0.9602529510645431,0.8926346302032471,0.9645007108466178,0.9955958977175392
real_uav_finetuned,la_souris_truck,whitevan,10,4,2|4|5|7,2026-07-12 21.06.04.jpg|2026-07-12 21.01.23.jpg|2026-07-12 21.01.30.jpg|2026-07-12 21.01.49.jpg,1.0,0.8599412576050888,0.963112108987989,0.8926346302032471,0.9645007108466178,0.998560289439901
real_uav_finetuned,la_souris_truck,whitevan,10,4,2|4|5|8,2026-07-12 21.06.04.jpg|2026-07-12 21.01.23.jpg|2026-07-12 21.01.30.jpg|2026-07-12 21.01.50.jpg,1.0,0.8599412576050888,0.9629936166248143,0.8926346302032471,0.9645007108466178,0.9984374358620425
real_uav_finetuned,la_souris_truck,whitevan,10,4,2|4|5|9,2026-07-12 21.06.04.jpg|2026-07-12 21.01.23.jpg|2026-07-12 21.01.30.jpg|2026-07-12 21.01.51.jpg,1.0,0.8599412576050888,0.9631487571365605,0.8926346302032471,0.9645007108466178,0.9985982864555168
real_uav_finetuned,la_souris_truck,whitevan,10,4,2|4|5|10,2026-07-12 21.06.04.jpg|2026-07-12 21.01.23.jpg|2026-07-12 21.01.30.jpg|2026-07-12 21.05.27.jpg,1.0,0.8599412576050888,0.9575894740631568,0.8926346302032471,0.9645007108466178,0.9928343891240946
real_uav_finetuned,la_souris_truck,whitevan,10,4,2|4|6|7,2026-07-12 21.06.04.jpg|2026-07-12 21.01.23.jpg|2026-07-12 21.01.33.jpg|2026-07-12 21.01.49.jpg,1.0,0.8599412576050888,0.9594991749262038,0.8915921449661255,0.9645007108466178,0.9948143781915685
real_uav_finetuned,la_souris_truck,whitevan,10,4,2|4|6|8,2026-07-12 21.06.04.jpg|2026-07-12 21.01.23.jpg|2026-07-12 21.01.33.jpg|2026-07-12 21.01.50.jpg,1.0,0.8599412576050888,0.959072383180946,0.8915921449661255,0.9645007108466178,0.9943718780042091
real_uav_finetuned,la_souris_truck,whitevan,10,4,2|4|6|9,2026-07-12 21.06.04.jpg|2026-07-12 21.01.23.jpg|2026-07-12 21.01.33.jpg|2026-07-12 21.01.51.jpg,1.0,0.8599412576050888,0.9596311760684736,0.8915921449661255,0.9645007108466178,0.9949512377509087
real_uav_finetuned,la_souris_truck,whitevan,10,4,2|4|6|10,2026-07-12 21.06.04.jpg|2026-07-12 21.01.23.jpg|2026-07-12 21.01.33.jpg|2026-07-12 21.05.27.jpg,1.0,0.8599412576050888,0.939607471065779,0.8915921449661255,0.9645007108466178,0.9741905428364194
real_uav_finetuned,la_souris_truck,whitevan,10,4,2|4|7|8,2026-07-12 21.06.04.jpg|2026-07-12 21.01.23.jpg|2026-07-12 21.01.49.jpg|2026-07-12 21.01.50.jpg,1.0,0.8599412576050888,0.9627261787938385,0.8915921449661255,0.9645007108466178,0.9981601547486454
real_uav_finetuned,la_souris_truck,whitevan,10,4,2|4|7|9,2026-07-12 21.06.04.jpg|2026-07-12 21.01.23.jpg|2026-07-12 21.01.49.jpg|2026-07-12 21.01.51.jpg,1.0,0.8599412576050888,0.9629088493971726,0.8915921449661255,0.9645007108466178,0.998349548702719
real_uav_finetuned,la_souris_truck,whitevan,10,4,2|4|7|10,2026-07-12 21.06.04.jpg|2026-07-12 21.01.23.jpg|2026-07-12 21.01.49.jpg|2026-07-12 21.05.27.jpg,1.0,0.8599412576050888,0.956363056930114,0.8915921449661255,0.9645007108466178,0.9915628326397389
real_uav_finetuned,la_souris_truck,whitevan,10,4,2|4|8|9,2026-07-12 21.06.04.jpg|2026-07-12 21.01.23.jpg|2026-07-12 21.01.50.jpg|2026-07-12 21.01.51.jpg,1.0,0.8599412576050888,0.9627730124588744,0.8915921449661255,0.9645007108466178,0.9982087121675349
real_uav_finetuned,la_souris_truck,whitevan,10,4,2|4|8|10,2026-07-12 21.06.04.jpg|2026-07-12 21.01.23.jpg|2026-07-12 21.01.50.jpg|2026-07-12 21.05.27.jpg,1.0,0.8599412576050888,0.9556686535363179,0.8915921449661255,0.9645007108466178,0.9908428711239131
real_uav_finetuned,la_souris_truck,whitevan,10,4,2|4|9|10,2026-07-12 21.06.04.jpg|2026-07-12 21.01.23.jpg|2026-07-12 21.01.51.jpg|2026-07-12 21.05.27.jpg,1.0,0.8599412576050888,0.9565778268786794,0.8915921449661255,0.9645007108466178,0.9917855073834172
real_uav_finetuned,la_souris_truck,whitevan,10,4,2|5|6|7,2026-07-12 21.06.04.jpg|2026-07-12 21.01.30.jpg|2026-07-12 21.01.33.jpg|2026-07-12 21.01.49.jpg,1.0,0.8505784204159799,0.9479915177549175,0.8926346302032471,0.9528853033881385,0.9948642448195808
real_uav_finetuned,la_souris_truck,whitevan,10,4,2|5|6|8,2026-07-12 21.06.04.jpg|2026-07-12 21.01.30.jpg|2026-07-12 21.01.33.jpg|2026-07-12 21.01.50.jpg,1.0,0.8505784204159799,0.9475739205718611,0.8926346302032471,0.9528853033881385,0.9944259998581236
real_uav_finetuned,la_souris_truck,whitevan,10,4,2|5|6|9,2026-07-12 21.06.04.jpg|2026-07-12 21.01.30.jpg|2026-07-12 21.01.33.jpg|2026-07-12 21.01.51.jpg,1.0,0.8505784204159799,0.9481206751385468,0.8926346302032471,0.9528853033881385,0.99499978829283
real_uav_finetuned,la_souris_truck,whitevan,10,4,2|5|6|10,2026-07-12 21.06.04.jpg|2026-07-12 21.01.30.jpg|2026-07-12 21.01.33.jpg|2026-07-12 21.05.27.jpg,1.0,0.8505784204159799,0.9285283496158836,0.8926346302032471,0.9528853033881385,0.9744387349813773
real_uav_finetuned,la_souris_truck,whitevan,10,4,2|5|7|8,2026-07-12 21.06.04.jpg|2026-07-12 21.01.30.jpg|2026-07-12 21.01.49.jpg|2026-07-12 21.01.50.jpg,1.0,0.8505784204159799,0.9511490008595219,0.8926346302032471,0.9528853033881385,0.9981778472997297
real_uav_finetuned,la_souris_truck,whitevan,10,4,2|5|7|9,2026-07-12 21.06.04.jpg|2026-07-12 21.01.30.jpg|2026-07-12 21.01.49.jpg|2026-07-12 21.01.51.jpg,1.0,0.8505784204159799,0.9513277361097395,0.8926346302032471,0.9528853033881385,0.9983654199798646
real_uav_finetuned,la_souris_truck,whitevan,10,4,2|5|7|10,2026-07-12 21.06.04.jpg|2026-07-12 21.01.30.jpg|2026-07-12 21.01.49.jpg|2026-07-12 21.05.27.jpg,1.0,0.8505784204159799,0.9449229625275705,0.8926346302032471,0.9528853033881385,0.9916439671886463
real_uav_finetuned,la_souris_truck,whitevan,10,4,2|5|8|9,2026-07-12 21.06.04.jpg|2026-07-12 21.01.30.jpg|2026-07-12 21.01.50.jpg|2026-07-12 21.01.51.jpg,1.0,0.8505784204159799,0.9511948255663221,0.8926346302032471,0.9528853033881385,0.9982259377746664
real_uav_finetuned,la_souris_truck,whitevan,10,4,2|5|8|10,2026-07-12 21.06.04.jpg|2026-07-12 21.01.30.jpg|2026-07-12 21.01.50.jpg|2026-07-12 21.05.27.jpg,1.0,0.8505784204159799,0.9442435189713723,0.8926346302032471,0.9528853033881385,0.9909309290572129
real_uav_finetuned,la_souris_truck,whitevan,10,4,2|5|9|10,2026-07-12 21.06.04.jpg|2026-07-12 21.01.30.jpg|2026-07-12 21.01.51.jpg|2026-07-12 21.05.27.jpg,1.0,0.8505784204159799,0.945133105592713,0.8926346302032471,0.9528853033881385,0.9918645006194752
real_uav_finetuned,la_souris_truck,whitevan,10,4,2|6|7|8,2026-07-12 21.06.04.jpg|2026-07-12 21.01.33.jpg|2026-07-12 21.01.49.jpg|2026-07-12 21.01.50.jpg,1.0,0.7965124538279313,0.9057930648777424,0.8735823631286621,0.9117771688696744,0.9934368788819855
real_uav_finetuned,la_souris_truck,whitevan,10,4,2|6|7|9,2026-07-12 21.06.04.jpg|2026-07-12 21.01.33.jpg|2026-07-12 21.01.49.jpg|2026-07-12 21.01.51.jpg,1.0,0.7965124538279313,0.9064090694660549,0.8769187927246094,0.9117771688696744,0.9941124875826027
real_uav_finetuned,la_souris_truck,whitevan,10,4,2|6|7|10,2026-07-12 21.06.04.jpg|2026-07-12 21.01.33.jpg|2026-07-12 21.01.49.jpg|2026-07-12 21.05.27.jpg,1.0,0.7965124538279313,0.8843352484994889,0.8735823631286621,0.9117771688696744,0.9699028213174002
real_uav_finetuned,la_souris_truck,whitevan,10,4,2|6|8|9,2026-07-12 21.06.04.jpg|2026-07-12 21.01.33.jpg|2026-07-12 21.01.50.jpg|2026-07-12 21.01.51.jpg,1.0,0.7860650461740908,0.9052466417196459,0.8769187927246094,0.9110682827979957,0.993610093570077
real_uav_finetuned,la_souris_truck,whitevan,10,4,2|6|8|10,2026-07-12 21.06.04.jpg|2026-07-12 21.01.33.jpg|2026-07-12 21.01.50.jpg|2026-07-12 21.05.27.jpg,1.0,0.7860650461740908,0.8813078408083862,0.8627948760986328,0.9110682827979957,0.9673345647614779
real_uav_finetuned,la_souris_truck,whitevan,10,4,2|6|9|10,2026-07-12 21.06.04.jpg|2026-07-12 21.01.33.jpg|2026-07-12 21.01.51.jpg|2026-07-12 21.05.27.jpg,1.0,0.7857624887329542,0.8697925218236658,0.8769187927246094,0.8960493209314967,0.9706971497054031
real_uav_finetuned,la_souris_truck,whitevan,10,4,2|7|8|9,2026-07-12 21.06.04.jpg|2026-07-12 21.01.49.jpg|2026-07-12 21.01.50.jpg|2026-07-12 21.01.51.jpg,1.0,0.7965124538279313,0.9098725810378949,0.8769187927246094,0.9117771688696744,0.9979111257697529
real_uav_finetuned,la_souris_truck,whitevan,10,4,2|7|8|10,2026-07-12 21.06.04.jpg|2026-07-12 21.01.49.jpg|2026-07-12 21.01.50.jpg|2026-07-12 21.05.27.jpg,1.0,0.7965124538279313,0.902040846255664,0.8735823631286621,0.9117771688696744,0.9893215985808458
real_uav_finetuned,la_souris_truck,whitevan,10,4,2|7|9|10,2026-07-12 21.06.04.jpg|2026-07-12 21.01.49.jpg|2026-07-12 21.01.51.jpg|2026-07-12 21.05.27.jpg,1.0,0.7965124538279313,0.9030431048079229,0.8769187927246094,0.9117771688696744,0.9904208348706746
real_uav_finetuned,la_souris_truck,whitevan,10,4,2|8|9|10,2026-07-12 21.06.04.jpg|2026-07-12 21.01.50.jpg|2026-07-12 21.01.51.jpg|2026-07-12 21.05.27.jpg,1.0,0.7860650461740908,0.9015962923783424,0.8769187927246094,0.9110682827979957,0.9896034242454762
real_uav_finetuned,la_souris_truck,whitevan,10,4,3|4|5|6,2026-07-12 21.01.06.jpg|2026-07-12 21.01.23.jpg|2026-07-12 21.01.30.jpg|2026-07-12 21.01.33.jpg,1.0,0.8599412576050888,0.9631286073689644,0.8926346302032471,0.9645007108466178,0.9985773950581655
real_uav_finetuned,la_souris_truck,whitevan,10,4,3|4|5|7,2026-07-12 21.01.06.jpg|2026-07-12 21.01.23.jpg|2026-07-12 21.01.30.jpg|2026-07-12 21.01.49.jpg,1.0,0.8599412576050888,0.9640521672525707,0.8926346302032471,0.9645007108466178,0.9995349473681016
real_uav_finetuned,la_souris_truck,whitevan,10,4,3|4|5|8,2026-07-12 21.01.06.jpg|2026-07-12 21.01.23.jpg|2026-07-12 21.01.30.jpg|2026-07-12 21.01.50.jpg,1.0,0.8599412576050888,0.9640138920694322,0.8926346302032471,0.9645007108466178,0.9994952634334937
real_uav_finetuned,la_souris_truck,whitevan,10,4,3|4|5|9,2026-07-12 21.01.06.jpg|2026-07-12 21.01.23.jpg|2026-07-12 21.01.30.jpg|2026-07-12 21.01.51.jpg,1.0,0.8599412576050888,0.9640640052694748,0.8926346302032471,0.9645007108466178,0.9995472210935338
real_uav_finetuned,la_souris_truck,whitevan,10,4,3|4|5|10,2026-07-12 21.01.06.jpg|2026-07-12 21.01.23.jpg|2026-07-12 21.01.30.jpg|2026-07-12 21.05.27.jpg,1.0,0.8599412576050888,0.9622682559734657,0.8926346302032471,0.9645007108466178,0.997685377679823
real_uav_finetuned,la_souris_truck,whitevan,10,4,3|4|6|7,2026-07-12 21.01.06.jpg|2026-07-12 21.01.23.jpg|2026-07-12 21.01.33.jpg|2026-07-12 21.01.49.jpg,1.0,0.8599412576050888,0.9628851240003541,0.8915921449661255,0.9645007108466178,0.9983249500719957
real_uav_finetuned,la_souris_truck,whitevan,10,4,3|4|6|8,2026-07-12 21.01.06.jpg|2026-07-12 21.01.23.jpg|2026-07-12 21.01.33.jpg|2026-07-12 21.01.50.jpg,1.0,0.8599412576050888,0.9627472625232589,0.8915921449661255,0.9645007108466178,0.9981820144831001
real_uav_finetuned,la_souris_truck,whitevan,10,4,3|4|6|9,2026-07-12 21.01.06.jpg|2026-07-12 21.01.23.jpg|2026-07-12 21.01.33.jpg|2026-07-12 21.01.51.jpg,1.0,0.8599412576050888,0.9629277627642331,0.8915921449661255,0.9645007108466178,0.9983691581927358
real_uav_finetuned,la_souris_truck,whitevan,10,4,3|4|6|10,2026-07-12 21.01.06.jpg|2026-07-12 21.01.23.jpg|2026-07-12 21.01.33.jpg|2026-07-12 21.05.27.jpg,1.0,0.8599412576050888,0.9564597427538636,0.8915921449661255,0.9645007108466178,0.991663077069486
real_uav_finetuned,la_souris_truck,whitevan,10,4,3|4|7|8,2026-07-12 21.01.06.jpg|2026-07-12 21.01.23.jpg|2026-07-12 21.01.49.jpg|2026-07-12 21.01.50.jpg,1.0,0.8599412576050888,0.9639275047978434,0.8915921449661255,0.9645007108466178,0.999405696603094
real_uav_finetuned,la_souris_truck,whitevan,10,4,3|4|7|9,2026-07-12 21.01.06.jpg|2026-07-12 21.01.23.jpg|2026-07-12 21.01.49.jpg|2026-07-12 21.01.51.jpg,1.0,0.8599412576050888,0.9639865107169534,0.8915921449661255,0.9645007108466178,0.9994668742864761
real_uav_finetuned,la_souris_truck,whitevan,10,4,3|4|7|10,2026-07-12 21.01.06.jpg|2026-07-12 21.01.23.jpg|2026-07-12 21.01.49.jpg|2026-07-12 21.05.27.jpg,1.0,0.8599412576050888,0.9618721009883361,0.8915921449661255,0.9645007108466178,0.9972746418652462
real_uav_finetuned,la_souris_truck,whitevan,10,4,3|4|8|9,2026-07-12 21.01.06.jpg|2026-07-12 21.01.23.jpg|2026-07-12 21.01.50.jpg|2026-07-12 21.01.51.jpg,1.0,0.8599412576050888,0.9639426329213635,0.8915921449661255,0.9645007108466178,0.9994213815303833
real_uav_finetuned,la_souris_truck,whitevan,10,4,3|4|8|10,2026-07-12 21.01.06.jpg|2026-07-12 21.01.23.jpg|2026-07-12 21.01.50.jpg|2026-07-12 21.05.27.jpg,1.0,0.8599412576050888,0.961647796093426,0.8915921449661255,0.9645007108466178,0.9970420812332138
real_uav_finetuned,la_souris_truck,whitevan,10,4,3|4|9|10,2026-07-12 21.01.06.jpg|2026-07-12 21.01.23.jpg|2026-07-12 21.01.51.jpg|2026-07-12 21.05.27.jpg,1.0,0.8599412576050888,0.9619414755783413,0.8915921449661255,0.9645007108466178,0.9973465698474913
real_uav_finetuned,la_souris_truck,whitevan,10,4,3|5|6|7,2026-07-12 21.01.06.jpg|2026-07-12 21.01.30.jpg|2026-07-12 21.01.33.jpg|2026-07-12 21.01.49.jpg,1.0,0.8505784204159799,0.9513045218395753,0.8926346302032471,0.9528853033881385,0.9983410578975849
real_uav_finetuned,la_souris_truck,whitevan,10,4,3|5|6|8,2026-07-12 21.01.06.jpg|2026-07-12 21.01.30.jpg|2026-07-12 21.01.33.jpg|2026-07-12 21.01.50.jpg,1.0,0.8505784204159799,0.9511696303728903,0.8926346302032471,0.9528853033881385,0.9981994968238592
real_uav_finetuned,la_souris_truck,whitevan,10,4,3|5|6|9,2026-07-12 21.01.06.jpg|2026-07-12 21.01.30.jpg|2026-07-12 21.01.33.jpg|2026-07-12 21.01.51.jpg,1.0,0.8505784204159799,0.9513462420178185,0.8926346302032471,0.9528853033881385,0.9983848408986395
real_uav_finetuned,la_souris_truck,whitevan,10,4,3|5|6|10,2026-07-12 21.01.06.jpg|2026-07-12 21.01.30.jpg|2026-07-12 21.01.33.jpg|2026-07-12 21.05.27.jpg,1.0,0.8505784204159799,0.9450175654061123,0.8926346302032471,0.9528853033881385,0.9917432476353123
real_uav_finetuned,la_souris_truck,whitevan,10,4,3|5|7|8,2026-07-12 21.01.06.jpg|2026-07-12 21.01.30.jpg|2026-07-12 21.01.49.jpg|2026-07-12 21.01.50.jpg,1.0,0.8505784204159799,0.9523244461692754,0.8926346302032471,0.9528853033881385,0.9994114116180941
real_uav_finetuned,la_souris_truck,whitevan,10,4,3|5|7|9,2026-07-12 21.01.06.jpg|2026-07-12 21.01.30.jpg|2026-07-12 21.01.49.jpg|2026-07-12 21.01.51.jpg,1.0,0.8505784204159799,0.9523821808979288,0.8926346302032471,0.9528853033881385,0.9994720009969502
real_uav_finetuned,la_souris_truck,whitevan,10,4,3|5|7|10,2026-07-12 21.01.06.jpg|2026-07-12 21.01.30.jpg|2026-07-12 21.01.49.jpg|2026-07-12 21.05.27.jpg,1.0,0.8505784204159799,0.9503133228276675,0.8926346302032471,0.9528853033881385,0.9973008497965853
real_uav_finetuned,la_souris_truck,whitevan,10,4,3|5|8|9,2026-07-12 21.01.06.jpg|2026-07-12 21.01.30.jpg|2026-07-12 21.01.50.jpg|2026-07-12 21.01.51.jpg,1.0,0.8505784204159799,0.9523392483809796,0.8926346302032471,0.9528853033881385,0.9994269457140148
real_uav_finetuned,la_souris_truck,whitevan,10,4,3|5|8|10,2026-07-12 21.01.06.jpg|2026-07-12 21.01.30.jpg|2026-07-12 21.01.50.jpg|2026-07-12 21.05.27.jpg,1.0,0.8505784204159799,0.9500938502317211,0.8926346302032471,0.9528853033881385,0.9970705255433241
real_uav_finetuned,la_souris_truck,whitevan,10,4,3|5|9|10,2026-07-12 21.01.06.jpg|2026-07-12 21.01.30.jpg|2026-07-12 21.01.51.jpg|2026-07-12 21.05.27.jpg,1.0,0.8505784204159799,0.9503812028503806,0.8926346302032471,0.9528853033881385,0.9973720860959298
real_uav_finetuned,la_souris_truck,whitevan,10,4,3|6|7|8,2026-07-12 21.01.06.jpg|2026-07-12 21.01.33.jpg|2026-07-12 21.01.49.jpg|2026-07-12 21.01.50.jpg,1.0,0.7965124538279313,0.909844194709361,0.8735823631286621,0.9117771688696744,0.9978799928027264
real_uav_finetuned,la_souris_truck,whitevan,10,4,3|6|7|9,2026-07-12 21.01.06.jpg|2026-07-12 21.01.33.jpg|2026-07-12 21.01.49.jpg|2026-07-12 21.01.51.jpg,1.0,0.7965124538279313,0.9100431753676931,0.8769187927246094,0.9117771688696744,0.9980982266707435
real_uav_finetuned,la_souris_truck,whitevan,10,4,3|6|7|10,2026-07-12 21.01.06.jpg|2026-07-12 21.01.33.jpg|2026-07-12 21.01.49.jpg|2026-07-12 21.05.27.jpg,1.0,0.7965124538279313,0.9029129307052868,0.8735823631286621,0.9117771688696744,0.990278065225765
real_uav_finetuned,la_souris_truck,whitevan,10,4,3|6|8|9,2026-07-12 21.01.06.jpg|2026-07-12 21.01.33.jpg|2026-07-12 21.01.50.jpg|2026-07-12 21.01.51.jpg,1.0,0.7860650461740908,0.9091877871063697,0.8769187927246094,0.9110682827979957,0.9979359442896523
real_uav_finetuned,la_souris_truck,whitevan,10,4,3|6|8|10,2026-07-12 21.01.06.jpg|2026-07-12 21.01.33.jpg|2026-07-12 21.01.50.jpg|2026-07-12 21.05.27.jpg,1.0,0.7860650461740908,0.9014551200850847,0.8627948760986328,0.9110682827979957,0.9894484717617565
real_uav_finetuned,la_souris_truck,whitevan,10,4,3|6|9|10,2026-07-12 21.01.06.jpg|2026-07-12 21.01.33.jpg|2026-07-12 21.01.51.jpg|2026-07-12 21.05.27.jpg,1.0,0.7857624887329542,0.8875678984367662,0.8769187927246094,0.8960493209314967,0.9905346477067651
real_uav_finetuned,la_souris_truck,whitevan,10,4,3|7|8|9,2026-07-12 21.01.06.jpg|2026-07-12 21.01.49.jpg|2026-07-12 21.01.50.jpg|2026-07-12 21.01.51.jpg,1.0,0.7965124538279313,0.9111619524446523,0.8769187927246094,0.9117771688696744,0.999325255724724
real_uav_finetuned,la_souris_truck,whitevan,10,4,3|7|8|10,2026-07-12 21.01.06.jpg|2026-07-12 21.01.49.jpg|2026-07-12 21.01.50.jpg|2026-07-12 21.05.27.jpg,1.0,0.7965124538279313,0.9086321600170991,0.8735823631286621,0.9117771688696744,0.9965506826010195
real_uav_finetuned,la_souris_truck,whitevan,10,4,3|7|9|10,2026-07-12 21.01.06.jpg|2026-07-12 21.01.49.jpg|2026-07-12 21.01.51.jpg|2026-07-12 21.05.27.jpg,1.0,0.7965124538279313,0.9089559077136768,0.8769187927246094,0.9117771688696744,0.9969057558663208
real_uav_finetuned,la_souris_truck,whitevan,10,4,3|8|9|10,2026-07-12 21.01.06.jpg|2026-07-12 21.01.50.jpg|2026-07-12 21.01.51.jpg|2026-07-12 21.05.27.jpg,1.0,0.7860650461740908,0.908008658040035,0.8769187927246094,0.9110682827979957,0.9966417174039204
real_uav_finetuned,la_souris_truck,whitevan,10,4,4|5|6|7,2026-07-12 21.01.23.jpg|2026-07-12 21.01.30.jpg|2026-07-12 21.01.33.jpg|2026-07-12 21.01.49.jpg,1.0,0.8599412576050888,0.9639518969876435,0.8926346302032471,0.9645007108466178,0.9994309865686957
real_uav_finetuned,la_souris_truck,whitevan,10,4,4|5|6|8,2026-07-12 21.01.23.jpg|2026-07-12 21.01.30.jpg|2026-07-12 21.01.33.jpg|2026-07-12 21.01.50.jpg,1.0,0.8599412576050888,0.9639050655285837,0.8926346302032471,0.9645007108466178,0.999382431436975
real_uav_finetuned,la_souris_truck,whitevan,10,4,4|5|6|9,2026-07-12 21.01.23.jpg|2026-07-12 21.01.30.jpg|2026-07-12 21.01.33.jpg|2026-07-12 21.01.51.jpg,1.0,0.8599412576050888,0.9639663813495337,0.8926346302032471,0.9645007108466178,0.9994460040401473
real_uav_finetuned,la_souris_truck,whitevan,10,4,4|5|6|10,2026-07-12 21.01.23.jpg|2026-07-12 21.01.30.jpg|2026-07-12 21.01.33.jpg|2026-07-12 21.05.27.jpg,1.0,0.8599412576050888,0.9617691989263029,0.8926346302032471,0.9645007108466178,0.9971679524031483
real_uav_finetuned,la_souris_truck,whitevan,10,4,4|5|7|8,2026-07-12 21.01.23.jpg|2026-07-12 21.01.30.jpg|2026-07-12 21.01.49.jpg|2026-07-12 21.01.50.jpg,1.0,0.8599412576050888,0.9643059931040571,0.8926346302032471,0.9645007108466178,0.9997981155012423
real_uav_finetuned,la_souris_truck,whitevan,10,4,4|5|7|9,2026-07-12 21.01.23.jpg|2026-07-12 21.01.30.jpg|2026-07-12 21.01.49.jpg|2026-07-12 21.01.51.jpg,1.0,0.8599412576050888,0.9643260373785224,0.8926346302032471,0.9645007108466178,0.9998188975226964
real_uav_finetuned,la_souris_truck,whitevan,10,4,4|5|7|10,2026-07-12 21.01.23.jpg|2026-07-12 21.01.30.jpg|2026-07-12 21.01.49.jpg|2026-07-12 21.05.27.jpg,1.0,0.8599412576050888,0.9636077736929157,0.8926346302032471,0.9645007108466178,0.9990741975162275
real_uav_finetuned,la_souris_truck,whitevan,10,4,4|5|8|9,2026-07-12 21.01.23.jpg|2026-07-12 21.01.30.jpg|2026-07-12 21.01.50.jpg|2026-07-12 21.01.51.jpg,1.0,0.8599412576050888,0.9643111321183214,0.8926346302032471,0.9645007108466178,0.9998034436614048
real_uav_finetuned,la_souris_truck,whitevan,10,4,4|5|8|10,2026-07-12 21.01.23.jpg|2026-07-12 21.01.30.jpg|2026-07-12 21.01.50.jpg|2026-07-12 21.05.27.jpg,1.0,0.8599412576050888,0.9635315774579394,0.8926346302032471,0.9645007108466178,0.9989951968124235
real_uav_finetuned,la_souris_truck,whitevan,10,4,4|5|9|10,2026-07-12 21.01.23.jpg|2026-07-12 21.01.30.jpg|2026-07-12 21.01.51.jpg|2026-07-12 21.05.27.jpg,1.0,0.8599412576050888,0.963631340198513,0.8926346302032471,0.9645007108466178,0.9990986314075998
real_uav_finetuned,la_souris_truck,whitevan,10,4,4|6|7|8,2026-07-12 21.01.23.jpg|2026-07-12 21.01.33.jpg|2026-07-12 21.01.49.jpg|2026-07-12 21.01.50.jpg,1.0,0.8599412576050888,0.9637993667012765,0.8915921449661255,0.9645007108466178,0.9992728422722201
real_uav_finetuned,la_souris_truck,whitevan,10,4,4|6|7|9,2026-07-12 21.01.23.jpg|2026-07-12 21.01.33.jpg|2026-07-12 21.01.49.jpg|2026-07-12 21.01.51.jpg,1.0,0.8599412576050888,0.9638715631758196,0.8915921449661255,0.9645007108466178,0.9993476960009225
real_uav_finetuned,la_souris_truck,whitevan,10,4,4|6|7|10,2026-07-12 21.01.23.jpg|2026-07-12 21.01.33.jpg|2026-07-12 21.01.49.jpg|2026-07-12 21.05.27.jpg,1.0,0.8599412576050888,0.9612844849564095,0.8915921449661255,0.9645007108466178,0.9966653981132008
real_uav_finetuned,la_souris_truck,whitevan,10,4,4|6|8|9,2026-07-12 21.01.23.jpg|2026-07-12 21.01.33.jpg|2026-07-12 21.01.50.jpg|2026-07-12 21.01.51.jpg,1.0,0.8599412576050888,0.9638178766609734,0.8915921449661255,0.9645007108466178,0.9992920335071137
real_uav_finetuned,la_souris_truck,whitevan,10,4,4|6|8|10,2026-07-12 21.01.23.jpg|2026-07-12 21.01.33.jpg|2026-07-12 21.01.50.jpg|2026-07-12 21.05.27.jpg,1.0,0.8599412576050888,0.9610100375301254,0.8915921449661255,0.9645007108466178,0.9963808494102318
real_uav_finetuned,la_souris_truck,whitevan,10,4,4|6|9|10,2026-07-12 21.01.23.jpg|2026-07-12 21.01.33.jpg|2026-07-12 21.01.51.jpg|2026-07-12 21.05.27.jpg,1.0,0.8599412576050888,0.9613693679799569,0.8915921449661255,0.9645007108466178,0.996753405330399
real_uav_finetuned,la_souris_truck,whitevan,10,4,4|7|8|9,2026-07-12 21.01.23.jpg|2026-07-12 21.01.49.jpg|2026-07-12 21.01.50.jpg|2026-07-12 21.01.51.jpg,1.0,0.8599412576050888,0.9642774908746876,0.8915921449661255,0.9645007108466178,0.9997685642224833
real_uav_finetuned,la_souris_truck,whitevan,10,4,4|7|8|10,2026-07-12 21.01.23.jpg|2026-07-12 21.01.49.jpg|2026-07-12 21.01.50.jpg|2026-07-12 21.05.27.jpg,1.0,0.8599412576050888,0.963359602190803,0.8915921449661255,0.9645007108466178,0.9988168918457165
real_uav_finetuned,la_souris_truck,whitevan,10,4,4|7|9|10,2026-07-12 21.01.23.jpg|2026-07-12 21.01.49.jpg|2026-07-12 21.01.51.jpg|2026-07-12 21.05.27.jpg,1.0,0.8599412576050888,0.9634770680919124,0.8915921449661255,0.9645007108466178,0.9989386811816791
real_uav_finetuned,la_souris_truck,whitevan,10,4,4|8|9|10,2026-07-12 21.01.23.jpg|2026-07-12 21.01.50.jpg|2026-07-12 21.01.51.jpg|2026-07-12 21.05.27.jpg,1.0,0.8599412576050888,0.963389718468766,0.8915921449661255,0.9645007108466178,0.9988481165795341
real_uav_finetuned,la_souris_truck,whitevan,10,4,5|6|7|8,2026-07-12 21.01.30.jpg|2026-07-12 21.01.33.jpg|2026-07-12 21.01.49.jpg|2026-07-12 21.01.50.jpg,1.0,0.8505784204159799,0.952199068608057,0.8926346302032471,0.9528853033881385,0.9992798348577301
real_uav_finetuned,la_souris_truck,whitevan,10,4,5|6|7|9,2026-07-12 21.01.30.jpg|2026-07-12 21.01.33.jpg|2026-07-12 21.01.49.jpg|2026-07-12 21.01.51.jpg,1.0,0.8505784204159799,0.9522697097222088,0.8926346302032471,0.9528853033881385,0.9993539687686012
real_uav_finetuned,la_souris_truck,whitevan,10,4,5|6|7|10,2026-07-12 21.01.30.jpg|2026-07-12 21.01.33.jpg|2026-07-12 21.01.49.jpg|2026-07-12 21.05.27.jpg,1.0,0.8505784204159799,0.9497383660662544,0.8926346302032471,0.9528853033881385,0.9966974647308604
real_uav_finetuned,la_souris_truck,whitevan,10,4,5|6|8|9,2026-07-12 21.01.30.jpg|2026-07-12 21.01.33.jpg|2026-07-12 21.01.50.jpg|2026-07-12 21.01.51.jpg,1.0,0.8505784204159799,0.9522171797995546,0.8926346302032471,0.9528853033881385,0.9992988415434593
real_uav_finetuned,la_souris_truck,whitevan,10,4,5|6|8|10,2026-07-12 21.01.30.jpg|2026-07-12 21.01.33.jpg|2026-07-12 21.01.50.jpg|2026-07-12 21.05.27.jpg,1.0,0.8505784204159799,0.9494698311815318,0.8926346302032471,0.9528853033881385,0.9964156523408826
real_uav_finetuned,la_souris_truck,whitevan,10,4,5|6|9|10,2026-07-12 21.01.30.jpg|2026-07-12 21.01.33.jpg|2026-07-12 21.01.51.jpg|2026-07-12 21.05.27.jpg,1.0,0.8505784204159799,0.9498214204175076,0.8926346302032471,0.9528853033881385,0.9967846256419983
real_uav_finetuned,la_souris_truck,whitevan,10,4,5|7|8|9,2026-07-12 21.01.30.jpg|2026-07-12 21.01.49.jpg|2026-07-12 21.01.50.jpg|2026-07-12 21.01.51.jpg,1.0,0.8505784204159799,0.9526668923421993,0.8926346302032471,0.9528853033881385,0.9997707897842871
real_uav_finetuned,la_souris_truck,whitevan,10,4,5|7|8|10,2026-07-12 21.01.30.jpg|2026-07-12 21.01.49.jpg|2026-07-12 21.01.50.jpg|2026-07-12 21.05.27.jpg,1.0,0.8505784204159799,0.9517687781377693,0.8926346302032471,0.9528853033881385,0.9988282689990083
real_uav_finetuned,la_souris_truck,whitevan,10,4,5|7|9|10,2026-07-12 21.01.30.jpg|2026-07-12 21.01.49.jpg|2026-07-12 21.01.51.jpg|2026-07-12 21.05.27.jpg,1.0,0.8505784204159799,0.9518837134193288,0.8926346302032471,0.9528853033881385,0.9989488871690555
real_uav_finetuned,la_souris_truck,whitevan,10,4,5|8|9|10,2026-07-12 21.01.30.jpg|2026-07-12 21.01.50.jpg|2026-07-12 21.01.51.jpg|2026-07-12 21.05.27.jpg,1.0,0.8505784204159799,0.951798245607516,0.8926346302032471,0.9528853033881385,0.9988591934656172
real_uav_finetuned,la_souris_truck,whitevan,10,4,6|7|8|9,2026-07-12 21.01.33.jpg|2026-07-12 21.01.49.jpg|2026-07-12 21.01.50.jpg|2026-07-12 21.01.51.jpg,1.0,0.7965124538279313,0.9110244230835306,0.8769187927246094,0.9117771688696744,0.9991744191323885
real_uav_finetuned,la_souris_truck,whitevan,10,4,6|7|8|10,2026-07-12 21.01.33.jpg|2026-07-12 21.01.49.jpg|2026-07-12 21.01.50.jpg|2026-07-12 21.05.27.jpg,1.0,0.7965124538279313,0.9079291048959666,0.8735823631286621,0.9117771688696744,0.9957796004275055
real_uav_finetuned,la_souris_truck,whitevan,10,4,6|7|9|10,2026-07-12 21.01.33.jpg|2026-07-12 21.01.49.jpg|2026-07-12 21.01.51.jpg|2026-07-12 21.05.27.jpg,1.0,0.7965124538279313,0.9083252251951992,0.8769187927246094,0.9117771688696744,0.9962140490107309
real_uav_finetuned,la_souris_truck,whitevan,10,4,6|8|9|10,2026-07-12 21.01.33.jpg|2026-07-12 21.01.50.jpg|2026-07-12 21.01.51.jpg|2026-07-12 21.05.27.jpg,1.0,0.7860650461740908,0.9073246902181109,0.8769187927246094,0.9110682827979957,0.995890985724596
real_uav_finetuned,la_souris_truck,whitevan,10,4,7|8|9|10,2026-07-12 21.01.49.jpg|2026-07-12 21.01.50.jpg|2026-07-12 21.01.51.jpg|2026-07-12 21.05.27.jpg,1.0,0.7965124538279313,0.9105524281515796,0.8769187927246094,0.9117771688696744,0.9986567543475418
real_uav_finetuned,la_souris_truck,whitevan,10,5,1|2|3|4|5,2026-07-12 21.05.57.jpg|2026-07-12 21.06.04.jpg|2026-07-12 21.01.06.jpg|2026-07-12 21.01.23.jpg|2026-07-12 21.01.30.jpg,1.0,0.8599412576050888,0.9610290320467029,0.8926346302032471,0.9645007108466178,0.9964005430365441
real_uav_finetuned,la_souris_truck,whitevan,10,5,1|2|3|4|6,2026-07-12 21.05.57.jpg|2026-07-12 21.06.04.jpg|2026-07-12 21.01.06.jpg|2026-07-12 21.01.23.jpg|2026-07-12 21.01.33.jpg,1.0,0.8599412576050888,0.9519962437713254,0.8915921449661255,0.9645007108466178,0.9870352951172879
real_uav_finetuned,la_souris_truck,whitevan,10,5,1|2|3|4|7,2026-07-12 21.05.57.jpg|2026-07-12 21.06.04.jpg|2026-07-12 21.01.06.jpg|2026-07-12 21.01.23.jpg|2026-07-12 21.01.49.jpg,1.0,0.8599412576050888,0.9604129735185353,0.8915921449661255,0.9645007108466178,0.9957618099373982
real_uav_finetuned,la_souris_truck,whitevan,10,5,1|2|3|4|8,2026-07-12 21.05.57.jpg|2026-07-12 21.06.04.jpg|2026-07-12 21.01.06.jpg|2026-07-12 21.01.23.jpg|2026-07-12 21.01.50.jpg,1.0,0.8599412576050888,0.9600641581593798,0.8915921449661255,0.9645007108466178,0.9954001561249823
real_uav_finetuned,la_souris_truck,whitevan,10,5,1|2|3|4|9,2026-07-12 21.05.57.jpg|2026-07-12 21.06.04.jpg|2026-07-12 21.01.06.jpg|2026-07-12 21.01.23.jpg|2026-07-12 21.01.51.jpg,1.0,0.8599412576050888,0.9605208575775906,0.8915921449661255,0.9645007108466178,0.99587366476326
real_uav_finetuned,la_souris_truck,whitevan,10,5,1|2|3|4|10,2026-07-12 21.05.57.jpg|2026-07-12 21.06.04.jpg|2026-07-12 21.01.06.jpg|2026-07-12 21.01.23.jpg|2026-07-12 21.05.27.jpg,1.0,0.8599412576050888,0.9441555554607052,0.8915921449661255,0.9645007108466178,0.9789060234408183
real_uav_finetuned,la_souris_truck,whitevan,10,5,1|2|3|5|6,2026-07-12 21.05.57.jpg|2026-07-12 21.06.04.jpg|2026-07-12 21.01.06.jpg|2026-07-12 21.01.30.jpg|2026-07-12 21.01.33.jpg,1.0,0.8505784204159799,0.9406502255444735,0.8926346302032471,0.9528853033881385,0.9871599679414079
real_uav_finetuned,la_souris_truck,whitevan,10,5,1|2|3|5|7,2026-07-12 21.05.57.jpg|2026-07-12 21.06.04.jpg|2026-07-12 21.01.06.jpg|2026-07-12 21.01.30.jpg|2026-07-12 21.01.49.jpg,1.0,0.8505784204159799,0.9488856299824348,0.8926346302032471,0.9528853033881385,0.9958025657532106
real_uav_finetuned,la_souris_truck,whitevan,10,5,1|2|3|5|8,2026-07-12 21.05.57.jpg|2026-07-12 21.06.04.jpg|2026-07-12 21.01.06.jpg|2026-07-12 21.01.30.jpg|2026-07-12 21.01.50.jpg,1.0,0.8505784204159799,0.9485443293059137,0.8926346302032471,0.9528853033881385,0.9954443897216279
real_uav_finetuned,la_souris_truck,whitevan,10,5,1|2|3|5|9,2026-07-12 21.05.57.jpg|2026-07-12 21.06.04.jpg|2026-07-12 21.01.06.jpg|2026-07-12 21.01.30.jpg|2026-07-12 21.01.51.jpg,1.0,0.8505784204159799,0.9489911898477761,0.8926346302032471,0.9528853033881385,0.9959133449466413
real_uav_finetuned,la_souris_truck,whitevan,10,5,1|2|3|5|10,2026-07-12 21.05.57.jpg|2026-07-12 21.06.04.jpg|2026-07-12 21.01.06.jpg|2026-07-12 21.01.30.jpg|2026-07-12 21.05.27.jpg,1.0,0.8505784204159799,0.9329784526291846,0.8926346302032471,0.9528853033881385,0.979108869988684
real_uav_finetuned,la_souris_truck,whitevan,10,5,1|2|3|6|7,2026-07-12 21.05.57.jpg|2026-07-12 21.06.04.jpg|2026-07-12 21.01.06.jpg|2026-07-12 21.01.33.jpg|2026-07-12 21.01.49.jpg,1.0,0.7965124538279313,0.8979924388476742,0.8735823631286621,0.9117771688696744,0.984881470503271
real_uav_finetuned,la_souris_truck,whitevan,10,5,1|2|3|6|8,2026-07-12 21.05.57.jpg|2026-07-12 21.06.04.jpg|2026-07-12 21.01.06.jpg|2026-07-12 21.01.33.jpg|2026-07-12 21.01.50.jpg,1.0,0.7860650461740908,0.8961189041601991,0.8627948760986328,0.9110682827979957,0.9835913740824285
real_uav_finetuned,la_souris_truck,whitevan,10,5,1|2|3|6|9,2026-07-12 21.05.57.jpg|2026-07-12 21.06.04.jpg|2026-07-12 21.01.06.jpg|2026-07-12 21.01.33.jpg|2026-07-12 21.01.51.jpg,1.0,0.7857624887329542,0.8828599055385207,0.8769187927246094,0.8960493209314967,0.9852804805663322
real_uav_finetuned,la_souris_truck,whitevan,10,5,1|2|3|6|10,2026-07-12 21.05.57.jpg|2026-07-12 21.06.04.jpg|2026-07-12 21.01.06.jpg|2026-07-12 21.01.33.jpg|2026-07-12 21.05.27.jpg,1.0,0.6072019267349213,0.820995890032205,0.683940052986145,0.8877999235222767,0.9247532786159387
real_uav_finetuned,la_souris_truck,whitevan,10,5,1|2|3|7|8,2026-07-12 21.05.57.jpg|2026-07-12 21.06.04.jpg|2026-07-12 21.01.06.jpg|2026-07-12 21.01.49.jpg|2026-07-12 21.01.50.jpg,1.0,0.7965124538279313,0.9068863821889054,0.8735823631286621,0.9117771688696744,0.994635984703552
real_uav_finetuned,la_souris_truck,whitevan,10,5,1|2|3|7|9,2026-07-12 21.05.57.jpg|2026-07-12 21.06.04.jpg|2026-07-12 21.01.06.jpg|2026-07-12 21.01.49.jpg|2026-07-12 21.01.51.jpg,1.0,0.7965124538279313,0.9073898405245013,0.8769187927246094,0.9117771688696744,0.9951881572658678
real_uav_finetuned,la_souris_truck,whitevan,10,5,1|2|3|7|10,2026-07-12 21.05.57.jpg|2026-07-12 21.06.04.jpg|2026-07-12 21.01.06.jpg|2026-07-12 21.01.49.jpg|2026-07-12 21.05.27.jpg,1.0,0.7965124538279313,0.8893489860001624,0.8735823631286621,0.9117771688696744,0.9754016840569543
real_uav_finetuned,la_souris_truck,whitevan,10,5,1|2|3|8|9,2026-07-12 21.05.57.jpg|2026-07-12 21.06.04.jpg|2026-07-12 21.01.06.jpg|2026-07-12 21.01.50.jpg|2026-07-12 21.01.51.jpg,1.0,0.7860650461740908,0.9063102764724708,0.8769187927246094,0.9110682827979957,0.9947775524454517
real_uav_finetuned,la_souris_truck,whitevan,10,5,1|2|3|8|10,2026-07-12 21.05.57.jpg|2026-07-12 21.06.04.jpg|2026-07-12 21.01.06.jpg|2026-07-12 21.01.50.jpg|2026-07-12 21.05.27.jpg,1.0,0.7860650461740908,0.8867451805436197,0.8627948760986328,0.9110682827979957,0.9733026572062449
real_uav_finetuned,la_souris_truck,whitevan,10,5,1|2|3|9|10,2026-07-12 21.05.57.jpg|2026-07-12 21.06.04.jpg|2026-07-12 21.01.06.jpg|2026-07-12 21.01.51.jpg|2026-07-12 21.05.27.jpg,1.0,0.7857624887329542,0.8745897334093976,0.8769187927246094,0.8960493209314967,0.9760508857929935
real_uav_finetuned,la_souris_truck,whitevan,10,5,1|2|4|5|6,2026-07-12 21.05.57.jpg|2026-07-12 21.06.04.jpg|2026-07-12 21.01.23.jpg|2026-07-12 21.01.30.jpg|2026-07-12 21.01.33.jpg,1.0,0.8599412576050888,0.9602529510645431,0.8926346302032471,0.9645007108466178,0.9955958977175392
real_uav_finetuned,la_souris_truck,whitevan,10,5,1|2|4|5|7,2026-07-12 21.05.57.jpg|2026-07-12 21.06.04.jpg|2026-07-12 21.01.23.jpg|2026-07-12 21.01.30.jpg|2026-07-12 21.01.49.jpg,1.0,0.8599412576050888,0.963112108987989,0.8926346302032471,0.9645007108466178,0.998560289439901
real_uav_finetuned,la_souris_truck,whitevan,10,5,1|2|4|5|8,2026-07-12 21.05.57.jpg|2026-07-12 21.06.04.jpg|2026-07-12 21.01.23.jpg|2026-07-12 21.01.30.jpg|2026-07-12 21.01.50.jpg,1.0,0.8599412576050888,0.9629936166248143,0.8926346302032471,0.9645007108466178,0.9984374358620425
real_uav_finetuned,la_souris_truck,whitevan,10,5,1|2|4|5|9,2026-07-12 21.05.57.jpg|2026-07-12 21.06.04.jpg|2026-07-12 21.01.23.jpg|2026-07-12 21.01.30.jpg|2026-07-12 21.01.51.jpg,1.0,0.8599412576050888,0.9631487571365605,0.8926346302032471,0.9645007108466178,0.9985982864555168
real_uav_finetuned,la_souris_truck,whitevan,10,5,1|2|4|5|10,2026-07-12 21.05.57.jpg|2026-07-12 21.06.04.jpg|2026-07-12 21.01.23.jpg|2026-07-12 21.01.30.jpg|2026-07-12 21.05.27.jpg,1.0,0.8599412576050888,0.9575894740631568,0.8926346302032471,0.9645007108466178,0.9928343891240946
real_uav_finetuned,la_souris_truck,whitevan,10,5,1|2|4|6|7,2026-07-12 21.05.57.jpg|2026-07-12 21.06.04.jpg|2026-07-12 21.01.23.jpg|2026-07-12 21.01.33.jpg|2026-07-12 21.01.49.jpg,1.0,0.8599412576050888,0.9594991749262038,0.8915921449661255,0.9645007108466178,0.9948143781915685
real_uav_finetuned,la_souris_truck,whitevan,10,5,1|2|4|6|8,2026-07-12 21.05.57.jpg|2026-07-12 21.06.04.jpg|2026-07-12 21.01.23.jpg|2026-07-12 21.01.33.jpg|2026-07-12 21.01.50.jpg,1.0,0.8599412576050888,0.959072383180946,0.8915921449661255,0.9645007108466178,0.9943718780042091
real_uav_finetuned,la_souris_truck,whitevan,10,5,1|2|4|6|9,2026-07-12 21.05.57.jpg|2026-07-12 21.06.04.jpg|2026-07-12 21.01.23.jpg|2026-07-12 21.01.33.jpg|2026-07-12 21.01.51.jpg,1.0,0.8599412576050888,0.9596311760684736,0.8915921449661255,0.9645007108466178,0.9949512377509087
real_uav_finetuned,la_souris_truck,whitevan,10,5,1|2|4|6|10,2026-07-12 21.05.57.jpg|2026-07-12 21.06.04.jpg|2026-07-12 21.01.23.jpg|2026-07-12 21.01.33.jpg|2026-07-12 21.05.27.jpg,1.0,0.8599412576050888,0.939607471065779,0.8915921449661255,0.9645007108466178,0.9741905428364194
real_uav_finetuned,la_souris_truck,whitevan,10,5,1|2|4|7|8,2026-07-12 21.05.57.jpg|2026-07-12 21.06.04.jpg|2026-07-12 21.01.23.jpg|2026-07-12 21.01.49.jpg|2026-07-12 21.01.50.jpg,1.0,0.8599412576050888,0.9627261787938385,0.8915921449661255,0.9645007108466178,0.9981601547486454
real_uav_finetuned,la_souris_truck,whitevan,10,5,1|2|4|7|9,2026-07-12 21.05.57.jpg|2026-07-12 21.06.04.jpg|2026-07-12 21.01.23.jpg|2026-07-12 21.01.49.jpg|2026-07-12 21.01.51.jpg,1.0,0.8599412576050888,0.9629088493971726,0.8915921449661255,0.9645007108466178,0.998349548702719
real_uav_finetuned,la_souris_truck,whitevan,10,5,1|2|4|7|10,2026-07-12 21.05.57.jpg|2026-07-12 21.06.04.jpg|2026-07-12 21.01.23.jpg|2026-07-12 21.01.49.jpg|2026-07-12 21.05.27.jpg,1.0,0.8599412576050888,0.956363056930114,0.8915921449661255,0.9645007108466178,0.9915628326397389
real_uav_finetuned,la_souris_truck,whitevan,10,5,1|2|4|8|9,2026-07-12 21.05.57.jpg|2026-07-12 21.06.04.jpg|2026-07-12 21.01.23.jpg|2026-07-12 21.01.50.jpg|2026-07-12 21.01.51.jpg,1.0,0.8599412576050888,0.9627730124588744,0.8915921449661255,0.9645007108466178,0.9982087121675349
real_uav_finetuned,la_souris_truck,whitevan,10,5,1|2|4|8|10,2026-07-12 21.05.57.jpg|2026-07-12 21.06.04.jpg|2026-07-12 21.01.23.jpg|2026-07-12 21.01.50.jpg|2026-07-12 21.05.27.jpg,1.0,0.8599412576050888,0.9556686535363179,0.8915921449661255,0.9645007108466178,0.9908428711239131
real_uav_finetuned,la_souris_truck,whitevan,10,5,1|2|4|9|10,2026-07-12 21.05.57.jpg|2026-07-12 21.06.04.jpg|2026-07-12 21.01.23.jpg|2026-07-12 21.01.51.jpg|2026-07-12 21.05.27.jpg,1.0,0.8599412576050888,0.9565778268786794,0.8915921449661255,0.9645007108466178,0.9917855073834172
real_uav_finetuned,la_souris_truck,whitevan,10,5,1|2|5|6|7,2026-07-12 21.05.57.jpg|2026-07-12 21.06.04.jpg|2026-07-12 21.01.30.jpg|2026-07-12 21.01.33.jpg|2026-07-12 21.01.49.jpg,1.0,0.8505784204159799,0.9479915177549175,0.8926346302032471,0.9528853033881385,0.9948642448195808
real_uav_finetuned,la_souris_truck,whitevan,10,5,1|2|5|6|8,2026-07-12 21.05.57.jpg|2026-07-12 21.06.04.jpg|2026-07-12 21.01.30.jpg|2026-07-12 21.01.33.jpg|2026-07-12 21.01.50.jpg,1.0,0.8505784204159799,0.9475739205718611,0.8926346302032471,0.9528853033881385,0.9944259998581236
real_uav_finetuned,la_souris_truck,whitevan,10,5,1|2|5|6|9,2026-07-12 21.05.57.jpg|2026-07-12 21.06.04.jpg|2026-07-12 21.01.30.jpg|2026-07-12 21.01.33.jpg|2026-07-12 21.01.51.jpg,1.0,0.8505784204159799,0.9481206751385468,0.8926346302032471,0.9528853033881385,0.99499978829283
real_uav_finetuned,la_souris_truck,whitevan,10,5,1|2|5|6|10,2026-07-12 21.05.57.jpg|2026-07-12 21.06.04.jpg|2026-07-12 21.01.30.jpg|2026-07-12 21.01.33.jpg|2026-07-12 21.05.27.jpg,1.0,0.8505784204159799,0.9285283496158836,0.8926346302032471,0.9528853033881385,0.9744387349813773
real_uav_finetuned,la_souris_truck,whitevan,10,5,1|2|5|7|8,2026-07-12 21.05.57.jpg|2026-07-12 21.06.04.jpg|2026-07-12 21.01.30.jpg|2026-07-12 21.01.49.jpg|2026-07-12 21.01.50.jpg,1.0,0.8505784204159799,0.9511490008595219,0.8926346302032471,0.9528853033881385,0.9981778472997297
real_uav_finetuned,la_souris_truck,whitevan,10,5,1|2|5|7|9,2026-07-12 21.05.57.jpg|2026-07-12 21.06.04.jpg|2026-07-12 21.01.30.jpg|2026-07-12 21.01.49.jpg|2026-07-12 21.01.51.jpg,1.0,0.8505784204159799,0.9513277361097395,0.8926346302032471,0.9528853033881385,0.9983654199798646
real_uav_finetuned,la_souris_truck,whitevan,10,5,1|2|5|7|10,2026-07-12 21.05.57.jpg|2026-07-12 21.06.04.jpg|2026-07-12 21.01.30.jpg|2026-07-12 21.01.49.jpg|2026-07-12 21.05.27.jpg,1.0,0.8505784204159799,0.9449229625275705,0.8926346302032471,0.9528853033881385,0.9916439671886463
real_uav_finetuned,la_souris_truck,whitevan,10,5,1|2|5|8|9,2026-07-12 21.05.57.jpg|2026-07-12 21.06.04.jpg|2026-07-12 21.01.30.jpg|2026-07-12 21.01.50.jpg|2026-07-12 21.01.51.jpg,1.0,0.8505784204159799,0.9511948255663221,0.8926346302032471,0.9528853033881385,0.9982259377746664
real_uav_finetuned,la_souris_truck,whitevan,10,5,1|2|5|8|10,2026-07-12 21.05.57.jpg|2026-07-12 21.06.04.jpg|2026-07-12 21.01.30.jpg|2026-07-12 21.01.50.jpg|2026-07-12 21.05.27.jpg,1.0,0.8505784204159799,0.9442435189713723,0.8926346302032471,0.9528853033881385,0.9909309290572129
real_uav_finetuned,la_souris_truck,whitevan,10,5,1|2|5|9|10,2026-07-12 21.05.57.jpg|2026-07-12 21.06.04.jpg|2026-07-12 21.01.30.jpg|2026-07-12 21.01.51.jpg|2026-07-12 21.05.27.jpg,1.0,0.8505784204159799,0.945133105592713,0.8926346302032471,0.9528853033881385,0.9918645006194752
real_uav_finetuned,la_souris_truck,whitevan,10,5,1|2|6|7|8,2026-07-12 21.05.57.jpg|2026-07-12 21.06.04.jpg|2026-07-12 21.01.33.jpg|2026-07-12 21.01.49.jpg|2026-07-12 21.01.50.jpg,1.0,0.7965124538279313,0.9057930648777424,0.8735823631286621,0.9117771688696744,0.9934368788819855
real_uav_finetuned,la_souris_truck,whitevan,10,5,1|2|6|7|9,2026-07-12 21.05.57.jpg|2026-07-12 21.06.04.jpg|2026-07-12 21.01.33.jpg|2026-07-12 21.01.49.jpg|2026-07-12 21.01.51.jpg,1.0,0.7965124538279313,0.9064090694660549,0.8769187927246094,0.9117771688696744,0.9941124875826027
real_uav_finetuned,la_souris_truck,whitevan,10,5,1|2|6|7|10,2026-07-12 21.05.57.jpg|2026-07-12 21.06.04.jpg|2026-07-12 21.01.33.jpg|2026-07-12 21.01.49.jpg|2026-07-12 21.05.27.jpg,1.0,0.7965124538279313,0.8843352484994889,0.8735823631286621,0.9117771688696744,0.9699028213174002
real_uav_finetuned,la_souris_truck,whitevan,10,5,1|2|6|8|9,2026-07-12 21.05.57.jpg|2026-07-12 21.06.04.jpg|2026-07-12 21.01.33.jpg|2026-07-12 21.01.50.jpg|2026-07-12 21.01.51.jpg,1.0,0.7860650461740908,0.9052466417196459,0.8769187927246094,0.9110682827979957,0.993610093570077
real_uav_finetuned,la_souris_truck,whitevan,10,5,1|2|6|8|10,2026-07-12 21.05.57.jpg|2026-07-12 21.06.04.jpg|2026-07-12 21.01.33.jpg|2026-07-12 21.01.50.jpg|2026-07-12 21.05.27.jpg,1.0,0.7860650461740908,0.8813078408083862,0.8627948760986328,0.9110682827979957,0.9673345647614779
real_uav_finetuned,la_souris_truck,whitevan,10,5,1|2|6|9|10,2026-07-12 21.05.57.jpg|2026-07-12 21.06.04.jpg|2026-07-12 21.01.33.jpg|2026-07-12 21.01.51.jpg|2026-07-12 21.05.27.jpg,1.0,0.7857624887329542,0.8697925218236658,0.8769187927246094,0.8960493209314967,0.9706971497054031
real_uav_finetuned,la_souris_truck,whitevan,10,5,1|2|7|8|9,2026-07-12 21.05.57.jpg|2026-07-12 21.06.04.jpg|2026-07-12 21.01.49.jpg|2026-07-12 21.01.50.jpg|2026-07-12 21.01.51.jpg,1.0,0.7965124538279313,0.9098725810378949,0.8769187927246094,0.9117771688696744,0.9979111257697529
real_uav_finetuned,la_souris_truck,whitevan,10,5,1|2|7|8|10,2026-07-12 21.05.57.jpg|2026-07-12 21.06.04.jpg|2026-07-12 21.01.49.jpg|2026-07-12 21.01.50.jpg|2026-07-12 21.05.27.jpg,1.0,0.7965124538279313,0.902040846255664,0.8735823631286621,0.9117771688696744,0.9893215985808458
real_uav_finetuned,la_souris_truck,whitevan,10,5,1|2|7|9|10,2026-07-12 21.05.57.jpg|2026-07-12 21.06.04.jpg|2026-07-12 21.01.49.jpg|2026-07-12 21.01.51.jpg|2026-07-12 21.05.27.jpg,1.0,0.7965124538279313,0.9030431048079229,0.8769187927246094,0.9117771688696744,0.9904208348706746
real_uav_finetuned,la_souris_truck,whitevan,10,5,1|2|8|9|10,2026-07-12 21.05.57.jpg|2026-07-12 21.06.04.jpg|2026-07-12 21.01.50.jpg|2026-07-12 21.01.51.jpg|2026-07-12 21.05.27.jpg,1.0,0.7860650461740908,0.9015962923783424,0.8769187927246094,0.9110682827979957,0.9896034242454762
real_uav_finetuned,la_souris_truck,whitevan,10,5,1|3|4|5|6,2026-07-12 21.05.57.jpg|2026-07-12 21.01.06.jpg|2026-07-12 21.01.23.jpg|2026-07-12 21.01.30.jpg|2026-07-12 21.01.33.jpg,1.0,0.8599412576050888,0.9631286073689644,0.8926346302032471,0.9645007108466178,0.9985773950581655
real_uav_finetuned,la_souris_truck,whitevan,10,5,1|3|4|5|7,2026-07-12 21.05.57.jpg|2026-07-12 21.01.06.jpg|2026-07-12 21.01.23.jpg|2026-07-12 21.01.30.jpg|2026-07-12 21.01.49.jpg,1.0,0.8599412576050888,0.9640521672525707,0.8926346302032471,0.9645007108466178,0.9995349473681016
real_uav_finetuned,la_souris_truck,whitevan,10,5,1|3|4|5|8,2026-07-12 21.05.57.jpg|2026-07-12 21.01.06.jpg|2026-07-12 21.01.23.jpg|2026-07-12 21.01.30.jpg|2026-07-12 21.01.50.jpg,1.0,0.8599412576050888,0.9640138920694322,0.8926346302032471,0.9645007108466178,0.9994952634334937
real_uav_finetuned,la_souris_truck,whitevan,10,5,1|3|4|5|9,2026-07-12 21.05.57.jpg|2026-07-12 21.01.06.jpg|2026-07-12 21.01.23.jpg|2026-07-12 21.01.30.jpg|2026-07-12 21.01.51.jpg,1.0,0.8599412576050888,0.9640640052694748,0.8926346302032471,0.9645007108466178,0.9995472210935338
real_uav_finetuned,la_souris_truck,whitevan,10,5,1|3|4|5|10,2026-07-12 21.05.57.jpg|2026-07-12 21.01.06.jpg|2026-07-12 21.01.23.jpg|2026-07-12 21.01.30.jpg|2026-07-12 21.05.27.jpg,1.0,0.8599412576050888,0.9622682559734657,0.8926346302032471,0.9645007108466178,0.997685377679823
real_uav_finetuned,la_souris_truck,whitevan,10,5,1|3|4|6|7,2026-07-12 21.05.57.jpg|2026-07-12 21.01.06.jpg|2026-07-12 21.01.23.jpg|2026-07-12 21.01.33.jpg|2026-07-12 21.01.49.jpg,1.0,0.8599412576050888,0.9628851240003541,0.8915921449661255,0.9645007108466178,0.9983249500719957
real_uav_finetuned,la_souris_truck,whitevan,10,5,1|3|4|6|8,2026-07-12 21.05.57.jpg|2026-07-12 21.01.06.jpg|2026-07-12 21.01.23.jpg|2026-07-12 21.01.33.jpg|2026-07-12 21.01.50.jpg,1.0,0.8599412576050888,0.9627472625232589,0.8915921449661255,0.9645007108466178,0.9981820144831001
real_uav_finetuned,la_souris_truck,whitevan,10,5,1|3|4|6|9,2026-07-12 21.05.57.jpg|2026-07-12 21.01.06.jpg|2026-07-12 21.01.23.jpg|2026-07-12 21.01.33.jpg|2026-07-12 21.01.51.jpg,1.0,0.8599412576050888,0.9629277627642331,0.8915921449661255,0.9645007108466178,0.9983691581927358
real_uav_finetuned,la_souris_truck,whitevan,10,5,1|3|4|6|10,2026-07-12 21.05.57.jpg|2026-07-12 21.01.06.jpg|2026-07-12 21.01.23.jpg|2026-07-12 21.01.33.jpg|2026-07-12 21.05.27.jpg,1.0,0.8599412576050888,0.9564597427538636,0.8915921449661255,0.9645007108466178,0.991663077069486
real_uav_finetuned,la_souris_truck,whitevan,10,5,1|3|4|7|8,2026-07-12 21.05.57.jpg|2026-07-12 21.01.06.jpg|2026-07-12 21.01.23.jpg|2026-07-12 21.01.49.jpg|2026-07-12 21.01.50.jpg,1.0,0.8599412576050888,0.9639275047978434,0.8915921449661255,0.9645007108466178,0.999405696603094
real_uav_finetuned,la_souris_truck,whitevan,10,5,1|3|4|7|9,2026-07-12 21.05.57.jpg|2026-07-12 21.01.06.jpg|2026-07-12 21.01.23.jpg|2026-07-12 21.01.49.jpg|2026-07-12 21.01.51.jpg,1.0,0.8599412576050888,0.9639865107169534,0.8915921449661255,0.9645007108466178,0.9994668742864761
real_uav_finetuned,la_souris_truck,whitevan,10,5,1|3|4|7|10,2026-07-12 21.05.57.jpg|2026-07-12 21.01.06.jpg|2026-07-12 21.01.23.jpg|2026-07-12 21.01.49.jpg|2026-07-12 21.05.27.jpg,1.0,0.8599412576050888,0.9618721009883361,0.8915921449661255,0.9645007108466178,0.9972746418652462
real_uav_finetuned,la_souris_truck,whitevan,10,5,1|3|4|8|9,2026-07-12 21.05.57.jpg|2026-07-12 21.01.06.jpg|2026-07-12 21.01.23.jpg|2026-07-12 21.01.50.jpg|2026-07-12 21.01.51.jpg,1.0,0.8599412576050888,0.9639426329213635,0.8915921449661255,0.9645007108466178,0.9994213815303833
real_uav_finetuned,la_souris_truck,whitevan,10,5,1|3|4|8|10,2026-07-12 21.05.57.jpg|2026-07-12 21.01.06.jpg|2026-07-12 21.01.23.jpg|2026-07-12 21.01.50.jpg|2026-07-12 21.05.27.jpg,1.0,0.8599412576050888,0.961647796093426,0.8915921449661255,0.9645007108466178,0.9970420812332138
real_uav_finetuned,la_souris_truck,whitevan,10,5,1|3|4|9|10,2026-07-12 21.05.57.jpg|2026-07-12 21.01.06.jpg|2026-07-12 21.01.23.jpg|2026-07-12 21.01.51.jpg|2026-07-12 21.05.27.jpg,1.0,0.8599412576050888,0.9619414755783413,0.8915921449661255,0.9645007108466178,0.9973465698474913
real_uav_finetuned,la_souris_truck,whitevan,10,5,1|3|5|6|7,2026-07-12 21.05.57.jpg|2026-07-12 21.01.06.jpg|2026-07-12 21.01.30.jpg|2026-07-12 21.01.33.jpg|2026-07-12 21.01.49.jpg,1.0,0.8505784204159799,0.9513045218395753,0.8926346302032471,0.9528853033881385,0.9983410578975849
real_uav_finetuned,la_souris_truck,whitevan,10,5,1|3|5|6|8,2026-07-12 21.05.57.jpg|2026-07-12 21.01.06.jpg|2026-07-12 21.01.30.jpg|2026-07-12 21.01.33.jpg|2026-07-12 21.01.50.jpg,1.0,0.8505784204159799,0.9511696303728903,0.8926346302032471,0.9528853033881385,0.9981994968238592
real_uav_finetuned,la_souris_truck,whitevan,10,5,1|3|5|6|9,2026-07-12 21.05.57.jpg|2026-07-12 21.01.06.jpg|2026-07-12 21.01.30.jpg|2026-07-12 21.01.33.jpg|2026-07-12 21.01.51.jpg,1.0,0.8505784204159799,0.9513462420178185,0.8926346302032471,0.9528853033881385,0.9983848408986395
real_uav_finetuned,la_souris_truck,whitevan,10,5,1|3|5|6|10,2026-07-12 21.05.57.jpg|2026-07-12 21.01.06.jpg|2026-07-12 21.01.30.jpg|2026-07-12 21.01.33.jpg|2026-07-12 21.05.27.jpg,1.0,0.8505784204159799,0.9450175654061123,0.8926346302032471,0.9528853033881385,0.9917432476353123
real_uav_finetuned,la_souris_truck,whitevan,10,5,1|3|5|7|8,2026-07-12 21.05.57.jpg|2026-07-12 21.01.06.jpg|2026-07-12 21.01.30.jpg|2026-07-12 21.01.49.jpg|2026-07-12 21.01.50.jpg,1.0,0.8505784204159799,0.9523244461692754,0.8926346302032471,0.9528853033881385,0.9994114116180941
real_uav_finetuned,la_souris_truck,whitevan,10,5,1|3|5|7|9,2026-07-12 21.05.57.jpg|2026-07-12 21.01.06.jpg|2026-07-12 21.01.30.jpg|2026-07-12 21.01.49.jpg|2026-07-12 21.01.51.jpg,1.0,0.8505784204159799,0.9523821808979288,0.8926346302032471,0.9528853033881385,0.9994720009969502
real_uav_finetuned,la_souris_truck,whitevan,10,5,1|3|5|7|10,2026-07-12 21.05.57.jpg|2026-07-12 21.01.06.jpg|2026-07-12 21.01.30.jpg|2026-07-12 21.01.49.jpg|2026-07-12 21.05.27.jpg,1.0,0.8505784204159799,0.9503133228276675,0.8926346302032471,0.9528853033881385,0.9973008497965853
real_uav_finetuned,la_souris_truck,whitevan,10,5,1|3|5|8|9,2026-07-12 21.05.57.jpg|2026-07-12 21.01.06.jpg|2026-07-12 21.01.30.jpg|2026-07-12 21.01.50.jpg|2026-07-12 21.01.51.jpg,1.0,0.8505784204159799,0.9523392483809796,0.8926346302032471,0.9528853033881385,0.9994269457140148
real_uav_finetuned,la_souris_truck,whitevan,10,5,1|3|5|8|10,2026-07-12 21.05.57.jpg|2026-07-12 21.01.06.jpg|2026-07-12 21.01.30.jpg|2026-07-12 21.01.50.jpg|2026-07-12 21.05.27.jpg,1.0,0.8505784204159799,0.9500938502317211,0.8926346302032471,0.9528853033881385,0.9970705255433241
real_uav_finetuned,la_souris_truck,whitevan,10,5,1|3|5|9|10,2026-07-12 21.05.57.jpg|2026-07-12 21.01.06.jpg|2026-07-12 21.01.30.jpg|2026-07-12 21.01.51.jpg|2026-07-12 21.05.27.jpg,1.0,0.8505784204159799,0.9503812028503806,0.8926346302032471,0.9528853033881385,0.9973720860959298
real_uav_finetuned,la_souris_truck,whitevan,10,5,1|3|6|7|8,2026-07-12 21.05.57.jpg|2026-07-12 21.01.06.jpg|2026-07-12 21.01.33.jpg|2026-07-12 21.01.49.jpg|2026-07-12 21.01.50.jpg,1.0,0.7965124538279313,0.909844194709361,0.8735823631286621,0.9117771688696744,0.9978799928027264
real_uav_finetuned,la_souris_truck,whitevan,10,5,1|3|6|7|9,2026-07-12 21.05.57.jpg|2026-07-12 21.01.06.jpg|2026-07-12 21.01.33.jpg|2026-07-12 21.01.49.jpg|2026-07-12 21.01.51.jpg,1.0,0.7965124538279313,0.9100431753676931,0.8769187927246094,0.9117771688696744,0.9980982266707435
real_uav_finetuned,la_souris_truck,whitevan,10,5,1|3|6|7|10,2026-07-12 21.05.57.jpg|2026-07-12 21.01.06.jpg|2026-07-12 21.01.33.jpg|2026-07-12 21.01.49.jpg|2026-07-12 21.05.27.jpg,1.0,0.7965124538279313,0.9029129307052868,0.8735823631286621,0.9117771688696744,0.990278065225765
real_uav_finetuned,la_souris_truck,whitevan,10,5,1|3|6|8|9,2026-07-12 21.05.57.jpg|2026-07-12 21.01.06.jpg|2026-07-12 21.01.33.jpg|2026-07-12 21.01.50.jpg|2026-07-12 21.01.51.jpg,1.0,0.7860650461740908,0.9091877871063697,0.8769187927246094,0.9110682827979957,0.9979359442896523
real_uav_finetuned,la_souris_truck,whitevan,10,5,1|3|6|8|10,2026-07-12 21.05.57.jpg|2026-07-12 21.01.06.jpg|2026-07-12 21.01.33.jpg|2026-07-12 21.01.50.jpg|2026-07-12 21.05.27.jpg,1.0,0.7860650461740908,0.9014551200850847,0.8627948760986328,0.9110682827979957,0.9894484717617565
real_uav_finetuned,la_souris_truck,whitevan,10,5,1|3|6|9|10,2026-07-12 21.05.57.jpg|2026-07-12 21.01.06.jpg|2026-07-12 21.01.33.jpg|2026-07-12 21.01.51.jpg|2026-07-12 21.05.27.jpg,1.0,0.7857624887329542,0.8875678984367662,0.8769187927246094,0.8960493209314967,0.9905346477067651
real_uav_finetuned,la_souris_truck,whitevan,10,5,1|3|7|8|9,2026-07-12 21.05.57.jpg|2026-07-12 21.01.06.jpg|2026-07-12 21.01.49.jpg|2026-07-12 21.01.50.jpg|2026-07-12 21.01.51.jpg,1.0,0.7965124538279313,0.9111619524446523,0.8769187927246094,0.9117771688696744,0.999325255724724
real_uav_finetuned,la_souris_truck,whitevan,10,5,1|3|7|8|10,2026-07-12 21.05.57.jpg|2026-07-12 21.01.06.jpg|2026-07-12 21.01.49.jpg|2026-07-12 21.01.50.jpg|2026-07-12 21.05.27.jpg,1.0,0.7965124538279313,0.9086321600170991,0.8735823631286621,0.9117771688696744,0.9965506826010195
real_uav_finetuned,la_souris_truck,whitevan,10,5,1|3|7|9|10,2026-07-12 21.05.57.jpg|2026-07-12 21.01.06.jpg|2026-07-12 21.01.49.jpg|2026-07-12 21.01.51.jpg|2026-07-12 21.05.27.jpg,1.0,0.7965124538279313,0.9089559077136768,0.8769187927246094,0.9117771688696744,0.9969057558663208
real_uav_finetuned,la_souris_truck,whitevan,10,5,1|3|8|9|10,2026-07-12 21.05.57.jpg|2026-07-12 21.01.06.jpg|2026-07-12 21.01.50.jpg|2026-07-12 21.01.51.jpg|2026-07-12 21.05.27.jpg,1.0,0.7860650461740908,0.908008658040035,0.8769187927246094,0.9110682827979957,0.9966417174039204
real_uav_finetuned,la_souris_truck,whitevan,10,5,1|4|5|6|7,2026-07-12 21.05.57.jpg|2026-07-12 21.01.23.jpg|2026-07-12 21.01.30.jpg|2026-07-12 21.01.33.jpg|2026-07-12 21.01.49.jpg,1.0,0.8599412576050888,0.9639518969876435,0.8926346302032471,0.9645007108466178,0.9994309865686957
real_uav_finetuned,la_souris_truck,whitevan,10,5,1|4|5|6|8,2026-07-12 21.05.57.jpg|2026-07-12 21.01.23.jpg|2026-07-12 21.01.30.jpg|2026-07-12 21.01.33.jpg|2026-07-12 21.01.50.jpg,1.0,0.8599412576050888,0.9639050655285837,0.8926346302032471,0.9645007108466178,0.999382431436975
real_uav_finetuned,la_souris_truck,whitevan,10,5,1|4|5|6|9,2026-07-12 21.05.57.jpg|2026-07-12 21.01.23.jpg|2026-07-12 21.01.30.jpg|2026-07-12 21.01.33.jpg|2026-07-12 21.01.51.jpg,1.0,0.8599412576050888,0.9639663813495337,0.8926346302032471,0.9645007108466178,0.9994460040401473
real_uav_finetuned,la_souris_truck,whitevan,10,5,1|4|5|6|10,2026-07-12 21.05.57.jpg|2026-07-12 21.01.23.jpg|2026-07-12 21.01.30.jpg|2026-07-12 21.01.33.jpg|2026-07-12 21.05.27.jpg,1.0,0.8599412576050888,0.9617691989263029,0.8926346302032471,0.9645007108466178,0.9971679524031483
real_uav_finetuned,la_souris_truck,whitevan,10,5,1|4|5|7|8,2026-07-12 21.05.57.jpg|2026-07-12 21.01.23.jpg|2026-07-12 21.01.30.jpg|2026-07-12 21.01.49.jpg|2026-07-12 21.01.50.jpg,1.0,0.8599412576050888,0.9643059931040571,0.8926346302032471,0.9645007108466178,0.9997981155012423
real_uav_finetuned,la_souris_truck,whitevan,10,5,1|4|5|7|9,2026-07-12 21.05.57.jpg|2026-07-12 21.01.23.jpg|2026-07-12 21.01.30.jpg|2026-07-12 21.01.49.jpg|2026-07-12 21.01.51.jpg,1.0,0.8599412576050888,0.9643260373785224,0.8926346302032471,0.9645007108466178,0.9998188975226964
real_uav_finetuned,la_souris_truck,whitevan,10,5,1|4|5|7|10,2026-07-12 21.05.57.jpg|2026-07-12 21.01.23.jpg|2026-07-12 21.01.30.jpg|2026-07-12 21.01.49.jpg|2026-07-12 21.05.27.jpg,1.0,0.8599412576050888,0.9636077736929157,0.8926346302032471,0.9645007108466178,0.9990741975162275
real_uav_finetuned,la_souris_truck,whitevan,10,5,1|4|5|8|9,2026-07-12 21.05.57.jpg|2026-07-12 21.01.23.jpg|2026-07-12 21.01.30.jpg|2026-07-12 21.01.50.jpg|2026-07-12 21.01.51.jpg,1.0,0.8599412576050888,0.9643111321183214,0.8926346302032471,0.9645007108466178,0.9998034436614048
real_uav_finetuned,la_souris_truck,whitevan,10,5,1|4|5|8|10,2026-07-12 21.05.57.jpg|2026-07-12 21.01.23.jpg|2026-07-12 21.01.30.jpg|2026-07-12 21.01.50.jpg|2026-07-12 21.05.27.jpg,1.0,0.8599412576050888,0.9635315774579394,0.8926346302032471,0.9645007108466178,0.9989951968124235
real_uav_finetuned,la_souris_truck,whitevan,10,5,1|4|5|9|10,2026-07-12 21.05.57.jpg|2026-07-12 21.01.23.jpg|2026-07-12 21.01.30.jpg|2026-07-12 21.01.51.jpg|2026-07-12 21.05.27.jpg,1.0,0.8599412576050888,0.963631340198513,0.8926346302032471,0.9645007108466178,0.9990986314075998
real_uav_finetuned,la_souris_truck,whitevan,10,5,1|4|6|7|8,2026-07-12 21.05.57.jpg|2026-07-12 21.01.23.jpg|2026-07-12 21.01.33.jpg|2026-07-12 21.01.49.jpg|2026-07-12 21.01.50.jpg,1.0,0.8599412576050888,0.9637993667012765,0.8915921449661255,0.9645007108466178,0.9992728422722201
real_uav_finetuned,la_souris_truck,whitevan,10,5,1|4|6|7|9,2026-07-12 21.05.57.jpg|2026-07-12 21.01.23.jpg|2026-07-12 21.01.33.jpg|2026-07-12 21.01.49.jpg|2026-07-12 21.01.51.jpg,1.0,0.8599412576050888,0.9638715631758196,0.8915921449661255,0.9645007108466178,0.9993476960009225
real_uav_finetuned,la_souris_truck,whitevan,10,5,1|4|6|7|10,2026-07-12 21.05.57.jpg|2026-07-12 21.01.23.jpg|2026-07-12 21.01.33.jpg|2026-07-12 21.01.49.jpg|2026-07-12 21.05.27.jpg,1.0,0.8599412576050888,0.9612844849564095,0.8915921449661255,0.9645007108466178,0.9966653981132008
real_uav_finetuned,la_souris_truck,whitevan,10,5,1|4|6|8|9,2026-07-12 21.05.57.jpg|2026-07-12 21.01.23.jpg|2026-07-12 21.01.33.jpg|2026-07-12 21.01.50.jpg|2026-07-12 21.01.51.jpg,1.0,0.8599412576050888,0.9638178766609734,0.8915921449661255,0.9645007108466178,0.9992920335071137
real_uav_finetuned,la_souris_truck,whitevan,10,5,1|4|6|8|10,2026-07-12 21.05.57.jpg|2026-07-12 21.01.23.jpg|2026-07-12 21.01.33.jpg|2026-07-12 21.01.50.jpg|2026-07-12 21.05.27.jpg,1.0,0.8599412576050888,0.9610100375301254,0.8915921449661255,0.9645007108466178,0.9963808494102318
real_uav_finetuned,la_souris_truck,whitevan,10,5,1|4|6|9|10,2026-07-12 21.05.57.jpg|2026-07-12 21.01.23.jpg|2026-07-12 21.01.33.jpg|2026-07-12 21.01.51.jpg|2026-07-12 21.05.27.jpg,1.0,0.8599412576050888,0.9613693679799569,0.8915921449661255,0.9645007108466178,0.996753405330399
real_uav_finetuned,la_souris_truck,whitevan,10,5,1|4|7|8|9,2026-07-12 21.05.57.jpg|2026-07-12 21.01.23.jpg|2026-07-12 21.01.49.jpg|2026-07-12 21.01.50.jpg|2026-07-12 21.01.51.jpg,1.0,0.8599412576050888,0.9642774908746876,0.8915921449661255,0.9645007108466178,0.9997685642224833
real_uav_finetuned,la_souris_truck,whitevan,10,5,1|4|7|8|10,2026-07-12 21.05.57.jpg|2026-07-12 21.01.23.jpg|2026-07-12 21.01.49.jpg|2026-07-12 21.01.50.jpg|2026-07-12 21.05.27.jpg,1.0,0.8599412576050888,0.963359602190803,0.8915921449661255,0.9645007108466178,0.9988168918457165
real_uav_finetuned,la_souris_truck,whitevan,10,5,1|4|7|9|10,2026-07-12 21.05.57.jpg|2026-07-12 21.01.23.jpg|2026-07-12 21.01.49.jpg|2026-07-12 21.01.51.jpg|2026-07-12 21.05.27.jpg,1.0,0.8599412576050888,0.9634770680919124,0.8915921449661255,0.9645007108466178,0.9989386811816791
real_uav_finetuned,la_souris_truck,whitevan,10,5,1|4|8|9|10,2026-07-12 21.05.57.jpg|2026-07-12 21.01.23.jpg|2026-07-12 21.01.50.jpg|2026-07-12 21.01.51.jpg|2026-07-12 21.05.27.jpg,1.0,0.8599412576050888,0.963389718468766,0.8915921449661255,0.9645007108466178,0.9988481165795341
real_uav_finetuned,la_souris_truck,whitevan,10,5,1|5|6|7|8,2026-07-12 21.05.57.jpg|2026-07-12 21.01.30.jpg|2026-07-12 21.01.33.jpg|2026-07-12 21.01.49.jpg|2026-07-12 21.01.50.jpg,1.0,0.8505784204159799,0.952199068608057,0.8926346302032471,0.9528853033881385,0.9992798348577301
real_uav_finetuned,la_souris_truck,whitevan,10,5,1|5|6|7|9,2026-07-12 21.05.57.jpg|2026-07-12 21.01.30.jpg|2026-07-12 21.01.33.jpg|2026-07-12 21.01.49.jpg|2026-07-12 21.01.51.jpg,1.0,0.8505784204159799,0.9522697097222088,0.8926346302032471,0.9528853033881385,0.9993539687686012
real_uav_finetuned,la_souris_truck,whitevan,10,5,1|5|6|7|10,2026-07-12 21.05.57.jpg|2026-07-12 21.01.30.jpg|2026-07-12 21.01.33.jpg|2026-07-12 21.01.49.jpg|2026-07-12 21.05.27.jpg,1.0,0.8505784204159799,0.9497383660662544,0.8926346302032471,0.9528853033881385,0.9966974647308604
real_uav_finetuned,la_souris_truck,whitevan,10,5,1|5|6|8|9,2026-07-12 21.05.57.jpg|2026-07-12 21.01.30.jpg|2026-07-12 21.01.33.jpg|2026-07-12 21.01.50.jpg|2026-07-12 21.01.51.jpg,1.0,0.8505784204159799,0.9522171797995546,0.8926346302032471,0.9528853033881385,0.9992988415434593
real_uav_finetuned,la_souris_truck,whitevan,10,5,1|5|6|8|10,2026-07-12 21.05.57.jpg|2026-07-12 21.01.30.jpg|2026-07-12 21.01.33.jpg|2026-07-12 21.01.50.jpg|2026-07-12 21.05.27.jpg,1.0,0.8505784204159799,0.9494698311815318,0.8926346302032471,0.9528853033881385,0.9964156523408826
real_uav_finetuned,la_souris_truck,whitevan,10,5,1|5|6|9|10,2026-07-12 21.05.57.jpg|2026-07-12 21.01.30.jpg|2026-07-12 21.01.33.jpg|2026-07-12 21.01.51.jpg|2026-07-12 21.05.27.jpg,1.0,0.8505784204159799,0.9498214204175076,0.8926346302032471,0.9528853033881385,0.9967846256419983
real_uav_finetuned,la_souris_truck,whitevan,10,5,1|5|7|8|9,2026-07-12 21.05.57.jpg|2026-07-12 21.01.30.jpg|2026-07-12 21.01.49.jpg|2026-07-12 21.01.50.jpg|2026-07-12 21.01.51.jpg,1.0,0.8505784204159799,0.9526668923421993,0.8926346302032471,0.9528853033881385,0.9997707897842871
real_uav_finetuned,la_souris_truck,whitevan,10,5,1|5|7|8|10,2026-07-12 21.05.57.jpg|2026-07-12 21.01.30.jpg|2026-07-12 21.01.49.jpg|2026-07-12 21.01.50.jpg|2026-07-12 21.05.27.jpg,1.0,0.8505784204159799,0.9517687781377693,0.8926346302032471,0.9528853033881385,0.9988282689990083
real_uav_finetuned,la_souris_truck,whitevan,10,5,1|5|7|9|10,2026-07-12 21.05.57.jpg|2026-07-12 21.01.30.jpg|2026-07-12 21.01.49.jpg|2026-07-12 21.01.51.jpg|2026-07-12 21.05.27.jpg,1.0,0.8505784204159799,0.9518837134193288,0.8926346302032471,0.9528853033881385,0.9989488871690555
real_uav_finetuned,la_souris_truck,whitevan,10,5,1|5|8|9|10,2026-07-12 21.05.57.jpg|2026-07-12 21.01.30.jpg|2026-07-12 21.01.50.jpg|2026-07-12 21.01.51.jpg|2026-07-12 21.05.27.jpg,1.0,0.8505784204159799,0.951798245607516,0.8926346302032471,0.9528853033881385,0.9988591934656172
real_uav_finetuned,la_souris_truck,whitevan,10,5,1|6|7|8|9,2026-07-12 21.05.57.jpg|2026-07-12 21.01.33.jpg|2026-07-12 21.01.49.jpg|2026-07-12 21.01.50.jpg|2026-07-12 21.01.51.jpg,1.0,0.7965124538279313,0.9110244230835306,0.8769187927246094,0.9117771688696744,0.9991744191323885
real_uav_finetuned,la_souris_truck,whitevan,10,5,1|6|7|8|10,2026-07-12 21.05.57.jpg|2026-07-12 21.01.33.jpg|2026-07-12 21.01.49.jpg|2026-07-12 21.01.50.jpg|2026-07-12 21.05.27.jpg,1.0,0.7965124538279313,0.9079291048959666,0.8735823631286621,0.9117771688696744,0.9957796004275055
real_uav_finetuned,la_souris_truck,whitevan,10,5,1|6|7|9|10,2026-07-12 21.05.57.jpg|2026-07-12 21.01.33.jpg|2026-07-12 21.01.49.jpg|2026-07-12 21.01.51.jpg|2026-07-12 21.05.27.jpg,1.0,0.7965124538279313,0.9083252251951992,0.8769187927246094,0.9117771688696744,0.9962140490107309
real_uav_finetuned,la_souris_truck,whitevan,10,5,1|6|8|9|10,2026-07-12 21.05.57.jpg|2026-07-12 21.01.33.jpg|2026-07-12 21.01.50.jpg|2026-07-12 21.01.51.jpg|2026-07-12 21.05.27.jpg,1.0,0.7860650461740908,0.9073246902181109,0.8769187927246094,0.9110682827979957,0.995890985724596
real_uav_finetuned,la_souris_truck,whitevan,10,5,1|7|8|9|10,2026-07-12 21.05.57.jpg|2026-07-12 21.01.49.jpg|2026-07-12 21.01.50.jpg|2026-07-12 21.01.51.jpg|2026-07-12 21.05.27.jpg,1.0,0.7965124538279313,0.9105524281515796,0.8769187927246094,0.9117771688696744,0.9986567543475418
real_uav_finetuned,la_souris_truck,whitevan,10,5,2|3|4|5|6,2026-07-12 21.06.04.jpg|2026-07-12 21.01.06.jpg|2026-07-12 21.01.23.jpg|2026-07-12 21.01.30.jpg|2026-07-12 21.01.33.jpg,1.0,0.8599412576050888,0.9631581641149678,0.8926346302032471,0.9645007108466178,0.9986080396659619
real_uav_finetuned,la_souris_truck,whitevan,10,5,2|3|4|5|7,2026-07-12 21.06.04.jpg|2026-07-12 21.01.06.jpg|2026-07-12 21.01.23.jpg|2026-07-12 21.01.30.jpg|2026-07-12 21.01.49.jpg,1.0,0.8599412576050888,0.9640618294167562,0.8926346302032471,0.9645007108466178,0.9995449651566598
real_uav_finetuned,la_souris_truck,whitevan,10,5,2|3|4|5|8,2026-07-12 21.06.04.jpg|2026-07-12 21.01.06.jpg|2026-07-12 21.01.23.jpg|2026-07-12 21.01.30.jpg|2026-07-12 21.01.50.jpg,1.0,0.8599412576050888,0.9640243787267297,0.8926346302032471,0.9645007108466178,0.9995061360613514
real_uav_finetuned,la_souris_truck,whitevan,10,5,2|3|4|5|9,2026-07-12 21.06.04.jpg|2026-07-12 21.01.06.jpg|2026-07-12 21.01.23.jpg|2026-07-12 21.01.30.jpg|2026-07-12 21.01.51.jpg,1.0,0.8599412576050888,0.9640734124286519,0.8926346302032471,0.9645007108466178,0.999556974491402
real_uav_finetuned,la_souris_truck,whitevan,10,5,2|3|4|5|10,2026-07-12 21.06.04.jpg|2026-07-12 21.01.06.jpg|2026-07-12 21.01.23.jpg|2026-07-12 21.01.30.jpg|2026-07-12 21.05.27.jpg,1.0,0.8599412576050888,0.9623163457150369,0.8926346302032471,0.9645007108466178,0.9977352374062394
real_uav_finetuned,la_souris_truck,whitevan,10,5,2|3|4|6|7,2026-07-12 21.06.04.jpg|2026-07-12 21.01.06.jpg|2026-07-12 21.01.23.jpg|2026-07-12 21.01.33.jpg|2026-07-12 21.01.49.jpg,1.0,0.8599412576050888,0.9629199256686239,0.8915921449661255,0.9645007108466178,0.9983610326459933
real_uav_finetuned,la_souris_truck,whitevan,10,5,2|3|4|6|8,2026-07-12 21.06.04.jpg|2026-07-12 21.01.06.jpg|2026-07-12 21.01.23.jpg|2026-07-12 21.01.33.jpg|2026-07-12 21.01.50.jpg,1.0,0.8599412576050888,0.9627850338922318,0.8915921449661255,0.9645007108466178,0.9982211760602229
real_uav_finetuned,la_souris_truck,whitevan,10,5,2|3|4|6|9,2026-07-12 21.06.04.jpg|2026-07-12 21.01.06.jpg|2026-07-12 21.01.23.jpg|2026-07-12 21.01.33.jpg|2026-07-12 21.01.51.jpg,1.0,0.8599412576050888,0.9629616459426554,0.8915921449661255,0.9645007108466178,0.9984042884710667
real_uav_finetuned,la_souris_truck,whitevan,10,5,2|3|4|6|10,2026-07-12 21.06.04.jpg|2026-07-12 21.01.06.jpg|2026-07-12 21.01.23.jpg|2026-07-12 21.01.33.jpg|2026-07-12 21.05.27.jpg,1.0,0.8599412576050888,0.9566329548004827,0.8915921449661255,0.9645007108466178,0.9918426643364223
real_uav_finetuned,la_souris_truck,whitevan,10,5,2|3|4|7|8,2026-07-12 21.06.04.jpg|2026-07-12 21.01.06.jpg|2026-07-12 21.01.23.jpg|2026-07-12 21.01.49.jpg|2026-07-12 21.01.50.jpg,1.0,0.8599412576050888,0.9639398523400421,0.8915921449661255,0.9645007108466178,0.9994184986073432
real_uav_finetuned,la_souris_truck,whitevan,10,5,2|3|4|7|9,2026-07-12 21.06.04.jpg|2026-07-12 21.01.06.jpg|2026-07-12 21.01.23.jpg|2026-07-12 21.01.49.jpg|2026-07-12 21.01.51.jpg,1.0,0.8599412576050888,0.9639975872012527,0.8915921449661255,0.9645007108466178,0.9994783584504324
real_uav_finetuned,la_souris_truck,whitevan,10,5,2|3|4|7|10,2026-07-12 21.06.04.jpg|2026-07-12 21.01.06.jpg|2026-07-12 21.01.23.jpg|2026-07-12 21.01.49.jpg|2026-07-12 21.05.27.jpg,1.0,0.8599412576050888,0.9619287243809506,0.8915921449661255,0.9645007108466178,0.9973333493311689
real_uav_finetuned,la_souris_truck,whitevan,10,5,2|3|4|8|9,2026-07-12 21.06.04.jpg|2026-07-12 21.01.06.jpg|2026-07-12 21.01.23.jpg|2026-07-12 21.01.50.jpg|2026-07-12 21.01.51.jpg,1.0,0.8599412576050888,0.9639546545857317,0.8915921449661255,0.9645007108466178,0.9994338456625845
real_uav_finetuned,la_souris_truck,whitevan,10,5,2|3|4|8|10,2026-07-12 21.06.04.jpg|2026-07-12 21.01.06.jpg|2026-07-12 21.01.23.jpg|2026-07-12 21.01.50.jpg|2026-07-12 21.05.27.jpg,1.0,0.8599412576050888,0.9617092512811011,0.8915921449661255,0.9645007108466178,0.9971057983326249
real_uav_finetuned,la_souris_truck,whitevan,10,5,2|3|4|9|10,2026-07-12 21.06.04.jpg|2026-07-12 21.01.06.jpg|2026-07-12 21.01.23.jpg|2026-07-12 21.01.51.jpg|2026-07-12 21.05.27.jpg,1.0,0.8599412576050888,0.9619966045595143,0.8915921449661255,0.9645007108466178,0.9974037278988571
real_uav_finetuned,la_souris_truck,whitevan,10,5,2|3|5|6|7,2026-07-12 21.06.04.jpg|2026-07-12 21.01.06.jpg|2026-07-12 21.01.30.jpg|2026-07-12 21.01.33.jpg|2026-07-12 21.01.49.jpg,1.0,0.8505784204159799,0.9513385737602055,0.8926346302032471,0.9528853033881385,0.9983767934898006
real_uav_finetuned,la_souris_truck,whitevan,10,5,2|3|5|6|8,2026-07-12 21.06.04.jpg|2026-07-12 21.01.06.jpg|2026-07-12 21.01.30.jpg|2026-07-12 21.01.33.jpg|2026-07-12 21.01.50.jpg,1.0,0.8505784204159799,0.9512065880166556,0.8926346302032471,0.9528853033881385,0.9982382818105033
real_uav_finetuned,la_souris_truck,whitevan,10,5,2|3|5|6|9,2026-07-12 21.06.04.jpg|2026-07-12 21.01.06.jpg|2026-07-12 21.01.30.jpg|2026-07-12 21.01.33.jpg|2026-07-12 21.01.51.jpg,1.0,0.8505784204159799,0.9513793952360318,0.8926346302032471,0.9528853033881385,0.9984196333527737
real_uav_finetuned,la_souris_truck,whitevan,10,5,2|3|5|6|10,2026-07-12 21.06.04.jpg|2026-07-12 21.01.06.jpg|2026-07-12 21.01.30.jpg|2026-07-12 21.01.33.jpg|2026-07-12 21.05.27.jpg,1.0,0.8505784204159799,0.9451870458694607,0.8926346302032471,0.9528853033881385,0.991921107932607
real_uav_finetuned,la_souris_truck,whitevan,10,5,2|3|5|7|8,2026-07-12 21.06.04.jpg|2026-07-12 21.01.06.jpg|2026-07-12 21.01.30.jpg|2026-07-12 21.01.49.jpg|2026-07-12 21.01.50.jpg,1.0,0.8505784204159799,0.9523365277029439,0.8926346302032471,0.9528853033881385,0.9994240905141014
real_uav_finetuned,la_souris_truck,whitevan,10,5,2|3|5|7|9,2026-07-12 21.06.04.jpg|2026-07-12 21.01.06.jpg|2026-07-12 21.01.30.jpg|2026-07-12 21.01.49.jpg|2026-07-12 21.01.51.jpg,1.0,0.8505784204159799,0.9523930187566573,0.8926346302032471,0.9528853033881385,0.9994833747254461
real_uav_finetuned,la_souris_truck,whitevan,10,5,2|3|5|7|10,2026-07-12 21.06.04.jpg|2026-07-12 21.01.06.jpg|2026-07-12 21.01.30.jpg|2026-07-12 21.01.49.jpg|2026-07-12 21.05.27.jpg,1.0,0.8505784204159799,0.9503687263576411,0.8926346302032471,0.9528853033881385,0.9973589927123976
real_uav_finetuned,la_souris_truck,whitevan,10,5,2|3|5|8|9,2026-07-12 21.06.04.jpg|2026-07-12 21.01.06.jpg|2026-07-12 21.01.30.jpg|2026-07-12 21.01.50.jpg|2026-07-12 21.01.51.jpg,1.0,0.8505784204159799,0.9523510110573471,0.8926346302032471,0.9528853033881385,0.9994392899870618
real_uav_finetuned,la_souris_truck,whitevan,10,5,2|3|5|8|10,2026-07-12 21.06.04.jpg|2026-07-12 21.01.06.jpg|2026-07-12 21.01.30.jpg|2026-07-12 21.01.50.jpg|2026-07-12 21.05.27.jpg,1.0,0.8505784204159799,0.9501539814632702,0.8926346302032471,0.9528853033881385,0.9971336299183579
real_uav_finetuned,la_souris_truck,whitevan,10,5,2|3|5|9|10,2026-07-12 21.06.04.jpg|2026-07-12 21.01.06.jpg|2026-07-12 21.01.30.jpg|2026-07-12 21.01.51.jpg|2026-07-12 21.05.27.jpg,1.0,0.8505784204159799,0.9504351441636755,0.8926346302032471,0.9528853033881385,0.9974286944968601
real_uav_finetuned,la_souris_truck,whitevan,10,5,2|3|6|7|8,2026-07-12 21.06.04.jpg|2026-07-12 21.01.06.jpg|2026-07-12 21.01.33.jpg|2026-07-12 21.01.49.jpg|2026-07-12 21.01.50.jpg,1.0,0.7965124538279313,0.909885833279059,0.8735823631286621,0.9117771688696744,0.9979256602871949
real_uav_finetuned,la_souris_truck,whitevan,10,5,2|3|6|7|9,2026-07-12 21.06.04.jpg|2026-07-12 21.01.06.jpg|2026-07-12 21.01.33.jpg|2026-07-12 21.01.49.jpg|2026-07-12 21.01.51.jpg,1.0,0.7965124538279313,0.9100805276566013,0.8769187927246094,0.9117771688696744,0.998139193137314
real_uav_finetuned,la_souris_truck,whitevan,10,5,2|3|6|7|10,2026-07-12 21.06.04.jpg|2026-07-12 21.01.06.jpg|2026-07-12 21.01.33.jpg|2026-07-12 21.01.49.jpg|2026-07-12 21.05.27.jpg,1.0,0.7965124538279313,0.9031038769715152,0.8735823631286621,0.9117771688696744,0.990487487300311
real_uav_finetuned,la_souris_truck,whitevan,10,5,2|3|6|8|9,2026-07-12 21.06.04.jpg|2026-07-12 21.01.06.jpg|2026-07-12 21.01.33.jpg|2026-07-12 21.01.50.jpg|2026-07-12 21.01.51.jpg,1.0,0.7860650461740908,0.9092282952272387,0.8769187927246094,0.9110682827979957,0.997980406512335
real_uav_finetuned,la_souris_truck,whitevan,10,5,2|3|6|8|10,2026-07-12 21.06.04.jpg|2026-07-12 21.01.06.jpg|2026-07-12 21.01.33.jpg|2026-07-12 21.01.50.jpg|2026-07-12 21.05.27.jpg,1.0,0.7860650461740908,0.9016621990796508,0.8627948760986328,0.9110682827979957,0.9896757642693282
real_uav_finetuned,la_souris_truck,whitevan,10,5,2|3|6|9|10,2026-07-12 21.06.04.jpg|2026-07-12 21.01.06.jpg|2026-07-12 21.01.33.jpg|2026-07-12 21.01.51.jpg|2026-07-12 21.05.27.jpg,1.0,0.7857624887329542,0.8877505983967222,0.8769187927246094,0.8960493209314967,0.9907385426885348
real_uav_finetuned,la_souris_truck,whitevan,10,5,2|3|7|8|9,2026-07-12 21.06.04.jpg|2026-07-12 21.01.06.jpg|2026-07-12 21.01.49.jpg|2026-07-12 21.01.50.jpg|2026-07-12 21.01.51.jpg,1.0,0.7965124538279313,0.911175204940479,0.8769187927246094,0.9117771688696744,0.9993397905214695
real_uav_finetuned,la_souris_truck,whitevan,10,5,2|3|7|8|10,2026-07-12 21.06.04.jpg|2026-07-12 21.01.06.jpg|2026-07-12 21.01.49.jpg|2026-07-12 21.01.50.jpg|2026-07-12 21.05.27.jpg,1.0,0.7965124538279313,0.9086999072601806,0.8735823631286621,0.9117771688696744,0.9966249850132695
real_uav_finetuned,la_souris_truck,whitevan,10,5,2|3|7|9|10,2026-07-12 21.06.04.jpg|2026-07-12 21.01.06.jpg|2026-07-12 21.01.49.jpg|2026-07-12 21.01.51.jpg|2026-07-12 21.05.27.jpg,1.0,0.7965124538279313,0.9090166810451017,0.8769187927246094,0.9117771688696744,0.9969724095767885
real_uav_finetuned,la_souris_truck,whitevan,10,5,2|3|8|9|10,2026-07-12 21.06.04.jpg|2026-07-12 21.01.06.jpg|2026-07-12 21.01.50.jpg|2026-07-12 21.01.51.jpg|2026-07-12 21.05.27.jpg,1.0,0.7860650461740908,0.9080745660078443,0.8769187927246094,0.9110682827979957,0.9967140588178997
real_uav_finetuned,la_souris_truck,whitevan,10,5,2|4|5|6|7,2026-07-12 21.06.04.jpg|2026-07-12 21.01.23.jpg|2026-07-12 21.01.30.jpg|2026-07-12 21.01.33.jpg|2026-07-12 21.01.49.jpg,1.0,0.8599412576050888,0.9639637190929708,0.8926346302032471,0.9645007108466178,0.9994432437969116
real_uav_finetuned,la_souris_truck,whitevan,10,5,2|4|5|6|8,2026-07-12 21.06.04.jpg|2026-07-12 21.01.23.jpg|2026-07-12 21.01.30.jpg|2026-07-12 21.01.33.jpg|2026-07-12 21.01.50.jpg,1.0,0.8599412576050888,0.9639178964394151,0.8926346302032471,0.9645007108466178,0.9993957346006607
real_uav_finetuned,la_souris_truck,whitevan,10,5,2|4|5|6|9,2026-07-12 21.06.04.jpg|2026-07-12 21.01.23.jpg|2026-07-12 21.01.30.jpg|2026-07-12 21.01.33.jpg|2026-07-12 21.01.51.jpg,1.0,0.8599412576050888,0.9639778914444243,0.8926346302032471,0.9645007108466178,0.9994579377741104
real_uav_finetuned,la_souris_truck,whitevan,10,5,2|4|5|6|10,2026-07-12 21.06.04.jpg|2026-07-12 21.01.23.jpg|2026-07-12 21.01.30.jpg|2026-07-12 21.01.33.jpg|2026-07-12 21.05.27.jpg,1.0,0.8599412576050888,0.9618280389521088,0.8926346302032471,0.9645007108466178,0.9972289580873787
real_uav_finetuned,la_souris_truck,whitevan,10,5,2|4|5|7|8,2026-07-12 21.06.04.jpg|2026-07-12 21.01.23.jpg|2026-07-12 21.01.30.jpg|2026-07-12 21.01.49.jpg|2026-07-12 21.01.50.jpg,1.0,0.8599412576050888,0.964310187556555,0.8926346302032471,0.9645007108466178,0.9998024643342195
real_uav_finetuned,la_souris_truck,whitevan,10,5,2|4|5|7|9,2026-07-12 21.06.04.jpg|2026-07-12 21.01.23.jpg|2026-07-12 21.01.30.jpg|2026-07-12 21.01.49.jpg|2026-07-12 21.01.51.jpg,1.0,0.8599412576050888,0.9643298000534329,0.8926346302032471,0.9645007108466178,0.9998227986861359
real_uav_finetuned,la_souris_truck,whitevan,10,5,2|4|5|7|10,2026-07-12 21.06.04.jpg|2026-07-12 21.01.23.jpg|2026-07-12 21.01.30.jpg|2026-07-12 21.01.49.jpg|2026-07-12 21.05.27.jpg,1.0,0.8599412576050888,0.9636270086245944,0.8926346302032471,0.9645007108466178,0.9990941404063285
real_uav_finetuned,la_souris_truck,whitevan,10,5,2|4|5|8|9,2026-07-12 21.06.04.jpg|2026-07-12 21.01.23.jpg|2026-07-12 21.01.30.jpg|2026-07-12 21.01.50.jpg|2026-07-12 21.01.51.jpg,1.0,0.8599412576050888,0.9643152158703205,0.8926346302032471,0.9645007108466178,0.999807677719455
real_uav_finetuned,la_souris_truck,whitevan,10,5,2|4|5|8|10,2026-07-12 21.06.04.jpg|2026-07-12 21.01.23.jpg|2026-07-12 21.01.30.jpg|2026-07-12 21.01.50.jpg|2026-07-12 21.05.27.jpg,1.0,0.8599412576050888,0.9635524537474313,0.8926346302032471,0.9645007108466178,0.9990168414719424
real_uav_finetuned,la_souris_truck,whitevan,10,5,2|4|5|9|10,2026-07-12 21.06.04.jpg|2026-07-12 21.01.23.jpg|2026-07-12 21.01.30.jpg|2026-07-12 21.01.51.jpg|2026-07-12 21.05.27.jpg,1.0,0.8599412576050888,0.9636500674795434,0.8926346302032471,0.9645007108466178,0.9991180479625279
real_uav_finetuned,la_souris_truck,whitevan,10,5,2|4|6|7|8,2026-07-12 21.06.04.jpg|2026-07-12 21.01.23.jpg|2026-07-12 21.01.33.jpg|2026-07-12 21.01.49.jpg|2026-07-12 21.01.50.jpg,1.0,0.8599412576050888,0.9638144744909602,0.8915921449661255,0.9645007108466178,0.9992885061172685
real_uav_finetuned,la_souris_truck,whitevan,10,5,2|4|6|7|9,2026-07-12 21.06.04.jpg|2026-07-12 21.01.23.jpg|2026-07-12 21.01.33.jpg|2026-07-12 21.01.49.jpg|2026-07-12 21.01.51.jpg,1.0,0.8599412576050888,0.963885115767302,0.8915921449661255,0.9645007108466178,0.9993617474073446
real_uav_finetuned,la_souris_truck,whitevan,10,5,2|4|6|7|10,2026-07-12 21.06.04.jpg|2026-07-12 21.01.23.jpg|2026-07-12 21.01.33.jpg|2026-07-12 21.01.49.jpg|2026-07-12 21.05.27.jpg,1.0,0.8599412576050888,0.9613537662994526,0.8915921449661255,0.9645007108466178,0.9967372294164482
real_uav_finetuned,la_souris_truck,whitevan,10,5,2|4|6|8|9,2026-07-12 21.06.04.jpg|2026-07-12 21.01.23.jpg|2026-07-12 21.01.33.jpg|2026-07-12 21.01.50.jpg|2026-07-12 21.01.51.jpg,1.0,0.8599412576050888,0.9638325857240405,0.8915921449661255,0.9645007108466178,0.9993072839500649
real_uav_finetuned,la_souris_truck,whitevan,10,5,2|4|6|8|10,2026-07-12 21.06.04.jpg|2026-07-12 21.01.23.jpg|2026-07-12 21.01.33.jpg|2026-07-12 21.01.50.jpg|2026-07-12 21.05.27.jpg,1.0,0.8599412576050888,0.9610852307981813,0.8915921449661255,0.9645007108466178,0.9964588102320439
real_uav_finetuned,la_souris_truck,whitevan,10,5,2|4|6|9|10,2026-07-12 21.06.04.jpg|2026-07-12 21.01.23.jpg|2026-07-12 21.01.33.jpg|2026-07-12 21.01.51.jpg|2026-07-12 21.05.27.jpg,1.0,0.8599412576050888,0.9614368208413964,0.8915921449661255,0.9645007108466178,0.996823340853184
real_uav_finetuned,la_souris_truck,whitevan,10,5,2|4|7|8|9,2026-07-12 21.06.04.jpg|2026-07-12 21.01.23.jpg|2026-07-12 21.01.49.jpg|2026-07-12 21.01.50.jpg|2026-07-12 21.01.51.jpg,1.0,0.8599412576050888,0.9642822992992129,0.8915921449661255,0.9645007108466178,0.9997735496252634
real_uav_finetuned,la_souris_truck,whitevan,10,5,2|4|7|8|10,2026-07-12 21.06.04.jpg|2026-07-12 21.01.23.jpg|2026-07-12 21.01.49.jpg|2026-07-12 21.01.50.jpg|2026-07-12 21.05.27.jpg,1.0,0.8599412576050888,0.9633841830327374,0.8915921449661255,0.9645007108466178,0.9988423774069588
real_uav_finetuned,la_souris_truck,whitevan,10,5,2|4|7|9|10,2026-07-12 21.06.04.jpg|2026-07-12 21.01.23.jpg|2026-07-12 21.01.49.jpg|2026-07-12 21.01.51.jpg|2026-07-12 21.05.27.jpg,1.0,0.8599412576050888,0.9634991185781852,0.8915921449661255,0.9645007108466178,0.9989615432553145
real_uav_finetuned,la_souris_truck,whitevan,10,5,2|4|8|9|10,2026-07-12 21.06.04.jpg|2026-07-12 21.01.23.jpg|2026-07-12 21.01.50.jpg|2026-07-12 21.01.51.jpg|2026-07-12 21.05.27.jpg,1.0,0.8599412576050888,0.9634136505701406,0.8915921449661255,0.9645007108466178,0.9988729295227549
real_uav_finetuned,la_souris_truck,whitevan,10,5,2|5|6|7|8,2026-07-12 21.06.04.jpg|2026-07-12 21.01.30.jpg|2026-07-12 21.01.33.jpg|2026-07-12 21.01.49.jpg|2026-07-12 21.01.50.jpg,1.0,0.8505784204159799,0.9522138509239856,0.8926346302032471,0.9528853033881385,0.9992953480741434
real_uav_finetuned,la_souris_truck,whitevan,10,5,2|5|6|7|9,2026-07-12 21.06.04.jpg|2026-07-12 21.01.30.jpg|2026-07-12 21.01.33.jpg|2026-07-12 21.01.49.jpg|2026-07-12 21.01.51.jpg,1.0,0.8505784204159799,0.9522829703442547,0.8926346302032471,0.9528853033881385,0.9993678850521232
real_uav_finetuned,la_souris_truck,whitevan,10,5,2|5|6|7|10,2026-07-12 21.06.04.jpg|2026-07-12 21.01.30.jpg|2026-07-12 21.01.33.jpg|2026-07-12 21.01.49.jpg|2026-07-12 21.05.27.jpg,1.0,0.8505784204159799,0.9498061548508656,0.8926346302032471,0.9528853033881385,0.9967686052809037
real_uav_finetuned,la_souris_truck,whitevan,10,5,2|5|6|8|9,2026-07-12 21.06.04.jpg|2026-07-12 21.01.30.jpg|2026-07-12 21.01.33.jpg|2026-07-12 21.01.50.jpg|2026-07-12 21.01.51.jpg,1.0,0.8505784204159799,0.9522315719788093,0.8926346302032471,0.9528853033881385,0.9993139453331846
real_uav_finetuned,la_souris_truck,whitevan,10,5,2|5|6|8|10,2026-07-12 21.06.04.jpg|2026-07-12 21.01.30.jpg|2026-07-12 21.01.33.jpg|2026-07-12 21.01.50.jpg|2026-07-12 21.05.27.jpg,1.0,0.8505784204159799,0.9495434045279564,0.8926346302032471,0.9528853033881385,0.9964928634660442
real_uav_finetuned,la_souris_truck,whitevan,10,5,2|5|6|9|10,2026-07-12 21.06.04.jpg|2026-07-12 21.01.30.jpg|2026-07-12 21.01.33.jpg|2026-07-12 21.01.51.jpg|2026-07-12 21.05.27.jpg,1.0,0.8505784204159799,0.9498874201122985,0.8926346302032471,0.9528853033881385,0.9968538886420217
real_uav_finetuned,la_souris_truck,whitevan,10,5,2|5|7|8|9,2026-07-12 21.06.04.jpg|2026-07-12 21.01.30.jpg|2026-07-12 21.01.49.jpg|2026-07-12 21.01.50.jpg|2026-07-12 21.01.51.jpg,1.0,0.8505784204159799,0.9526715971767211,0.8926346302032471,0.9528853033881385,0.9997757272458107
real_uav_finetuned,la_souris_truck,whitevan,10,5,2|5|7|8|10,2026-07-12 21.06.04.jpg|2026-07-12 21.01.30.jpg|2026-07-12 21.01.49.jpg|2026-07-12 21.01.50.jpg|2026-07-12 21.05.27.jpg,1.0,0.8505784204159799,0.9517928294238194,0.8926346302032471,0.9528853033881385,0.9988535094827944
real_uav_finetuned,la_souris_truck,whitevan,10,5,2|5|7|9|10,2026-07-12 21.06.04.jpg|2026-07-12 21.01.30.jpg|2026-07-12 21.01.49.jpg|2026-07-12 21.01.51.jpg|2026-07-12 21.05.27.jpg,1.0,0.8505784204159799,0.9519052888622817,0.8926346302032471,0.9528853033881385,0.9989715293935458
real_uav_finetuned,la_souris_truck,whitevan,10,5,2|5|8|9|10,2026-07-12 21.06.04.jpg|2026-07-12 21.01.30.jpg|2026-07-12 21.01.50.jpg|2026-07-12 21.01.51.jpg|2026-07-12 21.05.27.jpg,1.0,0.8505784204159799,0.9518216621291092,0.8926346302032471,0.9528853033881385,0.9988837677994956
real_uav_finetuned,la_souris_truck,whitevan,10,5,2|6|7|8|9,2026-07-12 21.06.04.jpg|2026-07-12 21.01.33.jpg|2026-07-12 21.01.49.jpg|2026-07-12 21.01.50.jpg|2026-07-12 21.01.51.jpg,1.0,0.7965124538279313,0.9110406381258859,0.8769187927246094,0.9117771688696744,0.9991922031293001
real_uav_finetuned,la_souris_truck,whitevan,10,5,2|6|7|8|10,2026-07-12 21.06.04.jpg|2026-07-12 21.01.33.jpg|2026-07-12 21.01.49.jpg|2026-07-12 21.01.50.jpg|2026-07-12 21.05.27.jpg,1.0,0.7965124538279313,0.9080119967851917,0.8735823631286621,0.9117771688696744,0.9958705128697724
real_uav_finetuned,la_souris_truck,whitevan,10,5,2|6|7|9|10,2026-07-12 21.06.04.jpg|2026-07-12 21.01.33.jpg|2026-07-12 21.01.49.jpg|2026-07-12 21.01.51.jpg|2026-07-12 21.05.27.jpg,1.0,0.7965124538279313,0.9083995841805569,0.8769187927246094,0.9117771688696744,0.9962956029121625
real_uav_finetuned,la_souris_truck,whitevan,10,5,2|6|8|9|10,2026-07-12 21.06.04.jpg|2026-07-12 21.01.33.jpg|2026-07-12 21.01.50.jpg|2026-07-12 21.01.51.jpg|2026-07-12 21.05.27.jpg,1.0,0.7860650461740908,0.9074053316688653,0.8769187927246094,0.9110682827979957,0.9959794987946666
real_uav_finetuned,la_souris_truck,whitevan,10,5,2|7|8|9|10,2026-07-12 21.06.04.jpg|2026-07-12 21.01.49.jpg|2026-07-12 21.01.50.jpg|2026-07-12 21.01.51.jpg|2026-07-12 21.05.27.jpg,1.0,0.7965124538279313,0.9105788105279193,0.8769187927246094,0.9117771688696744,0.9986856894615592
real_uav_finetuned,la_souris_truck,whitevan,10,5,3|4|5|6|7,2026-07-12 21.01.06.jpg|2026-07-12 21.01.23.jpg|2026-07-12 21.01.30.jpg|2026-07-12 21.01.33.jpg|2026-07-12 21.01.49.jpg,1.0,0.8599412576050888,0.96432725276743,0.8926346302032471,0.9645007108466178,0.9998201576450518
real_uav_finetuned,la_souris_truck,whitevan,10,5,3|4|5|6|8,2026-07-12 21.01.06.jpg|2026-07-12 21.01.23.jpg|2026-07-12 21.01.30.jpg|2026-07-12 21.01.33.jpg|2026-07-12 21.01.50.jpg,1.0,0.8599412576050888,0.9643124512189609,0.8926346302032471,0.9645007108466178,0.9998048113126929
real_uav_finetuned,la_souris_truck,whitevan,10,5,3|4|5|6|9,2026-07-12 21.01.06.jpg|2026-07-12 21.01.23.jpg|2026-07-12 21.01.30.jpg|2026-07-12 21.01.33.jpg|2026-07-12 21.01.51.jpg,1.0,0.8599412576050888,0.9643318306940816,0.8926346302032471,0.9645007108466178,0.9998249040662831
real_uav_finetuned,la_souris_truck,whitevan,10,5,3|4|5|6|10,2026-07-12 21.01.06.jpg|2026-07-12 21.01.23.jpg|2026-07-12 21.01.30.jpg|2026-07-12 21.01.33.jpg|2026-07-12 21.05.27.jpg,1.0,0.8599412576050888,0.9636373893338153,0.8926346302032471,0.9645007108466178,0.9991049031865983
real_uav_finetuned,la_souris_truck,whitevan,10,5,3|4|5|7|8,2026-07-12 21.01.06.jpg|2026-07-12 21.01.23.jpg|2026-07-12 21.01.30.jpg|2026-07-12 21.01.49.jpg|2026-07-12 21.01.50.jpg,1.0,0.8599412576050888,0.9644391683672214,0.8926346302032471,0.9645007108466178,0.9999361923960197
real_uav_finetuned,la_souris_truck,whitevan,10,5,3|4|5|7|9,2026-07-12 21.01.06.jpg|2026-07-12 21.01.23.jpg|2026-07-12 21.01.30.jpg|2026-07-12 21.01.49.jpg|2026-07-12 21.01.51.jpg,1.0,0.8599412576050888,0.964445503559547,0.8926346302032471,0.9645007108466178,0.9999427607606194
real_uav_finetuned,la_souris_truck,whitevan,10,5,3|4|5|7|10,2026-07-12 21.01.06.jpg|2026-07-12 21.01.23.jpg|2026-07-12 21.01.30.jpg|2026-07-12 21.01.49.jpg|2026-07-12 21.05.27.jpg,1.0,0.8599412576050888,0.964218489177132,0.8926346302032471,0.9645007108466178,0.9997073909160336
real_uav_finetuned,la_souris_truck,whitevan,10,5,3|4|5|8|9,2026-07-12 21.01.06.jpg|2026-07-12 21.01.23.jpg|2026-07-12 21.01.30.jpg|2026-07-12 21.01.50.jpg|2026-07-12 21.01.51.jpg,1.0,0.8599412576050888,0.9644407926037976,0.8926346302032471,0.9645007108466178,0.9999378764140384
real_uav_finetuned,la_souris_truck,whitevan,10,5,3|4|5|8|10,2026-07-12 21.01.06.jpg|2026-07-12 21.01.23.jpg|2026-07-12 21.01.30.jpg|2026-07-12 21.01.50.jpg|2026-07-12 21.05.27.jpg,1.0,0.8599412576050888,0.9641944065991428,0.8926346302032471,0.9645007108466178,0.9996824219577752
real_uav_finetuned,la_souris_truck,whitevan,10,5,3|4|5|9|10,2026-07-12 21.01.06.jpg|2026-07-12 21.01.23.jpg|2026-07-12 21.01.30.jpg|2026-07-12 21.01.51.jpg|2026-07-12 21.05.27.jpg,1.0,0.8599412576050888,0.9642259376056425,0.8926346302032471,0.9645007108466178,0.9997151134904461
real_uav_finetuned,la_souris_truck,whitevan,10,5,3|4|6|7|8,2026-07-12 21.01.06.jpg|2026-07-12 21.01.23.jpg|2026-07-12 21.01.33.jpg|2026-07-12 21.01.49.jpg|2026-07-12 21.01.50.jpg,1.0,0.8599412576050888,0.9642790440532027,0.8915921449661255,0.9645007108466178,0.9997701745670872
real_uav_finetuned,la_souris_truck,whitevan,10,5,3|4|6|7|9,2026-07-12 21.01.06.jpg|2026-07-12 21.01.23.jpg|2026-07-12 21.01.33.jpg|2026-07-12 21.01.49.jpg|2026-07-12 21.01.51.jpg,1.0,0.8599412576050888,0.9643018624671215,0.8915921449661255,0.9645007108466178,0.9997938328326147
real_uav_finetuned,la_souris_truck,whitevan,10,5,3|4|6|7|10,2026-07-12 21.01.06.jpg|2026-07-12 21.01.23.jpg|2026-07-12 21.01.33.jpg|2026-07-12 21.01.49.jpg|2026-07-12 21.05.27.jpg,1.0,0.8599412576050888,0.9634841906621741,0.8915921449661255,0.9645007108466178,0.998946065904346
real_uav_finetuned,la_souris_truck,whitevan,10,5,3|4|6|8|9,2026-07-12 21.01.06.jpg|2026-07-12 21.01.23.jpg|2026-07-12 21.01.33.jpg|2026-07-12 21.01.50.jpg|2026-07-12 21.01.51.jpg,1.0,0.8599412576050888,0.9642848943100838,0.8915921449661255,0.9645007108466178,0.9997762401477708
real_uav_finetuned,la_souris_truck,whitevan,10,5,3|4|6|8|10,2026-07-12 21.01.06.jpg|2026-07-12 21.01.23.jpg|2026-07-12 21.01.33.jpg|2026-07-12 21.01.50.jpg|2026-07-12 21.05.27.jpg,1.0,0.8599412576050888,0.9633974488231645,0.8915921449661255,0.9645007108466178,0.9988561314563627
real_uav_finetuned,la_souris_truck,whitevan,10,5,3|4|6|9|10,2026-07-12 21.01.06.jpg|2026-07-12 21.01.23.jpg|2026-07-12 21.01.33.jpg|2026-07-12 21.01.51.jpg|2026-07-12 21.05.27.jpg,1.0,0.8599412576050888,0.9635110187860987,0.8915921449661255,0.9645007108466178,0.9989738814607504
real_uav_finetuned,la_souris_truck,whitevan,10,5,3|4|7|8|9,2026-07-12 21.01.06.jpg|2026-07-12 21.01.23.jpg|2026-07-12 21.01.49.jpg|2026-07-12 21.01.50.jpg|2026-07-12 21.01.51.jpg,1.0,0.8599412576050888,0.9644301599541171,0.8915921449661255,0.9645007108466178,0.9999268524204209
real_uav_finetuned,la_souris_truck,whitevan,10,5,3|4|7|8|10,2026-07-12 21.01.06.jpg|2026-07-12 21.01.23.jpg|2026-07-12 21.01.49.jpg|2026-07-12 21.01.50.jpg|2026-07-12 21.05.27.jpg,1.0,0.8599412576050888,0.9641400521053239,0.8915921449661255,0.9645007108466178,0.9996260668994456
real_uav_finetuned,la_souris_truck,whitevan,10,5,3|4|7|9|10,2026-07-12 21.01.06.jpg|2026-07-12 21.01.23.jpg|2026-07-12 21.01.49.jpg|2026-07-12 21.01.51.jpg|2026-07-12 21.05.27.jpg,1.0,0.8599412576050888,0.9641771783718045,0.8915921449661255,0.9645007108466178,0.9996645596305167
real_uav_finetuned,la_souris_truck,whitevan,10,5,3|4|8|9|10,2026-07-12 21.01.06.jpg|2026-07-12 21.01.23.jpg|2026-07-12 21.01.50.jpg|2026-07-12 21.01.51.jpg|2026-07-12 21.05.27.jpg,1.0,0.8599412576050888,0.9641495706545411,0.8915921449661255,0.9645007108466178,0.9996359357871614
real_uav_finetuned,la_souris_truck,whitevan,10,5,3|5|6|7|8,2026-07-12 21.01.06.jpg|2026-07-12 21.01.30.jpg|2026-07-12 21.01.33.jpg|2026-07-12 21.01.49.jpg|2026-07-12 21.01.50.jpg,1.0,0.8505784204159799,0.9526684120599069,0.8926346302032471,0.9528853033881385,0.999772384643293
real_uav_finetuned,la_souris_truck,whitevan,10,5,3|5|6|7|9,2026-07-12 21.01.06.jpg|2026-07-12 21.01.30.jpg|2026-07-12 21.01.33.jpg|2026-07-12 21.01.49.jpg|2026-07-12 21.01.51.jpg,1.0,0.8505784204159799,0.9526907388867027,0.8926346302032471,0.9528853033881385,0.9997958154032348
real_uav_finetuned,la_souris_truck,whitevan,10,5,3|5|6|7|10,2026-07-12 21.01.06.jpg|2026-07-12 21.01.30.jpg|2026-07-12 21.01.33.jpg|2026-07-12 21.01.49.jpg|2026-07-12 21.05.27.jpg,1.0,0.8505784204159799,0.9518906825449278,0.8926346302032471,0.9528853033881385,0.9989562008778243
real_uav_finetuned,la_souris_truck,whitevan,10,5,3|5|6|8|9,2026-07-12 21.01.06.jpg|2026-07-12 21.01.30.jpg|2026-07-12 21.01.33.jpg|2026-07-12 21.01.50.jpg|2026-07-12 21.01.51.jpg,1.0,0.8505784204159799,0.9526741362821319,0.8926346302032471,0.9528853033881385,0.9997783918953774
real_uav_finetuned,la_souris_truck,whitevan,10,5,3|5|6|8|10,2026-07-12 21.01.06.jpg|2026-07-12 21.01.30.jpg|2026-07-12 21.01.33.jpg|2026-07-12 21.01.50.jpg|2026-07-12 21.05.27.jpg,1.0,0.8505784204159799,0.9518058094234911,0.8926346302032471,0.9528853033881385,0.9988671312687801
real_uav_finetuned,la_souris_truck,whitevan,10,5,3|5|6|9|10,2026-07-12 21.01.06.jpg|2026-07-12 21.01.30.jpg|2026-07-12 21.01.33.jpg|2026-07-12 21.01.51.jpg|2026-07-12 21.05.27.jpg,1.0,0.8505784204159799,0.9519169326987843,0.8926346302032471,0.9528853033881385,0.9989837489507803
real_uav_finetuned,la_souris_truck,whitevan,10,5,3|5|7|8|9,2026-07-12 21.01.06.jpg|2026-07-12 21.01.30.jpg|2026-07-12 21.01.49.jpg|2026-07-12 21.01.50.jpg|2026-07-12 21.01.51.jpg,1.0,0.8505784204159799,0.9528162724045317,0.8926346302032471,0.9528853033881385,0.9999275558313667
real_uav_finetuned,la_souris_truck,whitevan,10,5,3|5|7|8|10,2026-07-12 21.01.06.jpg|2026-07-12 21.01.30.jpg|2026-07-12 21.01.49.jpg|2026-07-12 21.01.50.jpg|2026-07-12 21.05.27.jpg,1.0,0.8505784204159799,0.9525324144766671,0.8926346302032471,0.9528853033881385,0.9996296627619121
real_uav_finetuned,la_souris_truck,whitevan,10,5,3|5|7|9|10,2026-07-12 21.01.06.jpg|2026-07-12 21.01.30.jpg|2026-07-12 21.01.49.jpg|2026-07-12 21.01.51.jpg|2026-07-12 21.05.27.jpg,1.0,0.8505784204159799,0.9525687409156669,0.8926346302032471,0.9528853033881385,0.9996677853343461
real_uav_finetuned,la_souris_truck,whitevan,10,5,3|5|8|9|10,2026-07-12 21.01.06.jpg|2026-07-12 21.01.30.jpg|2026-07-12 21.01.50.jpg|2026-07-12 21.01.51.jpg|2026-07-12 21.05.27.jpg,1.0,0.8505784204159799,0.9525417279635939,0.8926346302032471,0.9528853033881385,0.9996394367471899
real_uav_finetuned,la_souris_truck,whitevan,10,5,3|6|7|8|9,2026-07-12 21.01.06.jpg|2026-07-12 21.01.33.jpg|2026-07-12 21.01.49.jpg|2026-07-12 21.01.50.jpg|2026-07-12 21.01.51.jpg,1.0,0.7965124538279313,0.9115392560763909,0.8769187927246094,0.9117771688696744,0.999739066954727
real_uav_finetuned,la_souris_truck,whitevan,10,5,3|6|7|8|10,2026-07-12 21.01.06.jpg|2026-07-12 21.01.33.jpg|2026-07-12 21.01.49.jpg|2026-07-12 21.01.50.jpg|2026-07-12 21.05.27.jpg,1.0,0.7965124538279313,0.9105609499740384,0.8735823631286621,0.9117771688696744,0.99866610073474
real_uav_finetuned,la_souris_truck,whitevan,10,5,3|6|7|9|10,2026-07-12 21.01.06.jpg|2026-07-12 21.01.33.jpg|2026-07-12 21.01.49.jpg|2026-07-12 21.01.51.jpg|2026-07-12 21.05.27.jpg,1.0,0.7965124538279313,0.9106861477348249,0.8769187927246094,0.9117771688696744,0.9988034125309345
real_uav_finetuned,la_souris_truck,whitevan,10,5,3|6|8|9|10,2026-07-12 21.01.06.jpg|2026-07-12 21.01.33.jpg|2026-07-12 21.01.50.jpg|2026-07-12 21.01.51.jpg|2026-07-12 21.05.27.jpg,1.0,0.7860650461740908,0.9098850831255558,0.8769187927246094,0.9110682827979957,0.9987013051658367
real_uav_finetuned,la_souris_truck,whitevan,10,5,3|7|8|9|10,2026-07-12 21.01.06.jpg|2026-07-12 21.01.49.jpg|2026-07-12 21.01.50.jpg|2026-07-12 21.01.51.jpg|2026-07-12 21.05.27.jpg,1.0,0.7965124538279313,0.9113900773832077,0.8769187927246094,0.9117771688696744,0.9995754538502575
real_uav_finetuned,la_souris_truck,whitevan,10,5,4|5|6|7|8,2026-07-12 21.01.23.jpg|2026-07-12 21.01.30.jpg|2026-07-12 21.01.33.jpg|2026-07-12 21.01.49.jpg|2026-07-12 21.01.50.jpg,1.0,0.8599412576050888,0.9644254107730985,0.8926346302032471,0.9645007108466178,0.9999219284416564
real_uav_finetuned,la_souris_truck,whitevan,10,5,4|5|6|7|9,2026-07-12 21.01.23.jpg|2026-07-12 21.01.30.jpg|2026-07-12 21.01.33.jpg|2026-07-12 21.01.49.jpg|2026-07-12 21.01.51.jpg,1.0,0.8599412576050888,0.9644331621742858,0.8926346302032471,0.9645007108466178,0.9999299651399192
real_uav_finetuned,la_souris_truck,whitevan,10,5,4|5|6|7|10,2026-07-12 21.01.23.jpg|2026-07-12 21.01.30.jpg|2026-07-12 21.01.33.jpg|2026-07-12 21.01.49.jpg|2026-07-12 21.05.27.jpg,1.0,0.8599412576050888,0.9641553995645658,0.8926346302032471,0.9645007108466178,0.9996419792352988
real_uav_finetuned,la_souris_truck,whitevan,10,5,4|5|6|8|9,2026-07-12 21.01.23.jpg|2026-07-12 21.01.30.jpg|2026-07-12 21.01.33.jpg|2026-07-12 21.01.50.jpg|2026-07-12 21.01.51.jpg,1.0,0.8599412576050888,0.9644273981017663,0.8926346302032471,0.9645007108466178,0.9999239889156876
real_uav_finetuned,la_souris_truck,whitevan,10,5,4|5|6|8|10,2026-07-12 21.01.23.jpg|2026-07-12 21.01.30.jpg|2026-07-12 21.01.33.jpg|2026-07-12 21.01.50.jpg|2026-07-12 21.05.27.jpg,1.0,0.8599412576050888,0.964125933415153,0.8926346302032471,0.9645007108466178,0.9996114285585794
real_uav_finetuned,la_souris_truck,whitevan,10,5,4|5|6|9|10,2026-07-12 21.01.23.jpg|2026-07-12 21.01.30.jpg|2026-07-12 21.01.33.jpg|2026-07-12 21.01.51.jpg|2026-07-12 21.05.27.jpg,1.0,0.8599412576050888,0.9641645130617783,0.8926346302032471,0.9645007108466178,0.9996514281627181
real_uav_finetuned,la_souris_truck,whitevan,10,5,4|5|7|8|9,2026-07-12 21.01.23.jpg|2026-07-12 21.01.30.jpg|2026-07-12 21.01.49.jpg|2026-07-12 21.01.50.jpg|2026-07-12 21.01.51.jpg,1.0,0.8599412576050888,0.9644767447517855,0.8926346302032471,0.9645007108466178,0.9999751518121627
real_uav_finetuned,la_souris_truck,whitevan,10,5,4|5|7|8|10,2026-07-12 21.01.23.jpg|2026-07-12 21.01.30.jpg|2026-07-12 21.01.49.jpg|2026-07-12 21.01.50.jpg|2026-07-12 21.05.27.jpg,1.0,0.8599412576050888,0.964378195293808,0.8926346302032471,0.9645007108466178,0.9998729751555058
real_uav_finetuned,la_souris_truck,whitevan,10,5,4|5|7|9|10,2026-07-12 21.01.23.jpg|2026-07-12 21.01.30.jpg|2026-07-12 21.01.49.jpg|2026-07-12 21.01.51.jpg|2026-07-12 21.05.27.jpg,1.0,0.8599412576050888,0.9643908070637192,0.8926346302032471,0.9645007108466178,0.9998860511125988
real_uav_finetuned,la_souris_truck,whitevan,10,5,4|5|8|9|10,2026-07-12 21.01.23.jpg|2026-07-12 21.01.30.jpg|2026-07-12 21.01.50.jpg|2026-07-12 21.01.51.jpg|2026-07-12 21.05.27.jpg,1.0,0.8599412576050888,0.9643814287391285,0.8926346302032471,0.9645007108466178,0.999876327610599
real_uav_finetuned,la_souris_truck,whitevan,10,5,4|6|7|8|9,2026-07-12 21.01.23.jpg|2026-07-12 21.01.33.jpg|2026-07-12 21.01.49.jpg|2026-07-12 21.01.50.jpg|2026-07-12 21.01.51.jpg,1.0,0.8599412576050888,0.9644143885624937,0.8915921449661255,0.9645007108466178,0.9999105005489852
real_uav_finetuned,la_souris_truck,whitevan,10,5,4|6|7|8|10,2026-07-12 21.01.23.jpg|2026-07-12 21.01.33.jpg|2026-07-12 21.01.49.jpg|2026-07-12 21.01.50.jpg|2026-07-12 21.05.27.jpg,1.0,0.8599412576050888,0.964059428174857,0.8915921449661255,0.9645007108466178,0.99954247553496
real_uav_finetuned,la_souris_truck,whitevan,10,5,4|6|7|9|10,2026-07-12 21.01.23.jpg|2026-07-12 21.01.33.jpg|2026-07-12 21.01.49.jpg|2026-07-12 21.01.51.jpg|2026-07-12 21.05.27.jpg,1.0,0.8599412576050888,0.9641048538811806,0.8915921449661255,0.9645007108466178,0.99958957317399
real_uav_finetuned,la_souris_truck,whitevan,10,5,4|6|8|9|10,2026-07-12 21.01.23.jpg|2026-07-12 21.01.33.jpg|2026-07-12 21.01.50.jpg|2026-07-12 21.01.51.jpg|2026-07-12 21.05.27.jpg,1.0,0.8599412576050888,0.9640710745606199,0.8915921449661255,0.9645007108466178,0.9995545505760999
real_uav_finetuned,la_souris_truck,whitevan,10,5,4|7|8|9|10,2026-07-12 21.01.23.jpg|2026-07-12 21.01.49.jpg|2026-07-12 21.01.50.jpg|2026-07-12 21.01.51.jpg|2026-07-12 21.05.27.jpg,1.0,0.8599412576050888,0.9643602618156277,0.8915921449661255,0.9645007108466178,0.9998543816200335
real_uav_finetuned,la_souris_truck,whitevan,10,5,5|6|7|8|9,2026-07-12 21.01.30.jpg|2026-07-12 21.01.33.jpg|2026-07-12 21.01.49.jpg|2026-07-12 21.01.50.jpg|2026-07-12 21.01.51.jpg,1.0,0.8505784204159799,0.9528008407829317,0.8926346302032471,0.9528853033881385,0.9999113612048518
real_uav_finetuned,la_souris_truck,whitevan,10,5,5|6|7|8|10,2026-07-12 21.01.30.jpg|2026-07-12 21.01.33.jpg|2026-07-12 21.01.49.jpg|2026-07-12 21.01.50.jpg|2026-07-12 21.05.27.jpg,1.0,0.8505784204159799,0.9524535274629795,0.8926346302032471,0.9528853033881385,0.999546875239209
real_uav_finetuned,la_souris_truck,whitevan,10,5,5|6|7|9|10,2026-07-12 21.01.30.jpg|2026-07-12 21.01.33.jpg|2026-07-12 21.01.49.jpg|2026-07-12 21.01.51.jpg|2026-07-12 21.05.27.jpg,1.0,0.8505784204159799,0.952497974543341,0.8926346302032471,0.9528853033881385,0.9995935199720047
real_uav_finetuned,la_souris_truck,whitevan,10,5,5|6|8|9|10,2026-07-12 21.01.30.jpg|2026-07-12 21.01.33.jpg|2026-07-12 21.01.50.jpg|2026-07-12 21.01.51.jpg|2026-07-12 21.05.27.jpg,1.0,0.8505784204159799,0.9524649229455338,0.8926346302032471,0.9528853033881385,0.9995588341628211
real_uav_finetuned,la_souris_truck,whitevan,10,5,5|7|8|9|10,2026-07-12 21.01.30.jpg|2026-07-12 21.01.49.jpg|2026-07-12 21.01.50.jpg|2026-07-12 21.01.51.jpg|2026-07-12 21.05.27.jpg,1.0,0.8505784204159799,0.9527478801123697,0.8926346302032471,0.9528853033881385,0.999855781933796
real_uav_finetuned,la_souris_truck,whitevan,10,5,6|7|8|9|10,2026-07-12 21.01.33.jpg|2026-07-12 21.01.49.jpg|2026-07-12 21.01.50.jpg|2026-07-12 21.01.51.jpg|2026-07-12 21.05.27.jpg,1.0,0.7965124538279313,0.9113035445101175,0.8769187927246094,0.9117771688696744,0.9994805481254329
real_uav_finetuned,la_souris_truck,whitevan,10,6,1|2|3|4|5|6,2026-07-12 21.05.57.jpg|2026-07-12 21.06.04.jpg|2026-07-12 21.01.06.jpg|2026-07-12 21.01.23.jpg|2026-07-12 21.01.30.jpg|2026-07-12 21.01.33.jpg,1.0,0.8599412576050888,0.9631581641149678,0.8926346302032471,0.9645007108466178,0.9986080396659619
real_uav_finetuned,la_souris_truck,whitevan,10,6,1|2|3|4|5|7,2026-07-12 21.05.57.jpg|2026-07-12 21.06.04.jpg|2026-07-12 21.01.06.jpg|2026-07-12 21.01.23.jpg|2026-07-12 21.01.30.jpg|2026-07-12 21.01.49.jpg,1.0,0.8599412576050888,0.9640618294167562,0.8926346302032471,0.9645007108466178,0.9995449651566598
real_uav_finetuned,la_souris_truck,whitevan,10,6,1|2|3|4|5|8,2026-07-12 21.05.57.jpg|2026-07-12 21.06.04.jpg|2026-07-12 21.01.06.jpg|2026-07-12 21.01.23.jpg|2026-07-12 21.01.30.jpg|2026-07-12 21.01.50.jpg,1.0,0.8599412576050888,0.9640243787267297,0.8926346302032471,0.9645007108466178,0.9995061360613514
real_uav_finetuned,la_souris_truck,whitevan,10,6,1|2|3|4|5|9,2026-07-12 21.05.57.jpg|2026-07-12 21.06.04.jpg|2026-07-12 21.01.06.jpg|2026-07-12 21.01.23.jpg|2026-07-12 21.01.30.jpg|2026-07-12 21.01.51.jpg,1.0,0.8599412576050888,0.9640734124286519,0.8926346302032471,0.9645007108466178,0.999556974491402
real_uav_finetuned,la_souris_truck,whitevan,10,6,1|2|3|4|5|10,2026-07-12 21.05.57.jpg|2026-07-12 21.06.04.jpg|2026-07-12 21.01.06.jpg|2026-07-12 21.01.23.jpg|2026-07-12 21.01.30.jpg|2026-07-12 21.05.27.jpg,1.0,0.8599412576050888,0.9623163457150369,0.8926346302032471,0.9645007108466178,0.9977352374062394
real_uav_finetuned,la_souris_truck,whitevan,10,6,1|2|3|4|6|7,2026-07-12 21.05.57.jpg|2026-07-12 21.06.04.jpg|2026-07-12 21.01.06.jpg|2026-07-12 21.01.23.jpg|2026-07-12 21.01.33.jpg|2026-07-12 21.01.49.jpg,1.0,0.8599412576050888,0.9629199256686239,0.8915921449661255,0.9645007108466178,0.9983610326459933
real_uav_finetuned,la_souris_truck,whitevan,10,6,1|2|3|4|6|8,2026-07-12 21.05.57.jpg|2026-07-12 21.06.04.jpg|2026-07-12 21.01.06.jpg|2026-07-12 21.01.23.jpg|2026-07-12 21.01.33.jpg|2026-07-12 21.01.50.jpg,1.0,0.8599412576050888,0.9627850338922318,0.8915921449661255,0.9645007108466178,0.9982211760602229
real_uav_finetuned,la_souris_truck,whitevan,10,6,1|2|3|4|6|9,2026-07-12 21.05.57.jpg|2026-07-12 21.06.04.jpg|2026-07-12 21.01.06.jpg|2026-07-12 21.01.23.jpg|2026-07-12 21.01.33.jpg|2026-07-12 21.01.51.jpg,1.0,0.8599412576050888,0.9629616459426554,0.8915921449661255,0.9645007108466178,0.9984042884710667
real_uav_finetuned,la_souris_truck,whitevan,10,6,1|2|3|4|6|10,2026-07-12 21.05.57.jpg|2026-07-12 21.06.04.jpg|2026-07-12 21.01.06.jpg|2026-07-12 21.01.23.jpg|2026-07-12 21.01.33.jpg|2026-07-12 21.05.27.jpg,1.0,0.8599412576050888,0.9566329548004827,0.8915921449661255,0.9645007108466178,0.9918426643364223
real_uav_finetuned,la_souris_truck,whitevan,10,6,1|2|3|4|7|8,2026-07-12 21.05.57.jpg|2026-07-12 21.06.04.jpg|2026-07-12 21.01.06.jpg|2026-07-12 21.01.23.jpg|2026-07-12 21.01.49.jpg|2026-07-12 21.01.50.jpg,1.0,0.8599412576050888,0.9639398523400421,0.8915921449661255,0.9645007108466178,0.9994184986073432
real_uav_finetuned,la_souris_truck,whitevan,10,6,1|2|3|4|7|9,2026-07-12 21.05.57.jpg|2026-07-12 21.06.04.jpg|2026-07-12 21.01.06.jpg|2026-07-12 21.01.23.jpg|2026-07-12 21.01.49.jpg|2026-07-12 21.01.51.jpg,1.0,0.8599412576050888,0.9639975872012527,0.8915921449661255,0.9645007108466178,0.9994783584504324
real_uav_finetuned,la_souris_truck,whitevan,10,6,1|2|3|4|7|10,2026-07-12 21.05.57.jpg|2026-07-12 21.06.04.jpg|2026-07-12 21.01.06.jpg|2026-07-12 21.01.23.jpg|2026-07-12 21.01.49.jpg|2026-07-12 21.05.27.jpg,1.0,0.8599412576050888,0.9619287243809506,0.8915921449661255,0.9645007108466178,0.9973333493311689
real_uav_finetuned,la_souris_truck,whitevan,10,6,1|2|3|4|8|9,2026-07-12 21.05.57.jpg|2026-07-12 21.06.04.jpg|2026-07-12 21.01.06.jpg|2026-07-12 21.01.23.jpg|2026-07-12 21.01.50.jpg|2026-07-12 21.01.51.jpg,1.0,0.8599412576050888,0.9639546545857317,0.8915921449661255,0.9645007108466178,0.9994338456625845
real_uav_finetuned,la_souris_truck,whitevan,10,6,1|2|3|4|8|10,2026-07-12 21.05.57.jpg|2026-07-12 21.06.04.jpg|2026-07-12 21.01.06.jpg|2026-07-12 21.01.23.jpg|2026-07-12 21.01.50.jpg|2026-07-12 21.05.27.jpg,1.0,0.8599412576050888,0.9617092512811011,0.8915921449661255,0.9645007108466178,0.9971057983326249
real_uav_finetuned,la_souris_truck,whitevan,10,6,1|2|3|4|9|10,2026-07-12 21.05.57.jpg|2026-07-12 21.06.04.jpg|2026-07-12 21.01.06.jpg|2026-07-12 21.01.23.jpg|2026-07-12 21.01.51.jpg|2026-07-12 21.05.27.jpg,1.0,0.8599412576050888,0.9619966045595143,0.8915921449661255,0.9645007108466178,0.9974037278988571
real_uav_finetuned,la_souris_truck,whitevan,10,6,1|2|3|5|6|7,2026-07-12 21.05.57.jpg|2026-07-12 21.06.04.jpg|2026-07-12 21.01.06.jpg|2026-07-12 21.01.30.jpg|2026-07-12 21.01.33.jpg|2026-07-12 21.01.49.jpg,1.0,0.8505784204159799,0.9513385737602055,0.8926346302032471,0.9528853033881385,0.9983767934898006
real_uav_finetuned,la_souris_truck,whitevan,10,6,1|2|3|5|6|8,2026-07-12 21.05.57.jpg|2026-07-12 21.06.04.jpg|2026-07-12 21.01.06.jpg|2026-07-12 21.01.30.jpg|2026-07-12 21.01.33.jpg|2026-07-12 21.01.50.jpg,1.0,0.8505784204159799,0.9512065880166556,0.8926346302032471,0.9528853033881385,0.9982382818105033
real_uav_finetuned,la_souris_truck,whitevan,10,6,1|2|3|5|6|9,2026-07-12 21.05.57.jpg|2026-07-12 21.06.04.jpg|2026-07-12 21.01.06.jpg|2026-07-12 21.01.30.jpg|2026-07-12 21.01.33.jpg|2026-07-12 21.01.51.jpg,1.0,0.8505784204159799,0.9513793952360318,0.8926346302032471,0.9528853033881385,0.9984196333527737
real_uav_finetuned,la_souris_truck,whitevan,10,6,1|2|3|5|6|10,2026-07-12 21.05.57.jpg|2026-07-12 21.06.04.jpg|2026-07-12 21.01.06.jpg|2026-07-12 21.01.30.jpg|2026-07-12 21.01.33.jpg|2026-07-12 21.05.27.jpg,1.0,0.8505784204159799,0.9451870458694607,0.8926346302032471,0.9528853033881385,0.991921107932607
real_uav_finetuned,la_souris_truck,whitevan,10,6,1|2|3|5|7|8,2026-07-12 21.05.57.jpg|2026-07-12 21.06.04.jpg|2026-07-12 21.01.06.jpg|2026-07-12 21.01.30.jpg|2026-07-12 21.01.49.jpg|2026-07-12 21.01.50.jpg,1.0,0.8505784204159799,0.9523365277029439,0.8926346302032471,0.9528853033881385,0.9994240905141014
real_uav_finetuned,la_souris_truck,whitevan,10,6,1|2|3|5|7|9,2026-07-12 21.05.57.jpg|2026-07-12 21.06.04.jpg|2026-07-12 21.01.06.jpg|2026-07-12 21.01.30.jpg|2026-07-12 21.01.49.jpg|2026-07-12 21.01.51.jpg,1.0,0.8505784204159799,0.9523930187566573,0.8926346302032471,0.9528853033881385,0.9994833747254461
real_uav_finetuned,la_souris_truck,whitevan,10,6,1|2|3|5|7|10,2026-07-12 21.05.57.jpg|2026-07-12 21.06.04.jpg|2026-07-12 21.01.06.jpg|2026-07-12 21.01.30.jpg|2026-07-12 21.01.49.jpg|2026-07-12 21.05.27.jpg,1.0,0.8505784204159799,0.9503687263576411,0.8926346302032471,0.9528853033881385,0.9973589927123976
real_uav_finetuned,la_souris_truck,whitevan,10,6,1|2|3|5|8|9,2026-07-12 21.05.57.jpg|2026-07-12 21.06.04.jpg|2026-07-12 21.01.06.jpg|2026-07-12 21.01.30.jpg|2026-07-12 21.01.50.jpg|2026-07-12 21.01.51.jpg,1.0,0.8505784204159799,0.9523510110573471,0.8926346302032471,0.9528853033881385,0.9994392899870618
real_uav_finetuned,la_souris_truck,whitevan,10,6,1|2|3|5|8|10,2026-07-12 21.05.57.jpg|2026-07-12 21.06.04.jpg|2026-07-12 21.01.06.jpg|2026-07-12 21.01.30.jpg|2026-07-12 21.01.50.jpg|2026-07-12 21.05.27.jpg,1.0,0.8505784204159799,0.9501539814632702,0.8926346302032471,0.9528853033881385,0.9971336299183579
real_uav_finetuned,la_souris_truck,whitevan,10,6,1|2|3|5|9|10,2026-07-12 21.05.57.jpg|2026-07-12 21.06.04.jpg|2026-07-12 21.01.06.jpg|2026-07-12 21.01.30.jpg|2026-07-12 21.01.51.jpg|2026-07-12 21.05.27.jpg,1.0,0.8505784204159799,0.9504351441636755,0.8926346302032471,0.9528853033881385,0.9974286944968601
real_uav_finetuned,la_souris_truck,whitevan,10,6,1|2|3|6|7|8,2026-07-12 21.05.57.jpg|2026-07-12 21.06.04.jpg|2026-07-12 21.01.06.jpg|2026-07-12 21.01.33.jpg|2026-07-12 21.01.49.jpg|2026-07-12 21.01.50.jpg,1.0,0.7965124538279313,0.909885833279059,0.8735823631286621,0.9117771688696744,0.9979256602871949
real_uav_finetuned,la_souris_truck,whitevan,10,6,1|2|3|6|7|9,2026-07-12 21.05.57.jpg|2026-07-12 21.06.04.jpg|2026-07-12 21.01.06.jpg|2026-07-12 21.01.33.jpg|2026-07-12 21.01.49.jpg|2026-07-12 21.01.51.jpg,1.0,0.7965124538279313,0.9100805276566013,0.8769187927246094,0.9117771688696744,0.998139193137314
real_uav_finetuned,la_souris_truck,whitevan,10,6,1|2|3|6|7|10,2026-07-12 21.05.57.jpg|2026-07-12 21.06.04.jpg|2026-07-12 21.01.06.jpg|2026-07-12 21.01.33.jpg|2026-07-12 21.01.49.jpg|2026-07-12 21.05.27.jpg,1.0,0.7965124538279313,0.9031038769715152,0.8735823631286621,0.9117771688696744,0.990487487300311
real_uav_finetuned,la_souris_truck,whitevan,10,6,1|2|3|6|8|9,2026-07-12 21.05.57.jpg|2026-07-12 21.06.04.jpg|2026-07-12 21.01.06.jpg|2026-07-12 21.01.33.jpg|2026-07-12 21.01.50.jpg|2026-07-12 21.01.51.jpg,1.0,0.7860650461740908,0.9092282952272387,0.8769187927246094,0.9110682827979957,0.997980406512335
real_uav_finetuned,la_souris_truck,whitevan,10,6,1|2|3|6|8|10,2026-07-12 21.05.57.jpg|2026-07-12 21.06.04.jpg|2026-07-12 21.01.06.jpg|2026-07-12 21.01.33.jpg|2026-07-12 21.01.50.jpg|2026-07-12 21.05.27.jpg,1.0,0.7860650461740908,0.9016621990796508,0.8627948760986328,0.9110682827979957,0.9896757642693282
real_uav_finetuned,la_souris_truck,whitevan,10,6,1|2|3|6|9|10,2026-07-12 21.05.57.jpg|2026-07-12 21.06.04.jpg|2026-07-12 21.01.06.jpg|2026-07-12 21.01.33.jpg|2026-07-12 21.01.51.jpg|2026-07-12 21.05.27.jpg,1.0,0.7857624887329542,0.8877505983967222,0.8769187927246094,0.8960493209314967,0.9907385426885348
real_uav_finetuned,la_souris_truck,whitevan,10,6,1|2|3|7|8|9,2026-07-12 21.05.57.jpg|2026-07-12 21.06.04.jpg|2026-07-12 21.01.06.jpg|2026-07-12 21.01.49.jpg|2026-07-12 21.01.50.jpg|2026-07-12 21.01.51.jpg,1.0,0.7965124538279313,0.911175204940479,0.8769187927246094,0.9117771688696744,0.9993397905214695
real_uav_finetuned,la_souris_truck,whitevan,10,6,1|2|3|7|8|10,2026-07-12 21.05.57.jpg|2026-07-12 21.06.04.jpg|2026-07-12 21.01.06.jpg|2026-07-12 21.01.49.jpg|2026-07-12 21.01.50.jpg|2026-07-12 21.05.27.jpg,1.0,0.7965124538279313,0.9086999072601806,0.8735823631286621,0.9117771688696744,0.9966249850132695
real_uav_finetuned,la_souris_truck,whitevan,10,6,1|2|3|7|9|10,2026-07-12 21.05.57.jpg|2026-07-12 21.06.04.jpg|2026-07-12 21.01.06.jpg|2026-07-12 21.01.49.jpg|2026-07-12 21.01.51.jpg|2026-07-12 21.05.27.jpg,1.0,0.7965124538279313,0.9090166810451017,0.8769187927246094,0.9117771688696744,0.9969724095767885
real_uav_finetuned,la_souris_truck,whitevan,10,6,1|2|3|8|9|10,2026-07-12 21.05.57.jpg|2026-07-12 21.06.04.jpg|2026-07-12 21.01.06.jpg|2026-07-12 21.01.50.jpg|2026-07-12 21.01.51.jpg|2026-07-12 21.05.27.jpg,1.0,0.7860650461740908,0.9080745660078443,0.8769187927246094,0.9110682827979957,0.9967140588178997
real_uav_finetuned,la_souris_truck,whitevan,10,6,1|2|4|5|6|7,2026-07-12 21.05.57.jpg|2026-07-12 21.06.04.jpg|2026-07-12 21.01.23.jpg|2026-07-12 21.01.30.jpg|2026-07-12 21.01.33.jpg|2026-07-12 21.01.49.jpg,1.0,0.8599412576050888,0.9639637190929708,0.8926346302032471,0.9645007108466178,0.9994432437969116
real_uav_finetuned,la_souris_truck,whitevan,10,6,1|2|4|5|6|8,2026-07-12 21.05.57.jpg|2026-07-12 21.06.04.jpg|2026-07-12 21.01.23.jpg|2026-07-12 21.01.30.jpg|2026-07-12 21.01.33.jpg|2026-07-12 21.01.50.jpg,1.0,0.8599412576050888,0.9639178964394151,0.8926346302032471,0.9645007108466178,0.9993957346006607
real_uav_finetuned,la_souris_truck,whitevan,10,6,1|2|4|5|6|9,2026-07-12 21.05.57.jpg|2026-07-12 21.06.04.jpg|2026-07-12 21.01.23.jpg|2026-07-12 21.01.30.jpg|2026-07-12 21.01.33.jpg|2026-07-12 21.01.51.jpg,1.0,0.8599412576050888,0.9639778914444243,0.8926346302032471,0.9645007108466178,0.9994579377741104
real_uav_finetuned,la_souris_truck,whitevan,10,6,1|2|4|5|6|10,2026-07-12 21.05.57.jpg|2026-07-12 21.06.04.jpg|2026-07-12 21.01.23.jpg|2026-07-12 21.01.30.jpg|2026-07-12 21.01.33.jpg|2026-07-12 21.05.27.jpg,1.0,0.8599412576050888,0.9618280389521088,0.8926346302032471,0.9645007108466178,0.9972289580873787
real_uav_finetuned,la_souris_truck,whitevan,10,6,1|2|4|5|7|8,2026-07-12 21.05.57.jpg|2026-07-12 21.06.04.jpg|2026-07-12 21.01.23.jpg|2026-07-12 21.01.30.jpg|2026-07-12 21.01.49.jpg|2026-07-12 21.01.50.jpg,1.0,0.8599412576050888,0.964310187556555,0.8926346302032471,0.9645007108466178,0.9998024643342195
real_uav_finetuned,la_souris_truck,whitevan,10,6,1|2|4|5|7|9,2026-07-12 21.05.57.jpg|2026-07-12 21.06.04.jpg|2026-07-12 21.01.23.jpg|2026-07-12 21.01.30.jpg|2026-07-12 21.01.49.jpg|2026-07-12 21.01.51.jpg,1.0,0.8599412576050888,0.9643298000534329,0.8926346302032471,0.9645007108466178,0.9998227986861359
real_uav_finetuned,la_souris_truck,whitevan,10,6,1|2|4|5|7|10,2026-07-12 21.05.57.jpg|2026-07-12 21.06.04.jpg|2026-07-12 21.01.23.jpg|2026-07-12 21.01.30.jpg|2026-07-12 21.01.49.jpg|2026-07-12 21.05.27.jpg,1.0,0.8599412576050888,0.9636270086245944,0.8926346302032471,0.9645007108466178,0.9990941404063285
real_uav_finetuned,la_souris_truck,whitevan,10,6,1|2|4|5|8|9,2026-07-12 21.05.57.jpg|2026-07-12 21.06.04.jpg|2026-07-12 21.01.23.jpg|2026-07-12 21.01.30.jpg|2026-07-12 21.01.50.jpg|2026-07-12 21.01.51.jpg,1.0,0.8599412576050888,0.9643152158703205,0.8926346302032471,0.9645007108466178,0.999807677719455
real_uav_finetuned,la_souris_truck,whitevan,10,6,1|2|4|5|8|10,2026-07-12 21.05.57.jpg|2026-07-12 21.06.04.jpg|2026-07-12 21.01.23.jpg|2026-07-12 21.01.30.jpg|2026-07-12 21.01.50.jpg|2026-07-12 21.05.27.jpg,1.0,0.8599412576050888,0.9635524537474313,0.8926346302032471,0.9645007108466178,0.9990168414719424
real_uav_finetuned,la_souris_truck,whitevan,10,6,1|2|4|5|9|10,2026-07-12 21.05.57.jpg|2026-07-12 21.06.04.jpg|2026-07-12 21.01.23.jpg|2026-07-12 21.01.30.jpg|2026-07-12 21.01.51.jpg|2026-07-12 21.05.27.jpg,1.0,0.8599412576050888,0.9636500674795434,0.8926346302032471,0.9645007108466178,0.9991180479625279
real_uav_finetuned,la_souris_truck,whitevan,10,6,1|2|4|6|7|8,2026-07-12 21.05.57.jpg|2026-07-12 21.06.04.jpg|2026-07-12 21.01.23.jpg|2026-07-12 21.01.33.jpg|2026-07-12 21.01.49.jpg|2026-07-12 21.01.50.jpg,1.0,0.8599412576050888,0.9638144744909602,0.8915921449661255,0.9645007108466178,0.9992885061172685
real_uav_finetuned,la_souris_truck,whitevan,10,6,1|2|4|6|7|9,2026-07-12 21.05.57.jpg|2026-07-12 21.06.04.jpg|2026-07-12 21.01.23.jpg|2026-07-12 21.01.33.jpg|2026-07-12 21.01.49.jpg|2026-07-12 21.01.51.jpg,1.0,0.8599412576050888,0.963885115767302,0.8915921449661255,0.9645007108466178,0.9993617474073446
real_uav_finetuned,la_souris_truck,whitevan,10,6,1|2|4|6|7|10,2026-07-12 21.05.57.jpg|2026-07-12 21.06.04.jpg|2026-07-12 21.01.23.jpg|2026-07-12 21.01.33.jpg|2026-07-12 21.01.49.jpg|2026-07-12 21.05.27.jpg,1.0,0.8599412576050888,0.9613537662994526,0.8915921449661255,0.9645007108466178,0.9967372294164482
real_uav_finetuned,la_souris_truck,whitevan,10,6,1|2|4|6|8|9,2026-07-12 21.05.57.jpg|2026-07-12 21.06.04.jpg|2026-07-12 21.01.23.jpg|2026-07-12 21.01.33.jpg|2026-07-12 21.01.50.jpg|2026-07-12 21.01.51.jpg,1.0,0.8599412576050888,0.9638325857240405,0.8915921449661255,0.9645007108466178,0.9993072839500649
real_uav_finetuned,la_souris_truck,whitevan,10,6,1|2|4|6|8|10,2026-07-12 21.05.57.jpg|2026-07-12 21.06.04.jpg|2026-07-12 21.01.23.jpg|2026-07-12 21.01.33.jpg|2026-07-12 21.01.50.jpg|2026-07-12 21.05.27.jpg,1.0,0.8599412576050888,0.9610852307981813,0.8915921449661255,0.9645007108466178,0.9964588102320439
real_uav_finetuned,la_souris_truck,whitevan,10,6,1|2|4|6|9|10,2026-07-12 21.05.57.jpg|2026-07-12 21.06.04.jpg|2026-07-12 21.01.23.jpg|2026-07-12 21.01.33.jpg|2026-07-12 21.01.51.jpg|2026-07-12 21.05.27.jpg,1.0,0.8599412576050888,0.9614368208413964,0.8915921449661255,0.9645007108466178,0.996823340853184
real_uav_finetuned,la_souris_truck,whitevan,10,6,1|2|4|7|8|9,2026-07-12 21.05.57.jpg|2026-07-12 21.06.04.jpg|2026-07-12 21.01.23.jpg|2026-07-12 21.01.49.jpg|2026-07-12 21.01.50.jpg|2026-07-12 21.01.51.jpg,1.0,0.8599412576050888,0.9642822992992129,0.8915921449661255,0.9645007108466178,0.9997735496252634
real_uav_finetuned,la_souris_truck,whitevan,10,6,1|2|4|7|8|10,2026-07-12 21.05.57.jpg|2026-07-12 21.06.04.jpg|2026-07-12 21.01.23.jpg|2026-07-12 21.01.49.jpg|2026-07-12 21.01.50.jpg|2026-07-12 21.05.27.jpg,1.0,0.8599412576050888,0.9633841830327374,0.8915921449661255,0.9645007108466178,0.9988423774069588
real_uav_finetuned,la_souris_truck,whitevan,10,6,1|2|4|7|9|10,2026-07-12 21.05.57.jpg|2026-07-12 21.06.04.jpg|2026-07-12 21.01.23.jpg|2026-07-12 21.01.49.jpg|2026-07-12 21.01.51.jpg|2026-07-12 21.05.27.jpg,1.0,0.8599412576050888,0.9634991185781852,0.8915921449661255,0.9645007108466178,0.9989615432553145
real_uav_finetuned,la_souris_truck,whitevan,10,6,1|2|4|8|9|10,2026-07-12 21.05.57.jpg|2026-07-12 21.06.04.jpg|2026-07-12 21.01.23.jpg|2026-07-12 21.01.50.jpg|2026-07-12 21.01.51.jpg|2026-07-12 21.05.27.jpg,1.0,0.8599412576050888,0.9634136505701406,0.8915921449661255,0.9645007108466178,0.9988729295227549
real_uav_finetuned,la_souris_truck,whitevan,10,6,1|2|5|6|7|8,2026-07-12 21.05.57.jpg|2026-07-12 21.06.04.jpg|2026-07-12 21.01.30.jpg|2026-07-12 21.01.33.jpg|2026-07-12 21.01.49.jpg|2026-07-12 21.01.50.jpg,1.0,0.8505784204159799,0.9522138509239856,0.8926346302032471,0.9528853033881385,0.9992953480741434
real_uav_finetuned,la_souris_truck,whitevan,10,6,1|2|5|6|7|9,2026-07-12 21.05.57.jpg|2026-07-12 21.06.04.jpg|2026-07-12 21.01.30.jpg|2026-07-12 21.01.33.jpg|2026-07-12 21.01.49.jpg|2026-07-12 21.01.51.jpg,1.0,0.8505784204159799,0.9522829703442547,0.8926346302032471,0.9528853033881385,0.9993678850521232
real_uav_finetuned,la_souris_truck,whitevan,10,6,1|2|5|6|7|10,2026-07-12 21.05.57.jpg|2026-07-12 21.06.04.jpg|2026-07-12 21.01.30.jpg|2026-07-12 21.01.33.jpg|2026-07-12 21.01.49.jpg|2026-07-12 21.05.27.jpg,1.0,0.8505784204159799,0.9498061548508656,0.8926346302032471,0.9528853033881385,0.9967686052809037
real_uav_finetuned,la_souris_truck,whitevan,10,6,1|2|5|6|8|9,2026-07-12 21.05.57.jpg|2026-07-12 21.06.04.jpg|2026-07-12 21.01.30.jpg|2026-07-12 21.01.33.jpg|2026-07-12 21.01.50.jpg|2026-07-12 21.01.51.jpg,1.0,0.8505784204159799,0.9522315719788093,0.8926346302032471,0.9528853033881385,0.9993139453331846
real_uav_finetuned,la_souris_truck,whitevan,10,6,1|2|5|6|8|10,2026-07-12 21.05.57.jpg|2026-07-12 21.06.04.jpg|2026-07-12 21.01.30.jpg|2026-07-12 21.01.33.jpg|2026-07-12 21.01.50.jpg|2026-07-12 21.05.27.jpg,1.0,0.8505784204159799,0.9495434045279564,0.8926346302032471,0.9528853033881385,0.9964928634660442
real_uav_finetuned,la_souris_truck,whitevan,10,6,1|2|5|6|9|10,2026-07-12 21.05.57.jpg|2026-07-12 21.06.04.jpg|2026-07-12 21.01.30.jpg|2026-07-12 21.01.33.jpg|2026-07-12 21.01.51.jpg|2026-07-12 21.05.27.jpg,1.0,0.8505784204159799,0.9498874201122985,0.8926346302032471,0.9528853033881385,0.9968538886420217
real_uav_finetuned,la_souris_truck,whitevan,10,6,1|2|5|7|8|9,2026-07-12 21.05.57.jpg|2026-07-12 21.06.04.jpg|2026-07-12 21.01.30.jpg|2026-07-12 21.01.49.jpg|2026-07-12 21.01.50.jpg|2026-07-12 21.01.51.jpg,1.0,0.8505784204159799,0.9526715971767211,0.8926346302032471,0.9528853033881385,0.9997757272458107
real_uav_finetuned,la_souris_truck,whitevan,10,6,1|2|5|7|8|10,2026-07-12 21.05.57.jpg|2026-07-12 21.06.04.jpg|2026-07-12 21.01.30.jpg|2026-07-12 21.01.49.jpg|2026-07-12 21.01.50.jpg|2026-07-12 21.05.27.jpg,1.0,0.8505784204159799,0.9517928294238194,0.8926346302032471,0.9528853033881385,0.9988535094827944
real_uav_finetuned,la_souris_truck,whitevan,10,6,1|2|5|7|9|10,2026-07-12 21.05.57.jpg|2026-07-12 21.06.04.jpg|2026-07-12 21.01.30.jpg|2026-07-12 21.01.49.jpg|2026-07-12 21.01.51.jpg|2026-07-12 21.05.27.jpg,1.0,0.8505784204159799,0.9519052888622817,0.8926346302032471,0.9528853033881385,0.9989715293935458
real_uav_finetuned,la_souris_truck,whitevan,10,6,1|2|5|8|9|10,2026-07-12 21.05.57.jpg|2026-07-12 21.06.04.jpg|2026-07-12 21.01.30.jpg|2026-07-12 21.01.50.jpg|2026-07-12 21.01.51.jpg|2026-07-12 21.05.27.jpg,1.0,0.8505784204159799,0.9518216621291092,0.8926346302032471,0.9528853033881385,0.9988837677994956
real_uav_finetuned,la_souris_truck,whitevan,10,6,1|2|6|7|8|9,2026-07-12 21.05.57.jpg|2026-07-12 21.06.04.jpg|2026-07-12 21.01.33.jpg|2026-07-12 21.01.49.jpg|2026-07-12 21.01.50.jpg|2026-07-12 21.01.51.jpg,1.0,0.7965124538279313,0.9110406381258859,0.8769187927246094,0.9117771688696744,0.9991922031293001
real_uav_finetuned,la_souris_truck,whitevan,10,6,1|2|6|7|8|10,2026-07-12 21.05.57.jpg|2026-07-12 21.06.04.jpg|2026-07-12 21.01.33.jpg|2026-07-12 21.01.49.jpg|2026-07-12 21.01.50.jpg|2026-07-12 21.05.27.jpg,1.0,0.7965124538279313,0.9080119967851917,0.8735823631286621,0.9117771688696744,0.9958705128697724
real_uav_finetuned,la_souris_truck,whitevan,10,6,1|2|6|7|9|10,2026-07-12 21.05.57.jpg|2026-07-12 21.06.04.jpg|2026-07-12 21.01.33.jpg|2026-07-12 21.01.49.jpg|2026-07-12 21.01.51.jpg|2026-07-12 21.05.27.jpg,1.0,0.7965124538279313,0.9083995841805569,0.8769187927246094,0.9117771688696744,0.9962956029121625
real_uav_finetuned,la_souris_truck,whitevan,10,6,1|2|6|8|9|10,2026-07-12 21.05.57.jpg|2026-07-12 21.06.04.jpg|2026-07-12 21.01.33.jpg|2026-07-12 21.01.50.jpg|2026-07-12 21.01.51.jpg|2026-07-12 21.05.27.jpg,1.0,0.7860650461740908,0.9074053316688653,0.8769187927246094,0.9110682827979957,0.9959794987946666
real_uav_finetuned,la_souris_truck,whitevan,10,6,1|2|7|8|9|10,2026-07-12 21.05.57.jpg|2026-07-12 21.06.04.jpg|2026-07-12 21.01.49.jpg|2026-07-12 21.01.50.jpg|2026-07-12 21.01.51.jpg|2026-07-12 21.05.27.jpg,1.0,0.7965124538279313,0.9105788105279193,0.8769187927246094,0.9117771688696744,0.9986856894615592
real_uav_finetuned,la_souris_truck,whitevan,10,6,1|3|4|5|6|7,2026-07-12 21.05.57.jpg|2026-07-12 21.01.06.jpg|2026-07-12 21.01.23.jpg|2026-07-12 21.01.30.jpg|2026-07-12 21.01.33.jpg|2026-07-12 21.01.49.jpg,1.0,0.8599412576050888,0.96432725276743,0.8926346302032471,0.9645007108466178,0.9998201576450518
real_uav_finetuned,la_souris_truck,whitevan,10,6,1|3|4|5|6|8,2026-07-12 21.05.57.jpg|2026-07-12 21.01.06.jpg|2026-07-12 21.01.23.jpg|2026-07-12 21.01.30.jpg|2026-07-12 21.01.33.jpg|2026-07-12 21.01.50.jpg,1.0,0.8599412576050888,0.9643124512189609,0.8926346302032471,0.9645007108466178,0.9998048113126929
real_uav_finetuned,la_souris_truck,whitevan,10,6,1|3|4|5|6|9,2026-07-12 21.05.57.jpg|2026-07-12 21.01.06.jpg|2026-07-12 21.01.23.jpg|2026-07-12 21.01.30.jpg|2026-07-12 21.01.33.jpg|2026-07-12 21.01.51.jpg,1.0,0.8599412576050888,0.9643318306940816,0.8926346302032471,0.9645007108466178,0.9998249040662831
real_uav_finetuned,la_souris_truck,whitevan,10,6,1|3|4|5|6|10,2026-07-12 21.05.57.jpg|2026-07-12 21.01.06.jpg|2026-07-12 21.01.23.jpg|2026-07-12 21.01.30.jpg|2026-07-12 21.01.33.jpg|2026-07-12 21.05.27.jpg,1.0,0.8599412576050888,0.9636373893338153,0.8926346302032471,0.9645007108466178,0.9991049031865983
real_uav_finetuned,la_souris_truck,whitevan,10,6,1|3|4|5|7|8,2026-07-12 21.05.57.jpg|2026-07-12 21.01.06.jpg|2026-07-12 21.01.23.jpg|2026-07-12 21.01.30.jpg|2026-07-12 21.01.49.jpg|2026-07-12 21.01.50.jpg,1.0,0.8599412576050888,0.9644391683672214,0.8926346302032471,0.9645007108466178,0.9999361923960197
real_uav_finetuned,la_souris_truck,whitevan,10,6,1|3|4|5|7|9,2026-07-12 21.05.57.jpg|2026-07-12 21.01.06.jpg|2026-07-12 21.01.23.jpg|2026-07-12 21.01.30.jpg|2026-07-12 21.01.49.jpg|2026-07-12 21.01.51.jpg,1.0,0.8599412576050888,0.964445503559547,0.8926346302032471,0.9645007108466178,0.9999427607606194
real_uav_finetuned,la_souris_truck,whitevan,10,6,1|3|4|5|7|10,2026-07-12 21.05.57.jpg|2026-07-12 21.01.06.jpg|2026-07-12 21.01.23.jpg|2026-07-12 21.01.30.jpg|2026-07-12 21.01.49.jpg|2026-07-12 21.05.27.jpg,1.0,0.8599412576050888,0.964218489177132,0.8926346302032471,0.9645007108466178,0.9997073909160336
real_uav_finetuned,la_souris_truck,whitevan,10,6,1|3|4|5|8|9,2026-07-12 21.05.57.jpg|2026-07-12 21.01.06.jpg|2026-07-12 21.01.23.jpg|2026-07-12 21.01.30.jpg|2026-07-12 21.01.50.jpg|2026-07-12 21.01.51.jpg,1.0,0.8599412576050888,0.9644407926037976,0.8926346302032471,0.9645007108466178,0.9999378764140384
real_uav_finetuned,la_souris_truck,whitevan,10,6,1|3|4|5|8|10,2026-07-12 21.05.57.jpg|2026-07-12 21.01.06.jpg|2026-07-12 21.01.23.jpg|2026-07-12 21.01.30.jpg|2026-07-12 21.01.50.jpg|2026-07-12 21.05.27.jpg,1.0,0.8599412576050888,0.9641944065991428,0.8926346302032471,0.9645007108466178,0.9996824219577752
real_uav_finetuned,la_souris_truck,whitevan,10,6,1|3|4|5|9|10,2026-07-12 21.05.57.jpg|2026-07-12 21.01.06.jpg|2026-07-12 21.01.23.jpg|2026-07-12 21.01.30.jpg|2026-07-12 21.01.51.jpg|2026-07-12 21.05.27.jpg,1.0,0.8599412576050888,0.9642259376056425,0.8926346302032471,0.9645007108466178,0.9997151134904461
real_uav_finetuned,la_souris_truck,whitevan,10,6,1|3|4|6|7|8,2026-07-12 21.05.57.jpg|2026-07-12 21.01.06.jpg|2026-07-12 21.01.23.jpg|2026-07-12 21.01.33.jpg|2026-07-12 21.01.49.jpg|2026-07-12 21.01.50.jpg,1.0,0.8599412576050888,0.9642790440532027,0.8915921449661255,0.9645007108466178,0.9997701745670872
real_uav_finetuned,la_souris_truck,whitevan,10,6,1|3|4|6|7|9,2026-07-12 21.05.57.jpg|2026-07-12 21.01.06.jpg|2026-07-12 21.01.23.jpg|2026-07-12 21.01.33.jpg|2026-07-12 21.01.49.jpg|2026-07-12 21.01.51.jpg,1.0,0.8599412576050888,0.9643018624671215,0.8915921449661255,0.9645007108466178,0.9997938328326147
real_uav_finetuned,la_souris_truck,whitevan,10,6,1|3|4|6|7|10,2026-07-12 21.05.57.jpg|2026-07-12 21.01.06.jpg|2026-07-12 21.01.23.jpg|2026-07-12 21.01.33.jpg|2026-07-12 21.01.49.jpg|2026-07-12 21.05.27.jpg,1.0,0.8599412576050888,0.9634841906621741,0.8915921449661255,0.9645007108466178,0.998946065904346
real_uav_finetuned,la_souris_truck,whitevan,10,6,1|3|4|6|8|9,2026-07-12 21.05.57.jpg|2026-07-12 21.01.06.jpg|2026-07-12 21.01.23.jpg|2026-07-12 21.01.33.jpg|2026-07-12 21.01.50.jpg|2026-07-12 21.01.51.jpg,1.0,0.8599412576050888,0.9642848943100838,0.8915921449661255,0.9645007108466178,0.9997762401477708
real_uav_finetuned,la_souris_truck,whitevan,10,6,1|3|4|6|8|10,2026-07-12 21.05.57.jpg|2026-07-12 21.01.06.jpg|2026-07-12 21.01.23.jpg|2026-07-12 21.01.33.jpg|2026-07-12 21.01.50.jpg|2026-07-12 21.05.27.jpg,1.0,0.8599412576050888,0.9633974488231645,0.8915921449661255,0.9645007108466178,0.9988561314563627
real_uav_finetuned,la_souris_truck,whitevan,10,6,1|3|4|6|9|10,2026-07-12 21.05.57.jpg|2026-07-12 21.01.06.jpg|2026-07-12 21.01.23.jpg|2026-07-12 21.01.33.jpg|2026-07-12 21.01.51.jpg|2026-07-12 21.05.27.jpg,1.0,0.8599412576050888,0.9635110187860987,0.8915921449661255,0.9645007108466178,0.9989738814607504
real_uav_finetuned,la_souris_truck,whitevan,10,6,1|3|4|7|8|9,2026-07-12 21.05.57.jpg|2026-07-12 21.01.06.jpg|2026-07-12 21.01.23.jpg|2026-07-12 21.01.49.jpg|2026-07-12 21.01.50.jpg|2026-07-12 21.01.51.jpg,1.0,0.8599412576050888,0.9644301599541171,0.8915921449661255,0.9645007108466178,0.9999268524204209
real_uav_finetuned,la_souris_truck,whitevan,10,6,1|3|4|7|8|10,2026-07-12 21.05.57.jpg|2026-07-12 21.01.06.jpg|2026-07-12 21.01.23.jpg|2026-07-12 21.01.49.jpg|2026-07-12 21.01.50.jpg|2026-07-12 21.05.27.jpg,1.0,0.8599412576050888,0.9641400521053239,0.8915921449661255,0.9645007108466178,0.9996260668994456
real_uav_finetuned,la_souris_truck,whitevan,10,6,1|3|4|7|9|10,2026-07-12 21.05.57.jpg|2026-07-12 21.01.06.jpg|2026-07-12 21.01.23.jpg|2026-07-12 21.01.49.jpg|2026-07-12 21.01.51.jpg|2026-07-12 21.05.27.jpg,1.0,0.8599412576050888,0.9641771783718045,0.8915921449661255,0.9645007108466178,0.9996645596305167
real_uav_finetuned,la_souris_truck,whitevan,10,6,1|3|4|8|9|10,2026-07-12 21.05.57.jpg|2026-07-12 21.01.06.jpg|2026-07-12 21.01.23.jpg|2026-07-12 21.01.50.jpg|2026-07-12 21.01.51.jpg|2026-07-12 21.05.27.jpg,1.0,0.8599412576050888,0.9641495706545411,0.8915921449661255,0.9645007108466178,0.9996359357871614
real_uav_finetuned,la_souris_truck,whitevan,10,6,1|3|5|6|7|8,2026-07-12 21.05.57.jpg|2026-07-12 21.01.06.jpg|2026-07-12 21.01.30.jpg|2026-07-12 21.01.33.jpg|2026-07-12 21.01.49.jpg|2026-07-12 21.01.50.jpg,1.0,0.8505784204159799,0.9526684120599069,0.8926346302032471,0.9528853033881385,0.999772384643293
real_uav_finetuned,la_souris_truck,whitevan,10,6,1|3|5|6|7|9,2026-07-12 21.05.57.jpg|2026-07-12 21.01.06.jpg|2026-07-12 21.01.30.jpg|2026-07-12 21.01.33.jpg|2026-07-12 21.01.49.jpg|2026-07-12 21.01.51.jpg,1.0,0.8505784204159799,0.9526907388867027,0.8926346302032471,0.9528853033881385,0.9997958154032348
real_uav_finetuned,la_souris_truck,whitevan,10,6,1|3|5|6|7|10,2026-07-12 21.05.57.jpg|2026-07-12 21.01.06.jpg|2026-07-12 21.01.30.jpg|2026-07-12 21.01.33.jpg|2026-07-12 21.01.49.jpg|2026-07-12 21.05.27.jpg,1.0,0.8505784204159799,0.9518906825449278,0.8926346302032471,0.9528853033881385,0.9989562008778243
real_uav_finetuned,la_souris_truck,whitevan,10,6,1|3|5|6|8|9,2026-07-12 21.05.57.jpg|2026-07-12 21.01.06.jpg|2026-07-12 21.01.30.jpg|2026-07-12 21.01.33.jpg|2026-07-12 21.01.50.jpg|2026-07-12 21.01.51.jpg,1.0,0.8505784204159799,0.9526741362821319,0.8926346302032471,0.9528853033881385,0.9997783918953774
real_uav_finetuned,la_souris_truck,whitevan,10,6,1|3|5|6|8|10,2026-07-12 21.05.57.jpg|2026-07-12 21.01.06.jpg|2026-07-12 21.01.30.jpg|2026-07-12 21.01.33.jpg|2026-07-12 21.01.50.jpg|2026-07-12 21.05.27.jpg,1.0,0.8505784204159799,0.9518058094234911,0.8926346302032471,0.9528853033881385,0.9988671312687801
real_uav_finetuned,la_souris_truck,whitevan,10,6,1|3|5|6|9|10,2026-07-12 21.05.57.jpg|2026-07-12 21.01.06.jpg|2026-07-12 21.01.30.jpg|2026-07-12 21.01.33.jpg|2026-07-12 21.01.51.jpg|2026-07-12 21.05.27.jpg,1.0,0.8505784204159799,0.9519169326987843,0.8926346302032471,0.9528853033881385,0.9989837489507803
real_uav_finetuned,la_souris_truck,whitevan,10,6,1|3|5|7|8|9,2026-07-12 21.05.57.jpg|2026-07-12 21.01.06.jpg|2026-07-12 21.01.30.jpg|2026-07-12 21.01.49.jpg|2026-07-12 21.01.50.jpg|2026-07-12 21.01.51.jpg,1.0,0.8505784204159799,0.9528162724045317,0.8926346302032471,0.9528853033881385,0.9999275558313667
real_uav_finetuned,la_souris_truck,whitevan,10,6,1|3|5|7|8|10,2026-07-12 21.05.57.jpg|2026-07-12 21.01.06.jpg|2026-07-12 21.01.30.jpg|2026-07-12 21.01.49.jpg|2026-07-12 21.01.50.jpg|2026-07-12 21.05.27.jpg,1.0,0.8505784204159799,0.9525324144766671,0.8926346302032471,0.9528853033881385,0.9996296627619121
real_uav_finetuned,la_souris_truck,whitevan,10,6,1|3|5|7|9|10,2026-07-12 21.05.57.jpg|2026-07-12 21.01.06.jpg|2026-07-12 21.01.30.jpg|2026-07-12 21.01.49.jpg|2026-07-12 21.01.51.jpg|2026-07-12 21.05.27.jpg,1.0,0.8505784204159799,0.9525687409156669,0.8926346302032471,0.9528853033881385,0.9996677853343461
real_uav_finetuned,la_souris_truck,whitevan,10,6,1|3|5|8|9|10,2026-07-12 21.05.57.jpg|2026-07-12 21.01.06.jpg|2026-07-12 21.01.30.jpg|2026-07-12 21.01.50.jpg|2026-07-12 21.01.51.jpg|2026-07-12 21.05.27.jpg,1.0,0.8505784204159799,0.9525417279635939,0.8926346302032471,0.9528853033881385,0.9996394367471899
real_uav_finetuned,la_souris_truck,whitevan,10,6,1|3|6|7|8|9,2026-07-12 21.05.57.jpg|2026-07-12 21.01.06.jpg|2026-07-12 21.01.33.jpg|2026-07-12 21.01.49.jpg|2026-07-12 21.01.50.jpg|2026-07-12 21.01.51.jpg,1.0,0.7965124538279313,0.9115392560763909,0.8769187927246094,0.9117771688696744,0.999739066954727
real_uav_finetuned,la_souris_truck,whitevan,10,6,1|3|6|7|8|10,2026-07-12 21.05.57.jpg|2026-07-12 21.01.06.jpg|2026-07-12 21.01.33.jpg|2026-07-12 21.01.49.jpg|2026-07-12 21.01.50.jpg|2026-07-12 21.05.27.jpg,1.0,0.7965124538279313,0.9105609499740384,0.8735823631286621,0.9117771688696744,0.99866610073474
real_uav_finetuned,la_souris_truck,whitevan,10,6,1|3|6|7|9|10,2026-07-12 21.05.57.jpg|2026-07-12 21.01.06.jpg|2026-07-12 21.01.33.jpg|2026-07-12 21.01.49.jpg|2026-07-12 21.01.51.jpg|2026-07-12 21.05.27.jpg,1.0,0.7965124538279313,0.9106861477348249,0.8769187927246094,0.9117771688696744,0.9988034125309345
real_uav_finetuned,la_souris_truck,whitevan,10,6,1|3|6|8|9|10,2026-07-12 21.05.57.jpg|2026-07-12 21.01.06.jpg|2026-07-12 21.01.33.jpg|2026-07-12 21.01.50.jpg|2026-07-12 21.01.51.jpg|2026-07-12 21.05.27.jpg,1.0,0.7860650461740908,0.9098850831255558,0.8769187927246094,0.9110682827979957,0.9987013051658367
real_uav_finetuned,la_souris_truck,whitevan,10,6,1|3|7|8|9|10,2026-07-12 21.05.57.jpg|2026-07-12 21.01.06.jpg|2026-07-12 21.01.49.jpg|2026-07-12 21.01.50.jpg|2026-07-12 21.01.51.jpg|2026-07-12 21.05.27.jpg,1.0,0.7965124538279313,0.9113900773832077,0.8769187927246094,0.9117771688696744,0.9995754538502575
real_uav_finetuned,la_souris_truck,whitevan,10,6,1|4|5|6|7|8,2026-07-12 21.05.57.jpg|2026-07-12 21.01.23.jpg|2026-07-12 21.01.30.jpg|2026-07-12 21.01.33.jpg|2026-07-12 21.01.49.jpg|2026-07-12 21.01.50.jpg,1.0,0.8599412576050888,0.9644254107730985,0.8926346302032471,0.9645007108466178,0.9999219284416564
real_uav_finetuned,la_souris_truck,whitevan,10,6,1|4|5|6|7|9,2026-07-12 21.05.57.jpg|2026-07-12 21.01.23.jpg|2026-07-12 21.01.30.jpg|2026-07-12 21.01.33.jpg|2026-07-12 21.01.49.jpg|2026-07-12 21.01.51.jpg,1.0,0.8599412576050888,0.9644331621742858,0.8926346302032471,0.9645007108466178,0.9999299651399192
real_uav_finetuned,la_souris_truck,whitevan,10,6,1|4|5|6|7|10,2026-07-12 21.05.57.jpg|2026-07-12 21.01.23.jpg|2026-07-12 21.01.30.jpg|2026-07-12 21.01.33.jpg|2026-07-12 21.01.49.jpg|2026-07-12 21.05.27.jpg,1.0,0.8599412576050888,0.9641553995645658,0.8926346302032471,0.9645007108466178,0.9996419792352988
real_uav_finetuned,la_souris_truck,whitevan,10,6,1|4|5|6|8|9,2026-07-12 21.05.57.jpg|2026-07-12 21.01.23.jpg|2026-07-12 21.01.30.jpg|2026-07-12 21.01.33.jpg|2026-07-12 21.01.50.jpg|2026-07-12 21.01.51.jpg,1.0,0.8599412576050888,0.9644273981017663,0.8926346302032471,0.9645007108466178,0.9999239889156876
real_uav_finetuned,la_souris_truck,whitevan,10,6,1|4|5|6|8|10,2026-07-12 21.05.57.jpg|2026-07-12 21.01.23.jpg|2026-07-12 21.01.30.jpg|2026-07-12 21.01.33.jpg|2026-07-12 21.01.50.jpg|2026-07-12 21.05.27.jpg,1.0,0.8599412576050888,0.964125933415153,0.8926346302032471,0.9645007108466178,0.9996114285585794
real_uav_finetuned,la_souris_truck,whitevan,10,6,1|4|5|6|9|10,2026-07-12 21.05.57.jpg|2026-07-12 21.01.23.jpg|2026-07-12 21.01.30.jpg|2026-07-12 21.01.33.jpg|2026-07-12 21.01.51.jpg|2026-07-12 21.05.27.jpg,1.0,0.8599412576050888,0.9641645130617783,0.8926346302032471,0.9645007108466178,0.9996514281627181
real_uav_finetuned,la_souris_truck,whitevan,10,6,1|4|5|7|8|9,2026-07-12 21.05.57.jpg|2026-07-12 21.01.23.jpg|2026-07-12 21.01.30.jpg|2026-07-12 21.01.49.jpg|2026-07-12 21.01.50.jpg|2026-07-12 21.01.51.jpg,1.0,0.8599412576050888,0.9644767447517855,0.8926346302032471,0.9645007108466178,0.9999751518121627
real_uav_finetuned,la_souris_truck,whitevan,10,6,1|4|5|7|8|10,2026-07-12 21.05.57.jpg|2026-07-12 21.01.23.jpg|2026-07-12 21.01.30.jpg|2026-07-12 21.01.49.jpg|2026-07-12 21.01.50.jpg|2026-07-12 21.05.27.jpg,1.0,0.8599412576050888,0.964378195293808,0.8926346302032471,0.9645007108466178,0.9998729751555058
real_uav_finetuned,la_souris_truck,whitevan,10,6,1|4|5|7|9|10,2026-07-12 21.05.57.jpg|2026-07-12 21.01.23.jpg|2026-07-12 21.01.30.jpg|2026-07-12 21.01.49.jpg|2026-07-12 21.01.51.jpg|2026-07-12 21.05.27.jpg,1.0,0.8599412576050888,0.9643908070637192,0.8926346302032471,0.9645007108466178,0.9998860511125988
real_uav_finetuned,la_souris_truck,whitevan,10,6,1|4|5|8|9|10,2026-07-12 21.05.57.jpg|2026-07-12 21.01.23.jpg|2026-07-12 21.01.30.jpg|2026-07-12 21.01.50.jpg|2026-07-12 21.01.51.jpg|2026-07-12 21.05.27.jpg,1.0,0.8599412576050888,0.9643814287391285,0.8926346302032471,0.9645007108466178,0.999876327610599
real_uav_finetuned,la_souris_truck,whitevan,10,6,1|4|6|7|8|9,2026-07-12 21.05.57.jpg|2026-07-12 21.01.23.jpg|2026-07-12 21.01.33.jpg|2026-07-12 21.01.49.jpg|2026-07-12 21.01.50.jpg|2026-07-12 21.01.51.jpg,1.0,0.8599412576050888,0.9644143885624937,0.8915921449661255,0.9645007108466178,0.9999105005489852
real_uav_finetuned,la_souris_truck,whitevan,10,6,1|4|6|7|8|10,2026-07-12 21.05.57.jpg|2026-07-12 21.01.23.jpg|2026-07-12 21.01.33.jpg|2026-07-12 21.01.49.jpg|2026-07-12 21.01.50.jpg|2026-07-12 21.05.27.jpg,1.0,0.8599412576050888,0.964059428174857,0.8915921449661255,0.9645007108466178,0.99954247553496
real_uav_finetuned,la_souris_truck,whitevan,10,6,1|4|6|7|9|10,2026-07-12 21.05.57.jpg|2026-07-12 21.01.23.jpg|2026-07-12 21.01.33.jpg|2026-07-12 21.01.49.jpg|2026-07-12 21.01.51.jpg|2026-07-12 21.05.27.jpg,1.0,0.8599412576050888,0.9641048538811806,0.8915921449661255,0.9645007108466178,0.99958957317399
real_uav_finetuned,la_souris_truck,whitevan,10,6,1|4|6|8|9|10,2026-07-12 21.05.57.jpg|2026-07-12 21.01.23.jpg|2026-07-12 21.01.33.jpg|2026-07-12 21.01.50.jpg|2026-07-12 21.01.51.jpg|2026-07-12 21.05.27.jpg,1.0,0.8599412576050888,0.9640710745606199,0.8915921449661255,0.9645007108466178,0.9995545505760999
real_uav_finetuned,la_souris_truck,whitevan,10,6,1|4|7|8|9|10,2026-07-12 21.05.57.jpg|2026-07-12 21.01.23.jpg|2026-07-12 21.01.49.jpg|2026-07-12 21.01.50.jpg|2026-07-12 21.01.51.jpg|2026-07-12 21.05.27.jpg,1.0,0.8599412576050888,0.9643602618156277,0.8915921449661255,0.9645007108466178,0.9998543816200335
real_uav_finetuned,la_souris_truck,whitevan,10,6,1|5|6|7|8|9,2026-07-12 21.05.57.jpg|2026-07-12 21.01.30.jpg|2026-07-12 21.01.33.jpg|2026-07-12 21.01.49.jpg|2026-07-12 21.01.50.jpg|2026-07-12 21.01.51.jpg,1.0,0.8505784204159799,0.9528008407829317,0.8926346302032471,0.9528853033881385,0.9999113612048518
real_uav_finetuned,la_souris_truck,whitevan,10,6,1|5|6|7|8|10,2026-07-12 21.05.57.jpg|2026-07-12 21.01.30.jpg|2026-07-12 21.01.33.jpg|2026-07-12 21.01.49.jpg|2026-07-12 21.01.50.jpg|2026-07-12 21.05.27.jpg,1.0,0.8505784204159799,0.9524535274629795,0.8926346302032471,0.9528853033881385,0.999546875239209
real_uav_finetuned,la_souris_truck,whitevan,10,6,1|5|6|7|9|10,2026-07-12 21.05.57.jpg|2026-07-12 21.01.30.jpg|2026-07-12 21.01.33.jpg|2026-07-12 21.01.49.jpg|2026-07-12 21.01.51.jpg|2026-07-12 21.05.27.jpg,1.0,0.8505784204159799,0.952497974543341,0.8926346302032471,0.9528853033881385,0.9995935199720047
real_uav_finetuned,la_souris_truck,whitevan,10,6,1|5|6|8|9|10,2026-07-12 21.05.57.jpg|2026-07-12 21.01.30.jpg|2026-07-12 21.01.33.jpg|2026-07-12 21.01.50.jpg|2026-07-12 21.01.51.jpg|2026-07-12 21.05.27.jpg,1.0,0.8505784204159799,0.9524649229455338,0.8926346302032471,0.9528853033881385,0.9995588341628211
real_uav_finetuned,la_souris_truck,whitevan,10,6,1|5|7|8|9|10,2026-07-12 21.05.57.jpg|2026-07-12 21.01.30.jpg|2026-07-12 21.01.49.jpg|2026-07-12 21.01.50.jpg|2026-07-12 21.01.51.jpg|2026-07-12 21.05.27.jpg,1.0,0.8505784204159799,0.9527478801123697,0.8926346302032471,0.9528853033881385,0.999855781933796
real_uav_finetuned,la_souris_truck,whitevan,10,6,1|6|7|8|9|10,2026-07-12 21.05.57.jpg|2026-07-12 21.01.33.jpg|2026-07-12 21.01.49.jpg|2026-07-12 21.01.50.jpg|2026-07-12 21.01.51.jpg|2026-07-12 21.05.27.jpg,1.0,0.7965124538279313,0.9113035445101175,0.8769187927246094,0.9117771688696744,0.9994805481254329
real_uav_finetuned,la_souris_truck,whitevan,10,6,2|3|4|5|6|7,2026-07-12 21.06.04.jpg|2026-07-12 21.01.06.jpg|2026-07-12 21.01.23.jpg|2026-07-12 21.01.30.jpg|2026-07-12 21.01.33.jpg|2026-07-12 21.01.49.jpg,1.0,0.8599412576050888,0.9643309892614133,0.8926346302032471,0.9645007108466178,0.9998240316639523
real_uav_finetuned,la_souris_truck,whitevan,10,6,2|3|4|5|6|8,2026-07-12 21.06.04.jpg|2026-07-12 21.01.06.jpg|2026-07-12 21.01.23.jpg|2026-07-12 21.01.30.jpg|2026-07-12 21.01.33.jpg|2026-07-12 21.01.50.jpg,1.0,0.8599412576050888,0.9643165065559584,0.8926346302032471,0.9645007108466178,0.9998090159099025
real_uav_finetuned,la_souris_truck,whitevan,10,6,2|3|4|5|6|9,2026-07-12 21.06.04.jpg|2026-07-12 21.01.06.jpg|2026-07-12 21.01.23.jpg|2026-07-12 21.01.30.jpg|2026-07-12 21.01.33.jpg|2026-07-12 21.01.51.jpg,1.0,0.8599412576050888,0.9643354685740627,0.8926346302032471,0.9645007108466178,0.9998286758416072
real_uav_finetuned,la_souris_truck,whitevan,10,6,2|3|4|5|6|10,2026-07-12 21.06.04.jpg|2026-07-12 21.01.06.jpg|2026-07-12 21.01.23.jpg|2026-07-12 21.01.30.jpg|2026-07-12 21.01.33.jpg|2026-07-12 21.05.27.jpg,1.0,0.8599412576050888,0.9636559863092539,0.8926346302032471,0.9645007108466178,0.9991241846399237
real_uav_finetuned,la_souris_truck,whitevan,10,6,2|3|4|5|7|8,2026-07-12 21.06.04.jpg|2026-07-12 21.01.06.jpg|2026-07-12 21.01.23.jpg|2026-07-12 21.01.30.jpg|2026-07-12 21.01.49.jpg|2026-07-12 21.01.50.jpg,1.0,0.8599412576050888,0.9644404940656557,0.8926346302032471,0.9645007108466178,0.9999375668879401
real_uav_finetuned,la_souris_truck,whitevan,10,6,2|3|4|5|7|9,2026-07-12 21.06.04.jpg|2026-07-12 21.01.06.jpg|2026-07-12 21.01.23.jpg|2026-07-12 21.01.30.jpg|2026-07-12 21.01.49.jpg|2026-07-12 21.01.51.jpg,1.0,0.8599412576050888,0.9644466927903796,0.8926346302032471,0.9645007108466178,0.9999439937621293
real_uav_finetuned,la_souris_truck,whitevan,10,6,2|3|4|5|7|10,2026-07-12 21.06.04.jpg|2026-07-12 21.01.06.jpg|2026-07-12 21.01.23.jpg|2026-07-12 21.01.30.jpg|2026-07-12 21.01.49.jpg|2026-07-12 21.05.27.jpg,1.0,0.8599412576050888,0.9642245685686192,0.8926346302032471,0.9645007108466178,0.9997136940648221
real_uav_finetuned,la_souris_truck,whitevan,10,6,2|3|4|5|8|9,2026-07-12 21.06.04.jpg|2026-07-12 21.01.06.jpg|2026-07-12 21.01.23.jpg|2026-07-12 21.01.30.jpg|2026-07-12 21.01.50.jpg|2026-07-12 21.01.51.jpg,1.0,0.8599412576050888,0.9644420833142379,0.8926346302032471,0.9645007108466178,0.9999392146302013
real_uav_finetuned,la_souris_truck,whitevan,10,6,2|3|4|5|8|10,2026-07-12 21.06.04.jpg|2026-07-12 21.01.06.jpg|2026-07-12 21.01.23.jpg|2026-07-12 21.01.30.jpg|2026-07-12 21.01.50.jpg|2026-07-12 21.05.27.jpg,1.0,0.8599412576050888,0.9642010047580934,0.8926346302032471,0.9645007108466178,0.9996892629677159
real_uav_finetuned,la_souris_truck,whitevan,10,6,2|3|4|5|9|10,2026-07-12 21.06.04.jpg|2026-07-12 21.01.06.jpg|2026-07-12 21.01.23.jpg|2026-07-12 21.01.30.jpg|2026-07-12 21.01.51.jpg|2026-07-12 21.05.27.jpg,1.0,0.8599412576050888,0.9642318565490925,0.8926346302032471,0.9645007108466178,0.9997212502857677
real_uav_finetuned,la_souris_truck,whitevan,10,6,2|3|4|6|7|8,2026-07-12 21.06.04.jpg|2026-07-12 21.01.06.jpg|2026-07-12 21.01.23.jpg|2026-07-12 21.01.33.jpg|2026-07-12 21.01.49.jpg|2026-07-12 21.01.50.jpg,1.0,0.8599412576050888,0.9642838190204097,0.8915921449661255,0.9645007108466178,0.9997751252811232
real_uav_finetuned,la_souris_truck,whitevan,10,6,2|3|4|6|7|9,2026-07-12 21.06.04.jpg|2026-07-12 21.01.06.jpg|2026-07-12 21.01.23.jpg|2026-07-12 21.01.33.jpg|2026-07-12 21.01.49.jpg|2026-07-12 21.01.51.jpg,1.0,0.8599412576050888,0.9643061458984673,0.8915921449661255,0.9645007108466178,0.9997982739193839
real_uav_finetuned,la_souris_truck,whitevan,10,6,2|3|4|6|7|10,2026-07-12 21.06.04.jpg|2026-07-12 21.01.06.jpg|2026-07-12 21.01.23.jpg|2026-07-12 21.01.33.jpg|2026-07-12 21.01.49.jpg|2026-07-12 21.05.27.jpg,1.0,0.8599412576050888,0.9635060877197852,0.8915921449661255,0.9645007108466178,0.9989687689022442
real_uav_finetuned,la_souris_truck,whitevan,10,6,2|3|4|6|8|9,2026-07-12 21.06.04.jpg|2026-07-12 21.01.06.jpg|2026-07-12 21.01.23.jpg|2026-07-12 21.01.33.jpg|2026-07-12 21.01.50.jpg|2026-07-12 21.01.51.jpg,1.0,0.8599412576050888,0.9642895432557774,0.8915921449661255,0.9645007108466178,0.9997810602019619
real_uav_finetuned,la_souris_truck,whitevan,10,6,2|3|4|6|8|10,2026-07-12 21.06.04.jpg|2026-07-12 21.01.06.jpg|2026-07-12 21.01.23.jpg|2026-07-12 21.01.33.jpg|2026-07-12 21.01.50.jpg|2026-07-12 21.05.27.jpg,1.0,0.8599412576050888,0.9634212144034822,0.8915921449661255,0.9645007108466178,0.9988807717495738
real_uav_finetuned,la_souris_truck,whitevan,10,6,2|3|4|6|9|10,2026-07-12 21.06.04.jpg|2026-07-12 21.01.06.jpg|2026-07-12 21.01.23.jpg|2026-07-12 21.01.33.jpg|2026-07-12 21.01.51.jpg|2026-07-12 21.05.27.jpg,1.0,0.8599412576050888,0.9635323379339112,0.8915921449661255,0.9645007108466178,0.9989959852783763
real_uav_finetuned,la_souris_truck,whitevan,10,6,2|3|4|7|8|9,2026-07-12 21.06.04.jpg|2026-07-12 21.01.06.jpg|2026-07-12 21.01.23.jpg|2026-07-12 21.01.49.jpg|2026-07-12 21.01.50.jpg|2026-07-12 21.01.51.jpg,1.0,0.8599412576050888,0.9644316797045178,0.8915921449661255,0.9645007108466178,0.9999284281065595
real_uav_finetuned,la_souris_truck,whitevan,10,6,2|3|4|7|8|10,2026-07-12 21.06.04.jpg|2026-07-12 21.01.06.jpg|2026-07-12 21.01.23.jpg|2026-07-12 21.01.49.jpg|2026-07-12 21.01.50.jpg|2026-07-12 21.05.27.jpg,1.0,0.8599412576050888,0.9641478211249233,0.8915921449661255,0.9645007108466178,0.9996341218645813
real_uav_finetuned,la_souris_truck,whitevan,10,6,2|3|4|7|9|10,2026-07-12 21.06.04.jpg|2026-07-12 21.01.06.jpg|2026-07-12 21.01.23.jpg|2026-07-12 21.01.49.jpg|2026-07-12 21.01.51.jpg|2026-07-12 21.05.27.jpg,1.0,0.8599412576050888,0.9641841476473275,0.8915921449661255,0.9645007108466178,0.9996717854162985
real_uav_finetuned,la_souris_truck,whitevan,10,6,2|3|4|8|9|10,2026-07-12 21.06.04.jpg|2026-07-12 21.01.06.jpg|2026-07-12 21.01.23.jpg|2026-07-12 21.01.50.jpg|2026-07-12 21.01.51.jpg|2026-07-12 21.05.27.jpg,1.0,0.8599412576050888,0.9641571346332336,0.8915921449661255,0.9645007108466178,0.9996437781646811
real_uav_finetuned,la_souris_truck,whitevan,10,6,2|3|5|6|7|8,2026-07-12 21.06.04.jpg|2026-07-12 21.01.06.jpg|2026-07-12 21.01.30.jpg|2026-07-12 21.01.33.jpg|2026-07-12 21.01.49.jpg|2026-07-12 21.01.50.jpg,1.0,0.8505784204159799,0.952673084157896,0.8926346302032471,0.9528853033881385,0.9997772877496506
real_uav_finetuned,la_souris_truck,whitevan,10,6,2|3|5|6|7|9,2026-07-12 21.06.04.jpg|2026-07-12 21.01.06.jpg|2026-07-12 21.01.30.jpg|2026-07-12 21.01.33.jpg|2026-07-12 21.01.49.jpg|2026-07-12 21.01.51.jpg,1.0,0.8505784204159799,0.9526949300382038,0.8926346302032471,0.9528853033881385,0.9998002137830674
real_uav_finetuned,la_souris_truck,whitevan,10,6,2|3|5|6|7|10,2026-07-12 21.06.04.jpg|2026-07-12 21.01.06.jpg|2026-07-12 21.01.30.jpg|2026-07-12 21.01.33.jpg|2026-07-12 21.01.49.jpg|2026-07-12 21.05.27.jpg,1.0,0.8505784204159799,0.9519121078646002,0.8926346302032471,0.9528853033881385,0.9989786855563015
real_uav_finetuned,la_souris_truck,whitevan,10,6,2|3|5|6|8|9,2026-07-12 21.06.04.jpg|2026-07-12 21.01.06.jpg|2026-07-12 21.01.30.jpg|2026-07-12 21.01.33.jpg|2026-07-12 21.01.50.jpg|2026-07-12 21.01.51.jpg,1.0,0.8505784204159799,0.9526786850735447,0.8926346302032471,0.9528853033881385,0.9997831655983578
real_uav_finetuned,la_souris_truck,whitevan,10,6,2|3|5|6|8|10,2026-07-12 21.06.04.jpg|2026-07-12 21.01.06.jpg|2026-07-12 21.01.30.jpg|2026-07-12 21.01.33.jpg|2026-07-12 21.01.50.jpg|2026-07-12 21.05.27.jpg,1.0,0.8505784204159799,0.9518290630114636,0.8926346302032471,0.9528853033881385,0.9988915346129076
real_uav_finetuned,la_souris_truck,whitevan,10,6,2|3|5|6|9|10,2026-07-12 21.06.04.jpg|2026-07-12 21.01.06.jpg|2026-07-12 21.01.30.jpg|2026-07-12 21.01.33.jpg|2026-07-12 21.01.51.jpg|2026-07-12 21.05.27.jpg,1.0,0.8505784204159799,0.9519377925588227,0.8926346302032471,0.9528853033881385,0.9990056402108977
real_uav_finetuned,la_souris_truck,whitevan,10,6,2|3|5|7|8|9,2026-07-12 21.06.04.jpg|2026-07-12 21.01.06.jpg|2026-07-12 21.01.30.jpg|2026-07-12 21.01.49.jpg|2026-07-12 21.01.50.jpg|2026-07-12 21.01.51.jpg,1.0,0.8505784204159799,0.9528177594142814,0.8926346302032471,0.9528853033881385,0.9999291163651942
real_uav_finetuned,la_souris_truck,whitevan,10,6,2|3|5|7|8|10,2026-07-12 21.06.04.jpg|2026-07-12 21.01.06.jpg|2026-07-12 21.01.30.jpg|2026-07-12 21.01.49.jpg|2026-07-12 21.01.50.jpg|2026-07-12 21.05.27.jpg,1.0,0.8505784204159799,0.9525400161248617,0.8926346302032471,0.9528853033881385,0.99963764026788
real_uav_finetuned,la_souris_truck,whitevan,10,6,2|3|5|7|9|10,2026-07-12 21.06.04.jpg|2026-07-12 21.01.06.jpg|2026-07-12 21.01.30.jpg|2026-07-12 21.01.49.jpg|2026-07-12 21.01.51.jpg|2026-07-12 21.05.27.jpg,1.0,0.8505784204159799,0.9525755600490233,0.8926346302032471,0.9528853033881385,0.9996749416346188
real_uav_finetuned,la_souris_truck,whitevan,10,6,2|3|5|8|9|10,2026-07-12 21.06.04.jpg|2026-07-12 21.01.06.jpg|2026-07-12 21.01.30.jpg|2026-07-12 21.01.50.jpg|2026-07-12 21.01.51.jpg|2026-07-12 21.05.27.jpg,1.0,0.8505784204159799,0.9525491289881679,0.8926346302032471,0.9528853033881385,0.9996472037098534
real_uav_finetuned,la_souris_truck,whitevan,10,6,2|3|6|7|8|9,2026-07-12 21.06.04.jpg|2026-07-12 21.01.06.jpg|2026-07-12 21.01.33.jpg|2026-07-12 21.01.49.jpg|2026-07-12 21.01.50.jpg|2026-07-12 21.01.51.jpg,1.0,0.7965124538279313,0.9115443810018186,0.8769187927246094,0.9117771688696744,0.9997446877638486
real_uav_finetuned,la_souris_truck,whitevan,10,6,2|3|6|7|8|10,2026-07-12 21.06.04.jpg|2026-07-12 21.01.06.jpg|2026-07-12 21.01.33.jpg|2026-07-12 21.01.49.jpg|2026-07-12 21.01.50.jpg|2026-07-12 21.05.27.jpg,1.0,0.7965124538279313,0.9105871487801547,0.8735823631286621,0.9117771688696744,0.9986948345164258
real_uav_finetuned,la_souris_truck,whitevan,10,6,2|3|6|7|9|10,2026-07-12 21.06.04.jpg|2026-07-12 21.01.06.jpg|2026-07-12 21.01.33.jpg|2026-07-12 21.01.49.jpg|2026-07-12 21.01.51.jpg|2026-07-12 21.05.27.jpg,1.0,0.7965124538279313,0.910709649631797,0.8769187927246094,0.9117771688696744,0.9988291884526997
real_uav_finetuned,la_souris_truck,whitevan,10,6,2|3|6|8|9|10,2026-07-12 21.06.04.jpg|2026-07-12 21.01.06.jpg|2026-07-12 21.01.33.jpg|2026-07-12 21.01.50.jpg|2026-07-12 21.01.51.jpg|2026-07-12 21.05.27.jpg,1.0,0.7860650461740908,0.9099105706582085,0.8769187927246094,0.9110682827979957,0.9987292806020732
real_uav_finetuned,la_souris_truck,whitevan,10,6,2|3|7|8|9|10,2026-07-12 21.06.04.jpg|2026-07-12 21.01.06.jpg|2026-07-12 21.01.49.jpg|2026-07-12 21.01.50.jpg|2026-07-12 21.01.51.jpg|2026-07-12 21.05.27.jpg,1.0,0.7965124538279313,0.9113984157956756,0.8769187927246094,0.9117771688696744,0.9995845990808606
real_uav_finetuned,la_souris_truck,whitevan,10,6,2|4|5|6|7|8,2026-07-12 21.06.04.jpg|2026-07-12 21.01.23.jpg|2026-07-12 21.01.30.jpg|2026-07-12 21.01.33.jpg|2026-07-12 21.01.49.jpg|2026-07-12 21.01.50.jpg,1.0,0.8599412576050888,0.9644270328265246,0.8926346302032471,0.9645007108466178,0.9999236101961724
real_uav_finetuned,la_souris_truck,whitevan,10,6,2|4|5|6|7|9,2026-07-12 21.06.04.jpg|2026-07-12 21.01.23.jpg|2026-07-12 21.01.30.jpg|2026-07-12 21.01.33.jpg|2026-07-12 21.01.49.jpg|2026-07-12 21.01.51.jpg,1.0,0.8599412576050888,0.9644346172532821,0.8926346302032471,0.9645007108466178,0.9999314737743659
real_uav_finetuned,la_souris_truck,whitevan,10,6,2|4|5|6|7|10,2026-07-12 21.06.04.jpg|2026-07-12 21.01.23.jpg|2026-07-12 21.01.30.jpg|2026-07-12 21.01.33.jpg|2026-07-12 21.01.49.jpg|2026-07-12 21.05.27.jpg,1.0,0.8599412576050888,0.9641628379815816,0.8926346302032471,0.9645007108466178,0.999649691429735
real_uav_finetuned,la_souris_truck,whitevan,10,6,2|4|5|6|8|9,2026-07-12 21.06.04.jpg|2026-07-12 21.01.23.jpg|2026-07-12 21.01.30.jpg|2026-07-12 21.01.33.jpg|2026-07-12 21.01.50.jpg|2026-07-12 21.01.51.jpg,1.0,0.8599412576050888,0.9644289773457618,0.8926346302032471,0.9645007108466178,0.9999256262851346
real_uav_finetuned,la_souris_truck,whitevan,10,6,2|4|5|6|8|10,2026-07-12 21.06.04.jpg|2026-07-12 21.01.23.jpg|2026-07-12 21.01.30.jpg|2026-07-12 21.01.33.jpg|2026-07-12 21.01.50.jpg|2026-07-12 21.05.27.jpg,1.0,0.8599412576050888,0.964134006568184,0.8926346302032471,0.9645007108466178,0.9996197988510429
real_uav_finetuned,la_souris_truck,whitevan,10,6,2|4|5|6|9|10,2026-07-12 21.06.04.jpg|2026-07-12 21.01.23.jpg|2026-07-12 21.01.30.jpg|2026-07-12 21.01.33.jpg|2026-07-12 21.01.51.jpg|2026-07-12 21.05.27.jpg,1.0,0.8599412576050888,0.9641717551631906,0.8926346302032471,0.9645007108466178,0.9996589368159838
real_uav_finetuned,la_souris_truck,whitevan,10,6,2|4|5|7|8|9,2026-07-12 21.06.04.jpg|2026-07-12 21.01.23.jpg|2026-07-12 21.01.30.jpg|2026-07-12 21.01.49.jpg|2026-07-12 21.01.50.jpg|2026-07-12 21.01.51.jpg,1.0,0.8599412576050888,0.9644772610100628,0.8926346302032471,0.9645007108466178,0.9999756870717758
real_uav_finetuned,la_souris_truck,whitevan,10,6,2|4|5|7|8|10,2026-07-12 21.06.04.jpg|2026-07-12 21.01.23.jpg|2026-07-12 21.01.30.jpg|2026-07-12 21.01.49.jpg|2026-07-12 21.01.50.jpg|2026-07-12 21.05.27.jpg,1.0,0.8599412576050888,0.9643808344249922,0.8926346302032471,0.9645007108466178,0.9998757114222131
real_uav_finetuned,la_souris_truck,whitevan,10,6,2|4|5|7|9|10,2026-07-12 21.06.04.jpg|2026-07-12 21.01.23.jpg|2026-07-12 21.01.30.jpg|2026-07-12 21.01.49.jpg|2026-07-12 21.01.51.jpg|2026-07-12 21.05.27.jpg,1.0,0.8599412576050888,0.964393174522332,0.8926346302032471,0.9645007108466178,0.9998885057075889
real_uav_finetuned,la_souris_truck,whitevan,10,6,2|4|5|8|9|10,2026-07-12 21.06.04.jpg|2026-07-12 21.01.23.jpg|2026-07-12 21.01.30.jpg|2026-07-12 21.01.50.jpg|2026-07-12 21.01.51.jpg|2026-07-12 21.05.27.jpg,1.0,0.8599412576050888,0.9643839982180424,0.8926346302032471,0.9645007108466178,0.9998789916614236
real_uav_finetuned,la_souris_truck,whitevan,10,6,2|4|6|7|8|9,2026-07-12 21.06.04.jpg|2026-07-12 21.01.23.jpg|2026-07-12 21.01.33.jpg|2026-07-12 21.01.49.jpg|2026-07-12 21.01.50.jpg|2026-07-12 21.01.51.jpg,1.0,0.8599412576050888,0.9644162480474873,0.8915921449661255,0.9645007108466178,0.9999124284739443
real_uav_finetuned,la_souris_truck,whitevan,10,6,2|4|6|7|8|10,2026-07-12 21.06.04.jpg|2026-07-12 21.01.23.jpg|2026-07-12 21.01.33.jpg|2026-07-12 21.01.49.jpg|2026-07-12 21.01.50.jpg|2026-07-12 21.05.27.jpg,1.0,0.8599412576050888,0.9640689339301133,0.8915921449661255,0.9645007108466178,0.999552331157822
real_uav_finetuned,la_souris_truck,whitevan,10,6,2|4|6|7|9|10,2026-07-12 21.06.04.jpg|2026-07-12 21.01.23.jpg|2026-07-12 21.01.33.jpg|2026-07-12 21.01.49.jpg|2026-07-12 21.01.51.jpg|2026-07-12 21.05.27.jpg,1.0,0.8599412576050888,0.9641133811125241,0.8915921449661255,0.9645007108466178,0.9995984142575138
real_uav_finetuned,la_souris_truck,whitevan,10,6,2|4|6|8|9|10,2026-07-12 21.06.04.jpg|2026-07-12 21.01.23.jpg|2026-07-12 21.01.33.jpg|2026-07-12 21.01.50.jpg|2026-07-12 21.01.51.jpg|2026-07-12 21.05.27.jpg,1.0,0.8599412576050888,0.9640803294388313,0.8915921449661255,0.9645007108466178,0.9995641460881687
real_uav_finetuned,la_souris_truck,whitevan,10,6,2|4|7|8|9|10,2026-07-12 21.06.04.jpg|2026-07-12 21.01.23.jpg|2026-07-12 21.01.49.jpg|2026-07-12 21.01.50.jpg|2026-07-12 21.01.51.jpg|2026-07-12 21.05.27.jpg,1.0,0.8599412576050888,0.9643632872553288,0.8915921449661255,0.9645007108466178,0.9998575184136792
real_uav_finetuned,la_souris_truck,whitevan,10,6,2|5|6|7|8|9,2026-07-12 21.06.04.jpg|2026-07-12 21.01.30.jpg|2026-07-12 21.01.33.jpg|2026-07-12 21.01.49.jpg|2026-07-12 21.01.50.jpg|2026-07-12 21.01.51.jpg,1.0,0.8505784204159799,0.9528026602082226,0.8926346302032471,0.9528853033881385,0.9999132705902567
real_uav_finetuned,la_souris_truck,whitevan,10,6,2|5|6|7|8|10,2026-07-12 21.06.04.jpg|2026-07-12 21.01.30.jpg|2026-07-12 21.01.33.jpg|2026-07-12 21.01.49.jpg|2026-07-12 21.01.50.jpg|2026-07-12 21.05.27.jpg,1.0,0.8505784204159799,0.9524628284315713,0.8926346302032471,0.9528853033881385,0.9995566360871921
real_uav_finetuned,la_souris_truck,whitevan,10,6,2|5|6|7|9|10,2026-07-12 21.06.04.jpg|2026-07-12 21.01.30.jpg|2026-07-12 21.01.33.jpg|2026-07-12 21.01.49.jpg|2026-07-12 21.01.51.jpg|2026-07-12 21.05.27.jpg,1.0,0.8505784204159799,0.9525063180687907,0.8926346302032471,0.9528853033881385,0.9996022760367903
real_uav_finetuned,la_souris_truck,whitevan,10,6,2|5|6|8|9|10,2026-07-12 21.06.04.jpg|2026-07-12 21.01.30.jpg|2026-07-12 21.01.33.jpg|2026-07-12 21.01.50.jpg|2026-07-12 21.01.51.jpg|2026-07-12 21.05.27.jpg,1.0,0.8505784204159799,0.952473978441835,0.8926346302032471,0.9528853033881385,0.9995683374013211
real_uav_finetuned,la_souris_truck,whitevan,10,6,2|5|7|8|9|10,2026-07-12 21.06.04.jpg|2026-07-12 21.01.30.jpg|2026-07-12 21.01.49.jpg|2026-07-12 21.01.50.jpg|2026-07-12 21.01.51.jpg|2026-07-12 21.05.27.jpg,1.0,0.8505784204159799,0.9527508403736932,0.8926346302032471,0.9528853033881385,0.9998588885630125
real_uav_finetuned,la_souris_truck,whitevan,10,6,2|6|7|8|9|10,2026-07-12 21.06.04.jpg|2026-07-12 21.01.33.jpg|2026-07-12 21.01.49.jpg|2026-07-12 21.01.50.jpg|2026-07-12 21.01.51.jpg|2026-07-12 21.05.27.jpg,1.0,0.7965124538279313,0.9113137469439166,0.8769187927246094,0.9117771688696744,0.9994917377385834
real_uav_finetuned,la_souris_truck,whitevan,10,6,3|4|5|6|7|8,2026-07-12 21.01.06.jpg|2026-07-12 21.01.23.jpg|2026-07-12 21.01.30.jpg|2026-07-12 21.01.33.jpg|2026-07-12 21.01.49.jpg|2026-07-12 21.01.50.jpg,1.0,0.8599412576050888,0.9644769115093711,0.8926346302032471,0.9645007108466178,0.9999753247074066
real_uav_finetuned,la_souris_truck,whitevan,10,6,3|4|5|6|7|9,2026-07-12 21.01.06.jpg|2026-07-12 21.01.23.jpg|2026-07-12 21.01.30.jpg|2026-07-12 21.01.33.jpg|2026-07-12 21.01.49.jpg|2026-07-12 21.01.51.jpg,1.0,0.8599412576050888,0.9644793614168197,0.8926346302032471,0.9645007108466178,0.9999778647858337
real_uav_finetuned,la_souris_truck,whitevan,10,6,3|4|5|6|7|10,2026-07-12 21.01.06.jpg|2026-07-12 21.01.23.jpg|2026-07-12 21.01.30.jpg|2026-07-12 21.01.33.jpg|2026-07-12 21.01.49.jpg|2026-07-12 21.05.27.jpg,1.0,0.8599412576050888,0.9643915717811092,0.8926346302032471,0.9645007108466178,0.9998868439760787
real_uav_finetuned,la_souris_truck,whitevan,10,6,3|4|5|6|8|9,2026-07-12 21.01.06.jpg|2026-07-12 21.01.23.jpg|2026-07-12 21.01.30.jpg|2026-07-12 21.01.33.jpg|2026-07-12 21.01.50.jpg|2026-07-12 21.01.51.jpg,1.0,0.8599412576050888,0.9644775396243646,0.8926346302032471,0.9645007108466178,0.9999759759407197
real_uav_finetuned,la_souris_truck,whitevan,10,6,3|4|5|6|8|10,2026-07-12 21.01.06.jpg|2026-07-12 21.01.23.jpg|2026-07-12 21.01.30.jpg|2026-07-12 21.01.33.jpg|2026-07-12 21.01.50.jpg|2026-07-12 21.05.27.jpg,1.0,0.8599412576050888,0.9643822587114871,0.8926346302032471,0.9645007108466178,0.9998771881308135
real_uav_finetuned,la_souris_truck,whitevan,10,6,3|4|5|6|9|10,2026-07-12 21.01.06.jpg|2026-07-12 21.01.23.jpg|2026-07-12 21.01.30.jpg|2026-07-12 21.01.33.jpg|2026-07-12 21.01.51.jpg|2026-07-12 21.05.27.jpg,1.0,0.8599412576050888,0.9643944521925553,0.8926346302032471,0.9645007108466178,0.9998898304035782
real_uav_finetuned,la_souris_truck,whitevan,10,6,3|4|5|7|8|9,2026-07-12 21.01.06.jpg|2026-07-12 21.01.23.jpg|2026-07-12 21.01.30.jpg|2026-07-12 21.01.49.jpg|2026-07-12 21.01.50.jpg|2026-07-12 21.01.51.jpg,1.0,0.8599412576050888,0.964493136123955,0.8926346302032471,0.9645007108466178,0.9999921464830688
real_uav_finetuned,la_souris_truck,whitevan,10,6,3|4|5|7|8|10,2026-07-12 21.01.06.jpg|2026-07-12 21.01.23.jpg|2026-07-12 21.01.30.jpg|2026-07-12 21.01.49.jpg|2026-07-12 21.01.50.jpg|2026-07-12 21.05.27.jpg,1.0,0.8599412576050888,0.9644619885874883,0.8926346302032471,0.9645007108466178,0.9999598525343797
real_uav_finetuned,la_souris_truck,whitevan,10,6,3|4|5|7|9|10,2026-07-12 21.01.06.jpg|2026-07-12 21.01.23.jpg|2026-07-12 21.01.30.jpg|2026-07-12 21.01.49.jpg|2026-07-12 21.01.51.jpg|2026-07-12 21.05.27.jpg,1.0,0.8599412576050888,0.9644659746628182,0.8926346302032471,0.9645007108466178,0.9999639853206856
real_uav_finetuned,la_souris_truck,whitevan,10,6,3|4|5|8|9|10,2026-07-12 21.01.06.jpg|2026-07-12 21.01.23.jpg|2026-07-12 21.01.30.jpg|2026-07-12 21.01.50.jpg|2026-07-12 21.01.51.jpg|2026-07-12 21.05.27.jpg,1.0,0.8599412576050888,0.964463010550045,0.8926346302032471,0.9645007108466178,0.9999609121111588
real_uav_finetuned,la_souris_truck,whitevan,10,6,3|4|6|7|8|9,2026-07-12 21.01.06.jpg|2026-07-12 21.01.23.jpg|2026-07-12 21.01.33.jpg|2026-07-12 21.01.49.jpg|2026-07-12 21.01.50.jpg|2026-07-12 21.01.51.jpg,1.0,0.8599412576050888,0.9644734278300714,0.8915921449661255,0.9645007108466178,0.9999717128082545
real_uav_finetuned,la_souris_truck,whitevan,10,6,3|4|6|7|8|10,2026-07-12 21.01.06.jpg|2026-07-12 21.01.23.jpg|2026-07-12 21.01.33.jpg|2026-07-12 21.01.49.jpg|2026-07-12 21.01.50.jpg|2026-07-12 21.05.27.jpg,1.0,0.8599412576050888,0.964361239068763,0.8915921449661255,0.9645007108466178,0.999855394841822
real_uav_finetuned,la_souris_truck,whitevan,10,6,3|4|6|7|9|10,2026-07-12 21.01.06.jpg|2026-07-12 21.01.23.jpg|2026-07-12 21.01.33.jpg|2026-07-12 21.01.49.jpg|2026-07-12 21.01.51.jpg|2026-07-12 21.05.27.jpg,1.0,0.8599412576050888,0.9643755963150966,0.8915921449661255,0.9645007108466178,0.9998702805191182
real_uav_finetuned,la_souris_truck,whitevan,10,6,3|4|6|8|9|10,2026-07-12 21.01.06.jpg|2026-07-12 21.01.23.jpg|2026-07-12 21.01.33.jpg|2026-07-12 21.01.50.jpg|2026-07-12 21.01.51.jpg|2026-07-12 21.05.27.jpg,1.0,0.8599412576050888,0.9643649200248301,0.8915921449661255,0.9645007108466178,0.9998592112786848
real_uav_finetuned,la_souris_truck,whitevan,10,6,3|4|7|8|9|10,2026-07-12 21.01.06.jpg|2026-07-12 21.01.23.jpg|2026-07-12 21.01.49.jpg|2026-07-12 21.01.50.jpg|2026-07-12 21.01.51.jpg|2026-07-12 21.05.27.jpg,1.0,0.8599412576050888,0.964456320533325,0.8915921449661255,0.9645007108466178,0.9999539758625435
real_uav_finetuned,la_souris_truck,whitevan,10,6,3|5|6|7|8|9,2026-07-12 21.01.06.jpg|2026-07-12 21.01.30.jpg|2026-07-12 21.01.33.jpg|2026-07-12 21.01.49.jpg|2026-07-12 21.01.50.jpg|2026-07-12 21.01.51.jpg,1.0,0.8505784204159799,0.9528586081416122,0.8926346302032471,0.9528853033881385,0.999971984827102
real_uav_finetuned,la_souris_truck,whitevan,10,6,3|5|6|7|8|10,2026-07-12 21.01.06.jpg|2026-07-12 21.01.30.jpg|2026-07-12 21.01.33.jpg|2026-07-12 21.01.49.jpg|2026-07-12 21.01.50.jpg|2026-07-12 21.05.27.jpg,1.0,0.8505784204159799,0.9527488363121109,0.8926346302032471,0.9528853033881385,0.9998567854121138
real_uav_finetuned,la_souris_truck,whitevan,10,6,3|5|6|7|9|10,2026-07-12 21.01.06.jpg|2026-07-12 21.01.30.jpg|2026-07-12 21.01.33.jpg|2026-07-12 21.01.49.jpg|2026-07-12 21.01.51.jpg|2026-07-12 21.05.27.jpg,1.0,0.8505784204159799,0.9527628842539749,0.8926346302032471,0.9528853033881385,0.9998715279438897
real_uav_finetuned,la_souris_truck,whitevan,10,6,3|5|6|8|9|10,2026-07-12 21.01.06.jpg|2026-07-12 21.01.30.jpg|2026-07-12 21.01.33.jpg|2026-07-12 21.01.50.jpg|2026-07-12 21.01.51.jpg|2026-07-12 21.05.27.jpg,1.0,0.8505784204159799,0.9527524379677231,0.8926346302032471,0.9528853033881385,0.9998605651488769
real_uav_finetuned,la_souris_truck,whitevan,10,6,3|5|7|8|9|10,2026-07-12 21.01.06.jpg|2026-07-12 21.01.30.jpg|2026-07-12 21.01.49.jpg|2026-07-12 21.01.50.jpg|2026-07-12 21.01.51.jpg|2026-07-12 21.05.27.jpg,1.0,0.8505784204159799,0.9528418693948806,0.8926346302032471,0.9528853033881385,0.9999544184456371
real_uav_finetuned,la_souris_truck,whitevan,10,6,3|6|7|8|9|10,2026-07-12 21.01.06.jpg|2026-07-12 21.01.33.jpg|2026-07-12 21.01.49.jpg|2026-07-12 21.01.50.jpg|2026-07-12 21.01.51.jpg|2026-07-12 21.05.27.jpg,1.0,0.7965124538279313,0.9116274751796883,0.8769187927246094,0.9117771688696744,0.999835822068048
real_uav_finetuned,la_souris_truck,whitevan,10,6,4|5|6|7|8|9,2026-07-12 21.01.23.jpg|2026-07-12 21.01.30.jpg|2026-07-12 21.01.33.jpg|2026-07-12 21.01.49.jpg|2026-07-12 21.01.50.jpg|2026-07-12 21.01.51.jpg,1.0,0.8599412576050888,0.9644914428226611,0.8926346302032471,0.9645007108466178,0.9999903908583452
real_uav_finetuned,la_souris_truck,whitevan,10,6,4|5|6|7|8|10,2026-07-12 21.01.23.jpg|2026-07-12 21.01.30.jpg|2026-07-12 21.01.33.jpg|2026-07-12 21.01.49.jpg|2026-07-12 21.01.50.jpg|2026-07-12 21.05.27.jpg,1.0,0.8599412576050888,0.9644533323693794,0.8926346302032471,0.9645007108466178,0.99995087771662
real_uav_finetuned,la_souris_truck,whitevan,10,6,4|5|6|7|9|10,2026-07-12 21.01.23.jpg|2026-07-12 21.01.30.jpg|2026-07-12 21.01.33.jpg|2026-07-12 21.01.49.jpg|2026-07-12 21.01.51.jpg|2026-07-12 21.05.27.jpg,1.0,0.8599412576050888,0.964458209517137,0.8926346302032471,0.9645007108466178,0.9999559343720509
real_uav_finetuned,la_souris_truck,whitevan,10,6,4|5|6|8|9|10,2026-07-12 21.01.23.jpg|2026-07-12 21.01.30.jpg|2026-07-12 21.01.33.jpg|2026-07-12 21.01.50.jpg|2026-07-12 21.01.51.jpg|2026-07-12 21.05.27.jpg,1.0,0.8599412576050888,0.9644545827878935,0.8926346302032471,0.9645007108466178,0.9999521741578772
real_uav_finetuned,la_souris_truck,whitevan,10,6,4|5|7|8|9|10,2026-07-12 21.01.23.jpg|2026-07-12 21.01.30.jpg|2026-07-12 21.01.49.jpg|2026-07-12 21.01.50.jpg|2026-07-12 21.01.51.jpg|2026-07-12 21.05.27.jpg,1.0,0.8599412576050888,0.964485631484468,0.8926346302032471,0.9645007108466178,0.9999843656287857
real_uav_finetuned,la_souris_truck,whitevan,10,6,4|6|7|8|9|10,2026-07-12 21.01.23.jpg|2026-07-12 21.01.33.jpg|2026-07-12 21.01.49.jpg|2026-07-12 21.01.50.jpg|2026-07-12 21.01.51.jpg|2026-07-12 21.05.27.jpg,1.0,0.8599412576050888,0.9644463972426278,0.8915921449661255,0.9645007108466178,0.9999436873364849
real_uav_finetuned,la_souris_truck,whitevan,10,6,5|6|7|8|9|10,2026-07-12 21.01.30.jpg|2026-07-12 21.01.33.jpg|2026-07-12 21.01.49.jpg|2026-07-12 21.01.50.jpg|2026-07-12 21.01.51.jpg|2026-07-12 21.05.27.jpg,1.0,0.8505784204159799,0.9528321598859976,0.8926346302032471,0.9528853033881385,0.9999442288573955
real_uav_finetuned,la_souris_truck,whitevan,10,7,1|2|3|4|5|6|7,2026-07-12 21.05.57.jpg|2026-07-12 21.06.04.jpg|2026-07-12 21.01.06.jpg|2026-07-12 21.01.23.jpg|2026-07-12 21.01.30.jpg|2026-07-12 21.01.33.jpg|2026-07-12 21.01.49.jpg,1.0,0.8599412576050888,0.9643309892614133,0.8926346302032471,0.9645007108466178,0.9998240316639523
real_uav_finetuned,la_souris_truck,whitevan,10,7,1|2|3|4|5|6|8,2026-07-12 21.05.57.jpg|2026-07-12 21.06.04.jpg|2026-07-12 21.01.06.jpg|2026-07-12 21.01.23.jpg|2026-07-12 21.01.30.jpg|2026-07-12 21.01.33.jpg|2026-07-12 21.01.50.jpg,1.0,0.8599412576050888,0.9643165065559584,0.8926346302032471,0.9645007108466178,0.9998090159099025
real_uav_finetuned,la_souris_truck,whitevan,10,7,1|2|3|4|5|6|9,2026-07-12 21.05.57.jpg|2026-07-12 21.06.04.jpg|2026-07-12 21.01.06.jpg|2026-07-12 21.01.23.jpg|2026-07-12 21.01.30.jpg|2026-07-12 21.01.33.jpg|2026-07-12 21.01.51.jpg,1.0,0.8599412576050888,0.9643354685740627,0.8926346302032471,0.9645007108466178,0.9998286758416072
real_uav_finetuned,la_souris_truck,whitevan,10,7,1|2|3|4|5|6|10,2026-07-12 21.05.57.jpg|2026-07-12 21.06.04.jpg|2026-07-12 21.01.06.jpg|2026-07-12 21.01.23.jpg|2026-07-12 21.01.30.jpg|2026-07-12 21.01.33.jpg|2026-07-12 21.05.27.jpg,1.0,0.8599412576050888,0.9636559863092539,0.8926346302032471,0.9645007108466178,0.9991241846399237
real_uav_finetuned,la_souris_truck,whitevan,10,7,1|2|3|4|5|7|8,2026-07-12 21.05.57.jpg|2026-07-12 21.06.04.jpg|2026-07-12 21.01.06.jpg|2026-07-12 21.01.23.jpg|2026-07-12 21.01.30.jpg|2026-07-12 21.01.49.jpg|2026-07-12 21.01.50.jpg,1.0,0.8599412576050888,0.9644404940656557,0.8926346302032471,0.9645007108466178,0.9999375668879401
real_uav_finetuned,la_souris_truck,whitevan,10,7,1|2|3|4|5|7|9,2026-07-12 21.05.57.jpg|2026-07-12 21.06.04.jpg|2026-07-12 21.01.06.jpg|2026-07-12 21.01.23.jpg|2026-07-12 21.01.30.jpg|2026-07-12 21.01.49.jpg|2026-07-12 21.01.51.jpg,1.0,0.8599412576050888,0.9644466927903796,0.8926346302032471,0.9645007108466178,0.9999439937621293
real_uav_finetuned,la_souris_truck,whitevan,10,7,1|2|3|4|5|7|10,2026-07-12 21.05.57.jpg|2026-07-12 21.06.04.jpg|2026-07-12 21.01.06.jpg|2026-07-12 21.01.23.jpg|2026-07-12 21.01.30.jpg|2026-07-12 21.01.49.jpg|2026-07-12 21.05.27.jpg,1.0,0.8599412576050888,0.9642245685686192,0.8926346302032471,0.9645007108466178,0.9997136940648221
real_uav_finetuned,la_souris_truck,whitevan,10,7,1|2|3|4|5|8|9,2026-07-12 21.05.57.jpg|2026-07-12 21.06.04.jpg|2026-07-12 21.01.06.jpg|2026-07-12 21.01.23.jpg|2026-07-12 21.01.30.jpg|2026-07-12 21.01.50.jpg|2026-07-12 21.01.51.jpg,1.0,0.8599412576050888,0.9644420833142379,0.8926346302032471,0.9645007108466178,0.9999392146302013
real_uav_finetuned,la_souris_truck,whitevan,10,7,1|2|3|4|5|8|10,2026-07-12 21.05.57.jpg|2026-07-12 21.06.04.jpg|2026-07-12 21.01.06.jpg|2026-07-12 21.01.23.jpg|2026-07-12 21.01.30.jpg|2026-07-12 21.01.50.jpg|2026-07-12 21.05.27.jpg,1.0,0.8599412576050888,0.9642010047580934,0.8926346302032471,0.9645007108466178,0.9996892629677159
real_uav_finetuned,la_souris_truck,whitevan,10,7,1|2|3|4|5|9|10,2026-07-12 21.05.57.jpg|2026-07-12 21.06.04.jpg|2026-07-12 21.01.06.jpg|2026-07-12 21.01.23.jpg|2026-07-12 21.01.30.jpg|2026-07-12 21.01.51.jpg|2026-07-12 21.05.27.jpg,1.0,0.8599412576050888,0.9642318565490925,0.8926346302032471,0.9645007108466178,0.9997212502857677
real_uav_finetuned,la_souris_truck,whitevan,10,7,1|2|3|4|6|7|8,2026-07-12 21.05.57.jpg|2026-07-12 21.06.04.jpg|2026-07-12 21.01.06.jpg|2026-07-12 21.01.23.jpg|2026-07-12 21.01.33.jpg|2026-07-12 21.01.49.jpg|2026-07-12 21.01.50.jpg,1.0,0.8599412576050888,0.9642838190204097,0.8915921449661255,0.9645007108466178,0.9997751252811232
real_uav_finetuned,la_souris_truck,whitevan,10,7,1|2|3|4|6|7|9,2026-07-12 21.05.57.jpg|2026-07-12 21.06.04.jpg|2026-07-12 21.01.06.jpg|2026-07-12 21.01.23.jpg|2026-07-12 21.01.33.jpg|2026-07-12 21.01.49.jpg|2026-07-12 21.01.51.jpg,1.0,0.8599412576050888,0.9643061458984673,0.8915921449661255,0.9645007108466178,0.9997982739193839
real_uav_finetuned,la_souris_truck,whitevan,10,7,1|2|3|4|6|7|10,2026-07-12 21.05.57.jpg|2026-07-12 21.06.04.jpg|2026-07-12 21.01.06.jpg|2026-07-12 21.01.23.jpg|2026-07-12 21.01.33.jpg|2026-07-12 21.01.49.jpg|2026-07-12 21.05.27.jpg,1.0,0.8599412576050888,0.9635060877197852,0.8915921449661255,0.9645007108466178,0.9989687689022442
real_uav_finetuned,la_souris_truck,whitevan,10,7,1|2|3|4|6|8|9,2026-07-12 21.05.57.jpg|2026-07-12 21.06.04.jpg|2026-07-12 21.01.06.jpg|2026-07-12 21.01.23.jpg|2026-07-12 21.01.33.jpg|2026-07-12 21.01.50.jpg|2026-07-12 21.01.51.jpg,1.0,0.8599412576050888,0.9642895432557774,0.8915921449661255,0.9645007108466178,0.9997810602019619
real_uav_finetuned,la_souris_truck,whitevan,10,7,1|2|3|4|6|8|10,2026-07-12 21.05.57.jpg|2026-07-12 21.06.04.jpg|2026-07-12 21.01.06.jpg|2026-07-12 21.01.23.jpg|2026-07-12 21.01.33.jpg|2026-07-12 21.01.50.jpg|2026-07-12 21.05.27.jpg,1.0,0.8599412576050888,0.9634212144034822,0.8915921449661255,0.9645007108466178,0.9988807717495738
real_uav_finetuned,la_souris_truck,whitevan,10,7,1|2|3|4|6|9|10,2026-07-12 21.05.57.jpg|2026-07-12 21.06.04.jpg|2026-07-12 21.01.06.jpg|2026-07-12 21.01.23.jpg|2026-07-12 21.01.33.jpg|2026-07-12 21.01.51.jpg|2026-07-12 21.05.27.jpg,1.0,0.8599412576050888,0.9635323379339112,0.8915921449661255,0.9645007108466178,0.9989959852783763
real_uav_finetuned,la_souris_truck,whitevan,10,7,1|2|3|4|7|8|9,2026-07-12 21.05.57.jpg|2026-07-12 21.06.04.jpg|2026-07-12 21.01.06.jpg|2026-07-12 21.01.23.jpg|2026-07-12 21.01.49.jpg|2026-07-12 21.01.50.jpg|2026-07-12 21.01.51.jpg,1.0,0.8599412576050888,0.9644316797045178,0.8915921449661255,0.9645007108466178,0.9999284281065595
real_uav_finetuned,la_souris_truck,whitevan,10,7,1|2|3|4|7|8|10,2026-07-12 21.05.57.jpg|2026-07-12 21.06.04.jpg|2026-07-12 21.01.06.jpg|2026-07-12 21.01.23.jpg|2026-07-12 21.01.49.jpg|2026-07-12 21.01.50.jpg|2026-07-12 21.05.27.jpg,1.0,0.8599412576050888,0.9641478211249233,0.8915921449661255,0.9645007108466178,0.9996341218645813
real_uav_finetuned,la_souris_truck,whitevan,10,7,1|2|3|4|7|9|10,2026-07-12 21.05.57.jpg|2026-07-12 21.06.04.jpg|2026-07-12 21.01.06.jpg|2026-07-12 21.01.23.jpg|2026-07-12 21.01.49.jpg|2026-07-12 21.01.51.jpg|2026-07-12 21.05.27.jpg,1.0,0.8599412576050888,0.9641841476473275,0.8915921449661255,0.9645007108466178,0.9996717854162985
real_uav_finetuned,la_souris_truck,whitevan,10,7,1|2|3|4|8|9|10,2026-07-12 21.05.57.jpg|2026-07-12 21.06.04.jpg|2026-07-12 21.01.06.jpg|2026-07-12 21.01.23.jpg|2026-07-12 21.01.50.jpg|2026-07-12 21.01.51.jpg|2026-07-12 21.05.27.jpg,1.0,0.8599412576050888,0.9641571346332336,0.8915921449661255,0.9645007108466178,0.9996437781646811
real_uav_finetuned,la_souris_truck,whitevan,10,7,1|2|3|5|6|7|8,2026-07-12 21.05.57.jpg|2026-07-12 21.06.04.jpg|2026-07-12 21.01.06.jpg|2026-07-12 21.01.30.jpg|2026-07-12 21.01.33.jpg|2026-07-12 21.01.49.jpg|2026-07-12 21.01.50.jpg,1.0,0.8505784204159799,0.952673084157896,0.8926346302032471,0.9528853033881385,0.9997772877496506
real_uav_finetuned,la_souris_truck,whitevan,10,7,1|2|3|5|6|7|9,2026-07-12 21.05.57.jpg|2026-07-12 21.06.04.jpg|2026-07-12 21.01.06.jpg|2026-07-12 21.01.30.jpg|2026-07-12 21.01.33.jpg|2026-07-12 21.01.49.jpg|2026-07-12 21.01.51.jpg,1.0,0.8505784204159799,0.9526949300382038,0.8926346302032471,0.9528853033881385,0.9998002137830674
real_uav_finetuned,la_souris_truck,whitevan,10,7,1|2|3|5|6|7|10,2026-07-12 21.05.57.jpg|2026-07-12 21.06.04.jpg|2026-07-12 21.01.06.jpg|2026-07-12 21.01.30.jpg|2026-07-12 21.01.33.jpg|2026-07-12 21.01.49.jpg|2026-07-12 21.05.27.jpg,1.0,0.8505784204159799,0.9519121078646002,0.8926346302032471,0.9528853033881385,0.9989786855563015
real_uav_finetuned,la_souris_truck,whitevan,10,7,1|2|3|5|6|8|9,2026-07-12 21.05.57.jpg|2026-07-12 21.06.04.jpg|2026-07-12 21.01.06.jpg|2026-07-12 21.01.30.jpg|2026-07-12 21.01.33.jpg|2026-07-12 21.01.50.jpg|2026-07-12 21.01.51.jpg,1.0,0.8505784204159799,0.9526786850735447,0.8926346302032471,0.9528853033881385,0.9997831655983578
real_uav_finetuned,la_souris_truck,whitevan,10,7,1|2|3|5|6|8|10,2026-07-12 21.05.57.jpg|2026-07-12 21.06.04.jpg|2026-07-12 21.01.06.jpg|2026-07-12 21.01.30.jpg|2026-07-12 21.01.33.jpg|2026-07-12 21.01.50.jpg|2026-07-12 21.05.27.jpg,1.0,0.8505784204159799,0.9518290630114636,0.8926346302032471,0.9528853033881385,0.9988915346129076
real_uav_finetuned,la_souris_truck,whitevan,10,7,1|2|3|5|6|9|10,2026-07-12 21.05.57.jpg|2026-07-12 21.06.04.jpg|2026-07-12 21.01.06.jpg|2026-07-12 21.01.30.jpg|2026-07-12 21.01.33.jpg|2026-07-12 21.01.51.jpg|2026-07-12 21.05.27.jpg,1.0,0.8505784204159799,0.9519377925588227,0.8926346302032471,0.9528853033881385,0.9990056402108977
real_uav_finetuned,la_souris_truck,whitevan,10,7,1|2|3|5|7|8|9,2026-07-12 21.05.57.jpg|2026-07-12 21.06.04.jpg|2026-07-12 21.01.06.jpg|2026-07-12 21.01.30.jpg|2026-07-12 21.01.49.jpg|2026-07-12 21.01.50.jpg|2026-07-12 21.01.51.jpg,1.0,0.8505784204159799,0.9528177594142814,0.8926346302032471,0.9528853033881385,0.9999291163651942
real_uav_finetuned,la_souris_truck,whitevan,10,7,1|2|3|5|7|8|10,2026-07-12 21.05.57.jpg|2026-07-12 21.06.04.jpg|2026-07-12 21.01.06.jpg|2026-07-12 21.01.30.jpg|2026-07-12 21.01.49.jpg|2026-07-12 21.01.50.jpg|2026-07-12 21.05.27.jpg,1.0,0.8505784204159799,0.9525400161248617,0.8926346302032471,0.9528853033881385,0.99963764026788
real_uav_finetuned,la_souris_truck,whitevan,10,7,1|2|3|5|7|9|10,2026-07-12 21.05.57.jpg|2026-07-12 21.06.04.jpg|2026-07-12 21.01.06.jpg|2026-07-12 21.01.30.jpg|2026-07-12 21.01.49.jpg|2026-07-12 21.01.51.jpg|2026-07-12 21.05.27.jpg,1.0,0.8505784204159799,0.9525755600490233,0.8926346302032471,0.9528853033881385,0.9996749416346188
real_uav_finetuned,la_souris_truck,whitevan,10,7,1|2|3|5|8|9|10,2026-07-12 21.05.57.jpg|2026-07-12 21.06.04.jpg|2026-07-12 21.01.06.jpg|2026-07-12 21.01.30.jpg|2026-07-12 21.01.50.jpg|2026-07-12 21.01.51.jpg|2026-07-12 21.05.27.jpg,1.0,0.8505784204159799,0.9525491289881679,0.8926346302032471,0.9528853033881385,0.9996472037098534
real_uav_finetuned,la_souris_truck,whitevan,10,7,1|2|3|6|7|8|9,2026-07-12 21.05.57.jpg|2026-07-12 21.06.04.jpg|2026-07-12 21.01.06.jpg|2026-07-12 21.01.33.jpg|2026-07-12 21.01.49.jpg|2026-07-12 21.01.50.jpg|2026-07-12 21.01.51.jpg,1.0,0.7965124538279313,0.9115443810018186,0.8769187927246094,0.9117771688696744,0.9997446877638486
real_uav_finetuned,la_souris_truck,whitevan,10,7,1|2|3|6|7|8|10,2026-07-12 21.05.57.jpg|2026-07-12 21.06.04.jpg|2026-07-12 21.01.06.jpg|2026-07-12 21.01.33.jpg|2026-07-12 21.01.49.jpg|2026-07-12 21.01.50.jpg|2026-07-12 21.05.27.jpg,1.0,0.7965124538279313,0.9105871487801547,0.8735823631286621,0.9117771688696744,0.9986948345164258
real_uav_finetuned,la_souris_truck,whitevan,10,7,1|2|3|6|7|9|10,2026-07-12 21.05.57.jpg|2026-07-12 21.06.04.jpg|2026-07-12 21.01.06.jpg|2026-07-12 21.01.33.jpg|2026-07-12 21.01.49.jpg|2026-07-12 21.01.51.jpg|2026-07-12 21.05.27.jpg,1.0,0.7965124538279313,0.910709649631797,0.8769187927246094,0.9117771688696744,0.9988291884526997
real_uav_finetuned,la_souris_truck,whitevan,10,7,1|2|3|6|8|9|10,2026-07-12 21.05.57.jpg|2026-07-12 21.06.04.jpg|2026-07-12 21.01.06.jpg|2026-07-12 21.01.33.jpg|2026-07-12 21.01.50.jpg|2026-07-12 21.01.51.jpg|2026-07-12 21.05.27.jpg,1.0,0.7860650461740908,0.9099105706582085,0.8769187927246094,0.9110682827979957,0.9987292806020732
real_uav_finetuned,la_souris_truck,whitevan,10,7,1|2|3|7|8|9|10,2026-07-12 21.05.57.jpg|2026-07-12 21.06.04.jpg|2026-07-12 21.01.06.jpg|2026-07-12 21.01.49.jpg|2026-07-12 21.01.50.jpg|2026-07-12 21.01.51.jpg|2026-07-12 21.05.27.jpg,1.0,0.7965124538279313,0.9113984157956756,0.8769187927246094,0.9117771688696744,0.9995845990808606
real_uav_finetuned,la_souris_truck,whitevan,10,7,1|2|4|5|6|7|8,2026-07-12 21.05.57.jpg|2026-07-12 21.06.04.jpg|2026-07-12 21.01.23.jpg|2026-07-12 21.01.30.jpg|2026-07-12 21.01.33.jpg|2026-07-12 21.01.49.jpg|2026-07-12 21.01.50.jpg,1.0,0.8599412576050888,0.9644270328265246,0.8926346302032471,0.9645007108466178,0.9999236101961724
real_uav_finetuned,la_souris_truck,whitevan,10,7,1|2|4|5|6|7|9,2026-07-12 21.05.57.jpg|2026-07-12 21.06.04.jpg|2026-07-12 21.01.23.jpg|2026-07-12 21.01.30.jpg|2026-07-12 21.01.33.jpg|2026-07-12 21.01.49.jpg|2026-07-12 21.01.51.jpg,1.0,0.8599412576050888,0.9644346172532821,0.8926346302032471,0.9645007108466178,0.9999314737743659
real_uav_finetuned,la_souris_truck,whitevan,10,7,1|2|4|5|6|7|10,2026-07-12 21.05.57.jpg|2026-07-12 21.06.04.jpg|2026-07-12 21.01.23.jpg|2026-07-12 21.01.30.jpg|2026-07-12 21.01.33.jpg|2026-07-12 21.01.49.jpg|2026-07-12 21.05.27.jpg,1.0,0.8599412576050888,0.9641628379815816,0.8926346302032471,0.9645007108466178,0.999649691429735
real_uav_finetuned,la_souris_truck,whitevan,10,7,1|2|4|5|6|8|9,2026-07-12 21.05.57.jpg|2026-07-12 21.06.04.jpg|2026-07-12 21.01.23.jpg|2026-07-12 21.01.30.jpg|2026-07-12 21.01.33.jpg|2026-07-12 21.01.50.jpg|2026-07-12 21.01.51.jpg,1.0,0.8599412576050888,0.9644289773457618,0.8926346302032471,0.9645007108466178,0.9999256262851346
real_uav_finetuned,la_souris_truck,whitevan,10,7,1|2|4|5|6|8|10,2026-07-12 21.05.57.jpg|2026-07-12 21.06.04.jpg|2026-07-12 21.01.23.jpg|2026-07-12 21.01.30.jpg|2026-07-12 21.01.33.jpg|2026-07-12 21.01.50.jpg|2026-07-12 21.05.27.jpg,1.0,0.8599412576050888,0.964134006568184,0.8926346302032471,0.9645007108466178,0.9996197988510429
real_uav_finetuned,la_souris_truck,whitevan,10,7,1|2|4|5|6|9|10,2026-07-12 21.05.57.jpg|2026-07-12 21.06.04.jpg|2026-07-12 21.01.23.jpg|2026-07-12 21.01.30.jpg|2026-07-12 21.01.33.jpg|2026-07-12 21.01.51.jpg|2026-07-12 21.05.27.jpg,1.0,0.8599412576050888,0.9641717551631906,0.8926346302032471,0.9645007108466178,0.9996589368159838
real_uav_finetuned,la_souris_truck,whitevan,10,7,1|2|4|5|7|8|9,2026-07-12 21.05.57.jpg|2026-07-12 21.06.04.jpg|2026-07-12 21.01.23.jpg|2026-07-12 21.01.30.jpg|2026-07-12 21.01.49.jpg|2026-07-12 21.01.50.jpg|2026-07-12 21.01.51.jpg,1.0,0.8599412576050888,0.9644772610100628,0.8926346302032471,0.9645007108466178,0.9999756870717758
real_uav_finetuned,la_souris_truck,whitevan,10,7,1|2|4|5|7|8|10,2026-07-12 21.05.57.jpg|2026-07-12 21.06.04.jpg|2026-07-12 21.01.23.jpg|2026-07-12 21.01.30.jpg|2026-07-12 21.01.49.jpg|2026-07-12 21.01.50.jpg|2026-07-12 21.05.27.jpg,1.0,0.8599412576050888,0.9643808344249922,0.8926346302032471,0.9645007108466178,0.9998757114222131
real_uav_finetuned,la_souris_truck,whitevan,10,7,1|2|4|5|7|9|10,2026-07-12 21.05.57.jpg|2026-07-12 21.06.04.jpg|2026-07-12 21.01.23.jpg|2026-07-12 21.01.30.jpg|2026-07-12 21.01.49.jpg|2026-07-12 21.01.51.jpg|2026-07-12 21.05.27.jpg,1.0,0.8599412576050888,0.964393174522332,0.8926346302032471,0.9645007108466178,0.9998885057075889
real_uav_finetuned,la_souris_truck,whitevan,10,7,1|2|4|5|8|9|10,2026-07-12 21.05.57.jpg|2026-07-12 21.06.04.jpg|2026-07-12 21.01.23.jpg|2026-07-12 21.01.30.jpg|2026-07-12 21.01.50.jpg|2026-07-12 21.01.51.jpg|2026-07-12 21.05.27.jpg,1.0,0.8599412576050888,0.9643839982180424,0.8926346302032471,0.9645007108466178,0.9998789916614236
real_uav_finetuned,la_souris_truck,whitevan,10,7,1|2|4|6|7|8|9,2026-07-12 21.05.57.jpg|2026-07-12 21.06.04.jpg|2026-07-12 21.01.23.jpg|2026-07-12 21.01.33.jpg|2026-07-12 21.01.49.jpg|2026-07-12 21.01.50.jpg|2026-07-12 21.01.51.jpg,1.0,0.8599412576050888,0.9644162480474873,0.8915921449661255,0.9645007108466178,0.9999124284739443
real_uav_finetuned,la_souris_truck,whitevan,10,7,1|2|4|6|7|8|10,2026-07-12 21.05.57.jpg|2026-07-12 21.06.04.jpg|2026-07-12 21.01.23.jpg|2026-07-12 21.01.33.jpg|2026-07-12 21.01.49.jpg|2026-07-12 21.01.50.jpg|2026-07-12 21.05.27.jpg,1.0,0.8599412576050888,0.9640689339301133,0.8915921449661255,0.9645007108466178,0.999552331157822
real_uav_finetuned,la_souris_truck,whitevan,10,7,1|2|4|6|7|9|10,2026-07-12 21.05.57.jpg|2026-07-12 21.06.04.jpg|2026-07-12 21.01.23.jpg|2026-07-12 21.01.33.jpg|2026-07-12 21.01.49.jpg|2026-07-12 21.01.51.jpg|2026-07-12 21.05.27.jpg,1.0,0.8599412576050888,0.9641133811125241,0.8915921449661255,0.9645007108466178,0.9995984142575138
real_uav_finetuned,la_souris_truck,whitevan,10,7,1|2|4|6|8|9|10,2026-07-12 21.05.57.jpg|2026-07-12 21.06.04.jpg|2026-07-12 21.01.23.jpg|2026-07-12 21.01.33.jpg|2026-07-12 21.01.50.jpg|2026-07-12 21.01.51.jpg|2026-07-12 21.05.27.jpg,1.0,0.8599412576050888,0.9640803294388313,0.8915921449661255,0.9645007108466178,0.9995641460881687
real_uav_finetuned,la_souris_truck,whitevan,10,7,1|2|4|7|8|9|10,2026-07-12 21.05.57.jpg|2026-07-12 21.06.04.jpg|2026-07-12 21.01.23.jpg|2026-07-12 21.01.49.jpg|2026-07-12 21.01.50.jpg|2026-07-12 21.01.51.jpg|2026-07-12 21.05.27.jpg,1.0,0.8599412576050888,0.9643632872553288,0.8915921449661255,0.9645007108466178,0.9998575184136792
real_uav_finetuned,la_souris_truck,whitevan,10,7,1|2|5|6|7|8|9,2026-07-12 21.05.57.jpg|2026-07-12 21.06.04.jpg|2026-07-12 21.01.30.jpg|2026-07-12 21.01.33.jpg|2026-07-12 21.01.49.jpg|2026-07-12 21.01.50.jpg|2026-07-12 21.01.51.jpg,1.0,0.8505784204159799,0.9528026602082226,0.8926346302032471,0.9528853033881385,0.9999132705902567
real_uav_finetuned,la_souris_truck,whitevan,10,7,1|2|5|6|7|8|10,2026-07-12 21.05.57.jpg|2026-07-12 21.06.04.jpg|2026-07-12 21.01.30.jpg|2026-07-12 21.01.33.jpg|2026-07-12 21.01.49.jpg|2026-07-12 21.01.50.jpg|2026-07-12 21.05.27.jpg,1.0,0.8505784204159799,0.9524628284315713,0.8926346302032471,0.9528853033881385,0.9995566360871921
real_uav_finetuned,la_souris_truck,whitevan,10,7,1|2|5|6|7|9|10,2026-07-12 21.05.57.jpg|2026-07-12 21.06.04.jpg|2026-07-12 21.01.30.jpg|2026-07-12 21.01.33.jpg|2026-07-12 21.01.49.jpg|2026-07-12 21.01.51.jpg|2026-07-12 21.05.27.jpg,1.0,0.8505784204159799,0.9525063180687907,0.8926346302032471,0.9528853033881385,0.9996022760367903
real_uav_finetuned,la_souris_truck,whitevan,10,7,1|2|5|6|8|9|10,2026-07-12 21.05.57.jpg|2026-07-12 21.06.04.jpg|2026-07-12 21.01.30.jpg|2026-07-12 21.01.33.jpg|2026-07-12 21.01.50.jpg|2026-07-12 21.01.51.jpg|2026-07-12 21.05.27.jpg,1.0,0.8505784204159799,0.952473978441835,0.8926346302032471,0.9528853033881385,0.9995683374013211
real_uav_finetuned,la_souris_truck,whitevan,10,7,1|2|5|7|8|9|10,2026-07-12 21.05.57.jpg|2026-07-12 21.06.04.jpg|2026-07-12 21.01.30.jpg|2026-07-12 21.01.49.jpg|2026-07-12 21.01.50.jpg|2026-07-12 21.01.51.jpg|2026-07-12 21.05.27.jpg,1.0,0.8505784204159799,0.9527508403736932,0.8926346302032471,0.9528853033881385,0.9998588885630125
real_uav_finetuned,la_souris_truck,whitevan,10,7,1|2|6|7|8|9|10,2026-07-12 21.05.57.jpg|2026-07-12 21.06.04.jpg|2026-07-12 21.01.33.jpg|2026-07-12 21.01.49.jpg|2026-07-12 21.01.50.jpg|2026-07-12 21.01.51.jpg|2026-07-12 21.05.27.jpg,1.0,0.7965124538279313,0.9113137469439166,0.8769187927246094,0.9117771688696744,0.9994917377385834
real_uav_finetuned,la_souris_truck,whitevan,10,7,1|3|4|5|6|7|8,2026-07-12 21.05.57.jpg|2026-07-12 21.01.06.jpg|2026-07-12 21.01.23.jpg|2026-07-12 21.01.30.jpg|2026-07-12 21.01.33.jpg|2026-07-12 21.01.49.jpg|2026-07-12 21.01.50.jpg,1.0,0.8599412576050888,0.9644769115093711,0.8926346302032471,0.9645007108466178,0.9999753247074066
real_uav_finetuned,la_souris_truck,whitevan,10,7,1|3|4|5|6|7|9,2026-07-12 21.05.57.jpg|2026-07-12 21.01.06.jpg|2026-07-12 21.01.23.jpg|2026-07-12 21.01.30.jpg|2026-07-12 21.01.33.jpg|2026-07-12 21.01.49.jpg|2026-07-12 21.01.51.jpg,1.0,0.8599412576050888,0.9644793614168197,0.8926346302032471,0.9645007108466178,0.9999778647858337
real_uav_finetuned,la_souris_truck,whitevan,10,7,1|3|4|5|6|7|10,2026-07-12 21.05.57.jpg|2026-07-12 21.01.06.jpg|2026-07-12 21.01.23.jpg|2026-07-12 21.01.30.jpg|2026-07-12 21.01.33.jpg|2026-07-12 21.01.49.jpg|2026-07-12 21.05.27.jpg,1.0,0.8599412576050888,0.9643915717811092,0.8926346302032471,0.9645007108466178,0.9998868439760787
real_uav_finetuned,la_souris_truck,whitevan,10,7,1|3|4|5|6|8|9,2026-07-12 21.05.57.jpg|2026-07-12 21.01.06.jpg|2026-07-12 21.01.23.jpg|2026-07-12 21.01.30.jpg|2026-07-12 21.01.33.jpg|2026-07-12 21.01.50.jpg|2026-07-12 21.01.51.jpg,1.0,0.8599412576050888,0.9644775396243646,0.8926346302032471,0.9645007108466178,0.9999759759407197
real_uav_finetuned,la_souris_truck,whitevan,10,7,1|3|4|5|6|8|10,2026-07-12 21.05.57.jpg|2026-07-12 21.01.06.jpg|2026-07-12 21.01.23.jpg|2026-07-12 21.01.30.jpg|2026-07-12 21.01.33.jpg|2026-07-12 21.01.50.jpg|2026-07-12 21.05.27.jpg,1.0,0.8599412576050888,0.9643822587114871,0.8926346302032471,0.9645007108466178,0.9998771881308135
real_uav_finetuned,la_souris_truck,whitevan,10,7,1|3|4|5|6|9|10,2026-07-12 21.05.57.jpg|2026-07-12 21.01.06.jpg|2026-07-12 21.01.23.jpg|2026-07-12 21.01.30.jpg|2026-07-12 21.01.33.jpg|2026-07-12 21.01.51.jpg|2026-07-12 21.05.27.jpg,1.0,0.8599412576050888,0.9643944521925553,0.8926346302032471,0.9645007108466178,0.9998898304035782
real_uav_finetuned,la_souris_truck,whitevan,10,7,1|3|4|5|7|8|9,2026-07-12 21.05.57.jpg|2026-07-12 21.01.06.jpg|2026-07-12 21.01.23.jpg|2026-07-12 21.01.30.jpg|2026-07-12 21.01.49.jpg|2026-07-12 21.01.50.jpg|2026-07-12 21.01.51.jpg,1.0,0.8599412576050888,0.964493136123955,0.8926346302032471,0.9645007108466178,0.9999921464830688
real_uav_finetuned,la_souris_truck,whitevan,10,7,1|3|4|5|7|8|10,2026-07-12 21.05.57.jpg|2026-07-12 21.01.06.jpg|2026-07-12 21.01.23.jpg|2026-07-12 21.01.30.jpg|2026-07-12 21.01.49.jpg|2026-07-12 21.01.50.jpg|2026-07-12 21.05.27.jpg,1.0,0.8599412576050888,0.9644619885874883,0.8926346302032471,0.9645007108466178,0.9999598525343797
real_uav_finetuned,la_souris_truck,whitevan,10,7,1|3|4|5|7|9|10,2026-07-12 21.05.57.jpg|2026-07-12 21.01.06.jpg|2026-07-12 21.01.23.jpg|2026-07-12 21.01.30.jpg|2026-07-12 21.01.49.jpg|2026-07-12 21.01.51.jpg|2026-07-12 21.05.27.jpg,1.0,0.8599412576050888,0.9644659746628182,0.8926346302032471,0.9645007108466178,0.9999639853206856
real_uav_finetuned,la_souris_truck,whitevan,10,7,1|3|4|5|8|9|10,2026-07-12 21.05.57.jpg|2026-07-12 21.01.06.jpg|2026-07-12 21.01.23.jpg|2026-07-12 21.01.30.jpg|2026-07-12 21.01.50.jpg|2026-07-12 21.01.51.jpg|2026-07-12 21.05.27.jpg,1.0,0.8599412576050888,0.964463010550045,0.8926346302032471,0.9645007108466178,0.9999609121111588
real_uav_finetuned,la_souris_truck,whitevan,10,7,1|3|4|6|7|8|9,2026-07-12 21.05.57.jpg|2026-07-12 21.01.06.jpg|2026-07-12 21.01.23.jpg|2026-07-12 21.01.33.jpg|2026-07-12 21.01.49.jpg|2026-07-12 21.01.50.jpg|2026-07-12 21.01.51.jpg,1.0,0.8599412576050888,0.9644734278300714,0.8915921449661255,0.9645007108466178,0.9999717128082545
real_uav_finetuned,la_souris_truck,whitevan,10,7,1|3|4|6|7|8|10,2026-07-12 21.05.57.jpg|2026-07-12 21.01.06.jpg|2026-07-12 21.01.23.jpg|2026-07-12 21.01.33.jpg|2026-07-12 21.01.49.jpg|2026-07-12 21.01.50.jpg|2026-07-12 21.05.27.jpg,1.0,0.8599412576050888,0.964361239068763,0.8915921449661255,0.9645007108466178,0.999855394841822
real_uav_finetuned,la_souris_truck,whitevan,10,7,1|3|4|6|7|9|10,2026-07-12 21.05.57.jpg|2026-07-12 21.01.06.jpg|2026-07-12 21.01.23.jpg|2026-07-12 21.01.33.jpg|2026-07-12 21.01.49.jpg|2026-07-12 21.01.51.jpg|2026-07-12 21.05.27.jpg,1.0,0.8599412576050888,0.9643755963150966,0.8915921449661255,0.9645007108466178,0.9998702805191182
real_uav_finetuned,la_souris_truck,whitevan,10,7,1|3|4|6|8|9|10,2026-07-12 21.05.57.jpg|2026-07-12 21.01.06.jpg|2026-07-12 21.01.23.jpg|2026-07-12 21.01.33.jpg|2026-07-12 21.01.50.jpg|2026-07-12 21.01.51.jpg|2026-07-12 21.05.27.jpg,1.0,0.8599412576050888,0.9643649200248301,0.8915921449661255,0.9645007108466178,0.9998592112786848
real_uav_finetuned,la_souris_truck,whitevan,10,7,1|3|4|7|8|9|10,2026-07-12 21.05.57.jpg|2026-07-12 21.01.06.jpg|2026-07-12 21.01.23.jpg|2026-07-12 21.01.49.jpg|2026-07-12 21.01.50.jpg|2026-07-12 21.01.51.jpg|2026-07-12 21.05.27.jpg,1.0,0.8599412576050888,0.964456320533325,0.8915921449661255,0.9645007108466178,0.9999539758625435
real_uav_finetuned,la_souris_truck,whitevan,10,7,1|3|5|6|7|8|9,2026-07-12 21.05.57.jpg|2026-07-12 21.01.06.jpg|2026-07-12 21.01.30.jpg|2026-07-12 21.01.33.jpg|2026-07-12 21.01.49.jpg|2026-07-12 21.01.50.jpg|2026-07-12 21.01.51.jpg,1.0,0.8505784204159799,0.9528586081416122,0.8926346302032471,0.9528853033881385,0.999971984827102
real_uav_finetuned,la_souris_truck,whitevan,10,7,1|3|5|6|7|8|10,2026-07-12 21.05.57.jpg|2026-07-12 21.01.06.jpg|2026-07-12 21.01.30.jpg|2026-07-12 21.01.33.jpg|2026-07-12 21.01.49.jpg|2026-07-12 21.01.50.jpg|2026-07-12 21.05.27.jpg,1.0,0.8505784204159799,0.9527488363121109,0.8926346302032471,0.9528853033881385,0.9998567854121138
real_uav_finetuned,la_souris_truck,whitevan,10,7,1|3|5|6|7|9|10,2026-07-12 21.05.57.jpg|2026-07-12 21.01.06.jpg|2026-07-12 21.01.30.jpg|2026-07-12 21.01.33.jpg|2026-07-12 21.01.49.jpg|2026-07-12 21.01.51.jpg|2026-07-12 21.05.27.jpg,1.0,0.8505784204159799,0.9527628842539749,0.8926346302032471,0.9528853033881385,0.9998715279438897
real_uav_finetuned,la_souris_truck,whitevan,10,7,1|3|5|6|8|9|10,2026-07-12 21.05.57.jpg|2026-07-12 21.01.06.jpg|2026-07-12 21.01.30.jpg|2026-07-12 21.01.33.jpg|2026-07-12 21.01.50.jpg|2026-07-12 21.01.51.jpg|2026-07-12 21.05.27.jpg,1.0,0.8505784204159799,0.9527524379677231,0.8926346302032471,0.9528853033881385,0.9998605651488769
real_uav_finetuned,la_souris_truck,whitevan,10,7,1|3|5|7|8|9|10,2026-07-12 21.05.57.jpg|2026-07-12 21.01.06.jpg|2026-07-12 21.01.30.jpg|2026-07-12 21.01.49.jpg|2026-07-12 21.01.50.jpg|2026-07-12 21.01.51.jpg|2026-07-12 21.05.27.jpg,1.0,0.8505784204159799,0.9528418693948806,0.8926346302032471,0.9528853033881385,0.9999544184456371
real_uav_finetuned,la_souris_truck,whitevan,10,7,1|3|6|7|8|9|10,2026-07-12 21.05.57.jpg|2026-07-12 21.01.06.jpg|2026-07-12 21.01.33.jpg|2026-07-12 21.01.49.jpg|2026-07-12 21.01.50.jpg|2026-07-12 21.01.51.jpg|2026-07-12 21.05.27.jpg,1.0,0.7965124538279313,0.9116274751796883,0.8769187927246094,0.9117771688696744,0.999835822068048
real_uav_finetuned,la_souris_truck,whitevan,10,7,1|4|5|6|7|8|9,2026-07-12 21.05.57.jpg|2026-07-12 21.01.23.jpg|2026-07-12 21.01.30.jpg|2026-07-12 21.01.33.jpg|2026-07-12 21.01.49.jpg|2026-07-12 21.01.50.jpg|2026-07-12 21.01.51.jpg,1.0,0.8599412576050888,0.9644914428226611,0.8926346302032471,0.9645007108466178,0.9999903908583452
real_uav_finetuned,la_souris_truck,whitevan,10,7,1|4|5|6|7|8|10,2026-07-12 21.05.57.jpg|2026-07-12 21.01.23.jpg|2026-07-12 21.01.30.jpg|2026-07-12 21.01.33.jpg|2026-07-12 21.01.49.jpg|2026-07-12 21.01.50.jpg|2026-07-12 21.05.27.jpg,1.0,0.8599412576050888,0.9644533323693794,0.8926346302032471,0.9645007108466178,0.99995087771662
real_uav_finetuned,la_souris_truck,whitevan,10,7,1|4|5|6|7|9|10,2026-07-12 21.05.57.jpg|2026-07-12 21.01.23.jpg|2026-07-12 21.01.30.jpg|2026-07-12 21.01.33.jpg|2026-07-12 21.01.49.jpg|2026-07-12 21.01.51.jpg|2026-07-12 21.05.27.jpg,1.0,0.8599412576050888,0.964458209517137,0.8926346302032471,0.9645007108466178,0.9999559343720509
real_uav_finetuned,la_souris_truck,whitevan,10,7,1|4|5|6|8|9|10,2026-07-12 21.05.57.jpg|2026-07-12 21.01.23.jpg|2026-07-12 21.01.30.jpg|2026-07-12 21.01.33.jpg|2026-07-12 21.01.50.jpg|2026-07-12 21.01.51.jpg|2026-07-12 21.05.27.jpg,1.0,0.8599412576050888,0.9644545827878935,0.8926346302032471,0.9645007108466178,0.9999521741578772
real_uav_finetuned,la_souris_truck,whitevan,10,7,1|4|5|7|8|9|10,2026-07-12 21.05.57.jpg|2026-07-12 21.01.23.jpg|2026-07-12 21.01.30.jpg|2026-07-12 21.01.49.jpg|2026-07-12 21.01.50.jpg|2026-07-12 21.01.51.jpg|2026-07-12 21.05.27.jpg,1.0,0.8599412576050888,0.964485631484468,0.8926346302032471,0.9645007108466178,0.9999843656287857
real_uav_finetuned,la_souris_truck,whitevan,10,7,1|4|6|7|8|9|10,2026-07-12 21.05.57.jpg|2026-07-12 21.01.23.jpg|2026-07-12 21.01.33.jpg|2026-07-12 21.01.49.jpg|2026-07-12 21.01.50.jpg|2026-07-12 21.01.51.jpg|2026-07-12 21.05.27.jpg,1.0,0.8599412576050888,0.9644463972426278,0.8915921449661255,0.9645007108466178,0.9999436873364849
real_uav_finetuned,la_souris_truck,whitevan,10,7,1|5|6|7|8|9|10,2026-07-12 21.05.57.jpg|2026-07-12 21.01.30.jpg|2026-07-12 21.01.33.jpg|2026-07-12 21.01.49.jpg|2026-07-12 21.01.50.jpg|2026-07-12 21.01.51.jpg|2026-07-12 21.05.27.jpg,1.0,0.8505784204159799,0.9528321598859976,0.8926346302032471,0.9528853033881385,0.9999442288573955
real_uav_finetuned,la_souris_truck,whitevan,10,7,2|3|4|5|6|7|8,2026-07-12 21.06.04.jpg|2026-07-12 21.01.06.jpg|2026-07-12 21.01.23.jpg|2026-07-12 21.01.30.jpg|2026-07-12 21.01.33.jpg|2026-07-12 21.01.49.jpg|2026-07-12 21.01.50.jpg,1.0,0.8599412576050888,0.9644774241754911,0.8926346302032471,0.9645007108466178,0.9999758562426498
real_uav_finetuned,la_souris_truck,whitevan,10,7,2|3|4|5|6|7|9,2026-07-12 21.06.04.jpg|2026-07-12 21.01.06.jpg|2026-07-12 21.01.23.jpg|2026-07-12 21.01.30.jpg|2026-07-12 21.01.33.jpg|2026-07-12 21.01.49.jpg|2026-07-12 21.01.51.jpg,1.0,0.8599412576050888,0.9644798213090101,0.8926346302032471,0.9645007108466178,0.999978341604757
real_uav_finetuned,la_souris_truck,whitevan,10,7,2|3|4|5|6|7|10,2026-07-12 21.06.04.jpg|2026-07-12 21.01.06.jpg|2026-07-12 21.01.23.jpg|2026-07-12 21.01.30.jpg|2026-07-12 21.01.33.jpg|2026-07-12 21.01.49.jpg|2026-07-12 21.05.27.jpg,1.0,0.8599412576050888,0.964393922766797,0.8926346302032471,0.9645007108466178,0.9998892814918435
real_uav_finetuned,la_souris_truck,whitevan,10,7,2|3|4|5|6|8|9,2026-07-12 21.06.04.jpg|2026-07-12 21.01.06.jpg|2026-07-12 21.01.23.jpg|2026-07-12 21.01.30.jpg|2026-07-12 21.01.33.jpg|2026-07-12 21.01.50.jpg|2026-07-12 21.01.51.jpg,1.0,0.8599412576050888,0.9644780387601382,0.8926346302032471,0.9645007108466178,0.9999764934476204
real_uav_finetuned,la_souris_truck,whitevan,10,7,2|3|4|5|6|8|10,2026-07-12 21.06.04.jpg|2026-07-12 21.01.06.jpg|2026-07-12 21.01.23.jpg|2026-07-12 21.01.30.jpg|2026-07-12 21.01.33.jpg|2026-07-12 21.01.50.jpg|2026-07-12 21.05.27.jpg,1.0,0.8599412576050888,0.9643848103118062,0.8926346302032471,0.9645007108466178,0.999879833645006
real_uav_finetuned,la_souris_truck,whitevan,10,7,2|3|4|5|6|9|10,2026-07-12 21.06.04.jpg|2026-07-12 21.01.06.jpg|2026-07-12 21.01.23.jpg|2026-07-12 21.01.30.jpg|2026-07-12 21.01.33.jpg|2026-07-12 21.01.51.jpg|2026-07-12 21.05.27.jpg,1.0,0.8599412576050888,0.9643967411307439,0.8926346302032471,0.9645007108466178,0.9998922035881315
real_uav_finetuned,la_souris_truck,whitevan,10,7,2|3|4|5|7|8|9,2026-07-12 21.06.04.jpg|2026-07-12 21.01.06.jpg|2026-07-12 21.01.23.jpg|2026-07-12 21.01.30.jpg|2026-07-12 21.01.49.jpg|2026-07-12 21.01.50.jpg|2026-07-12 21.01.51.jpg,1.0,0.8599412576050888,0.9644932992925188,0.8926346302032471,0.9645007108466178,0.9999923156571937
real_uav_finetuned,la_souris_truck,whitevan,10,7,2|3|4|5|7|8|10,2026-07-12 21.06.04.jpg|2026-07-12 21.01.06.jpg|2026-07-12 21.01.23.jpg|2026-07-12 21.01.30.jpg|2026-07-12 21.01.49.jpg|2026-07-12 21.01.50.jpg|2026-07-12 21.05.27.jpg,1.0,0.8599412576050888,0.9644628227111506,0.8926346302032471,0.9645007108466178,0.9999607173586902
real_uav_finetuned,la_souris_truck,whitevan,10,7,2|3|4|5|7|9|10,2026-07-12 21.06.04.jpg|2026-07-12 21.01.06.jpg|2026-07-12 21.01.23.jpg|2026-07-12 21.01.30.jpg|2026-07-12 21.01.49.jpg|2026-07-12 21.01.51.jpg|2026-07-12 21.05.27.jpg,1.0,0.8599412576050888,0.964466722921662,0.8926346302032471,0.9645007108466178,0.9999647611198482
real_uav_finetuned,la_souris_truck,whitevan,10,7,2|3|4|5|8|9|10,2026-07-12 21.06.04.jpg|2026-07-12 21.01.06.jpg|2026-07-12 21.01.23.jpg|2026-07-12 21.01.30.jpg|2026-07-12 21.01.50.jpg|2026-07-12 21.01.51.jpg|2026-07-12 21.05.27.jpg,1.0,0.8599412576050888,0.9644638226594144,0.8926346302032471,0.9645007108466178,0.9999617541109213
real_uav_finetuned,la_souris_truck,whitevan,10,7,2|3|4|6|7|8|9,2026-07-12 21.06.04.jpg|2026-07-12 21.01.06.jpg|2026-07-12 21.01.23.jpg|2026-07-12 21.01.33.jpg|2026-07-12 21.01.49.jpg|2026-07-12 21.01.50.jpg|2026-07-12 21.01.51.jpg,1.0,0.8599412576050888,0.9644740155388,0.8915921449661255,0.9645007108466178,0.9999723221481149
real_uav_finetuned,la_souris_truck,whitevan,10,7,2|3|4|6|7|8|10,2026-07-12 21.06.04.jpg|2026-07-12 21.01.06.jpg|2026-07-12 21.01.23.jpg|2026-07-12 21.01.33.jpg|2026-07-12 21.01.49.jpg|2026-07-12 21.01.50.jpg|2026-07-12 21.05.27.jpg,1.0,0.8599412576050888,0.9643642434572656,0.8915921449661255,0.9645007108466178,0.9998585098094614
real_uav_finetuned,la_souris_truck,whitevan,10,7,2|3|4|6|7|9|10,2026-07-12 21.06.04.jpg|2026-07-12 21.01.06.jpg|2026-07-12 21.01.23.jpg|2026-07-12 21.01.33.jpg|2026-07-12 21.01.49.jpg|2026-07-12 21.01.51.jpg|2026-07-12 21.05.27.jpg,1.0,0.8599412576050888,0.9643782914313833,0.8915921449661255,0.9645007108466178,0.9998730748315083
real_uav_finetuned,la_souris_truck,whitevan,10,7,2|3|4|6|8|9|10,2026-07-12 21.06.04.jpg|2026-07-12 21.01.06.jpg|2026-07-12 21.01.23.jpg|2026-07-12 21.01.33.jpg|2026-07-12 21.01.50.jpg|2026-07-12 21.01.51.jpg|2026-07-12 21.05.27.jpg,1.0,0.8599412576050888,0.9643678451211471,0.8915921449661255,0.9645007108466178,0.9998622440357208
real_uav_finetuned,la_souris_truck,whitevan,10,7,2|3|4|7|8|9|10,2026-07-12 21.06.04.jpg|2026-07-12 21.01.06.jpg|2026-07-12 21.01.23.jpg|2026-07-12 21.01.49.jpg|2026-07-12 21.01.50.jpg|2026-07-12 21.01.51.jpg|2026-07-12 21.05.27.jpg,1.0,0.8599412576050888,0.9644572767536366,0.8915921449661255,0.9645007108466178,0.999954967277377
real_uav_finetuned,la_souris_truck,whitevan,10,7,2|3|5|6|7|8|9,2026-07-12 21.06.04.jpg|2026-07-12 21.01.06.jpg|2026-07-12 21.01.30.jpg|2026-07-12 21.01.33.jpg|2026-07-12 21.01.49.jpg|2026-07-12 21.01.50.jpg|2026-07-12 21.01.51.jpg,1.0,0.8505784204159799,0.9528591831890733,0.8926346302032471,0.9528853033881385,0.999972588307352
real_uav_finetuned,la_souris_truck,whitevan,10,7,2|3|5|6|7|8|10,2026-07-12 21.06.04.jpg|2026-07-12 21.01.06.jpg|2026-07-12 21.01.30.jpg|2026-07-12 21.01.33.jpg|2026-07-12 21.01.49.jpg|2026-07-12 21.01.50.jpg|2026-07-12 21.05.27.jpg,1.0,0.8505784204159799,0.9527517759757511,0.8926346302032471,0.9528853033881385,0.9998598704252101
real_uav_finetuned,la_souris_truck,whitevan,10,7,2|3|5|6|7|9|10,2026-07-12 21.06.04.jpg|2026-07-12 21.01.06.jpg|2026-07-12 21.01.30.jpg|2026-07-12 21.01.33.jpg|2026-07-12 21.01.49.jpg|2026-07-12 21.01.51.jpg|2026-07-12 21.05.27.jpg,1.0,0.8505784204159799,0.9527655213081865,0.8926346302032471,0.9528853033881385,0.9998742953852618
real_uav_finetuned,la_souris_truck,whitevan,10,7,2|3|5|6|8|9|10,2026-07-12 21.06.04.jpg|2026-07-12 21.01.06.jpg|2026-07-12 21.01.30.jpg|2026-07-12 21.01.33.jpg|2026-07-12 21.01.50.jpg|2026-07-12 21.01.51.jpg|2026-07-12 21.05.27.jpg,1.0,0.8505784204159799,0.9527553000474044,0.8926346302032471,0.9528853033881385,0.9998635687419337
real_uav_finetuned,la_souris_truck,whitevan,10,7,2|3|5|7|8|9|10,2026-07-12 21.06.04.jpg|2026-07-12 21.01.06.jpg|2026-07-12 21.01.30.jpg|2026-07-12 21.01.49.jpg|2026-07-12 21.01.50.jpg|2026-07-12 21.01.51.jpg|2026-07-12 21.05.27.jpg,1.0,0.8505784204159799,0.9528428050149176,0.8926346302032471,0.9528853033881385,0.9999554003267027
real_uav_finetuned,la_souris_truck,whitevan,10,7,2|3|6|7|8|9|10,2026-07-12 21.06.04.jpg|2026-07-12 21.01.06.jpg|2026-07-12 21.01.33.jpg|2026-07-12 21.01.49.jpg|2026-07-12 21.01.50.jpg|2026-07-12 21.01.51.jpg|2026-07-12 21.05.27.jpg,1.0,0.7965124538279313,0.9116306997603744,0.8769187927246094,0.9117771688696744,0.9998393586565876
real_uav_finetuned,la_souris_truck,whitevan,10,7,2|4|5|6|7|8|9,2026-07-12 21.06.04.jpg|2026-07-12 21.01.23.jpg|2026-07-12 21.01.30.jpg|2026-07-12 21.01.33.jpg|2026-07-12 21.01.49.jpg|2026-07-12 21.01.50.jpg|2026-07-12 21.01.51.jpg,1.0,0.8599412576050888,0.9644916424669552,0.8926346302032471,0.9645007108466178,0.9999905978507214
real_uav_finetuned,la_souris_truck,whitevan,10,7,2|4|5|6|7|8|10,2026-07-12 21.06.04.jpg|2026-07-12 21.01.23.jpg|2026-07-12 21.01.30.jpg|2026-07-12 21.01.33.jpg|2026-07-12 21.01.49.jpg|2026-07-12 21.01.50.jpg|2026-07-12 21.05.27.jpg,1.0,0.8599412576050888,0.9644543529583076,0.8926346302032471,0.9645007108466178,0.999951935869213
real_uav_finetuned,la_souris_truck,whitevan,10,7,2|4|5|6|7|9|10,2026-07-12 21.06.04.jpg|2026-07-12 21.01.23.jpg|2026-07-12 21.01.30.jpg|2026-07-12 21.01.33.jpg|2026-07-12 21.01.49.jpg|2026-07-12 21.01.51.jpg|2026-07-12 21.05.27.jpg,1.0,0.8599412576050888,0.9644591250464836,0.8926346302032471,0.9645007108466178,0.9999568835982529
real_uav_finetuned,la_souris_truck,whitevan,10,7,2|4|5|6|8|9|10,2026-07-12 21.06.04.jpg|2026-07-12 21.01.23.jpg|2026-07-12 21.01.30.jpg|2026-07-12 21.01.33.jpg|2026-07-12 21.01.50.jpg|2026-07-12 21.01.51.jpg|2026-07-12 21.05.27.jpg,1.0,0.8599412576050888,0.9644555764413151,0.8926346302032471,0.9645007108466178,0.9999532043835788
real_uav_finetuned,la_souris_truck,whitevan,10,7,2|4|5|7|8|9|10,2026-07-12 21.06.04.jpg|2026-07-12 21.01.23.jpg|2026-07-12 21.01.30.jpg|2026-07-12 21.01.49.jpg|2026-07-12 21.01.50.jpg|2026-07-12 21.01.51.jpg|2026-07-12 21.05.27.jpg,1.0,0.8599412576050888,0.9644859563119204,0.8926346302032471,0.9645007108466178,0.9999847024117955
real_uav_finetuned,la_souris_truck,whitevan,10,7,2|4|6|7|8|9|10,2026-07-12 21.06.04.jpg|2026-07-12 21.01.23.jpg|2026-07-12 21.01.33.jpg|2026-07-12 21.01.49.jpg|2026-07-12 21.01.50.jpg|2026-07-12 21.01.51.jpg|2026-07-12 21.05.27.jpg,1.0,0.8599412576050888,0.9644475672224608,0.8915921449661255,0.9645007108466178,0.9999449003784452
real_uav_finetuned,la_souris_truck,whitevan,10,7,2|5|6|7|8|9|10,2026-07-12 21.06.04.jpg|2026-07-12 21.01.30.jpg|2026-07-12 21.01.33.jpg|2026-07-12 21.01.49.jpg|2026-07-12 21.01.50.jpg|2026-07-12 21.01.51.jpg|2026-07-12 21.05.27.jpg,1.0,0.8505784204159799,0.9528333046604406,0.8926346302032471,0.9528853033881385,0.9999454302343492
real_uav_finetuned,la_souris_truck,whitevan,10,7,3|4|5|6|7|8|9,2026-07-12 21.01.06.jpg|2026-07-12 21.01.23.jpg|2026-07-12 21.01.30.jpg|2026-07-12 21.01.33.jpg|2026-07-12 21.01.49.jpg|2026-07-12 21.01.50.jpg|2026-07-12 21.01.51.jpg,1.0,0.8599412576050888,0.9644977815954571,0.8926346302032471,0.9645007108466178,0.9999969629351977
real_uav_finetuned,la_souris_truck,whitevan,10,7,3|4|5|6|7|8|10,2026-07-12 21.01.06.jpg|2026-07-12 21.01.23.jpg|2026-07-12 21.01.30.jpg|2026-07-12 21.01.33.jpg|2026-07-12 21.01.49.jpg|2026-07-12 21.01.50.jpg|2026-07-12 21.05.27.jpg,1.0,0.8599412576050888,0.9644857364076123,0.8926346302032471,0.9645007108466178,0.9999844744137177
real_uav_finetuned,la_souris_truck,whitevan,10,7,3|4|5|6|7|9|10,2026-07-12 21.01.06.jpg|2026-07-12 21.01.23.jpg|2026-07-12 21.01.30.jpg|2026-07-12 21.01.33.jpg|2026-07-12 21.01.49.jpg|2026-07-12 21.01.51.jpg|2026-07-12 21.05.27.jpg,1.0,0.8599412576050888,0.9644872778786742,0.8926346302032471,0.9645007108466178,0.9999860726199653
real_uav_finetuned,la_souris_truck,whitevan,10,7,3|4|5|6|8|9|10,2026-07-12 21.01.06.jpg|2026-07-12 21.01.23.jpg|2026-07-12 21.01.30.jpg|2026-07-12 21.01.33.jpg|2026-07-12 21.01.50.jpg|2026-07-12 21.01.51.jpg|2026-07-12 21.05.27.jpg,1.0,0.8599412576050888,0.9644861316148216,0.8926346302032471,0.9645007108466178,0.9999848841668728
real_uav_finetuned,la_souris_truck,whitevan,10,7,3|4|5|7|8|9|10,2026-07-12 21.01.06.jpg|2026-07-12 21.01.23.jpg|2026-07-12 21.01.30.jpg|2026-07-12 21.01.49.jpg|2026-07-12 21.01.50.jpg|2026-07-12 21.01.51.jpg|2026-07-12 21.05.27.jpg,1.0,0.8599412576050888,0.9644959448642157,0.8926346302032471,0.9645007108466178,0.9999950586014624
real_uav_finetuned,la_souris_truck,whitevan,10,7,3|4|6|7|8|9|10,2026-07-12 21.01.06.jpg|2026-07-12 21.01.23.jpg|2026-07-12 21.01.33.jpg|2026-07-12 21.01.49.jpg|2026-07-12 21.01.50.jpg|2026-07-12 21.01.51.jpg|2026-07-12 21.05.27.jpg,1.0,0.8599412576050888,0.9644835444918185,0.8915921449661255,0.9645007108466178,0.9999822018225532
real_uav_finetuned,la_souris_truck,whitevan,10,7,3|5|6|7|8|9|10,2026-07-12 21.01.06.jpg|2026-07-12 21.01.30.jpg|2026-07-12 21.01.33.jpg|2026-07-12 21.01.49.jpg|2026-07-12 21.01.50.jpg|2026-07-12 21.01.51.jpg|2026-07-12 21.05.27.jpg,1.0,0.8505784204159799,0.9528685068556677,0.8926346302032471,0.9528853033881385,0.9999823729756235
real_uav_finetuned,la_souris_truck,whitevan,10,7,4|5|6|7|8|9|10,2026-07-12 21.01.23.jpg|2026-07-12 21.01.30.jpg|2026-07-12 21.01.33.jpg|2026-07-12 21.01.49.jpg|2026-07-12 21.01.50.jpg|2026-07-12 21.01.51.jpg|2026-07-12 21.05.27.jpg,1.0,0.8599412576050888,0.9644948794464404,0.8926346302032471,0.9645007108466178,0.9999939539700574
real_uav_finetuned,la_souris_truck,whitevan,10,8,1|2|3|4|5|6|7|8,2026-07-12 21.05.57.jpg|2026-07-12 21.06.04.jpg|2026-07-12 21.01.06.jpg|2026-07-12 21.01.23.jpg|2026-07-12 21.01.30.jpg|2026-07-12 21.01.33.jpg|2026-07-12 21.01.49.jpg|2026-07-12 21.01.50.jpg,1.0,0.8599412576050888,0.9644774241754911,0.8926346302032471,0.9645007108466178,0.9999758562426498
real_uav_finetuned,la_souris_truck,whitevan,10,8,1|2|3|4|5|6|7|9,2026-07-12 21.05.57.jpg|2026-07-12 21.06.04.jpg|2026-07-12 21.01.06.jpg|2026-07-12 21.01.23.jpg|2026-07-12 21.01.30.jpg|2026-07-12 21.01.33.jpg|2026-07-12 21.01.49.jpg|2026-07-12 21.01.51.jpg,1.0,0.8599412576050888,0.9644798213090101,0.8926346302032471,0.9645007108466178,0.999978341604757
real_uav_finetuned,la_souris_truck,whitevan,10,8,1|2|3|4|5|6|7|10,2026-07-12 21.05.57.jpg|2026-07-12 21.06.04.jpg|2026-07-12 21.01.06.jpg|2026-07-12 21.01.23.jpg|2026-07-12 21.01.30.jpg|2026-07-12 21.01.33.jpg|2026-07-12 21.01.49.jpg|2026-07-12 21.05.27.jpg,1.0,0.8599412576050888,0.964393922766797,0.8926346302032471,0.9645007108466178,0.9998892814918435
real_uav_finetuned,la_souris_truck,whitevan,10,8,1|2|3|4|5|6|8|9,2026-07-12 21.05.57.jpg|2026-07-12 21.06.04.jpg|2026-07-12 21.01.06.jpg|2026-07-12 21.01.23.jpg|2026-07-12 21.01.30.jpg|2026-07-12 21.01.33.jpg|2026-07-12 21.01.50.jpg|2026-07-12 21.01.51.jpg,1.0,0.8599412576050888,0.9644780387601382,0.8926346302032471,0.9645007108466178,0.9999764934476204
real_uav_finetuned,la_souris_truck,whitevan,10,8,1|2|3|4|5|6|8|10,2026-07-12 21.05.57.jpg|2026-07-12 21.06.04.jpg|2026-07-12 21.01.06.jpg|2026-07-12 21.01.23.jpg|2026-07-12 21.01.30.jpg|2026-07-12 21.01.33.jpg|2026-07-12 21.01.50.jpg|2026-07-12 21.05.27.jpg,1.0,0.8599412576050888,0.9643848103118062,0.8926346302032471,0.9645007108466178,0.999879833645006
real_uav_finetuned,la_souris_truck,whitevan,10,8,1|2|3|4|5|6|9|10,2026-07-12 21.05.57.jpg|2026-07-12 21.06.04.jpg|2026-07-12 21.01.06.jpg|2026-07-12 21.01.23.jpg|2026-07-12 21.01.30.jpg|2026-07-12 21.01.33.jpg|2026-07-12 21.01.51.jpg|2026-07-12 21.05.27.jpg,1.0,0.8599412576050888,0.9643967411307439,0.8926346302032471,0.9645007108466178,0.9998922035881315
real_uav_finetuned,la_souris_truck,whitevan,10,8,1|2|3|4|5|7|8|9,2026-07-12 21.05.57.jpg|2026-07-12 21.06.04.jpg|2026-07-12 21.01.06.jpg|2026-07-12 21.01.23.jpg|2026-07-12 21.01.30.jpg|2026-07-12 21.01.49.jpg|2026-07-12 21.01.50.jpg|2026-07-12 21.01.51.jpg,1.0,0.8599412576050888,0.9644932992925188,0.8926346302032471,0.9645007108466178,0.9999923156571937
real_uav_finetuned,la_souris_truck,whitevan,10,8,1|2|3|4|5|7|8|10,2026-07-12 21.05.57.jpg|2026-07-12 21.06.04.jpg|2026-07-12 21.01.06.jpg|2026-07-12 21.01.23.jpg|2026-07-12 21.01.30.jpg|2026-07-12 21.01.49.jpg|2026-07-12 21.01.50.jpg|2026-07-12 21.05.27.jpg,1.0,0.8599412576050888,0.9644628227111506,0.8926346302032471,0.9645007108466178,0.9999607173586902
real_uav_finetuned,la_souris_truck,whitevan,10,8,1|2|3|4|5|7|9|10,2026-07-12 21.05.57.jpg|2026-07-12 21.06.04.jpg|2026-07-12 21.01.06.jpg|2026-07-12 21.01.23.jpg|2026-07-12 21.01.30.jpg|2026-07-12 21.01.49.jpg|2026-07-12 21.01.51.jpg|2026-07-12 21.05.27.jpg,1.0,0.8599412576050888,0.964466722921662,0.8926346302032471,0.9645007108466178,0.9999647611198482
real_uav_finetuned,la_souris_truck,whitevan,10,8,1|2|3|4|5|8|9|10,2026-07-12 21.05.57.jpg|2026-07-12 21.06.04.jpg|2026-07-12 21.01.06.jpg|2026-07-12 21.01.23.jpg|2026-07-12 21.01.30.jpg|2026-07-12 21.01.50.jpg|2026-07-12 21.01.51.jpg|2026-07-12 21.05.27.jpg,1.0,0.8599412576050888,0.9644638226594144,0.8926346302032471,0.9645007108466178,0.9999617541109213
real_uav_finetuned,la_souris_truck,whitevan,10,8,1|2|3|4|6|7|8|9,2026-07-12 21.05.57.jpg|2026-07-12 21.06.04.jpg|2026-07-12 21.01.06.jpg|2026-07-12 21.01.23.jpg|2026-07-12 21.01.33.jpg|2026-07-12 21.01.49.jpg|2026-07-12 21.01.50.jpg|2026-07-12 21.01.51.jpg,1.0,0.8599412576050888,0.9644740155388,0.8915921449661255,0.9645007108466178,0.9999723221481149
real_uav_finetuned,la_souris_truck,whitevan,10,8,1|2|3|4|6|7|8|10,2026-07-12 21.05.57.jpg|2026-07-12 21.06.04.jpg|2026-07-12 21.01.06.jpg|2026-07-12 21.01.23.jpg|2026-07-12 21.01.33.jpg|2026-07-12 21.01.49.jpg|2026-07-12 21.01.50.jpg|2026-07-12 21.05.27.jpg,1.0,0.8599412576050888,0.9643642434572656,0.8915921449661255,0.9645007108466178,0.9998585098094614
real_uav_finetuned,la_souris_truck,whitevan,10,8,1|2|3|4|6|7|9|10,2026-07-12 21.05.57.jpg|2026-07-12 21.06.04.jpg|2026-07-12 21.01.06.jpg|2026-07-12 21.01.23.jpg|2026-07-12 21.01.33.jpg|2026-07-12 21.01.49.jpg|2026-07-12 21.01.51.jpg|2026-07-12 21.05.27.jpg,1.0,0.8599412576050888,0.9643782914313833,0.8915921449661255,0.9645007108466178,0.9998730748315083
real_uav_finetuned,la_souris_truck,whitevan,10,8,1|2|3|4|6|8|9|10,2026-07-12 21.05.57.jpg|2026-07-12 21.06.04.jpg|2026-07-12 21.01.06.jpg|2026-07-12 21.01.23.jpg|2026-07-12 21.01.33.jpg|2026-07-12 21.01.50.jpg|2026-07-12 21.01.51.jpg|2026-07-12 21.05.27.jpg,1.0,0.8599412576050888,0.9643678451211471,0.8915921449661255,0.9645007108466178,0.9998622440357208
real_uav_finetuned,la_souris_truck,whitevan,10,8,1|2|3|4|7|8|9|10,2026-07-12 21.05.57.jpg|2026-07-12 21.06.04.jpg|2026-07-12 21.01.06.jpg|2026-07-12 21.01.23.jpg|2026-07-12 21.01.49.jpg|2026-07-12 21.01.50.jpg|2026-07-12 21.01.51.jpg|2026-07-12 21.05.27.jpg,1.0,0.8599412576050888,0.9644572767536366,0.8915921449661255,0.9645007108466178,0.999954967277377
real_uav_finetuned,la_souris_truck,whitevan,10,8,1|2|3|5|6|7|8|9,2026-07-12 21.05.57.jpg|2026-07-12 21.06.04.jpg|2026-07-12 21.01.06.jpg|2026-07-12 21.01.30.jpg|2026-07-12 21.01.33.jpg|2026-07-12 21.01.49.jpg|2026-07-12 21.01.50.jpg|2026-07-12 21.01.51.jpg,1.0,0.8505784204159799,0.9528591831890733,0.8926346302032471,0.9528853033881385,0.999972588307352
real_uav_finetuned,la_souris_truck,whitevan,10,8,1|2|3|5|6|7|8|10,2026-07-12 21.05.57.jpg|2026-07-12 21.06.04.jpg|2026-07-12 21.01.06.jpg|2026-07-12 21.01.30.jpg|2026-07-12 21.01.33.jpg|2026-07-12 21.01.49.jpg|2026-07-12 21.01.50.jpg|2026-07-12 21.05.27.jpg,1.0,0.8505784204159799,0.9527517759757511,0.8926346302032471,0.9528853033881385,0.9998598704252101
real_uav_finetuned,la_souris_truck,whitevan,10,8,1|2|3|5|6|7|9|10,2026-07-12 21.05.57.jpg|2026-07-12 21.06.04.jpg|2026-07-12 21.01.06.jpg|2026-07-12 21.01.30.jpg|2026-07-12 21.01.33.jpg|2026-07-12 21.01.49.jpg|2026-07-12 21.01.51.jpg|2026-07-12 21.05.27.jpg,1.0,0.8505784204159799,0.9527655213081865,0.8926346302032471,0.9528853033881385,0.9998742953852618
real_uav_finetuned,la_souris_truck,whitevan,10,8,1|2|3|5|6|8|9|10,2026-07-12 21.05.57.jpg|2026-07-12 21.06.04.jpg|2026-07-12 21.01.06.jpg|2026-07-12 21.01.30.jpg|2026-07-12 21.01.33.jpg|2026-07-12 21.01.50.jpg|2026-07-12 21.01.51.jpg|2026-07-12 21.05.27.jpg,1.0,0.8505784204159799,0.9527553000474044,0.8926346302032471,0.9528853033881385,0.9998635687419337
real_uav_finetuned,la_souris_truck,whitevan,10,8,1|2|3|5|7|8|9|10,2026-07-12 21.05.57.jpg|2026-07-12 21.06.04.jpg|2026-07-12 21.01.06.jpg|2026-07-12 21.01.30.jpg|2026-07-12 21.01.49.jpg|2026-07-12 21.01.50.jpg|2026-07-12 21.01.51.jpg|2026-07-12 21.05.27.jpg,1.0,0.8505784204159799,0.9528428050149176,0.8926346302032471,0.9528853033881385,0.9999554003267027
real_uav_finetuned,la_souris_truck,whitevan,10,8,1|2|3|6|7|8|9|10,2026-07-12 21.05.57.jpg|2026-07-12 21.06.04.jpg|2026-07-12 21.01.06.jpg|2026-07-12 21.01.33.jpg|2026-07-12 21.01.49.jpg|2026-07-12 21.01.50.jpg|2026-07-12 21.01.51.jpg|2026-07-12 21.05.27.jpg,1.0,0.7965124538279313,0.9116306997603744,0.8769187927246094,0.9117771688696744,0.9998393586565876
real_uav_finetuned,la_souris_truck,whitevan,10,8,1|2|4|5|6|7|8|9,2026-07-12 21.05.57.jpg|2026-07-12 21.06.04.jpg|2026-07-12 21.01.23.jpg|2026-07-12 21.01.30.jpg|2026-07-12 21.01.33.jpg|2026-07-12 21.01.49.jpg|2026-07-12 21.01.50.jpg|2026-07-12 21.01.51.jpg,1.0,0.8599412576050888,0.9644916424669552,0.8926346302032471,0.9645007108466178,0.9999905978507214
real_uav_finetuned,la_souris_truck,whitevan,10,8,1|2|4|5|6|7|8|10,2026-07-12 21.05.57.jpg|2026-07-12 21.06.04.jpg|2026-07-12 21.01.23.jpg|2026-07-12 21.01.30.jpg|2026-07-12 21.01.33.jpg|2026-07-12 21.01.49.jpg|2026-07-12 21.01.50.jpg|2026-07-12 21.05.27.jpg,1.0,0.8599412576050888,0.9644543529583076,0.8926346302032471,0.9645007108466178,0.999951935869213
real_uav_finetuned,la_souris_truck,whitevan,10,8,1|2|4|5|6|7|9|10,2026-07-12 21.05.57.jpg|2026-07-12 21.06.04.jpg|2026-07-12 21.01.23.jpg|2026-07-12 21.01.30.jpg|2026-07-12 21.01.33.jpg|2026-07-12 21.01.49.jpg|2026-07-12 21.01.51.jpg|2026-07-12 21.05.27.jpg,1.0,0.8599412576050888,0.9644591250464836,0.8926346302032471,0.9645007108466178,0.9999568835982529
real_uav_finetuned,la_souris_truck,whitevan,10,8,1|2|4|5|6|8|9|10,2026-07-12 21.05.57.jpg|2026-07-12 21.06.04.jpg|2026-07-12 21.01.23.jpg|2026-07-12 21.01.30.jpg|2026-07-12 21.01.33.jpg|2026-07-12 21.01.50.jpg|2026-07-12 21.01.51.jpg|2026-07-12 21.05.27.jpg,1.0,0.8599412576050888,0.9644555764413151,0.8926346302032471,0.9645007108466178,0.9999532043835788
real_uav_finetuned,la_souris_truck,whitevan,10,8,1|2|4|5|7|8|9|10,2026-07-12 21.05.57.jpg|2026-07-12 21.06.04.jpg|2026-07-12 21.01.23.jpg|2026-07-12 21.01.30.jpg|2026-07-12 21.01.49.jpg|2026-07-12 21.01.50.jpg|2026-07-12 21.01.51.jpg|2026-07-12 21.05.27.jpg,1.0,0.8599412576050888,0.9644859563119204,0.8926346302032471,0.9645007108466178,0.9999847024117955
real_uav_finetuned,la_souris_truck,whitevan,10,8,1|2|4|6|7|8|9|10,2026-07-12 21.05.57.jpg|2026-07-12 21.06.04.jpg|2026-07-12 21.01.23.jpg|2026-07-12 21.01.33.jpg|2026-07-12 21.01.49.jpg|2026-07-12 21.01.50.jpg|2026-07-12 21.01.51.jpg|2026-07-12 21.05.27.jpg,1.0,0.8599412576050888,0.9644475672224608,0.8915921449661255,0.9645007108466178,0.9999449003784452
real_uav_finetuned,la_souris_truck,whitevan,10,8,1|2|5|6|7|8|9|10,2026-07-12 21.05.57.jpg|2026-07-12 21.06.04.jpg|2026-07-12 21.01.30.jpg|2026-07-12 21.01.33.jpg|2026-07-12 21.01.49.jpg|2026-07-12 21.01.50.jpg|2026-07-12 21.01.51.jpg|2026-07-12 21.05.27.jpg,1.0,0.8505784204159799,0.9528333046604406,0.8926346302032471,0.9528853033881385,0.9999454302343492
real_uav_finetuned,la_souris_truck,whitevan,10,8,1|3|4|5|6|7|8|9,2026-07-12 21.05.57.jpg|2026-07-12 21.01.06.jpg|2026-07-12 21.01.23.jpg|2026-07-12 21.01.30.jpg|2026-07-12 21.01.33.jpg|2026-07-12 21.01.49.jpg|2026-07-12 21.01.50.jpg|2026-07-12 21.01.51.jpg,1.0,0.8599412576050888,0.9644977815954571,0.8926346302032471,0.9645007108466178,0.9999969629351977
real_uav_finetuned,la_souris_truck,whitevan,10,8,1|3|4|5|6|7|8|10,2026-07-12 21.05.57.jpg|2026-07-12 21.01.06.jpg|2026-07-12 21.01.23.jpg|2026-07-12 21.01.30.jpg|2026-07-12 21.01.33.jpg|2026-07-12 21.01.49.jpg|2026-07-12 21.01.50.jpg|2026-07-12 21.05.27.jpg,1.0,0.8599412576050888,0.9644857364076123,0.8926346302032471,0.9645007108466178,0.9999844744137177
real_uav_finetuned,la_souris_truck,whitevan,10,8,1|3|4|5|6|7|9|10,2026-07-12 21.05.57.jpg|2026-07-12 21.01.06.jpg|2026-07-12 21.01.23.jpg|2026-07-12 21.01.30.jpg|2026-07-12 21.01.33.jpg|2026-07-12 21.01.49.jpg|2026-07-12 21.01.51.jpg|2026-07-12 21.05.27.jpg,1.0,0.8599412576050888,0.9644872778786742,0.8926346302032471,0.9645007108466178,0.9999860726199653
real_uav_finetuned,la_souris_truck,whitevan,10,8,1|3|4|5|6|8|9|10,2026-07-12 21.05.57.jpg|2026-07-12 21.01.06.jpg|2026-07-12 21.01.23.jpg|2026-07-12 21.01.30.jpg|2026-07-12 21.01.33.jpg|2026-07-12 21.01.50.jpg|2026-07-12 21.01.51.jpg|2026-07-12 21.05.27.jpg,1.0,0.8599412576050888,0.9644861316148216,0.8926346302032471,0.9645007108466178,0.9999848841668728
real_uav_finetuned,la_souris_truck,whitevan,10,8,1|3|4|5|7|8|9|10,2026-07-12 21.05.57.jpg|2026-07-12 21.01.06.jpg|2026-07-12 21.01.23.jpg|2026-07-12 21.01.30.jpg|2026-07-12 21.01.49.jpg|2026-07-12 21.01.50.jpg|2026-07-12 21.01.51.jpg|2026-07-12 21.05.27.jpg,1.0,0.8599412576050888,0.9644959448642157,0.8926346302032471,0.9645007108466178,0.9999950586014624
real_uav_finetuned,la_souris_truck,whitevan,10,8,1|3|4|6|7|8|9|10,2026-07-12 21.05.57.jpg|2026-07-12 21.01.06.jpg|2026-07-12 21.01.23.jpg|2026-07-12 21.01.33.jpg|2026-07-12 21.01.49.jpg|2026-07-12 21.01.50.jpg|2026-07-12 21.01.51.jpg|2026-07-12 21.05.27.jpg,1.0,0.8599412576050888,0.9644835444918185,0.8915921449661255,0.9645007108466178,0.9999822018225532
real_uav_finetuned,la_souris_truck,whitevan,10,8,1|3|5|6|7|8|9|10,2026-07-12 21.05.57.jpg|2026-07-12 21.01.06.jpg|2026-07-12 21.01.30.jpg|2026-07-12 21.01.33.jpg|2026-07-12 21.01.49.jpg|2026-07-12 21.01.50.jpg|2026-07-12 21.01.51.jpg|2026-07-12 21.05.27.jpg,1.0,0.8505784204159799,0.9528685068556677,0.8926346302032471,0.9528853033881385,0.9999823729756235
real_uav_finetuned,la_souris_truck,whitevan,10,8,1|4|5|6|7|8|9|10,2026-07-12 21.05.57.jpg|2026-07-12 21.01.23.jpg|2026-07-12 21.01.30.jpg|2026-07-12 21.01.33.jpg|2026-07-12 21.01.49.jpg|2026-07-12 21.01.50.jpg|2026-07-12 21.01.51.jpg|2026-07-12 21.05.27.jpg,1.0,0.8599412576050888,0.9644948794464404,0.8926346302032471,0.9645007108466178,0.9999939539700574
real_uav_finetuned,la_souris_truck,whitevan,10,8,2|3|4|5|6|7|8|9,2026-07-12 21.06.04.jpg|2026-07-12 21.01.06.jpg|2026-07-12 21.01.23.jpg|2026-07-12 21.01.30.jpg|2026-07-12 21.01.33.jpg|2026-07-12 21.01.49.jpg|2026-07-12 21.01.50.jpg|2026-07-12 21.01.51.jpg,1.0,0.8599412576050888,0.9644978446950221,0.8926346302032471,0.9645007108466178,0.9999970283571972
real_uav_finetuned,la_souris_truck,whitevan,10,8,2|3|4|5|6|7|8|10,2026-07-12 21.06.04.jpg|2026-07-12 21.01.06.jpg|2026-07-12 21.01.23.jpg|2026-07-12 21.01.30.jpg|2026-07-12 21.01.33.jpg|2026-07-12 21.01.49.jpg|2026-07-12 21.01.50.jpg|2026-07-12 21.05.27.jpg,1.0,0.8599412576050888,0.9644860589748948,0.8926346302032471,0.9645007108466178,0.9999848088533703
real_uav_finetuned,la_souris_truck,whitevan,10,8,2|3|4|5|6|7|9|10,2026-07-12 21.06.04.jpg|2026-07-12 21.01.06.jpg|2026-07-12 21.01.23.jpg|2026-07-12 21.01.30.jpg|2026-07-12 21.01.33.jpg|2026-07-12 21.01.49.jpg|2026-07-12 21.01.51.jpg|2026-07-12 21.05.27.jpg,1.0,0.8599412576050888,0.9644875672408308,0.8926346302032471,0.9645007108466178,0.9999863726323484
real_uav_finetuned,la_souris_truck,whitevan,10,8,2|3|4|5|6|8|9|10,2026-07-12 21.06.04.jpg|2026-07-12 21.01.06.jpg|2026-07-12 21.01.23.jpg|2026-07-12 21.01.30.jpg|2026-07-12 21.01.33.jpg|2026-07-12 21.01.50.jpg|2026-07-12 21.01.51.jpg|2026-07-12 21.05.27.jpg,1.0,0.8599412576050888,0.9644864456688693,0.8926346302032471,0.9645007108466178,0.9999852097799534
real_uav_finetuned,la_souris_truck,whitevan,10,8,2|3|4|5|7|8|9|10,2026-07-12 21.06.04.jpg|2026-07-12 21.01.06.jpg|2026-07-12 21.01.23.jpg|2026-07-12 21.01.30.jpg|2026-07-12 21.01.49.jpg|2026-07-12 21.01.50.jpg|2026-07-12 21.01.51.jpg|2026-07-12 21.05.27.jpg,1.0,0.8599412576050888,0.9644960475291632,0.8926346302032471,0.9645007108466178,0.9999951650450827
real_uav_finetuned,la_souris_truck,whitevan,10,8,2|3|4|6|7|8|9|10,2026-07-12 21.06.04.jpg|2026-07-12 21.01.06.jpg|2026-07-12 21.01.23.jpg|2026-07-12 21.01.33.jpg|2026-07-12 21.01.49.jpg|2026-07-12 21.01.50.jpg|2026-07-12 21.01.51.jpg|2026-07-12 21.05.27.jpg,1.0,0.8599412576050888,0.9644839142755827,0.8915921449661255,0.9645007108466178,0.9999825852165309
real_uav_finetuned,la_souris_truck,whitevan,10,8,2|3|5|6|7|8|9|10,2026-07-12 21.06.04.jpg|2026-07-12 21.01.06.jpg|2026-07-12 21.01.30.jpg|2026-07-12 21.01.33.jpg|2026-07-12 21.01.49.jpg|2026-07-12 21.01.50.jpg|2026-07-12 21.01.51.jpg|2026-07-12 21.05.27.jpg,1.0,0.8505784204159799,0.9528688686730175,0.8926346302032471,0.9528853033881385,0.9999827526827598
real_uav_finetuned,la_souris_truck,whitevan,10,8,2|4|5|6|7|8|9|10,2026-07-12 21.06.04.jpg|2026-07-12 21.01.23.jpg|2026-07-12 21.01.30.jpg|2026-07-12 21.01.33.jpg|2026-07-12 21.01.49.jpg|2026-07-12 21.01.50.jpg|2026-07-12 21.01.51.jpg|2026-07-12 21.05.27.jpg,1.0,0.8599412576050888,0.9644950050617579,0.8926346302032471,0.9645007108466178,0.9999940842087561
real_uav_finetuned,la_souris_truck,whitevan,10,8,3|4|5|6|7|8|9|10,2026-07-12 21.01.06.jpg|2026-07-12 21.01.23.jpg|2026-07-12 21.01.30.jpg|2026-07-12 21.01.33.jpg|2026-07-12 21.01.49.jpg|2026-07-12 21.01.50.jpg|2026-07-12 21.01.51.jpg|2026-07-12 21.05.27.jpg,1.0,0.8599412576050888,0.9644988677745868,0.8926346302032471,0.9645007108466178,0.9999980890920968
real_uav_finetuned,la_souris_truck,whitevan,10,9,1|2|3|4|5|6|7|8|9,2026-07-12 21.05.57.jpg|2026-07-12 21.06.04.jpg|2026-07-12 21.01.06.jpg|2026-07-12 21.01.23.jpg|2026-07-12 21.01.30.jpg|2026-07-12 21.01.33.jpg|2026-07-12 21.01.49.jpg|2026-07-12 21.01.50.jpg|2026-07-12 21.01.51.jpg,1.0,0.8599412576050888,0.9644978446950221,0.8926346302032471,0.9645007108466178,0.9999970283571972
real_uav_finetuned,la_souris_truck,whitevan,10,9,1|2|3|4|5|6|7|8|10,2026-07-12 21.05.57.jpg|2026-07-12 21.06.04.jpg|2026-07-12 21.01.06.jpg|2026-07-12 21.01.23.jpg|2026-07-12 21.01.30.jpg|2026-07-12 21.01.33.jpg|2026-07-12 21.01.49.jpg|2026-07-12 21.01.50.jpg|2026-07-12 21.05.27.jpg,1.0,0.8599412576050888,0.9644860589748948,0.8926346302032471,0.9645007108466178,0.9999848088533703
real_uav_finetuned,la_souris_truck,whitevan,10,9,1|2|3|4|5|6|7|9|10,2026-07-12 21.05.57.jpg|2026-07-12 21.06.04.jpg|2026-07-12 21.01.06.jpg|2026-07-12 21.01.23.jpg|2026-07-12 21.01.30.jpg|2026-07-12 21.01.33.jpg|2026-07-12 21.01.49.jpg|2026-07-12 21.01.51.jpg|2026-07-12 21.05.27.jpg,1.0,0.8599412576050888,0.9644875672408308,0.8926346302032471,0.9645007108466178,0.9999863726323484
real_uav_finetuned,la_souris_truck,whitevan,10,9,1|2|3|4|5|6|8|9|10,2026-07-12 21.05.57.jpg|2026-07-12 21.06.04.jpg|2026-07-12 21.01.06.jpg|2026-07-12 21.01.23.jpg|2026-07-12 21.01.30.jpg|2026-07-12 21.01.33.jpg|2026-07-12 21.01.50.jpg|2026-07-12 21.01.51.jpg|2026-07-12 21.05.27.jpg,1.0,0.8599412576050888,0.9644864456688693,0.8926346302032471,0.9645007108466178,0.9999852097799534
real_uav_finetuned,la_souris_truck,whitevan,10,9,1|2|3|4|5|7|8|9|10,2026-07-12 21.05.57.jpg|2026-07-12 21.06.04.jpg|2026-07-12 21.01.06.jpg|2026-07-12 21.01.23.jpg|2026-07-12 21.01.30.jpg|2026-07-12 21.01.49.jpg|2026-07-12 21.01.50.jpg|2026-07-12 21.01.51.jpg|2026-07-12 21.05.27.jpg,1.0,0.8599412576050888,0.9644960475291632,0.8926346302032471,0.9645007108466178,0.9999951650450827
real_uav_finetuned,la_souris_truck,whitevan,10,9,1|2|3|4|6|7|8|9|10,2026-07-12 21.05.57.jpg|2026-07-12 21.06.04.jpg|2026-07-12 21.01.06.jpg|2026-07-12 21.01.23.jpg|2026-07-12 21.01.33.jpg|2026-07-12 21.01.49.jpg|2026-07-12 21.01.50.jpg|2026-07-12 21.01.51.jpg|2026-07-12 21.05.27.jpg,1.0,0.8599412576050888,0.9644839142755827,0.8915921449661255,0.9645007108466178,0.9999825852165309
real_uav_finetuned,la_souris_truck,whitevan,10,9,1|2|3|5|6|7|8|9|10,2026-07-12 21.05.57.jpg|2026-07-12 21.06.04.jpg|2026-07-12 21.01.06.jpg|2026-07-12 21.01.30.jpg|2026-07-12 21.01.33.jpg|2026-07-12 21.01.49.jpg|2026-07-12 21.01.50.jpg|2026-07-12 21.01.51.jpg|2026-07-12 21.05.27.jpg,1.0,0.8505784204159799,0.9528688686730175,0.8926346302032471,0.9528853033881385,0.9999827526827598
real_uav_finetuned,la_souris_truck,whitevan,10,9,1|2|4|5|6|7|8|9|10,2026-07-12 21.05.57.jpg|2026-07-12 21.06.04.jpg|2026-07-12 21.01.23.jpg|2026-07-12 21.01.30.jpg|2026-07-12 21.01.33.jpg|2026-07-12 21.01.49.jpg|2026-07-12 21.01.50.jpg|2026-07-12 21.01.51.jpg|2026-07-12 21.05.27.jpg,1.0,0.8599412576050888,0.9644950050617579,0.8926346302032471,0.9645007108466178,0.9999940842087561
real_uav_finetuned,la_souris_truck,whitevan,10,9,1|3|4|5|6|7|8|9|10,2026-07-12 21.05.57.jpg|2026-07-12 21.01.06.jpg|2026-07-12 21.01.23.jpg|2026-07-12 21.01.30.jpg|2026-07-12 21.01.33.jpg|2026-07-12 21.01.49.jpg|2026-07-12 21.01.50.jpg|2026-07-12 21.01.51.jpg|2026-07-12 21.05.27.jpg,1.0,0.8599412576050888,0.9644988677745868,0.8926346302032471,0.9645007108466178,0.9999980890920968
real_uav_finetuned,la_souris_truck,whitevan,10,9,2|3|4|5|6|7|8|9|10,2026-07-12 21.06.04.jpg|2026-07-12 21.01.06.jpg|2026-07-12 21.01.23.jpg|2026-07-12 21.01.30.jpg|2026-07-12 21.01.33.jpg|2026-07-12 21.01.49.jpg|2026-07-12 21.01.50.jpg|2026-07-12 21.01.51.jpg|2026-07-12 21.05.27.jpg,1.0,0.8599412576050888,0.9644989074765573,0.8926346302032471,0.9645007108466178,0.9999981302553329
real_uav_finetuned,la_souris_truck,whitevan,10,10,1|2|3|4|5|6|7|8|9|10,2026-07-12 21.05.57.jpg|2026-07-12 21.06.04.jpg|2026-07-12 21.01.06.jpg|2026-07-12 21.01.23.jpg|2026-07-12 21.01.30.jpg|2026-07-12 21.01.33.jpg|2026-07-12 21.01.49.jpg|2026-07-12 21.01.50.jpg|2026-07-12 21.01.51.jpg|2026-07-12 21.05.27.jpg,1.0,0.8599412576050888,0.9644989074765573,0.8926346302032471,0.9645007108466178,0.9999981302553329
real_uav_finetuned,m_truck,whitevan,5,0,empty,empty,0.0,0.0,0.0,0.0,0.0,0.0
real_uav_finetuned,m_truck,whitevan,5,1,1,2026-07-12 21.22.14.jpg,1.0,0.8449951001385503,0.8449951001385503,0.8838398456573486,0.9560500177609577,0.8838398456573486
real_uav_finetuned,m_truck,whitevan,5,1,2,2026-07-12 21.21.43.jpg,1.0,0.7088040806430077,0.7088040806430077,0.7663991451263428,0.9248497798443651,0.7663991451263428
real_uav_finetuned,m_truck,whitevan,5,1,3,2026-07-12 21.21.46.jpg,1.0,0.8381410435441169,0.8381410435441169,0.9117172360420227,0.9192993292335712,0.9117172360420227
real_uav_finetuned,m_truck,whitevan,5,1,4,2026-07-12 21.21.47.jpg,1.0,0.8282885668013326,0.8282885668013326,0.9109909534454346,0.9092171153497018,0.9109909534454346
real_uav_finetuned,m_truck,whitevan,5,1,5,2026-07-12 21.22.11.jpg,1.0,0.7119167275908214,0.7119167275908214,0.7970370054244995,0.8932041081475968,0.7970370054244995
real_uav_finetuned,m_truck,whitevan,5,2,1|2,2026-07-12 21.22.14.jpg|2026-07-12 21.21.43.jpg,1.0,0.8449951001385503,0.9301074940664397,0.8838398456573486,0.9560500177609577,0.9728648886433007
real_uav_finetuned,m_truck,whitevan,5,2,1|3,2026-07-12 21.22.14.jpg|2026-07-12 21.21.46.jpg,1.0,0.8449951001385503,0.946245782682126,0.9117172360420227,0.9560500177609577,0.9897450605128455
real_uav_finetuned,m_truck,whitevan,5,2,1|4,2026-07-12 21.22.14.jpg|2026-07-12 21.21.47.jpg,1.0,0.8449951001385503,0.9461651254281914,0.9109909534454346,0.9560500177609577,0.9896606954143294
real_uav_finetuned,m_truck,whitevan,5,2,1|5,2026-07-12 21.22.14.jpg|2026-07-12 21.22.11.jpg,1.0,0.8449951001385503,0.9335099791179783,0.8838398456573486,0.9560500177609577,0.9764237872242632
real_uav_finetuned,m_truck,whitevan,5,2,2|3,2026-07-12 21.21.43.jpg|2026-07-12 21.21.46.jpg,1.0,0.8381410435441169,0.9057766683776355,0.9117172360420227,0.9248497798443651,0.9793770708688072
real_uav_finetuned,m_truck,whitevan,5,2,2|4,2026-07-12 21.21.43.jpg|2026-07-12 21.21.47.jpg,1.0,0.8282885668013326,0.9056197581462379,0.9109909534454346,0.9248497798443651,0.9792074106333644
real_uav_finetuned,m_truck,whitevan,5,2,2|5,2026-07-12 21.21.43.jpg|2026-07-12 21.22.11.jpg,1.0,0.7119167275908214,0.8810004977692998,0.7970370054244995,0.9248497798443651,0.9525876709594456
real_uav_finetuned,m_truck,whitevan,5,2,3|4,2026-07-12 21.21.46.jpg|2026-07-12 21.21.47.jpg,1.0,0.8381410435441169,0.9120755076043499,0.9117172360420227,0.9192993292335712,0.9921420353528987
real_uav_finetuned,m_truck,whitevan,5,2,3|5,2026-07-12 21.21.46.jpg|2026-07-12 21.22.11.jpg,1.0,0.8381410435441169,0.9028272005354255,0.9117172360420227,0.9192993292335712,0.9820818658576869
real_uav_finetuned,m_truck,whitevan,5,2,4|5,2026-07-12 21.21.47.jpg|2026-07-12 21.22.11.jpg,1.0,0.8282885668013326,0.8927916147896761,0.9109909534454346,0.9092171153497018,0.9819344573669753
real_uav_finetuned,m_truck,whitevan,5,3,1|2|3,2026-07-12 21.22.14.jpg|2026-07-12 21.21.43.jpg|2026-07-12 21.21.46.jpg,1.0,0.8449951001385503,0.9537597400651603,0.9117172360420227,0.9560500177609577,0.9976044373691231
real_uav_finetuned,m_truck,whitevan,5,3,1|2|4,2026-07-12 21.22.14.jpg|2026-07-12 21.21.43.jpg|2026-07-12 21.21.47.jpg,1.0,0.8449951001385503,0.9537408984616894,0.9109909534454346,0.9560500177609577,0.9975847296099882
real_uav_finetuned,m_truck,whitevan,5,3,1|2|5,2026-07-12 21.22.14.jpg|2026-07-12 21.21.43.jpg|2026-07-12 21.22.11.jpg,1.0,0.8449951001385503,0.9507846454650724,0.8838398456573486,0.9560500177609577,0.9944925765409046
real_uav_finetuned,m_truck,whitevan,5,3,1|3|4,2026-07-12 21.22.14.jpg|2026-07-12 21.21.46.jpg|2026-07-12 21.21.47.jpg,1.0,0.8449951001385503,0.955177352144394,0.9117172360420227,0.9560500177609577,0.9990872176137736
real_uav_finetuned,m_truck,whitevan,5,3,1|3|5,2026-07-12 21.22.14.jpg|2026-07-12 21.21.46.jpg|2026-07-12 21.22.11.jpg,1.0,0.8449951001385503,0.9540601208498358,0.9117172360420227,0.9560500177609577,0.9979186267724965
real_uav_finetuned,m_truck,whitevan,5,3,1|4|5,2026-07-12 21.22.14.jpg|2026-07-12 21.21.47.jpg|2026-07-12 21.22.11.jpg,1.0,0.8449951001385503,0.954043750412043,0.9109909534454346,0.9560500177609577,0.9979015037794641
real_uav_finetuned,m_truck,whitevan,5,3,2|3|4,2026-07-12 21.21.43.jpg|2026-07-12 21.21.46.jpg|2026-07-12 21.21.47.jpg,1.0,0.8381410435441169,0.9231521003778825,0.9117172360420227,0.9248497798443651,0.9981643727408701
real_uav_finetuned,m_truck,whitevan,5,3,2|3|5,2026-07-12 21.21.43.jpg|2026-07-12 21.21.46.jpg|2026-07-12 21.22.11.jpg,1.0,0.8381410435441169,0.9209786440252054,0.9117172360420227,0.9248497798443651,0.9958143085466148
real_uav_finetuned,m_truck,whitevan,5,3,2|4|5,2026-07-12 21.21.43.jpg|2026-07-12 21.21.47.jpg|2026-07-12 21.22.11.jpg,1.0,0.8282885668013326,0.9209467970547613,0.9109909534454346,0.9248497798443651,0.9957798737971689
real_uav_finetuned,m_truck,whitevan,5,3,3|4|5,2026-07-12 21.21.46.jpg|2026-07-12 21.21.47.jpg|2026-07-12 21.22.11.jpg,1.0,0.8381410435441169,0.9178331607634251,0.9117172360420227,0.9192993292335712,0.9984051239639559
real_uav_finetuned,m_truck,whitevan,5,4,1|2|3|4,2026-07-12 21.22.14.jpg|2026-07-12 21.21.43.jpg|2026-07-12 21.21.46.jpg|2026-07-12 21.21.47.jpg,1.0,0.8449951001385503,0.9558461623269096,0.9117172360420227,0.9560500177609577,0.9997867732542639
real_uav_finetuned,m_truck,whitevan,5,4,1|2|3|5,2026-07-12 21.22.14.jpg|2026-07-12 21.21.43.jpg|2026-07-12 21.21.46.jpg|2026-07-12 21.22.11.jpg,1.0,0.8449951001385503,0.9555851761414091,0.9117172360420227,0.9560500177609577,0.999513789434744
real_uav_finetuned,m_truck,whitevan,5,4,1|2|4|5,2026-07-12 21.22.14.jpg|2026-07-12 21.21.43.jpg|2026-07-12 21.21.47.jpg|2026-07-12 21.22.11.jpg,1.0,0.8449951001385503,0.9555813519931461,0.9109909534454346,0.9560500177609577,0.9995097894889337
real_uav_finetuned,m_truck,whitevan,5,4,1|3|4|5,2026-07-12 21.22.14.jpg|2026-07-12 21.21.46.jpg|2026-07-12 21.21.47.jpg|2026-07-12 21.22.11.jpg,1.0,0.8449951001385503,0.9558728989341568,0.9117172360420227,0.9560500177609577,0.9998147389534957
real_uav_finetuned,m_truck,whitevan,5,4,2|3|4|5,2026-07-12 21.21.43.jpg|2026-07-12 21.21.46.jpg|2026-07-12 21.21.47.jpg|2026-07-12 21.22.11.jpg,1.0,0.8381410435441169,0.9245052137360185,0.9117172360420227,0.9248497798443651,0.9996274355945626
real_uav_finetuned,m_truck,whitevan,5,5,1|2|3|4|5,2026-07-12 21.22.14.jpg|2026-07-12 21.21.43.jpg|2026-07-12 21.21.46.jpg|2026-07-12 21.21.47.jpg|2026-07-12 21.22.11.jpg,1.0,0.8449951001385503,0.9560086426516027,0.9117172360420227,0.9560500177609577,0.9999567228611618
real_uav_finetuned,white_truck_bottendaal,whitevan,7,0,empty,empty,0.0,0.0,0.0,0.0,0.0,0.0
real_uav_finetuned,white_truck_bottendaal,whitevan,7,1,1,2026-06-30 15.33.46.jpg,1.0,0.9291180279439119,0.9291180279439119,0.9494345188140869,0.9786014828115247,0.9494345188140869
real_uav_finetuned,white_truck_bottendaal,whitevan,7,1,2,2026-06-30 15.33.52.jpg,1.0,0.9200221060943545,0.9200221060943545,0.966159462928772,0.9522466439498933,0.966159462928772
real_uav_finetuned,white_truck_bottendaal,whitevan,7,1,3,2026-06-30 15.34.24.jpg,1.0,0.7859374289061736,0.7859374289061736,0.8979946374893188,0.8752139445994429,0.8979946374893188
real_uav_finetuned,white_truck_bottendaal,whitevan,7,1,4,2026-06-30 15.34.33.jpg,1.0,0.86744166408828,0.86744166408828,0.9423846006393433,0.9204752109698954,0.9423846006393433
real_uav_finetuned,white_truck_bottendaal,whitevan,7,1,5,2026-06-30 15.35.01.jpg,1.0,0.8370846227547679,0.8370846227547679,0.9379739761352539,0.8924390697957509,0.9379739761352539
real_uav_finetuned,white_truck_bottendaal,whitevan,7,1,6,2026-06-30 15.33.29.jpg,1.0,0.843443537680829,0.843443537680829,0.9589520692825317,0.8795471272217767,0.9589520692825317
real_uav_finetuned,white_truck_bottendaal,whitevan,7,1,7,2026-06-30 15.33.34.jpg,1.0,0.8986312806821981,0.8986312806821981,0.9562207460403442,0.9397738800411717,0.9562207460403442
real_uav_finetuned,white_truck_bottendaal,whitevan,7,2,1|2,2026-06-30 15.33.46.jpg|2026-06-30 15.33.52.jpg,1.0,0.9291180279439119,0.9769269361226648,0.966159462928772,0.9786014828115247,0.9982888369594036
real_uav_finetuned,white_truck_bottendaal,whitevan,7,2,1|3,2026-06-30 15.33.46.jpg|2026-06-30 15.34.24.jpg,1.0,0.9291180279439119,0.9735539050594729,0.9494345188140869,0.9786014828115247,0.9948420497611039
real_uav_finetuned,white_truck_bottendaal,whitevan,7,2,1|4,2026-06-30 15.33.46.jpg|2026-06-30 15.34.33.jpg,1.0,0.9291180279439119,0.9757504737975822,0.9494345188140869,0.9786014828115247,0.9970866496076098
real_uav_finetuned,white_truck_bottendaal,whitevan,7,2,1|5,2026-06-30 15.33.46.jpg|2026-06-30 15.35.01.jpg,1.0,0.9291180279439119,0.975532220858996,0.9494345188140869,0.9786014828115247,0.9968636242572302
real_uav_finetuned,white_truck_bottendaal,whitevan,7,2,1|6,2026-06-30 15.33.46.jpg|2026-06-30 15.33.29.jpg,1.0,0.9291180279439119,0.976570289384458,0.9589520692825317,0.9786014828115247,0.9979243916315852
real_uav_finetuned,white_truck_bottendaal,whitevan,7,2,1|7,2026-06-30 15.33.46.jpg|2026-06-30 15.33.34.jpg,1.0,0.9291180279439119,0.9764351340740743,0.9562207460403442,0.9786014828115247,0.9977862809575697
real_uav_finetuned,white_truck_bottendaal,whitevan,7,2,2|3,2026-06-30 15.33.52.jpg|2026-06-30 15.34.24.jpg,1.0,0.9200221060943545,0.9489595682841999,0.966159462928772,0.9522466439498933,0.9965480837484932
real_uav_finetuned,white_truck_bottendaal,whitevan,7,2,2|4,2026-06-30 15.33.52.jpg|2026-06-30 15.34.33.jpg,1.0,0.9200221060943545,0.9503900143321339,0.966159462928772,0.9522466439498933,0.9980502639420621
real_uav_finetuned,white_truck_bottendaal,whitevan,7,2,2|5,2026-06-30 15.33.52.jpg|2026-06-30 15.35.01.jpg,1.0,0.9200221060943545,0.9502478839958353,0.966159462928772,0.9522466439498933,0.9979010060400242
real_uav_finetuned,white_truck_bottendaal,whitevan,7,2,2|6,2026-06-30 15.33.52.jpg|2026-06-30 15.33.29.jpg,1.0,0.9200221060943545,0.9509238933525967,0.966159462928772,0.9522466439498933,0.9986109159788583
real_uav_finetuned,white_truck_bottendaal,whitevan,7,2,2|7,2026-06-30 15.33.52.jpg|2026-06-30 15.33.34.jpg,1.0,0.9200221060943545,0.9508358777233832,0.966159462928772,0.9522466439498933,0.9985184865334276
real_uav_finetuned,white_truck_bottendaal,whitevan,7,2,3|4,2026-06-30 15.34.24.jpg|2026-06-30 15.34.33.jpg,1.0,0.86744166408828,0.915065504795009,0.9423846006393433,0.9204752109698954,0.9941229203020185
real_uav_finetuned,white_truck_bottendaal,whitevan,7,2,3|5,2026-06-30 15.34.24.jpg|2026-06-30 15.35.01.jpg,1.0,0.8370846227547679,0.8867926193587572,0.9379739761352539,0.8924390697957509,0.9936730129505804
real_uav_finetuned,white_truck_bottendaal,whitevan,7,2,3|6,2026-06-30 15.34.24.jpg|2026-06-30 15.33.29.jpg,1.0,0.843443537680829,0.8758643674827156,0.9589520692825317,0.8795471272217767,0.9958128909468513
real_uav_finetuned,white_truck_bottendaal,whitevan,7,2,3|7,2026-06-30 15.34.24.jpg|2026-06-30 15.33.34.jpg,1.0,0.8986312806821981,0.9355771142789279,0.9562207460403442,0.9397738800411717,0.9955342813293981
real_uav_finetuned,white_truck_bottendaal,whitevan,7,2,4|5,2026-06-30 15.34.33.jpg|2026-06-30 15.35.01.jpg,1.0,0.86744166408828,0.9171857509253841,0.9423846006393433,0.9204752109698954,0.996426345864279
real_uav_finetuned,white_truck_bottendaal,whitevan,7,2,4|6,2026-06-30 15.34.33.jpg|2026-06-30 15.33.29.jpg,1.0,0.86744166408828,0.9182982936117973,0.9589520692825317,0.9204752109698954,0.9976350070787845
real_uav_finetuned,white_truck_bottendaal,whitevan,7,2,4|7,2026-06-30 15.34.33.jpg|2026-06-30 15.33.34.jpg,1.0,0.8986312806821981,0.9374034327483689,0.9562207460403442,0.9397738800411717,0.9974776407994028
real_uav_finetuned,white_truck_bottendaal,whitevan,7,2,5|6,2026-06-30 15.35.01.jpg|2026-06-30 15.33.29.jpg,1.0,0.843443537680829,0.8901668842887089,0.9589520692825317,0.8924390697957509,0.9974539600697199
real_uav_finetuned,white_truck_bottendaal,whitevan,7,2,5|7,2026-06-30 15.35.01.jpg|2026-06-30 15.33.34.jpg,1.0,0.8986312806821981,0.9372219681914743,0.9562207460403442,0.9397738800411717,0.9972845469491176
real_uav_finetuned,white_truck_bottendaal,whitevan,7,2,6|7,2026-06-30 15.33.29.jpg|2026-06-30 15.33.34.jpg,1.0,0.8986312806821981,0.938085061473148,0.9589520692825317,0.9397738800411717,0.9982029522166016
real_uav_finetuned,white_truck_bottendaal,whitevan,7,3,1|2|3,2026-06-30 15.33.46.jpg|2026-06-30 15.33.52.jpg|2026-06-30 15.34.24.jpg,1.0,0.9291180279439119,0.9784306700694865,0.966159462928772,0.9786014828115247,0.9998254521937291
real_uav_finetuned,white_truck_bottendaal,whitevan,7,3,1|2|4,2026-06-30 15.33.46.jpg|2026-06-30 15.33.52.jpg|2026-06-30 15.34.33.jpg,1.0,0.9291180279439119,0.978505003135298,0.966159462928772,0.9786014828115247,0.9999014106580448
real_uav_finetuned,white_truck_bottendaal,whitevan,7,3,1|2|5,2026-06-30 15.33.46.jpg|2026-06-30 15.33.52.jpg|2026-06-30 15.35.01.jpg,1.0,0.9291180279439119,0.9784976173386388,0.966159462928772,0.9786014828115247,0.9998938633604075
real_uav_finetuned,white_truck_bottendaal,whitevan,7,3,1|2|6,2026-06-30 15.33.46.jpg|2026-06-30 15.33.52.jpg|2026-06-30 15.33.29.jpg,1.0,0.9291180279439119,0.9785327461350573,0.966159462928772,0.9786014828115247,0.9999297602980634
real_uav_finetuned,white_truck_bottendaal,whitevan,7,3,1|2|7,2026-06-30 15.33.46.jpg|2026-06-30 15.33.52.jpg|2026-06-30 15.33.34.jpg,1.0,0.9291180279439119,0.9785281724067658,0.966159462928772,0.9786014828115247,0.9999250865586794
real_uav_finetuned,white_truck_bottendaal,whitevan,7,3,1|3|4,2026-06-30 15.33.46.jpg|2026-06-30 15.34.24.jpg|2026-06-30 15.34.33.jpg,1.0,0.9291180279439119,0.9783106646035363,0.9494345188140869,0.9786014828115247,0.9997028226371036
real_uav_finetuned,white_truck_bottendaal,whitevan,7,3,1|3|5,2026-06-30 15.33.46.jpg|2026-06-30 15.34.24.jpg|2026-06-30 15.35.01.jpg,1.0,0.9291180279439119,0.9782884016334168,0.9494345188140869,0.9786014828115247,0.9996800728553891
real_uav_finetuned,white_truck_bottendaal,whitevan,7,3,1|3|6,2026-06-30 15.33.46.jpg|2026-06-30 15.34.24.jpg|2026-06-30 15.33.29.jpg,1.0,0.9291180279439119,0.9783942901896674,0.9589520692825317,0.9786014828115247,0.9997882768159496
real_uav_finetuned,white_truck_bottendaal,whitevan,7,3,1|3|7,2026-06-30 15.33.46.jpg|2026-06-30 15.34.24.jpg|2026-06-30 15.33.34.jpg,1.0,0.9291180279439119,0.9783805036232365,0.9562207460403442,0.9786014828115247,0.9997741887865801
real_uav_finetuned,white_truck_bottendaal,whitevan,7,3,1|4|5,2026-06-30 15.33.46.jpg|2026-06-30 15.34.33.jpg|2026-06-30 15.35.01.jpg,1.0,0.9291180279439119,0.9784246460583873,0.9494345188140869,0.9786014828115247,0.9998192964590352
real_uav_finetuned,white_truck_bottendaal,whitevan,7,3,1|4|6,2026-06-30 15.33.46.jpg|2026-06-30 15.34.33.jpg|2026-06-30 15.33.29.jpg,1.0,0.9291180279439119,0.9784844547910455,0.9589520692825317,0.9786014828115247,0.9998804129949375
real_uav_finetuned,white_truck_bottendaal,whitevan,7,3,1|4|7,2026-06-30 15.33.46.jpg|2026-06-30 15.34.33.jpg|2026-06-30 15.33.34.jpg,1.0,0.9291180279439119,0.978476667763862,0.9562207460403442,0.9786014828115247,0.9998724556932981
real_uav_finetuned,white_truck_bottendaal,whitevan,7,3,1|5|6,2026-06-30 15.33.46.jpg|2026-06-30 15.35.01.jpg|2026-06-30 15.33.29.jpg,1.0,0.9291180279439119,0.9784754959595435,0.9589520692825317,0.9786014828115247,0.9998712582658068
real_uav_finetuned,white_truck_bottendaal,whitevan,7,3,1|5|7,2026-06-30 15.33.46.jpg|2026-06-30 15.35.01.jpg|2026-06-30 15.33.34.jpg,1.0,0.9291180279439119,0.9784671128130362,0.9562207460403442,0.9786014828115247,0.9998626918098443
real_uav_finetuned,white_truck_bottendaal,whitevan,7,3,1|6|7,2026-06-30 15.33.46.jpg|2026-06-30 15.33.29.jpg|2026-06-30 15.33.34.jpg,1.0,0.9291180279439119,0.97851255867864,0.9589520692825317,0.9786014828115247,0.9999091314141184
real_uav_finetuned,white_truck_bottendaal,whitevan,7,3,2|3|4,2026-06-30 15.33.52.jpg|2026-06-30 15.34.24.jpg|2026-06-30 15.34.33.jpg,1.0,0.9200221060943545,0.9520572577726857,0.966159462928772,0.9522466439498933,0.9998011164666099
real_uav_finetuned,white_truck_bottendaal,whitevan,7,3,2|3|5,2026-06-30 15.33.52.jpg|2026-06-30 15.34.24.jpg|2026-06-30 15.35.01.jpg,1.0,0.9200221060943545,0.9520427597162078,0.966159462928772,0.9522466439498933,0.9997858913602049
real_uav_finetuned,white_truck_bottendaal,whitevan,7,3,2|3|6,2026-06-30 15.33.52.jpg|2026-06-30 15.34.24.jpg|2026-06-30 15.33.29.jpg,1.0,0.9200221060943545,0.9521117162957049,0.966159462928772,0.9522466439498933,0.9998583059808657
real_uav_finetuned,white_truck_bottendaal,whitevan,7,3,2|3|7,2026-06-30 15.33.52.jpg|2026-06-30 15.34.24.jpg|2026-06-30 15.33.34.jpg,1.0,0.9200221060943545,0.9521027382295403,0.966159462928772,0.9522466439498933,0.9998488776817778
real_uav_finetuned,white_truck_bottendaal,whitevan,7,3,2|4|5,2026-06-30 15.33.52.jpg|2026-06-30 15.34.33.jpg|2026-06-30 15.35.01.jpg,1.0,0.9200221060943545,0.9521314845969142,0.966159462928772,0.9522466439498933,0.9998790656247404
real_uav_finetuned,white_truck_bottendaal,whitevan,7,3,2|4|6,2026-06-30 15.33.52.jpg|2026-06-30 15.34.33.jpg|2026-06-30 15.33.29.jpg,1.0,0.9200221060943545,0.9521704331459755,0.966159462928772,0.9522466439498933,0.9999199673693764
real_uav_finetuned,white_truck_bottendaal,whitevan,7,3,2|4|7,2026-06-30 15.33.52.jpg|2026-06-30 15.34.33.jpg|2026-06-30 15.33.34.jpg,1.0,0.9200221060943545,0.9521653620903484,0.966159462928772,0.9522466439498933,0.9999146420099653
real_uav_finetuned,white_truck_bottendaal,whitevan,7,3,2|5|6,2026-06-30 15.33.52.jpg|2026-06-30 15.35.01.jpg|2026-06-30 15.33.29.jpg,1.0,0.9200221060943545,0.9521645989897783,0.966159462928772,0.9522466439498933,0.9999138406413546
real_uav_finetuned,white_truck_bottendaal,whitevan,7,3,2|5|7,2026-06-30 15.33.52.jpg|2026-06-30 15.35.01.jpg|2026-06-30 15.33.34.jpg,1.0,0.9200221060943545,0.9521591397302602,0.966159462928772,0.9522466439498933,0.9999081076103664
real_uav_finetuned,white_truck_bottendaal,whitevan,7,3,2|6|7,2026-06-30 15.33.52.jpg|2026-06-30 15.33.29.jpg|2026-06-30 15.33.34.jpg,1.0,0.9200221060943545,0.952188734915569,0.966159462928772,0.9522466439498933,0.9999391869378671
real_uav_finetuned,white_truck_bottendaal,whitevan,7,3,3|4|5,2026-06-30 15.34.24.jpg|2026-06-30 15.34.33.jpg|2026-06-30 15.35.01.jpg,1.0,0.86744166408828,0.9201396684055906,0.9423846006393433,0.9204752109698954,0.999635468114398
real_uav_finetuned,white_truck_bottendaal,whitevan,7,3,3|4|6,2026-06-30 15.34.24.jpg|2026-06-30 15.34.33.jpg|2026-06-30 15.33.29.jpg,1.0,0.86744166408828,0.9202531537256268,0.9589520692825317,0.9204752109698954,0.9997587580397362
real_uav_finetuned,white_truck_bottendaal,whitevan,7,3,3|4|7,2026-06-30 15.34.24.jpg|2026-06-30 15.34.33.jpg|2026-06-30 15.33.34.jpg,1.0,0.8986312806821981,0.9395320817057569,0.9562207460403442,0.9397738800411717,0.999742705835361
real_uav_finetuned,white_truck_bottendaal,whitevan,7,3,3|5|6,2026-06-30 15.34.24.jpg|2026-06-30 15.35.01.jpg|2026-06-30 15.33.29.jpg,1.0,0.843443537680829,0.8922072946894135,0.9589520692825317,0.8924390697957509,0.9997402902739451
real_uav_finetuned,white_truck_bottendaal,whitevan,7,3,3|5|7,2026-06-30 15.34.24.jpg|2026-06-30 15.35.01.jpg|2026-06-30 15.33.34.jpg,1.0,0.8986312806821981,0.9395135713478481,0.9562207460403442,0.9397738800411717,0.9997230092271641
real_uav_finetuned,white_truck_bottendaal,whitevan,7,3,3|6|7,2026-06-30 15.34.24.jpg|2026-06-30 15.33.29.jpg|2026-06-30 15.33.34.jpg,1.0,0.8986312806821981,0.9396016114909257,0.9589520692825317,0.9397738800411717,0.9998166914894054
real_uav_finetuned,white_truck_bottendaal,whitevan,7,3,4|5|6,2026-06-30 15.34.33.jpg|2026-06-30 15.35.01.jpg|2026-06-30 15.33.29.jpg,1.0,0.86744166408828,0.9203401854418903,0.9589520692825317,0.9204752109698954,0.9998533088926287
real_uav_finetuned,white_truck_bottendaal,whitevan,7,3,4|5|7,2026-06-30 15.34.33.jpg|2026-06-30 15.35.01.jpg|2026-06-30 15.33.34.jpg,1.0,0.8986312806821981,0.9396268506208182,0.9562207460403442,0.9397738800411717,0.9998435480880283
real_uav_finetuned,white_truck_bottendaal,whitevan,7,3,4|6|7,2026-06-30 15.34.33.jpg|2026-06-30 15.33.29.jpg|2026-06-30 15.33.34.jpg,1.0,0.8986312806821981,0.9396765780849273,0.9589520692825317,0.9397738800411717,0.9998964623742893
real_uav_finetuned,white_truck_bottendaal,whitevan,7,3,5|6|7,2026-06-30 15.35.01.jpg|2026-06-30 15.33.29.jpg|2026-06-30 15.33.34.jpg,1.0,0.8986312806821981,0.9396691293403682,0.9589520692825317,0.9397738800411717,0.9998885362713008
real_uav_finetuned,white_truck_bottendaal,whitevan,7,4,1|2|3|4,2026-06-30 15.33.46.jpg|2026-06-30 15.33.52.jpg|2026-06-30 15.34.24.jpg|2026-06-30 15.34.33.jpg,1.0,0.9291180279439119,0.9785916413671762,0.966159462928772,0.9786014828115247,0.9999899433584342
real_uav_finetuned,white_truck_bottendaal,whitevan,7,4,1|2|3|5,2026-06-30 15.33.46.jpg|2026-06-30 15.33.52.jpg|2026-06-30 15.34.24.jpg|2026-06-30 15.35.01.jpg,1.0,0.9291180279439119,0.9785908879763107,0.966159462928772,0.9786014828115247,0.9999891734936027
real_uav_finetuned,white_truck_bottendaal,whitevan,7,4,1|2|3|6,2026-06-30 15.33.46.jpg|2026-06-30 15.33.52.jpg|2026-06-30 15.34.24.jpg|2026-06-30 15.33.29.jpg,1.0,0.9291180279439119,0.9785944713019238,0.966159462928772,0.9786014828115247,0.9999928351737413
real_uav_finetuned,white_truck_bottendaal,whitevan,7,4,1|2|3|7,2026-06-30 15.33.46.jpg|2026-06-30 15.33.52.jpg|2026-06-30 15.34.24.jpg|2026-06-30 15.33.34.jpg,1.0,0.9291180279439119,0.9785940047571114,0.966159462928772,0.9786014828115247,0.9999923584272612
real_uav_finetuned,white_truck_bottendaal,whitevan,7,4,1|2|4|5,2026-06-30 15.33.46.jpg|2026-06-30 15.33.52.jpg|2026-06-30 15.34.33.jpg|2026-06-30 15.35.01.jpg,1.0,0.9291180279439119,0.9785954985608246,0.966159462928772,0.9786014828115247,0.9999938848951231
real_uav_finetuned,white_truck_bottendaal,whitevan,7,4,1|2|4|6,2026-06-30 15.33.46.jpg|2026-06-30 15.33.52.jpg|2026-06-30 15.34.33.jpg|2026-06-30 15.33.29.jpg,1.0,0.9291180279439119,0.9785975225204593,0.966159462928772,0.9786014828115247,0.9999959531115219
real_uav_finetuned,white_truck_bottendaal,whitevan,7,4,1|2|4|7,2026-06-30 15.33.46.jpg|2026-06-30 15.33.52.jpg|2026-06-30 15.34.33.jpg|2026-06-30 15.33.34.jpg,1.0,0.9291180279439119,0.9785972590032772,0.966159462928772,0.9786014828115247,0.9999956838321609
real_uav_finetuned,white_truck_bottendaal,whitevan,7,4,1|2|5|6,2026-06-30 15.33.46.jpg|2026-06-30 15.33.52.jpg|2026-06-30 15.35.01.jpg|2026-06-30 15.33.29.jpg,1.0,0.9291180279439119,0.9785972193487897,0.966159462928772,0.9786014828115247,0.9999956433105714
real_uav_finetuned,white_truck_bottendaal,whitevan,7,4,1|2|5|7,2026-06-30 15.33.46.jpg|2026-06-30 15.33.52.jpg|2026-06-30 15.35.01.jpg|2026-06-30 15.33.34.jpg,1.0,0.9291180279439119,0.9785969356586096,0.966159462928772,0.9786014828115247,0.9999953534171009
real_uav_finetuned,white_truck_bottendaal,whitevan,7,4,1|2|6|7,2026-06-30 15.33.46.jpg|2026-06-30 15.33.52.jpg|2026-06-30 15.33.29.jpg|2026-06-30 15.33.34.jpg,1.0,0.9291180279439119,0.9785984735711093,0.966159462928772,0.9786014828115247,0.9999969249582509
real_uav_finetuned,white_truck_bottendaal,whitevan,7,4,1|3|4|5,2026-06-30 15.33.46.jpg|2026-06-30 15.34.24.jpg|2026-06-30 15.34.33.jpg|2026-06-30 15.35.01.jpg,1.0,0.9291180279439119,0.9785834445144157,0.9494345188140869,0.9786014828115247,0.9999815672697969
real_uav_finetuned,white_truck_bottendaal,whitevan,7,4,1|3|4|6,2026-06-30 15.33.46.jpg|2026-06-30 15.34.24.jpg|2026-06-30 15.34.33.jpg|2026-06-30 15.33.29.jpg,1.0,0.9291180279439119,0.9785895453258718,0.9589520692825317,0.9786014828115247,0.9999878014841971
real_uav_finetuned,white_truck_bottendaal,whitevan,7,4,1|3|4|7,2026-06-30 15.33.46.jpg|2026-06-30 15.34.24.jpg|2026-06-30 15.34.33.jpg|2026-06-30 15.33.34.jpg,1.0,0.9291180279439119,0.9785887510073411,0.9562207460403442,0.9786014828115247,0.9999869897967587
real_uav_finetuned,white_truck_bottendaal,whitevan,7,4,1|3|5|6,2026-06-30 15.33.46.jpg|2026-06-30 15.34.24.jpg|2026-06-30 15.35.01.jpg|2026-06-30 15.33.29.jpg,1.0,0.9291180279439119,0.9785886314770168,0.9589520692825317,0.9786014828115247,0.9999868676527334
real_uav_finetuned,white_truck_bottendaal,whitevan,7,4,1|3|5|7,2026-06-30 15.33.46.jpg|2026-06-30 15.34.24.jpg|2026-06-30 15.35.01.jpg|2026-06-30 15.33.34.jpg,1.0,0.9291180279439119,0.9785877763511183,0.9562207460403442,0.9786014828115247,0.9999859938282875
real_uav_finetuned,white_truck_bottendaal,whitevan,7,4,1|3|6|7,2026-06-30 15.33.46.jpg|2026-06-30 15.34.24.jpg|2026-06-30 15.33.29.jpg|2026-06-30 15.33.34.jpg,1.0,0.9291180279439119,0.9785924120731139,0.9589520692825317,0.9786014828115247,0.9999907309169563
real_uav_finetuned,white_truck_bottendaal,whitevan,7,4,1|4|5|6,2026-06-30 15.33.46.jpg|2026-06-30 15.34.33.jpg|2026-06-30 15.35.01.jpg|2026-06-30 15.33.29.jpg,1.0,0.9291180279439119,0.9785942240287335,0.9589520692825317,0.9786014828115247,0.99999258249357
real_uav_finetuned,white_truck_bottendaal,whitevan,7,4,1|4|5|7,2026-06-30 15.33.46.jpg|2026-06-30 15.34.33.jpg|2026-06-30 15.35.01.jpg|2026-06-30 15.33.34.jpg,1.0,0.9291180279439119,0.9785937410303996,0.9562207460403442,0.9786014828115247,0.9999920889337887
real_uav_finetuned,white_truck_bottendaal,whitevan,7,4,1|4|6|7,2026-06-30 15.33.46.jpg|2026-06-30 15.34.33.jpg|2026-06-30 15.33.29.jpg|2026-06-30 15.33.34.jpg,1.0,0.9291180279439119,0.9785963594120958,0.9589520692825317,0.9786014828115247,0.9999947645701351
real_uav_finetuned,white_truck_bottendaal,whitevan,7,4,1|5|6|7,2026-06-30 15.33.46.jpg|2026-06-30 15.35.01.jpg|2026-06-30 15.33.29.jpg|2026-06-30 15.33.34.jpg,1.0,0.9291180279439119,0.9785959672011362,0.9589520692825317,0.9786014828115247,0.9999943637829235
real_uav_finetuned,white_truck_bottendaal,whitevan,7,4,2|3|4|5,2026-06-30 15.33.52.jpg|2026-06-30 15.34.24.jpg|2026-06-30 15.34.33.jpg|2026-06-30 15.35.01.jpg,1.0,0.9200221060943545,0.9522348970783462,0.966159462928772,0.9522466439498933,0.9999876640452117
real_uav_finetuned,white_truck_bottendaal,whitevan,7,4,2|3|4|6,2026-06-30 15.33.52.jpg|2026-06-30 15.34.24.jpg|2026-06-30 15.34.33.jpg|2026-06-30 15.33.29.jpg,1.0,0.9200221060943545,0.9522388700392125,0.966159462928772,0.9522466439498933,0.9999918362425005
real_uav_finetuned,white_truck_bottendaal,whitevan,7,4,2|3|4|7,2026-06-30 15.33.52.jpg|2026-06-30 15.34.24.jpg|2026-06-30 15.34.33.jpg|2026-06-30 15.33.34.jpg,1.0,0.9200221060943545,0.9522383527643449,0.966159462928772,0.9522466439498933,0.9999912930272833
real_uav_finetuned,white_truck_bottendaal,whitevan,7,4,2|3|5|6,2026-06-30 15.33.52.jpg|2026-06-30 15.34.24.jpg|2026-06-30 15.35.01.jpg|2026-06-30 15.33.29.jpg,1.0,0.9200221060943545,0.9522382749239946,0.966159462928772,0.9522466439498933,0.9999912112833876
real_uav_finetuned,white_truck_bottendaal,whitevan,7,4,2|3|5|7,2026-06-30 15.33.52.jpg|2026-06-30 15.34.24.jpg|2026-06-30 15.35.01.jpg|2026-06-30 15.33.34.jpg,1.0,0.9200221060943545,0.9522377180502485,0.966159462928772,0.9522466439498933,0.9999906264834835
real_uav_finetuned,white_truck_bottendaal,whitevan,7,4,2|3|6|7,2026-06-30 15.33.52.jpg|2026-06-30 15.34.24.jpg|2026-06-30 15.33.29.jpg|2026-06-30 15.33.34.jpg,1.0,0.9200221060943545,0.9522407369178545,0.966159462928772,0.9522466439498933,0.9999937967415518
real_uav_finetuned,white_truck_bottendaal,whitevan,7,4,2|4|5|6,2026-06-30 15.33.52.jpg|2026-06-30 15.34.33.jpg|2026-06-30 15.35.01.jpg|2026-06-30 15.33.29.jpg,1.0,0.9200221060943545,0.9522419168967508,0.966159462928772,0.9522466439498933,0.999995035894143
real_uav_finetuned,white_truck_bottendaal,whitevan,7,4,2|4|5|7,2026-06-30 15.33.52.jpg|2026-06-30 15.34.33.jpg|2026-06-30 15.35.01.jpg|2026-06-30 15.33.34.jpg,1.0,0.9200221060943545,0.9522416023593334,0.966159462928772,0.9522466439498933,0.9999947055832731
real_uav_finetuned,white_truck_bottendaal,whitevan,7,4,2|4|6|7,2026-06-30 15.33.52.jpg|2026-06-30 15.34.33.jpg|2026-06-30 15.33.29.jpg|2026-06-30 15.33.34.jpg,1.0,0.9200221060943545,0.9522433074977541,0.966159462928772,0.9522466439498933,0.9999964962311388
real_uav_finetuned,white_truck_bottendaal,whitevan,7,4,2|5|6|7,2026-06-30 15.33.52.jpg|2026-06-30 15.35.01.jpg|2026-06-30 15.33.29.jpg|2026-06-30 15.33.34.jpg,1.0,0.9200221060943545,0.9522430520827483,0.966159462928772,0.9522466439498933,0.9999962280075568
real_uav_finetuned,white_truck_bottendaal,whitevan,7,4,3|4|5|6,2026-06-30 15.34.24.jpg|2026-06-30 15.34.33.jpg|2026-06-30 15.35.01.jpg|2026-06-30 15.33.29.jpg,1.0,0.86744166408828,0.920461437641963,0.9589520692825317,0.9204752109698954,0.9999850367204155
real_uav_finetuned,white_truck_bottendaal,whitevan,7,4,3|4|5|7,2026-06-30 15.34.24.jpg|2026-06-30 15.34.33.jpg|2026-06-30 15.35.01.jpg|2026-06-30 15.33.34.jpg,1.0,0.8986312806821981,0.9397588822518488,0.9562207460403442,0.9397738800411717,0.9999840410660038
real_uav_finetuned,white_truck_bottendaal,whitevan,7,4,3|4|6|7,2026-06-30 15.34.24.jpg|2026-06-30 15.34.33.jpg|2026-06-30 15.33.29.jpg|2026-06-30 15.33.34.jpg,1.0,0.8986312806821981,0.939763954719852,0.9589520692825317,0.9397738800411717,0.9999894386069559
real_uav_finetuned,white_truck_bottendaal,whitevan,7,4,3|5|6|7,2026-06-30 15.34.24.jpg|2026-06-30 15.35.01.jpg|2026-06-30 15.33.29.jpg|2026-06-30 15.33.34.jpg,1.0,0.8986312806821981,0.939763194907963,0.9589520692825317,0.9397738800411717,0.9999886301019473
real_uav_finetuned,white_truck_bottendaal,whitevan,7,4,4|5|6|7,2026-06-30 15.34.33.jpg|2026-06-30 15.35.01.jpg|2026-06-30 15.33.29.jpg|2026-06-30 15.33.34.jpg,1.0,0.8986312806821981,0.9397678447877116,0.9589520692825317,0.9397738800411717,0.9999935779727568
real_uav_finetuned,white_truck_bottendaal,whitevan,7,5,1|2|3|4|5,2026-06-30 15.33.46.jpg|2026-06-30 15.33.52.jpg|2026-06-30 15.34.24.jpg|2026-06-30 15.34.33.jpg|2026-06-30 15.35.01.jpg,1.0,0.9291180279439119,0.9786008723858627,0.966159462928772,0.9786014828115247,0.9999993762265103
real_uav_finetuned,white_truck_bottendaal,whitevan,7,5,1|2|3|4|6,2026-06-30 15.33.46.jpg|2026-06-30 15.33.52.jpg|2026-06-30 15.34.24.jpg|2026-06-30 15.34.33.jpg|2026-06-30 15.33.29.jpg,1.0,0.9291180279439119,0.9786010788405989,0.966159462928772,0.9786014828115247,0.9999995871956737
real_uav_finetuned,white_truck_bottendaal,whitevan,7,5,1|2|3|4|7,2026-06-30 15.33.46.jpg|2026-06-30 15.33.52.jpg|2026-06-30 15.34.24.jpg|2026-06-30 15.34.33.jpg|2026-06-30 15.33.34.jpg,1.0,0.9291180279439119,0.9786010519604332,0.966159462928772,0.9786014828115247,0.9999995597277349
real_uav_finetuned,white_truck_bottendaal,whitevan,7,5,1|2|3|5|6,2026-06-30 15.33.46.jpg|2026-06-30 15.33.52.jpg|2026-06-30 15.34.24.jpg|2026-06-30 15.35.01.jpg|2026-06-30 15.33.29.jpg,1.0,0.9291180279439119,0.9786010479154629,0.966159462928772,0.9786014828115247,0.9999995555943155
real_uav_finetuned,white_truck_bottendaal,whitevan,7,5,1|2|3|5|7,2026-06-30 15.33.46.jpg|2026-06-30 15.33.52.jpg|2026-06-30 15.34.24.jpg|2026-06-30 15.35.01.jpg|2026-06-30 15.33.34.jpg,1.0,0.9291180279439119,0.9786010189775433,0.966159462928772,0.9786014828115247,0.999999526023627
real_uav_finetuned,white_truck_bottendaal,whitevan,7,5,1|2|3|6|7,2026-06-30 15.33.46.jpg|2026-06-30 15.33.52.jpg|2026-06-30 15.34.24.jpg|2026-06-30 15.33.29.jpg|2026-06-30 15.33.34.jpg,1.0,0.9291180279439119,0.9786011758528652,0.966159462928772,0.9786014828115247,0.9999996863292516
real_uav_finetuned,white_truck_bottendaal,whitevan,7,5,1|2|4|5|6,2026-06-30 15.33.46.jpg|2026-06-30 15.33.52.jpg|2026-06-30 15.34.33.jpg|2026-06-30 15.35.01.jpg|2026-06-30 15.33.29.jpg,1.0,0.9291180279439119,0.9786012371704166,0.966159462928772,0.9786014828115247,0.9999997489875987
real_uav_finetuned,white_truck_bottendaal,whitevan,7,5,1|2|4|5|7,2026-06-30 15.33.46.jpg|2026-06-30 15.33.52.jpg|2026-06-30 15.34.33.jpg|2026-06-30 15.35.01.jpg|2026-06-30 15.33.34.jpg,1.0,0.9291180279439119,0.9786012208254936,0.966159462928772,0.9786014828115247,0.9999997322852706
real_uav_finetuned,white_truck_bottendaal,whitevan,7,5,1|2|4|6|7,2026-06-30 15.33.46.jpg|2026-06-30 15.33.52.jpg|2026-06-30 15.34.33.jpg|2026-06-30 15.33.29.jpg|2026-06-30 15.33.34.jpg,1.0,0.9291180279439119,0.9786013094329364,0.966159462928772,0.9786014828115247,0.9999998228302416
real_uav_finetuned,white_truck_bottendaal,whitevan,7,5,1|2|5|6|7,2026-06-30 15.33.46.jpg|2026-06-30 15.33.52.jpg|2026-06-30 15.35.01.jpg|2026-06-30 15.33.29.jpg|2026-06-30 15.33.34.jpg,1.0,0.9291180279439119,0.9786012961603069,0.966159462928772,0.9786014828115247,0.9999998092673871
real_uav_finetuned,white_truck_bottendaal,whitevan,7,5,1|3|4|5|6,2026-06-30 15.33.46.jpg|2026-06-30 15.34.24.jpg|2026-06-30 15.34.33.jpg|2026-06-30 15.35.01.jpg|2026-06-30 15.33.29.jpg,1.0,0.9291180279439119,0.9786007423767548,0.9589520692825317,0.9786014828115247,0.9999992433745677
real_uav_finetuned,white_truck_bottendaal,whitevan,7,5,1|3|4|5|7,2026-06-30 15.33.46.jpg|2026-06-30 15.34.24.jpg|2026-06-30 15.34.33.jpg|2026-06-30 15.35.01.jpg|2026-06-30 15.33.34.jpg,1.0,0.9291180279439119,0.9786006931083345,0.9562207460403442,0.9786014828115247,0.9999991930288232
real_uav_finetuned,white_truck_bottendaal,whitevan,7,5,1|3|4|6|7,2026-06-30 15.33.46.jpg|2026-06-30 15.34.24.jpg|2026-06-30 15.34.33.jpg|2026-06-30 15.33.29.jpg|2026-06-30 15.33.34.jpg,1.0,0.9291180279439119,0.9786009601973087,0.9589520692825317,0.9786014828115247,0.9999994659580788
real_uav_finetuned,white_truck_bottendaal,whitevan,7,5,1|3|5|6|7,2026-06-30 15.33.46.jpg|2026-06-30 15.34.24.jpg|2026-06-30 15.35.01.jpg|2026-06-30 15.33.29.jpg|2026-06-30 15.33.34.jpg,1.0,0.9291180279439119,0.9786009201896875,0.9589520692825317,0.9786014828115247,0.9999994250756339
real_uav_finetuned,white_truck_bottendaal,whitevan,7,5,1|4|5|6|7,2026-06-30 15.33.46.jpg|2026-06-30 15.34.33.jpg|2026-06-30 15.35.01.jpg|2026-06-30 15.33.29.jpg|2026-06-30 15.33.34.jpg,1.0,0.9291180279439119,0.9786011650274294,0.9589520692825317,0.9786014828115247,0.9999996752671022
real_uav_finetuned,white_truck_bottendaal,whitevan,7,5,2|3|4|5|6,2026-06-30 15.33.52.jpg|2026-06-30 15.34.24.jpg|2026-06-30 15.34.33.jpg|2026-06-30 15.35.01.jpg|2026-06-30 15.33.29.jpg,1.0,0.9200221060943545,0.9522461617651239,0.966159462928772,0.9522466439498933,0.9999994936345825
real_uav_finetuned,white_truck_bottendaal,whitevan,7,5,2|3|4|5|7,2026-06-30 15.33.52.jpg|2026-06-30 15.34.24.jpg|2026-06-30 15.34.33.jpg|2026-06-30 15.35.01.jpg|2026-06-30 15.33.34.jpg,1.0,0.9200221060943545,0.9522461296806206,0.966159462928772,0.9522466439498933,0.9999994599411025
real_uav_finetuned,white_truck_bottendaal,whitevan,7,5,2|3|4|6|7,2026-06-30 15.33.52.jpg|2026-06-30 15.34.24.jpg|2026-06-30 15.34.33.jpg|2026-06-30 15.33.29.jpg|2026-06-30 15.33.34.jpg,1.0,0.9200221060943545,0.9522463036138834,0.966159462928772,0.9522466439498933,0.9999996425967872
real_uav_finetuned,white_truck_bottendaal,whitevan,7,5,2|3|5|6|7,2026-06-30 15.33.52.jpg|2026-06-30 15.34.24.jpg|2026-06-30 15.35.01.jpg|2026-06-30 15.33.29.jpg|2026-06-30 15.33.34.jpg,1.0,0.9200221060943545,0.9522462775601831,0.966159462928772,0.9522466439498933,0.9999996152365435
real_uav_finetuned,white_truck_bottendaal,whitevan,7,5,2|4|5|6|7,2026-06-30 15.33.52.jpg|2026-06-30 15.34.33.jpg|2026-06-30 15.35.01.jpg|2026-06-30 15.33.29.jpg|2026-06-30 15.33.34.jpg,1.0,0.9200221060943545,0.9522464370030334,0.966159462928772,0.9522466439498933,0.999999782675149
real_uav_finetuned,white_truck_bottendaal,whitevan,7,5,3|4|5|6|7,2026-06-30 15.34.24.jpg|2026-06-30 15.34.33.jpg|2026-06-30 15.35.01.jpg|2026-06-30 15.33.29.jpg|2026-06-30 15.33.34.jpg,1.0,0.8986312806821981,0.9397732644129546,0.9589520692825317,0.9397738800411717,0.999999344918783
real_uav_finetuned,white_truck_bottendaal,whitevan,7,6,1|2|3|4|5|6,2026-06-30 15.33.46.jpg|2026-06-30 15.33.52.jpg|2026-06-30 15.34.24.jpg|2026-06-30 15.34.33.jpg|2026-06-30 15.35.01.jpg|2026-06-30 15.33.29.jpg,1.0,0.9291180279439119,0.9786014577548144,0.966159462928772,0.9786014828115247,0.999999974395389
real_uav_finetuned,white_truck_bottendaal,whitevan,7,6,1|2|3|4|5|7,2026-06-30 15.33.46.jpg|2026-06-30 15.33.52.jpg|2026-06-30 15.34.24.jpg|2026-06-30 15.34.33.jpg|2026-06-30 15.35.01.jpg|2026-06-30 15.33.34.jpg,1.0,0.9291180279439119,0.9786014560875446,0.966159462928772,0.9786014828115247,0.999999972691662
real_uav_finetuned,white_truck_bottendaal,whitevan,7,6,1|2|3|4|6|7,2026-06-30 15.33.46.jpg|2026-06-30 15.33.52.jpg|2026-06-30 15.34.24.jpg|2026-06-30 15.34.33.jpg|2026-06-30 15.33.29.jpg|2026-06-30 15.33.34.jpg,1.0,0.9291180279439119,0.9786014651259789,0.966159462928772,0.9786014828115247,0.9999999819277345
real_uav_finetuned,white_truck_bottendaal,whitevan,7,6,1|2|3|5|6|7,2026-06-30 15.33.46.jpg|2026-06-30 15.33.52.jpg|2026-06-30 15.34.24.jpg|2026-06-30 15.35.01.jpg|2026-06-30 15.33.29.jpg|2026-06-30 15.33.34.jpg,1.0,0.9291180279439119,0.9786014637720996,0.966159462928772,0.9786014828115247,0.9999999805442507
real_uav_finetuned,white_truck_bottendaal,whitevan,7,6,1|2|4|5|6|7,2026-06-30 15.33.46.jpg|2026-06-30 15.33.52.jpg|2026-06-30 15.34.33.jpg|2026-06-30 15.35.01.jpg|2026-06-30 15.33.29.jpg|2026-06-30 15.33.34.jpg,1.0,0.9291180279439119,0.9786014720575402,0.966159462928772,0.9786014828115247,0.9999999890108643
real_uav_finetuned,white_truck_bottendaal,whitevan,7,6,1|3|4|5|6|7,2026-06-30 15.33.46.jpg|2026-06-30 15.34.24.jpg|2026-06-30 15.34.33.jpg|2026-06-30 15.35.01.jpg|2026-06-30 15.33.29.jpg|2026-06-30 15.33.34.jpg,1.0,0.9291180279439119,0.9786014503958429,0.9589520692825317,0.9786014828115247,0.9999999668755031
real_uav_finetuned,white_truck_bottendaal,whitevan,7,6,2|3|4|5|6|7,2026-06-30 15.33.52.jpg|2026-06-30 15.34.24.jpg|2026-06-30 15.34.33.jpg|2026-06-30 15.35.01.jpg|2026-06-30 15.33.29.jpg|2026-06-30 15.33.34.jpg,1.0,0.9200221060943545,0.9522466228402039,0.966159462928772,0.9522466439498933,0.9999999778316998
real_uav_finetuned,white_truck_bottendaal,whitevan,7,7,1|2|3|4|5|6|7,2026-06-30 15.33.46.jpg|2026-06-30 15.33.52.jpg|2026-06-30 15.34.24.jpg|2026-06-30 15.34.33.jpg|2026-06-30 15.35.01.jpg|2026-06-30 15.33.29.jpg|2026-06-30 15.33.34.jpg,1.0,0.9291180279439119,0.9786014817145606,0.966159462928772,0.9786014828115247,0.9999999988790492
