group,target_class,ring_id,viewpoint,azimuth,rank,shapley_value,share_of_ring_value,singleton_ring_scene_value,mean_strict_quality_on_observed_rows,observed_scene_count,observed_scene_rate_within_ring,matched_scene_count,matched_scene_rate_within_ring,ring_scene_count,complete_ring_scene_count,max_views_seen_in_any_ring_scene,grand_value_all_8_players,empty_coalition_value
per_class,barrel,ellow-radnear,ellow-radnear-az225,225,1,0.2003549342693322,0.2366087866959337,0.25483276636210095,0.8664314056311433,5,0.29411764705882354,5,0.29411764705882354,17,0,4,0.8467772353983144,0.0
per_class,barrel,ellow-radnear,ellow-radnear-az090,90,2,0.15914835340665548,0.1879459517257734,0.2558804394594515,0.869993494162135,5,0.29411764705882354,5,0.29411764705882354,17,0,4,0.8467772353983144,0.0
per_class,barrel,ellow-radnear,ellow-radnear-az000,0,3,0.14357148701795208,0.16955048035793935,0.25179484368429217,0.7134187237721612,6,0.35294117647058826,5,0.29411764705882354,17,0,4,0.8467772353983144,0.0
per_class,barrel,ellow-radnear,ellow-radnear-az180,180,4,0.11299945398935228,0.13344649485788151,0.14869476955120806,0.8426036941235123,3,0.17647058823529413,3,0.17647058823529413,17,0,4,0.8467772353983144,0.0
per_class,barrel,ellow-radnear,ellow-radnear-az045,45,5,0.08960420162418317,0.10581791512384527,0.1460446019464066,0.620689558272228,4,0.23529411764705882,3,0.17647058823529413,17,0,4,0.8467772353983144,0.0
per_class,barrel,ellow-radnear,ellow-radnear-az270,270,6,0.07358455325335819,0.08689954119839423,0.1457630622369283,0.8259906860092604,3,0.17647058823529413,3,0.17647058823529413,17,0,4,0.8467772353983144,0.0
per_class,barrel,ellow-radnear,ellow-radnear-az135,135,7,0.03663186926205306,0.04326033782051526,0.09471985373173991,0.8051187567197893,2,0.11764705882352941,2,0.11764705882352941,17,0,4,0.8467772353983144,0.0
per_class,barrel,ellow-radnear,ellow-radnear-az315,315,8,0.030882382575427466,0.03647049221971673,0.0965174648505504,0.8203984512296785,2,0.11764705882352941,2,0.11764705882352941,17,0,4,0.8467772353983144,0.0
per_class,barrel,ellow-radmid,ellow-radmid-az045,45,1,0.1940498303257221,0.2947798510092377,0.23160202512828743,0.656205737863481,6,0.35294117647058826,5,0.29411764705882354,17,0,2,0.6582872935899579,0.0
per_class,barrel,ellow-radmid,ellow-radmid-az135,135,2,0.11259764967957041,0.17104636649679378,0.13001421024700519,0.736747191399696,3,0.17647058823529413,3,0.17647058823529413,17,0,2,0.6582872935899579,0.0
per_class,barrel,ellow-radmid,ellow-radmid-az000,0,3,0.08673230109806102,0.13175448158063022,0.08673230109806089,0.4914830395556784,3,0.17647058823529413,2,0.11764705882352941,17,0,2,0.6582872935899579,0.0
per_class,barrel,ellow-radmid,ellow-radmid-az270,270,4,0.07425593167799459,0.11280170892110222,0.09265399367024518,0.787558946197084,2,0.11764705882352941,2,0.11764705882352941,17,0,2,0.6582872935899579,0.0
per_class,barrel,ellow-radmid,ellow-radmid-az225,225,5,0.07018623149827469,0.10661945351476457,0.08934036430858955,0.7593930966230111,2,0.11764705882352941,2,0.11764705882352941,17,0,2,0.6582872935899579,0.0
per_class,barrel,ellow-radmid,ellow-radmid-az090,90,6,0.056379634097071654,0.08564594007216263,0.09352346612179328,0.5299663080234952,3,0.17647058823529413,2,0.11764705882352941,17,0,2,0.6582872935899579,0.0
per_class,barrel,ellow-radmid,ellow-radmid-az180,180,7,0.039300719443812235,0.059701470507635766,0.03930071944381218,0.33405611527240353,2,0.11764705882352941,1,0.058823529411764705,17,0,2,0.6582872935899579,0.0
per_class,barrel,ellow-radmid,ellow-radmid-az315,315,8,0.024784995769451496,0.037650727897673625,0.044512267226738254,0.7567085428545504,1,0.058823529411764705,1,0.058823529411764705,17,0,2,0.6582872935899579,0.0
per_class,barrel,ellow-radfar,ellow-radfar-az135,135,1,0.19860278465528597,0.30079245529990206,0.23430075881843315,0.6024876655331138,7,0.3888888888888889,6,0.3333333333333333,18,0,3,0.6602651800467239,0.0
per_class,barrel,ellow-radfar,ellow-radfar-az000,0,2,0.19381028914447468,0.2935340148192574,0.2484184807364333,0.6387903790365428,7,0.3888888888888889,6,0.3333333333333333,18,0,3,0.6602651800467239,0.0
per_class,barrel,ellow-radfar,ellow-radfar-az180,180,3,0.09392676571791851,0.1422561245941695,0.11008888057080905,0.6605332834248543,3,0.16666666666666666,3,0.16666666666666666,18,0,3,0.6602651800467239,0.0
per_class,barrel,ellow-radfar,ellow-radfar-az045,45,4,0.07743230068089643,0.11727454819806932,0.11702373604382979,0.7021424162629787,3,0.16666666666666666,3,0.16666666666666666,18,0,3,0.6602651800467239,0.0
per_class,barrel,ellow-radfar,ellow-radfar-az225,225,5,0.05321377533637816,0.08059455040868954,0.0680161111387372,0.40809666683242324,3,0.16666666666666666,2,0.1111111111111111,18,0,3,0.6602651800467239,0.0
per_class,barrel,ellow-radfar,ellow-radfar-az315,315,6,0.028585032631036626,0.04329326079108669,0.04338736843339556,0.39048631590056004,2,0.1111111111111111,1,0.05555555555555555,18,0,3,0.6602651800467239,0.0
per_class,barrel,ellow-radfar,ellow-radfar-az270,270,7,0.014694231880733277,0.022255045888825205,0.03574524071030735,0.12868286655710648,5,0.2777777777777778,1,0.05555555555555555,18,0,3,0.6602651800467239,0.0
per_class,barrel,ellow-radfar,ellow-radfar-az090,90,8,0.0,0.0,0.0,nan,0,0.0,0,0.0,18,0,3,0.6602651800467239,0.0
per_class,barrel,elmid-radnear,elmid-radnear-az090,90,1,0.19353614894056997,0.22705739547795237,0.28430586182708045,0.7818411200244713,4,0.36363636363636365,4,0.36363636363636365,11,0,4,0.8523666385460792,0.0
per_class,barrel,elmid-radnear,elmid-radnear-az135,135,2,0.14792281565294027,0.1735436477256536,0.2265238342153059,0.8305873921227883,3,0.2727272727272727,3,0.2727272727272727,11,0,4,0.8523666385460792,0.0
per_class,barrel,elmid-radnear,elmid-radnear-az270,270,3,0.13666092467884547,0.16033115152413083,0.1366609246788454,0.7516350857336498,2,0.18181818181818182,2,0.18181818181818182,11,0,4,0.8523666385460792,0.0
per_class,barrel,elmid-radnear,elmid-radnear-az315,315,4,0.11722548483152338,0.13752941460904694,0.14876695271179455,0.8182182399148701,2,0.18181818181818182,2,0.18181818181818182,11,0,4,0.8523666385460792,0.0
per_class,barrel,elmid-radnear,elmid-radnear-az225,225,5,0.08440524720197845,0.09902457860851094,0.19396640427341214,0.7112101490025111,3,0.2727272727272727,3,0.2727272727272727,11,0,4,0.8523666385460792,0.0
per_class,barrel,elmid-radnear,elmid-radnear-az180,180,6,0.08241807681330254,0.09669322224282127,0.14354574011411358,0.7895015706276247,2,0.18181818181818182,2,0.18181818181818182,11,0,4,0.8523666385460792,0.0
per_class,barrel,elmid-radnear,elmid-radnear-az045,45,7,0.0690221390336116,0.0809770536671236,0.14154300387976448,0.7784865213387047,2,0.18181818181818182,2,0.18181818181818182,11,0,4,0.8523666385460792,0.0
per_class,barrel,elmid-radnear,elmid-radnear-az000,0,8,0.02117580139330717,0.024843536144760082,0.06919999551435554,0.761199950657911,1,0.09090909090909091,1,0.09090909090909091,11,0,4,0.8523666385460792,0.0
per_class,barrel,elmid-radmid,elmid-radmid-az000,0,1,0.2630421756324806,0.3236069049153196,0.3555464161215004,0.7618851774032152,7,0.4666666666666667,7,0.4666666666666667,15,0,4,0.8128447558970122,0.0
per_class,barrel,elmid-radmid,elmid-radmid-az090,90,2,0.11639971143660827,0.1432004212269977,0.14531051990580698,0.7265525995290348,3,0.2,3,0.2,15,0,4,0.8128447558970122,0.0
per_class,barrel,elmid-radmid,elmid-radmid-az315,315,3,0.11031841384088367,0.1357189217750961,0.24381416148396937,0.7314424844519081,5,0.3333333333333333,5,0.3333333333333333,15,0,4,0.8128447558970122,0.0
per_class,barrel,elmid-radmid,elmid-radmid-az270,270,4,0.10942543828867453,0.13462034108581833,0.19663170664319599,0.737368899911985,4,0.26666666666666666,4,0.26666666666666666,15,0,4,0.8128447558970122,0.0
per_class,barrel,elmid-radmid,elmid-radmid-az225,225,5,0.09138918622259029,0.11243129214967752,0.14139776991345177,0.7069888495672588,3,0.2,3,0.2,15,0,4,0.8128447558970122,0.0
per_class,barrel,elmid-radmid,elmid-radmid-az180,180,6,0.07422559859487987,0.09131583621151428,0.19320979892188983,0.7245367459570868,4,0.26666666666666666,4,0.26666666666666666,15,0,4,0.8128447558970122,0.0
per_class,barrel,elmid-radmid,elmid-radmid-az045,45,7,0.02934329343972933,0.03609950513532886,0.09813875184451343,0.7360406388338507,2,0.13333333333333333,2,0.13333333333333333,15,0,4,0.8128447558970122,0.0
per_class,barrel,elmid-radmid,elmid-radmid-az135,135,8,0.018700938441165688,0.023006777500247665,0.05532861633074759,0.8299292449612139,1,0.06666666666666667,1,0.06666666666666667,15,0,4,0.8128447558970122,0.0
per_class,barrel,elmid-radfar,elmid-radfar-az225,225,1,0.18224307345909152,0.2393757688244599,0.28564115033129495,0.7426669908613668,5,0.38461538461538464,5,0.38461538461538464,13,0,3,0.7613263211813841,0.0
per_class,barrel,elmid-radfar,elmid-radfar-az090,90,2,0.16395303808122397,0.2153518583553117,0.21971535946168347,0.7140749182504713,4,0.3076923076923077,4,0.3076923076923077,13,0,3,0.7613263211813841,0.0
per_class,barrel,elmid-radfar,elmid-radfar-az135,135,3,0.162778250620443,0.21380877830133693,0.18668330574858935,0.6067207436829154,4,0.3076923076923077,4,0.3076923076923077,13,0,3,0.7613263211813841,0.0
per_class,barrel,elmid-radfar,elmid-radfar-az045,45,4,0.09364327648980478,0.12300018255574603,0.1754895574459939,0.7604547489326402,3,0.23076923076923078,3,0.23076923076923078,13,0,3,0.7613263211813841,0.0
per_class,barrel,elmid-radfar,elmid-radfar-az180,180,5,0.05914090359061186,0.07768141195859389,0.09984998502984702,0.6490249026940056,2,0.15384615384615385,2,0.15384615384615385,13,0,3,0.7613263211813841,0.0
per_class,barrel,elmid-radfar,elmid-radfar-az315,315,6,0.03496478948115923,0.04592615348816891,0.05539259189911132,0.7201036946884471,1,0.07692307692307693,1,0.07692307692307693,13,0,3,0.7613263211813841,0.0
per_class,barrel,elmid-radfar,elmid-radfar-az270,270,7,0.032464141028608055,0.04264155871851639,0.05544438534527584,0.7207770094885859,1,0.07692307692307693,1,0.07692307692307693,13,0,3,0.7613263211813841,0.0
per_class,barrel,elmid-radfar,elmid-radfar-az000,0,8,0.032138848430441735,0.04221428779786629,0.05242012745172476,0.6814616568724219,1,0.07692307692307693,1,0.07692307692307693,13,0,3,0.7613263211813841,0.0
per_class,barrel,elhigh-radnear,elhigh-radnear-az270,270,1,0.14149105896404088,0.18953887124514848,0.1414910589640409,0.7074552948202045,3,0.2,3,0.2,15,0,3,0.7465015383627412,0.0
per_class,barrel,elhigh-radnear,elhigh-radnear-az315,315,2,0.11273388256613147,0.15101627628709807,0.13726859161329444,0.6863429580664722,3,0.2,3,0.2,15,0,3,0.7465015383627412,0.0
per_class,barrel,elhigh-radnear,elhigh-radnear-az225,225,3,0.1115876987342304,0.1494808690936783,0.17794121578196118,0.6672795591823544,4,0.26666666666666666,4,0.26666666666666666,15,0,3,0.7465015383627412,0.0
per_class,barrel,elhigh-radnear,elhigh-radnear-az135,135,4,0.11094671913632456,0.14862222438236042,0.13753228625331435,0.6876614312665718,3,0.2,3,0.2,15,0,3,0.7465015383627412,0.0
per_class,barrel,elhigh-radnear,elhigh-radnear-az090,90,5,0.09703080964767692,0.12998072296071753,0.09703080964767707,0.7277310723575781,2,0.13333333333333333,2,0.13333333333333333,15,0,3,0.7465015383627412,0.0
per_class,barrel,elhigh-radnear,elhigh-radnear-az180,180,6,0.07329541896951491,0.09818522160084162,0.09740609726072336,0.7305457294554252,2,0.13333333333333333,2,0.13333333333333333,15,0,3,0.7465015383627412,0.0
per_class,barrel,elhigh-radnear,elhigh-radnear-az000,0,7,0.05192904797504558,0.06956321629147418,0.09565371013017554,0.7174028259763165,2,0.13333333333333333,2,0.13333333333333333,15,0,3,0.7465015383627412,0.0
per_class,barrel,elhigh-radnear,elhigh-radnear-az045,45,8,0.047486902369776395,0.06361259813868124,0.047486902369776374,0.7123035355466456,1,0.06666666666666667,1,0.06666666666666667,15,0,3,0.7465015383627412,0.0
per_class,barrel,elhigh-radmid,elhigh-radmid-az135,135,1,0.1549170568242233,0.21446950176530452,0.20592344507905103,0.6589550242529633,5,0.3125,5,0.3125,16,0,4,0.7223267436586397,0.0
per_class,barrel,elhigh-radmid,elhigh-radmid-az180,180,2,0.11437791173173309,0.15834650002352163,0.17658423280504465,0.7063369312201786,4,0.25,4,0.25,16,0,4,0.7223267436586397,0.0
per_class,barrel,elhigh-radmid,elhigh-radmid-az270,270,3,0.09817825121326787,0.1359194465318944,0.16301051598574,0.65204206394296,4,0.25,4,0.25,16,0,4,0.7223267436586397,0.0
per_class,barrel,elhigh-radmid,elhigh-radmid-az045,45,4,0.09271909479952795,0.1283617083453102,0.16445177507016018,0.6578071002806407,4,0.25,4,0.25,16,0,4,0.7223267436586397,0.0
per_class,barrel,elhigh-radmid,elhigh-radmid-az090,90,5,0.09269256609636115,0.12832498160993774,0.1184913344786902,0.6319537838863477,3,0.1875,3,0.1875,16,0,4,0.7223267436586397,0.0
per_class,barrel,elhigh-radmid,elhigh-radmid-az225,225,6,0.07935082579957223,0.10985447582579358,0.07935082579957231,0.6348066063965785,2,0.125,2,0.125,16,0,4,0.7223267436586397,0.0
per_class,barrel,elhigh-radmid,elhigh-radmid-az000,0,7,0.07211075133008847,0.09983120791685221,0.1793949668005108,0.7175798672020433,4,0.25,4,0.25,16,0,4,0.7223267436586397,0.0
per_class,barrel,elhigh-radmid,elhigh-radmid-az315,315,8,0.017980285863865388,0.024892177981385374,0.04496563344079885,0.7194501350527815,1,0.0625,1,0.0625,16,0,4,0.7223267436586397,0.0
per_class,barrel,elhigh-radfar,elhigh-radfar-az225,225,1,0.15404329030988073,0.20530523799734102,0.1966249647218131,0.6554165490727103,3,0.3,3,0.3,10,0,2,0.7503134932771457,0.0
per_class,barrel,elhigh-radfar,elhigh-radfar-az180,180,2,0.12445361734651302,0.1658688247800752,0.15038585932284648,0.7519292966142324,2,0.2,2,0.2,10,0,2,0.7503134932771457,0.0
per_class,barrel,elhigh-radfar,elhigh-radfar-az315,315,3,0.11350830711520915,0.1512811753117203,0.14133843266262894,0.7066921633131447,2,0.2,2,0.2,10,0,2,0.7503134932771457,0.0
per_class,barrel,elhigh-radfar,elhigh-radfar-az270,270,4,0.11208147750943756,0.14937953070775667,0.13801371948577099,0.690068597428855,2,0.2,2,0.2,10,0,2,0.7503134932771457,0.0
per_class,barrel,elhigh-radfar,elhigh-radfar-az090,90,5,0.09859130190372922,0.13140014512215661,0.12642142745114882,0.6321071372557441,2,0.2,2,0.2,10,0,2,0.7503134932771457,0.0
per_class,barrel,elhigh-radfar,elhigh-radfar-az000,0,6,0.06789681384816457,0.09049126059510341,0.06789681384816468,0.6789681384816468,1,0.1,1,0.1,10,0,2,0.7503134932771457,0.0
per_class,barrel,elhigh-radfar,elhigh-radfar-az135,135,7,0.04266106990989183,0.05685766055407186,0.061138199636855364,0.6113819963685536,1,0.1,1,0.1,10,0,2,0.7503134932771457,0.0
per_class,barrel,elhigh-radfar,elhigh-radfar-az045,45,8,0.03707761533431941,0.04941616493177463,0.06118216001928829,0.6118216001928829,1,0.1,1,0.1,10,0,2,0.7503134932771457,0.0
per_class,container,ellow-radnear,ellow-radnear-az180,180,1,0.21218931567433086,0.21910660691017564,0.264132262868132,0.9508761463252753,5,0.2777777777777778,5,0.2777777777777778,18,0,4,0.9684295634285434,0.0
per_class,container,ellow-radnear,ellow-radnear-az000,0,2,0.16719914564137145,0.1726497743929194,0.26667772098140513,0.8000331629442154,6,0.3333333333333333,5,0.2777777777777778,18,0,4,0.9684295634285434,0.0
per_class,container,ellow-radnear,ellow-radnear-az135,135,3,0.1657468002104397,0.1711500830516204,0.3162416181722981,0.9487248545168944,6,0.3333333333333333,6,0.3333333333333333,18,0,4,0.9684295634285434,0.0
per_class,container,ellow-radnear,ellow-radnear-az045,45,4,0.152260466925158,0.15722410041480803,0.26411590035334853,0.9508172412720548,5,0.2777777777777778,5,0.2777777777777778,18,0,4,0.9684295634285434,0.0
per_class,container,ellow-radnear,ellow-radnear-az225,225,5,0.12109168351990938,0.12503922648871538,0.2116517380073621,0.9524328210331294,4,0.2222222222222222,4,0.2222222222222222,18,0,4,0.9684295634285434,0.0
per_class,container,ellow-radnear,ellow-radnear-az315,315,6,0.06935148206444147,0.0716123140839645,0.15957478810924267,0.9574487286554559,3,0.16666666666666666,3,0.16666666666666666,18,0,4,0.9684295634285434,0.0
per_class,container,ellow-radnear,ellow-radnear-az090,90,7,0.05258398573419892,0.05429820373103354,0.05258398573419893,0.9465117432155807,1,0.05555555555555555,1,0.05555555555555555,18,0,4,0.9684295634285434,0.0
per_class,container,ellow-radnear,ellow-radnear-az270,270,8,0.02800668365869353,0.028919690926763032,0.054229218231067,0.9761259281592061,1,0.05555555555555555,1,0.05555555555555555,18,0,4,0.9684295634285434,0.0
per_class,container,ellow-radmid,ellow-radmid-az315,315,1,0.2462359694422971,0.2566618159954719,0.3629325249317282,0.9436245648224932,5,0.38461538461538464,5,0.38461538461538464,13,0,3,0.9593790509400949,0.0
per_class,container,ellow-radmid,ellow-radmid-az270,270,2,0.17044292807195754,0.17765963088827155,0.21817909254634044,0.9454427343674752,3,0.23076923076923078,3,0.23076923076923078,13,0,3,0.9593790509400949,0.0
per_class,container,ellow-radmid,ellow-radmid-az180,180,3,0.14588600564344062,0.1520629468618134,0.21487102883591383,0.9311077916222933,3,0.23076923076923078,3,0.23076923076923078,13,0,3,0.9593790509400949,0.0
per_class,container,ellow-radmid,ellow-radmid-az045,45,4,0.11212137378347084,0.11686869092420059,0.1466237178725067,0.9530541661712935,2,0.15384615384615385,2,0.15384615384615385,13,0,3,0.9593790509400949,0.0
per_class,container,ellow-radmid,ellow-radmid-az000,0,5,0.09820263662529718,0.10236062224734685,0.14580076104214995,0.9477049467739747,2,0.15384615384615385,2,0.15384615384615385,13,0,3,0.9593790509400949,0.0
per_class,container,ellow-radmid,ellow-radmid-az090,90,6,0.0765158997919028,0.07975564998727555,0.14651684294530243,0.9523594791444658,2,0.15384615384615385,2,0.15384615384615385,13,0,3,0.9593790509400949,0.0
per_class,container,ellow-radmid,ellow-radmid-az225,225,7,0.0728640593948996,0.07594918747027064,0.07286405939489964,0.9472327721336953,1,0.07692307692307693,1,0.07692307692307693,13,0,3,0.9593790509400949,0.0
per_class,container,ellow-radmid,ellow-radmid-az135,135,8,0.037110178186828685,0.038681455625348964,0.07211483419868614,0.9374928445829198,1,0.07692307692307693,1,0.07692307692307693,13,0,3,0.9593790509400949,0.0
per_class,container,ellow-radfar,ellow-radfar-az045,45,1,0.20035304442582347,0.21332017630132033,0.2643583814723383,0.9252543351531841,4,0.2857142857142857,4,0.2857142857142857,14,0,3,0.939212820370163,0.0
per_class,container,ellow-radfar,ellow-radfar-az000,0,2,0.16858454108142146,0.17949557057257678,0.26051256336555895,0.9117939717794563,4,0.2857142857142857,4,0.2857142857142857,14,0,3,0.939212820370163,0.0
per_class,container,ellow-radfar,ellow-radfar-az180,180,3,0.13313582530870266,0.14175256387176563,0.19454887341157345,0.9078947425873428,3,0.21428571428571427,3,0.21428571428571427,14,0,3,0.939212820370163,0.0
per_class,container,ellow-radfar,ellow-radfar-az135,135,4,0.12579335733864322,0.13393488100925358,0.2620942372268326,0.9173298302939141,4,0.2857142857142857,4,0.2857142857142857,14,0,3,0.939212820370163,0.0
per_class,container,ellow-radfar,ellow-radfar-az225,225,5,0.12576027465265271,0.13389965716512262,0.20239268279901548,0.9444991863954056,3,0.21428571428571427,3,0.21428571428571427,14,0,3,0.939212820370163,0.0
per_class,container,ellow-radfar,ellow-radfar-az090,90,6,0.08854427209693966,0.09427498238582663,0.131370390252318,0.919592731766226,2,0.14285714285714285,2,0.14285714285714285,14,0,3,0.939212820370163,0.0
per_class,container,ellow-radfar,ellow-radfar-az315,315,7,0.06281559398974754,0.06688110791012268,0.06281559398974755,0.8794183158564657,1,0.07142857142857142,1,0.07142857142857142,14,0,3,0.939212820370163,0.0
per_class,container,ellow-radfar,ellow-radfar-az270,270,8,0.03422591147623187,0.03644106078401138,0.06584540423033758,0.9218356592247261,1,0.07142857142857142,1,0.07142857142857142,14,0,3,0.939212820370163,0.0
per_class,container,elmid-radnear,elmid-radnear-az270,270,1,0.2668092557163444,0.276592824302179,0.29573074267309907,0.9463383765539171,5,0.3125,5,0.3125,16,0,3,0.9646282631860832,0.0
per_class,container,elmid-radnear,elmid-radnear-az180,180,2,0.2404088401142095,0.24922433779843856,0.35855156070849126,0.9561374952226434,6,0.375,6,0.375,16,0,3,0.9646282631860832,0.0
per_class,container,elmid-radnear,elmid-radnear-az225,225,3,0.1105657099006843,0.11462001904805835,0.17819604969304903,0.9503789316962615,3,0.1875,3,0.1875,16,0,3,0.9646282631860832,0.0
per_class,container,elmid-radnear,elmid-radnear-az000,0,4,0.10142671114712468,0.10514590440479224,0.18013895002499547,0.9607410667999758,3,0.1875,3,0.1875,16,0,3,0.9646282631860832,0.0
per_class,container,elmid-radnear,elmid-radnear-az045,45,5,0.08320955051220484,0.0862607428040424,0.1808811051371335,0.9646992273980454,3,0.1875,3,0.1875,16,0,3,0.9646282631860832,0.0
per_class,container,elmid-radnear,elmid-radnear-az135,135,6,0.0600091721446922,0.06220963498051273,0.06000917214469226,0.9601467543150761,1,0.0625,1,0.0625,16,0,3,0.9646282631860832,0.0
per_class,container,elmid-radnear,elmid-radnear-az090,90,7,0.051177963254871554,0.05305459647826946,0.11984076524645104,0.9587261219716083,2,0.125,2,0.125,16,0,3,0.9646282631860832,0.0
per_class,container,elmid-radnear,elmid-radnear-az315,315,8,0.05102106039595148,0.05289194018370699,0.11897014299310982,0.9517611439448785,2,0.125,2,0.125,16,0,3,0.9646282631860832,0.0
per_class,container,elmid-radmid,elmid-radmid-az090,90,1,0.31938869490828803,0.32552563656081707,0.5085419575743437,0.9605792531959827,9,0.5294117647058824,9,0.5294117647058824,17,0,3,0.9811475934203957,0.0
per_class,container,elmid-radmid,elmid-radmid-az045,45,2,0.170400771928172,0.17367496294225712,0.2247372844977838,0.9551334591155811,4,0.23529411764705882,4,0.23529411764705882,17,0,3,0.9811475934203957,0.0
per_class,container,elmid-radmid,elmid-radmid-az270,270,3,0.13456060439604892,0.1371461391725529,0.2789517806638267,0.9484360542570108,5,0.29411764705882354,5,0.29411764705882354,17,0,3,0.9811475934203957,0.0
per_class,container,elmid-radmid,elmid-radmid-az180,180,4,0.10482367341299198,0.10683782349968811,0.2224267783775439,0.9453138081045616,4,0.23529411764705882,4,0.23529411764705882,17,0,3,0.9811475934203957,0.0
per_class,container,elmid-radmid,elmid-radmid-az000,0,5,0.0759188901678157,0.0773776449913652,0.16559006447772553,0.9383436987071114,3,0.17647058823529413,3,0.17647058823529413,17,0,3,0.9811475934203957,0.0
per_class,container,elmid-radmid,elmid-radmid-az315,315,6,0.06926261479878955,0.07059347162778226,0.1693735132722192,0.9597832418759088,3,0.17647058823529413,3,0.17647058823529413,17,0,3,0.9811475934203957,0.0
per_class,container,elmid-radmid,elmid-radmid-az135,135,7,0.058033198917728235,0.05914828646260823,0.11233291389427853,0.9548297681013675,2,0.11764705882352941,2,0.11764705882352941,17,0,3,0.9811475934203957,0.0
per_class,container,elmid-radmid,elmid-radmid-az225,225,8,0.04875914489056121,0.04969603474292905,0.11209875749249676,0.9528394386862225,2,0.11764705882352941,2,0.11764705882352941,17,0,3,0.9811475934203957,0.0
per_class,container,elmid-radfar,elmid-radfar-az270,270,1,0.28736324399211066,0.29971850784250087,0.4367162902946196,0.9358206220598991,7,0.4666666666666667,7,0.4666666666666667,15,0,3,0.9587771074288053,0.0
per_class,container,elmid-radfar,elmid-radfar-az315,315,2,0.15098207677133518,0.15747359381184065,0.25107738461484125,0.9415401923056548,4,0.26666666666666666,4,0.26666666666666666,15,0,3,0.9587771074288053,0.0
per_class,container,elmid-radfar,elmid-radfar-az045,45,3,0.12723458519983744,0.13270507213198698,0.18655518113618494,0.9327759056809247,3,0.2,3,0.2,15,0,3,0.9587771074288053,0.0
per_class,container,elmid-radfar,elmid-radfar-az180,180,4,0.11894497153333179,0.12405904418422312,0.18964134173412125,0.9482067086706062,3,0.2,3,0.2,15,0,3,0.9587771074288053,0.0
per_class,container,elmid-radfar,elmid-radfar-az090,90,5,0.09616824341406795,0.10030302420545538,0.12705837528325623,0.9529378146244216,2,0.13333333333333333,2,0.13333333333333333,15,0,3,0.9587771074288053,0.0
per_class,container,elmid-radfar,elmid-radfar-az000,0,6,0.08256410917939234,0.08611397637643659,0.12262024687158354,0.9196518515368766,2,0.13333333333333333,2,0.13333333333333333,15,0,3,0.9587771074288053,0.0
per_class,container,elmid-radfar,elmid-radfar-az225,225,7,0.06324090325484805,0.06595996375470828,0.06324090325484803,0.9486135488227205,1,0.06666666666666667,1,0.06666666666666667,15,0,3,0.9587771074288053,0.0
per_class,container,elmid-radfar,elmid-radfar-az135,135,8,0.03227897408388195,0.03366681769284823,0.06247163820587882,0.9370745730881822,1,0.06666666666666667,1,0.06666666666666667,15,0,3,0.9587771074288053,0.0
per_class,container,elhigh-radnear,elhigh-radnear-az180,180,1,0.17786473511764747,0.18410499495245122,0.24892233823502216,0.9459048852930841,5,0.2631578947368421,5,0.2631578947368421,19,0,4,0.9661048857668667,0.0
per_class,container,elhigh-radnear,elhigh-radnear-az315,315,2,0.16535033562424262,0.17115153650526485,0.2497460774151123,0.9490350941774267,5,0.2631578947368421,5,0.2631578947368421,19,0,4,0.9661048857668667,0.0
per_class,container,elhigh-radnear,elhigh-radnear-az135,135,3,0.15838336026133093,0.1639401296843776,0.25119566540412,0.954543528535656,5,0.2631578947368421,5,0.2631578947368421,19,0,4,0.9661048857668667,0.0
per_class,container,elhigh-radnear,elhigh-radnear-az000,0,4,0.1386316738463702,0.1434954691656779,0.24528024997963982,0.9320649499226313,5,0.2631578947368421,5,0.2631578947368421,19,0,4,0.9661048857668667,0.0
per_class,container,elhigh-radnear,elhigh-radnear-az090,90,5,0.13847788854224882,0.14333628841171733,0.24656775041210877,0.9369574515660133,5,0.2631578947368421,5,0.2631578947368421,19,0,4,0.9661048857668667,0.0
per_class,container,elhigh-radnear,elhigh-radnear-az225,225,6,0.12759853891690975,0.13207524441368046,0.19741004038687412,0.9376976918376521,4,0.21052631578947367,4,0.21052631578947367,19,0,4,0.9661048857668667,0.0
per_class,container,elhigh-radnear,elhigh-radnear-az270,270,7,0.04289933804698093,0.04440443131899561,0.09916275140520288,0.9420461383494274,2,0.10526315789473684,2,0.10526315789473684,19,0,4,0.9661048857668667,0.0
per_class,container,elhigh-radnear,elhigh-radnear-az045,45,8,0.016899015411135875,0.01749190554783492,0.04918643299800607,0.9345422269621153,1,0.05263157894736842,1,0.05263157894736842,19,0,4,0.9661048857668667,0.0
per_class,container,elhigh-radmid,elhigh-radmid-az315,315,1,0.2515889651651183,0.26457317401587815,0.3862045083646271,0.9379252345998087,7,0.4117647058823529,7,0.4117647058823529,17,0,4,0.9509239404219393,0.0
per_class,container,elhigh-radmid,elhigh-radmid-az225,225,2,0.22253301397134423,0.234017679555531,0.22253301397134476,0.9457653093782152,4,0.23529411764705882,4,0.23529411764705882,17,0,4,0.9509239404219393,0.0
per_class,container,elhigh-radmid,elhigh-radmid-az000,0,3,0.20847572850479107,0.21923491421646957,0.27575545220824393,0.9375685375080295,5,0.29411764705882354,5,0.29411764705882354,17,0,4,0.9509239404219393,0.0
per_class,container,elhigh-radmid,elhigh-radmid-az270,270,4,0.07080946121687663,0.0744638537394036,0.11214301009824117,0.95321558583505,2,0.11764705882352941,2,0.11764705882352941,17,0,4,0.9509239404219393,0.0
per_class,container,elhigh-radmid,elhigh-radmid-az045,45,5,0.07040784620602997,0.07404151185297632,0.11156819191568491,0.9483296312833218,2,0.11764705882352941,2,0.11764705882352941,17,0,4,0.9509239404219393,0.0
per_class,container,elhigh-radmid,elhigh-radmid-az090,90,6,0.06897350274043806,0.07253314361802005,0.1104298072812048,0.9386533618902408,2,0.11764705882352941,2,0.11764705882352941,17,0,4,0.9509239404219393,0.0
per_class,container,elhigh-radmid,elhigh-radmid-az180,180,7,0.043374963234735324,0.045613493772687225,0.11125899364733417,0.9457014460023405,2,0.11764705882352941,2,0.11764705882352941,17,0,4,0.9509239404219393,0.0
per_class,container,elhigh-radmid,elhigh-radmid-az135,135,8,0.014760459382604897,0.01552222922903325,0.0560561997349703,0.9529553954944951,1,0.058823529411764705,1,0.058823529411764705,17,0,4,0.9509239404219393,0.0
per_class,container,elhigh-radfar,elhigh-radfar-az090,90,1,0.2227435026269204,0.23361334360435174,0.2753877190353665,0.9363182447202462,5,0.29411764705882354,5,0.29411764705882354,17,0,3,0.9534708043225453,0.0
per_class,container,elhigh-radfar,elhigh-radfar-az045,45,2,0.19555433424062835,0.2050973489215252,0.27525582851098124,0.9358698169373362,5,0.29411764705882354,5,0.29411764705882354,17,0,3,0.9534708043225453,0.0
per_class,container,elhigh-radfar,elhigh-radfar-az315,315,3,0.13239733490533429,0.1388582999134457,0.2209302620609242,0.9389536137589278,4,0.23529411764705882,4,0.23529411764705882,17,0,3,0.9534708043225453,0.0
per_class,container,elhigh-radfar,elhigh-radfar-az000,0,4,0.11971349500744058,0.12555549101736654,0.21705187820973204,0.9224704823913612,4,0.23529411764705882,4,0.23529411764705882,17,0,3,0.9534708043225453,0.0
per_class,container,elhigh-radfar,elhigh-radfar-az180,180,5,0.09899108057477356,0.10382182666317523,0.1613264958034926,0.9141834762197915,3,0.17647058823529413,3,0.17647058823529413,17,0,3,0.9534708043225453,0.0
per_class,container,elhigh-radfar,elhigh-radfar-az135,135,6,0.07840955234878555,0.08223592373601482,0.16679742580325296,0.9451854128851002,3,0.17647058823529413,3,0.17647058823529413,17,0,3,0.9534708043225453,0.0
per_class,container,elhigh-radfar,elhigh-radfar-az225,225,7,0.07731665654049717,0.0810896948181143,0.16677728536012532,0.9450712837073768,3,0.17647058823529413,3,0.17647058823529413,17,0,3,0.9534708043225453,0.0
per_class,container,elhigh-radfar,elhigh-radfar-az270,270,8,0.028344848078165077,0.029728071326006147,0.05496847869002487,0.9344641377304228,1,0.058823529411764705,1,0.058823529411764705,17,0,3,0.9534708043225453,0.0
per_class,male,ellow-radnear,ellow-radnear-az180,180,1,0.16816883876263342,0.19565697297869705,0.1681688387626334,0.840844193813167,2,0.2,2,0.2,10,0,3,0.8595085378375116,0.0
per_class,male,ellow-radnear,ellow-radnear-az045,45,2,0.16432093905976414,0.19118011261783266,0.16432093905976403,0.8216046952988201,2,0.2,2,0.2,10,0,3,0.8595085378375116,0.0
per_class,male,ellow-radnear,ellow-radnear-az135,135,3,0.162838740359207,0.18945564027659648,0.248517380565292,0.8283912685509733,3,0.3,3,0.3,10,0,3,0.8595085378375116,0.0
per_class,male,ellow-radnear,ellow-radnear-az270,270,4,0.12610470107021604,0.14671721747813038,0.16218280855459072,0.8109140427729535,2,0.2,2,0.2,10,0,3,0.8595085378375116,0.0
per_class,male,ellow-radnear,ellow-radnear-az090,90,5,0.08142895728893274,0.09473897431409427,0.16017104223361328,0.8008552111680665,2,0.2,2,0.2,10,0,3,0.8595085378375116,0.0
per_class,male,ellow-radnear,ellow-radnear-az315,315,6,0.07087877998798088,0.08246431171737863,0.1501411355394847,0.7507056776974235,2,0.2,2,0.2,10,0,3,0.8595085378375116,0.0
per_class,male,ellow-radnear,ellow-radnear-az225,225,7,0.045825418827604714,0.05331583900597381,0.08190352631197939,0.8190352631197939,1,0.1,1,0.1,10,0,3,0.8595085378375116,0.0
per_class,male,ellow-radnear,ellow-radnear-az000,0,8,0.039942162481172556,0.046470931611296624,0.0723330888720497,0.723330888720497,1,0.1,1,0.1,10,0,3,0.8595085378375116,0.0
per_class,male,ellow-radmid,ellow-radmid-az045,45,1,0.22419481562885313,0.2832486942976163,0.2775913998867741,0.7772559196829676,5,0.35714285714285715,5,0.35714285714285715,14,0,3,0.7915122651661236,0.0
per_class,male,ellow-radmid,ellow-radmid-az000,0,2,0.18715922457222736,0.2364577692715174,0.21117245772594653,0.7391036020408128,4,0.2857142857142857,4,0.2857142857142857,14,0,3,0.7915122651661236,0.0
per_class,male,ellow-radmid,ellow-radmid-az090,90,3,0.13514953659708429,0.17074850579696188,0.16095605881920555,0.5633462058672194,4,0.2857142857142857,3,0.21428571428571427,14,0,3,0.7915122651661236,0.0
per_class,male,ellow-radmid,ellow-radmid-az180,180,4,0.05619253471223077,0.07099389003206034,0.05619253471223067,0.7866954859712294,1,0.07142857142857142,1,0.07142857142857142,14,0,3,0.7915122651661236,0.0
per_class,male,ellow-radmid,ellow-radmid-az225,225,5,0.05327774839571791,0.06731133646366921,0.10603112379168245,0.49481191102785144,3,0.21428571428571427,2,0.14285714285714285,14,0,3,0.7915122651661236,0.0
per_class,male,ellow-radmid,ellow-radmid-az135,135,6,0.05317942769415482,0.06718711766645012,0.10664646737399457,0.746525271617962,2,0.14285714285714285,2,0.14285714285714285,14,0,3,0.7915122651661236,0.0
per_class,male,ellow-radmid,ellow-radmid-az270,270,7,0.052425315216497,0.06623436871883964,0.05242531521649697,0.7339544130309577,1,0.07142857142857142,1,0.07142857142857142,14,0,3,0.7915122651661236,0.0
per_class,male,ellow-radmid,ellow-radmid-az315,315,8,0.029933662349358594,0.03781831775288546,0.05377194136460238,0.7528071791044333,1,0.07142857142857142,1,0.07142857142857142,14,0,3,0.7915122651661236,0.0
per_class,male,ellow-radfar,ellow-radfar-az090,90,1,0.14181866102390572,0.19359936325429347,0.17319119283014264,0.519573578490428,5,0.3333333333333333,4,0.26666666666666666,15,0,4,0.7325368154110424,0.0
per_class,male,ellow-radfar,ellow-radfar-az225,225,2,0.12278095907073884,0.16761063265037915,0.18930525703693563,0.47326314259233904,6,0.4,5,0.3333333333333333,15,0,4,0.7325368154110424,0.0
per_class,male,ellow-radfar,ellow-radfar-az000,0,3,0.1141228966348013,0.15579134622846832,0.19333175322116294,0.724994074579361,4,0.26666666666666666,4,0.26666666666666666,15,0,4,0.7325368154110424,0.0
per_class,male,ellow-radfar,ellow-radfar-az315,315,4,0.10184037176679869,0.13902423690426238,0.18634314783341235,0.559029443500237,5,0.3333333333333333,4,0.26666666666666666,15,0,4,0.7325368154110424,0.0
per_class,male,ellow-radfar,ellow-radfar-az270,270,5,0.08988493964890053,0.12270364814151234,0.1211354084611365,0.4542577817292619,4,0.26666666666666666,3,0.2,15,0,4,0.7325368154110424,0.0
per_class,male,ellow-radfar,ellow-radfar-az135,135,6,0.08752389647750794,0.11948054300642401,0.13614224208921943,0.6807112104460972,3,0.2,3,0.2,15,0,4,0.7325368154110424,0.0
per_class,male,ellow-radfar,ellow-radfar-az045,45,7,0.07456509078838931,0.10179022981466018,0.1431099645435604,0.715549822717802,3,0.2,3,0.2,15,0,4,0.7325368154110424,0.0
per_class,male,ellow-radfar,ellow-radfar-az180,180,8,0.0,0.0,0.0,nan,0,0.0,0,0.0,15,0,4,0.7325368154110424,0.0
per_class,male,elmid-radnear,elmid-radnear-az090,90,1,0.2310312039815946,0.290534543620668,0.28565402276516716,0.7617440607071124,6,0.375,6,0.375,16,0,3,0.7951935804344044,0.0
per_class,male,elmid-radnear,elmid-radnear-az270,270,2,0.18044626338448974,0.22692117721311858,0.2804720501082456,0.7479254669553216,6,0.375,6,0.375,16,0,3,0.7951935804344044,0.0
per_class,male,elmid-radnear,elmid-radnear-az135,135,3,0.08868547872541106,0.11152690477828467,0.13608062530163711,0.7257633349420646,3,0.1875,3,0.1875,16,0,3,0.7951935804344044,0.0
per_class,male,elmid-radnear,elmid-radnear-az180,180,4,0.08063222430147157,0.10139949099868638,0.1325080597082402,0.7067096517772811,3,0.1875,3,0.1875,16,0,3,0.7951935804344044,0.0
per_class,male,elmid-radnear,elmid-radnear-az315,315,5,0.06572434270959611,0.08265200364632184,0.09032382820482177,0.7225906256385741,2,0.125,2,0.125,16,0,3,0.7951935804344044,0.0
per_class,male,elmid-radnear,elmid-radnear-az000,0,6,0.050648067672883164,0.06369275220407936,0.0506480676728831,0.8103690827661296,1,0.0625,1,0.0625,16,0,3,0.7951935804344044,0.0
per_class,male,elmid-radnear,elmid-radnear-az225,225,7,0.049317917897289544,0.06202001513939257,0.049317917897289565,0.789086686356633,1,0.0625,1,0.0625,16,0,3,0.7951935804344044,0.0
per_class,male,elmid-radnear,elmid-radnear-az045,45,8,0.04870808176166889,0.061253112399449035,0.09576085653039468,0.7660868522431574,2,0.125,2,0.125,16,0,3,0.7951935804344044,0.0
per_class,male,elmid-radmid,elmid-radmid-az045,45,1,0.18828175594465002,0.24225367105271078,0.2591920024760097,0.7343773403486941,6,0.35294117647058826,6,0.35294117647058826,17,0,2,0.7772090929581114,0.0
per_class,male,elmid-radmid,elmid-radmid-az180,180,2,0.18434406609860476,0.23718722254905503,0.22173460551061824,0.753897658736102,5,0.29411764705882354,5,0.29411764705882354,17,0,2,0.7772090929581114,0.0
per_class,male,elmid-radmid,elmid-radmid-az000,0,3,0.16433890171575544,0.2114474768820193,0.2150217718314518,0.7310740242269361,5,0.29411764705882354,5,0.29411764705882354,17,0,2,0.7772090929581114,0.0
per_class,male,elmid-radmid,elmid-radmid-az135,135,4,0.10077776393840444,0.12966621833364986,0.11776740229135829,0.6673486129843637,3,0.17647058823529413,3,0.17647058823529413,17,0,2,0.7772090929581114,0.0
per_class,male,elmid-radmid,elmid-radmid-az270,270,5,0.06906722442921709,0.08886569271383904,0.0873133698153573,0.742163643430537,2,0.11764705882352941,2,0.11764705882352941,17,0,2,0.7772090929581114,0.0
per_class,male,elmid-radmid,elmid-radmid-az225,225,6,0.04717235577218988,0.06069454951002779,0.08002369929525281,0.6802014440096489,2,0.11764705882352941,2,0.11764705882352941,17,0,2,0.7772090929581114,0.0
per_class,male,elmid-radmid,elmid-radmid-az090,90,7,0.02322702505928963,0.02988516895869807,0.03934247503217492,0.6688220755469736,1,0.058823529411764705,1,0.058823529411764705,17,0,2,0.7772090929581114,0.0
per_class,male,elmid-radmid,elmid-radmid-az315,315,8,0.0,0.0,0.0,nan,0,0.0,0,0.0,17,0,2,0.7772090929581114,0.0
per_class,male,elmid-radfar,elmid-radfar-az045,45,1,0.15885728136478444,0.20693001803984107,0.21426619485294343,0.6427985845588303,5,0.3333333333333333,5,0.3333333333333333,15,0,3,0.7676860170871826,0.0
per_class,male,elmid-radfar,elmid-radfar-az090,90,2,0.11911301750966011,0.15515850863300665,0.14264627023073378,0.7132313511536689,3,0.2,3,0.2,15,0,3,0.7676860170871826,0.0
per_class,male,elmid-radfar,elmid-radfar-az270,270,3,0.11838979831181025,0.15421643181806874,0.18402121006158462,0.6900795377309423,4,0.26666666666666666,4,0.26666666666666666,15,0,3,0.7676860170871826,0.0
per_class,male,elmid-radfar,elmid-radfar-az315,315,4,0.11063846390773004,0.14411942049892165,0.1629604456381415,0.6111016711430306,4,0.26666666666666666,4,0.26666666666666666,15,0,3,0.7676860170871826,0.0
per_class,male,elmid-radfar,elmid-radfar-az000,0,5,0.10246737632351355,0.13347563201985063,0.10246737632351355,0.7685053224263516,2,0.13333333333333333,2,0.13333333333333333,15,0,3,0.7676860170871826,0.0
per_class,male,elmid-radfar,elmid-radfar-az180,180,6,0.10041788864477838,0.13080593681488714,0.13919331612899272,0.6959665806449635,3,0.2,3,0.2,15,0,3,0.7676860170871826,0.0
per_class,male,elmid-radfar,elmid-radfar-az135,135,7,0.033337948947822826,0.04342654184886213,0.07881781660063751,0.5911336245047814,2,0.13333333333333333,2,0.13333333333333333,15,0,3,0.7676860170871826,0.0
per_class,male,elmid-radfar,elmid-radfar-az225,225,8,0.024464242077083274,0.0318675103265623,0.05287513889207626,0.7931270833811439,1,0.06666666666666667,1,0.06666666666666667,15,0,3,0.7676860170871826,0.0
per_class,male,elhigh-radnear,elhigh-radnear-az180,180,1,0.14958998068805734,0.20264263708483812,0.19743196869194715,0.691011890421815,4,0.2857142857142857,4,0.2857142857142857,14,0,4,0.7381959830370258,0.0
per_class,male,elhigh-radnear,elhigh-radnear-az045,45,2,0.1485048006003968,0.20117259374594595,0.2007175285095677,0.702511349783487,4,0.2857142857142857,4,0.2857142857142857,14,0,4,0.7381959830370258,0.0
per_class,male,elhigh-radnear,elhigh-radnear-az135,135,3,0.12749356210366192,0.1727096394905026,0.17432512334639277,0.6101379317123747,4,0.2857142857142857,4,0.2857142857142857,14,0,4,0.7381959830370258,0.0
per_class,male,elhigh-radnear,elhigh-radnear-az315,315,4,0.12681997762803604,0.171797165715104,0.1859230104050099,0.6507305364175346,4,0.2857142857142857,4,0.2857142857142857,14,0,4,0.7381959830370258,0.0
per_class,male,elhigh-radnear,elhigh-radnear-az090,90,5,0.08359303320958997,0.11323962081949879,0.18309619410109715,0.64083667935384,4,0.2857142857142857,4,0.2857142857142857,14,0,4,0.7381959830370258,0.0
per_class,male,elhigh-radnear,elhigh-radnear-az270,270,6,0.06974313165801581,0.09447779893231645,0.14145492660397171,0.49509224311390104,4,0.2857142857142857,4,0.2857142857142857,14,0,4,0.7381959830370258,0.0
per_class,male,elhigh-radnear,elhigh-radnear-az225,225,7,0.03245149714926791,0.04396054421179401,0.047205247524141826,0.6608734653379855,1,0.07142857142857142,1,0.07142857142857142,14,0,4,0.7381959830370258,0.0
per_class,male,elhigh-radnear,elhigh-radnear-az000,0,8,0.0,0.0,0.0,nan,0,0.0,0,0.0,14,0,4,0.7381959830370258,0.0
per_class,male,elhigh-radmid,elhigh-radmid-az090,90,1,0.15807067142344594,0.20939839317464617,0.21413151230460603,0.6067059515297171,6,0.35294117647058826,6,0.35294117647058826,17,0,4,0.754880059139752,0.0
per_class,male,elhigh-radmid,elhigh-radmid-az000,0,2,0.1567404110689075,0.2076361789812359,0.24686921722305838,0.6994627821319988,6,0.35294117647058826,6,0.35294117647058826,17,0,4,0.754880059139752,0.0
per_class,male,elhigh-radmid,elhigh-radmid-az270,270,3,0.1034423525362557,0.1370315075670919,0.18709873760182122,0.6361357078461921,5,0.29411764705882354,5,0.29411764705882354,17,0,4,0.754880059139752,0.0
per_class,male,elhigh-radmid,elhigh-radmid-az045,45,4,0.09291697224498588,0.12308839148681769,0.11779635359755941,0.66751267038617,3,0.17647058823529413,3,0.17647058823529413,17,0,4,0.754880059139752,0.0
per_class,male,elhigh-radmid,elhigh-radmid-az135,135,5,0.09013756987003563,0.11940647892163798,0.16900039607874237,0.7182516833346551,4,0.23529411764705882,4,0.23529411764705882,17,0,4,0.754880059139752,0.0
per_class,male,elhigh-radmid,elhigh-radmid-az315,315,6,0.05581826382012395,0.07394322203150187,0.11647393421075508,0.6600189605276121,3,0.17647058823529413,3,0.17647058823529413,17,0,4,0.754880059139752,0.0
per_class,male,elhigh-radmid,elhigh-radmid-az180,180,7,0.05298218494174369,0.07018622932247177,0.12829811569279606,0.7270226555925111,3,0.17647058823529413,3,0.17647058823529413,17,0,4,0.754880059139752,0.0
per_class,male,elhigh-radmid,elhigh-radmid-az225,225,8,0.044771633234253885,0.05930959851459694,0.1138659878368558,0.6452405977421828,3,0.17647058823529413,3,0.17647058823529413,17,0,4,0.754880059139752,0.0
per_class,male,elhigh-radfar,elhigh-radfar-az045,45,1,0.21711008857658537,0.32181009644663844,0.2541449114361276,0.6099477874467063,5,0.4166666666666667,5,0.4166666666666667,12,0,3,0.6746528184599264,0.0
per_class,male,elhigh-radfar,elhigh-radfar-az225,225,2,0.10567112099842112,0.1566303706247658,0.10567112099842113,0.6340267259905268,2,0.16666666666666666,2,0.16666666666666666,12,0,3,0.6746528184599264,0.0
per_class,male,elhigh-radfar,elhigh-radfar-az180,180,3,0.09145409368376752,0.13555726913367927,0.11047019387190904,0.6628211632314542,2,0.16666666666666666,2,0.16666666666666666,12,0,3,0.6746528184599264,0.0
per_class,male,elhigh-radfar,elhigh-radfar-az090,90,4,0.09117312496429114,0.13514080497346462,0.10974188150036361,0.6584512890021816,2,0.16666666666666666,2,0.16666666666666666,12,0,3,0.6746528184599264,0.0
per_class,male,elhigh-radfar,elhigh-radfar-az135,135,5,0.05266494968498311,0.07806229847998677,0.05266494968498314,0.6319793962197977,1,0.08333333333333333,1,0.08333333333333333,12,0,3,0.6746528184599264,0.0
per_class,male,elhigh-radfar,elhigh-radfar-az000,0,6,0.045819173365221774,0.06791518854070182,0.0706032736633444,0.4236196419800664,2,0.16666666666666666,2,0.16666666666666666,12,0,3,0.6746528184599264,0.0
per_class,male,elhigh-radfar,elhigh-radfar-az270,270,7,0.04175614655470731,0.06189279198451548,0.041756146554707385,0.5010737586564886,1,0.08333333333333333,1,0.08333333333333333,12,0,3,0.6746528184599264,0.0
per_class,male,elhigh-radfar,elhigh-radfar-az315,315,8,0.029004120631948935,0.04299117981624759,0.049315883655362214,0.5917906038643466,1,0.08333333333333333,1,0.08333333333333333,12,0,3,0.6746528184599264,0.0
per_class,rock,ellow-radnear,ellow-radnear-az090,90,1,0.2079728958318346,0.21175384186774812,0.3713885067976579,0.9549990174796916,7,0.3888888888888889,7,0.3888888888888889,18,0,3,0.982144616586107,0.0
per_class,rock,ellow-radnear,ellow-radnear-az315,315,2,0.16178087202109226,0.1647220473329434,0.2622021409299104,0.9439277073476774,5,0.2777777777777778,5,0.2777777777777778,18,0,3,0.982144616586107,0.0
per_class,rock,ellow-radnear,ellow-radnear-az045,45,3,0.13822568001308055,0.14073862207130672,0.2654518080729671,0.9556265090626817,5,0.2777777777777778,5,0.2777777777777778,18,0,3,0.982144616586107,0.0
per_class,rock,ellow-radnear,ellow-radnear-az225,225,4,0.12160147172443715,0.12381218577272124,0.2678043450163311,0.964095642058792,5,0.2777777777777778,5,0.2777777777777778,18,0,3,0.982144616586107,0.0
per_class,rock,ellow-radnear,ellow-radnear-az135,135,5,0.11814724916389359,0.12029516546612903,0.21363880324019646,0.9613746145808841,4,0.2222222222222222,4,0.2222222222222222,18,0,3,0.982144616586107,0.0
per_class,rock,ellow-radnear,ellow-radnear-az000,0,6,0.09926487988689575,0.10106951482556231,0.16048946995713742,0.9629368197428244,3,0.16666666666666666,3,0.16666666666666666,18,0,3,0.982144616586107,0.0
per_class,rock,ellow-radnear,ellow-radnear-az270,270,7,0.08132984793245875,0.08280842409456751,0.15730210365794287,0.9438126219476572,3,0.16666666666666666,3,0.16666666666666666,18,0,3,0.982144616586107,0.0
per_class,rock,ellow-radnear,ellow-radnear-az180,180,8,0.05382172001241452,0.05480019856902187,0.10480834455354958,0.9432751009819462,2,0.1111111111111111,2,0.1111111111111111,18,0,3,0.982144616586107,0.0
per_class,rock,ellow-radmid,ellow-radmid-az315,315,1,0.16874723395903957,0.18620836274761898,0.23458195693947168,0.9383278277578867,5,0.25,5,0.25,20,0,3,0.9062280096826495,0.0
per_class,rock,ellow-radmid,ellow-radmid-az000,0,2,0.16729271431206744,0.1846033366047154,0.2367183357047761,0.9468733428191044,5,0.25,5,0.25,20,0,3,0.9062280096826495,0.0
per_class,rock,ellow-radmid,ellow-radmid-az225,225,3,0.11911934350331888,0.1314452237522796,0.14259981660952353,0.9506654440634902,3,0.15,3,0.15,20,0,3,0.9062280096826495,0.0
per_class,rock,ellow-radmid,ellow-radmid-az090,90,4,0.11821139559099998,0.13044332588262886,0.1411216265509049,0.9408108436726993,3,0.15,3,0.15,20,0,3,0.9062280096826495,0.0
per_class,rock,ellow-radmid,ellow-radmid-az135,135,5,0.10359278896897844,0.11431205818197501,0.17535924475050582,0.7014369790020233,5,0.25,4,0.2,20,0,3,0.9062280096826495,0.0
per_class,rock,ellow-radmid,ellow-radmid-az180,180,6,0.08964363335825255,0.098919512970742,0.14291124294859472,0.9527416196572981,3,0.15,3,0.15,20,0,3,0.9062280096826495,0.0
per_class,rock,ellow-radmid,ellow-radmid-az270,270,7,0.07323332355910984,0.08081114551376016,0.14170534692798284,0.9447023128532189,3,0.15,3,0.15,20,0,3,0.9062280096826495,0.0
per_class,rock,ellow-radmid,ellow-radmid-az045,45,8,0.06638757643088299,0.07325703434628018,0.14293127247657225,0.9528751498438149,3,0.15,3,0.15,20,0,3,0.9062280096826495,0.0
per_class,rock,ellow-radfar,ellow-radfar-az270,270,1,0.24056592812366462,0.26810107139546596,0.311780360253947,0.935341080761841,6,0.3333333333333333,6,0.3333333333333333,18,0,4,0.8972956611904572,0.0
per_class,rock,ellow-radfar,ellow-radfar-az225,225,2,0.17762772780534825,0.1979589732660543,0.21028662593940772,0.9462898167273348,4,0.2222222222222222,4,0.2222222222222222,18,0,4,0.8972956611904572,0.0
per_class,rock,ellow-radfar,ellow-radfar-az000,0,3,0.12767419508209482,0.14228776601093482,0.2520372147628122,0.7561116442884366,6,0.3333333333333333,5,0.2777777777777778,18,0,4,0.8972956611904572,0.0
per_class,rock,ellow-radfar,ellow-radfar-az135,135,4,0.11936959506703826,0.13303262261256074,0.23267273975723135,0.8376218631260329,5,0.2777777777777778,5,0.2777777777777778,18,0,4,0.8972956611904572,0.0
per_class,rock,ellow-radfar,ellow-radfar-az180,180,5,0.089965107276566,0.1002625011662352,0.15827046366197392,0.9496227819718435,3,0.16666666666666666,3,0.16666666666666666,18,0,4,0.8972956611904572,0.0
per_class,rock,ellow-radfar,ellow-radfar-az090,90,6,0.07164269941806542,0.07984291300708603,0.20997077340898843,0.9448684803404479,4,0.2222222222222222,4,0.2222222222222222,18,0,4,0.8972956611904572,0.0
per_class,rock,ellow-radfar,ellow-radfar-az045,45,7,0.04886929265979667,0.054462865222106346,0.04886929265979667,0.8796472678763401,1,0.05555555555555555,1,0.05555555555555555,18,0,4,0.8972956611904572,0.0
per_class,rock,ellow-radfar,ellow-radfar-az315,315,8,0.021581115757883126,0.024051287319556518,0.0528653813329818,0.9515768639936724,1,0.05555555555555555,1,0.05555555555555555,18,0,4,0.8972956611904572,0.0
per_class,rock,elmid-radnear,elmid-radnear-az045,45,1,0.2647238693189704,0.26955403249167637,0.4477115377114391,0.9700416650414514,6,0.46153846153846156,6,0.46153846153846156,13,0,3,0.9820809092408769,0.0
per_class,rock,elmid-radnear,elmid-radnear-az315,315,2,0.1536065166151014,0.15640922776295008,0.37299124212667845,0.9697772295293638,5,0.38461538461538464,5,0.38461538461538464,13,0,3,0.9820809092408769,0.0
per_class,rock,elmid-radnear,elmid-radnear-az180,180,3,0.12446942568270684,0.1267405002088051,0.22153039504127228,0.9599650451788465,3,0.23076923076923078,3,0.23076923076923078,13,0,3,0.9820809092408769,0.0
per_class,rock,elmid-radnear,elmid-radnear-az135,135,4,0.11382934061188633,0.11590627568544579,0.2961962640690948,0.962637858224558,4,0.3076923076923077,4,0.3076923076923077,13,0,3,0.9820809092408769,0.0
per_class,rock,elmid-radnear,elmid-radnear-az000,0,5,0.11206314360290218,0.1141078525694223,0.14826422177683057,0.9637174415493988,2,0.15384615384615385,2,0.15384615384615385,13,0,3,0.9820809092408769,0.0
per_class,rock,elmid-radnear,elmid-radnear-az270,270,6,0.11179773911880986,0.11383760550363067,0.14823086230302707,0.9635006049696759,2,0.15384615384615385,2,0.15384615384615385,13,0,3,0.9820809092408769,0.0
per_class,rock,elmid-radnear,elmid-radnear-az225,225,7,0.06376033441660807,0.06492370823692435,0.14956435057910072,0.9721682787641548,2,0.15384615384615385,2,0.15384615384615385,13,0,3,0.9820809092408769,0.0
per_class,rock,elmid-radnear,elmid-radnear-az090,90,8,0.037830539873891844,0.038520797541145436,0.07440037146875401,0.9672048290938022,1,0.07692307692307693,1,0.07692307692307693,13,0,3,0.9820809092408769,0.0
per_class,rock,elmid-radmid,elmid-radmid-az000,0,1,0.28673382146642656,0.2942863785888492,0.44168756073315135,0.9569897149218279,6,0.46153846153846156,6,0.46153846153846156,13,0,3,0.9743360288755518,0.0
per_class,rock,elmid-radmid,elmid-radmid-az045,45,2,0.15009333925063076,0.1540467916637019,0.22182464309848599,0.9612401200934393,3,0.23076923076923078,3,0.23076923076923078,13,0,3,0.9743360288755518,0.0
per_class,rock,elmid-radmid,elmid-radmid-az180,180,3,0.13694449469842768,0.14055160708412956,0.22095594596185902,0.9574757658347224,3,0.23076923076923078,3,0.23076923076923078,13,0,3,0.9743360288755518,0.0
per_class,rock,elmid-radmid,elmid-radmid-az315,315,4,0.13559534156677888,0.13916691731420922,0.21882631284666013,0.9482473556688605,3,0.23076923076923078,3,0.23076923076923078,13,0,3,0.9743360288755518,0.0
per_class,rock,elmid-radmid,elmid-radmid-az225,225,5,0.12471138472480973,0.12799627749446452,0.22107832480925538,0.95800607417344,3,0.23076923076923078,3,0.23076923076923078,13,0,3,0.9743360288755518,0.0
per_class,rock,elmid-radmid,elmid-radmid-az090,90,6,0.07767329030566732,0.07971920159342503,0.14858608321339928,0.9658095408870953,2,0.15384615384615385,2,0.15384615384615385,13,0,3,0.9743360288755518,0.0
per_class,rock,elmid-radmid,elmid-radmid-az270,270,7,0.06258435686281077,0.06423282626122043,0.14579468712571306,0.9476654663171349,2,0.15384615384615385,2,0.15384615384615385,13,0,3,0.9743360288755518,0.0
per_class,rock,elmid-radmid,elmid-radmid-az135,135,8,0.0,0.0,0.0,nan,0,0.0,0,0.0,13,0,3,0.9743360288755518,0.0
per_class,rock,elmid-radfar,elmid-radfar-az000,0,1,0.22338062580540619,0.23224653855280356,0.2938042552974184,0.9548638297166097,4,0.3076923076923077,4,0.3076923076923077,13,0,3,0.9618254256763374,0.0
per_class,rock,elmid-radfar,elmid-radfar-az270,270,2,0.21755322562406582,0.22618785053544047,0.28712353567924664,0.9331514909575516,4,0.3076923076923077,4,0.3076923076923077,13,0,3,0.9618254256763374,0.0
per_class,rock,elmid-radfar,elmid-radfar-az225,225,3,0.13690382577961263,0.1423374992227352,0.21962482129097247,0.9517075589275473,3,0.23076923076923078,3,0.23076923076923078,13,0,3,0.9618254256763374,0.0
per_class,rock,elmid-radfar,elmid-radfar-az135,135,4,0.11212635362137426,0.11657661632570082,0.1473355043725578,0.9576807784216257,2,0.15384615384615385,2,0.15384615384615385,13,0,3,0.9618254256763374,0.0
per_class,rock,elmid-radfar,elmid-radfar-az315,315,5,0.10147850538193849,0.10550615805418195,0.22015257278474765,0.9539944820672398,3,0.23076923076923078,3,0.23076923076923078,13,0,3,0.9618254256763374,0.0
per_class,rock,elmid-radfar,elmid-radfar-az090,90,6,0.09884335215782598,0.10276641635702363,0.14570305287776966,0.9470698437055027,2,0.15384615384615385,2,0.15384615384615385,13,0,3,0.9618254256763374,0.0
per_class,rock,elmid-radfar,elmid-radfar-az045,45,7,0.07153953730611286,0.07437892095211313,0.07153953730611289,0.9300139849794675,1,0.07692307692307693,1,0.07692307692307693,13,0,3,0.9618254256763374,0.0
per_class,rock,elmid-radfar,elmid-radfar-az180,180,8,0.0,0.0,0.0,nan,0,0.0,0,0.0,13,0,3,0.9618254256763374,0.0
per_class,rock,elhigh-radnear,elhigh-radnear-az135,135,1,0.2562075478879805,0.26259942055185537,0.31847171117460815,0.9554151335238246,5,0.3333333333333333,5,0.3333333333333333,15,0,4,0.9756592278442875,0.0
per_class,rock,elhigh-radnear,elhigh-radnear-az315,315,2,0.14243995639831875,0.1459935521883382,0.31885564743552663,0.9565669423065799,5,0.3333333333333333,5,0.3333333333333333,15,0,4,0.9756592278442875,0.0
per_class,rock,elhigh-radnear,elhigh-radnear-az000,0,3,0.13624415937131187,0.13964318225364653,0.25638602653363923,0.9614475995011471,4,0.26666666666666666,4,0.26666666666666666,15,0,4,0.9756592278442875,0.0
per_class,rock,elhigh-radnear,elhigh-radnear-az225,225,4,0.12537789114002926,0.1285058220758603,0.3174076443368302,0.9522229330104907,5,0.3333333333333333,5,0.3333333333333333,15,0,4,0.9756592278442875,0.0
per_class,rock,elhigh-radnear,elhigh-radnear-az090,90,5,0.11421394972816315,0.1170633623591283,0.19237591544197913,0.9618795772098956,3,0.2,3,0.2,15,0,4,0.9756592278442875,0.0
per_class,rock,elhigh-radnear,elhigh-radnear-az180,180,6,0.07659804643128075,0.0785090165144275,0.19183631934103051,0.9591815967051526,3,0.2,3,0.2,15,0,4,0.9756592278442875,0.0
per_class,rock,elhigh-radnear,elhigh-radnear-az045,45,7,0.06389744699637012,0.06549156218975256,0.06389744699637016,0.9584617049455524,1,0.06666666666666667,1,0.06666666666666667,15,0,4,0.9756592278442875,0.0
per_class,rock,elhigh-radnear,elhigh-radnear-az270,270,8,0.06068022989083295,0.062194081866991116,0.19244371174683436,0.9622185587341718,3,0.2,3,0.2,15,0,4,0.9756592278442875,0.0
per_class,rock,elhigh-radmid,elhigh-radmid-az090,90,1,0.19925054328173597,0.20590763358121403,0.28171021525115636,0.9578147318539315,5,0.29411764705882354,5,0.29411764705882354,17,0,3,0.967669531315106,0.0
per_class,rock,elhigh-radmid,elhigh-radmid-az000,0,2,0.16973555845714391,0.17540653390880845,0.16973555845714408,0.9618348312571499,3,0.17647058823529413,3,0.17647058823529413,17,0,3,0.967669531315106,0.0
per_class,rock,elhigh-radmid,elhigh-radmid-az045,45,3,0.14318544987747833,0.14796936892585935,0.22493826942196862,0.9559876450433666,4,0.23529411764705882,4,0.23529411764705882,17,0,3,0.967669531315106,0.0
per_class,rock,elhigh-radmid,elhigh-radmid-az180,180,4,0.11333679583415046,0.11712345192900794,0.11333679583415028,0.9633627645902774,2,0.11764705882352941,2,0.11764705882352941,17,0,3,0.967669531315106,0.0
per_class,rock,elhigh-radmid,elhigh-radmid-az225,225,5,0.10591292514660121,0.10945154489122007,0.22428066826315465,0.9531928401184073,4,0.23529411764705882,4,0.23529411764705882,17,0,3,0.967669531315106,0.0
per_class,rock,elhigh-radmid,elhigh-radmid-az135,135,6,0.10309506991853125,0.10653954328645696,0.16635065708228242,0.942653723466267,3,0.17647058823529413,3,0.17647058823529413,17,0,3,0.967669531315106,0.0
per_class,rock,elhigh-radmid,elhigh-radmid-az270,270,7,0.08511446991312704,0.0879581997352471,0.11297611569732587,0.9602969834272699,2,0.11764705882352941,2,0.11764705882352941,17,0,3,0.967669531315106,0.0
per_class,rock,elhigh-radmid,elhigh-radmid-az315,315,8,0.04803871888633772,0.049643723742185994,0.11188311103143324,0.9510064437671826,2,0.11764705882352941,2,0.11764705882352941,17,0,3,0.967669531315106,0.0
per_class,rock,elhigh-radfar,elhigh-radfar-az045,45,1,0.22957290487187526,0.23886294148740117,0.36603807465619936,0.9516989941061184,5,0.38461538461538464,5,0.38461538461538464,13,0,4,0.9611072502177325,0.0
per_class,rock,elhigh-radfar,elhigh-radfar-az315,315,2,0.22186998317223028,0.23084830867935613,0.29248327217197184,0.9505706345589084,4,0.3076923076923077,4,0.3076923076923077,13,0,4,0.9611072502177325,0.0
per_class,rock,elhigh-radfar,elhigh-radfar-az180,180,3,0.1627760587486941,0.16936305361531534,0.2164442336696099,0.9379250125683095,3,0.23076923076923078,3,0.23076923076923078,13,0,4,0.9611072502177325,0.0
per_class,rock,elhigh-radfar,elhigh-radfar-az225,225,4,0.11171503193690872,0.11623576027711832,0.14613100887260336,0.9498515576719218,2,0.15384615384615385,2,0.15384615384615385,13,0,4,0.9611072502177325,0.0
per_class,rock,elhigh-radfar,elhigh-radfar-az000,0,5,0.09679265064261543,0.10070952083722987,0.14423772657651368,0.9375452227473389,2,0.15384615384615385,2,0.15384615384615385,13,0,4,0.9611072502177325,0.0
per_class,rock,elhigh-radfar,elhigh-radfar-az270,270,6,0.05722393896197453,0.05953959763492662,0.14491604124153612,0.9419542680699848,2,0.15384615384615385,2,0.15384615384615385,13,0,4,0.9611072502177325,0.0
per_class,rock,elhigh-radfar,elhigh-radfar-az135,135,7,0.043857082775006426,0.04563183012621213,0.14460221953191657,0.9399144269574577,2,0.15384615384615385,2,0.15384615384615385,13,0,4,0.9611072502177325,0.0
per_class,rock,elhigh-radfar,elhigh-radfar-az090,90,8,0.03729959910842686,0.03880898734243955,0.07171557604412152,0.9323024885735798,1,0.07692307692307693,1,0.07692307692307693,13,0,4,0.9611072502177325,0.0
per_class,suv,ellow-radnear,ellow-radnear-az180,180,1,0.20842915740669882,0.2313634680590741,0.34150705026918093,0.926947707873491,7,0.3684210526315789,7,0.3684210526315789,19,0,3,0.9008732413774181,0.0
per_class,suv,ellow-radnear,ellow-radnear-az225,225,2,0.14038457399250986,0.15583166148643124,0.19583045247848743,0.9301946492728153,4,0.21052631578947367,4,0.21052631578947367,19,0,3,0.9008732413774181,0.0
per_class,suv,ellow-radnear,ellow-radnear-az135,135,3,0.12523839008994767,0.139018881167411,0.14921335181516887,0.9450178948294029,3,0.15789473684210525,3,0.15789473684210525,19,0,3,0.9008732413774181,0.0
per_class,suv,ellow-radnear,ellow-radnear-az270,270,4,0.10213803707205213,0.11337670204954141,0.1494541197706349,0.9465427585473544,3,0.15789473684210525,3,0.15789473684210525,19,0,3,0.9008732413774181,0.0
per_class,suv,ellow-radnear,ellow-radnear-az045,45,5,0.1004917245213867,0.11154923901140272,0.1476823069920823,0.9353212776165213,3,0.15789473684210525,3,0.15789473684210525,19,0,3,0.9008732413774181,0.0
per_class,suv,ellow-radnear,ellow-radnear-az090,90,6,0.08608705304482371,0.09555956275624108,0.19836391619959146,0.9422286019480595,4,0.21052631578947367,4,0.21052631578947367,19,0,3,0.9008732413774181,0.0
per_class,suv,ellow-radnear,ellow-radnear-az315,315,7,0.07679515041118287,0.08524523416165025,0.09948761491449414,0.6300882277917962,3,0.15789473684210525,2,0.10526315789473684,19,0,3,0.9008732413774181,0.0
per_class,suv,ellow-radnear,ellow-radnear-az000,0,8,0.06130915483881672,0.06805525130824863,0.09327854630755333,0.5907641266145044,3,0.15789473684210525,2,0.10526315789473684,19,0,3,0.9008732413774181,0.0
per_class,suv,ellow-radmid,ellow-radmid-az315,315,1,0.21812643738809695,0.23427227008640789,0.28283356329738263,0.9050674025516244,5,0.3125,5,0.3125,16,0,4,0.931080905596058,0.0
per_class,suv,ellow-radmid,ellow-radmid-az270,270,2,0.1704576705703149,0.1830750362786052,0.2888016186279072,0.7701376496744192,6,0.375,5,0.3125,16,0,4,0.931080905596058,0.0
per_class,suv,ellow-radmid,ellow-radmid-az135,135,3,0.17010148089656088,0.1826924812593655,0.28532325817865023,0.760862021809734,6,0.375,5,0.3125,16,0,4,0.931080905596058,0.0
per_class,suv,ellow-radmid,ellow-radmid-az090,90,4,0.1445667382369718,0.15526764362590303,0.2856647862934061,0.9141273161388994,5,0.3125,5,0.3125,16,0,4,0.931080905596058,0.0
per_class,suv,ellow-radmid,ellow-radmid-az225,225,5,0.0969906850922521,0.10416998620561416,0.17057421557804164,0.9097291497495554,3,0.1875,3,0.1875,16,0,4,0.931080905596058,0.0
per_class,suv,ellow-radmid,ellow-radmid-az045,45,6,0.07413943015226498,0.07962726945281141,0.11633896974137414,0.6204745052873287,3,0.1875,2,0.125,16,0,4,0.931080905596058,0.0
per_class,suv,ellow-radmid,ellow-radmid-az000,0,7,0.05669846325959675,0.06089531309129319,0.05669846325959682,0.45358770607677457,2,0.125,1,0.0625,16,0,4,0.931080905596058,0.0
per_class,suv,ellow-radmid,ellow-radmid-az180,180,8,0.0,0.0,0.0,nan,0,0.0,0,0.0,16,0,4,0.931080905596058,0.0
per_class,suv,ellow-radfar,ellow-radfar-az225,225,1,0.26043269860535906,0.3148755778479811,0.31882856216122185,0.8927199740514211,5,0.35714285714285715,5,0.35714285714285715,14,0,3,0.8270971676663138,0.0
per_class,suv,ellow-radfar,ellow-radfar-az135,135,2,0.12426973768485569,0.15024805130875674,0.1242697376848559,0.5799254425293275,3,0.21428571428571427,2,0.14285714285714285,14,0,3,0.8270971676663138,0.0
per_class,suv,ellow-radfar,ellow-radfar-az180,180,3,0.12220162225220535,0.1477476009221527,0.12220162225220525,0.8554113557654368,2,0.14285714285714285,2,0.14285714285714285,14,0,3,0.8270971676663138,0.0
per_class,suv,ellow-radfar,ellow-radfar-az315,315,4,0.09774257000044456,0.11817543793098573,0.12687660591913744,0.888136241433962,2,0.14285714285714285,2,0.14285714285714285,14,0,3,0.8270971676663138,0.0
per_class,suv,ellow-radfar,ellow-radfar-az270,270,5,0.0947997525158944,0.11461743096446034,0.12323365788093733,0.8626356051665613,2,0.14285714285714285,2,0.14285714285714285,14,0,3,0.8270971676663138,0.0
per_class,suv,ellow-radfar,ellow-radfar-az045,45,6,0.09458467787759134,0.11435739544903245,0.12371871379628427,0.5773539977159933,3,0.21428571428571427,2,0.14285714285714285,14,0,3,0.8270971676663138,0.0
per_class,suv,ellow-radfar,ellow-radfar-az000,0,7,0.03306610872996301,0.03997850557663049,0.06302806692078278,0.44119646844547944,2,0.14285714285714285,1,0.07142857142857142,14,0,3,0.8270971676663138,0.0
per_class,suv,ellow-radfar,ellow-radfar-az090,90,8,0.0,0.0,0.0,0.0,1,0.07142857142857142,0,0.0,14,0,3,0.8270971676663138,0.0
per_class,suv,elmid-radnear,elmid-radnear-az135,135,1,0.3525282321363666,0.3696612184920456,0.5574194003433313,0.9290323339055521,9,0.6,9,0.6,15,0,4,0.9536521942291664,0.0
per_class,suv,elmid-radnear,elmid-radnear-az270,270,2,0.23022344518972165,0.24141237925406384,0.31160150468337566,0.934804514050127,5,0.3333333333333333,5,0.3333333333333333,15,0,4,0.9536521942291664,0.0
per_class,suv,elmid-radnear,elmid-radnear-az225,225,3,0.09780169959232057,0.10255489389543462,0.18427462733141223,0.9213731366570611,3,0.2,3,0.2,15,0,4,0.9536521942291664,0.0
per_class,suv,elmid-radnear,elmid-radnear-az090,90,4,0.0800577476022854,0.08394858008688984,0.1258288372694731,0.9437162795210483,2,0.13333333333333333,2,0.13333333333333333,15,0,4,0.9536521942291664,0.0
per_class,suv,elmid-radnear,elmid-radnear-az315,315,5,0.06569664212268764,0.06888952022575694,0.12659093554085363,0.9494320165564023,2,0.13333333333333333,2,0.13333333333333333,15,0,4,0.9536521942291664,0.0
per_class,suv,elmid-radnear,elmid-radnear-az000,0,6,0.054281074070629876,0.05691915186595368,0.1250694059527286,0.9380205446454646,2,0.13333333333333333,2,0.13333333333333333,15,0,4,0.9536521942291664,0.0
per_class,suv,elmid-radnear,elmid-radnear-az045,45,7,0.03828228174353566,0.04014281304567132,0.123714537830908,0.92785903373181,2,0.13333333333333333,2,0.13333333333333333,15,0,4,0.9536521942291664,0.0
per_class,suv,elmid-radnear,elmid-radnear-az180,180,8,0.03478107177161906,0.03647144313418423,0.08797208805778212,0.6597906604333659,2,0.13333333333333333,2,0.13333333333333333,15,0,4,0.9536521942291664,0.0
per_class,suv,elmid-radmid,elmid-radmid-az180,180,1,0.23461920667755873,0.2508276525061535,0.35672544616227697,0.9172940044172836,7,0.3888888888888889,7,0.3888888888888889,18,0,3,0.9353801478160501,0.0
per_class,suv,elmid-radmid,elmid-radmid-az135,135,2,0.14604471487934972,0.15613407577693275,0.20340048593635926,0.9153021867136166,4,0.2222222222222222,4,0.2222222222222222,18,0,3,0.9353801478160501,0.0
per_class,suv,elmid-radmid,elmid-radmid-az270,270,3,0.14519758894904045,0.15522842695352426,0.20235209976526392,0.9105844489436876,4,0.2222222222222222,4,0.2222222222222222,18,0,3,0.9353801478160501,0.0
per_class,suv,elmid-radmid,elmid-radmid-az315,315,4,0.13021883274907103,0.13921487755872236,0.1540705289680887,0.9244231738085323,3,0.16666666666666666,3,0.16666666666666666,18,0,3,0.9353801478160501,0.0
per_class,suv,elmid-radmid,elmid-radmid-az045,45,5,0.1250766860170109,0.13371749048666814,0.20570860970338264,0.9256887436652219,4,0.2222222222222222,4,0.2222222222222222,18,0,3,0.9353801478160501,0.0
per_class,suv,elmid-radmid,elmid-radmid-az225,225,6,0.07738583229104255,0.08273195926995565,0.10194428785086511,0.9174985906577859,2,0.1111111111111111,2,0.1111111111111111,18,0,3,0.9353801478160501,0.0
per_class,suv,elmid-radmid,elmid-radmid-az000,0,7,0.07683728625297642,0.08214551744804305,0.10145511209041697,0.9130960088137527,2,0.1111111111111111,2,0.1111111111111111,18,0,3,0.9353801478160501,0.0
per_class,suv,elmid-radmid,elmid-radmid-az090,90,8,0.0,0.0,0.0,nan,0,0.0,0,0.0,18,0,3,0.9353801478160501,0.0
per_class,suv,elmid-radfar,elmid-radfar-az225,225,1,0.21081150293823522,0.22786330608821848,0.2962770384318283,0.8888311152954849,5,0.3333333333333333,5,0.3333333333333333,15,0,3,0.9251665244276691,0.0
per_class,suv,elmid-radfar,elmid-radfar-az270,270,2,0.1774111289964048,0.19176129303441422,0.24378977415648725,0.9142116530868272,4,0.26666666666666666,4,0.26666666666666666,15,0,3,0.9251665244276691,0.0
per_class,suv,elmid-radfar,elmid-radfar-az090,90,3,0.1353147091365106,0.1462598414055455,0.2423920933876521,0.9089703502036954,4,0.26666666666666666,4,0.26666666666666666,15,0,3,0.9251665244276691,0.0
per_class,suv,elmid-radfar,elmid-radfar-az000,0,4,0.13267213368529154,0.14340351729367404,0.23579587692859647,0.8842345384822368,4,0.26666666666666666,4,0.26666666666666666,15,0,3,0.9251665244276691,0.0
per_class,suv,elmid-radfar,elmid-radfar-az135,135,5,0.11275420987667738,0.1218745024809776,0.1806680892436025,0.9033404462180125,3,0.2,3,0.2,15,0,3,0.9251665244276691,0.0
per_class,suv,elmid-radfar,elmid-radfar-az045,45,6,0.10137285913546516,0.10957255419307019,0.1778870903762969,0.8894354518814845,3,0.2,3,0.2,15,0,3,0.9251665244276691,0.0
per_class,suv,elmid-radfar,elmid-radfar-az180,180,7,0.03298002103698325,0.03564765927667509,0.06077334728705637,0.9116002093058455,1,0.06666666666666667,1,0.06666666666666667,15,0,3,0.9251665244276691,0.0
per_class,suv,elmid-radfar,elmid-radfar-az315,315,8,0.021849959622101435,0.02361732622742523,0.05966398693771756,0.8949598040657634,1,0.06666666666666667,1,0.06666666666666667,15,0,3,0.9251665244276691,0.0
per_class,suv,elhigh-radnear,elhigh-radnear-az090,90,1,0.1531620385891582,0.16194039375240973,0.28363021227607255,0.9076166792834321,5,0.3125,5,0.3125,16,0,4,0.9457926774176384,0.0
per_class,suv,elhigh-radnear,elhigh-radnear-az180,180,2,0.13738099144051977,0.145254868979976,0.22589814214405646,0.9035925685762258,4,0.25,4,0.25,16,0,4,0.9457926774176384,0.0
per_class,suv,elhigh-radnear,elhigh-radnear-az225,225,3,0.13510984144074284,0.14285354990233415,0.1724425959802982,0.9196938452282571,3,0.1875,3,0.1875,16,0,4,0.9457926774176384,0.0
per_class,suv,elhigh-radnear,elhigh-radnear-az000,0,4,0.12348978298380768,0.1305674974360979,0.2791522924043579,0.8932873356939453,5,0.3125,5,0.3125,16,0,4,0.9457926774176384,0.0
per_class,suv,elhigh-radnear,elhigh-radnear-az270,270,5,0.12094659962475424,0.1278785536328986,0.2751028364547867,0.8803290766553176,5,0.3125,5,0.3125,16,0,4,0.9457926774176384,0.0
per_class,suv,elhigh-radnear,elhigh-radnear-az045,45,6,0.11659221483326607,0.12327460088991772,0.28095883971817504,0.8990682870981601,5,0.3125,5,0.3125,16,0,4,0.9457926774176384,0.0
per_class,suv,elhigh-radnear,elhigh-radnear-az135,135,7,0.08215453072768247,0.08686314949275621,0.17109906461827595,0.9125283446308051,3,0.1875,3,0.1875,16,0,4,0.9457926774176384,0.0
per_class,suv,elhigh-radnear,elhigh-radnear-az315,315,8,0.07695667777770683,0.08136738591360936,0.11339338185700365,0.9071470548560292,2,0.125,2,0.125,16,0,4,0.9457926774176384,0.0
per_class,suv,elhigh-radmid,elhigh-radmid-az180,180,1,0.19858590346758662,0.21686545211398914,0.26167414497961433,0.8896920929306887,5,0.29411764705882354,5,0.29411764705882354,17,0,4,0.9157101858861577,0.0
per_class,suv,elhigh-radmid,elhigh-radmid-az225,225,2,0.19191091621421036,0.20957604182211093,0.27000299155002927,0.9180101712700995,5,0.29411764705882354,5,0.29411764705882354,17,0,4,0.9157101858861577,0.0
per_class,suv,elhigh-radmid,elhigh-radmid-az135,135,3,0.13229580201786942,0.14447344155055256,0.1563219407626603,0.8858243309884083,3,0.17647058823529413,3,0.17647058823529413,17,0,4,0.9157101858861577,0.0
per_class,suv,elhigh-radmid,elhigh-radmid-az090,90,4,0.12643895788555948,0.13807748328495553,0.21579958189112708,0.91714822303729,4,0.23529411764705882,4,0.23529411764705882,17,0,4,0.9157101858861577,0.0
per_class,suv,elhigh-radmid,elhigh-radmid-az270,270,5,0.0941104310134807,0.10277316170990003,0.1555320653873394,0.8813483705282567,3,0.17647058823529413,3,0.17647058823529413,17,0,4,0.9157101858861577,0.0
per_class,suv,elhigh-radmid,elhigh-radmid-az000,0,6,0.0799062645185788,0.08726152198607612,0.1581033047155249,0.8959187267213077,3,0.17647058823529413,3,0.17647058823529413,17,0,4,0.9157101858861577,0.0
per_class,suv,elhigh-radmid,elhigh-radmid-az045,45,7,0.0626784909199546,0.06844795644519223,0.10161162312211298,0.8636987965379603,2,0.11764705882352941,2,0.11764705882352941,17,0,4,0.9157101858861577,0.0
per_class,suv,elhigh-radmid,elhigh-radmid-az315,315,8,0.0297834198489176,0.03252494108722333,0.055390970341030216,0.9416464957975137,1,0.058823529411764705,1,0.058823529411764705,17,0,4,0.9157101858861577,0.0
per_class,suv,elhigh-radfar,elhigh-radfar-az270,270,1,0.17290029640382276,0.18722530062181697,0.2776466606439134,0.8884693140605229,5,0.3125,5,0.3125,16,0,3,0.9234878824046874,0.0
per_class,suv,elhigh-radfar,elhigh-radfar-az135,135,2,0.16797451734178817,0.18189141464898942,0.1679745173417886,0.8958640924895391,3,0.1875,3,0.1875,16,0,3,0.9234878824046874,0.0
per_class,suv,elhigh-radfar,elhigh-radfar-az045,45,3,0.1606209895566236,0.17392863795719724,0.22315534046605978,0.8926213618642391,4,0.25,4,0.25,16,0,3,0.9234878824046874,0.0
per_class,suv,elhigh-radfar,elhigh-radfar-az000,0,4,0.13882672048348232,0.15032868663310323,0.2785774083094219,0.89144770659015,5,0.3125,5,0.3125,16,0,3,0.9234878824046874,0.0
per_class,suv,elhigh-radfar,elhigh-radfar-az090,90,5,0.1051925700392653,0.11390790506676969,0.16896403444223407,0.9011415170252484,3,0.1875,3,0.1875,16,0,3,0.9234878824046874,0.0
per_class,suv,elhigh-radfar,elhigh-radfar-az315,315,6,0.08831079851063359,0.09562745780776186,0.11454919767378513,0.916393581390281,2,0.125,2,0.125,16,0,3,0.9234878824046874,0.0
per_class,suv,elhigh-radfar,elhigh-radfar-az180,180,7,0.058966176583946435,0.0638515975222147,0.11063089509012403,0.8850471607209922,2,0.125,2,0.125,16,0,3,0.9234878824046874,0.0
per_class,suv,elhigh-radfar,elhigh-radfar-az225,225,8,0.03069581348512479,0.03323899974214647,0.05718144445593509,0.9149031112949615,1,0.0625,1,0.0625,16,0,3,0.9234878824046874,0.0
per_class,tank,ellow-radnear,ellow-radnear-az000,0,1,0.20713691193584596,0.24067694113571222,0.2846690235293486,0.797073265882176,5,0.35714285714285715,5,0.35714285714285715,14,0,2,0.8606429471739305,0.0
per_class,tank,ellow-radnear,ellow-radnear-az315,315,2,0.15396518657127373,0.17889554207914554,0.2613122470344041,0.7316742916963314,5,0.35714285714285715,5,0.35714285714285715,14,0,2,0.8606429471739305,0.0
per_class,tank,ellow-radnear,ellow-radnear-az270,270,3,0.14852583302039352,0.1725754373612236,0.17492034358950675,0.6122212025632736,4,0.2857142857142857,3,0.21428571428571427,14,0,2,0.8606429471739305,0.0
per_class,tank,ellow-radnear,ellow-radnear-az045,45,4,0.0975662368772671,0.1133643599795277,0.11757238009450839,0.8230066606615587,2,0.14285714285714285,2,0.14285714285714285,14,0,2,0.8606429471739305,0.0
per_class,tank,ellow-radnear,ellow-radnear-az090,90,5,0.07844297438548622,0.0911446200111989,0.10935160063316321,0.7654612044321425,2,0.14285714285714285,2,0.14285714285714285,14,0,2,0.8606429471739305,0.0
per_class,tank,ellow-radnear,ellow-radnear-az180,180,6,0.07381403307886991,0.08576615113300005,0.10955180659156939,0.7668626461409858,2,0.14285714285714285,2,0.14285714285714285,14,0,2,0.8606429471739305,0.0
per_class,tank,ellow-radnear,ellow-radnear-az135,135,7,0.06435876093136268,0.07477986212830276,0.06435876093136272,0.9010226530390781,1,0.07142857142857142,1,0.07142857142857142,14,0,2,0.8606429471739305,0.0
per_class,tank,ellow-radnear,ellow-radnear-az225,225,8,0.036833010373431375,0.04279708617188918,0.0672760939123082,0.9418653147723148,1,0.07142857142857142,1,0.07142857142857142,14,0,2,0.8606429471739305,0.0
per_class,tank,ellow-radmid,ellow-radmid-az315,315,1,0.16872248925883743,0.18312655849275494,0.16872248925883745,0.927973690923606,2,0.18181818181818182,2,0.18181818181818182,11,0,4,0.9213436360489056,0.0
per_class,tank,ellow-radmid,ellow-radmid-az270,270,2,0.15020079154016341,0.16302363815555856,0.2446644942587678,0.8971031456154819,3,0.2727272727272727,3,0.2727272727272727,11,0,4,0.9213436360489056,0.0
per_class,tank,ellow-radmid,ellow-radmid-az090,90,3,0.14563126361797324,0.15806400339671206,0.22498171976402015,0.824932972468074,3,0.2727272727272727,3,0.2727272727272727,11,0,4,0.9213436360489056,0.0
per_class,tank,ellow-radmid,ellow-radmid-az045,45,4,0.11902691696476522,0.1291884073516813,0.28403342420723215,0.7810919165698884,4,0.36363636363636365,4,0.36363636363636365,11,0,4,0.9213436360489056,0.0
per_class,tank,ellow-radmid,ellow-radmid-az180,180,5,0.10844927349867883,0.1177077360231772,0.16083794285862493,0.8846086857224371,2,0.18181818181818182,2,0.18181818181818182,11,0,4,0.9213436360489056,0.0
per_class,tank,ellow-radmid,ellow-radmid-az000,0,6,0.08598519082180278,0.09332586394208146,0.14387797865926544,0.7913288826259599,2,0.18181818181818182,2,0.18181818181818182,11,0,4,0.9213436360489056,0.0
per_class,tank,ellow-radmid,ellow-radmid-az135,135,7,0.07899953514916809,0.08574383330843861,0.13365560090781578,0.7351058049929868,2,0.18181818181818182,2,0.18181818181818182,11,0,4,0.9213436360489056,0.0
per_class,tank,ellow-radmid,ellow-radmid-az225,225,8,0.06432817519751627,0.06981995932959555,0.1900406805412083,0.696815828651097,3,0.2727272727272727,3,0.2727272727272727,11,0,4,0.9213436360489056,0.0
per_class,tank,ellow-radfar,ellow-radfar-az135,135,1,0.26297529012981763,0.31424068943500094,0.26297529012981763,0.7363308123634894,5,0.35714285714285715,5,0.35714285714285715,14,0,2,0.8368594487322518,0.0
per_class,tank,ellow-radfar,ellow-radfar-az270,270,2,0.14676316440051784,0.1753737316616877,0.16902097762407792,0.788764562245697,3,0.21428571428571427,3,0.21428571428571427,14,0,2,0.8368594487322518,0.0
per_class,tank,ellow-radfar,ellow-radfar-az090,90,3,0.10553470767415454,0.1261080433925049,0.18723370983827334,0.873757312578609,3,0.21428571428571427,3,0.21428571428571427,14,0,2,0.8368594487322518,0.0
per_class,tank,ellow-radfar,ellow-radfar-az000,0,4,0.0961914089628659,0.11494332663458015,0.1257871088899254,0.8805097622294777,2,0.14285714285714285,2,0.14285714285714285,14,0,2,0.8368594487322518,0.0
per_class,tank,ellow-radfar,ellow-radfar-az045,45,5,0.08897762616182214,0.10632326168583418,0.1112354393853823,0.7786480756976761,2,0.14285714285714285,2,0.14285714285714285,14,0,2,0.8368594487322518,0.0
per_class,tank,ellow-radfar,ellow-radfar-az225,225,6,0.08115440910363364,0.09697495705709419,0.12429319411794713,0.8700523588256299,2,0.14285714285714285,2,0.14285714285714285,14,0,2,0.8368594487322518,0.0
per_class,tank,ellow-radfar,ellow-radfar-az315,315,7,0.05526284229944042,0.06603599013329829,0.09630692470166505,0.6741484729116554,2,0.14285714285714285,2,0.14285714285714285,14,0,2,0.8368594487322518,0.0
per_class,tank,ellow-radfar,ellow-radfar-az180,180,8,0.0,0.0,0.0,0.0,1,0.07142857142857142,0,0.0,14,0,2,0.8368594487322518,0.0
per_class,tank,elmid-radnear,elmid-radnear-az180,180,1,0.1914487045886285,0.19933498732507676,0.2782044486785009,0.9458951255069031,5,0.29411764705882354,5,0.29411764705882354,17,0,3,0.9604370369583577,0.0
per_class,tank,elmid-radnear,elmid-radnear-az045,45,2,0.16847413929246907,0.17541403841111317,0.22451315435371744,0.9541809060032991,4,0.23529411764705882,4,0.23529411764705882,17,0,3,0.9604370369583577,0.0
per_class,tank,elmid-radnear,elmid-radnear-az090,90,3,0.1417343546507327,0.14757277072487363,0.2123691435715312,0.9025688601790076,4,0.23529411764705882,4,0.23529411764705882,17,0,3,0.9604370369583577,0.0
per_class,tank,elmid-radnear,elmid-radnear-az315,315,4,0.13808864081678213,0.1437768802149696,0.16506511526151008,0.9353689864818904,3,0.17647058823529413,3,0.17647058823529413,17,0,3,0.9604370369583577,0.0
per_class,tank,elmid-radnear,elmid-radnear-az135,135,5,0.11216703359832964,0.11678749286216139,0.16436306947945603,0.9313907270502509,3,0.17647058823529413,3,0.17647058823529413,17,0,3,0.9604370369583577,0.0
per_class,tank,elmid-radnear,elmid-radnear-az270,270,6,0.11149837278076496,0.11609128812220022,0.11149837278076484,0.9477361686365011,2,0.11764705882352941,2,0.11764705882352941,17,0,3,0.9604370369583577,0.0
per_class,tank,elmid-radnear,elmid-radnear-az000,0,7,0.08005415647480267,0.08335180068474768,0.1032592918947034,0.8777039811049789,2,0.11764705882352941,2,0.11764705882352941,17,0,3,0.9604370369583577,0.0
per_class,tank,elmid-radnear,elmid-radnear-az225,225,8,0.016971634755848015,0.017670741654857554,0.049021007613111366,0.8333571294228932,1,0.058823529411764705,1,0.058823529411764705,17,0,3,0.9604370369583577,0.0
per_class,tank,elmid-radmid,elmid-radmid-az000,0,1,0.2523824719462569,0.2690033086003688,0.3083456806256528,0.9250370418769585,4,0.3333333333333333,4,0.3333333333333333,12,0,4,0.9382132630985449,0.0
per_class,tank,elmid-radmid,elmid-radmid-az045,45,2,0.17734919172739796,0.1890286555336941,0.23433696659183192,0.9373478663673277,3,0.25,3,0.25,12,0,4,0.9382132630985449,0.0
per_class,tank,elmid-radmid,elmid-radmid-az270,270,3,0.1489650782846089,0.15877528504834448,0.28860178502038963,0.8658053550611688,4,0.3333333333333333,4,0.3333333333333333,12,0,4,0.9382132630985449,0.0
per_class,tank,elmid-radmid,elmid-radmid-az090,90,4,0.10629167586701539,0.11329159376406202,0.2752627110282762,0.8257881330848287,4,0.3333333333333333,4,0.3333333333333333,12,0,4,0.9382132630985449,0.0
per_class,tank,elmid-radmid,elmid-radmid-az180,180,5,0.09361691756806857,0.09978212976747862,0.1516841282995145,0.910104769797087,2,0.16666666666666666,2,0.16666666666666666,12,0,4,0.9382132630985449,0.0
per_class,tank,elmid-radmid,elmid-radmid-az315,315,6,0.07834781617361655,0.08350747026839601,0.14650314143784904,0.8790188486270942,2,0.16666666666666666,2,0.16666666666666666,12,0,4,0.9382132630985449,0.0
per_class,tank,elmid-radmid,elmid-radmid-az135,135,7,0.061054738501781794,0.06507554401878982,0.15417319505732005,0.9250391703439202,2,0.16666666666666666,2,0.16666666666666666,12,0,4,0.9382132630985449,0.0
per_class,tank,elmid-radmid,elmid-radmid-az225,225,8,0.02020537302979846,0.021536012998865692,0.0766776353144157,0.9201316237729884,1,0.08333333333333333,1,0.08333333333333333,12,0,4,0.9382132630985449,0.0
per_class,tank,elmid-radfar,elmid-radfar-az135,135,1,0.2190350153668858,0.2428308904524125,0.38176493282801116,0.8180677132028811,7,0.4666666666666667,7,0.4666666666666667,15,0,4,0.9020063920154756,0.0
per_class,tank,elmid-radfar,elmid-radfar-az180,180,2,0.1892365981442693,0.2097951852884681,0.29831552937002903,0.8949465881100871,5,0.3333333333333333,5,0.3333333333333333,15,0,4,0.9020063920154756,0.0
per_class,tank,elmid-radfar,elmid-radfar-az045,45,3,0.13876025181262602,0.15383510919759127,0.2902810400042455,0.8708431200127364,5,0.3333333333333333,5,0.3333333333333333,15,0,4,0.9020063920154756,0.0
per_class,tank,elmid-radfar,elmid-radfar-az225,225,4,0.123953154656109,0.13741937502143814,0.2968266383912559,0.8904799151737677,5,0.3333333333333333,5,0.3333333333333333,15,0,4,0.9020063920154756,0.0
per_class,tank,elmid-radfar,elmid-radfar-az090,90,5,0.09373344834288216,0.10391661209123004,0.15182737751952521,0.759136887597626,3,0.2,3,0.2,15,0,4,0.9020063920154756,0.0
per_class,tank,elmid-radfar,elmid-radfar-az315,315,6,0.05799937958389731,0.06430040861939061,0.05799937958389734,0.86999069375846,1,0.06666666666666667,1,0.06666666666666667,15,0,4,0.9020063920154756,0.0
per_class,tank,elmid-radfar,elmid-radfar-az000,0,7,0.05758918653747294,0.06384565236704541,0.11829706971229731,0.8872280228422298,2,0.13333333333333333,2,0.13333333333333333,15,0,4,0.9020063920154756,0.0
per_class,tank,elmid-radfar,elmid-radfar-az270,270,8,0.02169935757133298,0.024056766962423794,0.06008002537419041,0.9012003806128561,1,0.06666666666666667,1,0.06666666666666667,15,0,4,0.9020063920154756,0.0
per_class,tank,elhigh-radnear,elhigh-radnear-az225,225,1,0.24907365484061814,0.2691172018918564,0.30730138969650417,0.9219041690895124,5,0.3333333333333333,5,0.3333333333333333,15,0,2,0.9255211227289266,0.0
per_class,tank,elhigh-radnear,elhigh-radnear-az135,135,2,0.18489399789788682,0.19977285591572602,0.24312173275377258,0.9117064978266471,4,0.26666666666666666,4,0.26666666666666666,15,0,2,0.9255211227289266,0.0
per_class,tank,elhigh-radnear,elhigh-radnear-az000,0,3,0.15843358959690929,0.17118311587504684,0.1883137413685515,0.9415687068427575,3,0.2,3,0.2,15,0,2,0.9255211227289266,0.0
per_class,tank,elhigh-radnear,elhigh-radnear-az315,315,4,0.12172135343251406,0.13151655909658228,0.12172135343251397,0.9129101507438548,2,0.13333333333333333,2,0.13333333333333333,15,0,2,0.9255211227289266,0.0
per_class,tank,elhigh-radnear,elhigh-radnear-az045,45,5,0.062187813401251034,0.067192214066264,0.06218781340125095,0.9328172010187643,1,0.06666666666666667,1,0.06666666666666667,15,0,2,0.9255211227289266,0.0
per_class,tank,elhigh-radnear,elhigh-radnear-az180,180,6,0.061618293637955936,0.06657686369844544,0.0616182936379559,0.9242744045693385,1,0.06666666666666667,1,0.06666666666666667,15,0,2,0.9255211227289266,0.0
per_class,tank,elhigh-radnear,elhigh-radnear-az270,270,7,0.053967620742043865,0.05831052303044011,0.05396762074204394,0.8095143111306591,1,0.06666666666666667,1,0.06666666666666667,15,0,2,0.9255211227289266,0.0
per_class,tank,elhigh-radnear,elhigh-radnear-az090,90,8,0.03362479917974693,0.036330666425638355,0.06350495095138887,0.952574264270833,1,0.06666666666666667,1,0.06666666666666667,15,0,2,0.9255211227289266,0.0
per_class,tank,elhigh-radmid,elhigh-radmid-az225,225,1,0.39022907164576603,0.41714687950352786,0.5343293760149294,0.9159932160255931,7,0.5833333333333334,7,0.5833333333333334,12,0,2,0.9354716307843454,0.0
per_class,tank,elhigh-radmid,elhigh-radmid-az000,0,2,0.1542145999053528,0.16485224653584812,0.22794617289612015,0.9117846915844806,3,0.25,3,0.25,12,0,2,0.9354716307843454,0.0
per_class,tank,elhigh-radmid,elhigh-radmid-az135,135,3,0.11459028792446056,0.12249466916317113,0.15206502966335597,0.9123901779801358,2,0.16666666666666666,2,0.16666666666666666,12,0,2,0.9354716307843454,0.0
per_class,tank,elhigh-radmid,elhigh-radmid-az045,45,4,0.08071760464608453,0.08628546498882807,0.15232899138841205,0.9139739483304723,2,0.16666666666666666,2,0.16666666666666666,12,0,2,0.9354716307843454,0.0
per_class,tank,elhigh-radmid,elhigh-radmid-az315,315,5,0.0780376187568382,0.08342061500187625,0.14950680555687365,0.8970408333412419,2,0.16666666666666666,2,0.16666666666666666,12,0,2,0.9354716307843454,0.0
per_class,tank,elhigh-radmid,elhigh-radmid-az090,90,6,0.07777653790723539,0.08314152492473098,0.07777653790723527,0.9333184548868232,1,0.08333333333333333,1,0.08333333333333333,12,0,2,0.9354716307843454,0.0
per_class,tank,elhigh-radmid,elhigh-radmid-az180,180,7,0.03990590999860853,0.04265859988201829,0.0771824720772815,0.926189664927378,1,0.08333333333333333,1,0.08333333333333333,12,0,2,0.9354716307843454,0.0
per_class,tank,elhigh-radmid,elhigh-radmid-az270,270,8,0.0,0.0,0.0,nan,0,0.0,0,0.0,12,0,2,0.9354716307843454,0.0
per_class,tank,elhigh-radfar,elhigh-radfar-az045,45,1,0.20071152541138862,0.22180816087815067,0.2671202453031296,0.9082088340306406,5,0.29411764705882354,5,0.29411764705882354,17,0,3,0.9048879203396335,0.0
per_class,tank,elhigh-radfar,elhigh-radfar-az315,315,2,0.19848177113218984,0.21934403882603853,0.3142480036986874,0.8903693438129476,6,0.35294117647058826,6,0.35294117647058826,17,0,3,0.9048879203396335,0.0
per_class,tank,elhigh-radfar,elhigh-radfar-az000,0,3,0.12783024250825226,0.14126638187442425,0.21117685564003288,0.8975016364701398,4,0.23529411764705882,4,0.23529411764705882,17,0,3,0.9048879203396335,0.0
per_class,tank,elhigh-radfar,elhigh-radfar-az090,90,4,0.12561632173854548,0.13881975757991954,0.20039232043840496,0.8516673618632211,4,0.23529411764705882,4,0.23529411764705882,17,0,3,0.9048879203396335,0.0
per_class,tank,elhigh-radfar,elhigh-radfar-az270,270,5,0.10272684271917193,0.11352438286568711,0.10272684271917205,0.8731781631129625,2,0.11764705882352941,2,0.11764705882352941,17,0,3,0.9048879203396335,0.0
per_class,tank,elhigh-radfar,elhigh-radfar-az225,225,6,0.0711352415995144,0.07861221262939952,0.10537597192961456,0.8956957614017238,2,0.11764705882352941,2,0.11764705882352941,17,0,3,0.9048879203396335,0.0
per_class,tank,elhigh-radfar,elhigh-radfar-az135,135,7,0.04142001596305497,0.045773642273298006,0.04142001596305492,0.7041402713719336,1,0.058823529411764705,1,0.058823529411764705,17,0,3,0.9048879203396335,0.0
per_class,tank,elhigh-radfar,elhigh-radfar-az180,180,8,0.03696595926751565,0.040851423073081955,0.10378600416784277,0.8821810354266635,2,0.11764705882352941,2,0.11764705882352941,17,0,3,0.9048879203396335,0.0
per_class,tent,ellow-radnear,ellow-radnear-az225,225,1,0.26017707892215347,0.2700998585748465,0.3441805855885678,0.9751783258342753,6,0.35294117647058826,6,0.35294117647058826,17,0,4,0.9632625514687437,0.0
per_class,tent,ellow-radnear,ellow-radnear-az180,180,2,0.19890824856640088,0.20649432313455313,0.32978862152301275,0.9344010943152027,6,0.35294117647058826,6,0.35294117647058826,17,0,4,0.9632625514687437,0.0
per_class,tent,ellow-radnear,ellow-radnear-az135,135,3,0.17914328442976413,0.18597555168797303,0.3232374917690875,0.9158395600124146,6,0.35294117647058826,6,0.35294117647058826,17,0,4,0.9632625514687437,0.0
per_class,tent,ellow-radnear,ellow-radnear-az045,45,4,0.11955160716461269,0.12411113354539241,0.17116457990189313,0.9699326194440611,3,0.17647058823529413,3,0.17647058823529413,17,0,4,0.9632625514687437,0.0
per_class,tent,ellow-radnear,ellow-radnear-az270,270,5,0.09234434387770195,0.09586622436105197,0.22628050735913602,0.9616921562763281,4,0.23529411764705882,4,0.23529411764705882,17,0,4,0.9632625514687437,0.0
per_class,tent,ellow-radnear,ellow-radnear-az090,90,6,0.048769511365148226,0.05062951039754058,0.11396103591194372,0.9686688052515215,2,0.11764705882352941,2,0.11764705882352941,17,0,4,0.9632625514687437,0.0
per_class,tent,ellow-radnear,ellow-radnear-az315,315,7,0.044690991641293275,0.0463954417963724,0.11484805503708148,0.9762084678151925,2,0.11764705882352941,2,0.11764705882352941,17,0,4,0.9632625514687437,0.0
per_class,tent,ellow-radnear,ellow-radnear-az000,0,8,0.01967748550166884,0.020427956502269716,0.05731038307564392,0.9742765122859467,1,0.058823529411764705,1,0.058823529411764705,17,0,4,0.9632625514687437,0.0
per_class,tent,ellow-radmid,ellow-radmid-az090,90,1,0.2405059765166902,0.2541437651224999,0.31873058360515305,0.9561917508154592,4,0.3333333333333333,4,0.3333333333333333,12,0,2,0.946338291638844,0.0
per_class,tent,ellow-radmid,ellow-radmid-az180,180,2,0.17741173161673612,0.18747178803205683,0.21707015094317672,0.8682806037727069,3,0.25,3,0.25,12,0,2,0.946338291638844,0.0
per_class,tent,ellow-radmid,ellow-radmid-az315,315,3,0.16076084961880077,0.1698767248870373,0.16076084961880058,0.9645650977128035,2,0.16666666666666666,2,0.16666666666666666,12,0,2,0.946338291638844,0.0
per_class,tent,ellow-radmid,ellow-radmid-az000,0,4,0.12179486021929235,0.12870118571274464,0.16144214786620914,0.9686528871972548,2,0.16666666666666666,2,0.16666666666666666,12,0,2,0.946338291638844,0.0
per_class,tent,ellow-radmid,ellow-radmid-az045,45,5,0.0830553758896294,0.08776499548147446,0.15928203008234476,0.9556921804940686,2,0.16666666666666666,2,0.16666666666666666,12,0,2,0.946338291638844,0.0
per_class,tent,ellow-radmid,ellow-radmid-az135,135,6,0.08086556377188166,0.0854510110035184,0.08086556377188181,0.9703867652625817,1,0.08333333333333333,1,0.08333333333333333,12,0,2,0.946338291638844,0.0
per_class,tent,ellow-radmid,ellow-radmid-az225,225,7,0.04146469857720261,0.04381593658795644,0.08112311790364313,0.9734774148437175,1,0.08333333333333333,1,0.08333333333333333,12,0,2,0.946338291638844,0.0
per_class,tent,ellow-radmid,ellow-radmid-az270,270,8,0.04047923542861101,0.042774593172712184,0.07812857017978025,0.937542842157363,1,0.08333333333333333,1,0.08333333333333333,12,0,2,0.946338291638844,0.0
per_class,tent,ellow-radfar,ellow-radfar-az000,0,1,0.24010695457013487,0.25021319491140614,0.29761094407622046,0.9523550210439055,5,0.3125,5,0.3125,16,0,2,0.9596094828458203,0.0
per_class,tent,ellow-radfar,ellow-radfar-az225,225,2,0.17950034555809732,0.18705561873541585,0.17950034555809724,0.957335176309852,3,0.1875,3,0.1875,16,0,2,0.9596094828458203,0.0
per_class,tent,ellow-radfar,ellow-radfar-az135,135,3,0.17680281443750692,0.18424454697256645,0.2341502896725225,0.93660115869009,4,0.25,4,0.25,16,0,2,0.9596094828458203,0.0
per_class,tent,ellow-radfar,ellow-radfar-az180,180,4,0.0909821499465694,0.09481164116547965,0.11936059997546233,0.9548847998036987,2,0.125,2,0.125,16,0,2,0.9596094828458203,0.0
per_class,tent,ellow-radfar,ellow-radfar-az315,315,5,0.09075789755055838,0.09457794985665058,0.11910307210603577,0.9528245768482861,2,0.125,2,0.125,16,0,2,0.9596094828458203,0.0
per_class,tent,ellow-radfar,ellow-radfar-az270,270,6,0.08969509879527543,0.09347041728816124,0.1188539137458835,0.950831309967068,2,0.125,2,0.125,16,0,2,0.9596094828458203,0.0
per_class,tent,ellow-radfar,ellow-radfar-az090,90,7,0.059717903538234855,0.06223146457570979,0.059717903538234696,0.9554864566117551,1,0.0625,1,0.0625,16,0,2,0.9596094828458203,0.0
per_class,tent,ellow-radfar,ellow-radfar-az045,45,8,0.03204631844944303,0.03339516649461027,0.0610153436555656,0.9762454984890496,1,0.0625,1,0.0625,16,0,2,0.9596094828458203,0.0
per_class,tent,elmid-radnear,elmid-radnear-az225,225,1,0.23378553446960598,0.237348660315576,0.4137003670645851,0.9653008564840319,6,0.42857142857142855,6,0.42857142857142855,14,0,3,0.9849877987883625,0.0
per_class,tent,elmid-radnear,elmid-radnear-az135,135,2,0.19759061329457134,0.20060209226716144,0.27721284598031076,0.9702449609310877,4,0.2857142857142857,4,0.2857142857142857,14,0,3,0.9849877987883625,0.0
per_class,tent,elmid-radnear,elmid-radnear-az315,315,3,0.18704840319381125,0.18989920831902715,0.3465967647437798,0.9704709412825835,5,0.35714285714285715,5,0.35714285714285715,14,0,3,0.9849877987883625,0.0
per_class,tent,elmid-radnear,elmid-radnear-az000,0,4,0.09425637440059502,0.09569293601051726,0.20682197278812506,0.9651692063445836,3,0.21428571428571427,3,0.21428571428571427,14,0,3,0.9849877987883625,0.0
per_class,tent,elmid-radnear,elmid-radnear-az180,180,5,0.08314964205532713,0.08441692593310277,0.20688106243299817,0.9654449580206581,3,0.21428571428571427,3,0.21428571428571427,14,0,3,0.9849877987883625,0.0
per_class,tent,elmid-radnear,elmid-radnear-az045,45,6,0.08296264240505623,0.08422707622075006,0.20882339984243206,0.9745091992646829,3,0.21428571428571427,3,0.21428571428571427,14,0,3,0.9849877987883625,0.0
per_class,tent,elmid-radnear,elmid-radnear-az270,270,7,0.05888005216418732,0.059777443168956924,0.1384220173267483,0.9689541212872381,2,0.14285714285714285,2,0.14285714285714285,14,0,3,0.9849877987883625,0.0
per_class,tent,elmid-radnear,elmid-radnear-az090,90,8,0.04731453680520797,0.048035657764908125,0.13851833771934555,0.9696283640354189,2,0.14285714285714285,2,0.14285714285714285,14,0,3,0.9849877987883625,0.0
per_class,tent,elmid-radmid,elmid-radmid-az045,45,1,0.21326345612199377,0.21737756809635128,0.3702820826154664,0.9627334148002127,5,0.38461538461538464,5,0.38461538461538464,13,0,3,0.9810738890383852,0.0
per_class,tent,elmid-radmid,elmid-radmid-az270,270,2,0.2121218402003866,0.21621392901232048,0.2973201697626717,0.9662905517286831,4,0.3076923076923077,4,0.3076923076923077,13,0,3,0.9810738890383852,0.0
per_class,tent,elmid-radmid,elmid-radmid-az135,135,3,0.18831833772020526,0.19195122795979047,0.2965460422724798,0.9637746373855594,4,0.3076923076923077,4,0.3076923076923077,13,0,3,0.9810738890383852,0.0
per_class,tent,elmid-radmid,elmid-radmid-az000,0,4,0.15179994135751515,0.1547283472260221,0.22444193570025534,0.9725817213677731,3,0.23076923076923078,3,0.23076923076923078,13,0,3,0.9810738890383852,0.0
per_class,tent,elmid-radmid,elmid-radmid-az315,315,5,0.10182040424863018,0.10378464393587217,0.22317404571561966,0.9670875314343519,3,0.23076923076923078,3,0.23076923076923078,13,0,3,0.9810738890383852,0.0
per_class,tent,elmid-radmid,elmid-radmid-az090,90,6,0.07559046985797131,0.07704870214420087,0.14806668551991847,0.96243345587947,2,0.15384615384615385,2,0.15384615384615385,13,0,3,0.9810738890383852,0.0
per_class,tent,elmid-radmid,elmid-radmid-az180,180,7,0.038159439531683034,0.03889558162544271,0.0743411371956466,0.9664347835434057,1,0.07692307692307693,1,0.07692307692307693,13,0,3,0.9810738890383852,0.0
per_class,tent,elmid-radmid,elmid-radmid-az225,225,8,0.0,0.0,0.0,nan,0,0.0,0,0.0,13,0,3,0.9810738890383852,0.0
per_class,tent,elmid-radfar,elmid-radfar-az045,45,1,0.1982448902702754,0.20305788570379477,0.3427141854887985,0.9595997193686359,5,0.35714285714285715,5,0.35714285714285715,14,0,3,0.9762974217089003,0.0
per_class,tent,elmid-radfar,elmid-radfar-az180,180,2,0.19577915719905908,0.2005322894906036,0.33787896274348916,0.9460610956817697,5,0.35714285714285715,5,0.35714285714285715,14,0,3,0.9762974217089003,0.0
per_class,tent,elmid-radfar,elmid-radfar-az000,0,3,0.16314919391902127,0.16711013497653893,0.2734175362753558,0.9569613769637453,4,0.2857142857142857,4,0.2857142857142857,14,0,3,0.9762974217089003,0.0
per_class,tent,elmid-radfar,elmid-radfar-az090,90,4,0.13741250625645907,0.1407486112335867,0.13741250625645915,0.9618875437952141,2,0.14285714285714285,2,0.14285714285714285,14,0,3,0.9762974217089003,0.0
per_class,tent,elmid-radfar,elmid-radfar-az225,225,5,0.12943595032265598,0.13257840023390896,0.2739090343636167,0.9586816202726585,4,0.2857142857142857,4,0.2857142857142857,14,0,3,0.9762974217089003,0.0
per_class,tent,elmid-radfar,elmid-radfar-az315,315,6,0.058507405171656604,0.05992784972149766,0.13567928475807506,0.9497549933065255,2,0.14285714285714285,2,0.14285714285714285,14,0,3,0.9762974217089003,0.0
per_class,tent,elmid-radfar,elmid-radfar-az135,135,7,0.04716087938319347,0.04830585263724612,0.13696025956689972,0.9587218169682981,2,0.14285714285714285,2,0.14285714285714285,14,0,3,0.9762974217089003,0.0
per_class,tent,elmid-radfar,elmid-radfar-az270,270,8,0.04660743918657967,0.04773897600282352,0.13585797408135164,0.9510058185694614,2,0.14285714285714285,2,0.14285714285714285,14,0,3,0.9762974217089003,0.0
per_class,tent,elhigh-radnear,elhigh-radnear-az225,225,1,0.3198188548048798,0.3297466478600553,0.3198188548048802,0.9594565644146407,3,0.3333333333333333,3,0.3333333333333333,9,0,3,0.9698926642026431,0.0
per_class,tent,elhigh-radnear,elhigh-radnear-az180,180,2,0.2859995604464418,0.2948775374866501,0.4264036359972303,0.9594081809937682,4,0.4444444444444444,4,0.4444444444444444,9,0,3,0.9698926642026431,0.0
per_class,tent,elhigh-radnear,elhigh-radnear-az000,0,3,0.12889505977523222,0.1328962106143961,0.3214461074551866,0.9643383223655597,3,0.3333333333333333,3,0.3333333333333333,9,0,3,0.9698926642026431,0.0
per_class,tent,elhigh-radnear,elhigh-radnear-az135,135,4,0.10701520227512414,0.11033716020844661,0.107015202275124,0.9631368204761159,1,0.1111111111111111,1,0.1111111111111111,9,0,3,0.9698926642026431,0.0
per_class,tent,elhigh-radnear,elhigh-radnear-az270,270,5,0.07330893532656613,0.07558458583335509,0.21423965236677253,0.9640784356504764,2,0.2222222222222222,2,0.2222222222222222,9,0,3,0.9698926642026431,0.0
per_class,tent,elhigh-radnear,elhigh-radnear-az045,45,6,0.054855051574398614,0.05655785799709642,0.10639443280512495,0.9575498952461245,1,0.1111111111111111,1,0.1111111111111111,9,0,3,0.9698926642026431,0.0
per_class,tent,elhigh-radnear,elhigh-radnear-az090,90,7,0.0,0.0,0.0,nan,0,0.0,0,0.0,9,0,3,0.9698926642026431,0.0
per_class,tent,elhigh-radnear,elhigh-radnear-az315,315,8,0.0,0.0,0.0,nan,0,0.0,0,0.0,9,0,3,0.9698926642026431,0.0
per_class,tent,elhigh-radmid,elhigh-radmid-az000,0,1,0.24820171013337405,0.25587790789576076,0.36223927802846134,0.9659714080758969,6,0.375,6,0.375,16,0,4,0.9700005450821733,0.0
per_class,tent,elhigh-radmid,elhigh-radmid-az135,135,2,0.16753253252834854,0.17271385400526357,0.2416425106182254,0.9665700424729016,4,0.25,4,0.25,16,0,4,0.9700005450821733,0.0
per_class,tent,elhigh-radmid,elhigh-radmid-az225,225,3,0.15142735989940992,0.15611059258382354,0.2383618165077772,0.9534472660311089,4,0.25,4,0.25,16,0,4,0.9700005450821733,0.0
per_class,tent,elhigh-radmid,elhigh-radmid-az090,90,4,0.1503086798483611,0.1549573148287538,0.23766207309430065,0.9506482923772026,4,0.25,4,0.25,16,0,4,0.9700005450821733,0.0
per_class,tent,elhigh-radmid,elhigh-radmid-az270,270,5,0.0957170682833017,0.09867733453200592,0.1796790192256692,0.9582881025369024,3,0.1875,3,0.1875,16,0,4,0.9700005450821733,0.0
per_class,tent,elhigh-radmid,elhigh-radmid-az045,45,6,0.06673889538041371,0.06880294626510745,0.18000706090398522,0.9600376581545879,3,0.1875,3,0.1875,16,0,4,0.9700005450821733,0.0
per_class,tent,elhigh-radmid,elhigh-radmid-az180,180,7,0.05930169057477119,0.06113572912451041,0.05930169057477119,0.9488270491963391,1,0.0625,1,0.0625,16,0,4,0.9700005450821733,0.0
per_class,tent,elhigh-radmid,elhigh-radmid-az315,315,8,0.030772608434193147,0.03172432076477468,0.0600958430551124,0.9615334888817983,1,0.0625,1,0.0625,16,0,4,0.9700005450821733,0.0
per_class,tent,elhigh-radfar,elhigh-radfar-az270,270,1,0.19844851520121015,0.2050246875262935,0.27982099394982224,0.9513913794293956,5,0.29411764705882354,5,0.29411764705882354,17,0,2,0.9679249733072268,0.0
per_class,tent,elhigh-radfar,elhigh-radfar-az180,180,2,0.17215125319820784,0.17785598878598796,0.22659513143381543,0.9630293085937156,4,0.23529411764705882,4,0.23529411764705882,17,0,2,0.9679249733072268,0.0
per_class,tent,elhigh-radfar,elhigh-radfar-az045,45,3,0.14232577626571785,0.14704215738893076,0.16985815354232786,0.9625295367398579,3,0.17647058823529413,3,0.17647058823529413,17,0,2,0.9679249733072268,0.0
per_class,tent,elhigh-radfar,elhigh-radfar-az315,315,4,0.14186352723275145,0.1465645903814519,0.16922113825603885,0.9589197834508868,3,0.17647058823529413,3,0.17647058823529413,17,0,2,0.9679249733072268,0.0
per_class,tent,elhigh-radfar,elhigh-radfar-az135,135,5,0.11405172417784867,0.11783116183907756,0.16844291033115344,0.9545098252098695,3,0.17647058823529413,3,0.17647058823529413,17,0,2,0.9679249733072268,0.0
per_class,tent,elhigh-radfar,elhigh-radfar-az225,225,6,0.11243189762299065,0.11615765759078509,0.11243189762299052,0.9556711297954195,2,0.11764705882352941,2,0.11764705882352941,17,0,2,0.9679249733072268,0.0
per_class,tent,elhigh-radfar,elhigh-radfar-az000,0,7,0.05780534238656684,0.05972089157804897,0.11248065290907719,0.9560855497271561,2,0.11764705882352941,2,0.11764705882352941,17,0,2,0.9679249733072268,0.0
per_class,tent,elhigh-radfar,elhigh-radfar-az090,90,8,0.02884693722193366,0.029802864909424565,0.05609484508484641,0.953612366442389,1,0.058823529411764705,1,0.058823529411764705,17,0,2,0.9679249733072268,0.0
per_class,tower,ellow-radnear,ellow-radnear-az225,225,1,0.3386585216032234,0.3448190986056266,0.48278921793546425,0.9655784358709285,4,0.5,4,0.5,8,0,4,0.9821338869357433,0.0
per_class,tower,ellow-radnear,ellow-radnear-az000,0,2,0.15828748749422397,0.16116691379836284,0.48124968687766856,0.9624993737553371,4,0.5,4,0.5,8,0,4,0.9821338869357433,0.0
per_class,tower,ellow-radnear,ellow-radnear-az090,90,3,0.10342690641450668,0.10530835743505249,0.3216886905008307,0.8578365080022152,3,0.375,3,0.375,8,0,4,0.9821338869357433,0.0
per_class,tower,ellow-radnear,ellow-radnear-az180,180,4,0.10279306287991692,0.10466298357816689,0.24195754707697414,0.9678301883078966,2,0.25,2,0.25,8,0,4,0.9821338869357433,0.0
per_class,tower,ellow-radnear,ellow-radnear-az045,45,5,0.08235735026064595,0.08385552250681502,0.24137165826083606,0.9654866330433443,2,0.25,2,0.25,8,0,4,0.9821338869357433,0.0
per_class,tower,ellow-radnear,ellow-radnear-az135,135,6,0.0817184558435379,0.08320500588621313,0.2405898663111623,0.9623594652446492,2,0.25,2,0.25,8,0,4,0.9821338869357433,0.0
per_class,tower,ellow-radnear,ellow-radnear-az315,315,7,0.07390640373785126,0.07525084382175139,0.23635707489823332,0.9454282995929333,2,0.25,2,0.25,8,0,4,0.9821338869357433,0.0
per_class,tower,ellow-radnear,ellow-radnear-az270,270,8,0.04098569870183758,0.041731274368012,0.12021248742076551,0.9616998993661241,1,0.125,1,0.125,8,0,4,0.9821338869357433,0.0
per_class,tower,ellow-radmid,ellow-radmid-az045,45,1,0.22681335601532981,0.22957792830849674,0.36541333133339293,0.9744355502223812,3,0.375,3,0.375,8,0,3,0.9879580222997221,0.0
per_class,tower,ellow-radmid,ellow-radmid-az000,0,2,0.2254804787332667,0.22822880491258515,0.4798782164311026,0.9597564328622052,4,0.5,4,0.5,8,0,3,0.9879580222997221,0.0
per_class,tower,ellow-radmid,ellow-radmid-az135,135,3,0.16436926808136515,0.16637272472240686,0.3587190858292604,0.9565842288780276,3,0.375,3,0.375,8,0,3,0.9879580222997221,0.0
per_class,tower,ellow-radmid,ellow-radmid-az315,315,4,0.12442389236293129,0.12594046462956313,0.24186199921418794,0.9674479968567518,2,0.25,2,0.25,8,0,3,0.9879580222997221,0.0
per_class,tower,ellow-radmid,ellow-radmid-az180,180,5,0.10235220541793515,0.10359975131300064,0.2401505812749889,0.9606023250999556,2,0.25,2,0.25,8,0,3,0.9879580222997221,0.0
per_class,tower,ellow-radmid,ellow-radmid-az225,225,6,0.06186327845260531,0.06261731476060378,0.12093838886835684,0.9675071109468547,1,0.125,1,0.125,8,0,3,0.9879580222997221,0.0
per_class,tower,ellow-radmid,ellow-radmid-az270,270,7,0.04158957862900628,0.04209650378889178,0.12081528083349191,0.9665222466679353,1,0.125,1,0.125,8,0,3,0.9879580222997221,0.0
per_class,tower,ellow-radmid,ellow-radmid-az090,90,8,0.04106596460728195,0.04156650756445151,0.12005596737156399,0.9604477389725119,1,0.125,1,0.125,8,0,3,0.9879580222997221,0.0
per_class,tower,ellow-radfar,ellow-radfar-az180,180,1,0.2942509410203061,0.30462997662617625,0.5545820952592223,0.950712163301524,7,0.5833333333333334,7,0.5833333333333334,12,0,4,0.9659290404679816,0.0
per_class,tower,ellow-radfar,ellow-radfar-az090,90,2,0.21877742950920717,0.22649430790817926,0.38850346837401845,0.9324083240976442,5,0.4166666666666667,5,0.4166666666666667,12,0,4,0.9659290404679816,0.0
per_class,tower,ellow-radfar,ellow-radfar-az270,270,3,0.11842398274078249,0.12260112055789049,0.156475087759994,0.938850526559964,2,0.16666666666666666,2,0.16666666666666666,12,0,4,0.9659290404679816,0.0
per_class,tower,ellow-radfar,ellow-radfar-az000,0,4,0.10417733479620443,0.10785195436895831,0.15493010971985863,0.9295806583191517,2,0.16666666666666666,2,0.16666666666666666,12,0,4,0.9659290404679816,0.0
per_class,tower,ellow-radfar,ellow-radfar-az225,225,5,0.07841615664800712,0.08118210899841606,0.0801460405337151,0.9617524864045812,1,0.08333333333333333,1,0.08333333333333333,12,0,4,0.9659290404679816,0.0
per_class,tower,ellow-radfar,ellow-radfar-az315,315,6,0.07038251662791682,0.07286510051899599,0.16064252222172906,0.6425700888869162,3,0.25,3,0.25,12,0,4,0.9659290404679816,0.0
per_class,tower,ellow-radfar,ellow-radfar-az045,45,7,0.06073397817038758,0.06287623171673425,0.15735624932512357,0.9441374959507414,2,0.16666666666666666,2,0.16666666666666666,12,0,4,0.9659290404679816,0.0
per_class,tower,ellow-radfar,ellow-radfar-az135,135,8,0.02076670095517004,0.021499199304649552,0.07957235572213506,0.9548682686656207,1,0.08333333333333333,1,0.08333333333333333,12,0,4,0.9659290404679816,0.0
per_class,tower,elmid-radnear,elmid-radnear-az270,270,1,0.3628997295890658,0.3728231955543785,0.4818165225384359,0.9636330450768718,6,0.5,6,0.5,12,0,3,0.9733829169331679,0.0
per_class,tower,elmid-radnear,elmid-radnear-az315,315,2,0.16542196616166568,0.16994541745488995,0.3224831136251938,0.9674493408755813,4,0.3333333333333333,4,0.3333333333333333,12,0,3,0.9733829169331679,0.0
per_class,tower,elmid-radnear,elmid-radnear-az135,135,3,0.14845609701676873,0.15251561788705778,0.23985015997702686,0.9594006399081074,3,0.25,3,0.25,12,0,3,0.9733829169331679,0.0
per_class,tower,elmid-radnear,elmid-radnear-az180,180,4,0.10710525704273281,0.11003404228645058,0.16010106144439953,0.9606063686663973,2,0.16666666666666666,2,0.16666666666666666,12,0,3,0.9733829169331679,0.0
per_class,tower,elmid-radnear,elmid-radnear-az225,225,5,0.08059675504108353,0.08280066728006617,0.08059675504108348,0.9671610604930017,1,0.08333333333333333,1,0.08333333333333333,12,0,3,0.9733829169331679,0.0
per_class,tower,elmid-radnear,elmid-radnear-az045,45,6,0.041151961686044194,0.04227725900070391,0.08064217684594747,0.9677061221513696,1,0.08333333333333333,1,0.08333333333333333,12,0,3,0.9733829169331679,0.0
per_class,tower,elmid-radnear,elmid-radnear-az000,0,7,0.040636328835493105,0.0417475262084173,0.07976545196409172,0.9571854235691006,1,0.08333333333333333,1,0.08333333333333333,12,0,3,0.9733829169331679,0.0
per_class,tower,elmid-radnear,elmid-radnear-az090,90,8,0.02711482156031404,0.02785627432803583,0.07967428404426968,0.9560914085312362,1,0.08333333333333333,1,0.08333333333333333,12,0,3,0.9733829169331679,0.0
per_class,tower,elmid-radmid,elmid-radmid-az270,270,1,0.22276100946258603,0.23093067567573375,0.34868227620470515,0.9588762595629392,4,0.36363636363636365,4,0.36363636363636365,11,0,2,0.9646228627303749,0.0
per_class,tower,elmid-radmid,elmid-radmid-az090,90,2,0.21687879933503135,0.2248327379688614,0.25820291469830275,0.9467440205604435,3,0.2727272727272727,3,0.2727272727272727,11,0,2,0.9646228627303749,0.0
per_class,tower,elmid-radmid,elmid-radmid-az000,0,3,0.17540486932757332,0.1818377690438396,0.17540486932757335,0.9647267813016533,2,0.18181818181818182,2,0.18181818181818182,11,0,2,0.9646228627303749,0.0
per_class,tower,elmid-radmid,elmid-radmid-az225,225,4,0.13320982800671916,0.13809524235167656,0.1761881046739837,0.9690345757069103,2,0.18181818181818182,2,0.18181818181818182,11,0,2,0.9646228627303749,0.0
per_class,tower,elmid-radmid,elmid-radmid-az315,315,5,0.08915392705608531,0.092423609786455,0.17375107843493287,0.9556309313921307,2,0.18181818181818182,2,0.18181818181818182,11,0,2,0.9646228627303749,0.0
per_class,tower,elmid-radmid,elmid-radmid-az180,180,6,0.08256086591510226,0.08558875090458967,0.08256086591510226,0.9081695250661248,1,0.09090909090909091,1,0.09090909090909091,11,0,2,0.9646228627303749,0.0
per_class,tower,elmid-radmid,elmid-radmid-az045,45,7,0.04465356362727757,0.0462912142688441,0.08763184029454217,0.9639502432399638,1,0.09090909090909091,1,0.09090909090909091,11,0,2,0.9646228627303749,0.0
per_class,tower,elmid-radmid,elmid-radmid-az135,135,8,0.0,0.0,0.0,nan,0,0.0,0,0.0,11,0,2,0.9646228627303749,0.0
per_class,tower,elmid-radfar,elmid-radfar-az225,225,1,0.2718175756202301,0.28136551418197003,0.3781974078521884,0.945493519630471,4,0.4,4,0.4,10,0,3,0.9660657113950188,0.0
per_class,tower,elmid-radfar,elmid-radfar-az000,0,2,0.23930999591229707,0.2477160643314092,0.2840357480228164,0.9467858267427213,3,0.3,3,0.3,10,0,3,0.9660657113950188,0.0
per_class,tower,elmid-radfar,elmid-radfar-az090,90,3,0.19520648672682026,0.20206336321049845,0.2847373020623838,0.949124340207946,3,0.3,3,0.3,10,0,3,0.9660657113950188,0.0
per_class,tower,elmid-radfar,elmid-radfar-az045,45,4,0.09458290383814842,0.09790524880711143,0.09458290383814827,0.9458290383814827,1,0.1,1,0.1,10,0,3,0.9660657113950188,0.0
per_class,tower,elmid-radfar,elmid-radfar-az315,315,5,0.08484554193509673,0.08782584966459271,0.1910923733923589,0.9554618669617945,2,0.2,2,0.2,10,0,3,0.9660657113950188,0.0
per_class,tower,elmid-radfar,elmid-radfar-az180,180,6,0.04783347901179753,0.04951369088829889,0.09202217794004923,0.9202217794004923,1,0.1,1,0.1,10,0,3,0.9660657113950188,0.0
per_class,tower,elmid-radfar,elmid-radfar-az270,270,7,0.03246972835062922,0.03361026891611986,0.09390119671435926,0.9390119671435926,1,0.1,1,0.1,10,0,3,0.9660657113950188,0.0
per_class,tower,elmid-radfar,elmid-radfar-az135,135,8,0.0,0.0,0.0,nan,0,0.0,0,0.0,10,0,3,0.9660657113950188,0.0
per_class,tower,elhigh-radnear,elhigh-radnear-az000,0,1,0.24212328027782792,0.2494597114192692,0.3199886234687668,0.9599658704063003,4,0.3333333333333333,4,0.3333333333333333,12,0,4,0.9705907174360878,0.0
per_class,tower,elhigh-radnear,elhigh-radnear-az180,180,2,0.18066120762414972,0.18613531365865968,0.23914433690144676,0.956577347605787,3,0.25,3,0.25,12,0,4,0.9705907174360878,0.0
per_class,tower,elhigh-radnear,elhigh-radnear-az270,270,3,0.16932264715014034,0.17445319031838982,0.3195919237703162,0.9587757713109486,4,0.3333333333333333,4,0.3333333333333333,12,0,4,0.9705907174360878,0.0
per_class,tower,elhigh-radnear,elhigh-radnear-az225,225,4,0.16113705520641042,0.16601957170172615,0.1611370552064102,0.9668223312384612,2,0.16666666666666666,2,0.16666666666666666,12,0,4,0.9705907174360878,0.0
per_class,tower,elhigh-radnear,elhigh-radnear-az315,315,5,0.1476597007981152,0.15213384812516342,0.23904474463685688,0.9561789785474275,3,0.25,3,0.25,12,0,4,0.9705907174360878,0.0
per_class,tower,elhigh-radnear,elhigh-radnear-az090,90,6,0.04825295826800731,0.04971504198543369,0.16054693972101752,0.9632816383261051,2,0.16666666666666666,2,0.16666666666666666,12,0,4,0.9705907174360878,0.0
per_class,tower,elhigh-radnear,elhigh-radnear-az045,45,7,0.021433868111437725,0.02208332279135888,0.0804882428129569,0.9658589137554827,1,0.08333333333333333,1,0.08333333333333333,12,0,4,0.9705907174360878,0.0
per_class,tower,elhigh-radnear,elhigh-radnear-az135,135,8,0.0,0.0,0.0,nan,0,0.0,0,0.0,12,0,4,0.9705907174360878,0.0
per_class,tower,elhigh-radmid,elhigh-radmid-az090,90,1,0.2537262925642581,0.26012443498579774,0.4253818821919195,0.9571092349318189,4,0.4444444444444444,4,0.4444444444444444,9,0,3,0.9754035316909425,0.0
per_class,tower,elhigh-radmid,elhigh-radmid-az270,270,2,0.14373834446759856,0.1473629526626957,0.2139242425789839,0.9626590916054276,2,0.2222222222222222,2,0.2222222222222222,9,0,3,0.9754035316909425,0.0
per_class,tower,elhigh-radmid,elhigh-radmid-az045,45,3,0.12863324538223192,0.13187695266925636,0.3194767529932609,0.9584302589797827,3,0.3333333333333333,3,0.3333333333333333,9,0,3,0.9754035316909425,0.0
per_class,tower,elhigh-radmid,elhigh-radmid-az135,135,4,0.10865689260251635,0.11139686198813599,0.21071667075834652,0.9482250184125594,2,0.2222222222222222,2,0.2222222222222222,9,0,3,0.9754035316909425,0.0
per_class,tower,elhigh-radmid,elhigh-radmid-az000,0,5,0.1071194891553848,0.10982069028362479,0.1071194891553849,0.9640754023984641,1,0.1111111111111111,1,0.1111111111111111,9,0,3,0.9754035316909425,0.0
per_class,tower,elhigh-radmid,elhigh-radmid-az315,315,6,0.1049284565876415,0.10757440708230712,0.10492845658764141,0.9443561092887727,1,0.1111111111111111,1,0.1111111111111111,9,0,3,0.9754035316909425,0.0
per_class,tower,elhigh-radmid,elhigh-radmid-az225,225,7,0.09214333713920381,0.09446688898026208,0.21312678700179355,0.9590705415080709,2,0.2222222222222222,2,0.2222222222222222,9,0,3,0.9754035316909425,0.0
per_class,tower,elhigh-radmid,elhigh-radmid-az180,180,8,0.03645747379210735,0.037376811347920084,0.1051242116721301,0.9461179050491708,1,0.1111111111111111,1,0.1111111111111111,9,0,3,0.9754035316909425,0.0
per_class,tower,elhigh-radfar,elhigh-radfar-az045,45,1,0.24406219480388913,0.25322692541581016,0.34791756227457493,0.956773296255081,4,0.36363636363636365,4,0.36363636363636365,11,0,4,0.9638082301205841,0.0
per_class,tower,elhigh-radfar,elhigh-radfar-az315,315,2,0.17406174789608286,0.1805979057413793,0.1740617478960832,0.9573396134284575,2,0.18181818181818182,2,0.18181818181818182,11,0,4,0.9638082301205841,0.0
per_class,tower,elhigh-radfar,elhigh-radfar-az135,135,3,0.1518071519125081,0.1575076318797518,0.25656785071515353,0.940748785955563,3,0.2727272727272727,3,0.2727272727272727,11,0,4,0.9638082301205841,0.0
per_class,tower,elhigh-radfar,elhigh-radfar-az090,90,4,0.13179675608851266,0.1367458296885712,0.25890158067540464,0.949305795809817,3,0.2727272727272727,3,0.2727272727272727,11,0,4,0.9638082301205841,0.0
per_class,tower,elhigh-radfar,elhigh-radfar-az000,0,5,0.12837090086182018,0.13319133085817228,0.2557113825694618,0.9376084027546933,3,0.2727272727272727,3,0.2727272727272727,11,0,4,0.9638082301205841,0.0
per_class,tower,elhigh-radfar,elhigh-radfar-az225,225,6,0.04577530325354169,0.047494202501066674,0.17414997394176818,0.957824856679725,2,0.18181818181818182,2,0.18181818181818182,11,0,4,0.9638082301205841,0.0
per_class,tower,elhigh-radfar,elhigh-radfar-az180,180,7,0.04451992466810485,0.04619168344571499,0.17095761716953525,0.9402668944324439,2,0.18181818181818182,2,0.18181818181818182,11,0,4,0.9638082301205841,0.0
per_class,tower,elhigh-radfar,elhigh-radfar-az270,270,8,0.04341425063612458,0.045044490469533474,0.16815829490072917,0.9248706219540104,2,0.18181818181818182,2,0.18181818181818182,11,0,4,0.9638082301205841,0.0
per_class,tree,ellow-radnear,ellow-radnear-az180,180,1,0.1373087664490656,0.148639784097023,0.19096714859151245,0.7638685943660498,5,0.25,4,0.2,20,0,3,0.9237686080022748,0.0
per_class,tree,ellow-radnear,ellow-radnear-az045,45,2,0.13692642574509334,0.1482258918076984,0.19119703272407823,0.9559851636203911,4,0.2,4,0.2,20,0,3,0.9237686080022748,0.0
per_class,tree,ellow-radnear,ellow-radnear-az270,270,3,0.13128188617028597,0.1421155525669938,0.2408850125932709,0.9635400503730835,5,0.25,5,0.25,20,0,3,0.9237686080022748,0.0
per_class,tree,ellow-radnear,ellow-radnear-az090,90,4,0.12936543748482005,0.14004095437339378,0.2379306103110494,0.9517224412441976,5,0.25,5,0.25,20,0,3,0.9237686080022748,0.0
per_class,tree,ellow-radnear,ellow-radnear-az000,0,5,0.12925943596114303,0.13992620537374303,0.19240921477038916,0.9620460738519458,4,0.2,4,0.2,20,0,3,0.9237686080022748,0.0
per_class,tree,ellow-radnear,ellow-radnear-az315,315,6,0.09789793718983292,0.10597668760529243,0.144995805124522,0.9666387008301468,3,0.15,3,0.15,20,0,3,0.9237686080022748,0.0
per_class,tree,ellow-radnear,ellow-radnear-az225,225,7,0.08737096860087701,0.09458101070334472,0.14206074991429016,0.9470716660952677,3,0.15,3,0.15,20,0,3,0.9237686080022748,0.0
per_class,tree,ellow-radnear,ellow-radnear-az135,135,8,0.07435775040115696,0.0804939134725109,0.09642426764252435,0.9642426764252434,2,0.1,2,0.1,20,0,3,0.9237686080022748,0.0
per_class,tree,ellow-radmid,ellow-radmid-az315,315,1,0.2175906751099077,0.2257936890593427,0.2788467526308284,0.9411077901290459,8,0.2962962962962963,8,0.2962962962962963,27,0,3,0.9636703134458329,0.0
per_class,tree,ellow-radmid,ellow-radmid-az225,225,2,0.16644349308851242,0.1727182945932557,0.27978020650763624,0.9442581969632724,8,0.2962962962962963,8,0.2962962962962963,27,0,3,0.9636703134458329,0.0
per_class,tree,ellow-radmid,ellow-radmid-az045,45,3,0.1440798255082017,0.1495115326246898,0.24562960481880858,0.9474284757296901,7,0.25925925925925924,7,0.25925925925925924,27,0,3,0.9636703134458329,0.0
per_class,tree,ellow-radmid,ellow-radmid-az090,90,4,0.14121419869571683,0.14653787371613827,0.24148636498119097,0.9314474077845938,7,0.25925925925925924,7,0.25925925925925924,27,0,3,0.9636703134458329,0.0
per_class,tree,ellow-radmid,ellow-radmid-az000,0,5,0.08529676159323918,0.08851238893957444,0.17535291862025282,0.9469057605493653,5,0.18518518518518517,5,0.18518518518518517,27,0,3,0.9636703134458329,0.0
per_class,tree,ellow-radmid,ellow-radmid-az135,135,6,0.07417192538734649,0.07696815430800923,0.1765152058043778,0.9531821113436401,5,0.18518518518518517,5,0.18518518518518517,27,0,3,0.9636703134458329,0.0
per_class,tree,ellow-radmid,ellow-radmid-az180,180,7,0.06999405648776824,0.07263278271745013,0.13825349403904627,0.9332110847635624,4,0.14814814814814814,4,0.14814814814814814,27,0,3,0.9636703134458329,0.0
per_class,tree,ellow-radmid,ellow-radmid-az270,270,8,0.06487937757514056,0.06732528404153998,0.10450437581529755,0.9405393823376779,3,0.1111111111111111,3,0.1111111111111111,27,0,3,0.9636703134458329,0.0
per_class,tree,ellow-radfar,ellow-radfar-az315,315,1,0.22204337719365996,0.23597869343639352,0.31543364243867494,0.9463009273160249,7,0.3333333333333333,7,0.3333333333333333,21,0,3,0.940946718367649,0.0
per_class,tree,ellow-radfar,ellow-radfar-az270,270,2,0.17543827179074845,0.1864486780878498,0.21839187686656306,0.9172458828395648,5,0.23809523809523808,5,0.23809523809523808,21,0,3,0.940946718367649,0.0
per_class,tree,ellow-radfar,ellow-radfar-az090,90,3,0.16714697288854521,0.1776370219756026,0.2173776484340151,0.9129861234228634,5,0.23809523809523808,5,0.23809523809523808,21,0,3,0.940946718367649,0.0
per_class,tree,ellow-radfar,ellow-radfar-az000,0,4,0.15524741612185006,0.1649906557846046,0.22437957949497594,0.942394233878899,5,0.23809523809523808,5,0.23809523809523808,21,0,3,0.940946718367649,0.0
per_class,tree,ellow-radfar,ellow-radfar-az045,45,5,0.08906061934886912,0.09465001323706317,0.08906061934886908,0.9351365031631254,2,0.09523809523809523,2,0.09523809523809523,21,0,3,0.940946718367649,0.0
per_class,tree,ellow-radfar,ellow-radfar-az225,225,6,0.06197281992198588,0.06586219890271376,0.08106342764014077,0.8511659902214781,2,0.09523809523809523,2,0.09523809523809523,21,0,3,0.940946718367649,0.0
per_class,tree,ellow-radfar,ellow-radfar-az180,180,7,0.046715180769856826,0.04964699898300103,0.046715180769856784,0.9810187961669925,1,0.047619047619047616,1,0.047619047619047616,21,0,3,0.940946718367649,0.0
per_class,tree,ellow-radfar,ellow-radfar-az135,135,8,0.023322060332134065,0.024785739592772152,0.0450161537635484,0.9453392290345164,1,0.047619047619047616,1,0.047619047619047616,21,0,3,0.940946718367649,0.0
per_class,tree,elmid-radnear,elmid-radnear-az270,270,1,0.25816907016363805,0.26383286821787283,0.39735124295470836,0.9536429830913,10,0.4166666666666667,10,0.4166666666666667,24,0,3,0.978532629037116,0.0
per_class,tree,elmid-radnear,elmid-radnear-az135,135,2,0.20637806110970663,0.2109056509569684,0.43322469054747703,0.9452175066490408,11,0.4583333333333333,11,0.4583333333333333,24,0,3,0.978532629037116,0.0
per_class,tree,elmid-radnear,elmid-radnear-az045,45,3,0.13914751031345074,0.14220017420407638,0.30928124525079587,0.9278437357523877,8,0.3333333333333333,8,0.3333333333333333,24,0,3,0.978532629037116,0.0
per_class,tree,elmid-radnear,elmid-radnear-az090,90,4,0.13580115239324803,0.13878040278215092,0.23582765789705448,0.9433106315882179,6,0.25,6,0.25,24,0,3,0.978532629037116,0.0
per_class,tree,elmid-radnear,elmid-radnear-az000,0,5,0.08156692952472304,0.08335637167764713,0.15840690288535578,0.9504414173121347,4,0.16666666666666666,4,0.16666666666666666,24,0,3,0.978532629037116,0.0
per_class,tree,elmid-radnear,elmid-radnear-az180,180,6,0.08009764498630154,0.08185485349131205,0.11859517964531996,0.9487614371625597,3,0.125,3,0.125,24,0,3,0.978532629037116,0.0
per_class,tree,elmid-radnear,elmid-radnear-az315,315,7,0.048912045351910155,0.04998509390539179,0.12024254677784896,0.9619403742227917,3,0.125,3,0.125,24,0,3,0.978532629037116,0.0
per_class,tree,elmid-radnear,elmid-radnear-az225,225,8,0.02846021519413815,0.02908458476458085,0.08037269003769598,0.9644722804523518,2,0.08333333333333333,2,0.08333333333333333,24,0,3,0.978532629037116,0.0
per_class,tree,elmid-radmid,elmid-radmid-az270,270,1,0.2778195186345055,0.28920460845860413,0.37506301092226624,0.9376575273056655,8,0.4,8,0.4,20,0,4,0.9606330968072099,0.0
per_class,tree,elmid-radmid,elmid-radmid-az000,0,2,0.1734145747993035,0.180521132756793,0.3736337917526534,0.9340844793816334,8,0.4,8,0.4,20,0,4,0.9606330968072099,0.0
per_class,tree,elmid-radmid,elmid-radmid-az045,45,3,0.1248093552719173,0.1299240632940272,0.23521140366251353,0.9408456146500541,5,0.25,5,0.25,20,0,4,0.9606330968072099,0.0
per_class,tree,elmid-radmid,elmid-radmid-az315,315,4,0.11431509455268632,0.1189997460348051,0.2226661302180327,0.8906645208721308,5,0.25,5,0.25,20,0,4,0.9606330968072099,0.0
per_class,tree,elmid-radmid,elmid-radmid-az180,180,5,0.10567894519844008,0.11000968585163047,0.18885886758611398,0.9442943379305699,4,0.2,4,0.2,20,0,4,0.9606330968072099,0.0
per_class,tree,elmid-radmid,elmid-radmid-az090,90,6,0.07208653846612043,0.07504065673534412,0.09439887339608913,0.9439887339608912,2,0.1,2,0.1,20,0,4,0.9606330968072099,0.0
per_class,tree,elmid-radmid,elmid-radmid-az225,225,7,0.06333805137694269,0.06593365519828019,0.13841523519218804,0.9227682346145869,3,0.15,3,0.15,20,0,4,0.9606330968072099,0.0
per_class,tree,elmid-radmid,elmid-radmid-az135,135,8,0.0291710185072938,0.030366451670515524,0.09446211337357546,0.9446211337357546,2,0.1,2,0.1,20,0,4,0.9606330968072099,0.0
per_class,tree,elmid-radfar,elmid-radfar-az315,315,1,0.20506496788003864,0.21686232381625328,0.2529837409191879,0.9276070500370223,6,0.2727272727272727,6,0.2727272727272727,22,0,3,0.9455997900944264,0.0
per_class,tree,elmid-radfar,elmid-radfar-az135,135,2,0.1783918562060478,0.18865471214649257,0.25375888832648125,0.930449257197098,6,0.2727272727272727,6,0.2727272727272727,22,0,3,0.9455997900944264,0.0
per_class,tree,elmid-radfar,elmid-radfar-az225,225,3,0.14355117595402664,0.15180965293963505,0.21134602642385178,0.9299225162649478,5,0.22727272727272727,5,0.22727272727272727,22,0,3,0.9455997900944264,0.0
per_class,tree,elmid-radfar,elmid-radfar-az090,90,4,0.12825689347061645,0.13563549274668185,0.1681935765974405,0.9250646712859227,4,0.18181818181818182,4,0.18181818181818182,22,0,3,0.9455997900944264,0.0
per_class,tree,elmid-radfar,elmid-radfar-az000,0,5,0.11818957028164341,0.12498899800923301,0.21247460782057717,0.9348882744105396,5,0.22727272727272727,5,0.22727272727272727,22,0,3,0.9455997900944264,0.0
per_class,tree,elmid-radfar,elmid-radfar-az045,45,6,0.10831712377370789,0.11454859117818911,0.12752223529108034,0.9351630588012559,3,0.13636363636363635,3,0.13636363636363635,22,0,3,0.9455997900944264,0.0
per_class,tree,elmid-radfar,elmid-radfar-az270,270,7,0.04114034675755055,0.04350714455366189,0.041140346757550586,0.9050876286661129,1,0.045454545454545456,1,0.045454545454545456,22,0,3,0.9455997900944264,0.0
per_class,tree,elmid-radfar,elmid-radfar-az180,180,8,0.022687855770795243,0.023993084609853457,0.042941143881330586,0.9447051653892728,1,0.045454545454545456,1,0.045454545454545456,22,0,3,0.9455997900944264,0.0
per_class,tree,elhigh-radnear,elhigh-radnear-az000,0,1,0.24420951766176605,0.2544942967056762,0.2911774947730476,0.9567260542542994,7,0.30434782608695654,7,0.30434782608695654,23,0,3,0.9595873888843782,0.0
per_class,tree,elhigh-radnear,elhigh-radnear-az135,135,2,0.18695214806499283,0.19482555755796716,0.20729471252027465,0.9535556775932633,5,0.21739130434782608,5,0.21739130434782608,23,0,3,0.9595873888843782,0.0
per_class,tree,elhigh-radnear,elhigh-radnear-az225,225,3,0.13915316618085208,0.14501354206273212,0.205572128896715,0.945631792924889,5,0.21739130434782608,5,0.21739130434782608,23,0,3,0.9595873888843782,0.0
per_class,tree,elhigh-radnear,elhigh-radnear-az045,45,4,0.12548860154656852,0.13077350015245853,0.16593782627821788,0.9541425010997528,4,0.17391304347826086,4,0.17391304347826086,23,0,3,0.9595873888843782,0.0
per_class,tree,elhigh-radnear,elhigh-radnear-az180,180,5,0.12489413941395283,0.13015400250221656,0.16513279915536663,0.9495135951433582,4,0.17391304347826086,4,0.17391304347826086,23,0,3,0.9595873888843782,0.0
per_class,tree,elhigh-radnear,elhigh-radnear-az270,270,6,0.06137772694505754,0.06396262357763542,0.08148438722142506,0.9370704530463883,2,0.08695652173913043,2,0.08695652173913043,23,0,3,0.9595873888843782,0.0
per_class,tree,elhigh-radnear,elhigh-radnear-az315,315,7,0.05606793524114008,0.058429212274584995,0.08275779373149778,0.9517146279122244,2,0.08695652173913043,2,0.08695652173913043,23,0,3,0.9595873888843782,0.0
per_class,tree,elhigh-radnear,elhigh-radnear-az090,90,8,0.021444153830048194,0.02234726516672889,0.04172681301535843,0.959716699353244,1,0.043478260869565216,1,0.043478260869565216,23,0,3,0.9595873888843782,0.0
per_class,tree,elhigh-radmid,elhigh-radmid-az180,180,1,0.19750385950574745,0.20648086905077442,0.2863108213613077,0.9407355559014395,7,0.30434782608695654,7,0.30434782608695654,23,0,4,0.9565237710094125,0.0
per_class,tree,elhigh-radmid,elhigh-radmid-az000,0,2,0.1663756371635412,0.17393779664039735,0.2458931597895587,0.9425904458599751,6,0.2608695652173913,6,0.2608695652173913,23,0,4,0.9565237710094125,0.0
per_class,tree,elhigh-radmid,elhigh-radmid-az315,315,3,0.14499099939790216,0.15158117737617144,0.1647761658977833,0.9474629539122539,4,0.17391304347826086,4,0.17391304347826086,23,0,4,0.9565237710094125,0.0
per_class,tree,elhigh-radmid,elhigh-radmid-az045,45,4,0.14337107064019114,0.14988761909062928,0.20076904594544756,0.9235376113490588,5,0.21739130434782608,5,0.21739130434782608,23,0,4,0.9565237710094125,0.0
per_class,tree,elhigh-radmid,elhigh-radmid-az225,225,5,0.11211220756754844,0.11720796802492138,0.16217417953404709,0.9325015323207708,4,0.17391304347826086,4,0.17391304347826086,23,0,4,0.9565237710094125,0.0
per_class,tree,elhigh-radmid,elhigh-radmid-az270,270,6,0.08584768381503854,0.0897496606116167,0.1232039749603771,0.9445638080295579,3,0.13043478260869565,3,0.13043478260869565,23,0,4,0.9565237710094125,0.0
per_class,tree,elhigh-radmid,elhigh-radmid-az090,90,7,0.07238403938727683,0.07567406224613789,0.1595978808295638,0.9176878147699918,4,0.17391304347826086,4,0.17391304347826086,23,0,4,0.9565237710094125,0.0
per_class,tree,elhigh-radmid,elhigh-radmid-az135,135,8,0.033938273532166836,0.035480846959351595,0.08187474316596877,0.9415595464086408,2,0.08695652173913043,2,0.08695652173913043,23,0,4,0.9565237710094125,0.0
per_class,tree,elhigh-radfar,elhigh-radfar-az225,225,1,0.17246673423563003,0.1787493358605515,0.3566039883464503,0.936085469409432,8,0.38095238095238093,8,0.38095238095238093,21,0,4,0.9648524477326016,0.0
per_class,tree,elhigh-radfar,elhigh-radfar-az270,270,2,0.16884514897871014,0.17499582384383788,0.26984566989863606,0.9444598446452263,6,0.2857142857142857,6,0.2857142857142857,21,0,4,0.9648524477326016,0.0
per_class,tree,elhigh-radfar,elhigh-radfar-az135,135,3,0.15627936810498666,0.16197229791170908,0.31090242809369395,0.9327072842810818,7,0.3333333333333333,7,0.3333333333333333,21,0,4,0.9648524477326016,0.0
per_class,tree,elhigh-radfar,elhigh-radfar-az315,315,4,0.15474346952436152,0.16038044976515103,0.2697749944479668,0.9442124805678839,6,0.2857142857142857,6,0.2857142857142857,21,0,4,0.9648524477326016,0.0
per_class,tree,elhigh-radfar,elhigh-radfar-az045,45,5,0.14251248839428762,0.14770391962956747,0.22327010944980566,0.9377344596891838,5,0.23809523809523808,5,0.23809523809523808,21,0,4,0.9648524477326016,0.0
per_class,tree,elhigh-radfar,elhigh-radfar-az180,180,6,0.0842616354654951,0.08733111022676009,0.13555642156415054,0.9488949509490539,3,0.14285714285714285,3,0.14285714285714285,21,0,4,0.9648524477326016,0.0
per_class,tree,elhigh-radfar,elhigh-radfar-az090,90,7,0.074255227316214,0.07696018960278685,0.17931501999382063,0.9414038549675583,4,0.19047619047619047,4,0.19047619047619047,21,0,4,0.9648524477326016,0.0
per_class,tree,elhigh-radfar,elhigh-radfar-az000,0,8,0.011488375712916495,0.011906873159636087,0.044224526721294635,0.9287150611471873,1,0.047619047619047616,1,0.047619047619047616,21,0,4,0.9648524477326016,0.0
per_class,whitevan,ellow-radnear,ellow-radnear-az225,225,1,0.17592132752513462,0.1948632531306128,0.22485146252063642,0.9743563375894245,3,0.23076923076923078,3,0.23076923076923078,13,0,3,0.902793752535878,0.0
per_class,whitevan,ellow-radnear,ellow-radnear-az270,270,2,0.16568496603223928,0.183524714882932,0.299827709542121,0.9744400560118933,4,0.3076923076923077,4,0.3076923076923077,13,0,3,0.902793752535878,0.0
per_class,whitevan,ellow-radnear,ellow-radnear-az180,180,3,0.14948468012063656,0.16558010032828166,0.29462171152118416,0.7660164499550788,5,0.38461538461538464,4,0.3076923076923077,13,0,3,0.902793752535878,0.0
per_class,whitevan,ellow-radnear,ellow-radnear-az135,135,4,0.1250914559550468,0.1385603916771406,0.22207747213614362,0.9623357125899558,3,0.23076923076923078,3,0.23076923076923078,13,0,3,0.902793752535878,0.0
per_class,whitevan,ellow-radnear,ellow-radnear-az045,45,5,0.1004044058197922,0.11121522001870744,0.1486956537260347,0.9665217492192255,2,0.15384615384615385,2,0.15384615384615385,13,0,3,0.902793752535878,0.0
per_class,whitevan,ellow-radnear,ellow-radnear-az000,0,6,0.09889328843994635,0.10954139653953379,0.1473413308506847,0.9577186505294506,2,0.15384615384615385,2,0.15384615384615385,13,0,3,0.902793752535878,0.0
per_class,whitevan,ellow-radnear,ellow-radnear-az315,315,7,0.06233515431672986,0.0690469491416342,0.1464439839790434,0.9518858958637821,2,0.15384615384615385,2,0.15384615384615385,13,0,3,0.902793752535878,0.0
per_class,whitevan,ellow-radnear,ellow-radnear-az090,90,8,0.024978474326352546,0.027667974281157727,0.07305941330692835,0.9497723729900684,1,0.07692307692307693,1,0.07692307692307693,13,0,3,0.902793752535878,0.0
per_class,whitevan,ellow-radmid,ellow-radmid-az225,225,1,0.21525202638779536,0.22462834658071248,0.25665755231412585,0.7058082688638461,4,0.36363636363636365,3,0.2727272727272727,11,0,2,0.9582585175217498,0.0
per_class,whitevan,ellow-radmid,ellow-radmid-az270,270,2,0.13577903367161015,0.14169353174419172,0.26132234167146184,0.9581819194620268,3,0.2727272727272727,3,0.2727272727272727,11,0,2,0.9582585175217498,0.0
per_class,whitevan,ellow-radmid,ellow-radmid-az045,45,3,0.1306687813395103,0.13636067819928818,0.1732850305919591,0.953067668255775,2,0.18181818181818182,2,0.18181818181818182,11,0,2,0.9582585175217498,0.0
per_class,whitevan,ellow-radmid,ellow-radmid-az135,135,4,0.13032607419195846,0.13600304282085385,0.17179781724478618,0.944887994846324,2,0.18181818181818182,2,0.18181818181818182,11,0,2,0.9582585175217498,0.0
per_class,whitevan,ellow-radmid,ellow-radmid-az000,0,5,0.12962033107564785,0.13526655772481128,0.1711418638967201,0.9412802514319605,2,0.18181818181818182,2,0.18181818181818182,11,0,2,0.9582585175217498,0.0
per_class,whitevan,ellow-radmid,ellow-radmid-az315,315,6,0.12940047578150854,0.13503712559337777,0.17087221883433656,0.9397972035888511,2,0.18181818181818182,2,0.18181818181818182,11,0,2,0.9582585175217498,0.0
per_class,whitevan,ellow-radmid,ellow-radmid-az180,180,7,0.08721179507371918,0.09101071733676472,0.08721179507371928,0.959329745810912,1,0.09090909090909091,1,0.09090909090909091,11,0,2,0.9582585175217498,0.0
per_class,whitevan,ellow-radmid,ellow-radmid-az090,90,8,0.0,0.0,0.0,nan,0,0.0,0,0.0,11,0,2,0.9582585175217498,0.0
per_class,whitevan,ellow-radfar,ellow-radfar-az180,180,1,0.22649944383318021,0.26224732089343206,0.22649944383318074,0.905997775332723,3,0.25,3,0.25,12,0,3,0.863686397487437,0.0
per_class,whitevan,ellow-radfar,ellow-radfar-az315,315,2,0.1571204666125826,0.18191842209124065,0.15712046661258228,0.6284818664503291,3,0.25,2,0.16666666666666666,12,0,3,0.863686397487437,0.0
per_class,whitevan,ellow-radfar,ellow-radfar-az270,270,3,0.12125407118863596,0.14039131742884683,0.15714049825121426,0.9428429895072856,2,0.16666666666666666,2,0.16666666666666666,12,0,3,0.863686397487437,0.0
per_class,whitevan,ellow-radfar,ellow-radfar-az090,90,4,0.11746127527827786,0.13599991341763193,0.15359384805715237,0.9215630883429142,2,0.16666666666666666,2,0.16666666666666666,12,0,3,0.863686397487437,0.0
per_class,whitevan,ellow-radfar,ellow-radfar-az135,135,5,0.10846383371844506,0.12558242671643183,0.2310939716144015,0.924375886457606,3,0.25,3,0.25,12,0,3,0.863686397487437,0.0
per_class,whitevan,ellow-radfar,ellow-radfar-az000,0,6,0.07831093447608282,0.09067056596456577,0.15010809939939307,0.9006485963963584,2,0.16666666666666666,2,0.16666666666666666,12,0,3,0.863686397487437,0.0
per_class,whitevan,ellow-radfar,ellow-radfar-az045,45,7,0.027522917201473165,0.03186679480137755,0.07821523384127715,0.9385828060953259,1,0.08333333333333333,1,0.08333333333333333,12,0,3,0.863686397487437,0.0
per_class,whitevan,ellow-radfar,ellow-radfar-az225,225,8,0.02705345517875926,0.03132323868647332,0.07778071303564982,0.9333685564277978,1,0.08333333333333333,1,0.08333333333333333,12,0,3,0.863686397487437,0.0
per_class,whitevan,elmid-radnear,elmid-radnear-az315,315,1,0.20856019259987107,0.2156537793392972,0.37050321384019635,0.9633083559845105,5,0.38461538461538464,5,0.38461538461538464,13,0,4,0.967106596688642,0.0
per_class,whitevan,elmid-radnear,elmid-radnear-az270,270,2,0.16399671593024973,0.1695746016951719,0.21825992268724384,0.94579299831139,3,0.23076923076923078,3,0.23076923076923078,13,0,4,0.967106596688642,0.0
per_class,whitevan,elmid-radnear,elmid-radnear-az180,180,3,0.16272665481114834,0.1682613430291158,0.21606010260568043,0.9362604446246152,3,0.23076923076923078,3,0.23076923076923078,13,0,4,0.967106596688642,0.0
per_class,whitevan,elmid-radnear,elmid-radnear-az090,90,4,0.14782290443584095,0.15285068361852178,0.21822899264947976,0.9456589681477455,3,0.23076923076923078,3,0.23076923076923078,13,0,4,0.967106596688642,0.0
per_class,whitevan,elmid-radnear,elmid-radnear-az135,135,5,0.07658061151926132,0.07918528503628468,0.14711921034713255,0.9562748672563615,2,0.15384615384615385,2,0.15384615384615385,13,0,4,0.967106596688642,0.0
per_class,whitevan,elmid-radnear,elmid-radnear-az225,225,6,0.07606456201604025,0.07865168356464958,0.14797860033658103,0.6412406014585178,3,0.23076923076923078,2,0.15384615384615385,13,0,4,0.967106596688642,0.0
per_class,whitevan,elmid-radnear,elmid-radnear-az045,45,7,0.07487239122200687,0.07741896444339101,0.07487239122200698,0.9733410858860907,1,0.07692307692307693,1,0.07692307692307693,13,0,4,0.967106596688642,0.0
per_class,whitevan,elmid-radnear,elmid-radnear-az000,0,8,0.05648256415422372,0.058403659273568345,0.14500469307318134,0.9425305049756787,2,0.15384615384615385,2,0.15384615384615385,13,0,4,0.967106596688642,0.0
per_class,whitevan,elmid-radmid,elmid-radmid-az090,90,1,0.1996077720087836,0.2254465527919952,0.23726262907600434,0.9490505163040174,3,0.25,3,0.25,12,0,3,0.8853884414588883,0.0
per_class,whitevan,elmid-radmid,elmid-radmid-az000,0,2,0.15685651201084233,0.1771612375607523,0.15685651201084236,0.9411390720650541,2,0.16666666666666666,2,0.16666666666666666,12,0,3,0.8853884414588883,0.0
per_class,whitevan,elmid-radmid,elmid-radmid-az225,225,3,0.1223276704049921,0.13816271443913153,0.2363959383825159,0.7091878151475477,4,0.3333333333333333,3,0.25,12,0,3,0.8853884414588883,0.0
per_class,whitevan,elmid-radmid,elmid-radmid-az135,135,4,0.11992056622550322,0.1354440159935966,0.157575423292724,0.945452539756344,2,0.16666666666666666,2,0.16666666666666666,12,0,3,0.8853884414588883,0.0
per_class,whitevan,elmid-radmid,elmid-radmid-az315,315,5,0.11049001768716621,0.12479270398550447,0.2383644734555285,0.953457893822114,3,0.25,3,0.25,12,0,3,0.8853884414588883,0.0
per_class,whitevan,elmid-radmid,elmid-radmid-az270,270,6,0.10862424051135948,0.12268540611663642,0.2365926171893736,0.9463704687574944,3,0.25,3,0.25,12,0,3,0.8853884414588883,0.0
per_class,whitevan,elmid-radmid,elmid-radmid-az045,45,7,0.0675616626102409,0.07630736911238299,0.15706563632952766,0.942393817977166,2,0.16666666666666666,2,0.16666666666666666,12,0,3,0.8853884414588883,0.0
per_class,whitevan,elmid-radmid,elmid-radmid-az180,180,8,0.0,0.0,0.0,nan,0,0.0,0,0.0,12,0,3,0.8853884414588883,0.0
per_class,whitevan,elmid-radfar,elmid-radfar-az180,180,1,0.2761153901783845,0.29153572522658555,0.35713659781583884,0.928555154321181,5,0.38461538461538464,5,0.38461538461538464,13,0,3,0.9471065337319597,0.0
per_class,whitevan,elmid-radfar,elmid-radfar-az135,135,2,0.24183968718763457,0.25534581229705416,0.288861417810498,0.9387996078841185,4,0.3076923076923077,4,0.3076923076923077,13,0,3,0.9471065337319597,0.0
per_class,whitevan,elmid-radfar,elmid-radfar-az225,225,3,0.1371054586867353,0.14476244625458096,0.2193390493324461,0.9504692137739331,3,0.23076923076923078,3,0.23076923076923078,13,0,3,0.9471065337319597,0.0
per_class,whitevan,elmid-radfar,elmid-radfar-az315,315,4,0.11002398951033132,0.11616854661195819,0.1438862242507836,0.9352604576300934,2,0.15384615384615385,2,0.15384615384615385,13,0,3,0.9471065337319597,0.0
per_class,whitevan,elmid-radfar,elmid-radfar-az090,90,5,0.10595255685098799,0.1118697349003545,0.14065755376515035,0.9142740994734773,2,0.15384615384615385,2,0.15384615384615385,13,0,3,0.9471065337319597,0.0
per_class,whitevan,elmid-radfar,elmid-radfar-az045,45,6,0.038338366240876894,0.04047946548294747,0.07304336315503936,0.9495637210155117,1,0.07692307692307693,1,0.07692307692307693,13,0,3,0.9471065337319597,0.0
per_class,whitevan,elmid-radfar,elmid-radfar-az270,270,7,0.03773108507700919,0.03983826922651919,0.0723993856157876,0.9411920130052387,1,0.07692307692307693,1,0.07692307692307693,13,0,3,0.9471065337319597,0.0
per_class,whitevan,elmid-radfar,elmid-radfar-az000,0,8,0.0,0.0,0.0,nan,0,0.0,0,0.0,13,0,3,0.9471065337319597,0.0
per_class,whitevan,elhigh-radnear,elhigh-radnear-az045,45,1,0.18707492534948422,0.19251118364243128,0.31369202108040134,0.9410760632412041,4,0.3333333333333333,4,0.3333333333333333,12,0,3,0.9717613377566452,0.0
per_class,whitevan,elhigh-radnear,elhigh-radnear-az090,90,2,0.18227512613510766,0.1875719058301887,0.3767682592279605,0.9042438221471052,5,0.4166666666666667,5,0.4166666666666667,12,0,3,0.9717613377566452,0.0
per_class,whitevan,elhigh-radnear,elhigh-radnear-az270,270,3,0.15274347656771642,0.1571820884748632,0.3106750416580513,0.932025124974154,4,0.3333333333333333,4,0.3333333333333333,12,0,3,0.9717613377566452,0.0
per_class,whitevan,elhigh-radnear,elhigh-radnear-az225,225,4,0.14874300890142153,0.15306537019141084,0.31212945954393206,0.9363883786317961,4,0.3333333333333333,4,0.3333333333333333,12,0,3,0.9717613377566452,0.0
per_class,whitevan,elhigh-radnear,elhigh-radnear-az315,315,5,0.14594958273397884,0.15019076913567073,0.23372703897162536,0.9349081558865014,3,0.25,3,0.25,12,0,3,0.9717613377566452,0.0
per_class,whitevan,elhigh-radnear,elhigh-radnear-az135,135,6,0.08501809415837952,0.08748865678752729,0.15895654861982234,0.953739291718934,2,0.16666666666666666,2,0.16666666666666666,12,0,3,0.9717613377566452,0.0
per_class,whitevan,elhigh-radnear,elhigh-radnear-az180,180,7,0.043343799681494585,0.044603338286287146,0.07958151996257119,0.9549782395508544,1,0.08333333333333333,1,0.08333333333333333,12,0,3,0.9717613377566452,0.0
per_class,whitevan,elhigh-radnear,elhigh-radnear-az000,0,8,0.02661332422906279,0.027386687651621177,0.07726125456530397,0.9271350547836477,1,0.08333333333333333,1,0.08333333333333333,12,0,3,0.9717613377566452,0.0
per_class,whitevan,elhigh-radmid,elhigh-radmid-az000,0,1,0.31958472643548047,0.3400192116620499,0.3657209822828494,0.9143024557071234,6,0.4,6,0.4,15,0,4,0.9399019686955818,0.0
per_class,whitevan,elhigh-radmid,elhigh-radmid-az135,135,2,0.1785328115521492,0.18994833237760025,0.2472693150042069,0.9272599312657759,4,0.26666666666666666,4,0.26666666666666666,15,0,4,0.9399019686955818,0.0
per_class,whitevan,elhigh-radmid,elhigh-radmid-az180,180,3,0.13113871506355226,0.13952382209130776,0.24461975769803435,0.9173240913676288,4,0.26666666666666666,4,0.26666666666666666,15,0,4,0.9399019686955818,0.0
per_class,whitevan,elhigh-radmid,elhigh-radmid-az270,270,4,0.11188622171639856,0.11904030999283563,0.18665350626078284,0.9332675313039142,3,0.2,3,0.2,15,0,4,0.9399019686955818,0.0
per_class,whitevan,elhigh-radmid,elhigh-radmid-az045,45,5,0.09685164118474844,0.10304440719404113,0.1252265838481854,0.9391993788613906,2,0.13333333333333333,2,0.13333333333333333,15,0,4,0.9399019686955818,0.0
per_class,whitevan,elhigh-radmid,elhigh-radmid-az315,315,6,0.06531419162699283,0.06949042964303756,0.12176255042494072,0.9132191281870554,2,0.13333333333333333,2,0.13333333333333333,15,0,4,0.9399019686955818,0.0
per_class,whitevan,elhigh-radmid,elhigh-radmid-az090,90,7,0.0204638431441274,0.02177231650288764,0.059100710517217436,0.8865106577582615,1,0.06666666666666667,1,0.06666666666666667,15,0,4,0.9399019686955818,0.0
per_class,whitevan,elhigh-radmid,elhigh-radmid-az225,225,8,0.016129817972132445,0.017161170536239848,0.06169626563145461,0.9254439844718192,1,0.06666666666666667,1,0.06666666666666667,15,0,4,0.9399019686955818,0.0
per_class,whitevan,elhigh-radfar,elhigh-radfar-az090,90,1,0.2163209489806801,0.22834937796348515,0.2813221263464527,0.9142969106259713,4,0.3076923076923077,4,0.3076923076923077,13,0,3,0.9473244504098081,0.0
per_class,whitevan,elhigh-radfar,elhigh-radfar-az000,0,2,0.204429942743336,0.21579717767751122,0.3457625144780684,0.8989825376429778,5,0.38461538461538464,5,0.38461538461538464,13,0,3,0.9473244504098081,0.0
per_class,whitevan,elhigh-radfar,elhigh-radfar-az045,45,3,0.1446688656511565,0.1527131127973879,0.1446688656511568,0.9403476267325193,2,0.15384615384615385,2,0.15384615384615385,13,0,3,0.9473244504098081,0.0
per_class,whitevan,elhigh-radfar,elhigh-radfar-az270,270,4,0.13894630130513685,0.14667234783714211,0.2815856270353358,0.9151532878648414,4,0.3076923076923077,4,0.3076923076923077,13,0,3,0.9473244504098081,0.0
per_class,whitevan,elhigh-radfar,elhigh-radfar-az180,180,5,0.1072378791550608,0.1132007931481872,0.13981868556365193,0.9088214561637376,2,0.15384615384615385,2,0.15384615384615385,13,0,3,0.9473244504098081,0.0
per_class,whitevan,elhigh-radfar,elhigh-radfar-az135,135,6,0.071993757954669,0.0759969384549558,0.07199375795466906,0.9359188534106977,1,0.07692307692307693,1,0.07692307692307693,13,0,3,0.9473244504098081,0.0
per_class,whitevan,elhigh-radfar,elhigh-radfar-az225,225,7,0.06372675461976854,0.06727025212133039,0.14144601121715894,0.9193990729115331,2,0.15384615384615385,2,0.15384615384615385,13,0,3,0.9473244504098081,0.0
per_class,whitevan,elhigh-radfar,elhigh-radfar-az315,315,8,0.0,0.0,0.0,nan,0,0.0,0,0.0,13,0,3,0.9473244504098081,0.0
