image,precision,recall,f1,ap50,ap50_95,tp,fp,fn,num_gt,num_pred
/vol/tensusers6/lisannehuisman/data/images/test/S0-SM_barrel_1-elhigh-radfar-az270.png,1.0,1.0,1.0,1.0,0.946875,4.0,0.0,0.0,4.0,4.0
/vol/tensusers6/lisannehuisman/data/images/test/S0-SM_barrel_1-elhigh-radmid-az045.png,0.8,1.0,0.888888888888889,1.0,0.8725000008940696,4.0,1.0,0.0,4.0,5.0
/vol/tensusers6/lisannehuisman/data/images/test/S0-SM_barrel_1-elhigh-radnear-az090.png,0.8,1.0,0.888888888888889,1.0,0.8850000008940697,4.0,1.0,0.0,4.0,5.0
/vol/tensusers6/lisannehuisman/data/images/test/S0-SM_barrel_1-ellow-radfar-az135.png,0.3333333333333333,1.0,0.5,1.0,0.886458333581686,4.0,8.0,0.0,4.0,12.0
/vol/tensusers6/lisannehuisman/data/images/test/S0-SM_barrel_1-ellow-radmid-az135.png,0.15384615384615385,0.5714285714285714,0.24242424242424246,0.6043956292035815,0.5318681523121974,4.0,22.0,3.0,7.0,26.0
/vol/tensusers6/lisannehuisman/data/images/test/S0-SM_barrel_1-ellow-radnear-az090.png,0.24324324324324326,0.75,0.3673469387755103,0.7577444964668878,0.4098571415969513,18.0,56.0,6.0,24.0,74.0
/vol/tensusers6/lisannehuisman/data/images/test/S0-SM_barrel_1-ellow-radnear-az135.png,0.2711864406779661,0.7619047619047619,0.4,0.7529056978764439,0.38035623542888736,16.0,43.0,5.0,21.0,59.0
/vol/tensusers6/lisannehuisman/data/images/test/S0-SM_barrel_1-ellow-radnear-az270.png,0.20652173913043478,0.59375,0.3064516129032258,0.5010146989952773,0.25489727779640814,19.0,73.0,13.0,32.0,92.0
/vol/tensusers6/lisannehuisman/data/images/test/S0-SM_barrel_1-elmid-radfar-az225.png,1.0,1.0,1.0,1.0,0.9072916671633721,4.0,0.0,0.0,4.0,4.0
/vol/tensusers6/lisannehuisman/data/images/test/S0-SM_barrel_1-elmid-radmid-az090.png,1.0,1.0,1.0,1.0,0.84375,4.0,0.0,0.0,4.0,4.0
/vol/tensusers6/lisannehuisman/data/images/test/S0-SM_barrel_10-elhigh-radnear-az090.png,0.75,1.0,0.8571428571428571,1.0,0.9287566155274078,9.0,3.0,0.0,9.0,12.0
/vol/tensusers6/lisannehuisman/data/images/test/S0-SM_barrel_10-ellow-radfar-az000.png,0.9230769230769231,1.0,0.9600000000000001,1.0,0.9190349011424601,12.0,1.0,0.0,12.0,13.0
/vol/tensusers6/lisannehuisman/data/images/test/S0-SM_barrel_10-ellow-radfar-az180.png,0.22413793103448276,0.7222222222222222,0.34210526315789475,0.7429358183452681,0.5355758579498773,13.0,45.0,5.0,18.0,58.0
/vol/tensusers6/lisannehuisman/data/images/test/S0-SM_barrel_10-ellow-radmid-az090.png,0.043478260869565216,1.0,0.08333333333333333,1.0,1.0,1.0,22.0,0.0,1.0,23.0
/vol/tensusers6/lisannehuisman/data/images/test/S0-SM_barrel_10-ellow-radnear-az225.png,0.2926829268292683,0.7741935483870968,0.42477876106194684,0.7883174390121646,0.4579121683371158,24.0,58.0,7.0,31.0,82.0
/vol/tensusers6/lisannehuisman/data/images/test/S0-SM_barrel_10-elmid-radfar-az225.png,0.34375,0.8461538461538461,0.4888888888888889,0.8725961614400148,0.7201920775016198,11.0,21.0,2.0,13.0,32.0
/vol/tensusers6/lisannehuisman/data/images/test/S0-SM_barrel_10-elmid-radfar-az270.png,0.6470588235294118,1.0,0.7857142857142858,1.0,0.9177807578448464,11.0,6.0,0.0,11.0,17.0
/vol/tensusers6/lisannehuisman/data/images/test/S0-SM_barrel_10-elmid-radmid-az000.png,1.0,1.0,1.0,1.0,0.9344697015755103,12.0,0.0,0.0,12.0,12.0
/vol/tensusers6/lisannehuisman/data/images/test/S0-SM_barrel_10-elmid-radmid-az180.png,0.25,1.0,0.4,1.0,0.7612245048491323,7.0,21.0,0.0,7.0,28.0
/vol/tensusers6/lisannehuisman/data/images/test/S0-SM_barrel_11-elhigh-radmid-az000.png,0.8571428571428571,1.0,0.923076923076923,1.0,0.9166666685647911,12.0,2.0,0.0,12.0,14.0
/vol/tensusers6/lisannehuisman/data/images/test/S0-SM_barrel_11-elhigh-radmid-az045.png,1.0,1.0,1.0,1.0,0.9195985856803558,11.0,0.0,0.0,11.0,11.0
/vol/tensusers6/lisannehuisman/data/images/test/S0-SM_barrel_11-elhigh-radmid-az270.png,0.75,1.0,0.8571428571428571,1.0,0.8640861753007453,12.0,4.0,0.0,12.0,16.0
/vol/tensusers6/lisannehuisman/data/images/test/S0-SM_barrel_11-elhigh-radnear-az270.png,0.6666666666666666,1.0,0.8,1.0,0.8644166575471569,10.0,5.0,0.0,10.0,15.0
/vol/tensusers6/lisannehuisman/data/images/test/S0-SM_barrel_11-ellow-radnear-az180.png,0.36619718309859156,0.7878787878787878,0.5,0.7631259385351523,0.4564453563984762,26.0,45.0,7.0,33.0,71.0
/vol/tensusers6/lisannehuisman/data/images/test/S0-SM_barrel_11-elmid-radmid-az000.png,1.0,1.0,1.0,1.0,0.9768595073587638,11.0,0.0,0.0,11.0,11.0
/vol/tensusers6/lisannehuisman/data/images/test/S0-SM_barrel_11-elmid-radmid-az315.png,0.631578947368421,1.0,0.7741935483870968,1.0,0.8864035172093857,12.0,7.0,0.0,12.0,19.0
/vol/tensusers6/lisannehuisman/data/images/test/S0-SM_barrel_12-elhigh-radmid-az000.png,0.5833333333333334,1.0,0.7368421052631579,0.9821428582072258,0.8011904798181992,7.0,5.0,0.0,7.0,12.0
/vol/tensusers6/lisannehuisman/data/images/test/S0-SM_barrel_12-elhigh-radmid-az180.png,0.2916666666666667,0.875,0.43750000000000006,0.893229166045785,0.7778199407272041,7.0,17.0,1.0,8.0,24.0
/vol/tensusers6/lisannehuisman/data/images/test/S0-SM_barrel_12-elhigh-radmid-az315.png,0.6153846153846154,1.0,0.761904761904762,0.9659090936183929,0.6870483702514321,8.0,5.0,0.0,8.0,13.0
/vol/tensusers6/lisannehuisman/data/images/test/S0-SM_barrel_12-ellow-radfar-az045.png,0.125,0.6666666666666666,0.21052631578947367,0.6875000186264515,0.6208333501592278,2.0,14.0,1.0,3.0,16.0
/vol/tensusers6/lisannehuisman/data/images/test/S0-SM_barrel_12-ellow-radfar-az135.png,0.23880597014925373,0.7619047619047619,0.36363636363636365,0.7903340559005314,0.4540898429455044,16.0,51.0,5.0,21.0,67.0
/vol/tensusers6/lisannehuisman/data/images/test/S0-SM_barrel_12-ellow-radmid-az135.png,0.18571428571428572,0.5652173913043478,0.27956989247311825,0.5766045489358111,0.37289895643643345,13.0,57.0,10.0,23.0,70.0
/vol/tensusers6/lisannehuisman/data/images/test/S0-SM_barrel_12-ellow-radnear-az090.png,0.1037037037037037,0.4375,0.1676646706586826,0.45698529365472496,0.282185864757048,14.0,121.0,18.0,32.0,135.0
/vol/tensusers6/lisannehuisman/data/images/test/S0-SM_barrel_12-elmid-radnear-az090.png,0.6,1.0,0.7499999999999999,1.0,0.8966666688521702,3.0,2.0,0.0,3.0,5.0
/vol/tensusers6/lisannehuisman/data/images/test/S0-SM_barrel_13-elhigh-radmid-az090.png,0.7777777777777778,1.0,0.8750000000000001,1.0,0.7555555605226093,7.0,2.0,0.0,7.0,9.0
/vol/tensusers6/lisannehuisman/data/images/test/S0-SM_barrel_13-elhigh-radnear-az135.png,0.8888888888888888,1.0,0.9411764705882353,1.0,0.8072222230490297,8.0,1.0,0.0,8.0,9.0
/vol/tensusers6/lisannehuisman/data/images/test/S0-SM_barrel_13-ellow-radfar-az225.png,0.2916666666666667,0.875,0.43750000000000006,0.8679315466433764,0.6994357081595808,14.0,34.0,2.0,16.0,48.0
/vol/tensusers6/lisannehuisman/data/images/test/S0-SM_barrel_13-ellow-radfar-az315.png,0.4,1.0,0.5714285714285715,1.0,0.7511999999761582,10.0,15.0,0.0,10.0,25.0
/vol/tensusers6/lisannehuisman/data/images/test/S0-SM_barrel_13-ellow-radmid-az000.png,0.5714285714285714,1.0,0.7272727272727273,1.0,0.7821428578346967,4.0,3.0,0.0,4.0,7.0
/vol/tensusers6/lisannehuisman/data/images/test/S0-SM_barrel_13-ellow-radnear-az225.png,0.25,0.9166666666666666,0.3928571428571429,0.9270833507180214,0.8555871280700419,11.0,33.0,1.0,12.0,44.0
/vol/tensusers6/lisannehuisman/data/images/test/S0-SM_barrel_13-elmid-radfar-az135.png,0.34375,1.0,0.5116279069767442,0.9461279617816913,0.636348911823849,11.0,21.0,0.0,11.0,32.0
/vol/tensusers6/lisannehuisman/data/images/test/S0-SM_barrel_13-elmid-radfar-az225.png,0.6666666666666666,1.0,0.8,1.0,0.8760937500745059,16.0,8.0,0.0,16.0,24.0
/vol/tensusers6/lisannehuisman/data/images/test/S0-SM_barrel_13-elmid-radmid-az000.png,1.0,1.0,1.0,1.0,0.7581632738236059,7.0,0.0,0.0,7.0,7.0
/vol/tensusers6/lisannehuisman/data/images/test/S0-SM_barrel_13-elmid-radmid-az225.png,0.5714285714285714,1.0,0.7272727272727273,1.0,0.8516985299332699,12.0,9.0,0.0,12.0,21.0
/vol/tensusers6/lisannehuisman/data/images/test/S0-SM_barrel_13-elmid-radnear-az315.png,0.8571428571428571,1.0,0.923076923076923,1.0,0.8869047600066379,6.0,1.0,0.0,6.0,7.0
/vol/tensusers6/lisannehuisman/data/images/test/S0-SM_barrel_14-ellow-radfar-az135.png,0.25,0.7777777777777778,0.3783783783783784,0.7838164249048134,0.5054085029440337,14.0,42.0,4.0,18.0,56.0
/vol/tensusers6/lisannehuisman/data/images/test/S0-SM_barrel_14-ellow-radnear-az000.png,0.625,0.8333333333333334,0.7142857142857143,0.8854166530072689,0.796874987706542,5.0,3.0,1.0,6.0,8.0
/vol/tensusers6/lisannehuisman/data/images/test/S0-SM_barrel_14-ellow-radnear-az270.png,0.5,1.0,0.6666666666666666,1.0,0.9125000004967054,6.0,6.0,0.0,6.0,12.0
/vol/tensusers6/lisannehuisman/data/images/test/S0-SM_barrel_14-elmid-radfar-az045.png,0.6153846153846154,1.0,0.761904761904762,1.0,0.8393269238062203,8.0,5.0,0.0,8.0,13.0
/vol/tensusers6/lisannehuisman/data/images/test/S0-SM_barrel_14-elmid-radfar-az090.png,0.75,1.0,0.8571428571428571,1.0,0.7893386301461351,9.0,3.0,0.0,9.0,12.0
/vol/tensusers6/lisannehuisman/data/images/test/S0-SM_barrel_14-elmid-radmid-az180.png,0.5625,1.0,0.72,1.0,0.8905864233898436,9.0,7.0,0.0,9.0,16.0
/vol/tensusers6/lisannehuisman/data/images/test/S0-SM_barrel_14-elmid-radmid-az270.png,0.8888888888888888,1.0,0.9411764705882353,1.0,0.9034722223412246,8.0,1.0,0.0,8.0,9.0
/vol/tensusers6/lisannehuisman/data/images/test/S0-SM_barrel_14-elmid-radmid-az315.png,0.47368421052631576,1.0,0.6428571428571429,0.9888888869020676,0.8220300809951903,9.0,10.0,0.0,9.0,19.0
/vol/tensusers6/lisannehuisman/data/images/test/S0-SM_barrel_14-elmid-radnear-az270.png,0.8571428571428571,1.0,0.923076923076923,1.0,0.7788095262327365,6.0,1.0,0.0,6.0,7.0
/vol/tensusers6/lisannehuisman/data/images/test/S0-SM_barrel_15-elhigh-radfar-az090.png,0.3684210526315789,1.0,0.5384615384615384,1.0,0.8195488771661779,7.0,12.0,0.0,7.0,19.0
/vol/tensusers6/lisannehuisman/data/images/test/S0-SM_barrel_15-elhigh-radmid-az045.png,0.391304347826087,1.0,0.5625,1.0,0.8319377398437318,9.0,14.0,0.0,9.0,23.0
/vol/tensusers6/lisannehuisman/data/images/test/S0-SM_barrel_15-elhigh-radmid-az180.png,0.5263157894736842,1.0,0.6896551724137931,1.0,0.8263082718125412,10.0,9.0,0.0,10.0,19.0
/vol/tensusers6/lisannehuisman/data/images/test/S0-SM_barrel_15-elhigh-radnear-az180.png,0.7142857142857143,1.0,0.8333333333333333,1.0,0.8282142790194067,10.0,4.0,0.0,10.0,14.0
/vol/tensusers6/lisannehuisman/data/images/test/S0-SM_barrel_15-ellow-radmid-az270.png,0.6,1.0,0.7499999999999999,1.0,0.9333333371082944,6.0,4.0,0.0,6.0,10.0
/vol/tensusers6/lisannehuisman/data/images/test/S0-SM_barrel_15-ellow-radnear-az000.png,0.17647058823529413,1.0,0.3,1.0,0.935294118618556,3.0,14.0,0.0,3.0,17.0
/vol/tensusers6/lisannehuisman/data/images/test/S0-SM_barrel_15-ellow-radnear-az090.png,0.16666666666666666,0.48,0.24742268041237112,0.503543120578869,0.33228088578782244,12.0,60.0,13.0,25.0,72.0
/vol/tensusers6/lisannehuisman/data/images/test/S0-SM_barrel_15-ellow-radnear-az135.png,0.23333333333333334,0.7,0.35,0.7287499881287416,0.5172794005371117,14.0,46.0,6.0,20.0,60.0
/vol/tensusers6/lisannehuisman/data/images/test/S0-SM_barrel_15-elmid-radmid-az000.png,1.0,1.0,1.0,1.0,0.9167410716414451,8.0,0.0,0.0,8.0,8.0
/vol/tensusers6/lisannehuisman/data/images/test/S0-SM_barrel_15-elmid-radnear-az270.png,0.5,1.0,0.6666666666666666,0.9166666716337204,0.6770833343267441,4.0,4.0,0.0,4.0,8.0
/vol/tensusers6/lisannehuisman/data/images/test/S0-SM_barrel_16-elhigh-radfar-az180.png,1.0,1.0,1.0,1.0,0.9693877574740624,7.0,0.0,0.0,7.0,7.0
/vol/tensusers6/lisannehuisman/data/images/test/S0-SM_barrel_16-elhigh-radfar-az270.png,0.6666666666666666,1.0,0.8,1.0,0.9229166658595205,8.0,4.0,0.0,8.0,12.0
/vol/tensusers6/lisannehuisman/data/images/test/S0-SM_barrel_16-elhigh-radmid-az090.png,0.6,1.0,0.7499999999999999,1.0,0.9097354547482318,9.0,6.0,0.0,9.0,15.0
/vol/tensusers6/lisannehuisman/data/images/test/S0-SM_barrel_16-elhigh-radnear-az000.png,1.0,1.0,1.0,1.0,0.9486394593504821,7.0,0.0,0.0,7.0,7.0
/vol/tensusers6/lisannehuisman/data/images/test/S0-SM_barrel_16-elhigh-radnear-az225.png,1.0,1.0,1.0,1.0,0.915625,4.0,0.0,0.0,4.0,4.0
/vol/tensusers6/lisannehuisman/data/images/test/S0-SM_barrel_16-ellow-radfar-az270.png,0.6666666666666666,1.0,0.8,1.0,1.0,4.0,2.0,0.0,4.0,6.0
/vol/tensusers6/lisannehuisman/data/images/test/S0-SM_barrel_16-ellow-radmid-az000.png,0.31746031746031744,0.9523809523809523,0.47619047619047616,0.9307873865066965,0.6744651654728775,20.0,43.0,1.0,21.0,63.0
/vol/tensusers6/lisannehuisman/data/images/test/S0-SM_barrel_16-ellow-radnear-az090.png,0.6923076923076923,0.9,0.7826086956521738,0.9346153699434723,0.8762911992438221,9.0,4.0,1.0,10.0,13.0
/vol/tensusers6/lisannehuisman/data/images/test/S0-SM_barrel_17-elhigh-radmid-az180.png,1.0,1.0,1.0,1.0,0.9175925950485248,9.0,0.0,0.0,9.0,9.0
/vol/tensusers6/lisannehuisman/data/images/test/S0-SM_barrel_17-elhigh-radmid-az270.png,1.0,1.0,1.0,1.0,0.9195987684767187,9.0,0.0,0.0,9.0,9.0
/vol/tensusers6/lisannehuisman/data/images/test/S0-SM_barrel_17-ellow-radfar-az045.png,0.2608695652173913,0.8,0.39344262295081966,0.7771520074169747,0.4797166651327613,24.0,68.0,6.0,30.0,92.0
/vol/tensusers6/lisannehuisman/data/images/test/S0-SM_barrel_17-ellow-radfar-az270.png,1.0,1.0,1.0,1.0,0.9408163310313711,7.0,0.0,0.0,7.0,7.0
/vol/tensusers6/lisannehuisman/data/images/test/S0-SM_barrel_17-ellow-radmid-az045.png,0.2625,0.7777777777777778,0.39252336448598135,0.8037238402151168,0.5379172192008869,21.0,59.0,6.0,27.0,80.0
/vol/tensusers6/lisannehuisman/data/images/test/S0-SM_barrel_17-ellow-radnear-az000.png,0.5833333333333334,1.0,0.7368421052631579,1.0,0.7273809623186078,7.0,5.0,0.0,7.0,12.0
/vol/tensusers6/lisannehuisman/data/images/test/S0-SM_barrel_17-elmid-radfar-az090.png,0.8,1.0,0.888888888888889,1.0,0.9271875005215406,8.0,2.0,0.0,8.0,10.0
/vol/tensusers6/lisannehuisman/data/images/test/S0-SM_barrel_17-elmid-radmid-az090.png,0.5833333333333334,1.0,0.7368421052631579,1.0,0.9007142888115987,7.0,5.0,0.0,7.0,12.0
/vol/tensusers6/lisannehuisman/data/images/test/S0-SM_barrel_17-elmid-radnear-az045.png,0.5,1.0,0.6666666666666666,1.0,0.959375,4.0,4.0,0.0,4.0,8.0
/vol/tensusers6/lisannehuisman/data/images/test/S0-SM_barrel_17-elmid-radnear-az225.png,0.75,1.0,0.8571428571428571,1.0,0.9416666675359011,6.0,2.0,0.0,6.0,8.0
/vol/tensusers6/lisannehuisman/data/images/test/S0-SM_barrel_18-elhigh-radfar-az135.png,0.15,1.0,0.2608695652173913,1.0,0.936666670491298,3.0,17.0,0.0,3.0,20.0
/vol/tensusers6/lisannehuisman/data/images/test/S0-SM_barrel_18-elhigh-radfar-az225.png,0.5,1.0,0.6666666666666666,1.0,0.7560000071823597,5.0,5.0,0.0,5.0,10.0
/vol/tensusers6/lisannehuisman/data/images/test/S0-SM_barrel_18-elhigh-radmid-az135.png,0.375,0.75,0.5,0.796875,0.7265625,3.0,5.0,1.0,4.0,8.0
/vol/tensusers6/lisannehuisman/data/images/test/S0-SM_barrel_18-ellow-radfar-az000.png,0.17721518987341772,0.56,0.2692307692307692,0.5419167318989118,0.25949438334455316,14.0,65.0,11.0,25.0,79.0
/vol/tensusers6/lisannehuisman/data/images/test/S0-SM_barrel_18-ellow-radmid-az225.png,0.25806451612903225,0.8,0.3902439024390244,0.8158064594384165,0.5993655857529532,16.0,46.0,4.0,20.0,62.0
/vol/tensusers6/lisannehuisman/data/images/test/S0-SM_barrel_18-ellow-radnear-az225.png,0.22058823529411764,0.75,0.3409090909090909,0.7193811069268179,0.5200505195973864,15.0,53.0,5.0,20.0,68.0
/vol/tensusers6/lisannehuisman/data/images/test/S0-SM_barrel_18-elmid-radmid-az270.png,0.8,0.8,0.8000000000000002,0.8800000083446502,0.7600000101327895,4.0,1.0,1.0,5.0,5.0
/vol/tensusers6/lisannehuisman/data/images/test/S0-SM_barrel_18-elmid-radmid-az315.png,0.6666666666666666,1.0,0.8,1.0,0.8812500001862645,4.0,2.0,0.0,4.0,6.0
/vol/tensusers6/lisannehuisman/data/images/test/S0-SM_barrel_18-elmid-radnear-az135.png,0.17391304347826086,1.0,0.29629629629629634,1.0,0.9121376821771264,4.0,19.0,0.0,4.0,23.0
/vol/tensusers6/lisannehuisman/data/images/test/S0-SM_barrel_19-elhigh-radfar-az090.png,0.2631578947368421,1.0,0.4166666666666667,1.0,0.9044210583316652,5.0,14.0,0.0,5.0,19.0
/vol/tensusers6/lisannehuisman/data/images/test/S0-SM_barrel_19-elhigh-radfar-az315.png,0.4,1.0,0.5714285714285715,1.0,0.8733333380023639,6.0,9.0,0.0,6.0,15.0
/vol/tensusers6/lisannehuisman/data/images/test/S0-SM_barrel_19-elhigh-radnear-az270.png,0.5714285714285714,1.0,0.7272727272727273,1.0,0.827142858505249,4.0,3.0,0.0,4.0,7.0
/vol/tensusers6/lisannehuisman/data/images/test/S0-SM_barrel_19-ellow-radfar-az000.png,0.22857142857142856,0.5161290322580645,0.31683168316831684,0.5149101839244761,0.23040443864085175,16.0,54.0,15.0,31.0,70.0
/vol/tensusers6/lisannehuisman/data/images/test/S0-SM_barrel_19-ellow-radfar-az045.png,0.1388888888888889,0.9090909090909091,0.24096385542168675,0.7539592394828372,0.3750644932923138,10.0,62.0,1.0,11.0,72.0
/vol/tensusers6/lisannehuisman/data/images/test/S0-SM_barrel_19-ellow-radfar-az270.png,0.3230769230769231,0.9545454545454546,0.4827586206896552,0.916514591005515,0.6515587173776425,21.0,44.0,1.0,22.0,65.0
/vol/tensusers6/lisannehuisman/data/images/test/S0-SM_barrel_19-ellow-radmid-az045.png,0.08695652173913043,0.47058823529411764,0.14678899082568805,0.4641943772602112,0.2565590404767229,8.0,84.0,9.0,17.0,92.0
/vol/tensusers6/lisannehuisman/data/images/test/S0-SM_barrel_19-ellow-radmid-az225.png,0.30434782608695654,0.875,0.4516129032258065,0.8783967383205891,0.6724834280379582,14.0,32.0,2.0,16.0,46.0
/vol/tensusers6/lisannehuisman/data/images/test/S0-SM_barrel_19-elmid-radfar-az135.png,0.2631578947368421,1.0,0.4166666666666667,0.9428571496691021,0.64270678475051,5.0,14.0,0.0,5.0,19.0
/vol/tensusers6/lisannehuisman/data/images/test/S0-SM_barrel_2-elhigh-radmid-az135.png,0.6666666666666666,1.0,0.8,1.0,0.94375,4.0,2.0,0.0,4.0,6.0
/vol/tensusers6/lisannehuisman/data/images/test/S0-SM_barrel_2-elhigh-radnear-az315.png,1.0,1.0,1.0,1.0,0.93125,4.0,0.0,0.0,4.0,4.0
/vol/tensusers6/lisannehuisman/data/images/test/S0-SM_barrel_2-ellow-radfar-az225.png,0.09523809523809523,0.8,0.1702127659574468,0.6285714512424809,0.515714300475305,4.0,38.0,1.0,5.0,42.0
/vol/tensusers6/lisannehuisman/data/images/test/S0-SM_barrel_2-ellow-radfar-az270.png,0.25925925925925924,0.6666666666666666,0.37333333333333335,0.6168637218812032,0.3945650577232191,14.0,40.0,7.0,21.0,54.0
/vol/tensusers6/lisannehuisman/data/images/test/S0-SM_barrel_2-ellow-radfar-az315.png,0.2777777777777778,1.0,0.4347826086956522,1.0,0.8328282864858405,5.0,13.0,0.0,5.0,18.0
/vol/tensusers6/lisannehuisman/data/images/test/S0-SM_barrel_2-ellow-radmid-az180.png,0.09375,0.6,0.16216216216216214,0.6187500227242708,0.5107500128932296,3.0,29.0,2.0,5.0,32.0
/vol/tensusers6/lisannehuisman/data/images/test/S0-SM_barrel_2-ellow-radnear-az000.png,0.42857142857142855,1.0,0.6,1.0,0.9130952385032461,6.0,8.0,0.0,6.0,14.0
/vol/tensusers6/lisannehuisman/data/images/test/S0-SM_barrel_2-elmid-radfar-az045.png,0.7142857142857143,1.0,0.8333333333333333,1.0,0.857714289222445,5.0,2.0,0.0,5.0,7.0
/vol/tensusers6/lisannehuisman/data/images/test/S0-SM_barrel_2-elmid-radfar-az090.png,0.8,1.0,0.888888888888889,1.0,0.9475000008940697,4.0,1.0,0.0,4.0,5.0
/vol/tensusers6/lisannehuisman/data/images/test/S0-SM_barrel_2-elmid-radfar-az225.png,0.8,1.0,0.888888888888889,1.0,0.7937500022351742,4.0,1.0,0.0,4.0,5.0
/vol/tensusers6/lisannehuisman/data/images/test/S0-SM_barrel_2-elmid-radmid-az225.png,1.0,1.0,1.0,1.0,0.9375,4.0,0.0,0.0,4.0,4.0
/vol/tensusers6/lisannehuisman/data/images/test/S0-SM_barrel_2-elmid-radnear-az045.png,1.0,1.0,1.0,1.0,0.984375,4.0,0.0,0.0,4.0,4.0
/vol/tensusers6/lisannehuisman/data/images/test/S0-SM_barrel_2-elmid-radnear-az090.png,1.0,1.0,1.0,1.0,0.96875,4.0,0.0,0.0,4.0,4.0
/vol/tensusers6/lisannehuisman/data/images/test/S0-SM_barrel_2-elmid-radnear-az225.png,0.5,1.0,0.6666666666666666,1.0,0.959375,4.0,4.0,0.0,4.0,8.0
/vol/tensusers6/lisannehuisman/data/images/test/S0-SM_barrel_20-elhigh-radmid-az270.png,0.34782608695652173,1.0,0.5161290322580645,0.9502840936183929,0.6924592389725148,8.0,15.0,0.0,8.0,23.0
/vol/tensusers6/lisannehuisman/data/images/test/S0-SM_barrel_20-elhigh-radnear-az315.png,0.7777777777777778,1.0,0.8750000000000001,1.0,0.8952380972249168,7.0,2.0,0.0,7.0,9.0
/vol/tensusers6/lisannehuisman/data/images/test/S0-SM_barrel_20-ellow-radfar-az000.png,0.3023255813953488,0.7647058823529411,0.4333333333333333,0.7780294200024187,0.4432338608760576,13.0,30.0,4.0,17.0,43.0
/vol/tensusers6/lisannehuisman/data/images/test/S0-SM_barrel_20-ellow-radfar-az225.png,1.0,1.0,1.0,1.0,1.0,1.0,0.0,0.0,1.0,1.0
/vol/tensusers6/lisannehuisman/data/images/test/S0-SM_barrel_20-ellow-radmid-az045.png,0.2909090909090909,1.0,0.45070422535211263,0.9284989349544048,0.6219263777369634,16.0,39.0,0.0,16.0,55.0
/vol/tensusers6/lisannehuisman/data/images/test/S0-SM_barrel_20-elmid-radfar-az180.png,0.4166666666666667,0.8333333333333334,0.5555555555555556,0.8680555389987097,0.8097222195731268,5.0,7.0,1.0,6.0,12.0
/vol/tensusers6/lisannehuisman/data/images/test/S0-SM_barrel_20-elmid-radfar-az315.png,0.4166666666666667,0.9090909090909091,0.5714285714285715,0.9115014028409627,0.7668732923545334,10.0,14.0,1.0,11.0,24.0
/vol/tensusers6/lisannehuisman/data/images/test/S0-SM_barrel_20-elmid-radmid-az000.png,0.38235294117647056,1.0,0.5531914893617021,0.9945054928680044,0.7783419621877888,13.0,21.0,0.0,13.0,34.0
/vol/tensusers6/lisannehuisman/data/images/test/S0-SM_barrel_20-elmid-radnear-az135.png,1.0,1.0,1.0,1.0,0.9670000016987323,5.0,0.0,0.0,5.0,5.0
/vol/tensusers6/lisannehuisman/data/images/test/S0-SM_barrel_20-elmid-radnear-az180.png,0.1875,0.75,0.3,0.7734375,0.725,3.0,13.0,1.0,4.0,16.0
/vol/tensusers6/lisannehuisman/data/images/test/S0-SM_barrel_21-elhigh-radfar-az000.png,0.6,1.0,0.7499999999999999,1.0,0.8945679054915168,9.0,6.0,0.0,9.0,15.0
/vol/tensusers6/lisannehuisman/data/images/test/S0-SM_barrel_21-elhigh-radmid-az225.png,0.8571428571428571,1.0,0.923076923076923,1.0,0.8300330737538676,12.0,2.0,0.0,12.0,14.0
/vol/tensusers6/lisannehuisman/data/images/test/S0-SM_barrel_21-elhigh-radnear-az270.png,0.8888888888888888,1.0,0.9411764705882353,1.0,0.7623611140996218,8.0,1.0,0.0,8.0,9.0
/vol/tensusers6/lisannehuisman/data/images/test/S0-SM_barrel_21-ellow-radfar-az000.png,0.3333333333333333,1.0,0.5,1.0,0.9074074101668816,3.0,6.0,0.0,3.0,9.0
/vol/tensusers6/lisannehuisman/data/images/test/S0-SM_barrel_21-ellow-radfar-az180.png,0.4642857142857143,1.0,0.6341463414634146,1.0,0.7699873269389644,13.0,15.0,0.0,13.0,28.0
/vol/tensusers6/lisannehuisman/data/images/test/S0-SM_barrel_21-ellow-radnear-az045.png,0.08823529411764706,0.46153846153846156,0.14814814814814817,0.4743051107493653,0.4151260554325137,6.0,62.0,7.0,13.0,68.0
/vol/tensusers6/lisannehuisman/data/images/test/S0-SM_barrel_21-ellow-radnear-az270.png,0.2727272727272727,1.0,0.42857142857142855,1.0,0.8151515237761267,3.0,8.0,0.0,3.0,11.0
/vol/tensusers6/lisannehuisman/data/images/test/S0-SM_barrel_21-elmid-radfar-az090.png,0.6129032258064516,1.0,0.76,1.0,0.8468767843338159,19.0,12.0,0.0,19.0,31.0
/vol/tensusers6/lisannehuisman/data/images/test/S0-SM_barrel_21-elmid-radmid-az000.png,0.4666666666666667,1.0,0.6363636363636364,1.0,0.8692517065667374,7.0,8.0,0.0,7.0,15.0
/vol/tensusers6/lisannehuisman/data/images/test/S0-SM_barrel_21-elmid-radmid-az045.png,0.8181818181818182,1.0,0.9,1.0,0.8279040440841756,9.0,2.0,0.0,9.0,11.0
/vol/tensusers6/lisannehuisman/data/images/test/S0-SM_barrel_21-elmid-radmid-az180.png,0.5185185185185185,0.9333333333333333,0.6666666666666667,0.9461728426115013,0.7955186601557033,14.0,13.0,1.0,15.0,27.0
/vol/tensusers6/lisannehuisman/data/images/test/S0-SM_barrel_21-elmid-radmid-az270.png,0.75,1.0,0.8571428571428571,1.0,0.8468253996444955,9.0,3.0,0.0,9.0,12.0
/vol/tensusers6/lisannehuisman/data/images/test/S0-SM_barrel_3-elhigh-radfar-az225.png,0.8333333333333334,1.0,0.9090909090909091,1.0,0.9226666717131933,5.0,1.0,0.0,5.0,6.0
/vol/tensusers6/lisannehuisman/data/images/test/S0-SM_barrel_3-elhigh-radmid-az180.png,1.0,1.0,1.0,1.0,0.8760000094175338,5.0,0.0,0.0,5.0,5.0
/vol/tensusers6/lisannehuisman/data/images/test/S0-SM_barrel_3-ellow-radfar-az135.png,0.24193548387096775,0.75,0.36585365853658536,0.7544354760959262,0.616805206580693,15.0,47.0,5.0,20.0,62.0
/vol/tensusers6/lisannehuisman/data/images/test/S0-SM_barrel_3-ellow-radmid-az000.png,0.625,1.0,0.7692307692307693,1.0,0.8500000040046871,5.0,3.0,0.0,5.0,8.0
/vol/tensusers6/lisannehuisman/data/images/test/S0-SM_barrel_3-ellow-radmid-az045.png,0.23333333333333334,0.875,0.3684210526315789,0.8342261901125312,0.5171428583562374,7.0,23.0,1.0,8.0,30.0
/vol/tensusers6/lisannehuisman/data/images/test/S0-SM_barrel_3-ellow-radnear-az045.png,0.23076923076923078,1.0,0.375,1.0,0.9692307711602786,3.0,10.0,0.0,3.0,13.0
/vol/tensusers6/lisannehuisman/data/images/test/S0-SM_barrel_3-ellow-radnear-az180.png,0.17647058823529413,0.7058823529411765,0.2823529411764706,0.6867310245267535,0.5080392869273348,12.0,56.0,5.0,17.0,68.0
/vol/tensusers6/lisannehuisman/data/images/test/S0-SM_barrel_3-elmid-radmid-az270.png,1.0,1.0,1.0,1.0,0.909375,4.0,0.0,0.0,4.0,4.0
/vol/tensusers6/lisannehuisman/data/images/test/S0-SM_barrel_3-elmid-radnear-az180.png,0.6666666666666666,1.0,0.8,1.0,0.95,4.0,2.0,0.0,4.0,6.0
/vol/tensusers6/lisannehuisman/data/images/test/S0-SM_barrel_3-elmid-radnear-az315.png,1.0,1.0,1.0,1.0,0.9777777794334623,3.0,0.0,0.0,3.0,3.0
/vol/tensusers6/lisannehuisman/data/images/test/S0-SM_barrel_4-elhigh-radfar-az180.png,0.8,1.0,0.888888888888889,1.0,0.677500001899898,4.0,1.0,0.0,4.0,5.0
/vol/tensusers6/lisannehuisman/data/images/test/S0-SM_barrel_4-elhigh-radnear-az135.png,1.0,1.0,1.0,1.0,0.925,2.0,0.0,0.0,2.0,2.0
/vol/tensusers6/lisannehuisman/data/images/test/S0-SM_barrel_4-ellow-radfar-az000.png,0.3333333333333333,1.0,0.5,1.0,0.8674032741226256,8.0,16.0,0.0,8.0,24.0
/vol/tensusers6/lisannehuisman/data/images/test/S0-SM_barrel_4-ellow-radmid-az045.png,0.6,1.0,0.7499999999999999,1.0,0.867962968404646,9.0,6.0,0.0,9.0,15.0
/vol/tensusers6/lisannehuisman/data/images/test/S0-SM_barrel_4-ellow-radmid-az270.png,0.0898876404494382,0.5333333333333333,0.15384615384615383,0.44811664926736294,0.21100809074974353,8.0,81.0,7.0,15.0,89.0
/vol/tensusers6/lisannehuisman/data/images/test/S0-SM_barrel_4-ellow-radnear-az045.png,0.5333333333333333,1.0,0.6956521739130436,1.0,0.8152976207435131,8.0,7.0,0.0,8.0,15.0
/vol/tensusers6/lisannehuisman/data/images/test/S0-SM_barrel_4-ellow-radnear-az090.png,0.3103448275862069,1.0,0.4736842105263158,1.0,0.8444334958669882,9.0,20.0,0.0,9.0,29.0
/vol/tensusers6/lisannehuisman/data/images/test/S0-SM_barrel_4-ellow-radnear-az180.png,0.2619047619047619,0.7333333333333333,0.38596491228070173,0.7626984300594479,0.4477057823472038,11.0,31.0,4.0,15.0,42.0
/vol/tensusers6/lisannehuisman/data/images/test/S0-SM_barrel_4-ellow-radnear-az315.png,0.35714285714285715,1.0,0.5263157894736842,1.0,0.7714285781873124,5.0,9.0,0.0,5.0,14.0
/vol/tensusers6/lisannehuisman/data/images/test/S0-SM_barrel_4-elmid-radfar-az045.png,0.4,1.0,0.5714285714285715,1.0,0.860625000204891,8.0,12.0,0.0,8.0,20.0
/vol/tensusers6/lisannehuisman/data/images/test/S0-SM_barrel_4-elmid-radfar-az225.png,0.6,1.0,0.7499999999999999,1.0,0.9133333360155422,3.0,2.0,0.0,3.0,5.0
/vol/tensusers6/lisannehuisman/data/images/test/S0-SM_barrel_4-elmid-radmid-az045.png,0.38461538461538464,0.8333333333333334,0.5263157894736842,0.8653845999103327,0.6890598204107876,5.0,8.0,1.0,6.0,13.0
/vol/tensusers6/lisannehuisman/data/images/test/S0-SM_barrel_4-elmid-radmid-az135.png,0.08695652173913043,1.0,0.16,1.0,0.9510869565419853,2.0,21.0,0.0,2.0,23.0
/vol/tensusers6/lisannehuisman/data/images/test/S0-SM_barrel_4-elmid-radmid-az180.png,0.8,1.0,0.888888888888889,1.0,0.7850000005215406,4.0,1.0,0.0,4.0,5.0
/vol/tensusers6/lisannehuisman/data/images/test/S0-SM_barrel_4-elmid-radmid-az315.png,0.25,0.8,0.38095238095238093,0.8250000104308128,0.6787500114645809,4.0,12.0,1.0,5.0,16.0
/vol/tensusers6/lisannehuisman/data/images/test/S0-SM_barrel_4-elmid-radnear-az090.png,1.0,1.0,1.0,1.0,0.9625,2.0,0.0,0.0,2.0,2.0
/vol/tensusers6/lisannehuisman/data/images/test/S0-SM_barrel_5-elhigh-radmid-az000.png,1.0,1.0,1.0,1.0,0.8875,2.0,0.0,0.0,2.0,2.0
/vol/tensusers6/lisannehuisman/data/images/test/S0-SM_barrel_5-elhigh-radmid-az135.png,0.6666666666666666,1.0,0.8,1.0,0.8333333343267441,2.0,1.0,0.0,2.0,3.0
/vol/tensusers6/lisannehuisman/data/images/test/S0-SM_barrel_5-elhigh-radmid-az270.png,1.0,1.0,1.0,1.0,0.825,2.0,0.0,0.0,2.0,2.0
/vol/tensusers6/lisannehuisman/data/images/test/S0-SM_barrel_5-elhigh-radnear-az045.png,1.0,1.0,1.0,1.0,0.8625,2.0,0.0,0.0,2.0,2.0
/vol/tensusers6/lisannehuisman/data/images/test/S0-SM_barrel_5-ellow-radfar-az180.png,0.3023255813953488,0.6842105263157895,0.41935483870967744,0.6368406344145416,0.43376430498450597,13.0,30.0,6.0,19.0,43.0
/vol/tensusers6/lisannehuisman/data/images/test/S0-SM_barrel_5-ellow-radmid-az180.png,0.14492753623188406,0.45454545454545453,0.21978021978021978,0.4508893356070769,0.26482872623665576,10.0,59.0,12.0,22.0,69.0
/vol/tensusers6/lisannehuisman/data/images/test/S0-SM_barrel_5-ellow-radnear-az045.png,1.0,1.0,1.0,1.0,0.9,1.0,0.0,0.0,1.0,1.0
/vol/tensusers6/lisannehuisman/data/images/test/S0-SM_barrel_5-elmid-radfar-az000.png,1.0,1.0,1.0,1.0,0.8875,2.0,0.0,0.0,2.0,2.0
/vol/tensusers6/lisannehuisman/data/images/test/S0-SM_barrel_5-elmid-radfar-az180.png,0.35714285714285715,0.8333333333333334,0.5,0.8630952224844979,0.6220238111292322,5.0,9.0,1.0,6.0,14.0
/vol/tensusers6/lisannehuisman/data/images/test/S0-SM_barrel_5-elmid-radmid-az090.png,1.0,1.0,1.0,1.0,0.8,1.0,0.0,0.0,1.0,1.0
/vol/tensusers6/lisannehuisman/data/images/test/S0-SM_barrel_5-elmid-radmid-az225.png,0.4444444444444444,1.0,0.6153846153846153,1.0,0.8166666669771075,4.0,5.0,0.0,4.0,9.0
/vol/tensusers6/lisannehuisman/data/images/test/S0-SM_barrel_5-elmid-radmid-az315.png,0.3076923076923077,1.0,0.47058823529411764,1.0,0.7971153849735856,4.0,9.0,0.0,4.0,13.0
/vol/tensusers6/lisannehuisman/data/images/test/S0-SM_barrel_6-elhigh-radfar-az045.png,1.0,1.0,1.0,1.0,0.7340000047385693,5.0,0.0,0.0,5.0,5.0
/vol/tensusers6/lisannehuisman/data/images/test/S0-SM_barrel_6-elhigh-radfar-az225.png,1.0,1.0,1.0,1.0,0.922222225036886,3.0,0.0,0.0,3.0,3.0
/vol/tensusers6/lisannehuisman/data/images/test/S0-SM_barrel_6-elhigh-radmid-az000.png,1.0,1.0,1.0,1.0,0.8280000029206274,5.0,0.0,0.0,5.0,5.0
/vol/tensusers6/lisannehuisman/data/images/test/S0-SM_barrel_6-elhigh-radmid-az045.png,0.3076923076923077,1.0,0.47058823529411764,1.0,0.7153846158646047,4.0,9.0,0.0,4.0,13.0
/vol/tensusers6/lisannehuisman/data/images/test/S0-SM_barrel_6-elhigh-radmid-az090.png,0.6666666666666666,1.0,0.8,1.0,0.7104166677221656,4.0,2.0,0.0,4.0,6.0
/vol/tensusers6/lisannehuisman/data/images/test/S0-SM_barrel_6-elhigh-radmid-az135.png,0.3333333333333333,1.0,0.5,1.0,0.816666667163372,2.0,4.0,0.0,2.0,6.0
/vol/tensusers6/lisannehuisman/data/images/test/S0-SM_barrel_6-elhigh-radnear-az225.png,0.6666666666666666,1.0,0.8,1.0,1.0,2.0,1.0,0.0,2.0,3.0
/vol/tensusers6/lisannehuisman/data/images/test/S0-SM_barrel_6-ellow-radfar-az135.png,0.22077922077922077,0.7391304347826086,0.33999999999999997,0.7290090325607692,0.2915751305698997,17.0,60.0,6.0,23.0,77.0
/vol/tensusers6/lisannehuisman/data/images/test/S0-SM_barrel_6-ellow-radmid-az045.png,0.47368421052631576,1.0,0.6428571428571429,1.0,0.8391764178156098,9.0,10.0,0.0,9.0,19.0
/vol/tensusers6/lisannehuisman/data/images/test/S0-SM_barrel_6-ellow-radnear-az000.png,0.3333333333333333,1.0,0.5,1.0,0.8506666735907397,5.0,10.0,0.0,5.0,15.0
/vol/tensusers6/lisannehuisman/data/images/test/S0-SM_barrel_6-ellow-radnear-az225.png,0.09183673469387756,0.47368421052631576,0.15384615384615385,0.3777054256530674,0.24393918105762383,9.0,89.0,10.0,19.0,98.0
/vol/tensusers6/lisannehuisman/data/images/test/S0-SM_barrel_6-elmid-radfar-az135.png,0.17647058823529413,0.75,0.2857142857142857,0.7720588240772486,0.5477941179648042,3.0,14.0,1.0,4.0,17.0
/vol/tensusers6/lisannehuisman/data/images/test/S0-SM_barrel_6-elmid-radnear-az000.png,1.0,1.0,1.0,1.0,0.94375,4.0,0.0,0.0,4.0,4.0
/vol/tensusers6/lisannehuisman/data/images/test/S0-SM_barrel_6-elmid-radnear-az090.png,1.0,1.0,1.0,1.0,0.86875,4.0,0.0,0.0,4.0,4.0
/vol/tensusers6/lisannehuisman/data/images/test/S0-SM_barrel_6-elmid-radnear-az135.png,0.75,1.0,0.8571428571428571,1.0,0.8916666705161334,3.0,1.0,0.0,3.0,4.0
/vol/tensusers6/lisannehuisman/data/images/test/S0-SM_barrel_6-elmid-radnear-az225.png,0.6666666666666666,1.0,0.8,1.0,0.7500000014901161,2.0,1.0,0.0,2.0,3.0
/vol/tensusers6/lisannehuisman/data/images/test/S0-SM_barrel_7-elhigh-radmid-az135.png,1.0,1.0,1.0,1.0,0.925,2.0,0.0,0.0,2.0,2.0
/vol/tensusers6/lisannehuisman/data/images/test/S0-SM_barrel_7-elhigh-radnear-az000.png,1.0,1.0,1.0,1.0,0.853125,4.0,0.0,0.0,4.0,4.0
/vol/tensusers6/lisannehuisman/data/images/test/S0-SM_barrel_7-elhigh-radnear-az135.png,1.0,1.0,1.0,1.0,0.8875,2.0,0.0,0.0,2.0,2.0
/vol/tensusers6/lisannehuisman/data/images/test/S0-SM_barrel_7-elhigh-radnear-az225.png,1.0,1.0,1.0,1.0,0.8111111162437334,3.0,0.0,0.0,3.0,3.0
/vol/tensusers6/lisannehuisman/data/images/test/S0-SM_barrel_7-ellow-radfar-az000.png,0.34782608695652173,1.0,0.5161290322580645,1.0,0.7825989917153493,8.0,15.0,0.0,8.0,23.0
/vol/tensusers6/lisannehuisman/data/images/test/S0-SM_barrel_7-ellow-radfar-az135.png,0.3018867924528302,0.7272727272727273,0.4266666666666667,0.7403512220080621,0.4376724795926844,16.0,37.0,6.0,22.0,53.0
/vol/tensusers6/lisannehuisman/data/images/test/S0-SM_barrel_7-ellow-radmid-az090.png,0.4074074074074074,1.0,0.5789473684210525,1.0,0.8620140853221351,11.0,16.0,0.0,11.0,27.0
/vol/tensusers6/lisannehuisman/data/images/test/S0-SM_barrel_7-ellow-radmid-az315.png,0.26666666666666666,0.8,0.4,0.8266666783889134,0.7380000114887952,4.0,11.0,1.0,5.0,15.0
/vol/tensusers6/lisannehuisman/data/images/test/S0-SM_barrel_7-ellow-radnear-az000.png,0.8571428571428571,1.0,0.923076923076923,1.0,0.7849206280613705,6.0,1.0,0.0,6.0,7.0
/vol/tensusers6/lisannehuisman/data/images/test/S0-SM_barrel_7-ellow-radnear-az225.png,0.09722222222222222,0.5,0.16279069767441862,0.5153769850730896,0.28727106869306585,7.0,65.0,7.0,14.0,72.0
/vol/tensusers6/lisannehuisman/data/images/test/S0-SM_barrel_7-ellow-radnear-az315.png,0.38461538461538464,1.0,0.5555555555555556,1.0,0.7642307791801599,5.0,8.0,0.0,5.0,13.0
/vol/tensusers6/lisannehuisman/data/images/test/S0-SM_barrel_8-elhigh-radfar-az315.png,1.0,1.0,1.0,1.0,0.9333333351214727,5.0,0.0,0.0,5.0,5.0
/vol/tensusers6/lisannehuisman/data/images/test/S0-SM_barrel_8-elhigh-radmid-az225.png,0.8333333333333334,1.0,0.9090909090909091,1.0,0.8933333379030227,5.0,1.0,0.0,5.0,6.0
/vol/tensusers6/lisannehuisman/data/images/test/S0-SM_barrel_8-elhigh-radnear-az180.png,1.0,1.0,1.0,1.0,0.872916667163372,4.0,0.0,0.0,4.0,4.0
/vol/tensusers6/lisannehuisman/data/images/test/S0-SM_barrel_8-elhigh-radnear-az225.png,0.42857142857142855,0.75,0.5454545454545454,0.8035714291036129,0.6875000018626451,3.0,4.0,1.0,4.0,7.0
/vol/tensusers6/lisannehuisman/data/images/test/S0-SM_barrel_8-elhigh-radnear-az315.png,0.6666666666666666,1.0,0.8,1.0,0.925,4.0,2.0,0.0,4.0,6.0
/vol/tensusers6/lisannehuisman/data/images/test/S0-SM_barrel_8-ellow-radfar-az135.png,0.2222222222222222,1.0,0.3636363636363636,1.0,0.8354166669305414,4.0,14.0,0.0,4.0,18.0
/vol/tensusers6/lisannehuisman/data/images/test/S0-SM_barrel_8-ellow-radfar-az270.png,0.32,0.8888888888888888,0.47058823529411764,0.9066666718324026,0.5773333411945236,8.0,17.0,1.0,9.0,25.0
/vol/tensusers6/lisannehuisman/data/images/test/S0-SM_barrel_8-ellow-radmid-az090.png,0.08045977011494253,0.3888888888888889,0.13333333333333333,0.32310177815038976,0.17571167577339114,7.0,80.0,11.0,18.0,87.0
/vol/tensusers6/lisannehuisman/data/images/test/S0-SM_barrel_8-ellow-radmid-az135.png,0.16666666666666666,1.0,0.2857142857142857,1.0,0.8307291668374092,4.0,20.0,0.0,4.0,24.0
/vol/tensusers6/lisannehuisman/data/images/test/S0-SM_barrel_8-elmid-radfar-az135.png,0.6666666666666666,1.0,0.8,1.0,0.875000000745058,4.0,2.0,0.0,4.0,6.0
/vol/tensusers6/lisannehuisman/data/images/test/S0-SM_barrel_8-elmid-radmid-az000.png,1.0,1.0,1.0,1.0,0.9625,2.0,0.0,0.0,2.0,2.0
/vol/tensusers6/lisannehuisman/data/images/test/S0-SM_container_1-elhigh-radfar-az090.png,0.2,1.0,0.33333333333333337,1.0,0.9525000000372529,4.0,16.0,0.0,4.0,20.0
/vol/tensusers6/lisannehuisman/data/images/test/S0-SM_container_1-elhigh-radfar-az135.png,0.3333333333333333,0.75,0.46153846153846156,0.7916666679084301,0.7444444455206394,3.0,6.0,1.0,4.0,9.0
/vol/tensusers6/lisannehuisman/data/images/test/S0-SM_container_1-ellow-radmid-az180.png,0.1375,0.4782608695652174,0.21359223300970873,0.45267067437061836,0.27897662814564794,11.0,69.0,12.0,23.0,80.0
/vol/tensusers6/lisannehuisman/data/images/test/S0-SM_container_1-ellow-radmid-az315.png,1.0,1.0,1.0,1.0,1.0,1.0,0.0,0.0,1.0,1.0
/vol/tensusers6/lisannehuisman/data/images/test/S0-SM_container_1-ellow-radnear-az000.png,1.0,1.0,1.0,1.0,1.0,1.0,0.0,0.0,1.0,1.0
/vol/tensusers6/lisannehuisman/data/images/test/S0-SM_container_1-elmid-radfar-az045.png,0.6666666666666666,1.0,0.8,1.0,0.958333333581686,2.0,1.0,0.0,2.0,3.0
/vol/tensusers6/lisannehuisman/data/images/test/S0-SM_container_1-elmid-radfar-az270.png,1.0,1.0,1.0,1.0,0.85,2.0,0.0,0.0,2.0,2.0
/vol/tensusers6/lisannehuisman/data/images/test/S0-SM_container_1-elmid-radmid-az000.png,1.0,1.0,1.0,1.0,1.0,1.0,0.0,0.0,1.0,1.0
/vol/tensusers6/lisannehuisman/data/images/test/S0-SM_container_1-elmid-radmid-az225.png,0.16666666666666666,0.5,0.25,0.5416666679084301,0.4895833345130086,2.0,10.0,2.0,4.0,12.0
/vol/tensusers6/lisannehuisman/data/images/test/S0-SM_container_1-elmid-radmid-az315.png,1.0,1.0,1.0,1.0,1.0,1.0,0.0,0.0,1.0,1.0
/vol/tensusers6/lisannehuisman/data/images/test/S0-SM_container_10-elhigh-radfar-az000.png,0.6153846153846154,1.0,0.761904761904762,1.0,0.9830528847873211,8.0,5.0,0.0,8.0,13.0
/vol/tensusers6/lisannehuisman/data/images/test/S0-SM_container_10-elhigh-radfar-az315.png,0.7333333333333333,1.0,0.846153846153846,0.9848484880093373,0.8682644654789904,11.0,4.0,0.0,11.0,15.0
/vol/tensusers6/lisannehuisman/data/images/test/S0-SM_container_10-elhigh-radmid-az180.png,0.75,1.0,0.8571428571428571,1.0,0.9656249959021806,6.0,2.0,0.0,6.0,8.0
/vol/tensusers6/lisannehuisman/data/images/test/S0-SM_container_10-elhigh-radmid-az315.png,0.8181818181818182,1.0,0.9,0.9888888869020676,0.9290043320426179,9.0,2.0,0.0,9.0,11.0
/vol/tensusers6/lisannehuisman/data/images/test/S0-SM_container_10-elhigh-radnear-az000.png,0.38461538461538464,0.8333333333333334,0.5263157894736842,0.8653845999103327,0.8653845999103327,5.0,8.0,1.0,6.0,13.0
/vol/tensusers6/lisannehuisman/data/images/test/S0-SM_container_10-elhigh-radnear-az090.png,1.0,1.0,1.0,1.0,0.9902777764532301,6.0,0.0,0.0,6.0,6.0
/vol/tensusers6/lisannehuisman/data/images/test/S0-SM_container_10-elhigh-radnear-az135.png,1.0,1.0,1.0,1.0,0.9918367352412671,7.0,0.0,0.0,7.0,7.0
/vol/tensusers6/lisannehuisman/data/images/test/S0-SM_container_10-elhigh-radnear-az315.png,0.7,1.0,0.8235294117647058,1.0,0.9900000007663454,7.0,3.0,0.0,7.0,10.0
/vol/tensusers6/lisannehuisman/data/images/test/S0-SM_container_10-ellow-radmid-az045.png,0.1724137931034483,0.7142857142857143,0.2777777777777778,0.7032019736731581,0.5205893789938429,10.0,48.0,4.0,14.0,58.0
/vol/tensusers6/lisannehuisman/data/images/test/S0-SM_container_10-ellow-radmid-az180.png,0.2631578947368421,0.6666666666666666,0.3773584905660377,0.5950163809066584,0.4507557901086203,10.0,28.0,5.0,15.0,38.0
/vol/tensusers6/lisannehuisman/data/images/test/S0-SM_container_10-ellow-radnear-az225.png,0.38461538461538464,1.0,0.5555555555555556,1.0,0.9476923109476385,5.0,8.0,0.0,5.0,13.0
/vol/tensusers6/lisannehuisman/data/images/test/S0-SM_container_10-elmid-radnear-az270.png,0.5555555555555556,1.0,0.7142857142857143,1.0,0.9844444454047416,5.0,4.0,0.0,5.0,9.0
/vol/tensusers6/lisannehuisman/data/images/test/S0-SM_container_11-elhigh-radfar-az000.png,1.0,1.0,1.0,1.0,0.98671875,8.0,0.0,0.0,8.0,8.0
/vol/tensusers6/lisannehuisman/data/images/test/S0-SM_container_11-elhigh-radfar-az180.png,0.6153846153846154,1.0,0.761904761904762,1.0,0.9003846168518066,8.0,5.0,0.0,8.0,13.0
/vol/tensusers6/lisannehuisman/data/images/test/S0-SM_container_11-elhigh-radfar-az315.png,0.7333333333333333,1.0,0.846153846153846,0.9924242464881949,0.8840909122246684,11.0,4.0,0.0,11.0,15.0
/vol/tensusers6/lisannehuisman/data/images/test/S0-SM_container_11-elhigh-radmid-az000.png,1.0,1.0,1.0,1.0,0.9539062492549419,8.0,0.0,0.0,8.0,8.0
/vol/tensusers6/lisannehuisman/data/images/test/S0-SM_container_11-elhigh-radnear-az180.png,1.0,1.0,1.0,1.0,1.0,5.0,0.0,0.0,5.0,5.0
/vol/tensusers6/lisannehuisman/data/images/test/S0-SM_container_11-ellow-radfar-az180.png,0.3181818181818182,0.7777777777777778,0.45161290322580644,0.8131313236674877,0.6495310357326983,7.0,15.0,2.0,9.0,22.0
/vol/tensusers6/lisannehuisman/data/images/test/S0-SM_container_11-ellow-radmid-az270.png,1.0,1.0,1.0,1.0,1.0,1.0,0.0,0.0,1.0,1.0
/vol/tensusers6/lisannehuisman/data/images/test/S0-SM_container_11-ellow-radnear-az000.png,0.2962962962962963,1.0,0.45714285714285713,0.9151785746216774,0.805820107832551,8.0,19.0,0.0,8.0,27.0
/vol/tensusers6/lisannehuisman/data/images/test/S0-SM_container_11-ellow-radnear-az045.png,0.2916666666666667,0.5384615384615384,0.3783783783783784,0.6057692519747295,0.5025641115215154,7.0,17.0,6.0,13.0,24.0
/vol/tensusers6/lisannehuisman/data/images/test/S0-SM_container_11-ellow-radnear-az135.png,0.4,0.8,0.5333333333333333,0.8400000101327896,0.7860000138878822,4.0,6.0,1.0,5.0,10.0
/vol/tensusers6/lisannehuisman/data/images/test/S0-SM_container_11-elmid-radfar-az045.png,0.47368421052631576,1.0,0.6428571428571429,1.0,0.9585282666699463,9.0,10.0,0.0,9.0,19.0
/vol/tensusers6/lisannehuisman/data/images/test/S0-SM_container_11-elmid-radfar-az270.png,0.2916666666666667,1.0,0.45161290322580644,1.0,0.9550000025331974,7.0,17.0,0.0,7.0,24.0
/vol/tensusers6/lisannehuisman/data/images/test/S0-SM_container_11-elmid-radmid-az180.png,0.4166666666666667,1.0,0.5882352941176471,1.0,1.0,5.0,7.0,0.0,5.0,12.0
/vol/tensusers6/lisannehuisman/data/images/test/S0-SM_container_11-elmid-radmid-az270.png,0.2857142857142857,0.8571428571428571,0.42857142857142855,0.8775510286190071,0.7214285870747907,6.0,15.0,1.0,7.0,21.0
/vol/tensusers6/lisannehuisman/data/images/test/S0-SM_container_11-elmid-radmid-az315.png,0.5,1.0,0.6666666666666666,1.0,1.0,7.0,7.0,0.0,7.0,14.0
/vol/tensusers6/lisannehuisman/data/images/test/S0-SM_container_11-elmid-radnear-az270.png,0.5,1.0,0.6666666666666666,1.0,1.0,4.0,4.0,0.0,4.0,8.0
/vol/tensusers6/lisannehuisman/data/images/test/S0-SM_container_12-elhigh-radfar-az045.png,0.5,1.0,0.6666666666666666,1.0,0.9290123501677574,9.0,9.0,0.0,9.0,18.0
/vol/tensusers6/lisannehuisman/data/images/test/S0-SM_container_12-elhigh-radmid-az225.png,0.42857142857142855,1.0,0.6,1.0,0.9863095222484498,6.0,8.0,0.0,6.0,14.0
/vol/tensusers6/lisannehuisman/data/images/test/S0-SM_container_12-elhigh-radnear-az090.png,0.375,1.0,0.5454545454545454,1.0,0.8680208375304937,6.0,10.0,0.0,6.0,16.0
/vol/tensusers6/lisannehuisman/data/images/test/S0-SM_container_12-elhigh-radnear-az315.png,0.875,1.0,0.9333333333333333,1.0,0.9285714328289032,7.0,1.0,0.0,7.0,8.0
/vol/tensusers6/lisannehuisman/data/images/test/S0-SM_container_12-ellow-radfar-az000.png,0.391304347826087,0.9,0.5454545454545454,0.9195651980197947,0.6706728751564447,9.0,14.0,1.0,10.0,23.0
/vol/tensusers6/lisannehuisman/data/images/test/S0-SM_container_12-ellow-radfar-az180.png,0.16666666666666666,0.8181818181818182,0.2769230769230769,0.7706374216166911,0.46162878563447035,9.0,45.0,2.0,11.0,54.0
/vol/tensusers6/lisannehuisman/data/images/test/S0-SM_container_12-ellow-radmid-az315.png,0.22727272727272727,1.0,0.37037037037037035,0.8711111264758635,0.6901212286605978,5.0,17.0,0.0,5.0,22.0
/vol/tensusers6/lisannehuisman/data/images/test/S0-SM_container_12-ellow-radnear-az045.png,0.3333333333333333,1.0,0.5,1.0,0.8959183711330502,7.0,14.0,0.0,7.0,21.0
/vol/tensusers6/lisannehuisman/data/images/test/S0-SM_container_12-elmid-radmid-az045.png,1.0,1.0,1.0,1.0,0.9539062492549419,8.0,0.0,0.0,8.0,8.0
/vol/tensusers6/lisannehuisman/data/images/test/S0-SM_container_13-elhigh-radfar-az045.png,0.5,0.8333333333333334,0.625,0.8598484780752287,0.7647186193257182,10.0,10.0,2.0,12.0,20.0
/vol/tensusers6/lisannehuisman/data/images/test/S0-SM_container_13-elhigh-radfar-az270.png,0.7272727272727273,1.0,0.8421052631578948,1.0,0.9766098484396935,8.0,3.0,0.0,8.0,11.0
/vol/tensusers6/lisannehuisman/data/images/test/S0-SM_container_13-elhigh-radmid-az315.png,0.7777777777777778,1.0,0.8750000000000001,1.0,0.9904761911857696,7.0,2.0,0.0,7.0,9.0
/vol/tensusers6/lisannehuisman/data/images/test/S0-SM_container_13-elhigh-radnear-az090.png,0.7142857142857143,1.0,0.8333333333333333,1.0,0.9371428610597338,5.0,2.0,0.0,5.0,7.0
/vol/tensusers6/lisannehuisman/data/images/test/S0-SM_container_13-elhigh-radnear-az135.png,0.8333333333333334,1.0,0.9090909090909091,1.0,0.9433333371082941,5.0,1.0,0.0,5.0,6.0
/vol/tensusers6/lisannehuisman/data/images/test/S0-SM_container_13-ellow-radfar-az045.png,0.1267605633802817,0.6428571428571429,0.21176470588235297,0.6512072318441553,0.45624413466935526,9.0,62.0,5.0,14.0,71.0
/vol/tensusers6/lisannehuisman/data/images/test/S0-SM_container_13-ellow-radnear-az000.png,0.625,1.0,0.7692307692307693,1.0,0.9475000005215406,5.0,3.0,0.0,5.0,8.0
/vol/tensusers6/lisannehuisman/data/images/test/S0-SM_container_13-ellow-radnear-az135.png,0.3103448275862069,0.8181818181818182,0.45000000000000007,0.8054858890727026,0.5145141137510446,9.0,20.0,2.0,11.0,29.0
/vol/tensusers6/lisannehuisman/data/images/test/S0-SM_container_13-ellow-radnear-az225.png,0.4166666666666667,1.0,0.5882352941176471,1.0,0.8616666728258131,5.0,7.0,0.0,5.0,12.0
/vol/tensusers6/lisannehuisman/data/images/test/S0-SM_container_13-ellow-radnear-az315.png,0.4,1.0,0.5714285714285715,1.0,0.9343303577974439,8.0,12.0,0.0,8.0,20.0
/vol/tensusers6/lisannehuisman/data/images/test/S0-SM_container_13-elmid-radfar-az000.png,0.5652173913043478,0.9285714285714286,0.7027027027027025,0.9436557048860656,0.8379547382416513,13.0,10.0,1.0,14.0,23.0
/vol/tensusers6/lisannehuisman/data/images/test/S0-SM_container_13-elmid-radmid-az090.png,0.16666666666666666,1.0,0.2857142857142857,0.9102563999402218,0.8562250604616357,6.0,30.0,0.0,6.0,36.0
/vol/tensusers6/lisannehuisman/data/images/test/S0-SM_container_13-elmid-radmid-az270.png,0.5714285714285714,1.0,0.7272727272727273,1.0,0.9383928574621677,8.0,6.0,0.0,8.0,14.0
/vol/tensusers6/lisannehuisman/data/images/test/S0-SM_container_13-elmid-radnear-az180.png,0.42857142857142855,1.0,0.6,1.0,0.9428571466888698,3.0,4.0,0.0,3.0,7.0
/vol/tensusers6/lisannehuisman/data/images/test/S0-SM_container_14-elhigh-radfar-az045.png,0.875,1.0,0.9333333333333333,1.0,0.9142857169732451,7.0,1.0,0.0,7.0,8.0
/vol/tensusers6/lisannehuisman/data/images/test/S0-SM_container_14-elhigh-radnear-az000.png,1.0,1.0,1.0,1.0,0.9760000016689301,5.0,0.0,0.0,5.0,5.0
/vol/tensusers6/lisannehuisman/data/images/test/S0-SM_container_14-ellow-radfar-az000.png,0.21100917431192662,0.6764705882352942,0.3216783216783217,0.649899564123257,0.44564284946601,23.0,86.0,11.0,34.0,109.0
/vol/tensusers6/lisannehuisman/data/images/test/S0-SM_container_14-ellow-radfar-az135.png,0.8571428571428571,1.0,0.923076923076923,1.0,0.9238095244481451,6.0,1.0,0.0,6.0,7.0
/vol/tensusers6/lisannehuisman/data/images/test/S0-SM_container_14-ellow-radmid-az000.png,0.20408163265306123,0.8333333333333334,0.3278688524590165,0.8230231299571593,0.5279293134803278,20.0,78.0,4.0,24.0,98.0
/vol/tensusers6/lisannehuisman/data/images/test/S0-SM_container_14-elmid-radmid-az090.png,1.0,1.0,1.0,1.0,0.9777777794334623,3.0,0.0,0.0,3.0,3.0
/vol/tensusers6/lisannehuisman/data/images/test/S0-SM_container_14-elmid-radmid-az270.png,0.6153846153846154,0.8888888888888888,0.7272727272727274,0.9230769289354992,0.8154558530178164,8.0,5.0,1.0,9.0,13.0
/vol/tensusers6/lisannehuisman/data/images/test/S0-SM_container_14-elmid-radnear-az000.png,1.0,1.0,1.0,1.0,0.9555555588669247,3.0,0.0,0.0,3.0,3.0
/vol/tensusers6/lisannehuisman/data/images/test/S0-SM_container_14-elmid-radnear-az180.png,0.5,1.0,0.6666666666666666,1.0,0.8380000103712082,5.0,5.0,0.0,5.0,10.0
/vol/tensusers6/lisannehuisman/data/images/test/S0-SM_container_14-elmid-radnear-az225.png,0.625,1.0,0.7692307692307693,1.0,0.9325000014156103,5.0,3.0,0.0,5.0,8.0
/vol/tensusers6/lisannehuisman/data/images/test/S0-SM_container_15-elhigh-radfar-az090.png,0.9,1.0,0.9473684210526316,1.0,0.9433333364460204,9.0,1.0,0.0,9.0,10.0
/vol/tensusers6/lisannehuisman/data/images/test/S0-SM_container_15-elhigh-radfar-az180.png,0.8333333333333334,1.0,0.9090909090909091,1.0,0.9262499988575776,10.0,2.0,0.0,10.0,12.0
/vol/tensusers6/lisannehuisman/data/images/test/S0-SM_container_15-elhigh-radmid-az000.png,1.0,1.0,1.0,1.0,0.9544642858207226,8.0,0.0,0.0,8.0,8.0
/vol/tensusers6/lisannehuisman/data/images/test/S0-SM_container_15-elhigh-radmid-az090.png,1.0,1.0,1.0,1.0,0.9836734704825343,7.0,0.0,0.0,7.0,7.0
/vol/tensusers6/lisannehuisman/data/images/test/S0-SM_container_15-elhigh-radmid-az270.png,1.0,0.9,0.9473684210526316,0.949999988079071,0.9146825345262648,9.0,0.0,1.0,10.0,9.0
/vol/tensusers6/lisannehuisman/data/images/test/S0-SM_container_15-elhigh-radmid-az315.png,1.0,1.0,1.0,1.0,0.94140625,8.0,0.0,0.0,8.0,8.0
/vol/tensusers6/lisannehuisman/data/images/test/S0-SM_container_15-elhigh-radnear-az045.png,0.75,1.0,0.8571428571428571,1.0,0.9656249959021806,6.0,2.0,0.0,6.0,8.0
/vol/tensusers6/lisannehuisman/data/images/test/S0-SM_container_15-elhigh-radnear-az135.png,0.8,1.0,0.888888888888889,1.0,0.9535416662693024,8.0,2.0,0.0,8.0,10.0
/vol/tensusers6/lisannehuisman/data/images/test/S0-SM_container_15-elhigh-radnear-az270.png,0.6153846153846154,0.8888888888888888,0.7272727272727274,0.9230769289354992,0.8769230854689564,8.0,5.0,1.0,9.0,13.0
/vol/tensusers6/lisannehuisman/data/images/test/S0-SM_container_15-ellow-radfar-az135.png,0.8,1.0,0.888888888888889,1.0,0.878125,8.0,2.0,0.0,8.0,10.0
/vol/tensusers6/lisannehuisman/data/images/test/S0-SM_container_15-ellow-radfar-az270.png,0.38461538461538464,0.8333333333333334,0.5263157894736842,0.8376068254439248,0.7976495648200956,5.0,8.0,1.0,6.0,13.0
/vol/tensusers6/lisannehuisman/data/images/test/S0-SM_container_15-ellow-radmid-az315.png,0.43243243243243246,0.8421052631578947,0.5714285714285715,0.8762446714626098,0.6315041323461144,16.0,21.0,3.0,19.0,37.0
/vol/tensusers6/lisannehuisman/data/images/test/S0-SM_container_15-elmid-radfar-az180.png,0.8333333333333334,1.0,0.9090909090909091,1.0,0.9279166575769583,10.0,2.0,0.0,10.0,12.0
/vol/tensusers6/lisannehuisman/data/images/test/S0-SM_container_15-elmid-radnear-az180.png,0.8,1.0,0.888888888888889,1.0,0.9756249997764825,8.0,2.0,0.0,8.0,10.0
/vol/tensusers6/lisannehuisman/data/images/test/S0-SM_container_16-elhigh-radmid-az270.png,0.625,1.0,0.7692307692307693,1.0,0.9406249905005097,10.0,6.0,0.0,10.0,16.0
/vol/tensusers6/lisannehuisman/data/images/test/S0-SM_container_16-elhigh-radnear-az180.png,0.45,1.0,0.6206896551724138,1.0,0.918055560770962,9.0,11.0,0.0,9.0,20.0
/vol/tensusers6/lisannehuisman/data/images/test/S0-SM_container_16-elhigh-radnear-az225.png,0.7,1.0,0.8235294117647058,1.0,0.9500000038317271,7.0,3.0,0.0,7.0,10.0
/vol/tensusers6/lisannehuisman/data/images/test/S0-SM_container_16-ellow-radmid-az000.png,0.22784810126582278,0.9,0.36363636363636365,0.8807673937421816,0.644659288050599,18.0,61.0,2.0,20.0,79.0
/vol/tensusers6/lisannehuisman/data/images/test/S0-SM_container_16-ellow-radmid-az270.png,0.5555555555555556,1.0,0.7142857142857143,1.0,0.9355555596616533,5.0,4.0,0.0,5.0,9.0
/vol/tensusers6/lisannehuisman/data/images/test/S0-SM_container_16-ellow-radmid-az315.png,0.3548387096774194,0.7333333333333333,0.47826086956521735,0.7481776439965468,0.6125269385161374,11.0,20.0,4.0,15.0,31.0
/vol/tensusers6/lisannehuisman/data/images/test/S0-SM_container_16-ellow-radnear-az180.png,0.4166666666666667,1.0,0.5882352941176471,1.0,0.9650000020861625,5.0,7.0,0.0,5.0,12.0
/vol/tensusers6/lisannehuisman/data/images/test/S0-SM_container_16-ellow-radnear-az225.png,1.0,1.0,1.0,1.0,1.0,1.0,0.0,0.0,1.0,1.0
/vol/tensusers6/lisannehuisman/data/images/test/S0-SM_container_16-elmid-radmid-az045.png,0.8888888888888888,1.0,0.9411764705882353,1.0,0.9756944447755813,8.0,1.0,0.0,8.0,9.0
/vol/tensusers6/lisannehuisman/data/images/test/S0-SM_container_16-elmid-radmid-az090.png,0.8888888888888888,1.0,0.9411764705882353,1.0,0.9392857156693936,8.0,1.0,0.0,8.0,9.0
/vol/tensusers6/lisannehuisman/data/images/test/S0-SM_container_17-elhigh-radmid-az000.png,0.75,0.9,0.8181818181818182,0.9374999850988388,0.8795833256840705,9.0,3.0,1.0,10.0,12.0
/vol/tensusers6/lisannehuisman/data/images/test/S0-SM_container_17-elhigh-radnear-az225.png,0.375,1.0,0.5454545454545454,0.9761904747713182,0.898214279833649,6.0,10.0,0.0,6.0,16.0
/vol/tensusers6/lisannehuisman/data/images/test/S0-SM_container_17-ellow-radfar-az045.png,0.16304347826086957,0.625,0.25862068965517243,0.6062366185517281,0.377772596397827,15.0,77.0,9.0,24.0,92.0
/vol/tensusers6/lisannehuisman/data/images/test/S0-SM_container_17-ellow-radfar-az225.png,0.1875,1.0,0.3157894736842105,0.9166666716337204,0.8208333396352827,3.0,13.0,0.0,3.0,16.0
/vol/tensusers6/lisannehuisman/data/images/test/S0-SM_container_17-ellow-radnear-az180.png,0.42857142857142855,1.0,0.6,1.0,0.9714285733444349,3.0,4.0,0.0,3.0,7.0
/vol/tensusers6/lisannehuisman/data/images/test/S0-SM_container_17-ellow-radnear-az315.png,0.6956521739130435,1.0,0.8205128205128205,1.0,0.7757099175360054,16.0,7.0,0.0,16.0,23.0
/vol/tensusers6/lisannehuisman/data/images/test/S0-SM_container_17-elmid-radfar-az135.png,0.8,1.0,0.888888888888889,1.0,0.9556249998509884,8.0,2.0,0.0,8.0,10.0
/vol/tensusers6/lisannehuisman/data/images/test/S0-SM_container_17-elmid-radfar-az180.png,0.5833333333333334,1.0,0.7368421052631579,1.0,0.9547619071744737,7.0,5.0,0.0,7.0,12.0
/vol/tensusers6/lisannehuisman/data/images/test/S0-SM_container_17-elmid-radmid-az045.png,0.9090909090909091,1.0,0.9523809523809523,1.0,0.9127272682569243,10.0,1.0,0.0,10.0,11.0
/vol/tensusers6/lisannehuisman/data/images/test/S0-SM_container_17-elmid-radmid-az180.png,0.75,1.0,0.8571428571428571,1.0,0.9750000014901161,6.0,2.0,0.0,6.0,8.0
/vol/tensusers6/lisannehuisman/data/images/test/S0-SM_container_17-elmid-radnear-az225.png,0.7142857142857143,1.0,0.8333333333333333,1.0,0.9714285736424582,5.0,2.0,0.0,5.0,7.0
/vol/tensusers6/lisannehuisman/data/images/test/S0-SM_container_18-elhigh-radfar-az000.png,0.9,1.0,0.9473684210526316,1.0,0.9472222260302967,9.0,1.0,0.0,9.0,10.0
/vol/tensusers6/lisannehuisman/data/images/test/S0-SM_container_18-elhigh-radfar-az135.png,0.6666666666666666,0.8571428571428571,0.75,0.9047619118576957,0.8365079485471284,6.0,3.0,1.0,7.0,9.0
/vol/tensusers6/lisannehuisman/data/images/test/S0-SM_container_18-elhigh-radfar-az225.png,1.0,1.0,1.0,1.0,0.9600000029802322,5.0,0.0,0.0,5.0,5.0
/vol/tensusers6/lisannehuisman/data/images/test/S0-SM_container_18-elhigh-radmid-az315.png,0.5833333333333334,1.0,0.7368421052631579,1.0,0.8857142929519923,7.0,5.0,0.0,7.0,12.0
/vol/tensusers6/lisannehuisman/data/images/test/S0-SM_container_18-ellow-radfar-az000.png,0.30337078651685395,0.9642857142857143,0.46153846153846156,0.9567192049742488,0.6536844410338084,27.0,62.0,1.0,28.0,89.0
/vol/tensusers6/lisannehuisman/data/images/test/S0-SM_container_18-ellow-radfar-az180.png,1.0,1.0,1.0,1.0,0.953125,4.0,0.0,0.0,4.0,4.0
/vol/tensusers6/lisannehuisman/data/images/test/S0-SM_container_18-ellow-radnear-az045.png,0.14705882352941177,0.6666666666666666,0.24096385542168675,0.6654622053824553,0.4478977755683914,10.0,58.0,5.0,15.0,68.0
/vol/tensusers6/lisannehuisman/data/images/test/S0-SM_container_18-ellow-radnear-az135.png,0.5,1.0,0.6666666666666666,1.0,1.0,3.0,3.0,0.0,3.0,6.0
/vol/tensusers6/lisannehuisman/data/images/test/S0-SM_container_18-elmid-radfar-az315.png,1.0,1.0,1.0,1.0,0.8483333377043406,6.0,0.0,0.0,6.0,6.0
/vol/tensusers6/lisannehuisman/data/images/test/S0-SM_container_18-elmid-radmid-az000.png,0.5625,1.0,0.72,1.0,0.8861882761488726,9.0,7.0,0.0,9.0,16.0
/vol/tensusers6/lisannehuisman/data/images/test/S0-SM_container_18-elmid-radmid-az090.png,0.5625,1.0,0.72,1.0,0.9312500040978193,9.0,7.0,0.0,9.0,16.0
/vol/tensusers6/lisannehuisman/data/images/test/S0-SM_container_18-elmid-radnear-az045.png,0.45454545454545453,1.0,0.625,1.0,0.8945454585552216,5.0,6.0,0.0,5.0,11.0
/vol/tensusers6/lisannehuisman/data/images/test/S0-SM_container_18-elmid-radnear-az315.png,1.0,1.0,1.0,1.0,0.865625,4.0,0.0,0.0,4.0,4.0
/vol/tensusers6/lisannehuisman/data/images/test/S0-SM_container_2-elhigh-radfar-az225.png,0.8333333333333334,1.0,0.9090909090909091,1.0,0.910000005364418,5.0,1.0,0.0,5.0,6.0
/vol/tensusers6/lisannehuisman/data/images/test/S0-SM_container_2-elhigh-radfar-az315.png,1.0,1.0,1.0,1.0,0.9000000077486037,5.0,0.0,0.0,5.0,5.0
/vol/tensusers6/lisannehuisman/data/images/test/S0-SM_container_2-elhigh-radmid-az090.png,1.0,1.0,1.0,1.0,0.915625,4.0,0.0,0.0,4.0,4.0
/vol/tensusers6/lisannehuisman/data/images/test/S0-SM_container_2-ellow-radfar-az000.png,0.5555555555555556,1.0,0.7142857142857143,1.0,0.7742222312225235,5.0,4.0,0.0,5.0,9.0
/vol/tensusers6/lisannehuisman/data/images/test/S0-SM_container_2-ellow-radnear-az000.png,0.75,1.0,0.8571428571428571,1.0,0.9500000029802322,3.0,1.0,0.0,3.0,4.0
/vol/tensusers6/lisannehuisman/data/images/test/S0-SM_container_2-elmid-radmid-az270.png,0.5,1.0,0.6666666666666666,1.0,0.8953125,4.0,4.0,0.0,4.0,8.0
/vol/tensusers6/lisannehuisman/data/images/test/S0-SM_container_2-elmid-radmid-az315.png,1.0,1.0,1.0,1.0,0.925,4.0,0.0,0.0,4.0,4.0
/vol/tensusers6/lisannehuisman/data/images/test/S0-SM_container_21-elhigh-radfar-az180.png,0.625,0.9090909090909091,0.7407407407407406,0.8859848531132393,0.7269444547729058,10.0,6.0,1.0,11.0,16.0
/vol/tensusers6/lisannehuisman/data/images/test/S0-SM_container_21-elhigh-radmid-az000.png,1.0,1.0,1.0,1.0,1.0,7.0,0.0,0.0,7.0,7.0
/vol/tensusers6/lisannehuisman/data/images/test/S0-SM_container_21-elhigh-radnear-az000.png,1.0,1.0,1.0,1.0,0.9698979608562528,7.0,0.0,0.0,7.0,7.0
/vol/tensusers6/lisannehuisman/data/images/test/S0-SM_container_21-elhigh-radnear-az225.png,0.25,0.875,0.3888888888888889,0.890625,0.7276785720139742,7.0,21.0,1.0,8.0,28.0
/vol/tensusers6/lisannehuisman/data/images/test/S0-SM_container_21-ellow-radmid-az090.png,0.23529411764705882,0.8,0.3636363636363636,0.8235294223708265,0.80470589415992,4.0,13.0,1.0,5.0,17.0
/vol/tensusers6/lisannehuisman/data/images/test/S0-SM_container_21-ellow-radmid-az135.png,0.6666666666666666,1.0,0.8,1.0,0.98125,8.0,4.0,0.0,8.0,12.0
/vol/tensusers6/lisannehuisman/data/images/test/S0-SM_container_21-elmid-radfar-az270.png,0.36666666666666664,1.0,0.5365853658536585,1.0,0.8951515229678515,11.0,19.0,0.0,11.0,30.0
/vol/tensusers6/lisannehuisman/data/images/test/S0-SM_container_21-elmid-radfar-az315.png,0.42857142857142855,1.0,0.6,0.9888888869020676,0.9113756658144728,9.0,12.0,0.0,9.0,21.0
/vol/tensusers6/lisannehuisman/data/images/test/S0-SM_container_21-elmid-radmid-az090.png,1.0,1.0,1.0,1.0,0.9061224559131933,7.0,0.0,0.0,7.0,7.0
/vol/tensusers6/lisannehuisman/data/images/test/S0-SM_container_21-elmid-radnear-az000.png,0.5,1.0,0.6666666666666666,1.0,1.0,4.0,4.0,0.0,4.0,8.0
/vol/tensusers6/lisannehuisman/data/images/test/S0-SM_container_22-elhigh-radfar-az090.png,0.7692307692307693,1.0,0.8695652173913044,1.0,0.9861538472083898,10.0,3.0,0.0,10.0,13.0
/vol/tensusers6/lisannehuisman/data/images/test/S0-SM_container_22-elhigh-radmid-az225.png,0.5555555555555556,1.0,0.7142857142857143,1.0,0.9833333340949484,10.0,8.0,0.0,10.0,18.0
/vol/tensusers6/lisannehuisman/data/images/test/S0-SM_container_22-elhigh-radnear-az180.png,0.42105263157894735,0.8888888888888888,0.5714285714285714,0.9122807071571462,0.8543859737484079,8.0,11.0,1.0,9.0,19.0
/vol/tensusers6/lisannehuisman/data/images/test/S0-SM_container_22-ellow-radfar-az090.png,0.4444444444444444,1.0,0.6153846153846153,1.0,0.9505555558949709,8.0,10.0,0.0,8.0,18.0
/vol/tensusers6/lisannehuisman/data/images/test/S0-SM_container_22-ellow-radmid-az180.png,0.34375,0.9166666666666666,0.5,0.7358019203781692,0.6697338149350518,11.0,21.0,1.0,12.0,32.0
/vol/tensusers6/lisannehuisman/data/images/test/S0-SM_container_22-ellow-radnear-az000.png,1.0,1.0,1.0,1.0,1.0,1.0,0.0,0.0,1.0,1.0
/vol/tensusers6/lisannehuisman/data/images/test/S0-SM_container_22-ellow-radnear-az135.png,0.8571428571428571,1.0,0.923076923076923,1.0,0.957142852601551,6.0,1.0,0.0,6.0,7.0
/vol/tensusers6/lisannehuisman/data/images/test/S0-SM_container_22-elmid-radmid-az045.png,1.0,1.0,1.0,1.0,0.9859375,8.0,0.0,0.0,8.0,8.0
/vol/tensusers6/lisannehuisman/data/images/test/S0-SM_container_22-elmid-radnear-az045.png,0.3684210526315789,1.0,0.5384615384615384,1.0,0.9143692621113164,7.0,12.0,0.0,7.0,19.0
/vol/tensusers6/lisannehuisman/data/images/test/S0-SM_container_22-elmid-radnear-az090.png,0.7777777777777778,1.0,0.8750000000000001,1.0,0.9619047647430783,7.0,2.0,0.0,7.0,9.0
/vol/tensusers6/lisannehuisman/data/images/test/S0-SM_container_23-elhigh-radmid-az045.png,0.45,1.0,0.6206896551724138,1.0,0.9461111143893666,9.0,11.0,0.0,9.0,20.0
/vol/tensusers6/lisannehuisman/data/images/test/S0-SM_container_23-elhigh-radnear-az315.png,0.6428571428571429,0.9,0.75,0.932142840538706,0.9164285555907657,9.0,5.0,1.0,10.0,14.0
/vol/tensusers6/lisannehuisman/data/images/test/S0-SM_container_23-ellow-radmid-az270.png,1.0,1.0,1.0,1.0,0.9666666686534882,3.0,0.0,0.0,3.0,3.0
/vol/tensusers6/lisannehuisman/data/images/test/S0-SM_container_23-ellow-radnear-az045.png,0.25,1.0,0.4,0.9821428582072258,0.8081632742848324,7.0,21.0,0.0,7.0,28.0
/vol/tensusers6/lisannehuisman/data/images/test/S0-SM_container_23-ellow-radnear-az135.png,0.8571428571428571,1.0,0.923076923076923,1.0,0.957142852601551,6.0,1.0,0.0,6.0,7.0
/vol/tensusers6/lisannehuisman/data/images/test/S0-SM_container_23-elmid-radfar-az090.png,0.46153846153846156,1.0,0.631578947368421,1.0,0.9455128239133419,12.0,14.0,0.0,12.0,26.0
/vol/tensusers6/lisannehuisman/data/images/test/S0-SM_container_23-elmid-radfar-az270.png,0.6153846153846154,1.0,0.761904761904762,1.0,0.8710029995068908,16.0,10.0,0.0,16.0,26.0
/vol/tensusers6/lisannehuisman/data/images/test/S0-SM_container_23-elmid-radmid-az090.png,0.6666666666666666,1.0,0.8,1.0,0.9842222231758966,10.0,5.0,0.0,10.0,15.0
/vol/tensusers6/lisannehuisman/data/images/test/S0-SM_container_23-elmid-radnear-az045.png,0.38095238095238093,1.0,0.5517241379310345,1.0,0.8174603180028498,8.0,13.0,0.0,8.0,21.0
/vol/tensusers6/lisannehuisman/data/images/test/S0-SM_container_23-elmid-radnear-az090.png,1.0,1.0,1.0,1.0,0.953125,8.0,0.0,0.0,8.0,8.0
/vol/tensusers6/lisannehuisman/data/images/test/S0-SM_container_23-elmid-radnear-az180.png,0.5833333333333334,1.0,0.7368421052631579,1.0,0.9464285746216774,7.0,5.0,0.0,7.0,12.0
/vol/tensusers6/lisannehuisman/data/images/test/S0-SM_container_3-elhigh-radmid-az315.png,0.35714285714285715,1.0,0.5263157894736842,1.0,0.8600000089406967,5.0,9.0,0.0,5.0,14.0
/vol/tensusers6/lisannehuisman/data/images/test/S0-SM_container_3-elhigh-radnear-az315.png,1.0,1.0,1.0,1.0,0.96875,4.0,0.0,0.0,4.0,4.0
/vol/tensusers6/lisannehuisman/data/images/test/S0-SM_container_3-ellow-radfar-az045.png,0.35714285714285715,1.0,0.5263157894736842,1.0,0.7622857245079109,5.0,9.0,0.0,5.0,14.0
/vol/tensusers6/lisannehuisman/data/images/test/S0-SM_container_3-ellow-radmid-az225.png,0.2972972972972973,0.6875,0.41509433962264153,0.6584318708628416,0.3387861306546256,11.0,26.0,5.0,16.0,37.0
/vol/tensusers6/lisannehuisman/data/images/test/S0-SM_container_3-ellow-radnear-az180.png,0.09375,0.6,0.16216216216216214,0.6187500227242708,0.5787500193342566,3.0,29.0,2.0,5.0,32.0
/vol/tensusers6/lisannehuisman/data/images/test/S0-SM_container_3-elmid-radfar-az000.png,0.8571428571428571,1.0,0.923076923076923,1.0,0.8829365066710922,6.0,1.0,0.0,6.0,7.0
/vol/tensusers6/lisannehuisman/data/images/test/S0-SM_container_3-elmid-radfar-az180.png,1.0,1.0,1.0,1.0,0.9111111177338493,3.0,0.0,0.0,3.0,3.0
/vol/tensusers6/lisannehuisman/data/images/test/S0-SM_container_3-elmid-radfar-az315.png,0.5454545454545454,1.0,0.7058823529411764,1.0,0.833838382446104,6.0,5.0,0.0,6.0,11.0
/vol/tensusers6/lisannehuisman/data/images/test/S0-SM_container_3-elmid-radmid-az000.png,0.8571428571428571,1.0,0.923076923076923,1.0,0.9654761911857695,6.0,1.0,0.0,6.0,7.0
/vol/tensusers6/lisannehuisman/data/images/test/S0-SM_container_3-elmid-radmid-az090.png,0.8,1.0,0.888888888888889,1.0,0.9125000007450581,4.0,1.0,0.0,4.0,5.0
/vol/tensusers6/lisannehuisman/data/images/test/S0-SM_container_30-elhigh-radfar-az090.png,0.9166666666666666,1.0,0.9565217391304348,1.0,0.9818181835340731,11.0,1.0,0.0,11.0,12.0
/vol/tensusers6/lisannehuisman/data/images/test/S0-SM_container_30-elhigh-radmid-az045.png,0.4666666666666667,1.0,0.6363636363636364,1.0,0.9885714292951991,7.0,8.0,0.0,7.0,15.0
/vol/tensusers6/lisannehuisman/data/images/test/S0-SM_container_30-elhigh-radmid-az135.png,0.9,0.9,0.9,0.944999985694885,0.929749986618757,9.0,1.0,1.0,10.0,10.0
/vol/tensusers6/lisannehuisman/data/images/test/S0-SM_container_30-elhigh-radmid-az180.png,1.0,1.0,1.0,1.0,0.9808035716414452,8.0,0.0,0.0,8.0,8.0
/vol/tensusers6/lisannehuisman/data/images/test/S0-SM_container_30-elhigh-radmid-az315.png,1.0,1.0,1.0,1.0,0.9918367352412671,7.0,0.0,0.0,7.0,7.0
/vol/tensusers6/lisannehuisman/data/images/test/S0-SM_container_30-elhigh-radnear-az000.png,0.9,1.0,0.9473684210526316,1.0,0.9344444486167696,9.0,1.0,0.0,9.0,10.0
/vol/tensusers6/lisannehuisman/data/images/test/S0-SM_container_30-elhigh-radnear-az090.png,0.5833333333333334,1.0,0.7368421052631579,1.0,0.9666666685115723,7.0,5.0,0.0,7.0,12.0
/vol/tensusers6/lisannehuisman/data/images/test/S0-SM_container_30-ellow-radfar-az090.png,0.3448275862068966,1.0,0.5128205128205129,1.0,0.8636015324411608,10.0,19.0,0.0,10.0,29.0
/vol/tensusers6/lisannehuisman/data/images/test/S0-SM_container_30-ellow-radfar-az135.png,0.3076923076923077,0.8888888888888888,0.4571428571428572,0.9059829122235632,0.8733618308421214,8.0,18.0,1.0,9.0,26.0
/vol/tensusers6/lisannehuisman/data/images/test/S0-SM_container_30-ellow-radfar-az225.png,0.25,0.8571428571428571,0.3870967741935483,0.8750000074505806,0.7458333429303907,6.0,18.0,1.0,7.0,24.0
/vol/tensusers6/lisannehuisman/data/images/test/S0-SM_container_30-ellow-radnear-az180.png,0.375,1.0,0.5454545454545454,1.0,0.9534374998634061,6.0,10.0,0.0,6.0,16.0
/vol/tensusers6/lisannehuisman/data/images/test/S0-SM_container_30-elmid-radfar-az225.png,0.64,1.0,0.7804878048780487,0.9926470592617989,0.7867879944853484,16.0,9.0,0.0,16.0,25.0
/vol/tensusers6/lisannehuisman/data/images/test/S0-SM_container_30-elmid-radmid-az090.png,0.5714285714285714,1.0,0.7272727272727273,1.0,0.9650252552963738,12.0,9.0,0.0,12.0,21.0
/vol/tensusers6/lisannehuisman/data/images/test/S0-SM_container_30-elmid-radmid-az135.png,0.47368421052631576,1.0,0.6428571428571429,1.0,0.9719298260253773,9.0,10.0,0.0,9.0,19.0
/vol/tensusers6/lisannehuisman/data/images/test/S0-SM_container_30-elmid-radnear-az000.png,0.3333333333333333,0.8571428571428571,0.48,0.8809523887577511,0.8277777862099427,6.0,12.0,1.0,7.0,18.0
/vol/tensusers6/lisannehuisman/data/images/test/S0-SM_container_30-elmid-radnear-az180.png,0.7142857142857143,1.0,0.8333333333333333,1.0,1.0,5.0,2.0,0.0,5.0,7.0
/vol/tensusers6/lisannehuisman/data/images/test/S0-SM_container_30-elmid-radnear-az315.png,0.8333333333333334,1.0,0.9090909090909091,1.0,1.0,5.0,1.0,0.0,5.0,6.0
/vol/tensusers6/lisannehuisman/data/images/test/S0-SM_container_4-elhigh-radfar-az090.png,0.5,1.0,0.6666666666666666,1.0,0.6500000141561031,3.0,3.0,0.0,3.0,6.0
/vol/tensusers6/lisannehuisman/data/images/test/S0-SM_container_4-elhigh-radmid-az000.png,1.0,1.0,1.0,1.0,1.0,1.0,0.0,0.0,1.0,1.0
/vol/tensusers6/lisannehuisman/data/images/test/S0-SM_container_4-elhigh-radmid-az315.png,0.25,1.0,0.4,1.0,1.0,1.0,3.0,0.0,1.0,4.0
/vol/tensusers6/lisannehuisman/data/images/test/S0-SM_container_4-elhigh-radnear-az000.png,1.0,1.0,1.0,1.0,1.0,1.0,0.0,0.0,1.0,1.0
/vol/tensusers6/lisannehuisman/data/images/test/S0-SM_container_4-elhigh-radnear-az315.png,1.0,1.0,1.0,1.0,1.0,1.0,0.0,0.0,1.0,1.0
/vol/tensusers6/lisannehuisman/data/images/test/S0-SM_container_4-ellow-radfar-az225.png,0.11290322580645161,0.5384615384615384,0.18666666666666668,0.43509001512531054,0.1835627671969877,7.0,55.0,6.0,13.0,62.0
/vol/tensusers6/lisannehuisman/data/images/test/S0-SM_container_4-ellow-radnear-az090.png,0.6666666666666666,1.0,0.8,1.0,1.0,2.0,1.0,0.0,2.0,3.0
/vol/tensusers6/lisannehuisman/data/images/test/S0-SM_container_4-elmid-radfar-az270.png,0.17142857142857143,1.0,0.2926829268292683,0.6190476149675392,0.36125763775206543,6.0,29.0,0.0,6.0,35.0
/vol/tensusers6/lisannehuisman/data/images/test/S0-SM_container_4-elmid-radfar-az315.png,0.3,1.0,0.4615384615384615,0.850168365922439,0.570942772511606,6.0,14.0,0.0,6.0,20.0
/vol/tensusers6/lisannehuisman/data/images/test/S0-SM_container_4-elmid-radnear-az270.png,1.0,1.0,1.0,1.0,1.0,1.0,0.0,0.0,1.0,1.0
/vol/tensusers6/lisannehuisman/data/images/test/S0-SM_container_5-elhigh-radfar-az000.png,0.7777777777777778,1.0,0.8750000000000001,1.0,0.83650794465627,7.0,2.0,0.0,7.0,9.0
/vol/tensusers6/lisannehuisman/data/images/test/S0-SM_container_5-elhigh-radmid-az225.png,0.6363636363636364,1.0,0.7777777777777778,1.0,0.7675324821046419,7.0,4.0,0.0,7.0,11.0
/vol/tensusers6/lisannehuisman/data/images/test/S0-SM_container_5-elhigh-radnear-az135.png,1.0,1.0,1.0,1.0,0.8959183754969615,7.0,0.0,0.0,7.0,7.0
/vol/tensusers6/lisannehuisman/data/images/test/S0-SM_container_5-ellow-radfar-az315.png,0.25,0.6666666666666666,0.36363636363636365,0.7083333507180214,0.4729166688863188,4.0,12.0,2.0,6.0,16.0
/vol/tensusers6/lisannehuisman/data/images/test/S0-SM_container_5-ellow-radmid-az045.png,0.7142857142857143,1.0,0.8333333333333333,1.0,0.9040000038232122,5.0,2.0,0.0,5.0,7.0
/vol/tensusers6/lisannehuisman/data/images/test/S0-SM_container_5-ellow-radnear-az000.png,0.36363636363636365,1.0,0.5333333333333333,0.9166666716337204,0.5791666682809591,4.0,7.0,0.0,4.0,11.0
/vol/tensusers6/lisannehuisman/data/images/test/S0-SM_container_5-ellow-radnear-az045.png,0.4,1.0,0.5714285714285715,1.0,0.9600000001490117,4.0,6.0,0.0,4.0,10.0
/vol/tensusers6/lisannehuisman/data/images/test/S0-SM_container_5-elmid-radfar-az270.png,0.6363636363636364,1.0,0.7777777777777778,1.0,0.952759743423818,7.0,4.0,0.0,7.0,11.0
/vol/tensusers6/lisannehuisman/data/images/test/S0-SM_container_5-elmid-radmid-az180.png,0.5263157894736842,1.0,0.6896551724137931,1.0,0.8200657839053556,10.0,9.0,0.0,10.0,19.0
/vol/tensusers6/lisannehuisman/data/images/test/S0-SM_container_5-elmid-radmid-az225.png,0.25,0.7142857142857143,0.37037037037037035,0.7500000149011612,0.7364285872025149,5.0,15.0,2.0,7.0,20.0
/vol/tensusers6/lisannehuisman/data/images/test/S0-SM_container_6-elhigh-radmid-az225.png,0.8888888888888888,1.0,0.9411764705882353,1.0,0.8597222231328487,8.0,1.0,0.0,8.0,9.0
/vol/tensusers6/lisannehuisman/data/images/test/S0-SM_container_6-elhigh-radnear-az090.png,0.4666666666666667,1.0,0.6363636363636364,1.0,0.8685034102242011,7.0,8.0,0.0,7.0,15.0
/vol/tensusers6/lisannehuisman/data/images/test/S0-SM_container_6-ellow-radnear-az180.png,0.27586206896551724,0.8888888888888888,0.42105263157894735,0.861479527398509,0.7344238239493371,8.0,21.0,1.0,9.0,29.0
/vol/tensusers6/lisannehuisman/data/images/test/S0-SM_container_6-elmid-radfar-az045.png,0.875,1.0,0.9333333333333333,1.0,0.9541666686889672,7.0,1.0,0.0,7.0,8.0
/vol/tensusers6/lisannehuisman/data/images/test/S0-SM_container_6-elmid-radnear-az135.png,0.46153846153846156,0.8571428571428571,0.6,0.8901098968236001,0.7780219923500176,6.0,7.0,1.0,7.0,13.0
/vol/tensusers6/lisannehuisman/data/images/test/S0-SM_container_7-elhigh-radfar-az315.png,0.8888888888888888,1.0,0.9411764705882353,1.0,0.9260416679084301,8.0,1.0,0.0,8.0,9.0
/vol/tensusers6/lisannehuisman/data/images/test/S0-SM_container_7-elhigh-radnear-az135.png,0.8888888888888888,1.0,0.9411764705882353,1.0,0.8520833356305957,8.0,1.0,0.0,8.0,9.0
/vol/tensusers6/lisannehuisman/data/images/test/S0-SM_container_7-ellow-radmid-az090.png,0.32653061224489793,0.8888888888888888,0.47761194029850745,0.8487852966757705,0.43349434473939086,16.0,33.0,2.0,18.0,49.0
/vol/tensusers6/lisannehuisman/data/images/test/S0-SM_container_7-ellow-radmid-az315.png,0.7142857142857143,1.0,0.8333333333333333,1.0,0.9400000041723251,5.0,2.0,0.0,5.0,7.0
/vol/tensusers6/lisannehuisman/data/images/test/S0-SM_container_7-ellow-radnear-az135.png,0.8,1.0,0.888888888888889,1.0,0.9250000007450581,4.0,1.0,0.0,4.0,5.0
/vol/tensusers6/lisannehuisman/data/images/test/S0-SM_container_7-ellow-radnear-az270.png,1.0,1.0,1.0,1.0,0.925,2.0,0.0,0.0,2.0,2.0
/vol/tensusers6/lisannehuisman/data/images/test/S0-SM_container_7-elmid-radfar-az090.png,0.6153846153846154,1.0,0.761904761904762,1.0,0.8788461544550955,8.0,5.0,0.0,8.0,13.0
/vol/tensusers6/lisannehuisman/data/images/test/S0-SM_container_7-elmid-radmid-az180.png,0.9,1.0,0.9473684210526316,1.0,0.8738271689120634,9.0,1.0,0.0,9.0,10.0
/vol/tensusers6/lisannehuisman/data/images/test/S0-SM_container_7-elmid-radmid-az270.png,0.34782608695652173,1.0,0.5161290322580645,1.0,0.8153079704381525,8.0,15.0,0.0,8.0,23.0
/vol/tensusers6/lisannehuisman/data/images/test/S0-SM_container_7-elmid-radnear-az225.png,0.4666666666666667,0.875,0.608695652173913,0.904166666790843,0.6085227285511792,7.0,8.0,1.0,8.0,15.0
/vol/tensusers6/lisannehuisman/data/images/test/S0-SM_container_7-elmid-radnear-az270.png,0.5714285714285714,1.0,0.7272727272727273,1.0,0.9607142858207226,4.0,3.0,0.0,4.0,7.0
/vol/tensusers6/lisannehuisman/data/images/test/S0-SM_container_8-elhigh-radfar-az045.png,0.7,1.0,0.8235294117647058,1.0,0.8465306218120517,7.0,3.0,0.0,7.0,10.0
/vol/tensusers6/lisannehuisman/data/images/test/S0-SM_container_8-elhigh-radfar-az225.png,0.4,0.8888888888888888,0.5517241379310346,0.8987654391998126,0.7440123617906629,8.0,12.0,1.0,9.0,20.0
/vol/tensusers6/lisannehuisman/data/images/test/S0-SM_container_8-elhigh-radnear-az180.png,0.6153846153846154,1.0,0.761904761904762,0.9861111119389534,0.8790903557091951,8.0,5.0,0.0,8.0,13.0
/vol/tensusers6/lisannehuisman/data/images/test/S0-SM_container_8-elhigh-radnear-az270.png,0.8571428571428571,1.0,0.923076923076923,1.0,0.8757936556306151,6.0,1.0,0.0,6.0,7.0
/vol/tensusers6/lisannehuisman/data/images/test/S0-SM_container_8-ellow-radnear-az225.png,0.13953488372093023,0.42857142857142855,0.2105263157894737,0.4505814023538681,0.3249169506503894,6.0,37.0,8.0,14.0,43.0
/vol/tensusers6/lisannehuisman/data/images/test/S0-SM_container_8-ellow-radnear-az315.png,0.7142857142857143,1.0,0.8333333333333333,1.0,0.8580952461986314,5.0,2.0,0.0,5.0,7.0
/vol/tensusers6/lisannehuisman/data/images/test/S0-SM_container_8-elmid-radmid-az090.png,0.7,1.0,0.8235294117647058,1.0,0.929523812362126,7.0,3.0,0.0,7.0,10.0
/vol/tensusers6/lisannehuisman/data/images/test/S0-SM_container_8-elmid-radmid-az135.png,0.5833333333333334,1.0,0.7368421052631579,1.0,0.9190476238017989,7.0,5.0,0.0,7.0,12.0
/vol/tensusers6/lisannehuisman/data/images/test/S0-SM_container_8-elmid-radnear-az270.png,0.5,1.0,0.6666666666666666,1.0,0.8145124854650895,7.0,7.0,0.0,7.0,14.0
/vol/tensusers6/lisannehuisman/data/images/test/S0-SM_container_9-elhigh-radfar-az045.png,1.0,1.0,1.0,1.0,0.8320000016987323,5.0,0.0,0.0,5.0,5.0
/vol/tensusers6/lisannehuisman/data/images/test/S0-SM_container_9-elhigh-radfar-az135.png,1.0,1.0,1.0,1.0,0.8640000050365924,5.0,0.0,0.0,5.0,5.0
/vol/tensusers6/lisannehuisman/data/images/test/S0-SM_container_9-elhigh-radnear-az180.png,0.6666666666666666,1.0,0.8,1.0,0.7916666679084301,2.0,1.0,0.0,2.0,3.0
/vol/tensusers6/lisannehuisman/data/images/test/S0-SM_container_9-elhigh-radnear-az225.png,1.0,1.0,1.0,1.0,1.0,1.0,0.0,0.0,1.0,1.0
/vol/tensusers6/lisannehuisman/data/images/test/S0-SM_container_9-ellow-radfar-az045.png,0.10526315789473684,0.4444444444444444,0.1702127659574468,0.4514619943081286,0.3217543921064128,4.0,34.0,5.0,9.0,38.0
/vol/tensusers6/lisannehuisman/data/images/test/S0-SM_container_9-ellow-radfar-az135.png,0.15151515151515152,0.45454545454545453,0.22727272727272727,0.4807162649375347,0.30720029052243925,5.0,28.0,6.0,11.0,33.0
/vol/tensusers6/lisannehuisman/data/images/test/S0-SM_container_9-elmid-radfar-az270.png,0.6363636363636364,1.0,0.7777777777777778,1.0,0.86779221238641,7.0,4.0,0.0,7.0,11.0
/vol/tensusers6/lisannehuisman/data/images/test/S0-SM_container_9-elmid-radnear-az180.png,1.0,1.0,1.0,1.0,1.0,1.0,0.0,0.0,1.0,1.0
/vol/tensusers6/lisannehuisman/data/images/test/S0-SM_male1-elhigh-radmid-az045.png,1.0,1.0,1.0,1.0,0.909375,4.0,0.0,0.0,4.0,4.0
/vol/tensusers6/lisannehuisman/data/images/test/S0-SM_male1-elhigh-radnear-az180.png,1.0,1.0,1.0,1.0,0.903125,4.0,0.0,0.0,4.0,4.0
/vol/tensusers6/lisannehuisman/data/images/test/S0-SM_male1-elmid-radfar-az045.png,0.625,1.0,0.7692307692307693,1.0,0.8725000075995922,5.0,3.0,0.0,5.0,8.0
/vol/tensusers6/lisannehuisman/data/images/test/S0-SM_male1-elmid-radmid-az180.png,1.0,1.0,1.0,1.0,0.8875,4.0,0.0,0.0,4.0,4.0
/vol/tensusers6/lisannehuisman/data/images/test/S0-SM_male1-elmid-radnear-az090.png,0.8,1.0,0.888888888888889,1.0,0.9362500004470349,4.0,1.0,0.0,4.0,5.0
/vol/tensusers6/lisannehuisman/data/images/test/S0-SM_male10-elhigh-radmid-az225.png,0.52,0.9285714285714286,0.6666666666666666,0.9471428375584736,0.7916709864147942,13.0,12.0,1.0,14.0,25.0
/vol/tensusers6/lisannehuisman/data/images/test/S0-SM_male10-elhigh-radmid-az315.png,1.0,1.0,1.0,1.0,0.85,4.0,0.0,0.0,4.0,4.0
/vol/tensusers6/lisannehuisman/data/images/test/S0-SM_male10-elhigh-radnear-az090.png,0.35,0.875,0.4999999999999999,0.896874999627471,0.7062500002561137,7.0,13.0,1.0,8.0,20.0
/vol/tensusers6/lisannehuisman/data/images/test/S0-SM_male10-elhigh-radnear-az135.png,0.29411764705882354,1.0,0.45454545454545453,1.0,0.7096960805749486,10.0,24.0,0.0,10.0,34.0
/vol/tensusers6/lisannehuisman/data/images/test/S0-SM_male10-elhigh-radnear-az180.png,0.5555555555555556,1.0,0.7142857142857143,1.0,0.7872222189108531,10.0,8.0,0.0,10.0,18.0
/vol/tensusers6/lisannehuisman/data/images/test/S0-SM_male10-elhigh-radnear-az315.png,0.5,1.0,0.6666666666666666,1.0,0.8546875,4.0,4.0,0.0,4.0,8.0
/vol/tensusers6/lisannehuisman/data/images/test/S0-SM_male10-ellow-radfar-az090.png,0.0855614973262032,0.45714285714285713,0.14414414414414414,0.42145522172575434,0.18269933148470527,16.0,171.0,19.0,35.0,187.0
/vol/tensusers6/lisannehuisman/data/images/test/S0-SM_male10-ellow-radmid-az090.png,0.07386363636363637,0.3611111111111111,0.12264150943396228,0.29030887295171603,0.13599271835598895,13.0,163.0,23.0,36.0,176.0
/vol/tensusers6/lisannehuisman/data/images/test/S0-SM_male10-ellow-radnear-az090.png,0.06201550387596899,0.32,0.1038961038961039,0.3250852656198102,0.15557640180337864,8.0,121.0,17.0,25.0,129.0
/vol/tensusers6/lisannehuisman/data/images/test/S0-SM_male10-ellow-radnear-az135.png,0.14906832298136646,0.631578947368421,0.24120603015075376,0.5972329109450367,0.3573989478974105,24.0,137.0,14.0,38.0,161.0
/vol/tensusers6/lisannehuisman/data/images/test/S0-SM_male10-ellow-radnear-az315.png,0.3333333333333333,1.0,0.5,1.0,0.816666667163372,2.0,4.0,0.0,2.0,6.0
/vol/tensusers6/lisannehuisman/data/images/test/S0-SM_male10-elmid-radfar-az045.png,0.26666666666666666,1.0,0.4210526315789474,1.0,0.7042509935097769,8.0,22.0,0.0,8.0,30.0
/vol/tensusers6/lisannehuisman/data/images/test/S0-SM_male10-elmid-radfar-az270.png,0.35714285714285715,1.0,0.5263157894736842,1.0,0.880571432239243,5.0,9.0,0.0,5.0,14.0
/vol/tensusers6/lisannehuisman/data/images/test/S0-SM_male10-elmid-radmid-az135.png,0.42857142857142855,0.9375,0.588235294117647,0.9469866072759032,0.6600626813946292,15.0,20.0,1.0,16.0,35.0
/vol/tensusers6/lisannehuisman/data/images/test/S0-SM_male10-elmid-radnear-az180.png,0.21951219512195122,0.9,0.3529411764705882,0.9109755884946846,0.7501393607993471,9.0,32.0,1.0,10.0,41.0
/vol/tensusers6/lisannehuisman/data/images/test/S0-SM_male11-elhigh-radmid-az000.png,0.8888888888888888,1.0,0.9411764705882353,1.0,0.92916666790843,8.0,1.0,0.0,8.0,9.0
/vol/tensusers6/lisannehuisman/data/images/test/S0-SM_male11-elhigh-radmid-az180.png,1.0,1.0,1.0,1.0,0.9530864233587995,9.0,0.0,0.0,9.0,9.0
/vol/tensusers6/lisannehuisman/data/images/test/S0-SM_male11-elhigh-radnear-az045.png,0.9,1.0,0.9473684210526316,1.0,0.8256172905494402,9.0,1.0,0.0,9.0,10.0
/vol/tensusers6/lisannehuisman/data/images/test/S0-SM_male11-elmid-radmid-az180.png,1.0,1.0,1.0,1.0,0.8852513271763369,9.0,0.0,0.0,9.0,9.0
/vol/tensusers6/lisannehuisman/data/images/test/S0-SM_male11-elmid-radnear-az000.png,0.7,1.0,0.8235294117647058,1.0,0.9661904780921482,7.0,3.0,0.0,7.0,10.0
/vol/tensusers6/lisannehuisman/data/images/test/S0-SM_male12-elhigh-radfar-az045.png,0.55,1.0,0.7096774193548387,1.0,0.8579338851497192,11.0,9.0,0.0,11.0,20.0
/vol/tensusers6/lisannehuisman/data/images/test/S0-SM_male12-elhigh-radmid-az045.png,1.0,1.0,1.0,1.0,0.875222221566571,10.0,0.0,0.0,10.0,10.0
/vol/tensusers6/lisannehuisman/data/images/test/S0-SM_male12-elhigh-radnear-az045.png,0.6428571428571429,1.0,0.782608695652174,1.0,0.8486111154158908,9.0,5.0,0.0,9.0,14.0
/vol/tensusers6/lisannehuisman/data/images/test/S0-SM_male12-elhigh-radnear-az090.png,0.8,1.0,0.888888888888889,1.0,0.9131250001490117,8.0,2.0,0.0,8.0,10.0
/vol/tensusers6/lisannehuisman/data/images/test/S0-SM_male12-elhigh-radnear-az270.png,0.875,1.0,0.9333333333333333,1.0,0.905357146076858,7.0,1.0,0.0,7.0,8.0
/vol/tensusers6/lisannehuisman/data/images/test/S0-SM_male12-elhigh-radnear-az315.png,0.7,1.0,0.8235294117647058,1.0,0.8357142938247748,7.0,3.0,0.0,7.0,10.0
/vol/tensusers6/lisannehuisman/data/images/test/S0-SM_male12-ellow-radfar-az090.png,0.17857142857142858,0.6666666666666666,0.28169014084507044,0.6096561065190054,0.28575133338231584,10.0,46.0,5.0,15.0,56.0
/vol/tensusers6/lisannehuisman/data/images/test/S0-SM_male12-ellow-radfar-az225.png,0.5833333333333334,0.875,0.7000000000000001,0.9114583320915699,0.7468750003725291,7.0,5.0,1.0,8.0,12.0
/vol/tensusers6/lisannehuisman/data/images/test/S0-SM_male12-elmid-radfar-az045.png,0.7333333333333333,1.0,0.846153846153846,1.0,0.8866666785243783,11.0,4.0,0.0,11.0,15.0
/vol/tensusers6/lisannehuisman/data/images/test/S0-SM_male12-elmid-radfar-az315.png,0.36,0.9,0.5142857142857143,0.900142854911941,0.7632142894782483,18.0,32.0,2.0,20.0,50.0
/vol/tensusers6/lisannehuisman/data/images/test/S0-SM_male13-elhigh-radnear-az315.png,0.7,1.0,0.8235294117647058,1.0,0.8638095304866631,7.0,3.0,0.0,7.0,10.0
/vol/tensusers6/lisannehuisman/data/images/test/S0-SM_male13-ellow-radmid-az090.png,0.3888888888888889,0.875,0.5384615384615385,0.8993055559694767,0.8031250006519258,7.0,11.0,1.0,8.0,18.0
/vol/tensusers6/lisannehuisman/data/images/test/S0-SM_male13-ellow-radmid-az225.png,0.4375,1.0,0.6086956521739131,0.9821428582072258,0.8044859341776313,7.0,9.0,0.0,7.0,16.0
/vol/tensusers6/lisannehuisman/data/images/test/S0-SM_male13-elmid-radfar-az090.png,1.0,1.0,1.0,1.0,0.9220000015497207,10.0,0.0,0.0,10.0,10.0
/vol/tensusers6/lisannehuisman/data/images/test/S0-SM_male14-elhigh-radfar-az180.png,0.7037037037037037,1.0,0.8260869565217391,1.0,0.834050337024712,19.0,8.0,0.0,19.0,27.0
/vol/tensusers6/lisannehuisman/data/images/test/S0-SM_male14-elhigh-radmid-az090.png,0.8571428571428571,1.0,0.923076923076923,1.0,0.8320238080212758,12.0,2.0,0.0,12.0,14.0
/vol/tensusers6/lisannehuisman/data/images/test/S0-SM_male14-elhigh-radnear-az180.png,0.7272727272727273,1.0,0.8421052631578948,1.0,0.8897727275267243,8.0,3.0,0.0,8.0,11.0
/vol/tensusers6/lisannehuisman/data/images/test/S0-SM_male14-elmid-radfar-az000.png,0.6923076923076923,1.0,0.8181818181818181,1.0,0.9042735060947573,9.0,4.0,0.0,9.0,13.0
/vol/tensusers6/lisannehuisman/data/images/test/S0-SM_male14-elmid-radmid-az045.png,0.9090909090909091,1.0,0.9523809523809523,1.0,0.863931819704446,10.0,1.0,0.0,10.0,11.0
/vol/tensusers6/lisannehuisman/data/images/test/S0-SM_male14-elmid-radmid-az135.png,0.4117647058823529,0.9333333333333333,0.5714285714285713,0.9470588268602596,0.8511430593848278,14.0,20.0,1.0,15.0,34.0
/vol/tensusers6/lisannehuisman/data/images/test/S0-SM_male14-elmid-radnear-az090.png,0.8,1.0,0.888888888888889,1.0,0.8463888902217149,8.0,2.0,0.0,8.0,10.0
/vol/tensusers6/lisannehuisman/data/images/test/S0-SM_male15-elhigh-radfar-az000.png,0.4,1.0,0.5714285714285715,0.8333333432674408,0.6350000035017729,2.0,3.0,0.0,2.0,5.0
/vol/tensusers6/lisannehuisman/data/images/test/S0-SM_male15-elhigh-radfar-az045.png,0.35,0.875,0.4999999999999999,0.896874999627471,0.6710416675545275,7.0,13.0,1.0,8.0,20.0
/vol/tensusers6/lisannehuisman/data/images/test/S0-SM_male15-elhigh-radfar-az180.png,0.47619047619047616,1.0,0.6451612903225806,1.0,0.8073333310612612,10.0,11.0,0.0,10.0,21.0
/vol/tensusers6/lisannehuisman/data/images/test/S0-SM_male15-elhigh-radmid-az135.png,0.7142857142857143,1.0,0.8333333333333333,1.0,0.8297142900696823,5.0,2.0,0.0,5.0,7.0
/vol/tensusers6/lisannehuisman/data/images/test/S0-SM_male15-elhigh-radmid-az270.png,0.4,1.0,0.5714285714285715,1.0,0.7300000004470348,2.0,3.0,0.0,2.0,5.0
/vol/tensusers6/lisannehuisman/data/images/test/S0-SM_male15-elhigh-radnear-az135.png,0.25,1.0,0.4,1.0,0.7578125,4.0,12.0,0.0,4.0,16.0
/vol/tensusers6/lisannehuisman/data/images/test/S0-SM_male15-ellow-radfar-az135.png,0.2717391304347826,0.8928571428571429,0.4166666666666667,0.900546452839496,0.5956825808400701,25.0,67.0,3.0,28.0,92.0
/vol/tensusers6/lisannehuisman/data/images/test/S0-SM_male15-ellow-radfar-az225.png,0.3076923076923077,1.0,0.47058823529411764,1.0,0.8615384619683027,4.0,9.0,0.0,4.0,13.0
/vol/tensusers6/lisannehuisman/data/images/test/S0-SM_male15-ellow-radmid-az180.png,0.46153846153846156,1.0,0.631578947368421,1.0,0.8790598241437195,6.0,7.0,0.0,6.0,13.0
/vol/tensusers6/lisannehuisman/data/images/test/S0-SM_male15-ellow-radnear-az225.png,0.2727272727272727,1.0,0.42857142857142855,1.0,0.736363637266737,3.0,8.0,0.0,3.0,11.0
/vol/tensusers6/lisannehuisman/data/images/test/S0-SM_male15-ellow-radnear-az270.png,0.375,1.0,0.5454545454545454,1.0,0.9,3.0,5.0,0.0,3.0,8.0
/vol/tensusers6/lisannehuisman/data/images/test/S0-SM_male15-elmid-radfar-az045.png,0.14583333333333334,0.7777777777777778,0.24561403508771928,0.7008442444430587,0.4810920597108036,7.0,41.0,2.0,9.0,48.0
/vol/tensusers6/lisannehuisman/data/images/test/S0-SM_male15-elmid-radfar-az225.png,0.4,1.0,0.5714285714285715,1.0,0.9425000000745059,4.0,6.0,0.0,4.0,10.0
/vol/tensusers6/lisannehuisman/data/images/test/S0-SM_male15-elmid-radfar-az270.png,0.4444444444444444,1.0,0.6153846153846153,1.0,0.8402777778916061,4.0,5.0,0.0,4.0,9.0
/vol/tensusers6/lisannehuisman/data/images/test/S0-SM_male15-elmid-radnear-az090.png,0.75,1.0,0.8571428571428571,1.0,0.8916666705161334,3.0,1.0,0.0,3.0,4.0
/vol/tensusers6/lisannehuisman/data/images/test/S0-SM_male15-elmid-radnear-az180.png,1.0,1.0,1.0,1.0,0.85,2.0,0.0,0.0,2.0,2.0
/vol/tensusers6/lisannehuisman/data/images/test/S0-SM_male15-elmid-radnear-az315.png,0.25,1.0,0.4,1.0,0.8125,2.0,6.0,0.0,2.0,8.0
/vol/tensusers6/lisannehuisman/data/images/test/S0-SM_male16-elhigh-radfar-az135.png,0.3783783783783784,1.0,0.5490196078431372,1.0,0.7372027985525608,14.0,23.0,0.0,14.0,37.0
/vol/tensusers6/lisannehuisman/data/images/test/S0-SM_male16-elhigh-radmid-az090.png,0.3333333333333333,1.0,0.5,1.0,0.653791890857738,9.0,18.0,0.0,9.0,27.0
/vol/tensusers6/lisannehuisman/data/images/test/S0-SM_male16-elhigh-radnear-az045.png,0.625,1.0,0.7692307692307693,1.0,0.6785000104419886,5.0,3.0,0.0,5.0,8.0
/vol/tensusers6/lisannehuisman/data/images/test/S0-SM_male16-ellow-radfar-az315.png,1.0,1.0,1.0,1.0,1.0,1.0,0.0,0.0,1.0,1.0
/vol/tensusers6/lisannehuisman/data/images/test/S0-SM_male16-ellow-radmid-az270.png,0.2857142857142857,1.0,0.4444444444444445,1.0,0.8330357145518065,4.0,10.0,0.0,4.0,14.0
/vol/tensusers6/lisannehuisman/data/images/test/S0-SM_male16-ellow-radnear-az135.png,0.4230769230769231,0.9565217391304348,0.5866666666666667,0.965719071818036,0.6897809250296936,22.0,30.0,1.0,23.0,52.0
/vol/tensusers6/lisannehuisman/data/images/test/S0-SM_male16-elmid-radfar-az270.png,0.38461538461538464,1.0,0.5555555555555556,1.0,0.7674725374710428,5.0,8.0,0.0,5.0,13.0
/vol/tensusers6/lisannehuisman/data/images/test/S0-SM_male16-elmid-radmid-az045.png,0.375,0.75,0.5,0.796875,0.6426562502980232,6.0,10.0,2.0,8.0,16.0
/vol/tensusers6/lisannehuisman/data/images/test/S0-SM_male16-elmid-radmid-az180.png,0.6842105263157895,0.9285714285714286,0.7878787878787878,0.953007502439327,0.6735049620631165,13.0,6.0,1.0,14.0,19.0
/vol/tensusers6/lisannehuisman/data/images/test/S0-SM_male16-elmid-radnear-az045.png,0.5,1.0,0.6666666666666666,1.0,0.6,1.0,1.0,0.0,1.0,2.0
/vol/tensusers6/lisannehuisman/data/images/test/S0-SM_male16-elmid-radnear-az135.png,0.6,1.0,0.7499999999999999,1.0,0.6000000070532163,3.0,2.0,0.0,3.0,5.0
/vol/tensusers6/lisannehuisman/data/images/test/S0-SM_male16-elmid-radnear-az270.png,0.25,1.0,0.4,0.9166666716337204,0.6916666734963656,3.0,9.0,0.0,3.0,12.0
/vol/tensusers6/lisannehuisman/data/images/test/S0-SM_male17-elhigh-radmid-az000.png,0.9090909090909091,1.0,0.9523809523809523,1.0,0.8818409106189555,10.0,1.0,0.0,10.0,11.0
/vol/tensusers6/lisannehuisman/data/images/test/S0-SM_male17-elhigh-radmid-az135.png,0.6190476190476191,1.0,0.7647058823529412,1.0,0.8471682229371904,13.0,8.0,0.0,13.0,21.0
/vol/tensusers6/lisannehuisman/data/images/test/S0-SM_male17-elhigh-radmid-az180.png,0.5833333333333334,0.9333333333333333,0.7179487179487181,0.9527777799301678,0.7605484427495242,14.0,10.0,1.0,15.0,24.0
/vol/tensusers6/lisannehuisman/data/images/test/S0-SM_male17-elhigh-radmid-az225.png,0.8666666666666667,1.0,0.9285714285714286,1.0,0.8871886498513785,13.0,2.0,0.0,13.0,15.0
/vol/tensusers6/lisannehuisman/data/images/test/S0-SM_male17-ellow-radfar-az090.png,0.21739130434782608,0.8333333333333334,0.3448275862068966,0.8345809892986833,0.6091018832467883,20.0,72.0,4.0,24.0,92.0
/vol/tensusers6/lisannehuisman/data/images/test/S0-SM_male17-ellow-radfar-az225.png,0.4666666666666667,1.0,0.6363636363636364,1.0,0.7733333397834073,7.0,8.0,0.0,7.0,15.0
/vol/tensusers6/lisannehuisman/data/images/test/S0-SM_male17-ellow-radfar-az270.png,1.0,1.0,1.0,1.0,1.0,1.0,0.0,0.0,1.0,1.0
/vol/tensusers6/lisannehuisman/data/images/test/S0-SM_male17-ellow-radnear-az180.png,0.6153846153846154,1.0,0.761904761904762,1.0,0.7959855784662068,8.0,5.0,0.0,8.0,13.0
/vol/tensusers6/lisannehuisman/data/images/test/S0-SM_male17-elmid-radfar-az180.png,0.4482758620689655,0.8666666666666667,0.5909090909090909,0.8965517304409509,0.8286102471748988,13.0,16.0,2.0,15.0,29.0
/vol/tensusers6/lisannehuisman/data/images/test/S0-SM_male17-elmid-radmid-az045.png,0.3333333333333333,0.9166666666666666,0.4888888888888888,0.8854166629413767,0.7813930883120608,11.0,22.0,1.0,12.0,33.0
/vol/tensusers6/lisannehuisman/data/images/test/S0-SM_male18-elhigh-radfar-az045.png,0.25925925925925924,1.0,0.4117647058823529,1.0,0.7227513270048552,7.0,20.0,0.0,7.0,27.0
/vol/tensusers6/lisannehuisman/data/images/test/S0-SM_male18-elhigh-radfar-az090.png,0.6,1.0,0.7499999999999999,1.0,0.900277777446641,6.0,4.0,0.0,6.0,10.0
/vol/tensusers6/lisannehuisman/data/images/test/S0-SM_male18-elhigh-radmid-az000.png,0.2692307692307692,1.0,0.42424242424242425,1.0,0.7593929957703716,7.0,19.0,0.0,7.0,26.0
/vol/tensusers6/lisannehuisman/data/images/test/S0-SM_male18-elhigh-radmid-az045.png,1.0,1.0,1.0,1.0,0.8760000042021273,5.0,0.0,0.0,5.0,5.0
/vol/tensusers6/lisannehuisman/data/images/test/S0-SM_male18-elhigh-radmid-az135.png,0.16216216216216217,0.8571428571428571,0.27272727272727276,0.8687258760326158,0.713513523048243,6.0,31.0,1.0,7.0,37.0
/vol/tensusers6/lisannehuisman/data/images/test/S0-SM_male18-ellow-radfar-az000.png,0.23958333333333334,0.6216216216216216,0.3458646616541353,0.6217844138176556,0.4508813495184939,23.0,73.0,14.0,37.0,96.0
/vol/tensusers6/lisannehuisman/data/images/test/S0-SM_male18-ellow-radfar-az045.png,0.11382113821138211,0.6086956521739131,0.19178082191780824,0.62242460974486,0.45985109597933593,14.0,109.0,9.0,23.0,123.0
/vol/tensusers6/lisannehuisman/data/images/test/S0-SM_male18-ellow-radmid-az045.png,0.11450381679389313,0.7142857142857143,0.19736842105263158,0.7110855971552157,0.4459723578398959,15.0,116.0,6.0,21.0,131.0
/vol/tensusers6/lisannehuisman/data/images/test/S0-SM_male18-ellow-radmid-az315.png,0.4,0.9333333333333333,0.5599999999999999,0.9385585560293892,0.6435386528364306,28.0,42.0,2.0,30.0,70.0
/vol/tensusers6/lisannehuisman/data/images/test/S0-SM_male18-elmid-radfar-az315.png,0.4117647058823529,1.0,0.5833333333333334,1.0,0.7760904435107128,7.0,10.0,0.0,7.0,17.0
/vol/tensusers6/lisannehuisman/data/images/test/S0-SM_male18-elmid-radmid-az000.png,1.0,1.0,1.0,1.0,0.9480000032186509,5.0,0.0,0.0,5.0,5.0
/vol/tensusers6/lisannehuisman/data/images/test/S0-SM_male18-elmid-radmid-az225.png,0.24,1.0,0.3870967741935484,0.9047618941182183,0.5730238122191457,6.0,19.0,0.0,6.0,25.0
/vol/tensusers6/lisannehuisman/data/images/test/S0-SM_male18-elmid-radnear-az315.png,0.5714285714285714,1.0,0.7272727272727273,1.0,0.837500000372529,4.0,3.0,0.0,4.0,7.0
/vol/tensusers6/lisannehuisman/data/images/test/S0-SM_male19-elhigh-radfar-az270.png,0.2571428571428571,1.0,0.40909090909090906,1.0,0.6251146510251957,9.0,26.0,0.0,9.0,35.0
/vol/tensusers6/lisannehuisman/data/images/test/S0-SM_male19-elhigh-radmid-az000.png,0.5,1.0,0.6666666666666666,1.0,0.7331632702934499,7.0,7.0,0.0,7.0,14.0
/vol/tensusers6/lisannehuisman/data/images/test/S0-SM_male19-ellow-radfar-az090.png,0.12903225806451613,0.6666666666666666,0.2162162162162162,0.6789127978337142,0.5272483460327633,8.0,54.0,4.0,12.0,62.0
/vol/tensusers6/lisannehuisman/data/images/test/S0-SM_male19-ellow-radmid-az045.png,0.15454545454545454,0.7083333333333334,0.2537313432835821,0.7149355223646969,0.5078906102008384,17.0,93.0,7.0,24.0,110.0
/vol/tensusers6/lisannehuisman/data/images/test/S0-SM_male19-ellow-radnear-az180.png,0.6470588235294118,0.9166666666666666,0.7586206896551724,0.9436274652971939,0.7504837648062397,11.0,6.0,1.0,12.0,17.0
/vol/tensusers6/lisannehuisman/data/images/test/S0-SM_male19-elmid-radfar-az000.png,0.2571428571428571,0.6428571428571429,0.36734693877551017,0.6757884981874414,0.5688992004194653,9.0,26.0,5.0,14.0,35.0
/vol/tensusers6/lisannehuisman/data/images/test/S0-SM_male19-elmid-radmid-az180.png,0.13513513513513514,0.7142857142857143,0.22727272727272727,0.7335907486069617,0.5720720868485775,5.0,32.0,2.0,7.0,37.0
/vol/tensusers6/lisannehuisman/data/images/test/S0-SM_male19-elmid-radnear-az135.png,0.2,1.0,0.33333333333333337,1.0,0.7772000018835068,5.0,20.0,0.0,5.0,25.0
/vol/tensusers6/lisannehuisman/data/images/test/S0-SM_male19-elmid-radnear-az270.png,0.26666666666666666,1.0,0.4210526315789474,1.0,0.7350000002421438,4.0,11.0,0.0,4.0,15.0
/vol/tensusers6/lisannehuisman/data/images/test/S0-SM_male2-elhigh-radfar-az045.png,0.7142857142857143,1.0,0.8333333333333333,1.0,0.8822857229539325,5.0,2.0,0.0,5.0,7.0
/vol/tensusers6/lisannehuisman/data/images/test/S0-SM_male2-elhigh-radmid-az000.png,1.0,1.0,1.0,1.0,0.8760000094175338,5.0,0.0,0.0,5.0,5.0
/vol/tensusers6/lisannehuisman/data/images/test/S0-SM_male2-elhigh-radmid-az090.png,0.6666666666666666,1.0,0.8,1.0,0.8870370357676791,6.0,3.0,0.0,6.0,9.0
/vol/tensusers6/lisannehuisman/data/images/test/S0-SM_male2-elhigh-radmid-az270.png,0.7142857142857143,1.0,0.8333333333333333,1.0,0.8914285784108298,5.0,2.0,0.0,5.0,7.0
/vol/tensusers6/lisannehuisman/data/images/test/S0-SM_male2-ellow-radfar-az045.png,0.27586206896551724,0.8,0.4102564102564103,0.800313485462838,0.546109411333535,8.0,21.0,2.0,10.0,29.0
/vol/tensusers6/lisannehuisman/data/images/test/S0-SM_male2-ellow-radfar-az270.png,0.23529411764705882,0.8,0.3636363636363636,0.812418309272894,0.49506770301471104,8.0,26.0,2.0,10.0,34.0
/vol/tensusers6/lisannehuisman/data/images/test/S0-SM_male2-ellow-radmid-az000.png,1.0,1.0,1.0,1.0,0.889333338578542,5.0,0.0,0.0,5.0,5.0
/vol/tensusers6/lisannehuisman/data/images/test/S0-SM_male2-ellow-radmid-az225.png,0.3333333333333333,1.0,0.5,1.0,0.9111111164920859,3.0,6.0,0.0,3.0,9.0
/vol/tensusers6/lisannehuisman/data/images/test/S0-SM_male2-elmid-radfar-az180.png,0.35,1.0,0.5185185185185185,0.9206091562814755,0.6860761620197018,14.0,26.0,0.0,14.0,40.0
/vol/tensusers6/lisannehuisman/data/images/test/S0-SM_male2-elmid-radfar-az315.png,1.0,1.0,1.0,1.0,0.9600000029802322,5.0,0.0,0.0,5.0,5.0
/vol/tensusers6/lisannehuisman/data/images/test/S0-SM_male2-elmid-radmid-az000.png,0.8333333333333334,1.0,0.9090909090909091,1.0,0.9353333380619684,5.0,1.0,0.0,5.0,6.0
/vol/tensusers6/lisannehuisman/data/images/test/S0-SM_male2-elmid-radmid-az270.png,1.0,1.0,1.0,1.0,0.9480000038146972,5.0,0.0,0.0,5.0,5.0
/vol/tensusers6/lisannehuisman/data/images/test/S0-SM_male2-elmid-radnear-az270.png,0.8333333333333334,1.0,0.9090909090909091,1.0,0.8826666697263716,5.0,1.0,0.0,5.0,6.0
/vol/tensusers6/lisannehuisman/data/images/test/S0-SM_male20-elhigh-radmid-az090.png,0.2413793103448276,1.0,0.3888888888888889,1.0,0.7046524424024321,7.0,22.0,0.0,7.0,29.0
/vol/tensusers6/lisannehuisman/data/images/test/S0-SM_male20-elhigh-radmid-az135.png,0.2222222222222222,1.0,0.3636363636363636,1.0,0.8422839524615326,6.0,21.0,0.0,6.0,27.0
/vol/tensusers6/lisannehuisman/data/images/test/S0-SM_male20-elhigh-radnear-az180.png,0.2222222222222222,1.0,0.3636363636363636,1.0,0.689583333581686,4.0,14.0,0.0,4.0,18.0
/vol/tensusers6/lisannehuisman/data/images/test/S0-SM_male20-elhigh-radnear-az270.png,0.36363636363636365,1.0,0.5333333333333333,1.0,0.7465909097343684,4.0,7.0,0.0,4.0,11.0
/vol/tensusers6/lisannehuisman/data/images/test/S0-SM_male20-ellow-radfar-az000.png,0.25806451612903225,0.75,0.384,0.7416490614414215,0.5322485979064367,24.0,69.0,8.0,32.0,93.0
/vol/tensusers6/lisannehuisman/data/images/test/S0-SM_male20-ellow-radfar-az315.png,0.45098039215686275,0.8214285714285714,0.5822784810126583,0.8527527329198223,0.6147775400160417,23.0,28.0,5.0,28.0,51.0
/vol/tensusers6/lisannehuisman/data/images/test/S0-SM_male20-ellow-radmid-az000.png,0.23958333333333334,0.8214285714285714,0.3709677419354839,0.8329293871667569,0.6016584383934511,23.0,73.0,5.0,28.0,96.0
/vol/tensusers6/lisannehuisman/data/images/test/S0-SM_male20-ellow-radmid-az135.png,0.5,1.0,0.6666666666666666,1.0,0.9388888899650839,3.0,3.0,0.0,3.0,6.0
/vol/tensusers6/lisannehuisman/data/images/test/S0-SM_male20-ellow-radnear-az045.png,0.13675213675213677,0.5714285714285714,0.22068965517241382,0.5755625501649351,0.4283336072984586,16.0,101.0,12.0,28.0,117.0
/vol/tensusers6/lisannehuisman/data/images/test/S0-SM_male20-elmid-radfar-az045.png,0.19230769230769232,0.7692307692307693,0.3076923076923077,0.7596826404293036,0.5656562820373523,10.0,42.0,3.0,13.0,52.0
/vol/tensusers6/lisannehuisman/data/images/test/S0-SM_male20-elmid-radmid-az045.png,0.18421052631578946,1.0,0.3111111111111111,1.0,0.8587719350689111,7.0,31.0,0.0,7.0,38.0
/vol/tensusers6/lisannehuisman/data/images/test/S0-SM_male20-elmid-radmid-az090.png,0.4375,1.0,0.6086956521739131,1.0,0.7853571511113218,7.0,9.0,0.0,7.0,16.0
/vol/tensusers6/lisannehuisman/data/images/test/S0-SM_male20-elmid-radnear-az090.png,0.3333333333333333,1.0,0.5,1.0,0.8148148221550165,3.0,6.0,0.0,3.0,9.0
/vol/tensusers6/lisannehuisman/data/images/test/S0-SM_male3-elhigh-radnear-az090.png,1.0,1.0,1.0,1.0,0.5,1.0,0.0,0.0,1.0,1.0
/vol/tensusers6/lisannehuisman/data/images/test/S0-SM_male3-elhigh-radnear-az225.png,1.0,1.0,1.0,1.0,0.7,1.0,0.0,0.0,1.0,1.0
/vol/tensusers6/lisannehuisman/data/images/test/S0-SM_male3-ellow-radfar-az090.png,0.2962962962962963,0.8,0.43243243243243246,0.6962963066719201,0.3618333386661555,8.0,19.0,2.0,10.0,27.0
/vol/tensusers6/lisannehuisman/data/images/test/S0-SM_male3-ellow-radfar-az270.png,0.0375,0.2727272727272727,0.06593406593406594,0.15582751146189888,0.0839918442684419,3.0,77.0,8.0,11.0,80.0
/vol/tensusers6/lisannehuisman/data/images/test/S0-SM_male3-ellow-radmid-az045.png,0.2727272727272727,0.782608695652174,0.40449438202247184,0.7175098827854294,0.4331303340160032,18.0,48.0,5.0,23.0,66.0
/vol/tensusers6/lisannehuisman/data/images/test/S0-SM_male3-ellow-radmid-az135.png,0.3333333333333333,1.0,0.5,1.0,0.7,1.0,2.0,0.0,1.0,3.0
/vol/tensusers6/lisannehuisman/data/images/test/S0-SM_male3-ellow-radmid-az225.png,0.11458333333333333,0.5238095238095238,0.18803418803418803,0.46470269463718017,0.18875171938760898,11.0,85.0,10.0,21.0,96.0
/vol/tensusers6/lisannehuisman/data/images/test/S0-SM_male3-ellow-radnear-az000.png,0.23076923076923078,0.6521739130434783,0.3409090909090909,0.6080357128372769,0.31566018839761284,15.0,50.0,8.0,23.0,65.0
/vol/tensusers6/lisannehuisman/data/images/test/S0-SM_male3-ellow-radnear-az090.png,0.2857142857142857,0.6666666666666666,0.4,0.71428573344435,0.6095238259860446,2.0,5.0,1.0,3.0,7.0
/vol/tensusers6/lisannehuisman/data/images/test/S0-SM_male3-elmid-radfar-az090.png,1.0,1.0,1.0,1.0,0.75,2.0,0.0,0.0,2.0,2.0
/vol/tensusers6/lisannehuisman/data/images/test/S0-SM_male3-elmid-radfar-az135.png,1.0,1.0,1.0,1.0,0.5,1.0,0.0,0.0,1.0,1.0
/vol/tensusers6/lisannehuisman/data/images/test/S0-SM_male3-elmid-radfar-az180.png,1.0,1.0,1.0,1.0,0.7,1.0,0.0,0.0,1.0,1.0
/vol/tensusers6/lisannehuisman/data/images/test/S0-SM_male3-elmid-radmid-az270.png,1.0,1.0,1.0,1.0,0.8,1.0,0.0,0.0,1.0,1.0
/vol/tensusers6/lisannehuisman/data/images/test/S0-SM_male4-elhigh-radfar-az045.png,0.7777777777777778,1.0,0.8750000000000001,1.0,0.8634920729531181,7.0,2.0,0.0,7.0,9.0
/vol/tensusers6/lisannehuisman/data/images/test/S0-SM_male4-elhigh-radmid-az000.png,0.875,1.0,0.9333333333333333,1.0,0.9375000011175871,7.0,1.0,0.0,7.0,8.0
/vol/tensusers6/lisannehuisman/data/images/test/S0-SM_male4-elhigh-radnear-az090.png,0.8571428571428571,1.0,0.923076923076923,1.0,0.8940476252919151,6.0,1.0,0.0,6.0,7.0
/vol/tensusers6/lisannehuisman/data/images/test/S0-SM_male4-elhigh-radnear-az135.png,0.7777777777777778,1.0,0.8750000000000001,1.0,0.8884353812758615,7.0,2.0,0.0,7.0,9.0
/vol/tensusers6/lisannehuisman/data/images/test/S0-SM_male4-ellow-radfar-az135.png,0.4444444444444444,1.0,0.6153846153846153,1.0,0.979166666790843,4.0,5.0,0.0,4.0,9.0
/vol/tensusers6/lisannehuisman/data/images/test/S0-SM_male4-ellow-radfar-az225.png,0.12658227848101267,0.5555555555555556,0.2061855670103093,0.5199954422875397,0.306779204304335,10.0,69.0,8.0,18.0,79.0
/vol/tensusers6/lisannehuisman/data/images/test/S0-SM_male4-ellow-radmid-az045.png,0.2857142857142857,1.0,0.4444444444444445,1.0,0.9853174585730784,6.0,15.0,0.0,6.0,21.0
/vol/tensusers6/lisannehuisman/data/images/test/S0-SM_male4-ellow-radmid-az090.png,0.35135135135135137,0.6842105263157895,0.4642857142857143,0.7080289690363522,0.3497174378723646,13.0,24.0,6.0,19.0,37.0
/vol/tensusers6/lisannehuisman/data/images/test/S0-SM_male4-ellow-radnear-az045.png,0.3333333333333333,1.0,0.5,1.0,0.8653333364725112,5.0,10.0,0.0,5.0,15.0
/vol/tensusers6/lisannehuisman/data/images/test/S0-SM_male4-elmid-radfar-az090.png,0.7777777777777778,1.0,0.8750000000000001,1.0,0.9466666679864838,7.0,2.0,0.0,7.0,9.0
/vol/tensusers6/lisannehuisman/data/images/test/S0-SM_male4-elmid-radmid-az000.png,0.2727272727272727,0.8571428571428571,0.41379310344827586,0.8766233845577611,0.7818181900041443,6.0,16.0,1.0,7.0,22.0
/vol/tensusers6/lisannehuisman/data/images/test/S0-SM_male4-elmid-radmid-az180.png,1.0,1.0,1.0,1.0,0.8953888852331373,10.0,0.0,0.0,10.0,10.0
/vol/tensusers6/lisannehuisman/data/images/test/S0-SM_male4-elmid-radnear-az045.png,0.8571428571428571,1.0,0.923076923076923,1.0,0.9654761911857695,6.0,1.0,0.0,6.0,7.0
/vol/tensusers6/lisannehuisman/data/images/test/S0-SM_male4-elmid-radnear-az270.png,0.7777777777777778,1.0,0.8750000000000001,1.0,0.9031746096081203,7.0,2.0,0.0,7.0,9.0
/vol/tensusers6/lisannehuisman/data/images/test/S0-SM_male5-elhigh-radfar-az090.png,0.7,1.0,0.8235294117647058,1.0,0.8742857198842934,7.0,3.0,0.0,7.0,10.0
/vol/tensusers6/lisannehuisman/data/images/test/S0-SM_male5-elhigh-radmid-az090.png,0.4666666666666667,1.0,0.6363636363636364,1.0,0.9227210932199646,7.0,8.0,0.0,7.0,15.0
/vol/tensusers6/lisannehuisman/data/images/test/S0-SM_male5-elhigh-radmid-az270.png,0.36363636363636365,0.8,0.5000000000000001,0.8363636472008444,0.7636363790251991,4.0,7.0,1.0,5.0,11.0
/vol/tensusers6/lisannehuisman/data/images/test/S0-SM_male5-elhigh-radmid-az315.png,1.0,1.0,1.0,1.0,0.93828125,8.0,0.0,0.0,8.0,8.0
/vol/tensusers6/lisannehuisman/data/images/test/S0-SM_male5-ellow-radfar-az000.png,0.23809523809523808,0.9090909090909091,0.3773584905660377,0.9199134438133343,0.656168844318139,10.0,32.0,1.0,11.0,42.0
/vol/tensusers6/lisannehuisman/data/images/test/S0-SM_male5-ellow-radfar-az225.png,0.08888888888888889,0.5,0.1509433962264151,0.4111111117526889,0.3973611121531576,4.0,41.0,4.0,8.0,45.0
/vol/tensusers6/lisannehuisman/data/images/test/S0-SM_male5-ellow-radfar-az315.png,0.4,1.0,0.5714285714285715,1.0,0.9099999980131785,6.0,9.0,0.0,6.0,15.0
/vol/tensusers6/lisannehuisman/data/images/test/S0-SM_male5-ellow-radmid-az000.png,0.32,0.8888888888888888,0.47058823529411764,0.8844444522592756,0.7014180022569559,8.0,17.0,1.0,9.0,25.0
/vol/tensusers6/lisannehuisman/data/images/test/S0-SM_male5-elmid-radmid-az045.png,0.7777777777777778,1.0,0.8750000000000001,1.0,0.9241269889568524,7.0,2.0,0.0,7.0,9.0
/vol/tensusers6/lisannehuisman/data/images/test/S0-SM_male5-elmid-radnear-az225.png,0.5,1.0,0.6666666666666666,1.0,0.909375,4.0,4.0,0.0,4.0,8.0
/vol/tensusers6/lisannehuisman/data/images/test/S0-SM_male6-elhigh-radfar-az000.png,0.8,1.0,0.888888888888889,1.0,0.8593750014901161,8.0,2.0,0.0,8.0,10.0
/vol/tensusers6/lisannehuisman/data/images/test/S0-SM_male6-elhigh-radfar-az315.png,0.6666666666666666,1.0,0.8,1.0,0.8411458322778345,8.0,4.0,0.0,8.0,12.0
/vol/tensusers6/lisannehuisman/data/images/test/S0-SM_male6-elhigh-radmid-az090.png,0.6,1.0,0.7499999999999999,1.0,0.8683333371082942,6.0,4.0,0.0,6.0,10.0
/vol/tensusers6/lisannehuisman/data/images/test/S0-SM_male6-elhigh-radnear-az045.png,0.7777777777777778,1.0,0.8750000000000001,1.0,0.919727896468169,7.0,2.0,0.0,7.0,9.0
/vol/tensusers6/lisannehuisman/data/images/test/S0-SM_male6-elhigh-radnear-az270.png,0.875,1.0,0.9333333333333333,1.0,0.8446428636088967,7.0,1.0,0.0,7.0,8.0
/vol/tensusers6/lisannehuisman/data/images/test/S0-SM_male6-ellow-radmid-az090.png,0.7142857142857143,0.7142857142857143,0.7142857142857143,0.8163265439928793,0.7612245044233846,5.0,2.0,2.0,7.0,7.0
/vol/tensusers6/lisannehuisman/data/images/test/S0-SM_male6-elmid-radmid-az000.png,1.0,1.0,1.0,1.0,0.8503401405551807,7.0,0.0,0.0,7.0,7.0
/vol/tensusers6/lisannehuisman/data/images/test/S0-SM_male6-elmid-radnear-az270.png,1.0,1.0,1.0,1.0,0.8938775594137152,7.0,0.0,0.0,7.0,7.0
/vol/tensusers6/lisannehuisman/data/images/test/S0-SM_male7-elhigh-radmid-az270.png,0.3333333333333333,0.875,0.48275862068965514,0.895833333954215,0.802976191136986,7.0,14.0,1.0,8.0,21.0
/vol/tensusers6/lisannehuisman/data/images/test/S0-SM_male7-ellow-radfar-az000.png,0.30952380952380953,0.9285714285714286,0.46428571428571436,0.9110544079623253,0.6514223919006861,13.0,29.0,1.0,14.0,42.0
/vol/tensusers6/lisannehuisman/data/images/test/S0-SM_male7-ellow-radfar-az315.png,0.2807017543859649,1.0,0.4383561643835616,0.9631211198866367,0.7716518705710769,16.0,41.0,0.0,16.0,57.0
/vol/tensusers6/lisannehuisman/data/images/test/S0-SM_male7-ellow-radnear-az135.png,0.125,0.5833333333333334,0.20588235294117646,0.5256331626058017,0.25660597824630266,7.0,49.0,5.0,12.0,56.0
/vol/tensusers6/lisannehuisman/data/images/test/S0-SM_male7-ellow-radnear-az315.png,0.35,1.0,0.5185185185185185,0.9723766426797624,0.7118620547905425,14.0,26.0,0.0,14.0,40.0
/vol/tensusers6/lisannehuisman/data/images/test/S0-SM_male7-elmid-radmid-az000.png,0.18,0.9,0.3,0.8013809530962082,0.647099996962079,9.0,41.0,1.0,10.0,50.0
/vol/tensusers6/lisannehuisman/data/images/test/S0-SM_male7-elmid-radnear-az135.png,0.057971014492753624,1.0,0.1095890410958904,1.0,0.7940217396710068,4.0,65.0,0.0,4.0,69.0
/vol/tensusers6/lisannehuisman/data/images/test/S0-SM_male8-elhigh-radfar-az225.png,0.5,1.0,0.6666666666666666,1.0,0.7,1.0,1.0,0.0,1.0,2.0
/vol/tensusers6/lisannehuisman/data/images/test/S0-SM_male8-elhigh-radmid-az180.png,1.0,1.0,1.0,1.0,0.8,1.0,0.0,0.0,1.0,1.0
/vol/tensusers6/lisannehuisman/data/images/test/S0-SM_male8-elhigh-radmid-az225.png,0.25,1.0,0.4,1.0,0.8,1.0,3.0,0.0,1.0,4.0
/vol/tensusers6/lisannehuisman/data/images/test/S0-SM_male8-elhigh-radmid-az270.png,0.6666666666666666,1.0,0.8,1.0,0.4916666679084301,2.0,1.0,0.0,2.0,3.0
/vol/tensusers6/lisannehuisman/data/images/test/S0-SM_male8-elhigh-radmid-az315.png,1.0,1.0,1.0,1.0,0.9,1.0,0.0,0.0,1.0,1.0
/vol/tensusers6/lisannehuisman/data/images/test/S0-SM_male8-elhigh-radnear-az135.png,1.0,1.0,1.0,1.0,0.5,1.0,0.0,0.0,1.0,1.0
/vol/tensusers6/lisannehuisman/data/images/test/S0-SM_male8-elhigh-radnear-az270.png,0.5,1.0,0.6666666666666666,0.5,0.25,1.0,1.0,0.0,1.0,2.0
/vol/tensusers6/lisannehuisman/data/images/test/S0-SM_male8-ellow-radfar-az045.png,0.07575757575757576,0.5555555555555556,0.13333333333333333,0.4448185667724496,0.3014515602923832,5.0,61.0,4.0,9.0,66.0
/vol/tensusers6/lisannehuisman/data/images/test/S0-SM_male8-ellow-radfar-az135.png,0.14035087719298245,0.47058823529411764,0.2162162162162162,0.4623617915067282,0.27494840604590465,8.0,49.0,9.0,17.0,57.0
/vol/tensusers6/lisannehuisman/data/images/test/S0-SM_male8-ellow-radfar-az225.png,0.27586206896551724,0.64,0.3855421686746988,0.6687460786192947,0.38211007246377704,16.0,42.0,9.0,25.0,58.0
/vol/tensusers6/lisannehuisman/data/images/test/S0-SM_male8-ellow-radfar-az315.png,0.5789473684210527,1.0,0.7333333333333334,1.0,0.7873513894530204,11.0,8.0,0.0,11.0,19.0
/vol/tensusers6/lisannehuisman/data/images/test/S0-SM_male8-ellow-radmid-az000.png,0.5454545454545454,0.9230769230769231,0.6857142857142856,0.9440559480156931,0.7159090973827597,12.0,10.0,1.0,13.0,22.0
/vol/tensusers6/lisannehuisman/data/images/test/S0-SM_male8-elmid-radfar-az135.png,0.45454545454545453,1.0,0.625,1.0,0.7296969732597018,5.0,6.0,0.0,5.0,11.0
/vol/tensusers6/lisannehuisman/data/images/test/S0-SM_male8-elmid-radfar-az270.png,0.7,0.875,0.7777777777777777,0.9187499992549419,0.7101785723119974,7.0,3.0,1.0,8.0,10.0
/vol/tensusers6/lisannehuisman/data/images/test/S0-SM_male8-elmid-radfar-az315.png,0.9230769230769231,0.9230769230769231,0.9230769230769231,0.9585798843019813,0.7991561045231037,12.0,1.0,1.0,13.0,13.0
/vol/tensusers6/lisannehuisman/data/images/test/S0-SM_male8-elmid-radmid-az045.png,0.2,0.6666666666666666,0.30769230769230765,0.7000000183780988,0.4933333463470141,2.0,8.0,1.0,3.0,10.0
/vol/tensusers6/lisannehuisman/data/images/test/S0-SM_male8-elmid-radmid-az225.png,1.0,1.0,1.0,1.0,0.9,1.0,0.0,0.0,1.0,1.0
/vol/tensusers6/lisannehuisman/data/images/test/S0-SM_male8-elmid-radnear-az090.png,1.0,1.0,1.0,1.0,0.8,1.0,0.0,0.0,1.0,1.0
/vol/tensusers6/lisannehuisman/data/images/test/S0-SM_male9-elhigh-radfar-az225.png,0.5238095238095238,1.0,0.6875000000000001,1.0,0.8190023655582488,11.0,10.0,0.0,11.0,21.0
/vol/tensusers6/lisannehuisman/data/images/test/S0-SM_male9-elhigh-radnear-az315.png,1.0,1.0,1.0,1.0,0.7586111110779974,6.0,0.0,0.0,6.0,6.0
/vol/tensusers6/lisannehuisman/data/images/test/S0-SM_male9-ellow-radfar-az270.png,0.5,1.0,0.6666666666666666,1.0,0.682704549839551,10.0,10.0,0.0,10.0,20.0
/vol/tensusers6/lisannehuisman/data/images/test/S0-SM_male9-ellow-radmid-az045.png,0.23255813953488372,0.9090909090909091,0.3703703703703703,0.8181006867266487,0.40511357491245503,10.0,33.0,1.0,11.0,43.0
/vol/tensusers6/lisannehuisman/data/images/test/S0-SM_male9-ellow-radnear-az270.png,0.5714285714285714,1.0,0.7272727272727273,1.0,0.8154761903453618,8.0,6.0,0.0,8.0,14.0
/vol/tensusers6/lisannehuisman/data/images/test/S0-SM_male9-elmid-radmid-az135.png,0.2727272727272727,1.0,0.42857142857142855,1.0,0.7885101025717127,6.0,16.0,0.0,6.0,22.0
/vol/tensusers6/lisannehuisman/data/images/test/S0-SM_male9-elmid-radnear-az090.png,1.0,1.0,1.0,1.0,0.8666666686534882,3.0,0.0,0.0,3.0,3.0
/vol/tensusers6/lisannehuisman/data/images/test/S0-SM_male9-elmid-radnear-az180.png,1.0,1.0,1.0,1.0,0.8625,4.0,0.0,0.0,4.0,4.0
/vol/tensusers6/lisannehuisman/data/images/test/S0-SM_male9-elmid-radnear-az270.png,0.4444444444444444,0.8,0.5714285714285714,0.844444454047415,0.7322222315685616,4.0,5.0,1.0,5.0,9.0
/vol/tensusers6/lisannehuisman/data/images/test/S0-SM_rock1-elhigh-radfar-az045.png,1.0,1.0,1.0,1.0,0.9280000056028366,5.0,0.0,0.0,5.0,5.0
/vol/tensusers6/lisannehuisman/data/images/test/S0-SM_rock1-elhigh-radfar-az315.png,0.4,1.0,0.5714285714285715,0.9761904747713182,0.7758730179367085,6.0,9.0,0.0,6.0,15.0
/vol/tensusers6/lisannehuisman/data/images/test/S0-SM_rock1-elhigh-radmid-az135.png,1.0,1.0,1.0,1.0,0.946875,4.0,0.0,0.0,4.0,4.0
/vol/tensusers6/lisannehuisman/data/images/test/S0-SM_rock1-elhigh-radmid-az225.png,1.0,1.0,1.0,1.0,0.9625,4.0,0.0,0.0,4.0,4.0
/vol/tensusers6/lisannehuisman/data/images/test/S0-SM_rock1-elhigh-radmid-az315.png,1.0,1.0,1.0,1.0,0.9375,4.0,0.0,0.0,4.0,4.0
/vol/tensusers6/lisannehuisman/data/images/test/S0-SM_rock1-ellow-radfar-az270.png,0.2,0.6666666666666666,0.30769230769230765,0.5824474248498803,0.2903690707111557,14.0,56.0,7.0,21.0,70.0
/vol/tensusers6/lisannehuisman/data/images/test/S0-SM_rock1-ellow-radmid-az045.png,0.6666666666666666,1.0,0.8,1.0,0.8604166671633721,4.0,2.0,0.0,4.0,6.0
/vol/tensusers6/lisannehuisman/data/images/test/S0-SM_rock1-ellow-radmid-az135.png,0.25,0.75,0.375,0.78125,0.7312500000931322,3.0,9.0,1.0,4.0,12.0
/vol/tensusers6/lisannehuisman/data/images/test/S0-SM_rock1-ellow-radmid-az180.png,0.15151515151515152,0.5,0.23255813953488375,0.5212121213475864,0.36848485263008063,5.0,28.0,5.0,10.0,33.0
/vol/tensusers6/lisannehuisman/data/images/test/S0-SM_rock1-ellow-radnear-az045.png,0.6,1.0,0.7499999999999999,1.0,0.9133333360155422,3.0,2.0,0.0,3.0,5.0
/vol/tensusers6/lisannehuisman/data/images/test/S0-SM_rock1-ellow-radnear-az090.png,0.23076923076923078,0.75,0.3529411764705882,0.7788461539894342,0.6086538470350206,3.0,10.0,1.0,4.0,13.0
/vol/tensusers6/lisannehuisman/data/images/test/S0-SM_rock1-elmid-radmid-az000.png,1.0,1.0,1.0,1.0,0.9430000033676624,5.0,0.0,0.0,5.0,5.0
/vol/tensusers6/lisannehuisman/data/images/test/S0-SM_rock1-elmid-radmid-az270.png,1.0,1.0,1.0,1.0,0.8880000085830687,5.0,0.0,0.0,5.0,5.0
/vol/tensusers6/lisannehuisman/data/images/test/S0-SM_rock1-elmid-radnear-az090.png,1.0,1.0,1.0,1.0,0.9777777794334623,3.0,0.0,0.0,3.0,3.0
/vol/tensusers6/lisannehuisman/data/images/test/S0-SM_rock1-elmid-radnear-az225.png,0.8,1.0,0.888888888888889,1.0,0.8412500005215406,4.0,1.0,0.0,4.0,5.0
/vol/tensusers6/lisannehuisman/data/images/test/S0-SM_rock10-elhigh-radfar-az270.png,1.0,1.0,1.0,1.0,1.0,9.0,0.0,0.0,9.0,9.0
/vol/tensusers6/lisannehuisman/data/images/test/S0-SM_rock10-elhigh-radfar-az315.png,0.7222222222222222,1.0,0.8387096774193548,1.0,0.8991453058953978,13.0,5.0,0.0,13.0,18.0
/vol/tensusers6/lisannehuisman/data/images/test/S0-SM_rock10-elhigh-radnear-az000.png,1.0,1.0,1.0,1.0,0.99296875,8.0,0.0,0.0,8.0,8.0
/vol/tensusers6/lisannehuisman/data/images/test/S0-SM_rock10-elhigh-radnear-az090.png,0.5625,1.0,0.72,1.0,0.9659722242504358,9.0,7.0,0.0,9.0,16.0
/vol/tensusers6/lisannehuisman/data/images/test/S0-SM_rock10-elhigh-radnear-az225.png,1.0,1.0,1.0,1.0,0.9808035716414452,8.0,0.0,0.0,8.0,8.0
/vol/tensusers6/lisannehuisman/data/images/test/S0-SM_rock10-elhigh-radnear-az270.png,0.5833333333333334,1.0,0.7368421052631579,1.0,0.9892857149243355,7.0,5.0,0.0,7.0,12.0
/vol/tensusers6/lisannehuisman/data/images/test/S0-SM_rock10-ellow-radfar-az090.png,0.42857142857142855,1.0,0.6,1.0,0.7758377519661208,9.0,12.0,0.0,9.0,21.0
/vol/tensusers6/lisannehuisman/data/images/test/S0-SM_rock10-ellow-radfar-az135.png,0.16393442622950818,0.625,0.2597402597402597,0.6390710351988673,0.4120756482123397,10.0,51.0,6.0,16.0,61.0
/vol/tensusers6/lisannehuisman/data/images/test/S0-SM_rock10-ellow-radfar-az180.png,0.6666666666666666,1.0,0.8,1.0,1.0,2.0,1.0,0.0,2.0,3.0
/vol/tensusers6/lisannehuisman/data/images/test/S0-SM_rock10-ellow-radmid-az045.png,0.21739130434782608,1.0,0.3571428571428571,1.0,0.9260869609661724,5.0,18.0,0.0,5.0,23.0
/vol/tensusers6/lisannehuisman/data/images/test/S0-SM_rock10-ellow-radmid-az225.png,0.23076923076923078,0.6,0.33333333333333337,0.6461538674739691,0.6194871996954465,3.0,10.0,2.0,5.0,13.0
/vol/tensusers6/lisannehuisman/data/images/test/S0-SM_rock10-ellow-radnear-az225.png,0.45454545454545453,0.8333333333333334,0.5882352941176471,0.8434343325218778,0.6116161567318924,5.0,6.0,1.0,6.0,11.0
/vol/tensusers6/lisannehuisman/data/images/test/S0-SM_rock10-ellow-radnear-az315.png,0.6666666666666666,1.0,0.8,1.0,0.866666667163372,4.0,2.0,0.0,4.0,6.0
/vol/tensusers6/lisannehuisman/data/images/test/S0-SM_rock11-elhigh-radmid-az000.png,0.625,1.0,0.7692307692307693,1.0,1.0,5.0,3.0,0.0,5.0,8.0
/vol/tensusers6/lisannehuisman/data/images/test/S0-SM_rock11-ellow-radfar-az000.png,0.6363636363636364,1.0,0.7777777777777778,1.0,0.9090909126323539,7.0,4.0,0.0,7.0,11.0
/vol/tensusers6/lisannehuisman/data/images/test/S0-SM_rock11-ellow-radfar-az090.png,0.2413793103448276,0.875,0.3783783783783784,0.8900862066075206,0.7004310351330787,7.0,22.0,1.0,8.0,29.0
/vol/tensusers6/lisannehuisman/data/images/test/S0-SM_rock11-ellow-radfar-az180.png,0.3157894736842105,1.0,0.4799999999999999,0.9583333283662796,0.665131576359272,6.0,13.0,0.0,6.0,19.0
/vol/tensusers6/lisannehuisman/data/images/test/S0-SM_rock11-ellow-radmid-az000.png,0.1724137931034483,0.7142857142857143,0.2777777777777778,0.6609942008175231,0.4923533517748878,5.0,24.0,2.0,7.0,29.0
/vol/tensusers6/lisannehuisman/data/images/test/S0-SM_rock11-ellow-radnear-az045.png,0.2857142857142857,1.0,0.4444444444444445,0.875,0.6642857150174677,4.0,10.0,0.0,4.0,14.0
/vol/tensusers6/lisannehuisman/data/images/test/S0-SM_rock11-ellow-radnear-az315.png,0.29411764705882354,1.0,0.45454545454545453,1.0,0.9647058844741654,5.0,12.0,0.0,5.0,17.0
/vol/tensusers6/lisannehuisman/data/images/test/S0-SM_rock11-elmid-radfar-az090.png,0.3103448275862069,0.9,0.4615384615384615,0.9155172206204512,0.8620689528615311,9.0,20.0,1.0,10.0,29.0
/vol/tensusers6/lisannehuisman/data/images/test/S0-SM_rock11-elmid-radmid-az225.png,0.8181818181818182,1.0,0.9,1.0,0.9736111123114825,9.0,2.0,0.0,9.0,11.0
/vol/tensusers6/lisannehuisman/data/images/test/S0-SM_rock11-elmid-radnear-az045.png,1.0,1.0,1.0,1.0,1.0,4.0,0.0,0.0,4.0,4.0
/vol/tensusers6/lisannehuisman/data/images/test/S0-SM_rock12-elhigh-radfar-az045.png,1.0,1.0,1.0,1.0,0.984375,4.0,0.0,0.0,4.0,4.0
/vol/tensusers6/lisannehuisman/data/images/test/S0-SM_rock12-elhigh-radmid-az045.png,1.0,1.0,1.0,1.0,1.0,3.0,0.0,0.0,3.0,3.0
/vol/tensusers6/lisannehuisman/data/images/test/S0-SM_rock12-elhigh-radnear-az180.png,1.0,1.0,1.0,1.0,1.0,4.0,0.0,0.0,4.0,4.0
/vol/tensusers6/lisannehuisman/data/images/test/S0-SM_rock12-elhigh-radnear-az315.png,0.4444444444444444,0.8,0.5714285714285714,0.844444454047415,0.8066666758888298,4.0,5.0,1.0,5.0,9.0
/vol/tensusers6/lisannehuisman/data/images/test/S0-SM_rock12-ellow-radfar-az180.png,0.20833333333333334,0.5882352941176471,0.3076923076923077,0.562009822606456,0.39850491076926975,10.0,38.0,7.0,17.0,48.0
/vol/tensusers6/lisannehuisman/data/images/test/S0-SM_rock12-ellow-radmid-az000.png,0.3684210526315789,0.875,0.5185185185185185,0.8980263154953718,0.5921052649617196,7.0,12.0,1.0,8.0,19.0
/vol/tensusers6/lisannehuisman/data/images/test/S0-SM_rock12-ellow-radmid-az315.png,0.38461538461538464,1.0,0.5555555555555556,1.0,0.7966153949338656,5.0,8.0,0.0,5.0,13.0
/vol/tensusers6/lisannehuisman/data/images/test/S0-SM_rock12-ellow-radnear-az000.png,0.21739130434782608,1.0,0.3571428571428571,1.0,0.827826090140835,5.0,18.0,0.0,5.0,23.0
/vol/tensusers6/lisannehuisman/data/images/test/S0-SM_rock12-ellow-radnear-az090.png,0.0392156862745098,0.2857142857142857,0.06896551724137931,0.29971990097282813,0.2848739619578133,2.0,49.0,5.0,7.0,51.0
/vol/tensusers6/lisannehuisman/data/images/test/S0-SM_rock12-elmid-radfar-az000.png,0.17391304347826086,0.6153846153846154,0.2711864406779661,0.5429484049192799,0.4135339770555815,8.0,38.0,5.0,13.0,46.0
/vol/tensusers6/lisannehuisman/data/images/test/S0-SM_rock12-elmid-radmid-az225.png,0.8571428571428571,1.0,0.923076923076923,1.0,0.9226190437873205,6.0,1.0,0.0,6.0,7.0
/vol/tensusers6/lisannehuisman/data/images/test/S0-SM_rock12-elmid-radmid-az270.png,0.6666666666666666,1.0,0.8,1.0,0.8999999983443153,6.0,3.0,0.0,6.0,9.0
/vol/tensusers6/lisannehuisman/data/images/test/S0-SM_rock12-elmid-radmid-az315.png,0.45454545454545453,1.0,0.625,1.0,0.8672727359966798,5.0,6.0,0.0,5.0,11.0
/vol/tensusers6/lisannehuisman/data/images/test/S0-SM_rock13-elhigh-radnear-az135.png,1.0,1.0,1.0,1.0,0.988000000834465,5.0,0.0,0.0,5.0,5.0
/vol/tensusers6/lisannehuisman/data/images/test/S0-SM_rock13-ellow-radfar-az225.png,0.17647058823529413,0.5,0.2608695652173913,0.5001782573458522,0.26718831108086905,9.0,42.0,9.0,18.0,51.0
/vol/tensusers6/lisannehuisman/data/images/test/S0-SM_rock13-ellow-radmid-az090.png,0.26666666666666666,0.8,0.4,0.7866666831572848,0.5813333458403747,4.0,11.0,1.0,5.0,15.0
/vol/tensusers6/lisannehuisman/data/images/test/S0-SM_rock13-elmid-radfar-az135.png,0.7272727272727273,1.0,0.8421052631578948,1.0,0.8149147741496563,8.0,3.0,0.0,8.0,11.0
/vol/tensusers6/lisannehuisman/data/images/test/S0-SM_rock13-elmid-radfar-az270.png,1.0,1.0,1.0,1.0,0.9708333293596902,6.0,0.0,0.0,6.0,6.0
/vol/tensusers6/lisannehuisman/data/images/test/S0-SM_rock13-elmid-radmid-az000.png,1.0,1.0,1.0,1.0,0.9777777794334623,6.0,0.0,0.0,6.0,6.0
/vol/tensusers6/lisannehuisman/data/images/test/S0-SM_rock13-elmid-radnear-az180.png,0.8333333333333334,1.0,0.9090909090909091,1.0,0.9826666681369145,5.0,1.0,0.0,5.0,6.0
/vol/tensusers6/lisannehuisman/data/images/test/S0-SM_rock14-elhigh-radfar-az315.png,1.0,1.0,1.0,1.0,0.9902777764532301,6.0,0.0,0.0,6.0,6.0
/vol/tensusers6/lisannehuisman/data/images/test/S0-SM_rock14-elhigh-radmid-az135.png,0.6666666666666666,1.0,0.8,0.9500000029802322,0.8400000005960464,4.0,2.0,0.0,4.0,6.0
/vol/tensusers6/lisannehuisman/data/images/test/S0-SM_rock14-elhigh-radmid-az225.png,1.0,1.0,1.0,1.0,1.0,4.0,0.0,0.0,4.0,4.0
/vol/tensusers6/lisannehuisman/data/images/test/S0-SM_rock14-elhigh-radnear-az180.png,0.5,1.0,0.6666666666666666,1.0,0.9722222240434754,3.0,3.0,0.0,3.0,6.0
/vol/tensusers6/lisannehuisman/data/images/test/S0-SM_rock14-elhigh-radnear-az270.png,0.4444444444444444,1.0,0.6153846153846153,1.0,1.0,4.0,5.0,0.0,4.0,9.0
/vol/tensusers6/lisannehuisman/data/images/test/S0-SM_rock14-elhigh-radnear-az315.png,0.5555555555555556,1.0,0.7142857142857143,1.0,0.8222222304840882,5.0,4.0,0.0,5.0,9.0
/vol/tensusers6/lisannehuisman/data/images/test/S0-SM_rock14-ellow-radfar-az225.png,0.1794871794871795,0.4375,0.2545454545454545,0.42879516119137406,0.2691874921089038,7.0,32.0,9.0,16.0,39.0
/vol/tensusers6/lisannehuisman/data/images/test/S0-SM_rock14-ellow-radmid-az225.png,0.12962962962962962,0.4117647058823529,0.19718309859154928,0.37311882905366134,0.252438188492218,7.0,47.0,10.0,17.0,54.0
/vol/tensusers6/lisannehuisman/data/images/test/S0-SM_rock14-ellow-radnear-az315.png,0.375,0.75,0.5,0.7733360417187214,0.5286186484619975,12.0,20.0,4.0,16.0,32.0
/vol/tensusers6/lisannehuisman/data/images/test/S0-SM_rock14-elmid-radnear-az045.png,1.0,1.0,1.0,1.0,0.940625,4.0,0.0,0.0,4.0,4.0
/vol/tensusers6/lisannehuisman/data/images/test/S0-SM_rock14-elmid-radnear-az135.png,0.23076923076923078,1.0,0.375,0.8666666825612381,0.6489316380813588,3.0,10.0,0.0,3.0,13.0
/vol/tensusers6/lisannehuisman/data/images/test/S0-SM_rock14-elmid-radnear-az180.png,1.0,1.0,1.0,1.0,0.9625,2.0,0.0,0.0,2.0,2.0
/vol/tensusers6/lisannehuisman/data/images/test/S0-SM_rock15-elhigh-radfar-az225.png,0.45454545454545453,1.0,0.625,1.0,0.9745707060456879,10.0,12.0,0.0,10.0,22.0
/vol/tensusers6/lisannehuisman/data/images/test/S0-SM_rock15-elhigh-radmid-az045.png,0.47058823529411764,1.0,0.6399999999999999,1.0,0.924448529817164,8.0,9.0,0.0,8.0,17.0
/vol/tensusers6/lisannehuisman/data/images/test/S0-SM_rock15-elhigh-radmid-az090.png,0.6666666666666666,1.0,0.8,0.9910714253783226,0.8309592831379036,14.0,7.0,0.0,14.0,21.0
/vol/tensusers6/lisannehuisman/data/images/test/S0-SM_rock15-elhigh-radnear-az135.png,0.7777777777777778,1.0,0.8750000000000001,1.0,0.9571428599102155,7.0,2.0,0.0,7.0,9.0
/vol/tensusers6/lisannehuisman/data/images/test/S0-SM_rock15-ellow-radfar-az000.png,1.0,1.0,1.0,1.0,1.0,1.0,0.0,0.0,1.0,1.0
/vol/tensusers6/lisannehuisman/data/images/test/S0-SM_rock15-ellow-radmid-az090.png,0.07017543859649122,0.4,0.11940298507462686,0.42105263748712707,0.35894737346653355,4.0,53.0,6.0,10.0,57.0
/vol/tensusers6/lisannehuisman/data/images/test/S0-SM_rock15-ellow-radnear-az090.png,0.2,1.0,0.33333333333333337,1.0,1.0,1.0,4.0,0.0,1.0,5.0
/vol/tensusers6/lisannehuisman/data/images/test/S0-SM_rock15-ellow-radnear-az225.png,1.0,0.5,0.6666666666666666,0.75,0.75,1.0,0.0,1.0,2.0,1.0
/vol/tensusers6/lisannehuisman/data/images/test/S0-SM_rock15-elmid-radfar-az225.png,0.6,1.0,0.7499999999999999,1.0,0.9340740789528246,9.0,6.0,0.0,9.0,15.0
/vol/tensusers6/lisannehuisman/data/images/test/S0-SM_rock15-elmid-radfar-az315.png,0.7692307692307693,1.0,0.8695652173913044,1.0,0.926923077931771,10.0,3.0,0.0,10.0,13.0
/vol/tensusers6/lisannehuisman/data/images/test/S0-SM_rock15-elmid-radmid-az000.png,0.4230769230769231,1.0,0.5945945945945945,1.0,0.8238286768493953,11.0,15.0,0.0,11.0,26.0
/vol/tensusers6/lisannehuisman/data/images/test/S0-SM_rock15-elmid-radmid-az180.png,0.38461538461538464,1.0,0.5555555555555556,1.0,0.9345192272273394,10.0,16.0,0.0,10.0,26.0
/vol/tensusers6/lisannehuisman/data/images/test/S0-SM_rock15-elmid-radnear-az045.png,0.5,1.0,0.6666666666666666,1.0,0.8580000066459179,5.0,5.0,0.0,5.0,10.0
/vol/tensusers6/lisannehuisman/data/images/test/S0-SM_rock16-elhigh-radmid-az090.png,0.5714285714285714,1.0,0.7272727272727273,1.0,0.9290178574621677,8.0,6.0,0.0,8.0,14.0
/vol/tensusers6/lisannehuisman/data/images/test/S0-SM_rock16-elhigh-radmid-az270.png,0.4444444444444444,0.8888888888888888,0.5925925925925926,0.9012345747079378,0.8487654421800448,8.0,10.0,1.0,9.0,18.0
/vol/tensusers6/lisannehuisman/data/images/test/S0-SM_rock16-elhigh-radnear-az090.png,0.4117647058823529,1.0,0.5833333333333334,0.96825397203839,0.8112978653900541,7.0,10.0,0.0,7.0,17.0
/vol/tensusers6/lisannehuisman/data/images/test/S0-SM_rock16-ellow-radmid-az000.png,0.23076923076923078,0.6,0.33333333333333337,0.6461538674739691,0.5010256543402107,6.0,20.0,4.0,10.0,26.0
/vol/tensusers6/lisannehuisman/data/images/test/S0-SM_rock16-ellow-radmid-az135.png,0.1935483870967742,1.0,0.3243243243243243,1.0,0.6454301063171639,6.0,25.0,0.0,6.0,31.0
/vol/tensusers6/lisannehuisman/data/images/test/S0-SM_rock16-elmid-radfar-az000.png,0.7,1.0,0.8235294117647058,1.0,0.9161904819238753,7.0,3.0,0.0,7.0,10.0
/vol/tensusers6/lisannehuisman/data/images/test/S0-SM_rock16-elmid-radfar-az315.png,0.2894736842105263,0.9166666666666666,0.43999999999999995,0.914839199869431,0.6855743421895516,11.0,27.0,1.0,12.0,38.0
/vol/tensusers6/lisannehuisman/data/images/test/S0-SM_rock16-elmid-radnear-az270.png,0.6666666666666666,1.0,0.8,1.0,0.8749999987582366,6.0,3.0,0.0,6.0,9.0
/vol/tensusers6/lisannehuisman/data/images/test/S0-SM_rock16-elmid-radnear-az315.png,0.29411764705882354,0.8333333333333334,0.4347826086956522,0.8022875624641879,0.6322549044457724,5.0,12.0,1.0,6.0,17.0
/vol/tensusers6/lisannehuisman/data/images/test/S0-SM_rock17-elhigh-radmid-az090.png,0.8,0.8888888888888888,0.8421052631578948,0.9333333379692501,0.8900000074836942,8.0,2.0,1.0,9.0,10.0
/vol/tensusers6/lisannehuisman/data/images/test/S0-SM_rock17-elhigh-radmid-az225.png,0.5,0.9090909090909091,0.6451612903225806,0.9318182021379471,0.8259090999581596,10.0,10.0,1.0,11.0,20.0
/vol/tensusers6/lisannehuisman/data/images/test/S0-SM_rock17-elhigh-radnear-az180.png,0.4117647058823529,0.875,0.56,0.9007352944463491,0.855882353335619,7.0,10.0,1.0,8.0,17.0
/vol/tensusers6/lisannehuisman/data/images/test/S0-SM_rock17-elhigh-radnear-az225.png,0.6,1.0,0.7499999999999999,1.0,0.9819444426231915,6.0,4.0,0.0,6.0,10.0
/vol/tensusers6/lisannehuisman/data/images/test/S0-SM_rock17-elhigh-radnear-az270.png,0.3888888888888889,0.875,0.5384615384615385,0.8993055559694767,0.8777777783572673,7.0,11.0,1.0,8.0,18.0
/vol/tensusers6/lisannehuisman/data/images/test/S0-SM_rock17-ellow-radfar-az135.png,0.3333333333333333,1.0,0.5,0.9761904747713182,0.7307539726119667,6.0,12.0,0.0,6.0,18.0
/vol/tensusers6/lisannehuisman/data/images/test/S0-SM_rock17-ellow-radmid-az000.png,0.18518518518518517,1.0,0.3125,1.0,0.8318518619625657,5.0,22.0,0.0,5.0,27.0
/vol/tensusers6/lisannehuisman/data/images/test/S0-SM_rock17-ellow-radnear-az090.png,0.2608695652173913,0.9230769230769231,0.4067796610169491,0.933110371780236,0.6494724952462191,12.0,34.0,1.0,13.0,46.0
/vol/tensusers6/lisannehuisman/data/images/test/S0-SM_rock17-ellow-radnear-az135.png,0.375,1.0,0.5454545454545454,1.0,0.9486111135118538,3.0,5.0,0.0,3.0,8.0
/vol/tensusers6/lisannehuisman/data/images/test/S0-SM_rock17-ellow-radnear-az225.png,0.18518518518518517,1.0,0.3125,0.8833333383003872,0.8029629711144501,5.0,22.0,0.0,5.0,27.0
/vol/tensusers6/lisannehuisman/data/images/test/S0-SM_rock17-elmid-radfar-az135.png,0.2894736842105263,0.8461538461538461,0.4313725490196079,0.8684210603536382,0.6568016365550549,11.0,27.0,2.0,13.0,38.0
/vol/tensusers6/lisannehuisman/data/images/test/S0-SM_rock17-elmid-radmid-az000.png,0.8461538461538461,1.0,0.9166666666666666,0.9860139910157741,0.9263403352358679,11.0,2.0,0.0,11.0,13.0
/vol/tensusers6/lisannehuisman/data/images/test/S0-SM_rock17-elmid-radnear-az045.png,1.0,1.0,1.0,1.0,0.9375,4.0,0.0,0.0,4.0,4.0
/vol/tensusers6/lisannehuisman/data/images/test/S0-SM_rock17-elmid-radnear-az135.png,0.7142857142857143,1.0,0.8333333333333333,1.0,0.9857142868212291,5.0,2.0,0.0,5.0,7.0
/vol/tensusers6/lisannehuisman/data/images/test/S0-SM_rock17-elmid-radnear-az315.png,0.5454545454545454,1.0,0.7058823529411764,1.0,0.9325757597657767,6.0,5.0,0.0,6.0,11.0
/vol/tensusers6/lisannehuisman/data/images/test/S0-SM_rock18-elhigh-radfar-az315.png,0.4482758620689655,0.8666666666666667,0.5909090909090909,0.8917898242598881,0.7940798521590329,13.0,16.0,2.0,15.0,29.0
/vol/tensusers6/lisannehuisman/data/images/test/S0-SM_rock18-elhigh-radmid-az000.png,0.9166666666666666,1.0,0.9565217391304348,1.0,0.9295454625830507,11.0,1.0,0.0,11.0,12.0
/vol/tensusers6/lisannehuisman/data/images/test/S0-SM_rock18-elhigh-radnear-az045.png,0.47058823529411764,1.0,0.6399999999999999,1.0,0.9565257355570793,8.0,9.0,0.0,8.0,17.0
/vol/tensusers6/lisannehuisman/data/images/test/S0-SM_rock18-ellow-radfar-az090.png,0.5333333333333333,1.0,0.6956521739130436,1.0,0.9302083339542151,8.0,7.0,0.0,8.0,15.0
/vol/tensusers6/lisannehuisman/data/images/test/S0-SM_rock18-ellow-radfar-az135.png,0.16666666666666666,1.0,0.2857142857142857,1.0,0.8312500016763806,4.0,20.0,0.0,4.0,24.0
/vol/tensusers6/lisannehuisman/data/images/test/S0-SM_rock18-ellow-radfar-az315.png,0.6153846153846154,1.0,0.761904761904762,1.0,0.9571428578346968,8.0,5.0,0.0,8.0,13.0
/vol/tensusers6/lisannehuisman/data/images/test/S0-SM_rock18-ellow-radmid-az135.png,1.0,1.0,1.0,1.0,1.0,1.0,0.0,0.0,1.0,1.0
/vol/tensusers6/lisannehuisman/data/images/test/S0-SM_rock18-ellow-radnear-az045.png,0.19230769230769232,0.7142857142857143,0.30303030303030304,0.694139202217479,0.4995970887202267,5.0,21.0,2.0,7.0,26.0
/vol/tensusers6/lisannehuisman/data/images/test/S0-SM_rock18-ellow-radnear-az135.png,0.4,0.8571428571428571,0.5454545454545455,0.8857142929519926,0.8200000087703977,6.0,9.0,1.0,7.0,15.0
/vol/tensusers6/lisannehuisman/data/images/test/S0-SM_rock18-elmid-radmid-az000.png,0.5172413793103449,1.0,0.6818181818181819,0.995833333581686,0.8458425365051777,15.0,14.0,0.0,15.0,29.0
/vol/tensusers6/lisannehuisman/data/images/test/S0-SM_rock18-elmid-radmid-az045.png,0.5789473684210527,1.0,0.7333333333333334,0.9805194847769556,0.8923786861250358,11.0,8.0,0.0,11.0,19.0
/vol/tensusers6/lisannehuisman/data/images/test/S0-SM_rock18-elmid-radnear-az135.png,0.23809523809523808,1.0,0.3846153846153846,1.0,0.9457142890564034,5.0,16.0,0.0,5.0,21.0
/vol/tensusers6/lisannehuisman/data/images/test/S0-SM_rock18-elmid-radnear-az180.png,1.0,1.0,1.0,1.0,0.984375,4.0,0.0,0.0,4.0,4.0
/vol/tensusers6/lisannehuisman/data/images/test/S0-SM_rock18-elmid-radnear-az315.png,0.6153846153846154,0.8888888888888888,0.7272727272727274,0.9230769289354992,0.8512820618911686,8.0,5.0,1.0,9.0,13.0
/vol/tensusers6/lisannehuisman/data/images/test/S0-SM_rock19-elhigh-radfar-az180.png,0.7857142857142857,1.0,0.88,1.0,0.9736652270798043,11.0,3.0,0.0,11.0,14.0
/vol/tensusers6/lisannehuisman/data/images/test/S0-SM_rock19-elhigh-radmid-az270.png,0.6111111111111112,1.0,0.7586206896551725,1.0,0.9540404185803247,11.0,7.0,0.0,11.0,18.0
/vol/tensusers6/lisannehuisman/data/images/test/S0-SM_rock19-ellow-radfar-az225.png,0.21052631578947367,0.8,0.3333333333333333,0.821052642401896,0.703157905716645,4.0,15.0,1.0,5.0,19.0
/vol/tensusers6/lisannehuisman/data/images/test/S0-SM_rock19-elmid-radfar-az270.png,0.5714285714285714,1.0,0.7272727272727273,0.9926470592617989,0.8543944573029876,16.0,12.0,0.0,16.0,28.0
/vol/tensusers6/lisannehuisman/data/images/test/S0-SM_rock2-elhigh-radfar-az180.png,1.0,1.0,1.0,1.0,0.8880000053048134,5.0,0.0,0.0,5.0,5.0
/vol/tensusers6/lisannehuisman/data/images/test/S0-SM_rock2-elhigh-radmid-az135.png,0.3333333333333333,1.0,0.5,1.0,0.8920000066161154,5.0,10.0,0.0,5.0,15.0
/vol/tensusers6/lisannehuisman/data/images/test/S0-SM_rock2-elhigh-radnear-az000.png,1.0,1.0,1.0,1.0,0.8920000028908251,5.0,0.0,0.0,5.0,5.0
/vol/tensusers6/lisannehuisman/data/images/test/S0-SM_rock2-elhigh-radnear-az225.png,1.0,1.0,1.0,1.0,0.8600000074505806,5.0,0.0,0.0,5.0,5.0
/vol/tensusers6/lisannehuisman/data/images/test/S0-SM_rock2-elhigh-radnear-az315.png,1.0,1.0,1.0,1.0,0.9160000064373015,5.0,0.0,0.0,5.0,5.0
/vol/tensusers6/lisannehuisman/data/images/test/S0-SM_rock2-ellow-radfar-az000.png,0.8333333333333334,1.0,0.9090909090909091,1.0,0.8233333377043405,5.0,1.0,0.0,5.0,6.0
/vol/tensusers6/lisannehuisman/data/images/test/S0-SM_rock2-ellow-radmid-az315.png,0.625,1.0,0.7692307692307693,1.0,0.8375000096857548,5.0,3.0,0.0,5.0,8.0
/vol/tensusers6/lisannehuisman/data/images/test/S0-SM_rock2-ellow-radnear-az000.png,1.0,1.0,1.0,1.0,1.0,2.0,0.0,0.0,2.0,2.0
/vol/tensusers6/lisannehuisman/data/images/test/S0-SM_rock2-elmid-radfar-az000.png,0.8333333333333334,1.0,0.9090909090909091,1.0,0.9000000015894571,5.0,1.0,0.0,5.0,6.0
/vol/tensusers6/lisannehuisman/data/images/test/S0-SM_rock2-elmid-radfar-az270.png,1.0,1.0,1.0,1.0,0.8400000125169752,5.0,0.0,0.0,5.0,5.0
/vol/tensusers6/lisannehuisman/data/images/test/S0-SM_rock2-elmid-radmid-az045.png,0.2,1.0,0.33333333333333337,1.0,1.0,2.0,8.0,0.0,2.0,10.0
/vol/tensusers6/lisannehuisman/data/images/test/S0-SM_rock2-elmid-radmid-az090.png,0.6,1.0,0.7499999999999999,1.0,1.0,3.0,2.0,0.0,3.0,5.0
/vol/tensusers6/lisannehuisman/data/images/test/S0-SM_rock2-elmid-radnear-az045.png,0.6666666666666666,1.0,0.8,1.0,0.9166666671633721,2.0,1.0,0.0,2.0,3.0
/vol/tensusers6/lisannehuisman/data/images/test/S0-SM_rock2-elmid-radnear-az225.png,0.6666666666666666,1.0,0.8,1.0,0.7229166680946946,4.0,2.0,0.0,4.0,6.0
/vol/tensusers6/lisannehuisman/data/images/test/S0-SM_rock2-elmid-radnear-az315.png,0.7142857142857143,1.0,0.8333333333333333,1.0,0.8842857206293514,5.0,2.0,0.0,5.0,7.0
/vol/tensusers6/lisannehuisman/data/images/test/S0-SM_rock20-elhigh-radnear-az000.png,0.47368421052631576,1.0,0.6428571428571429,1.0,0.8085213121154353,9.0,10.0,0.0,9.0,19.0
/vol/tensusers6/lisannehuisman/data/images/test/S0-SM_rock20-ellow-radfar-az000.png,0.5,1.0,0.6666666666666666,1.0,0.7715277727279403,6.0,6.0,0.0,6.0,12.0
/vol/tensusers6/lisannehuisman/data/images/test/S0-SM_rock20-ellow-radfar-az135.png,0.6,0.9230769230769231,0.7272727272727274,0.9461538502803215,0.7886324858926554,12.0,8.0,1.0,13.0,20.0
/vol/tensusers6/lisannehuisman/data/images/test/S0-SM_rock20-ellow-radmid-az135.png,0.6,1.0,0.7499999999999999,1.0,0.8607760183145234,9.0,6.0,0.0,9.0,15.0
/vol/tensusers6/lisannehuisman/data/images/test/S0-SM_rock20-ellow-radnear-az270.png,0.7,1.0,0.8235294117647058,1.0,0.8861904802528165,7.0,3.0,0.0,7.0,10.0
/vol/tensusers6/lisannehuisman/data/images/test/S0-SM_rock20-ellow-radnear-az315.png,0.3888888888888889,1.0,0.56,1.0,0.945238097899017,7.0,11.0,0.0,7.0,18.0
/vol/tensusers6/lisannehuisman/data/images/test/S0-SM_rock20-elmid-radfar-az090.png,0.6538461538461539,1.0,0.7906976744186047,1.0,0.9244047644367714,17.0,9.0,0.0,17.0,26.0
/vol/tensusers6/lisannehuisman/data/images/test/S0-SM_rock20-elmid-radfar-az225.png,0.6,0.9,0.7200000000000001,0.9299999845027926,0.8882380884658725,9.0,6.0,1.0,10.0,15.0
/vol/tensusers6/lisannehuisman/data/images/test/S0-SM_rock20-elmid-radfar-az315.png,0.4375,0.9333333333333333,0.5957446808510638,0.9479166697710752,0.749729007498682,14.0,18.0,1.0,15.0,32.0
/vol/tensusers6/lisannehuisman/data/images/test/S0-SM_rock21-elhigh-radfar-az000.png,0.7368421052631579,1.0,0.8484848484848484,1.0,0.9147980813758523,14.0,5.0,0.0,14.0,19.0
/vol/tensusers6/lisannehuisman/data/images/test/S0-SM_rock21-elhigh-radfar-az045.png,0.75,0.9375,0.8333333333333334,0.9609375,0.8913541674613953,15.0,5.0,1.0,16.0,20.0
/vol/tensusers6/lisannehuisman/data/images/test/S0-SM_rock21-elhigh-radfar-az135.png,0.7142857142857143,1.0,0.8333333333333333,1.0,0.9242857099430901,10.0,4.0,0.0,10.0,14.0
/vol/tensusers6/lisannehuisman/data/images/test/S0-SM_rock21-elhigh-radmid-az045.png,0.8461538461538461,1.0,0.9166666666666666,1.0,0.927908461492151,11.0,2.0,0.0,11.0,13.0
/vol/tensusers6/lisannehuisman/data/images/test/S0-SM_rock21-elhigh-radmid-az225.png,0.8888888888888888,1.0,0.9411764705882353,1.0,0.9618055559694767,8.0,1.0,0.0,8.0,9.0
/vol/tensusers6/lisannehuisman/data/images/test/S0-SM_rock21-elhigh-radnear-az135.png,0.7777777777777778,1.0,0.8750000000000001,1.0,0.9904761911857696,7.0,2.0,0.0,7.0,9.0
/vol/tensusers6/lisannehuisman/data/images/test/S0-SM_rock21-elhigh-radnear-az225.png,0.8,1.0,0.888888888888889,1.0,0.9743750002235174,8.0,2.0,0.0,8.0,10.0
/vol/tensusers6/lisannehuisman/data/images/test/S0-SM_rock21-ellow-radfar-az045.png,0.1724137931034483,0.625,0.2702702702702703,0.6573275867849588,0.5956465524621308,5.0,24.0,3.0,8.0,29.0
/vol/tensusers6/lisannehuisman/data/images/test/S0-SM_rock21-ellow-radmid-az315.png,0.22727272727272727,1.0,0.37037037037037035,1.0,0.9090909147804433,5.0,17.0,0.0,5.0,22.0
/vol/tensusers6/lisannehuisman/data/images/test/S0-SM_rock21-ellow-radnear-az090.png,0.3,1.0,0.4615384615384615,1.0,0.8211111178083552,9.0,21.0,0.0,9.0,30.0
/vol/tensusers6/lisannehuisman/data/images/test/S0-SM_rock21-ellow-radnear-az270.png,0.25,1.0,0.4,1.0,1.0,1.0,3.0,0.0,1.0,4.0
/vol/tensusers6/lisannehuisman/data/images/test/S0-SM_rock21-elmid-radmid-az000.png,0.48,1.0,0.6486486486486487,1.0,0.9129577930109711,12.0,13.0,0.0,12.0,25.0
/vol/tensusers6/lisannehuisman/data/images/test/S0-SM_rock21-elmid-radmid-az180.png,0.6363636363636364,1.0,0.7777777777777778,1.0,0.9688311710373148,7.0,4.0,0.0,7.0,11.0
/vol/tensusers6/lisannehuisman/data/images/test/S0-SM_rock21-elmid-radmid-az225.png,0.8,1.0,0.888888888888889,1.0,0.9333035722374916,8.0,2.0,0.0,8.0,10.0
/vol/tensusers6/lisannehuisman/data/images/test/S0-SM_rock21-elmid-radnear-az000.png,0.6363636363636364,1.0,0.7777777777777778,0.96825397203839,0.9240981287727452,7.0,4.0,0.0,7.0,11.0
/vol/tensusers6/lisannehuisman/data/images/test/S0-SM_rock3-elhigh-radmid-az090.png,1.0,1.0,1.0,1.0,1.0,6.0,0.0,0.0,6.0,6.0
/vol/tensusers6/lisannehuisman/data/images/test/S0-SM_rock3-elhigh-radnear-az135.png,0.5,0.8333333333333334,0.625,0.8749999850988388,0.8316666545470556,5.0,5.0,1.0,6.0,10.0
/vol/tensusers6/lisannehuisman/data/images/test/S0-SM_rock3-ellow-radfar-az270.png,1.0,1.0,1.0,1.0,1.0,1.0,0.0,0.0,1.0,1.0
/vol/tensusers6/lisannehuisman/data/images/test/S0-SM_rock3-ellow-radmid-az135.png,0.22727272727272727,0.7692307692307693,0.3508771929824561,0.7884615539358211,0.5782051415449673,10.0,34.0,3.0,13.0,44.0
/vol/tensusers6/lisannehuisman/data/images/test/S0-SM_rock3-ellow-radmid-az315.png,0.11538461538461539,1.0,0.20689655172413793,1.0,0.7948718028668409,3.0,23.0,0.0,3.0,26.0
/vol/tensusers6/lisannehuisman/data/images/test/S0-SM_rock3-ellow-radnear-az090.png,0.07272727272727272,0.3076923076923077,0.1176470588235294,0.33286714311558885,0.24335664622641948,4.0,51.0,9.0,13.0,55.0
/vol/tensusers6/lisannehuisman/data/images/test/S0-SM_rock3-elmid-radmid-az045.png,0.625,1.0,0.7692307692307693,1.0,0.9850000008940697,5.0,3.0,0.0,5.0,8.0
/vol/tensusers6/lisannehuisman/data/images/test/S0-SM_rock3-elmid-radnear-az135.png,0.7142857142857143,1.0,0.8333333333333333,1.0,0.8857142945698329,5.0,2.0,0.0,5.0,7.0
/vol/tensusers6/lisannehuisman/data/images/test/S0-SM_rock3-elmid-radnear-az315.png,0.75,1.0,0.8571428571428571,1.0,1.0,3.0,1.0,0.0,3.0,4.0
/vol/tensusers6/lisannehuisman/data/images/test/S0-SM_rock4-elhigh-radfar-az090.png,0.75,1.0,0.8571428571428571,1.0,0.8838020798067252,12.0,4.0,0.0,12.0,16.0
/vol/tensusers6/lisannehuisman/data/images/test/S0-SM_rock4-elhigh-radfar-az225.png,1.0,1.0,1.0,1.0,0.9407407423412358,9.0,0.0,0.0,9.0,9.0
/vol/tensusers6/lisannehuisman/data/images/test/S0-SM_rock4-elhigh-radmid-az045.png,0.7777777777777778,1.0,0.8750000000000001,1.0,0.8984127056267525,7.0,2.0,0.0,7.0,9.0
/vol/tensusers6/lisannehuisman/data/images/test/S0-SM_rock4-elhigh-radmid-az315.png,0.5,1.0,0.6666666666666666,1.0,1.0,5.0,5.0,0.0,5.0,10.0
/vol/tensusers6/lisannehuisman/data/images/test/S0-SM_rock4-elhigh-radnear-az090.png,0.6428571428571429,1.0,0.782608695652174,1.0,0.9291005330820562,9.0,5.0,0.0,9.0,14.0
/vol/tensusers6/lisannehuisman/data/images/test/S0-SM_rock4-elhigh-radnear-az315.png,1.0,1.0,1.0,1.0,0.9720000021457672,5.0,0.0,0.0,5.0,5.0
/vol/tensusers6/lisannehuisman/data/images/test/S0-SM_rock4-ellow-radfar-az000.png,0.4666666666666667,1.0,0.6363636363636364,1.0,0.9166666717046782,7.0,8.0,0.0,7.0,15.0
/vol/tensusers6/lisannehuisman/data/images/test/S0-SM_rock4-ellow-radfar-az225.png,0.2962962962962963,0.631578947368421,0.40336134453781514,0.6400199984520274,0.40017289507717785,24.0,57.0,14.0,38.0,81.0
/vol/tensusers6/lisannehuisman/data/images/test/S0-SM_rock4-ellow-radfar-az270.png,0.2,1.0,0.33333333333333337,0.9037393118963291,0.6676495676379433,12.0,48.0,0.0,12.0,60.0
/vol/tensusers6/lisannehuisman/data/images/test/S0-SM_rock4-ellow-radmid-az000.png,0.29411764705882354,1.0,0.45454545454545453,1.0,0.9823529422370827,5.0,12.0,0.0,5.0,17.0
/vol/tensusers6/lisannehuisman/data/images/test/S0-SM_rock4-ellow-radmid-az270.png,0.2631578947368421,1.0,0.4166666666666667,0.9028571544374735,0.7348320987920711,5.0,14.0,0.0,5.0,19.0
/vol/tensusers6/lisannehuisman/data/images/test/S0-SM_rock4-ellow-radnear-az045.png,1.0,1.0,1.0,1.0,1.0,2.0,0.0,0.0,2.0,2.0
/vol/tensusers6/lisannehuisman/data/images/test/S0-SM_rock4-ellow-radnear-az270.png,0.5714285714285714,1.0,0.7272727272727273,1.0,1.0,4.0,3.0,0.0,4.0,7.0
/vol/tensusers6/lisannehuisman/data/images/test/S0-SM_rock4-elmid-radfar-az270.png,0.5454545454545454,1.0,0.7058823529411764,1.0,0.7608585880636569,6.0,5.0,0.0,6.0,11.0
/vol/tensusers6/lisannehuisman/data/images/test/S0-SM_rock5-elhigh-radfar-az045.png,0.6,1.0,0.7499999999999999,1.0,0.8606249995529651,12.0,8.0,0.0,12.0,20.0
/vol/tensusers6/lisannehuisman/data/images/test/S0-SM_rock5-elhigh-radmid-az090.png,0.8,1.0,0.888888888888889,1.0,0.9091964293271303,8.0,2.0,0.0,8.0,10.0
/vol/tensusers6/lisannehuisman/data/images/test/S0-SM_rock5-elhigh-radnear-az000.png,0.5384615384615384,1.0,0.7000000000000001,1.0,0.9307692351904546,7.0,6.0,0.0,7.0,13.0
/vol/tensusers6/lisannehuisman/data/images/test/S0-SM_rock5-elhigh-radnear-az135.png,1.0,1.0,1.0,1.0,0.9805555529064602,6.0,0.0,0.0,6.0,6.0
/vol/tensusers6/lisannehuisman/data/images/test/S0-SM_rock5-ellow-radmid-az270.png,0.2692307692307692,0.7,0.3888888888888889,0.7403846071316647,0.620897438277801,7.0,19.0,3.0,10.0,26.0
/vol/tensusers6/lisannehuisman/data/images/test/S0-SM_rock5-ellow-radmid-az315.png,0.4666666666666667,1.0,0.6363636363636364,0.9571428579943522,0.7114285817387558,7.0,8.0,0.0,7.0,15.0
/vol/tensusers6/lisannehuisman/data/images/test/S0-SM_rock5-ellow-radnear-az225.png,0.12745098039215685,0.5416666666666666,0.20634920634920634,0.519401125317732,0.31004410663646753,13.0,89.0,11.0,24.0,102.0
/vol/tensusers6/lisannehuisman/data/images/test/S0-SM_rock5-ellow-radnear-az315.png,0.3333333333333333,1.0,0.5,1.0,0.9074074101668816,3.0,6.0,0.0,3.0,9.0
/vol/tensusers6/lisannehuisman/data/images/test/S0-SM_rock6-elhigh-radfar-az000.png,1.0,1.0,1.0,1.0,0.9555555588669247,3.0,0.0,0.0,3.0,3.0
/vol/tensusers6/lisannehuisman/data/images/test/S0-SM_rock6-elhigh-radmid-az180.png,0.3333333333333333,1.0,0.5,1.0,0.8210624827970247,9.0,18.0,0.0,9.0,27.0
/vol/tensusers6/lisannehuisman/data/images/test/S0-SM_rock6-ellow-radfar-az270.png,0.3888888888888889,0.8235294117647058,0.5283018867924528,0.8421568736726162,0.5942225178642101,14.0,22.0,3.0,17.0,36.0
/vol/tensusers6/lisannehuisman/data/images/test/S0-SM_rock6-ellow-radmid-az180.png,0.26582278481012656,0.8076923076923077,0.4,0.7649104947278076,0.47997967423045884,21.0,58.0,5.0,26.0,79.0
/vol/tensusers6/lisannehuisman/data/images/test/S0-SM_rock6-ellow-radnear-az000.png,1.0,1.0,1.0,1.0,1.0,1.0,0.0,0.0,1.0,1.0
/vol/tensusers6/lisannehuisman/data/images/test/S0-SM_rock6-ellow-radnear-az135.png,0.4166666666666667,1.0,0.5882352941176471,1.0,0.708333339082698,5.0,7.0,0.0,5.0,12.0
/vol/tensusers6/lisannehuisman/data/images/test/S0-SM_rock6-ellow-radnear-az225.png,0.21875,0.8235294117647058,0.34567901234567905,0.8273510159290289,0.54696153886223,14.0,50.0,3.0,17.0,64.0
/vol/tensusers6/lisannehuisman/data/images/test/S0-SM_rock6-elmid-radfar-az000.png,0.11764705882352941,0.6666666666666666,0.2,0.6862745285764629,0.6862745285764629,2.0,15.0,1.0,3.0,17.0
/vol/tensusers6/lisannehuisman/data/images/test/S0-SM_rock6-elmid-radmid-az315.png,0.6666666666666666,1.0,0.8,1.0,0.897916667163372,4.0,2.0,0.0,4.0,6.0
/vol/tensusers6/lisannehuisman/data/images/test/S0-SM_rock6-elmid-radnear-az000.png,1.0,1.0,1.0,1.0,1.0,1.0,0.0,0.0,1.0,1.0
/vol/tensusers6/lisannehuisman/data/images/test/S0-SM_rock6-elmid-radnear-az045.png,1.0,1.0,1.0,1.0,1.0,1.0,0.0,0.0,1.0,1.0
/vol/tensusers6/lisannehuisman/data/images/test/S0-SM_rock7-elhigh-radfar-az045.png,0.42857142857142855,1.0,0.6,1.0,0.7515476209563868,6.0,8.0,0.0,6.0,14.0
/vol/tensusers6/lisannehuisman/data/images/test/S0-SM_rock7-elhigh-radfar-az135.png,0.5333333333333333,1.0,0.6956521739130436,1.0,0.7213541676290334,8.0,7.0,0.0,8.0,15.0
/vol/tensusers6/lisannehuisman/data/images/test/S0-SM_rock7-elhigh-radfar-az180.png,0.375,0.8571428571428571,0.5217391304347825,0.8839285783469677,0.7098214376717806,6.0,10.0,1.0,7.0,16.0
/vol/tensusers6/lisannehuisman/data/images/test/S0-SM_rock7-elhigh-radfar-az270.png,1.0,1.0,1.0,1.0,0.9777777794334623,3.0,0.0,0.0,3.0,3.0
/vol/tensusers6/lisannehuisman/data/images/test/S0-SM_rock7-elhigh-radmid-az180.png,0.625,1.0,0.7692307692307693,0.9250000044703484,0.7600000090897083,5.0,3.0,0.0,5.0,8.0
/vol/tensusers6/lisannehuisman/data/images/test/S0-SM_rock7-ellow-radmid-az045.png,0.2,1.0,0.33333333333333337,1.0,0.5724489900393753,7.0,28.0,0.0,7.0,35.0
/vol/tensusers6/lisannehuisman/data/images/test/S0-SM_rock7-ellow-radmid-az090.png,0.13043478260869565,0.75,0.22222222222222218,0.6468598968452879,0.45523982003558067,9.0,60.0,3.0,12.0,69.0
/vol/tensusers6/lisannehuisman/data/images/test/S0-SM_rock7-ellow-radnear-az090.png,0.10144927536231885,0.5,0.16867469879518074,0.5253623183816671,0.3429089117561916,7.0,62.0,7.0,14.0,69.0
/vol/tensusers6/lisannehuisman/data/images/test/S0-SM_rock7-ellow-radnear-az180.png,0.21739130434782608,1.0,0.3571428571428571,0.9111111217074921,0.6464831009335852,5.0,18.0,0.0,5.0,23.0
/vol/tensusers6/lisannehuisman/data/images/test/S0-SM_rock7-elmid-radfar-az225.png,0.18181818181818182,1.0,0.3076923076923077,1.0,1.0,2.0,9.0,0.0,2.0,11.0
/vol/tensusers6/lisannehuisman/data/images/test/S0-SM_rock7-elmid-radmid-az180.png,0.14814814814814814,1.0,0.25806451612903225,1.0,0.9046296296641231,4.0,23.0,0.0,4.0,27.0
/vol/tensusers6/lisannehuisman/data/images/test/S0-SM_rock8-ellow-radfar-az270.png,0.5263157894736842,1.0,0.6896551724137931,1.0,0.9262280703453643,10.0,9.0,0.0,10.0,19.0
/vol/tensusers6/lisannehuisman/data/images/test/S0-SM_rock8-ellow-radmid-az225.png,0.20588235294117646,0.875,0.33333333333333337,0.8722426472231746,0.733915441762656,7.0,27.0,1.0,8.0,34.0
/vol/tensusers6/lisannehuisman/data/images/test/S0-SM_rock8-ellow-radnear-az045.png,0.1794871794871795,0.7,0.2857142857142857,0.714423071172757,0.5946153989864083,7.0,32.0,3.0,10.0,39.0
/vol/tensusers6/lisannehuisman/data/images/test/S0-SM_rock8-ellow-radnear-az180.png,0.21428571428571427,0.8181818181818182,0.33962264150943394,0.8048340539524568,0.6045093826430852,9.0,33.0,2.0,11.0,42.0
/vol/tensusers6/lisannehuisman/data/images/test/S0-SM_rock8-elmid-radfar-az045.png,0.5625,0.9,0.6923076923076923,0.9281249828636646,0.828888880941603,9.0,7.0,1.0,10.0,16.0
/vol/tensusers6/lisannehuisman/data/images/test/S0-SM_rock9-elhigh-radmid-az000.png,0.8461538461538461,1.0,0.9166666666666666,1.0,0.813251402399955,11.0,2.0,0.0,11.0,13.0
/vol/tensusers6/lisannehuisman/data/images/test/S0-SM_rock9-elhigh-radnear-az225.png,0.6363636363636364,1.0,0.7777777777777778,0.96825397203839,0.8545454622669653,7.0,4.0,0.0,7.0,11.0
/vol/tensusers6/lisannehuisman/data/images/test/S0-SM_rock9-elhigh-radnear-az315.png,0.7142857142857143,1.0,0.8333333333333333,1.0,0.8178571438292661,10.0,4.0,0.0,10.0,14.0
/vol/tensusers6/lisannehuisman/data/images/test/S0-SM_rock9-ellow-radfar-az000.png,0.10909090909090909,1.0,0.19672131147540983,0.8492063572482458,0.56770803986455,6.0,49.0,0.0,6.0,55.0
/vol/tensusers6/lisannehuisman/data/images/test/S0-SM_rock9-ellow-radfar-az090.png,0.13793103448275862,0.6666666666666666,0.2285714285714286,0.6896551908261475,0.5559780474791183,8.0,50.0,4.0,12.0,58.0
/vol/tensusers6/lisannehuisman/data/images/test/S0-SM_rock9-ellow-radfar-az135.png,0.36363636363636365,0.8,0.5000000000000001,0.8363636472008444,0.7818181960691104,4.0,7.0,1.0,5.0,11.0
/vol/tensusers6/lisannehuisman/data/images/test/S0-SM_rock9-ellow-radfar-az270.png,0.47368421052631576,1.0,0.6428571428571429,1.0,0.8250348162759782,9.0,10.0,0.0,9.0,19.0
/vol/tensusers6/lisannehuisman/data/images/test/S0-SM_rock9-ellow-radmid-az180.png,0.21212121212121213,0.7777777777777778,0.3333333333333333,0.7272727453347407,0.6423400864544441,7.0,26.0,2.0,9.0,33.0
/vol/tensusers6/lisannehuisman/data/images/test/S0-SM_rock9-ellow-radmid-az270.png,0.3181818181818182,1.0,0.4827586206896552,1.0,0.9220779241776311,7.0,15.0,0.0,7.0,22.0
/vol/tensusers6/lisannehuisman/data/images/test/S0-SM_rock9-ellow-radnear-az135.png,0.2222222222222222,0.6666666666666666,0.3333333333333333,0.6665825113704309,0.35959873545113563,10.0,35.0,5.0,15.0,45.0
/vol/tensusers6/lisannehuisman/data/images/test/S0-SM_rock9-elmid-radmid-az090.png,0.5625,1.0,0.72,0.9722222238779068,0.7101190583174309,9.0,7.0,0.0,9.0,16.0
/vol/tensusers6/lisannehuisman/data/images/test/S0-SM_rock9-elmid-radmid-az315.png,0.7333333333333333,1.0,0.846153846153846,1.0,0.8521212217843892,11.0,4.0,0.0,11.0,15.0
/vol/tensusers6/lisannehuisman/data/images/test/S0-SM_rock9-elmid-radnear-az270.png,0.375,0.8571428571428571,0.5217391304347825,0.8839285783469677,0.783035723430415,6.0,10.0,1.0,7.0,16.0
/vol/tensusers6/lisannehuisman/data/images/test/S0-SM_suv1-elhigh-radfar-az045.png,0.8,1.0,0.888888888888889,1.0,0.8950000025331974,4.0,1.0,0.0,4.0,5.0
/vol/tensusers6/lisannehuisman/data/images/test/S0-SM_suv1-elhigh-radnear-az000.png,0.6666666666666666,1.0,0.8,1.0,0.5875000027939677,4.0,2.0,0.0,4.0,6.0
/vol/tensusers6/lisannehuisman/data/images/test/S0-SM_suv1-elhigh-radnear-az090.png,1.0,1.0,1.0,1.0,0.840625,4.0,0.0,0.0,4.0,4.0
/vol/tensusers6/lisannehuisman/data/images/test/S0-SM_suv1-ellow-radnear-az090.png,0.22388059701492538,0.7894736842105263,0.3488372093023256,0.7075305912545073,0.3593929748418772,15.0,52.0,4.0,19.0,67.0
/vol/tensusers6/lisannehuisman/data/images/test/S0-SM_suv1-ellow-radnear-az270.png,0.23333333333333334,0.65625,0.3442622950819672,0.6043676615227014,0.23008943847817137,21.0,69.0,11.0,32.0,90.0
/vol/tensusers6/lisannehuisman/data/images/test/S0-SM_suv1-elmid-radmid-az270.png,0.6666666666666666,1.0,0.8,1.0,0.845833333581686,4.0,2.0,0.0,4.0,6.0
/vol/tensusers6/lisannehuisman/data/images/test/S0-SM_suv1-elmid-radnear-az045.png,1.0,1.0,1.0,1.0,0.91875,4.0,0.0,0.0,4.0,4.0
/vol/tensusers6/lisannehuisman/data/images/test/S0-SM_suv1-elmid-radnear-az135.png,1.0,1.0,1.0,1.0,0.8875,2.0,0.0,0.0,2.0,2.0
/vol/tensusers6/lisannehuisman/data/images/test/S0-SM_suv1-elmid-radnear-az270.png,1.0,1.0,1.0,1.0,0.9111111142569118,3.0,0.0,0.0,3.0,3.0
/vol/tensusers6/lisannehuisman/data/images/test/S0-SM_suv10-elhigh-radfar-az045.png,1.0,1.0,1.0,1.0,0.9805555529064602,6.0,0.0,0.0,6.0,6.0
/vol/tensusers6/lisannehuisman/data/images/test/S0-SM_suv10-elhigh-radfar-az270.png,0.7692307692307693,1.0,0.8695652173913044,0.9833333273728684,0.8360256322874473,10.0,3.0,0.0,10.0,13.0
/vol/tensusers6/lisannehuisman/data/images/test/S0-SM_suv10-elhigh-radmid-az270.png,0.46153846153846156,1.0,0.631578947368421,1.0,0.9055555555428196,6.0,7.0,0.0,6.0,13.0
/vol/tensusers6/lisannehuisman/data/images/test/S0-SM_suv10-elhigh-radnear-az045.png,1.0,1.0,1.0,1.0,0.9777777794334623,3.0,0.0,0.0,3.0,3.0
/vol/tensusers6/lisannehuisman/data/images/test/S0-SM_suv10-elhigh-radnear-az270.png,1.0,1.0,1.0,1.0,0.978125,4.0,0.0,0.0,4.0,4.0
/vol/tensusers6/lisannehuisman/data/images/test/S0-SM_suv10-elhigh-radnear-az315.png,1.0,1.0,1.0,1.0,0.9550000025331974,5.0,0.0,0.0,5.0,5.0
/vol/tensusers6/lisannehuisman/data/images/test/S0-SM_suv10-ellow-radfar-az270.png,0.26666666666666666,0.8571428571428571,0.4067796610169491,0.8343185493609395,0.5252865114763638,12.0,33.0,2.0,14.0,45.0
/vol/tensusers6/lisannehuisman/data/images/test/S0-SM_suv10-ellow-radmid-az270.png,0.3,1.0,0.4615384615384615,0.8933637818621509,0.638332592481481,12.0,28.0,0.0,12.0,40.0
/vol/tensusers6/lisannehuisman/data/images/test/S0-SM_suv10-elmid-radmid-az045.png,0.8333333333333334,1.0,0.9090909090909091,1.0,0.9526666699250539,5.0,1.0,0.0,5.0,6.0
/vol/tensusers6/lisannehuisman/data/images/test/S0-SM_suv10-elmid-radmid-az180.png,0.2857142857142857,1.0,0.4444444444444445,1.0,0.8484127023981676,6.0,15.0,0.0,6.0,21.0
/vol/tensusers6/lisannehuisman/data/images/test/S0-SM_suv10-elmid-radnear-az270.png,1.0,1.0,1.0,1.0,0.971875,4.0,0.0,0.0,4.0,4.0
/vol/tensusers6/lisannehuisman/data/images/test/S0-SM_suv11-elhigh-radfar-az270.png,0.391304347826087,0.9,0.5454545454545454,0.9195651980197947,0.7096894369658476,9.0,14.0,1.0,10.0,23.0
/vol/tensusers6/lisannehuisman/data/images/test/S0-SM_suv11-elhigh-radmid-az180.png,0.45,0.9,0.6,0.9124999821186073,0.7316428509120433,9.0,11.0,1.0,10.0,20.0
/vol/tensusers6/lisannehuisman/data/images/test/S0-SM_suv11-elhigh-radnear-az225.png,0.5454545454545454,1.0,0.7058823529411764,0.9333333293596908,0.7706060579960997,6.0,5.0,0.0,6.0,11.0
/vol/tensusers6/lisannehuisman/data/images/test/S0-SM_suv11-ellow-radfar-az225.png,0.2647058823529412,0.75,0.39130434782608703,0.7497549136479691,0.5523856193439586,9.0,25.0,3.0,12.0,34.0
/vol/tensusers6/lisannehuisman/data/images/test/S0-SM_suv11-ellow-radnear-az135.png,0.2857142857142857,0.9230769230769231,0.43636363636363634,0.9340659384871577,0.7462271154049662,12.0,30.0,1.0,13.0,42.0
/vol/tensusers6/lisannehuisman/data/images/test/S0-SM_suv11-elmid-radfar-az135.png,0.5625,0.9473684210526315,0.7058823529411765,0.9621710684150457,0.8210478042364688,18.0,14.0,1.0,19.0,32.0
/vol/tensusers6/lisannehuisman/data/images/test/S0-SM_suv11-elmid-radmid-az180.png,0.8571428571428571,1.0,0.923076923076923,1.0,0.8450820038914483,12.0,2.0,0.0,12.0,14.0
/vol/tensusers6/lisannehuisman/data/images/test/S0-SM_suv12-elhigh-radmid-az045.png,0.9,1.0,0.9473684210526316,1.0,0.9028571469206659,9.0,1.0,0.0,9.0,10.0
/vol/tensusers6/lisannehuisman/data/images/test/S0-SM_suv12-elhigh-radnear-az045.png,0.8888888888888888,1.0,0.9411764705882353,1.0,0.9277777783572674,8.0,1.0,0.0,8.0,9.0
/vol/tensusers6/lisannehuisman/data/images/test/S0-SM_suv12-elhigh-radnear-az135.png,0.6,0.9,0.7200000000000001,0.9299999845027926,0.8388095192043554,9.0,6.0,1.0,10.0,15.0
/vol/tensusers6/lisannehuisman/data/images/test/S0-SM_suv12-ellow-radfar-az000.png,0.3137254901960784,0.7272727272727273,0.4383561643835617,0.7334922184158756,0.6031080906955442,16.0,35.0,6.0,22.0,51.0
/vol/tensusers6/lisannehuisman/data/images/test/S0-SM_suv12-ellow-radmid-az000.png,0.25,1.0,0.4,0.9678254467628058,0.6682710701340724,13.0,39.0,0.0,13.0,52.0
/vol/tensusers6/lisannehuisman/data/images/test/S0-SM_suv12-ellow-radmid-az090.png,0.29545454545454547,0.8125,0.4333333333333334,0.7967875329777598,0.6582989299437031,13.0,31.0,3.0,16.0,44.0
/vol/tensusers6/lisannehuisman/data/images/test/S0-SM_suv12-ellow-radmid-az135.png,0.5384615384615384,0.875,0.6666666666666667,0.9086538478732109,0.8631410265341402,7.0,6.0,1.0,8.0,13.0
/vol/tensusers6/lisannehuisman/data/images/test/S0-SM_suv12-ellow-radmid-az225.png,0.375,1.0,0.5454545454545454,1.0,0.8142857130106893,6.0,10.0,0.0,6.0,16.0
/vol/tensusers6/lisannehuisman/data/images/test/S0-SM_suv12-ellow-radnear-az000.png,0.37254901960784315,0.9047619047619048,0.5277777777777779,0.8817755238859828,0.6249877193522158,19.0,32.0,2.0,21.0,51.0
/vol/tensusers6/lisannehuisman/data/images/test/S0-SM_suv12-elmid-radfar-az000.png,0.5,0.9285714285714286,0.65,0.9362244675962295,0.7950651519155303,13.0,13.0,1.0,14.0,26.0
/vol/tensusers6/lisannehuisman/data/images/test/S0-SM_suv12-elmid-radfar-az090.png,0.8461538461538461,1.0,0.9166666666666666,1.0,0.9373251779565027,11.0,2.0,0.0,11.0,13.0
/vol/tensusers6/lisannehuisman/data/images/test/S0-SM_suv12-elmid-radfar-az270.png,0.3333333333333333,0.8333333333333334,0.47619047619047616,0.8611110953821077,0.8311111024353239,5.0,10.0,1.0,6.0,15.0
/vol/tensusers6/lisannehuisman/data/images/test/S0-SM_suv12-elmid-radmid-az000.png,0.75,1.0,0.8571428571428571,1.0,0.9675925946346036,9.0,3.0,0.0,9.0,12.0
/vol/tensusers6/lisannehuisman/data/images/test/S0-SM_suv12-elmid-radmid-az180.png,0.5833333333333334,1.0,0.7368421052631579,1.0,0.8896825470858151,7.0,5.0,0.0,7.0,12.0
/vol/tensusers6/lisannehuisman/data/images/test/S0-SM_suv13_13-elhigh-radfar-az135.png,1.0,1.0,1.0,1.0,0.9684999998807907,10.0,0.0,0.0,10.0,10.0
/vol/tensusers6/lisannehuisman/data/images/test/S0-SM_suv13_13-elhigh-radmid-az090.png,0.5,1.0,0.6666666666666666,0.9833333273728684,0.8412380937139193,10.0,10.0,0.0,10.0,20.0
/vol/tensusers6/lisannehuisman/data/images/test/S0-SM_suv13_13-elhigh-radmid-az135.png,1.0,1.0,1.0,1.0,0.9220000009536744,10.0,0.0,0.0,10.0,10.0
/vol/tensusers6/lisannehuisman/data/images/test/S0-SM_suv13_13-elhigh-radnear-az180.png,0.6666666666666666,1.0,0.8,1.0,0.824999999627471,8.0,4.0,0.0,8.0,12.0
/vol/tensusers6/lisannehuisman/data/images/test/S0-SM_suv13_13-ellow-radfar-az135.png,0.8333333333333334,1.0,0.9090909090909091,1.0,0.8218333351512751,10.0,2.0,0.0,10.0,12.0
/vol/tensusers6/lisannehuisman/data/images/test/S0-SM_suv13_13-ellow-radmid-az135.png,0.7272727272727273,1.0,0.8421052631578948,1.0,0.9232954546809197,8.0,3.0,0.0,8.0,11.0
/vol/tensusers6/lisannehuisman/data/images/test/S0-SM_suv13_13-ellow-radmid-az270.png,1.0,1.0,1.0,1.0,1.0,1.0,0.0,0.0,1.0,1.0
/vol/tensusers6/lisannehuisman/data/images/test/S0-SM_suv13_13-ellow-radnear-az000.png,0.6153846153846154,1.0,0.761904761904762,1.0,0.7888221160043031,8.0,5.0,0.0,8.0,13.0
/vol/tensusers6/lisannehuisman/data/images/test/S0-SM_suv13_13-ellow-radnear-az315.png,0.3333333333333333,0.8,0.47058823529411764,0.8333333442608515,0.6652083352580667,8.0,16.0,2.0,10.0,24.0
/vol/tensusers6/lisannehuisman/data/images/test/S0-SM_suv13_13-elmid-radmid-az225.png,0.8333333333333334,1.0,0.9090909090909091,1.0,0.9314520182859416,10.0,2.0,0.0,10.0,12.0
/vol/tensusers6/lisannehuisman/data/images/test/S0-SM_suv13_13-elmid-radnear-az225.png,0.3333333333333333,0.8571428571428571,0.48,0.8333333468153361,0.7314574455630038,6.0,12.0,1.0,7.0,18.0
/vol/tensusers6/lisannehuisman/data/images/test/S0-SM_suv14_17-elhigh-radmid-az135.png,0.3333333333333333,1.0,0.5,1.0,0.9101851855025247,6.0,12.0,0.0,6.0,18.0
/vol/tensusers6/lisannehuisman/data/images/test/S0-SM_suv14_17-ellow-radfar-az315.png,0.3728813559322034,0.88,0.5238095238095238,0.8862190302926685,0.6149185511365618,22.0,37.0,3.0,25.0,59.0
/vol/tensusers6/lisannehuisman/data/images/test/S0-SM_suv14_17-ellow-radmid-az135.png,0.1875,1.0,0.3157894736842105,1.0,0.9062500055879354,3.0,13.0,0.0,3.0,16.0
/vol/tensusers6/lisannehuisman/data/images/test/S0-SM_suv14_17-ellow-radnear-az225.png,0.2,0.9230769230769231,0.32876712328767127,0.9307692350103305,0.7334052157196813,12.0,48.0,1.0,13.0,60.0
/vol/tensusers6/lisannehuisman/data/images/test/S0-SM_suv14_17-elmid-radfar-az225.png,0.2222222222222222,0.8,0.3478260869565218,0.7888888936903746,0.6751388912647964,8.0,28.0,2.0,10.0,36.0
/vol/tensusers6/lisannehuisman/data/images/test/S0-SM_suv14_17-elmid-radmid-az180.png,0.5454545454545454,1.0,0.7058823529411764,1.0,0.9282828296976859,6.0,5.0,0.0,6.0,11.0
/vol/tensusers6/lisannehuisman/data/images/test/S0-SM_suv15-elhigh-radmid-az225.png,0.6666666666666666,1.0,0.8,1.0,0.8921378966420889,8.0,4.0,0.0,8.0,12.0
/vol/tensusers6/lisannehuisman/data/images/test/S0-SM_suv15-ellow-radnear-az315.png,0.3333333333333333,1.0,0.5,1.0,1.0,1.0,2.0,0.0,1.0,3.0
/vol/tensusers6/lisannehuisman/data/images/test/S0-SM_suv15-elmid-radmid-az000.png,0.5714285714285714,1.0,0.7272727272727273,1.0,0.9017857145518064,4.0,3.0,0.0,4.0,7.0
/vol/tensusers6/lisannehuisman/data/images/test/S0-SM_suv15-elmid-radnear-az135.png,0.46153846153846156,1.0,0.631578947368421,1.0,0.7878205185230727,6.0,7.0,0.0,6.0,13.0
/vol/tensusers6/lisannehuisman/data/images/test/S0-SM_suv16-elhigh-radfar-az090.png,0.8333333333333334,1.0,0.9090909090909091,1.0,0.9620000015497208,5.0,1.0,0.0,5.0,6.0
/vol/tensusers6/lisannehuisman/data/images/test/S0-SM_suv16-elhigh-radfar-az180.png,1.0,1.0,1.0,1.0,0.96875,4.0,0.0,0.0,4.0,4.0
/vol/tensusers6/lisannehuisman/data/images/test/S0-SM_suv16-elhigh-radnear-az090.png,0.2222222222222222,0.8,0.3478260869565218,0.822222232984172,0.8222222329841721,4.0,14.0,1.0,5.0,18.0
/vol/tensusers6/lisannehuisman/data/images/test/S0-SM_suv16-ellow-radfar-az045.png,0.13114754098360656,0.5333333333333333,0.21052631578947367,0.5489919092379116,0.37645805136464683,16.0,106.0,14.0,30.0,122.0
/vol/tensusers6/lisannehuisman/data/images/test/S0-SM_suv16-ellow-radfar-az315.png,0.08571428571428572,0.2727272727272727,0.13043478260869562,0.2974026062271812,0.23623377338819837,6.0,64.0,16.0,22.0,70.0
/vol/tensusers6/lisannehuisman/data/images/test/S0-SM_suv16-ellow-radmid-az000.png,0.2,0.75,0.31578947368421056,0.708333333954215,0.41545631032204255,12.0,48.0,4.0,16.0,60.0
/vol/tensusers6/lisannehuisman/data/images/test/S0-SM_suv16-ellow-radnear-az135.png,0.14285714285714285,0.75,0.24,0.7678571436554193,0.5958333339076489,3.0,18.0,1.0,4.0,21.0
/vol/tensusers6/lisannehuisman/data/images/test/S0-SM_suv16-elmid-radfar-az000.png,0.8333333333333334,1.0,0.9090909090909091,1.0,0.9266666683057944,5.0,1.0,0.0,5.0,6.0
/vol/tensusers6/lisannehuisman/data/images/test/S0-SM_suv16-elmid-radfar-az180.png,0.8333333333333334,1.0,0.9090909090909091,1.0,0.9866666676600774,5.0,1.0,0.0,5.0,6.0
/vol/tensusers6/lisannehuisman/data/images/test/S0-SM_suv16-elmid-radmid-az045.png,1.0,1.0,1.0,1.0,0.9400000014901162,5.0,0.0,0.0,5.0,5.0
/vol/tensusers6/lisannehuisman/data/images/test/S0-SM_suv16-elmid-radmid-az315.png,1.0,1.0,1.0,1.0,0.9840000013113022,5.0,0.0,0.0,5.0,5.0
/vol/tensusers6/lisannehuisman/data/images/test/S0-SM_suv16-elmid-radnear-az135.png,0.5555555555555556,1.0,0.7142857142857143,1.0,0.9155555580556392,5.0,4.0,0.0,5.0,9.0
/vol/tensusers6/lisannehuisman/data/images/test/S0-SM_suv16-elmid-radnear-az180.png,0.25,1.0,0.4,1.0,0.8722222242918278,3.0,9.0,0.0,3.0,12.0
/vol/tensusers6/lisannehuisman/data/images/test/S0-SM_suv17-elhigh-radmid-az000.png,1.0,1.0,1.0,1.0,0.9600000029802322,5.0,0.0,0.0,5.0,5.0
/vol/tensusers6/lisannehuisman/data/images/test/S0-SM_suv17-elhigh-radmid-az045.png,1.0,1.0,1.0,1.0,1.0,4.0,0.0,0.0,4.0,4.0
/vol/tensusers6/lisannehuisman/data/images/test/S0-SM_suv17-elhigh-radmid-az225.png,1.0,1.0,1.0,1.0,0.9777777794334623,3.0,0.0,0.0,3.0,3.0
/vol/tensusers6/lisannehuisman/data/images/test/S0-SM_suv17-elhigh-radmid-az270.png,1.0,1.0,1.0,1.0,0.978125,4.0,0.0,0.0,4.0,4.0
/vol/tensusers6/lisannehuisman/data/images/test/S0-SM_suv17-elhigh-radnear-az090.png,0.23529411764705882,1.0,0.38095238095238093,1.0,0.8256372559815646,4.0,13.0,0.0,4.0,17.0
/vol/tensusers6/lisannehuisman/data/images/test/S0-SM_suv17-elhigh-radnear-az180.png,1.0,1.0,1.0,1.0,1.0,3.0,0.0,0.0,3.0,3.0
/vol/tensusers6/lisannehuisman/data/images/test/S0-SM_suv17-ellow-radfar-az180.png,1.0,1.0,1.0,1.0,0.8111111177338494,3.0,0.0,0.0,3.0,3.0
/vol/tensusers6/lisannehuisman/data/images/test/S0-SM_suv17-ellow-radnear-az000.png,0.18867924528301888,0.9090909090909091,0.3125,0.9176672630868277,0.49395955617638504,10.0,43.0,1.0,11.0,53.0
/vol/tensusers6/lisannehuisman/data/images/test/S0-SM_suv17-ellow-radnear-az090.png,0.45454545454545453,1.0,0.625,0.9250000044703484,0.8302272790263998,5.0,6.0,0.0,5.0,11.0
/vol/tensusers6/lisannehuisman/data/images/test/S0-SM_suv17-ellow-radnear-az180.png,1.0,1.0,1.0,1.0,1.0,1.0,0.0,0.0,1.0,1.0
/vol/tensusers6/lisannehuisman/data/images/test/S0-SM_suv17-elmid-radmid-az315.png,0.6666666666666666,1.0,0.8,1.0,0.9208333335816861,4.0,2.0,0.0,4.0,6.0
/vol/tensusers6/lisannehuisman/data/images/test/S0-SM_suv17-elmid-radnear-az270.png,0.6666666666666666,0.6666666666666666,0.6666666666666666,0.7777777943346234,0.711111126674546,2.0,1.0,1.0,3.0,3.0
/vol/tensusers6/lisannehuisman/data/images/test/S0-SM_suv18-elhigh-radfar-az000.png,0.45454545454545453,1.0,0.625,1.0,0.9509090941602534,5.0,6.0,0.0,5.0,11.0
/vol/tensusers6/lisannehuisman/data/images/test/S0-SM_suv18-elhigh-radfar-az045.png,0.45454545454545453,0.8333333333333334,0.5882352941176471,0.8712121069882857,0.8223484757271681,5.0,6.0,1.0,6.0,11.0
/vol/tensusers6/lisannehuisman/data/images/test/S0-SM_suv18-elhigh-radfar-az090.png,1.0,1.0,1.0,1.0,0.9360000046491622,5.0,0.0,0.0,5.0,5.0
/vol/tensusers6/lisannehuisman/data/images/test/S0-SM_suv18-elhigh-radmid-az180.png,1.0,1.0,1.0,1.0,0.9720000021457672,5.0,0.0,0.0,5.0,5.0
/vol/tensusers6/lisannehuisman/data/images/test/S0-SM_suv18-ellow-radfar-az225.png,0.2777777777777778,1.0,0.4347826086956522,1.0,0.8003333430704143,5.0,13.0,0.0,5.0,18.0
/vol/tensusers6/lisannehuisman/data/images/test/S0-SM_suv18-ellow-radmid-az090.png,0.28,0.7777777777777778,0.4117647058823529,0.6856325118255882,0.3906288143835398,14.0,36.0,4.0,18.0,50.0
/vol/tensusers6/lisannehuisman/data/images/test/S0-SM_suv18-ellow-radnear-az225.png,0.16666666666666666,1.0,0.2857142857142857,1.0,0.9006666718026004,5.0,25.0,0.0,5.0,30.0
/vol/tensusers6/lisannehuisman/data/images/test/S0-SM_suv18-elmid-radfar-az270.png,1.0,1.0,1.0,1.0,0.9120000036358833,5.0,0.0,0.0,5.0,5.0
/vol/tensusers6/lisannehuisman/data/images/test/S0-SM_suv18-elmid-radmid-az180.png,1.0,1.0,1.0,1.0,0.988000000834465,5.0,0.0,0.0,5.0,5.0
/vol/tensusers6/lisannehuisman/data/images/test/S0-SM_suv18-elmid-radmid-az270.png,1.0,1.0,1.0,1.0,0.9760000016689301,5.0,0.0,0.0,5.0,5.0
/vol/tensusers6/lisannehuisman/data/images/test/S0-SM_suv18-elmid-radnear-az045.png,0.45454545454545453,1.0,0.625,1.0,0.9836363647200844,5.0,6.0,0.0,5.0,11.0
/vol/tensusers6/lisannehuisman/data/images/test/S0-SM_suv18-elmid-radnear-az090.png,0.8,1.0,0.888888888888889,1.0,0.9650000005960464,4.0,1.0,0.0,4.0,5.0
/vol/tensusers6/lisannehuisman/data/images/test/S0-SM_suv18-elmid-radnear-az135.png,0.3076923076923077,1.0,0.47058823529411764,1.0,0.8855769233778119,4.0,9.0,0.0,4.0,13.0
/vol/tensusers6/lisannehuisman/data/images/test/S0-SM_suv18-elmid-radnear-az225.png,0.5555555555555556,1.0,0.7142857142857143,1.0,1.0,5.0,4.0,0.0,5.0,9.0
/vol/tensusers6/lisannehuisman/data/images/test/S0-SM_suv19-elhigh-radfar-az045.png,1.0,1.0,1.0,1.0,0.9,1.0,0.0,0.0,1.0,1.0
/vol/tensusers6/lisannehuisman/data/images/test/S0-SM_suv19-elhigh-radnear-az225.png,0.5,1.0,0.6666666666666666,1.0,1.0,1.0,1.0,0.0,1.0,2.0
/vol/tensusers6/lisannehuisman/data/images/test/S0-SM_suv19-ellow-radmid-az090.png,0.46153846153846156,0.8571428571428571,0.6,0.8846153896916045,0.6286449701369793,12.0,14.0,2.0,14.0,26.0
/vol/tensusers6/lisannehuisman/data/images/test/S0-SM_suv19-ellow-radmid-az315.png,0.07272727272727272,0.21052631578947367,0.1081081081081081,0.17532467452665357,0.10064251461403059,4.0,51.0,15.0,19.0,55.0
/vol/tensusers6/lisannehuisman/data/images/test/S0-SM_suv19-elmid-radfar-az000.png,0.5,1.0,0.6666666666666666,1.0,1.0,1.0,1.0,0.0,1.0,2.0
/vol/tensusers6/lisannehuisman/data/images/test/S0-SM_suv19-elmid-radfar-az045.png,0.25,1.0,0.4,1.0,0.7260416686534882,2.0,6.0,0.0,2.0,8.0
/vol/tensusers6/lisannehuisman/data/images/test/S0-SM_suv19-elmid-radfar-az315.png,1.0,1.0,1.0,1.0,1.0,1.0,0.0,0.0,1.0,1.0
/vol/tensusers6/lisannehuisman/data/images/test/S0-SM_suv19-elmid-radmid-az135.png,1.0,1.0,1.0,1.0,1.0,1.0,0.0,0.0,1.0,1.0
/vol/tensusers6/lisannehuisman/data/images/test/S0-SM_suv2-elhigh-radfar-az090.png,0.8,1.0,0.888888888888889,1.0,0.7995833335444331,8.0,2.0,0.0,8.0,10.0
/vol/tensusers6/lisannehuisman/data/images/test/S0-SM_suv2-elhigh-radmid-az135.png,0.6666666666666666,1.0,0.8,1.0,1.0,2.0,1.0,0.0,2.0,3.0
/vol/tensusers6/lisannehuisman/data/images/test/S0-SM_suv2-elhigh-radnear-az045.png,1.0,1.0,1.0,1.0,0.9375,2.0,0.0,0.0,2.0,2.0
/vol/tensusers6/lisannehuisman/data/images/test/S0-SM_suv2-elhigh-radnear-az270.png,1.0,1.0,1.0,1.0,0.9625,2.0,0.0,0.0,2.0,2.0
/vol/tensusers6/lisannehuisman/data/images/test/S0-SM_suv2-ellow-radfar-az225.png,0.10679611650485436,0.4583333333333333,0.17322834645669288,0.36015613090811405,0.237863812349296,11.0,92.0,13.0,24.0,103.0
/vol/tensusers6/lisannehuisman/data/images/test/S0-SM_suv2-ellow-radfar-az270.png,0.06172839506172839,0.3333333333333333,0.10416666666666666,0.21877489389351834,0.1518322276062415,5.0,76.0,10.0,15.0,81.0
/vol/tensusers6/lisannehuisman/data/images/test/S0-SM_suv2-ellow-radmid-az315.png,0.125,0.3333333333333333,0.18181818181818182,0.2941919233875745,0.2460858611836841,3.0,21.0,6.0,9.0,24.0
/vol/tensusers6/lisannehuisman/data/images/test/S0-SM_suv2-ellow-radnear-az180.png,0.08695652173913043,0.3333333333333333,0.13793103448275862,0.27393500666883785,0.12596252599338165,6.0,63.0,12.0,18.0,69.0
/vol/tensusers6/lisannehuisman/data/images/test/S0-SM_suv2-ellow-radnear-az315.png,0.20833333333333334,0.7142857142857143,0.3225806451612903,0.6185065103751244,0.43008659142533173,5.0,19.0,2.0,7.0,24.0
/vol/tensusers6/lisannehuisman/data/images/test/S0-SM_suv2-elmid-radfar-az090.png,0.5833333333333334,1.0,0.7368421052631579,0.9571428579943522,0.794523813618081,7.0,5.0,0.0,7.0,12.0
/vol/tensusers6/lisannehuisman/data/images/test/S0-SM_suv20-elhigh-radfar-az135.png,0.375,1.0,0.5454545454545454,0.9761904747713182,0.7547023727731513,6.0,10.0,0.0,6.0,16.0
/vol/tensusers6/lisannehuisman/data/images/test/S0-SM_suv20-ellow-radfar-az045.png,1.0,1.0,1.0,1.0,1.0,1.0,0.0,0.0,1.0,1.0
/vol/tensusers6/lisannehuisman/data/images/test/S0-SM_suv20-ellow-radfar-az090.png,0.5714285714285714,1.0,0.7272727272727273,1.0,0.9803571429103612,4.0,3.0,0.0,4.0,7.0
/vol/tensusers6/lisannehuisman/data/images/test/S0-SM_suv20-ellow-radfar-az180.png,0.18518518518518517,0.8333333333333334,0.303030303030303,0.8487654135642964,0.6682098906947139,5.0,22.0,1.0,6.0,27.0
/vol/tensusers6/lisannehuisman/data/images/test/S0-SM_suv20-ellow-radmid-az045.png,1.0,1.0,1.0,1.0,1.0,1.0,0.0,0.0,1.0,1.0
/vol/tensusers6/lisannehuisman/data/images/test/S0-SM_suv20-ellow-radmid-az270.png,0.21153846153846154,0.44,0.2857142857142857,0.49307692323739705,0.35661098966040944,11.0,41.0,14.0,25.0,52.0
/vol/tensusers6/lisannehuisman/data/images/test/S0-SM_suv20-ellow-radnear-az090.png,1.0,1.0,1.0,1.0,1.0,1.0,0.0,0.0,1.0,1.0
/vol/tensusers6/lisannehuisman/data/images/test/S0-SM_suv20-ellow-radnear-az135.png,1.0,1.0,1.0,1.0,0.925,2.0,0.0,0.0,2.0,2.0
/vol/tensusers6/lisannehuisman/data/images/test/S0-SM_suv20-elmid-radfar-az000.png,0.5,0.8333333333333334,0.625,0.8749999850988388,0.786666661699613,5.0,5.0,1.0,6.0,10.0
/vol/tensusers6/lisannehuisman/data/images/test/S0-SM_suv20-elmid-radmid-az045.png,0.4444444444444444,1.0,0.6153846153846153,1.0,0.9111111111938953,4.0,5.0,0.0,4.0,9.0
/vol/tensusers6/lisannehuisman/data/images/test/S0-SM_suv20-elmid-radnear-az090.png,1.0,1.0,1.0,1.0,1.0,2.0,0.0,0.0,2.0,2.0
/vol/tensusers6/lisannehuisman/data/images/test/S0-SM_suv21-elhigh-radfar-az000.png,1.0,1.0,1.0,1.0,0.9545000015497207,10.0,0.0,0.0,10.0,10.0
/vol/tensusers6/lisannehuisman/data/images/test/S0-SM_suv21-elhigh-radfar-az180.png,0.7777777777777778,1.0,0.8750000000000001,1.0,0.8619047685156739,7.0,2.0,0.0,7.0,9.0
/vol/tensusers6/lisannehuisman/data/images/test/S0-SM_suv21-elhigh-radmid-az180.png,1.0,1.0,1.0,1.0,0.95,4.0,0.0,0.0,4.0,4.0
/vol/tensusers6/lisannehuisman/data/images/test/S0-SM_suv21-elhigh-radnear-az045.png,0.3333333333333333,1.0,0.5,1.0,0.907000005275011,5.0,10.0,0.0,5.0,15.0
/vol/tensusers6/lisannehuisman/data/images/test/S0-SM_suv21-elhigh-radnear-az090.png,0.8,1.0,0.888888888888889,1.0,0.9125000014901161,4.0,1.0,0.0,4.0,5.0
/vol/tensusers6/lisannehuisman/data/images/test/S0-SM_suv21-elhigh-radnear-az180.png,1.0,1.0,1.0,1.0,0.91875,4.0,0.0,0.0,4.0,4.0
/vol/tensusers6/lisannehuisman/data/images/test/S0-SM_suv21-ellow-radfar-az045.png,0.3448275862068966,0.9090909090909091,0.5000000000000001,0.9247649129842141,0.699607476723995,10.0,19.0,1.0,11.0,29.0
/vol/tensusers6/lisannehuisman/data/images/test/S0-SM_suv21-ellow-radfar-az135.png,1.0,1.0,1.0,1.0,1.0,1.0,0.0,0.0,1.0,1.0
/vol/tensusers6/lisannehuisman/data/images/test/S0-SM_suv21-ellow-radmid-az135.png,1.0,1.0,1.0,1.0,1.0,1.0,0.0,0.0,1.0,1.0
/vol/tensusers6/lisannehuisman/data/images/test/S0-SM_suv21-ellow-radmid-az315.png,0.4,0.8333333333333334,0.5405405405405406,0.807942160891705,0.6064272084397265,10.0,15.0,2.0,12.0,25.0
/vol/tensusers6/lisannehuisman/data/images/test/S0-SM_suv21-elmid-radfar-az225.png,0.5625,1.0,0.72,1.0,0.8229166745208204,9.0,7.0,0.0,9.0,16.0
/vol/tensusers6/lisannehuisman/data/images/test/S0-SM_suv21-elmid-radmid-az135.png,0.5714285714285714,1.0,0.7272727272727273,1.0,1.0,4.0,3.0,0.0,4.0,7.0
/vol/tensusers6/lisannehuisman/data/images/test/S0-SM_suv22-elhigh-radfar-az000.png,0.5,1.0,0.6666666666666666,1.0,0.8430555578735138,6.0,6.0,0.0,6.0,12.0
/vol/tensusers6/lisannehuisman/data/images/test/S0-SM_suv22-elhigh-radfar-az315.png,1.0,1.0,1.0,1.0,0.909375,4.0,0.0,0.0,4.0,4.0
/vol/tensusers6/lisannehuisman/data/images/test/S0-SM_suv22-elhigh-radmid-az000.png,1.0,1.0,1.0,1.0,0.890625,4.0,0.0,0.0,4.0,4.0
/vol/tensusers6/lisannehuisman/data/images/test/S0-SM_suv22-elhigh-radnear-az315.png,1.0,1.0,1.0,1.0,1.0,2.0,0.0,0.0,2.0,2.0
/vol/tensusers6/lisannehuisman/data/images/test/S0-SM_suv22-ellow-radmid-az090.png,0.391304347826087,1.0,0.5625,1.0,0.7488996325923561,9.0,14.0,0.0,9.0,23.0
/vol/tensusers6/lisannehuisman/data/images/test/S0-SM_suv22-ellow-radmid-az135.png,0.42857142857142855,1.0,0.6,1.0,0.8523809592638697,3.0,4.0,0.0,3.0,7.0
/vol/tensusers6/lisannehuisman/data/images/test/S0-SM_suv22-ellow-radmid-az270.png,0.11688311688311688,0.375,0.17821782178217824,0.3579545511819777,0.2292207792932944,9.0,68.0,15.0,24.0,77.0
/vol/tensusers6/lisannehuisman/data/images/test/S0-SM_suv22-ellow-radnear-az045.png,0.15476190476190477,0.6842105263157895,0.2524271844660194,0.6975804994888612,0.3647170444587442,13.0,71.0,6.0,19.0,84.0
/vol/tensusers6/lisannehuisman/data/images/test/S0-SM_suv22-ellow-radnear-az270.png,0.12195121951219512,0.38461538461538464,0.18518518518518517,0.37574488337474143,0.23971838090188657,10.0,72.0,16.0,26.0,82.0
/vol/tensusers6/lisannehuisman/data/images/test/S0-SM_suv22-elmid-radfar-az045.png,0.5,0.8461538461538461,0.6285714285714286,0.8518020599006384,0.5754786347562643,11.0,11.0,2.0,13.0,22.0
/vol/tensusers6/lisannehuisman/data/images/test/S0-SM_suv22-elmid-radmid-az045.png,1.0,1.0,1.0,1.0,0.903125,4.0,0.0,0.0,4.0,4.0
/vol/tensusers6/lisannehuisman/data/images/test/S0-SM_suv22-elmid-radmid-az135.png,0.5,1.0,0.6666666666666666,1.0,0.9166666721304256,3.0,3.0,0.0,3.0,6.0
/vol/tensusers6/lisannehuisman/data/images/test/S0-SM_suv22-elmid-radmid-az270.png,0.6666666666666666,1.0,0.8,1.0,0.875000000745058,2.0,1.0,0.0,2.0,3.0
/vol/tensusers6/lisannehuisman/data/images/test/S0-SM_suv22-elmid-radnear-az000.png,0.3333333333333333,1.0,0.5,1.0,0.954166666790843,2.0,4.0,0.0,2.0,6.0
/vol/tensusers6/lisannehuisman/data/images/test/S0-SM_suv22-elmid-radnear-az315.png,0.5,1.0,0.6666666666666666,1.0,0.86875,2.0,2.0,0.0,2.0,4.0
/vol/tensusers6/lisannehuisman/data/images/test/S0-SM_suv3-elhigh-radfar-az000.png,1.0,1.0,1.0,1.0,0.9021251569373406,11.0,0.0,0.0,11.0,11.0
/vol/tensusers6/lisannehuisman/data/images/test/S0-SM_suv3-elhigh-radfar-az270.png,0.48,1.0,0.6486486486486487,1.0,0.8875252522964672,12.0,13.0,0.0,12.0,25.0
/vol/tensusers6/lisannehuisman/data/images/test/S0-SM_suv3-elhigh-radmid-az090.png,0.75,1.0,0.8571428571428571,1.0,0.9093750029802322,6.0,2.0,0.0,6.0,8.0
/vol/tensusers6/lisannehuisman/data/images/test/S0-SM_suv3-elhigh-radnear-az135.png,1.0,1.0,1.0,1.0,0.9500000024586915,5.0,0.0,0.0,5.0,5.0
/vol/tensusers6/lisannehuisman/data/images/test/S0-SM_suv3-elhigh-radnear-az270.png,0.5454545454545454,1.0,0.7058823529411764,1.0,0.904166667253682,6.0,5.0,0.0,6.0,11.0
/vol/tensusers6/lisannehuisman/data/images/test/S0-SM_suv3-ellow-radnear-az270.png,0.38,0.8636363636363636,0.5277777777777778,0.8762440233994901,0.6055873483664608,19.0,31.0,3.0,22.0,50.0
/vol/tensusers6/lisannehuisman/data/images/test/S0-SM_suv3-elmid-radfar-az270.png,0.9090909090909091,0.9090909090909091,0.9090909090909091,0.9504132391500075,0.8980027704835756,10.0,1.0,1.0,11.0,11.0
/vol/tensusers6/lisannehuisman/data/images/test/S0-SM_suv3-elmid-radmid-az315.png,0.6666666666666666,1.0,0.8,1.0,0.9094907476394265,12.0,6.0,0.0,12.0,18.0
/vol/tensusers6/lisannehuisman/data/images/test/S0-SM_suv3-elmid-radnear-az135.png,0.3333333333333333,1.0,0.5,1.0,1.0,2.0,4.0,0.0,2.0,6.0
/vol/tensusers6/lisannehuisman/data/images/test/S0-SM_suv4-elhigh-radfar-az315.png,1.0,1.0,1.0,1.0,0.9032407404330595,12.0,0.0,0.0,12.0,12.0
/vol/tensusers6/lisannehuisman/data/images/test/S0-SM_suv4-elhigh-radmid-az000.png,0.7333333333333333,0.9166666666666666,0.8148148148148148,0.9472222354676987,0.8891666785379251,11.0,4.0,1.0,12.0,15.0
/vol/tensusers6/lisannehuisman/data/images/test/S0-SM_suv4-elhigh-radmid-az090.png,0.8,1.0,0.888888888888889,1.0,0.915625,8.0,2.0,0.0,8.0,10.0
/vol/tensusers6/lisannehuisman/data/images/test/S0-SM_suv4-elhigh-radmid-az180.png,1.0,1.0,1.0,1.0,0.9600000001490117,8.0,0.0,0.0,8.0,8.0
/vol/tensusers6/lisannehuisman/data/images/test/S0-SM_suv4-elhigh-radmid-az225.png,0.9090909090909091,1.0,0.9523809523809523,1.0,0.9275757588717071,10.0,1.0,0.0,10.0,11.0
/vol/tensusers6/lisannehuisman/data/images/test/S0-SM_suv4-elhigh-radnear-az000.png,0.34615384615384615,0.8181818181818182,0.4864864864864865,0.8269230800491947,0.6942832271916257,9.0,17.0,2.0,11.0,26.0
/vol/tensusers6/lisannehuisman/data/images/test/S0-SM_suv4-elhigh-radnear-az135.png,1.0,1.0,1.0,1.0,0.9188775543047457,7.0,0.0,0.0,7.0,7.0
/vol/tensusers6/lisannehuisman/data/images/test/S0-SM_suv4-elhigh-radnear-az225.png,0.7692307692307693,1.0,0.8695652173913044,1.0,0.8492735042095058,10.0,3.0,0.0,10.0,13.0
/vol/tensusers6/lisannehuisman/data/images/test/S0-SM_suv4-ellow-radfar-az135.png,0.35714285714285715,1.0,0.5263157894736842,1.0,0.7967857127423797,10.0,18.0,0.0,10.0,28.0
/vol/tensusers6/lisannehuisman/data/images/test/S0-SM_suv4-ellow-radnear-az180.png,0.3380281690140845,0.96,0.5,0.9504204548509021,0.6132602237182475,24.0,47.0,1.0,25.0,71.0
/vol/tensusers6/lisannehuisman/data/images/test/S0-SM_suv4-elmid-radfar-az045.png,1.0,1.0,1.0,1.0,0.9034999927282332,10.0,0.0,0.0,10.0,10.0
/vol/tensusers6/lisannehuisman/data/images/test/S0-SM_suv4-elmid-radfar-az090.png,0.6153846153846154,1.0,0.761904761904762,1.0,0.8863782050088048,8.0,5.0,0.0,8.0,13.0
/vol/tensusers6/lisannehuisman/data/images/test/S0-SM_suv4-elmid-radfar-az135.png,0.3548387096774194,1.0,0.5238095238095238,0.9757575844273418,0.742764287169447,11.0,20.0,0.0,11.0,31.0
/vol/tensusers6/lisannehuisman/data/images/test/S0-SM_suv4-elmid-radnear-az135.png,0.5714285714285714,1.0,0.7272727272727273,1.0,0.9803571429103612,4.0,3.0,0.0,4.0,7.0
/vol/tensusers6/lisannehuisman/data/images/test/S0-SM_suv4-elmid-radnear-az315.png,0.5333333333333333,1.0,0.6956521739130436,1.0,0.8887500004842878,8.0,7.0,0.0,8.0,15.0
/vol/tensusers6/lisannehuisman/data/images/test/S0-SM_suv5-elhigh-radfar-az225.png,0.9166666666666666,1.0,0.9565217391304348,1.0,0.9321969726320469,11.0,1.0,0.0,11.0,12.0
/vol/tensusers6/lisannehuisman/data/images/test/S0-SM_suv5-elhigh-radfar-az270.png,1.0,1.0,1.0,1.0,0.9245833373400899,12.0,0.0,0.0,12.0,12.0
/vol/tensusers6/lisannehuisman/data/images/test/S0-SM_suv5-elhigh-radmid-az225.png,0.6470588235294118,1.0,0.7857142857142858,1.0,0.9080213993229969,11.0,6.0,0.0,11.0,17.0
/vol/tensusers6/lisannehuisman/data/images/test/S0-SM_suv5-elhigh-radnear-az000.png,0.3333333333333333,0.8333333333333334,0.47619047619047616,0.8168803259220896,0.6940491460295568,10.0,20.0,2.0,12.0,30.0
/vol/tensusers6/lisannehuisman/data/images/test/S0-SM_suv5-elhigh-radnear-az270.png,0.75,1.0,0.8571428571428571,1.0,0.8737654353089539,9.0,3.0,0.0,9.0,12.0
/vol/tensusers6/lisannehuisman/data/images/test/S0-SM_suv5-ellow-radmid-az225.png,0.28421052631578947,0.7297297297297297,0.409090909090909,0.7327361838011024,0.47546562626929145,27.0,68.0,10.0,37.0,95.0
/vol/tensusers6/lisannehuisman/data/images/test/S0-SM_suv5-ellow-radmid-az270.png,0.42857142857142855,1.0,0.6,0.997835497190426,0.6893928692721916,21.0,28.0,0.0,21.0,49.0
/vol/tensusers6/lisannehuisman/data/images/test/S0-SM_suv5-ellow-radmid-az315.png,0.6666666666666666,1.0,0.8,1.0,0.856642862758466,10.0,5.0,0.0,10.0,15.0
/vol/tensusers6/lisannehuisman/data/images/test/S0-SM_suv5-ellow-radnear-az090.png,0.16049382716049382,0.8125,0.26804123711340205,0.7434080401435494,0.417525879223831,13.0,68.0,3.0,16.0,81.0
/vol/tensusers6/lisannehuisman/data/images/test/S0-SM_suv5-ellow-radnear-az180.png,0.28888888888888886,0.8125,0.4262295081967213,0.7725932346656919,0.4974590649653692,26.0,64.0,6.0,32.0,90.0
/vol/tensusers6/lisannehuisman/data/images/test/S0-SM_suv5-ellow-radnear-az225.png,0.3561643835616438,0.6842105263157895,0.46846846846846846,0.6834243796653467,0.43123564656293567,26.0,47.0,12.0,38.0,73.0
/vol/tensusers6/lisannehuisman/data/images/test/S0-SM_suv5-elmid-radfar-az135.png,0.5416666666666666,1.0,0.7027027027027027,1.0,0.8590729836076939,13.0,11.0,0.0,13.0,24.0
/vol/tensusers6/lisannehuisman/data/images/test/S0-SM_suv5-elmid-radfar-az225.png,0.34285714285714286,0.8571428571428571,0.4897959183673469,0.8134575703190956,0.6818559655408085,12.0,23.0,2.0,14.0,35.0
/vol/tensusers6/lisannehuisman/data/images/test/S0-SM_suv5-elmid-radmid-az135.png,0.8888888888888888,1.0,0.9411764705882353,1.0,0.9534722223877907,8.0,1.0,0.0,8.0,9.0
/vol/tensusers6/lisannehuisman/data/images/test/S0-SM_suv5-elmid-radmid-az180.png,0.5384615384615384,1.0,0.7000000000000001,1.0,0.8439560511937507,7.0,6.0,0.0,7.0,13.0
/vol/tensusers6/lisannehuisman/data/images/test/S0-SM_suv5-elmid-radnear-az000.png,0.6428571428571429,1.0,0.782608695652174,1.0,0.8996031775361015,9.0,5.0,0.0,9.0,14.0
/vol/tensusers6/lisannehuisman/data/images/test/S0-SM_suv5-elmid-radnear-az135.png,0.6666666666666666,1.0,0.8,1.0,0.9620370374233633,6.0,3.0,0.0,6.0,9.0
/vol/tensusers6/lisannehuisman/data/images/test/S0-SM_suv5-elmid-radnear-az225.png,0.6363636363636364,0.875,0.7368421052631579,0.9147727265954018,0.8405303033068776,7.0,4.0,1.0,8.0,11.0
/vol/tensusers6/lisannehuisman/data/images/test/S0-SM_suv6-elhigh-radmid-az225.png,0.8461538461538461,1.0,0.9166666666666666,1.0,0.9615384610591236,11.0,2.0,0.0,11.0,13.0
/vol/tensusers6/lisannehuisman/data/images/test/S0-SM_suv6-ellow-radmid-az045.png,0.16363636363636364,0.6,0.2571428571428571,0.6327272932095962,0.5965656760237134,9.0,46.0,6.0,15.0,55.0
/vol/tensusers6/lisannehuisman/data/images/test/S0-SM_suv6-ellow-radnear-az180.png,0.24096385542168675,0.625,0.34782608695652173,0.6570619912818074,0.40836566414218395,20.0,63.0,12.0,32.0,83.0
/vol/tensusers6/lisannehuisman/data/images/test/S0-SM_suv6-elmid-radnear-az270.png,0.375,0.8571428571428571,0.5217391304347825,0.8839285783469677,0.8580357227474451,6.0,10.0,1.0,7.0,16.0
/vol/tensusers6/lisannehuisman/data/images/test/S0-SM_suv7-elhigh-radfar-az000.png,1.0,1.0,1.0,1.0,0.93679503277195,12.0,0.0,0.0,12.0,12.0
/vol/tensusers6/lisannehuisman/data/images/test/S0-SM_suv7-elhigh-radfar-az270.png,1.0,1.0,1.0,1.0,0.97890625,8.0,0.0,0.0,8.0,8.0
/vol/tensusers6/lisannehuisman/data/images/test/S0-SM_suv7-elhigh-radmid-az090.png,0.7692307692307693,1.0,0.8695652173913044,1.0,0.9300000012379426,10.0,3.0,0.0,10.0,13.0
/vol/tensusers6/lisannehuisman/data/images/test/S0-SM_suv7-elhigh-radmid-az315.png,1.0,1.0,1.0,1.0,0.9461428571769168,10.0,0.0,0.0,10.0,10.0
/vol/tensusers6/lisannehuisman/data/images/test/S0-SM_suv7-ellow-radfar-az000.png,1.0,1.0,1.0,1.0,0.8933884439882165,11.0,0.0,0.0,11.0,11.0
/vol/tensusers6/lisannehuisman/data/images/test/S0-SM_suv7-ellow-radfar-az225.png,0.2987012987012987,0.7419354838709677,0.4259259259259259,0.7037021881089931,0.4190619963001927,23.0,54.0,8.0,31.0,77.0
/vol/tensusers6/lisannehuisman/data/images/test/S0-SM_suv7-ellow-radmid-az225.png,0.24444444444444444,0.7096774193548387,0.36363636363636365,0.6757759390750615,0.3613680941662603,22.0,68.0,9.0,31.0,90.0
/vol/tensusers6/lisannehuisman/data/images/test/S0-SM_suv7-ellow-radnear-az045.png,0.15492957746478872,0.5789473684210527,0.24444444444444444,0.5803750478142593,0.5386140059936262,11.0,60.0,8.0,19.0,71.0
/vol/tensusers6/lisannehuisman/data/images/test/S0-SM_suv7-elmid-radfar-az225.png,0.5172413793103449,1.0,0.6818181818181819,1.0,0.8366420822159923,15.0,14.0,0.0,15.0,29.0
/vol/tensusers6/lisannehuisman/data/images/test/S0-SM_suv7-elmid-radfar-az270.png,0.47058823529411764,1.0,0.6399999999999999,1.0,0.918382353335619,8.0,9.0,0.0,8.0,17.0
/vol/tensusers6/lisannehuisman/data/images/test/S0-SM_suv7-elmid-radmid-az180.png,0.6666666666666666,1.0,0.8,1.0,0.9151041662320495,8.0,4.0,0.0,8.0,12.0
/vol/tensusers6/lisannehuisman/data/images/test/S0-SM_suv7-elmid-radmid-az225.png,0.875,1.0,0.9333333333333333,1.0,0.9910714291036129,7.0,1.0,0.0,7.0,8.0
/vol/tensusers6/lisannehuisman/data/images/test/S0-SM_suv8-elhigh-radmid-az180.png,1.0,1.0,1.0,1.0,0.9666666686534882,3.0,0.0,0.0,3.0,3.0
/vol/tensusers6/lisannehuisman/data/images/test/S0-SM_suv8-elhigh-radmid-az270.png,1.0,1.0,1.0,1.0,0.9072916671633721,4.0,0.0,0.0,4.0,4.0
/vol/tensusers6/lisannehuisman/data/images/test/S0-SM_suv8-elhigh-radnear-az000.png,0.6666666666666666,1.0,0.8,1.0,0.8187500001862645,4.0,2.0,0.0,4.0,6.0
/vol/tensusers6/lisannehuisman/data/images/test/S0-SM_suv8-elhigh-radnear-az045.png,1.0,1.0,1.0,1.0,0.909375,4.0,0.0,0.0,4.0,4.0
/vol/tensusers6/lisannehuisman/data/images/test/S0-SM_suv8-elhigh-radnear-az090.png,1.0,1.0,1.0,1.0,0.91875,4.0,0.0,0.0,4.0,4.0
/vol/tensusers6/lisannehuisman/data/images/test/S0-SM_suv8-elhigh-radnear-az270.png,1.0,1.0,1.0,1.0,0.9625,4.0,0.0,0.0,4.0,4.0
/vol/tensusers6/lisannehuisman/data/images/test/S0-SM_suv8-ellow-radmid-az045.png,0.1044776119402985,0.5833333333333334,0.17721518987341772,0.5458046213046162,0.2821550902525036,7.0,60.0,5.0,12.0,67.0
/vol/tensusers6/lisannehuisman/data/images/test/S0-SM_suv8-ellow-radmid-az090.png,0.1111111111111111,0.5555555555555556,0.18518518518518515,0.5143298152867031,0.281679902501089,10.0,80.0,8.0,18.0,90.0
/vol/tensusers6/lisannehuisman/data/images/test/S0-SM_suv8-ellow-radmid-az135.png,0.1111111111111111,0.3888888888888889,0.1728395061728395,0.31617284751232755,0.18736684694245945,7.0,56.0,11.0,18.0,63.0
/vol/tensusers6/lisannehuisman/data/images/test/S0-SM_suv8-ellow-radmid-az270.png,0.3125,0.8333333333333334,0.45454545454545453,0.8315972137368384,0.597786456036071,10.0,22.0,2.0,12.0,32.0
/vol/tensusers6/lisannehuisman/data/images/test/S0-SM_suv8-ellow-radnear-az180.png,0.3181818181818182,0.5833333333333334,0.4117647058823529,0.618371198010264,0.350789142979516,7.0,15.0,5.0,12.0,22.0
/vol/tensusers6/lisannehuisman/data/images/test/S0-SM_suv8-ellow-radnear-az225.png,0.27450980392156865,0.6086956521739131,0.37837837837837845,0.6299734468205269,0.2519687078718852,14.0,37.0,9.0,23.0,51.0
/vol/tensusers6/lisannehuisman/data/images/test/S0-SM_suv8-elmid-radmid-az270.png,0.8333333333333334,1.0,0.9090909090909091,1.0,0.9200000025828678,5.0,1.0,0.0,5.0,6.0
/vol/tensusers6/lisannehuisman/data/images/test/S0-SM_suv8-elmid-radnear-az135.png,0.2727272727272727,1.0,0.42857142857142855,1.0,0.7575757727478489,3.0,8.0,0.0,3.0,11.0
/vol/tensusers6/lisannehuisman/data/images/test/S0-SM_suv8-elmid-radnear-az180.png,1.0,1.0,1.0,1.0,1.0,2.0,0.0,0.0,2.0,2.0
/vol/tensusers6/lisannehuisman/data/images/test/S0-SM_suv8-elmid-radnear-az270.png,0.3333333333333333,1.0,0.5,1.0,1.0,2.0,4.0,0.0,2.0,6.0
/vol/tensusers6/lisannehuisman/data/images/test/S0-SM_suv9-elhigh-radfar-az135.png,1.0,1.0,1.0,1.0,0.9072916671633721,4.0,0.0,0.0,4.0,4.0
/vol/tensusers6/lisannehuisman/data/images/test/S0-SM_suv9-elhigh-radnear-az000.png,1.0,1.0,1.0,1.0,0.8460000052452086,5.0,0.0,0.0,5.0,5.0
/vol/tensusers6/lisannehuisman/data/images/test/S0-SM_suv9-elhigh-radnear-az180.png,1.0,1.0,1.0,1.0,0.9111111177338493,3.0,0.0,0.0,3.0,3.0
/vol/tensusers6/lisannehuisman/data/images/test/S0-SM_suv9-ellow-radfar-az225.png,0.23880597014925373,0.6666666666666666,0.3516483516483516,0.6608628124544436,0.40828474811715354,16.0,51.0,8.0,24.0,67.0
/vol/tensusers6/lisannehuisman/data/images/test/S0-SM_suv9-ellow-radmid-az315.png,0.43243243243243246,0.8888888888888888,0.5818181818181818,0.9129129186854348,0.6755311088178504,16.0,21.0,2.0,18.0,37.0
/vol/tensusers6/lisannehuisman/data/images/test/S0-SM_suv9-ellow-radnear-az045.png,0.07692307692307693,0.38461538461538464,0.1282051282051282,0.4082840311633059,0.30437870386249477,5.0,60.0,8.0,13.0,65.0
/vol/tensusers6/lisannehuisman/data/images/test/S0-SM_suv9-ellow-radnear-az180.png,0.19230769230769232,0.4166666666666667,0.2631578947368421,0.431089745547909,0.31928419067850744,5.0,21.0,7.0,12.0,26.0
/vol/tensusers6/lisannehuisman/data/images/test/S0-SM_suv9-elmid-radfar-az090.png,1.0,1.0,1.0,1.0,0.96875,4.0,0.0,0.0,4.0,4.0
/vol/tensusers6/lisannehuisman/data/images/test/S0-SM_suv9-elmid-radfar-az225.png,0.8,1.0,0.888888888888889,1.0,0.8925000002607704,4.0,1.0,0.0,4.0,5.0
/vol/tensusers6/lisannehuisman/data/images/test/S0-SM_suv9-elmid-radnear-az135.png,0.5,1.0,0.6666666666666666,1.0,1.0,2.0,2.0,0.0,2.0,4.0
/vol/tensusers6/lisannehuisman/data/images/test/S0-SM_tank1-elhigh-radfar-az000.png,0.45454545454545453,0.8333333333333334,0.5882352941176471,0.8712121069882857,0.8280302984922223,5.0,6.0,1.0,6.0,11.0
/vol/tensusers6/lisannehuisman/data/images/test/S0-SM_tank1-elhigh-radfar-az180.png,1.0,1.0,1.0,1.0,0.9760000016689301,5.0,0.0,0.0,5.0,5.0
/vol/tensusers6/lisannehuisman/data/images/test/S0-SM_tank1-elhigh-radfar-az225.png,0.8333333333333334,1.0,0.9090909090909091,1.0,0.9433333371082941,5.0,1.0,0.0,5.0,6.0
/vol/tensusers6/lisannehuisman/data/images/test/S0-SM_tank1-elhigh-radmid-az045.png,0.75,1.0,0.8571428571428571,1.0,0.8656249932944775,6.0,2.0,0.0,6.0,8.0
/vol/tensusers6/lisannehuisman/data/images/test/S0-SM_tank1-elhigh-radmid-az225.png,0.5555555555555556,1.0,0.7142857142857143,1.0,0.8604444508320755,5.0,4.0,0.0,5.0,9.0
/vol/tensusers6/lisannehuisman/data/images/test/S0-SM_tank1-elhigh-radnear-az135.png,1.0,1.0,1.0,1.0,0.9229166671633721,4.0,0.0,0.0,4.0,4.0
/vol/tensusers6/lisannehuisman/data/images/test/S0-SM_tank1-elhigh-radnear-az225.png,1.0,1.0,1.0,1.0,0.953125,4.0,0.0,0.0,4.0,4.0
/vol/tensusers6/lisannehuisman/data/images/test/S0-SM_tank1-ellow-radnear-az045.png,0.4444444444444444,1.0,0.6153846153846153,1.0,0.7333333338610828,4.0,5.0,0.0,4.0,9.0
/vol/tensusers6/lisannehuisman/data/images/test/S0-SM_tank1-ellow-radnear-az270.png,0.24,0.8571428571428571,0.375,0.7964795920790055,0.3105001572599601,12.0,38.0,2.0,14.0,50.0
/vol/tensusers6/lisannehuisman/data/images/test/S0-SM_tank1-elmid-radfar-az135.png,0.7142857142857143,1.0,0.8333333333333333,1.0,0.9428571472849164,5.0,2.0,0.0,5.0,7.0
/vol/tensusers6/lisannehuisman/data/images/test/S0-SM_tank1-elmid-radfar-az180.png,0.23529411764705882,1.0,0.38095238095238093,1.0,0.9316176472231745,4.0,13.0,0.0,4.0,17.0
/vol/tensusers6/lisannehuisman/data/images/test/S0-SM_tank1-elmid-radfar-az225.png,1.0,1.0,1.0,1.0,0.93125,4.0,0.0,0.0,4.0,4.0
/vol/tensusers6/lisannehuisman/data/images/test/S0-SM_tank1-elmid-radmid-az000.png,1.0,1.0,1.0,1.0,0.9670000016987323,5.0,0.0,0.0,5.0,5.0
/vol/tensusers6/lisannehuisman/data/images/test/S0-SM_tank1-elmid-radmid-az090.png,1.0,1.0,1.0,1.0,0.96875,4.0,0.0,0.0,4.0,4.0
/vol/tensusers6/lisannehuisman/data/images/test/S0-SM_tank1-elmid-radmid-az135.png,1.0,1.0,1.0,1.0,0.984375,4.0,0.0,0.0,4.0,4.0
/vol/tensusers6/lisannehuisman/data/images/test/S0-SM_tank1-elmid-radmid-az270.png,1.0,1.0,1.0,1.0,0.9720000021457672,5.0,0.0,0.0,5.0,5.0
/vol/tensusers6/lisannehuisman/data/images/test/S0-SM_tank10-elhigh-radfar-az045.png,1.0,1.0,1.0,1.0,0.85,2.0,0.0,0.0,2.0,2.0
/vol/tensusers6/lisannehuisman/data/images/test/S0-SM_tank10-elhigh-radnear-az135.png,1.0,1.0,1.0,1.0,0.9,1.0,0.0,0.0,1.0,1.0
/vol/tensusers6/lisannehuisman/data/images/test/S0-SM_tank10-ellow-radfar-az045.png,0.028846153846153848,0.2,0.05042016806722689,0.18487180104526946,0.14205128765999314,3.0,101.0,12.0,15.0,104.0
/vol/tensusers6/lisannehuisman/data/images/test/S0-SM_tank10-ellow-radmid-az180.png,0.3469387755102041,0.8947368421052632,0.5,0.9129967653981854,0.6066451860093542,17.0,32.0,2.0,19.0,49.0
/vol/tensusers6/lisannehuisman/data/images/test/S0-SM_tank10-ellow-radnear-az045.png,0.07526881720430108,0.35,0.12389380530973453,0.33742533667300134,0.14931003892035957,7.0,86.0,13.0,20.0,93.0
/vol/tensusers6/lisannehuisman/data/images/test/S0-SM_tank10-ellow-radnear-az315.png,0.5,0.8888888888888888,0.64,0.9166666716337204,0.6686574142331395,8.0,8.0,1.0,9.0,16.0
/vol/tensusers6/lisannehuisman/data/images/test/S0-SM_tank10-elmid-radfar-az090.png,0.3333333333333333,0.6666666666666666,0.4444444444444444,0.7222222404347525,0.4777777901126278,2.0,4.0,1.0,3.0,6.0
/vol/tensusers6/lisannehuisman/data/images/test/S0-SM_tank10-elmid-radmid-az090.png,1.0,1.0,1.0,1.0,0.5,1.0,0.0,0.0,1.0,1.0
/vol/tensusers6/lisannehuisman/data/images/test/S0-SM_tank10-elmid-radmid-az180.png,1.0,1.0,1.0,1.0,1.0,1.0,0.0,0.0,1.0,1.0
/vol/tensusers6/lisannehuisman/data/images/test/S0-SM_tank10-elmid-radnear-az135.png,1.0,1.0,1.0,1.0,0.9,1.0,0.0,0.0,1.0,1.0
/vol/tensusers6/lisannehuisman/data/images/test/S0-SM_tank10-elmid-radnear-az180.png,1.0,1.0,1.0,1.0,1.0,1.0,0.0,0.0,1.0,1.0
/vol/tensusers6/lisannehuisman/data/images/test/S0-SM_tank11-elhigh-radfar-az045.png,0.6666666666666666,1.0,0.8,1.0,1.0,2.0,1.0,0.0,2.0,3.0
/vol/tensusers6/lisannehuisman/data/images/test/S0-SM_tank11-elhigh-radfar-az180.png,0.75,1.0,0.8571428571428571,1.0,0.9166666690260172,3.0,1.0,0.0,3.0,4.0
/vol/tensusers6/lisannehuisman/data/images/test/S0-SM_tank11-elhigh-radfar-az315.png,1.0,1.0,1.0,1.0,1.0,2.0,0.0,0.0,2.0,2.0
/vol/tensusers6/lisannehuisman/data/images/test/S0-SM_tank11-elhigh-radnear-az180.png,0.18181818181818182,1.0,0.3076923076923077,1.0,0.9045454546809196,2.0,9.0,0.0,2.0,11.0
/vol/tensusers6/lisannehuisman/data/images/test/S0-SM_tank11-ellow-radmid-az000.png,0.3333333333333333,1.0,0.5,1.0,0.9,1.0,2.0,0.0,1.0,3.0
/vol/tensusers6/lisannehuisman/data/images/test/S0-SM_tank11-ellow-radnear-az000.png,0.5,1.0,0.6666666666666666,1.0,0.9,1.0,1.0,0.0,1.0,2.0
/vol/tensusers6/lisannehuisman/data/images/test/S0-SM_tank11-ellow-radnear-az225.png,0.16883116883116883,0.6190476190476191,0.2653061224489796,0.5285282762609524,0.25263804948609575,13.0,64.0,8.0,21.0,77.0
/vol/tensusers6/lisannehuisman/data/images/test/S0-SM_tank11-elmid-radfar-az000.png,0.4,1.0,0.5714285714285715,1.0,0.8650000002235174,2.0,3.0,0.0,2.0,5.0
/vol/tensusers6/lisannehuisman/data/images/test/S0-SM_tank11-elmid-radfar-az045.png,0.2857142857142857,1.0,0.4444444444444445,1.0,0.9535714287310839,2.0,5.0,0.0,2.0,7.0
/vol/tensusers6/lisannehuisman/data/images/test/S0-SM_tank11-elmid-radfar-az270.png,0.3333333333333333,1.0,0.5,1.0,1.0,2.0,4.0,0.0,2.0,6.0
/vol/tensusers6/lisannehuisman/data/images/test/S0-SM_tank11-elmid-radnear-az090.png,0.5,1.0,0.6666666666666666,1.0,1.0,1.0,1.0,0.0,1.0,2.0
/vol/tensusers6/lisannehuisman/data/images/test/S0-SM_tank12-elhigh-radfar-az045.png,1.0,1.0,1.0,1.0,0.9375,2.0,0.0,0.0,2.0,2.0
/vol/tensusers6/lisannehuisman/data/images/test/S0-SM_tank12-elhigh-radmid-az000.png,1.0,1.0,1.0,1.0,0.9777777794334623,3.0,0.0,0.0,3.0,3.0
/vol/tensusers6/lisannehuisman/data/images/test/S0-SM_tank12-elhigh-radmid-az135.png,1.0,1.0,1.0,1.0,1.0,3.0,0.0,0.0,3.0,3.0
/vol/tensusers6/lisannehuisman/data/images/test/S0-SM_tank12-elhigh-radnear-az000.png,0.23076923076923078,1.0,0.375,0.8666666825612381,0.7620512999861665,3.0,10.0,0.0,3.0,13.0
/vol/tensusers6/lisannehuisman/data/images/test/S0-SM_tank12-ellow-radfar-az000.png,0.11428571428571428,0.47058823529411764,0.18390804597701146,0.35616605932197076,0.2284520077904379,8.0,62.0,9.0,17.0,70.0
/vol/tensusers6/lisannehuisman/data/images/test/S0-SM_tank12-ellow-radfar-az090.png,0.6666666666666666,1.0,0.8,1.0,0.958333333581686,2.0,1.0,0.0,2.0,3.0
/vol/tensusers6/lisannehuisman/data/images/test/S0-SM_tank12-ellow-radmid-az135.png,0.14285714285714285,1.0,0.25,1.0,0.9517857143655419,2.0,12.0,0.0,2.0,14.0
/vol/tensusers6/lisannehuisman/data/images/test/S0-SM_tank12-ellow-radmid-az270.png,0.17391304347826086,0.64,0.27350427350427353,0.570975137043976,0.24423676618736234,16.0,76.0,9.0,25.0,92.0
/vol/tensusers6/lisannehuisman/data/images/test/S0-SM_tank12-elmid-radfar-az135.png,1.0,1.0,1.0,1.0,0.9277777784400516,3.0,0.0,0.0,3.0,3.0
/vol/tensusers6/lisannehuisman/data/images/test/S0-SM_tank12-elmid-radnear-az135.png,1.0,1.0,1.0,1.0,1.0,2.0,0.0,0.0,2.0,2.0
/vol/tensusers6/lisannehuisman/data/images/test/S0-SM_tank12-elmid-radnear-az315.png,1.0,1.0,1.0,1.0,1.0,2.0,0.0,0.0,2.0,2.0
/vol/tensusers6/lisannehuisman/data/images/test/S0-SM_tank13-ellow-radmid-az270.png,0.18888888888888888,0.6296296296296297,0.29059829059829057,0.5908875678176795,0.27101513223476137,17.0,73.0,10.0,27.0,90.0
/vol/tensusers6/lisannehuisman/data/images/test/S0-SM_tank13-ellow-radnear-az270.png,0.08653846153846154,0.45,0.14516129032258066,0.3303457015163298,0.17468811483696153,9.0,95.0,11.0,20.0,104.0
/vol/tensusers6/lisannehuisman/data/images/test/S0-SM_tank13-elmid-radfar-az180.png,0.8333333333333334,1.0,0.9090909090909091,1.0,0.8666666707148154,5.0,1.0,0.0,5.0,6.0
/vol/tensusers6/lisannehuisman/data/images/test/S0-SM_tank13-elmid-radmid-az045.png,1.0,1.0,1.0,1.0,0.9777777794334623,3.0,0.0,0.0,3.0,3.0
/vol/tensusers6/lisannehuisman/data/images/test/S0-SM_tank13-elmid-radnear-az180.png,1.0,1.0,1.0,1.0,0.984375,4.0,0.0,0.0,4.0,4.0
/vol/tensusers6/lisannehuisman/data/images/test/S0-SM_tank14-elhigh-radfar-az045.png,1.0,1.0,1.0,1.0,0.921875,4.0,0.0,0.0,4.0,4.0
/vol/tensusers6/lisannehuisman/data/images/test/S0-SM_tank14-elhigh-radmid-az225.png,1.0,1.0,1.0,1.0,0.8222222295072343,3.0,0.0,0.0,3.0,3.0
/vol/tensusers6/lisannehuisman/data/images/test/S0-SM_tank14-elhigh-radmid-az315.png,1.0,1.0,1.0,1.0,1.0,4.0,0.0,0.0,4.0,4.0
/vol/tensusers6/lisannehuisman/data/images/test/S0-SM_tank14-elhigh-radnear-az135.png,1.0,1.0,1.0,1.0,0.953125,4.0,0.0,0.0,4.0,4.0
/vol/tensusers6/lisannehuisman/data/images/test/S0-SM_tank14-elhigh-radnear-az225.png,1.0,1.0,1.0,1.0,0.9222222230500645,3.0,0.0,0.0,3.0,3.0
/vol/tensusers6/lisannehuisman/data/images/test/S0-SM_tank14-ellow-radmid-az045.png,0.14925373134328357,0.5,0.22988505747126436,0.4650127701510822,0.30848795282548647,10.0,57.0,10.0,20.0,67.0
/vol/tensusers6/lisannehuisman/data/images/test/S0-SM_tank14-ellow-radmid-az180.png,0.4222222222222222,0.9047619047619048,0.5757575757575758,0.8828253943598465,0.581642046005174,19.0,26.0,2.0,21.0,45.0
/vol/tensusers6/lisannehuisman/data/images/test/S0-SM_tank14-ellow-radmid-az225.png,0.18571428571428572,0.8125,0.3023255813953489,0.8032280211336911,0.4765137398004299,13.0,57.0,3.0,16.0,70.0
/vol/tensusers6/lisannehuisman/data/images/test/S0-SM_tank14-ellow-radnear-az090.png,0.42857142857142855,1.0,0.6,1.0,0.9428571466888698,3.0,4.0,0.0,3.0,7.0
/vol/tensusers6/lisannehuisman/data/images/test/S0-SM_tank14-ellow-radnear-az315.png,0.07792207792207792,0.2857142857142857,0.12244897959183673,0.2671150379228462,0.19242733861950395,6.0,71.0,15.0,21.0,77.0
/vol/tensusers6/lisannehuisman/data/images/test/S0-SM_tank14-elmid-radfar-az180.png,0.46153846153846156,1.0,0.631578947368421,1.0,0.6676873195277298,6.0,7.0,0.0,6.0,13.0
/vol/tensusers6/lisannehuisman/data/images/test/S0-SM_tank14-elmid-radfar-az225.png,0.625,1.0,0.7692307692307693,1.0,0.883333335692684,5.0,3.0,0.0,5.0,8.0
/vol/tensusers6/lisannehuisman/data/images/test/S0-SM_tank14-elmid-radnear-az180.png,1.0,1.0,1.0,1.0,1.0,3.0,0.0,0.0,3.0,3.0
/vol/tensusers6/lisannehuisman/data/images/test/S0-SM_tank15-elhigh-radfar-az090.png,1.0,1.0,1.0,1.0,0.934375,4.0,0.0,0.0,4.0,4.0
/vol/tensusers6/lisannehuisman/data/images/test/S0-SM_tank15-elhigh-radfar-az315.png,1.0,1.0,1.0,1.0,0.9277777784400516,3.0,0.0,0.0,3.0,3.0
/vol/tensusers6/lisannehuisman/data/images/test/S0-SM_tank15-elhigh-radmid-az180.png,1.0,1.0,1.0,1.0,0.9777777794334623,3.0,0.0,0.0,3.0,3.0
/vol/tensusers6/lisannehuisman/data/images/test/S0-SM_tank15-elhigh-radmid-az225.png,1.0,1.0,1.0,1.0,0.925,2.0,0.0,0.0,2.0,2.0
/vol/tensusers6/lisannehuisman/data/images/test/S0-SM_tank15-ellow-radfar-az045.png,0.17391304347826086,0.75,0.2823529411764706,0.647496709600091,0.23677371700759978,12.0,57.0,4.0,16.0,69.0
/vol/tensusers6/lisannehuisman/data/images/test/S0-SM_tank15-ellow-radfar-az270.png,0.058823529411764705,0.2608695652173913,0.09599999999999999,0.21980676337024307,0.16427886351462925,6.0,96.0,17.0,23.0,102.0
/vol/tensusers6/lisannehuisman/data/images/test/S0-SM_tank15-ellow-radmid-az315.png,0.13432835820895522,0.47368421052631576,0.20930232558139533,0.35852516213585695,0.17714156811062148,9.0,58.0,10.0,19.0,67.0
/vol/tensusers6/lisannehuisman/data/images/test/S0-SM_tank15-ellow-radnear-az000.png,0.15584415584415584,0.6666666666666666,0.25263157894736843,0.6116383768240166,0.3030838915153583,12.0,65.0,6.0,18.0,77.0
/vol/tensusers6/lisannehuisman/data/images/test/S0-SM_tank15-elmid-radfar-az045.png,0.8,1.0,0.888888888888889,1.0,0.8850000008940697,4.0,1.0,0.0,4.0,5.0
/vol/tensusers6/lisannehuisman/data/images/test/S0-SM_tank15-elmid-radfar-az090.png,0.6666666666666666,1.0,0.8,1.0,0.897916667163372,4.0,2.0,0.0,4.0,6.0
/vol/tensusers6/lisannehuisman/data/images/test/S0-SM_tank15-elmid-radnear-az000.png,1.0,1.0,1.0,1.0,0.9777777794334623,3.0,0.0,0.0,3.0,3.0
/vol/tensusers6/lisannehuisman/data/images/test/S0-SM_tank16-elhigh-radfar-az315.png,0.2,0.6666666666666666,0.30769230769230765,0.7000000183780988,0.6000000158449014,2.0,8.0,1.0,3.0,10.0
/vol/tensusers6/lisannehuisman/data/images/test/S0-SM_tank16-elhigh-radnear-az225.png,1.0,1.0,1.0,1.0,1.0,2.0,0.0,0.0,2.0,2.0
/vol/tensusers6/lisannehuisman/data/images/test/S0-SM_tank16-ellow-radfar-az090.png,0.2,0.5,0.28571428571428575,0.5500000007450581,0.5500000007450581,1.0,4.0,1.0,2.0,5.0
/vol/tensusers6/lisannehuisman/data/images/test/S0-SM_tank16-ellow-radfar-az315.png,0.06578947368421052,0.38461538461538464,0.11235955056179775,0.3706702768578085,0.21125389343458872,5.0,71.0,8.0,13.0,76.0
/vol/tensusers6/lisannehuisman/data/images/test/S0-SM_tank16-ellow-radmid-az090.png,0.5,1.0,0.6666666666666666,1.0,1.0,1.0,1.0,0.0,1.0,2.0
/vol/tensusers6/lisannehuisman/data/images/test/S0-SM_tank16-ellow-radmid-az135.png,0.6111111111111112,1.0,0.7586206896551725,1.0,0.7493939501529867,11.0,7.0,0.0,11.0,18.0
/vol/tensusers6/lisannehuisman/data/images/test/S0-SM_tank16-elmid-radfar-az135.png,1.0,1.0,1.0,1.0,1.0,1.0,0.0,0.0,1.0,1.0
/vol/tensusers6/lisannehuisman/data/images/test/S0-SM_tank16-elmid-radfar-az225.png,0.4,1.0,0.5714285714285715,1.0,0.9300000000745058,2.0,3.0,0.0,2.0,5.0
/vol/tensusers6/lisannehuisman/data/images/test/S0-SM_tank17-elhigh-radfar-az090.png,0.7142857142857143,1.0,0.8333333333333333,1.0,0.9442857168295553,5.0,2.0,0.0,5.0,7.0
/vol/tensusers6/lisannehuisman/data/images/test/S0-SM_tank17-elhigh-radmid-az225.png,1.0,1.0,1.0,1.0,1.0,5.0,0.0,0.0,5.0,5.0
/vol/tensusers6/lisannehuisman/data/images/test/S0-SM_tank17-elhigh-radnear-az045.png,1.0,1.0,1.0,1.0,0.9600000029802322,5.0,0.0,0.0,5.0,5.0
/vol/tensusers6/lisannehuisman/data/images/test/S0-SM_tank17-ellow-radfar-az225.png,0.35714285714285715,1.0,0.5263157894736842,1.0,0.9114285769207136,5.0,9.0,0.0,5.0,14.0
/vol/tensusers6/lisannehuisman/data/images/test/S0-SM_tank17-ellow-radfar-az315.png,0.1111111111111111,0.6,0.18750000000000003,0.6222222449051009,0.4393611192290707,6.0,48.0,4.0,10.0,54.0
/vol/tensusers6/lisannehuisman/data/images/test/S0-SM_tank17-ellow-radnear-az135.png,0.25,1.0,0.4,1.0,1.0,2.0,6.0,0.0,2.0,8.0
/vol/tensusers6/lisannehuisman/data/images/test/S0-SM_tank17-elmid-radmid-az180.png,0.2222222222222222,1.0,0.3636363636363636,1.0,0.7937500005587935,4.0,14.0,0.0,4.0,18.0
/vol/tensusers6/lisannehuisman/data/images/test/S0-SM_tank17-elmid-radmid-az315.png,0.38461538461538464,1.0,0.5555555555555556,1.0,0.8753846208521953,5.0,8.0,0.0,5.0,13.0
/vol/tensusers6/lisannehuisman/data/images/test/S0-SM_tank17-elmid-radnear-az045.png,1.0,1.0,1.0,1.0,0.984375,4.0,0.0,0.0,4.0,4.0
/vol/tensusers6/lisannehuisman/data/images/test/S0-SM_tank18-elhigh-radfar-az270.png,1.0,1.0,1.0,1.0,0.9800000011920929,5.0,0.0,0.0,5.0,5.0
/vol/tensusers6/lisannehuisman/data/images/test/S0-SM_tank18-elhigh-radmid-az225.png,0.8333333333333334,1.0,0.9090909090909091,1.0,0.9866666676600774,5.0,1.0,0.0,5.0,6.0
/vol/tensusers6/lisannehuisman/data/images/test/S0-SM_tank18-elhigh-radnear-az225.png,0.8333333333333334,1.0,0.9090909090909091,1.0,0.9650000013411045,5.0,1.0,0.0,5.0,6.0
/vol/tensusers6/lisannehuisman/data/images/test/S0-SM_tank18-ellow-radfar-az270.png,0.1125,0.5,0.18367346938775508,0.5180239894549654,0.29037067449615367,9.0,71.0,9.0,18.0,80.0
/vol/tensusers6/lisannehuisman/data/images/test/S0-SM_tank18-ellow-radnear-az270.png,0.10294117647058823,0.4666666666666667,0.1686746987951807,0.3652287648423437,0.22200000494083066,7.0,61.0,8.0,15.0,68.0
/vol/tensusers6/lisannehuisman/data/images/test/S0-SM_tank18-elmid-radmid-az090.png,0.8333333333333334,1.0,0.9090909090909091,1.0,0.9406666695674261,5.0,1.0,0.0,5.0,6.0
/vol/tensusers6/lisannehuisman/data/images/test/S0-SM_tank18-elmid-radmid-az270.png,0.8333333333333334,1.0,0.9090909090909091,1.0,0.9566666694482168,5.0,1.0,0.0,5.0,6.0
/vol/tensusers6/lisannehuisman/data/images/test/S0-SM_tank18-elmid-radnear-az315.png,1.0,1.0,1.0,1.0,0.96875,4.0,0.0,0.0,4.0,4.0
/vol/tensusers6/lisannehuisman/data/images/test/S0-SM_tank19-elhigh-radfar-az000.png,0.5263157894736842,1.0,0.6896551724137931,0.9818181883205064,0.8154067024745437,10.0,9.0,0.0,10.0,19.0
/vol/tensusers6/lisannehuisman/data/images/test/S0-SM_tank19-elhigh-radfar-az090.png,0.75,1.0,0.8571428571428571,0.9888888869020676,0.8737037081630141,9.0,3.0,0.0,9.0,12.0
/vol/tensusers6/lisannehuisman/data/images/test/S0-SM_tank19-elhigh-radmid-az000.png,1.0,1.0,1.0,1.0,0.9583333323399226,6.0,0.0,0.0,6.0,6.0
/vol/tensusers6/lisannehuisman/data/images/test/S0-SM_tank19-elhigh-radmid-az045.png,0.8571428571428571,1.0,0.923076923076923,1.0,0.9016666688521703,6.0,1.0,0.0,6.0,7.0
/vol/tensusers6/lisannehuisman/data/images/test/S0-SM_tank19-ellow-radfar-az135.png,0.5,1.0,0.6666666666666666,1.0,0.9388888899650839,3.0,3.0,0.0,3.0,6.0
/vol/tensusers6/lisannehuisman/data/images/test/S0-SM_tank19-ellow-radfar-az180.png,0.42857142857142855,1.0,0.6,1.0,0.88571429337774,3.0,4.0,0.0,3.0,7.0
/vol/tensusers6/lisannehuisman/data/images/test/S0-SM_tank19-ellow-radmid-az000.png,0.42105263157894735,1.0,0.5925925925925926,1.0,0.8800939856097102,8.0,11.0,0.0,8.0,19.0
/vol/tensusers6/lisannehuisman/data/images/test/S0-SM_tank19-ellow-radmid-az045.png,0.25,0.7272727272727273,0.37209302325581395,0.7613636553287506,0.5378571539419377,8.0,24.0,3.0,11.0,32.0
/vol/tensusers6/lisannehuisman/data/images/test/S0-SM_tank19-ellow-radmid-az225.png,0.2857142857142857,1.0,0.4444444444444445,1.0,0.9071428574621677,2.0,5.0,0.0,2.0,7.0
/vol/tensusers6/lisannehuisman/data/images/test/S0-SM_tank19-ellow-radmid-az270.png,0.18309859154929578,0.5416666666666666,0.2736842105263158,0.528491448965803,0.3353887716732571,13.0,58.0,11.0,24.0,71.0
/vol/tensusers6/lisannehuisman/data/images/test/S0-SM_tank19-ellow-radnear-az000.png,0.3333333333333333,1.0,0.5,1.0,0.7267592647533727,6.0,12.0,0.0,6.0,18.0
/vol/tensusers6/lisannehuisman/data/images/test/S0-SM_tank19-ellow-radnear-az315.png,0.12962962962962962,0.5384615384615384,0.208955223880597,0.47350428713183135,0.1774074114447306,7.0,47.0,6.0,13.0,54.0
/vol/tensusers6/lisannehuisman/data/images/test/S0-SM_tank19-elmid-radfar-az135.png,0.4,0.8,0.5333333333333333,0.8400000101327896,0.7680000151395797,4.0,6.0,1.0,5.0,10.0
/vol/tensusers6/lisannehuisman/data/images/test/S0-SM_tank19-elmid-radmid-az045.png,0.7,1.0,0.8235294117647058,1.0,0.8857142908019678,7.0,3.0,0.0,7.0,10.0
/vol/tensusers6/lisannehuisman/data/images/test/S0-SM_tank19-elmid-radnear-az090.png,1.0,1.0,1.0,1.0,1.0,2.0,0.0,0.0,2.0,2.0
/vol/tensusers6/lisannehuisman/data/images/test/S0-SM_tank19-elmid-radnear-az180.png,1.0,1.0,1.0,1.0,0.9555555588669247,3.0,0.0,0.0,3.0,3.0
/vol/tensusers6/lisannehuisman/data/images/test/S0-SM_tank2-elhigh-radfar-az135.png,0.34782608695652173,1.0,0.5161290322580645,1.0,0.7008514498360455,8.0,15.0,0.0,8.0,23.0
/vol/tensusers6/lisannehuisman/data/images/test/S0-SM_tank2-elhigh-radmid-az135.png,0.5,1.0,0.6666666666666666,1.0,0.9140000026524067,5.0,5.0,0.0,5.0,10.0
/vol/tensusers6/lisannehuisman/data/images/test/S0-SM_tank2-elhigh-radnear-az315.png,1.0,1.0,1.0,1.0,0.775,4.0,0.0,0.0,4.0,4.0
/vol/tensusers6/lisannehuisman/data/images/test/S0-SM_tank2-ellow-radfar-az135.png,0.3793103448275862,0.7857142857142857,0.5116279069767441,0.8153656603582835,0.4965278947669282,11.0,18.0,3.0,14.0,29.0
/vol/tensusers6/lisannehuisman/data/images/test/S0-SM_tank2-ellow-radnear-az090.png,0.6666666666666666,1.0,0.8,1.0,0.8000000007450581,4.0,2.0,0.0,4.0,6.0
/vol/tensusers6/lisannehuisman/data/images/test/S0-SM_tank2-elmid-radmid-az000.png,0.18181818181818182,1.0,0.3076923076923077,1.0,0.8602272730320693,4.0,18.0,0.0,4.0,22.0
/vol/tensusers6/lisannehuisman/data/images/test/S0-SM_tank2-elmid-radnear-az315.png,1.0,1.0,1.0,1.0,0.9625,2.0,0.0,0.0,2.0,2.0
/vol/tensusers6/lisannehuisman/data/images/test/S0-SM_tank20-elhigh-radfar-az315.png,1.0,1.0,1.0,1.0,0.9,1.0,0.0,0.0,1.0,1.0
/vol/tensusers6/lisannehuisman/data/images/test/S0-SM_tank20-elhigh-radnear-az225.png,0.6666666666666666,1.0,0.8,1.0,0.958333333581686,2.0,1.0,0.0,2.0,3.0
/vol/tensusers6/lisannehuisman/data/images/test/S0-SM_tank20-ellow-radnear-az000.png,0.109375,0.5833333333333334,0.1842105263157895,0.38920802286113876,0.18698070059792943,7.0,57.0,5.0,12.0,64.0
/vol/tensusers6/lisannehuisman/data/images/test/S0-SM_tank20-elmid-radfar-az315.png,1.0,1.0,1.0,1.0,0.9,1.0,0.0,0.0,1.0,1.0
/vol/tensusers6/lisannehuisman/data/images/test/S0-SM_tank20-elmid-radmid-az270.png,1.0,1.0,1.0,1.0,0.8,1.0,0.0,0.0,1.0,1.0
/vol/tensusers6/lisannehuisman/data/images/test/S0-SM_tank20-elmid-radnear-az270.png,1.0,1.0,1.0,1.0,1.0,1.0,0.0,0.0,1.0,1.0
/vol/tensusers6/lisannehuisman/data/images/test/S0-SM_tank3-elhigh-radfar-az270.png,0.3611111111111111,1.0,0.5306122448979591,1.0,0.7595003433594141,13.0,23.0,0.0,13.0,36.0
/vol/tensusers6/lisannehuisman/data/images/test/S0-SM_tank3-elhigh-radnear-az270.png,0.5555555555555556,1.0,0.7142857142857143,1.0,0.8146944447561273,10.0,8.0,0.0,10.0,18.0
/vol/tensusers6/lisannehuisman/data/images/test/S0-SM_tank3-ellow-radnear-az180.png,0.34375,1.0,0.5116279069767442,0.9805194847769556,0.8406655819203657,11.0,21.0,0.0,11.0,32.0
/vol/tensusers6/lisannehuisman/data/images/test/S0-SM_tank3-ellow-radnear-az315.png,0.17391304347826086,0.8,0.2857142857142857,0.6912530184038679,0.43799402683926536,12.0,57.0,3.0,15.0,69.0
/vol/tensusers6/lisannehuisman/data/images/test/S0-SM_tank3-elmid-radfar-az180.png,0.12149532710280374,1.0,0.21666666666666667,0.9487179525387592,0.7373865500912244,13.0,94.0,0.0,13.0,107.0
/vol/tensusers6/lisannehuisman/data/images/test/S0-SM_tank3-elmid-radnear-az045.png,0.2727272727272727,1.0,0.42857142857142855,0.9761904747713182,0.8948051889414913,6.0,16.0,0.0,6.0,22.0
/vol/tensusers6/lisannehuisman/data/images/test/S0-SM_tank3-elmid-radnear-az180.png,0.11320754716981132,0.8571428571428571,0.2,0.6231930097311658,0.525324550135351,6.0,47.0,1.0,7.0,53.0
/vol/tensusers6/lisannehuisman/data/images/test/S0-SM_tank3-elmid-radnear-az225.png,0.20689655172413793,0.8571428571428571,0.33333333333333326,0.871921190377233,0.6029380839401928,6.0,23.0,1.0,7.0,29.0
/vol/tensusers6/lisannehuisman/data/images/test/S0-SM_tank4-elhigh-radnear-az000.png,0.3684210526315789,1.0,0.5384615384615384,1.0,0.9496240630969964,7.0,12.0,0.0,7.0,19.0
/vol/tensusers6/lisannehuisman/data/images/test/S0-SM_tank4-elhigh-radnear-az090.png,0.32142857142857145,1.0,0.4864864864864865,1.0,0.8870370409476063,9.0,19.0,0.0,9.0,28.0
/vol/tensusers6/lisannehuisman/data/images/test/S0-SM_tank4-ellow-radfar-az135.png,0.5833333333333334,1.0,0.7368421052631579,1.0,0.8151775797723714,14.0,10.0,0.0,14.0,24.0
/vol/tensusers6/lisannehuisman/data/images/test/S0-SM_tank4-elmid-radfar-az045.png,0.28125,1.0,0.43902439024390244,0.930555559694767,0.8140046378114709,9.0,23.0,0.0,9.0,32.0
/vol/tensusers6/lisannehuisman/data/images/test/S0-SM_tank4-elmid-radfar-az135.png,0.45161290322580644,1.0,0.6222222222222222,1.0,0.813153385828959,14.0,17.0,0.0,14.0,31.0
/vol/tensusers6/lisannehuisman/data/images/test/S0-SM_tank4-elmid-radmid-az000.png,0.11666666666666667,1.0,0.208955223880597,1.0,0.8188095352976094,7.0,53.0,0.0,7.0,60.0
/vol/tensusers6/lisannehuisman/data/images/test/S0-SM_tank4-elmid-radnear-az045.png,0.21875,0.875,0.35,0.8432173281908035,0.7873520351946354,7.0,25.0,1.0,8.0,32.0
/vol/tensusers6/lisannehuisman/data/images/test/S0-SM_tank5-elhigh-radfar-az225.png,0.3,1.0,0.4615384615384615,1.0,0.7082765170322223,12.0,28.0,0.0,12.0,40.0
/vol/tensusers6/lisannehuisman/data/images/test/S0-SM_tank5-ellow-radfar-az090.png,0.23529411764705882,0.8888888888888888,0.3720930232558139,0.9019607902060147,0.7891856103973268,8.0,26.0,1.0,9.0,34.0
/vol/tensusers6/lisannehuisman/data/images/test/S0-SM_tank5-ellow-radfar-az225.png,0.13953488372093023,0.6666666666666666,0.23076923076923078,0.6228472562758185,0.4436965914969736,18.0,111.0,9.0,27.0,129.0
/vol/tensusers6/lisannehuisman/data/images/test/S0-SM_tank5-elmid-radfar-az045.png,0.24242424242424243,1.0,0.3902439024390244,0.9025735296308994,0.7035881411284208,8.0,25.0,0.0,8.0,33.0
/vol/tensusers6/lisannehuisman/data/images/test/S0-SM_tank5-elmid-radfar-az135.png,0.32558139534883723,1.0,0.49122807017543857,0.9952380938189371,0.8052630134580342,14.0,29.0,0.0,14.0,43.0
/vol/tensusers6/lisannehuisman/data/images/test/S0-SM_tank5-elmid-radfar-az180.png,0.3023255813953488,1.0,0.46428571428571425,0.957542458644042,0.8034862270203498,13.0,30.0,0.0,13.0,43.0
/vol/tensusers6/lisannehuisman/data/images/test/S0-SM_tank5-elmid-radfar-az225.png,0.22,0.9166666666666666,0.3548387096774193,0.8806944413814284,0.7041666579134764,11.0,39.0,1.0,12.0,50.0
/vol/tensusers6/lisannehuisman/data/images/test/S0-SM_tank5-elmid-radmid-az045.png,0.3333333333333333,1.0,0.5,1.0,0.9120000057220459,5.0,10.0,0.0,5.0,15.0
/vol/tensusers6/lisannehuisman/data/images/test/S0-SM_tank5-elmid-radmid-az090.png,0.17073170731707318,1.0,0.2916666666666667,1.0,0.7422395160643195,7.0,34.0,0.0,7.0,41.0
/vol/tensusers6/lisannehuisman/data/images/test/S0-SM_tank5-elmid-radmid-az225.png,0.24324324324324326,1.0,0.391304347826087,1.0,0.8151635041690722,9.0,28.0,0.0,9.0,37.0
/vol/tensusers6/lisannehuisman/data/images/test/S0-SM_tank5-elmid-radmid-az270.png,0.15789473684210525,1.0,0.2727272727272727,1.0,0.8521491254055709,6.0,32.0,0.0,6.0,38.0
/vol/tensusers6/lisannehuisman/data/images/test/S0-SM_tank6-elhigh-radmid-az225.png,0.24528301886792453,1.0,0.393939393939394,0.9559911286469394,0.724614682791975,13.0,40.0,0.0,13.0,53.0
/vol/tensusers6/lisannehuisman/data/images/test/S0-SM_tank6-elhigh-radmid-az315.png,0.3125,1.0,0.47619047619047616,1.0,0.8485937407240272,10.0,22.0,0.0,10.0,32.0
/vol/tensusers6/lisannehuisman/data/images/test/S0-SM_tank6-elhigh-radnear-az000.png,0.391304347826087,1.0,0.5625,1.0,0.909711680758995,9.0,14.0,0.0,9.0,23.0
/vol/tensusers6/lisannehuisman/data/images/test/S0-SM_tank6-ellow-radfar-az270.png,0.17391304347826086,0.8888888888888888,0.29090909090909095,0.7746505473250012,0.5191482931980171,16.0,76.0,2.0,18.0,92.0
/vol/tensusers6/lisannehuisman/data/images/test/S0-SM_tank6-ellow-radmid-az315.png,0.17105263157894737,0.7647058823529411,0.27956989247311825,0.732767534757194,0.5388232812300189,13.0,63.0,4.0,17.0,76.0
/vol/tensusers6/lisannehuisman/data/images/test/S0-SM_tank6-elmid-radnear-az135.png,0.1935483870967742,0.8571428571428571,0.3157894736842105,0.8709677492143921,0.7708141418119547,6.0,25.0,1.0,7.0,31.0
/vol/tensusers6/lisannehuisman/data/images/test/S0-SM_tank7-elhigh-radfar-az045.png,0.6666666666666666,1.0,0.8,1.0,0.958333333581686,2.0,1.0,0.0,2.0,3.0
/vol/tensusers6/lisannehuisman/data/images/test/S0-SM_tank7-elhigh-radfar-az090.png,1.0,1.0,1.0,1.0,0.85,2.0,0.0,0.0,2.0,2.0
/vol/tensusers6/lisannehuisman/data/images/test/S0-SM_tank7-elhigh-radfar-az315.png,0.2727272727272727,1.0,0.42857142857142855,1.0,0.9090909147804433,3.0,8.0,0.0,3.0,11.0
/vol/tensusers6/lisannehuisman/data/images/test/S0-SM_tank7-elhigh-radmid-az225.png,0.5,1.0,0.6666666666666666,0.8333333432674408,0.6708333373069764,2.0,2.0,0.0,2.0,4.0
/vol/tensusers6/lisannehuisman/data/images/test/S0-SM_tank7-elhigh-radnear-az315.png,0.2222222222222222,1.0,0.3636363636363636,1.0,0.8111111111938953,2.0,7.0,0.0,2.0,9.0
/vol/tensusers6/lisannehuisman/data/images/test/S0-SM_tank7-ellow-radfar-az000.png,0.10526315789473684,0.6666666666666666,0.18181818181818182,0.6842105452690208,0.4842105397791194,2.0,17.0,1.0,3.0,19.0
/vol/tensusers6/lisannehuisman/data/images/test/S0-SM_tank7-ellow-radmid-az045.png,0.25,1.0,0.4,1.0,0.7,1.0,3.0,0.0,1.0,4.0
/vol/tensusers6/lisannehuisman/data/images/test/S0-SM_tank7-ellow-radmid-az090.png,0.5,1.0,0.6666666666666666,1.0,1.0,1.0,1.0,0.0,1.0,2.0
/vol/tensusers6/lisannehuisman/data/images/test/S0-SM_tank7-ellow-radmid-az225.png,0.11702127659574468,0.6470588235294118,0.1981981981981982,0.616822629965708,0.33185729091736277,11.0,83.0,6.0,17.0,94.0
/vol/tensusers6/lisannehuisman/data/images/test/S0-SM_tank7-ellow-radnear-az000.png,1.0,1.0,1.0,1.0,1.0,1.0,0.0,0.0,1.0,1.0
/vol/tensusers6/lisannehuisman/data/images/test/S0-SM_tank7-ellow-radnear-az270.png,0.17708333333333334,0.7391304347826086,0.2857142857142857,0.6808507782502713,0.42794089747844977,17.0,79.0,6.0,23.0,96.0
/vol/tensusers6/lisannehuisman/data/images/test/S0-SM_tank7-elmid-radfar-az090.png,0.2,1.0,0.33333333333333337,0.8333333432674408,0.3858333373442292,2.0,8.0,0.0,2.0,10.0
/vol/tensusers6/lisannehuisman/data/images/test/S0-SM_tank7-elmid-radfar-az135.png,0.13333333333333333,0.6666666666666666,0.2222222222222222,0.6888889085915353,0.6555555743641323,2.0,13.0,1.0,3.0,15.0
/vol/tensusers6/lisannehuisman/data/images/test/S0-SM_tank7-elmid-radfar-az225.png,0.5714285714285714,1.0,0.7272727272727273,1.0,0.9303571430966258,4.0,3.0,0.0,4.0,7.0
/vol/tensusers6/lisannehuisman/data/images/test/S0-SM_tank7-elmid-radmid-az135.png,0.07142857142857142,0.5,0.125,0.5178571436554193,0.5178571436554193,1.0,13.0,1.0,2.0,14.0
/vol/tensusers6/lisannehuisman/data/images/test/S0-SM_tank7-elmid-radmid-az315.png,1.0,1.0,1.0,1.0,1.0,1.0,0.0,0.0,1.0,1.0
/vol/tensusers6/lisannehuisman/data/images/test/S0-SM_tank7-elmid-radnear-az045.png,1.0,1.0,1.0,1.0,1.0,1.0,0.0,0.0,1.0,1.0
/vol/tensusers6/lisannehuisman/data/images/test/S0-SM_tank7-elmid-radnear-az090.png,1.0,1.0,1.0,1.0,0.6,1.0,0.0,0.0,1.0,1.0
/vol/tensusers6/lisannehuisman/data/images/test/S0-SM_tank8-elhigh-radfar-az000.png,1.0,1.0,1.0,1.0,0.9874999990065894,6.0,0.0,0.0,6.0,6.0
/vol/tensusers6/lisannehuisman/data/images/test/S0-SM_tank8-elhigh-radmid-az000.png,1.0,1.0,1.0,1.0,0.9777777794334623,6.0,0.0,0.0,6.0,6.0
/vol/tensusers6/lisannehuisman/data/images/test/S0-SM_tank8-ellow-radfar-az135.png,0.15384615384615385,0.7692307692307693,0.2564102564102564,0.665187395560475,0.35848753652849397,10.0,55.0,3.0,13.0,65.0
/vol/tensusers6/lisannehuisman/data/images/test/S0-SM_tank8-ellow-radmid-az045.png,0.1794871794871795,0.84,0.295774647887324,0.8232609824097845,0.5207582566355055,21.0,96.0,4.0,25.0,117.0
/vol/tensusers6/lisannehuisman/data/images/test/S0-SM_tank8-ellow-radmid-az090.png,0.0891089108910891,0.391304347826087,0.14516129032258063,0.37687856045364887,0.2196709221747874,9.0,92.0,14.0,23.0,101.0
/vol/tensusers6/lisannehuisman/data/images/test/S0-SM_tank8-ellow-radnear-az180.png,0.325,0.7222222222222222,0.44827586206896547,0.649392916595799,0.3330541220858459,13.0,27.0,5.0,18.0,40.0
/vol/tensusers6/lisannehuisman/data/images/test/S0-SM_tank8-ellow-radnear-az315.png,0.46153846153846156,0.9230769230769231,0.6153846153846155,0.9408284059819385,0.6076148264786707,12.0,14.0,1.0,13.0,26.0
/vol/tensusers6/lisannehuisman/data/images/test/S0-SM_tank8-elmid-radnear-az000.png,0.42857142857142855,1.0,0.6,1.0,0.7895238072673479,6.0,8.0,0.0,6.0,14.0
/vol/tensusers6/lisannehuisman/data/images/test/S0-SM_tank8-elmid-radnear-az090.png,1.0,1.0,1.0,1.0,0.9280000050067901,5.0,0.0,0.0,5.0,5.0
/vol/tensusers6/lisannehuisman/data/images/test/S0-SM_tank9-elhigh-radfar-az000.png,0.6666666666666666,1.0,0.8,1.0,0.85,4.0,2.0,0.0,4.0,6.0
/vol/tensusers6/lisannehuisman/data/images/test/S0-SM_tank9-elhigh-radfar-az315.png,1.0,1.0,1.0,1.0,1.0,2.0,0.0,0.0,2.0,2.0
/vol/tensusers6/lisannehuisman/data/images/test/S0-SM_tank9-elhigh-radmid-az090.png,0.5,0.8333333333333334,0.625,0.8749999850988388,0.7983333300054073,5.0,5.0,1.0,6.0,10.0
/vol/tensusers6/lisannehuisman/data/images/test/S0-SM_tank9-elhigh-radnear-az135.png,0.3333333333333333,1.0,0.5,1.0,0.954166666790843,2.0,4.0,0.0,2.0,6.0
/vol/tensusers6/lisannehuisman/data/images/test/S0-SM_tank9-ellow-radfar-az135.png,0.20408163265306123,0.8333333333333334,0.3278688524590165,0.8503401187964443,0.6918452302045919,10.0,39.0,2.0,12.0,49.0
/vol/tensusers6/lisannehuisman/data/images/test/S0-SM_tank9-elmid-radfar-az000.png,0.6666666666666666,1.0,0.8,1.0,0.958333333581686,2.0,1.0,0.0,2.0,3.0
/vol/tensusers6/lisannehuisman/data/images/test/S0-SM_tank9-elmid-radfar-az045.png,0.75,1.0,0.8571428571428571,1.0,0.6566666681319475,6.0,2.0,0.0,6.0,8.0
/vol/tensusers6/lisannehuisman/data/images/test/S0-SM_tank9-elmid-radmid-az000.png,0.3333333333333333,1.0,0.5,1.0,0.954166666790843,2.0,4.0,0.0,2.0,6.0
/vol/tensusers6/lisannehuisman/data/images/test/S0-SM_tank9-elmid-radnear-az270.png,1.0,1.0,1.0,1.0,1.0,2.0,0.0,0.0,2.0,2.0
/vol/tensusers6/lisannehuisman/data/images/test/S0-SM_tent_1-elhigh-radfar-az315.png,0.5555555555555556,1.0,0.7142857142857143,1.0,0.8937777819799051,5.0,4.0,0.0,5.0,9.0
/vol/tensusers6/lisannehuisman/data/images/test/S0-SM_tent_1-elhigh-radmid-az180.png,0.8333333333333334,1.0,0.9090909090909091,1.0,0.8833333406845728,5.0,1.0,0.0,5.0,6.0
/vol/tensusers6/lisannehuisman/data/images/test/S0-SM_tent_1-elhigh-radnear-az000.png,0.42857142857142855,1.0,0.6,1.0,1.0,3.0,4.0,0.0,3.0,7.0
/vol/tensusers6/lisannehuisman/data/images/test/S0-SM_tent_1-elhigh-radnear-az045.png,0.8,1.0,0.888888888888889,1.0,0.855000001937151,4.0,1.0,0.0,4.0,5.0
/vol/tensusers6/lisannehuisman/data/images/test/S0-SM_tent_1-ellow-radfar-az000.png,0.5714285714285714,1.0,0.7272727272727273,1.0,0.8589285720139742,4.0,3.0,0.0,4.0,7.0
/vol/tensusers6/lisannehuisman/data/images/test/S0-SM_tent_1-ellow-radfar-az315.png,0.75,1.0,0.8571428571428571,1.0,0.7750000134110451,3.0,1.0,0.0,3.0,4.0
/vol/tensusers6/lisannehuisman/data/images/test/S0-SM_tent_1-ellow-radmid-az045.png,1.0,1.0,1.0,1.0,0.933333338300387,3.0,0.0,0.0,3.0,3.0
/vol/tensusers6/lisannehuisman/data/images/test/S0-SM_tent_1-ellow-radmid-az270.png,0.16279069767441862,0.5,0.24561403508771928,0.4385673533798311,0.351314758176079,7.0,36.0,7.0,14.0,43.0
/vol/tensusers6/lisannehuisman/data/images/test/S0-SM_tent_1-ellow-radnear-az090.png,0.23076923076923078,1.0,0.375,1.0,0.8602564189678583,3.0,10.0,0.0,3.0,13.0
/vol/tensusers6/lisannehuisman/data/images/test/S0-SM_tent_1-ellow-radnear-az135.png,0.5,1.0,0.6666666666666666,1.0,0.8611111202173763,3.0,3.0,0.0,3.0,6.0
/vol/tensusers6/lisannehuisman/data/images/test/S0-SM_tent_1-ellow-radnear-az180.png,0.2,0.6666666666666666,0.30769230769230765,0.6444444595111745,0.4393055656717884,4.0,16.0,2.0,6.0,20.0
/vol/tensusers6/lisannehuisman/data/images/test/S0-SM_tent_1-elmid-radfar-az000.png,0.8333333333333334,1.0,0.9090909090909091,1.0,0.9166666724284489,5.0,1.0,0.0,5.0,6.0
/vol/tensusers6/lisannehuisman/data/images/test/S0-SM_tent_1-elmid-radfar-az180.png,0.3333333333333333,1.0,0.5,0.9750000014901161,0.7152083337306976,8.0,16.0,0.0,8.0,24.0
/vol/tensusers6/lisannehuisman/data/images/test/S0-SM_tent_1-elmid-radnear-az000.png,0.09523809523809523,1.0,0.17391304347826084,1.0,1.0,2.0,19.0,0.0,2.0,21.0
/vol/tensusers6/lisannehuisman/data/images/test/S0-SM_tent_1-elmid-radnear-az090.png,0.14285714285714285,1.0,0.25,1.0,0.9517857143655419,2.0,12.0,0.0,2.0,14.0
/vol/tensusers6/lisannehuisman/data/images/test/S0-SM_tent_1-elmid-radnear-az180.png,1.0,1.0,1.0,1.0,1.0,2.0,0.0,0.0,2.0,2.0
/vol/tensusers6/lisannehuisman/data/images/test/S0-SM_tent_10-elhigh-radfar-az135.png,1.0,1.0,1.0,1.0,0.9639999947547911,10.0,0.0,0.0,10.0,10.0
/vol/tensusers6/lisannehuisman/data/images/test/S0-SM_tent_10-elhigh-radmid-az000.png,0.7142857142857143,1.0,0.8333333333333333,1.0,0.9114285681928906,10.0,4.0,0.0,10.0,14.0
/vol/tensusers6/lisannehuisman/data/images/test/S0-SM_tent_10-elhigh-radmid-az045.png,0.8333333333333334,1.0,0.9090909090909091,1.0,0.9034722215765052,10.0,2.0,0.0,10.0,12.0
/vol/tensusers6/lisannehuisman/data/images/test/S0-SM_tent_10-elhigh-radmid-az135.png,0.8181818181818182,1.0,0.9,1.0,0.9363636405781062,9.0,2.0,0.0,9.0,11.0
/vol/tensusers6/lisannehuisman/data/images/test/S0-SM_tent_10-elhigh-radmid-az270.png,0.875,1.0,0.9333333333333333,1.0,0.9500000029802322,7.0,1.0,0.0,7.0,8.0
/vol/tensusers6/lisannehuisman/data/images/test/S0-SM_tent_10-ellow-radfar-az000.png,0.26666666666666666,1.0,0.4210526315789474,0.9722222238779068,0.700592320645228,8.0,22.0,0.0,8.0,30.0
/vol/tensusers6/lisannehuisman/data/images/test/S0-SM_tent_10-ellow-radmid-az045.png,0.13793103448275862,0.5714285714285714,0.2222222222222222,0.6009852453479039,0.571921204795758,4.0,25.0,3.0,7.0,29.0
/vol/tensusers6/lisannehuisman/data/images/test/S0-SM_tent_10-ellow-radmid-az090.png,0.12307692307692308,0.7272727272727273,0.2105263157894737,0.71451050783475,0.5319405685020026,8.0,57.0,3.0,11.0,65.0
/vol/tensusers6/lisannehuisman/data/images/test/S0-SM_tent_10-ellow-radnear-az045.png,0.6,1.0,0.7499999999999999,1.0,0.9400000009934107,3.0,2.0,0.0,3.0,5.0
/vol/tensusers6/lisannehuisman/data/images/test/S0-SM_tent_10-ellow-radnear-az135.png,0.2545454545454545,0.7777777777777778,0.38356164383561636,0.7697113978467129,0.42605547804861105,14.0,41.0,4.0,18.0,55.0
/vol/tensusers6/lisannehuisman/data/images/test/S0-SM_tent_10-elmid-radfar-az045.png,0.5789473684210527,1.0,0.7333333333333334,1.0,0.882295686124554,11.0,8.0,0.0,11.0,19.0
/vol/tensusers6/lisannehuisman/data/images/test/S0-SM_tent_10-elmid-radfar-az225.png,0.8181818181818182,1.0,0.9,1.0,0.8979798049938799,9.0,2.0,0.0,9.0,11.0
/vol/tensusers6/lisannehuisman/data/images/test/S0-SM_tent_10-elmid-radmid-az135.png,1.0,1.0,1.0,1.0,0.93359375,8.0,0.0,0.0,8.0,8.0
/vol/tensusers6/lisannehuisman/data/images/test/S0-SM_tent_10-elmid-radmid-az180.png,0.875,1.0,0.9333333333333333,1.0,0.8464285757392644,7.0,1.0,0.0,7.0,8.0
/vol/tensusers6/lisannehuisman/data/images/test/S0-SM_tent_10-elmid-radnear-az225.png,0.8333333333333334,1.0,0.9090909090909091,1.0,0.8700000033775964,5.0,1.0,0.0,5.0,6.0
/vol/tensusers6/lisannehuisman/data/images/test/S0-SM_tent_10-elmid-radnear-az315.png,0.6666666666666666,1.0,0.8,1.0,0.802777779516247,6.0,3.0,0.0,6.0,9.0
/vol/tensusers6/lisannehuisman/data/images/test/S0-SM_tent_11-elhigh-radmid-az090.png,0.47058823529411764,0.8888888888888888,0.6153846153846153,0.9150326849004022,0.8856209222105594,8.0,9.0,1.0,9.0,17.0
/vol/tensusers6/lisannehuisman/data/images/test/S0-SM_tent_11-elhigh-radmid-az225.png,0.8333333333333334,0.9090909090909091,0.8695652173913043,0.9469697118708584,0.914393948018551,10.0,2.0,1.0,11.0,12.0
/vol/tensusers6/lisannehuisman/data/images/test/S0-SM_tent_11-ellow-radfar-az225.png,0.3076923076923077,0.8888888888888888,0.4571428571428572,0.8416554310262283,0.7092442825721477,8.0,18.0,1.0,9.0,26.0
/vol/tensusers6/lisannehuisman/data/images/test/S0-SM_tent_11-ellow-radnear-az225.png,0.6666666666666666,1.0,0.8,1.0,0.975,4.0,2.0,0.0,4.0,6.0
/vol/tensusers6/lisannehuisman/data/images/test/S0-SM_tent_11-ellow-radnear-az270.png,0.5,1.0,0.6666666666666666,1.0,0.8780000051558018,5.0,5.0,0.0,5.0,10.0
/vol/tensusers6/lisannehuisman/data/images/test/S0-SM_tent_11-elmid-radfar-az135.png,0.5238095238095238,1.0,0.6875000000000001,1.0,0.92294373054267,11.0,10.0,0.0,11.0,21.0
/vol/tensusers6/lisannehuisman/data/images/test/S0-SM_tent_11-elmid-radfar-az225.png,0.46875,0.8823529411764706,0.6122448979591837,0.909926475957036,0.8544117733836174,15.0,17.0,2.0,17.0,32.0
/vol/tensusers6/lisannehuisman/data/images/test/S0-SM_tent_11-elmid-radfar-az270.png,0.6428571428571429,0.9473684210526315,0.7659574468085106,0.964285728962798,0.8107873842680364,18.0,10.0,1.0,19.0,28.0
/vol/tensusers6/lisannehuisman/data/images/test/S0-SM_tent_11-elmid-radmid-az045.png,0.7,1.0,0.8235294117647058,1.0,0.9685714306150164,7.0,3.0,0.0,7.0,10.0
/vol/tensusers6/lisannehuisman/data/images/test/S0-SM_tent_11-elmid-radmid-az090.png,0.5263157894736842,1.0,0.6896551724137931,1.0,0.9231871311436273,10.0,9.0,0.0,10.0,19.0
/vol/tensusers6/lisannehuisman/data/images/test/S0-SM_tent_12-elhigh-radfar-az225.png,0.6333333333333333,1.0,0.7755102040816326,1.0,0.8317652591884613,19.0,11.0,0.0,19.0,30.0
/vol/tensusers6/lisannehuisman/data/images/test/S0-SM_tent_12-elhigh-radmid-az000.png,0.7058823529411765,1.0,0.8275862068965517,1.0,0.8708333334940322,12.0,5.0,0.0,12.0,17.0
/vol/tensusers6/lisannehuisman/data/images/test/S0-SM_tent_12-elhigh-radnear-az180.png,0.5714285714285714,0.8888888888888888,0.6956521739130435,0.9206349267846061,0.8230158802299272,8.0,6.0,1.0,9.0,14.0
/vol/tensusers6/lisannehuisman/data/images/test/S0-SM_tent_12-ellow-radfar-az000.png,0.6666666666666666,1.0,0.8,1.0,0.902083333581686,4.0,2.0,0.0,4.0,6.0
/vol/tensusers6/lisannehuisman/data/images/test/S0-SM_tent_12-ellow-radfar-az270.png,0.7142857142857143,1.0,0.8333333333333333,1.0,0.8978571463695595,5.0,2.0,0.0,5.0,7.0
/vol/tensusers6/lisannehuisman/data/images/test/S0-SM_tent_12-ellow-radmid-az000.png,0.2222222222222222,0.6666666666666666,0.3333333333333333,0.7037037216402866,0.7037037216402865,2.0,7.0,1.0,3.0,9.0
/vol/tensusers6/lisannehuisman/data/images/test/S0-SM_tent_12-ellow-radmid-az090.png,0.2608695652173913,1.0,0.41379310344827586,1.0,0.7618686028489663,18.0,51.0,0.0,18.0,69.0
/vol/tensusers6/lisannehuisman/data/images/test/S0-SM_tent_12-ellow-radnear-az180.png,0.35294117647058826,0.8571428571428571,0.5,0.8823529488148809,0.7773109369167759,6.0,11.0,1.0,7.0,17.0
/vol/tensusers6/lisannehuisman/data/images/test/S0-SM_tent_12-elmid-radmid-az000.png,1.0,1.0,1.0,1.0,0.9484375,8.0,0.0,0.0,8.0,8.0
/vol/tensusers6/lisannehuisman/data/images/test/S0-SM_tent_12-elmid-radmid-az270.png,0.625,1.0,0.7692307692307693,1.0,0.8192500015795232,10.0,6.0,0.0,10.0,16.0
/vol/tensusers6/lisannehuisman/data/images/test/S0-SM_tent_13-elhigh-radfar-az180.png,0.56,1.0,0.717948717948718,1.0,0.9289999925579343,14.0,11.0,0.0,14.0,25.0
/vol/tensusers6/lisannehuisman/data/images/test/S0-SM_tent_13-elhigh-radfar-az315.png,0.85,1.0,0.9189189189189189,1.0,0.897647064538563,17.0,3.0,0.0,17.0,20.0
/vol/tensusers6/lisannehuisman/data/images/test/S0-SM_tent_13-elhigh-radmid-az135.png,0.5238095238095238,1.0,0.6875000000000001,1.0,1.0,11.0,10.0,0.0,11.0,21.0
/vol/tensusers6/lisannehuisman/data/images/test/S0-SM_tent_13-ellow-radfar-az180.png,0.8,1.0,0.888888888888889,1.0,0.8800000004470349,4.0,1.0,0.0,4.0,5.0
/vol/tensusers6/lisannehuisman/data/images/test/S0-SM_tent_13-ellow-radmid-az180.png,0.6666666666666666,1.0,0.8,1.0,0.8562500007450581,4.0,2.0,0.0,4.0,6.0
/vol/tensusers6/lisannehuisman/data/images/test/S0-SM_tent_13-ellow-radmid-az225.png,0.19047619047619047,0.8,0.3076923076923077,0.819047630188011,0.6647619198262691,4.0,17.0,1.0,5.0,21.0
/vol/tensusers6/lisannehuisman/data/images/test/S0-SM_tent_13-ellow-radnear-az225.png,1.0,1.0,1.0,1.0,1.0,1.0,0.0,0.0,1.0,1.0
/vol/tensusers6/lisannehuisman/data/images/test/S0-SM_tent_13-elmid-radfar-az000.png,0.45714285714285713,0.9411764705882353,0.6153846153846154,0.9546218515193763,0.7863865650614268,16.0,19.0,1.0,17.0,35.0
/vol/tensusers6/lisannehuisman/data/images/test/S0-SM_tent_13-elmid-radnear-az135.png,0.4444444444444444,1.0,0.6153846153846153,1.0,0.9798611111938953,8.0,10.0,0.0,8.0,18.0
/vol/tensusers6/lisannehuisman/data/images/test/S0-SM_tent_14-elhigh-radfar-az270.png,0.75,1.0,0.8571428571428571,1.0,0.9623958367357652,12.0,4.0,0.0,12.0,16.0
/vol/tensusers6/lisannehuisman/data/images/test/S0-SM_tent_14-elhigh-radmid-az000.png,0.8,1.0,0.888888888888889,1.0,0.9708035718649626,8.0,2.0,0.0,8.0,10.0
/vol/tensusers6/lisannehuisman/data/images/test/S0-SM_tent_14-elhigh-radmid-az090.png,0.5833333333333334,1.0,0.7368421052631579,1.0,0.9892857149243355,7.0,5.0,0.0,7.0,12.0
/vol/tensusers6/lisannehuisman/data/images/test/S0-SM_tent_14-ellow-radmid-az090.png,0.46153846153846156,1.0,0.631578947368421,1.0,0.8493589672713707,6.0,7.0,0.0,6.0,13.0
/vol/tensusers6/lisannehuisman/data/images/test/S0-SM_tent_14-ellow-radnear-az225.png,1.0,1.0,1.0,1.0,0.9444444456034237,3.0,0.0,0.0,3.0,3.0
/vol/tensusers6/lisannehuisman/data/images/test/S0-SM_tent_14-ellow-radnear-az270.png,0.29411764705882354,0.8333333333333334,0.4347826086956522,0.7669340543541887,0.7019162351189184,5.0,12.0,1.0,6.0,17.0
/vol/tensusers6/lisannehuisman/data/images/test/S0-SM_tent_14-elmid-radmid-az045.png,1.0,1.0,1.0,1.0,0.9902777764532301,6.0,0.0,0.0,6.0,6.0
/vol/tensusers6/lisannehuisman/data/images/test/S0-SM_tent_14-elmid-radnear-az000.png,0.6,1.0,0.7499999999999999,1.0,0.9449999985098838,6.0,4.0,0.0,6.0,10.0
/vol/tensusers6/lisannehuisman/data/images/test/S0-SM_tent_14-elmid-radnear-az315.png,0.8571428571428571,0.8571428571428571,0.8571428571428571,0.9183673524126714,0.8755102129615082,6.0,1.0,1.0,7.0,7.0
/vol/tensusers6/lisannehuisman/data/images/test/S0-SM_tent_15-elhigh-radfar-az000.png,0.5882352941176471,0.9090909090909091,0.7142857142857143,0.9358288972454272,0.9288770234202316,10.0,7.0,1.0,11.0,17.0
/vol/tensusers6/lisannehuisman/data/images/test/S0-SM_tent_15-elhigh-radfar-az045.png,1.0,1.0,1.0,1.0,0.9944999985694885,10.0,0.0,0.0,10.0,10.0
/vol/tensusers6/lisannehuisman/data/images/test/S0-SM_tent_15-elhigh-radmid-az000.png,0.7692307692307693,1.0,0.8695652173913044,1.0,0.9692884601790173,10.0,3.0,0.0,10.0,13.0
/vol/tensusers6/lisannehuisman/data/images/test/S0-SM_tent_15-elhigh-radmid-az045.png,0.75,1.0,0.8571428571428571,1.0,0.9441358053205926,9.0,3.0,0.0,9.0,12.0
/vol/tensusers6/lisannehuisman/data/images/test/S0-SM_tent_15-elhigh-radmid-az270.png,0.5263157894736842,1.0,0.6896551724137931,1.0,0.9755263147463925,10.0,9.0,0.0,10.0,19.0
/vol/tensusers6/lisannehuisman/data/images/test/S0-SM_tent_15-elhigh-radnear-az225.png,0.5294117647058824,1.0,0.6923076923076924,0.9888888869020676,0.9067320304738932,9.0,8.0,0.0,9.0,17.0
/vol/tensusers6/lisannehuisman/data/images/test/S0-SM_tent_15-ellow-radfar-az135.png,0.6,1.0,0.7499999999999999,1.0,0.9325925974823811,9.0,6.0,0.0,9.0,15.0
/vol/tensusers6/lisannehuisman/data/images/test/S0-SM_tent_15-ellow-radmid-az180.png,0.75,1.0,0.8571428571428571,1.0,0.9500000029802322,3.0,1.0,0.0,3.0,4.0
/vol/tensusers6/lisannehuisman/data/images/test/S0-SM_tent_15-elmid-radfar-az045.png,0.8333333333333334,1.0,0.9090909090909091,1.0,0.9741666646798451,10.0,2.0,0.0,10.0,12.0
/vol/tensusers6/lisannehuisman/data/images/test/S0-SM_tent_15-elmid-radfar-az225.png,0.6129032258064516,1.0,0.76,1.0,0.8537376944320266,19.0,12.0,0.0,19.0,31.0
/vol/tensusers6/lisannehuisman/data/images/test/S0-SM_tent_15-elmid-radmid-az045.png,1.0,1.0,1.0,1.0,0.99296875,8.0,0.0,0.0,8.0,8.0
/vol/tensusers6/lisannehuisman/data/images/test/S0-SM_tent_15-elmid-radmid-az270.png,0.45454545454545453,1.0,0.625,1.0,0.9349999893659895,10.0,12.0,0.0,10.0,22.0
/vol/tensusers6/lisannehuisman/data/images/test/S0-SM_tent_15-elmid-radmid-az315.png,1.0,1.0,1.0,1.0,0.9722222234639857,9.0,0.0,0.0,9.0,9.0
/vol/tensusers6/lisannehuisman/data/images/test/S0-SM_tent_15-elmid-radnear-az225.png,0.8571428571428571,1.0,0.923076923076923,1.0,1.0,6.0,1.0,0.0,6.0,7.0
/vol/tensusers6/lisannehuisman/data/images/test/S0-SM_tent_15-elmid-radnear-az270.png,0.6363636363636364,1.0,0.7777777777777778,1.0,0.9584415613830863,7.0,4.0,0.0,7.0,11.0
/vol/tensusers6/lisannehuisman/data/images/test/S0-SM_tent_16-elhigh-radfar-az180.png,0.4444444444444444,0.8571428571428571,0.5853658536585367,0.8888888957481536,0.812193367989692,12.0,15.0,2.0,14.0,27.0
/vol/tensusers6/lisannehuisman/data/images/test/S0-SM_tent_16-elhigh-radmid-az000.png,0.625,1.0,0.7692307692307693,1.0,0.9634374957531691,10.0,6.0,0.0,10.0,16.0
/vol/tensusers6/lisannehuisman/data/images/test/S0-SM_tent_16-ellow-radfar-az000.png,0.2962962962962963,1.0,0.45714285714285713,1.0,0.9182291666045785,8.0,19.0,0.0,8.0,27.0
/vol/tensusers6/lisannehuisman/data/images/test/S0-SM_tent_16-ellow-radmid-az315.png,1.0,1.0,1.0,1.0,0.964000002503395,5.0,0.0,0.0,5.0,5.0
/vol/tensusers6/lisannehuisman/data/images/test/S0-SM_tent_16-ellow-radnear-az135.png,0.5714285714285714,1.0,0.7272727272727273,1.0,0.8357142863795162,4.0,3.0,0.0,4.0,7.0
/vol/tensusers6/lisannehuisman/data/images/test/S0-SM_tent_16-elmid-radfar-az090.png,0.8571428571428571,1.0,0.923076923076923,1.0,0.9502976231631779,12.0,2.0,0.0,12.0,14.0
/vol/tensusers6/lisannehuisman/data/images/test/S0-SM_tent_16-elmid-radmid-az000.png,0.5789473684210527,1.0,0.7333333333333334,0.9860139910157741,0.8656074940781696,11.0,8.0,0.0,11.0,19.0
/vol/tensusers6/lisannehuisman/data/images/test/S0-SM_tent_16-elmid-radmid-az090.png,0.75,1.0,0.8571428571428571,1.0,0.9505208317190409,12.0,4.0,0.0,12.0,16.0
/vol/tensusers6/lisannehuisman/data/images/test/S0-SM_tent_16-elmid-radnear-az045.png,0.5,1.0,0.6666666666666666,1.0,1.0,6.0,6.0,0.0,6.0,12.0
/vol/tensusers6/lisannehuisman/data/images/test/S0-SM_tent_16-elmid-radnear-az135.png,0.4,1.0,0.5714285714285715,0.9519230797886848,0.8525721162557602,8.0,12.0,0.0,8.0,20.0
/vol/tensusers6/lisannehuisman/data/images/test/S0-SM_tent_17-elhigh-radfar-az045.png,0.8461538461538461,1.0,0.9166666666666666,1.0,0.9566433615409411,11.0,2.0,0.0,11.0,13.0
/vol/tensusers6/lisannehuisman/data/images/test/S0-SM_tent_17-elhigh-radmid-az270.png,0.9090909090909091,1.0,0.9523809523809523,1.0,0.9344545460885222,10.0,1.0,0.0,10.0,11.0
/vol/tensusers6/lisannehuisman/data/images/test/S0-SM_tent_17-ellow-radfar-az315.png,0.46153846153846156,1.0,0.631578947368421,1.0,0.958333333658102,6.0,7.0,0.0,6.0,13.0
/vol/tensusers6/lisannehuisman/data/images/test/S0-SM_tent_17-ellow-radmid-az000.png,0.5,1.0,0.6666666666666666,1.0,0.9076388772990966,6.0,6.0,0.0,6.0,12.0
/vol/tensusers6/lisannehuisman/data/images/test/S0-SM_tent_17-ellow-radnear-az000.png,0.5,1.0,0.6666666666666666,1.0,0.9722222240434754,3.0,3.0,0.0,3.0,6.0
/vol/tensusers6/lisannehuisman/data/images/test/S0-SM_tent_17-ellow-radnear-az135.png,0.75,1.0,0.8571428571428571,1.0,0.9000000059604645,3.0,1.0,0.0,3.0,4.0
/vol/tensusers6/lisannehuisman/data/images/test/S0-SM_tent_17-ellow-radnear-az270.png,0.5,0.8333333333333334,0.625,0.8749999850988388,0.8113888804035057,5.0,5.0,1.0,6.0,10.0
/vol/tensusers6/lisannehuisman/data/images/test/S0-SM_tent_17-elmid-radfar-az090.png,1.0,1.0,1.0,1.0,0.9467487469616561,12.0,0.0,0.0,12.0,12.0
/vol/tensusers6/lisannehuisman/data/images/test/S0-SM_tent_17-elmid-radmid-az270.png,0.5,1.0,0.6666666666666666,1.0,0.8876543253568219,9.0,9.0,0.0,9.0,18.0
/vol/tensusers6/lisannehuisman/data/images/test/S0-SM_tent_17-elmid-radnear-az045.png,0.5,1.0,0.6666666666666666,1.0,1.0,5.0,5.0,0.0,5.0,10.0
/vol/tensusers6/lisannehuisman/data/images/test/S0-SM_tent_17-elmid-radnear-az090.png,0.5714285714285714,1.0,0.7272727272727273,1.0,0.9334821429103612,8.0,6.0,0.0,8.0,14.0
/vol/tensusers6/lisannehuisman/data/images/test/S0-SM_tent_17-elmid-radnear-az315.png,0.3888888888888889,1.0,0.56,1.0,0.9292429864006309,7.0,11.0,0.0,7.0,18.0
/vol/tensusers6/lisannehuisman/data/images/test/S0-SM_tent_18-elhigh-radfar-az000.png,0.9230769230769231,1.0,0.9600000000000001,1.0,0.9221153889711087,12.0,1.0,0.0,12.0,13.0
/vol/tensusers6/lisannehuisman/data/images/test/S0-SM_tent_18-elhigh-radfar-az270.png,1.0,1.0,1.0,1.0,0.9329806018417054,9.0,0.0,0.0,9.0,9.0
/vol/tensusers6/lisannehuisman/data/images/test/S0-SM_tent_18-elhigh-radmid-az135.png,0.7272727272727273,1.0,0.8421052631578948,1.0,0.9389610396698117,8.0,3.0,0.0,8.0,11.0
/vol/tensusers6/lisannehuisman/data/images/test/S0-SM_tent_18-elhigh-radmid-az315.png,0.35294117647058826,0.6666666666666666,0.46153846153846156,0.7254902139013888,0.713180845852511,6.0,11.0,3.0,9.0,17.0
/vol/tensusers6/lisannehuisman/data/images/test/S0-SM_tent_18-elhigh-radnear-az225.png,0.7142857142857143,1.0,0.8333333333333333,1.0,0.9857142868212291,5.0,2.0,0.0,5.0,7.0
/vol/tensusers6/lisannehuisman/data/images/test/S0-SM_tent_18-ellow-radfar-az090.png,0.391304347826087,0.9,0.5454545454545454,0.9095651992118885,0.6308074501291012,9.0,14.0,1.0,10.0,23.0
/vol/tensusers6/lisannehuisman/data/images/test/S0-SM_tent_18-ellow-radnear-az045.png,0.25,0.6666666666666666,0.36363636363636365,0.7083333507180214,0.49185186367309475,6.0,18.0,3.0,9.0,24.0
/vol/tensusers6/lisannehuisman/data/images/test/S0-SM_tent_18-elmid-radfar-az045.png,0.8571428571428571,0.9230769230769231,0.888888888888889,0.9560439589914385,0.8997252785058303,12.0,2.0,1.0,13.0,14.0
/vol/tensusers6/lisannehuisman/data/images/test/S0-SM_tent_18-elmid-radfar-az180.png,0.9,1.0,0.9473684210526316,1.0,0.9255555579066277,9.0,1.0,0.0,9.0,10.0
/vol/tensusers6/lisannehuisman/data/images/test/S0-SM_tent_18-elmid-radmid-az135.png,0.8571428571428571,1.0,0.923076923076923,1.0,0.9407142839545296,6.0,1.0,0.0,6.0,7.0
/vol/tensusers6/lisannehuisman/data/images/test/S0-SM_tent_18-elmid-radnear-az225.png,0.8,1.0,0.888888888888889,1.0,0.9762500002980232,4.0,1.0,0.0,4.0,5.0
/vol/tensusers6/lisannehuisman/data/images/test/S0-SM_tent_2-elhigh-radfar-az270.png,0.47368421052631576,0.9,0.6206896551724138,0.923684192880204,0.8312781934653011,9.0,10.0,1.0,10.0,19.0
/vol/tensusers6/lisannehuisman/data/images/test/S0-SM_tent_2-elhigh-radmid-az045.png,0.5,1.0,0.6666666666666666,1.0,0.8154999960660934,10.0,10.0,0.0,10.0,20.0
/vol/tensusers6/lisannehuisman/data/images/test/S0-SM_tent_2-elhigh-radmid-az225.png,0.75,1.0,0.8571428571428571,1.0,0.9291666626930237,6.0,2.0,0.0,6.0,8.0
/vol/tensusers6/lisannehuisman/data/images/test/S0-SM_tent_2-elhigh-radnear-az180.png,1.0,1.0,1.0,1.0,0.964000002503395,5.0,0.0,0.0,5.0,5.0
/vol/tensusers6/lisannehuisman/data/images/test/S0-SM_tent_2-ellow-radfar-az225.png,0.75,1.0,0.8571428571428571,0.9166666716337204,0.7666666727513075,3.0,1.0,0.0,3.0,4.0
/vol/tensusers6/lisannehuisman/data/images/test/S0-SM_tent_2-ellow-radmid-az135.png,0.4117647058823529,0.875,0.56,0.8851102944463491,0.7485294124111533,7.0,10.0,1.0,8.0,17.0
/vol/tensusers6/lisannehuisman/data/images/test/S0-SM_tent_2-ellow-radnear-az135.png,0.2777777777777778,1.0,0.4347826086956522,1.0,0.7527777835312817,5.0,13.0,0.0,5.0,18.0
/vol/tensusers6/lisannehuisman/data/images/test/S0-SM_tent_2-ellow-radnear-az180.png,0.42857142857142855,1.0,0.6,1.0,0.9603174625644609,3.0,4.0,0.0,3.0,7.0
/vol/tensusers6/lisannehuisman/data/images/test/S0-SM_tent_2-ellow-radnear-az270.png,1.0,1.0,1.0,1.0,0.9625,2.0,0.0,0.0,2.0,2.0
/vol/tensusers6/lisannehuisman/data/images/test/S0-SM_tent_2-ellow-radnear-az315.png,0.625,1.0,0.7692307692307693,1.0,0.9475000005215406,5.0,3.0,0.0,5.0,8.0
/vol/tensusers6/lisannehuisman/data/images/test/S0-SM_tent_2-elmid-radfar-az000.png,0.4473684210526316,1.0,0.6181818181818182,1.0,0.7965394975102437,17.0,21.0,0.0,17.0,38.0
/vol/tensusers6/lisannehuisman/data/images/test/S0-SM_tent_2-elmid-radfar-az135.png,0.4375,0.875,0.5833333333333334,0.90234375,0.891796875,7.0,9.0,1.0,8.0,16.0
/vol/tensusers6/lisannehuisman/data/images/test/S0-SM_tent_2-elmid-radfar-az270.png,0.6923076923076923,1.0,0.8181818181818181,1.0,0.887521371968791,9.0,4.0,0.0,9.0,13.0
/vol/tensusers6/lisannehuisman/data/images/test/S0-SM_tent_2-elmid-radmid-az045.png,0.5789473684210527,0.9166666666666666,0.7096774193548387,0.9057017513795902,0.8084795261793145,11.0,8.0,1.0,12.0,19.0
/vol/tensusers6/lisannehuisman/data/images/test/S0-SM_tent_2-elmid-radmid-az315.png,0.45454545454545453,0.9090909090909091,0.6060606060606061,0.9297520876669685,0.7411157156317687,10.0,12.0,1.0,11.0,22.0
/vol/tensusers6/lisannehuisman/data/images/test/S0-SM_tent_2-elmid-radnear-az135.png,0.75,1.0,0.8571428571428571,1.0,0.8750000074505806,3.0,1.0,0.0,3.0,4.0
/vol/tensusers6/lisannehuisman/data/images/test/S0-SM_tent_3-elhigh-radfar-az135.png,0.6818181818181818,1.0,0.8108108108108109,1.0,0.926787882440018,15.0,7.0,0.0,15.0,22.0
/vol/tensusers6/lisannehuisman/data/images/test/S0-SM_tent_3-elhigh-radfar-az270.png,0.5357142857142857,1.0,0.6976744186046512,1.0,0.8169841350674156,15.0,13.0,0.0,15.0,28.0
/vol/tensusers6/lisannehuisman/data/images/test/S0-SM_tent_3-elhigh-radnear-az225.png,0.7692307692307693,1.0,0.8695652173913044,0.990909091450952,0.9143123497874729,10.0,3.0,0.0,10.0,13.0
/vol/tensusers6/lisannehuisman/data/images/test/S0-SM_tent_3-ellow-radfar-az135.png,0.4838709677419355,0.9375,0.6382978723404255,0.9526209672912955,0.7345218669623137,15.0,16.0,1.0,16.0,31.0
/vol/tensusers6/lisannehuisman/data/images/test/S0-SM_tent_3-ellow-radfar-az180.png,0.6,1.0,0.7499999999999999,1.0,0.889166668454806,6.0,4.0,0.0,6.0,10.0
/vol/tensusers6/lisannehuisman/data/images/test/S0-SM_tent_3-ellow-radnear-az225.png,1.0,1.0,1.0,1.0,1.0,1.0,0.0,0.0,1.0,1.0
/vol/tensusers6/lisannehuisman/data/images/test/S0-SM_tent_3-elmid-radnear-az315.png,0.38461538461538464,1.0,0.5555555555555556,1.0,0.915384621001207,5.0,8.0,0.0,5.0,13.0
/vol/tensusers6/lisannehuisman/data/images/test/S0-SM_tent_4-elhigh-radfar-az225.png,0.23529411764705882,0.8,0.3636363636363636,0.7835294271391979,0.7242353123882237,4.0,13.0,1.0,5.0,17.0
/vol/tensusers6/lisannehuisman/data/images/test/S0-SM_tent_4-elhigh-radmid-az090.png,0.5,1.0,0.6666666666666666,1.0,0.977551021807048,7.0,7.0,0.0,7.0,14.0
/vol/tensusers6/lisannehuisman/data/images/test/S0-SM_tent_4-elhigh-radnear-az135.png,0.2,0.75,0.31578947368421056,0.775000000372529,0.775000000372529,3.0,12.0,1.0,4.0,15.0
/vol/tensusers6/lisannehuisman/data/images/test/S0-SM_tent_4-ellow-radfar-az135.png,0.15625,1.0,0.2702702702702703,1.0,0.8500000089406967,5.0,27.0,0.0,5.0,32.0
/vol/tensusers6/lisannehuisman/data/images/test/S0-SM_tent_4-ellow-radnear-az225.png,1.0,1.0,1.0,1.0,1.0,1.0,0.0,0.0,1.0,1.0
/vol/tensusers6/lisannehuisman/data/images/test/S0-SM_tent_4-elmid-radfar-az000.png,0.38235294117647056,0.7647058823529411,0.5098039215686274,0.7970835477098994,0.6270810795649775,13.0,21.0,4.0,17.0,34.0
/vol/tensusers6/lisannehuisman/data/images/test/S0-SM_tent_4-elmid-radfar-az315.png,0.2222222222222222,0.8333333333333334,0.3508771929824561,0.83670032730558,0.6499242380297167,10.0,35.0,2.0,12.0,45.0
/vol/tensusers6/lisannehuisman/data/images/test/S0-SM_tent_4-elmid-radmid-az270.png,0.42857142857142855,1.0,0.6,1.0,0.8571428667221749,3.0,4.0,0.0,3.0,7.0
/vol/tensusers6/lisannehuisman/data/images/test/S0-SM_tent_4-elmid-radnear-az180.png,0.6666666666666666,1.0,0.8,1.0,0.9166666671633721,2.0,1.0,0.0,2.0,3.0
/vol/tensusers6/lisannehuisman/data/images/test/S0-SM_tent_4-elmid-radnear-az225.png,0.14285714285714285,1.0,0.25,1.0,1.0,1.0,6.0,0.0,1.0,7.0
/vol/tensusers6/lisannehuisman/data/images/test/S0-SM_tent_4-elmid-radnear-az315.png,1.0,1.0,1.0,1.0,0.9777777794334623,3.0,0.0,0.0,3.0,3.0
/vol/tensusers6/lisannehuisman/data/images/test/S0-SM_tent_5-elhigh-radfar-az090.png,0.32142857142857145,0.9,0.4736842105263158,0.916071408348424,0.823333338811284,9.0,19.0,1.0,10.0,28.0
/vol/tensusers6/lisannehuisman/data/images/test/S0-SM_tent_5-elhigh-radfar-az135.png,0.29411764705882354,1.0,0.45454545454545453,1.0,0.8508445354223003,10.0,24.0,0.0,10.0,34.0
/vol/tensusers6/lisannehuisman/data/images/test/S0-SM_tent_5-elhigh-radmid-az090.png,0.34782608695652173,1.0,0.5161290322580645,1.0,0.9062499989755451,8.0,15.0,0.0,8.0,23.0
/vol/tensusers6/lisannehuisman/data/images/test/S0-SM_tent_5-elhigh-radmid-az225.png,0.36,0.9,0.5142857142857143,0.9179999811649324,0.7914999883919955,9.0,16.0,1.0,10.0,25.0
/vol/tensusers6/lisannehuisman/data/images/test/S0-SM_tent_5-ellow-radfar-az270.png,0.24285714285714285,0.85,0.3777777777777778,0.8626587471637928,0.6992784812834069,17.0,53.0,3.0,20.0,70.0
/vol/tensusers6/lisannehuisman/data/images/test/S0-SM_tent_5-ellow-radmid-az315.png,0.16483516483516483,0.8823529411764706,0.27777777777777773,0.7945606686975175,0.5254065080864754,15.0,76.0,2.0,17.0,91.0
/vol/tensusers6/lisannehuisman/data/images/test/S0-SM_tent_5-ellow-radnear-az045.png,1.0,1.0,1.0,1.0,1.0,1.0,0.0,0.0,1.0,1.0
/vol/tensusers6/lisannehuisman/data/images/test/S0-SM_tent_5-ellow-radnear-az180.png,0.34782608695652173,1.0,0.5161290322580645,0.7967033088207245,0.5521420627832413,8.0,15.0,0.0,8.0,23.0
/vol/tensusers6/lisannehuisman/data/images/test/S0-SM_tent_5-elmid-radfar-az045.png,0.3870967741935484,0.9230769230769231,0.5454545454545454,0.9379652637997573,0.7462005274546784,12.0,19.0,1.0,13.0,31.0
/vol/tensusers6/lisannehuisman/data/images/test/S0-SM_tent_5-elmid-radfar-az180.png,0.22641509433962265,0.9230769230769231,0.36363636363636365,0.908116563900089,0.6105820105409516,12.0,41.0,1.0,13.0,53.0
/vol/tensusers6/lisannehuisman/data/images/test/S0-SM_tent_5-elmid-radfar-az315.png,0.23214285714285715,0.9285714285714286,0.3714285714285714,0.9368622220900593,0.7605994822614552,13.0,43.0,1.0,14.0,56.0
/vol/tensusers6/lisannehuisman/data/images/test/S0-SM_tent_5-elmid-radmid-az135.png,0.18421052631578946,1.0,0.3111111111111111,1.0,0.8043770230938424,7.0,31.0,0.0,7.0,38.0
/vol/tensusers6/lisannehuisman/data/images/test/S0-SM_tent_5-elmid-radmid-az315.png,0.29411764705882354,0.8333333333333334,0.4347826086956522,0.8234608458408958,0.6924329614642071,10.0,24.0,2.0,12.0,34.0
/vol/tensusers6/lisannehuisman/data/images/test/S0-SM_tent_6-elhigh-radfar-az315.png,0.358974358974359,1.0,0.5283018867924528,0.9683473374496323,0.7573511494370301,14.0,25.0,0.0,14.0,39.0
/vol/tensusers6/lisannehuisman/data/images/test/S0-SM_tent_6-elhigh-radmid-az225.png,0.8333333333333334,1.0,0.9090909090909091,1.0,0.9746666681965191,5.0,1.0,0.0,5.0,6.0
/vol/tensusers6/lisannehuisman/data/images/test/S0-SM_tent_6-ellow-radfar-az225.png,0.2857142857142857,1.0,0.4444444444444445,1.0,0.7490476204454899,6.0,15.0,0.0,6.0,21.0
/vol/tensusers6/lisannehuisman/data/images/test/S0-SM_tent_6-ellow-radnear-az180.png,0.22580645161290322,1.0,0.3684210526315789,0.9821428582072258,0.843575275540123,7.0,24.0,0.0,7.0,31.0
/vol/tensusers6/lisannehuisman/data/images/test/S0-SM_tent_6-elmid-radnear-az180.png,0.09615384615384616,1.0,0.17543859649122806,1.0,0.9379230808959557,5.0,47.0,0.0,5.0,52.0
/vol/tensusers6/lisannehuisman/data/images/test/S0-SM_tent_6-elmid-radnear-az225.png,0.2857142857142857,1.0,0.4444444444444445,1.0,0.9276785715483129,4.0,10.0,0.0,4.0,14.0
/vol/tensusers6/lisannehuisman/data/images/test/S0-SM_tent_7-elhigh-radfar-az180.png,0.5333333333333333,0.8888888888888888,0.6666666666666667,0.9061728473798727,0.8402469241803073,8.0,7.0,1.0,9.0,15.0
/vol/tensusers6/lisannehuisman/data/images/test/S0-SM_tent_7-elhigh-radfar-az270.png,0.6666666666666666,1.0,0.8,1.0,1.0,4.0,2.0,0.0,4.0,6.0
/vol/tensusers6/lisannehuisman/data/images/test/S0-SM_tent_7-elhigh-radmid-az135.png,0.7272727272727273,1.0,0.8421052631578948,1.0,0.9034090915694832,8.0,3.0,0.0,8.0,11.0
/vol/tensusers6/lisannehuisman/data/images/test/S0-SM_tent_7-ellow-radmid-az180.png,0.16279069767441862,0.6363636363636364,0.2592592592592593,0.6255579030664977,0.4007986921113485,7.0,36.0,4.0,11.0,43.0
/vol/tensusers6/lisannehuisman/data/images/test/S0-SM_tent_7-ellow-radnear-az090.png,0.11363636363636363,0.7142857142857143,0.19607843137254902,0.682900441641157,0.48577922947656405,5.0,39.0,2.0,7.0,44.0
/vol/tensusers6/lisannehuisman/data/images/test/S0-SM_tent_7-ellow-radnear-az315.png,0.2,1.0,0.33333333333333337,1.0,0.9050000000745058,2.0,8.0,0.0,2.0,10.0
/vol/tensusers6/lisannehuisman/data/images/test/S0-SM_tent_7-elmid-radfar-az180.png,1.0,1.0,1.0,1.0,0.8942857216085706,7.0,0.0,0.0,7.0,7.0
/vol/tensusers6/lisannehuisman/data/images/test/S0-SM_tent_7-elmid-radfar-az225.png,0.2777777777777778,0.8333333333333334,0.4166666666666667,0.8287036910101229,0.6564814771491072,5.0,13.0,1.0,6.0,18.0
/vol/tensusers6/lisannehuisman/data/images/test/S0-SM_tent_7-elmid-radnear-az045.png,0.8,1.0,0.888888888888889,1.0,0.9475000008940697,4.0,1.0,0.0,4.0,5.0
/vol/tensusers6/lisannehuisman/data/images/test/S0-SM_tent_7-elmid-radnear-az135.png,1.0,1.0,1.0,1.0,0.9777777794334623,3.0,0.0,0.0,3.0,3.0
/vol/tensusers6/lisannehuisman/data/images/test/S0-SM_tent_7-elmid-radnear-az270.png,0.6666666666666666,1.0,0.8,1.0,1.0,2.0,1.0,0.0,2.0,3.0
/vol/tensusers6/lisannehuisman/data/images/test/S0-SM_tent_8-elhigh-radfar-az045.png,0.5,0.9090909090909091,0.6451612903225806,0.9318182021379471,0.8422727430273186,10.0,10.0,1.0,11.0,20.0
/vol/tensusers6/lisannehuisman/data/images/test/S0-SM_tent_8-elhigh-radnear-az000.png,0.6666666666666666,1.0,0.8,1.0,0.8433035710826516,8.0,4.0,0.0,8.0,12.0
/vol/tensusers6/lisannehuisman/data/images/test/S0-SM_tent_8-elhigh-radnear-az180.png,1.0,1.0,1.0,1.0,0.9332812502980232,8.0,0.0,0.0,8.0,8.0
/vol/tensusers6/lisannehuisman/data/images/test/S0-SM_tent_8-elhigh-radnear-az270.png,0.875,1.0,0.9333333333333333,1.0,0.9357142895460129,7.0,1.0,0.0,7.0,8.0
/vol/tensusers6/lisannehuisman/data/images/test/S0-SM_tent_8-ellow-radfar-az045.png,0.6666666666666666,1.0,0.8,1.0,0.875000000745058,2.0,1.0,0.0,2.0,3.0
/vol/tensusers6/lisannehuisman/data/images/test/S0-SM_tent_8-ellow-radfar-az135.png,0.20833333333333334,0.7142857142857143,0.3225806451612903,0.6412480446094309,0.4756873090010895,10.0,38.0,4.0,14.0,48.0
/vol/tensusers6/lisannehuisman/data/images/test/S0-SM_tent_8-ellow-radmid-az090.png,0.15,0.5625,0.23684210526315785,0.5097510069608688,0.35025677509838715,9.0,51.0,7.0,16.0,60.0
/vol/tensusers6/lisannehuisman/data/images/test/S0-SM_tent_8-ellow-radnear-az135.png,0.20588235294117646,0.5833333333333334,0.3043478260869565,0.5681446695061703,0.38357917915975465,7.0,27.0,5.0,12.0,34.0
/vol/tensusers6/lisannehuisman/data/images/test/S0-SM_tent_8-elmid-radfar-az045.png,0.7142857142857143,1.0,0.8333333333333333,1.0,0.9271428535665784,10.0,4.0,0.0,10.0,14.0
/vol/tensusers6/lisannehuisman/data/images/test/S0-SM_tent_8-elmid-radmid-az045.png,0.5833333333333334,1.0,0.7368421052631579,1.0,0.8460317552326216,7.0,5.0,0.0,7.0,12.0
/vol/tensusers6/lisannehuisman/data/images/test/S0-SM_tent_8-elmid-radmid-az135.png,0.47058823529411764,1.0,0.6399999999999999,1.0,0.9776260506361723,8.0,9.0,0.0,8.0,17.0
/vol/tensusers6/lisannehuisman/data/images/test/S0-SM_tent_9-elhigh-radfar-az180.png,1.0,1.0,1.0,1.0,0.9423888861868116,10.0,0.0,0.0,10.0,10.0
/vol/tensusers6/lisannehuisman/data/images/test/S0-SM_tent_9-elhigh-radmid-az000.png,0.7142857142857143,1.0,0.8333333333333333,1.0,0.9346428595696177,10.0,4.0,0.0,10.0,14.0
/vol/tensusers6/lisannehuisman/data/images/test/S0-SM_tent_9-elhigh-radnear-az000.png,0.5882352941176471,1.0,0.7407407407407407,1.0,0.9183193240784299,10.0,7.0,0.0,10.0,17.0
/vol/tensusers6/lisannehuisman/data/images/test/S0-SM_tent_9-elhigh-radnear-az180.png,1.0,1.0,1.0,1.0,0.8977500008642674,10.0,0.0,0.0,10.0,10.0
/vol/tensusers6/lisannehuisman/data/images/test/S0-SM_tent_9-elhigh-radnear-az270.png,0.7777777777777778,0.875,0.823529411764706,0.9236111119389534,0.8652777798473835,7.0,2.0,1.0,8.0,9.0
/vol/tensusers6/lisannehuisman/data/images/test/S0-SM_tent_9-ellow-radfar-az000.png,0.35,1.0,0.5185185185185185,0.9285714328289032,0.7546938935956176,7.0,13.0,0.0,7.0,20.0
/vol/tensusers6/lisannehuisman/data/images/test/S0-SM_tent_9-ellow-radnear-az180.png,0.46153846153846156,1.0,0.631578947368421,1.0,0.9717948736670688,6.0,7.0,0.0,6.0,13.0
/vol/tensusers6/lisannehuisman/data/images/test/S0-SM_tent_9-ellow-radnear-az225.png,0.5,1.0,0.6666666666666666,1.0,1.0,1.0,1.0,0.0,1.0,2.0
/vol/tensusers6/lisannehuisman/data/images/test/S0-SM_tent_9-elmid-radfar-az180.png,0.9,1.0,0.9473684210526316,1.0,0.9543209907817252,9.0,1.0,0.0,9.0,10.0
/vol/tensusers6/lisannehuisman/data/images/test/S0-SM_tent_9-elmid-radmid-az000.png,0.9,1.0,0.9473684210526316,1.0,0.9622222247388628,9.0,1.0,0.0,9.0,10.0
/vol/tensusers6/lisannehuisman/data/images/test/S0-SM_tent_9-elmid-radnear-az000.png,0.47058823529411764,1.0,0.6399999999999999,1.0,0.8562232626602053,8.0,9.0,0.0,8.0,17.0
/vol/tensusers6/lisannehuisman/data/images/test/S0-SM_tent_9-elmid-radnear-az225.png,0.5,0.8888888888888888,0.64,0.9166666716337204,0.7875992158339138,8.0,8.0,1.0,9.0,16.0
/vol/tensusers6/lisannehuisman/data/images/test/S0-SM_tower_1-elhigh-radfar-az135.png,0.6,1.0,0.7499999999999999,1.0,0.849999997963508,6.0,4.0,0.0,6.0,10.0
/vol/tensusers6/lisannehuisman/data/images/test/S0-SM_tower_1-elhigh-radnear-az000.png,1.0,1.0,1.0,1.0,1.0,2.0,0.0,0.0,2.0,2.0
/vol/tensusers6/lisannehuisman/data/images/test/S0-SM_tower_1-elhigh-radnear-az270.png,0.5,1.0,0.6666666666666666,1.0,1.0,1.0,1.0,0.0,1.0,2.0
/vol/tensusers6/lisannehuisman/data/images/test/S0-SM_tower_1-ellow-radfar-az090.png,0.15217391304347827,0.7,0.25,0.7228260749708051,0.557826081731802,7.0,39.0,3.0,10.0,46.0
/vol/tensusers6/lisannehuisman/data/images/test/S0-SM_tower_1-ellow-radnear-az000.png,0.6666666666666666,1.0,0.8,1.0,0.9166666671633721,2.0,1.0,0.0,2.0,3.0
/vol/tensusers6/lisannehuisman/data/images/test/S0-SM_tower_1-ellow-radnear-az135.png,0.21052631578947367,0.7272727272727273,0.32653061224489793,0.5932992335524752,0.3536063157051427,8.0,30.0,3.0,11.0,38.0
/vol/tensusers6/lisannehuisman/data/images/test/S0-SM_tower_1-ellow-radnear-az180.png,0.11764705882352941,0.8,0.20512820512820512,0.8117647171458777,0.6969411912060834,4.0,30.0,1.0,5.0,34.0
/vol/tensusers6/lisannehuisman/data/images/test/S0-SM_tower_1-elmid-radfar-az000.png,0.15789473684210525,1.0,0.2727272727272727,1.0,0.7216374390132247,3.0,16.0,0.0,3.0,19.0
/vol/tensusers6/lisannehuisman/data/images/test/S0-SM_tower_10-elhigh-radfar-az090.png,0.6363636363636364,1.0,0.7777777777777778,1.0,0.9467532504688609,7.0,4.0,0.0,7.0,11.0
/vol/tensusers6/lisannehuisman/data/images/test/S0-SM_tower_10-elhigh-radfar-az180.png,0.8888888888888888,1.0,0.9411764705882353,1.0,0.9590277783572674,8.0,1.0,0.0,8.0,9.0
/vol/tensusers6/lisannehuisman/data/images/test/S0-SM_tower_10-elhigh-radfar-az225.png,0.8,1.0,0.888888888888889,1.0,0.890625000372529,8.0,2.0,0.0,8.0,10.0
/vol/tensusers6/lisannehuisman/data/images/test/S0-SM_tower_10-elhigh-radfar-az270.png,0.47058823529411764,0.8888888888888888,0.6153846153846153,0.9150326849004022,0.8250544764896883,8.0,9.0,1.0,9.0,17.0
/vol/tensusers6/lisannehuisman/data/images/test/S0-SM_tower_10-elhigh-radmid-az315.png,0.7142857142857143,1.0,0.8333333333333333,1.0,0.8988928561253211,10.0,4.0,0.0,10.0,14.0
/vol/tensusers6/lisannehuisman/data/images/test/S0-SM_tower_10-elhigh-radnear-az315.png,0.3333333333333333,0.9,0.48648648648648646,0.9166666472951572,0.7637407508967099,9.0,18.0,1.0,10.0,27.0
/vol/tensusers6/lisannehuisman/data/images/test/S0-SM_tower_10-ellow-radfar-az000.png,0.21904761904761905,0.8214285714285714,0.3458646616541354,0.8297430302012923,0.5274322000460686,23.0,82.0,5.0,28.0,105.0
/vol/tensusers6/lisannehuisman/data/images/test/S0-SM_tower_10-ellow-radmid-az000.png,0.2608695652173913,0.8,0.39344262295081966,0.7939866369948643,0.5590915044747758,24.0,68.0,6.0,30.0,92.0
/vol/tensusers6/lisannehuisman/data/images/test/S0-SM_tower_10-ellow-radmid-az135.png,0.46153846153846156,1.0,0.631578947368421,1.0,0.9273504298785304,6.0,7.0,0.0,6.0,13.0
/vol/tensusers6/lisannehuisman/data/images/test/S0-SM_tower_10-ellow-radnear-az000.png,0.23529411764705882,0.6666666666666666,0.3478260869565218,0.654733702691273,0.4754427569064852,20.0,65.0,10.0,30.0,85.0
/vol/tensusers6/lisannehuisman/data/images/test/S0-SM_tower_10-ellow-radnear-az090.png,0.2727272727272727,1.0,0.42857142857142855,1.0,0.4727272748044043,3.0,8.0,0.0,3.0,11.0
/vol/tensusers6/lisannehuisman/data/images/test/S0-SM_tower_10-ellow-radnear-az225.png,1.0,1.0,1.0,1.0,0.8880000079870223,5.0,0.0,0.0,5.0,5.0
/vol/tensusers6/lisannehuisman/data/images/test/S0-SM_tower_10-ellow-radnear-az315.png,0.5,1.0,0.6666666666666666,1.0,0.7579307434699494,15.0,15.0,0.0,15.0,30.0
/vol/tensusers6/lisannehuisman/data/images/test/S0-SM_tower_10-elmid-radmid-az270.png,0.375,0.9,0.5294117647058825,0.898749977052212,0.7300476128969875,9.0,15.0,1.0,10.0,24.0
/vol/tensusers6/lisannehuisman/data/images/test/S0-SM_tower_10-elmid-radnear-az270.png,0.8333333333333334,1.0,0.9090909090909091,1.0,0.9700000017881394,5.0,1.0,0.0,5.0,6.0
/vol/tensusers6/lisannehuisman/data/images/test/S0-SM_tower_11-elhigh-radfar-az315.png,0.7142857142857143,1.0,0.8333333333333333,1.0,0.8790476241565885,5.0,2.0,0.0,5.0,7.0
/vol/tensusers6/lisannehuisman/data/images/test/S0-SM_tower_11-elhigh-radmid-az090.png,0.8333333333333334,1.0,0.9090909090909091,1.0,0.9433333344260852,5.0,1.0,0.0,5.0,6.0
/vol/tensusers6/lisannehuisman/data/images/test/S0-SM_tower_11-elhigh-radmid-az135.png,0.3181818181818182,1.0,0.4827586206896552,1.0,0.8181818267161196,7.0,15.0,0.0,7.0,22.0
/vol/tensusers6/lisannehuisman/data/images/test/S0-SM_tower_11-elhigh-radnear-az225.png,0.5555555555555556,1.0,0.7142857142857143,1.0,0.946111113809877,5.0,4.0,0.0,5.0,9.0
/vol/tensusers6/lisannehuisman/data/images/test/S0-SM_tower_11-ellow-radfar-az180.png,0.25,1.0,0.4,0.8555555668142105,0.5805555661436583,5.0,15.0,0.0,5.0,20.0
/vol/tensusers6/lisannehuisman/data/images/test/S0-SM_tower_11-ellow-radmid-az180.png,0.3125,1.0,0.47619047619047616,0.9111111217074921,0.6839267824019182,5.0,11.0,0.0,5.0,16.0
/vol/tensusers6/lisannehuisman/data/images/test/S0-SM_tower_11-ellow-radmid-az225.png,0.22727272727272727,1.0,0.37037037037037035,0.9666666646798454,0.8267532580897404,5.0,17.0,0.0,5.0,22.0
/vol/tensusers6/lisannehuisman/data/images/test/S0-SM_tower_11-ellow-radnear-az225.png,0.21428571428571427,0.75,0.3333333333333333,0.7767857145518064,0.6785714291967452,3.0,11.0,1.0,4.0,14.0
/vol/tensusers6/lisannehuisman/data/images/test/S0-SM_tower_11-elmid-radfar-az000.png,0.12931034482758622,0.7894736842105263,0.22222222222222224,0.7320459769516399,0.3861148047429096,15.0,101.0,4.0,19.0,116.0
/vol/tensusers6/lisannehuisman/data/images/test/S0-SM_tower_11-elmid-radmid-az225.png,0.45454545454545453,1.0,0.625,1.0,0.9654545476761731,5.0,6.0,0.0,5.0,11.0
/vol/tensusers6/lisannehuisman/data/images/test/S0-SM_tower_11-elmid-radnear-az270.png,0.75,1.0,0.8571428571428571,1.0,1.0,3.0,1.0,0.0,3.0,4.0
/vol/tensusers6/lisannehuisman/data/images/test/S0-SM_tower_12-elhigh-radfar-az045.png,0.5454545454545454,1.0,0.7058823529411764,1.0,0.9815656548121361,6.0,5.0,0.0,6.0,11.0
/vol/tensusers6/lisannehuisman/data/images/test/S0-SM_tower_12-elhigh-radnear-az045.png,0.5714285714285714,1.0,0.7272727272727273,1.0,0.9803571429103612,4.0,3.0,0.0,4.0,7.0
/vol/tensusers6/lisannehuisman/data/images/test/S0-SM_tower_12-elhigh-radnear-az090.png,0.6,1.0,0.7499999999999999,1.0,0.9819444426231915,6.0,4.0,0.0,6.0,10.0
/vol/tensusers6/lisannehuisman/data/images/test/S0-SM_tower_12-elhigh-radnear-az180.png,0.75,1.0,0.8571428571428571,1.0,0.9238888910578357,9.0,3.0,0.0,9.0,12.0
/vol/tensusers6/lisannehuisman/data/images/test/S0-SM_tower_12-elhigh-radnear-az270.png,0.5294117647058824,1.0,0.6923076923076924,1.0,0.8673202698039851,9.0,8.0,0.0,9.0,17.0
/vol/tensusers6/lisannehuisman/data/images/test/S0-SM_tower_12-ellow-radfar-az180.png,0.4642857142857143,1.0,0.6341463414634146,1.0,0.849775999654541,13.0,15.0,0.0,13.0,28.0
/vol/tensusers6/lisannehuisman/data/images/test/S0-SM_tower_12-ellow-radfar-az270.png,0.1111111111111111,0.3333333333333333,0.16666666666666666,0.32870370839481,0.2464699067209882,8.0,64.0,16.0,24.0,72.0
/vol/tensusers6/lisannehuisman/data/images/test/S0-SM_tower_12-elmid-radfar-az090.png,0.5,1.0,0.6666666666666666,1.0,0.9493197300300306,7.0,7.0,0.0,7.0,14.0
/vol/tensusers6/lisannehuisman/data/images/test/S0-SM_tower_12-elmid-radfar-az180.png,0.4642857142857143,0.9285714285714286,0.6190476190476191,0.9451530411535378,0.8270663146773467,13.0,15.0,1.0,14.0,28.0
/vol/tensusers6/lisannehuisman/data/images/test/S0-SM_tower_12-elmid-radmid-az270.png,0.17475728155339806,0.5,0.2589928057553957,0.5268397893975916,0.3615372601674959,18.0,85.0,18.0,36.0,103.0
/vol/tensusers6/lisannehuisman/data/images/test/S0-SM_tower_12-elmid-radmid-az315.png,0.42857142857142855,0.9,0.5806451612903225,0.9214285529085569,0.8035714248473209,9.0,12.0,1.0,10.0,21.0
/vol/tensusers6/lisannehuisman/data/images/test/S0-SM_tower_12-elmid-radnear-az270.png,0.6666666666666666,1.0,0.8,1.0,0.8193452378734947,8.0,4.0,0.0,8.0,12.0
/vol/tensusers6/lisannehuisman/data/images/test/S0-SM_tower_13-elhigh-radfar-az000.png,0.6666666666666666,1.0,0.8,1.0,0.9166666671633721,4.0,2.0,0.0,4.0,6.0
/vol/tensusers6/lisannehuisman/data/images/test/S0-SM_tower_13-elhigh-radfar-az090.png,0.6,1.0,0.7499999999999999,1.0,0.8015906115211349,18.0,12.0,0.0,18.0,30.0
/vol/tensusers6/lisannehuisman/data/images/test/S0-SM_tower_13-elhigh-radfar-az135.png,0.26666666666666666,0.9230769230769231,0.4137931034482759,0.8502261693526227,0.6455679066711791,12.0,33.0,1.0,13.0,45.0
/vol/tensusers6/lisannehuisman/data/images/test/S0-SM_tower_13-elhigh-radfar-az225.png,1.0,1.0,1.0,1.0,1.0,1.0,0.0,0.0,1.0,1.0
/vol/tensusers6/lisannehuisman/data/images/test/S0-SM_tower_13-elhigh-radnear-az225.png,1.0,1.0,1.0,1.0,1.0,1.0,0.0,0.0,1.0,1.0
/vol/tensusers6/lisannehuisman/data/images/test/S0-SM_tower_13-ellow-radfar-az045.png,0.2765957446808511,0.9285714285714286,0.42622950819672134,0.8670212654689395,0.6155111560064432,13.0,34.0,1.0,14.0,47.0
/vol/tensusers6/lisannehuisman/data/images/test/S0-SM_tower_13-ellow-radfar-az090.png,0.35294117647058826,1.0,0.5217391304347826,0.9829059757738037,0.8050266006918546,18.0,33.0,0.0,18.0,51.0
/vol/tensusers6/lisannehuisman/data/images/test/S0-SM_tower_13-ellow-radfar-az135.png,0.4230769230769231,0.9166666666666666,0.5789473684210527,0.887628198533486,0.7214298388665472,11.0,15.0,1.0,12.0,26.0
/vol/tensusers6/lisannehuisman/data/images/test/S0-SM_tower_13-ellow-radfar-az180.png,1.0,1.0,1.0,1.0,0.934375,4.0,0.0,0.0,4.0,4.0
/vol/tensusers6/lisannehuisman/data/images/test/S0-SM_tower_13-ellow-radmid-az045.png,0.46153846153846156,1.0,0.631578947368421,0.9583333283662796,0.6840537242172913,12.0,14.0,0.0,12.0,26.0
/vol/tensusers6/lisannehuisman/data/images/test/S0-SM_tower_13-elmid-radfar-az225.png,0.0684931506849315,0.45454545454545453,0.11904761904761904,0.27117897531188706,0.15717832269489654,5.0,68.0,6.0,11.0,73.0
/vol/tensusers6/lisannehuisman/data/images/test/S0-SM_tower_13-elmid-radmid-az270.png,1.0,1.0,1.0,1.0,1.0,1.0,0.0,0.0,1.0,1.0
/vol/tensusers6/lisannehuisman/data/images/test/S0-SM_tower_13-elmid-radmid-az315.png,0.2,1.0,0.33333333333333337,1.0,0.8100000001490116,2.0,8.0,0.0,2.0,10.0
/vol/tensusers6/lisannehuisman/data/images/test/S0-SM_tower_13-elmid-radnear-az135.png,0.6666666666666666,1.0,0.8,1.0,0.958333333581686,2.0,1.0,0.0,2.0,3.0
/vol/tensusers6/lisannehuisman/data/images/test/S0-SM_tower_2-elhigh-radfar-az045.png,0.5625,1.0,0.72,1.0,0.784722229745239,9.0,7.0,0.0,9.0,16.0
/vol/tensusers6/lisannehuisman/data/images/test/S0-SM_tower_2-elhigh-radmid-az000.png,0.36363636363636365,1.0,0.5333333333333333,0.9861111119389534,0.7945075766183436,8.0,14.0,0.0,8.0,22.0
/vol/tensusers6/lisannehuisman/data/images/test/S0-SM_tower_2-elhigh-radnear-az090.png,0.3,0.75,0.4285714285714285,0.7875000014901161,0.6900000012479722,3.0,7.0,1.0,4.0,10.0
/vol/tensusers6/lisannehuisman/data/images/test/S0-SM_tower_2-elhigh-radnear-az270.png,1.0,1.0,1.0,1.0,0.8777777829104,3.0,0.0,0.0,3.0,3.0
/vol/tensusers6/lisannehuisman/data/images/test/S0-SM_tower_2-elhigh-radnear-az315.png,0.6666666666666666,1.0,0.8,1.0,0.8625000009313226,4.0,2.0,0.0,4.0,6.0
/vol/tensusers6/lisannehuisman/data/images/test/S0-SM_tower_2-ellow-radfar-az090.png,0.5217391304347826,1.0,0.6857142857142856,1.0,0.7502385245223986,12.0,11.0,0.0,12.0,23.0
/vol/tensusers6/lisannehuisman/data/images/test/S0-SM_tower_2-ellow-radfar-az180.png,0.22857142857142856,0.7619047619047619,0.3516483516483517,0.7266956101051405,0.2801811233379696,16.0,54.0,5.0,21.0,70.0
/vol/tensusers6/lisannehuisman/data/images/test/S0-SM_tower_2-elmid-radfar-az090.png,0.7058823529411765,1.0,0.8275862068965517,1.0,0.7814304857153391,12.0,5.0,0.0,12.0,17.0
/vol/tensusers6/lisannehuisman/data/images/test/S0-SM_tower_2-elmid-radmid-az090.png,0.6875,1.0,0.8148148148148148,1.0,0.8798863662135872,11.0,5.0,0.0,11.0,16.0
/vol/tensusers6/lisannehuisman/data/images/test/S0-SM_tower_2-elmid-radnear-az270.png,1.0,1.0,1.0,1.0,0.925,2.0,0.0,0.0,2.0,2.0
/vol/tensusers6/lisannehuisman/data/images/test/S0-SM_tower_2-elmid-radnear-az315.png,1.0,1.0,1.0,1.0,1.0,2.0,0.0,0.0,2.0,2.0
/vol/tensusers6/lisannehuisman/data/images/test/S0-SM_tower_3-elhigh-radfar-az090.png,0.8,1.0,0.888888888888889,1.0,0.8652067547664046,16.0,4.0,0.0,16.0,20.0
/vol/tensusers6/lisannehuisman/data/images/test/S0-SM_tower_3-elhigh-radmid-az090.png,0.3333333333333333,0.9333333333333333,0.4912280701754386,0.9444444480869505,0.7201693219093891,14.0,28.0,1.0,15.0,42.0
/vol/tensusers6/lisannehuisman/data/images/test/S0-SM_tower_3-elhigh-radmid-az135.png,0.35135135135135137,0.9285714285714286,0.5098039215686275,0.941119670033685,0.7082141814030178,13.0,24.0,1.0,14.0,37.0
/vol/tensusers6/lisannehuisman/data/images/test/S0-SM_tower_3-elhigh-radnear-az180.png,0.42857142857142855,0.8571428571428571,0.5714285714285714,0.8877551090352389,0.5921768822003992,6.0,8.0,1.0,7.0,14.0
/vol/tensusers6/lisannehuisman/data/images/test/S0-SM_tower_3-ellow-radfar-az225.png,0.08695652173913043,0.6,0.15189873417721517,0.4333494308811279,0.3184780965617503,12.0,126.0,8.0,20.0,138.0
/vol/tensusers6/lisannehuisman/data/images/test/S0-SM_tower_3-ellow-radfar-az315.png,0.25,1.0,0.4,0.75,0.6625,2.0,6.0,0.0,2.0,8.0
/vol/tensusers6/lisannehuisman/data/images/test/S0-SM_tower_3-ellow-radnear-az045.png,0.35714285714285715,1.0,0.5263157894736842,1.0,0.7536785757903542,10.0,18.0,0.0,10.0,28.0
/vol/tensusers6/lisannehuisman/data/images/test/S0-SM_tower_3-ellow-radnear-az090.png,0.375,0.8571428571428571,0.5217391304347825,0.8839285783469677,0.7615882327181437,12.0,20.0,2.0,14.0,32.0
/vol/tensusers6/lisannehuisman/data/images/test/S0-SM_tower_3-ellow-radnear-az315.png,0.14285714285714285,0.8571428571428571,0.24489795918367344,0.8673469471384068,0.5243537500956836,6.0,36.0,1.0,7.0,42.0
/vol/tensusers6/lisannehuisman/data/images/test/S0-SM_tower_3-elmid-radfar-az045.png,0.3870967741935484,1.0,0.5581395348837209,0.9935897455001488,0.7656541176128311,12.0,19.0,0.0,12.0,31.0
/vol/tensusers6/lisannehuisman/data/images/test/S0-SM_tower_3-elmid-radmid-az000.png,0.15942028985507245,0.7857142857142857,0.2650602409638554,0.6615659038794446,0.5066292412684386,11.0,58.0,3.0,14.0,69.0
/vol/tensusers6/lisannehuisman/data/images/test/S0-SM_tower_3-elmid-radnear-az090.png,0.52,1.0,0.6842105263157895,1.0,0.6326419055514855,13.0,12.0,0.0,13.0,25.0
/vol/tensusers6/lisannehuisman/data/images/test/S0-SM_tower_3-elmid-radnear-az135.png,0.5,1.0,0.6666666666666666,1.0,0.673046875,8.0,8.0,0.0,8.0,16.0
/vol/tensusers6/lisannehuisman/data/images/test/S0-SM_tower_3-elmid-radnear-az180.png,0.25,0.6666666666666666,0.36363636363636365,0.7083333507180214,0.5942708412185311,4.0,12.0,2.0,6.0,16.0
/vol/tensusers6/lisannehuisman/data/images/test/S0-SM_tower_4-elhigh-radfar-az000.png,0.5,1.0,0.6666666666666666,1.0,0.9796875,4.0,4.0,0.0,4.0,8.0
/vol/tensusers6/lisannehuisman/data/images/test/S0-SM_tower_4-elhigh-radmid-az045.png,0.25,1.0,0.4,1.0,0.780555563337273,3.0,9.0,0.0,3.0,12.0
/vol/tensusers6/lisannehuisman/data/images/test/S0-SM_tower_4-elhigh-radmid-az180.png,0.2,1.0,0.33333333333333337,1.0,1.0,1.0,4.0,0.0,1.0,5.0
/vol/tensusers6/lisannehuisman/data/images/test/S0-SM_tower_4-elhigh-radmid-az225.png,1.0,1.0,1.0,1.0,1.0,1.0,0.0,0.0,1.0,1.0
/vol/tensusers6/lisannehuisman/data/images/test/S0-SM_tower_4-elhigh-radnear-az180.png,1.0,1.0,1.0,1.0,1.0,1.0,0.0,0.0,1.0,1.0
/vol/tensusers6/lisannehuisman/data/images/test/S0-SM_tower_4-ellow-radfar-az270.png,0.0989010989010989,0.6428571428571429,0.17142857142857143,0.6605180455591044,0.3382177791720445,9.0,82.0,5.0,14.0,91.0
/vol/tensusers6/lisannehuisman/data/images/test/S0-SM_tower_4-ellow-radmid-az000.png,0.25925925925925924,1.0,0.4117647058823529,0.8809523823715395,0.6343873067431355,7.0,20.0,0.0,7.0,27.0
/vol/tensusers6/lisannehuisman/data/images/test/S0-SM_tower_4-ellow-radmid-az090.png,1.0,1.0,1.0,1.0,1.0,1.0,0.0,0.0,1.0,1.0
/vol/tensusers6/lisannehuisman/data/images/test/S0-SM_tower_4-ellow-radmid-az270.png,0.07692307692307693,0.35714285714285715,0.12658227848101267,0.3216640614119346,0.22714024913323536,5.0,60.0,9.0,14.0,65.0
/vol/tensusers6/lisannehuisman/data/images/test/S0-SM_tower_4-ellow-radnear-az180.png,0.10526315789473684,0.5882352941176471,0.17857142857142858,0.5400969908785718,0.26792172087755567,10.0,85.0,7.0,17.0,95.0
/vol/tensusers6/lisannehuisman/data/images/test/S0-SM_tower_4-ellow-radnear-az225.png,0.11904761904761904,0.5,0.1923076923076923,0.5297619048506021,0.2940238154707034,5.0,37.0,5.0,10.0,42.0
/vol/tensusers6/lisannehuisman/data/images/test/S0-SM_tower_4-elmid-radfar-az000.png,0.35294117647058826,1.0,0.5217391304347826,1.0,0.8490196041251515,6.0,11.0,0.0,6.0,17.0
/vol/tensusers6/lisannehuisman/data/images/test/S0-SM_tower_4-elmid-radfar-az315.png,0.25,0.9166666666666666,0.3928571428571429,0.9270833507180214,0.6503409111217566,11.0,33.0,1.0,12.0,44.0
/vol/tensusers6/lisannehuisman/data/images/test/S0-SM_tower_4-elmid-radmid-az090.png,1.0,1.0,1.0,1.0,1.0,1.0,0.0,0.0,1.0,1.0
/vol/tensusers6/lisannehuisman/data/images/test/S0-SM_tower_4-elmid-radmid-az270.png,0.07407407407407407,0.47058823529411764,0.128,0.4784313757857206,0.22605560099576216,8.0,100.0,9.0,17.0,108.0
/vol/tensusers6/lisannehuisman/data/images/test/S0-SM_tower_4-elmid-radnear-az180.png,0.3333333333333333,1.0,0.5,1.0,1.0,1.0,2.0,0.0,1.0,3.0
/vol/tensusers6/lisannehuisman/data/images/test/S0-SM_tower_5-elhigh-radfar-az000.png,0.6923076923076923,1.0,0.8181818181818181,0.965811969887497,0.8923076978223955,9.0,4.0,0.0,9.0,13.0
/vol/tensusers6/lisannehuisman/data/images/test/S0-SM_tower_5-elhigh-radfar-az045.png,1.0,1.0,1.0,1.0,0.9433333326379458,10.0,0.0,0.0,10.0,10.0
/vol/tensusers6/lisannehuisman/data/images/test/S0-SM_tower_5-elhigh-radfar-az180.png,0.5789473684210527,1.0,0.7333333333333334,0.9924242464881949,0.8847288715734812,11.0,8.0,0.0,11.0,19.0
/vol/tensusers6/lisannehuisman/data/images/test/S0-SM_tower_5-elhigh-radfar-az270.png,0.75,1.0,0.8571428571428571,1.0,0.9085937527815501,12.0,4.0,0.0,12.0,16.0
/vol/tensusers6/lisannehuisman/data/images/test/S0-SM_tower_5-elhigh-radmid-az090.png,0.8461538461538461,1.0,0.9166666666666666,1.0,0.8516958157379518,11.0,2.0,0.0,11.0,13.0
/vol/tensusers6/lisannehuisman/data/images/test/S0-SM_tower_5-elhigh-radnear-az270.png,0.38461538461538464,1.0,0.5555555555555556,1.0,0.9078461543063707,10.0,16.0,0.0,10.0,26.0
/vol/tensusers6/lisannehuisman/data/images/test/S0-SM_tower_5-ellow-radfar-az045.png,0.11428571428571428,0.47058823529411764,0.18390804597701146,0.49430439102312984,0.41454248786383036,8.0,62.0,9.0,17.0,70.0
/vol/tensusers6/lisannehuisman/data/images/test/S0-SM_tower_5-ellow-radfar-az180.png,0.23170731707317074,0.9047619047619048,0.3689320388349514,0.8907172227045992,0.5569940144122991,19.0,63.0,2.0,21.0,82.0
/vol/tensusers6/lisannehuisman/data/images/test/S0-SM_tower_5-elmid-radfar-az225.png,0.2894736842105263,0.7021276595744681,0.40993788819875776,0.7057083223297846,0.4276586144812434,33.0,81.0,14.0,47.0,114.0
/vol/tensusers6/lisannehuisman/data/images/test/S0-SM_tower_5-elmid-radfar-az270.png,0.36231884057971014,0.9259259259259259,0.5208333333333334,0.8982576703071201,0.57051234648404,25.0,44.0,2.0,27.0,69.0
/vol/tensusers6/lisannehuisman/data/images/test/S0-SM_tower_5-elmid-radfar-az315.png,0.5294117647058824,1.0,0.6923076923076924,1.0,0.9243490034777146,9.0,8.0,0.0,9.0,17.0
/vol/tensusers6/lisannehuisman/data/images/test/S0-SM_tower_5-elmid-radmid-az090.png,0.08333333333333333,0.4444444444444444,0.14035087719298245,0.4675925964558566,0.43387483878248423,8.0,88.0,10.0,18.0,96.0
/vol/tensusers6/lisannehuisman/data/images/test/S0-SM_tower_5-elmid-radnear-az045.png,1.0,1.0,1.0,1.0,1.0,3.0,0.0,0.0,3.0,3.0
/vol/tensusers6/lisannehuisman/data/images/test/S0-SM_tower_5-elmid-radnear-az270.png,0.38461538461538464,0.8333333333333334,0.5263157894736842,0.8653845999103327,0.8346153707171862,5.0,8.0,1.0,6.0,13.0
/vol/tensusers6/lisannehuisman/data/images/test/S0-SM_tower_6-elhigh-radfar-az045.png,0.20833333333333334,1.0,0.3448275862068966,1.0,0.7638629399875908,10.0,38.0,0.0,10.0,48.0
/vol/tensusers6/lisannehuisman/data/images/test/S0-SM_tower_6-elhigh-radfar-az135.png,0.3333333333333333,0.9545454545454546,0.49411764705882355,0.9621211988004772,0.6744476526643,21.0,42.0,1.0,22.0,63.0
/vol/tensusers6/lisannehuisman/data/images/test/S0-SM_tower_6-elhigh-radmid-az270.png,0.75,1.0,0.8571428571428571,1.0,0.8704861131393248,6.0,2.0,0.0,6.0,8.0
/vol/tensusers6/lisannehuisman/data/images/test/S0-SM_tower_6-elhigh-radnear-az000.png,0.6,0.8571428571428571,0.7058823529411764,0.9000000076634542,0.783809532054833,6.0,4.0,1.0,7.0,10.0
/vol/tensusers6/lisannehuisman/data/images/test/S0-SM_tower_6-ellow-radfar-az000.png,0.25,1.0,0.4,1.0,1.0,2.0,6.0,0.0,2.0,8.0
/vol/tensusers6/lisannehuisman/data/images/test/S0-SM_tower_6-ellow-radfar-az180.png,0.2916666666666667,0.9333333333333333,0.4444444444444445,0.8615131609730033,0.6240735552880826,14.0,34.0,1.0,15.0,48.0
/vol/tensusers6/lisannehuisman/data/images/test/S0-SM_tower_6-ellow-radfar-az315.png,0.7,1.0,0.8235294117647058,0.9821428582072258,0.8300000083233628,7.0,3.0,0.0,7.0,10.0
/vol/tensusers6/lisannehuisman/data/images/test/S0-SM_tower_6-ellow-radmid-az045.png,0.17857142857142858,0.6666666666666666,0.28169014084507044,0.6964285902324177,0.4021428692349721,10.0,46.0,5.0,15.0,56.0
/vol/tensusers6/lisannehuisman/data/images/test/S0-SM_tower_6-ellow-radmid-az135.png,0.21739130434782608,0.75,0.33707865168539325,0.777173912152648,0.5159180455957614,15.0,54.0,5.0,20.0,69.0
/vol/tensusers6/lisannehuisman/data/images/test/S0-SM_tower_6-ellow-radmid-az180.png,0.37037037037037035,0.8333333333333334,0.5128205128205128,0.8566217601516692,0.7098254304551986,10.0,17.0,2.0,12.0,27.0
/vol/tensusers6/lisannehuisman/data/images/test/S0-SM_tower_6-ellow-radnear-az000.png,1.0,1.0,1.0,1.0,0.9444444456034237,3.0,0.0,0.0,3.0,3.0
/vol/tensusers6/lisannehuisman/data/images/test/S0-SM_tower_6-ellow-radnear-az045.png,0.19148936170212766,0.8181818181818182,0.31034482758620685,0.8355899377072111,0.4590103204476784,9.0,38.0,2.0,11.0,47.0
/vol/tensusers6/lisannehuisman/data/images/test/S0-SM_tower_6-ellow-radnear-az135.png,0.22413793103448276,0.7222222222222222,0.34210526315789475,0.7133240087786934,0.4678124412439894,13.0,45.0,5.0,18.0,58.0
/vol/tensusers6/lisannehuisman/data/images/test/S0-SM_tower_6-elmid-radmid-az180.png,0.38095238095238093,0.8421052631578947,0.5245901639344263,0.8690844830111839,0.712554578137475,16.0,26.0,3.0,19.0,42.0
/vol/tensusers6/lisannehuisman/data/images/test/S0-SM_tower_6-elmid-radnear-az270.png,0.4,1.0,0.5714285714285715,1.0,0.8650000002235174,2.0,3.0,0.0,2.0,5.0
/vol/tensusers6/lisannehuisman/data/images/test/S0-SM_tower_6-elmid-radnear-az315.png,0.6,1.0,0.7499999999999999,1.0,0.9200000050663949,3.0,2.0,0.0,3.0,5.0
/vol/tensusers6/lisannehuisman/data/images/test/S0-SM_tower_7-elhigh-radfar-az315.png,0.47058823529411764,0.8888888888888888,0.6153846153846153,0.9150326849004022,0.6904629727995149,8.0,9.0,1.0,9.0,17.0
/vol/tensusers6/lisannehuisman/data/images/test/S0-SM_tower_7-elhigh-radnear-az000.png,0.42857142857142855,1.0,0.6,1.0,0.9095238125749996,3.0,4.0,0.0,3.0,7.0
/vol/tensusers6/lisannehuisman/data/images/test/S0-SM_tower_7-ellow-radfar-az090.png,0.12727272727272726,0.5,0.2028985507246377,0.47509549576945664,0.40747708712200037,7.0,48.0,7.0,14.0,55.0
/vol/tensusers6/lisannehuisman/data/images/test/S0-SM_tower_7-ellow-radfar-az315.png,0.26153846153846155,0.85,0.4,0.8125655563724958,0.5190681055185514,17.0,48.0,3.0,20.0,65.0
/vol/tensusers6/lisannehuisman/data/images/test/S0-SM_tower_7-ellow-radmid-az000.png,0.16455696202531644,0.5652173913043478,0.2549019607843137,0.5382781938210384,0.29243991029822414,13.0,66.0,10.0,23.0,79.0
/vol/tensusers6/lisannehuisman/data/images/test/S0-SM_tower_7-ellow-radmid-az045.png,0.1323529411764706,0.6923076923076923,0.2222222222222222,0.6174962475783499,0.34715687244352317,9.0,59.0,4.0,13.0,68.0
/vol/tensusers6/lisannehuisman/data/images/test/S0-SM_tower_7-ellow-radnear-az000.png,0.15873015873015872,0.5263157894736842,0.24390243902439024,0.49969422377589634,0.2812833555879827,10.0,53.0,9.0,19.0,63.0
/vol/tensusers6/lisannehuisman/data/images/test/S0-SM_tower_7-ellow-radnear-az090.png,0.06976744186046512,0.5,0.12244897959183673,0.5174418613314629,0.466472870361984,3.0,40.0,3.0,6.0,43.0
/vol/tensusers6/lisannehuisman/data/images/test/S0-SM_tower_7-ellow-radnear-az270.png,0.20202020202020202,0.8695652173913043,0.32786885245901637,0.8827404220754973,0.5744042554627784,20.0,79.0,3.0,23.0,99.0
/vol/tensusers6/lisannehuisman/data/images/test/S0-SM_tower_7-elmid-radfar-az225.png,0.23076923076923078,0.8571428571428571,0.36363636363636365,0.8736263812407032,0.6066954521819742,12.0,40.0,2.0,14.0,52.0
/vol/tensusers6/lisannehuisman/data/images/test/S0-SM_tower_7-elmid-radnear-az000.png,0.5,1.0,0.6666666666666666,1.0,0.861111116492086,3.0,3.0,0.0,3.0,6.0
/vol/tensusers6/lisannehuisman/data/images/test/S0-SM_tower_7-elmid-radnear-az315.png,0.23529411764705882,0.8,0.3636363636363636,0.7124183185447275,0.5792157004408391,4.0,13.0,1.0,5.0,17.0
/vol/tensusers6/lisannehuisman/data/images/test/S0-SM_tower_8-elhigh-radmid-az045.png,0.2909090909090909,0.9411764705882353,0.44444444444444453,0.9497326230460947,0.75475173032664,16.0,39.0,1.0,17.0,55.0
/vol/tensusers6/lisannehuisman/data/images/test/S0-SM_tower_8-elhigh-radmid-az225.png,0.07692307692307693,0.5,0.13333333333333336,0.5192307699471712,0.3918269237037748,2.0,24.0,2.0,4.0,26.0
/vol/tensusers6/lisannehuisman/data/images/test/S0-SM_tower_8-elhigh-radnear-az000.png,0.2413793103448276,1.0,0.3888888888888889,1.0,0.6087438474257885,7.0,22.0,0.0,7.0,29.0
/vol/tensusers6/lisannehuisman/data/images/test/S0-SM_tower_8-elhigh-radnear-az315.png,0.6,1.0,0.7499999999999999,1.0,0.9200000050663949,3.0,2.0,0.0,3.0,5.0
/vol/tensusers6/lisannehuisman/data/images/test/S0-SM_tower_8-ellow-radfar-az090.png,0.17054263565891473,0.88,0.2857142857142857,0.8544361670693972,0.4823594816950677,22.0,107.0,3.0,25.0,129.0
/vol/tensusers6/lisannehuisman/data/images/test/S0-SM_tower_8-ellow-radfar-az180.png,0.5833333333333334,1.0,0.7368421052631579,1.0,0.8857142894927945,7.0,5.0,0.0,7.0,12.0
/vol/tensusers6/lisannehuisman/data/images/test/S0-SM_tower_8-ellow-radmid-az135.png,0.275,0.8461538461538461,0.41509433962264153,0.8656354590752056,0.5900750437812543,22.0,58.0,4.0,26.0,80.0
/vol/tensusers6/lisannehuisman/data/images/test/S0-SM_tower_8-ellow-radmid-az315.png,0.2,1.0,0.33333333333333337,1.0,0.7777777858409618,3.0,12.0,0.0,3.0,15.0
/vol/tensusers6/lisannehuisman/data/images/test/S0-SM_tower_8-ellow-radnear-az225.png,0.2857142857142857,1.0,0.4444444444444445,1.0,1.0,2.0,5.0,0.0,2.0,7.0
/vol/tensusers6/lisannehuisman/data/images/test/S0-SM_tower_8-elmid-radmid-az045.png,0.17307692307692307,0.7105263157894737,0.2783505154639175,0.696119696382171,0.4126272289007182,27.0,129.0,11.0,38.0,156.0
/vol/tensusers6/lisannehuisman/data/images/test/S0-SM_tower_8-elmid-radmid-az225.png,0.2857142857142857,1.0,0.4444444444444445,1.0,1.0,2.0,5.0,0.0,2.0,7.0
/vol/tensusers6/lisannehuisman/data/images/test/S0-SM_tower_8-elmid-radnear-az135.png,0.6153846153846154,1.0,0.761904761904762,1.0,0.8223969791084528,8.0,5.0,0.0,8.0,13.0
/vol/tensusers6/lisannehuisman/data/images/test/S0-SM_tower_8-elmid-radnear-az315.png,0.75,1.0,0.8571428571428571,1.0,0.8500000089406967,3.0,1.0,0.0,3.0,4.0
/vol/tensusers6/lisannehuisman/data/images/test/S0-SM_tower_9-elhigh-radmid-az045.png,0.25,1.0,0.4,1.0,1.0,1.0,3.0,0.0,1.0,4.0
/vol/tensusers6/lisannehuisman/data/images/test/S0-SM_tower_9-elhigh-radmid-az090.png,0.5,1.0,0.6666666666666666,1.0,1.0,1.0,1.0,0.0,1.0,2.0
/vol/tensusers6/lisannehuisman/data/images/test/S0-SM_tower_9-elhigh-radmid-az270.png,0.5,1.0,0.6666666666666666,1.0,1.0,1.0,1.0,0.0,1.0,2.0
/vol/tensusers6/lisannehuisman/data/images/test/S0-SM_tower_9-ellow-radmid-az000.png,0.18181818181818182,0.5454545454545454,0.2727272727272727,0.5094243981720865,0.3062331528877614,6.0,27.0,5.0,11.0,33.0
/vol/tensusers6/lisannehuisman/data/images/test/S0-SM_tower_9-ellow-radmid-az315.png,0.125,1.0,0.2222222222222222,1.0,1.0,1.0,7.0,0.0,1.0,8.0
/vol/tensusers6/lisannehuisman/data/images/test/S0-SM_tower_9-elmid-radfar-az090.png,0.12408759124087591,0.5483870967741935,0.2023809523809524,0.5101389076365728,0.20677742468362675,17.0,120.0,14.0,31.0,137.0
/vol/tensusers6/lisannehuisman/data/images/test/S0-SM_tower_9-elmid-radfar-az225.png,0.1,1.0,0.18181818181818182,1.0,1.0,1.0,9.0,0.0,1.0,10.0
/vol/tensusers6/lisannehuisman/data/images/test/S0-SM_tower_9-elmid-radmid-az000.png,0.14285714285714285,0.46153846153846156,0.21818181818181817,0.4585798881500833,0.2813102340692365,6.0,36.0,7.0,13.0,42.0
/vol/tensusers6/lisannehuisman/data/images/test/S0-SM_tower_9-elmid-radnear-az225.png,0.3333333333333333,1.0,0.5,1.0,1.0,1.0,2.0,0.0,1.0,3.0
/vol/tensusers6/lisannehuisman/data/images/test/S0-SM_tree1-elhigh-radfar-az090.png,0.42857142857142855,1.0,0.6,1.0,0.82857144006661,3.0,4.0,0.0,3.0,7.0
/vol/tensusers6/lisannehuisman/data/images/test/S0-SM_tree1-elhigh-radfar-az180.png,0.5,0.875,0.6363636363636364,0.90625,0.8323214291594923,7.0,7.0,1.0,8.0,14.0
/vol/tensusers6/lisannehuisman/data/images/test/S0-SM_tree1-elhigh-radmid-az045.png,0.5,0.8,0.6153846153846154,0.8500000089406967,0.7425000127404928,4.0,4.0,1.0,5.0,8.0
/vol/tensusers6/lisannehuisman/data/images/test/S0-SM_tree1-elhigh-radmid-az270.png,0.8,1.0,0.888888888888889,1.0,0.8809375002980232,8.0,2.0,0.0,8.0,10.0
/vol/tensusers6/lisannehuisman/data/images/test/S0-SM_tree1-elhigh-radnear-az180.png,1.0,1.0,1.0,1.0,0.953125,4.0,0.0,0.0,4.0,4.0
/vol/tensusers6/lisannehuisman/data/images/test/S0-SM_tree1-elhigh-radnear-az225.png,1.0,1.0,1.0,1.0,1.0,3.0,0.0,0.0,3.0,3.0
/vol/tensusers6/lisannehuisman/data/images/test/S0-SM_tree1-ellow-radfar-az270.png,0.12790697674418605,0.5238095238095238,0.205607476635514,0.5542635927894715,0.31509385191468425,11.0,75.0,10.0,21.0,86.0
/vol/tensusers6/lisannehuisman/data/images/test/S0-SM_tree1-ellow-radfar-az315.png,0.8,1.0,0.888888888888889,1.0,0.9425000004470349,4.0,1.0,0.0,4.0,5.0
/vol/tensusers6/lisannehuisman/data/images/test/S0-SM_tree1-ellow-radmid-az090.png,0.6,1.0,0.7499999999999999,1.0,0.946666670044263,3.0,2.0,0.0,3.0,5.0
/vol/tensusers6/lisannehuisman/data/images/test/S0-SM_tree1-ellow-radnear-az090.png,0.75,1.0,0.8571428571428571,1.0,0.9250000044703484,3.0,1.0,0.0,3.0,4.0
/vol/tensusers6/lisannehuisman/data/images/test/S0-SM_tree1-elmid-radfar-az135.png,0.5833333333333334,1.0,0.7368421052631579,1.0,0.8154761963834366,7.0,5.0,0.0,7.0,12.0
/vol/tensusers6/lisannehuisman/data/images/test/S0-SM_tree1-elmid-radmid-az270.png,0.6666666666666666,1.0,0.8,1.0,0.6954166661947966,8.0,4.0,0.0,8.0,12.0
/vol/tensusers6/lisannehuisman/data/images/test/S0-SM_tree1-elmid-radnear-az090.png,0.6,1.0,0.7499999999999999,1.0,0.8800000098347663,3.0,2.0,0.0,3.0,5.0
/vol/tensusers6/lisannehuisman/data/images/test/S0-SM_tree1-elmid-radnear-az270.png,0.6363636363636364,1.0,0.7777777777777778,1.0,0.8346475008301478,7.0,4.0,0.0,7.0,11.0
/vol/tensusers6/lisannehuisman/data/images/test/S0-SM_tree10-elhigh-radfar-az135.png,0.5833333333333334,1.0,0.7368421052631579,1.0,0.8577648074276316,14.0,10.0,0.0,14.0,24.0
/vol/tensusers6/lisannehuisman/data/images/test/S0-SM_tree10-elhigh-radfar-az225.png,0.3404255319148936,1.0,0.5079365079365079,0.9963235296308994,0.88077891189605,16.0,31.0,0.0,16.0,47.0
/vol/tensusers6/lisannehuisman/data/images/test/S0-SM_tree10-elhigh-radfar-az270.png,0.35294117647058826,1.0,0.5217391304347826,0.956477732672866,0.8060360532346426,12.0,22.0,0.0,12.0,34.0
/vol/tensusers6/lisannehuisman/data/images/test/S0-SM_tree10-elhigh-radmid-az090.png,1.0,1.0,1.0,1.0,0.921833334368964,10.0,0.0,0.0,10.0,10.0
/vol/tensusers6/lisannehuisman/data/images/test/S0-SM_tree10-elhigh-radmid-az135.png,0.9285714285714286,1.0,0.962962962962963,1.0,0.8539893914101574,13.0,1.0,0.0,13.0,14.0
/vol/tensusers6/lisannehuisman/data/images/test/S0-SM_tree10-elhigh-radnear-az045.png,0.27586206896551724,1.0,0.4324324324324324,1.0,0.9342056659050286,8.0,21.0,0.0,8.0,29.0
/vol/tensusers6/lisannehuisman/data/images/test/S0-SM_tree10-ellow-radfar-az270.png,0.09565217391304348,0.44,0.15714285714285714,0.4667826054640438,0.37300561028211665,11.0,104.0,14.0,25.0,115.0
/vol/tensusers6/lisannehuisman/data/images/test/S0-SM_tree10-ellow-radnear-az225.png,0.11564625850340136,0.85,0.20359281437125748,0.6580147350276802,0.4724700957434321,17.0,130.0,3.0,20.0,147.0
/vol/tensusers6/lisannehuisman/data/images/test/S0-SM_tree10-elmid-radmid-az045.png,0.3333333333333333,1.0,0.5,1.0,0.9231770831160248,8.0,16.0,0.0,8.0,24.0
/vol/tensusers6/lisannehuisman/data/images/test/S0-SM_tree10-elmid-radmid-az225.png,0.35555555555555557,0.9411764705882353,0.5161290322580645,0.9481737828641981,0.8118653893895953,16.0,29.0,1.0,17.0,45.0
/vol/tensusers6/lisannehuisman/data/images/test/S0-SM_tree10-elmid-radnear-az045.png,0.20689655172413793,0.8571428571428571,0.33333333333333326,0.871921190377233,0.8105559587573016,6.0,23.0,1.0,7.0,29.0
/vol/tensusers6/lisannehuisman/data/images/test/S0-SM_tree10-elmid-radnear-az090.png,0.15789473684210525,1.0,0.2727272727272727,0.9761904747713182,0.851334575160703,6.0,32.0,0.0,6.0,38.0
/vol/tensusers6/lisannehuisman/data/images/test/S0-SM_tree11-elhigh-radnear-az135.png,0.3333333333333333,1.0,0.5,1.0,0.862500000372529,2.0,4.0,0.0,2.0,6.0
/vol/tensusers6/lisannehuisman/data/images/test/S0-SM_tree11-ellow-radfar-az045.png,0.4,1.0,0.5714285714285715,1.0,0.7666666746139527,2.0,3.0,0.0,2.0,5.0
/vol/tensusers6/lisannehuisman/data/images/test/S0-SM_tree11-ellow-radmid-az045.png,0.5,1.0,0.6666666666666666,1.0,0.8562500059604645,2.0,2.0,0.0,2.0,4.0
/vol/tensusers6/lisannehuisman/data/images/test/S0-SM_tree11-ellow-radmid-az135.png,0.6666666666666666,1.0,0.8,1.0,0.958333333581686,2.0,1.0,0.0,2.0,3.0
/vol/tensusers6/lisannehuisman/data/images/test/S0-SM_tree11-ellow-radmid-az180.png,0.11764705882352941,0.6153846153846154,0.19753086419753085,0.5530555574837928,0.326822846479435,8.0,60.0,5.0,13.0,68.0
/vol/tensusers6/lisannehuisman/data/images/test/S0-SM_tree11-ellow-radnear-az270.png,0.08737864077669903,0.6,0.15254237288135594,0.48330492355184473,0.3079183881378866,9.0,94.0,6.0,15.0,103.0
/vol/tensusers6/lisannehuisman/data/images/test/S0-SM_tree11-ellow-radnear-az315.png,0.11594202898550725,0.8,0.20253164556962025,0.8115942143443702,0.6184782683204157,8.0,61.0,2.0,10.0,69.0
/vol/tensusers6/lisannehuisman/data/images/test/S0-SM_tree11-elmid-radfar-az090.png,0.2727272727272727,1.0,0.42857142857142855,1.0,0.8454545521826455,3.0,8.0,0.0,3.0,11.0
/vol/tensusers6/lisannehuisman/data/images/test/S0-SM_tree11-elmid-radfar-az135.png,0.75,1.0,0.8571428571428571,1.0,0.8666666720062495,3.0,1.0,0.0,3.0,4.0
/vol/tensusers6/lisannehuisman/data/images/test/S0-SM_tree11-elmid-radmid-az270.png,0.25,0.8,0.38095238095238093,0.8250000104308128,0.6150000186171383,4.0,12.0,1.0,5.0,16.0
/vol/tensusers6/lisannehuisman/data/images/test/S0-SM_tree11-elmid-radnear-az000.png,1.0,1.0,1.0,1.0,1.0,2.0,0.0,0.0,2.0,2.0
/vol/tensusers6/lisannehuisman/data/images/test/S0-SM_tree11-elmid-radnear-az135.png,0.25,1.0,0.4,1.0,0.953125,2.0,6.0,0.0,2.0,8.0
/vol/tensusers6/lisannehuisman/data/images/test/S0-SM_tree12-elhigh-radmid-az000.png,0.24,0.9230769230769231,0.38095238095238093,0.9323076961361445,0.833281494962897,12.0,38.0,1.0,13.0,50.0
/vol/tensusers6/lisannehuisman/data/images/test/S0-SM_tree12-elhigh-radmid-az180.png,0.34615384615384615,1.0,0.5142857142857142,1.0,0.8947293495382593,9.0,17.0,0.0,9.0,26.0
/vol/tensusers6/lisannehuisman/data/images/test/S0-SM_tree12-elhigh-radnear-az000.png,0.18333333333333332,0.9166666666666666,0.3055555555555556,0.8881944550408267,0.7911111206644117,11.0,49.0,1.0,12.0,60.0
/vol/tensusers6/lisannehuisman/data/images/test/S0-SM_tree12-ellow-radmid-az270.png,0.2,0.6842105263157895,0.30952380952380953,0.7157894854482851,0.5834541788682504,13.0,52.0,6.0,19.0,65.0
/vol/tensusers6/lisannehuisman/data/images/test/S0-SM_tree12-ellow-radnear-az000.png,0.2619047619047619,0.8461538461538461,0.4,0.8663003753611456,0.7060806536312069,11.0,31.0,2.0,13.0,42.0
/vol/tensusers6/lisannehuisman/data/images/test/S0-SM_tree12-ellow-radnear-az045.png,0.10975609756097561,0.6,0.18556701030927836,0.609830030212998,0.43572679515805957,9.0,73.0,6.0,15.0,82.0
/vol/tensusers6/lisannehuisman/data/images/test/S0-SM_tree12-ellow-radnear-az090.png,0.11392405063291139,0.75,0.19780219780219782,0.7398297309919393,0.43597960715526113,9.0,70.0,3.0,12.0,79.0
/vol/tensusers6/lisannehuisman/data/images/test/S0-SM_tree12-elmid-radfar-az045.png,0.21621621621621623,0.8421052631578947,0.34408602150537637,0.8529830194293391,0.4963291214363843,16.0,58.0,3.0,19.0,74.0
/vol/tensusers6/lisannehuisman/data/images/test/S0-SM_tree12-elmid-radfar-az090.png,0.12213740458015267,0.5161290322580645,0.19753086419753085,0.5149546133938685,0.35334626352244675,16.0,115.0,15.0,31.0,131.0
/vol/tensusers6/lisannehuisman/data/images/test/S0-SM_tree12-elmid-radnear-az045.png,0.10909090909090909,0.8571428571428571,0.19354838709677416,0.8649350730049146,0.7905627796744114,6.0,49.0,1.0,7.0,55.0
/vol/tensusers6/lisannehuisman/data/images/test/S0-SM_tree12-elmid-radnear-az135.png,0.19230769230769232,0.8333333333333334,0.3125,0.8215811822213177,0.7023504320563927,5.0,21.0,1.0,6.0,26.0
/vol/tensusers6/lisannehuisman/data/images/test/S0-SM_tree12-elmid-radnear-az225.png,0.16666666666666666,1.0,0.2857142857142857,0.9722222238779068,0.770642361883074,8.0,40.0,0.0,8.0,48.0
/vol/tensusers6/lisannehuisman/data/images/test/S0-SM_tree13-elhigh-radfar-az270.png,0.5909090909090909,0.9285714285714286,0.7222222222222223,0.9445732655020951,0.8283486981100584,13.0,9.0,1.0,14.0,22.0
/vol/tensusers6/lisannehuisman/data/images/test/S0-SM_tree13-elhigh-radmid-az000.png,0.41025641025641024,1.0,0.5818181818181819,0.9474547524005175,0.7421203148085624,16.0,23.0,0.0,16.0,39.0
/vol/tensusers6/lisannehuisman/data/images/test/S0-SM_tree13-elhigh-radmid-az180.png,0.4230769230769231,1.0,0.5945945945945945,1.0,0.9090809221562747,11.0,15.0,0.0,11.0,26.0
/vol/tensusers6/lisannehuisman/data/images/test/S0-SM_tree13-elhigh-radnear-az315.png,0.25,1.0,0.4,1.0,0.9248622618574579,11.0,33.0,0.0,11.0,44.0
/vol/tensusers6/lisannehuisman/data/images/test/S0-SM_tree13-ellow-radmid-az090.png,0.14173228346456693,0.75,0.2384105960264901,0.6999235662187644,0.4749457690840323,18.0,109.0,6.0,24.0,127.0
/vol/tensusers6/lisannehuisman/data/images/test/S0-SM_tree13-ellow-radmid-az225.png,0.1111111111111111,0.5357142857142857,0.18404907975460125,0.4865311345319365,0.3502808599571936,15.0,120.0,13.0,28.0,135.0
/vol/tensusers6/lisannehuisman/data/images/test/S0-SM_tree13-ellow-radnear-az045.png,0.11224489795918367,0.7333333333333333,0.19469026548672566,0.6282507052761215,0.4231265744759952,11.0,87.0,4.0,15.0,98.0
/vol/tensusers6/lisannehuisman/data/images/test/S0-SM_tree13-elmid-radfar-az225.png,0.15625,0.5714285714285714,0.24539877300613494,0.5466438522086108,0.37698905565156915,20.0,108.0,15.0,35.0,128.0
/vol/tensusers6/lisannehuisman/data/images/test/S0-SM_tree13-elmid-radmid-az270.png,0.48,1.0,0.6486486486486487,1.0,0.8877474764442503,12.0,13.0,0.0,12.0,25.0
/vol/tensusers6/lisannehuisman/data/images/test/S0-SM_tree13-elmid-radnear-az180.png,0.25,1.0,0.4,0.9888888869020676,0.7928395155118204,9.0,27.0,0.0,9.0,36.0
/vol/tensusers6/lisannehuisman/data/images/test/S0-SM_tree14-elhigh-radfar-az045.png,0.46153846153846156,1.0,0.631578947368421,1.0,0.8734024298635796,12.0,14.0,0.0,12.0,26.0
/vol/tensusers6/lisannehuisman/data/images/test/S0-SM_tree14-elhigh-radfar-az225.png,0.36,1.0,0.5294117647058824,1.0,0.8954814841692095,9.0,16.0,0.0,9.0,25.0
/vol/tensusers6/lisannehuisman/data/images/test/S0-SM_tree14-elhigh-radmid-az000.png,0.6,0.9230769230769231,0.7272727272727274,0.9461538502803215,0.8435714350288712,12.0,8.0,1.0,13.0,20.0
/vol/tensusers6/lisannehuisman/data/images/test/S0-SM_tree14-elhigh-radnear-az180.png,0.14893617021276595,1.0,0.25925925925925924,0.96825397203839,0.8402628204602032,7.0,40.0,0.0,7.0,47.0
/vol/tensusers6/lisannehuisman/data/images/test/S0-SM_tree14-elhigh-radnear-az225.png,0.2916666666666667,1.0,0.45161290322580644,1.0,0.8794047663201179,7.0,17.0,0.0,7.0,24.0
/vol/tensusers6/lisannehuisman/data/images/test/S0-SM_tree14-ellow-radmid-az000.png,0.20481927710843373,0.9444444444444444,0.3366336633663366,0.9501338450255563,0.7351997573405468,17.0,66.0,1.0,18.0,83.0
/vol/tensusers6/lisannehuisman/data/images/test/S0-SM_tree14-ellow-radmid-az225.png,0.09278350515463918,0.5,0.1565217391304348,0.5176403192596304,0.3615139410043126,9.0,88.0,9.0,18.0,97.0
/vol/tensusers6/lisannehuisman/data/images/test/S0-SM_tree14-elmid-radnear-az270.png,0.17777777777777778,1.0,0.3018867924528302,0.9362980797886848,0.7056144580710679,8.0,37.0,0.0,8.0,45.0
/vol/tensusers6/lisannehuisman/data/images/test/S0-SM_tree15-elhigh-radfar-az135.png,0.8125,1.0,0.896551724137931,1.0,0.9154380389863356,13.0,3.0,0.0,13.0,16.0
/vol/tensusers6/lisannehuisman/data/images/test/S0-SM_tree15-elhigh-radfar-az315.png,0.5925925925925926,1.0,0.7441860465116279,1.0,0.8838230049703271,16.0,11.0,0.0,16.0,27.0
/vol/tensusers6/lisannehuisman/data/images/test/S0-SM_tree15-elhigh-radnear-az000.png,0.24324324324324326,0.9,0.3829787234042553,0.9121621414213568,0.8666216115411874,9.0,28.0,1.0,10.0,37.0
/vol/tensusers6/lisannehuisman/data/images/test/S0-SM_tree15-ellow-radfar-az090.png,0.1111111111111111,0.7037037037037037,0.19191919191919188,0.6694828170681066,0.49794034811821425,19.0,152.0,8.0,27.0,171.0
/vol/tensusers6/lisannehuisman/data/images/test/S0-SM_tree15-ellow-radmid-az315.png,0.1780821917808219,0.8666666666666667,0.2954545454545454,0.8381347832202053,0.49099289032015625,13.0,60.0,2.0,15.0,73.0
/vol/tensusers6/lisannehuisman/data/images/test/S0-SM_tree15-elmid-radfar-az090.png,0.12179487179487179,0.5757575757575758,0.20105820105820105,0.5746050212133798,0.4147241124311039,19.0,137.0,14.0,33.0,156.0
/vol/tensusers6/lisannehuisman/data/images/test/S0-SM_tree15-elmid-radnear-az135.png,0.4,1.0,0.5714285714285715,0.9624999910593033,0.7546499945357443,10.0,15.0,0.0,10.0,25.0
/vol/tensusers6/lisannehuisman/data/images/test/S0-SM_tree15-elmid-radnear-az270.png,0.15254237288135594,1.0,0.2647058823529412,0.8901515238062299,0.7615788230286369,9.0,50.0,0.0,9.0,59.0
/vol/tensusers6/lisannehuisman/data/images/test/S0-SM_tree16-elhigh-radfar-az180.png,0.2894736842105263,0.9166666666666666,0.43999999999999995,0.9217836410025066,0.8456505798402499,11.0,27.0,1.0,12.0,38.0
/vol/tensusers6/lisannehuisman/data/images/test/S0-SM_tree16-elhigh-radnear-az225.png,0.27586206896551724,0.8888888888888888,0.42105263157894735,0.9042145650391378,0.8727969413901538,8.0,21.0,1.0,9.0,29.0
/vol/tensusers6/lisannehuisman/data/images/test/S0-SM_tree16-ellow-radfar-az090.png,0.125,0.7142857142857143,0.2127659574468085,0.7261904925107956,0.5102968100423396,15.0,105.0,6.0,21.0,120.0
/vol/tensusers6/lisannehuisman/data/images/test/S0-SM_tree16-ellow-radmid-az045.png,0.208955223880597,0.875,0.3373493975903615,0.8838930353522301,0.6902013451792299,14.0,53.0,2.0,16.0,67.0
/vol/tensusers6/lisannehuisman/data/images/test/S0-SM_tree16-ellow-radmid-az090.png,0.12931034482758622,0.6818181818181818,0.2173913043478261,0.6948145251943023,0.47640629783378163,15.0,101.0,7.0,22.0,116.0
/vol/tensusers6/lisannehuisman/data/images/test/S0-SM_tree16-ellow-radmid-az315.png,0.24615384615384617,1.0,0.39506172839506176,0.9231485780328512,0.7357343643205241,16.0,49.0,0.0,16.0,65.0
/vol/tensusers6/lisannehuisman/data/images/test/S0-SM_tree16-elmid-radfar-az000.png,0.5,0.9411764705882353,0.6530612244897959,0.9558823555707932,0.8010556795377628,16.0,16.0,1.0,17.0,32.0
/vol/tensusers6/lisannehuisman/data/images/test/S0-SM_tree16-elmid-radfar-az135.png,0.16,0.5882352941176471,0.25157232704402516,0.5763688952923909,0.3520638163700605,20.0,105.0,14.0,34.0,125.0
/vol/tensusers6/lisannehuisman/data/images/test/S0-SM_tree16-elmid-radfar-az315.png,0.1746031746031746,0.8461538461538461,0.2894736842105263,0.8595848682999465,0.7488400595067056,11.0,52.0,2.0,13.0,63.0
/vol/tensusers6/lisannehuisman/data/images/test/S0-SM_tree16-elmid-radmid-az000.png,0.24242424242424243,0.9411764705882353,0.3855421686746988,0.922005696597882,0.7544391121867068,16.0,50.0,1.0,17.0,66.0
/vol/tensusers6/lisannehuisman/data/images/test/S0-SM_tree16-elmid-radmid-az225.png,0.16326530612244897,0.8888888888888888,0.27586206896551724,0.8979591895697339,0.7860638797285988,8.0,41.0,1.0,9.0,49.0
/vol/tensusers6/lisannehuisman/data/images/test/S0-SM_tree17-elhigh-radfar-az000.png,0.6071428571428571,1.0,0.7555555555555554,0.996732024780286,0.8281069122265633,17.0,11.0,0.0,17.0,28.0
/vol/tensusers6/lisannehuisman/data/images/test/S0-SM_tree17-elhigh-radfar-az090.png,0.3235294117647059,0.9166666666666666,0.4782608695652174,0.9301470759160377,0.7949227706837537,11.0,23.0,1.0,12.0,34.0
/vol/tensusers6/lisannehuisman/data/images/test/S0-SM_tree17-elhigh-radfar-az135.png,0.2903225806451613,1.0,0.45000000000000007,0.979797980400047,0.7750325895052036,9.0,22.0,0.0,9.0,31.0
/vol/tensusers6/lisannehuisman/data/images/test/S0-SM_tree17-elhigh-radfar-az225.png,0.30434782608695654,0.7777777777777778,0.43750000000000006,0.8115942126886857,0.7186473556791528,7.0,16.0,2.0,9.0,23.0
/vol/tensusers6/lisannehuisman/data/images/test/S0-SM_tree17-elhigh-radmid-az045.png,0.3870967741935484,0.9230769230769231,0.5454545454545454,0.91232424121538,0.6871071262671817,12.0,19.0,1.0,13.0,31.0
/vol/tensusers6/lisannehuisman/data/images/test/S0-SM_tree17-elhigh-radmid-az270.png,0.19444444444444445,1.0,0.32558139534883723,1.0,0.8304761946378718,7.0,29.0,0.0,7.0,36.0
/vol/tensusers6/lisannehuisman/data/images/test/S0-SM_tree17-elhigh-radnear-az270.png,0.3333333333333333,0.7142857142857143,0.4545454545454545,0.7619047775155021,0.6942857316562107,5.0,10.0,2.0,7.0,15.0
/vol/tensusers6/lisannehuisman/data/images/test/S0-SM_tree17-ellow-radfar-az180.png,0.09333333333333334,0.7777777777777778,0.16666666666666666,0.5583588922174116,0.37085870281780775,7.0,68.0,2.0,9.0,75.0
/vol/tensusers6/lisannehuisman/data/images/test/S0-SM_tree17-ellow-radnear-az135.png,0.125,0.5416666666666666,0.203125,0.4240536627035141,0.25237018373283177,13.0,91.0,11.0,24.0,104.0
/vol/tensusers6/lisannehuisman/data/images/test/S0-SM_tree17-elmid-radfar-az045.png,0.2361111111111111,0.85,0.3695652173913043,0.8495039853429986,0.5996473666186255,17.0,55.0,3.0,20.0,72.0
/vol/tensusers6/lisannehuisman/data/images/test/S0-SM_tree17-elmid-radmid-az000.png,0.3333333333333333,1.0,0.5,1.0,0.7472723890386987,16.0,32.0,0.0,16.0,48.0
/vol/tensusers6/lisannehuisman/data/images/test/S0-SM_tree17-elmid-radmid-az045.png,0.75,1.0,0.8571428571428571,1.0,0.9079141841923436,12.0,4.0,0.0,12.0,16.0
/vol/tensusers6/lisannehuisman/data/images/test/S0-SM_tree17-elmid-radmid-az315.png,0.18333333333333332,0.9166666666666666,0.3055555555555556,0.9243055737680859,0.5822893324807238,11.0,49.0,1.0,12.0,60.0
/vol/tensusers6/lisannehuisman/data/images/test/S0-SM_tree18-elhigh-radmid-az315.png,0.3333333333333333,1.0,0.5,1.0,0.8300463006948983,12.0,24.0,0.0,12.0,36.0
/vol/tensusers6/lisannehuisman/data/images/test/S0-SM_tree18-ellow-radfar-az000.png,0.5172413793103449,0.8823529411764706,0.6521739130434783,0.9127789086550777,0.7153525195561034,15.0,14.0,2.0,17.0,29.0
/vol/tensusers6/lisannehuisman/data/images/test/S0-SM_tree18-ellow-radmid-az135.png,0.10101010101010101,0.45454545454545453,0.16528925619834708,0.42988980373622554,0.33766069656006636,10.0,89.0,12.0,22.0,99.0
/vol/tensusers6/lisannehuisman/data/images/test/S0-SM_tree18-ellow-radmid-az225.png,0.07575757575757576,0.5263157894736842,0.13245033112582782,0.45945751939850865,0.279275280255713,10.0,122.0,9.0,19.0,132.0
/vol/tensusers6/lisannehuisman/data/images/test/S0-SM_tree18-elmid-radfar-az135.png,0.13821138211382114,0.4857142857142857,0.2151898734177215,0.46088408713410023,0.28006587850192044,17.0,106.0,18.0,35.0,123.0
/vol/tensusers6/lisannehuisman/data/images/test/S0-SM_tree18-elmid-radmid-az000.png,0.47058823529411764,0.9411764705882353,0.627450980392157,0.9550173037708012,0.7745271108815104,16.0,18.0,1.0,17.0,34.0
/vol/tensusers6/lisannehuisman/data/images/test/S0-SM_tree18-elmid-radnear-az045.png,0.1774193548387097,1.0,0.3013698630136986,0.9860139910157741,0.7036376331796235,11.0,51.0,0.0,11.0,62.0
/vol/tensusers6/lisannehuisman/data/images/test/S0-SM_tree18-elmid-radnear-az090.png,0.23809523809523808,1.0,0.3846153846153846,0.8955543050116006,0.5846882212644448,10.0,32.0,0.0,10.0,42.0
/vol/tensusers6/lisannehuisman/data/images/test/S0-SM_tree19-elhigh-radfar-az045.png,0.2,0.8181818181818182,0.32142857142857145,0.8363636317578229,0.7513131462233236,9.0,36.0,2.0,11.0,45.0
/vol/tensusers6/lisannehuisman/data/images/test/S0-SM_tree19-elhigh-radfar-az135.png,0.26666666666666666,0.9230769230769231,0.4137931034482759,0.9333333378418898,0.7747863335245184,12.0,33.0,1.0,13.0,45.0
/vol/tensusers6/lisannehuisman/data/images/test/S0-SM_tree19-elhigh-radfar-az315.png,0.4146341463414634,1.0,0.5862068965517241,1.0,0.7924761301353159,17.0,24.0,0.0,17.0,41.0
/vol/tensusers6/lisannehuisman/data/images/test/S0-SM_tree19-elhigh-radnear-az000.png,0.21212121212121213,1.0,0.35,1.0,0.8822510895920006,7.0,26.0,0.0,7.0,33.0
/vol/tensusers6/lisannehuisman/data/images/test/S0-SM_tree19-ellow-radfar-az045.png,0.0759493670886076,0.5,0.13186813186813187,0.39795560126621554,0.24653029366177895,6.0,73.0,6.0,12.0,79.0
/vol/tensusers6/lisannehuisman/data/images/test/S0-SM_tree19-ellow-radmid-az315.png,0.2558139534883721,1.0,0.40740740740740744,1.0,0.8620859830180173,11.0,32.0,0.0,11.0,43.0
/vol/tensusers6/lisannehuisman/data/images/test/S0-SM_tree19-ellow-radnear-az270.png,0.24561403508771928,0.8235294117647058,0.37837837837837834,0.8213917250540006,0.5624208148016618,14.0,43.0,3.0,17.0,57.0
/vol/tensusers6/lisannehuisman/data/images/test/S0-SM_tree19-elmid-radnear-az270.png,0.21818181818181817,1.0,0.3582089552238806,0.9523809640890075,0.6860521866100739,12.0,43.0,0.0,12.0,55.0
/vol/tensusers6/lisannehuisman/data/images/test/S0-SM_tree2-elhigh-radmid-az090.png,0.1956521739130435,1.0,0.32727272727272727,1.0,0.8980331315042605,9.0,37.0,0.0,9.0,46.0
/vol/tensusers6/lisannehuisman/data/images/test/S0-SM_tree2-elhigh-radmid-az180.png,0.6470588235294118,1.0,0.7857142857142858,1.0,0.9021309458633295,11.0,6.0,0.0,11.0,17.0
/vol/tensusers6/lisannehuisman/data/images/test/S0-SM_tree2-elhigh-radnear-az135.png,0.5714285714285714,1.0,0.7272727272727273,1.0,0.9453869044780732,8.0,6.0,0.0,8.0,14.0
/vol/tensusers6/lisannehuisman/data/images/test/S0-SM_tree2-ellow-radfar-az270.png,0.1523809523809524,0.5161290322580645,0.23529411764705882,0.5379416168079398,0.40225898687343004,16.0,89.0,15.0,31.0,105.0
/vol/tensusers6/lisannehuisman/data/images/test/S0-SM_tree2-ellow-radmid-az045.png,0.2222222222222222,1.0,0.3636363636363636,0.9089285731315613,0.7840137993916869,8.0,28.0,0.0,8.0,36.0
/vol/tensusers6/lisannehuisman/data/images/test/S0-SM_tree2-ellow-radnear-az090.png,0.11428571428571428,1.0,0.20512820512820512,1.0,0.7675000015413389,4.0,31.0,0.0,4.0,35.0
/vol/tensusers6/lisannehuisman/data/images/test/S0-SM_tree2-ellow-radnear-az135.png,0.13953488372093023,0.8571428571428571,0.24,0.8671096429674332,0.7926245966053683,6.0,37.0,1.0,7.0,43.0
/vol/tensusers6/lisannehuisman/data/images/test/S0-SM_tree2-elmid-radfar-az135.png,0.5882352941176471,1.0,0.7407407407407407,1.0,0.9079656853775184,10.0,7.0,0.0,10.0,17.0
/vol/tensusers6/lisannehuisman/data/images/test/S0-SM_tree20-elhigh-radfar-az225.png,0.4,1.0,0.5714285714285715,1.0,0.896292091855773,12.0,18.0,0.0,12.0,30.0
/vol/tensusers6/lisannehuisman/data/images/test/S0-SM_tree20-elhigh-radmid-az000.png,0.22448979591836735,1.0,0.36666666666666664,1.0,0.8777932411156113,11.0,38.0,0.0,11.0,49.0
/vol/tensusers6/lisannehuisman/data/images/test/S0-SM_tree20-elhigh-radmid-az090.png,0.23684210526315788,0.9,0.375,0.911842084519173,0.8721971456690341,9.0,29.0,1.0,10.0,38.0
/vol/tensusers6/lisannehuisman/data/images/test/S0-SM_tree20-ellow-radfar-az225.png,0.10655737704918032,0.4642857142857143,0.1733333333333333,0.4611151832785213,0.32490620816383853,13.0,109.0,15.0,28.0,122.0
/vol/tensusers6/lisannehuisman/data/images/test/S0-SM_tree20-ellow-radmid-az315.png,0.22448979591836735,1.0,0.36666666666666664,1.0,0.7148979658052907,11.0,38.0,0.0,11.0,49.0
/vol/tensusers6/lisannehuisman/data/images/test/S0-SM_tree20-ellow-radnear-az180.png,0.11627906976744186,0.5555555555555556,0.19230769230769232,0.544358320373795,0.4046614214099454,10.0,76.0,8.0,18.0,86.0
/vol/tensusers6/lisannehuisman/data/images/test/S0-SM_tree20-elmid-radfar-az000.png,0.38461538461538464,0.9090909090909091,0.5405405405405405,0.8769866554072463,0.7940105435561691,10.0,16.0,1.0,11.0,26.0
/vol/tensusers6/lisannehuisman/data/images/test/S0-SM_tree20-elmid-radfar-az225.png,0.12698412698412698,0.48484848484848486,0.2012578616352201,0.4484849495009624,0.28896496074331535,16.0,110.0,17.0,33.0,126.0
/vol/tensusers6/lisannehuisman/data/images/test/S0-SM_tree20-elmid-radmid-az000.png,0.43478260869565216,1.0,0.6060606060606061,0.9714285663196023,0.8273977712038946,10.0,13.0,0.0,10.0,23.0
/vol/tensusers6/lisannehuisman/data/images/test/S0-SM_tree20-elmid-radmid-az180.png,0.5789473684210527,1.0,0.7333333333333334,0.9860139910157741,0.9017528581485991,11.0,8.0,0.0,11.0,19.0
/vol/tensusers6/lisannehuisman/data/images/test/S0-SM_tree20-elmid-radmid-az225.png,0.2777777777777778,1.0,0.4347826086956522,1.0,0.8381944451232751,10.0,26.0,0.0,10.0,36.0
/vol/tensusers6/lisannehuisman/data/images/test/S0-SM_tree20-elmid-radnear-az045.png,0.15,1.0,0.2608695652173913,0.9444444411330757,0.7894675842876098,6.0,34.0,0.0,6.0,40.0
/vol/tensusers6/lisannehuisman/data/images/test/S0-SM_tree20-elmid-radnear-az135.png,0.1206896551724138,0.6363636363636364,0.20289855072463767,0.6583071994277003,0.549373042185245,7.0,51.0,4.0,11.0,58.0
/vol/tensusers6/lisannehuisman/data/images/test/S0-SM_tree21-elhigh-radfar-az135.png,0.5217391304347826,1.0,0.6857142857142856,1.0,0.8408715859709398,12.0,11.0,0.0,12.0,23.0
/vol/tensusers6/lisannehuisman/data/images/test/S0-SM_tree21-elhigh-radfar-az315.png,0.34210526315789475,1.0,0.5098039215686275,0.9630769238105188,0.6519051365965789,13.0,25.0,0.0,13.0,38.0
/vol/tensusers6/lisannehuisman/data/images/test/S0-SM_tree21-elhigh-radnear-az000.png,0.1875,0.75,0.3,0.7734375,0.7734375,3.0,13.0,1.0,4.0,16.0
/vol/tensusers6/lisannehuisman/data/images/test/S0-SM_tree21-ellow-radfar-az315.png,0.08823529411764706,0.6666666666666666,0.15584415584415584,0.6178805060670769,0.4060283654513892,6.0,62.0,3.0,9.0,68.0
/vol/tensusers6/lisannehuisman/data/images/test/S0-SM_tree21-ellow-radmid-az000.png,0.34615384615384615,0.9,0.5,0.9173076730508072,0.8054963242291532,9.0,17.0,1.0,10.0,26.0
/vol/tensusers6/lisannehuisman/data/images/test/S0-SM_tree21-ellow-radmid-az045.png,0.1267605633802817,0.9,0.22222222222222224,0.8343573485985436,0.5311352687210896,9.0,62.0,1.0,10.0,71.0
/vol/tensusers6/lisannehuisman/data/images/test/S0-SM_tree21-ellow-radmid-az225.png,0.06015037593984962,0.27586206896551724,0.09876543209876543,0.26902729683993176,0.19849486445181058,8.0,125.0,21.0,29.0,133.0
/vol/tensusers6/lisannehuisman/data/images/test/S0-SM_tree21-ellow-radnear-az000.png,0.24,0.75,0.36363636363636365,0.7799999993294477,0.7283749994356186,6.0,19.0,2.0,8.0,25.0
/vol/tensusers6/lisannehuisman/data/images/test/S0-SM_tree21-elmid-radfar-az000.png,0.375,1.0,0.5454545454545454,0.9242592526917104,0.6741178924389695,12.0,20.0,0.0,12.0,32.0
/vol/tensusers6/lisannehuisman/data/images/test/S0-SM_tree21-elmid-radfar-az135.png,0.17857142857142858,0.7142857142857143,0.2857142857142857,0.6783677708402944,0.4355632843128573,20.0,92.0,8.0,28.0,112.0
/vol/tensusers6/lisannehuisman/data/images/test/S0-SM_tree21-elmid-radfar-az225.png,0.12096774193548387,0.5172413793103449,0.19607843137254904,0.5309232313842034,0.30476454294956257,15.0,109.0,14.0,29.0,124.0
/vol/tensusers6/lisannehuisman/data/images/test/S0-SM_tree21-elmid-radmid-az000.png,0.47368421052631576,1.0,0.6428571428571429,1.0,0.8505198233423826,9.0,10.0,0.0,9.0,19.0
/vol/tensusers6/lisannehuisman/data/images/test/S0-SM_tree21-elmid-radmid-az135.png,0.75,1.0,0.8571428571428571,1.0,0.8229071981606608,12.0,4.0,0.0,12.0,16.0
/vol/tensusers6/lisannehuisman/data/images/test/S0-SM_tree21-elmid-radmid-az315.png,0.6363636363636364,1.0,0.7777777777777778,1.0,0.9396103924035509,7.0,4.0,0.0,7.0,11.0
/vol/tensusers6/lisannehuisman/data/images/test/S0-SM_tree21-elmid-radnear-az135.png,0.22727272727272727,0.9090909090909091,0.36363636363636365,0.820237361343231,0.5462778242301054,10.0,34.0,1.0,11.0,44.0
/vol/tensusers6/lisannehuisman/data/images/test/S0-SM_tree21-elmid-radnear-az315.png,0.175,0.875,0.29166666666666663,0.8859374998137355,0.815312500204891,7.0,33.0,1.0,8.0,40.0
/vol/tensusers6/lisannehuisman/data/images/test/S0-SM_tree22-elhigh-radfar-az270.png,0.46153846153846156,1.0,0.631578947368421,1.0,0.8778210254867462,12.0,14.0,0.0,12.0,26.0
/vol/tensusers6/lisannehuisman/data/images/test/S0-SM_tree22-elhigh-radfar-az315.png,0.3870967741935484,0.8571428571428571,0.5333333333333333,0.8847926327709779,0.7668935845202989,12.0,19.0,2.0,14.0,31.0
/vol/tensusers6/lisannehuisman/data/images/test/S0-SM_tree22-elhigh-radmid-az270.png,0.2564102564102564,1.0,0.4081632653061224,0.9714285663196023,0.822136389173935,10.0,29.0,0.0,10.0,39.0
/vol/tensusers6/lisannehuisman/data/images/test/S0-SM_tree22-elhigh-radnear-az045.png,0.18604651162790697,0.8888888888888888,0.3076923076923077,0.8992248121697157,0.824246349313411,8.0,35.0,1.0,9.0,43.0
/vol/tensusers6/lisannehuisman/data/images/test/S0-SM_tree22-ellow-radfar-az270.png,0.1388888888888889,0.7142857142857143,0.23255813953488372,0.6825396818301037,0.583886613853285,10.0,62.0,4.0,14.0,72.0
/vol/tensusers6/lisannehuisman/data/images/test/S0-SM_tree22-ellow-radfar-az315.png,0.23333333333333334,0.9333333333333333,0.37333333333333335,0.9293464101743854,0.6082034080677192,14.0,46.0,1.0,15.0,60.0
/vol/tensusers6/lisannehuisman/data/images/test/S0-SM_tree22-ellow-radmid-az000.png,0.16666666666666666,0.875,0.27999999999999997,0.8229166669771075,0.44610469329636543,7.0,35.0,1.0,8.0,42.0
/vol/tensusers6/lisannehuisman/data/images/test/S0-SM_tree22-ellow-radmid-az315.png,0.17857142857142858,1.0,0.30303030303030304,1.0,0.772272731022208,10.0,46.0,0.0,10.0,56.0
/vol/tensusers6/lisannehuisman/data/images/test/S0-SM_tree22-elmid-radfar-az180.png,0.26785714285714285,0.7894736842105263,0.4,0.7767381143470775,0.5533997061060878,15.0,41.0,4.0,19.0,56.0
/vol/tensusers6/lisannehuisman/data/images/test/S0-SM_tree22-elmid-radfar-az315.png,0.3023255813953488,0.9285714285714286,0.456140350877193,0.8899107018690122,0.5422690916150841,13.0,30.0,1.0,14.0,43.0
/vol/tensusers6/lisannehuisman/data/images/test/S0-SM_tree22-elmid-radmid-az270.png,0.2,0.875,0.32558139534883723,0.8875000001862645,0.8005357146728784,7.0,28.0,1.0,8.0,35.0
/vol/tensusers6/lisannehuisman/data/images/test/S0-SM_tree22-elmid-radmid-az315.png,0.42857142857142855,1.0,0.6,1.0,0.8116402199856504,9.0,12.0,0.0,9.0,21.0
/vol/tensusers6/lisannehuisman/data/images/test/S0-SM_tree22-elmid-radnear-az090.png,0.23809523809523808,1.0,0.3846153846153846,1.0,0.7375018325044396,10.0,32.0,0.0,10.0,42.0
/vol/tensusers6/lisannehuisman/data/images/test/S0-SM_tree23-elhigh-radfar-az225.png,0.6,1.0,0.7499999999999999,1.0,0.8520138911199238,12.0,8.0,0.0,12.0,20.0
/vol/tensusers6/lisannehuisman/data/images/test/S0-SM_tree23-elhigh-radfar-az270.png,0.4,1.0,0.5714285714285715,1.0,0.7750000006519258,4.0,6.0,0.0,4.0,10.0
/vol/tensusers6/lisannehuisman/data/images/test/S0-SM_tree23-elhigh-radmid-az000.png,0.75,1.0,0.8571428571428571,1.0,0.8575694445044629,6.0,2.0,0.0,6.0,8.0
/vol/tensusers6/lisannehuisman/data/images/test/S0-SM_tree23-elhigh-radnear-az225.png,1.0,0.8,0.888888888888889,0.9000000059604645,0.8000000074505806,4.0,0.0,1.0,5.0,4.0
/vol/tensusers6/lisannehuisman/data/images/test/S0-SM_tree23-ellow-radmid-az000.png,0.21238938053097345,0.6857142857142857,0.3243243243243243,0.6778603512965544,0.40540583769777483,24.0,89.0,11.0,35.0,113.0
/vol/tensusers6/lisannehuisman/data/images/test/S0-SM_tree23-ellow-radmid-az090.png,0.125,0.5714285714285714,0.20512820512820512,0.5422297340303546,0.36614705972058914,8.0,56.0,6.0,14.0,64.0
/vol/tensusers6/lisannehuisman/data/images/test/S0-SM_tree23-ellow-radnear-az180.png,0.6666666666666666,1.0,0.8,0.9818181883205064,0.8468409138565711,10.0,5.0,0.0,10.0,15.0
/vol/tensusers6/lisannehuisman/data/images/test/S0-SM_tree23-ellow-radnear-az225.png,0.391304347826087,1.0,0.5625,1.0,0.7864734355018334,9.0,14.0,0.0,9.0,23.0
/vol/tensusers6/lisannehuisman/data/images/test/S0-SM_tree23-elmid-radfar-az000.png,0.2214765100671141,0.66,0.3316582914572865,0.641594019308322,0.3773021356344046,33.0,116.0,17.0,50.0,149.0
/vol/tensusers6/lisannehuisman/data/images/test/S0-SM_tree23-elmid-radmid-az000.png,0.29508196721311475,0.9473684210526315,0.45,0.9551337548532395,0.6118277315472589,18.0,43.0,1.0,19.0,61.0
/vol/tensusers6/lisannehuisman/data/images/test/S0-SM_tree23-elmid-radmid-az270.png,1.0,1.0,1.0,1.0,0.9,1.0,0.0,0.0,1.0,1.0
/vol/tensusers6/lisannehuisman/data/images/test/S0-SM_tree23-elmid-radnear-az135.png,0.5,1.0,0.6666666666666666,1.0,0.9140000026524067,5.0,5.0,0.0,5.0,10.0
/vol/tensusers6/lisannehuisman/data/images/test/S0-SM_tree23-elmid-radnear-az270.png,0.5,1.0,0.6666666666666666,1.0,1.0,1.0,1.0,0.0,1.0,2.0
/vol/tensusers6/lisannehuisman/data/images/test/S0-SM_tree24-elhigh-radfar-az270.png,0.46153846153846156,1.0,0.631578947368421,1.0,0.8282051268678445,6.0,7.0,0.0,6.0,13.0
/vol/tensusers6/lisannehuisman/data/images/test/S0-SM_tree24-elhigh-radmid-az045.png,0.75,1.0,0.8571428571428571,1.0,0.9250000044703484,3.0,1.0,0.0,3.0,4.0
/vol/tensusers6/lisannehuisman/data/images/test/S0-SM_tree24-ellow-radmid-az225.png,0.25396825396825395,0.8,0.38554216867469876,0.7796838144511655,0.5152119334393342,16.0,47.0,4.0,20.0,63.0
/vol/tensusers6/lisannehuisman/data/images/test/S0-SM_tree24-elmid-radfar-az000.png,0.1956521739130435,0.47368421052631576,0.2769230769230769,0.4467928181362455,0.20586064722872172,18.0,74.0,20.0,38.0,92.0
/vol/tensusers6/lisannehuisman/data/images/test/S0-SM_tree24-elmid-radfar-az225.png,0.29850746268656714,0.9090909090909091,0.44943820224719094,0.8779131982087591,0.5408239962920149,20.0,47.0,2.0,22.0,67.0
/vol/tensusers6/lisannehuisman/data/images/test/S0-SM_tree24-elmid-radmid-az090.png,0.6666666666666666,1.0,0.8,1.0,0.8500000007450581,4.0,2.0,0.0,4.0,6.0
/vol/tensusers6/lisannehuisman/data/images/test/S0-SM_tree24-elmid-radnear-az045.png,0.5,1.0,0.6666666666666666,1.0,0.9125,2.0,2.0,0.0,2.0,4.0
/vol/tensusers6/lisannehuisman/data/images/test/S0-SM_tree24-elmid-radnear-az135.png,0.2727272727272727,0.75,0.39999999999999997,0.7840909101068974,0.6170454557985068,3.0,8.0,1.0,4.0,11.0
/vol/tensusers6/lisannehuisman/data/images/test/S0-SM_tree24-elmid-radnear-az315.png,0.4,1.0,0.5714285714285715,1.0,0.8200000002980232,2.0,3.0,0.0,2.0,5.0
/vol/tensusers6/lisannehuisman/data/images/test/S0-SM_tree25-elhigh-radfar-az045.png,0.3333333333333333,0.8,0.47058823529411764,0.8333333442608515,0.6640416783293089,8.0,16.0,2.0,10.0,24.0
/vol/tensusers6/lisannehuisman/data/images/test/S0-SM_tree25-elhigh-radfar-az180.png,0.65,1.0,0.787878787878788,1.0,0.8666370873782172,13.0,7.0,0.0,13.0,20.0
/vol/tensusers6/lisannehuisman/data/images/test/S0-SM_tree25-elhigh-radfar-az225.png,0.35294117647058826,0.8571428571428571,0.5,0.8823529488148809,0.7325630349694056,12.0,22.0,2.0,14.0,34.0
/vol/tensusers6/lisannehuisman/data/images/test/S0-SM_tree25-elhigh-radmid-az315.png,0.2777777777777778,0.8333333333333334,0.4166666666666667,0.8564814654765307,0.763888888185223,5.0,13.0,1.0,6.0,18.0
/vol/tensusers6/lisannehuisman/data/images/test/S0-SM_tree25-ellow-radfar-az135.png,0.26666666666666666,1.0,0.4210526315789474,1.0,0.7775000009685755,4.0,11.0,0.0,4.0,15.0
/vol/tensusers6/lisannehuisman/data/images/test/S0-SM_tree25-ellow-radfar-az315.png,0.47058823529411764,0.8888888888888888,0.6153846153846153,0.9135512035072244,0.6669664052861172,24.0,27.0,3.0,27.0,51.0
/vol/tensusers6/lisannehuisman/data/images/test/S0-SM_tree25-ellow-radmid-az135.png,0.2,0.5,0.28571428571428575,0.5500000007450581,0.5500000007450581,1.0,4.0,1.0,2.0,5.0
/vol/tensusers6/lisannehuisman/data/images/test/S0-SM_tree25-ellow-radmid-az180.png,0.5,1.0,0.6666666666666666,1.0,0.8148148223619769,9.0,9.0,0.0,9.0,18.0
/vol/tensusers6/lisannehuisman/data/images/test/S0-SM_tree25-ellow-radmid-az270.png,0.47058823529411764,0.8888888888888888,0.6153846153846153,0.9150326849004022,0.6904139505216368,8.0,9.0,1.0,9.0,17.0
/vol/tensusers6/lisannehuisman/data/images/test/S0-SM_tree25-ellow-radnear-az000.png,0.24509803921568626,0.6097560975609756,0.34965034965034963,0.6383700982930103,0.3880543856135469,25.0,77.0,16.0,41.0,102.0
/vol/tensusers6/lisannehuisman/data/images/test/S0-SM_tree25-ellow-radnear-az090.png,0.03278688524590164,0.15384615384615385,0.05405405405405406,0.16771753323540411,0.12610340843266074,2.0,59.0,11.0,13.0,61.0
/vol/tensusers6/lisannehuisman/data/images/test/S0-SM_tree25-ellow-radnear-az270.png,0.7777777777777778,1.0,0.8750000000000001,1.0,0.7081179211381611,7.0,2.0,0.0,7.0,9.0
/vol/tensusers6/lisannehuisman/data/images/test/S0-SM_tree25-elmid-radfar-az225.png,0.23684210526315788,0.9,0.375,0.911842084519173,0.7373940483402777,9.0,29.0,1.0,10.0,38.0
/vol/tensusers6/lisannehuisman/data/images/test/S0-SM_tree25-elmid-radnear-az000.png,0.23809523809523808,0.7142857142857143,0.35714285714285715,0.7482993348317892,0.6482993339270757,5.0,16.0,2.0,7.0,21.0
/vol/tensusers6/lisannehuisman/data/images/test/S0-SM_tree25-elmid-radnear-az180.png,0.4375,1.0,0.6086956521739131,1.0,0.7330357231665403,7.0,9.0,0.0,7.0,16.0
/vol/tensusers6/lisannehuisman/data/images/test/S0-SM_tree26-elhigh-radfar-az045.png,0.5,1.0,0.6666666666666666,1.0,0.7627866004792418,9.0,9.0,0.0,9.0,18.0
/vol/tensusers6/lisannehuisman/data/images/test/S0-SM_tree26-elhigh-radmid-az000.png,1.0,1.0,1.0,1.0,0.9760000016689301,5.0,0.0,0.0,5.0,5.0
/vol/tensusers6/lisannehuisman/data/images/test/S0-SM_tree26-elhigh-radmid-az315.png,0.26666666666666666,1.0,0.4210526315789474,1.0,0.7908333337865769,4.0,11.0,0.0,4.0,15.0
/vol/tensusers6/lisannehuisman/data/images/test/S0-SM_tree26-elhigh-radnear-az135.png,0.6363636363636364,1.0,0.7777777777777778,1.0,0.8155844221835011,7.0,4.0,0.0,7.0,11.0
/vol/tensusers6/lisannehuisman/data/images/test/S0-SM_tree26-ellow-radfar-az000.png,0.18181818181818182,0.5714285714285714,0.27586206896551724,0.5907255110936216,0.42670542302251013,16.0,72.0,12.0,28.0,88.0
/vol/tensusers6/lisannehuisman/data/images/test/S0-SM_tree26-ellow-radmid-az180.png,0.4642857142857143,0.8666666666666667,0.6046511627906976,0.8349206501292805,0.5471802167388864,13.0,15.0,2.0,15.0,28.0
/vol/tensusers6/lisannehuisman/data/images/test/S0-SM_tree26-ellow-radnear-az180.png,0.5,1.0,0.6666666666666666,0.9447704084673703,0.6029110002166289,14.0,14.0,0.0,14.0,28.0
/vol/tensusers6/lisannehuisman/data/images/test/S0-SM_tree26-ellow-radnear-az225.png,0.25,0.9230769230769231,0.39344262295081966,0.92170330202514,0.7292266159669517,12.0,36.0,1.0,13.0,48.0
/vol/tensusers6/lisannehuisman/data/images/test/S0-SM_tree26-ellow-radnear-az270.png,0.38461538461538464,0.9090909090909091,0.5405405405405405,0.9265734487688624,0.619210800770726,10.0,16.0,1.0,11.0,26.0
/vol/tensusers6/lisannehuisman/data/images/test/S0-SM_tree26-elmid-radmid-az180.png,0.22641509433962265,0.9230769230769231,0.36363636363636365,0.9317852001318219,0.6703943006425959,12.0,41.0,1.0,13.0,53.0
/vol/tensusers6/lisannehuisman/data/images/test/S0-SM_tree26-elmid-radmid-az270.png,0.2647058823529412,0.8181818181818182,0.39999999999999997,0.8422459858783427,0.6392326624224631,9.0,25.0,2.0,11.0,34.0
/vol/tensusers6/lisannehuisman/data/images/test/S0-SM_tree26-elmid-radnear-az000.png,0.25,0.8333333333333334,0.3846153846153846,0.8541666492819786,0.7599999935428301,5.0,15.0,1.0,6.0,20.0
/vol/tensusers6/lisannehuisman/data/images/test/S0-SM_tree26-elmid-radnear-az270.png,0.2857142857142857,1.0,0.4444444444444445,0.7000000029802322,0.6014285735785961,2.0,5.0,0.0,2.0,7.0
/vol/tensusers6/lisannehuisman/data/images/test/S0-SM_tree27-elhigh-radmid-az180.png,0.3125,0.8333333333333334,0.45454545454545453,0.8593749832361937,0.814062493480742,5.0,11.0,1.0,6.0,16.0
/vol/tensusers6/lisannehuisman/data/images/test/S0-SM_tree27-elhigh-radnear-az000.png,0.375,1.0,0.5454545454545454,1.0,0.9125000052154064,3.0,5.0,0.0,3.0,8.0
/vol/tensusers6/lisannehuisman/data/images/test/S0-SM_tree27-ellow-radmid-az090.png,0.1590909090909091,0.5384615384615384,0.2456140350877193,0.5751748498711553,0.43868632657733164,7.0,37.0,6.0,13.0,44.0
/vol/tensusers6/lisannehuisman/data/images/test/S0-SM_tree27-elmid-radmid-az000.png,0.3333333333333333,1.0,0.5,1.0,0.9370370380028531,3.0,6.0,0.0,3.0,9.0
/vol/tensusers6/lisannehuisman/data/images/test/S0-SM_tree27-elmid-radmid-az045.png,0.21428571428571427,1.0,0.35294117647058826,1.0,0.823750001832488,6.0,22.0,0.0,6.0,28.0
/vol/tensusers6/lisannehuisman/data/images/test/S0-SM_tree27-elmid-radmid-az135.png,0.8571428571428571,1.0,0.923076923076923,1.0,0.9136904720039596,6.0,1.0,0.0,6.0,7.0
/vol/tensusers6/lisannehuisman/data/images/test/S0-SM_tree27-elmid-radmid-az270.png,0.5,0.85,0.6296296296296295,0.8875000178813934,0.5668934325862794,17.0,17.0,3.0,20.0,34.0
/vol/tensusers6/lisannehuisman/data/images/test/S0-SM_tree27-elmid-radnear-az045.png,0.2,1.0,0.33333333333333337,1.0,0.8897222205168671,6.0,24.0,0.0,6.0,30.0
/vol/tensusers6/lisannehuisman/data/images/test/S0-SM_tree27-elmid-radnear-az270.png,0.4,1.0,0.5714285714285715,1.0,0.6850000005215406,2.0,3.0,0.0,2.0,5.0
/vol/tensusers6/lisannehuisman/data/images/test/S0-SM_tree28-elhigh-radmid-az315.png,1.0,1.0,1.0,1.0,0.9160000064373015,5.0,0.0,0.0,5.0,5.0
/vol/tensusers6/lisannehuisman/data/images/test/S0-SM_tree28-elhigh-radnear-az135.png,0.75,1.0,0.8571428571428571,1.0,0.9750000014901161,3.0,1.0,0.0,3.0,4.0
/vol/tensusers6/lisannehuisman/data/images/test/S0-SM_tree28-ellow-radmid-az090.png,0.12195121951219512,0.5,0.19607843137254902,0.4436457059885326,0.40224005682080677,5.0,36.0,5.0,10.0,41.0
/vol/tensusers6/lisannehuisman/data/images/test/S0-SM_tree28-ellow-radmid-az180.png,0.26153846153846155,0.85,0.4,0.8310737322882193,0.5574137998092406,17.0,48.0,3.0,20.0,65.0
/vol/tensusers6/lisannehuisman/data/images/test/S0-SM_tree28-ellow-radmid-az225.png,0.36538461538461536,0.95,0.5277777777777778,0.8828355869954256,0.5175517397257351,19.0,33.0,1.0,20.0,52.0
/vol/tensusers6/lisannehuisman/data/images/test/S0-SM_tree28-ellow-radnear-az045.png,0.09090909090909091,0.4230769230769231,0.14965986394557826,0.3815939557110264,0.22684516519143538,11.0,110.0,15.0,26.0,121.0
/vol/tensusers6/lisannehuisman/data/images/test/S0-SM_tree28-elmid-radfar-az315.png,0.36046511627906974,0.7948717948717948,0.49599999999999994,0.8170195086433942,0.5367453568100002,31.0,55.0,8.0,39.0,86.0
/vol/tensusers6/lisannehuisman/data/images/test/S0-SM_tree28-elmid-radnear-az045.png,0.2222222222222222,1.0,0.3636363636363636,1.0,0.8723765397766308,6.0,21.0,0.0,6.0,27.0
/vol/tensusers6/lisannehuisman/data/images/test/S0-SM_tree28-elmid-radnear-az225.png,0.35714285714285715,1.0,0.5263157894736842,1.0,0.8092857183196716,5.0,9.0,0.0,5.0,14.0
/vol/tensusers6/lisannehuisman/data/images/test/S0-SM_tree28-elmid-radnear-az315.png,0.8,1.0,0.888888888888889,1.0,1.0,4.0,1.0,0.0,4.0,5.0
/vol/tensusers6/lisannehuisman/data/images/test/S0-SM_tree29-elhigh-radfar-az135.png,0.30434782608695654,1.0,0.4666666666666667,1.0,0.9372670843271734,7.0,16.0,0.0,7.0,23.0
/vol/tensusers6/lisannehuisman/data/images/test/S0-SM_tree29-elhigh-radfar-az315.png,0.2692307692307692,1.0,0.42424242424242425,1.0,0.7930743139615349,7.0,19.0,0.0,7.0,26.0
/vol/tensusers6/lisannehuisman/data/images/test/S0-SM_tree29-elhigh-radmid-az045.png,0.4666666666666667,1.0,0.6363636363636364,1.0,0.8971428598392578,7.0,8.0,0.0,7.0,15.0
/vol/tensusers6/lisannehuisman/data/images/test/S0-SM_tree29-elhigh-radmid-az225.png,0.38461538461538464,1.0,0.5555555555555556,1.0,0.9276923095377592,5.0,8.0,0.0,5.0,13.0
/vol/tensusers6/lisannehuisman/data/images/test/S0-SM_tree29-ellow-radmid-az225.png,0.1694915254237288,0.6666666666666666,0.27027027027027023,0.6726930535221278,0.4432683298751711,10.0,49.0,5.0,15.0,59.0
/vol/tensusers6/lisannehuisman/data/images/test/S0-SM_tree29-elmid-radfar-az315.png,0.30851063829787234,0.7631578947368421,0.4393939393939394,0.7887897965314865,0.5532938694396536,29.0,65.0,9.0,38.0,94.0
/vol/tensusers6/lisannehuisman/data/images/test/S0-SM_tree29-elmid-radmid-az180.png,0.22950819672131148,0.9333333333333333,0.3684210526315789,0.8432180329232599,0.5991291987207447,14.0,47.0,1.0,15.0,61.0
/vol/tensusers6/lisannehuisman/data/images/test/S0-SM_tree3-elhigh-radfar-az090.png,0.7777777777777778,1.0,0.8750000000000001,1.0,0.9575963748082552,7.0,2.0,0.0,7.0,9.0
/vol/tensusers6/lisannehuisman/data/images/test/S0-SM_tree3-elhigh-radfar-az225.png,1.0,1.0,1.0,1.0,0.9444444456034237,3.0,0.0,0.0,3.0,3.0
/vol/tensusers6/lisannehuisman/data/images/test/S0-SM_tree3-elhigh-radfar-az270.png,0.2777777777777778,1.0,0.4347826086956522,1.0,0.8755555630889205,5.0,13.0,0.0,5.0,18.0
/vol/tensusers6/lisannehuisman/data/images/test/S0-SM_tree3-elhigh-radnear-az000.png,0.17647058823529413,0.8571428571428571,0.29268292682926833,0.8697479072363437,0.8289916071790356,6.0,28.0,1.0,7.0,34.0
/vol/tensusers6/lisannehuisman/data/images/test/S0-SM_tree3-elhigh-radnear-az090.png,0.21212121212121213,1.0,0.35,1.0,0.8475524569590845,7.0,26.0,0.0,7.0,33.0
/vol/tensusers6/lisannehuisman/data/images/test/S0-SM_tree3-ellow-radfar-az270.png,0.09090909090909091,0.5625,0.1565217391304348,0.517263988032937,0.32964500826783477,9.0,90.0,7.0,16.0,99.0
/vol/tensusers6/lisannehuisman/data/images/test/S0-SM_tree3-ellow-radmid-az315.png,0.11392405063291139,0.6428571428571429,0.1935483870967742,0.6346293017328801,0.48483366574005676,9.0,70.0,5.0,14.0,79.0
/vol/tensusers6/lisannehuisman/data/images/test/S0-SM_tree3-ellow-radnear-az315.png,0.1076923076923077,0.5,0.17721518987341772,0.5269230771809816,0.4047741211051751,7.0,58.0,7.0,14.0,65.0
/vol/tensusers6/lisannehuisman/data/images/test/S0-SM_tree3-elmid-radmid-az045.png,0.5517241379310345,0.9411764705882353,0.6956521739130435,0.957403653594108,0.6472430828654889,16.0,13.0,1.0,17.0,29.0
/vol/tensusers6/lisannehuisman/data/images/test/S0-SM_tree3-elmid-radnear-az180.png,0.75,1.0,0.8571428571428571,1.0,0.925000000372529,3.0,1.0,0.0,3.0,4.0
/vol/tensusers6/lisannehuisman/data/images/test/S0-SM_tree3-elmid-radnear-az270.png,0.4,1.0,0.5714285714285715,1.0,1.0,2.0,3.0,0.0,2.0,5.0
/vol/tensusers6/lisannehuisman/data/images/test/S0-SM_tree30-elhigh-radfar-az090.png,0.4166666666666667,1.0,0.5882352941176471,0.9428571496691021,0.8069047716118041,5.0,7.0,0.0,5.0,12.0
/vol/tensusers6/lisannehuisman/data/images/test/S0-SM_tree30-elhigh-radfar-az225.png,0.18867924528301888,1.0,0.3174603174603175,1.0,0.7570566126335906,10.0,43.0,0.0,10.0,53.0
/vol/tensusers6/lisannehuisman/data/images/test/S0-SM_tree30-elhigh-radmid-az180.png,0.3684210526315789,1.0,0.5384615384615384,0.9821428582072258,0.7707330871289386,7.0,12.0,0.0,7.0,19.0
/vol/tensusers6/lisannehuisman/data/images/test/S0-SM_tree30-elhigh-radnear-az045.png,0.2727272727272727,1.0,0.42857142857142855,1.0,0.9585858608135069,3.0,8.0,0.0,3.0,11.0
/vol/tensusers6/lisannehuisman/data/images/test/S0-SM_tree30-elhigh-radnear-az135.png,0.2857142857142857,1.0,0.4444444444444445,1.0,0.7937500005587935,4.0,10.0,0.0,4.0,14.0
/vol/tensusers6/lisannehuisman/data/images/test/S0-SM_tree30-ellow-radfar-az000.png,0.21153846153846154,0.6285714285714286,0.31654676258992803,0.5790253210854237,0.36326072806911547,22.0,82.0,13.0,35.0,104.0
/vol/tensusers6/lisannehuisman/data/images/test/S0-SM_tree30-ellow-radfar-az225.png,0.23529411764705882,0.7058823529411765,0.35294117647058826,0.732081084320201,0.5346416268424896,12.0,39.0,5.0,17.0,51.0
/vol/tensusers6/lisannehuisman/data/images/test/S0-SM_tree30-ellow-radmid-az000.png,0.1553398058252427,0.5517241379310345,0.24242424242424243,0.553879434801023,0.3934925059225033,16.0,87.0,13.0,29.0,103.0
/vol/tensusers6/lisannehuisman/data/images/test/S0-SM_tree30-ellow-radmid-az045.png,0.08904109589041095,0.5652173913043478,0.15384615384615383,0.5391290129260975,0.3614480489667956,13.0,133.0,10.0,23.0,146.0
/vol/tensusers6/lisannehuisman/data/images/test/S0-SM_tree30-ellow-radnear-az000.png,0.21794871794871795,0.6071428571428571,0.3207547169811321,0.618433206376769,0.41339479759981596,17.0,61.0,11.0,28.0,78.0
/vol/tensusers6/lisannehuisman/data/images/test/S0-SM_tree30-elmid-radfar-az315.png,0.2956521739130435,0.8095238095238095,0.43312101910828027,0.8262347984433305,0.5369889718310105,34.0,81.0,8.0,42.0,115.0
/vol/tensusers6/lisannehuisman/data/images/test/S0-SM_tree30-elmid-radnear-az090.png,1.0,1.0,1.0,1.0,1.0,2.0,0.0,0.0,2.0,2.0
/vol/tensusers6/lisannehuisman/data/images/test/S0-SM_tree30-elmid-radnear-az135.png,1.0,1.0,1.0,1.0,0.9625,2.0,0.0,0.0,2.0,2.0
/vol/tensusers6/lisannehuisman/data/images/test/S0-SM_tree4-elhigh-radfar-az135.png,0.75,1.0,0.8571428571428571,1.0,1.0,3.0,1.0,0.0,3.0,4.0
/vol/tensusers6/lisannehuisman/data/images/test/S0-SM_tree4-elhigh-radnear-az045.png,0.25,1.0,0.4,1.0,0.88515625,4.0,12.0,0.0,4.0,16.0
/vol/tensusers6/lisannehuisman/data/images/test/S0-SM_tree4-elhigh-radnear-az270.png,0.6666666666666666,1.0,0.8,1.0,1.0,2.0,1.0,0.0,2.0,3.0
/vol/tensusers6/lisannehuisman/data/images/test/S0-SM_tree4-ellow-radfar-az000.png,0.25301204819277107,0.84,0.3888888888888889,0.8021377391852624,0.5385215716395113,21.0,62.0,4.0,25.0,83.0
/vol/tensusers6/lisannehuisman/data/images/test/S0-SM_tree4-ellow-radfar-az090.png,0.5,1.0,0.6666666666666666,1.0,0.9430555538998711,6.0,6.0,0.0,6.0,12.0
/vol/tensusers6/lisannehuisman/data/images/test/S0-SM_tree4-ellow-radfar-az315.png,0.18,0.6428571428571429,0.28124999999999994,0.6749999935286386,0.469071432352066,9.0,41.0,5.0,14.0,50.0
/vol/tensusers6/lisannehuisman/data/images/test/S0-SM_tree4-ellow-radnear-az180.png,0.13333333333333333,1.0,0.23529411764705882,1.0,0.8066666670143604,2.0,13.0,0.0,2.0,15.0
/vol/tensusers6/lisannehuisman/data/images/test/S0-SM_tree4-elmid-radnear-az270.png,0.2857142857142857,1.0,0.4444444444444445,1.0,1.0,2.0,5.0,0.0,2.0,7.0
/vol/tensusers6/lisannehuisman/data/images/test/S0-SM_tree5-elhigh-radmid-az090.png,0.4,1.0,0.5714285714285715,1.0,0.8716666573037705,6.0,9.0,0.0,6.0,15.0
/vol/tensusers6/lisannehuisman/data/images/test/S0-SM_tree5-elhigh-radmid-az135.png,0.5,1.0,0.6666666666666666,1.0,0.9194444396429592,6.0,6.0,0.0,6.0,12.0
/vol/tensusers6/lisannehuisman/data/images/test/S0-SM_tree5-elhigh-radmid-az180.png,0.75,1.0,0.8571428571428571,1.0,0.9333333253860474,6.0,2.0,0.0,6.0,8.0
/vol/tensusers6/lisannehuisman/data/images/test/S0-SM_tree5-elhigh-radmid-az225.png,0.5454545454545454,1.0,0.7058823529411764,1.0,0.9598484852323026,6.0,5.0,0.0,6.0,11.0
/vol/tensusers6/lisannehuisman/data/images/test/S0-SM_tree5-ellow-radmid-az315.png,0.34210526315789475,0.9285714285714286,0.5,0.9407894527329539,0.7926866672706235,13.0,25.0,1.0,14.0,38.0
/vol/tensusers6/lisannehuisman/data/images/test/S0-SM_tree5-ellow-radnear-az180.png,0.3333333333333333,1.0,0.5,1.0,1.0,1.0,2.0,0.0,1.0,3.0
/vol/tensusers6/lisannehuisman/data/images/test/S0-SM_tree5-elmid-radfar-az315.png,0.21739130434782608,0.7142857142857143,0.3333333333333333,0.7066611134462724,0.4900602640221982,20.0,72.0,8.0,28.0,92.0
/vol/tensusers6/lisannehuisman/data/images/test/S0-SM_tree5-elmid-radmid-az000.png,0.2926829268292683,0.8571428571428571,0.4363636363636364,0.8725542798458621,0.5649817911853289,12.0,29.0,2.0,14.0,41.0
/vol/tensusers6/lisannehuisman/data/images/test/S0-SM_tree5-elmid-radmid-az180.png,0.3333333333333333,0.875,0.48275862068965514,0.880208333954215,0.7659970248118043,7.0,14.0,1.0,8.0,21.0
/vol/tensusers6/lisannehuisman/data/images/test/S0-SM_tree5-elmid-radmid-az315.png,0.39473684210526316,0.9375,0.5555555555555556,0.9153686156496406,0.7108552438206971,15.0,23.0,1.0,16.0,38.0
/vol/tensusers6/lisannehuisman/data/images/test/S0-SM_tree6-elhigh-radfar-az045.png,0.5416666666666666,1.0,0.7027027027027027,1.0,0.856676532410166,13.0,11.0,0.0,13.0,24.0
/vol/tensusers6/lisannehuisman/data/images/test/S0-SM_tree6-elhigh-radmid-az180.png,1.0,1.0,1.0,1.0,0.988000000834465,5.0,0.0,0.0,5.0,5.0
/vol/tensusers6/lisannehuisman/data/images/test/S0-SM_tree6-ellow-radfar-az090.png,0.3125,1.0,0.47619047619047616,1.0,0.9437500005587935,5.0,11.0,0.0,5.0,16.0
/vol/tensusers6/lisannehuisman/data/images/test/S0-SM_tree6-ellow-radmid-az090.png,0.16129032258064516,1.0,0.27777777777777773,1.0,0.8477419414443353,5.0,26.0,0.0,5.0,31.0
/vol/tensusers6/lisannehuisman/data/images/test/S0-SM_tree6-ellow-radmid-az135.png,0.3076923076923077,1.0,0.47058823529411764,1.0,1.0,4.0,9.0,0.0,4.0,13.0
/vol/tensusers6/lisannehuisman/data/images/test/S0-SM_tree6-ellow-radmid-az315.png,0.36666666666666664,1.0,0.5365853658536585,0.9860139910157741,0.8159174295654503,11.0,19.0,0.0,11.0,30.0
/vol/tensusers6/lisannehuisman/data/images/test/S0-SM_tree6-elmid-radnear-az090.png,1.0,1.0,1.0,1.0,0.984375,4.0,0.0,0.0,4.0,4.0
/vol/tensusers6/lisannehuisman/data/images/test/S0-SM_tree6-elmid-radnear-az135.png,0.5555555555555556,1.0,0.7142857142857143,1.0,0.9044444504711363,5.0,4.0,0.0,5.0,9.0
/vol/tensusers6/lisannehuisman/data/images/test/S0-SM_tree6-elmid-radnear-az270.png,0.8571428571428571,1.0,0.923076923076923,1.0,0.9210317462564461,6.0,1.0,0.0,6.0,7.0
/vol/tensusers6/lisannehuisman/data/images/test/S0-SM_tree7-elhigh-radfar-az315.png,0.22857142857142856,0.8,0.3555555555555555,0.8228571535434042,0.7752857252678701,8.0,27.0,2.0,10.0,35.0
/vol/tensusers6/lisannehuisman/data/images/test/S0-SM_tree7-elhigh-radmid-az225.png,0.75,1.0,0.8571428571428571,1.0,0.8545555613454845,15.0,5.0,0.0,15.0,20.0
/vol/tensusers6/lisannehuisman/data/images/test/S0-SM_tree7-elhigh-radnear-az000.png,0.6923076923076923,1.0,0.8181818181818181,0.9888888869020676,0.865584052625587,9.0,4.0,0.0,9.0,13.0
/vol/tensusers6/lisannehuisman/data/images/test/S0-SM_tree7-elhigh-radnear-az225.png,0.37142857142857144,1.0,0.5416666666666666,1.0,0.8156858577320067,13.0,22.0,0.0,13.0,35.0
/vol/tensusers6/lisannehuisman/data/images/test/S0-SM_tree7-elhigh-radnear-az315.png,0.7333333333333333,1.0,0.846153846153846,1.0,0.9035353567082473,11.0,4.0,0.0,11.0,15.0
/vol/tensusers6/lisannehuisman/data/images/test/S0-SM_tree7-ellow-radfar-az000.png,0.09090909090909091,0.5454545454545454,0.15584415584415584,0.36012397696040876,0.20871901474913618,6.0,60.0,5.0,11.0,66.0
/vol/tensusers6/lisannehuisman/data/images/test/S0-SM_tree7-ellow-radfar-az090.png,0.375,1.0,0.5454545454545454,0.9888888869020676,0.9016666681898966,9.0,15.0,0.0,9.0,24.0
/vol/tensusers6/lisannehuisman/data/images/test/S0-SM_tree7-ellow-radmid-az225.png,0.1328125,0.68,0.2222222222222222,0.6671266310750319,0.4450620765341383,17.0,111.0,8.0,25.0,128.0
/vol/tensusers6/lisannehuisman/data/images/test/S0-SM_tree7-ellow-radmid-az270.png,0.20430107526881722,0.8260869565217391,0.32758620689655177,0.8438522510296722,0.5733541446790174,19.0,74.0,4.0,23.0,93.0
/vol/tensusers6/lisannehuisman/data/images/test/S0-SM_tree7-ellow-radnear-az090.png,0.10204081632653061,1.0,0.1851851851851852,0.9666666646798454,0.9508163258691834,5.0,44.0,0.0,5.0,49.0
/vol/tensusers6/lisannehuisman/data/images/test/S0-SM_tree7-ellow-radnear-az315.png,0.2857142857142857,0.9230769230769231,0.43636363636363634,0.9230769288081389,0.8018070917895862,12.0,30.0,1.0,13.0,42.0
/vol/tensusers6/lisannehuisman/data/images/test/S0-SM_tree7-elmid-radfar-az270.png,0.13924050632911392,0.6875,0.23157894736842105,0.6809916431084275,0.4459975498932181,22.0,136.0,10.0,32.0,158.0
/vol/tensusers6/lisannehuisman/data/images/test/S0-SM_tree7-elmid-radmid-az270.png,0.8125,1.0,0.896551724137931,0.9945054928680044,0.9007142890535377,13.0,3.0,0.0,13.0,16.0
/vol/tensusers6/lisannehuisman/data/images/test/S0-SM_tree7-elmid-radnear-az045.png,0.07142857142857142,1.0,0.13333333333333333,1.0,0.8119047642363946,6.0,78.0,0.0,6.0,84.0
/vol/tensusers6/lisannehuisman/data/images/test/S0-SM_tree7-elmid-radnear-az135.png,0.15789473684210525,1.0,0.2727272727272727,0.9666666607062027,0.6872189776808305,9.0,48.0,0.0,9.0,57.0
/vol/tensusers6/lisannehuisman/data/images/test/S0-SM_tree8-elhigh-radmid-az225.png,0.3409090909090909,0.9375,0.5,0.9481534091755748,0.7912682639434934,15.0,29.0,1.0,16.0,44.0
/vol/tensusers6/lisannehuisman/data/images/test/S0-SM_tree8-elhigh-radnear-az180.png,0.2571428571428571,0.9,0.39999999999999997,0.9128571228044375,0.8849999842260565,9.0,26.0,1.0,10.0,35.0
/vol/tensusers6/lisannehuisman/data/images/test/S0-SM_tree8-ellow-radfar-az315.png,0.43333333333333335,0.8125,0.5652173913043479,0.853125000372529,0.7379859580658377,13.0,17.0,3.0,16.0,30.0
/vol/tensusers6/lisannehuisman/data/images/test/S0-SM_tree8-ellow-radmid-az045.png,0.3103448275862069,1.0,0.4736842105263158,1.0,0.8185317418530065,9.0,20.0,0.0,9.0,29.0
/vol/tensusers6/lisannehuisman/data/images/test/S0-SM_tree8-ellow-radmid-az135.png,0.3055555555555556,1.0,0.46808510638297873,0.9805194847769556,0.9035223745859806,11.0,25.0,0.0,11.0,36.0
/vol/tensusers6/lisannehuisman/data/images/test/S0-SM_tree8-ellow-radnear-az045.png,0.16279069767441862,0.875,0.2745098039215686,0.8851744187995791,0.7541666659293697,7.0,36.0,1.0,8.0,43.0
/vol/tensusers6/lisannehuisman/data/images/test/S0-SM_tree8-ellow-radnear-az270.png,0.1,0.6,0.17142857142857143,0.5102920168217873,0.32557516273112996,15.0,135.0,10.0,25.0,150.0
/vol/tensusers6/lisannehuisman/data/images/test/S0-SM_tree8-elmid-radfar-az090.png,0.48148148148148145,1.0,0.65,1.0,0.8351135188531676,13.0,14.0,0.0,13.0,27.0
/vol/tensusers6/lisannehuisman/data/images/test/S0-SM_tree8-elmid-radmid-az315.png,0.37037037037037035,1.0,0.5405405405405406,1.0,0.9156018488909361,10.0,17.0,0.0,10.0,27.0
/vol/tensusers6/lisannehuisman/data/images/test/S0-SM_tree9-elhigh-radmid-az045.png,0.4,1.0,0.5714285714285715,1.0,0.9021726198494434,8.0,12.0,0.0,8.0,20.0
/vol/tensusers6/lisannehuisman/data/images/test/S0-SM_tree9-elhigh-radnear-az180.png,0.29411764705882354,0.9090909090909091,0.4444444444444445,0.9059309955282471,0.7635183666326155,10.0,24.0,1.0,11.0,34.0
/vol/tensusers6/lisannehuisman/data/images/test/S0-SM_tree9-ellow-radfar-az315.png,0.22058823529411764,0.7894736842105263,0.3448275862068966,0.7929566675341535,0.4644014468901935,15.0,53.0,4.0,19.0,68.0
/vol/tensusers6/lisannehuisman/data/images/test/S0-SM_tree9-ellow-radmid-az045.png,0.13559322033898305,1.0,0.23880597014925373,0.8837499991059303,0.7078669636510313,8.0,51.0,0.0,8.0,59.0
/vol/tensusers6/lisannehuisman/data/images/test/S0-SM_tree9-elmid-radfar-az045.png,0.5,1.0,0.6666666666666666,1.0,0.9867346948202776,7.0,7.0,0.0,7.0,14.0
/vol/tensusers6/lisannehuisman/data/images/test/S0-SM_tree9-elmid-radmid-az045.png,0.4375,1.0,0.6086956521739131,1.0,0.9822704091592103,7.0,9.0,0.0,7.0,16.0
/vol/tensusers6/lisannehuisman/data/images/test/S0-SM_tree9-elmid-radmid-az090.png,0.18518518518518517,1.0,0.3125,1.0,0.9244444489810203,5.0,22.0,0.0,5.0,27.0
/vol/tensusers6/lisannehuisman/data/images/test/S0-SM_tree9-elmid-radnear-az000.png,0.15384615384615385,1.0,0.2666666666666667,1.0,0.8450854734223114,6.0,33.0,0.0,6.0,39.0
/vol/tensusers6/lisannehuisman/data/images/test/S0-SM_tree9-elmid-radnear-az135.png,0.08536585365853659,0.7777777777777778,0.15384615384615385,0.7039295570031414,0.5473577364845086,7.0,75.0,2.0,9.0,82.0
/vol/tensusers6/lisannehuisman/data/images/test/S0-SM_whitevann10-elhigh-radmid-az000.png,1.0,1.0,1.0,1.0,0.9013888897167313,6.0,0.0,0.0,6.0,6.0
/vol/tensusers6/lisannehuisman/data/images/test/S0-SM_whitevann10-elhigh-radnear-az045.png,0.6363636363636364,1.0,0.7777777777777778,1.0,0.8330735986882989,7.0,4.0,0.0,7.0,11.0
/vol/tensusers6/lisannehuisman/data/images/test/S0-SM_whitevann10-elhigh-radnear-az225.png,0.8333333333333334,1.0,0.9090909090909091,1.0,0.8793333370635906,5.0,1.0,0.0,5.0,6.0
/vol/tensusers6/lisannehuisman/data/images/test/S0-SM_whitevann10-ellow-radfar-az315.png,1.0,1.0,1.0,1.0,1.0,1.0,0.0,0.0,1.0,1.0
/vol/tensusers6/lisannehuisman/data/images/test/S0-SM_whitevann10-ellow-radnear-az225.png,0.11764705882352941,0.6666666666666666,0.2,0.6862745285764629,0.45294118890283147,2.0,15.0,1.0,3.0,17.0
/vol/tensusers6/lisannehuisman/data/images/test/S0-SM_whitevann10-elmid-radfar-az135.png,0.8333333333333334,1.0,0.9090909090909091,1.0,0.8838888834748003,10.0,2.0,0.0,10.0,12.0
/vol/tensusers6/lisannehuisman/data/images/test/S0-SM_whitevann10-elmid-radnear-az090.png,0.5555555555555556,1.0,0.7142857142857143,1.0,0.8072222322391138,5.0,4.0,0.0,5.0,9.0
/vol/tensusers6/lisannehuisman/data/images/test/S0-SM_whitevann10-elmid-radnear-az135.png,0.3333333333333333,1.0,0.5,0.9571428579943522,0.7661224561047797,7.0,14.0,0.0,7.0,21.0
/vol/tensusers6/lisannehuisman/data/images/test/S0-SM_whitevann11-elhigh-radfar-az000.png,0.5833333333333334,1.0,0.7368421052631579,1.0,0.8619047670846893,7.0,5.0,0.0,7.0,12.0
/vol/tensusers6/lisannehuisman/data/images/test/S0-SM_whitevann11-elhigh-radfar-az225.png,0.25,0.8333333333333334,0.3846153846153846,0.7916666641831398,0.7125000071028869,5.0,15.0,1.0,6.0,20.0
/vol/tensusers6/lisannehuisman/data/images/test/S0-SM_whitevann11-elhigh-radmid-az045.png,1.0,1.0,1.0,1.0,1.0,3.0,0.0,0.0,3.0,3.0
/vol/tensusers6/lisannehuisman/data/images/test/S0-SM_whitevann11-elhigh-radmid-az315.png,0.5555555555555556,1.0,0.7142857142857143,1.0,0.835555563122034,5.0,4.0,0.0,5.0,9.0
/vol/tensusers6/lisannehuisman/data/images/test/S0-SM_whitevann11-elhigh-radnear-az180.png,0.17391304347826086,1.0,0.29629629629629634,1.0,0.9532608695328235,4.0,19.0,0.0,4.0,23.0
/vol/tensusers6/lisannehuisman/data/images/test/S0-SM_whitevann11-elhigh-radnear-az315.png,0.3333333333333333,1.0,0.5,0.9500000029802322,0.8325000018812716,4.0,8.0,0.0,4.0,12.0
/vol/tensusers6/lisannehuisman/data/images/test/S0-SM_whitevann11-ellow-radnear-az000.png,0.1827956989247312,0.7391304347826086,0.2931034482758621,0.6865899592487921,0.4773935720656327,17.0,76.0,6.0,23.0,93.0
/vol/tensusers6/lisannehuisman/data/images/test/S0-SM_whitevann11-elmid-radfar-az135.png,0.5454545454545454,1.0,0.7058823529411764,1.0,0.8030303058299151,6.0,5.0,0.0,6.0,11.0
/vol/tensusers6/lisannehuisman/data/images/test/S0-SM_whitevann11-elmid-radnear-az000.png,0.03571428571428571,0.6666666666666666,0.06779661016949153,0.6726190673985651,0.6726190673985651,2.0,54.0,1.0,3.0,56.0
/vol/tensusers6/lisannehuisman/data/images/test/S0-SM_whitevann11-elmid-radnear-az135.png,0.5,1.0,0.6666666666666666,1.0,0.909375,4.0,4.0,0.0,4.0,8.0
/vol/tensusers6/lisannehuisman/data/images/test/S0-SM_whitevann12-ellow-radfar-az315.png,0.1566265060240964,0.9285714285714286,0.2680412371134021,0.8493545309988124,0.6288621835553879,13.0,70.0,1.0,14.0,83.0
/vol/tensusers6/lisannehuisman/data/images/test/S0-SM_whitevann12-ellow-radnear-az045.png,0.16666666666666666,1.0,0.2857142857142857,1.0,1.0,1.0,5.0,0.0,1.0,6.0
/vol/tensusers6/lisannehuisman/data/images/test/S0-SM_whitevann12-elmid-radfar-az180.png,1.0,1.0,1.0,1.0,0.9361111130151484,6.0,0.0,0.0,6.0,6.0
/vol/tensusers6/lisannehuisman/data/images/test/S0-SM_whitevann12-elmid-radmid-az090.png,0.4166666666666667,1.0,0.5882352941176471,1.0,0.9483333365122476,5.0,7.0,0.0,5.0,12.0
/vol/tensusers6/lisannehuisman/data/images/test/S0-SM_whitevann13-elhigh-radfar-az000.png,1.0,1.0,1.0,1.0,0.9444444484180874,9.0,0.0,0.0,9.0,9.0
/vol/tensusers6/lisannehuisman/data/images/test/S0-SM_whitevann13-elhigh-radfar-az090.png,0.5833333333333334,1.0,0.7368421052631579,1.0,0.9571428596973419,7.0,5.0,0.0,7.0,12.0
/vol/tensusers6/lisannehuisman/data/images/test/S0-SM_whitevann13-elhigh-radmid-az135.png,0.75,1.0,0.8571428571428571,1.0,1.0,6.0,2.0,0.0,6.0,8.0
/vol/tensusers6/lisannehuisman/data/images/test/S0-SM_whitevann13-elhigh-radnear-az090.png,0.7142857142857143,1.0,0.8333333333333333,1.0,1.0,5.0,2.0,0.0,5.0,7.0
/vol/tensusers6/lisannehuisman/data/images/test/S0-SM_whitevann13-elhigh-radnear-az270.png,0.7777777777777778,1.0,0.8750000000000001,1.0,0.9523809559288479,7.0,2.0,0.0,7.0,9.0
/vol/tensusers6/lisannehuisman/data/images/test/S0-SM_whitevann13-ellow-radfar-az315.png,0.18604651162790697,0.8888888888888888,0.3076923076923077,0.8992248121697157,0.7837209405497834,8.0,35.0,1.0,9.0,43.0
/vol/tensusers6/lisannehuisman/data/images/test/S0-SM_whitevann13-ellow-radmid-az045.png,0.12121212121212122,0.6153846153846154,0.20253164556962025,0.500489519125237,0.295776229349258,8.0,58.0,5.0,13.0,66.0
/vol/tensusers6/lisannehuisman/data/images/test/S0-SM_whitevann13-ellow-radmid-az270.png,0.15384615384615385,0.8,0.25806451612903225,0.8153846269616714,0.7576923225705441,4.0,22.0,1.0,5.0,26.0
/vol/tensusers6/lisannehuisman/data/images/test/S0-SM_whitevann13-ellow-radnear-az225.png,0.08333333333333333,1.0,0.15384615384615385,1.0,1.0,1.0,11.0,0.0,1.0,12.0
/vol/tensusers6/lisannehuisman/data/images/test/S0-SM_whitevann13-elmid-radfar-az135.png,1.0,1.0,1.0,1.0,1.0,6.0,0.0,0.0,6.0,6.0
/vol/tensusers6/lisannehuisman/data/images/test/S0-SM_whitevann13-elmid-radfar-az180.png,0.7,1.0,0.8235294117647058,1.0,0.8728571507760456,7.0,3.0,0.0,7.0,10.0
/vol/tensusers6/lisannehuisman/data/images/test/S0-SM_whitevann13-elmid-radfar-az225.png,0.5833333333333334,1.0,0.7368421052631579,1.0,0.9428571458373751,7.0,5.0,0.0,7.0,12.0
/vol/tensusers6/lisannehuisman/data/images/test/S0-SM_whitevann13-elmid-radmid-az090.png,0.6,1.0,0.7499999999999999,1.0,0.9874999985098839,6.0,4.0,0.0,6.0,10.0
/vol/tensusers6/lisannehuisman/data/images/test/S0-SM_whitevann13-elmid-radnear-az090.png,0.8333333333333334,1.0,0.9090909090909091,1.0,1.0,5.0,1.0,0.0,5.0,6.0
/vol/tensusers6/lisannehuisman/data/images/test/S0-SM_whitevann13-elmid-radnear-az315.png,1.0,1.0,1.0,1.0,1.0,6.0,0.0,0.0,6.0,6.0
/vol/tensusers6/lisannehuisman/data/images/test/S0-SM_whitevann14-elhigh-radfar-az180.png,0.3157894736842105,0.75,0.44444444444444436,0.789473682641983,0.7779605250805617,6.0,13.0,2.0,8.0,19.0
/vol/tensusers6/lisannehuisman/data/images/test/S0-SM_whitevann14-elhigh-radmid-az180.png,1.0,1.0,1.0,1.0,0.988000000834465,5.0,0.0,0.0,5.0,5.0
/vol/tensusers6/lisannehuisman/data/images/test/S0-SM_whitevann14-elhigh-radnear-az045.png,0.5,1.0,0.6666666666666666,1.0,0.8948660716414452,8.0,8.0,0.0,8.0,16.0
/vol/tensusers6/lisannehuisman/data/images/test/S0-SM_whitevann14-elhigh-radnear-az090.png,0.7777777777777778,1.0,0.8750000000000001,1.0,0.9793650809734586,7.0,2.0,0.0,7.0,9.0
/vol/tensusers6/lisannehuisman/data/images/test/S0-SM_whitevann14-elhigh-radnear-az225.png,1.0,1.0,1.0,1.0,1.0,5.0,0.0,0.0,5.0,5.0
/vol/tensusers6/lisannehuisman/data/images/test/S0-SM_whitevann14-ellow-radnear-az180.png,1.0,1.0,1.0,1.0,1.0,1.0,0.0,0.0,1.0,1.0
/vol/tensusers6/lisannehuisman/data/images/test/S0-SM_whitevann14-elmid-radfar-az180.png,0.7777777777777778,1.0,0.8750000000000001,1.0,0.9714285735573087,7.0,2.0,0.0,7.0,9.0
/vol/tensusers6/lisannehuisman/data/images/test/S0-SM_whitevann14-elmid-radnear-az225.png,1.0,1.0,1.0,1.0,0.984375,4.0,0.0,0.0,4.0,4.0
/vol/tensusers6/lisannehuisman/data/images/test/S0-SM_whitevann14-elmid-radnear-az315.png,1.0,1.0,1.0,1.0,1.0,5.0,0.0,0.0,5.0,5.0
/vol/tensusers6/lisannehuisman/data/images/test/S0-SM_whitevann15-elhigh-radmid-az000.png,1.0,1.0,1.0,1.0,0.8833333363135656,3.0,0.0,0.0,3.0,3.0
/vol/tensusers6/lisannehuisman/data/images/test/S0-SM_whitevann15-elhigh-radnear-az090.png,1.0,1.0,1.0,1.0,0.9,1.0,0.0,0.0,1.0,1.0
/vol/tensusers6/lisannehuisman/data/images/test/S0-SM_whitevann15-elhigh-radnear-az135.png,1.0,1.0,1.0,1.0,1.0,1.0,0.0,0.0,1.0,1.0
/vol/tensusers6/lisannehuisman/data/images/test/S0-SM_whitevann15-ellow-radfar-az090.png,0.07692307692307693,0.47368421052631576,0.1323529411764706,0.43352043411783947,0.18120511100719802,9.0,108.0,10.0,19.0,117.0
/vol/tensusers6/lisannehuisman/data/images/test/S0-SM_whitevann15-ellow-radmid-az225.png,0.19047619047619047,0.8888888888888888,0.3137254901960784,0.8624338730381278,0.5976190626355153,8.0,34.0,1.0,9.0,42.0
/vol/tensusers6/lisannehuisman/data/images/test/S0-SM_whitevann15-ellow-radmid-az270.png,0.2222222222222222,0.8571428571428571,0.35294117647058826,0.87301588070298,0.7312169411825755,6.0,21.0,1.0,7.0,27.0
/vol/tensusers6/lisannehuisman/data/images/test/S0-SM_whitevann15-ellow-radnear-az000.png,0.4117647058823529,1.0,0.5833333333333334,0.96825397203839,0.8063958974421219,7.0,10.0,0.0,7.0,17.0
/vol/tensusers6/lisannehuisman/data/images/test/S0-SM_whitevann15-ellow-radnear-az180.png,0.20454545454545456,0.9,0.33333333333333337,0.8330050501603674,0.4833557042934669,9.0,35.0,1.0,10.0,44.0
/vol/tensusers6/lisannehuisman/data/images/test/S0-SM_whitevann15-ellow-radnear-az270.png,0.17647058823529413,1.0,0.3,1.0,0.9058823585729389,3.0,14.0,0.0,3.0,17.0
/vol/tensusers6/lisannehuisman/data/images/test/S0-SM_whitevann15-elmid-radfar-az135.png,0.42857142857142855,1.0,0.6,0.9583333283662796,0.8067857073194216,6.0,8.0,0.0,6.0,14.0
/vol/tensusers6/lisannehuisman/data/images/test/S0-SM_whitevann15-elmid-radmid-az045.png,1.0,1.0,1.0,1.0,1.0,1.0,0.0,0.0,1.0,1.0
/vol/tensusers6/lisannehuisman/data/images/test/S0-SM_whitevann15-elmid-radmid-az225.png,1.0,1.0,1.0,1.0,0.85,2.0,0.0,0.0,2.0,2.0
/vol/tensusers6/lisannehuisman/data/images/test/S0-SM_whitevann15-elmid-radnear-az270.png,1.0,1.0,1.0,1.0,1.0,1.0,0.0,0.0,1.0,1.0
/vol/tensusers6/lisannehuisman/data/images/test/S0-SM_whitevann16-elhigh-radmid-az135.png,0.4444444444444444,1.0,0.6153846153846153,0.9500000029802322,0.7500000017695129,4.0,5.0,0.0,4.0,9.0
/vol/tensusers6/lisannehuisman/data/images/test/S0-SM_whitevann16-elhigh-radmid-az270.png,1.0,1.0,1.0,1.0,1.0,2.0,0.0,0.0,2.0,2.0
/vol/tensusers6/lisannehuisman/data/images/test/S0-SM_whitevann16-ellow-radfar-az000.png,0.15384615384615385,0.5333333333333333,0.23880597014925373,0.46529916009587113,0.2507501085855607,8.0,44.0,7.0,15.0,52.0
/vol/tensusers6/lisannehuisman/data/images/test/S0-SM_whitevann16-ellow-radfar-az135.png,0.18292682926829268,0.9375,0.30612244897959184,0.9177817832678556,0.5734257042175159,15.0,67.0,1.0,16.0,82.0
/vol/tensusers6/lisannehuisman/data/images/test/S0-SM_whitevann16-ellow-radmid-az000.png,0.15384615384615385,0.75,0.25531914893617025,0.7692307699471712,0.5050457891076803,6.0,33.0,2.0,8.0,39.0
/vol/tensusers6/lisannehuisman/data/images/test/S0-SM_whitevann16-ellow-radmid-az270.png,0.08,1.0,0.14814814814814814,1.0,1.0,2.0,23.0,0.0,2.0,25.0
/vol/tensusers6/lisannehuisman/data/images/test/S0-SM_whitevann16-elmid-radfar-az090.png,0.5128205128205128,0.9090909090909091,0.6557377049180326,0.9302364510573664,0.6663682525319942,20.0,19.0,2.0,22.0,39.0
/vol/tensusers6/lisannehuisman/data/images/test/S0-SM_whitevann16-elmid-radmid-az225.png,0.3333333333333333,1.0,0.5,1.0,1.0,1.0,2.0,0.0,1.0,3.0
/vol/tensusers6/lisannehuisman/data/images/test/S0-SM_whitevann16-elmid-radnear-az045.png,0.375,0.75,0.5,0.796875,0.7265625,3.0,5.0,1.0,4.0,8.0
/vol/tensusers6/lisannehuisman/data/images/test/S0-SM_whitevann16-elmid-radnear-az225.png,0.3333333333333333,0.5,0.4,0.5833333358168602,0.5833333358168602,1.0,2.0,1.0,2.0,3.0
/vol/tensusers6/lisannehuisman/data/images/test/S0-SM_whitevann17-elhigh-radfar-az135.png,1.0,1.0,1.0,1.0,0.925,2.0,0.0,0.0,2.0,2.0
/vol/tensusers6/lisannehuisman/data/images/test/S0-SM_whitevann17-elhigh-radmid-az045.png,0.125,0.5,0.2,0.53125,0.53125,1.0,7.0,1.0,2.0,8.0
/vol/tensusers6/lisannehuisman/data/images/test/S0-SM_whitevann17-ellow-radfar-az090.png,0.1016949152542373,0.5454545454545454,0.17142857142857146,0.5685670408197838,0.47719569754527047,6.0,53.0,5.0,11.0,59.0
/vol/tensusers6/lisannehuisman/data/images/test/S0-SM_whitevann17-ellow-radfar-az135.png,0.19230769230769232,1.0,0.32258064516129037,1.0,0.8670961539573394,10.0,42.0,0.0,10.0,52.0
/vol/tensusers6/lisannehuisman/data/images/test/S0-SM_whitevann17-ellow-radnear-az180.png,0.14705882352941177,1.0,0.25641025641025644,1.0,0.8562745109850578,5.0,29.0,0.0,5.0,34.0
/vol/tensusers6/lisannehuisman/data/images/test/S0-SM_whitevann17-elmid-radfar-az180.png,0.4444444444444444,1.0,0.6153846153846153,1.0,0.672222223225981,4.0,5.0,0.0,4.0,9.0
/vol/tensusers6/lisannehuisman/data/images/test/S0-SM_whitevann18-elhigh-radfar-az090.png,1.0,1.0,1.0,1.0,0.9000000025331973,5.0,0.0,0.0,5.0,5.0
/vol/tensusers6/lisannehuisman/data/images/test/S0-SM_whitevann18-elhigh-radfar-az270.png,0.47368421052631576,0.8181818181818182,0.6,0.8612440160016694,0.8140350874935229,9.0,10.0,2.0,11.0,19.0
/vol/tensusers6/lisannehuisman/data/images/test/S0-SM_whitevann18-elhigh-radmid-az135.png,1.0,1.0,1.0,1.0,0.9840000013113022,5.0,0.0,0.0,5.0,5.0
/vol/tensusers6/lisannehuisman/data/images/test/S0-SM_whitevann18-elhigh-radnear-az225.png,0.7142857142857143,1.0,0.8333333333333333,1.0,0.9342857162867274,5.0,2.0,0.0,5.0,7.0
/vol/tensusers6/lisannehuisman/data/images/test/S0-SM_whitevann18-elhigh-radnear-az270.png,1.0,1.0,1.0,1.0,0.908000001579523,5.0,0.0,0.0,5.0,5.0
/vol/tensusers6/lisannehuisman/data/images/test/S0-SM_whitevann18-ellow-radmid-az315.png,0.36363636363636365,1.0,0.5333333333333333,1.0,1.0,4.0,7.0,0.0,4.0,11.0
/vol/tensusers6/lisannehuisman/data/images/test/S0-SM_whitevann18-ellow-radnear-az225.png,0.1590909090909091,0.7777777777777778,0.2641509433962264,0.7954545573453711,0.6529461440200657,7.0,37.0,2.0,9.0,44.0
/vol/tensusers6/lisannehuisman/data/images/test/S0-SM_whitevann18-ellow-radnear-az270.png,1.0,1.0,1.0,1.0,1.0,1.0,0.0,0.0,1.0,1.0
/vol/tensusers6/lisannehuisman/data/images/test/S0-SM_whitevann18-ellow-radnear-az315.png,0.25,1.0,0.4,1.0,1.0,2.0,6.0,0.0,2.0,8.0
/vol/tensusers6/lisannehuisman/data/images/test/S0-SM_whitevann18-elmid-radfar-az225.png,0.42857142857142855,0.9,0.5806451612903225,0.9084873771041391,0.6657856852021893,18.0,24.0,2.0,20.0,42.0
/vol/tensusers6/lisannehuisman/data/images/test/S0-SM_whitevann18-elmid-radmid-az000.png,1.0,1.0,1.0,1.0,0.9600000029802322,5.0,0.0,0.0,5.0,5.0
/vol/tensusers6/lisannehuisman/data/images/test/S0-SM_whitevann18-elmid-radnear-az225.png,1.0,1.0,1.0,1.0,0.9600000029802322,5.0,0.0,0.0,5.0,5.0
/vol/tensusers6/lisannehuisman/data/images/test/S0-SM_whitevann18-elmid-radnear-az315.png,1.0,1.0,1.0,1.0,1.0,3.0,0.0,0.0,3.0,3.0
/vol/tensusers6/lisannehuisman/data/images/test/S0-SM_whitevann19-elhigh-radfar-az000.png,1.0,1.0,1.0,1.0,0.8111111162437334,3.0,0.0,0.0,3.0,3.0
/vol/tensusers6/lisannehuisman/data/images/test/S0-SM_whitevann19-ellow-radfar-az045.png,0.125,0.7,0.21212121212121213,0.5976715791605267,0.35732668859252825,7.0,49.0,3.0,10.0,56.0
/vol/tensusers6/lisannehuisman/data/images/test/S0-SM_whitevann19-ellow-radfar-az135.png,0.22580645161290322,0.7777777777777778,0.35000000000000003,0.6994421038647021,0.4273133940617047,14.0,48.0,4.0,18.0,62.0
/vol/tensusers6/lisannehuisman/data/images/test/S0-SM_whitevann19-ellow-radfar-az225.png,0.07954545454545454,0.28,0.12389380530973451,0.29092207766798395,0.1590103878807615,7.0,81.0,18.0,25.0,88.0
/vol/tensusers6/lisannehuisman/data/images/test/S0-SM_whitevann19-ellow-radmid-az000.png,0.5555555555555556,0.8333333333333334,0.6666666666666667,0.8171296323891042,0.6912037136930007,5.0,4.0,1.0,6.0,9.0
/vol/tensusers6/lisannehuisman/data/images/test/S0-SM_whitevann19-ellow-radnear-az090.png,0.11594202898550725,0.47058823529411764,0.186046511627907,0.5012787746016225,0.18527585161818552,8.0,61.0,9.0,17.0,69.0
/vol/tensusers6/lisannehuisman/data/images/test/S0-SM_whitevann19-ellow-radnear-az135.png,0.17142857142857143,0.75,0.2790697674418604,0.7714285720139742,0.6112500005867332,6.0,29.0,2.0,8.0,35.0
/vol/tensusers6/lisannehuisman/data/images/test/S0-SM_whitevann19-ellow-radnear-az180.png,0.18181818181818182,0.6666666666666666,0.28571428571428575,0.6969697159348112,0.4636363765958583,2.0,9.0,1.0,3.0,11.0
/vol/tensusers6/lisannehuisman/data/images/test/S0-SM_whitevann19-elmid-radmid-az225.png,1.0,1.0,1.0,1.0,0.89375,4.0,0.0,0.0,4.0,4.0
/vol/tensusers6/lisannehuisman/data/images/test/S0-SM_whitevann19-elmid-radmid-az315.png,0.5,1.0,0.6666666666666666,1.0,0.9222222265270019,3.0,3.0,0.0,3.0,6.0
/vol/tensusers6/lisannehuisman/data/images/test/S0-SM_whitevann19-elmid-radnear-az180.png,1.0,1.0,1.0,1.0,0.7666666741172474,3.0,0.0,0.0,3.0,3.0
/vol/tensusers6/lisannehuisman/data/images/test/S0-SM_whitevann1_58-elhigh-radfar-az000.png,0.7272727272727273,1.0,0.8421052631578948,1.0,0.8815025262534618,8.0,3.0,0.0,8.0,11.0
/vol/tensusers6/lisannehuisman/data/images/test/S0-SM_whitevann1_58-elhigh-radfar-az225.png,0.8333333333333334,1.0,0.9090909090909091,1.0,1.0,5.0,1.0,0.0,5.0,6.0
/vol/tensusers6/lisannehuisman/data/images/test/S0-SM_whitevann1_58-elhigh-radfar-az270.png,0.35294117647058826,1.0,0.5217391304347826,1.0,0.9147058727986671,6.0,11.0,0.0,6.0,17.0
/vol/tensusers6/lisannehuisman/data/images/test/S0-SM_whitevann1_58-elhigh-radmid-az000.png,0.46153846153846156,0.8571428571428571,0.6,0.8901098968236001,0.8108058696537664,6.0,7.0,1.0,7.0,13.0
/vol/tensusers6/lisannehuisman/data/images/test/S0-SM_whitevann1_58-ellow-radnear-az045.png,0.11627906976744186,0.6666666666666666,0.19801980198019803,0.630490969042522,0.3068271334061493,10.0,76.0,5.0,15.0,86.0
/vol/tensusers6/lisannehuisman/data/images/test/S0-SM_whitevann1_58-ellow-radnear-az135.png,0.17647058823529413,1.0,0.3,0.7666666845480599,0.7184313909651017,3.0,14.0,0.0,3.0,17.0
/vol/tensusers6/lisannehuisman/data/images/test/S0-SM_whitevann1_58-ellow-radnear-az180.png,0.23636363636363636,0.7647058823529411,0.3611111111111111,0.7925133811280052,0.6394981599015734,13.0,42.0,4.0,17.0,55.0
/vol/tensusers6/lisannehuisman/data/images/test/S0-SM_whitevann1_58-elmid-radfar-az225.png,0.2903225806451613,0.8181818181818182,0.4285714285714286,0.8445747746400469,0.682279014050536,9.0,22.0,2.0,11.0,31.0
/vol/tensusers6/lisannehuisman/data/images/test/S0-SM_whitevann1_58-elmid-radfar-az270.png,0.44,0.8461538461538461,0.5789473684210525,0.8735897524693073,0.6809633890849071,11.0,14.0,2.0,13.0,25.0
/vol/tensusers6/lisannehuisman/data/images/test/S0-SM_whitevann1_58-elmid-radmid-az270.png,0.4444444444444444,0.8,0.5714285714285714,0.844444454047415,0.8266666774948437,4.0,5.0,1.0,5.0,9.0
/vol/tensusers6/lisannehuisman/data/images/test/S0-SM_whitevann1_58-elmid-radmid-az315.png,1.0,1.0,1.0,1.0,0.91875,4.0,0.0,0.0,4.0,4.0
/vol/tensusers6/lisannehuisman/data/images/test/S0-SM_whitevann2-elhigh-radmid-az090.png,1.0,1.0,1.0,1.0,0.9,3.0,0.0,0.0,3.0,3.0
/vol/tensusers6/lisannehuisman/data/images/test/S0-SM_whitevann2-elhigh-radmid-az135.png,1.0,1.0,1.0,1.0,0.96875,4.0,0.0,0.0,4.0,4.0
/vol/tensusers6/lisannehuisman/data/images/test/S0-SM_whitevann2-elhigh-radmid-az180.png,0.625,1.0,0.7692307692307693,1.0,0.9525000028312206,5.0,3.0,0.0,5.0,8.0
/vol/tensusers6/lisannehuisman/data/images/test/S0-SM_whitevann2-elhigh-radnear-az090.png,1.0,1.0,1.0,1.0,0.855555557873514,3.0,0.0,0.0,3.0,3.0
/vol/tensusers6/lisannehuisman/data/images/test/S0-SM_whitevann2-elhigh-radnear-az270.png,0.6,0.75,0.6666666666666665,0.8250000029802322,0.7441666698083281,3.0,2.0,1.0,4.0,5.0
/vol/tensusers6/lisannehuisman/data/images/test/S0-SM_whitevann2-ellow-radfar-az180.png,0.23728813559322035,0.8235294117647058,0.368421052631579,0.8405450410202477,0.6227118777149057,14.0,45.0,3.0,17.0,59.0
/vol/tensusers6/lisannehuisman/data/images/test/S0-SM_whitevann2-elmid-radmid-az090.png,1.0,1.0,1.0,1.0,0.96875,4.0,0.0,0.0,4.0,4.0
/vol/tensusers6/lisannehuisman/data/images/test/S0-SM_whitevann2-elmid-radmid-az135.png,0.8,1.0,0.888888888888889,1.0,1.0,4.0,1.0,0.0,4.0,5.0
/vol/tensusers6/lisannehuisman/data/images/test/S0-SM_whitevann2-elmid-radnear-az270.png,1.0,1.0,1.0,1.0,0.933333338300387,3.0,0.0,0.0,3.0,3.0
/vol/tensusers6/lisannehuisman/data/images/test/S0-SM_whitevann3-elhigh-radfar-az180.png,0.7142857142857143,1.0,0.8333333333333333,1.0,0.8921904809247879,5.0,2.0,0.0,5.0,7.0
/vol/tensusers6/lisannehuisman/data/images/test/S0-SM_whitevann3-elhigh-radfar-az270.png,1.0,1.0,1.0,1.0,0.8800000089406966,5.0,0.0,0.0,5.0,5.0
/vol/tensusers6/lisannehuisman/data/images/test/S0-SM_whitevann3-elhigh-radnear-az090.png,1.0,1.0,1.0,1.0,0.9320000051259993,5.0,0.0,0.0,5.0,5.0
/vol/tensusers6/lisannehuisman/data/images/test/S0-SM_whitevann3-elhigh-radnear-az135.png,0.5555555555555556,1.0,0.7142857142857143,1.0,0.9137777835859191,5.0,4.0,0.0,5.0,9.0
/vol/tensusers6/lisannehuisman/data/images/test/S0-SM_whitevann3-ellow-radmid-az225.png,0.08571428571428572,0.5,0.14634146341463414,0.5214285720139742,0.45380952806345054,3.0,32.0,3.0,6.0,35.0
/vol/tensusers6/lisannehuisman/data/images/test/S0-SM_whitevann3-elmid-radmid-az135.png,0.7142857142857143,1.0,0.8333333333333333,1.0,0.9114285778147833,5.0,2.0,0.0,5.0,7.0
/vol/tensusers6/lisannehuisman/data/images/test/S0-SM_whitevann3-elmid-radnear-az315.png,0.2222222222222222,0.6666666666666666,0.3333333333333333,0.7037037216402866,0.5370370508344086,2.0,7.0,1.0,3.0,9.0
/vol/tensusers6/lisannehuisman/data/images/test/S0-SM_whitevann4-elhigh-radmid-az270.png,1.0,1.0,1.0,1.0,1.0,1.0,0.0,0.0,1.0,1.0
/vol/tensusers6/lisannehuisman/data/images/test/S0-SM_whitevann4-elhigh-radnear-az045.png,1.0,1.0,1.0,1.0,1.0,1.0,0.0,0.0,1.0,1.0
/vol/tensusers6/lisannehuisman/data/images/test/S0-SM_whitevann4-elhigh-radnear-az225.png,1.0,1.0,1.0,1.0,1.0,1.0,0.0,0.0,1.0,1.0
/vol/tensusers6/lisannehuisman/data/images/test/S0-SM_whitevann4-ellow-radfar-az270.png,0.027522935779816515,0.3,0.05042016806722689,0.228383032254738,0.1554013788261784,3.0,106.0,7.0,10.0,109.0
/vol/tensusers6/lisannehuisman/data/images/test/S0-SM_whitevann4-elmid-radfar-az180.png,0.2222222222222222,0.6666666666666666,0.3333333333333333,0.7037037216402866,0.6703703874791109,2.0,7.0,1.0,3.0,9.0
/vol/tensusers6/lisannehuisman/data/images/test/S0-SM_whitevann4-elmid-radfar-az315.png,0.5,1.0,0.6666666666666666,1.0,1.0,1.0,1.0,0.0,1.0,2.0
/vol/tensusers6/lisannehuisman/data/images/test/S0-SM_whitevann4-elmid-radmid-az045.png,1.0,1.0,1.0,1.0,1.0,1.0,0.0,0.0,1.0,1.0
/vol/tensusers6/lisannehuisman/data/images/test/S0-SM_whitevann4-elmid-radmid-az270.png,1.0,1.0,1.0,1.0,1.0,1.0,0.0,0.0,1.0,1.0
/vol/tensusers6/lisannehuisman/data/images/test/S0-SM_whitevann4-elmid-radmid-az315.png,1.0,1.0,1.0,1.0,1.0,1.0,0.0,0.0,1.0,1.0
/vol/tensusers6/lisannehuisman/data/images/test/S0-SM_whitevann4-elmid-radnear-az180.png,1.0,1.0,1.0,1.0,1.0,1.0,0.0,0.0,1.0,1.0
/vol/tensusers6/lisannehuisman/data/images/test/S0-SM_whitevann5-elhigh-radfar-az045.png,1.0,1.0,1.0,1.0,1.0,1.0,0.0,0.0,1.0,1.0
/vol/tensusers6/lisannehuisman/data/images/test/S0-SM_whitevann5-ellow-radfar-az180.png,0.2,0.6,0.3,0.5983333484331768,0.3998333437591791,6.0,24.0,4.0,10.0,30.0
/vol/tensusers6/lisannehuisman/data/images/test/S0-SM_whitevann5-ellow-radmid-az225.png,0.12,0.6,0.19999999999999998,0.5152999999260701,0.3446438797429027,9.0,66.0,6.0,15.0,75.0
/vol/tensusers6/lisannehuisman/data/images/test/S0-SM_whitevann5-ellow-radnear-az270.png,0.06451612903225806,0.5714285714285714,0.11594202898550726,0.5852534805300049,0.4645929534829431,4.0,58.0,3.0,7.0,62.0
/vol/tensusers6/lisannehuisman/data/images/test/S0-SM_whitevann5-elmid-radnear-az090.png,1.0,1.0,1.0,1.0,1.0,1.0,0.0,0.0,1.0,1.0
/vol/tensusers6/lisannehuisman/data/images/test/S0-SM_whitevann6-elhigh-radfar-az090.png,0.6666666666666666,1.0,0.8,1.0,0.8624999994412065,8.0,4.0,0.0,8.0,12.0
/vol/tensusers6/lisannehuisman/data/images/test/S0-SM_whitevann6-elhigh-radmid-az000.png,0.7272727272727273,1.0,0.8421052631578948,1.0,0.8651461053639651,8.0,3.0,0.0,8.0,11.0
/vol/tensusers6/lisannehuisman/data/images/test/S0-SM_whitevann6-elhigh-radnear-az000.png,0.4117647058823529,1.0,0.5833333333333334,1.0,0.7148244061475778,7.0,10.0,0.0,7.0,17.0
/vol/tensusers6/lisannehuisman/data/images/test/S0-SM_whitevann6-elhigh-radnear-az270.png,1.0,1.0,1.0,1.0,0.93125,4.0,0.0,0.0,4.0,4.0
/vol/tensusers6/lisannehuisman/data/images/test/S0-SM_whitevann6-elhigh-radnear-az315.png,0.25,0.75,0.375,0.78125,0.7333333335816861,3.0,9.0,1.0,4.0,12.0
/vol/tensusers6/lisannehuisman/data/images/test/S0-SM_whitevann6-ellow-radfar-az000.png,0.375,0.9,0.5294117647058825,0.9187499806284904,0.7654166605944435,9.0,15.0,1.0,10.0,24.0
/vol/tensusers6/lisannehuisman/data/images/test/S0-SM_whitevann6-ellow-radfar-az270.png,0.10204081632653061,0.4166666666666667,0.16393442622950824,0.42261904630759306,0.32899660248575463,5.0,44.0,7.0,12.0,49.0
/vol/tensusers6/lisannehuisman/data/images/test/S0-SM_whitevann6-ellow-radmid-az135.png,0.3333333333333333,0.8571428571428571,0.48,0.8605442279252875,0.7263718976398038,6.0,12.0,1.0,7.0,18.0
/vol/tensusers6/lisannehuisman/data/images/test/S0-SM_whitevann6-ellow-radmid-az225.png,0.16666666666666666,0.47058823529411764,0.24615384615384617,0.46498600061701123,0.2565651301040538,8.0,40.0,9.0,17.0,48.0
/vol/tensusers6/lisannehuisman/data/images/test/S0-SM_whitevann6-elmid-radmid-az000.png,0.6363636363636364,0.875,0.7368421052631579,0.8991477265954018,0.7494791673496366,7.0,4.0,1.0,8.0,11.0
/vol/tensusers6/lisannehuisman/data/images/test/S0-SM_whitevann6-elmid-radnear-az000.png,0.36363636363636365,1.0,0.5333333333333333,1.0,0.9545454546809197,4.0,7.0,0.0,4.0,11.0
/vol/tensusers6/lisannehuisman/data/images/test/S0-SM_whitevann6-elmid-radnear-az180.png,1.0,1.0,1.0,1.0,1.0,1.0,0.0,0.0,1.0,1.0
/vol/tensusers6/lisannehuisman/data/images/test/S0-SM_whitevann6-elmid-radnear-az270.png,1.0,1.0,1.0,1.0,1.0,1.0,0.0,0.0,1.0,1.0
/vol/tensusers6/lisannehuisman/data/images/test/S0-SM_whitevann6-elmid-radnear-az315.png,1.0,1.0,1.0,1.0,0.8875,2.0,0.0,0.0,2.0,2.0
/vol/tensusers6/lisannehuisman/data/images/test/S0-SM_whitevann7-elhigh-radfar-az000.png,1.0,1.0,1.0,1.0,1.0,1.0,0.0,0.0,1.0,1.0
/vol/tensusers6/lisannehuisman/data/images/test/S0-SM_whitevann7-elhigh-radfar-az270.png,1.0,1.0,1.0,1.0,1.0,1.0,0.0,0.0,1.0,1.0
/vol/tensusers6/lisannehuisman/data/images/test/S0-SM_whitevann7-elhigh-radmid-az180.png,1.0,1.0,1.0,1.0,0.9,1.0,0.0,0.0,1.0,1.0
/vol/tensusers6/lisannehuisman/data/images/test/S0-SM_whitevann7-elhigh-radmid-az315.png,1.0,1.0,1.0,1.0,1.0,1.0,0.0,0.0,1.0,1.0
/vol/tensusers6/lisannehuisman/data/images/test/S0-SM_whitevann7-elhigh-radnear-az315.png,1.0,1.0,1.0,1.0,1.0,1.0,0.0,0.0,1.0,1.0
/vol/tensusers6/lisannehuisman/data/images/test/S0-SM_whitevann7-ellow-radfar-az180.png,0.1320754716981132,0.7777777777777778,0.22580645161290322,0.5382440944897029,0.2969951162387493,7.0,46.0,2.0,9.0,53.0
/vol/tensusers6/lisannehuisman/data/images/test/S0-SM_whitevann7-ellow-radmid-az045.png,0.16666666666666666,1.0,0.2857142857142857,0.800000011920929,0.4366666764020919,5.0,25.0,0.0,5.0,30.0
/vol/tensusers6/lisannehuisman/data/images/test/S0-SM_whitevann7-ellow-radnear-az270.png,0.020833333333333332,0.2,0.03773584905660377,0.20833333653087416,0.20833333653087416,1.0,47.0,4.0,5.0,48.0
/vol/tensusers6/lisannehuisman/data/images/test/S0-SM_whitevann7-ellow-radnear-az315.png,0.2727272727272727,0.8181818181818182,0.4090909090909091,0.75895317083548,0.41281484509768795,9.0,24.0,2.0,11.0,33.0
/vol/tensusers6/lisannehuisman/data/images/test/S0-SM_whitevann7-elmid-radmid-az225.png,1.0,1.0,1.0,1.0,1.0,1.0,0.0,0.0,1.0,1.0
/vol/tensusers6/lisannehuisman/data/images/test/S0-SM_whitevann7-elmid-radmid-az270.png,0.5,1.0,0.6666666666666666,1.0,1.0,1.0,1.0,0.0,1.0,2.0
/vol/tensusers6/lisannehuisman/data/images/test/S0-SM_whitevann8-elhigh-radfar-az045.png,1.0,1.0,1.0,1.0,1.0,2.0,0.0,0.0,2.0,2.0
/vol/tensusers6/lisannehuisman/data/images/test/S0-SM_whitevann8-elhigh-radmid-az000.png,0.2857142857142857,1.0,0.4444444444444445,1.0,0.7857142861932516,2.0,5.0,0.0,2.0,7.0
/vol/tensusers6/lisannehuisman/data/images/test/S0-SM_whitevann8-ellow-radmid-az135.png,0.12903225806451613,0.47058823529411764,0.20253164556962025,0.34038305814245007,0.14879162710987387,8.0,54.0,9.0,17.0,62.0
/vol/tensusers6/lisannehuisman/data/images/test/S0-SM_whitevann8-ellow-radmid-az315.png,0.11320754716981132,0.75,0.19672131147540986,0.7641509436070919,0.6189203361980617,6.0,47.0,2.0,8.0,53.0
/vol/tensusers6/lisannehuisman/data/images/test/S0-SM_whitevann8-elmid-radfar-az045.png,0.17391304347826086,1.0,0.29629629629629634,1.0,1.0,4.0,19.0,0.0,4.0,23.0
/vol/tensusers6/lisannehuisman/data/images/test/S0-SM_whitevann8-elmid-radfar-az090.png,0.2,1.0,0.33333333333333337,1.0,0.9688888908591535,3.0,12.0,0.0,3.0,15.0
/vol/tensusers6/lisannehuisman/data/images/test/S0-SM_whitevann9-elhigh-radfar-az090.png,1.0,1.0,1.0,1.0,0.9555555588669247,3.0,0.0,0.0,3.0,3.0
/vol/tensusers6/lisannehuisman/data/images/test/S0-SM_whitevann9-elhigh-radmid-az000.png,0.4444444444444444,1.0,0.6153846153846153,1.0,0.8402777778916061,4.0,5.0,0.0,4.0,9.0
/vol/tensusers6/lisannehuisman/data/images/test/S0-SM_whitevann9-elhigh-radmid-az180.png,1.0,1.0,1.0,1.0,0.9385416671633721,4.0,0.0,0.0,4.0,4.0
/vol/tensusers6/lisannehuisman/data/images/test/S0-SM_whitevann9-elhigh-radmid-az225.png,0.5714285714285714,1.0,0.7272727272727273,0.9500000029802322,0.7513095257803798,4.0,3.0,0.0,4.0,7.0
/vol/tensusers6/lisannehuisman/data/images/test/S0-SM_whitevann9-elhigh-radmid-az270.png,1.0,1.0,1.0,1.0,0.953125,4.0,0.0,0.0,4.0,4.0
/vol/tensusers6/lisannehuisman/data/images/test/S0-SM_whitevann9-elhigh-radnear-az045.png,1.0,1.0,1.0,1.0,0.8875,2.0,0.0,0.0,2.0,2.0
/vol/tensusers6/lisannehuisman/data/images/test/S0-SM_whitevann9-ellow-radmid-az180.png,0.3333333333333333,0.6428571428571429,0.43902439024390244,0.6373144451472053,0.4664380032639913,9.0,18.0,5.0,14.0,27.0
/vol/tensusers6/lisannehuisman/data/images/test/S0-SM_whitevann9-ellow-radnear-az135.png,0.038461538461538464,0.5,0.07142857142857144,0.5096153849735856,0.5096153849735856,1.0,25.0,1.0,2.0,26.0
/vol/tensusers6/lisannehuisman/data/images/test/S0-SM_whitevann9-elmid-radfar-az315.png,0.21951219512195122,0.6428571428571429,0.32727272727272727,0.6820557414187371,0.43876427874413293,9.0,32.0,5.0,14.0,41.0
