group,target_class,subset_name,player_count,base_coalition_mask,base_coalition_size,base_coalition_members,candidate_player_index,candidate_viewpoint,expanded_coalition_mask,expanded_coalition_size,expanded_coalition_members,base_value,expanded_value,delta_value,rank_within_base_coalition
overall,all,perimeter_unique_az_best_overlap,8,0,0,(empty),1,ellow-radnear-az225,1,1,ellow-radnear-az225,0.0,0.23721477907069238,0.23721477907069238,1
overall,all,perimeter_unique_az_best_overlap,8,0,0,(empty),2,ellow-radmid-az045,2,1,ellow-radmid-az045,0.0,0.21641164103416755,0.21641164103416755,2
overall,all,perimeter_unique_az_best_overlap,8,0,0,(empty),4,elmid-radnear-az090,8,1,elmid-radnear-az090,0.0,0.19211456466930296,0.19211456466930296,3
overall,all,perimeter_unique_az_best_overlap,8,0,0,(empty),7,elhigh-radmid-az135,64,1,elhigh-radmid-az135,0.0,0.18032056499314222,0.18032056499314222,4
overall,all,perimeter_unique_az_best_overlap,8,0,0,(empty),6,elhigh-radnear-az270,32,1,elhigh-radnear-az270,0.0,0.17797303403327955,0.17797303403327955,5
overall,all,perimeter_unique_az_best_overlap,8,0,0,(empty),8,elhigh-radfar-az000,128,1,elhigh-radfar-az000,0.0,0.17683251002387188,0.17683251002387188,6
overall,all,perimeter_unique_az_best_overlap,8,0,0,(empty),5,elmid-radfar-az180,16,1,elmid-radfar-az180,0.0,0.15982455257339523,0.15982455257339523,7
overall,all,perimeter_unique_az_best_overlap,8,0,0,(empty),3,ellow-radfar-az315,4,1,ellow-radfar-az315,0.0,0.14597619558576336,0.14597619558576336,8
overall,all,perimeter_unique_az_best_overlap,8,1,1,ellow-radnear-az225,2,ellow-radmid-az045,3,2,ellow-radnear-az225 + ellow-radmid-az045,0.23721477907069238,0.4227642173051211,0.1855494382344287,1
overall,all,perimeter_unique_az_best_overlap,8,1,1,ellow-radnear-az225,4,elmid-radnear-az090,9,2,ellow-radnear-az225 + elmid-radnear-az090,0.23721477907069238,0.38758611724263226,0.15037133817193987,2
overall,all,perimeter_unique_az_best_overlap,8,1,1,ellow-radnear-az225,5,elmid-radfar-az180,17,2,ellow-radnear-az225 + elmid-radfar-az180,0.23721477907069238,0.3840594024780228,0.1468446234073304,3
overall,all,perimeter_unique_az_best_overlap,8,1,1,ellow-radnear-az225,8,elhigh-radfar-az000,129,2,ellow-radnear-az225 + elhigh-radfar-az000,0.23721477907069238,0.38220750221176797,0.14499272314107559,4
overall,all,perimeter_unique_az_best_overlap,8,1,1,ellow-radnear-az225,3,ellow-radfar-az315,5,2,ellow-radnear-az225 + ellow-radfar-az315,0.23721477907069238,0.36567287992230135,0.12845810085160897,5
overall,all,perimeter_unique_az_best_overlap,8,1,1,ellow-radnear-az225,6,elhigh-radnear-az270,33,2,ellow-radnear-az225 + elhigh-radnear-az270,0.23721477907069238,0.3644782793138961,0.1272635002432037,6
overall,all,perimeter_unique_az_best_overlap,8,1,1,ellow-radnear-az225,7,elhigh-radmid-az135,65,2,ellow-radnear-az225 + elhigh-radmid-az135,0.23721477907069238,0.3627202658108968,0.1255054867402044,7
overall,all,perimeter_unique_az_best_overlap,8,2,1,ellow-radmid-az045,1,ellow-radnear-az225,3,2,ellow-radnear-az225 + ellow-radmid-az045,0.21641164103416755,0.4227642173051211,0.20635257627095355,1
overall,all,perimeter_unique_az_best_overlap,8,2,1,ellow-radmid-az045,6,elhigh-radnear-az270,34,2,ellow-radmid-az045 + elhigh-radnear-az270,0.21641164103416755,0.37110100741292945,0.1546893663787619,2
overall,all,perimeter_unique_az_best_overlap,8,2,1,ellow-radmid-az045,7,elhigh-radmid-az135,66,2,ellow-radmid-az045 + elhigh-radmid-az135,0.21641164103416755,0.3692809681985104,0.15286932716434287,3
overall,all,perimeter_unique_az_best_overlap,8,2,1,ellow-radmid-az045,4,elmid-radnear-az090,10,2,ellow-radmid-az045 + elmid-radnear-az090,0.21641164103416755,0.35483738341577564,0.1384257423816081,4
overall,all,perimeter_unique_az_best_overlap,8,2,1,ellow-radmid-az045,8,elhigh-radfar-az000,130,2,ellow-radmid-az045 + elhigh-radfar-az000,0.21641164103416755,0.3510074942361344,0.13459585320196688,5
overall,all,perimeter_unique_az_best_overlap,8,2,1,ellow-radmid-az045,5,elmid-radfar-az180,18,2,ellow-radmid-az045 + elmid-radfar-az180,0.21641164103416755,0.34947341106275703,0.1330617700285895,6
overall,all,perimeter_unique_az_best_overlap,8,2,1,ellow-radmid-az045,3,ellow-radfar-az315,6,2,ellow-radmid-az045 + ellow-radfar-az315,0.21641164103416755,0.3115150382777897,0.09510339724362216,7
overall,all,perimeter_unique_az_best_overlap,8,4,1,ellow-radfar-az315,1,ellow-radnear-az225,5,2,ellow-radnear-az225 + ellow-radfar-az315,0.14597619558576336,0.36567287992230135,0.219696684336538,1
overall,all,perimeter_unique_az_best_overlap,8,4,1,ellow-radfar-az315,2,ellow-radmid-az045,6,2,ellow-radmid-az045 + ellow-radfar-az315,0.14597619558576336,0.3115150382777897,0.16553884269202634,2
overall,all,perimeter_unique_az_best_overlap,8,4,1,ellow-radfar-az315,8,elhigh-radfar-az000,132,2,ellow-radfar-az315 + elhigh-radfar-az000,0.14597619558576336,0.3108398217741926,0.16486362618842926,3
overall,all,perimeter_unique_az_best_overlap,8,4,1,ellow-radfar-az315,7,elhigh-radmid-az135,68,2,ellow-radfar-az315 + elhigh-radmid-az135,0.14597619558576336,0.30996555275643184,0.16398935717066848,4
overall,all,perimeter_unique_az_best_overlap,8,4,1,ellow-radfar-az315,6,elhigh-radnear-az270,36,2,ellow-radfar-az315 + elhigh-radnear-az270,0.14597619558576336,0.3079717996794936,0.16199560409373026,5
overall,all,perimeter_unique_az_best_overlap,8,4,1,ellow-radfar-az315,4,elmid-radnear-az090,12,2,ellow-radfar-az315 + elmid-radnear-az090,0.14597619558576336,0.2980946487564472,0.15211845317068384,6
overall,all,perimeter_unique_az_best_overlap,8,4,1,ellow-radfar-az315,5,elmid-radfar-az180,20,2,ellow-radfar-az315 + elmid-radfar-az180,0.14597619558576336,0.274535849851065,0.12855965426530164,7
overall,all,perimeter_unique_az_best_overlap,8,8,1,elmid-radnear-az090,1,ellow-radnear-az225,9,2,ellow-radnear-az225 + elmid-radnear-az090,0.19211456466930296,0.38758611724263226,0.1954715525733293,1
overall,all,perimeter_unique_az_best_overlap,8,8,1,elmid-radnear-az090,6,elhigh-radnear-az270,40,2,elmid-radnear-az090 + elhigh-radnear-az270,0.19211456466930296,0.36044131027452414,0.16832674560522118,2
overall,all,perimeter_unique_az_best_overlap,8,8,1,elmid-radnear-az090,2,ellow-radmid-az045,10,2,ellow-radmid-az045 + elmid-radnear-az090,0.19211456466930296,0.35483738341577564,0.16272281874647268,3
overall,all,perimeter_unique_az_best_overlap,8,8,1,elmid-radnear-az090,8,elhigh-radfar-az000,136,2,elmid-radnear-az090 + elhigh-radfar-az000,0.19211456466930296,0.3442192816593147,0.15210471699001174,4
overall,all,perimeter_unique_az_best_overlap,8,8,1,elmid-radnear-az090,5,elmid-radfar-az180,24,2,elmid-radnear-az090 + elmid-radfar-az180,0.19211456466930296,0.33273583622644787,0.1406212715571449,5
overall,all,perimeter_unique_az_best_overlap,8,8,1,elmid-radnear-az090,7,elhigh-radmid-az135,72,2,elmid-radnear-az090 + elhigh-radmid-az135,0.19211456466930296,0.3316080776022397,0.13949351293293674,6
overall,all,perimeter_unique_az_best_overlap,8,8,1,elmid-radnear-az090,3,ellow-radfar-az315,12,2,ellow-radfar-az315 + elmid-radnear-az090,0.19211456466930296,0.2980946487564472,0.10598008408714424,7
overall,all,perimeter_unique_az_best_overlap,8,16,1,elmid-radfar-az180,1,ellow-radnear-az225,17,2,ellow-radnear-az225 + elmid-radfar-az180,0.15982455257339523,0.3840594024780228,0.22423484990462755,1
overall,all,perimeter_unique_az_best_overlap,8,16,1,elmid-radfar-az180,2,ellow-radmid-az045,18,2,ellow-radmid-az045 + elmid-radfar-az180,0.15982455257339523,0.34947341106275703,0.1896488584893618,2
overall,all,perimeter_unique_az_best_overlap,8,16,1,elmid-radfar-az180,4,elmid-radnear-az090,24,2,elmid-radnear-az090 + elmid-radfar-az180,0.15982455257339523,0.33273583622644787,0.17291128365305264,3
overall,all,perimeter_unique_az_best_overlap,8,16,1,elmid-radfar-az180,8,elhigh-radfar-az000,144,2,elmid-radfar-az180 + elhigh-radfar-az000,0.15982455257339523,0.3180875678742124,0.15826301530081716,4
overall,all,perimeter_unique_az_best_overlap,8,16,1,elmid-radfar-az180,7,elhigh-radmid-az135,80,2,elmid-radfar-az180 + elhigh-radmid-az135,0.15982455257339523,0.3125436941118236,0.15271914153842836,5
overall,all,perimeter_unique_az_best_overlap,8,16,1,elmid-radfar-az180,6,elhigh-radnear-az270,48,2,elmid-radfar-az180 + elhigh-radnear-az270,0.15982455257339523,0.30700637830347743,0.1471818257300822,6
overall,all,perimeter_unique_az_best_overlap,8,16,1,elmid-radfar-az180,3,ellow-radfar-az315,20,2,ellow-radfar-az315 + elmid-radfar-az180,0.15982455257339523,0.274535849851065,0.11471129727766977,7
overall,all,perimeter_unique_az_best_overlap,8,32,1,elhigh-radnear-az270,2,ellow-radmid-az045,34,2,ellow-radmid-az045 + elhigh-radnear-az270,0.17797303403327955,0.37110100741292945,0.1931279733796499,1
overall,all,perimeter_unique_az_best_overlap,8,32,1,elhigh-radnear-az270,1,ellow-radnear-az225,33,2,ellow-radnear-az225 + elhigh-radnear-az270,0.17797303403327955,0.3644782793138961,0.18650524528061654,2
overall,all,perimeter_unique_az_best_overlap,8,32,1,elhigh-radnear-az270,4,elmid-radnear-az090,40,2,elmid-radnear-az090 + elhigh-radnear-az270,0.17797303403327955,0.36044131027452414,0.1824682762412446,3
overall,all,perimeter_unique_az_best_overlap,8,32,1,elhigh-radnear-az270,7,elhigh-radmid-az135,96,2,elhigh-radnear-az270 + elhigh-radmid-az135,0.17797303403327955,0.3244004657352786,0.14642743170199904,4
overall,all,perimeter_unique_az_best_overlap,8,32,1,elhigh-radnear-az270,8,elhigh-radfar-az000,160,2,elhigh-radnear-az270 + elhigh-radfar-az000,0.17797303403327955,0.3226769750383505,0.14470394100507097,5
overall,all,perimeter_unique_az_best_overlap,8,32,1,elhigh-radnear-az270,3,ellow-radfar-az315,36,2,ellow-radfar-az315 + elhigh-radnear-az270,0.17797303403327955,0.3079717996794936,0.12999876564621407,6
overall,all,perimeter_unique_az_best_overlap,8,32,1,elhigh-radnear-az270,5,elmid-radfar-az180,48,2,elmid-radfar-az180 + elhigh-radnear-az270,0.17797303403327955,0.30700637830347743,0.12903334427019789,7
overall,all,perimeter_unique_az_best_overlap,8,64,1,elhigh-radmid-az135,2,ellow-radmid-az045,66,2,ellow-radmid-az045 + elhigh-radmid-az135,0.18032056499314222,0.3692809681985104,0.1889604032053682,1
overall,all,perimeter_unique_az_best_overlap,8,64,1,elhigh-radmid-az135,1,ellow-radnear-az225,65,2,ellow-radnear-az225 + elhigh-radmid-az135,0.18032056499314222,0.3627202658108968,0.18239970081775456,2
overall,all,perimeter_unique_az_best_overlap,8,64,1,elhigh-radmid-az135,8,elhigh-radfar-az000,192,2,elhigh-radmid-az135 + elhigh-radfar-az000,0.18032056499314222,0.34403281273404923,0.163712247740907,3
overall,all,perimeter_unique_az_best_overlap,8,64,1,elhigh-radmid-az135,4,elmid-radnear-az090,72,2,elmid-radnear-az090 + elhigh-radmid-az135,0.18032056499314222,0.3316080776022397,0.15128751260909748,4
overall,all,perimeter_unique_az_best_overlap,8,64,1,elhigh-radmid-az135,6,elhigh-radnear-az270,96,2,elhigh-radnear-az270 + elhigh-radmid-az135,0.18032056499314222,0.3244004657352786,0.14407990074213636,5
overall,all,perimeter_unique_az_best_overlap,8,64,1,elhigh-radmid-az135,5,elmid-radfar-az180,80,2,elmid-radfar-az180 + elhigh-radmid-az135,0.18032056499314222,0.3125436941118236,0.13222312911868137,6
overall,all,perimeter_unique_az_best_overlap,8,64,1,elhigh-radmid-az135,3,ellow-radfar-az315,68,2,ellow-radfar-az315 + elhigh-radmid-az135,0.18032056499314222,0.30996555275643184,0.12964498776328962,7
overall,all,perimeter_unique_az_best_overlap,8,128,1,elhigh-radfar-az000,1,ellow-radnear-az225,129,2,ellow-radnear-az225 + elhigh-radfar-az000,0.17683251002387188,0.38220750221176797,0.2053749921878961,1
overall,all,perimeter_unique_az_best_overlap,8,128,1,elhigh-radfar-az000,2,ellow-radmid-az045,130,2,ellow-radmid-az045 + elhigh-radfar-az000,0.17683251002387188,0.3510074942361344,0.17417498421226255,2
overall,all,perimeter_unique_az_best_overlap,8,128,1,elhigh-radfar-az000,4,elmid-radnear-az090,136,2,elmid-radnear-az090 + elhigh-radfar-az000,0.17683251002387188,0.3442192816593147,0.16738677163544283,3
overall,all,perimeter_unique_az_best_overlap,8,128,1,elhigh-radfar-az000,7,elhigh-radmid-az135,192,2,elhigh-radmid-az135 + elhigh-radfar-az000,0.17683251002387188,0.34403281273404923,0.16720030271017736,4
overall,all,perimeter_unique_az_best_overlap,8,128,1,elhigh-radfar-az000,6,elhigh-radnear-az270,160,2,elhigh-radnear-az270 + elhigh-radfar-az000,0.17683251002387188,0.3226769750383505,0.14584446501447865,5
overall,all,perimeter_unique_az_best_overlap,8,128,1,elhigh-radfar-az000,5,elmid-radfar-az180,144,2,elmid-radfar-az180 + elhigh-radfar-az000,0.17683251002387188,0.3180875678742124,0.1412550578503405,6
overall,all,perimeter_unique_az_best_overlap,8,128,1,elhigh-radfar-az000,3,ellow-radfar-az315,132,2,ellow-radfar-az315 + elhigh-radfar-az000,0.17683251002387188,0.3108398217741926,0.13400731175032074,7
overall,all,perimeter_unique_az_best_overlap,8,3,2,ellow-radnear-az225 + ellow-radmid-az045,5,elmid-radfar-az180,19,3,ellow-radnear-az225 + ellow-radmid-az045 + elmid-radfar-az180,0.4227642173051211,0.5491359952618268,0.12637177795670568,1
overall,all,perimeter_unique_az_best_overlap,8,3,2,ellow-radnear-az225 + ellow-radmid-az045,6,elhigh-radnear-az270,35,3,ellow-radnear-az225 + ellow-radmid-az045 + elhigh-radnear-az270,0.4227642173051211,0.5452291478309081,0.12246493052578705,2
overall,all,perimeter_unique_az_best_overlap,8,3,2,ellow-radnear-az225 + ellow-radmid-az045,8,elhigh-radfar-az000,131,3,ellow-radnear-az225 + ellow-radmid-az045 + elhigh-radfar-az000,0.4227642173051211,0.537663102690337,0.11489888538521592,3
overall,all,perimeter_unique_az_best_overlap,8,3,2,ellow-radnear-az225 + ellow-radmid-az045,7,elhigh-radmid-az135,67,3,ellow-radnear-az225 + ellow-radmid-az045 + elhigh-radmid-az135,0.4227642173051211,0.5306223933120402,0.1078581760069191,4
overall,all,perimeter_unique_az_best_overlap,8,3,2,ellow-radnear-az225 + ellow-radmid-az045,4,elmid-radnear-az090,11,3,ellow-radnear-az225 + ellow-radmid-az045 + elmid-radnear-az090,0.4227642173051211,0.5303581339786869,0.10759391667356583,5
overall,all,perimeter_unique_az_best_overlap,8,3,2,ellow-radnear-az225 + ellow-radmid-az045,3,ellow-radfar-az315,7,3,ellow-radnear-az225 + ellow-radmid-az045 + ellow-radfar-az315,0.4227642173051211,0.5066879370832799,0.08392371977815877,6
overall,all,perimeter_unique_az_best_overlap,8,5,2,ellow-radnear-az225 + ellow-radfar-az315,2,ellow-radmid-az045,7,3,ellow-radnear-az225 + ellow-radmid-az045 + ellow-radfar-az315,0.36567287992230135,0.5066879370832799,0.1410150571609785,1
overall,all,perimeter_unique_az_best_overlap,8,5,2,ellow-radnear-az225 + ellow-radfar-az315,8,elhigh-radfar-az000,133,3,ellow-radnear-az225 + ellow-radfar-az315 + elhigh-radfar-az000,0.36567287992230135,0.5047347389134205,0.1390618589911191,2
overall,all,perimeter_unique_az_best_overlap,8,5,2,ellow-radnear-az225 + ellow-radfar-az315,5,elmid-radfar-az180,21,3,ellow-radnear-az225 + ellow-radfar-az315 + elmid-radfar-az180,0.36567287992230135,0.4874915871269903,0.12181870720468896,3
overall,all,perimeter_unique_az_best_overlap,8,5,2,ellow-radnear-az225 + ellow-radfar-az315,7,elhigh-radmid-az135,69,3,ellow-radnear-az225 + ellow-radfar-az315 + elhigh-radmid-az135,0.36567287992230135,0.48652501807067405,0.1208521381483727,4
overall,all,perimeter_unique_az_best_overlap,8,5,2,ellow-radnear-az225 + ellow-radfar-az315,6,elhigh-radnear-az270,37,3,ellow-radnear-az225 + ellow-radfar-az315 + elhigh-radnear-az270,0.36567287992230135,0.4832539817582902,0.11758110183598885,5
overall,all,perimeter_unique_az_best_overlap,8,5,2,ellow-radnear-az225 + ellow-radfar-az315,4,elmid-radnear-az090,13,3,ellow-radnear-az225 + ellow-radfar-az315 + elmid-radnear-az090,0.36567287992230135,0.4823991755981525,0.11672629567585113,6
overall,all,perimeter_unique_az_best_overlap,8,6,2,ellow-radmid-az045 + ellow-radfar-az315,1,ellow-radnear-az225,7,3,ellow-radnear-az225 + ellow-radmid-az045 + ellow-radfar-az315,0.3115150382777897,0.5066879370832799,0.19517289880549016,1
overall,all,perimeter_unique_az_best_overlap,8,6,2,ellow-radmid-az045 + ellow-radfar-az315,6,elhigh-radnear-az270,38,3,ellow-radmid-az045 + ellow-radfar-az315 + elhigh-radnear-az270,0.3115150382777897,0.4564277168758482,0.1449126785980585,2
overall,all,perimeter_unique_az_best_overlap,8,6,2,ellow-radmid-az045 + ellow-radfar-az315,7,elhigh-radmid-az135,70,3,ellow-radmid-az045 + ellow-radfar-az315 + elhigh-radmid-az135,0.3115150382777897,0.4542432128451988,0.1427281745674091,3
overall,all,perimeter_unique_az_best_overlap,8,6,2,ellow-radmid-az045 + ellow-radfar-az315,8,elhigh-radfar-az000,134,3,ellow-radmid-az045 + ellow-radfar-az315 + elhigh-radfar-az000,0.3115150382777897,0.44574932676350737,0.13423428848571767,4
overall,all,perimeter_unique_az_best_overlap,8,6,2,ellow-radmid-az045 + ellow-radfar-az315,5,elmid-radfar-az180,22,3,ellow-radmid-az045 + ellow-radfar-az315 + elmid-radfar-az180,0.3115150382777897,0.42565859570056813,0.11414355742277843,5
overall,all,perimeter_unique_az_best_overlap,8,6,2,ellow-radmid-az045 + ellow-radfar-az315,4,elmid-radnear-az090,14,3,ellow-radmid-az045 + ellow-radfar-az315 + elmid-radnear-az090,0.3115150382777897,0.42247943388067677,0.11096439560288707,6
overall,all,perimeter_unique_az_best_overlap,8,9,2,ellow-radnear-az225 + elmid-radnear-az090,2,ellow-radmid-az045,11,3,ellow-radnear-az225 + ellow-radmid-az045 + elmid-radnear-az090,0.38758611724263226,0.5303581339786869,0.14277201673605466,1
overall,all,perimeter_unique_az_best_overlap,8,9,2,ellow-radnear-az225 + elmid-radnear-az090,5,elmid-radfar-az180,25,3,ellow-radnear-az225 + elmid-radnear-az090 + elmid-radfar-az180,0.38758611724263226,0.5215359612150784,0.13394984397244614,2
overall,all,perimeter_unique_az_best_overlap,8,9,2,ellow-radnear-az225 + elmid-radnear-az090,8,elhigh-radfar-az000,137,3,ellow-radnear-az225 + elmid-radnear-az090 + elhigh-radfar-az000,0.38758611724263226,0.5202882288564735,0.13270211161384127,3
overall,all,perimeter_unique_az_best_overlap,8,9,2,ellow-radnear-az225 + elmid-radnear-az090,6,elhigh-radnear-az270,41,3,ellow-radnear-az225 + elmid-radnear-az090 + elhigh-radnear-az270,0.38758611724263226,0.5115621709424107,0.12397605369977849,4
overall,all,perimeter_unique_az_best_overlap,8,9,2,ellow-radnear-az225 + elmid-radnear-az090,7,elhigh-radmid-az135,73,3,ellow-radnear-az225 + elmid-radnear-az090 + elhigh-radmid-az135,0.38758611724263226,0.4912780577377871,0.10369194049515484,5
overall,all,perimeter_unique_az_best_overlap,8,9,2,ellow-radnear-az225 + elmid-radnear-az090,3,ellow-radfar-az315,13,3,ellow-radnear-az225 + ellow-radfar-az315 + elmid-radnear-az090,0.38758611724263226,0.4823991755981525,0.09481305835552023,6
overall,all,perimeter_unique_az_best_overlap,8,10,2,ellow-radmid-az045 + elmid-radnear-az090,1,ellow-radnear-az225,11,3,ellow-radnear-az225 + ellow-radmid-az045 + elmid-radnear-az090,0.35483738341577564,0.5303581339786869,0.17552075056291128,1
overall,all,perimeter_unique_az_best_overlap,8,10,2,ellow-radmid-az045 + elmid-radnear-az090,6,elhigh-radnear-az270,42,3,ellow-radmid-az045 + elmid-radnear-az090 + elhigh-radnear-az270,0.35483738341577564,0.5061439709499023,0.15130658753412662,2
overall,all,perimeter_unique_az_best_overlap,8,10,2,ellow-radmid-az045 + elmid-radnear-az090,7,elhigh-radmid-az135,74,3,ellow-radmid-az045 + elmid-radnear-az090 + elhigh-radmid-az135,0.35483738341577564,0.48254775786153936,0.12771037444576372,3
overall,all,perimeter_unique_az_best_overlap,8,10,2,ellow-radmid-az045 + elmid-radnear-az090,5,elmid-radfar-az180,26,3,ellow-radmid-az045 + elmid-radnear-az090 + elmid-radfar-az180,0.35483738341577564,0.48116868059142537,0.12633129717564973,4
overall,all,perimeter_unique_az_best_overlap,8,10,2,ellow-radmid-az045 + elmid-radnear-az090,8,elhigh-radfar-az000,138,3,ellow-radmid-az045 + elmid-radnear-az090 + elhigh-radfar-az000,0.35483738341577564,0.4811588519124054,0.12632146849662979,5
overall,all,perimeter_unique_az_best_overlap,8,10,2,ellow-radmid-az045 + elmid-radnear-az090,3,ellow-radfar-az315,14,3,ellow-radmid-az045 + ellow-radfar-az315 + elmid-radnear-az090,0.35483738341577564,0.42247943388067677,0.06764205046490113,6
overall,all,perimeter_unique_az_best_overlap,8,12,2,ellow-radfar-az315 + elmid-radnear-az090,1,ellow-radnear-az225,13,3,ellow-radnear-az225 + ellow-radfar-az315 + elmid-radnear-az090,0.2980946487564472,0.4823991755981525,0.18430452684170529,1
overall,all,perimeter_unique_az_best_overlap,8,12,2,ellow-radfar-az315 + elmid-radnear-az090,6,elhigh-radnear-az270,44,3,ellow-radfar-az315 + elmid-radnear-az090 + elhigh-radnear-az270,0.2980946487564472,0.45915388645490407,0.16105923769845687,2
overall,all,perimeter_unique_az_best_overlap,8,12,2,ellow-radfar-az315 + elmid-radnear-az090,8,elhigh-radfar-az000,140,3,ellow-radfar-az315 + elmid-radnear-az090 + elhigh-radfar-az000,0.2980946487564472,0.4441934802316619,0.14609883147521469,3
overall,all,perimeter_unique_az_best_overlap,8,12,2,ellow-radfar-az315 + elmid-radnear-az090,7,elhigh-radmid-az135,76,3,ellow-radfar-az315 + elmid-radnear-az090 + elhigh-radmid-az135,0.2980946487564472,0.4307811761954381,0.1326865274389909,4
overall,all,perimeter_unique_az_best_overlap,8,12,2,ellow-radfar-az315 + elmid-radnear-az090,5,elmid-radfar-az180,28,3,ellow-radfar-az315 + elmid-radnear-az090 + elmid-radfar-az180,0.2980946487564472,0.42598214952657026,0.12788750077012306,5
overall,all,perimeter_unique_az_best_overlap,8,12,2,ellow-radfar-az315 + elmid-radnear-az090,2,ellow-radmid-az045,14,3,ellow-radmid-az045 + ellow-radfar-az315 + elmid-radnear-az090,0.2980946487564472,0.42247943388067677,0.12438478512422957,6
overall,all,perimeter_unique_az_best_overlap,8,17,2,ellow-radnear-az225 + elmid-radfar-az180,2,ellow-radmid-az045,19,3,ellow-radnear-az225 + ellow-radmid-az045 + elmid-radfar-az180,0.3840594024780228,0.5491359952618268,0.165076592783804,1
overall,all,perimeter_unique_az_best_overlap,8,17,2,ellow-radnear-az225 + elmid-radfar-az180,4,elmid-radnear-az090,25,3,ellow-radnear-az225 + elmid-radnear-az090 + elmid-radfar-az180,0.3840594024780228,0.5215359612150784,0.1374765587370556,2
overall,all,perimeter_unique_az_best_overlap,8,17,2,ellow-radnear-az225 + elmid-radfar-az180,8,elhigh-radfar-az000,145,3,ellow-radnear-az225 + elmid-radfar-az180 + elhigh-radfar-az000,0.3840594024780228,0.5165074675717587,0.1324480650937359,3
overall,all,perimeter_unique_az_best_overlap,8,17,2,ellow-radnear-az225 + elmid-radfar-az180,6,elhigh-radnear-az270,49,3,ellow-radnear-az225 + elmid-radfar-az180 + elhigh-radnear-az270,0.3840594024780228,0.49314462847915597,0.10908522600113318,4
overall,all,perimeter_unique_az_best_overlap,8,17,2,ellow-radnear-az225 + elmid-radfar-az180,7,elhigh-radmid-az135,81,3,ellow-radnear-az225 + elmid-radfar-az180 + elhigh-radmid-az135,0.3840594024780228,0.4882011280051577,0.10414172552713491,5
overall,all,perimeter_unique_az_best_overlap,8,17,2,ellow-radnear-az225 + elmid-radfar-az180,3,ellow-radfar-az315,21,3,ellow-radnear-az225 + ellow-radfar-az315 + elmid-radfar-az180,0.3840594024780228,0.4874915871269903,0.10343218464896753,6
overall,all,perimeter_unique_az_best_overlap,8,18,2,ellow-radmid-az045 + elmid-radfar-az180,1,ellow-radnear-az225,19,3,ellow-radnear-az225 + ellow-radmid-az045 + elmid-radfar-az180,0.34947341106275703,0.5491359952618268,0.19966258419906974,1
overall,all,perimeter_unique_az_best_overlap,8,18,2,ellow-radmid-az045 + elmid-radfar-az180,4,elmid-radnear-az090,26,3,ellow-radmid-az045 + elmid-radnear-az090 + elmid-radfar-az180,0.34947341106275703,0.48116868059142537,0.13169526952866834,2
overall,all,perimeter_unique_az_best_overlap,8,18,2,ellow-radmid-az045 + elmid-radfar-az180,7,elhigh-radmid-az135,82,3,ellow-radmid-az045 + elmid-radfar-az180 + elhigh-radmid-az135,0.34947341106275703,0.48088506476528237,0.13141165370252533,3
overall,all,perimeter_unique_az_best_overlap,8,18,2,ellow-radmid-az045 + elmid-radfar-az180,6,elhigh-radnear-az270,50,3,ellow-radmid-az045 + elmid-radfar-az180 + elhigh-radnear-az270,0.34947341106275703,0.47952415081009303,0.130050739747336,4
overall,all,perimeter_unique_az_best_overlap,8,18,2,ellow-radmid-az045 + elmid-radfar-az180,8,elhigh-radfar-az000,146,3,ellow-radmid-az045 + elmid-radfar-az180 + elhigh-radfar-az000,0.34947341106275703,0.47143187636970235,0.12195846530694532,5
overall,all,perimeter_unique_az_best_overlap,8,18,2,ellow-radmid-az045 + elmid-radfar-az180,3,ellow-radfar-az315,22,3,ellow-radmid-az045 + ellow-radfar-az315 + elmid-radfar-az180,0.34947341106275703,0.42565859570056813,0.0761851846378111,6
overall,all,perimeter_unique_az_best_overlap,8,20,2,ellow-radfar-az315 + elmid-radfar-az180,1,ellow-radnear-az225,21,3,ellow-radnear-az225 + ellow-radfar-az315 + elmid-radfar-az180,0.274535849851065,0.4874915871269903,0.21295573727592532,1
overall,all,perimeter_unique_az_best_overlap,8,20,2,ellow-radfar-az315 + elmid-radfar-az180,8,elhigh-radfar-az000,148,3,ellow-radfar-az315 + elmid-radfar-az180 + elhigh-radfar-az000,0.274535849851065,0.4267129113737254,0.15217706152266042,2
overall,all,perimeter_unique_az_best_overlap,8,20,2,ellow-radfar-az315 + elmid-radfar-az180,4,elmid-radnear-az090,28,3,ellow-radfar-az315 + elmid-radnear-az090 + elmid-radfar-az180,0.274535849851065,0.42598214952657026,0.15144629967550527,3
overall,all,perimeter_unique_az_best_overlap,8,20,2,ellow-radfar-az315 + elmid-radfar-az180,2,ellow-radmid-az045,22,3,ellow-radmid-az045 + ellow-radfar-az315 + elmid-radfar-az180,0.274535849851065,0.42565859570056813,0.15112274584950314,4
overall,all,perimeter_unique_az_best_overlap,8,20,2,ellow-radfar-az315 + elmid-radfar-az180,7,elhigh-radmid-az135,84,3,ellow-radfar-az315 + elmid-radfar-az180 + elhigh-radmid-az135,0.274535849851065,0.41701772973469153,0.14248187988362654,5
overall,all,perimeter_unique_az_best_overlap,8,20,2,ellow-radfar-az315 + elmid-radfar-az180,6,elhigh-radnear-az270,52,3,ellow-radfar-az315 + elmid-radfar-az180 + elhigh-radnear-az270,0.274535849851065,0.4118429918493616,0.13730714199829658,6
overall,all,perimeter_unique_az_best_overlap,8,24,2,elmid-radnear-az090 + elmid-radfar-az180,1,ellow-radnear-az225,25,3,ellow-radnear-az225 + elmid-radnear-az090 + elmid-radfar-az180,0.33273583622644787,0.5215359612150784,0.18880012498863052,1
overall,all,perimeter_unique_az_best_overlap,8,24,2,elmid-radnear-az090 + elmid-radfar-az180,2,ellow-radmid-az045,26,3,ellow-radmid-az045 + elmid-radnear-az090 + elmid-radfar-az180,0.33273583622644787,0.48116868059142537,0.1484328443649775,2
overall,all,perimeter_unique_az_best_overlap,8,24,2,elmid-radnear-az090 + elmid-radfar-az180,6,elhigh-radnear-az270,56,3,elmid-radnear-az090 + elmid-radfar-az180 + elhigh-radnear-az270,0.33273583622644787,0.47644213231705473,0.14370629609060687,3
overall,all,perimeter_unique_az_best_overlap,8,24,2,elmid-radnear-az090 + elmid-radfar-az180,8,elhigh-radfar-az000,152,3,elmid-radnear-az090 + elmid-radfar-az180 + elhigh-radfar-az000,0.33273583622644787,0.47222104332874415,0.13948520710229628,4
overall,all,perimeter_unique_az_best_overlap,8,24,2,elmid-radnear-az090 + elmid-radfar-az180,7,elhigh-radmid-az135,88,3,elmid-radnear-az090 + elmid-radfar-az180 + elhigh-radmid-az135,0.33273583622644787,0.4507897849666906,0.11805394874024272,5
overall,all,perimeter_unique_az_best_overlap,8,24,2,elmid-radnear-az090 + elmid-radfar-az180,3,ellow-radfar-az315,28,3,ellow-radfar-az315 + elmid-radnear-az090 + elmid-radfar-az180,0.33273583622644787,0.42598214952657026,0.0932463133001224,6
overall,all,perimeter_unique_az_best_overlap,8,33,2,ellow-radnear-az225 + elhigh-radnear-az270,2,ellow-radmid-az045,35,3,ellow-radnear-az225 + ellow-radmid-az045 + elhigh-radnear-az270,0.3644782793138961,0.5452291478309081,0.18075086851701205,1
overall,all,perimeter_unique_az_best_overlap,8,33,2,ellow-radnear-az225 + elhigh-radnear-az270,4,elmid-radnear-az090,41,3,ellow-radnear-az225 + elmid-radnear-az090 + elhigh-radnear-az270,0.3644782793138961,0.5115621709424107,0.14708389162851465,2
overall,all,perimeter_unique_az_best_overlap,8,33,2,ellow-radnear-az225 + elhigh-radnear-az270,5,elmid-radfar-az180,49,3,ellow-radnear-az225 + elmid-radfar-az180 + elhigh-radnear-az270,0.3644782793138961,0.49314462847915597,0.12866634916525987,3
overall,all,perimeter_unique_az_best_overlap,8,33,2,ellow-radnear-az225 + elhigh-radnear-az270,8,elhigh-radfar-az000,161,3,ellow-radnear-az225 + elhigh-radnear-az270 + elhigh-radfar-az000,0.3644782793138961,0.48338804250359324,0.11890976318969715,4
overall,all,perimeter_unique_az_best_overlap,8,33,2,ellow-radnear-az225 + elhigh-radnear-az270,3,ellow-radfar-az315,37,3,ellow-radnear-az225 + ellow-radfar-az315 + elhigh-radnear-az270,0.3644782793138961,0.4832539817582902,0.11877570244439412,5
overall,all,perimeter_unique_az_best_overlap,8,33,2,ellow-radnear-az225 + elhigh-radnear-az270,7,elhigh-radmid-az135,97,3,ellow-radnear-az225 + elhigh-radnear-az270 + elhigh-radmid-az135,0.3644782793138961,0.4685010677166769,0.10402278840278079,6
overall,all,perimeter_unique_az_best_overlap,8,34,2,ellow-radmid-az045 + elhigh-radnear-az270,1,ellow-radnear-az225,35,3,ellow-radnear-az225 + ellow-radmid-az045 + elhigh-radnear-az270,0.37110100741292945,0.5452291478309081,0.1741281404179787,1
overall,all,perimeter_unique_az_best_overlap,8,34,2,ellow-radmid-az045 + elhigh-radnear-az270,4,elmid-radnear-az090,42,3,ellow-radmid-az045 + elmid-radnear-az090 + elhigh-radnear-az270,0.37110100741292945,0.5061439709499023,0.13504296353697282,2
overall,all,perimeter_unique_az_best_overlap,8,34,2,ellow-radmid-az045 + elhigh-radnear-az270,7,elhigh-radmid-az135,98,3,ellow-radmid-az045 + elhigh-radnear-az270 + elhigh-radmid-az135,0.37110100741292945,0.49627480488154485,0.1251737974686154,3
overall,all,perimeter_unique_az_best_overlap,8,34,2,ellow-radmid-az045 + elhigh-radnear-az270,5,elmid-radfar-az180,50,3,ellow-radmid-az045 + elmid-radfar-az180 + elhigh-radnear-az270,0.37110100741292945,0.47952415081009303,0.10842314339716358,4
overall,all,perimeter_unique_az_best_overlap,8,34,2,ellow-radmid-az045 + elhigh-radnear-az270,8,elhigh-radfar-az000,162,3,ellow-radmid-az045 + elhigh-radnear-az270 + elhigh-radfar-az000,0.37110100741292945,0.4795208189423277,0.10841981152939822,5
overall,all,perimeter_unique_az_best_overlap,8,34,2,ellow-radmid-az045 + elhigh-radnear-az270,3,ellow-radfar-az315,38,3,ellow-radmid-az045 + ellow-radfar-az315 + elhigh-radnear-az270,0.37110100741292945,0.4564277168758482,0.08532670946291876,6
overall,all,perimeter_unique_az_best_overlap,8,36,2,ellow-radfar-az315 + elhigh-radnear-az270,1,ellow-radnear-az225,37,3,ellow-radnear-az225 + ellow-radfar-az315 + elhigh-radnear-az270,0.3079717996794936,0.4832539817582902,0.1752821820787966,1
overall,all,perimeter_unique_az_best_overlap,8,36,2,ellow-radfar-az315 + elhigh-radnear-az270,4,elmid-radnear-az090,44,3,ellow-radfar-az315 + elmid-radnear-az090 + elhigh-radnear-az270,0.3079717996794936,0.45915388645490407,0.15118208677541045,2
overall,all,perimeter_unique_az_best_overlap,8,36,2,ellow-radfar-az315 + elhigh-radnear-az270,2,ellow-radmid-az045,38,3,ellow-radmid-az045 + ellow-radfar-az315 + elhigh-radnear-az270,0.3079717996794936,0.4564277168758482,0.1484559171963546,3
overall,all,perimeter_unique_az_best_overlap,8,36,2,ellow-radfar-az315 + elhigh-radnear-az270,7,elhigh-radmid-az135,100,3,ellow-radfar-az315 + elhigh-radnear-az270 + elhigh-radmid-az135,0.3079717996794936,0.44666617606376813,0.1386943763842745,4
overall,all,perimeter_unique_az_best_overlap,8,36,2,ellow-radfar-az315 + elhigh-radnear-az270,8,elhigh-radfar-az000,164,3,ellow-radfar-az315 + elhigh-radnear-az270 + elhigh-radfar-az000,0.3079717996794936,0.44661007251699425,0.13863827283750063,5
overall,all,perimeter_unique_az_best_overlap,8,36,2,ellow-radfar-az315 + elhigh-radnear-az270,5,elmid-radfar-az180,52,3,ellow-radfar-az315 + elmid-radfar-az180 + elhigh-radnear-az270,0.3079717996794936,0.4118429918493616,0.10387119216986795,6
overall,all,perimeter_unique_az_best_overlap,8,40,2,elmid-radnear-az090 + elhigh-radnear-az270,1,ellow-radnear-az225,41,3,ellow-radnear-az225 + elmid-radnear-az090 + elhigh-radnear-az270,0.36044131027452414,0.5115621709424107,0.1511208606678866,1
overall,all,perimeter_unique_az_best_overlap,8,40,2,elmid-radnear-az090 + elhigh-radnear-az270,2,ellow-radmid-az045,42,3,ellow-radmid-az045 + elmid-radnear-az090 + elhigh-radnear-az270,0.36044131027452414,0.5061439709499023,0.14570266067537813,2
overall,all,perimeter_unique_az_best_overlap,8,40,2,elmid-radnear-az090 + elhigh-radnear-az270,8,elhigh-radfar-az000,168,3,elmid-radnear-az090 + elhigh-radnear-az270 + elhigh-radfar-az000,0.36044131027452414,0.48638797166183884,0.1259466613873147,3
overall,all,perimeter_unique_az_best_overlap,8,40,2,elmid-radnear-az090 + elhigh-radnear-az270,5,elmid-radfar-az180,56,3,elmid-radnear-az090 + elmid-radfar-az180 + elhigh-radnear-az270,0.36044131027452414,0.47644213231705473,0.1160008220425306,4
overall,all,perimeter_unique_az_best_overlap,8,40,2,elmid-radnear-az090 + elhigh-radnear-az270,7,elhigh-radmid-az135,104,3,elmid-radnear-az090 + elhigh-radnear-az270 + elhigh-radmid-az135,0.36044131027452414,0.4747752992617298,0.11433398898720565,5
overall,all,perimeter_unique_az_best_overlap,8,40,2,elmid-radnear-az090 + elhigh-radnear-az270,3,ellow-radfar-az315,44,3,ellow-radfar-az315 + elmid-radnear-az090 + elhigh-radnear-az270,0.36044131027452414,0.45915388645490407,0.09871257618037993,6
overall,all,perimeter_unique_az_best_overlap,8,48,2,elmid-radfar-az180 + elhigh-radnear-az270,1,ellow-radnear-az225,49,3,ellow-radnear-az225 + elmid-radfar-az180 + elhigh-radnear-az270,0.30700637830347743,0.49314462847915597,0.18613825017567853,1
overall,all,perimeter_unique_az_best_overlap,8,48,2,elmid-radfar-az180 + elhigh-radnear-az270,2,ellow-radmid-az045,50,3,ellow-radmid-az045 + elmid-radfar-az180 + elhigh-radnear-az270,0.30700637830347743,0.47952415081009303,0.1725177725066156,2
overall,all,perimeter_unique_az_best_overlap,8,48,2,elmid-radfar-az180 + elhigh-radnear-az270,4,elmid-radnear-az090,56,3,elmid-radnear-az090 + elmid-radfar-az180 + elhigh-radnear-az270,0.30700637830347743,0.47644213231705473,0.1694357540135773,3
overall,all,perimeter_unique_az_best_overlap,8,48,2,elmid-radfar-az180 + elhigh-radnear-az270,8,elhigh-radfar-az000,176,3,elmid-radfar-az180 + elhigh-radnear-az270 + elhigh-radfar-az000,0.30700637830347743,0.4390311702642327,0.13202479196075528,4
overall,all,perimeter_unique_az_best_overlap,8,48,2,elmid-radfar-az180 + elhigh-radnear-az270,7,elhigh-radmid-az135,112,3,elmid-radfar-az180 + elhigh-radnear-az270 + elhigh-radmid-az135,0.30700637830347743,0.4319338428966989,0.12492746459322146,5
overall,all,perimeter_unique_az_best_overlap,8,48,2,elmid-radfar-az180 + elhigh-radnear-az270,3,ellow-radfar-az315,52,3,ellow-radfar-az315 + elmid-radfar-az180 + elhigh-radnear-az270,0.30700637830347743,0.4118429918493616,0.10483661354588414,6
overall,all,perimeter_unique_az_best_overlap,8,65,2,ellow-radnear-az225 + elhigh-radmid-az135,2,ellow-radmid-az045,67,3,ellow-radnear-az225 + ellow-radmid-az045 + elhigh-radmid-az135,0.3627202658108968,0.5306223933120402,0.16790212750114342,1
overall,all,perimeter_unique_az_best_overlap,8,65,2,ellow-radnear-az225 + elhigh-radmid-az135,8,elhigh-radfar-az000,193,3,ellow-radnear-az225 + elhigh-radmid-az135 + elhigh-radfar-az000,0.3627202658108968,0.5010611107611688,0.138340844950272,2
overall,all,perimeter_unique_az_best_overlap,8,65,2,ellow-radnear-az225 + elhigh-radmid-az135,4,elmid-radnear-az090,73,3,ellow-radnear-az225 + elmid-radnear-az090 + elhigh-radmid-az135,0.3627202658108968,0.4912780577377871,0.12855779192689032,3
overall,all,perimeter_unique_az_best_overlap,8,65,2,ellow-radnear-az225 + elhigh-radmid-az135,5,elmid-radfar-az180,81,3,ellow-radnear-az225 + elmid-radfar-az180 + elhigh-radmid-az135,0.3627202658108968,0.4882011280051577,0.1254808621942609,4
overall,all,perimeter_unique_az_best_overlap,8,65,2,ellow-radnear-az225 + elhigh-radmid-az135,3,ellow-radfar-az315,69,3,ellow-radnear-az225 + ellow-radfar-az315 + elhigh-radmid-az135,0.3627202658108968,0.48652501807067405,0.12380475225977727,5
overall,all,perimeter_unique_az_best_overlap,8,65,2,ellow-radnear-az225 + elhigh-radmid-az135,6,elhigh-radnear-az270,97,3,ellow-radnear-az225 + elhigh-radnear-az270 + elhigh-radmid-az135,0.3627202658108968,0.4685010677166769,0.1057808019057801,6
overall,all,perimeter_unique_az_best_overlap,8,66,2,ellow-radmid-az045 + elhigh-radmid-az135,1,ellow-radnear-az225,67,3,ellow-radnear-az225 + ellow-radmid-az045 + elhigh-radmid-az135,0.3692809681985104,0.5306223933120402,0.16134142511352978,1
overall,all,perimeter_unique_az_best_overlap,8,66,2,ellow-radmid-az045 + elhigh-radmid-az135,8,elhigh-radfar-az000,194,3,ellow-radmid-az045 + elhigh-radmid-az135 + elhigh-radfar-az000,0.3692809681985104,0.4967003476084589,0.12741937940994846,2
overall,all,perimeter_unique_az_best_overlap,8,66,2,ellow-radmid-az045 + elhigh-radmid-az135,6,elhigh-radnear-az270,98,3,ellow-radmid-az045 + elhigh-radnear-az270 + elhigh-radmid-az135,0.3692809681985104,0.49627480488154485,0.12699383668303443,3
overall,all,perimeter_unique_az_best_overlap,8,66,2,ellow-radmid-az045 + elhigh-radmid-az135,4,elmid-radnear-az090,74,3,ellow-radmid-az045 + elmid-radnear-az090 + elhigh-radmid-az135,0.3692809681985104,0.48254775786153936,0.11326678966302894,4
overall,all,perimeter_unique_az_best_overlap,8,66,2,ellow-radmid-az045 + elhigh-radmid-az135,5,elmid-radfar-az180,82,3,ellow-radmid-az045 + elmid-radfar-az180 + elhigh-radmid-az135,0.3692809681985104,0.48088506476528237,0.11160409656677195,5
overall,all,perimeter_unique_az_best_overlap,8,66,2,ellow-radmid-az045 + elhigh-radmid-az135,3,ellow-radfar-az315,70,3,ellow-radmid-az045 + ellow-radfar-az315 + elhigh-radmid-az135,0.3692809681985104,0.4542432128451988,0.08496224464668839,6
overall,all,perimeter_unique_az_best_overlap,8,68,2,ellow-radfar-az315 + elhigh-radmid-az135,1,ellow-radnear-az225,69,3,ellow-radnear-az225 + ellow-radfar-az315 + elhigh-radmid-az135,0.30996555275643184,0.48652501807067405,0.17655946531424221,1
overall,all,perimeter_unique_az_best_overlap,8,68,2,ellow-radfar-az315 + elhigh-radmid-az135,8,elhigh-radfar-az000,196,3,ellow-radfar-az315 + elhigh-radmid-az135 + elhigh-radfar-az000,0.30996555275643184,0.4676034247807328,0.15763787202430096,2
overall,all,perimeter_unique_az_best_overlap,8,68,2,ellow-radfar-az315 + elhigh-radmid-az135,2,ellow-radmid-az045,70,3,ellow-radmid-az045 + ellow-radfar-az315 + elhigh-radmid-az135,0.30996555275643184,0.4542432128451988,0.14427766008876697,3
overall,all,perimeter_unique_az_best_overlap,8,68,2,ellow-radfar-az315 + elhigh-radmid-az135,6,elhigh-radnear-az270,100,3,ellow-radfar-az315 + elhigh-radnear-az270 + elhigh-radmid-az135,0.30996555275643184,0.44666617606376813,0.1367006233073363,4
overall,all,perimeter_unique_az_best_overlap,8,68,2,ellow-radfar-az315 + elhigh-radmid-az135,4,elmid-radnear-az090,76,3,ellow-radfar-az315 + elmid-radnear-az090 + elhigh-radmid-az135,0.30996555275643184,0.4307811761954381,0.12081562343900626,5
overall,all,perimeter_unique_az_best_overlap,8,68,2,ellow-radfar-az315 + elhigh-radmid-az135,5,elmid-radfar-az180,84,3,ellow-radfar-az315 + elmid-radfar-az180 + elhigh-radmid-az135,0.30996555275643184,0.41701772973469153,0.1070521769782597,6
overall,all,perimeter_unique_az_best_overlap,8,72,2,elmid-radnear-az090 + elhigh-radmid-az135,1,ellow-radnear-az225,73,3,ellow-radnear-az225 + elmid-radnear-az090 + elhigh-radmid-az135,0.3316080776022397,0.4912780577377871,0.1596699801355474,1
overall,all,perimeter_unique_az_best_overlap,8,72,2,elmid-radnear-az090 + elhigh-radmid-az135,2,ellow-radmid-az045,74,3,ellow-radmid-az045 + elmid-radnear-az090 + elhigh-radmid-az135,0.3316080776022397,0.48254775786153936,0.15093968025929966,2
overall,all,perimeter_unique_az_best_overlap,8,72,2,elmid-radnear-az090 + elhigh-radmid-az135,8,elhigh-radfar-az000,200,3,elmid-radnear-az090 + elhigh-radmid-az135 + elhigh-radfar-az000,0.3316080776022397,0.4769340406258483,0.14532596302360862,3
overall,all,perimeter_unique_az_best_overlap,8,72,2,elmid-radnear-az090 + elhigh-radmid-az135,6,elhigh-radnear-az270,104,3,elmid-radnear-az090 + elhigh-radnear-az270 + elhigh-radmid-az135,0.3316080776022397,0.4747752992617298,0.14316722165949008,4
overall,all,perimeter_unique_az_best_overlap,8,72,2,elmid-radnear-az090 + elhigh-radmid-az135,5,elmid-radfar-az180,88,3,elmid-radnear-az090 + elmid-radfar-az180 + elhigh-radmid-az135,0.3316080776022397,0.4507897849666906,0.11918170736445088,5
overall,all,perimeter_unique_az_best_overlap,8,72,2,elmid-radnear-az090 + elhigh-radmid-az135,3,ellow-radfar-az315,76,3,ellow-radfar-az315 + elmid-radnear-az090 + elhigh-radmid-az135,0.3316080776022397,0.4307811761954381,0.0991730985931984,6
overall,all,perimeter_unique_az_best_overlap,8,80,2,elmid-radfar-az180 + elhigh-radmid-az135,1,ellow-radnear-az225,81,3,ellow-radnear-az225 + elmid-radfar-az180 + elhigh-radmid-az135,0.3125436941118236,0.4882011280051577,0.1756574338933341,1
overall,all,perimeter_unique_az_best_overlap,8,80,2,elmid-radfar-az180 + elhigh-radmid-az135,2,ellow-radmid-az045,82,3,ellow-radmid-az045 + elmid-radfar-az180 + elhigh-radmid-az135,0.3125436941118236,0.48088506476528237,0.16834137065345878,2
overall,all,perimeter_unique_az_best_overlap,8,80,2,elmid-radfar-az180 + elhigh-radmid-az135,8,elhigh-radfar-az000,208,3,elmid-radfar-az180 + elhigh-radmid-az135 + elhigh-radfar-az000,0.3125436941118236,0.4698469724955939,0.15730327838377028,3
overall,all,perimeter_unique_az_best_overlap,8,80,2,elmid-radfar-az180 + elhigh-radmid-az135,4,elmid-radnear-az090,88,3,elmid-radnear-az090 + elmid-radfar-az180 + elhigh-radmid-az135,0.3125436941118236,0.4507897849666906,0.138246090854867,4
overall,all,perimeter_unique_az_best_overlap,8,80,2,elmid-radfar-az180 + elhigh-radmid-az135,6,elhigh-radnear-az270,112,3,elmid-radfar-az180 + elhigh-radnear-az270 + elhigh-radmid-az135,0.3125436941118236,0.4319338428966989,0.1193901487848753,5
overall,all,perimeter_unique_az_best_overlap,8,80,2,elmid-radfar-az180 + elhigh-radmid-az135,3,ellow-radfar-az315,84,3,ellow-radfar-az315 + elmid-radfar-az180 + elhigh-radmid-az135,0.3125436941118236,0.41701772973469153,0.10447403562286794,6
overall,all,perimeter_unique_az_best_overlap,8,96,2,elhigh-radnear-az270 + elhigh-radmid-az135,2,ellow-radmid-az045,98,3,ellow-radmid-az045 + elhigh-radnear-az270 + elhigh-radmid-az135,0.3244004657352786,0.49627480488154485,0.17187433914626626,1
overall,all,perimeter_unique_az_best_overlap,8,96,2,elhigh-radnear-az270 + elhigh-radmid-az135,4,elmid-radnear-az090,104,3,elmid-radnear-az090 + elhigh-radnear-az270 + elhigh-radmid-az135,0.3244004657352786,0.4747752992617298,0.1503748335264512,2
overall,all,perimeter_unique_az_best_overlap,8,96,2,elhigh-radnear-az270 + elhigh-radmid-az135,1,ellow-radnear-az225,97,3,ellow-radnear-az225 + elhigh-radnear-az270 + elhigh-radmid-az135,0.3244004657352786,0.4685010677166769,0.1441006019813983,3
overall,all,perimeter_unique_az_best_overlap,8,96,2,elhigh-radnear-az270 + elhigh-radmid-az135,8,elhigh-radfar-az000,224,3,elhigh-radnear-az270 + elhigh-radmid-az135 + elhigh-radfar-az000,0.3244004657352786,0.46188608382026364,0.13748561808498505,4
overall,all,perimeter_unique_az_best_overlap,8,96,2,elhigh-radnear-az270 + elhigh-radmid-az135,3,ellow-radfar-az315,100,3,ellow-radfar-az315 + elhigh-radnear-az270 + elhigh-radmid-az135,0.3244004657352786,0.44666617606376813,0.12226571032848954,5
overall,all,perimeter_unique_az_best_overlap,8,96,2,elhigh-radnear-az270 + elhigh-radmid-az135,5,elmid-radfar-az180,112,3,elmid-radfar-az180 + elhigh-radnear-az270 + elhigh-radmid-az135,0.3244004657352786,0.4319338428966989,0.10753337716142031,6
overall,all,perimeter_unique_az_best_overlap,8,129,2,ellow-radnear-az225 + elhigh-radfar-az000,2,ellow-radmid-az045,131,3,ellow-radnear-az225 + ellow-radmid-az045 + elhigh-radfar-az000,0.38220750221176797,0.537663102690337,0.15545560047856904,1
overall,all,perimeter_unique_az_best_overlap,8,129,2,ellow-radnear-az225 + elhigh-radfar-az000,4,elmid-radnear-az090,137,3,ellow-radnear-az225 + elmid-radnear-az090 + elhigh-radfar-az000,0.38220750221176797,0.5202882288564735,0.13808072664470555,2
overall,all,perimeter_unique_az_best_overlap,8,129,2,ellow-radnear-az225 + elhigh-radfar-az000,5,elmid-radfar-az180,145,3,ellow-radnear-az225 + elmid-radfar-az180 + elhigh-radfar-az000,0.38220750221176797,0.5165074675717587,0.13429996535999073,3
overall,all,perimeter_unique_az_best_overlap,8,129,2,ellow-radnear-az225 + elhigh-radfar-az000,3,ellow-radfar-az315,133,3,ellow-radnear-az225 + ellow-radfar-az315 + elhigh-radfar-az000,0.38220750221176797,0.5047347389134205,0.1225272367016525,4
overall,all,perimeter_unique_az_best_overlap,8,129,2,ellow-radnear-az225 + elhigh-radfar-az000,7,elhigh-radmid-az135,193,3,ellow-radnear-az225 + elhigh-radmid-az135 + elhigh-radfar-az000,0.38220750221176797,0.5010611107611688,0.1188536085494008,5
overall,all,perimeter_unique_az_best_overlap,8,129,2,ellow-radnear-az225 + elhigh-radfar-az000,6,elhigh-radnear-az270,161,3,ellow-radnear-az225 + elhigh-radnear-az270 + elhigh-radfar-az000,0.38220750221176797,0.48338804250359324,0.10118054029182527,6
overall,all,perimeter_unique_az_best_overlap,8,130,2,ellow-radmid-az045 + elhigh-radfar-az000,1,ellow-radnear-az225,131,3,ellow-radnear-az225 + ellow-radmid-az045 + elhigh-radfar-az000,0.3510074942361344,0.537663102690337,0.1866556084542026,1
overall,all,perimeter_unique_az_best_overlap,8,130,2,ellow-radmid-az045 + elhigh-radfar-az000,7,elhigh-radmid-az135,194,3,ellow-radmid-az045 + elhigh-radmid-az135 + elhigh-radfar-az000,0.3510074942361344,0.4967003476084589,0.14569285337232446,2
overall,all,perimeter_unique_az_best_overlap,8,130,2,ellow-radmid-az045 + elhigh-radfar-az000,4,elmid-radnear-az090,138,3,ellow-radmid-az045 + elmid-radnear-az090 + elhigh-radfar-az000,0.3510074942361344,0.4811588519124054,0.130151357676271,3
overall,all,perimeter_unique_az_best_overlap,8,130,2,ellow-radmid-az045 + elhigh-radfar-az000,6,elhigh-radnear-az270,162,3,ellow-radmid-az045 + elhigh-radnear-az270 + elhigh-radfar-az000,0.3510074942361344,0.4795208189423277,0.12851332470619325,4
overall,all,perimeter_unique_az_best_overlap,8,130,2,ellow-radmid-az045 + elhigh-radfar-az000,5,elmid-radfar-az180,146,3,ellow-radmid-az045 + elmid-radfar-az180 + elhigh-radfar-az000,0.3510074942361344,0.47143187636970235,0.12042438213356793,5
overall,all,perimeter_unique_az_best_overlap,8,130,2,ellow-radmid-az045 + elhigh-radfar-az000,3,ellow-radfar-az315,134,3,ellow-radmid-az045 + ellow-radfar-az315 + elhigh-radfar-az000,0.3510074942361344,0.44574932676350737,0.09474183252737295,6
overall,all,perimeter_unique_az_best_overlap,8,132,2,ellow-radfar-az315 + elhigh-radfar-az000,1,ellow-radnear-az225,133,3,ellow-radnear-az225 + ellow-radfar-az315 + elhigh-radfar-az000,0.3108398217741926,0.5047347389134205,0.19389491713922785,1
overall,all,perimeter_unique_az_best_overlap,8,132,2,ellow-radfar-az315 + elhigh-radfar-az000,7,elhigh-radmid-az135,196,3,ellow-radfar-az315 + elhigh-radmid-az135 + elhigh-radfar-az000,0.3108398217741926,0.4676034247807328,0.1567636030065402,2
overall,all,perimeter_unique_az_best_overlap,8,132,2,ellow-radfar-az315 + elhigh-radfar-az000,6,elhigh-radnear-az270,164,3,ellow-radfar-az315 + elhigh-radnear-az270 + elhigh-radfar-az000,0.3108398217741926,0.44661007251699425,0.13577025074280163,3
overall,all,perimeter_unique_az_best_overlap,8,132,2,ellow-radfar-az315 + elhigh-radfar-az000,2,ellow-radmid-az045,134,3,ellow-radmid-az045 + ellow-radfar-az315 + elhigh-radfar-az000,0.3108398217741926,0.44574932676350737,0.13490950498931475,4
overall,all,perimeter_unique_az_best_overlap,8,132,2,ellow-radfar-az315 + elhigh-radfar-az000,4,elmid-radnear-az090,140,3,ellow-radfar-az315 + elmid-radnear-az090 + elhigh-radfar-az000,0.3108398217741926,0.4441934802316619,0.13335365845746927,5
overall,all,perimeter_unique_az_best_overlap,8,132,2,ellow-radfar-az315 + elhigh-radfar-az000,5,elmid-radfar-az180,148,3,ellow-radfar-az315 + elmid-radfar-az180 + elhigh-radfar-az000,0.3108398217741926,0.4267129113737254,0.1158730895995328,6
overall,all,perimeter_unique_az_best_overlap,8,136,2,elmid-radnear-az090 + elhigh-radfar-az000,1,ellow-radnear-az225,137,3,ellow-radnear-az225 + elmid-radnear-az090 + elhigh-radfar-az000,0.3442192816593147,0.5202882288564735,0.17606894719715882,1
overall,all,perimeter_unique_az_best_overlap,8,136,2,elmid-radnear-az090 + elhigh-radfar-az000,6,elhigh-radnear-az270,168,3,elmid-radnear-az090 + elhigh-radnear-az270 + elhigh-radfar-az000,0.3442192816593147,0.48638797166183884,0.14216869000252413,2
overall,all,perimeter_unique_az_best_overlap,8,136,2,elmid-radnear-az090 + elhigh-radfar-az000,2,ellow-radmid-az045,138,3,ellow-radmid-az045 + elmid-radnear-az090 + elhigh-radfar-az000,0.3442192816593147,0.4811588519124054,0.13693957025309073,3
overall,all,perimeter_unique_az_best_overlap,8,136,2,elmid-radnear-az090 + elhigh-radfar-az000,7,elhigh-radmid-az135,200,3,elmid-radnear-az090 + elhigh-radmid-az135 + elhigh-radfar-az000,0.3442192816593147,0.4769340406258483,0.13271475896653362,4
overall,all,perimeter_unique_az_best_overlap,8,136,2,elmid-radnear-az090 + elhigh-radfar-az000,5,elmid-radfar-az180,152,3,elmid-radnear-az090 + elmid-radfar-az180 + elhigh-radfar-az000,0.3442192816593147,0.47222104332874415,0.12800176166942945,5
overall,all,perimeter_unique_az_best_overlap,8,136,2,elmid-radnear-az090 + elhigh-radfar-az000,3,ellow-radfar-az315,140,3,ellow-radfar-az315 + elmid-radnear-az090 + elhigh-radfar-az000,0.3442192816593147,0.4441934802316619,0.09997419857234718,6
overall,all,perimeter_unique_az_best_overlap,8,144,2,elmid-radfar-az180 + elhigh-radfar-az000,1,ellow-radnear-az225,145,3,ellow-radnear-az225 + elmid-radfar-az180 + elhigh-radfar-az000,0.3180875678742124,0.5165074675717587,0.1984198996975463,1
overall,all,perimeter_unique_az_best_overlap,8,144,2,elmid-radfar-az180 + elhigh-radfar-az000,4,elmid-radnear-az090,152,3,elmid-radnear-az090 + elmid-radfar-az180 + elhigh-radfar-az000,0.3180875678742124,0.47222104332874415,0.15413347545453177,2
overall,all,perimeter_unique_az_best_overlap,8,144,2,elmid-radfar-az180 + elhigh-radfar-az000,2,ellow-radmid-az045,146,3,ellow-radmid-az045 + elmid-radfar-az180 + elhigh-radfar-az000,0.3180875678742124,0.47143187636970235,0.15334430849548997,3
overall,all,perimeter_unique_az_best_overlap,8,144,2,elmid-radfar-az180 + elhigh-radfar-az000,7,elhigh-radmid-az135,208,3,elmid-radfar-az180 + elhigh-radmid-az135 + elhigh-radfar-az000,0.3180875678742124,0.4698469724955939,0.1517594046213815,4
overall,all,perimeter_unique_az_best_overlap,8,144,2,elmid-radfar-az180 + elhigh-radfar-az000,6,elhigh-radnear-az270,176,3,elmid-radfar-az180 + elhigh-radnear-az270 + elhigh-radfar-az000,0.3180875678742124,0.4390311702642327,0.12094360239002033,5
overall,all,perimeter_unique_az_best_overlap,8,144,2,elmid-radfar-az180 + elhigh-radfar-az000,3,ellow-radfar-az315,148,3,ellow-radfar-az315 + elmid-radfar-az180 + elhigh-radfar-az000,0.3180875678742124,0.4267129113737254,0.10862534349951303,6
overall,all,perimeter_unique_az_best_overlap,8,160,2,elhigh-radnear-az270 + elhigh-radfar-az000,4,elmid-radnear-az090,168,3,elmid-radnear-az090 + elhigh-radnear-az270 + elhigh-radfar-az000,0.3226769750383505,0.48638797166183884,0.16371099662348831,1
overall,all,perimeter_unique_az_best_overlap,8,160,2,elhigh-radnear-az270 + elhigh-radfar-az000,1,ellow-radnear-az225,161,3,ellow-radnear-az225 + elhigh-radnear-az270 + elhigh-radfar-az000,0.3226769750383505,0.48338804250359324,0.16071106746524272,2
overall,all,perimeter_unique_az_best_overlap,8,160,2,elhigh-radnear-az270 + elhigh-radfar-az000,2,ellow-radmid-az045,162,3,ellow-radmid-az045 + elhigh-radnear-az270 + elhigh-radfar-az000,0.3226769750383505,0.4795208189423277,0.15684384390397715,3
overall,all,perimeter_unique_az_best_overlap,8,160,2,elhigh-radnear-az270 + elhigh-radfar-az000,7,elhigh-radmid-az135,224,3,elhigh-radnear-az270 + elhigh-radmid-az135 + elhigh-radfar-az000,0.3226769750383505,0.46188608382026364,0.13920910878191312,4
overall,all,perimeter_unique_az_best_overlap,8,160,2,elhigh-radnear-az270 + elhigh-radfar-az000,3,ellow-radfar-az315,164,3,ellow-radfar-az315 + elhigh-radnear-az270 + elhigh-radfar-az000,0.3226769750383505,0.44661007251699425,0.12393309747864373,5
overall,all,perimeter_unique_az_best_overlap,8,160,2,elhigh-radnear-az270 + elhigh-radfar-az000,5,elmid-radfar-az180,176,3,elmid-radfar-az180 + elhigh-radnear-az270 + elhigh-radfar-az000,0.3226769750383505,0.4390311702642327,0.1163541952258822,6
overall,all,perimeter_unique_az_best_overlap,8,192,2,elhigh-radmid-az135 + elhigh-radfar-az000,1,ellow-radnear-az225,193,3,ellow-radnear-az225 + elhigh-radmid-az135 + elhigh-radfar-az000,0.34403281273404923,0.5010611107611688,0.15702829802711954,1
overall,all,perimeter_unique_az_best_overlap,8,192,2,elhigh-radmid-az135 + elhigh-radfar-az000,2,ellow-radmid-az045,194,3,ellow-radmid-az045 + elhigh-radmid-az135 + elhigh-radfar-az000,0.34403281273404923,0.4967003476084589,0.15266753487440965,2
overall,all,perimeter_unique_az_best_overlap,8,192,2,elhigh-radmid-az135 + elhigh-radfar-az000,4,elmid-radnear-az090,200,3,elmid-radnear-az090 + elhigh-radmid-az135 + elhigh-radfar-az000,0.34403281273404923,0.4769340406258483,0.1329012278917991,3
overall,all,perimeter_unique_az_best_overlap,8,192,2,elhigh-radmid-az135 + elhigh-radfar-az000,5,elmid-radfar-az180,208,3,elmid-radfar-az180 + elhigh-radmid-az135 + elhigh-radfar-az000,0.34403281273404923,0.4698469724955939,0.12581415976154464,4
overall,all,perimeter_unique_az_best_overlap,8,192,2,elhigh-radmid-az135 + elhigh-radfar-az000,3,ellow-radfar-az315,196,3,ellow-radfar-az315 + elhigh-radmid-az135 + elhigh-radfar-az000,0.34403281273404923,0.4676034247807328,0.12357061204668357,5
overall,all,perimeter_unique_az_best_overlap,8,192,2,elhigh-radmid-az135 + elhigh-radfar-az000,6,elhigh-radnear-az270,224,3,elhigh-radnear-az270 + elhigh-radmid-az135 + elhigh-radfar-az000,0.34403281273404923,0.46188608382026364,0.1178532710862144,6
overall,all,perimeter_unique_az_best_overlap,8,7,3,ellow-radnear-az225 + ellow-radmid-az045 + ellow-radfar-az315,8,elhigh-radfar-az000,135,4,ellow-radnear-az225 + ellow-radmid-az045 + ellow-radfar-az315 + elhigh-radfar-az000,0.5066879370832799,0.6213910944871865,0.11470315740390669,1
overall,all,perimeter_unique_az_best_overlap,8,7,3,ellow-radnear-az225 + ellow-radmid-az045 + ellow-radfar-az315,6,elhigh-radnear-az270,39,4,ellow-radnear-az225 + ellow-radmid-az045 + ellow-radfar-az315 + elhigh-radnear-az270,0.5066879370832799,0.6195444140408022,0.11285647695752232,2
overall,all,perimeter_unique_az_best_overlap,8,7,3,ellow-radnear-az225 + ellow-radmid-az045 + ellow-radfar-az315,5,elmid-radfar-az180,23,4,ellow-radnear-az225 + ellow-radmid-az045 + ellow-radfar-az315 + elmid-radfar-az180,0.5066879370832799,0.6143091006768244,0.10762116359354457,3
overall,all,perimeter_unique_az_best_overlap,8,7,3,ellow-radnear-az225 + ellow-radmid-az045 + ellow-radfar-az315,7,elhigh-radmid-az135,71,4,ellow-radnear-az225 + ellow-radmid-az045 + ellow-radfar-az315 + elhigh-radmid-az135,0.5066879370832799,0.6099665849979742,0.10327864791469432,4
overall,all,perimeter_unique_az_best_overlap,8,7,3,ellow-radnear-az225 + ellow-radmid-az045 + ellow-radfar-az315,4,elmid-radnear-az090,15,4,ellow-radnear-az225 + ellow-radmid-az045 + ellow-radfar-az315 + elmid-radnear-az090,0.5066879370832799,0.5869903534030172,0.08030241631973734,5
overall,all,perimeter_unique_az_best_overlap,8,11,3,ellow-radnear-az225 + ellow-radmid-az045 + elmid-radnear-az090,5,elmid-radfar-az180,27,4,ellow-radnear-az225 + ellow-radmid-az045 + elmid-radnear-az090 + elmid-radfar-az180,0.5303581339786869,0.6501688911167537,0.11981075713806677,1
overall,all,perimeter_unique_az_best_overlap,8,11,3,ellow-radnear-az225 + ellow-radmid-az045 + elmid-radnear-az090,6,elhigh-radnear-az270,43,4,ellow-radnear-az225 + ellow-radmid-az045 + elmid-radnear-az090 + elhigh-radnear-az270,0.5303581339786869,0.6496103806983424,0.11925224671965551,2
overall,all,perimeter_unique_az_best_overlap,8,11,3,ellow-radnear-az225 + ellow-radmid-az045 + elmid-radnear-az090,8,elhigh-radfar-az000,139,4,ellow-radnear-az225 + ellow-radmid-az045 + elmid-radnear-az090 + elhigh-radfar-az000,0.5303581339786869,0.6434806787169833,0.11312254473829642,3
overall,all,perimeter_unique_az_best_overlap,8,11,3,ellow-radnear-az225 + ellow-radmid-az045 + elmid-radnear-az090,7,elhigh-radmid-az135,75,4,ellow-radnear-az225 + ellow-radmid-az045 + elmid-radnear-az090 + elhigh-radmid-az135,0.5303581339786869,0.6229201682897086,0.09256203431102172,4
overall,all,perimeter_unique_az_best_overlap,8,11,3,ellow-radnear-az225 + ellow-radmid-az045 + elmid-radnear-az090,3,ellow-radfar-az315,15,4,ellow-radnear-az225 + ellow-radmid-az045 + ellow-radfar-az315 + elmid-radnear-az090,0.5303581339786869,0.5869903534030172,0.05663221942433028,5
overall,all,perimeter_unique_az_best_overlap,8,13,3,ellow-radnear-az225 + ellow-radfar-az315 + elmid-radnear-az090,8,elhigh-radfar-az000,141,4,ellow-radnear-az225 + ellow-radfar-az315 + elmid-radnear-az090 + elhigh-radfar-az000,0.4823991755981525,0.6092434992374208,0.12684432363926834,1
overall,all,perimeter_unique_az_best_overlap,8,13,3,ellow-radnear-az225 + ellow-radfar-az315 + elmid-radnear-az090,5,elmid-radfar-az180,29,4,ellow-radnear-az225 + ellow-radfar-az315 + elmid-radnear-az090 + elmid-radfar-az180,0.4823991755981525,0.6037649194068638,0.12136574380871135,2
overall,all,perimeter_unique_az_best_overlap,8,13,3,ellow-radnear-az225 + ellow-radfar-az315 + elmid-radnear-az090,6,elhigh-radnear-az270,45,4,ellow-radnear-az225 + ellow-radfar-az315 + elmid-radnear-az090 + elhigh-radnear-az270,0.4823991755981525,0.5992638799297704,0.11686470433161789,3
overall,all,perimeter_unique_az_best_overlap,8,13,3,ellow-radnear-az225 + ellow-radfar-az315 + elmid-radnear-az090,2,ellow-radmid-az045,15,4,ellow-radnear-az225 + ellow-radmid-az045 + ellow-radfar-az315 + elmid-radnear-az090,0.4823991755981525,0.5869903534030172,0.10459117780486471,4
overall,all,perimeter_unique_az_best_overlap,8,13,3,ellow-radnear-az225 + ellow-radfar-az315 + elmid-radnear-az090,7,elhigh-radmid-az135,77,4,ellow-radnear-az225 + ellow-radfar-az315 + elmid-radnear-az090 + elhigh-radmid-az135,0.4823991755981525,0.5848319102660101,0.10243273466785763,5
overall,all,perimeter_unique_az_best_overlap,8,14,3,ellow-radmid-az045 + ellow-radfar-az315 + elmid-radnear-az090,1,ellow-radnear-az225,15,4,ellow-radnear-az225 + ellow-radmid-az045 + ellow-radfar-az315 + elmid-radnear-az090,0.42247943388067677,0.5869903534030172,0.16451091952234043,1
overall,all,perimeter_unique_az_best_overlap,8,14,3,ellow-radmid-az045 + ellow-radfar-az315 + elmid-radnear-az090,6,elhigh-radnear-az270,46,4,ellow-radmid-az045 + ellow-radfar-az315 + elmid-radnear-az090 + elhigh-radnear-az270,0.42247943388067677,0.56667242019676,0.14419298631608324,2
overall,all,perimeter_unique_az_best_overlap,8,14,3,ellow-radmid-az045 + ellow-radfar-az315 + elmid-radnear-az090,8,elhigh-radfar-az000,142,4,ellow-radmid-az045 + ellow-radfar-az315 + elmid-radnear-az090 + elhigh-radfar-az000,0.42247943388067677,0.5486031397487598,0.12612370586808308,3
overall,all,perimeter_unique_az_best_overlap,8,14,3,ellow-radmid-az045 + ellow-radfar-az315 + elmid-radnear-az090,7,elhigh-radmid-az135,78,4,ellow-radmid-az045 + ellow-radfar-az315 + elmid-radnear-az090 + elhigh-radmid-az135,0.42247943388067677,0.5435346812551863,0.12105524737450957,4
overall,all,perimeter_unique_az_best_overlap,8,14,3,ellow-radmid-az045 + ellow-radfar-az315 + elmid-radnear-az090,5,elmid-radfar-az180,30,4,ellow-radmid-az045 + ellow-radfar-az315 + elmid-radnear-az090 + elmid-radfar-az180,0.42247943388067677,0.5363680569077488,0.11388862302707203,5
overall,all,perimeter_unique_az_best_overlap,8,19,3,ellow-radnear-az225 + ellow-radmid-az045 + elmid-radfar-az180,6,elhigh-radnear-az270,51,4,ellow-radnear-az225 + ellow-radmid-az045 + elmid-radfar-az180 + elhigh-radnear-az270,0.5491359952618268,0.6534964246814458,0.10436042941961898,1
overall,all,perimeter_unique_az_best_overlap,8,19,3,ellow-radnear-az225 + ellow-radmid-az045 + elmid-radfar-az180,8,elhigh-radfar-az000,147,4,ellow-radnear-az225 + ellow-radmid-az045 + elmid-radfar-az180 + elhigh-radfar-az000,0.5491359952618268,0.6515629444070393,0.10242694914521255,2
overall,all,perimeter_unique_az_best_overlap,8,19,3,ellow-radnear-az225 + ellow-radmid-az045 + elmid-radfar-az180,4,elmid-radnear-az090,27,4,ellow-radnear-az225 + ellow-radmid-az045 + elmid-radnear-az090 + elmid-radfar-az180,0.5491359952618268,0.6501688911167537,0.10103289585492692,3
overall,all,perimeter_unique_az_best_overlap,8,19,3,ellow-radnear-az225 + ellow-radmid-az045 + elmid-radfar-az180,7,elhigh-radmid-az135,83,4,ellow-radnear-az225 + ellow-radmid-az045 + elmid-radfar-az180 + elhigh-radmid-az135,0.5491359952618268,0.635704059140957,0.08656806387913019,4
overall,all,perimeter_unique_az_best_overlap,8,19,3,ellow-radnear-az225 + ellow-radmid-az045 + elmid-radfar-az180,3,ellow-radfar-az315,23,4,ellow-radnear-az225 + ellow-radmid-az045 + ellow-radfar-az315 + elmid-radfar-az180,0.5491359952618268,0.6143091006768244,0.06517310541499766,5
overall,all,perimeter_unique_az_best_overlap,8,21,3,ellow-radnear-az225 + ellow-radfar-az315 + elmid-radfar-az180,2,ellow-radmid-az045,23,4,ellow-radnear-az225 + ellow-radmid-az045 + ellow-radfar-az315 + elmid-radfar-az180,0.4874915871269903,0.6143091006768244,0.12681751354983412,1
overall,all,perimeter_unique_az_best_overlap,8,21,3,ellow-radnear-az225 + ellow-radfar-az315 + elmid-radfar-az180,8,elhigh-radfar-az000,149,4,ellow-radnear-az225 + ellow-radfar-az315 + elmid-radfar-az180 + elhigh-radfar-az000,0.4874915871269903,0.6140808969690384,0.12658930984204814,2
overall,all,perimeter_unique_az_best_overlap,8,21,3,ellow-radnear-az225 + ellow-radfar-az315 + elmid-radfar-az180,4,elmid-radnear-az090,29,4,ellow-radnear-az225 + ellow-radfar-az315 + elmid-radnear-az090 + elmid-radfar-az180,0.4874915871269903,0.6037649194068638,0.11627333227987352,3
overall,all,perimeter_unique_az_best_overlap,8,21,3,ellow-radnear-az225 + ellow-radfar-az315 + elmid-radfar-az180,7,elhigh-radmid-az135,85,4,ellow-radnear-az225 + ellow-radfar-az315 + elmid-radfar-az180 + elhigh-radmid-az135,0.4874915871269903,0.5870529924232846,0.09956140529629426,4
overall,all,perimeter_unique_az_best_overlap,8,21,3,ellow-radnear-az225 + ellow-radfar-az315 + elmid-radfar-az180,6,elhigh-radnear-az270,53,4,ellow-radnear-az225 + ellow-radfar-az315 + elmid-radfar-az180 + elhigh-radnear-az270,0.4874915871269903,0.5869675660870066,0.09947597896001631,5
overall,all,perimeter_unique_az_best_overlap,8,22,3,ellow-radmid-az045 + ellow-radfar-az315 + elmid-radfar-az180,1,ellow-radnear-az225,23,4,ellow-radnear-az225 + ellow-radmid-az045 + ellow-radfar-az315 + elmid-radfar-az180,0.42565859570056813,0.6143091006768244,0.1886505049762563,1
overall,all,perimeter_unique_az_best_overlap,8,22,3,ellow-radmid-az045 + ellow-radfar-az315 + elmid-radfar-az180,8,elhigh-radfar-az000,150,4,ellow-radmid-az045 + ellow-radfar-az315 + elmid-radfar-az180 + elhigh-radfar-az000,0.42565859570056813,0.5474171302029508,0.12175853450238266,2
overall,all,perimeter_unique_az_best_overlap,8,22,3,ellow-radmid-az045 + ellow-radfar-az315 + elmid-radfar-az180,7,elhigh-radmid-az135,86,4,ellow-radmid-az045 + ellow-radfar-az315 + elmid-radfar-az180 + elhigh-radmid-az135,0.42565859570056813,0.5470927917166971,0.12143419601612898,3
overall,all,perimeter_unique_az_best_overlap,8,22,3,ellow-radmid-az045 + ellow-radfar-az315 + elmid-radfar-az180,6,elhigh-radnear-az270,54,4,ellow-radmid-az045 + ellow-radfar-az315 + elmid-radfar-az180 + elhigh-radnear-az270,0.42565859570056813,0.546096618296783,0.12043802259621489,4
overall,all,perimeter_unique_az_best_overlap,8,22,3,ellow-radmid-az045 + ellow-radfar-az315 + elmid-radfar-az180,4,elmid-radnear-az090,30,4,ellow-radmid-az045 + ellow-radfar-az315 + elmid-radnear-az090 + elmid-radfar-az180,0.42565859570056813,0.5363680569077488,0.11070946120718067,5
overall,all,perimeter_unique_az_best_overlap,8,25,3,ellow-radnear-az225 + elmid-radnear-az090 + elmid-radfar-az180,2,ellow-radmid-az045,27,4,ellow-radnear-az225 + ellow-radmid-az045 + elmid-radnear-az090 + elmid-radfar-az180,0.5215359612150784,0.6501688911167537,0.1286329299016753,1
overall,all,perimeter_unique_az_best_overlap,8,25,3,ellow-radnear-az225 + elmid-radnear-az090 + elmid-radfar-az180,8,elhigh-radfar-az000,153,4,ellow-radnear-az225 + elmid-radnear-az090 + elmid-radfar-az180 + elhigh-radfar-az000,0.5215359612150784,0.6417663212709895,0.12023036005591115,2
overall,all,perimeter_unique_az_best_overlap,8,25,3,ellow-radnear-az225 + elmid-radnear-az090 + elmid-radfar-az180,6,elhigh-radnear-az270,57,4,ellow-radnear-az225 + elmid-radnear-az090 + elmid-radfar-az180 + elhigh-radnear-az270,0.5215359612150784,0.6274077011606839,0.1058717399456055,3
overall,all,perimeter_unique_az_best_overlap,8,25,3,ellow-radnear-az225 + elmid-radnear-az090 + elmid-radfar-az180,7,elhigh-radmid-az135,89,4,ellow-radnear-az225 + elmid-radnear-az090 + elmid-radfar-az180 + elhigh-radmid-az135,0.5215359612150784,0.6039379766194041,0.08240201540432568,4
overall,all,perimeter_unique_az_best_overlap,8,25,3,ellow-radnear-az225 + elmid-radnear-az090 + elmid-radfar-az180,3,ellow-radfar-az315,29,4,ellow-radnear-az225 + ellow-radfar-az315 + elmid-radnear-az090 + elmid-radfar-az180,0.5215359612150784,0.6037649194068638,0.08222895819178544,5
overall,all,perimeter_unique_az_best_overlap,8,26,3,ellow-radmid-az045 + elmid-radnear-az090 + elmid-radfar-az180,1,ellow-radnear-az225,27,4,ellow-radnear-az225 + ellow-radmid-az045 + elmid-radnear-az090 + elmid-radfar-az180,0.48116868059142537,0.6501688911167537,0.16900021052532832,1
overall,all,perimeter_unique_az_best_overlap,8,26,3,ellow-radmid-az045 + elmid-radnear-az090 + elmid-radfar-az180,6,elhigh-radnear-az270,58,4,ellow-radmid-az045 + elmid-radnear-az090 + elmid-radfar-az180 + elhigh-radnear-az270,0.48116868059142537,0.6080024257906018,0.12683374519917645,2
overall,all,perimeter_unique_az_best_overlap,8,26,3,ellow-radmid-az045 + elmid-radnear-az090 + elmid-radfar-az180,8,elhigh-radfar-az000,154,4,ellow-radmid-az045 + elmid-radnear-az090 + elmid-radfar-az180 + elhigh-radfar-az000,0.48116868059142537,0.5950161829253516,0.11384750233392626,3
overall,all,perimeter_unique_az_best_overlap,8,26,3,ellow-radmid-az045 + elmid-radnear-az090 + elmid-radfar-az180,7,elhigh-radmid-az135,90,4,ellow-radmid-az045 + elmid-radnear-az090 + elmid-radfar-az180 + elhigh-radmid-az135,0.48116868059142537,0.5875868871030947,0.10641820651166933,4
overall,all,perimeter_unique_az_best_overlap,8,26,3,ellow-radmid-az045 + elmid-radnear-az090 + elmid-radfar-az180,3,ellow-radfar-az315,30,4,ellow-radmid-az045 + ellow-radfar-az315 + elmid-radnear-az090 + elmid-radfar-az180,0.48116868059142537,0.5363680569077488,0.055199376316323434,5
overall,all,perimeter_unique_az_best_overlap,8,28,3,ellow-radfar-az315 + elmid-radnear-az090 + elmid-radfar-az180,1,ellow-radnear-az225,29,4,ellow-radnear-az225 + ellow-radfar-az315 + elmid-radnear-az090 + elmid-radfar-az180,0.42598214952657026,0.6037649194068638,0.17778276988029357,1
overall,all,perimeter_unique_az_best_overlap,8,28,3,ellow-radfar-az315 + elmid-radnear-az090 + elmid-radfar-az180,6,elhigh-radnear-az270,60,4,ellow-radfar-az315 + elmid-radnear-az090 + elmid-radfar-az180 + elhigh-radnear-az270,0.42598214952657026,0.5625673547031067,0.13658520517653644,2
overall,all,perimeter_unique_az_best_overlap,8,28,3,ellow-radfar-az315 + elmid-radnear-az090 + elmid-radfar-az180,8,elhigh-radfar-az000,156,4,ellow-radfar-az315 + elmid-radnear-az090 + elmid-radfar-az180 + elhigh-radfar-az000,0.42598214952657026,0.5596058403832405,0.1336236908566702,3
overall,all,perimeter_unique_az_best_overlap,8,28,3,ellow-radfar-az315 + elmid-radnear-az090 + elmid-radfar-az180,7,elhigh-radmid-az135,92,4,ellow-radfar-az315 + elmid-radnear-az090 + elmid-radfar-az180 + elhigh-radmid-az135,0.42598214952657026,0.5373753196001041,0.11139317007353383,4
overall,all,perimeter_unique_az_best_overlap,8,28,3,ellow-radfar-az315 + elmid-radnear-az090 + elmid-radfar-az180,2,ellow-radmid-az045,30,4,ellow-radmid-az045 + ellow-radfar-az315 + elmid-radnear-az090 + elmid-radfar-az180,0.42598214952657026,0.5363680569077488,0.11038590738117854,5
overall,all,perimeter_unique_az_best_overlap,8,35,3,ellow-radnear-az225 + ellow-radmid-az045 + elhigh-radnear-az270,5,elmid-radfar-az180,51,4,ellow-radnear-az225 + ellow-radmid-az045 + elmid-radfar-az180 + elhigh-radnear-az270,0.5452291478309081,0.6534964246814458,0.10826727685053761,1
overall,all,perimeter_unique_az_best_overlap,8,35,3,ellow-radnear-az225 + ellow-radmid-az045 + elhigh-radnear-az270,4,elmid-radnear-az090,43,4,ellow-radnear-az225 + ellow-radmid-az045 + elmid-radnear-az090 + elhigh-radnear-az270,0.5452291478309081,0.6496103806983424,0.10438123286743428,2
overall,all,perimeter_unique_az_best_overlap,8,35,3,ellow-radnear-az225 + ellow-radmid-az045 + elhigh-radnear-az270,8,elhigh-radfar-az000,163,4,ellow-radnear-az225 + ellow-radmid-az045 + elhigh-radnear-az270 + elhigh-radfar-az000,0.5452291478309081,0.6341180710229016,0.08888892319199349,3
overall,all,perimeter_unique_az_best_overlap,8,35,3,ellow-radnear-az225 + ellow-radmid-az045 + elhigh-radnear-az270,7,elhigh-radmid-az135,99,4,ellow-radnear-az225 + ellow-radmid-az045 + elhigh-radnear-az270 + elhigh-radmid-az135,0.5452291478309081,0.631678554055161,0.0864494062242529,4
overall,all,perimeter_unique_az_best_overlap,8,35,3,ellow-radnear-az225 + ellow-radmid-az045 + elhigh-radnear-az270,3,ellow-radfar-az315,39,4,ellow-radnear-az225 + ellow-radmid-az045 + ellow-radfar-az315 + elhigh-radnear-az270,0.5452291478309081,0.6195444140408022,0.07431526620989404,5
overall,all,perimeter_unique_az_best_overlap,8,37,3,ellow-radnear-az225 + ellow-radfar-az315 + elhigh-radnear-az270,2,ellow-radmid-az045,39,4,ellow-radnear-az225 + ellow-radmid-az045 + ellow-radfar-az315 + elhigh-radnear-az270,0.4832539817582902,0.6195444140408022,0.13629043228251198,1
overall,all,perimeter_unique_az_best_overlap,8,37,3,ellow-radnear-az225 + ellow-radfar-az315 + elhigh-radnear-az270,4,elmid-radnear-az090,45,4,ellow-radnear-az225 + ellow-radfar-az315 + elmid-radnear-az090 + elhigh-radnear-az270,0.4832539817582902,0.5992638799297704,0.11600989817148016,2
overall,all,perimeter_unique_az_best_overlap,8,37,3,ellow-radnear-az225 + ellow-radfar-az315 + elhigh-radnear-az270,8,elhigh-radfar-az000,165,4,ellow-radnear-az225 + ellow-radfar-az315 + elhigh-radnear-az270 + elhigh-radfar-az000,0.4832539817582902,0.5963052633213692,0.11305128156307903,3
overall,all,perimeter_unique_az_best_overlap,8,37,3,ellow-radnear-az225 + ellow-radfar-az315 + elhigh-radnear-az270,5,elmid-radfar-az180,53,4,ellow-radnear-az225 + ellow-radfar-az315 + elmid-radfar-az180 + elhigh-radnear-az270,0.4832539817582902,0.5869675660870066,0.10371358432871641,4
overall,all,perimeter_unique_az_best_overlap,8,37,3,ellow-radnear-az225 + ellow-radfar-az315 + elhigh-radnear-az270,7,elhigh-radmid-az135,101,4,ellow-radnear-az225 + ellow-radfar-az315 + elhigh-radnear-az270 + elhigh-radmid-az135,0.4832539817582902,0.5851472164066832,0.101893234648393,5
overall,all,perimeter_unique_az_best_overlap,8,38,3,ellow-radmid-az045 + ellow-radfar-az315 + elhigh-radnear-az270,1,ellow-radnear-az225,39,4,ellow-radnear-az225 + ellow-radmid-az045 + ellow-radfar-az315 + elhigh-radnear-az270,0.4564277168758482,0.6195444140408022,0.16311669716495397,1
overall,all,perimeter_unique_az_best_overlap,8,38,3,ellow-radmid-az045 + ellow-radfar-az315 + elhigh-radnear-az270,7,elhigh-radmid-az135,102,4,ellow-radmid-az045 + ellow-radfar-az315 + elhigh-radnear-az270 + elhigh-radmid-az135,0.4564277168758482,0.5740751671786186,0.1176474503027704,2
overall,all,perimeter_unique_az_best_overlap,8,38,3,ellow-radmid-az045 + ellow-radfar-az315 + elhigh-radnear-az270,4,elmid-radnear-az090,46,4,ellow-radmid-az045 + ellow-radfar-az315 + elmid-radnear-az090 + elhigh-radnear-az270,0.4564277168758482,0.56667242019676,0.1102447033209118,3
overall,all,perimeter_unique_az_best_overlap,8,38,3,ellow-radmid-az045 + ellow-radfar-az315 + elhigh-radnear-az270,8,elhigh-radfar-az000,166,4,ellow-radmid-az045 + ellow-radfar-az315 + elhigh-radnear-az270 + elhigh-radfar-az000,0.4564277168758482,0.5646482109381689,0.10822049406232065,4
overall,all,perimeter_unique_az_best_overlap,8,38,3,ellow-radmid-az045 + ellow-radfar-az315 + elhigh-radnear-az270,5,elmid-radfar-az180,54,4,ellow-radmid-az045 + ellow-radfar-az315 + elmid-radfar-az180 + elhigh-radnear-az270,0.4564277168758482,0.546096618296783,0.08966890142093481,5
overall,all,perimeter_unique_az_best_overlap,8,41,3,ellow-radnear-az225 + elmid-radnear-az090 + elhigh-radnear-az270,2,ellow-radmid-az045,43,4,ellow-radnear-az225 + ellow-radmid-az045 + elmid-radnear-az090 + elhigh-radnear-az270,0.5115621709424107,0.6496103806983424,0.13804820975593168,1
overall,all,perimeter_unique_az_best_overlap,8,41,3,ellow-radnear-az225 + elmid-radnear-az090 + elhigh-radnear-az270,5,elmid-radfar-az180,57,4,ellow-radnear-az225 + elmid-radnear-az090 + elmid-radfar-az180 + elhigh-radnear-az270,0.5115621709424107,0.6274077011606839,0.11584553021827315,2
overall,all,perimeter_unique_az_best_overlap,8,41,3,ellow-radnear-az225 + elmid-radnear-az090 + elhigh-radnear-az270,8,elhigh-radfar-az000,169,4,ellow-radnear-az225 + elmid-radnear-az090 + elhigh-radnear-az270 + elhigh-radfar-az000,0.5115621709424107,0.6182545057458992,0.1066923348034885,3
overall,all,perimeter_unique_az_best_overlap,8,41,3,ellow-radnear-az225 + elmid-radnear-az090 + elhigh-radnear-az270,3,ellow-radfar-az315,45,4,ellow-radnear-az225 + ellow-radfar-az315 + elmid-radnear-az090 + elhigh-radnear-az270,0.5115621709424107,0.5992638799297704,0.08770170898735963,4
overall,all,perimeter_unique_az_best_overlap,8,41,3,ellow-radnear-az225 + elmid-radnear-az090 + elhigh-radnear-az270,7,elhigh-radmid-az135,105,4,ellow-radnear-az225 + elmid-radnear-az090 + elhigh-radnear-az270 + elhigh-radmid-az135,0.5115621709424107,0.5963674402904592,0.08480526934804844,5
overall,all,perimeter_unique_az_best_overlap,8,42,3,ellow-radmid-az045 + elmid-radnear-az090 + elhigh-radnear-az270,1,ellow-radnear-az225,43,4,ellow-radnear-az225 + ellow-radmid-az045 + elmid-radnear-az090 + elhigh-radnear-az270,0.5061439709499023,0.6496103806983424,0.14346640974844016,1
overall,all,perimeter_unique_az_best_overlap,8,42,3,ellow-radmid-az045 + elmid-radnear-az090 + elhigh-radnear-az270,7,elhigh-radmid-az135,106,4,ellow-radmid-az045 + elmid-radnear-az090 + elhigh-radnear-az270 + elhigh-radmid-az135,0.5061439709499023,0.6088468601452829,0.10270288919538062,2
overall,all,perimeter_unique_az_best_overlap,8,42,3,ellow-radmid-az045 + elmid-radnear-az090 + elhigh-radnear-az270,5,elmid-radfar-az180,58,4,ellow-radmid-az045 + elmid-radnear-az090 + elmid-radfar-az180 + elhigh-radnear-az270,0.5061439709499023,0.6080024257906018,0.10185845484069955,3
overall,all,perimeter_unique_az_best_overlap,8,42,3,ellow-radmid-az045 + elmid-radnear-az090 + elhigh-radnear-az270,8,elhigh-radfar-az000,170,4,ellow-radmid-az045 + elmid-radnear-az090 + elhigh-radnear-az270 + elhigh-radfar-az000,0.5061439709499023,0.6064534396278466,0.10030946867794432,4
overall,all,perimeter_unique_az_best_overlap,8,42,3,ellow-radmid-az045 + elmid-radnear-az090 + elhigh-radnear-az270,3,ellow-radfar-az315,46,4,ellow-radmid-az045 + ellow-radfar-az315 + elmid-radnear-az090 + elhigh-radnear-az270,0.5061439709499023,0.56667242019676,0.06052844924685774,5
overall,all,perimeter_unique_az_best_overlap,8,44,3,ellow-radfar-az315 + elmid-radnear-az090 + elhigh-radnear-az270,1,ellow-radnear-az225,45,4,ellow-radnear-az225 + ellow-radfar-az315 + elmid-radnear-az090 + elhigh-radnear-az270,0.45915388645490407,0.5992638799297704,0.1401099934748663,1
overall,all,perimeter_unique_az_best_overlap,8,44,3,ellow-radfar-az315 + elmid-radnear-az090 + elhigh-radnear-az270,8,elhigh-radfar-az000,172,4,ellow-radfar-az315 + elmid-radnear-az090 + elhigh-radnear-az270 + elhigh-radfar-az000,0.45915388645490407,0.5792395404336843,0.12008565397878024,2
overall,all,perimeter_unique_az_best_overlap,8,44,3,ellow-radfar-az315 + elmid-radnear-az090 + elhigh-radnear-az270,7,elhigh-radmid-az135,108,4,ellow-radfar-az315 + elmid-radnear-az090 + elhigh-radnear-az270 + elhigh-radmid-az135,0.45915388645490407,0.5673482453848001,0.10819435892989604,3
overall,all,perimeter_unique_az_best_overlap,8,44,3,ellow-radfar-az315 + elmid-radnear-az090 + elhigh-radnear-az270,2,ellow-radmid-az045,46,4,ellow-radmid-az045 + ellow-radfar-az315 + elmid-radnear-az090 + elhigh-radnear-az270,0.45915388645490407,0.56667242019676,0.10751853374185594,4
overall,all,perimeter_unique_az_best_overlap,8,44,3,ellow-radfar-az315 + elmid-radnear-az090 + elhigh-radnear-az270,5,elmid-radfar-az180,60,4,ellow-radfar-az315 + elmid-radnear-az090 + elmid-radfar-az180 + elhigh-radnear-az270,0.45915388645490407,0.5625673547031067,0.10341346824820263,5
overall,all,perimeter_unique_az_best_overlap,8,49,3,ellow-radnear-az225 + elmid-radfar-az180 + elhigh-radnear-az270,2,ellow-radmid-az045,51,4,ellow-radnear-az225 + ellow-radmid-az045 + elmid-radfar-az180 + elhigh-radnear-az270,0.49314462847915597,0.6534964246814458,0.1603517962022898,1
overall,all,perimeter_unique_az_best_overlap,8,49,3,ellow-radnear-az225 + elmid-radfar-az180 + elhigh-radnear-az270,4,elmid-radnear-az090,57,4,ellow-radnear-az225 + elmid-radnear-az090 + elmid-radfar-az180 + elhigh-radnear-az270,0.49314462847915597,0.6274077011606839,0.13426307268152793,2
overall,all,perimeter_unique_az_best_overlap,8,49,3,ellow-radnear-az225 + elmid-radfar-az180 + elhigh-radnear-az270,8,elhigh-radfar-az000,177,4,ellow-radnear-az225 + elmid-radfar-az180 + elhigh-radnear-az270 + elhigh-radfar-az000,0.49314462847915597,0.5995819480695672,0.10643731959041125,3
overall,all,perimeter_unique_az_best_overlap,8,49,3,ellow-radnear-az225 + elmid-radfar-az180 + elhigh-radnear-az270,3,ellow-radfar-az315,53,4,ellow-radnear-az225 + ellow-radfar-az315 + elmid-radfar-az180 + elhigh-radnear-az270,0.49314462847915597,0.5869675660870066,0.09382293760785065,4
overall,all,perimeter_unique_az_best_overlap,8,49,3,ellow-radnear-az225 + elmid-radfar-az180 + elhigh-radnear-az270,7,elhigh-radmid-az135,113,4,ellow-radnear-az225 + elmid-radfar-az180 + elhigh-radnear-az270 + elhigh-radmid-az135,0.49314462847915597,0.5758767909255117,0.08273216244635573,5
overall,all,perimeter_unique_az_best_overlap,8,50,3,ellow-radmid-az045 + elmid-radfar-az180 + elhigh-radnear-az270,1,ellow-radnear-az225,51,4,ellow-radnear-az225 + ellow-radmid-az045 + elmid-radfar-az180 + elhigh-radnear-az270,0.47952415081009303,0.6534964246814458,0.17397227387135272,1
overall,all,perimeter_unique_az_best_overlap,8,50,3,ellow-radmid-az045 + elmid-radfar-az180 + elhigh-radnear-az270,4,elmid-radnear-az090,58,4,ellow-radmid-az045 + elmid-radnear-az090 + elmid-radfar-az180 + elhigh-radnear-az270,0.47952415081009303,0.6080024257906018,0.1284782749805088,2
overall,all,perimeter_unique_az_best_overlap,8,50,3,ellow-radmid-az045 + elmid-radfar-az180 + elhigh-radnear-az270,7,elhigh-radmid-az135,114,4,ellow-radmid-az045 + elmid-radfar-az180 + elhigh-radnear-az270 + elhigh-radmid-az135,0.47952415081009303,0.5834042093367275,0.10388005852663451,3
overall,all,perimeter_unique_az_best_overlap,8,50,3,ellow-radmid-az045 + elmid-radfar-az180 + elhigh-radnear-az270,8,elhigh-radfar-az000,178,4,ellow-radmid-az045 + elmid-radfar-az180 + elhigh-radnear-az270 + elhigh-radfar-az000,0.47952415081009303,0.5754684449486576,0.09594429413856453,4
overall,all,perimeter_unique_az_best_overlap,8,50,3,ellow-radmid-az045 + elmid-radfar-az180 + elhigh-radnear-az270,3,ellow-radfar-az315,54,4,ellow-radmid-az045 + ellow-radfar-az315 + elmid-radfar-az180 + elhigh-radnear-az270,0.47952415081009303,0.546096618296783,0.06657246748668999,5
overall,all,perimeter_unique_az_best_overlap,8,52,3,ellow-radfar-az315 + elmid-radfar-az180 + elhigh-radnear-az270,1,ellow-radnear-az225,53,4,ellow-radnear-az225 + ellow-radfar-az315 + elmid-radfar-az180 + elhigh-radnear-az270,0.4118429918493616,0.5869675660870066,0.17512457423764505,1
overall,all,perimeter_unique_az_best_overlap,8,52,3,ellow-radfar-az315 + elmid-radfar-az180 + elhigh-radnear-az270,4,elmid-radnear-az090,60,4,ellow-radfar-az315 + elmid-radnear-az090 + elmid-radfar-az180 + elhigh-radnear-az270,0.4118429918493616,0.5625673547031067,0.15072436285374513,2
overall,all,perimeter_unique_az_best_overlap,8,52,3,ellow-radfar-az315 + elmid-radfar-az180 + elhigh-radnear-az270,2,ellow-radmid-az045,54,4,ellow-radmid-az045 + ellow-radfar-az315 + elmid-radfar-az180 + elhigh-radnear-az270,0.4118429918493616,0.546096618296783,0.13425362644742145,3
overall,all,perimeter_unique_az_best_overlap,8,52,3,ellow-radfar-az315 + elmid-radfar-az180 + elhigh-radnear-az270,8,elhigh-radfar-az000,180,4,ellow-radfar-az315 + elmid-radfar-az180 + elhigh-radnear-az270 + elhigh-radfar-az000,0.4118429918493616,0.5380040673973481,0.1261610755479865,4
overall,all,perimeter_unique_az_best_overlap,8,52,3,ellow-radfar-az315 + elmid-radfar-az180 + elhigh-radnear-az270,7,elhigh-radmid-az135,116,4,ellow-radfar-az315 + elmid-radfar-az180 + elhigh-radnear-az270 + elhigh-radmid-az135,0.4118429918493616,0.5292419279725364,0.11739893612317487,5
overall,all,perimeter_unique_az_best_overlap,8,56,3,elmid-radnear-az090 + elmid-radfar-az180 + elhigh-radnear-az270,1,ellow-radnear-az225,57,4,ellow-radnear-az225 + elmid-radnear-az090 + elmid-radfar-az180 + elhigh-radnear-az270,0.47644213231705473,0.6274077011606839,0.15096556884362916,1
overall,all,perimeter_unique_az_best_overlap,8,56,3,elmid-radnear-az090 + elmid-radfar-az180 + elhigh-radnear-az270,2,ellow-radmid-az045,58,4,ellow-radmid-az045 + elmid-radnear-az090 + elmid-radfar-az180 + elhigh-radnear-az270,0.47644213231705473,0.6080024257906018,0.13156029347354709,2
overall,all,perimeter_unique_az_best_overlap,8,56,3,elmid-radnear-az090 + elmid-radfar-az180 + elhigh-radnear-az270,8,elhigh-radfar-az000,184,4,elmid-radnear-az090 + elmid-radfar-az180 + elhigh-radnear-az270 + elhigh-radfar-az000,0.47644213231705473,0.5899138301881398,0.11347169787108508,3
overall,all,perimeter_unique_az_best_overlap,8,56,3,elmid-radnear-az090 + elmid-radfar-az180 + elhigh-radnear-az270,7,elhigh-radmid-az135,120,4,elmid-radnear-az090 + elmid-radfar-az180 + elhigh-radnear-az270 + elhigh-radmid-az135,0.47644213231705473,0.5694829432993551,0.09304081098230038,4
overall,all,perimeter_unique_az_best_overlap,8,56,3,elmid-radnear-az090 + elmid-radfar-az180 + elhigh-radnear-az270,3,ellow-radfar-az315,60,4,ellow-radfar-az315 + elmid-radnear-az090 + elmid-radfar-az180 + elhigh-radnear-az270,0.47644213231705473,0.5625673547031067,0.08612522238605197,5
overall,all,perimeter_unique_az_best_overlap,8,67,3,ellow-radnear-az225 + ellow-radmid-az045 + elhigh-radmid-az135,8,elhigh-radfar-az000,195,4,ellow-radnear-az225 + ellow-radmid-az045 + elhigh-radmid-az135 + elhigh-radfar-az000,0.5306223933120402,0.6389422755177958,0.10831988220575561,1
overall,all,perimeter_unique_az_best_overlap,8,67,3,ellow-radnear-az225 + ellow-radmid-az045 + elhigh-radmid-az135,5,elmid-radfar-az180,83,4,ellow-radnear-az225 + ellow-radmid-az045 + elmid-radfar-az180 + elhigh-radmid-az135,0.5306223933120402,0.635704059140957,0.10508166582891676,2
overall,all,perimeter_unique_az_best_overlap,8,67,3,ellow-radnear-az225 + ellow-radmid-az045 + elhigh-radmid-az135,6,elhigh-radnear-az270,99,4,ellow-radnear-az225 + ellow-radmid-az045 + elhigh-radnear-az270 + elhigh-radmid-az135,0.5306223933120402,0.631678554055161,0.10105616074312085,3
overall,all,perimeter_unique_az_best_overlap,8,67,3,ellow-radnear-az225 + ellow-radmid-az045 + elhigh-radmid-az135,4,elmid-radnear-az090,75,4,ellow-radnear-az225 + ellow-radmid-az045 + elmid-radnear-az090 + elhigh-radmid-az135,0.5306223933120402,0.6229201682897086,0.09229777497766845,4
overall,all,perimeter_unique_az_best_overlap,8,67,3,ellow-radnear-az225 + ellow-radmid-az045 + elhigh-radmid-az135,3,ellow-radfar-az315,71,4,ellow-radnear-az225 + ellow-radmid-az045 + ellow-radfar-az315 + elhigh-radmid-az135,0.5306223933120402,0.6099665849979742,0.07934419168593398,5
overall,all,perimeter_unique_az_best_overlap,8,69,3,ellow-radnear-az225 + ellow-radfar-az315 + elhigh-radmid-az135,8,elhigh-radfar-az000,197,4,ellow-radnear-az225 + ellow-radfar-az315 + elhigh-radmid-az135 + elhigh-radfar-az000,0.48652501807067405,0.6190072596820417,0.13248224161136768,1
overall,all,perimeter_unique_az_best_overlap,8,69,3,ellow-radnear-az225 + ellow-radfar-az315 + elhigh-radmid-az135,2,ellow-radmid-az045,71,4,ellow-radnear-az225 + ellow-radmid-az045 + ellow-radfar-az315 + elhigh-radmid-az135,0.48652501807067405,0.6099665849979742,0.12344156692730013,2
overall,all,perimeter_unique_az_best_overlap,8,69,3,ellow-radnear-az225 + ellow-radfar-az315 + elhigh-radmid-az135,5,elmid-radfar-az180,85,4,ellow-radnear-az225 + ellow-radfar-az315 + elmid-radfar-az180 + elhigh-radmid-az135,0.48652501807067405,0.5870529924232846,0.10052797435261052,3
overall,all,perimeter_unique_az_best_overlap,8,69,3,ellow-radnear-az225 + ellow-radfar-az315 + elhigh-radmid-az135,6,elhigh-radnear-az270,101,4,ellow-radnear-az225 + ellow-radfar-az315 + elhigh-radnear-az270 + elhigh-radmid-az135,0.48652501807067405,0.5851472164066832,0.09862219833600916,4
overall,all,perimeter_unique_az_best_overlap,8,69,3,ellow-radnear-az225 + ellow-radfar-az315 + elhigh-radmid-az135,4,elmid-radnear-az090,77,4,ellow-radnear-az225 + ellow-radfar-az315 + elmid-radnear-az090 + elhigh-radmid-az135,0.48652501807067405,0.5848319102660101,0.09830689219533606,5
overall,all,perimeter_unique_az_best_overlap,8,70,3,ellow-radmid-az045 + ellow-radfar-az315 + elhigh-radmid-az135,1,ellow-radnear-az225,71,4,ellow-radnear-az225 + ellow-radmid-az045 + ellow-radfar-az315 + elhigh-radmid-az135,0.4542432128451988,0.6099665849979742,0.15572337215277537,1
overall,all,perimeter_unique_az_best_overlap,8,70,3,ellow-radmid-az045 + ellow-radfar-az315 + elhigh-radmid-az135,8,elhigh-radfar-az000,198,4,ellow-radmid-az045 + ellow-radfar-az315 + elhigh-radmid-az135 + elhigh-radfar-az000,0.4542432128451988,0.5814630019669144,0.12721978912171555,2
overall,all,perimeter_unique_az_best_overlap,8,70,3,ellow-radmid-az045 + ellow-radfar-az315 + elhigh-radmid-az135,6,elhigh-radnear-az270,102,4,ellow-radmid-az045 + ellow-radfar-az315 + elhigh-radnear-az270 + elhigh-radmid-az135,0.4542432128451988,0.5740751671786186,0.11983195433341981,3
overall,all,perimeter_unique_az_best_overlap,8,70,3,ellow-radmid-az045 + ellow-radfar-az315 + elhigh-radmid-az135,5,elmid-radfar-az180,86,4,ellow-radmid-az045 + ellow-radfar-az315 + elmid-radfar-az180 + elhigh-radmid-az135,0.4542432128451988,0.5470927917166971,0.0928495788714983,4
overall,all,perimeter_unique_az_best_overlap,8,70,3,ellow-radmid-az045 + ellow-radfar-az315 + elhigh-radmid-az135,4,elmid-radnear-az090,78,4,ellow-radmid-az045 + ellow-radfar-az315 + elmid-radnear-az090 + elhigh-radmid-az135,0.4542432128451988,0.5435346812551863,0.08929146840998753,5
overall,all,perimeter_unique_az_best_overlap,8,73,3,ellow-radnear-az225 + elmid-radnear-az090 + elhigh-radmid-az135,2,ellow-radmid-az045,75,4,ellow-radnear-az225 + ellow-radmid-az045 + elmid-radnear-az090 + elhigh-radmid-az135,0.4912780577377871,0.6229201682897086,0.13164211055192154,1
overall,all,perimeter_unique_az_best_overlap,8,73,3,ellow-radnear-az225 + elmid-radnear-az090 + elhigh-radmid-az135,8,elhigh-radfar-az000,201,4,ellow-radnear-az225 + elmid-radnear-az090 + elhigh-radmid-az135 + elhigh-radfar-az000,0.4912780577377871,0.6174753508467632,0.1261972931089761,2
overall,all,perimeter_unique_az_best_overlap,8,73,3,ellow-radnear-az225 + elmid-radnear-az090 + elhigh-radmid-az135,5,elmid-radfar-az180,89,4,ellow-radnear-az225 + elmid-radnear-az090 + elmid-radfar-az180 + elhigh-radmid-az135,0.4912780577377871,0.6039379766194041,0.11265991888161697,3
overall,all,perimeter_unique_az_best_overlap,8,73,3,ellow-radnear-az225 + elmid-radnear-az090 + elhigh-radmid-az135,6,elhigh-radnear-az270,105,4,ellow-radnear-az225 + elmid-radnear-az090 + elhigh-radnear-az270 + elhigh-radmid-az135,0.4912780577377871,0.5963674402904592,0.10508938255267208,4
overall,all,perimeter_unique_az_best_overlap,8,73,3,ellow-radnear-az225 + elmid-radnear-az090 + elhigh-radmid-az135,3,ellow-radfar-az315,77,4,ellow-radnear-az225 + ellow-radfar-az315 + elmid-radnear-az090 + elhigh-radmid-az135,0.4912780577377871,0.5848319102660101,0.09355385252822301,5
overall,all,perimeter_unique_az_best_overlap,8,74,3,ellow-radmid-az045 + elmid-radnear-az090 + elhigh-radmid-az135,1,ellow-radnear-az225,75,4,ellow-radnear-az225 + ellow-radmid-az045 + elmid-radnear-az090 + elhigh-radmid-az135,0.48254775786153936,0.6229201682897086,0.14037241042816928,1
overall,all,perimeter_unique_az_best_overlap,8,74,3,ellow-radmid-az045 + elmid-radnear-az090 + elhigh-radmid-az135,6,elhigh-radnear-az270,106,4,ellow-radmid-az045 + elmid-radnear-az090 + elhigh-radnear-az270 + elhigh-radmid-az135,0.48254775786153936,0.6088468601452829,0.12629910228374353,2
overall,all,perimeter_unique_az_best_overlap,8,74,3,ellow-radmid-az045 + elmid-radnear-az090 + elhigh-radmid-az135,8,elhigh-radfar-az000,202,4,ellow-radmid-az045 + elmid-radnear-az090 + elhigh-radmid-az135 + elhigh-radfar-az000,0.48254775786153936,0.6022363194715564,0.11968856161001706,3
overall,all,perimeter_unique_az_best_overlap,8,74,3,ellow-radmid-az045 + elmid-radnear-az090 + elhigh-radmid-az135,5,elmid-radfar-az180,90,4,ellow-radmid-az045 + elmid-radnear-az090 + elmid-radfar-az180 + elhigh-radmid-az135,0.48254775786153936,0.5875868871030947,0.10503912924155534,4
overall,all,perimeter_unique_az_best_overlap,8,74,3,ellow-radmid-az045 + elmid-radnear-az090 + elhigh-radmid-az135,3,ellow-radfar-az315,78,4,ellow-radmid-az045 + ellow-radfar-az315 + elmid-radnear-az090 + elhigh-radmid-az135,0.48254775786153936,0.5435346812551863,0.060986923393646975,5
overall,all,perimeter_unique_az_best_overlap,8,76,3,ellow-radfar-az315 + elmid-radnear-az090 + elhigh-radmid-az135,1,ellow-radnear-az225,77,4,ellow-radnear-az225 + ellow-radfar-az315 + elmid-radnear-az090 + elhigh-radmid-az135,0.4307811761954381,0.5848319102660101,0.15405073407057202,1
overall,all,perimeter_unique_az_best_overlap,8,76,3,ellow-radfar-az315 + elmid-radnear-az090 + elhigh-radmid-az135,8,elhigh-radfar-az000,204,4,ellow-radfar-az315 + elmid-radnear-az090 + elhigh-radmid-az135 + elhigh-radfar-az000,0.4307811761954381,0.5702459238539573,0.13946474765851924,2
overall,all,perimeter_unique_az_best_overlap,8,76,3,ellow-radfar-az315 + elmid-radnear-az090 + elhigh-radmid-az135,6,elhigh-radnear-az270,108,4,ellow-radfar-az315 + elmid-radnear-az090 + elhigh-radnear-az270 + elhigh-radmid-az135,0.4307811761954381,0.5673482453848001,0.136567069189362,3
overall,all,perimeter_unique_az_best_overlap,8,76,3,ellow-radfar-az315 + elmid-radnear-az090 + elhigh-radmid-az135,2,ellow-radmid-az045,78,4,ellow-radmid-az045 + ellow-radfar-az315 + elmid-radnear-az090 + elhigh-radmid-az135,0.4307811761954381,0.5435346812551863,0.11275350505974824,4
overall,all,perimeter_unique_az_best_overlap,8,76,3,ellow-radfar-az315 + elmid-radnear-az090 + elhigh-radmid-az135,5,elmid-radfar-az180,92,4,ellow-radfar-az315 + elmid-radnear-az090 + elmid-radfar-az180 + elhigh-radmid-az135,0.4307811761954381,0.5373753196001041,0.106594143404666,5
overall,all,perimeter_unique_az_best_overlap,8,81,3,ellow-radnear-az225 + elmid-radfar-az180 + elhigh-radmid-az135,2,ellow-radmid-az045,83,4,ellow-radnear-az225 + ellow-radmid-az045 + elmid-radfar-az180 + elhigh-radmid-az135,0.4882011280051577,0.635704059140957,0.14750293113579926,1
overall,all,perimeter_unique_az_best_overlap,8,81,3,ellow-radnear-az225 + elmid-radfar-az180 + elhigh-radmid-az135,8,elhigh-radfar-az000,209,4,ellow-radnear-az225 + elmid-radfar-az180 + elhigh-radmid-az135 + elhigh-radfar-az000,0.4882011280051577,0.6203482770425265,0.1321471490373688,2
overall,all,perimeter_unique_az_best_overlap,8,81,3,ellow-radnear-az225 + elmid-radfar-az180 + elhigh-radmid-az135,4,elmid-radnear-az090,89,4,ellow-radnear-az225 + elmid-radnear-az090 + elmid-radfar-az180 + elhigh-radmid-az135,0.4882011280051577,0.6039379766194041,0.11573684861424638,3
overall,all,perimeter_unique_az_best_overlap,8,81,3,ellow-radnear-az225 + elmid-radfar-az180 + elhigh-radmid-az135,3,ellow-radfar-az315,85,4,ellow-radnear-az225 + ellow-radfar-az315 + elmid-radfar-az180 + elhigh-radmid-az135,0.4882011280051577,0.5870529924232846,0.09885186441812688,4
overall,all,perimeter_unique_az_best_overlap,8,81,3,ellow-radnear-az225 + elmid-radfar-az180 + elhigh-radmid-az135,6,elhigh-radnear-az270,113,4,ellow-radnear-az225 + elmid-radfar-az180 + elhigh-radnear-az270 + elhigh-radmid-az135,0.4882011280051577,0.5758767909255117,0.087675662920354,5
overall,all,perimeter_unique_az_best_overlap,8,82,3,ellow-radmid-az045 + elmid-radfar-az180 + elhigh-radmid-az135,1,ellow-radnear-az225,83,4,ellow-radnear-az225 + ellow-radmid-az045 + elmid-radfar-az180 + elhigh-radmid-az135,0.48088506476528237,0.635704059140957,0.1548189943756746,1
overall,all,perimeter_unique_az_best_overlap,8,82,3,ellow-radmid-az045 + elmid-radfar-az180 + elhigh-radmid-az135,8,elhigh-radfar-az000,210,4,ellow-radmid-az045 + elmid-radfar-az180 + elhigh-radmid-az135 + elhigh-radfar-az000,0.48088506476528237,0.6021075237127922,0.12122245894750983,2
overall,all,perimeter_unique_az_best_overlap,8,82,3,ellow-radmid-az045 + elmid-radfar-az180 + elhigh-radmid-az135,4,elmid-radnear-az090,90,4,ellow-radmid-az045 + elmid-radnear-az090 + elmid-radfar-az180 + elhigh-radmid-az135,0.48088506476528237,0.5875868871030947,0.10670182233781234,3
overall,all,perimeter_unique_az_best_overlap,8,82,3,ellow-radmid-az045 + elmid-radfar-az180 + elhigh-radmid-az135,6,elhigh-radnear-az270,114,4,ellow-radmid-az045 + elmid-radfar-az180 + elhigh-radnear-az270 + elhigh-radmid-az135,0.48088506476528237,0.5834042093367275,0.10251914457144518,4
overall,all,perimeter_unique_az_best_overlap,8,82,3,ellow-radmid-az045 + elmid-radfar-az180 + elhigh-radmid-az135,3,ellow-radfar-az315,86,4,ellow-radmid-az045 + ellow-radfar-az315 + elmid-radfar-az180 + elhigh-radmid-az135,0.48088506476528237,0.5470927917166971,0.06620772695141475,5
overall,all,perimeter_unique_az_best_overlap,8,84,3,ellow-radfar-az315 + elmid-radfar-az180 + elhigh-radmid-az135,1,ellow-radnear-az225,85,4,ellow-radnear-az225 + ellow-radfar-az315 + elmid-radfar-az180 + elhigh-radmid-az135,0.41701772973469153,0.5870529924232846,0.17003526268859304,1
overall,all,perimeter_unique_az_best_overlap,8,84,3,ellow-radfar-az315 + elmid-radfar-az180 + elhigh-radmid-az135,8,elhigh-radfar-az000,212,4,ellow-radfar-az315 + elmid-radfar-az180 + elhigh-radmid-az135 + elhigh-radfar-az000,0.41701772973469153,0.5684569712437798,0.15143924150908827,2
overall,all,perimeter_unique_az_best_overlap,8,84,3,ellow-radfar-az315 + elmid-radfar-az180 + elhigh-radmid-az135,2,ellow-radmid-az045,86,4,ellow-radmid-az045 + ellow-radfar-az315 + elmid-radfar-az180 + elhigh-radmid-az135,0.41701772973469153,0.5470927917166971,0.13007506198200558,3
overall,all,perimeter_unique_az_best_overlap,8,84,3,ellow-radfar-az315 + elmid-radfar-az180 + elhigh-radmid-az135,4,elmid-radnear-az090,92,4,ellow-radfar-az315 + elmid-radnear-az090 + elmid-radfar-az180 + elhigh-radmid-az135,0.41701772973469153,0.5373753196001041,0.12035758986541256,4
overall,all,perimeter_unique_az_best_overlap,8,84,3,ellow-radfar-az315 + elmid-radfar-az180 + elhigh-radmid-az135,6,elhigh-radnear-az270,116,4,ellow-radfar-az315 + elmid-radfar-az180 + elhigh-radnear-az270 + elhigh-radmid-az135,0.41701772973469153,0.5292419279725364,0.11222419823784491,5
overall,all,perimeter_unique_az_best_overlap,8,88,3,elmid-radnear-az090 + elmid-radfar-az180 + elhigh-radmid-az135,1,ellow-radnear-az225,89,4,ellow-radnear-az225 + elmid-radnear-az090 + elmid-radfar-az180 + elhigh-radmid-az135,0.4507897849666906,0.6039379766194041,0.15314819165271348,1
overall,all,perimeter_unique_az_best_overlap,8,88,3,elmid-radnear-az090 + elmid-radfar-az180 + elhigh-radmid-az135,8,elhigh-radfar-az000,216,4,elmid-radnear-az090 + elmid-radfar-az180 + elhigh-radmid-az135 + elhigh-radfar-az000,0.4507897849666906,0.5899194460663144,0.13912966109962382,2
overall,all,perimeter_unique_az_best_overlap,8,88,3,elmid-radnear-az090 + elmid-radfar-az180 + elhigh-radmid-az135,2,ellow-radmid-az045,90,4,ellow-radmid-az045 + elmid-radnear-az090 + elmid-radfar-az180 + elhigh-radmid-az135,0.4507897849666906,0.5875868871030947,0.13679710213640411,3
overall,all,perimeter_unique_az_best_overlap,8,88,3,elmid-radnear-az090 + elmid-radfar-az180 + elhigh-radmid-az135,6,elhigh-radnear-az270,120,4,elmid-radnear-az090 + elmid-radfar-az180 + elhigh-radnear-az270 + elhigh-radmid-az135,0.4507897849666906,0.5694829432993551,0.11869315833266453,4
overall,all,perimeter_unique_az_best_overlap,8,88,3,elmid-radnear-az090 + elmid-radfar-az180 + elhigh-radmid-az135,3,ellow-radfar-az315,92,4,ellow-radfar-az315 + elmid-radnear-az090 + elmid-radfar-az180 + elhigh-radmid-az135,0.4507897849666906,0.5373753196001041,0.08658553463341351,5
overall,all,perimeter_unique_az_best_overlap,8,97,3,ellow-radnear-az225 + elhigh-radnear-az270 + elhigh-radmid-az135,2,ellow-radmid-az045,99,4,ellow-radnear-az225 + ellow-radmid-az045 + elhigh-radnear-az270 + elhigh-radmid-az135,0.4685010677166769,0.631678554055161,0.16317748633848417,1
overall,all,perimeter_unique_az_best_overlap,8,97,3,ellow-radnear-az225 + elhigh-radnear-az270 + elhigh-radmid-az135,4,elmid-radnear-az090,105,4,ellow-radnear-az225 + elmid-radnear-az090 + elhigh-radnear-az270 + elhigh-radmid-az135,0.4685010677166769,0.5963674402904592,0.1278663725737823,2
overall,all,perimeter_unique_az_best_overlap,8,97,3,ellow-radnear-az225 + elhigh-radnear-az270 + elhigh-radmid-az135,3,ellow-radfar-az315,101,4,ellow-radnear-az225 + ellow-radfar-az315 + elhigh-radnear-az270 + elhigh-radmid-az135,0.4685010677166769,0.5851472164066832,0.11664614869000633,3
overall,all,perimeter_unique_az_best_overlap,8,97,3,ellow-radnear-az225 + elhigh-radnear-az270 + elhigh-radmid-az135,8,elhigh-radfar-az000,225,4,ellow-radnear-az225 + elhigh-radnear-az270 + elhigh-radmid-az135 + elhigh-radfar-az000,0.4685010677166769,0.5808313192987705,0.11233025158209364,4
overall,all,perimeter_unique_az_best_overlap,8,97,3,ellow-radnear-az225 + elhigh-radnear-az270 + elhigh-radmid-az135,5,elmid-radfar-az180,113,4,ellow-radnear-az225 + elmid-radfar-az180 + elhigh-radnear-az270 + elhigh-radmid-az135,0.4685010677166769,0.5758767909255117,0.10737572320883482,5
overall,all,perimeter_unique_az_best_overlap,8,98,3,ellow-radmid-az045 + elhigh-radnear-az270 + elhigh-radmid-az135,1,ellow-radnear-az225,99,4,ellow-radnear-az225 + ellow-radmid-az045 + elhigh-radnear-az270 + elhigh-radmid-az135,0.49627480488154485,0.631678554055161,0.1354037491736162,1
overall,all,perimeter_unique_az_best_overlap,8,98,3,ellow-radmid-az045 + elhigh-radnear-az270 + elhigh-radmid-az135,4,elmid-radnear-az090,106,4,ellow-radmid-az045 + elmid-radnear-az090 + elhigh-radnear-az270 + elhigh-radmid-az135,0.49627480488154485,0.6088468601452829,0.11257205526373804,2
overall,all,perimeter_unique_az_best_overlap,8,98,3,ellow-radmid-az045 + elhigh-radnear-az270 + elhigh-radmid-az135,8,elhigh-radfar-az000,226,4,ellow-radmid-az045 + elhigh-radnear-az270 + elhigh-radmid-az135 + elhigh-radfar-az000,0.49627480488154485,0.597680354137875,0.10140554925633016,3
overall,all,perimeter_unique_az_best_overlap,8,98,3,ellow-radmid-az045 + elhigh-radnear-az270 + elhigh-radmid-az135,5,elmid-radfar-az180,114,4,ellow-radmid-az045 + elmid-radfar-az180 + elhigh-radnear-az270 + elhigh-radmid-az135,0.49627480488154485,0.5834042093367275,0.08712940445518269,4
overall,all,perimeter_unique_az_best_overlap,8,98,3,ellow-radmid-az045 + elhigh-radnear-az270 + elhigh-radmid-az135,3,ellow-radfar-az315,102,4,ellow-radmid-az045 + ellow-radfar-az315 + elhigh-radnear-az270 + elhigh-radmid-az135,0.49627480488154485,0.5740751671786186,0.07780036229707377,5
overall,all,perimeter_unique_az_best_overlap,8,100,3,ellow-radfar-az315 + elhigh-radnear-az270 + elhigh-radmid-az135,1,ellow-radnear-az225,101,4,ellow-radnear-az225 + ellow-radfar-az315 + elhigh-radnear-az270 + elhigh-radmid-az135,0.44666617606376813,0.5851472164066832,0.13848104034291508,1
overall,all,perimeter_unique_az_best_overlap,8,100,3,ellow-radfar-az315 + elhigh-radnear-az270 + elhigh-radmid-az135,8,elhigh-radfar-az000,228,4,ellow-radfar-az315 + elhigh-radnear-az270 + elhigh-radmid-az135 + elhigh-radfar-az000,0.44666617606376813,0.5782885031904551,0.13162232712668698,2
overall,all,perimeter_unique_az_best_overlap,8,100,3,ellow-radfar-az315 + elhigh-radnear-az270 + elhigh-radmid-az135,2,ellow-radmid-az045,102,4,ellow-radmid-az045 + ellow-radfar-az315 + elhigh-radnear-az270 + elhigh-radmid-az135,0.44666617606376813,0.5740751671786186,0.1274089911148505,3
overall,all,perimeter_unique_az_best_overlap,8,100,3,ellow-radfar-az315 + elhigh-radnear-az270 + elhigh-radmid-az135,4,elmid-radnear-az090,108,4,ellow-radfar-az315 + elmid-radnear-az090 + elhigh-radnear-az270 + elhigh-radmid-az135,0.44666617606376813,0.5673482453848001,0.12068206932103198,4
overall,all,perimeter_unique_az_best_overlap,8,100,3,ellow-radfar-az315 + elhigh-radnear-az270 + elhigh-radmid-az135,5,elmid-radfar-az180,116,4,ellow-radfar-az315 + elmid-radfar-az180 + elhigh-radnear-az270 + elhigh-radmid-az135,0.44666617606376813,0.5292419279725364,0.08257575190876831,5
overall,all,perimeter_unique_az_best_overlap,8,104,3,elmid-radnear-az090 + elhigh-radnear-az270 + elhigh-radmid-az135,2,ellow-radmid-az045,106,4,ellow-radmid-az045 + elmid-radnear-az090 + elhigh-radnear-az270 + elhigh-radmid-az135,0.4747752992617298,0.6088468601452829,0.1340715608835531,1
overall,all,perimeter_unique_az_best_overlap,8,104,3,elmid-radnear-az090 + elhigh-radnear-az270 + elhigh-radmid-az135,1,ellow-radnear-az225,105,4,ellow-radnear-az225 + elmid-radnear-az090 + elhigh-radnear-az270 + elhigh-radmid-az135,0.4747752992617298,0.5963674402904592,0.1215921410287294,2
overall,all,perimeter_unique_az_best_overlap,8,104,3,elmid-radnear-az090 + elhigh-radnear-az270 + elhigh-radmid-az135,8,elhigh-radfar-az000,232,4,elmid-radnear-az090 + elhigh-radnear-az270 + elhigh-radmid-az135 + elhigh-radfar-az000,0.4747752992617298,0.5940880543077678,0.119312755046038,3
overall,all,perimeter_unique_az_best_overlap,8,104,3,elmid-radnear-az090 + elhigh-radnear-az270 + elhigh-radmid-az135,5,elmid-radfar-az180,120,4,elmid-radnear-az090 + elmid-radfar-az180 + elhigh-radnear-az270 + elhigh-radmid-az135,0.4747752992617298,0.5694829432993551,0.09470764403762533,4
overall,all,perimeter_unique_az_best_overlap,8,104,3,elmid-radnear-az090 + elhigh-radnear-az270 + elhigh-radmid-az135,3,ellow-radfar-az315,108,4,ellow-radfar-az315 + elmid-radnear-az090 + elhigh-radnear-az270 + elhigh-radmid-az135,0.4747752992617298,0.5673482453848001,0.09257294612307032,5
overall,all,perimeter_unique_az_best_overlap,8,112,3,elmid-radfar-az180 + elhigh-radnear-az270 + elhigh-radmid-az135,2,ellow-radmid-az045,114,4,ellow-radmid-az045 + elmid-radfar-az180 + elhigh-radnear-az270 + elhigh-radmid-az135,0.4319338428966989,0.5834042093367275,0.15147036644002865,1
overall,all,perimeter_unique_az_best_overlap,8,112,3,elmid-radfar-az180 + elhigh-radnear-az270 + elhigh-radmid-az135,1,ellow-radnear-az225,113,4,ellow-radnear-az225 + elmid-radfar-az180 + elhigh-radnear-az270 + elhigh-radmid-az135,0.4319338428966989,0.5758767909255117,0.1439429480288128,2
overall,all,perimeter_unique_az_best_overlap,8,112,3,elmid-radfar-az180 + elhigh-radnear-az270 + elhigh-radmid-az135,4,elmid-radnear-az090,120,4,elmid-radnear-az090 + elmid-radfar-az180 + elhigh-radnear-az270 + elhigh-radmid-az135,0.4319338428966989,0.5694829432993551,0.13754910040265622,3
overall,all,perimeter_unique_az_best_overlap,8,112,3,elmid-radfar-az180 + elhigh-radnear-az270 + elhigh-radmid-az135,8,elhigh-radfar-az000,240,4,elmid-radfar-az180 + elhigh-radnear-az270 + elhigh-radmid-az135 + elhigh-radfar-az000,0.4319338428966989,0.5632210883342377,0.13128724543753878,4
overall,all,perimeter_unique_az_best_overlap,8,112,3,elmid-radfar-az180 + elhigh-radnear-az270 + elhigh-radmid-az135,3,ellow-radfar-az315,116,4,ellow-radfar-az315 + elmid-radfar-az180 + elhigh-radnear-az270 + elhigh-radmid-az135,0.4319338428966989,0.5292419279725364,0.09730808507583755,5
overall,all,perimeter_unique_az_best_overlap,8,131,3,ellow-radnear-az225 + ellow-radmid-az045 + elhigh-radfar-az000,5,elmid-radfar-az180,147,4,ellow-radnear-az225 + ellow-radmid-az045 + elmid-radfar-az180 + elhigh-radfar-az000,0.537663102690337,0.6515629444070393,0.11389984171670231,1
overall,all,perimeter_unique_az_best_overlap,8,131,3,ellow-radnear-az225 + ellow-radmid-az045 + elhigh-radfar-az000,4,elmid-radnear-az090,139,4,ellow-radnear-az225 + ellow-radmid-az045 + elmid-radnear-az090 + elhigh-radfar-az000,0.537663102690337,0.6434806787169833,0.10581757602664632,2
overall,all,perimeter_unique_az_best_overlap,8,131,3,ellow-radnear-az225 + ellow-radmid-az045 + elhigh-radfar-az000,7,elhigh-radmid-az135,195,4,ellow-radnear-az225 + ellow-radmid-az045 + elhigh-radmid-az135 + elhigh-radfar-az000,0.537663102690337,0.6389422755177958,0.1012791728274588,3
overall,all,perimeter_unique_az_best_overlap,8,131,3,ellow-radnear-az225 + ellow-radmid-az045 + elhigh-radfar-az000,6,elhigh-radnear-az270,163,4,ellow-radnear-az225 + ellow-radmid-az045 + elhigh-radnear-az270 + elhigh-radfar-az000,0.537663102690337,0.6341180710229016,0.09645496833256462,4
overall,all,perimeter_unique_az_best_overlap,8,131,3,ellow-radnear-az225 + ellow-radmid-az045 + elhigh-radfar-az000,3,ellow-radfar-az315,135,4,ellow-radnear-az225 + ellow-radmid-az045 + ellow-radfar-az315 + elhigh-radfar-az000,0.537663102690337,0.6213910944871865,0.08372799179684953,5
overall,all,perimeter_unique_az_best_overlap,8,133,3,ellow-radnear-az225 + ellow-radfar-az315 + elhigh-radfar-az000,2,ellow-radmid-az045,135,4,ellow-radnear-az225 + ellow-radmid-az045 + ellow-radfar-az315 + elhigh-radfar-az000,0.5047347389134205,0.6213910944871865,0.11665635557376608,1
overall,all,perimeter_unique_az_best_overlap,8,133,3,ellow-radnear-az225 + ellow-radfar-az315 + elhigh-radfar-az000,7,elhigh-radmid-az135,197,4,ellow-radnear-az225 + ellow-radfar-az315 + elhigh-radmid-az135 + elhigh-radfar-az000,0.5047347389134205,0.6190072596820417,0.11427252076862127,2
overall,all,perimeter_unique_az_best_overlap,8,133,3,ellow-radnear-az225 + ellow-radfar-az315 + elhigh-radfar-az000,5,elmid-radfar-az180,149,4,ellow-radnear-az225 + ellow-radfar-az315 + elmid-radfar-az180 + elhigh-radfar-az000,0.5047347389134205,0.6140808969690384,0.10934615805561798,3
overall,all,perimeter_unique_az_best_overlap,8,133,3,ellow-radnear-az225 + ellow-radfar-az315 + elhigh-radfar-az000,4,elmid-radnear-az090,141,4,ellow-radnear-az225 + ellow-radfar-az315 + elmid-radnear-az090 + elhigh-radfar-az000,0.5047347389134205,0.6092434992374208,0.10450876032400036,4
overall,all,perimeter_unique_az_best_overlap,8,133,3,ellow-radnear-az225 + ellow-radfar-az315 + elhigh-radfar-az000,6,elhigh-radnear-az270,165,4,ellow-radnear-az225 + ellow-radfar-az315 + elhigh-radnear-az270 + elhigh-radfar-az000,0.5047347389134205,0.5963052633213692,0.09157052440794877,5
overall,all,perimeter_unique_az_best_overlap,8,134,3,ellow-radmid-az045 + ellow-radfar-az315 + elhigh-radfar-az000,1,ellow-radnear-az225,135,4,ellow-radnear-az225 + ellow-radmid-az045 + ellow-radfar-az315 + elhigh-radfar-az000,0.44574932676350737,0.6213910944871865,0.17564176772367918,1
overall,all,perimeter_unique_az_best_overlap,8,134,3,ellow-radmid-az045 + ellow-radfar-az315 + elhigh-radfar-az000,7,elhigh-radmid-az135,198,4,ellow-radmid-az045 + ellow-radfar-az315 + elhigh-radmid-az135 + elhigh-radfar-az000,0.44574932676350737,0.5814630019669144,0.135713675203407,2
overall,all,perimeter_unique_az_best_overlap,8,134,3,ellow-radmid-az045 + ellow-radfar-az315 + elhigh-radfar-az000,6,elhigh-radnear-az270,166,4,ellow-radmid-az045 + ellow-radfar-az315 + elhigh-radnear-az270 + elhigh-radfar-az000,0.44574932676350737,0.5646482109381689,0.11889888417466149,3
overall,all,perimeter_unique_az_best_overlap,8,134,3,ellow-radmid-az045 + ellow-radfar-az315 + elhigh-radfar-az000,4,elmid-radnear-az090,142,4,ellow-radmid-az045 + ellow-radfar-az315 + elmid-radnear-az090 + elhigh-radfar-az000,0.44574932676350737,0.5486031397487598,0.10285381298525248,4
overall,all,perimeter_unique_az_best_overlap,8,134,3,ellow-radmid-az045 + ellow-radfar-az315 + elhigh-radfar-az000,5,elmid-radfar-az180,150,4,ellow-radmid-az045 + ellow-radfar-az315 + elmid-radfar-az180 + elhigh-radfar-az000,0.44574932676350737,0.5474171302029508,0.10166780343944343,5
overall,all,perimeter_unique_az_best_overlap,8,137,3,ellow-radnear-az225 + elmid-radnear-az090 + elhigh-radfar-az000,2,ellow-radmid-az045,139,4,ellow-radnear-az225 + ellow-radmid-az045 + elmid-radnear-az090 + elhigh-radfar-az000,0.5202882288564735,0.6434806787169833,0.12319244986050981,1
overall,all,perimeter_unique_az_best_overlap,8,137,3,ellow-radnear-az225 + elmid-radnear-az090 + elhigh-radfar-az000,5,elmid-radfar-az180,153,4,ellow-radnear-az225 + elmid-radnear-az090 + elmid-radfar-az180 + elhigh-radfar-az000,0.5202882288564735,0.6417663212709895,0.12147809241451601,2
overall,all,perimeter_unique_az_best_overlap,8,137,3,ellow-radnear-az225 + elmid-radnear-az090 + elhigh-radfar-az000,6,elhigh-radnear-az270,169,4,ellow-radnear-az225 + elmid-radnear-az090 + elhigh-radnear-az270 + elhigh-radfar-az000,0.5202882288564735,0.6182545057458992,0.09796627688942572,3
overall,all,perimeter_unique_az_best_overlap,8,137,3,ellow-radnear-az225 + elmid-radnear-az090 + elhigh-radfar-az000,7,elhigh-radmid-az135,201,4,ellow-radnear-az225 + elmid-radnear-az090 + elhigh-radmid-az135 + elhigh-radfar-az000,0.5202882288564735,0.6174753508467632,0.09718712199028967,4
overall,all,perimeter_unique_az_best_overlap,8,137,3,ellow-radnear-az225 + elmid-radnear-az090 + elhigh-radfar-az000,3,ellow-radfar-az315,141,4,ellow-radnear-az225 + ellow-radfar-az315 + elmid-radnear-az090 + elhigh-radfar-az000,0.5202882288564735,0.6092434992374208,0.0889552703809473,5
overall,all,perimeter_unique_az_best_overlap,8,138,3,ellow-radmid-az045 + elmid-radnear-az090 + elhigh-radfar-az000,1,ellow-radnear-az225,139,4,ellow-radnear-az225 + ellow-radmid-az045 + elmid-radnear-az090 + elhigh-radfar-az000,0.4811588519124054,0.6434806787169833,0.1623218268045779,1
overall,all,perimeter_unique_az_best_overlap,8,138,3,ellow-radmid-az045 + elmid-radnear-az090 + elhigh-radfar-az000,6,elhigh-radnear-az270,170,4,ellow-radmid-az045 + elmid-radnear-az090 + elhigh-radnear-az270 + elhigh-radfar-az000,0.4811588519124054,0.6064534396278466,0.12529458771544116,2
overall,all,perimeter_unique_az_best_overlap,8,138,3,ellow-radmid-az045 + elmid-radnear-az090 + elhigh-radfar-az000,7,elhigh-radmid-az135,202,4,ellow-radmid-az045 + elmid-radnear-az090 + elhigh-radmid-az135 + elhigh-radfar-az000,0.4811588519124054,0.6022363194715564,0.121077467559151,3
overall,all,perimeter_unique_az_best_overlap,8,138,3,ellow-radmid-az045 + elmid-radnear-az090 + elhigh-radfar-az000,5,elmid-radfar-az180,154,4,ellow-radmid-az045 + elmid-radnear-az090 + elmid-radfar-az180 + elhigh-radfar-az000,0.4811588519124054,0.5950161829253516,0.1138573310129462,4
overall,all,perimeter_unique_az_best_overlap,8,138,3,ellow-radmid-az045 + elmid-radnear-az090 + elhigh-radfar-az000,3,ellow-radfar-az315,142,4,ellow-radmid-az045 + ellow-radfar-az315 + elmid-radnear-az090 + elhigh-radfar-az000,0.4811588519124054,0.5486031397487598,0.06744428783635442,5
overall,all,perimeter_unique_az_best_overlap,8,140,3,ellow-radfar-az315 + elmid-radnear-az090 + elhigh-radfar-az000,1,ellow-radnear-az225,141,4,ellow-radnear-az225 + ellow-radfar-az315 + elmid-radnear-az090 + elhigh-radfar-az000,0.4441934802316619,0.6092434992374208,0.16505001900575894,1
overall,all,perimeter_unique_az_best_overlap,8,140,3,ellow-radfar-az315 + elmid-radnear-az090 + elhigh-radfar-az000,6,elhigh-radnear-az270,172,4,ellow-radfar-az315 + elmid-radnear-az090 + elhigh-radnear-az270 + elhigh-radfar-az000,0.4441934802316619,0.5792395404336843,0.13504606020202242,2
overall,all,perimeter_unique_az_best_overlap,8,140,3,ellow-radfar-az315 + elmid-radnear-az090 + elhigh-radfar-az000,7,elhigh-radmid-az135,204,4,ellow-radfar-az315 + elmid-radnear-az090 + elhigh-radmid-az135 + elhigh-radfar-az000,0.4441934802316619,0.5702459238539573,0.12605244362229545,3
overall,all,perimeter_unique_az_best_overlap,8,140,3,ellow-radfar-az315 + elmid-radnear-az090 + elhigh-radfar-az000,5,elmid-radfar-az180,156,4,ellow-radfar-az315 + elmid-radnear-az090 + elmid-radfar-az180 + elhigh-radfar-az000,0.4441934802316619,0.5596058403832405,0.11541236015157857,4
overall,all,perimeter_unique_az_best_overlap,8,140,3,ellow-radfar-az315 + elmid-radnear-az090 + elhigh-radfar-az000,2,ellow-radmid-az045,142,4,ellow-radmid-az045 + ellow-radfar-az315 + elmid-radnear-az090 + elhigh-radfar-az000,0.4441934802316619,0.5486031397487598,0.10440965951709796,5
overall,all,perimeter_unique_az_best_overlap,8,145,3,ellow-radnear-az225 + elmid-radfar-az180 + elhigh-radfar-az000,2,ellow-radmid-az045,147,4,ellow-radnear-az225 + ellow-radmid-az045 + elmid-radfar-az180 + elhigh-radfar-az000,0.5165074675717587,0.6515629444070393,0.13505547683528063,1
overall,all,perimeter_unique_az_best_overlap,8,145,3,ellow-radnear-az225 + elmid-radfar-az180 + elhigh-radfar-az000,4,elmid-radnear-az090,153,4,ellow-radnear-az225 + elmid-radnear-az090 + elmid-radfar-az180 + elhigh-radfar-az000,0.5165074675717587,0.6417663212709895,0.12525885369923084,2
overall,all,perimeter_unique_az_best_overlap,8,145,3,ellow-radnear-az225 + elmid-radfar-az180 + elhigh-radfar-az000,7,elhigh-radmid-az135,209,4,ellow-radnear-az225 + elmid-radfar-az180 + elhigh-radmid-az135 + elhigh-radfar-az000,0.5165074675717587,0.6203482770425265,0.10384080947076779,3
overall,all,perimeter_unique_az_best_overlap,8,145,3,ellow-radnear-az225 + elmid-radfar-az180 + elhigh-radfar-az000,3,ellow-radfar-az315,149,4,ellow-radnear-az225 + ellow-radfar-az315 + elmid-radfar-az180 + elhigh-radfar-az000,0.5165074675717587,0.6140808969690384,0.09757342939727975,4
overall,all,perimeter_unique_az_best_overlap,8,145,3,ellow-radnear-az225 + elmid-radfar-az180 + elhigh-radfar-az000,6,elhigh-radnear-az270,177,4,ellow-radnear-az225 + elmid-radfar-az180 + elhigh-radnear-az270 + elhigh-radfar-az000,0.5165074675717587,0.5995819480695672,0.08307448049780852,5
overall,all,perimeter_unique_az_best_overlap,8,146,3,ellow-radmid-az045 + elmid-radfar-az180 + elhigh-radfar-az000,1,ellow-radnear-az225,147,4,ellow-radnear-az225 + ellow-radmid-az045 + elmid-radfar-az180 + elhigh-radfar-az000,0.47143187636970235,0.6515629444070393,0.18013106803733697,1
overall,all,perimeter_unique_az_best_overlap,8,146,3,ellow-radmid-az045 + elmid-radfar-az180 + elhigh-radfar-az000,7,elhigh-radmid-az135,210,4,ellow-radmid-az045 + elmid-radfar-az180 + elhigh-radmid-az135 + elhigh-radfar-az000,0.47143187636970235,0.6021075237127922,0.13067564734308984,2
overall,all,perimeter_unique_az_best_overlap,8,146,3,ellow-radmid-az045 + elmid-radfar-az180 + elhigh-radfar-az000,4,elmid-radnear-az090,154,4,ellow-radmid-az045 + elmid-radnear-az090 + elmid-radfar-az180 + elhigh-radfar-az000,0.47143187636970235,0.5950161829253516,0.12358430655564928,3
overall,all,perimeter_unique_az_best_overlap,8,146,3,ellow-radmid-az045 + elmid-radfar-az180 + elhigh-radfar-az000,6,elhigh-radnear-az270,178,4,ellow-radmid-az045 + elmid-radfar-az180 + elhigh-radnear-az270 + elhigh-radfar-az000,0.47143187636970235,0.5754684449486576,0.10403656857895521,4
overall,all,perimeter_unique_az_best_overlap,8,146,3,ellow-radmid-az045 + elmid-radfar-az180 + elhigh-radfar-az000,3,ellow-radfar-az315,150,4,ellow-radmid-az045 + ellow-radfar-az315 + elmid-radfar-az180 + elhigh-radfar-az000,0.47143187636970235,0.5474171302029508,0.07598525383324845,5
overall,all,perimeter_unique_az_best_overlap,8,148,3,ellow-radfar-az315 + elmid-radfar-az180 + elhigh-radfar-az000,1,ellow-radnear-az225,149,4,ellow-radnear-az225 + ellow-radfar-az315 + elmid-radfar-az180 + elhigh-radfar-az000,0.4267129113737254,0.6140808969690384,0.18736798559531304,1
overall,all,perimeter_unique_az_best_overlap,8,148,3,ellow-radfar-az315 + elmid-radfar-az180 + elhigh-radfar-az000,7,elhigh-radmid-az135,212,4,ellow-radfar-az315 + elmid-radfar-az180 + elhigh-radmid-az135 + elhigh-radfar-az000,0.4267129113737254,0.5684569712437798,0.1417440598700544,2
overall,all,perimeter_unique_az_best_overlap,8,148,3,ellow-radfar-az315 + elmid-radfar-az180 + elhigh-radfar-az000,4,elmid-radnear-az090,156,4,ellow-radfar-az315 + elmid-radnear-az090 + elmid-radfar-az180 + elhigh-radfar-az000,0.4267129113737254,0.5596058403832405,0.13289292900951505,3
overall,all,perimeter_unique_az_best_overlap,8,148,3,ellow-radfar-az315 + elmid-radfar-az180 + elhigh-radfar-az000,2,ellow-radmid-az045,150,4,ellow-radmid-az045 + ellow-radfar-az315 + elmid-radfar-az180 + elhigh-radfar-az000,0.4267129113737254,0.5474171302029508,0.12070421882922538,4
overall,all,perimeter_unique_az_best_overlap,8,148,3,ellow-radfar-az315 + elmid-radfar-az180 + elhigh-radfar-az000,6,elhigh-radnear-az270,180,4,ellow-radfar-az315 + elmid-radfar-az180 + elhigh-radnear-az270 + elhigh-radfar-az000,0.4267129113737254,0.5380040673973481,0.11129115602362266,5
overall,all,perimeter_unique_az_best_overlap,8,152,3,elmid-radnear-az090 + elmid-radfar-az180 + elhigh-radfar-az000,1,ellow-radnear-az225,153,4,ellow-radnear-az225 + elmid-radnear-az090 + elmid-radfar-az180 + elhigh-radfar-az000,0.47222104332874415,0.6417663212709895,0.1695452779422454,1
overall,all,perimeter_unique_az_best_overlap,8,152,3,elmid-radnear-az090 + elmid-radfar-az180 + elhigh-radfar-az000,2,ellow-radmid-az045,154,4,ellow-radmid-az045 + elmid-radnear-az090 + elmid-radfar-az180 + elhigh-radfar-az000,0.47222104332874415,0.5950161829253516,0.12279513959660748,2
overall,all,perimeter_unique_az_best_overlap,8,152,3,elmid-radnear-az090 + elmid-radfar-az180 + elhigh-radfar-az000,7,elhigh-radmid-az135,216,4,elmid-radnear-az090 + elmid-radfar-az180 + elhigh-radmid-az135 + elhigh-radfar-az000,0.47222104332874415,0.5899194460663144,0.11769840273757026,3
overall,all,perimeter_unique_az_best_overlap,8,152,3,elmid-radnear-az090 + elmid-radfar-az180 + elhigh-radfar-az000,6,elhigh-radnear-az270,184,4,elmid-radnear-az090 + elmid-radfar-az180 + elhigh-radnear-az270 + elhigh-radfar-az000,0.47222104332874415,0.5899138301881398,0.11769278685939566,4
overall,all,perimeter_unique_az_best_overlap,8,152,3,elmid-radnear-az090 + elmid-radfar-az180 + elhigh-radfar-az000,3,ellow-radfar-az315,156,4,ellow-radfar-az315 + elmid-radnear-az090 + elmid-radfar-az180 + elhigh-radfar-az000,0.47222104332874415,0.5596058403832405,0.08738479705449631,5
overall,all,perimeter_unique_az_best_overlap,8,161,3,ellow-radnear-az225 + elhigh-radnear-az270 + elhigh-radfar-az000,2,ellow-radmid-az045,163,4,ellow-radnear-az225 + ellow-radmid-az045 + elhigh-radnear-az270 + elhigh-radfar-az000,0.48338804250359324,0.6341180710229016,0.1507300285193084,1
overall,all,perimeter_unique_az_best_overlap,8,161,3,ellow-radnear-az225 + elhigh-radnear-az270 + elhigh-radfar-az000,4,elmid-radnear-az090,169,4,ellow-radnear-az225 + elmid-radnear-az090 + elhigh-radnear-az270 + elhigh-radfar-az000,0.48338804250359324,0.6182545057458992,0.134866463242306,2
overall,all,perimeter_unique_az_best_overlap,8,161,3,ellow-radnear-az225 + elhigh-radnear-az270 + elhigh-radfar-az000,5,elmid-radfar-az180,177,4,ellow-radnear-az225 + elmid-radfar-az180 + elhigh-radnear-az270 + elhigh-radfar-az000,0.48338804250359324,0.5995819480695672,0.11619390556597398,3
overall,all,perimeter_unique_az_best_overlap,8,161,3,ellow-radnear-az225 + elhigh-radnear-az270 + elhigh-radfar-az000,3,ellow-radfar-az315,165,4,ellow-radnear-az225 + ellow-radfar-az315 + elhigh-radnear-az270 + elhigh-radfar-az000,0.48338804250359324,0.5963052633213692,0.112917220817776,4
overall,all,perimeter_unique_az_best_overlap,8,161,3,ellow-radnear-az225 + elhigh-radnear-az270 + elhigh-radfar-az000,7,elhigh-radmid-az135,225,4,ellow-radnear-az225 + elhigh-radnear-az270 + elhigh-radmid-az135 + elhigh-radfar-az000,0.48338804250359324,0.5808313192987705,0.09744327679517728,5
overall,all,perimeter_unique_az_best_overlap,8,162,3,ellow-radmid-az045 + elhigh-radnear-az270 + elhigh-radfar-az000,1,ellow-radnear-az225,163,4,ellow-radnear-az225 + ellow-radmid-az045 + elhigh-radnear-az270 + elhigh-radfar-az000,0.4795208189423277,0.6341180710229016,0.15459725208057395,1
overall,all,perimeter_unique_az_best_overlap,8,162,3,ellow-radmid-az045 + elhigh-radnear-az270 + elhigh-radfar-az000,4,elmid-radnear-az090,170,4,ellow-radmid-az045 + elmid-radnear-az090 + elhigh-radnear-az270 + elhigh-radfar-az000,0.4795208189423277,0.6064534396278466,0.12693262068551892,2
overall,all,perimeter_unique_az_best_overlap,8,162,3,ellow-radmid-az045 + elhigh-radnear-az270 + elhigh-radfar-az000,7,elhigh-radmid-az135,226,4,ellow-radmid-az045 + elhigh-radnear-az270 + elhigh-radmid-az135 + elhigh-radfar-az000,0.4795208189423277,0.597680354137875,0.11815953519554734,3
overall,all,perimeter_unique_az_best_overlap,8,162,3,ellow-radmid-az045 + elhigh-radnear-az270 + elhigh-radfar-az000,5,elmid-radfar-az180,178,4,ellow-radmid-az045 + elmid-radfar-az180 + elhigh-radnear-az270 + elhigh-radfar-az000,0.4795208189423277,0.5754684449486576,0.09594762600632989,4
overall,all,perimeter_unique_az_best_overlap,8,162,3,ellow-radmid-az045 + elhigh-radnear-az270 + elhigh-radfar-az000,3,ellow-radfar-az315,166,4,ellow-radmid-az045 + ellow-radfar-az315 + elhigh-radnear-az270 + elhigh-radfar-az000,0.4795208189423277,0.5646482109381689,0.08512739199584118,5
overall,all,perimeter_unique_az_best_overlap,8,164,3,ellow-radfar-az315 + elhigh-radnear-az270 + elhigh-radfar-az000,1,ellow-radnear-az225,165,4,ellow-radnear-az225 + ellow-radfar-az315 + elhigh-radnear-az270 + elhigh-radfar-az000,0.44661007251699425,0.5963052633213692,0.149695190804375,1
overall,all,perimeter_unique_az_best_overlap,8,164,3,ellow-radfar-az315 + elhigh-radnear-az270 + elhigh-radfar-az000,4,elmid-radnear-az090,172,4,ellow-radfar-az315 + elmid-radnear-az090 + elhigh-radnear-az270 + elhigh-radfar-az000,0.44661007251699425,0.5792395404336843,0.13262946791669006,2
overall,all,perimeter_unique_az_best_overlap,8,164,3,ellow-radfar-az315 + elhigh-radnear-az270 + elhigh-radfar-az000,7,elhigh-radmid-az135,228,4,ellow-radfar-az315 + elhigh-radnear-az270 + elhigh-radmid-az135 + elhigh-radfar-az000,0.44661007251699425,0.5782885031904551,0.13167843067346086,3
overall,all,perimeter_unique_az_best_overlap,8,164,3,ellow-radfar-az315 + elhigh-radnear-az270 + elhigh-radfar-az000,2,ellow-radmid-az045,166,4,ellow-radmid-az045 + ellow-radfar-az315 + elhigh-radnear-az270 + elhigh-radfar-az000,0.44661007251699425,0.5646482109381689,0.11803813842117461,4
overall,all,perimeter_unique_az_best_overlap,8,164,3,ellow-radfar-az315 + elhigh-radnear-az270 + elhigh-radfar-az000,5,elmid-radfar-az180,180,4,ellow-radfar-az315 + elmid-radfar-az180 + elhigh-radnear-az270 + elhigh-radfar-az000,0.44661007251699425,0.5380040673973481,0.09139399488035382,5
overall,all,perimeter_unique_az_best_overlap,8,168,3,elmid-radnear-az090 + elhigh-radnear-az270 + elhigh-radfar-az000,1,ellow-radnear-az225,169,4,ellow-radnear-az225 + elmid-radnear-az090 + elhigh-radnear-az270 + elhigh-radfar-az000,0.48638797166183884,0.6182545057458992,0.1318665340840604,1
overall,all,perimeter_unique_az_best_overlap,8,168,3,elmid-radnear-az090 + elhigh-radnear-az270 + elhigh-radfar-az000,2,ellow-radmid-az045,170,4,ellow-radmid-az045 + elmid-radnear-az090 + elhigh-radnear-az270 + elhigh-radfar-az000,0.48638797166183884,0.6064534396278466,0.12006546796600776,2
overall,all,perimeter_unique_az_best_overlap,8,168,3,elmid-radnear-az090 + elhigh-radnear-az270 + elhigh-radfar-az000,7,elhigh-radmid-az135,232,4,elmid-radnear-az090 + elhigh-radnear-az270 + elhigh-radmid-az135 + elhigh-radfar-az000,0.48638797166183884,0.5940880543077678,0.10770008264592895,3
overall,all,perimeter_unique_az_best_overlap,8,168,3,elmid-radnear-az090 + elhigh-radnear-az270 + elhigh-radfar-az000,5,elmid-radfar-az180,184,4,elmid-radnear-az090 + elmid-radfar-az180 + elhigh-radnear-az270 + elhigh-radfar-az000,0.48638797166183884,0.5899138301881398,0.10352585852630097,4
overall,all,perimeter_unique_az_best_overlap,8,168,3,elmid-radnear-az090 + elhigh-radnear-az270 + elhigh-radfar-az000,3,ellow-radfar-az315,172,4,ellow-radfar-az315 + elmid-radnear-az090 + elhigh-radnear-az270 + elhigh-radfar-az000,0.48638797166183884,0.5792395404336843,0.09285156877184547,5
overall,all,perimeter_unique_az_best_overlap,8,176,3,elmid-radfar-az180 + elhigh-radnear-az270 + elhigh-radfar-az000,1,ellow-radnear-az225,177,4,ellow-radnear-az225 + elmid-radfar-az180 + elhigh-radnear-az270 + elhigh-radfar-az000,0.4390311702642327,0.5995819480695672,0.1605507778053345,1
overall,all,perimeter_unique_az_best_overlap,8,176,3,elmid-radfar-az180 + elhigh-radnear-az270 + elhigh-radfar-az000,4,elmid-radnear-az090,184,4,elmid-radnear-az090 + elmid-radfar-az180 + elhigh-radnear-az270 + elhigh-radfar-az000,0.4390311702642327,0.5899138301881398,0.1508826599239071,2
overall,all,perimeter_unique_az_best_overlap,8,176,3,elmid-radfar-az180 + elhigh-radnear-az270 + elhigh-radfar-az000,2,ellow-radmid-az045,178,4,ellow-radmid-az045 + elmid-radfar-az180 + elhigh-radnear-az270 + elhigh-radfar-az000,0.4390311702642327,0.5754684449486576,0.13643727468442485,3
overall,all,perimeter_unique_az_best_overlap,8,176,3,elmid-radfar-az180 + elhigh-radnear-az270 + elhigh-radfar-az000,7,elhigh-radmid-az135,240,4,elmid-radfar-az180 + elhigh-radnear-az270 + elhigh-radmid-az135 + elhigh-radfar-az000,0.4390311702642327,0.5632210883342377,0.12418991807000496,4
overall,all,perimeter_unique_az_best_overlap,8,176,3,elmid-radfar-az180 + elhigh-radnear-az270 + elhigh-radfar-az000,3,ellow-radfar-az315,180,4,ellow-radfar-az315 + elmid-radfar-az180 + elhigh-radnear-az270 + elhigh-radfar-az000,0.4390311702642327,0.5380040673973481,0.09897289713311536,5
overall,all,perimeter_unique_az_best_overlap,8,193,3,ellow-radnear-az225 + elhigh-radmid-az135 + elhigh-radfar-az000,2,ellow-radmid-az045,195,4,ellow-radnear-az225 + ellow-radmid-az045 + elhigh-radmid-az135 + elhigh-radfar-az000,0.5010611107611688,0.6389422755177958,0.13788116475662704,1
overall,all,perimeter_unique_az_best_overlap,8,193,3,ellow-radnear-az225 + elhigh-radmid-az135 + elhigh-radfar-az000,5,elmid-radfar-az180,209,4,ellow-radnear-az225 + elmid-radfar-az180 + elhigh-radmid-az135 + elhigh-radfar-az000,0.5010611107611688,0.6203482770425265,0.11928716628135771,2
overall,all,perimeter_unique_az_best_overlap,8,193,3,ellow-radnear-az225 + elhigh-radmid-az135 + elhigh-radfar-az000,3,ellow-radfar-az315,197,4,ellow-radnear-az225 + ellow-radfar-az315 + elhigh-radmid-az135 + elhigh-radfar-az000,0.5010611107611688,0.6190072596820417,0.11794614892087296,3
overall,all,perimeter_unique_az_best_overlap,8,193,3,ellow-radnear-az225 + elhigh-radmid-az135 + elhigh-radfar-az000,4,elmid-radnear-az090,201,4,ellow-radnear-az225 + elmid-radnear-az090 + elhigh-radmid-az135 + elhigh-radfar-az000,0.5010611107611688,0.6174753508467632,0.11641424008559442,4
overall,all,perimeter_unique_az_best_overlap,8,193,3,ellow-radnear-az225 + elhigh-radmid-az135 + elhigh-radfar-az000,6,elhigh-radnear-az270,225,4,ellow-radnear-az225 + elhigh-radnear-az270 + elhigh-radmid-az135 + elhigh-radfar-az000,0.5010611107611688,0.5808313192987705,0.07977020853760175,5
overall,all,perimeter_unique_az_best_overlap,8,194,3,ellow-radmid-az045 + elhigh-radmid-az135 + elhigh-radfar-az000,1,ellow-radnear-az225,195,4,ellow-radnear-az225 + ellow-radmid-az045 + elhigh-radmid-az135 + elhigh-radfar-az000,0.4967003476084589,0.6389422755177958,0.14224192790933693,1
overall,all,perimeter_unique_az_best_overlap,8,194,3,ellow-radmid-az045 + elhigh-radmid-az135 + elhigh-radfar-az000,4,elmid-radnear-az090,202,4,ellow-radmid-az045 + elmid-radnear-az090 + elhigh-radmid-az135 + elhigh-radfar-az000,0.4967003476084589,0.6022363194715564,0.10553597186309754,2
overall,all,perimeter_unique_az_best_overlap,8,194,3,ellow-radmid-az045 + elhigh-radmid-az135 + elhigh-radfar-az000,5,elmid-radfar-az180,210,4,ellow-radmid-az045 + elmid-radfar-az180 + elhigh-radmid-az135 + elhigh-radfar-az000,0.4967003476084589,0.6021075237127922,0.10540717610433331,3
overall,all,perimeter_unique_az_best_overlap,8,194,3,ellow-radmid-az045 + elhigh-radmid-az135 + elhigh-radfar-az000,6,elhigh-radnear-az270,226,4,ellow-radmid-az045 + elhigh-radnear-az270 + elhigh-radmid-az135 + elhigh-radfar-az000,0.4967003476084589,0.597680354137875,0.10098000652941613,4
overall,all,perimeter_unique_az_best_overlap,8,194,3,ellow-radmid-az045 + elhigh-radmid-az135 + elhigh-radfar-az000,3,ellow-radfar-az315,198,4,ellow-radmid-az045 + ellow-radfar-az315 + elhigh-radmid-az135 + elhigh-radfar-az000,0.4967003476084589,0.5814630019669144,0.08476265435845548,5
overall,all,perimeter_unique_az_best_overlap,8,196,3,ellow-radfar-az315 + elhigh-radmid-az135 + elhigh-radfar-az000,1,ellow-radnear-az225,197,4,ellow-radnear-az225 + ellow-radfar-az315 + elhigh-radmid-az135 + elhigh-radfar-az000,0.4676034247807328,0.6190072596820417,0.15140383490130893,1
overall,all,perimeter_unique_az_best_overlap,8,196,3,ellow-radfar-az315 + elhigh-radmid-az135 + elhigh-radfar-az000,2,ellow-radmid-az045,198,4,ellow-radmid-az045 + ellow-radfar-az315 + elhigh-radmid-az135 + elhigh-radfar-az000,0.4676034247807328,0.5814630019669144,0.11385957718618156,2
overall,all,perimeter_unique_az_best_overlap,8,196,3,ellow-radfar-az315 + elhigh-radmid-az135 + elhigh-radfar-az000,6,elhigh-radnear-az270,228,4,ellow-radfar-az315 + elhigh-radnear-az270 + elhigh-radmid-az135 + elhigh-radfar-az000,0.4676034247807328,0.5782885031904551,0.1106850784097223,3
overall,all,perimeter_unique_az_best_overlap,8,196,3,ellow-radfar-az315 + elhigh-radmid-az135 + elhigh-radfar-az000,4,elmid-radnear-az090,204,4,ellow-radfar-az315 + elmid-radnear-az090 + elhigh-radmid-az135 + elhigh-radfar-az000,0.4676034247807328,0.5702459238539573,0.10264249907322454,4
overall,all,perimeter_unique_az_best_overlap,8,196,3,ellow-radfar-az315 + elhigh-radmid-az135 + elhigh-radfar-az000,5,elmid-radfar-az180,212,4,ellow-radfar-az315 + elmid-radfar-az180 + elhigh-radmid-az135 + elhigh-radfar-az000,0.4676034247807328,0.5684569712437798,0.100853546463047,5
overall,all,perimeter_unique_az_best_overlap,8,200,3,elmid-radnear-az090 + elhigh-radmid-az135 + elhigh-radfar-az000,1,ellow-radnear-az225,201,4,ellow-radnear-az225 + elmid-radnear-az090 + elhigh-radmid-az135 + elhigh-radfar-az000,0.4769340406258483,0.6174753508467632,0.14054131022091487,1
overall,all,perimeter_unique_az_best_overlap,8,200,3,elmid-radnear-az090 + elhigh-radmid-az135 + elhigh-radfar-az000,2,ellow-radmid-az045,202,4,ellow-radmid-az045 + elmid-radnear-az090 + elhigh-radmid-az135 + elhigh-radfar-az000,0.4769340406258483,0.6022363194715564,0.1253022788457081,2
overall,all,perimeter_unique_az_best_overlap,8,200,3,elmid-radnear-az090 + elhigh-radmid-az135 + elhigh-radfar-az000,6,elhigh-radnear-az270,232,4,elmid-radnear-az090 + elhigh-radnear-az270 + elhigh-radmid-az135 + elhigh-radfar-az000,0.4769340406258483,0.5940880543077678,0.11715401368191947,3
overall,all,perimeter_unique_az_best_overlap,8,200,3,elmid-radnear-az090 + elhigh-radmid-az135 + elhigh-radfar-az000,5,elmid-radfar-az180,216,4,elmid-radnear-az090 + elmid-radfar-az180 + elhigh-radmid-az135 + elhigh-radfar-az000,0.4769340406258483,0.5899194460663144,0.11298540544046609,4
overall,all,perimeter_unique_az_best_overlap,8,200,3,elmid-radnear-az090 + elhigh-radmid-az135 + elhigh-radfar-az000,3,ellow-radfar-az315,204,4,ellow-radfar-az315 + elmid-radnear-az090 + elhigh-radmid-az135 + elhigh-radfar-az000,0.4769340406258483,0.5702459238539573,0.09331188322810902,5
overall,all,perimeter_unique_az_best_overlap,8,208,3,elmid-radfar-az180 + elhigh-radmid-az135 + elhigh-radfar-az000,1,ellow-radnear-az225,209,4,ellow-radnear-az225 + elmid-radfar-az180 + elhigh-radmid-az135 + elhigh-radfar-az000,0.4698469724955939,0.6203482770425265,0.1505013045469326,1
overall,all,perimeter_unique_az_best_overlap,8,208,3,elmid-radfar-az180 + elhigh-radmid-az135 + elhigh-radfar-az000,2,ellow-radmid-az045,210,4,ellow-radmid-az045 + elmid-radfar-az180 + elhigh-radmid-az135 + elhigh-radfar-az000,0.4698469724955939,0.6021075237127922,0.13226055121719832,2
overall,all,perimeter_unique_az_best_overlap,8,208,3,elmid-radfar-az180 + elhigh-radmid-az135 + elhigh-radfar-az000,4,elmid-radnear-az090,216,4,elmid-radnear-az090 + elmid-radfar-az180 + elhigh-radmid-az135 + elhigh-radfar-az000,0.4698469724955939,0.5899194460663144,0.12007247357072054,3
overall,all,perimeter_unique_az_best_overlap,8,208,3,elmid-radfar-az180 + elhigh-radmid-az135 + elhigh-radfar-az000,3,ellow-radfar-az315,212,4,ellow-radfar-az315 + elmid-radfar-az180 + elhigh-radmid-az135 + elhigh-radfar-az000,0.4698469724955939,0.5684569712437798,0.09860999874818593,4
overall,all,perimeter_unique_az_best_overlap,8,208,3,elmid-radfar-az180 + elhigh-radmid-az135 + elhigh-radfar-az000,6,elhigh-radnear-az270,240,4,elmid-radfar-az180 + elhigh-radnear-az270 + elhigh-radmid-az135 + elhigh-radfar-az000,0.4698469724955939,0.5632210883342377,0.0933741158386438,5
overall,all,perimeter_unique_az_best_overlap,8,224,3,elhigh-radnear-az270 + elhigh-radmid-az135 + elhigh-radfar-az000,2,ellow-radmid-az045,226,4,ellow-radmid-az045 + elhigh-radnear-az270 + elhigh-radmid-az135 + elhigh-radfar-az000,0.46188608382026364,0.597680354137875,0.13579427031761138,1
overall,all,perimeter_unique_az_best_overlap,8,224,3,elhigh-radnear-az270 + elhigh-radmid-az135 + elhigh-radfar-az000,4,elmid-radnear-az090,232,4,elmid-radnear-az090 + elhigh-radnear-az270 + elhigh-radmid-az135 + elhigh-radfar-az000,0.46188608382026364,0.5940880543077678,0.13220197048750415,2
overall,all,perimeter_unique_az_best_overlap,8,224,3,elhigh-radnear-az270 + elhigh-radmid-az135 + elhigh-radfar-az000,1,ellow-radnear-az225,225,4,ellow-radnear-az225 + elhigh-radnear-az270 + elhigh-radmid-az135 + elhigh-radfar-az000,0.46188608382026364,0.5808313192987705,0.11894523547850688,3
overall,all,perimeter_unique_az_best_overlap,8,224,3,elhigh-radnear-az270 + elhigh-radmid-az135 + elhigh-radfar-az000,3,ellow-radfar-az315,228,4,ellow-radfar-az315 + elhigh-radnear-az270 + elhigh-radmid-az135 + elhigh-radfar-az000,0.46188608382026364,0.5782885031904551,0.11640241937019147,4
overall,all,perimeter_unique_az_best_overlap,8,224,3,elhigh-radnear-az270 + elhigh-radmid-az135 + elhigh-radfar-az000,5,elmid-radfar-az180,240,4,elmid-radfar-az180 + elhigh-radnear-az270 + elhigh-radmid-az135 + elhigh-radfar-az000,0.46188608382026364,0.5632210883342377,0.10133500451397404,5
overall,all,perimeter_unique_az_best_overlap,8,15,4,ellow-radnear-az225 + ellow-radmid-az045 + ellow-radfar-az315 + elmid-radnear-az090,8,elhigh-radfar-az000,143,5,ellow-radnear-az225 + ellow-radmid-az045 + ellow-radfar-az315 + elmid-radnear-az090 + elhigh-radfar-az000,0.5869903534030172,0.699919096080308,0.1129287426772908,1
overall,all,perimeter_unique_az_best_overlap,8,15,4,ellow-radnear-az225 + ellow-radmid-az045 + ellow-radfar-az315 + elmid-radnear-az090,6,elhigh-radnear-az270,47,5,ellow-radnear-az225 + ellow-radmid-az045 + ellow-radfar-az315 + elmid-radnear-az090 + elhigh-radnear-az270,0.5869903534030172,0.699133016729518,0.1121426633265008,2
overall,all,perimeter_unique_az_best_overlap,8,15,4,ellow-radnear-az225 + ellow-radmid-az045 + ellow-radfar-az315 + elmid-radnear-az090,5,elmid-radfar-az180,31,5,ellow-radnear-az225 + ellow-radmid-az045 + ellow-radfar-az315 + elmid-radnear-az090 + elmid-radfar-az180,0.5869903534030172,0.6943624390289549,0.1073720856259377,3
overall,all,perimeter_unique_az_best_overlap,8,15,4,ellow-radnear-az225 + ellow-radmid-az045 + ellow-radfar-az315 + elmid-radnear-az090,7,elhigh-radmid-az135,79,5,ellow-radnear-az225 + ellow-radmid-az045 + ellow-radfar-az315 + elmid-radnear-az090 + elhigh-radmid-az135,0.5869903534030172,0.6782949448922344,0.09130459148921721,4
overall,all,perimeter_unique_az_best_overlap,8,23,4,ellow-radnear-az225 + ellow-radmid-az045 + ellow-radfar-az315 + elmid-radfar-az180,8,elhigh-radfar-az000,151,5,ellow-radnear-az225 + ellow-radmid-az045 + ellow-radfar-az315 + elmid-radfar-az180 + elhigh-radfar-az000,0.6143091006768244,0.7165422222684736,0.10223312159164921,1
overall,all,perimeter_unique_az_best_overlap,8,23,4,ellow-radnear-az225 + ellow-radmid-az045 + ellow-radfar-az315 + elmid-radfar-az180,6,elhigh-radnear-az270,55,5,ellow-radnear-az225 + ellow-radmid-az045 + ellow-radfar-az315 + elmid-radfar-az180 + elhigh-radnear-az270,0.6143091006768244,0.7090630044301314,0.09475390375330695,2
overall,all,perimeter_unique_az_best_overlap,8,23,4,ellow-radnear-az225 + ellow-radmid-az045 + ellow-radfar-az315 + elmid-radfar-az180,7,elhigh-radmid-az135,87,5,ellow-radnear-az225 + ellow-radmid-az045 + ellow-radfar-az315 + elmid-radfar-az180 + elhigh-radmid-az135,0.6143091006768244,0.6962995611238869,0.08199046044706249,3
overall,all,perimeter_unique_az_best_overlap,8,23,4,ellow-radnear-az225 + ellow-radmid-az045 + ellow-radfar-az315 + elmid-radfar-az180,4,elmid-radnear-az090,31,5,ellow-radnear-az225 + ellow-radmid-az045 + ellow-radfar-az315 + elmid-radnear-az090 + elmid-radfar-az180,0.6143091006768244,0.6943624390289549,0.08005333835213047,4
overall,all,perimeter_unique_az_best_overlap,8,27,4,ellow-radnear-az225 + ellow-radmid-az045 + elmid-radnear-az090 + elmid-radfar-az180,6,elhigh-radnear-az270,59,5,ellow-radnear-az225 + ellow-radmid-az045 + elmid-radnear-az090 + elmid-radfar-az180 + elhigh-radnear-az270,0.6501688911167537,0.7513185859565734,0.10114969483981973,1
overall,all,perimeter_unique_az_best_overlap,8,27,4,ellow-radnear-az225 + ellow-radmid-az045 + elmid-radnear-az090 + elmid-radfar-az180,8,elhigh-radfar-az000,155,5,ellow-radnear-az225 + ellow-radmid-az045 + elmid-radnear-az090 + elmid-radfar-az180 + elhigh-radfar-az000,0.6501688911167537,0.750821421063282,0.10065252994652829,2
overall,all,perimeter_unique_az_best_overlap,8,27,4,ellow-radnear-az225 + ellow-radmid-az045 + elmid-radnear-az090 + elmid-radfar-az180,7,elhigh-radmid-az135,91,5,ellow-radnear-az225 + ellow-radmid-az045 + elmid-radnear-az090 + elmid-radfar-az180 + elhigh-radmid-az135,0.6501688911167537,0.7214427592486657,0.07127386813191205,3
overall,all,perimeter_unique_az_best_overlap,8,27,4,ellow-radnear-az225 + ellow-radmid-az045 + elmid-radnear-az090 + elmid-radfar-az180,3,ellow-radfar-az315,31,5,ellow-radnear-az225 + ellow-radmid-az045 + ellow-radfar-az315 + elmid-radnear-az090 + elmid-radfar-az180,0.6501688911167537,0.6943624390289549,0.0441935479122012,4
overall,all,perimeter_unique_az_best_overlap,8,29,4,ellow-radnear-az225 + ellow-radfar-az315 + elmid-radnear-az090 + elmid-radfar-az180,8,elhigh-radfar-az000,157,5,ellow-radnear-az225 + ellow-radfar-az315 + elmid-radnear-az090 + elmid-radfar-az180 + elhigh-radfar-az000,0.6037649194068638,0.718139213616668,0.11437429420980416,1
overall,all,perimeter_unique_az_best_overlap,8,29,4,ellow-radnear-az225 + ellow-radfar-az315 + elmid-radnear-az090 + elmid-radfar-az180,6,elhigh-radnear-az270,61,5,ellow-radnear-az225 + ellow-radfar-az315 + elmid-radnear-az090 + elmid-radfar-az180 + elhigh-radnear-az270,0.6037649194068638,0.7025270570093345,0.09876213760247066,2
overall,all,perimeter_unique_az_best_overlap,8,29,4,ellow-radnear-az225 + ellow-radfar-az315 + elmid-radnear-az090 + elmid-radfar-az180,2,ellow-radmid-az045,31,5,ellow-radnear-az225 + ellow-radmid-az045 + ellow-radfar-az315 + elmid-radnear-az090 + elmid-radfar-az180,0.6037649194068638,0.6943624390289549,0.09059751962209106,3
overall,all,perimeter_unique_az_best_overlap,8,29,4,ellow-radnear-az225 + ellow-radfar-az315 + elmid-radnear-az090 + elmid-radfar-az180,7,elhigh-radmid-az135,93,5,ellow-radnear-az225 + ellow-radfar-az315 + elmid-radnear-az090 + elmid-radfar-az180 + elhigh-radmid-az135,0.6037649194068638,0.6849094730712697,0.08114455366440587,4
overall,all,perimeter_unique_az_best_overlap,8,30,4,ellow-radmid-az045 + ellow-radfar-az315 + elmid-radnear-az090 + elmid-radfar-az180,1,ellow-radnear-az225,31,5,ellow-radnear-az225 + ellow-radmid-az045 + ellow-radfar-az315 + elmid-radnear-az090 + elmid-radfar-az180,0.5363680569077488,0.6943624390289549,0.1579943821212061,1
overall,all,perimeter_unique_az_best_overlap,8,30,4,ellow-radmid-az045 + ellow-radfar-az315 + elmid-radnear-az090 + elmid-radfar-az180,6,elhigh-radnear-az270,62,5,ellow-radmid-az045 + ellow-radfar-az315 + elmid-radnear-az090 + elmid-radfar-az180 + elhigh-radnear-az270,0.5363680569077488,0.6560921168894801,0.1197240599817313,2
overall,all,perimeter_unique_az_best_overlap,8,30,4,ellow-radmid-az045 + ellow-radfar-az315 + elmid-radnear-az090 + elmid-radfar-az180,8,elhigh-radfar-az000,158,5,ellow-radmid-az045 + ellow-radfar-az315 + elmid-radnear-az090 + elmid-radfar-az180 + elhigh-radfar-az000,0.5363680569077488,0.6500216568074599,0.11365359989971113,3
overall,all,perimeter_unique_az_best_overlap,8,30,4,ellow-radmid-az045 + ellow-radfar-az315 + elmid-radnear-az090 + elmid-radfar-az180,7,elhigh-radmid-az135,94,5,ellow-radmid-az045 + ellow-radfar-az315 + elmid-radnear-az090 + elmid-radfar-az180 + elhigh-radmid-az135,0.5363680569077488,0.6361350457639491,0.09976698885620028,4
overall,all,perimeter_unique_az_best_overlap,8,39,4,ellow-radnear-az225 + ellow-radmid-az045 + ellow-radfar-az315 + elhigh-radnear-az270,5,elmid-radfar-az180,55,5,ellow-radnear-az225 + ellow-radmid-az045 + ellow-radfar-az315 + elmid-radfar-az180 + elhigh-radnear-az270,0.6195444140408022,0.7090630044301314,0.08951859038932919,1
overall,all,perimeter_unique_az_best_overlap,8,39,4,ellow-radnear-az225 + ellow-radmid-az045 + ellow-radfar-az315 + elhigh-radnear-az270,8,elhigh-radfar-az000,167,5,ellow-radnear-az225 + ellow-radmid-az045 + ellow-radfar-az315 + elhigh-radnear-az270 + elhigh-radfar-az000,0.6195444140408022,0.7082395168906124,0.08869510284981019,2
overall,all,perimeter_unique_az_best_overlap,8,39,4,ellow-radnear-az225 + ellow-radmid-az045 + ellow-radfar-az315 + elhigh-radnear-az270,7,elhigh-radmid-az135,103,5,ellow-radnear-az225 + ellow-radmid-az045 + ellow-radfar-az315 + elhigh-radnear-az270 + elhigh-radmid-az135,0.6195444140408022,0.7038667134987018,0.0843222994578996,3
overall,all,perimeter_unique_az_best_overlap,8,39,4,ellow-radnear-az225 + ellow-radmid-az045 + ellow-radfar-az315 + elhigh-radnear-az270,4,elmid-radnear-az090,47,5,ellow-radnear-az225 + ellow-radmid-az045 + ellow-radfar-az315 + elmid-radnear-az090 + elhigh-radnear-az270,0.6195444140408022,0.699133016729518,0.07958860268871581,4
overall,all,perimeter_unique_az_best_overlap,8,43,4,ellow-radnear-az225 + ellow-radmid-az045 + elmid-radnear-az090 + elhigh-radnear-az270,5,elmid-radfar-az180,59,5,ellow-radnear-az225 + ellow-radmid-az045 + elmid-radnear-az090 + elmid-radfar-az180 + elhigh-radnear-az270,0.6496103806983424,0.7513185859565734,0.10170820525823099,1
overall,all,perimeter_unique_az_best_overlap,8,43,4,ellow-radnear-az225 + ellow-radmid-az045 + elmid-radnear-az090 + elhigh-radnear-az270,8,elhigh-radfar-az000,171,5,ellow-radnear-az225 + ellow-radmid-az045 + elmid-radnear-az090 + elhigh-radnear-az270 + elhigh-radfar-az000,0.6496103806983424,0.7367248919827964,0.08711451128445402,2
overall,all,perimeter_unique_az_best_overlap,8,43,4,ellow-radnear-az225 + ellow-radmid-az045 + elmid-radnear-az090 + elhigh-radnear-az270,7,elhigh-radmid-az135,107,5,ellow-radnear-az225 + ellow-radmid-az045 + elmid-radnear-az090 + elhigh-radnear-az270 + elhigh-radmid-az135,0.6496103806983424,0.7232875094483591,0.07367712875001664,3
overall,all,perimeter_unique_az_best_overlap,8,43,4,ellow-radnear-az225 + ellow-radmid-az045 + elmid-radnear-az090 + elhigh-radnear-az270,3,ellow-radfar-az315,47,5,ellow-radnear-az225 + ellow-radmid-az045 + ellow-radfar-az315 + elmid-radnear-az090 + elhigh-radnear-az270,0.6496103806983424,0.699133016729518,0.04952263603117557,4
overall,all,perimeter_unique_az_best_overlap,8,45,4,ellow-radnear-az225 + ellow-radfar-az315 + elmid-radnear-az090 + elhigh-radnear-az270,5,elmid-radfar-az180,61,5,ellow-radnear-az225 + ellow-radfar-az315 + elmid-radnear-az090 + elmid-radfar-az180 + elhigh-radnear-az270,0.5992638799297704,0.7025270570093345,0.10326317707956412,1
overall,all,perimeter_unique_az_best_overlap,8,45,4,ellow-radnear-az225 + ellow-radfar-az315 + elmid-radnear-az090 + elhigh-radnear-az270,8,elhigh-radfar-az000,173,5,ellow-radnear-az225 + ellow-radfar-az315 + elmid-radnear-az090 + elhigh-radnear-az270 + elhigh-radfar-az000,0.5992638799297704,0.7001001554219557,0.10083627549218532,2
overall,all,perimeter_unique_az_best_overlap,8,45,4,ellow-radnear-az225 + ellow-radfar-az315 + elmid-radnear-az090 + elhigh-radnear-az270,2,ellow-radmid-az045,47,5,ellow-radnear-az225 + ellow-radmid-az045 + ellow-radfar-az315 + elmid-radnear-az090 + elhigh-radnear-az270,0.5992638799297704,0.699133016729518,0.09986913679974763,3
overall,all,perimeter_unique_az_best_overlap,8,45,4,ellow-radnear-az225 + ellow-radfar-az315 + elmid-radnear-az090 + elhigh-radnear-az270,7,elhigh-radmid-az135,109,5,ellow-radnear-az225 + ellow-radfar-az315 + elmid-radnear-az090 + elhigh-radnear-az270 + elhigh-radmid-az135,0.5992638799297704,0.6833282035916697,0.08406432366189931,4
overall,all,perimeter_unique_az_best_overlap,8,46,4,ellow-radmid-az045 + ellow-radfar-az315 + elmid-radnear-az090 + elhigh-radnear-az270,1,ellow-radnear-az225,47,5,ellow-radnear-az225 + ellow-radmid-az045 + ellow-radfar-az315 + elmid-radnear-az090 + elhigh-radnear-az270,0.56667242019676,0.699133016729518,0.132460596532758,1
overall,all,perimeter_unique_az_best_overlap,8,46,4,ellow-radmid-az045 + ellow-radfar-az315 + elmid-radnear-az090 + elhigh-radnear-az270,8,elhigh-radfar-az000,174,5,ellow-radmid-az045 + ellow-radfar-az315 + elmid-radnear-az090 + elhigh-radnear-az270 + elhigh-radfar-az000,0.56667242019676,0.6667880010884172,0.10011558089165717,2
overall,all,perimeter_unique_az_best_overlap,8,46,4,ellow-radmid-az045 + ellow-radfar-az315 + elmid-radnear-az090 + elhigh-radnear-az270,7,elhigh-radmid-az135,110,5,ellow-radmid-az045 + ellow-radfar-az315 + elmid-radnear-az090 + elhigh-radnear-az270 + elhigh-radmid-az135,0.56667242019676,0.663240616007017,0.096568195810257,3
overall,all,perimeter_unique_az_best_overlap,8,46,4,ellow-radmid-az045 + ellow-radfar-az315 + elmid-radnear-az090 + elhigh-radnear-az270,5,elmid-radfar-az180,62,5,ellow-radmid-az045 + ellow-radfar-az315 + elmid-radnear-az090 + elmid-radfar-az180 + elhigh-radnear-az270,0.56667242019676,0.6560921168894801,0.0894196966927201,4
overall,all,perimeter_unique_az_best_overlap,8,51,4,ellow-radnear-az225 + ellow-radmid-az045 + elmid-radfar-az180 + elhigh-radnear-az270,4,elmid-radnear-az090,59,5,ellow-radnear-az225 + ellow-radmid-az045 + elmid-radnear-az090 + elmid-radfar-az180 + elhigh-radnear-az270,0.6534964246814458,0.7513185859565734,0.09782216127512766,1
overall,all,perimeter_unique_az_best_overlap,8,51,4,ellow-radnear-az225 + ellow-radmid-az045 + elmid-radfar-az180 + elhigh-radnear-az270,8,elhigh-radfar-az000,179,5,ellow-radnear-az225 + ellow-radmid-az045 + elmid-radfar-az180 + elhigh-radnear-az270 + elhigh-radfar-az000,0.6534964246814458,0.7299153148429429,0.07641889016149717,2
overall,all,perimeter_unique_az_best_overlap,8,51,4,ellow-radnear-az225 + ellow-radmid-az045 + elmid-radfar-az180 + elhigh-radnear-az270,7,elhigh-radmid-az135,115,5,ellow-radnear-az225 + ellow-radmid-az045 + elmid-radfar-az180 + elhigh-radnear-az270 + elhigh-radmid-az135,0.6534964246814458,0.7186576462552982,0.0651612215738524,3
overall,all,perimeter_unique_az_best_overlap,8,51,4,ellow-radnear-az225 + ellow-radmid-az045 + elmid-radfar-az180 + elhigh-radnear-az270,3,ellow-radfar-az315,55,5,ellow-radnear-az225 + ellow-radmid-az045 + ellow-radfar-az315 + elmid-radfar-az180 + elhigh-radnear-az270,0.6534964246814458,0.7090630044301314,0.05556657974868562,4
overall,all,perimeter_unique_az_best_overlap,8,53,4,ellow-radnear-az225 + ellow-radfar-az315 + elmid-radfar-az180 + elhigh-radnear-az270,2,ellow-radmid-az045,55,5,ellow-radnear-az225 + ellow-radmid-az045 + ellow-radfar-az315 + elmid-radfar-az180 + elhigh-radnear-az270,0.5869675660870066,0.7090630044301314,0.12209543834312475,1
overall,all,perimeter_unique_az_best_overlap,8,53,4,ellow-radnear-az225 + ellow-radfar-az315 + elmid-radfar-az180 + elhigh-radnear-az270,4,elmid-radnear-az090,61,5,ellow-radnear-az225 + ellow-radfar-az315 + elmid-radnear-az090 + elmid-radfar-az180 + elhigh-radnear-az270,0.5869675660870066,0.7025270570093345,0.11555949092232787,2
overall,all,perimeter_unique_az_best_overlap,8,53,4,ellow-radnear-az225 + ellow-radfar-az315 + elmid-radfar-az180 + elhigh-radnear-az270,8,elhigh-radfar-az000,181,5,ellow-radnear-az225 + ellow-radfar-az315 + elmid-radfar-az180 + elhigh-radnear-az270 + elhigh-radfar-az000,0.5869675660870066,0.6875487943029948,0.10058122821598814,3
overall,all,perimeter_unique_az_best_overlap,8,53,4,ellow-radnear-az225 + ellow-radfar-az315 + elmid-radfar-az180 + elhigh-radnear-az270,7,elhigh-radmid-az135,117,5,ellow-radnear-az225 + ellow-radfar-az315 + elmid-radfar-az180 + elhigh-radnear-az270 + elhigh-radmid-az135,0.5869675660870066,0.6675725955093471,0.08060502942234049,4
overall,all,perimeter_unique_az_best_overlap,8,54,4,ellow-radmid-az045 + ellow-radfar-az315 + elmid-radfar-az180 + elhigh-radnear-az270,1,ellow-radnear-az225,55,5,ellow-radnear-az225 + ellow-radmid-az045 + ellow-radfar-az315 + elmid-radfar-az180 + elhigh-radnear-az270,0.546096618296783,0.7090630044301314,0.16296638613334835,1
overall,all,perimeter_unique_az_best_overlap,8,54,4,ellow-radmid-az045 + ellow-radfar-az315 + elmid-radfar-az180 + elhigh-radnear-az270,4,elmid-radnear-az090,62,5,ellow-radmid-az045 + ellow-radfar-az315 + elmid-radnear-az090 + elmid-radfar-az180 + elhigh-radnear-az270,0.546096618296783,0.6560921168894801,0.10999549859269708,2
overall,all,perimeter_unique_az_best_overlap,8,54,4,ellow-radmid-az045 + ellow-radfar-az315 + elmid-radfar-az180 + elhigh-radnear-az270,7,elhigh-radmid-az135,118,5,ellow-radmid-az045 + ellow-radfar-az315 + elmid-radfar-az180 + elhigh-radnear-az270 + elhigh-radmid-az135,0.546096618296783,0.6424557557856744,0.09635913748889136,3
overall,all,perimeter_unique_az_best_overlap,8,54,4,ellow-radmid-az045 + ellow-radfar-az315 + elmid-radfar-az180 + elhigh-radnear-az270,8,elhigh-radfar-az000,182,5,ellow-radmid-az045 + ellow-radfar-az315 + elmid-radfar-az180 + elhigh-radnear-az270 + elhigh-radfar-az000,0.546096618296783,0.6418469527787697,0.09575033448198667,4
overall,all,perimeter_unique_az_best_overlap,8,57,4,ellow-radnear-az225 + elmid-radnear-az090 + elmid-radfar-az180 + elhigh-radnear-az270,2,ellow-radmid-az045,59,5,ellow-radnear-az225 + ellow-radmid-az045 + elmid-radnear-az090 + elmid-radfar-az180 + elhigh-radnear-az270,0.6274077011606839,0.7513185859565734,0.12391088479588952,1
overall,all,perimeter_unique_az_best_overlap,8,57,4,ellow-radnear-az225 + elmid-radnear-az090 + elmid-radfar-az180 + elhigh-radnear-az270,8,elhigh-radfar-az000,185,5,ellow-radnear-az225 + elmid-radnear-az090 + elmid-radfar-az180 + elhigh-radnear-az270 + elhigh-radfar-az000,0.6274077011606839,0.7216300090554828,0.0942223078947989,2
overall,all,perimeter_unique_az_best_overlap,8,57,4,ellow-radnear-az225 + elmid-radnear-az090 + elmid-radfar-az180 + elhigh-radnear-az270,3,ellow-radfar-az315,61,5,ellow-radnear-az225 + ellow-radfar-az315 + elmid-radnear-az090 + elmid-radfar-az180 + elhigh-radnear-az270,0.6274077011606839,0.7025270570093345,0.07511935584865059,3
overall,all,perimeter_unique_az_best_overlap,8,57,4,ellow-radnear-az225 + elmid-radnear-az090 + elmid-radfar-az180 + elhigh-radnear-az270,7,elhigh-radmid-az135,121,5,ellow-radnear-az225 + elmid-radnear-az090 + elmid-radfar-az180 + elhigh-radnear-az270 + elhigh-radmid-az135,0.6274077011606839,0.6909247920581977,0.06351709089751378,4
overall,all,perimeter_unique_az_best_overlap,8,58,4,ellow-radmid-az045 + elmid-radnear-az090 + elmid-radfar-az180 + elhigh-radnear-az270,1,ellow-radnear-az225,59,5,ellow-radnear-az225 + ellow-radmid-az045 + elmid-radnear-az090 + elmid-radfar-az180 + elhigh-radnear-az270,0.6080024257906018,0.7513185859565734,0.1433161601659716,1
overall,all,perimeter_unique_az_best_overlap,8,58,4,ellow-radmid-az045 + elmid-radnear-az090 + elmid-radfar-az180 + elhigh-radnear-az270,8,elhigh-radfar-az000,186,5,ellow-radmid-az045 + elmid-radnear-az090 + elmid-radfar-az180 + elhigh-radnear-az270 + elhigh-radfar-az000,0.6080024257906018,0.6958417941505542,0.08783936835995243,2
overall,all,perimeter_unique_az_best_overlap,8,58,4,ellow-radmid-az045 + elmid-radnear-az090 + elmid-radfar-az180 + elhigh-radnear-az270,7,elhigh-radmid-az135,122,5,ellow-radmid-az045 + elmid-radnear-az090 + elmid-radfar-az180 + elhigh-radnear-az270 + elhigh-radmid-az135,0.6080024257906018,0.6894170621901013,0.08141463639949953,3
overall,all,perimeter_unique_az_best_overlap,8,58,4,ellow-radmid-az045 + elmid-radnear-az090 + elmid-radfar-az180 + elhigh-radnear-az270,3,ellow-radfar-az315,62,5,ellow-radmid-az045 + ellow-radfar-az315 + elmid-radnear-az090 + elmid-radfar-az180 + elhigh-radnear-az270,0.6080024257906018,0.6560921168894801,0.048089691098878284,4
overall,all,perimeter_unique_az_best_overlap,8,60,4,ellow-radfar-az315 + elmid-radnear-az090 + elmid-radfar-az180 + elhigh-radnear-az270,1,ellow-radnear-az225,61,5,ellow-radnear-az225 + ellow-radfar-az315 + elmid-radnear-az090 + elmid-radfar-az180 + elhigh-radnear-az270,0.5625673547031067,0.7025270570093345,0.13995970230622778,1
overall,all,perimeter_unique_az_best_overlap,8,60,4,ellow-radfar-az315 + elmid-radnear-az090 + elmid-radfar-az180 + elhigh-radnear-az270,8,elhigh-radfar-az000,188,5,ellow-radfar-az315 + elmid-radnear-az090 + elmid-radfar-az180 + elhigh-radnear-az270 + elhigh-radfar-az000,0.5625673547031067,0.6701828682440011,0.10761551354089438,2
overall,all,perimeter_unique_az_best_overlap,8,60,4,ellow-radfar-az315 + elmid-radnear-az090 + elmid-radfar-az180 + elhigh-radnear-az270,2,ellow-radmid-az045,62,5,ellow-radmid-az045 + ellow-radfar-az315 + elmid-radnear-az090 + elmid-radfar-az180 + elhigh-radnear-az270,0.5625673547031067,0.6560921168894801,0.0935247621863734,3
overall,all,perimeter_unique_az_best_overlap,8,60,4,ellow-radfar-az315 + elmid-radnear-az090 + elmid-radfar-az180 + elhigh-radnear-az270,7,elhigh-radmid-az135,124,5,ellow-radfar-az315 + elmid-radnear-az090 + elmid-radfar-az180 + elhigh-radnear-az270 + elhigh-radmid-az135,0.5625673547031067,0.6494734202056578,0.08690606550255109,4
overall,all,perimeter_unique_az_best_overlap,8,71,4,ellow-radnear-az225 + ellow-radmid-az045 + ellow-radfar-az315 + elhigh-radmid-az135,8,elhigh-radfar-az000,199,5,ellow-radnear-az225 + ellow-radmid-az045 + ellow-radfar-az315 + elhigh-radmid-az135 + elhigh-radfar-az000,0.6099665849979742,0.718092643653823,0.10812605865584879,1
overall,all,perimeter_unique_az_best_overlap,8,71,4,ellow-radnear-az225 + ellow-radmid-az045 + ellow-radfar-az315 + elhigh-radmid-az135,6,elhigh-radnear-az270,103,5,ellow-radnear-az225 + ellow-radmid-az045 + ellow-radfar-az315 + elhigh-radnear-az270 + elhigh-radmid-az135,0.6099665849979742,0.7038667134987018,0.0939001285007276,2
overall,all,perimeter_unique_az_best_overlap,8,71,4,ellow-radnear-az225 + ellow-radmid-az045 + ellow-radfar-az315 + elhigh-radmid-az135,5,elmid-radfar-az180,87,5,ellow-radnear-az225 + ellow-radmid-az045 + ellow-radfar-az315 + elmid-radfar-az180 + elhigh-radmid-az135,0.6099665849979742,0.6962995611238869,0.08633297612591273,3
overall,all,perimeter_unique_az_best_overlap,8,71,4,ellow-radnear-az225 + ellow-radmid-az045 + ellow-radfar-az315 + elhigh-radmid-az135,4,elmid-radnear-az090,79,5,ellow-radnear-az225 + ellow-radmid-az045 + ellow-radfar-az315 + elmid-radnear-az090 + elhigh-radmid-az135,0.6099665849979742,0.6782949448922344,0.06832835989426023,4
overall,all,perimeter_unique_az_best_overlap,8,75,4,ellow-radnear-az225 + ellow-radmid-az045 + elmid-radnear-az090 + elhigh-radmid-az135,8,elhigh-radfar-az000,203,5,ellow-radnear-az225 + ellow-radmid-az045 + elmid-radnear-az090 + elhigh-radmid-az135 + elhigh-radfar-az000,0.6229201682897086,0.7295396349481704,0.10661946665846178,1
overall,all,perimeter_unique_az_best_overlap,8,75,4,ellow-radnear-az225 + ellow-radmid-az045 + elmid-radnear-az090 + elhigh-radmid-az135,6,elhigh-radnear-az270,107,5,ellow-radnear-az225 + ellow-radmid-az045 + elmid-radnear-az090 + elhigh-radnear-az270 + elhigh-radmid-az135,0.6229201682897086,0.7232875094483591,0.10036734115865042,2
overall,all,perimeter_unique_az_best_overlap,8,75,4,ellow-radnear-az225 + ellow-radmid-az045 + elmid-radnear-az090 + elhigh-radmid-az135,5,elmid-radfar-az180,91,5,ellow-radnear-az225 + ellow-radmid-az045 + elmid-radnear-az090 + elmid-radfar-az180 + elhigh-radmid-az135,0.6229201682897086,0.7214427592486657,0.0985225909589571,3
overall,all,perimeter_unique_az_best_overlap,8,75,4,ellow-radnear-az225 + ellow-radmid-az045 + elmid-radnear-az090 + elhigh-radmid-az135,3,ellow-radfar-az315,79,5,ellow-radnear-az225 + ellow-radmid-az045 + ellow-radfar-az315 + elmid-radnear-az090 + elhigh-radmid-az135,0.6229201682897086,0.6782949448922344,0.055374776602525766,4
overall,all,perimeter_unique_az_best_overlap,8,77,4,ellow-radnear-az225 + ellow-radfar-az315 + elmid-radnear-az090 + elhigh-radmid-az135,8,elhigh-radfar-az000,205,5,ellow-radnear-az225 + ellow-radfar-az315 + elmid-radnear-az090 + elhigh-radmid-az135 + elhigh-radfar-az000,0.5848319102660101,0.7051731411569101,0.12034123089089999,1
overall,all,perimeter_unique_az_best_overlap,8,77,4,ellow-radnear-az225 + ellow-radfar-az315 + elmid-radnear-az090 + elhigh-radmid-az135,5,elmid-radfar-az180,93,5,ellow-radnear-az225 + ellow-radfar-az315 + elmid-radnear-az090 + elmid-radfar-az180 + elhigh-radmid-az135,0.5848319102660101,0.6849094730712697,0.10007756280525959,2
overall,all,perimeter_unique_az_best_overlap,8,77,4,ellow-radnear-az225 + ellow-radfar-az315 + elmid-radnear-az090 + elhigh-radmid-az135,6,elhigh-radnear-az270,109,5,ellow-radnear-az225 + ellow-radfar-az315 + elmid-radnear-az090 + elhigh-radnear-az270 + elhigh-radmid-az135,0.5848319102660101,0.6833282035916697,0.09849629332565957,3
overall,all,perimeter_unique_az_best_overlap,8,77,4,ellow-radnear-az225 + ellow-radfar-az315 + elmid-radnear-az090 + elhigh-radmid-az135,2,ellow-radmid-az045,79,5,ellow-radnear-az225 + ellow-radmid-az045 + ellow-radfar-az315 + elmid-radnear-az090 + elhigh-radmid-az135,0.5848319102660101,0.6782949448922344,0.0934630346262243,4
overall,all,perimeter_unique_az_best_overlap,8,78,4,ellow-radmid-az045 + ellow-radfar-az315 + elmid-radnear-az090 + elhigh-radmid-az135,1,ellow-radnear-az225,79,5,ellow-radnear-az225 + ellow-radmid-az045 + ellow-radfar-az315 + elmid-radnear-az090 + elhigh-radmid-az135,0.5435346812551863,0.6782949448922344,0.13476026363704807,1
overall,all,perimeter_unique_az_best_overlap,8,78,4,ellow-radmid-az045 + ellow-radfar-az315 + elmid-radnear-az090 + elhigh-radmid-az135,6,elhigh-radnear-az270,110,5,ellow-radmid-az045 + ellow-radfar-az315 + elmid-radnear-az090 + elhigh-radnear-az270 + elhigh-radmid-az135,0.5435346812551863,0.663240616007017,0.11970593475183067,2
overall,all,perimeter_unique_az_best_overlap,8,78,4,ellow-radmid-az045 + ellow-radfar-az315 + elmid-radnear-az090 + elhigh-radmid-az135,8,elhigh-radfar-az000,206,5,ellow-radmid-az045 + ellow-radfar-az315 + elmid-radnear-az090 + elhigh-radmid-az135 + elhigh-radfar-az000,0.5435346812551863,0.6630293485633115,0.11949466730812519,3
overall,all,perimeter_unique_az_best_overlap,8,78,4,ellow-radmid-az045 + ellow-radfar-az315 + elmid-radnear-az090 + elhigh-radmid-az135,5,elmid-radfar-az180,94,5,ellow-radmid-az045 + ellow-radfar-az315 + elmid-radnear-az090 + elmid-radfar-az180 + elhigh-radmid-az135,0.5435346812551863,0.6361350457639491,0.09260036450876274,4
overall,all,perimeter_unique_az_best_overlap,8,83,4,ellow-radnear-az225 + ellow-radmid-az045 + elmid-radfar-az180 + elhigh-radmid-az135,8,elhigh-radfar-az000,211,5,ellow-radnear-az225 + ellow-radmid-az045 + elmid-radfar-az180 + elhigh-radmid-az135 + elhigh-radfar-az000,0.635704059140957,0.7378327742319892,0.10212871509103227,1
overall,all,perimeter_unique_az_best_overlap,8,83,4,ellow-radnear-az225 + ellow-radmid-az045 + elmid-radfar-az180 + elhigh-radmid-az135,4,elmid-radnear-az090,91,5,ellow-radnear-az225 + ellow-radmid-az045 + elmid-radnear-az090 + elmid-radfar-az180 + elhigh-radmid-az135,0.635704059140957,0.7214427592486657,0.08573870010770879,2
overall,all,perimeter_unique_az_best_overlap,8,83,4,ellow-radnear-az225 + ellow-radmid-az045 + elmid-radfar-az180 + elhigh-radmid-az135,6,elhigh-radnear-az270,115,5,ellow-radnear-az225 + ellow-radmid-az045 + elmid-radfar-az180 + elhigh-radnear-az270 + elhigh-radmid-az135,0.635704059140957,0.7186576462552982,0.0829535871143412,3
overall,all,perimeter_unique_az_best_overlap,8,83,4,ellow-radnear-az225 + ellow-radmid-az045 + elmid-radfar-az180 + elhigh-radmid-az135,3,ellow-radfar-az315,87,5,ellow-radnear-az225 + ellow-radmid-az045 + ellow-radfar-az315 + elmid-radfar-az180 + elhigh-radmid-az135,0.635704059140957,0.6962995611238869,0.060595501982929956,4
overall,all,perimeter_unique_az_best_overlap,8,85,4,ellow-radnear-az225 + ellow-radfar-az315 + elmid-radfar-az180 + elhigh-radmid-az135,8,elhigh-radfar-az000,213,5,ellow-radnear-az225 + ellow-radfar-az315 + elmid-radfar-az180 + elhigh-radmid-az135 + elhigh-radfar-az000,0.5870529924232846,0.7133440456068814,0.1262910531835968,1
overall,all,perimeter_unique_az_best_overlap,8,85,4,ellow-radnear-az225 + ellow-radfar-az315 + elmid-radfar-az180 + elhigh-radmid-az135,2,ellow-radmid-az045,87,5,ellow-radnear-az225 + ellow-radmid-az045 + ellow-radfar-az315 + elmid-radfar-az180 + elhigh-radmid-az135,0.5870529924232846,0.6962995611238869,0.10924656870060234,2
overall,all,perimeter_unique_az_best_overlap,8,85,4,ellow-radnear-az225 + ellow-radfar-az315 + elmid-radfar-az180 + elhigh-radmid-az135,4,elmid-radnear-az090,93,5,ellow-radnear-az225 + ellow-radfar-az315 + elmid-radnear-az090 + elmid-radfar-az180 + elhigh-radmid-az135,0.5870529924232846,0.6849094730712697,0.09785648064798513,3
overall,all,perimeter_unique_az_best_overlap,8,85,4,ellow-radnear-az225 + ellow-radfar-az315 + elmid-radfar-az180 + elhigh-radmid-az135,6,elhigh-radnear-az270,117,5,ellow-radnear-az225 + ellow-radfar-az315 + elmid-radfar-az180 + elhigh-radnear-az270 + elhigh-radmid-az135,0.5870529924232846,0.6675725955093471,0.08051960308606254,4
overall,all,perimeter_unique_az_best_overlap,8,86,4,ellow-radmid-az045 + ellow-radfar-az315 + elmid-radfar-az180 + elhigh-radmid-az135,1,ellow-radnear-az225,87,5,ellow-radnear-az225 + ellow-radmid-az045 + ellow-radfar-az315 + elmid-radfar-az180 + elhigh-radmid-az135,0.5470927917166971,0.6962995611238869,0.1492067694071898,1
overall,all,perimeter_unique_az_best_overlap,8,86,4,ellow-radmid-az045 + ellow-radfar-az315 + elmid-radfar-az180 + elhigh-radmid-az135,8,elhigh-radfar-az000,214,5,ellow-radmid-az045 + ellow-radfar-az315 + elmid-radfar-az180 + elhigh-radmid-az135 + elhigh-radfar-az000,0.5470927917166971,0.668121280967055,0.12102848925035792,2
overall,all,perimeter_unique_az_best_overlap,8,86,4,ellow-radmid-az045 + ellow-radfar-az315 + elmid-radfar-az180 + elhigh-radmid-az135,6,elhigh-radnear-az270,118,5,ellow-radmid-az045 + ellow-radfar-az315 + elmid-radfar-az180 + elhigh-radnear-az270 + elhigh-radmid-az135,0.5470927917166971,0.6424557557856744,0.09536296406897726,3
overall,all,perimeter_unique_az_best_overlap,8,86,4,ellow-radmid-az045 + ellow-radfar-az315 + elmid-radfar-az180 + elhigh-radmid-az135,4,elmid-radnear-az090,94,5,ellow-radmid-az045 + ellow-radfar-az315 + elmid-radnear-az090 + elmid-radfar-az180 + elhigh-radmid-az135,0.5470927917166971,0.6361350457639491,0.08904225404725197,4
overall,all,perimeter_unique_az_best_overlap,8,89,4,ellow-radnear-az225 + elmid-radnear-az090 + elmid-radfar-az180 + elhigh-radmid-az135,8,elhigh-radfar-az000,217,5,ellow-radnear-az225 + elmid-radnear-az090 + elmid-radfar-az180 + elhigh-radmid-az135 + elhigh-radfar-az000,0.6039379766194041,0.7239441090357154,0.1200061324163113,1
overall,all,perimeter_unique_az_best_overlap,8,89,4,ellow-radnear-az225 + elmid-radnear-az090 + elmid-radfar-az180 + elhigh-radmid-az135,2,ellow-radmid-az045,91,5,ellow-radnear-az225 + ellow-radmid-az045 + elmid-radnear-az090 + elmid-radfar-az180 + elhigh-radmid-az135,0.6039379766194041,0.7214427592486657,0.11750478262926167,2
overall,all,perimeter_unique_az_best_overlap,8,89,4,ellow-radnear-az225 + elmid-radnear-az090 + elmid-radfar-az180 + elhigh-radmid-az135,6,elhigh-radnear-az270,121,5,ellow-radnear-az225 + elmid-radnear-az090 + elmid-radfar-az180 + elhigh-radnear-az270 + elhigh-radmid-az135,0.6039379766194041,0.6909247920581977,0.08698681543879361,3
overall,all,perimeter_unique_az_best_overlap,8,89,4,ellow-radnear-az225 + elmid-radnear-az090 + elmid-radfar-az180 + elhigh-radmid-az135,3,ellow-radfar-az315,93,5,ellow-radnear-az225 + ellow-radfar-az315 + elmid-radnear-az090 + elmid-radfar-az180 + elhigh-radmid-az135,0.6039379766194041,0.6849094730712697,0.08097149645186563,4
overall,all,perimeter_unique_az_best_overlap,8,90,4,ellow-radmid-az045 + elmid-radnear-az090 + elmid-radfar-az180 + elhigh-radmid-az135,1,ellow-radnear-az225,91,5,ellow-radnear-az225 + ellow-radmid-az045 + elmid-radnear-az090 + elmid-radfar-az180 + elhigh-radmid-az135,0.5875868871030947,0.7214427592486657,0.13385587214557104,1
overall,all,perimeter_unique_az_best_overlap,8,90,4,ellow-radmid-az045 + elmid-radnear-az090 + elmid-radfar-az180 + elhigh-radmid-az135,8,elhigh-radfar-az000,218,5,ellow-radmid-az045 + elmid-radnear-az090 + elmid-radfar-az180 + elhigh-radmid-az135 + elhigh-radfar-az000,0.5875868871030947,0.7010842110106925,0.11349732390759781,2
overall,all,perimeter_unique_az_best_overlap,8,90,4,ellow-radmid-az045 + elmid-radnear-az090 + elmid-radfar-az180 + elhigh-radmid-az135,6,elhigh-radnear-az270,122,5,ellow-radmid-az045 + elmid-radnear-az090 + elmid-radfar-az180 + elhigh-radnear-az270 + elhigh-radmid-az135,0.5875868871030947,0.6894170621901013,0.10183017508700665,3
overall,all,perimeter_unique_az_best_overlap,8,90,4,ellow-radmid-az045 + elmid-radnear-az090 + elmid-radfar-az180 + elhigh-radmid-az135,3,ellow-radfar-az315,94,5,ellow-radmid-az045 + ellow-radfar-az315 + elmid-radnear-az090 + elmid-radfar-az180 + elhigh-radmid-az135,0.5875868871030947,0.6361350457639491,0.04854815866085438,4
overall,all,perimeter_unique_az_best_overlap,8,92,4,ellow-radfar-az315 + elmid-radnear-az090 + elmid-radfar-az180 + elhigh-radmid-az135,1,ellow-radnear-az225,93,5,ellow-radnear-az225 + ellow-radfar-az315 + elmid-radnear-az090 + elmid-radfar-az180 + elhigh-radmid-az135,0.5373753196001041,0.6849094730712697,0.1475341534711656,1
overall,all,perimeter_unique_az_best_overlap,8,92,4,ellow-radfar-az315 + elmid-radnear-az090 + elmid-radfar-az180 + elhigh-radmid-az135,8,elhigh-radfar-az000,220,5,ellow-radfar-az315 + elmid-radnear-az090 + elmid-radfar-az180 + elhigh-radmid-az135 + elhigh-radfar-az000,0.5373753196001041,0.6706487887161603,0.1332734691160562,2
overall,all,perimeter_unique_az_best_overlap,8,92,4,ellow-radfar-az315 + elmid-radnear-az090 + elmid-radfar-az180 + elhigh-radmid-az135,6,elhigh-radnear-az270,124,5,ellow-radfar-az315 + elmid-radnear-az090 + elmid-radfar-az180 + elhigh-radnear-az270 + elhigh-radmid-az135,0.5373753196001041,0.6494734202056578,0.1120981006055537,3
overall,all,perimeter_unique_az_best_overlap,8,92,4,ellow-radfar-az315 + elmid-radnear-az090 + elmid-radfar-az180 + elhigh-radmid-az135,2,ellow-radmid-az045,94,5,ellow-radmid-az045 + ellow-radfar-az315 + elmid-radnear-az090 + elmid-radfar-az180 + elhigh-radmid-az135,0.5373753196001041,0.6361350457639491,0.09875972616384499,4
overall,all,perimeter_unique_az_best_overlap,8,99,4,ellow-radnear-az225 + ellow-radmid-az045 + elhigh-radnear-az270 + elhigh-radmid-az135,4,elmid-radnear-az090,107,5,ellow-radnear-az225 + ellow-radmid-az045 + elmid-radnear-az090 + elhigh-radnear-az270 + elhigh-radmid-az135,0.631678554055161,0.7232875094483591,0.09160895539319802,1
overall,all,perimeter_unique_az_best_overlap,8,99,4,ellow-radnear-az225 + ellow-radmid-az045 + elhigh-radnear-az270 + elhigh-radmid-az135,5,elmid-radfar-az180,115,5,ellow-radnear-az225 + ellow-radmid-az045 + elmid-radfar-az180 + elhigh-radnear-az270 + elhigh-radmid-az135,0.631678554055161,0.7186576462552982,0.08697909220013711,2
overall,all,perimeter_unique_az_best_overlap,8,99,4,ellow-radnear-az225 + ellow-radmid-az045 + elhigh-radnear-az270 + elhigh-radmid-az135,8,elhigh-radfar-az000,227,5,ellow-radnear-az225 + ellow-radmid-az045 + elhigh-radnear-az270 + elhigh-radmid-az135 + elhigh-radfar-az000,0.631678554055161,0.7139903812867184,0.08231182723155739,3
overall,all,perimeter_unique_az_best_overlap,8,99,4,ellow-radnear-az225 + ellow-radmid-az045 + elhigh-radnear-az270 + elhigh-radmid-az135,3,ellow-radfar-az315,103,5,ellow-radnear-az225 + ellow-radmid-az045 + ellow-radfar-az315 + elhigh-radnear-az270 + elhigh-radmid-az135,0.631678554055161,0.7038667134987018,0.07218815944354073,4
overall,all,perimeter_unique_az_best_overlap,8,101,4,ellow-radnear-az225 + ellow-radfar-az315 + elhigh-radnear-az270 + elhigh-radmid-az135,2,ellow-radmid-az045,103,5,ellow-radnear-az225 + ellow-radmid-az045 + ellow-radfar-az315 + elhigh-radnear-az270 + elhigh-radmid-az135,0.5851472164066832,0.7038667134987018,0.11871949709201857,1
overall,all,perimeter_unique_az_best_overlap,8,101,4,ellow-radnear-az225 + ellow-radfar-az315 + elhigh-radnear-az270 + elhigh-radmid-az135,8,elhigh-radfar-az000,229,5,ellow-radnear-az225 + ellow-radfar-az315 + elhigh-radnear-az270 + elhigh-radmid-az135 + elhigh-radfar-az000,0.5851472164066832,0.6916213816499303,0.10647416524324704,2
overall,all,perimeter_unique_az_best_overlap,8,101,4,ellow-radnear-az225 + ellow-radfar-az315 + elhigh-radnear-az270 + elhigh-radmid-az135,4,elmid-radnear-az090,109,5,ellow-radnear-az225 + ellow-radfar-az315 + elmid-radnear-az090 + elhigh-radnear-az270 + elhigh-radmid-az135,0.5851472164066832,0.6833282035916697,0.09818098718498647,3
overall,all,perimeter_unique_az_best_overlap,8,101,4,ellow-radnear-az225 + ellow-radfar-az315 + elhigh-radnear-az270 + elhigh-radmid-az135,5,elmid-radfar-az180,117,5,ellow-radnear-az225 + ellow-radfar-az315 + elmid-radfar-az180 + elhigh-radnear-az270 + elhigh-radmid-az135,0.5851472164066832,0.6675725955093471,0.0824253791026639,4
overall,all,perimeter_unique_az_best_overlap,8,102,4,ellow-radmid-az045 + ellow-radfar-az315 + elhigh-radnear-az270 + elhigh-radmid-az135,1,ellow-radnear-az225,103,5,ellow-radnear-az225 + ellow-radmid-az045 + ellow-radfar-az315 + elhigh-radnear-az270 + elhigh-radmid-az135,0.5740751671786186,0.7038667134987018,0.12979154632008316,1
overall,all,perimeter_unique_az_best_overlap,8,102,4,ellow-radmid-az045 + ellow-radfar-az315 + elhigh-radnear-az270 + elhigh-radmid-az135,8,elhigh-radfar-az000,230,5,ellow-radmid-az045 + ellow-radfar-az315 + elhigh-radnear-az270 + elhigh-radmid-az135 + elhigh-radfar-az000,0.5740751671786186,0.6752867680657421,0.10121160088712344,2
overall,all,perimeter_unique_az_best_overlap,8,102,4,ellow-radmid-az045 + ellow-radfar-az315 + elhigh-radnear-az270 + elhigh-radmid-az135,4,elmid-radnear-az090,110,5,ellow-radmid-az045 + ellow-radfar-az315 + elmid-radnear-az090 + elhigh-radnear-az270 + elhigh-radmid-az135,0.5740751671786186,0.663240616007017,0.08916544882839839,3
overall,all,perimeter_unique_az_best_overlap,8,102,4,ellow-radmid-az045 + ellow-radfar-az315 + elhigh-radnear-az270 + elhigh-radmid-az135,5,elmid-radfar-az180,118,5,ellow-radmid-az045 + ellow-radfar-az315 + elmid-radfar-az180 + elhigh-radnear-az270 + elhigh-radmid-az135,0.5740751671786186,0.6424557557856744,0.06838058860705576,4
overall,all,perimeter_unique_az_best_overlap,8,105,4,ellow-radnear-az225 + elmid-radnear-az090 + elhigh-radnear-az270 + elhigh-radmid-az135,2,ellow-radmid-az045,107,5,ellow-radnear-az225 + ellow-radmid-az045 + elmid-radnear-az090 + elhigh-radnear-az270 + elhigh-radmid-az135,0.5963674402904592,0.7232875094483591,0.12692006915789988,1
overall,all,perimeter_unique_az_best_overlap,8,105,4,ellow-radnear-az225 + elmid-radnear-az090 + elhigh-radnear-az270 + elhigh-radmid-az135,8,elhigh-radfar-az000,233,5,ellow-radnear-az225 + elmid-radnear-az090 + elhigh-radnear-az270 + elhigh-radmid-az135 + elhigh-radfar-az000,0.5963674402904592,0.6965566848716646,0.10018924458120537,2
overall,all,perimeter_unique_az_best_overlap,8,105,4,ellow-radnear-az225 + elmid-radnear-az090 + elhigh-radnear-az270 + elhigh-radmid-az135,5,elmid-radfar-az180,121,5,ellow-radnear-az225 + elmid-radnear-az090 + elmid-radfar-az180 + elhigh-radnear-az270 + elhigh-radmid-az135,0.5963674402904592,0.6909247920581977,0.0945573517677385,3
overall,all,perimeter_unique_az_best_overlap,8,105,4,ellow-radnear-az225 + elmid-radnear-az090 + elhigh-radnear-az270 + elhigh-radmid-az135,3,ellow-radfar-az315,109,5,ellow-radnear-az225 + ellow-radfar-az315 + elmid-radnear-az090 + elhigh-radnear-az270 + elhigh-radmid-az135,0.5963674402904592,0.6833282035916697,0.0869607633012105,4
overall,all,perimeter_unique_az_best_overlap,8,106,4,ellow-radmid-az045 + elmid-radnear-az090 + elhigh-radnear-az270 + elhigh-radmid-az135,1,ellow-radnear-az225,107,5,ellow-radnear-az225 + ellow-radmid-az045 + elmid-radnear-az090 + elhigh-radnear-az270 + elhigh-radmid-az135,0.6088468601452829,0.7232875094483591,0.11444064930307618,1
overall,all,perimeter_unique_az_best_overlap,8,106,4,ellow-radmid-az045 + elmid-radnear-az090 + elhigh-radnear-az270 + elhigh-radmid-az135,8,elhigh-radfar-az000,234,5,ellow-radmid-az045 + elmid-radnear-az090 + elhigh-radnear-az270 + elhigh-radmid-az135 + elhigh-radfar-az000,0.6088468601452829,0.702527295925553,0.09368043578027008,2
overall,all,perimeter_unique_az_best_overlap,8,106,4,ellow-radmid-az045 + elmid-radnear-az090 + elhigh-radnear-az270 + elhigh-radmid-az135,5,elmid-radfar-az180,122,5,ellow-radmid-az045 + elmid-radnear-az090 + elmid-radfar-az180 + elhigh-radnear-az270 + elhigh-radmid-az135,0.6088468601452829,0.6894170621901013,0.08057020204481846,3
overall,all,perimeter_unique_az_best_overlap,8,106,4,ellow-radmid-az045 + elmid-radnear-az090 + elhigh-radnear-az270 + elhigh-radmid-az135,3,ellow-radfar-az315,110,5,ellow-radmid-az045 + ellow-radfar-az315 + elmid-radnear-az090 + elhigh-radnear-az270 + elhigh-radmid-az135,0.6088468601452829,0.663240616007017,0.05439375586173412,4
overall,all,perimeter_unique_az_best_overlap,8,108,4,ellow-radfar-az315 + elmid-radnear-az090 + elhigh-radnear-az270 + elhigh-radmid-az135,1,ellow-radnear-az225,109,5,ellow-radnear-az225 + ellow-radfar-az315 + elmid-radnear-az090 + elhigh-radnear-az270 + elhigh-radmid-az135,0.5673482453848001,0.6833282035916697,0.11597995820686957,1
overall,all,perimeter_unique_az_best_overlap,8,108,4,ellow-radfar-az315 + elmid-radnear-az090 + elhigh-radnear-az270 + elhigh-radmid-az135,8,elhigh-radfar-az000,236,5,ellow-radfar-az315 + elmid-radnear-az090 + elhigh-radnear-az270 + elhigh-radmid-az135 + elhigh-radfar-az000,0.5673482453848001,0.6808048262614914,0.1134565808766913,2
overall,all,perimeter_unique_az_best_overlap,8,108,4,ellow-radfar-az315 + elmid-radnear-az090 + elhigh-radnear-az270 + elhigh-radmid-az135,2,ellow-radmid-az045,110,5,ellow-radmid-az045 + ellow-radfar-az315 + elmid-radnear-az090 + elhigh-radnear-az270 + elhigh-radmid-az135,0.5673482453848001,0.663240616007017,0.0958923706222169,3
overall,all,perimeter_unique_az_best_overlap,8,108,4,ellow-radfar-az315 + elmid-radnear-az090 + elhigh-radnear-az270 + elhigh-radmid-az135,5,elmid-radfar-az180,124,5,ellow-radfar-az315 + elmid-radnear-az090 + elmid-radfar-az180 + elhigh-radnear-az270 + elhigh-radmid-az135,0.5673482453848001,0.6494734202056578,0.08212517482085768,4
overall,all,perimeter_unique_az_best_overlap,8,113,4,ellow-radnear-az225 + elmid-radfar-az180 + elhigh-radnear-az270 + elhigh-radmid-az135,2,ellow-radmid-az045,115,5,ellow-radnear-az225 + ellow-radmid-az045 + elmid-radfar-az180 + elhigh-radnear-az270 + elhigh-radmid-az135,0.5758767909255117,0.7186576462552982,0.14278085532978646,1
overall,all,perimeter_unique_az_best_overlap,8,113,4,ellow-radnear-az225 + elmid-radfar-az180 + elhigh-radnear-az270 + elhigh-radmid-az135,4,elmid-radnear-az090,121,5,ellow-radnear-az225 + elmid-radnear-az090 + elmid-radfar-az180 + elhigh-radnear-az270 + elhigh-radmid-az135,0.5758767909255117,0.6909247920581977,0.11504800113268598,2
overall,all,perimeter_unique_az_best_overlap,8,113,4,ellow-radnear-az225 + elmid-radfar-az180 + elhigh-radnear-az270 + elhigh-radmid-az135,8,elhigh-radfar-az000,241,5,ellow-radnear-az225 + elmid-radfar-az180 + elhigh-radnear-az270 + elhigh-radmid-az135 + elhigh-radfar-az000,0.5758767909255117,0.6820158577501793,0.10613906682466756,3
overall,all,perimeter_unique_az_best_overlap,8,113,4,ellow-radnear-az225 + elmid-radfar-az180 + elhigh-radnear-az270 + elhigh-radmid-az135,3,ellow-radfar-az315,117,5,ellow-radnear-az225 + ellow-radfar-az315 + elmid-radfar-az180 + elhigh-radnear-az270 + elhigh-radmid-az135,0.5758767909255117,0.6675725955093471,0.09169580458383542,4
overall,all,perimeter_unique_az_best_overlap,8,114,4,ellow-radmid-az045 + elmid-radfar-az180 + elhigh-radnear-az270 + elhigh-radmid-az135,1,ellow-radnear-az225,115,5,ellow-radnear-az225 + ellow-radmid-az045 + elmid-radfar-az180 + elhigh-radnear-az270 + elhigh-radmid-az135,0.5834042093367275,0.7186576462552982,0.1352534369185706,1
overall,all,perimeter_unique_az_best_overlap,8,114,4,ellow-radmid-az045 + elmid-radfar-az180 + elhigh-radnear-az270 + elhigh-radmid-az135,4,elmid-radnear-az090,122,5,ellow-radmid-az045 + elmid-radnear-az090 + elmid-radfar-az180 + elhigh-radnear-az270 + elhigh-radmid-az135,0.5834042093367275,0.6894170621901013,0.1060128528533738,2
overall,all,perimeter_unique_az_best_overlap,8,114,4,ellow-radmid-az045 + elmid-radfar-az180 + elhigh-radnear-az270 + elhigh-radmid-az135,8,elhigh-radfar-az000,242,5,ellow-radmid-az045 + elmid-radfar-az180 + elhigh-radnear-az270 + elhigh-radmid-az135 + elhigh-radfar-az000,0.5834042093367275,0.6786184669488702,0.09521425761214264,3
overall,all,perimeter_unique_az_best_overlap,8,114,4,ellow-radmid-az045 + elmid-radfar-az180 + elhigh-radnear-az270 + elhigh-radmid-az135,3,ellow-radfar-az315,118,5,ellow-radmid-az045 + ellow-radfar-az315 + elmid-radfar-az180 + elhigh-radnear-az270 + elhigh-radmid-az135,0.5834042093367275,0.6424557557856744,0.059051546448946834,4
overall,all,perimeter_unique_az_best_overlap,8,116,4,ellow-radfar-az315 + elmid-radfar-az180 + elhigh-radnear-az270 + elhigh-radmid-az135,1,ellow-radnear-az225,117,5,ellow-radnear-az225 + ellow-radfar-az315 + elmid-radfar-az180 + elhigh-radnear-az270 + elhigh-radmid-az135,0.5292419279725364,0.6675725955093471,0.13833066753681067,1
overall,all,perimeter_unique_az_best_overlap,8,116,4,ellow-radfar-az315 + elmid-radfar-az180 + elhigh-radnear-az270 + elhigh-radmid-az135,8,elhigh-radfar-az000,244,5,ellow-radfar-az315 + elmid-radfar-az180 + elhigh-radnear-az270 + elhigh-radmid-az135 + elhigh-radfar-az000,0.5292419279725364,0.6546729050389309,0.1254309770663945,2
overall,all,perimeter_unique_az_best_overlap,8,116,4,ellow-radfar-az315 + elmid-radfar-az180 + elhigh-radnear-az270 + elhigh-radmid-az135,4,elmid-radnear-az090,124,5,ellow-radfar-az315 + elmid-radnear-az090 + elmid-radfar-az180 + elhigh-radnear-az270 + elhigh-radmid-az135,0.5292419279725364,0.6494734202056578,0.12023149223312135,3
overall,all,perimeter_unique_az_best_overlap,8,116,4,ellow-radfar-az315 + elmid-radfar-az180 + elhigh-radnear-az270 + elhigh-radmid-az135,2,ellow-radmid-az045,118,5,ellow-radmid-az045 + ellow-radfar-az315 + elmid-radfar-az180 + elhigh-radnear-az270 + elhigh-radmid-az135,0.5292419279725364,0.6424557557856744,0.11321382781313793,4
overall,all,perimeter_unique_az_best_overlap,8,120,4,elmid-radnear-az090 + elmid-radfar-az180 + elhigh-radnear-az270 + elhigh-radmid-az135,1,ellow-radnear-az225,121,5,ellow-radnear-az225 + elmid-radnear-az090 + elmid-radfar-az180 + elhigh-radnear-az270 + elhigh-radmid-az135,0.5694829432993551,0.6909247920581977,0.12144184875884256,1
overall,all,perimeter_unique_az_best_overlap,8,120,4,elmid-radnear-az090 + elmid-radfar-az180 + elhigh-radnear-az270 + elhigh-radmid-az135,2,ellow-radmid-az045,122,5,ellow-radmid-az045 + elmid-radnear-az090 + elmid-radfar-az180 + elhigh-radnear-az270 + elhigh-radmid-az135,0.5694829432993551,0.6894170621901013,0.11993411889074623,2
overall,all,perimeter_unique_az_best_overlap,8,120,4,elmid-radnear-az090 + elmid-radfar-az180 + elhigh-radnear-az270 + elhigh-radmid-az135,8,elhigh-radfar-az000,248,5,elmid-radnear-az090 + elmid-radfar-az180 + elhigh-radnear-az270 + elhigh-radmid-az135 + elhigh-radfar-az000,0.5694829432993551,0.682604425961413,0.1131214826620579,3
overall,all,perimeter_unique_az_best_overlap,8,120,4,elmid-radnear-az090 + elmid-radfar-az180 + elhigh-radnear-az270 + elhigh-radmid-az135,3,ellow-radfar-az315,124,5,ellow-radfar-az315 + elmid-radnear-az090 + elmid-radfar-az180 + elhigh-radnear-az270 + elhigh-radmid-az135,0.5694829432993551,0.6494734202056578,0.07999047690630268,4
overall,all,perimeter_unique_az_best_overlap,8,135,4,ellow-radnear-az225 + ellow-radmid-az045 + ellow-radfar-az315 + elhigh-radfar-az000,7,elhigh-radmid-az135,199,5,ellow-radnear-az225 + ellow-radmid-az045 + ellow-radfar-az315 + elhigh-radmid-az135 + elhigh-radfar-az000,0.6213910944871865,0.718092643653823,0.09670154916663642,1
overall,all,perimeter_unique_az_best_overlap,8,135,4,ellow-radnear-az225 + ellow-radmid-az045 + ellow-radfar-az315 + elhigh-radfar-az000,5,elmid-radfar-az180,151,5,ellow-radnear-az225 + ellow-radmid-az045 + ellow-radfar-az315 + elmid-radfar-az180 + elhigh-radfar-az000,0.6213910944871865,0.7165422222684736,0.09515112778128709,2
overall,all,perimeter_unique_az_best_overlap,8,135,4,ellow-radnear-az225 + ellow-radmid-az045 + ellow-radfar-az315 + elhigh-radfar-az000,6,elhigh-radnear-az270,167,5,ellow-radnear-az225 + ellow-radmid-az045 + ellow-radfar-az315 + elhigh-radnear-az270 + elhigh-radfar-az000,0.6213910944871865,0.7082395168906124,0.08684842240342583,3
overall,all,perimeter_unique_az_best_overlap,8,135,4,ellow-radnear-az225 + ellow-radmid-az045 + ellow-radfar-az315 + elhigh-radfar-az000,4,elmid-radnear-az090,143,5,ellow-radnear-az225 + ellow-radmid-az045 + ellow-radfar-az315 + elmid-radnear-az090 + elhigh-radfar-az000,0.6213910944871865,0.699919096080308,0.07852800159312145,4
overall,all,perimeter_unique_az_best_overlap,8,139,4,ellow-radnear-az225 + ellow-radmid-az045 + elmid-radnear-az090 + elhigh-radfar-az000,5,elmid-radfar-az180,155,5,ellow-radnear-az225 + ellow-radmid-az045 + elmid-radnear-az090 + elmid-radfar-az180 + elhigh-radfar-az000,0.6434806787169833,0.750821421063282,0.10734074234629865,1
overall,all,perimeter_unique_az_best_overlap,8,139,4,ellow-radnear-az225 + ellow-radmid-az045 + elmid-radnear-az090 + elhigh-radfar-az000,6,elhigh-radnear-az270,171,5,ellow-radnear-az225 + ellow-radmid-az045 + elmid-radnear-az090 + elhigh-radnear-az270 + elhigh-radfar-az000,0.6434806787169833,0.7367248919827964,0.09324421326581311,2
overall,all,perimeter_unique_az_best_overlap,8,139,4,ellow-radnear-az225 + ellow-radmid-az045 + elmid-radnear-az090 + elhigh-radfar-az000,7,elhigh-radmid-az135,203,5,ellow-radnear-az225 + ellow-radmid-az045 + elmid-radnear-az090 + elhigh-radmid-az135 + elhigh-radfar-az000,0.6434806787169833,0.7295396349481704,0.08605895623118709,3
overall,all,perimeter_unique_az_best_overlap,8,139,4,ellow-radnear-az225 + ellow-radmid-az045 + elmid-radnear-az090 + elhigh-radfar-az000,3,ellow-radfar-az315,143,5,ellow-radnear-az225 + ellow-radmid-az045 + ellow-radfar-az315 + elmid-radnear-az090 + elhigh-radfar-az000,0.6434806787169833,0.699919096080308,0.05643841736332467,4
overall,all,perimeter_unique_az_best_overlap,8,141,4,ellow-radnear-az225 + ellow-radfar-az315 + elmid-radnear-az090 + elhigh-radfar-az000,5,elmid-radfar-az180,157,5,ellow-radnear-az225 + ellow-radfar-az315 + elmid-radnear-az090 + elmid-radfar-az180 + elhigh-radfar-az000,0.6092434992374208,0.718139213616668,0.10889571437924717,1
overall,all,perimeter_unique_az_best_overlap,8,141,4,ellow-radnear-az225 + ellow-radfar-az315 + elmid-radnear-az090 + elhigh-radfar-az000,7,elhigh-radmid-az135,205,5,ellow-radnear-az225 + ellow-radfar-az315 + elmid-radnear-az090 + elhigh-radmid-az135 + elhigh-radfar-az000,0.6092434992374208,0.7051731411569101,0.09592964191948927,2
overall,all,perimeter_unique_az_best_overlap,8,141,4,ellow-radnear-az225 + ellow-radfar-az315 + elmid-radnear-az090 + elhigh-radfar-az000,6,elhigh-radnear-az270,173,5,ellow-radnear-az225 + ellow-radfar-az315 + elmid-radnear-az090 + elhigh-radnear-az270 + elhigh-radfar-az000,0.6092434992374208,0.7001001554219557,0.09085665618453487,3
overall,all,perimeter_unique_az_best_overlap,8,141,4,ellow-radnear-az225 + ellow-radfar-az315 + elmid-radnear-az090 + elhigh-radfar-az000,2,ellow-radmid-az045,143,5,ellow-radnear-az225 + ellow-radmid-az045 + ellow-radfar-az315 + elmid-radnear-az090 + elhigh-radfar-az000,0.6092434992374208,0.699919096080308,0.09067559684288717,4
overall,all,perimeter_unique_az_best_overlap,8,142,4,ellow-radmid-az045 + ellow-radfar-az315 + elmid-radnear-az090 + elhigh-radfar-az000,1,ellow-radnear-az225,143,5,ellow-radnear-az225 + ellow-radmid-az045 + ellow-radfar-az315 + elmid-radnear-az090 + elhigh-radfar-az000,0.5486031397487598,0.699919096080308,0.15131595633154815,1
overall,all,perimeter_unique_az_best_overlap,8,142,4,ellow-radmid-az045 + ellow-radfar-az315 + elmid-radnear-az090 + elhigh-radfar-az000,6,elhigh-radnear-az270,174,5,ellow-radmid-az045 + ellow-radfar-az315 + elmid-radnear-az090 + elhigh-radnear-az270 + elhigh-radfar-az000,0.5486031397487598,0.6667880010884172,0.11818486133965733,2
overall,all,perimeter_unique_az_best_overlap,8,142,4,ellow-radmid-az045 + ellow-radfar-az315 + elmid-radnear-az090 + elhigh-radfar-az000,7,elhigh-radmid-az135,206,5,ellow-radmid-az045 + ellow-radfar-az315 + elmid-radnear-az090 + elhigh-radmid-az135 + elhigh-radfar-az000,0.5486031397487598,0.6630293485633115,0.11442620881455168,3
overall,all,perimeter_unique_az_best_overlap,8,142,4,ellow-radmid-az045 + ellow-radfar-az315 + elmid-radnear-az090 + elhigh-radfar-az000,5,elmid-radfar-az180,158,5,ellow-radmid-az045 + ellow-radfar-az315 + elmid-radnear-az090 + elmid-radfar-az180 + elhigh-radfar-az000,0.5486031397487598,0.6500216568074599,0.10141851705870009,4
overall,all,perimeter_unique_az_best_overlap,8,147,4,ellow-radnear-az225 + ellow-radmid-az045 + elmid-radfar-az180 + elhigh-radfar-az000,4,elmid-radnear-az090,155,5,ellow-radnear-az225 + ellow-radmid-az045 + elmid-radnear-az090 + elmid-radfar-az180 + elhigh-radfar-az000,0.6515629444070393,0.750821421063282,0.09925847665624266,1
overall,all,perimeter_unique_az_best_overlap,8,147,4,ellow-radnear-az225 + ellow-radmid-az045 + elmid-radfar-az180 + elhigh-radfar-az000,7,elhigh-radmid-az135,211,5,ellow-radnear-az225 + ellow-radmid-az045 + elmid-radfar-az180 + elhigh-radmid-az135 + elhigh-radfar-az000,0.6515629444070393,0.7378327742319892,0.0862698298249499,2
overall,all,perimeter_unique_az_best_overlap,8,147,4,ellow-radnear-az225 + ellow-radmid-az045 + elmid-radfar-az180 + elhigh-radfar-az000,6,elhigh-radnear-az270,179,5,ellow-radnear-az225 + ellow-radmid-az045 + elmid-radfar-az180 + elhigh-radnear-az270 + elhigh-radfar-az000,0.6515629444070393,0.7299153148429429,0.0783523704359036,3
overall,all,perimeter_unique_az_best_overlap,8,147,4,ellow-radnear-az225 + ellow-radmid-az045 + elmid-radfar-az180 + elhigh-radfar-az000,3,ellow-radfar-az315,151,5,ellow-radnear-az225 + ellow-radmid-az045 + ellow-radfar-az315 + elmid-radfar-az180 + elhigh-radfar-az000,0.6515629444070393,0.7165422222684736,0.06497927786143431,4
overall,all,perimeter_unique_az_best_overlap,8,149,4,ellow-radnear-az225 + ellow-radfar-az315 + elmid-radfar-az180 + elhigh-radfar-az000,4,elmid-radnear-az090,157,5,ellow-radnear-az225 + ellow-radfar-az315 + elmid-radnear-az090 + elmid-radfar-az180 + elhigh-radfar-az000,0.6140808969690384,0.718139213616668,0.10405831664762955,1
overall,all,perimeter_unique_az_best_overlap,8,149,4,ellow-radnear-az225 + ellow-radfar-az315 + elmid-radfar-az180 + elhigh-radfar-az000,2,ellow-radmid-az045,151,5,ellow-radnear-az225 + ellow-radmid-az045 + ellow-radfar-az315 + elmid-radfar-az180 + elhigh-radfar-az000,0.6140808969690384,0.7165422222684736,0.10246132529943519,2
overall,all,perimeter_unique_az_best_overlap,8,149,4,ellow-radnear-az225 + ellow-radfar-az315 + elmid-radfar-az180 + elhigh-radfar-az000,7,elhigh-radmid-az135,213,5,ellow-radnear-az225 + ellow-radfar-az315 + elmid-radfar-az180 + elhigh-radmid-az135 + elhigh-radfar-az000,0.6140808969690384,0.7133440456068814,0.09926314863784291,3
overall,all,perimeter_unique_az_best_overlap,8,149,4,ellow-radnear-az225 + ellow-radfar-az315 + elmid-radfar-az180 + elhigh-radfar-az000,6,elhigh-radnear-az270,181,5,ellow-radnear-az225 + ellow-radfar-az315 + elmid-radfar-az180 + elhigh-radnear-az270 + elhigh-radfar-az000,0.6140808969690384,0.6875487943029948,0.07346789733395631,4
overall,all,perimeter_unique_az_best_overlap,8,150,4,ellow-radmid-az045 + ellow-radfar-az315 + elmid-radfar-az180 + elhigh-radfar-az000,1,ellow-radnear-az225,151,5,ellow-radnear-az225 + ellow-radmid-az045 + ellow-radfar-az315 + elmid-radfar-az180 + elhigh-radfar-az000,0.5474171302029508,0.7165422222684736,0.16912509206552284,1
overall,all,perimeter_unique_az_best_overlap,8,150,4,ellow-radmid-az045 + ellow-radfar-az315 + elmid-radfar-az180 + elhigh-radfar-az000,7,elhigh-radmid-az135,214,5,ellow-radmid-az045 + ellow-radfar-az315 + elmid-radfar-az180 + elhigh-radmid-az135 + elhigh-radfar-az000,0.5474171302029508,0.668121280967055,0.12070415076410423,2
overall,all,perimeter_unique_az_best_overlap,8,150,4,ellow-radmid-az045 + ellow-radfar-az315 + elmid-radfar-az180 + elhigh-radfar-az000,4,elmid-radnear-az090,158,5,ellow-radmid-az045 + ellow-radfar-az315 + elmid-radnear-az090 + elmid-radfar-az180 + elhigh-radfar-az000,0.5474171302029508,0.6500216568074599,0.10260452660450914,3
overall,all,perimeter_unique_az_best_overlap,8,150,4,ellow-radmid-az045 + ellow-radfar-az315 + elmid-radfar-az180 + elhigh-radfar-az000,6,elhigh-radnear-az270,182,5,ellow-radmid-az045 + ellow-radfar-az315 + elmid-radfar-az180 + elhigh-radnear-az270 + elhigh-radfar-az000,0.5474171302029508,0.6418469527787697,0.09442982257581889,4
overall,all,perimeter_unique_az_best_overlap,8,153,4,ellow-radnear-az225 + elmid-radnear-az090 + elmid-radfar-az180 + elhigh-radfar-az000,2,ellow-radmid-az045,155,5,ellow-radnear-az225 + ellow-radmid-az045 + elmid-radnear-az090 + elmid-radfar-az180 + elhigh-radfar-az000,0.6417663212709895,0.750821421063282,0.10905509979229244,1
overall,all,perimeter_unique_az_best_overlap,8,153,4,ellow-radnear-az225 + elmid-radnear-az090 + elmid-radfar-az180 + elhigh-radfar-az000,7,elhigh-radmid-az135,217,5,ellow-radnear-az225 + elmid-radnear-az090 + elmid-radfar-az180 + elhigh-radmid-az135 + elhigh-radfar-az000,0.6417663212709895,0.7239441090357154,0.08217778776472584,2
overall,all,perimeter_unique_az_best_overlap,8,153,4,ellow-radnear-az225 + elmid-radnear-az090 + elmid-radfar-az180 + elhigh-radfar-az000,6,elhigh-radnear-az270,185,5,ellow-radnear-az225 + elmid-radnear-az090 + elmid-radfar-az180 + elhigh-radnear-az270 + elhigh-radfar-az000,0.6417663212709895,0.7216300090554828,0.07986368778449326,3
overall,all,perimeter_unique_az_best_overlap,8,153,4,ellow-radnear-az225 + elmid-radnear-az090 + elmid-radfar-az180 + elhigh-radfar-az000,3,ellow-radfar-az315,157,5,ellow-radnear-az225 + ellow-radfar-az315 + elmid-radnear-az090 + elmid-radfar-az180 + elhigh-radfar-az000,0.6417663212709895,0.718139213616668,0.07637289234567846,4
overall,all,perimeter_unique_az_best_overlap,8,154,4,ellow-radmid-az045 + elmid-radnear-az090 + elmid-radfar-az180 + elhigh-radfar-az000,1,ellow-radnear-az225,155,5,ellow-radnear-az225 + ellow-radmid-az045 + elmid-radnear-az090 + elmid-radfar-az180 + elhigh-radfar-az000,0.5950161829253516,0.750821421063282,0.15580523813793035,1
overall,all,perimeter_unique_az_best_overlap,8,154,4,ellow-radmid-az045 + elmid-radnear-az090 + elmid-radfar-az180 + elhigh-radfar-az000,7,elhigh-radmid-az135,218,5,ellow-radmid-az045 + elmid-radnear-az090 + elmid-radfar-az180 + elhigh-radmid-az135 + elhigh-radfar-az000,0.5950161829253516,0.7010842110106925,0.10606802808534088,2
overall,all,perimeter_unique_az_best_overlap,8,154,4,ellow-radmid-az045 + elmid-radnear-az090 + elmid-radfar-az180 + elhigh-radfar-az000,6,elhigh-radnear-az270,186,5,ellow-radmid-az045 + elmid-radnear-az090 + elmid-radfar-az180 + elhigh-radnear-az270 + elhigh-radfar-az000,0.5950161829253516,0.6958417941505542,0.10082561122520262,3
overall,all,perimeter_unique_az_best_overlap,8,154,4,ellow-radmid-az045 + elmid-radnear-az090 + elmid-radfar-az180 + elhigh-radfar-az000,3,ellow-radfar-az315,158,5,ellow-radmid-az045 + ellow-radfar-az315 + elmid-radnear-az090 + elmid-radfar-az180 + elhigh-radfar-az000,0.5950161829253516,0.6500216568074599,0.0550054738821083,4
overall,all,perimeter_unique_az_best_overlap,8,156,4,ellow-radfar-az315 + elmid-radnear-az090 + elmid-radfar-az180 + elhigh-radfar-az000,1,ellow-radnear-az225,157,5,ellow-radnear-az225 + ellow-radfar-az315 + elmid-radnear-az090 + elmid-radfar-az180 + elhigh-radfar-az000,0.5596058403832405,0.718139213616668,0.15853337323342753,1
overall,all,perimeter_unique_az_best_overlap,8,156,4,ellow-radfar-az315 + elmid-radnear-az090 + elmid-radfar-az180 + elhigh-radfar-az000,7,elhigh-radmid-az135,220,5,ellow-radfar-az315 + elmid-radnear-az090 + elmid-radfar-az180 + elhigh-radmid-az135 + elhigh-radfar-az000,0.5596058403832405,0.6706487887161603,0.11104294833291983,2
overall,all,perimeter_unique_az_best_overlap,8,156,4,ellow-radfar-az315 + elmid-radnear-az090 + elmid-radfar-az180 + elhigh-radfar-az000,6,elhigh-radnear-az270,188,5,ellow-radfar-az315 + elmid-radnear-az090 + elmid-radfar-az180 + elhigh-radnear-az270 + elhigh-radfar-az000,0.5596058403832405,0.6701828682440011,0.11057702786076062,3
overall,all,perimeter_unique_az_best_overlap,8,156,4,ellow-radfar-az315 + elmid-radnear-az090 + elmid-radfar-az180 + elhigh-radfar-az000,2,ellow-radmid-az045,158,5,ellow-radmid-az045 + ellow-radfar-az315 + elmid-radnear-az090 + elmid-radfar-az180 + elhigh-radfar-az000,0.5596058403832405,0.6500216568074599,0.09041581642421948,4
overall,all,perimeter_unique_az_best_overlap,8,163,4,ellow-radnear-az225 + ellow-radmid-az045 + elhigh-radnear-az270 + elhigh-radfar-az000,4,elmid-radnear-az090,171,5,ellow-radnear-az225 + ellow-radmid-az045 + elmid-radnear-az090 + elhigh-radnear-az270 + elhigh-radfar-az000,0.6341180710229016,0.7367248919827964,0.10260682095989482,1
overall,all,perimeter_unique_az_best_overlap,8,163,4,ellow-radnear-az225 + ellow-radmid-az045 + elhigh-radnear-az270 + elhigh-radfar-az000,5,elmid-radfar-az180,179,5,ellow-radnear-az225 + ellow-radmid-az045 + elmid-radfar-az180 + elhigh-radnear-az270 + elhigh-radfar-az000,0.6341180710229016,0.7299153148429429,0.09579724382004129,2
overall,all,perimeter_unique_az_best_overlap,8,163,4,ellow-radnear-az225 + ellow-radmid-az045 + elhigh-radnear-az270 + elhigh-radfar-az000,7,elhigh-radmid-az135,227,5,ellow-radnear-az225 + ellow-radmid-az045 + elhigh-radnear-az270 + elhigh-radmid-az135 + elhigh-radfar-az000,0.6341180710229016,0.7139903812867184,0.0798723102638168,3
overall,all,perimeter_unique_az_best_overlap,8,163,4,ellow-radnear-az225 + ellow-radmid-az045 + elhigh-radnear-az270 + elhigh-radfar-az000,3,ellow-radfar-az315,167,5,ellow-radnear-az225 + ellow-radmid-az045 + ellow-radfar-az315 + elhigh-radnear-az270 + elhigh-radfar-az000,0.6341180710229016,0.7082395168906124,0.07412144586771074,4
overall,all,perimeter_unique_az_best_overlap,8,165,4,ellow-radnear-az225 + ellow-radfar-az315 + elhigh-radnear-az270 + elhigh-radfar-az000,2,ellow-radmid-az045,167,5,ellow-radnear-az225 + ellow-radmid-az045 + ellow-radfar-az315 + elhigh-radnear-az270 + elhigh-radfar-az000,0.5963052633213692,0.7082395168906124,0.11193425356924314,1
overall,all,perimeter_unique_az_best_overlap,8,165,4,ellow-radnear-az225 + ellow-radfar-az315 + elhigh-radnear-az270 + elhigh-radfar-az000,4,elmid-radnear-az090,173,5,ellow-radnear-az225 + ellow-radfar-az315 + elmid-radnear-az090 + elhigh-radnear-az270 + elhigh-radfar-az000,0.5963052633213692,0.7001001554219557,0.10379489210058646,2
overall,all,perimeter_unique_az_best_overlap,8,165,4,ellow-radnear-az225 + ellow-radfar-az315 + elhigh-radnear-az270 + elhigh-radfar-az000,7,elhigh-radmid-az135,229,5,ellow-radnear-az225 + ellow-radfar-az315 + elhigh-radnear-az270 + elhigh-radmid-az135 + elhigh-radfar-az000,0.5963052633213692,0.6916213816499303,0.09531611832856102,3
overall,all,perimeter_unique_az_best_overlap,8,165,4,ellow-radnear-az225 + ellow-radfar-az315 + elhigh-radnear-az270 + elhigh-radfar-az000,5,elmid-radfar-az180,181,5,ellow-radnear-az225 + ellow-radfar-az315 + elmid-radfar-az180 + elhigh-radnear-az270 + elhigh-radfar-az000,0.5963052633213692,0.6875487943029948,0.09124353098162552,4
overall,all,perimeter_unique_az_best_overlap,8,166,4,ellow-radmid-az045 + ellow-radfar-az315 + elhigh-radnear-az270 + elhigh-radfar-az000,1,ellow-radnear-az225,167,5,ellow-radnear-az225 + ellow-radmid-az045 + ellow-radfar-az315 + elhigh-radnear-az270 + elhigh-radfar-az000,0.5646482109381689,0.7082395168906124,0.14359130595244352,1
overall,all,perimeter_unique_az_best_overlap,8,166,4,ellow-radmid-az045 + ellow-radfar-az315 + elhigh-radnear-az270 + elhigh-radfar-az000,7,elhigh-radmid-az135,230,5,ellow-radmid-az045 + ellow-radfar-az315 + elhigh-radnear-az270 + elhigh-radmid-az135 + elhigh-radfar-az000,0.5646482109381689,0.6752867680657421,0.1106385571275732,2
overall,all,perimeter_unique_az_best_overlap,8,166,4,ellow-radmid-az045 + ellow-radfar-az315 + elhigh-radnear-az270 + elhigh-radfar-az000,4,elmid-radnear-az090,174,5,ellow-radmid-az045 + ellow-radfar-az315 + elmid-radnear-az090 + elhigh-radnear-az270 + elhigh-radfar-az000,0.5646482109381689,0.6667880010884172,0.10213979015024832,3
overall,all,perimeter_unique_az_best_overlap,8,166,4,ellow-radmid-az045 + ellow-radfar-az315 + elhigh-radnear-az270 + elhigh-radfar-az000,5,elmid-radfar-az180,182,5,ellow-radmid-az045 + ellow-radfar-az315 + elmid-radfar-az180 + elhigh-radnear-az270 + elhigh-radfar-az000,0.5646482109381689,0.6418469527787697,0.07719874184060083,4
overall,all,perimeter_unique_az_best_overlap,8,169,4,ellow-radnear-az225 + elmid-radnear-az090 + elhigh-radnear-az270 + elhigh-radfar-az000,2,ellow-radmid-az045,171,5,ellow-radnear-az225 + ellow-radmid-az045 + elmid-radnear-az090 + elhigh-radnear-az270 + elhigh-radfar-az000,0.6182545057458992,0.7367248919827964,0.11847038623689721,1
overall,all,perimeter_unique_az_best_overlap,8,169,4,ellow-radnear-az225 + elmid-radnear-az090 + elhigh-radnear-az270 + elhigh-radfar-az000,5,elmid-radfar-az180,185,5,ellow-radnear-az225 + elmid-radnear-az090 + elmid-radfar-az180 + elhigh-radnear-az270 + elhigh-radfar-az000,0.6182545057458992,0.7216300090554828,0.10337550330958356,2
overall,all,perimeter_unique_az_best_overlap,8,169,4,ellow-radnear-az225 + elmid-radnear-az090 + elhigh-radnear-az270 + elhigh-radfar-az000,3,ellow-radfar-az315,173,5,ellow-radnear-az225 + ellow-radfar-az315 + elmid-radnear-az090 + elhigh-radnear-az270 + elhigh-radfar-az000,0.6182545057458992,0.7001001554219557,0.08184564967605645,3
overall,all,perimeter_unique_az_best_overlap,8,169,4,ellow-radnear-az225 + elmid-radnear-az090 + elhigh-radnear-az270 + elhigh-radfar-az000,7,elhigh-radmid-az135,233,5,ellow-radnear-az225 + elmid-radnear-az090 + elhigh-radnear-az270 + elhigh-radmid-az135 + elhigh-radfar-az000,0.6182545057458992,0.6965566848716646,0.07830217912576531,4
overall,all,perimeter_unique_az_best_overlap,8,170,4,ellow-radmid-az045 + elmid-radnear-az090 + elhigh-radnear-az270 + elhigh-radfar-az000,1,ellow-radnear-az225,171,5,ellow-radnear-az225 + ellow-radmid-az045 + elmid-radnear-az090 + elhigh-radnear-az270 + elhigh-radfar-az000,0.6064534396278466,0.7367248919827964,0.13027145235494986,1
overall,all,perimeter_unique_az_best_overlap,8,170,4,ellow-radmid-az045 + elmid-radnear-az090 + elhigh-radnear-az270 + elhigh-radfar-az000,7,elhigh-radmid-az135,234,5,ellow-radmid-az045 + elmid-radnear-az090 + elhigh-radnear-az270 + elhigh-radmid-az135 + elhigh-radfar-az000,0.6064534396278466,0.702527295925553,0.09607385629770637,2
overall,all,perimeter_unique_az_best_overlap,8,170,4,ellow-radmid-az045 + elmid-radnear-az090 + elhigh-radnear-az270 + elhigh-radfar-az000,5,elmid-radfar-az180,186,5,ellow-radmid-az045 + elmid-radnear-az090 + elmid-radfar-az180 + elhigh-radnear-az270 + elhigh-radfar-az000,0.6064534396278466,0.6958417941505542,0.08938835452270766,3
overall,all,perimeter_unique_az_best_overlap,8,170,4,ellow-radmid-az045 + elmid-radnear-az090 + elhigh-radnear-az270 + elhigh-radfar-az000,3,ellow-radfar-az315,174,5,ellow-radmid-az045 + ellow-radfar-az315 + elmid-radnear-az090 + elhigh-radnear-az270 + elhigh-radfar-az000,0.6064534396278466,0.6667880010884172,0.06033456146057059,4
overall,all,perimeter_unique_az_best_overlap,8,172,4,ellow-radfar-az315 + elmid-radnear-az090 + elhigh-radnear-az270 + elhigh-radfar-az000,1,ellow-radnear-az225,173,5,ellow-radnear-az225 + ellow-radfar-az315 + elmid-radnear-az090 + elhigh-radnear-az270 + elhigh-radfar-az000,0.5792395404336843,0.7001001554219557,0.12086061498827139,1
overall,all,perimeter_unique_az_best_overlap,8,172,4,ellow-radfar-az315 + elmid-radnear-az090 + elhigh-radnear-az270 + elhigh-radfar-az000,7,elhigh-radmid-az135,236,5,ellow-radfar-az315 + elmid-radnear-az090 + elhigh-radnear-az270 + elhigh-radmid-az135 + elhigh-radfar-az000,0.5792395404336843,0.6808048262614914,0.1015652858278071,2
overall,all,perimeter_unique_az_best_overlap,8,172,4,ellow-radfar-az315 + elmid-radnear-az090 + elhigh-radnear-az270 + elhigh-radfar-az000,5,elmid-radfar-az180,188,5,ellow-radfar-az315 + elmid-radnear-az090 + elmid-radfar-az180 + elhigh-radnear-az270 + elhigh-radfar-az000,0.5792395404336843,0.6701828682440011,0.09094332781031678,3
overall,all,perimeter_unique_az_best_overlap,8,172,4,ellow-radfar-az315 + elmid-radnear-az090 + elhigh-radnear-az270 + elhigh-radfar-az000,2,ellow-radmid-az045,174,5,ellow-radmid-az045 + ellow-radfar-az315 + elmid-radnear-az090 + elhigh-radnear-az270 + elhigh-radfar-az000,0.5792395404336843,0.6667880010884172,0.08754846065473287,4
overall,all,perimeter_unique_az_best_overlap,8,177,4,ellow-radnear-az225 + elmid-radfar-az180 + elhigh-radnear-az270 + elhigh-radfar-az000,2,ellow-radmid-az045,179,5,ellow-radnear-az225 + ellow-radmid-az045 + elmid-radfar-az180 + elhigh-radnear-az270 + elhigh-radfar-az000,0.5995819480695672,0.7299153148429429,0.1303333667733757,1
overall,all,perimeter_unique_az_best_overlap,8,177,4,ellow-radnear-az225 + elmid-radfar-az180 + elhigh-radnear-az270 + elhigh-radfar-az000,4,elmid-radnear-az090,185,5,ellow-radnear-az225 + elmid-radnear-az090 + elmid-radfar-az180 + elhigh-radnear-az270 + elhigh-radfar-az000,0.5995819480695672,0.7216300090554828,0.12204806098591559,2
overall,all,perimeter_unique_az_best_overlap,8,177,4,ellow-radnear-az225 + elmid-radfar-az180 + elhigh-radnear-az270 + elhigh-radfar-az000,3,ellow-radfar-az315,181,5,ellow-radnear-az225 + ellow-radfar-az315 + elmid-radfar-az180 + elhigh-radnear-az270 + elhigh-radfar-az000,0.5995819480695672,0.6875487943029948,0.08796684623342754,3
overall,all,perimeter_unique_az_best_overlap,8,177,4,ellow-radnear-az225 + elmid-radfar-az180 + elhigh-radnear-az270 + elhigh-radfar-az000,7,elhigh-radmid-az135,241,5,ellow-radnear-az225 + elmid-radfar-az180 + elhigh-radnear-az270 + elhigh-radmid-az135 + elhigh-radfar-az000,0.5995819480695672,0.6820158577501793,0.08243390968061204,4
overall,all,perimeter_unique_az_best_overlap,8,178,4,ellow-radmid-az045 + elmid-radfar-az180 + elhigh-radnear-az270 + elhigh-radfar-az000,1,ellow-radnear-az225,179,5,ellow-radnear-az225 + ellow-radmid-az045 + elmid-radfar-az180 + elhigh-radnear-az270 + elhigh-radfar-az000,0.5754684449486576,0.7299153148429429,0.15444686989428535,1
overall,all,perimeter_unique_az_best_overlap,8,178,4,ellow-radmid-az045 + elmid-radfar-az180 + elhigh-radnear-az270 + elhigh-radfar-az000,4,elmid-radnear-az090,186,5,ellow-radmid-az045 + elmid-radnear-az090 + elmid-radfar-az180 + elhigh-radnear-az270 + elhigh-radfar-az000,0.5754684449486576,0.6958417941505542,0.12037334920189668,2
overall,all,perimeter_unique_az_best_overlap,8,178,4,ellow-radmid-az045 + elmid-radfar-az180 + elhigh-radnear-az270 + elhigh-radfar-az000,7,elhigh-radmid-az135,242,5,ellow-radmid-az045 + elmid-radfar-az180 + elhigh-radnear-az270 + elhigh-radmid-az135 + elhigh-radfar-az000,0.5754684449486576,0.6786184669488702,0.10315002200021262,3
overall,all,perimeter_unique_az_best_overlap,8,178,4,ellow-radmid-az045 + elmid-radfar-az180 + elhigh-radnear-az270 + elhigh-radfar-az000,3,ellow-radfar-az315,182,5,ellow-radmid-az045 + ellow-radfar-az315 + elmid-radfar-az180 + elhigh-radnear-az270 + elhigh-radfar-az000,0.5754684449486576,0.6418469527787697,0.06637850783011212,4
overall,all,perimeter_unique_az_best_overlap,8,180,4,ellow-radfar-az315 + elmid-radfar-az180 + elhigh-radnear-az270 + elhigh-radfar-az000,1,ellow-radnear-az225,181,5,ellow-radnear-az225 + ellow-radfar-az315 + elmid-radfar-az180 + elhigh-radnear-az270 + elhigh-radfar-az000,0.5380040673973481,0.6875487943029948,0.14954472690564669,1
overall,all,perimeter_unique_az_best_overlap,8,180,4,ellow-radfar-az315 + elmid-radfar-az180 + elhigh-radnear-az270 + elhigh-radfar-az000,4,elmid-radnear-az090,188,5,ellow-radfar-az315 + elmid-radnear-az090 + elmid-radfar-az180 + elhigh-radnear-az270 + elhigh-radfar-az000,0.5380040673973481,0.6701828682440011,0.132178800846653,2
overall,all,perimeter_unique_az_best_overlap,8,180,4,ellow-radfar-az315 + elmid-radfar-az180 + elhigh-radnear-az270 + elhigh-radfar-az000,7,elhigh-radmid-az135,244,5,ellow-radfar-az315 + elmid-radfar-az180 + elhigh-radnear-az270 + elhigh-radmid-az135 + elhigh-radfar-az000,0.5380040673973481,0.6546729050389309,0.11666883764158287,3
overall,all,perimeter_unique_az_best_overlap,8,180,4,ellow-radfar-az315 + elmid-radfar-az180 + elhigh-radnear-az270 + elhigh-radfar-az000,2,ellow-radmid-az045,182,5,ellow-radmid-az045 + ellow-radfar-az315 + elmid-radfar-az180 + elhigh-radnear-az270 + elhigh-radfar-az000,0.5380040673973481,0.6418469527787697,0.10384288538142161,4
overall,all,perimeter_unique_az_best_overlap,8,184,4,elmid-radnear-az090 + elmid-radfar-az180 + elhigh-radnear-az270 + elhigh-radfar-az000,1,ellow-radnear-az225,185,5,ellow-radnear-az225 + elmid-radnear-az090 + elmid-radfar-az180 + elhigh-radnear-az270 + elhigh-radfar-az000,0.5899138301881398,0.7216300090554828,0.131716178867343,1
overall,all,perimeter_unique_az_best_overlap,8,184,4,elmid-radnear-az090 + elmid-radfar-az180 + elhigh-radnear-az270 + elhigh-radfar-az000,2,ellow-radmid-az045,186,5,ellow-radmid-az045 + elmid-radnear-az090 + elmid-radfar-az180 + elhigh-radnear-az270 + elhigh-radfar-az000,0.5899138301881398,0.6958417941505542,0.10592796396241444,2
overall,all,perimeter_unique_az_best_overlap,8,184,4,elmid-radnear-az090 + elmid-radfar-az180 + elhigh-radnear-az270 + elhigh-radfar-az000,7,elhigh-radmid-az135,248,5,elmid-radnear-az090 + elmid-radfar-az180 + elhigh-radnear-az270 + elhigh-radmid-az135 + elhigh-radfar-az000,0.5899138301881398,0.682604425961413,0.09269059577327321,3
overall,all,perimeter_unique_az_best_overlap,8,184,4,elmid-radnear-az090 + elmid-radfar-az180 + elhigh-radnear-az270 + elhigh-radfar-az000,3,ellow-radfar-az315,188,5,ellow-radfar-az315 + elmid-radnear-az090 + elmid-radfar-az180 + elhigh-radnear-az270 + elhigh-radfar-az000,0.5899138301881398,0.6701828682440011,0.08026903805586127,4
overall,all,perimeter_unique_az_best_overlap,8,195,4,ellow-radnear-az225 + ellow-radmid-az045 + elhigh-radmid-az135 + elhigh-radfar-az000,5,elmid-radfar-az180,211,5,ellow-radnear-az225 + ellow-radmid-az045 + elmid-radfar-az180 + elhigh-radmid-az135 + elhigh-radfar-az000,0.6389422755177958,0.7378327742319892,0.09889049871419342,1
overall,all,perimeter_unique_az_best_overlap,8,195,4,ellow-radnear-az225 + ellow-radmid-az045 + elhigh-radmid-az135 + elhigh-radfar-az000,4,elmid-radnear-az090,203,5,ellow-radnear-az225 + ellow-radmid-az045 + elmid-radnear-az090 + elhigh-radmid-az135 + elhigh-radfar-az000,0.6389422755177958,0.7295396349481704,0.09059735943037461,2
overall,all,perimeter_unique_az_best_overlap,8,195,4,ellow-radnear-az225 + ellow-radmid-az045 + elhigh-radmid-az135 + elhigh-radfar-az000,3,ellow-radfar-az315,199,5,ellow-radnear-az225 + ellow-radmid-az045 + ellow-radfar-az315 + elhigh-radmid-az135 + elhigh-radfar-az000,0.6389422755177958,0.718092643653823,0.07915036813602716,3
overall,all,perimeter_unique_az_best_overlap,8,195,4,ellow-radnear-az225 + ellow-radmid-az045 + elhigh-radmid-az135 + elhigh-radfar-az000,6,elhigh-radnear-az270,227,5,ellow-radnear-az225 + ellow-radmid-az045 + elhigh-radnear-az270 + elhigh-radmid-az135 + elhigh-radfar-az000,0.6389422755177958,0.7139903812867184,0.07504810576892262,4
overall,all,perimeter_unique_az_best_overlap,8,197,4,ellow-radnear-az225 + ellow-radfar-az315 + elhigh-radmid-az135 + elhigh-radfar-az000,2,ellow-radmid-az045,199,5,ellow-radnear-az225 + ellow-radmid-az045 + ellow-radfar-az315 + elhigh-radmid-az135 + elhigh-radfar-az000,0.6190072596820417,0.718092643653823,0.09908538397178124,1
overall,all,perimeter_unique_az_best_overlap,8,197,4,ellow-radnear-az225 + ellow-radfar-az315 + elhigh-radmid-az135 + elhigh-radfar-az000,5,elmid-radfar-az180,213,5,ellow-radnear-az225 + ellow-radfar-az315 + elmid-radfar-az180 + elhigh-radmid-az135 + elhigh-radfar-az000,0.6190072596820417,0.7133440456068814,0.09433678592483963,2
overall,all,perimeter_unique_az_best_overlap,8,197,4,ellow-radnear-az225 + ellow-radfar-az315 + elhigh-radmid-az135 + elhigh-radfar-az000,4,elmid-radnear-az090,205,5,ellow-radnear-az225 + ellow-radfar-az315 + elmid-radnear-az090 + elhigh-radmid-az135 + elhigh-radfar-az000,0.6190072596820417,0.7051731411569101,0.08616588147486837,3
overall,all,perimeter_unique_az_best_overlap,8,197,4,ellow-radnear-az225 + ellow-radfar-az315 + elhigh-radmid-az135 + elhigh-radfar-az000,6,elhigh-radnear-az270,229,5,ellow-radnear-az225 + ellow-radfar-az315 + elhigh-radnear-az270 + elhigh-radmid-az135 + elhigh-radfar-az000,0.6190072596820417,0.6916213816499303,0.07261412196788852,4
overall,all,perimeter_unique_az_best_overlap,8,198,4,ellow-radmid-az045 + ellow-radfar-az315 + elhigh-radmid-az135 + elhigh-radfar-az000,1,ellow-radnear-az225,199,5,ellow-radnear-az225 + ellow-radmid-az045 + ellow-radfar-az315 + elhigh-radmid-az135 + elhigh-radfar-az000,0.5814630019669144,0.718092643653823,0.1366296416869086,1
overall,all,perimeter_unique_az_best_overlap,8,198,4,ellow-radmid-az045 + ellow-radfar-az315 + elhigh-radmid-az135 + elhigh-radfar-az000,6,elhigh-radnear-az270,230,5,ellow-radmid-az045 + ellow-radfar-az315 + elhigh-radnear-az270 + elhigh-radmid-az135 + elhigh-radfar-az000,0.5814630019669144,0.6752867680657421,0.0938237660988277,2
overall,all,perimeter_unique_az_best_overlap,8,198,4,ellow-radmid-az045 + ellow-radfar-az315 + elhigh-radmid-az135 + elhigh-radfar-az000,5,elmid-radfar-az180,214,5,ellow-radmid-az045 + ellow-radfar-az315 + elmid-radfar-az180 + elhigh-radmid-az135 + elhigh-radfar-az000,0.5814630019669144,0.668121280967055,0.08665827900014067,3
overall,all,perimeter_unique_az_best_overlap,8,198,4,ellow-radmid-az045 + ellow-radfar-az315 + elhigh-radmid-az135 + elhigh-radfar-az000,4,elmid-radnear-az090,206,5,ellow-radmid-az045 + ellow-radfar-az315 + elmid-radnear-az090 + elhigh-radmid-az135 + elhigh-radfar-az000,0.5814630019669144,0.6630293485633115,0.08156634659639717,4
overall,all,perimeter_unique_az_best_overlap,8,201,4,ellow-radnear-az225 + elmid-radnear-az090 + elhigh-radmid-az135 + elhigh-radfar-az000,2,ellow-radmid-az045,203,5,ellow-radnear-az225 + ellow-radmid-az045 + elmid-radnear-az090 + elhigh-radmid-az135 + elhigh-radfar-az000,0.6174753508467632,0.7295396349481704,0.11206428410140723,1
overall,all,perimeter_unique_az_best_overlap,8,201,4,ellow-radnear-az225 + elmid-radnear-az090 + elhigh-radmid-az135 + elhigh-radfar-az000,5,elmid-radfar-az180,217,5,ellow-radnear-az225 + elmid-radnear-az090 + elmid-radfar-az180 + elhigh-radmid-az135 + elhigh-radfar-az000,0.6174753508467632,0.7239441090357154,0.10646875818895218,2
overall,all,perimeter_unique_az_best_overlap,8,201,4,ellow-radnear-az225 + elmid-radnear-az090 + elhigh-radmid-az135 + elhigh-radfar-az000,3,ellow-radfar-az315,205,5,ellow-radnear-az225 + ellow-radfar-az315 + elmid-radnear-az090 + elhigh-radmid-az135 + elhigh-radfar-az000,0.6174753508467632,0.7051731411569101,0.0876977903101469,3
overall,all,perimeter_unique_az_best_overlap,8,201,4,ellow-radnear-az225 + elmid-radnear-az090 + elhigh-radmid-az135 + elhigh-radfar-az000,6,elhigh-radnear-az270,233,5,ellow-radnear-az225 + elmid-radnear-az090 + elhigh-radnear-az270 + elhigh-radmid-az135 + elhigh-radfar-az000,0.6174753508467632,0.6965566848716646,0.07908133402490136,4
overall,all,perimeter_unique_az_best_overlap,8,202,4,ellow-radmid-az045 + elmid-radnear-az090 + elhigh-radmid-az135 + elhigh-radfar-az000,1,ellow-radnear-az225,203,5,ellow-radnear-az225 + ellow-radmid-az045 + elmid-radnear-az090 + elhigh-radmid-az135 + elhigh-radfar-az000,0.6022363194715564,0.7295396349481704,0.127303315476614,1
overall,all,perimeter_unique_az_best_overlap,8,202,4,ellow-radmid-az045 + elmid-radnear-az090 + elhigh-radmid-az135 + elhigh-radfar-az000,6,elhigh-radnear-az270,234,5,ellow-radmid-az045 + elmid-radnear-az090 + elhigh-radnear-az270 + elhigh-radmid-az135 + elhigh-radfar-az000,0.6022363194715564,0.702527295925553,0.10029097645399654,2
overall,all,perimeter_unique_az_best_overlap,8,202,4,ellow-radmid-az045 + elmid-radnear-az090 + elhigh-radmid-az135 + elhigh-radfar-az000,5,elmid-radfar-az180,218,5,ellow-radmid-az045 + elmid-radnear-az090 + elmid-radfar-az180 + elhigh-radmid-az135 + elhigh-radfar-az000,0.6022363194715564,0.7010842110106925,0.09884789153913609,3
overall,all,perimeter_unique_az_best_overlap,8,202,4,ellow-radmid-az045 + elmid-radnear-az090 + elhigh-radmid-az135 + elhigh-radfar-az000,3,ellow-radfar-az315,206,5,ellow-radmid-az045 + ellow-radfar-az315 + elmid-radnear-az090 + elhigh-radmid-az135 + elhigh-radfar-az000,0.6022363194715564,0.6630293485633115,0.0607930290917551,4
overall,all,perimeter_unique_az_best_overlap,8,204,4,ellow-radfar-az315 + elmid-radnear-az090 + elhigh-radmid-az135 + elhigh-radfar-az000,1,ellow-radnear-az225,205,5,ellow-radnear-az225 + ellow-radfar-az315 + elmid-radnear-az090 + elhigh-radmid-az135 + elhigh-radfar-az000,0.5702459238539573,0.7051731411569101,0.13492721730295276,1
overall,all,perimeter_unique_az_best_overlap,8,204,4,ellow-radfar-az315 + elmid-radnear-az090 + elhigh-radmid-az135 + elhigh-radfar-az000,6,elhigh-radnear-az270,236,5,ellow-radfar-az315 + elmid-radnear-az090 + elhigh-radnear-az270 + elhigh-radmid-az135 + elhigh-radfar-az000,0.5702459238539573,0.6808048262614914,0.11055890240753408,2
overall,all,perimeter_unique_az_best_overlap,8,204,4,ellow-radfar-az315 + elmid-radnear-az090 + elhigh-radmid-az135 + elhigh-radfar-az000,5,elmid-radfar-az180,220,5,ellow-radfar-az315 + elmid-radnear-az090 + elmid-radfar-az180 + elhigh-radmid-az135 + elhigh-radfar-az000,0.5702459238539573,0.6706487887161603,0.10040286486220296,3
overall,all,perimeter_unique_az_best_overlap,8,204,4,ellow-radfar-az315 + elmid-radnear-az090 + elhigh-radmid-az135 + elhigh-radfar-az000,2,ellow-radmid-az045,206,5,ellow-radmid-az045 + ellow-radfar-az315 + elmid-radnear-az090 + elhigh-radmid-az135 + elhigh-radfar-az000,0.5702459238539573,0.6630293485633115,0.09278342470935419,4
overall,all,perimeter_unique_az_best_overlap,8,209,4,ellow-radnear-az225 + elmid-radfar-az180 + elhigh-radmid-az135 + elhigh-radfar-az000,2,ellow-radmid-az045,211,5,ellow-radnear-az225 + ellow-radmid-az045 + elmid-radfar-az180 + elhigh-radmid-az135 + elhigh-radfar-az000,0.6203482770425265,0.7378327742319892,0.11748449718946274,1
overall,all,perimeter_unique_az_best_overlap,8,209,4,ellow-radnear-az225 + elmid-radfar-az180 + elhigh-radmid-az135 + elhigh-radfar-az000,4,elmid-radnear-az090,217,5,ellow-radnear-az225 + elmid-radnear-az090 + elmid-radfar-az180 + elhigh-radmid-az135 + elhigh-radfar-az000,0.6203482770425265,0.7239441090357154,0.10359583199318889,2
overall,all,perimeter_unique_az_best_overlap,8,209,4,ellow-radnear-az225 + elmid-radfar-az180 + elhigh-radmid-az135 + elhigh-radfar-az000,3,ellow-radfar-az315,213,5,ellow-radnear-az225 + ellow-radfar-az315 + elmid-radfar-az180 + elhigh-radmid-az135 + elhigh-radfar-az000,0.6203482770425265,0.7133440456068814,0.09299576856435487,3
overall,all,perimeter_unique_az_best_overlap,8,209,4,ellow-radnear-az225 + elmid-radfar-az180 + elhigh-radmid-az135 + elhigh-radfar-az000,6,elhigh-radnear-az270,241,5,ellow-radnear-az225 + elmid-radfar-az180 + elhigh-radnear-az270 + elhigh-radmid-az135 + elhigh-radfar-az000,0.6203482770425265,0.6820158577501793,0.06166758070765277,4
overall,all,perimeter_unique_az_best_overlap,8,210,4,ellow-radmid-az045 + elmid-radfar-az180 + elhigh-radmid-az135 + elhigh-radfar-az000,1,ellow-radnear-az225,211,5,ellow-radnear-az225 + ellow-radmid-az045 + elmid-radfar-az180 + elhigh-radmid-az135 + elhigh-radfar-az000,0.6021075237127922,0.7378327742319892,0.13572525051919704,1
overall,all,perimeter_unique_az_best_overlap,8,210,4,ellow-radmid-az045 + elmid-radfar-az180 + elhigh-radmid-az135 + elhigh-radfar-az000,4,elmid-radnear-az090,218,5,ellow-radmid-az045 + elmid-radnear-az090 + elmid-radfar-az180 + elhigh-radmid-az135 + elhigh-radfar-az000,0.6021075237127922,0.7010842110106925,0.09897668729790032,2
overall,all,perimeter_unique_az_best_overlap,8,210,4,ellow-radmid-az045 + elmid-radfar-az180 + elhigh-radmid-az135 + elhigh-radfar-az000,6,elhigh-radnear-az270,242,5,ellow-radmid-az045 + elmid-radfar-az180 + elhigh-radnear-az270 + elhigh-radmid-az135 + elhigh-radfar-az000,0.6021075237127922,0.6786184669488702,0.07651094323607799,3
overall,all,perimeter_unique_az_best_overlap,8,210,4,ellow-radmid-az045 + elmid-radfar-az180 + elhigh-radmid-az135 + elhigh-radfar-az000,3,ellow-radfar-az315,214,5,ellow-radmid-az045 + ellow-radfar-az315 + elmid-radfar-az180 + elhigh-radmid-az135 + elhigh-radfar-az000,0.6021075237127922,0.668121280967055,0.06601375725426284,4
overall,all,perimeter_unique_az_best_overlap,8,212,4,ellow-radfar-az315 + elmid-radfar-az180 + elhigh-radmid-az135 + elhigh-radfar-az000,1,ellow-radnear-az225,213,5,ellow-radnear-az225 + ellow-radfar-az315 + elmid-radfar-az180 + elhigh-radmid-az135 + elhigh-radfar-az000,0.5684569712437798,0.7133440456068814,0.14488707436310155,1
overall,all,perimeter_unique_az_best_overlap,8,212,4,ellow-radfar-az315 + elmid-radfar-az180 + elhigh-radmid-az135 + elhigh-radfar-az000,4,elmid-radnear-az090,220,5,ellow-radfar-az315 + elmid-radnear-az090 + elmid-radfar-az180 + elhigh-radmid-az135 + elhigh-radfar-az000,0.5684569712437798,0.6706487887161603,0.10219181747238049,2
overall,all,perimeter_unique_az_best_overlap,8,212,4,ellow-radfar-az315 + elmid-radfar-az180 + elhigh-radmid-az135 + elhigh-radfar-az000,2,ellow-radmid-az045,214,5,ellow-radmid-az045 + ellow-radfar-az315 + elmid-radfar-az180 + elhigh-radmid-az135 + elhigh-radfar-az000,0.5684569712437798,0.668121280967055,0.09966430972327522,3
overall,all,perimeter_unique_az_best_overlap,8,212,4,ellow-radfar-az315 + elmid-radfar-az180 + elhigh-radmid-az135 + elhigh-radfar-az000,6,elhigh-radnear-az270,244,5,ellow-radfar-az315 + elmid-radfar-az180 + elhigh-radnear-az270 + elhigh-radmid-az135 + elhigh-radfar-az000,0.5684569712437798,0.6546729050389309,0.08621593379515113,4
overall,all,perimeter_unique_az_best_overlap,8,216,4,elmid-radnear-az090 + elmid-radfar-az180 + elhigh-radmid-az135 + elhigh-radfar-az000,1,ellow-radnear-az225,217,5,ellow-radnear-az225 + elmid-radnear-az090 + elmid-radfar-az180 + elhigh-radmid-az135 + elhigh-radfar-az000,0.5899194460663144,0.7239441090357154,0.13402466296940097,1
overall,all,perimeter_unique_az_best_overlap,8,216,4,elmid-radnear-az090 + elmid-radfar-az180 + elhigh-radmid-az135 + elhigh-radfar-az000,2,ellow-radmid-az045,218,5,ellow-radmid-az045 + elmid-radnear-az090 + elmid-radfar-az180 + elhigh-radmid-az135 + elhigh-radfar-az000,0.5899194460663144,0.7010842110106925,0.1111647649443781,2
overall,all,perimeter_unique_az_best_overlap,8,216,4,elmid-radnear-az090 + elmid-radfar-az180 + elhigh-radmid-az135 + elhigh-radfar-az000,6,elhigh-radnear-az270,248,5,elmid-radnear-az090 + elmid-radfar-az180 + elhigh-radnear-az270 + elhigh-radmid-az135 + elhigh-radfar-az000,0.5899194460663144,0.682604425961413,0.09268497989509861,3
overall,all,perimeter_unique_az_best_overlap,8,216,4,elmid-radnear-az090 + elmid-radfar-az180 + elhigh-radmid-az135 + elhigh-radfar-az000,3,ellow-radfar-az315,220,5,ellow-radfar-az315 + elmid-radnear-az090 + elmid-radfar-az180 + elhigh-radmid-az135 + elhigh-radfar-az000,0.5899194460663144,0.6706487887161603,0.08072934264984588,4
overall,all,perimeter_unique_az_best_overlap,8,225,4,ellow-radnear-az225 + elhigh-radnear-az270 + elhigh-radmid-az135 + elhigh-radfar-az000,2,ellow-radmid-az045,227,5,ellow-radnear-az225 + ellow-radmid-az045 + elhigh-radnear-az270 + elhigh-radmid-az135 + elhigh-radfar-az000,0.5808313192987705,0.7139903812867184,0.1331590619879479,1
overall,all,perimeter_unique_az_best_overlap,8,225,4,ellow-radnear-az225 + elhigh-radnear-az270 + elhigh-radmid-az135 + elhigh-radfar-az000,4,elmid-radnear-az090,233,5,ellow-radnear-az225 + elmid-radnear-az090 + elhigh-radnear-az270 + elhigh-radmid-az135 + elhigh-radfar-az000,0.5808313192987705,0.6965566848716646,0.11572536557289403,2
overall,all,perimeter_unique_az_best_overlap,8,225,4,ellow-radnear-az225 + elhigh-radnear-az270 + elhigh-radmid-az135 + elhigh-radfar-az000,3,ellow-radfar-az315,229,5,ellow-radnear-az225 + ellow-radfar-az315 + elhigh-radnear-az270 + elhigh-radmid-az135 + elhigh-radfar-az000,0.5808313192987705,0.6916213816499303,0.11079006235115973,3
overall,all,perimeter_unique_az_best_overlap,8,225,4,ellow-radnear-az225 + elhigh-radnear-az270 + elhigh-radmid-az135 + elhigh-radfar-az000,5,elmid-radfar-az180,241,5,ellow-radnear-az225 + elmid-radfar-az180 + elhigh-radnear-az270 + elhigh-radmid-az135 + elhigh-radfar-az000,0.5808313192987705,0.6820158577501793,0.10118453845140873,4
overall,all,perimeter_unique_az_best_overlap,8,226,4,ellow-radmid-az045 + elhigh-radnear-az270 + elhigh-radmid-az135 + elhigh-radfar-az000,1,ellow-radnear-az225,227,5,ellow-radnear-az225 + ellow-radmid-az045 + elhigh-radnear-az270 + elhigh-radmid-az135 + elhigh-radfar-az000,0.597680354137875,0.7139903812867184,0.11631002714884342,1
overall,all,perimeter_unique_az_best_overlap,8,226,4,ellow-radmid-az045 + elhigh-radnear-az270 + elhigh-radmid-az135 + elhigh-radfar-az000,4,elmid-radnear-az090,234,5,ellow-radmid-az045 + elmid-radnear-az090 + elhigh-radnear-az270 + elhigh-radmid-az135 + elhigh-radfar-az000,0.597680354137875,0.702527295925553,0.10484694178767795,2
overall,all,perimeter_unique_az_best_overlap,8,226,4,ellow-radmid-az045 + elhigh-radnear-az270 + elhigh-radmid-az135 + elhigh-radfar-az000,5,elmid-radfar-az180,242,5,ellow-radmid-az045 + elmid-radfar-az180 + elhigh-radnear-az270 + elhigh-radmid-az135 + elhigh-radfar-az000,0.597680354137875,0.6786184669488702,0.08093811281099517,3
overall,all,perimeter_unique_az_best_overlap,8,226,4,ellow-radmid-az045 + elhigh-radnear-az270 + elhigh-radmid-az135 + elhigh-radfar-az000,3,ellow-radfar-az315,230,5,ellow-radmid-az045 + ellow-radfar-az315 + elhigh-radnear-az270 + elhigh-radmid-az135 + elhigh-radfar-az000,0.597680354137875,0.6752867680657421,0.07760641392786705,4
overall,all,perimeter_unique_az_best_overlap,8,228,4,ellow-radfar-az315 + elhigh-radnear-az270 + elhigh-radmid-az135 + elhigh-radfar-az000,1,ellow-radnear-az225,229,5,ellow-radnear-az225 + ellow-radfar-az315 + elhigh-radnear-az270 + elhigh-radmid-az135 + elhigh-radfar-az000,0.5782885031904551,0.6916213816499303,0.11333287845947515,1
overall,all,perimeter_unique_az_best_overlap,8,228,4,ellow-radfar-az315 + elhigh-radnear-az270 + elhigh-radmid-az135 + elhigh-radfar-az000,4,elmid-radnear-az090,236,5,ellow-radfar-az315 + elmid-radnear-az090 + elhigh-radnear-az270 + elhigh-radmid-az135 + elhigh-radfar-az000,0.5782885031904551,0.6808048262614914,0.10251632307103631,2
overall,all,perimeter_unique_az_best_overlap,8,228,4,ellow-radfar-az315 + elhigh-radnear-az270 + elhigh-radmid-az135 + elhigh-radfar-az000,2,ellow-radmid-az045,230,5,ellow-radmid-az045 + ellow-radfar-az315 + elhigh-radnear-az270 + elhigh-radmid-az135 + elhigh-radfar-az000,0.5782885031904551,0.6752867680657421,0.09699826487528695,3
overall,all,perimeter_unique_az_best_overlap,8,228,4,ellow-radfar-az315 + elhigh-radnear-az270 + elhigh-radmid-az135 + elhigh-radfar-az000,5,elmid-radfar-az180,244,5,ellow-radfar-az315 + elmid-radfar-az180 + elhigh-radnear-az270 + elhigh-radmid-az135 + elhigh-radfar-az000,0.5782885031904551,0.6546729050389309,0.07638440184847584,4
overall,all,perimeter_unique_az_best_overlap,8,232,4,elmid-radnear-az090 + elhigh-radnear-az270 + elhigh-radmid-az135 + elhigh-radfar-az000,2,ellow-radmid-az045,234,5,ellow-radmid-az045 + elmid-radnear-az090 + elhigh-radnear-az270 + elhigh-radmid-az135 + elhigh-radfar-az000,0.5940880543077678,0.702527295925553,0.10843924161778518,1
overall,all,perimeter_unique_az_best_overlap,8,232,4,elmid-radnear-az090 + elhigh-radnear-az270 + elhigh-radmid-az135 + elhigh-radfar-az000,1,ellow-radnear-az225,233,5,ellow-radnear-az225 + elmid-radnear-az090 + elhigh-radnear-az270 + elhigh-radmid-az135 + elhigh-radfar-az000,0.5940880543077678,0.6965566848716646,0.10246863056389677,2
overall,all,perimeter_unique_az_best_overlap,8,232,4,elmid-radnear-az090 + elhigh-radnear-az270 + elhigh-radmid-az135 + elhigh-radfar-az000,5,elmid-radfar-az180,248,5,elmid-radnear-az090 + elmid-radfar-az180 + elhigh-radnear-az270 + elhigh-radmid-az135 + elhigh-radfar-az000,0.5940880543077678,0.682604425961413,0.08851637165364523,3
overall,all,perimeter_unique_az_best_overlap,8,232,4,elmid-radnear-az090 + elhigh-radnear-az270 + elhigh-radmid-az135 + elhigh-radfar-az000,3,ellow-radfar-az315,236,5,ellow-radfar-az315 + elmid-radnear-az090 + elhigh-radnear-az270 + elhigh-radmid-az135 + elhigh-radfar-az000,0.5940880543077678,0.6808048262614914,0.08671677195372363,4
overall,all,perimeter_unique_az_best_overlap,8,240,4,elmid-radfar-az180 + elhigh-radnear-az270 + elhigh-radmid-az135 + elhigh-radfar-az000,4,elmid-radnear-az090,248,5,elmid-radnear-az090 + elmid-radfar-az180 + elhigh-radnear-az270 + elhigh-radmid-az135 + elhigh-radfar-az000,0.5632210883342377,0.682604425961413,0.11938333762717535,1
overall,all,perimeter_unique_az_best_overlap,8,240,4,elmid-radfar-az180 + elhigh-radnear-az270 + elhigh-radmid-az135 + elhigh-radfar-az000,1,ellow-radnear-az225,241,5,ellow-radnear-az225 + elmid-radfar-az180 + elhigh-radnear-az270 + elhigh-radmid-az135 + elhigh-radfar-az000,0.5632210883342377,0.6820158577501793,0.11879476941594158,2
overall,all,perimeter_unique_az_best_overlap,8,240,4,elmid-radfar-az180 + elhigh-radnear-az270 + elhigh-radmid-az135 + elhigh-radfar-az000,2,ellow-radmid-az045,242,5,ellow-radmid-az045 + elmid-radfar-az180 + elhigh-radnear-az270 + elhigh-radmid-az135 + elhigh-radfar-az000,0.5632210883342377,0.6786184669488702,0.1153973786146325,3
overall,all,perimeter_unique_az_best_overlap,8,240,4,elmid-radfar-az180 + elhigh-radnear-az270 + elhigh-radmid-az135 + elhigh-radfar-az000,3,ellow-radfar-az315,244,5,ellow-radfar-az315 + elmid-radfar-az180 + elhigh-radnear-az270 + elhigh-radmid-az135 + elhigh-radfar-az000,0.5632210883342377,0.6546729050389309,0.09145181670469327,4
overall,all,perimeter_unique_az_best_overlap,8,31,5,ellow-radnear-az225 + ellow-radmid-az045 + ellow-radfar-az315 + elmid-radnear-az090 + elmid-radfar-az180,8,elhigh-radfar-az000,159,6,ellow-radnear-az225 + ellow-radmid-az045 + ellow-radfar-az315 + elmid-radnear-az090 + elmid-radfar-az180 + elhigh-radfar-az000,0.6943624390289549,0.7948212123011192,0.10045877327216435,1
overall,all,perimeter_unique_az_best_overlap,8,31,5,ellow-radnear-az225 + ellow-radmid-az045 + ellow-radfar-az315 + elmid-radnear-az090 + elmid-radfar-az180,6,elhigh-radnear-az270,63,6,ellow-radnear-az225 + ellow-radmid-az045 + ellow-radfar-az315 + elmid-radnear-az090 + elmid-radfar-az180 + elhigh-radnear-az270,0.6943624390289549,0.7884025965184096,0.09404015748945471,2
overall,all,perimeter_unique_az_best_overlap,8,31,5,ellow-radnear-az225 + ellow-radmid-az045 + ellow-radfar-az315 + elmid-radnear-az090 + elmid-radfar-az180,7,elhigh-radmid-az135,95,6,ellow-radnear-az225 + ellow-radmid-az045 + ellow-radfar-az315 + elmid-radnear-az090 + elmid-radfar-az180 + elhigh-radmid-az135,0.6943624390289549,0.7643789103044304,0.0700164712754755,3
overall,all,perimeter_unique_az_best_overlap,8,47,5,ellow-radnear-az225 + ellow-radmid-az045 + ellow-radfar-az315 + elmid-radnear-az090 + elhigh-radnear-az270,5,elmid-radfar-az180,63,6,ellow-radnear-az225 + ellow-radmid-az045 + ellow-radfar-az315 + elmid-radnear-az090 + elmid-radfar-az180 + elhigh-radnear-az270,0.699133016729518,0.7884025965184096,0.0892695797888916,1
overall,all,perimeter_unique_az_best_overlap,8,47,5,ellow-radnear-az225 + ellow-radmid-az045 + ellow-radfar-az315 + elmid-radnear-az090 + elhigh-radnear-az270,8,elhigh-radfar-az000,175,6,ellow-radnear-az225 + ellow-radmid-az045 + ellow-radfar-az315 + elmid-radnear-az090 + elhigh-radnear-az270 + elhigh-radfar-az000,0.699133016729518,0.7860537715118325,0.08692075478231454,2
overall,all,perimeter_unique_az_best_overlap,8,47,5,ellow-radnear-az225 + ellow-radmid-az045 + ellow-radfar-az315 + elmid-radnear-az090 + elhigh-radnear-az270,7,elhigh-radmid-az135,111,6,ellow-radnear-az225 + ellow-radmid-az045 + ellow-radfar-az315 + elmid-radnear-az090 + elhigh-radnear-az270 + elhigh-radmid-az135,0.699133016729518,0.7720692582331602,0.0729362415036422,3
overall,all,perimeter_unique_az_best_overlap,8,55,5,ellow-radnear-az225 + ellow-radmid-az045 + ellow-radfar-az315 + elmid-radfar-az180 + elhigh-radnear-az270,4,elmid-radnear-az090,63,6,ellow-radnear-az225 + ellow-radmid-az045 + ellow-radfar-az315 + elmid-radnear-az090 + elmid-radfar-az180 + elhigh-radnear-az270,0.7090630044301314,0.7884025965184096,0.07933959208827823,1
overall,all,perimeter_unique_az_best_overlap,8,55,5,ellow-radnear-az225 + ellow-radmid-az045 + ellow-radfar-az315 + elmid-radfar-az180 + elhigh-radnear-az270,8,elhigh-radfar-az000,183,6,ellow-radnear-az225 + ellow-radmid-az045 + ellow-radfar-az315 + elmid-radfar-az180 + elhigh-radnear-az270 + elhigh-radfar-az000,0.7090630044301314,0.7852881372444666,0.07622513281433518,2
overall,all,perimeter_unique_az_best_overlap,8,55,5,ellow-radnear-az225 + ellow-radmid-az045 + ellow-radfar-az315 + elmid-radfar-az180 + elhigh-radnear-az270,7,elhigh-radmid-az135,119,6,ellow-radnear-az225 + ellow-radmid-az045 + ellow-radfar-az315 + elmid-radfar-az180 + elhigh-radnear-az270 + elhigh-radmid-az135,0.7090630044301314,0.7720971830359034,0.06303417860577198,3
overall,all,perimeter_unique_az_best_overlap,8,59,5,ellow-radnear-az225 + ellow-radmid-az045 + elmid-radnear-az090 + elmid-radfar-az180 + elhigh-radnear-az270,8,elhigh-radfar-az000,187,6,ellow-radnear-az225 + ellow-radmid-az045 + elmid-radnear-az090 + elmid-radfar-az180 + elhigh-radnear-az270 + elhigh-radfar-az000,0.7513185859565734,0.8259631279023358,0.07464454194576242,1
overall,all,perimeter_unique_az_best_overlap,8,59,5,ellow-radnear-az225 + ellow-radmid-az045 + elmid-radnear-az090 + elmid-radfar-az180 + elhigh-radnear-az270,7,elhigh-radmid-az135,123,6,ellow-radnear-az225 + ellow-radmid-az045 + elmid-radnear-az090 + elmid-radfar-az180 + elhigh-radnear-az270 + elhigh-radmid-az135,0.7513185859565734,0.8037075945601305,0.05238900860355711,2
overall,all,perimeter_unique_az_best_overlap,8,59,5,ellow-radnear-az225 + ellow-radmid-az045 + elmid-radnear-az090 + elmid-radfar-az180 + elhigh-radnear-az270,3,ellow-radfar-az315,63,6,ellow-radnear-az225 + ellow-radmid-az045 + ellow-radfar-az315 + elmid-radnear-az090 + elmid-radfar-az180 + elhigh-radnear-az270,0.7513185859565734,0.7884025965184096,0.03708401056183619,3
overall,all,perimeter_unique_az_best_overlap,8,61,5,ellow-radnear-az225 + ellow-radfar-az315 + elmid-radnear-az090 + elmid-radfar-az180 + elhigh-radnear-az270,8,elhigh-radfar-az000,189,6,ellow-radnear-az225 + ellow-radfar-az315 + elmid-radnear-az090 + elmid-radfar-az180 + elhigh-radnear-az270 + elhigh-radfar-az000,0.7025270570093345,0.7908933626776208,0.0883663056682863,1
overall,all,perimeter_unique_az_best_overlap,8,61,5,ellow-radnear-az225 + ellow-radfar-az315 + elmid-radnear-az090 + elmid-radfar-az180 + elhigh-radnear-az270,2,ellow-radmid-az045,63,6,ellow-radnear-az225 + ellow-radmid-az045 + ellow-radfar-az315 + elmid-radnear-az090 + elmid-radfar-az180 + elhigh-radnear-az270,0.7025270570093345,0.7884025965184096,0.08587553950907512,2
overall,all,perimeter_unique_az_best_overlap,8,61,5,ellow-radnear-az225 + ellow-radfar-az315 + elmid-radnear-az090 + elmid-radfar-az180 + elhigh-radnear-az270,7,elhigh-radmid-az135,125,6,ellow-radnear-az225 + ellow-radfar-az315 + elmid-radnear-az090 + elmid-radfar-az180 + elhigh-radnear-az270 + elhigh-radmid-az135,0.7025270570093345,0.7653032600333798,0.0627762030240453,3
overall,all,perimeter_unique_az_best_overlap,8,62,5,ellow-radmid-az045 + ellow-radfar-az315 + elmid-radnear-az090 + elmid-radfar-az180 + elhigh-radnear-az270,1,ellow-radnear-az225,63,6,ellow-radnear-az225 + ellow-radmid-az045 + ellow-radfar-az315 + elmid-radnear-az090 + elmid-radfar-az180 + elhigh-radnear-az270,0.6560921168894801,0.7884025965184096,0.1323104796289295,1
overall,all,perimeter_unique_az_best_overlap,8,62,5,ellow-radmid-az045 + ellow-radfar-az315 + elmid-radnear-az090 + elmid-radfar-az180 + elhigh-radnear-az270,8,elhigh-radfar-az000,190,6,ellow-radmid-az045 + ellow-radfar-az315 + elmid-radnear-az090 + elmid-radfar-az180 + elhigh-radnear-az270 + elhigh-radfar-az000,0.6560921168894801,0.7437377254201408,0.08764560853066072,2
overall,all,perimeter_unique_az_best_overlap,8,62,5,ellow-radmid-az045 + ellow-radfar-az315 + elmid-radnear-az090 + elmid-radfar-az180 + elhigh-radnear-az270,7,elhigh-radmid-az135,126,6,ellow-radmid-az045 + ellow-radfar-az315 + elmid-radnear-az090 + elmid-radfar-az180 + elhigh-radnear-az270 + elhigh-radmid-az135,0.6560921168894801,0.7313721894924351,0.075280072602955,3
overall,all,perimeter_unique_az_best_overlap,8,79,5,ellow-radnear-az225 + ellow-radmid-az045 + ellow-radfar-az315 + elmid-radnear-az090 + elhigh-radmid-az135,8,elhigh-radfar-az000,207,6,ellow-radnear-az225 + ellow-radmid-az045 + ellow-radfar-az315 + elmid-radnear-az090 + elhigh-radmid-az135 + elhigh-radfar-az000,0.6782949448922344,0.7847206549719489,0.10642571007971446,1
overall,all,perimeter_unique_az_best_overlap,8,79,5,ellow-radnear-az225 + ellow-radmid-az045 + ellow-radfar-az315 + elmid-radnear-az090 + elhigh-radmid-az135,6,elhigh-radnear-az270,111,6,ellow-radnear-az225 + ellow-radmid-az045 + ellow-radfar-az315 + elmid-radnear-az090 + elhigh-radnear-az270 + elhigh-radmid-az135,0.6782949448922344,0.7720692582331602,0.09377431334092579,2
overall,all,perimeter_unique_az_best_overlap,8,79,5,ellow-radnear-az225 + ellow-radmid-az045 + ellow-radfar-az315 + elmid-radnear-az090 + elhigh-radmid-az135,5,elmid-radfar-az180,95,6,ellow-radnear-az225 + ellow-radmid-az045 + ellow-radfar-az315 + elmid-radnear-az090 + elmid-radfar-az180 + elhigh-radmid-az135,0.6782949448922344,0.7643789103044304,0.08608396541219598,3
overall,all,perimeter_unique_az_best_overlap,8,87,5,ellow-radnear-az225 + ellow-radmid-az045 + ellow-radfar-az315 + elmid-radfar-az180 + elhigh-radmid-az135,8,elhigh-radfar-az000,215,6,ellow-radnear-az225 + ellow-radmid-az045 + ellow-radfar-az315 + elmid-radfar-az180 + elhigh-radmid-az135 + elhigh-radfar-az000,0.6962995611238869,0.7982345187497042,0.10193495762581728,1
overall,all,perimeter_unique_az_best_overlap,8,87,5,ellow-radnear-az225 + ellow-radmid-az045 + ellow-radfar-az315 + elmid-radfar-az180 + elhigh-radmid-az135,6,elhigh-radnear-az270,119,6,ellow-radnear-az225 + ellow-radmid-az045 + ellow-radfar-az315 + elmid-radfar-az180 + elhigh-radnear-az270 + elhigh-radmid-az135,0.6962995611238869,0.7720971830359034,0.07579762191201644,2
overall,all,perimeter_unique_az_best_overlap,8,87,5,ellow-radnear-az225 + ellow-radmid-az045 + ellow-radfar-az315 + elmid-radfar-az180 + elhigh-radmid-az135,4,elmid-radnear-az090,95,6,ellow-radnear-az225 + ellow-radmid-az045 + ellow-radfar-az315 + elmid-radnear-az090 + elmid-radfar-az180 + elhigh-radmid-az135,0.6962995611238869,0.7643789103044304,0.06807934918054348,3
overall,all,perimeter_unique_az_best_overlap,8,91,5,ellow-radnear-az225 + ellow-radmid-az045 + elmid-radnear-az090 + elmid-radfar-az180 + elhigh-radmid-az135,8,elhigh-radfar-az000,219,6,ellow-radnear-az225 + ellow-radmid-az045 + elmid-radnear-az090 + elmid-radfar-az180 + elhigh-radmid-az135 + elhigh-radfar-az000,0.7214427592486657,0.8218711256080539,0.10042836635938812,1
overall,all,perimeter_unique_az_best_overlap,8,91,5,ellow-radnear-az225 + ellow-radmid-az045 + elmid-radnear-az090 + elmid-radfar-az180 + elhigh-radmid-az135,6,elhigh-radnear-az270,123,6,ellow-radnear-az225 + ellow-radmid-az045 + elmid-radnear-az090 + elmid-radfar-az180 + elhigh-radnear-az270 + elhigh-radmid-az135,0.7214427592486657,0.8037075945601305,0.08226483531146478,2
overall,all,perimeter_unique_az_best_overlap,8,91,5,ellow-radnear-az225 + ellow-radmid-az045 + elmid-radnear-az090 + elmid-radfar-az180 + elhigh-radmid-az135,3,ellow-radfar-az315,95,6,ellow-radnear-az225 + ellow-radmid-az045 + ellow-radfar-az315 + elmid-radnear-az090 + elmid-radfar-az180 + elhigh-radmid-az135,0.7214427592486657,0.7643789103044304,0.04293615105576465,3
overall,all,perimeter_unique_az_best_overlap,8,93,5,ellow-radnear-az225 + ellow-radfar-az315 + elmid-radnear-az090 + elmid-radfar-az180 + elhigh-radmid-az135,8,elhigh-radfar-az000,221,6,ellow-radnear-az225 + ellow-radfar-az315 + elmid-radnear-az090 + elmid-radfar-az180 + elhigh-radmid-az135 + elhigh-radfar-az000,0.6849094730712697,0.7990596031540911,0.11415013008282138,1
overall,all,perimeter_unique_az_best_overlap,8,93,5,ellow-radnear-az225 + ellow-radfar-az315 + elmid-radnear-az090 + elmid-radfar-az180 + elhigh-radmid-az135,6,elhigh-radnear-az270,125,6,ellow-radnear-az225 + ellow-radfar-az315 + elmid-radnear-az090 + elmid-radfar-az180 + elhigh-radnear-az270 + elhigh-radmid-az135,0.6849094730712697,0.7653032600333798,0.08039378696211008,2
overall,all,perimeter_unique_az_best_overlap,8,93,5,ellow-radnear-az225 + ellow-radfar-az315 + elmid-radnear-az090 + elmid-radfar-az180 + elhigh-radmid-az135,2,ellow-radmid-az045,95,6,ellow-radnear-az225 + ellow-radmid-az045 + ellow-radfar-az315 + elmid-radnear-az090 + elmid-radfar-az180 + elhigh-radmid-az135,0.6849094730712697,0.7643789103044304,0.07946943723316069,3
overall,all,perimeter_unique_az_best_overlap,8,94,5,ellow-radmid-az045 + ellow-radfar-az315 + elmid-radnear-az090 + elmid-radfar-az180 + elhigh-radmid-az135,1,ellow-radnear-az225,95,6,ellow-radnear-az225 + ellow-radmid-az045 + ellow-radfar-az315 + elmid-radnear-az090 + elmid-radfar-az180 + elhigh-radmid-az135,0.6361350457639491,0.7643789103044304,0.1282438645404813,1
overall,all,perimeter_unique_az_best_overlap,8,94,5,ellow-radmid-az045 + ellow-radfar-az315 + elmid-radnear-az090 + elmid-radfar-az180 + elhigh-radmid-az135,8,elhigh-radfar-az000,222,6,ellow-radmid-az045 + ellow-radfar-az315 + elmid-radnear-az090 + elmid-radfar-az180 + elhigh-radmid-az135 + elhigh-radfar-az000,0.6361350457639491,0.7494386096024629,0.11330356383851381,2
overall,all,perimeter_unique_az_best_overlap,8,94,5,ellow-radmid-az045 + ellow-radfar-az315 + elmid-radnear-az090 + elmid-radfar-az180 + elhigh-radmid-az135,6,elhigh-radnear-az270,126,6,ellow-radmid-az045 + ellow-radfar-az315 + elmid-radnear-az090 + elmid-radfar-az180 + elhigh-radnear-az270 + elhigh-radmid-az135,0.6361350457639491,0.7313721894924351,0.09523714372848602,3
overall,all,perimeter_unique_az_best_overlap,8,103,5,ellow-radnear-az225 + ellow-radmid-az045 + ellow-radfar-az315 + elhigh-radnear-az270 + elhigh-radmid-az135,8,elhigh-radfar-az000,231,6,ellow-radnear-az225 + ellow-radmid-az045 + ellow-radfar-az315 + elhigh-radnear-az270 + elhigh-radmid-az135 + elhigh-radfar-az000,0.7038667134987018,0.7859847835158097,0.08211807001710791,1
overall,all,perimeter_unique_az_best_overlap,8,103,5,ellow-radnear-az225 + ellow-radmid-az045 + ellow-radfar-az315 + elhigh-radnear-az270 + elhigh-radmid-az135,5,elmid-radfar-az180,119,6,ellow-radnear-az225 + ellow-radmid-az045 + ellow-radfar-az315 + elmid-radfar-az180 + elhigh-radnear-az270 + elhigh-radmid-az135,0.7038667134987018,0.7720971830359034,0.06823046953720158,2
overall,all,perimeter_unique_az_best_overlap,8,103,5,ellow-radnear-az225 + ellow-radmid-az045 + ellow-radfar-az315 + elhigh-radnear-az270 + elhigh-radmid-az135,4,elmid-radnear-az090,111,6,ellow-radnear-az225 + ellow-radmid-az045 + ellow-radfar-az315 + elmid-radnear-az090 + elhigh-radnear-az270 + elhigh-radmid-az135,0.7038667134987018,0.7720692582331602,0.06820254473445841,3
overall,all,perimeter_unique_az_best_overlap,8,107,5,ellow-radnear-az225 + ellow-radmid-az045 + elmid-radnear-az090 + elhigh-radnear-az270 + elhigh-radmid-az135,8,elhigh-radfar-az000,235,6,ellow-radnear-az225 + ellow-radmid-az045 + elmid-radnear-az090 + elhigh-radnear-az270 + elhigh-radmid-az135 + elhigh-radfar-az000,0.7232875094483591,0.8038989882018116,0.08061147875345254,1
overall,all,perimeter_unique_az_best_overlap,8,107,5,ellow-radnear-az225 + ellow-radmid-az045 + elmid-radnear-az090 + elhigh-radnear-az270 + elhigh-radmid-az135,5,elmid-radfar-az180,123,6,ellow-radnear-az225 + ellow-radmid-az045 + elmid-radnear-az090 + elmid-radfar-az180 + elhigh-radnear-az270 + elhigh-radmid-az135,0.7232875094483591,0.8037075945601305,0.08042008511177146,2
overall,all,perimeter_unique_az_best_overlap,8,107,5,ellow-radnear-az225 + ellow-radmid-az045 + elmid-radnear-az090 + elhigh-radnear-az270 + elhigh-radmid-az135,3,ellow-radfar-az315,111,6,ellow-radnear-az225 + ellow-radmid-az045 + ellow-radfar-az315 + elmid-radnear-az090 + elhigh-radnear-az270 + elhigh-radmid-az135,0.7232875094483591,0.7720692582331602,0.04878174878480113,3
overall,all,perimeter_unique_az_best_overlap,8,109,5,ellow-radnear-az225 + ellow-radfar-az315 + elmid-radnear-az090 + elhigh-radnear-az270 + elhigh-radmid-az135,8,elhigh-radfar-az000,237,6,ellow-radnear-az225 + ellow-radfar-az315 + elmid-radnear-az090 + elhigh-radnear-az270 + elhigh-radmid-az135 + elhigh-radfar-az000,0.6833282035916697,0.7776614460666238,0.09433324247495412,1
overall,all,perimeter_unique_az_best_overlap,8,109,5,ellow-radnear-az225 + ellow-radfar-az315 + elmid-radnear-az090 + elhigh-radnear-az270 + elhigh-radmid-az135,2,ellow-radmid-az045,111,6,ellow-radnear-az225 + ellow-radmid-az045 + ellow-radfar-az315 + elmid-radnear-az090 + elhigh-radnear-az270 + elhigh-radmid-az135,0.6833282035916697,0.7720692582331602,0.08874105464149051,2
overall,all,perimeter_unique_az_best_overlap,8,109,5,ellow-radnear-az225 + ellow-radfar-az315 + elmid-radnear-az090 + elhigh-radnear-az270 + elhigh-radmid-az135,5,elmid-radfar-az180,125,6,ellow-radnear-az225 + ellow-radfar-az315 + elmid-radnear-az090 + elmid-radfar-az180 + elhigh-radnear-az270 + elhigh-radmid-az135,0.6833282035916697,0.7653032600333798,0.0819750564417101,3
overall,all,perimeter_unique_az_best_overlap,8,110,5,ellow-radmid-az045 + ellow-radfar-az315 + elmid-radnear-az090 + elhigh-radnear-az270 + elhigh-radmid-az135,1,ellow-radnear-az225,111,6,ellow-radnear-az225 + ellow-radmid-az045 + ellow-radfar-az315 + elmid-radnear-az090 + elhigh-radnear-az270 + elhigh-radmid-az135,0.663240616007017,0.7720692582331602,0.10882864222614319,1
overall,all,perimeter_unique_az_best_overlap,8,110,5,ellow-radmid-az045 + ellow-radfar-az315 + elmid-radnear-az090 + elhigh-radnear-az270 + elhigh-radmid-az135,8,elhigh-radfar-az000,238,6,ellow-radmid-az045 + ellow-radfar-az315 + elmid-radnear-az090 + elhigh-radnear-az270 + elhigh-radmid-az135 + elhigh-radfar-az000,0.663240616007017,0.7567272922275643,0.0934866762205473,2
overall,all,perimeter_unique_az_best_overlap,8,110,5,ellow-radmid-az045 + ellow-radfar-az315 + elmid-radnear-az090 + elhigh-radnear-az270 + elhigh-radmid-az135,5,elmid-radfar-az180,126,6,ellow-radmid-az045 + ellow-radfar-az315 + elmid-radnear-az090 + elmid-radfar-az180 + elhigh-radnear-az270 + elhigh-radmid-az135,0.663240616007017,0.7313721894924351,0.0681315734854181,3
overall,all,perimeter_unique_az_best_overlap,8,115,5,ellow-radnear-az225 + ellow-radmid-az045 + elmid-radfar-az180 + elhigh-radnear-az270 + elhigh-radmid-az135,4,elmid-radnear-az090,123,6,ellow-radnear-az225 + ellow-radmid-az045 + elmid-radnear-az090 + elmid-radfar-az180 + elhigh-radnear-az270 + elhigh-radmid-az135,0.7186576462552982,0.8037075945601305,0.08504994830483237,1
overall,all,perimeter_unique_az_best_overlap,8,115,5,ellow-radnear-az225 + ellow-radmid-az045 + elmid-radfar-az180 + elhigh-radnear-az270 + elhigh-radmid-az135,8,elhigh-radfar-az000,243,6,ellow-radnear-az225 + ellow-radmid-az045 + elmid-radfar-az180 + elhigh-radnear-az270 + elhigh-radmid-az135 + elhigh-radfar-az000,0.7186576462552982,0.7947783725535558,0.07612072629825761,2
overall,all,perimeter_unique_az_best_overlap,8,115,5,ellow-radnear-az225 + ellow-radmid-az045 + elmid-radfar-az180 + elhigh-radnear-az270 + elhigh-radmid-az135,3,ellow-radfar-az315,119,6,ellow-radnear-az225 + ellow-radmid-az045 + ellow-radfar-az315 + elmid-radfar-az180 + elhigh-radnear-az270 + elhigh-radmid-az135,0.7186576462552982,0.7720971830359034,0.0534395367806052,3
overall,all,perimeter_unique_az_best_overlap,8,117,5,ellow-radnear-az225 + ellow-radfar-az315 + elmid-radfar-az180 + elhigh-radnear-az270 + elhigh-radmid-az135,2,ellow-radmid-az045,119,6,ellow-radnear-az225 + ellow-radmid-az045 + ellow-radfar-az315 + elmid-radfar-az180 + elhigh-radnear-az270 + elhigh-radmid-az135,0.6675725955093471,0.7720971830359034,0.10452458752655625,1
overall,all,perimeter_unique_az_best_overlap,8,117,5,ellow-radnear-az225 + ellow-radfar-az315 + elmid-radfar-az180 + elhigh-radnear-az270 + elhigh-radmid-az135,8,elhigh-radfar-az000,245,6,ellow-radnear-az225 + ellow-radfar-az315 + elmid-radfar-az180 + elhigh-radnear-az270 + elhigh-radmid-az135 + elhigh-radfar-az000,0.6675725955093471,0.7678556591128136,0.1002830636034665,2
overall,all,perimeter_unique_az_best_overlap,8,117,5,ellow-radnear-az225 + ellow-radfar-az315 + elmid-radfar-az180 + elhigh-radnear-az270 + elhigh-radmid-az135,4,elmid-radnear-az090,125,6,ellow-radnear-az225 + ellow-radfar-az315 + elmid-radnear-az090 + elmid-radfar-az180 + elhigh-radnear-az270 + elhigh-radmid-az135,0.6675725955093471,0.7653032600333798,0.09773066452403267,3
overall,all,perimeter_unique_az_best_overlap,8,118,5,ellow-radmid-az045 + ellow-radfar-az315 + elmid-radfar-az180 + elhigh-radnear-az270 + elhigh-radmid-az135,1,ellow-radnear-az225,119,6,ellow-radnear-az225 + ellow-radmid-az045 + ellow-radfar-az315 + elmid-radfar-az180 + elhigh-radnear-az270 + elhigh-radmid-az135,0.6424557557856744,0.7720971830359034,0.12964142725022898,1
overall,all,perimeter_unique_az_best_overlap,8,118,5,ellow-radmid-az045 + ellow-radfar-az315 + elmid-radfar-az180 + elhigh-radnear-az270 + elhigh-radmid-az135,8,elhigh-radfar-az000,246,6,ellow-radmid-az045 + ellow-radfar-az315 + elmid-radfar-az180 + elhigh-radnear-az270 + elhigh-radmid-az135 + elhigh-radfar-az000,0.6424557557856744,0.7374762513389064,0.095020495553232,2
overall,all,perimeter_unique_az_best_overlap,8,118,5,ellow-radmid-az045 + ellow-radfar-az315 + elmid-radfar-az180 + elhigh-radnear-az270 + elhigh-radmid-az135,4,elmid-radnear-az090,126,6,ellow-radmid-az045 + ellow-radfar-az315 + elmid-radnear-az090 + elmid-radfar-az180 + elhigh-radnear-az270 + elhigh-radmid-az135,0.6424557557856744,0.7313721894924351,0.08891643370676072,3
overall,all,perimeter_unique_az_best_overlap,8,121,5,ellow-radnear-az225 + elmid-radnear-az090 + elmid-radfar-az180 + elhigh-radnear-az270 + elhigh-radmid-az135,2,ellow-radmid-az045,123,6,ellow-radnear-az225 + ellow-radmid-az045 + elmid-radnear-az090 + elmid-radfar-az180 + elhigh-radnear-az270 + elhigh-radmid-az135,0.6909247920581977,0.8037075945601305,0.11278280250193284,1
overall,all,perimeter_unique_az_best_overlap,8,121,5,ellow-radnear-az225 + elmid-radnear-az090 + elmid-radfar-az180 + elhigh-radnear-az270 + elhigh-radmid-az135,8,elhigh-radfar-az000,249,6,ellow-radnear-az225 + elmid-radnear-az090 + elmid-radfar-az180 + elhigh-radnear-az270 + elhigh-radmid-az135 + elhigh-radfar-az000,0.6909247920581977,0.7849229359189807,0.09399814386078298,2
overall,all,perimeter_unique_az_best_overlap,8,121,5,ellow-radnear-az225 + elmid-radnear-az090 + elmid-radfar-az180 + elhigh-radnear-az270 + elhigh-radmid-az135,3,ellow-radfar-az315,125,6,ellow-radnear-az225 + ellow-radfar-az315 + elmid-radnear-az090 + elmid-radfar-az180 + elhigh-radnear-az270 + elhigh-radmid-az135,0.6909247920581977,0.7653032600333798,0.0743784679751821,3
overall,all,perimeter_unique_az_best_overlap,8,122,5,ellow-radmid-az045 + elmid-radnear-az090 + elmid-radfar-az180 + elhigh-radnear-az270 + elhigh-radmid-az135,1,ellow-radnear-az225,123,6,ellow-radnear-az225 + ellow-radmid-az045 + elmid-radnear-az090 + elmid-radfar-az180 + elhigh-radnear-az270 + elhigh-radmid-az135,0.6894170621901013,0.8037075945601305,0.11429053237002917,1
overall,all,perimeter_unique_az_best_overlap,8,122,5,ellow-radmid-az045 + elmid-radnear-az090 + elmid-radfar-az180 + elhigh-radnear-az270 + elhigh-radmid-az135,8,elhigh-radfar-az000,250,6,ellow-radmid-az045 + elmid-radnear-az090 + elmid-radfar-az180 + elhigh-radnear-az270 + elhigh-radmid-az135 + elhigh-radfar-az000,0.6894170621901013,0.7769063946972442,0.08748933250714286,2
overall,all,perimeter_unique_az_best_overlap,8,122,5,ellow-radmid-az045 + elmid-radnear-az090 + elmid-radfar-az180 + elhigh-radnear-az270 + elhigh-radmid-az135,3,ellow-radfar-az315,126,6,ellow-radmid-az045 + ellow-radfar-az315 + elmid-radnear-az090 + elmid-radfar-az180 + elhigh-radnear-az270 + elhigh-radmid-az135,0.6894170621901013,0.7313721894924351,0.04195512730233375,3
overall,all,perimeter_unique_az_best_overlap,8,124,5,ellow-radfar-az315 + elmid-radnear-az090 + elmid-radfar-az180 + elhigh-radnear-az270 + elhigh-radmid-az135,1,ellow-radnear-az225,125,6,ellow-radnear-az225 + ellow-radfar-az315 + elmid-radnear-az090 + elmid-radfar-az180 + elhigh-radnear-az270 + elhigh-radmid-az135,0.6494734202056578,0.7653032600333798,0.11582983982772199,1
overall,all,perimeter_unique_az_best_overlap,8,124,5,ellow-radfar-az315 + elmid-radnear-az090 + elmid-radfar-az180 + elhigh-radnear-az270 + elhigh-radmid-az135,8,elhigh-radfar-az000,252,6,ellow-radfar-az315 + elmid-radnear-az090 + elmid-radfar-az180 + elhigh-radnear-az270 + elhigh-radmid-az135 + elhigh-radfar-az000,0.6494734202056578,0.7567388964141092,0.1072654762084514,2
overall,all,perimeter_unique_az_best_overlap,8,124,5,ellow-radfar-az315 + elmid-radnear-az090 + elmid-radfar-az180 + elhigh-radnear-az270 + elhigh-radmid-az135,2,ellow-radmid-az045,126,6,ellow-radmid-az045 + ellow-radfar-az315 + elmid-radnear-az090 + elmid-radfar-az180 + elhigh-radnear-az270 + elhigh-radmid-az135,0.6494734202056578,0.7313721894924351,0.0818987692867773,3
overall,all,perimeter_unique_az_best_overlap,8,143,5,ellow-radnear-az225 + ellow-radmid-az045 + ellow-radfar-az315 + elmid-radnear-az090 + elhigh-radfar-az000,5,elmid-radfar-az180,159,6,ellow-radnear-az225 + ellow-radmid-az045 + ellow-radfar-az315 + elmid-radnear-az090 + elmid-radfar-az180 + elhigh-radfar-az000,0.699919096080308,0.7948212123011192,0.09490211622081124,1
overall,all,perimeter_unique_az_best_overlap,8,143,5,ellow-radnear-az225 + ellow-radmid-az045 + ellow-radfar-az315 + elmid-radnear-az090 + elhigh-radfar-az000,6,elhigh-radnear-az270,175,6,ellow-radnear-az225 + ellow-radmid-az045 + ellow-radfar-az315 + elmid-radnear-az090 + elhigh-radnear-az270 + elhigh-radfar-az000,0.699919096080308,0.7860537715118325,0.08613467543152453,2
overall,all,perimeter_unique_az_best_overlap,8,143,5,ellow-radnear-az225 + ellow-radmid-az045 + ellow-radfar-az315 + elmid-radnear-az090 + elhigh-radfar-az000,7,elhigh-radmid-az135,207,6,ellow-radnear-az225 + ellow-radmid-az045 + ellow-radfar-az315 + elmid-radnear-az090 + elhigh-radmid-az135 + elhigh-radfar-az000,0.699919096080308,0.7847206549719489,0.08480155889164087,3
overall,all,perimeter_unique_az_best_overlap,8,151,5,ellow-radnear-az225 + ellow-radmid-az045 + ellow-radfar-az315 + elmid-radfar-az180 + elhigh-radfar-az000,7,elhigh-radmid-az135,215,6,ellow-radnear-az225 + ellow-radmid-az045 + ellow-radfar-az315 + elmid-radfar-az180 + elhigh-radmid-az135 + elhigh-radfar-az000,0.7165422222684736,0.7982345187497042,0.08169229648123055,1
overall,all,perimeter_unique_az_best_overlap,8,151,5,ellow-radnear-az225 + ellow-radmid-az045 + ellow-radfar-az315 + elmid-radfar-az180 + elhigh-radfar-az000,4,elmid-radnear-az090,159,6,ellow-radnear-az225 + ellow-radmid-az045 + ellow-radfar-az315 + elmid-radnear-az090 + elmid-radfar-az180 + elhigh-radfar-az000,0.7165422222684736,0.7948212123011192,0.0782789900326456,2
overall,all,perimeter_unique_az_best_overlap,8,151,5,ellow-radnear-az225 + ellow-radmid-az045 + ellow-radfar-az315 + elmid-radfar-az180 + elhigh-radfar-az000,6,elhigh-radnear-az270,183,6,ellow-radnear-az225 + ellow-radmid-az045 + ellow-radfar-az315 + elmid-radfar-az180 + elhigh-radnear-az270 + elhigh-radfar-az000,0.7165422222684736,0.7852881372444666,0.06874591497599292,3
overall,all,perimeter_unique_az_best_overlap,8,155,5,ellow-radnear-az225 + ellow-radmid-az045 + elmid-radnear-az090 + elmid-radfar-az180 + elhigh-radfar-az000,6,elhigh-radnear-az270,187,6,ellow-radnear-az225 + ellow-radmid-az045 + elmid-radnear-az090 + elmid-radfar-az180 + elhigh-radnear-az270 + elhigh-radfar-az000,0.750821421063282,0.8259631279023358,0.07514170683905386,1
overall,all,perimeter_unique_az_best_overlap,8,155,5,ellow-radnear-az225 + ellow-radmid-az045 + elmid-radnear-az090 + elmid-radfar-az180 + elhigh-radfar-az000,7,elhigh-radmid-az135,219,6,ellow-radnear-az225 + ellow-radmid-az045 + elmid-radnear-az090 + elmid-radfar-az180 + elhigh-radmid-az135 + elhigh-radfar-az000,0.750821421063282,0.8218711256080539,0.07104970454477189,2
overall,all,perimeter_unique_az_best_overlap,8,155,5,ellow-radnear-az225 + ellow-radmid-az045 + elmid-radnear-az090 + elmid-radfar-az180 + elhigh-radfar-az000,3,ellow-radfar-az315,159,6,ellow-radnear-az225 + ellow-radmid-az045 + ellow-radfar-az315 + elmid-radnear-az090 + elmid-radfar-az180 + elhigh-radfar-az000,0.750821421063282,0.7948212123011192,0.04399979123783726,3
overall,all,perimeter_unique_az_best_overlap,8,157,5,ellow-radnear-az225 + ellow-radfar-az315 + elmid-radnear-az090 + elmid-radfar-az180 + elhigh-radfar-az000,7,elhigh-radmid-az135,221,6,ellow-radnear-az225 + ellow-radfar-az315 + elmid-radnear-az090 + elmid-radfar-az180 + elhigh-radmid-az135 + elhigh-radfar-az000,0.718139213616668,0.7990596031540911,0.08092038953742309,1
overall,all,perimeter_unique_az_best_overlap,8,157,5,ellow-radnear-az225 + ellow-radfar-az315 + elmid-radnear-az090 + elmid-radfar-az180 + elhigh-radfar-az000,2,ellow-radmid-az045,159,6,ellow-radnear-az225 + ellow-radmid-az045 + ellow-radfar-az315 + elmid-radnear-az090 + elmid-radfar-az180 + elhigh-radfar-az000,0.718139213616668,0.7948212123011192,0.07668199868445125,2
overall,all,perimeter_unique_az_best_overlap,8,157,5,ellow-radnear-az225 + ellow-radfar-az315 + elmid-radnear-az090 + elmid-radfar-az180 + elhigh-radfar-az000,6,elhigh-radnear-az270,189,6,ellow-radnear-az225 + ellow-radfar-az315 + elmid-radnear-az090 + elmid-radfar-az180 + elhigh-radnear-az270 + elhigh-radfar-az000,0.718139213616668,0.7908933626776208,0.07275414906095279,3
overall,all,perimeter_unique_az_best_overlap,8,158,5,ellow-radmid-az045 + ellow-radfar-az315 + elmid-radnear-az090 + elmid-radfar-az180 + elhigh-radfar-az000,1,ellow-radnear-az225,159,6,ellow-radnear-az225 + ellow-radmid-az045 + ellow-radfar-az315 + elmid-radnear-az090 + elmid-radfar-az180 + elhigh-radfar-az000,0.6500216568074599,0.7948212123011192,0.1447995554936593,1
overall,all,perimeter_unique_az_best_overlap,8,158,5,ellow-radmid-az045 + ellow-radfar-az315 + elmid-radnear-az090 + elmid-radfar-az180 + elhigh-radfar-az000,7,elhigh-radmid-az135,222,6,ellow-radmid-az045 + ellow-radfar-az315 + elmid-radnear-az090 + elmid-radfar-az180 + elhigh-radmid-az135 + elhigh-radfar-az000,0.6500216568074599,0.7494386096024629,0.09941695279500296,2
overall,all,perimeter_unique_az_best_overlap,8,158,5,ellow-radmid-az045 + ellow-radfar-az315 + elmid-radnear-az090 + elmid-radfar-az180 + elhigh-radfar-az000,6,elhigh-radnear-az270,190,6,ellow-radmid-az045 + ellow-radfar-az315 + elmid-radnear-az090 + elmid-radfar-az180 + elhigh-radnear-az270 + elhigh-radfar-az000,0.6500216568074599,0.7437377254201408,0.09371606861268089,3
overall,all,perimeter_unique_az_best_overlap,8,167,5,ellow-radnear-az225 + ellow-radmid-az045 + ellow-radfar-az315 + elhigh-radnear-az270 + elhigh-radfar-az000,4,elmid-radnear-az090,175,6,ellow-radnear-az225 + ellow-radmid-az045 + ellow-radfar-az315 + elmid-radnear-az090 + elhigh-radnear-az270 + elhigh-radfar-az000,0.7082395168906124,0.7860537715118325,0.07781425462122016,1
overall,all,perimeter_unique_az_best_overlap,8,167,5,ellow-radnear-az225 + ellow-radmid-az045 + ellow-radfar-az315 + elhigh-radnear-az270 + elhigh-radfar-az000,7,elhigh-radmid-az135,231,6,ellow-radnear-az225 + ellow-radmid-az045 + ellow-radfar-az315 + elhigh-radnear-az270 + elhigh-radmid-az135 + elhigh-radfar-az000,0.7082395168906124,0.7859847835158097,0.07774526662519732,2
overall,all,perimeter_unique_az_best_overlap,8,167,5,ellow-radnear-az225 + ellow-radmid-az045 + ellow-radfar-az315 + elhigh-radnear-az270 + elhigh-radfar-az000,5,elmid-radfar-az180,183,6,ellow-radnear-az225 + ellow-radmid-az045 + ellow-radfar-az315 + elmid-radfar-az180 + elhigh-radnear-az270 + elhigh-radfar-az000,0.7082395168906124,0.7852881372444666,0.07704862035385418,3
overall,all,perimeter_unique_az_best_overlap,8,171,5,ellow-radnear-az225 + ellow-radmid-az045 + elmid-radnear-az090 + elhigh-radnear-az270 + elhigh-radfar-az000,5,elmid-radfar-az180,187,6,ellow-radnear-az225 + ellow-radmid-az045 + elmid-radnear-az090 + elmid-radfar-az180 + elhigh-radnear-az270 + elhigh-radfar-az000,0.7367248919827964,0.8259631279023358,0.08923823591953939,1
overall,all,perimeter_unique_az_best_overlap,8,171,5,ellow-radnear-az225 + ellow-radmid-az045 + elmid-radnear-az090 + elhigh-radnear-az270 + elhigh-radfar-az000,7,elhigh-radmid-az135,235,6,ellow-radnear-az225 + ellow-radmid-az045 + elmid-radnear-az090 + elhigh-radnear-az270 + elhigh-radmid-az135 + elhigh-radfar-az000,0.7367248919827964,0.8038989882018116,0.06717409621901516,2
overall,all,perimeter_unique_az_best_overlap,8,171,5,ellow-radnear-az225 + ellow-radmid-az045 + elmid-radnear-az090 + elhigh-radnear-az270 + elhigh-radfar-az000,3,ellow-radfar-az315,175,6,ellow-radnear-az225 + ellow-radmid-az045 + ellow-radfar-az315 + elmid-radnear-az090 + elhigh-radnear-az270 + elhigh-radfar-az000,0.7367248919827964,0.7860537715118325,0.049328879529036085,3
overall,all,perimeter_unique_az_best_overlap,8,173,5,ellow-radnear-az225 + ellow-radfar-az315 + elmid-radnear-az090 + elhigh-radnear-az270 + elhigh-radfar-az000,5,elmid-radfar-az180,189,6,ellow-radnear-az225 + ellow-radfar-az315 + elmid-radnear-az090 + elmid-radfar-az180 + elhigh-radnear-az270 + elhigh-radfar-az000,0.7001001554219557,0.7908933626776208,0.09079320725566509,1
overall,all,perimeter_unique_az_best_overlap,8,173,5,ellow-radnear-az225 + ellow-radfar-az315 + elmid-radnear-az090 + elhigh-radnear-az270 + elhigh-radfar-az000,2,ellow-radmid-az045,175,6,ellow-radnear-az225 + ellow-radmid-az045 + ellow-radfar-az315 + elmid-radnear-az090 + elhigh-radnear-az270 + elhigh-radfar-az000,0.7001001554219557,0.7860537715118325,0.08595361608987684,2
overall,all,perimeter_unique_az_best_overlap,8,173,5,ellow-radnear-az225 + ellow-radfar-az315 + elmid-radnear-az090 + elhigh-radnear-az270 + elhigh-radfar-az000,7,elhigh-radmid-az135,237,6,ellow-radnear-az225 + ellow-radfar-az315 + elmid-radnear-az090 + elhigh-radnear-az270 + elhigh-radmid-az135 + elhigh-radfar-az000,0.7001001554219557,0.7776614460666238,0.0775612906446681,3
overall,all,perimeter_unique_az_best_overlap,8,174,5,ellow-radmid-az045 + ellow-radfar-az315 + elmid-radnear-az090 + elhigh-radnear-az270 + elhigh-radfar-az000,1,ellow-radnear-az225,175,6,ellow-radnear-az225 + ellow-radmid-az045 + ellow-radfar-az315 + elmid-radnear-az090 + elhigh-radnear-az270 + elhigh-radfar-az000,0.6667880010884172,0.7860537715118325,0.11926577042341535,1
overall,all,perimeter_unique_az_best_overlap,8,174,5,ellow-radmid-az045 + ellow-radfar-az315 + elmid-radnear-az090 + elhigh-radnear-az270 + elhigh-radfar-az000,7,elhigh-radmid-az135,238,6,ellow-radmid-az045 + ellow-radfar-az315 + elmid-radnear-az090 + elhigh-radnear-az270 + elhigh-radmid-az135 + elhigh-radfar-az000,0.6667880010884172,0.7567272922275643,0.08993929113914712,2
overall,all,perimeter_unique_az_best_overlap,8,174,5,ellow-radmid-az045 + ellow-radfar-az315 + elmid-radnear-az090 + elhigh-radnear-az270 + elhigh-radfar-az000,5,elmid-radfar-az180,190,6,ellow-radmid-az045 + ellow-radfar-az315 + elmid-radnear-az090 + elmid-radfar-az180 + elhigh-radnear-az270 + elhigh-radfar-az000,0.6667880010884172,0.7437377254201408,0.07694972433172365,3
overall,all,perimeter_unique_az_best_overlap,8,179,5,ellow-radnear-az225 + ellow-radmid-az045 + elmid-radfar-az180 + elhigh-radnear-az270 + elhigh-radfar-az000,4,elmid-radnear-az090,187,6,ellow-radnear-az225 + ellow-radmid-az045 + elmid-radnear-az090 + elmid-radfar-az180 + elhigh-radnear-az270 + elhigh-radfar-az000,0.7299153148429429,0.8259631279023358,0.09604781305939292,1
overall,all,perimeter_unique_az_best_overlap,8,179,5,ellow-radnear-az225 + ellow-radmid-az045 + elmid-radfar-az180 + elhigh-radnear-az270 + elhigh-radfar-az000,7,elhigh-radmid-az135,243,6,ellow-radnear-az225 + ellow-radmid-az045 + elmid-radfar-az180 + elhigh-radnear-az270 + elhigh-radmid-az135 + elhigh-radfar-az000,0.7299153148429429,0.7947783725535558,0.06486305771061285,2
overall,all,perimeter_unique_az_best_overlap,8,179,5,ellow-radnear-az225 + ellow-radmid-az045 + elmid-radfar-az180 + elhigh-radnear-az270 + elhigh-radfar-az000,3,ellow-radfar-az315,183,6,ellow-radnear-az225 + ellow-radmid-az045 + ellow-radfar-az315 + elmid-radfar-az180 + elhigh-radnear-az270 + elhigh-radfar-az000,0.7299153148429429,0.7852881372444666,0.055372822401523636,3
overall,all,perimeter_unique_az_best_overlap,8,181,5,ellow-radnear-az225 + ellow-radfar-az315 + elmid-radfar-az180 + elhigh-radnear-az270 + elhigh-radfar-az000,4,elmid-radnear-az090,189,6,ellow-radnear-az225 + ellow-radfar-az315 + elmid-radnear-az090 + elmid-radfar-az180 + elhigh-radnear-az270 + elhigh-radfar-az000,0.6875487943029948,0.7908933626776208,0.10334456837462602,1
overall,all,perimeter_unique_az_best_overlap,8,181,5,ellow-radnear-az225 + ellow-radfar-az315 + elmid-radfar-az180 + elhigh-radnear-az270 + elhigh-radfar-az000,2,ellow-radmid-az045,183,6,ellow-radnear-az225 + ellow-radmid-az045 + ellow-radfar-az315 + elmid-radfar-az180 + elhigh-radnear-az270 + elhigh-radfar-az000,0.6875487943029948,0.7852881372444666,0.0977393429414718,2
overall,all,perimeter_unique_az_best_overlap,8,181,5,ellow-radnear-az225 + ellow-radfar-az315 + elmid-radfar-az180 + elhigh-radnear-az270 + elhigh-radfar-az000,7,elhigh-radmid-az135,245,6,ellow-radnear-az225 + ellow-radfar-az315 + elmid-radfar-az180 + elhigh-radnear-az270 + elhigh-radmid-az135 + elhigh-radfar-az000,0.6875487943029948,0.7678556591128136,0.08030686480981886,3
overall,all,perimeter_unique_az_best_overlap,8,182,5,ellow-radmid-az045 + ellow-radfar-az315 + elmid-radfar-az180 + elhigh-radnear-az270 + elhigh-radfar-az000,1,ellow-radnear-az225,183,6,ellow-radnear-az225 + ellow-radmid-az045 + ellow-radfar-az315 + elmid-radfar-az180 + elhigh-radnear-az270 + elhigh-radfar-az000,0.6418469527787697,0.7852881372444666,0.14344118446569687,1
overall,all,perimeter_unique_az_best_overlap,8,182,5,ellow-radmid-az045 + ellow-radfar-az315 + elmid-radfar-az180 + elhigh-radnear-az270 + elhigh-radfar-az000,4,elmid-radnear-az090,190,6,ellow-radmid-az045 + ellow-radfar-az315 + elmid-radnear-az090 + elmid-radfar-az180 + elhigh-radnear-az270 + elhigh-radfar-az000,0.6418469527787697,0.7437377254201408,0.10189077264137114,2
overall,all,perimeter_unique_az_best_overlap,8,182,5,ellow-radmid-az045 + ellow-radfar-az315 + elmid-radfar-az180 + elhigh-radnear-az270 + elhigh-radfar-az000,7,elhigh-radmid-az135,246,6,ellow-radmid-az045 + ellow-radfar-az315 + elmid-radfar-az180 + elhigh-radnear-az270 + elhigh-radmid-az135 + elhigh-radfar-az000,0.6418469527787697,0.7374762513389064,0.09562929856013669,3
overall,all,perimeter_unique_az_best_overlap,8,185,5,ellow-radnear-az225 + elmid-radnear-az090 + elmid-radfar-az180 + elhigh-radnear-az270 + elhigh-radfar-az000,2,ellow-radmid-az045,187,6,ellow-radnear-az225 + ellow-radmid-az045 + elmid-radnear-az090 + elmid-radfar-az180 + elhigh-radnear-az270 + elhigh-radfar-az000,0.7216300090554828,0.8259631279023358,0.10433311884685303,1
overall,all,perimeter_unique_az_best_overlap,8,185,5,ellow-radnear-az225 + elmid-radnear-az090 + elmid-radfar-az180 + elhigh-radnear-az270 + elhigh-radfar-az000,3,ellow-radfar-az315,189,6,ellow-radnear-az225 + ellow-radfar-az315 + elmid-radnear-az090 + elmid-radfar-az180 + elhigh-radnear-az270 + elhigh-radfar-az000,0.7216300090554828,0.7908933626776208,0.06926335362213798,2
overall,all,perimeter_unique_az_best_overlap,8,185,5,ellow-radnear-az225 + elmid-radnear-az090 + elmid-radfar-az180 + elhigh-radnear-az270 + elhigh-radfar-az000,7,elhigh-radmid-az135,249,6,ellow-radnear-az225 + elmid-radnear-az090 + elmid-radfar-az180 + elhigh-radnear-az270 + elhigh-radmid-az135 + elhigh-radfar-az000,0.7216300090554828,0.7849229359189807,0.06329292686349786,3
overall,all,perimeter_unique_az_best_overlap,8,186,5,ellow-radmid-az045 + elmid-radnear-az090 + elmid-radfar-az180 + elhigh-radnear-az270 + elhigh-radfar-az000,1,ellow-radnear-az225,187,6,ellow-radnear-az225 + ellow-radmid-az045 + elmid-radnear-az090 + elmid-radfar-az180 + elhigh-radnear-az270 + elhigh-radfar-az000,0.6958417941505542,0.8259631279023358,0.1301213337517816,1
overall,all,perimeter_unique_az_best_overlap,8,186,5,ellow-radmid-az045 + elmid-radnear-az090 + elmid-radfar-az180 + elhigh-radnear-az270 + elhigh-radfar-az000,7,elhigh-radmid-az135,250,6,ellow-radmid-az045 + elmid-radnear-az090 + elmid-radfar-az180 + elhigh-radnear-az270 + elhigh-radmid-az135 + elhigh-radfar-az000,0.6958417941505542,0.7769063946972442,0.08106460054668996,2
overall,all,perimeter_unique_az_best_overlap,8,186,5,ellow-radmid-az045 + elmid-radnear-az090 + elmid-radfar-az180 + elhigh-radnear-az270 + elhigh-radfar-az000,3,ellow-radfar-az315,190,6,ellow-radmid-az045 + ellow-radfar-az315 + elmid-radnear-az090 + elmid-radfar-az180 + elhigh-radnear-az270 + elhigh-radfar-az000,0.6958417941505542,0.7437377254201408,0.04789593126958658,3
overall,all,perimeter_unique_az_best_overlap,8,188,5,ellow-radfar-az315 + elmid-radnear-az090 + elmid-radfar-az180 + elhigh-radnear-az270 + elhigh-radfar-az000,1,ellow-radnear-az225,189,6,ellow-radnear-az225 + ellow-radfar-az315 + elmid-radnear-az090 + elmid-radfar-az180 + elhigh-radnear-az270 + elhigh-radfar-az000,0.6701828682440011,0.7908933626776208,0.1207104944336197,1
overall,all,perimeter_unique_az_best_overlap,8,188,5,ellow-radfar-az315 + elmid-radnear-az090 + elmid-radfar-az180 + elhigh-radnear-az270 + elhigh-radfar-az000,7,elhigh-radmid-az135,252,6,ellow-radfar-az315 + elmid-radnear-az090 + elmid-radfar-az180 + elhigh-radnear-az270 + elhigh-radmid-az135 + elhigh-radfar-az000,0.6701828682440011,0.7567388964141092,0.0865560281701081,2
overall,all,perimeter_unique_az_best_overlap,8,188,5,ellow-radfar-az315 + elmid-radnear-az090 + elmid-radfar-az180 + elhigh-radnear-az270 + elhigh-radfar-az000,2,ellow-radmid-az045,190,6,ellow-radmid-az045 + ellow-radfar-az315 + elmid-radnear-az090 + elmid-radfar-az180 + elhigh-radnear-az270 + elhigh-radfar-az000,0.6701828682440011,0.7437377254201408,0.07355485717613974,3
overall,all,perimeter_unique_az_best_overlap,8,199,5,ellow-radnear-az225 + ellow-radmid-az045 + ellow-radfar-az315 + elhigh-radmid-az135 + elhigh-radfar-az000,5,elmid-radfar-az180,215,6,ellow-radnear-az225 + ellow-radmid-az045 + ellow-radfar-az315 + elmid-radfar-az180 + elhigh-radmid-az135 + elhigh-radfar-az000,0.718092643653823,0.7982345187497042,0.08014187509588122,1
overall,all,perimeter_unique_az_best_overlap,8,199,5,ellow-radnear-az225 + ellow-radmid-az045 + ellow-radfar-az315 + elhigh-radmid-az135 + elhigh-radfar-az000,6,elhigh-radnear-az270,231,6,ellow-radnear-az225 + ellow-radmid-az045 + ellow-radfar-az315 + elhigh-radnear-az270 + elhigh-radmid-az135 + elhigh-radfar-az000,0.718092643653823,0.7859847835158097,0.06789213986198672,2
overall,all,perimeter_unique_az_best_overlap,8,199,5,ellow-radnear-az225 + ellow-radmid-az045 + ellow-radfar-az315 + elhigh-radmid-az135 + elhigh-radfar-az000,4,elmid-radnear-az090,207,6,ellow-radnear-az225 + ellow-radmid-az045 + ellow-radfar-az315 + elmid-radnear-az090 + elhigh-radmid-az135 + elhigh-radfar-az000,0.718092643653823,0.7847206549719489,0.0666280113181259,3
overall,all,perimeter_unique_az_best_overlap,8,203,5,ellow-radnear-az225 + ellow-radmid-az045 + elmid-radnear-az090 + elhigh-radmid-az135 + elhigh-radfar-az000,5,elmid-radfar-az180,219,6,ellow-radnear-az225 + ellow-radmid-az045 + elmid-radnear-az090 + elmid-radfar-az180 + elhigh-radmid-az135 + elhigh-radfar-az000,0.7295396349481704,0.8218711256080539,0.09233149065988344,1
overall,all,perimeter_unique_az_best_overlap,8,203,5,ellow-radnear-az225 + ellow-radmid-az045 + elmid-radnear-az090 + elhigh-radmid-az135 + elhigh-radfar-az000,6,elhigh-radnear-az270,235,6,ellow-radnear-az225 + ellow-radmid-az045 + elmid-radnear-az090 + elhigh-radnear-az270 + elhigh-radmid-az135 + elhigh-radfar-az000,0.7295396349481704,0.8038989882018116,0.07435935325364118,2
overall,all,perimeter_unique_az_best_overlap,8,203,5,ellow-radnear-az225 + ellow-radmid-az045 + elmid-radnear-az090 + elhigh-radmid-az135 + elhigh-radfar-az000,3,ellow-radfar-az315,207,6,ellow-radnear-az225 + ellow-radmid-az045 + ellow-radfar-az315 + elmid-radnear-az090 + elhigh-radmid-az135 + elhigh-radfar-az000,0.7295396349481704,0.7847206549719489,0.05518102002377845,3
overall,all,perimeter_unique_az_best_overlap,8,205,5,ellow-radnear-az225 + ellow-radfar-az315 + elmid-radnear-az090 + elhigh-radmid-az135 + elhigh-radfar-az000,5,elmid-radfar-az180,221,6,ellow-radnear-az225 + ellow-radfar-az315 + elmid-radnear-az090 + elmid-radfar-az180 + elhigh-radmid-az135 + elhigh-radfar-az000,0.7051731411569101,0.7990596031540911,0.09388646199718098,1
overall,all,perimeter_unique_az_best_overlap,8,205,5,ellow-radnear-az225 + ellow-radfar-az315 + elmid-radnear-az090 + elhigh-radmid-az135 + elhigh-radfar-az000,2,ellow-radmid-az045,207,6,ellow-radnear-az225 + ellow-radmid-az045 + ellow-radfar-az315 + elmid-radnear-az090 + elhigh-radmid-az135 + elhigh-radfar-az000,0.7051731411569101,0.7847206549719489,0.07954751381503877,2
overall,all,perimeter_unique_az_best_overlap,8,205,5,ellow-radnear-az225 + ellow-radfar-az315 + elmid-radnear-az090 + elhigh-radmid-az135 + elhigh-radfar-az000,6,elhigh-radnear-az270,237,6,ellow-radnear-az225 + ellow-radfar-az315 + elmid-radnear-az090 + elhigh-radnear-az270 + elhigh-radmid-az135 + elhigh-radfar-az000,0.7051731411569101,0.7776614460666238,0.0724883049097137,3
overall,all,perimeter_unique_az_best_overlap,8,206,5,ellow-radmid-az045 + ellow-radfar-az315 + elmid-radnear-az090 + elhigh-radmid-az135 + elhigh-radfar-az000,1,ellow-radnear-az225,207,6,ellow-radnear-az225 + ellow-radmid-az045 + ellow-radfar-az315 + elmid-radnear-az090 + elhigh-radmid-az135 + elhigh-radfar-az000,0.6630293485633115,0.7847206549719489,0.12169130640863735,1
overall,all,perimeter_unique_az_best_overlap,8,206,5,ellow-radmid-az045 + ellow-radfar-az315 + elmid-radnear-az090 + elhigh-radmid-az135 + elhigh-radfar-az000,6,elhigh-radnear-az270,238,6,ellow-radmid-az045 + ellow-radfar-az315 + elmid-radnear-az090 + elhigh-radnear-az270 + elhigh-radmid-az135 + elhigh-radfar-az000,0.6630293485633115,0.7567272922275643,0.09369794366425277,2
overall,all,perimeter_unique_az_best_overlap,8,206,5,ellow-radmid-az045 + ellow-radfar-az315 + elmid-radnear-az090 + elhigh-radmid-az135 + elhigh-radfar-az000,5,elmid-radfar-az180,222,6,ellow-radmid-az045 + ellow-radfar-az315 + elmid-radnear-az090 + elmid-radfar-az180 + elhigh-radmid-az135 + elhigh-radfar-az000,0.6630293485633115,0.7494386096024629,0.08640926103915136,3
overall,all,perimeter_unique_az_best_overlap,8,211,5,ellow-radnear-az225 + ellow-radmid-az045 + elmid-radfar-az180 + elhigh-radmid-az135 + elhigh-radfar-az000,4,elmid-radnear-az090,219,6,ellow-radnear-az225 + ellow-radmid-az045 + elmid-radnear-az090 + elmid-radfar-az180 + elhigh-radmid-az135 + elhigh-radfar-az000,0.7378327742319892,0.8218711256080539,0.08403835137606464,1
overall,all,perimeter_unique_az_best_overlap,8,211,5,ellow-radnear-az225 + ellow-radmid-az045 + elmid-radfar-az180 + elhigh-radmid-az135 + elhigh-radfar-az000,3,ellow-radfar-az315,215,6,ellow-radnear-az225 + ellow-radmid-az045 + ellow-radfar-az315 + elmid-radfar-az180 + elhigh-radmid-az135 + elhigh-radfar-az000,0.7378327742319892,0.7982345187497042,0.06040174451771496,2
overall,all,perimeter_unique_az_best_overlap,8,211,5,ellow-radnear-az225 + ellow-radmid-az045 + elmid-radfar-az180 + elhigh-radmid-az135 + elhigh-radfar-az000,6,elhigh-radnear-az270,243,6,ellow-radnear-az225 + ellow-radmid-az045 + elmid-radfar-az180 + elhigh-radnear-az270 + elhigh-radmid-az135 + elhigh-radfar-az000,0.7378327742319892,0.7947783725535558,0.05694559832156654,3
overall,all,perimeter_unique_az_best_overlap,8,213,5,ellow-radnear-az225 + ellow-radfar-az315 + elmid-radfar-az180 + elhigh-radmid-az135 + elhigh-radfar-az000,4,elmid-radnear-az090,221,6,ellow-radnear-az225 + ellow-radfar-az315 + elmid-radnear-az090 + elmid-radfar-az180 + elhigh-radmid-az135 + elhigh-radfar-az000,0.7133440456068814,0.7990596031540911,0.08571555754720972,1
overall,all,perimeter_unique_az_best_overlap,8,213,5,ellow-radnear-az225 + ellow-radfar-az315 + elmid-radfar-az180 + elhigh-radmid-az135 + elhigh-radfar-az000,2,ellow-radmid-az045,215,6,ellow-radnear-az225 + ellow-radmid-az045 + ellow-radfar-az315 + elmid-radfar-az180 + elhigh-radmid-az135 + elhigh-radfar-az000,0.7133440456068814,0.7982345187497042,0.08489047314282283,2
overall,all,perimeter_unique_az_best_overlap,8,213,5,ellow-radnear-az225 + ellow-radfar-az315 + elmid-radfar-az180 + elhigh-radmid-az135 + elhigh-radfar-az000,6,elhigh-radnear-az270,245,6,ellow-radnear-az225 + ellow-radfar-az315 + elmid-radfar-az180 + elhigh-radnear-az270 + elhigh-radmid-az135 + elhigh-radfar-az000,0.7133440456068814,0.7678556591128136,0.054511613505932255,3
overall,all,perimeter_unique_az_best_overlap,8,214,5,ellow-radmid-az045 + ellow-radfar-az315 + elmid-radfar-az180 + elhigh-radmid-az135 + elhigh-radfar-az000,1,ellow-radnear-az225,215,6,ellow-radnear-az225 + ellow-radmid-az045 + ellow-radfar-az315 + elmid-radfar-az180 + elhigh-radmid-az135 + elhigh-radfar-az000,0.668121280967055,0.7982345187497042,0.13011323778264916,1
overall,all,perimeter_unique_az_best_overlap,8,214,5,ellow-radmid-az045 + ellow-radfar-az315 + elmid-radfar-az180 + elhigh-radmid-az135 + elhigh-radfar-az000,4,elmid-radnear-az090,222,6,ellow-radmid-az045 + ellow-radfar-az315 + elmid-radnear-az090 + elmid-radfar-az180 + elhigh-radmid-az135 + elhigh-radfar-az000,0.668121280967055,0.7494386096024629,0.08131732863540786,2
overall,all,perimeter_unique_az_best_overlap,8,214,5,ellow-radmid-az045 + ellow-radfar-az315 + elmid-radfar-az180 + elhigh-radmid-az135 + elhigh-radfar-az000,6,elhigh-radnear-az270,246,6,ellow-radmid-az045 + ellow-radfar-az315 + elmid-radfar-az180 + elhigh-radnear-az270 + elhigh-radmid-az135 + elhigh-radfar-az000,0.668121280967055,0.7374762513389064,0.06935497037185134,3
overall,all,perimeter_unique_az_best_overlap,8,217,5,ellow-radnear-az225 + elmid-radnear-az090 + elmid-radfar-az180 + elhigh-radmid-az135 + elhigh-radfar-az000,2,ellow-radmid-az045,219,6,ellow-radnear-az225 + ellow-radmid-az045 + elmid-radnear-az090 + elmid-radfar-az180 + elhigh-radmid-az135 + elhigh-radfar-az000,0.7239441090357154,0.8218711256080539,0.09792701657233849,1
overall,all,perimeter_unique_az_best_overlap,8,217,5,ellow-radnear-az225 + elmid-radnear-az090 + elmid-radfar-az180 + elhigh-radmid-az135 + elhigh-radfar-az000,3,ellow-radfar-az315,221,6,ellow-radnear-az225 + ellow-radfar-az315 + elmid-radnear-az090 + elmid-radfar-az180 + elhigh-radmid-az135 + elhigh-radfar-az000,0.7239441090357154,0.7990596031540911,0.0751154941183757,2
overall,all,perimeter_unique_az_best_overlap,8,217,5,ellow-radnear-az225 + elmid-radnear-az090 + elmid-radfar-az180 + elhigh-radmid-az135 + elhigh-radfar-az000,6,elhigh-radnear-az270,249,6,ellow-radnear-az225 + elmid-radnear-az090 + elmid-radfar-az180 + elhigh-radnear-az270 + elhigh-radmid-az135 + elhigh-radfar-az000,0.7239441090357154,0.7849229359189807,0.06097882688326528,3
overall,all,perimeter_unique_az_best_overlap,8,218,5,ellow-radmid-az045 + elmid-radnear-az090 + elmid-radfar-az180 + elhigh-radmid-az135 + elhigh-radfar-az000,1,ellow-radnear-az225,219,6,ellow-radnear-az225 + ellow-radmid-az045 + elmid-radnear-az090 + elmid-radfar-az180 + elhigh-radmid-az135 + elhigh-radfar-az000,0.7010842110106925,0.8218711256080539,0.12078691459736135,1
overall,all,perimeter_unique_az_best_overlap,8,218,5,ellow-radmid-az045 + elmid-radnear-az090 + elmid-radfar-az180 + elhigh-radmid-az135 + elhigh-radfar-az000,6,elhigh-radnear-az270,250,6,ellow-radmid-az045 + elmid-radnear-az090 + elmid-radfar-az180 + elhigh-radnear-az270 + elhigh-radmid-az135 + elhigh-radfar-az000,0.7010842110106925,0.7769063946972442,0.07582218368655169,2
overall,all,perimeter_unique_az_best_overlap,8,218,5,ellow-radmid-az045 + elmid-radnear-az090 + elmid-radfar-az180 + elhigh-radmid-az135 + elhigh-radfar-az000,3,ellow-radfar-az315,222,6,ellow-radmid-az045 + ellow-radfar-az315 + elmid-radnear-az090 + elmid-radfar-az180 + elhigh-radmid-az135 + elhigh-radfar-az000,0.7010842110106925,0.7494386096024629,0.048354398591770376,3
overall,all,perimeter_unique_az_best_overlap,8,220,5,ellow-radfar-az315 + elmid-radnear-az090 + elmid-radfar-az180 + elhigh-radmid-az135 + elhigh-radfar-az000,1,ellow-radnear-az225,221,6,ellow-radnear-az225 + ellow-radfar-az315 + elmid-radnear-az090 + elmid-radfar-az180 + elhigh-radmid-az135 + elhigh-radfar-az000,0.6706487887161603,0.7990596031540911,0.1284108144379308,1
overall,all,perimeter_unique_az_best_overlap,8,220,5,ellow-radfar-az315 + elmid-radnear-az090 + elmid-radfar-az180 + elhigh-radmid-az135 + elhigh-radfar-az000,6,elhigh-radnear-az270,252,6,ellow-radfar-az315 + elmid-radnear-az090 + elmid-radfar-az180 + elhigh-radnear-az270 + elhigh-radmid-az135 + elhigh-radfar-az000,0.6706487887161603,0.7567388964141092,0.08609010769794889,2
overall,all,perimeter_unique_az_best_overlap,8,220,5,ellow-radfar-az315 + elmid-radnear-az090 + elmid-radfar-az180 + elhigh-radmid-az135 + elhigh-radfar-az000,2,ellow-radmid-az045,222,6,ellow-radmid-az045 + ellow-radfar-az315 + elmid-radnear-az090 + elmid-radfar-az180 + elhigh-radmid-az135 + elhigh-radfar-az000,0.6706487887161603,0.7494386096024629,0.0787898208863026,3
overall,all,perimeter_unique_az_best_overlap,8,227,5,ellow-radnear-az225 + ellow-radmid-az045 + elhigh-radnear-az270 + elhigh-radmid-az135 + elhigh-radfar-az000,4,elmid-radnear-az090,235,6,ellow-radnear-az225 + ellow-radmid-az045 + elmid-radnear-az090 + elhigh-radnear-az270 + elhigh-radmid-az135 + elhigh-radfar-az000,0.7139903812867184,0.8038989882018116,0.08990860691509317,1
overall,all,perimeter_unique_az_best_overlap,8,227,5,ellow-radnear-az225 + ellow-radmid-az045 + elhigh-radnear-az270 + elhigh-radmid-az135 + elhigh-radfar-az000,5,elmid-radfar-az180,243,6,ellow-radnear-az225 + ellow-radmid-az045 + elmid-radfar-az180 + elhigh-radnear-az270 + elhigh-radmid-az135 + elhigh-radfar-az000,0.7139903812867184,0.7947783725535558,0.08078799126683733,2
overall,all,perimeter_unique_az_best_overlap,8,227,5,ellow-radnear-az225 + ellow-radmid-az045 + elhigh-radnear-az270 + elhigh-radmid-az135 + elhigh-radfar-az000,3,ellow-radfar-az315,231,6,ellow-radnear-az225 + ellow-radmid-az045 + ellow-radfar-az315 + elhigh-radnear-az270 + elhigh-radmid-az135 + elhigh-radfar-az000,0.7139903812867184,0.7859847835158097,0.07199440222909126,3
overall,all,perimeter_unique_az_best_overlap,8,229,5,ellow-radnear-az225 + ellow-radfar-az315 + elhigh-radnear-az270 + elhigh-radmid-az135 + elhigh-radfar-az000,2,ellow-radmid-az045,231,6,ellow-radnear-az225 + ellow-radmid-az045 + ellow-radfar-az315 + elhigh-radnear-az270 + elhigh-radmid-az135 + elhigh-radfar-az000,0.6916213816499303,0.7859847835158097,0.09436340186587944,1
overall,all,perimeter_unique_az_best_overlap,8,229,5,ellow-radnear-az225 + ellow-radfar-az315 + elhigh-radnear-az270 + elhigh-radmid-az135 + elhigh-radfar-az000,4,elmid-radnear-az090,237,6,ellow-radnear-az225 + ellow-radfar-az315 + elmid-radnear-az090 + elhigh-radnear-az270 + elhigh-radmid-az135 + elhigh-radfar-az000,0.6916213816499303,0.7776614460666238,0.08604006441669354,2
overall,all,perimeter_unique_az_best_overlap,8,229,5,ellow-radnear-az225 + ellow-radfar-az315 + elhigh-radnear-az270 + elhigh-radmid-az135 + elhigh-radfar-az000,5,elmid-radfar-az180,245,6,ellow-radnear-az225 + ellow-radfar-az315 + elmid-radfar-az180 + elhigh-radnear-az270 + elhigh-radmid-az135 + elhigh-radfar-az000,0.6916213816499303,0.7678556591128136,0.07623427746288336,3
overall,all,perimeter_unique_az_best_overlap,8,230,5,ellow-radmid-az045 + ellow-radfar-az315 + elhigh-radnear-az270 + elhigh-radmid-az135 + elhigh-radfar-az000,1,ellow-radnear-az225,231,6,ellow-radnear-az225 + ellow-radmid-az045 + ellow-radfar-az315 + elhigh-radnear-az270 + elhigh-radmid-az135 + elhigh-radfar-az000,0.6752867680657421,0.7859847835158097,0.11069801545006763,1
overall,all,perimeter_unique_az_best_overlap,8,230,5,ellow-radmid-az045 + ellow-radfar-az315 + elhigh-radnear-az270 + elhigh-radmid-az135 + elhigh-radfar-az000,4,elmid-radnear-az090,238,6,ellow-radmid-az045 + ellow-radfar-az315 + elmid-radnear-az090 + elhigh-radnear-az270 + elhigh-radmid-az135 + elhigh-radfar-az000,0.6752867680657421,0.7567272922275643,0.08144052416182224,2
overall,all,perimeter_unique_az_best_overlap,8,230,5,ellow-radmid-az045 + ellow-radfar-az315 + elhigh-radnear-az270 + elhigh-radmid-az135 + elhigh-radfar-az000,5,elmid-radfar-az180,246,6,ellow-radmid-az045 + ellow-radfar-az315 + elmid-radfar-az180 + elhigh-radnear-az270 + elhigh-radmid-az135 + elhigh-radfar-az000,0.6752867680657421,0.7374762513389064,0.062189483273164314,3
overall,all,perimeter_unique_az_best_overlap,8,233,5,ellow-radnear-az225 + elmid-radnear-az090 + elhigh-radnear-az270 + elhigh-radmid-az135 + elhigh-radfar-az000,2,ellow-radmid-az045,235,6,ellow-radnear-az225 + ellow-radmid-az045 + elmid-radnear-az090 + elhigh-radnear-az270 + elhigh-radmid-az135 + elhigh-radfar-az000,0.6965566848716646,0.8038989882018116,0.10734230333014705,1
overall,all,perimeter_unique_az_best_overlap,8,233,5,ellow-radnear-az225 + elmid-radnear-az090 + elhigh-radnear-az270 + elhigh-radmid-az135 + elhigh-radfar-az000,5,elmid-radfar-az180,249,6,ellow-radnear-az225 + elmid-radnear-az090 + elmid-radfar-az180 + elhigh-radnear-az270 + elhigh-radmid-az135 + elhigh-radfar-az000,0.6965566848716646,0.7849229359189807,0.0883662510473161,2
overall,all,perimeter_unique_az_best_overlap,8,233,5,ellow-radnear-az225 + elmid-radnear-az090 + elhigh-radnear-az270 + elhigh-radmid-az135 + elhigh-radfar-az000,3,ellow-radfar-az315,237,6,ellow-radnear-az225 + ellow-radfar-az315 + elmid-radnear-az090 + elhigh-radnear-az270 + elhigh-radmid-az135 + elhigh-radfar-az000,0.6965566848716646,0.7776614460666238,0.08110476119495924,3
overall,all,perimeter_unique_az_best_overlap,8,234,5,ellow-radmid-az045 + elmid-radnear-az090 + elhigh-radnear-az270 + elhigh-radmid-az135 + elhigh-radfar-az000,1,ellow-radnear-az225,235,6,ellow-radnear-az225 + ellow-radmid-az045 + elmid-radnear-az090 + elhigh-radnear-az270 + elhigh-radmid-az135 + elhigh-radfar-az000,0.702527295925553,0.8038989882018116,0.10137169227625864,1
overall,all,perimeter_unique_az_best_overlap,8,234,5,ellow-radmid-az045 + elmid-radnear-az090 + elhigh-radnear-az270 + elhigh-radmid-az135 + elhigh-radfar-az000,5,elmid-radfar-az180,250,6,ellow-radmid-az045 + elmid-radnear-az090 + elmid-radfar-az180 + elhigh-radnear-az270 + elhigh-radmid-az135 + elhigh-radfar-az000,0.702527295925553,0.7769063946972442,0.07437909877169124,2
overall,all,perimeter_unique_az_best_overlap,8,234,5,ellow-radmid-az045 + elmid-radnear-az090 + elhigh-radnear-az270 + elhigh-radmid-az135 + elhigh-radfar-az000,3,ellow-radfar-az315,238,6,ellow-radmid-az045 + ellow-radfar-az315 + elmid-radnear-az090 + elhigh-radnear-az270 + elhigh-radmid-az135 + elhigh-radfar-az000,0.702527295925553,0.7567272922275643,0.05419999630201133,3
overall,all,perimeter_unique_az_best_overlap,8,236,5,ellow-radfar-az315 + elmid-radnear-az090 + elhigh-radnear-az270 + elhigh-radmid-az135 + elhigh-radfar-az000,1,ellow-radnear-az225,237,6,ellow-radnear-az225 + ellow-radfar-az315 + elmid-radnear-az090 + elhigh-radnear-az270 + elhigh-radmid-az135 + elhigh-radfar-az000,0.6808048262614914,0.7776614460666238,0.09685661980513238,1
overall,all,perimeter_unique_az_best_overlap,8,236,5,ellow-radfar-az315 + elmid-radnear-az090 + elhigh-radnear-az270 + elhigh-radmid-az135 + elhigh-radfar-az000,5,elmid-radfar-az180,252,6,ellow-radfar-az315 + elmid-radnear-az090 + elmid-radfar-az180 + elhigh-radnear-az270 + elhigh-radmid-az135 + elhigh-radfar-az000,0.6808048262614914,0.7567388964141092,0.07593407015261777,2
overall,all,perimeter_unique_az_best_overlap,8,236,5,ellow-radfar-az315 + elmid-radnear-az090 + elhigh-radnear-az270 + elhigh-radmid-az135 + elhigh-radfar-az000,2,ellow-radmid-az045,238,6,ellow-radmid-az045 + ellow-radfar-az315 + elmid-radnear-az090 + elhigh-radnear-az270 + elhigh-radmid-az135 + elhigh-radfar-az000,0.6808048262614914,0.7567272922275643,0.07592246596607288,3
overall,all,perimeter_unique_az_best_overlap,8,241,5,ellow-radnear-az225 + elmid-radfar-az180 + elhigh-radnear-az270 + elhigh-radmid-az135 + elhigh-radfar-az000,2,ellow-radmid-az045,243,6,ellow-radnear-az225 + ellow-radmid-az045 + elmid-radfar-az180 + elhigh-radnear-az270 + elhigh-radmid-az135 + elhigh-radfar-az000,0.6820158577501793,0.7947783725535558,0.11276251480337651,1
overall,all,perimeter_unique_az_best_overlap,8,241,5,ellow-radnear-az225 + elmid-radfar-az180 + elhigh-radnear-az270 + elhigh-radmid-az135 + elhigh-radfar-az000,4,elmid-radnear-az090,249,6,ellow-radnear-az225 + elmid-radnear-az090 + elmid-radfar-az180 + elhigh-radnear-az270 + elhigh-radmid-az135 + elhigh-radfar-az000,0.6820158577501793,0.7849229359189807,0.1029070781688014,2
overall,all,perimeter_unique_az_best_overlap,8,241,5,ellow-radnear-az225 + elmid-radfar-az180 + elhigh-radnear-az270 + elhigh-radmid-az135 + elhigh-radfar-az000,3,ellow-radfar-az315,245,6,ellow-radnear-az225 + ellow-radfar-az315 + elmid-radfar-az180 + elhigh-radnear-az270 + elhigh-radmid-az135 + elhigh-radfar-az000,0.6820158577501793,0.7678556591128136,0.08583980136263436,3
overall,all,perimeter_unique_az_best_overlap,8,242,5,ellow-radmid-az045 + elmid-radfar-az180 + elhigh-radnear-az270 + elhigh-radmid-az135 + elhigh-radfar-az000,1,ellow-radnear-az225,243,6,ellow-radnear-az225 + ellow-radmid-az045 + elmid-radfar-az180 + elhigh-radnear-az270 + elhigh-radmid-az135 + elhigh-radfar-az000,0.6786184669488702,0.7947783725535558,0.11615990560468559,1
overall,all,perimeter_unique_az_best_overlap,8,242,5,ellow-radmid-az045 + elmid-radfar-az180 + elhigh-radnear-az270 + elhigh-radmid-az135 + elhigh-radfar-az000,4,elmid-radnear-az090,250,6,ellow-radmid-az045 + elmid-radnear-az090 + elmid-radfar-az180 + elhigh-radnear-az270 + elhigh-radmid-az135 + elhigh-radfar-az000,0.6786184669488702,0.7769063946972442,0.09828792774837403,2
overall,all,perimeter_unique_az_best_overlap,8,242,5,ellow-radmid-az045 + elmid-radfar-az180 + elhigh-radnear-az270 + elhigh-radmid-az135 + elhigh-radfar-az000,3,ellow-radfar-az315,246,6,ellow-radmid-az045 + ellow-radfar-az315 + elmid-radfar-az180 + elhigh-radnear-az270 + elhigh-radmid-az135 + elhigh-radfar-az000,0.6786184669488702,0.7374762513389064,0.058857784390036194,3
overall,all,perimeter_unique_az_best_overlap,8,244,5,ellow-radfar-az315 + elmid-radfar-az180 + elhigh-radnear-az270 + elhigh-radmid-az135 + elhigh-radfar-az000,1,ellow-radnear-az225,245,6,ellow-radnear-az225 + ellow-radfar-az315 + elmid-radfar-az180 + elhigh-radnear-az270 + elhigh-radmid-az135 + elhigh-radfar-az000,0.6546729050389309,0.7678556591128136,0.11318275407388267,1
overall,all,perimeter_unique_az_best_overlap,8,244,5,ellow-radfar-az315 + elmid-radfar-az180 + elhigh-radnear-az270 + elhigh-radmid-az135 + elhigh-radfar-az000,4,elmid-radnear-az090,252,6,ellow-radfar-az315 + elmid-radnear-az090 + elmid-radfar-az180 + elhigh-radnear-az270 + elhigh-radmid-az135 + elhigh-radfar-az000,0.6546729050389309,0.7567388964141092,0.10206599137517824,2
overall,all,perimeter_unique_az_best_overlap,8,244,5,ellow-radfar-az315 + elmid-radfar-az180 + elhigh-radnear-az270 + elhigh-radmid-az135 + elhigh-radfar-az000,2,ellow-radmid-az045,246,6,ellow-radmid-az045 + ellow-radfar-az315 + elmid-radfar-az180 + elhigh-radnear-az270 + elhigh-radmid-az135 + elhigh-radfar-az000,0.6546729050389309,0.7374762513389064,0.08280334629997543,3
overall,all,perimeter_unique_az_best_overlap,8,248,5,elmid-radnear-az090 + elmid-radfar-az180 + elhigh-radnear-az270 + elhigh-radmid-az135 + elhigh-radfar-az000,1,ellow-radnear-az225,249,6,ellow-radnear-az225 + elmid-radnear-az090 + elmid-radfar-az180 + elhigh-radnear-az270 + elhigh-radmid-az135 + elhigh-radfar-az000,0.682604425961413,0.7849229359189807,0.10231850995756764,1
overall,all,perimeter_unique_az_best_overlap,8,248,5,elmid-radnear-az090 + elmid-radfar-az180 + elhigh-radnear-az270 + elhigh-radmid-az135 + elhigh-radfar-az000,2,ellow-radmid-az045,250,6,ellow-radmid-az045 + elmid-radnear-az090 + elmid-radfar-az180 + elhigh-radnear-az270 + elhigh-radmid-az135 + elhigh-radfar-az000,0.682604425961413,0.7769063946972442,0.09430196873583119,2
overall,all,perimeter_unique_az_best_overlap,8,248,5,elmid-radnear-az090 + elmid-radfar-az180 + elhigh-radnear-az270 + elhigh-radmid-az135 + elhigh-radfar-az000,3,ellow-radfar-az315,252,6,ellow-radfar-az315 + elmid-radnear-az090 + elmid-radfar-az180 + elhigh-radnear-az270 + elhigh-radmid-az135 + elhigh-radfar-az000,0.682604425961413,0.7567388964141092,0.07413447045269617,3
overall,all,perimeter_unique_az_best_overlap,8,63,6,ellow-radnear-az225 + ellow-radmid-az045 + ellow-radfar-az315 + elmid-radnear-az090 + elmid-radfar-az180 + elhigh-radnear-az270,8,elhigh-radfar-az000,191,7,ellow-radnear-az225 + ellow-radmid-az045 + ellow-radfar-az315 + elmid-radnear-az090 + elmid-radfar-az180 + elhigh-radnear-az270 + elhigh-radfar-az000,0.7884025965184096,0.8628533834665002,0.0744507869480906,1
overall,all,perimeter_unique_az_best_overlap,8,63,6,ellow-radnear-az225 + ellow-radmid-az045 + ellow-radfar-az315 + elmid-radnear-az090 + elmid-radfar-az180 + elhigh-radnear-az270,7,elhigh-radmid-az135,127,7,ellow-radnear-az225 + ellow-radmid-az045 + ellow-radfar-az315 + elmid-radnear-az090 + elmid-radfar-az180 + elhigh-radnear-az270 + elhigh-radmid-az135,0.7884025965184096,0.8400507193992436,0.05164812288083398,2
overall,all,perimeter_unique_az_best_overlap,8,95,6,ellow-radnear-az225 + ellow-radmid-az045 + ellow-radfar-az315 + elmid-radnear-az090 + elmid-radfar-az180 + elhigh-radmid-az135,8,elhigh-radfar-az000,223,7,ellow-radnear-az225 + ellow-radmid-az045 + ellow-radfar-az315 + elmid-radnear-az090 + elmid-radfar-az180 + elhigh-radmid-az135 + elhigh-radfar-az000,0.7643789103044304,0.8646135216633275,0.10023461135889711,1
overall,all,perimeter_unique_az_best_overlap,8,95,6,ellow-radnear-az225 + ellow-radmid-az045 + ellow-radfar-az315 + elmid-radnear-az090 + elmid-radfar-az180 + elhigh-radmid-az135,6,elhigh-radnear-az270,127,7,ellow-radnear-az225 + ellow-radmid-az045 + ellow-radfar-az315 + elmid-radnear-az090 + elmid-radfar-az180 + elhigh-radnear-az270 + elhigh-radmid-az135,0.7643789103044304,0.8400507193992436,0.07567180909481319,2
overall,all,perimeter_unique_az_best_overlap,8,111,6,ellow-radnear-az225 + ellow-radmid-az045 + ellow-radfar-az315 + elmid-radnear-az090 + elhigh-radnear-az270 + elhigh-radmid-az135,8,elhigh-radfar-az000,239,7,ellow-radnear-az225 + ellow-radmid-az045 + ellow-radfar-az315 + elmid-radnear-az090 + elhigh-radnear-az270 + elhigh-radmid-az135 + elhigh-radfar-az000,0.7720692582331602,0.8524869819921107,0.08041772375895051,1
overall,all,perimeter_unique_az_best_overlap,8,111,6,ellow-radnear-az225 + ellow-radmid-az045 + ellow-radfar-az315 + elmid-radnear-az090 + elhigh-radnear-az270 + elhigh-radmid-az135,5,elmid-radfar-az180,127,7,ellow-radnear-az225 + ellow-radmid-az045 + ellow-radfar-az315 + elmid-radnear-az090 + elmid-radfar-az180 + elhigh-radnear-az270 + elhigh-radmid-az135,0.7720692582331602,0.8400507193992436,0.06798146116608339,2
overall,all,perimeter_unique_az_best_overlap,8,119,6,ellow-radnear-az225 + ellow-radmid-az045 + ellow-radfar-az315 + elmid-radfar-az180 + elhigh-radnear-az270 + elhigh-radmid-az135,8,elhigh-radfar-az000,247,7,ellow-radnear-az225 + ellow-radmid-az045 + ellow-radfar-az315 + elmid-radfar-az180 + elhigh-radnear-az270 + elhigh-radmid-az135 + elhigh-radfar-az000,0.7720971830359034,0.8480241543102746,0.0759269712743712,1
overall,all,perimeter_unique_az_best_overlap,8,119,6,ellow-radnear-az225 + ellow-radmid-az045 + ellow-radfar-az315 + elmid-radfar-az180 + elhigh-radnear-az270 + elhigh-radmid-az135,4,elmid-radnear-az090,127,7,ellow-radnear-az225 + ellow-radmid-az045 + ellow-radfar-az315 + elmid-radnear-az090 + elmid-radfar-az180 + elhigh-radnear-az270 + elhigh-radmid-az135,0.7720971830359034,0.8400507193992436,0.06795353636334023,2
overall,all,perimeter_unique_az_best_overlap,8,123,6,ellow-radnear-az225 + ellow-radmid-az045 + elmid-radnear-az090 + elmid-radfar-az180 + elhigh-radnear-az270 + elhigh-radmid-az135,8,elhigh-radfar-az000,251,7,ellow-radnear-az225 + ellow-radmid-az045 + elmid-radnear-az090 + elmid-radfar-az180 + elhigh-radnear-az270 + elhigh-radmid-az135 + elhigh-radfar-az000,0.8037075945601305,0.878127974595076,0.07442038003494544,1
overall,all,perimeter_unique_az_best_overlap,8,123,6,ellow-radnear-az225 + ellow-radmid-az045 + elmid-radnear-az090 + elmid-radfar-az180 + elhigh-radnear-az270 + elhigh-radmid-az135,3,ellow-radfar-az315,127,7,ellow-radnear-az225 + ellow-radmid-az045 + ellow-radfar-az315 + elmid-radnear-az090 + elmid-radfar-az180 + elhigh-radnear-az270 + elhigh-radmid-az135,0.8037075945601305,0.8400507193992436,0.03634312483911306,2
overall,all,perimeter_unique_az_best_overlap,8,125,6,ellow-radnear-az225 + ellow-radfar-az315 + elmid-radnear-az090 + elmid-radfar-az180 + elhigh-radnear-az270 + elhigh-radmid-az135,8,elhigh-radfar-az000,253,7,ellow-radnear-az225 + ellow-radfar-az315 + elmid-radnear-az090 + elmid-radfar-az180 + elhigh-radnear-az270 + elhigh-radmid-az135 + elhigh-radfar-az000,0.7653032600333798,0.8534454037729544,0.08814214373957463,1
overall,all,perimeter_unique_az_best_overlap,8,125,6,ellow-radnear-az225 + ellow-radfar-az315 + elmid-radnear-az090 + elmid-radfar-az180 + elhigh-radnear-az270 + elhigh-radmid-az135,2,ellow-radmid-az045,127,7,ellow-radnear-az225 + ellow-radmid-az045 + ellow-radfar-az315 + elmid-radnear-az090 + elmid-radfar-az180 + elhigh-radnear-az270 + elhigh-radmid-az135,0.7653032600333798,0.8400507193992436,0.0747474593658638,2
overall,all,perimeter_unique_az_best_overlap,8,126,6,ellow-radmid-az045 + ellow-radfar-az315 + elmid-radnear-az090 + elmid-radfar-az180 + elhigh-radnear-az270 + elhigh-radmid-az135,1,ellow-radnear-az225,127,7,ellow-radnear-az225 + ellow-radmid-az045 + ellow-radfar-az315 + elmid-radnear-az090 + elmid-radfar-az180 + elhigh-radnear-az270 + elhigh-radmid-az135,0.7313721894924351,0.8400507193992436,0.10867852990680849,1
overall,all,perimeter_unique_az_best_overlap,8,126,6,ellow-radmid-az045 + ellow-radfar-az315 + elmid-radnear-az090 + elmid-radfar-az180 + elhigh-radnear-az270 + elhigh-radmid-az135,8,elhigh-radfar-az000,254,7,ellow-radmid-az045 + ellow-radfar-az315 + elmid-radnear-az090 + elmid-radfar-az180 + elhigh-radnear-az270 + elhigh-radmid-az135 + elhigh-radfar-az000,0.7313721894924351,0.8186677668893788,0.08729557739694371,2
overall,all,perimeter_unique_az_best_overlap,8,159,6,ellow-radnear-az225 + ellow-radmid-az045 + ellow-radfar-az315 + elmid-radnear-az090 + elmid-radfar-az180 + elhigh-radfar-az000,7,elhigh-radmid-az135,223,7,ellow-radnear-az225 + ellow-radmid-az045 + ellow-radfar-az315 + elmid-radnear-az090 + elmid-radfar-az180 + elhigh-radmid-az135 + elhigh-radfar-az000,0.7948212123011192,0.8646135216633275,0.06979230936220826,1
overall,all,perimeter_unique_az_best_overlap,8,159,6,ellow-radnear-az225 + ellow-radmid-az045 + ellow-radfar-az315 + elmid-radnear-az090 + elmid-radfar-az180 + elhigh-radfar-az000,6,elhigh-radnear-az270,191,7,ellow-radnear-az225 + ellow-radmid-az045 + ellow-radfar-az315 + elmid-radnear-az090 + elmid-radfar-az180 + elhigh-radnear-az270 + elhigh-radfar-az000,0.7948212123011192,0.8628533834665002,0.06803217116538096,2
overall,all,perimeter_unique_az_best_overlap,8,175,6,ellow-radnear-az225 + ellow-radmid-az045 + ellow-radfar-az315 + elmid-radnear-az090 + elhigh-radnear-az270 + elhigh-radfar-az000,5,elmid-radfar-az180,191,7,ellow-radnear-az225 + ellow-radmid-az045 + ellow-radfar-az315 + elmid-radnear-az090 + elmid-radfar-az180 + elhigh-radnear-az270 + elhigh-radfar-az000,0.7860537715118325,0.8628533834665002,0.07679961195466767,1
overall,all,perimeter_unique_az_best_overlap,8,175,6,ellow-radnear-az225 + ellow-radmid-az045 + ellow-radfar-az315 + elmid-radnear-az090 + elhigh-radnear-az270 + elhigh-radfar-az000,7,elhigh-radmid-az135,239,7,ellow-radnear-az225 + ellow-radmid-az045 + ellow-radfar-az315 + elmid-radnear-az090 + elhigh-radnear-az270 + elhigh-radmid-az135 + elhigh-radfar-az000,0.7860537715118325,0.8524869819921107,0.06643321048027817,2
overall,all,perimeter_unique_az_best_overlap,8,183,6,ellow-radnear-az225 + ellow-radmid-az045 + ellow-radfar-az315 + elmid-radfar-az180 + elhigh-radnear-az270 + elhigh-radfar-az000,4,elmid-radnear-az090,191,7,ellow-radnear-az225 + ellow-radmid-az045 + ellow-radfar-az315 + elmid-radnear-az090 + elmid-radfar-az180 + elhigh-radnear-az270 + elhigh-radfar-az000,0.7852881372444666,0.8628533834665002,0.07756524622203365,1
overall,all,perimeter_unique_az_best_overlap,8,183,6,ellow-radnear-az225 + ellow-radmid-az045 + ellow-radfar-az315 + elmid-radfar-az180 + elhigh-radnear-az270 + elhigh-radfar-az000,7,elhigh-radmid-az135,247,7,ellow-radnear-az225 + ellow-radmid-az045 + ellow-radfar-az315 + elmid-radfar-az180 + elhigh-radnear-az270 + elhigh-radmid-az135 + elhigh-radfar-az000,0.7852881372444666,0.8480241543102746,0.062736017065808,2
overall,all,perimeter_unique_az_best_overlap,8,187,6,ellow-radnear-az225 + ellow-radmid-az045 + elmid-radnear-az090 + elmid-radfar-az180 + elhigh-radnear-az270 + elhigh-radfar-az000,7,elhigh-radmid-az135,251,7,ellow-radnear-az225 + ellow-radmid-az045 + elmid-radnear-az090 + elmid-radfar-az180 + elhigh-radnear-az270 + elhigh-radmid-az135 + elhigh-radfar-az000,0.8259631279023358,0.878127974595076,0.05216484669274013,1
overall,all,perimeter_unique_az_best_overlap,8,187,6,ellow-radnear-az225 + ellow-radmid-az045 + elmid-radnear-az090 + elmid-radfar-az180 + elhigh-radnear-az270 + elhigh-radfar-az000,3,ellow-radfar-az315,191,7,ellow-radnear-az225 + ellow-radmid-az045 + ellow-radfar-az315 + elmid-radnear-az090 + elmid-radfar-az180 + elhigh-radnear-az270 + elhigh-radfar-az000,0.8259631279023358,0.8628533834665002,0.036890255564164365,2
overall,all,perimeter_unique_az_best_overlap,8,189,6,ellow-radnear-az225 + ellow-radfar-az315 + elmid-radnear-az090 + elmid-radfar-az180 + elhigh-radnear-az270 + elhigh-radfar-az000,2,ellow-radmid-az045,191,7,ellow-radnear-az225 + ellow-radmid-az045 + ellow-radfar-az315 + elmid-radnear-az090 + elmid-radfar-az180 + elhigh-radnear-az270 + elhigh-radfar-az000,0.7908933626776208,0.8628533834665002,0.07196002078887942,1
overall,all,perimeter_unique_az_best_overlap,8,189,6,ellow-radnear-az225 + ellow-radfar-az315 + elmid-radnear-az090 + elmid-radfar-az180 + elhigh-radnear-az270 + elhigh-radfar-az000,7,elhigh-radmid-az135,253,7,ellow-radnear-az225 + ellow-radfar-az315 + elmid-radnear-az090 + elmid-radfar-az180 + elhigh-radnear-az270 + elhigh-radmid-az135 + elhigh-radfar-az000,0.7908933626776208,0.8534454037729544,0.06255204109533363,2
overall,all,perimeter_unique_az_best_overlap,8,190,6,ellow-radmid-az045 + ellow-radfar-az315 + elmid-radnear-az090 + elmid-radfar-az180 + elhigh-radnear-az270 + elhigh-radfar-az000,1,ellow-radnear-az225,191,7,ellow-radnear-az225 + ellow-radmid-az045 + ellow-radfar-az315 + elmid-radnear-az090 + elmid-radfar-az180 + elhigh-radnear-az270 + elhigh-radfar-az000,0.7437377254201408,0.8628533834665002,0.11911565804635937,1
overall,all,perimeter_unique_az_best_overlap,8,190,6,ellow-radmid-az045 + ellow-radfar-az315 + elmid-radnear-az090 + elmid-radfar-az180 + elhigh-radnear-az270 + elhigh-radfar-az000,7,elhigh-radmid-az135,254,7,ellow-radmid-az045 + ellow-radfar-az315 + elmid-radnear-az090 + elmid-radfar-az180 + elhigh-radnear-az270 + elhigh-radmid-az135 + elhigh-radfar-az000,0.7437377254201408,0.8186677668893788,0.07493004146923798,2
overall,all,perimeter_unique_az_best_overlap,8,207,6,ellow-radnear-az225 + ellow-radmid-az045 + ellow-radfar-az315 + elmid-radnear-az090 + elhigh-radmid-az135 + elhigh-radfar-az000,5,elmid-radfar-az180,223,7,ellow-radnear-az225 + ellow-radmid-az045 + ellow-radfar-az315 + elmid-radnear-az090 + elmid-radfar-az180 + elhigh-radmid-az135 + elhigh-radfar-az000,0.7847206549719489,0.8646135216633275,0.07989286669137863,1
overall,all,perimeter_unique_az_best_overlap,8,207,6,ellow-radnear-az225 + ellow-radmid-az045 + ellow-radfar-az315 + elmid-radnear-az090 + elhigh-radmid-az135 + elhigh-radfar-az000,6,elhigh-radnear-az270,239,7,ellow-radnear-az225 + ellow-radmid-az045 + ellow-radfar-az315 + elmid-radnear-az090 + elhigh-radnear-az270 + elhigh-radmid-az135 + elhigh-radfar-az000,0.7847206549719489,0.8524869819921107,0.06776632702016183,2
overall,all,perimeter_unique_az_best_overlap,8,215,6,ellow-radnear-az225 + ellow-radmid-az045 + ellow-radfar-az315 + elmid-radfar-az180 + elhigh-radmid-az135 + elhigh-radfar-az000,4,elmid-radnear-az090,223,7,ellow-radnear-az225 + ellow-radmid-az045 + ellow-radfar-az315 + elmid-radnear-az090 + elmid-radfar-az180 + elhigh-radmid-az135 + elhigh-radfar-az000,0.7982345187497042,0.8646135216633275,0.06637900291362331,1
overall,all,perimeter_unique_az_best_overlap,8,215,6,ellow-radnear-az225 + ellow-radmid-az045 + ellow-radfar-az315 + elmid-radfar-az180 + elhigh-radmid-az135 + elhigh-radfar-az000,6,elhigh-radnear-az270,247,7,ellow-radnear-az225 + ellow-radmid-az045 + ellow-radfar-az315 + elmid-radfar-az180 + elhigh-radnear-az270 + elhigh-radmid-az135 + elhigh-radfar-az000,0.7982345187497042,0.8480241543102746,0.04978963556057037,2
overall,all,perimeter_unique_az_best_overlap,8,219,6,ellow-radnear-az225 + ellow-radmid-az045 + elmid-radnear-az090 + elmid-radfar-az180 + elhigh-radmid-az135 + elhigh-radfar-az000,6,elhigh-radnear-az270,251,7,ellow-radnear-az225 + ellow-radmid-az045 + elmid-radnear-az090 + elmid-radfar-az180 + elhigh-radnear-az270 + elhigh-radmid-az135 + elhigh-radfar-az000,0.8218711256080539,0.878127974595076,0.0562568489870221,1
overall,all,perimeter_unique_az_best_overlap,8,219,6,ellow-radnear-az225 + ellow-radmid-az045 + elmid-radnear-az090 + elmid-radfar-az180 + elhigh-radmid-az135 + elhigh-radfar-az000,3,ellow-radfar-az315,223,7,ellow-radnear-az225 + ellow-radmid-az045 + ellow-radfar-az315 + elmid-radnear-az090 + elmid-radfar-az180 + elhigh-radmid-az135 + elhigh-radfar-az000,0.8218711256080539,0.8646135216633275,0.042742396055273635,2
overall,all,perimeter_unique_az_best_overlap,8,221,6,ellow-radnear-az225 + ellow-radfar-az315 + elmid-radnear-az090 + elmid-radfar-az180 + elhigh-radmid-az135 + elhigh-radfar-az000,2,ellow-radmid-az045,223,7,ellow-radnear-az225 + ellow-radmid-az045 + ellow-radfar-az315 + elmid-radnear-az090 + elmid-radfar-az180 + elhigh-radmid-az135 + elhigh-radfar-az000,0.7990596031540911,0.8646135216633275,0.06555391850923642,1
overall,all,perimeter_unique_az_best_overlap,8,221,6,ellow-radnear-az225 + ellow-radfar-az315 + elmid-radnear-az090 + elmid-radfar-az180 + elhigh-radmid-az135 + elhigh-radfar-az000,6,elhigh-radnear-az270,253,7,ellow-radnear-az225 + ellow-radfar-az315 + elmid-radnear-az090 + elmid-radfar-az180 + elhigh-radnear-az270 + elhigh-radmid-az135 + elhigh-radfar-az000,0.7990596031540911,0.8534454037729544,0.054385800618863334,2
overall,all,perimeter_unique_az_best_overlap,8,222,6,ellow-radmid-az045 + ellow-radfar-az315 + elmid-radnear-az090 + elmid-radfar-az180 + elhigh-radmid-az135 + elhigh-radfar-az000,1,ellow-radnear-az225,223,7,ellow-radnear-az225 + ellow-radmid-az045 + ellow-radfar-az315 + elmid-radnear-az090 + elmid-radfar-az180 + elhigh-radmid-az135 + elhigh-radfar-az000,0.7494386096024629,0.8646135216633275,0.11517491206086461,1
overall,all,perimeter_unique_az_best_overlap,8,222,6,ellow-radmid-az045 + ellow-radfar-az315 + elmid-radnear-az090 + elmid-radfar-az180 + elhigh-radmid-az135 + elhigh-radfar-az000,6,elhigh-radnear-az270,254,7,ellow-radmid-az045 + ellow-radfar-az315 + elmid-radnear-az090 + elmid-radfar-az180 + elhigh-radnear-az270 + elhigh-radmid-az135 + elhigh-radfar-az000,0.7494386096024629,0.8186677668893788,0.06922915728691592,2
overall,all,perimeter_unique_az_best_overlap,8,231,6,ellow-radnear-az225 + ellow-radmid-az045 + ellow-radfar-az315 + elhigh-radnear-az270 + elhigh-radmid-az135 + elhigh-radfar-az000,4,elmid-radnear-az090,239,7,ellow-radnear-az225 + ellow-radmid-az045 + ellow-radfar-az315 + elmid-radnear-az090 + elhigh-radnear-az270 + elhigh-radmid-az135 + elhigh-radfar-az000,0.7859847835158097,0.8524869819921107,0.06650219847630101,1
overall,all,perimeter_unique_az_best_overlap,8,231,6,ellow-radnear-az225 + ellow-radmid-az045 + ellow-radfar-az315 + elhigh-radnear-az270 + elhigh-radmid-az135 + elhigh-radfar-az000,5,elmid-radfar-az180,247,7,ellow-radnear-az225 + ellow-radmid-az045 + ellow-radfar-az315 + elmid-radfar-az180 + elhigh-radnear-az270 + elhigh-radmid-az135 + elhigh-radfar-az000,0.7859847835158097,0.8480241543102746,0.062039370794464865,2
overall,all,perimeter_unique_az_best_overlap,8,235,6,ellow-radnear-az225 + ellow-radmid-az045 + elmid-radnear-az090 + elhigh-radnear-az270 + elhigh-radmid-az135 + elhigh-radfar-az000,5,elmid-radfar-az180,251,7,ellow-radnear-az225 + ellow-radmid-az045 + elmid-radnear-az090 + elmid-radfar-az180 + elhigh-radnear-az270 + elhigh-radmid-az135 + elhigh-radfar-az000,0.8038989882018116,0.878127974595076,0.07422898639326436,1
overall,all,perimeter_unique_az_best_overlap,8,235,6,ellow-radnear-az225 + ellow-radmid-az045 + elmid-radnear-az090 + elhigh-radnear-az270 + elhigh-radmid-az135 + elhigh-radfar-az000,3,ellow-radfar-az315,239,7,ellow-radnear-az225 + ellow-radmid-az045 + ellow-radfar-az315 + elmid-radnear-az090 + elhigh-radnear-az270 + elhigh-radmid-az135 + elhigh-radfar-az000,0.8038989882018116,0.8524869819921107,0.0485879937902991,2
overall,all,perimeter_unique_az_best_overlap,8,237,6,ellow-radnear-az225 + ellow-radfar-az315 + elmid-radnear-az090 + elhigh-radnear-az270 + elhigh-radmid-az135 + elhigh-radfar-az000,5,elmid-radfar-az180,253,7,ellow-radnear-az225 + ellow-radfar-az315 + elmid-radnear-az090 + elmid-radfar-az180 + elhigh-radnear-az270 + elhigh-radmid-az135 + elhigh-radfar-az000,0.7776614460666238,0.8534454037729544,0.07578395770633062,1
overall,all,perimeter_unique_az_best_overlap,8,237,6,ellow-radnear-az225 + ellow-radfar-az315 + elmid-radnear-az090 + elhigh-radnear-az270 + elhigh-radmid-az135 + elhigh-radfar-az000,2,ellow-radmid-az045,239,7,ellow-radnear-az225 + ellow-radmid-az045 + ellow-radfar-az315 + elmid-radnear-az090 + elhigh-radnear-az270 + elhigh-radmid-az135 + elhigh-radfar-az000,0.7776614460666238,0.8524869819921107,0.07482553592548691,2
overall,all,perimeter_unique_az_best_overlap,8,238,6,ellow-radmid-az045 + ellow-radfar-az315 + elmid-radnear-az090 + elhigh-radnear-az270 + elhigh-radmid-az135 + elhigh-radfar-az000,1,ellow-radnear-az225,239,7,ellow-radnear-az225 + ellow-radmid-az045 + ellow-radfar-az315 + elmid-radnear-az090 + elhigh-radnear-az270 + elhigh-radmid-az135 + elhigh-radfar-az000,0.7567272922275643,0.8524869819921107,0.09575968976454641,1
overall,all,perimeter_unique_az_best_overlap,8,238,6,ellow-radmid-az045 + ellow-radfar-az315 + elmid-radnear-az090 + elhigh-radnear-az270 + elhigh-radmid-az135 + elhigh-radfar-az000,5,elmid-radfar-az180,254,7,ellow-radmid-az045 + ellow-radfar-az315 + elmid-radnear-az090 + elmid-radfar-az180 + elhigh-radnear-az270 + elhigh-radmid-az135 + elhigh-radfar-az000,0.7567272922275643,0.8186677668893788,0.061940474661814515,2
overall,all,perimeter_unique_az_best_overlap,8,243,6,ellow-radnear-az225 + ellow-radmid-az045 + elmid-radfar-az180 + elhigh-radnear-az270 + elhigh-radmid-az135 + elhigh-radfar-az000,4,elmid-radnear-az090,251,7,ellow-radnear-az225 + ellow-radmid-az045 + elmid-radnear-az090 + elmid-radfar-az180 + elhigh-radnear-az270 + elhigh-radmid-az135 + elhigh-radfar-az000,0.7947783725535558,0.878127974595076,0.0833496020415202,1
overall,all,perimeter_unique_az_best_overlap,8,243,6,ellow-radnear-az225 + ellow-radmid-az045 + elmid-radfar-az180 + elhigh-radnear-az270 + elhigh-radmid-az135 + elhigh-radfar-az000,3,ellow-radfar-az315,247,7,ellow-radnear-az225 + ellow-radmid-az045 + ellow-radfar-az315 + elmid-radfar-az180 + elhigh-radnear-az270 + elhigh-radmid-az135 + elhigh-radfar-az000,0.7947783725535558,0.8480241543102746,0.05324578175671879,2
overall,all,perimeter_unique_az_best_overlap,8,245,6,ellow-radnear-az225 + ellow-radfar-az315 + elmid-radfar-az180 + elhigh-radnear-az270 + elhigh-radmid-az135 + elhigh-radfar-az000,4,elmid-radnear-az090,253,7,ellow-radnear-az225 + ellow-radfar-az315 + elmid-radnear-az090 + elmid-radfar-az180 + elhigh-radnear-az270 + elhigh-radmid-az135 + elhigh-radfar-az000,0.7678556591128136,0.8534454037729544,0.0855897446601408,1
overall,all,perimeter_unique_az_best_overlap,8,245,6,ellow-radnear-az225 + ellow-radfar-az315 + elmid-radfar-az180 + elhigh-radnear-az270 + elhigh-radmid-az135 + elhigh-radfar-az000,2,ellow-radmid-az045,247,7,ellow-radnear-az225 + ellow-radmid-az045 + ellow-radfar-az315 + elmid-radfar-az180 + elhigh-radnear-az270 + elhigh-radmid-az135 + elhigh-radfar-az000,0.7678556591128136,0.8480241543102746,0.08016849519746094,2
overall,all,perimeter_unique_az_best_overlap,8,246,6,ellow-radmid-az045 + ellow-radfar-az315 + elmid-radfar-az180 + elhigh-radnear-az270 + elhigh-radmid-az135 + elhigh-radfar-az000,1,ellow-radnear-az225,247,7,ellow-radnear-az225 + ellow-radmid-az045 + ellow-radfar-az315 + elmid-radfar-az180 + elhigh-radnear-az270 + elhigh-radmid-az135 + elhigh-radfar-az000,0.7374762513389064,0.8480241543102746,0.11054790297136818,1
overall,all,perimeter_unique_az_best_overlap,8,246,6,ellow-radmid-az045 + ellow-radfar-az315 + elmid-radfar-az180 + elhigh-radnear-az270 + elhigh-radmid-az135 + elhigh-radfar-az000,4,elmid-radnear-az090,254,7,ellow-radmid-az045 + ellow-radfar-az315 + elmid-radnear-az090 + elmid-radfar-az180 + elhigh-radnear-az270 + elhigh-radmid-az135 + elhigh-radfar-az000,0.7374762513389064,0.8186677668893788,0.08119151555047244,2
overall,all,perimeter_unique_az_best_overlap,8,249,6,ellow-radnear-az225 + elmid-radnear-az090 + elmid-radfar-az180 + elhigh-radnear-az270 + elhigh-radmid-az135 + elhigh-radfar-az000,2,ellow-radmid-az045,251,7,ellow-radnear-az225 + ellow-radmid-az045 + elmid-radnear-az090 + elmid-radfar-az180 + elhigh-radnear-az270 + elhigh-radmid-az135 + elhigh-radfar-az000,0.7849229359189807,0.878127974595076,0.09320503867609531,1
overall,all,perimeter_unique_az_best_overlap,8,249,6,ellow-radnear-az225 + elmid-radnear-az090 + elmid-radfar-az180 + elhigh-radnear-az270 + elhigh-radmid-az135 + elhigh-radfar-az000,3,ellow-radfar-az315,253,7,ellow-radnear-az225 + ellow-radfar-az315 + elmid-radnear-az090 + elmid-radfar-az180 + elhigh-radnear-az270 + elhigh-radmid-az135 + elhigh-radfar-az000,0.7849229359189807,0.8534454037729544,0.06852246785397376,2
overall,all,perimeter_unique_az_best_overlap,8,250,6,ellow-radmid-az045 + elmid-radnear-az090 + elmid-radfar-az180 + elhigh-radnear-az270 + elhigh-radmid-az135 + elhigh-radfar-az000,1,ellow-radnear-az225,251,7,ellow-radnear-az225 + ellow-radmid-az045 + elmid-radnear-az090 + elmid-radfar-az180 + elhigh-radnear-az270 + elhigh-radmid-az135 + elhigh-radfar-az000,0.7769063946972442,0.878127974595076,0.10122157989783176,1
overall,all,perimeter_unique_az_best_overlap,8,250,6,ellow-radmid-az045 + elmid-radnear-az090 + elmid-radfar-az180 + elhigh-radnear-az270 + elhigh-radmid-az135 + elhigh-radfar-az000,3,ellow-radfar-az315,254,7,ellow-radmid-az045 + ellow-radfar-az315 + elmid-radnear-az090 + elmid-radfar-az180 + elhigh-radnear-az270 + elhigh-radmid-az135 + elhigh-radfar-az000,0.7769063946972442,0.8186677668893788,0.041761372192134605,2
overall,all,perimeter_unique_az_best_overlap,8,252,6,ellow-radfar-az315 + elmid-radnear-az090 + elmid-radfar-az180 + elhigh-radnear-az270 + elhigh-radmid-az135 + elhigh-radfar-az000,1,ellow-radnear-az225,253,7,ellow-radnear-az225 + ellow-radfar-az315 + elmid-radnear-az090 + elmid-radfar-az180 + elhigh-radnear-az270 + elhigh-radmid-az135 + elhigh-radfar-az000,0.7567388964141092,0.8534454037729544,0.09670650735884523,1
overall,all,perimeter_unique_az_best_overlap,8,252,6,ellow-radfar-az315 + elmid-radnear-az090 + elmid-radfar-az180 + elhigh-radnear-az270 + elhigh-radmid-az135 + elhigh-radfar-az000,2,ellow-radmid-az045,254,7,ellow-radmid-az045 + ellow-radfar-az315 + elmid-radnear-az090 + elmid-radfar-az180 + elhigh-radnear-az270 + elhigh-radmid-az135 + elhigh-radfar-az000,0.7567388964141092,0.8186677668893788,0.061928870475269626,2
overall,all,perimeter_unique_az_best_overlap,8,127,7,ellow-radnear-az225 + ellow-radmid-az045 + ellow-radfar-az315 + elmid-radnear-az090 + elmid-radfar-az180 + elhigh-radnear-az270 + elhigh-radmid-az135,8,elhigh-radfar-az000,255,8,ellow-radnear-az225 + ellow-radmid-az045 + ellow-radfar-az315 + elmid-radnear-az090 + elmid-radfar-az180 + elhigh-radnear-az270 + elhigh-radmid-az135 + elhigh-radfar-az000,0.8400507193992436,0.9142773444920025,0.0742266250927589,1
overall,all,perimeter_unique_az_best_overlap,8,191,7,ellow-radnear-az225 + ellow-radmid-az045 + ellow-radfar-az315 + elmid-radnear-az090 + elmid-radfar-az180 + elhigh-radnear-az270 + elhigh-radfar-az000,7,elhigh-radmid-az135,255,8,ellow-radnear-az225 + ellow-radmid-az045 + ellow-radfar-az315 + elmid-radnear-az090 + elmid-radfar-az180 + elhigh-radnear-az270 + elhigh-radmid-az135 + elhigh-radfar-az000,0.8628533834665002,0.9142773444920025,0.051423961025502285,1
overall,all,perimeter_unique_az_best_overlap,8,223,7,ellow-radnear-az225 + ellow-radmid-az045 + ellow-radfar-az315 + elmid-radnear-az090 + elmid-radfar-az180 + elhigh-radmid-az135 + elhigh-radfar-az000,6,elhigh-radnear-az270,255,8,ellow-radnear-az225 + ellow-radmid-az045 + ellow-radfar-az315 + elmid-radnear-az090 + elmid-radfar-az180 + elhigh-radnear-az270 + elhigh-radmid-az135 + elhigh-radfar-az000,0.8646135216633275,0.9142773444920025,0.049663822828674986,1
overall,all,perimeter_unique_az_best_overlap,8,239,7,ellow-radnear-az225 + ellow-radmid-az045 + ellow-radfar-az315 + elmid-radnear-az090 + elhigh-radnear-az270 + elhigh-radmid-az135 + elhigh-radfar-az000,5,elmid-radfar-az180,255,8,ellow-radnear-az225 + ellow-radmid-az045 + ellow-radfar-az315 + elmid-radnear-az090 + elmid-radfar-az180 + elhigh-radnear-az270 + elhigh-radmid-az135 + elhigh-radfar-az000,0.8524869819921107,0.9142773444920025,0.06179036249989178,1
overall,all,perimeter_unique_az_best_overlap,8,247,7,ellow-radnear-az225 + ellow-radmid-az045 + ellow-radfar-az315 + elmid-radfar-az180 + elhigh-radnear-az270 + elhigh-radmid-az135 + elhigh-radfar-az000,4,elmid-radnear-az090,255,8,ellow-radnear-az225 + ellow-radmid-az045 + ellow-radfar-az315 + elmid-radnear-az090 + elmid-radfar-az180 + elhigh-radnear-az270 + elhigh-radmid-az135 + elhigh-radfar-az000,0.8480241543102746,0.9142773444920025,0.06625319018172793,1
overall,all,perimeter_unique_az_best_overlap,8,251,7,ellow-radnear-az225 + ellow-radmid-az045 + elmid-radnear-az090 + elmid-radfar-az180 + elhigh-radnear-az270 + elhigh-radmid-az135 + elhigh-radfar-az000,3,ellow-radfar-az315,255,8,ellow-radnear-az225 + ellow-radmid-az045 + ellow-radfar-az315 + elmid-radnear-az090 + elmid-radfar-az180 + elhigh-radnear-az270 + elhigh-radmid-az135 + elhigh-radfar-az000,0.878127974595076,0.9142773444920025,0.03614936989692652,1
overall,all,perimeter_unique_az_best_overlap,8,253,7,ellow-radnear-az225 + ellow-radfar-az315 + elmid-radnear-az090 + elmid-radfar-az180 + elhigh-radnear-az270 + elhigh-radmid-az135 + elhigh-radfar-az000,2,ellow-radmid-az045,255,8,ellow-radnear-az225 + ellow-radmid-az045 + ellow-radfar-az315 + elmid-radnear-az090 + elmid-radfar-az180 + elhigh-radnear-az270 + elhigh-radmid-az135 + elhigh-radfar-az000,0.8534454037729544,0.9142773444920025,0.06083194071904807,1
overall,all,perimeter_unique_az_best_overlap,8,254,7,ellow-radmid-az045 + ellow-radfar-az315 + elmid-radnear-az090 + elmid-radfar-az180 + elhigh-radnear-az270 + elhigh-radmid-az135 + elhigh-radfar-az000,1,ellow-radnear-az225,255,8,ellow-radnear-az225 + ellow-radmid-az045 + ellow-radfar-az315 + elmid-radnear-az090 + elmid-radfar-az180 + elhigh-radnear-az270 + elhigh-radmid-az135 + elhigh-radfar-az000,0.8186677668893788,0.9142773444920025,0.09560957760262367,1
