pair_id,viewpoint_1,viewpoint_2,precision,recall,F1,mAP50,mAP50-95,delta_mAP50-95_vs_full_M4
p0569,ellow-radmid-az000,elmid-radmid-az225,0.7252476613685452,0.7718588894572121,0.74782767355684,0.7252476613685452,0.4957698038530213,nan
p0692,ellow-radmid-az090,elmid-radmid-az225,0.7218653211778473,0.7682199268030574,0.7443216083755468,0.7218653211778473,0.49509965121440075,nan
p1196,ellow-radfar-az135,elmid-radmid-az225,0.725773324043417,0.7718700223417365,0.7481122567620443,0.725773324043417,0.4947533910926863,nan
p1092,ellow-radfar-az045,elmid-radmid-az270,0.7234849433267172,0.7704126358605697,0.7462117215518872,0.7234849433267172,0.49405858130707453,nan
p0107,ellow-radnear-az045,elmid-radmid-az225,0.7199714798060118,0.7701780034035534,0.7442289556483559,0.7199714798060118,0.4935459215385386,nan
p0752,ellow-radmid-az135,elmid-radmid-az225,0.7208455324874136,0.7641333132545065,0.7418584940300836,0.7208455324874136,0.493520769959892,nan
p0502,ellow-radnear-az315,elmid-radmid-az045,0.7193421068182684,0.7653065168710741,0.7416127875965121,0.7193421068182684,0.4933872551586506,nan
p1145,ellow-radfar-az090,elmid-radmid-az270,0.7198924848929047,0.7653616245831859,0.7419310651928948,0.7198924848929047,0.49240799704043575,nan
p0839,ellow-radmid-az180,elhigh-radfar-az045,0.7218832309393954,0.7692811014017287,0.7448288762495119,0.7218832309393954,0.492081240087054,nan
p1091,ellow-radfar-az045,elmid-radmid-az225,0.7245066731737964,0.7737148063938601,0.7483026348380554,0.7245066731737964,0.49167719545924715,nan
p0811,ellow-radmid-az180,elmid-radmid-az225,0.7225106845970621,0.7697579828588197,0.7453863761912992,0.7225106845970621,0.49126334821721623,nan
p0038,ellow-radnear-az000,elmid-radmid-az270,0.7215014215786884,0.7689136986528562,0.7444534333000806,0.7215014215786884,0.4912164905084619,nan
p0034,ellow-radnear-az000,elmid-radmid-az090,0.7171472162247912,0.7627207674570935,0.7392322574312432,0.7171472162247912,0.4910923165554361,nan
p0688,ellow-radmid-az090,elmid-radmid-az045,0.7185916577706015,0.7642574956949592,0.7407214139233806,0.7185916577706015,0.49095038099200594,nan
p0865,ellow-radmid-az225,elmid-radmid-az045,0.7204200394398049,0.7720371138645941,0.745335980718616,0.7204200394398049,0.48994135855210424,nan
p0808,ellow-radmid-az180,elmid-radmid-az090,0.710777398382332,0.7559170646593523,0.7326526119109149,0.710777398382332,0.4896106607988433,nan
p1144,ellow-radfar-az090,elmid-radmid-az225,0.720097146130735,0.769032675504452,0.7437608553214593,0.720097146130735,0.48942576896430345,nan
p0244,ellow-radnear-az135,elmid-radmid-az225,0.7183837006070456,0.7673608449872794,0.7420650140127519,0.7183837006070456,0.4893344954555174,nan
p0807,ellow-radmid-az180,elmid-radmid-az045,0.7182470095626904,0.7655954453265121,0.7411657987392513,0.7182470095626904,0.4893049712273121,nan
p0033,ellow-radnear-az000,elmid-radmid-az045,0.7119009851213886,0.7592254917400254,0.7348020499938448,0.7119009851213886,0.4892212449668552,nan
p0810,ellow-radmid-az180,elmid-radmid-az180,0.7100024534097431,0.7580627834374684,0.7332459383550366,0.7100024534097431,0.48921879116018274,nan
p0069,ellow-radnear-az000,elhigh-radfar-az225,0.7156699787577909,0.7675276877957653,0.7406922710405672,0.7156699787577909,0.48919904446075463,nan
p1037,ellow-radfar-az000,elmid-radmid-az225,0.7205214864716061,0.7716009816628004,0.7451869375919784,0.7205214864716061,0.48913581011002,nan
p0724,ellow-radmid-az090,elhigh-radfar-az225,0.7120188507768968,0.7625162944004207,0.7364028960765895,0.7120188507768968,0.489075739643983,nan
p1090,ellow-radfar-az045,elmid-radmid-az180,0.7201461192692425,0.771829077789203,0.7450924334465048,0.7201461192692425,0.4890704185056009,nan
p0809,ellow-radmid-az180,elmid-radmid-az135,0.712370542758069,0.7591399073915615,0.7350119841865164,0.712370542758069,0.48902227599140896,nan
p0866,ellow-radmid-az225,elmid-radmid-az090,0.7198724472469441,0.7704756378818897,0.744314953695183,0.7198724472469441,0.4889272788093383,nan
p0506,ellow-radnear-az315,elmid-radmid-az225,0.7154153504128362,0.7622185331887342,0.7380757101796562,0.7154153504128362,0.48859871326546533,nan
p0869,ellow-radmid-az225,elmid-radmid-az225,0.7268614558768598,0.7774196232430193,0.751290921651789,0.7268614558768598,0.48839314090973324,nan
p0631,ellow-radmid-az045,elmid-radmid-az225,0.7187751221400016,0.7694594509323469,0.7432542165498927,0.7187751221400016,0.4883918760554505,nan
p0926,ellow-radmid-az270,elmid-radmid-az225,0.7227246177355648,0.7702275146779969,0.7457203402967092,0.7227246177355648,0.4882588862288467,nan
p0827,ellow-radmid-az180,elhigh-radnear-az225,0.7132027282108389,0.759037596328336,0.7354066798644624,0.7132027282108389,0.48791205368000184,nan
p0036,ellow-radnear-az000,elmid-radmid-az180,0.7175191896653238,0.7649083709304481,0.7404563286150272,0.7175191896653238,0.4878984912215228,nan
p0566,ellow-radmid-az000,elmid-radmid-az090,0.7192394575338125,0.7667158305047961,0.7422192073393369,0.7192394575338125,0.4878983768065956,nan
p1115,ellow-radfar-az045,elhigh-radmid-az225,0.7179300239727098,0.7694067670862794,0.7427775901996224,0.7179300239727098,0.4878931344524266,nan
p1390,ellow-radfar-az315,elmid-radmid-az045,0.7223837913876855,0.7701922115009384,0.7455223302056944,0.7223837913876855,0.48787164318521764,nan
p0843,ellow-radmid-az180,elhigh-radfar-az225,0.7142563302697393,0.761039188552093,0.7369059975736625,0.7142563302697393,0.4878590211293124,nan
p1297,ellow-radfar-az225,elmid-radmid-az225,0.7262510336677217,0.7816460196472372,0.752931015394053,0.7262510336677217,0.48737028588548886,nan
p0438,ellow-radnear-az270,elmid-radmid-az045,0.7069788564474356,0.7565766163394234,0.730937338529446,0.7069788564474356,0.48734042377962916,nan
p1294,ellow-radfar-az225,elmid-radmid-az090,0.7168490241545419,0.7722048322611811,0.7434979978310533,0.7168490241545419,0.48728311482261794,nan
p0691,ellow-radmid-az090,elmid-radmid-az180,0.7136661006353995,0.7650347818931275,0.7384581913693267,0.7136661006353995,0.4871466123540604,nan
p0593,ellow-radmid-az000,elhigh-radmid-az225,0.712584596827285,0.7640839501212098,0.73743624412461,0.712584596827285,0.4869773036756311,nan
p0978,ellow-radmid-az315,elmid-radmid-az045,0.7115183931023997,0.7588289820777229,0.7344125437042779,0.7115183931023997,0.48689530419439697,nan
p1394,ellow-radfar-az315,elmid-radmid-az225,0.7220304146365665,0.7697161694566639,0.7451111213009236,0.7220304146365665,0.48682461785305126,nan
p0864,ellow-radmid-az225,elmid-radmid-az000,0.7273504474429512,0.7802453605961085,0.7528699789674168,0.7273504474429512,0.48656320232257866,nan
p1293,ellow-radfar-az225,elmid-radmid-az045,0.7200913878025824,0.7750124143159837,0.7465431687060472,0.7200913878025824,0.4863952475007074,nan
p0749,ellow-radmid-az135,elmid-radmid-az090,0.7082196510586505,0.7527861126778356,0.7298231550832593,0.7082196510586505,0.48636425166349756,nan
p0821,ellow-radmid-az180,elmid-radfar-az315,0.7165559099343544,0.7713090868415287,0.7429250446243526,0.7165559099343544,0.48635365086136345,nan
p0868,ellow-radmid-az225,elmid-radmid-az180,0.7182165004311182,0.773893792265383,0.7450163622713726,0.7182165004311182,0.48633805158022714,nan
p0565,ellow-radmid-az000,elmid-radmid-az045,0.7190897028790774,0.7644127992941675,0.7410589087866795,0.7190897028790774,0.48605371551276705,nan
p0308,ellow-radnear-az180,elmid-radmid-az090,0.7086332791168212,0.7566988370527072,0.7318777392339746,0.7086332791168212,0.4860439238627808,nan
p0601,ellow-radmid-az000,elhigh-radfar-az225,0.715043905507305,0.7646626401325131,0.7390213447484069,0.715043905507305,0.48603066863093414,nan
p1087,ellow-radfar-az045,elmid-radmid-az045,0.7115995991977678,0.7614110296045797,0.7356631009946114,0.7115995991977678,0.48598553478702666,nan
p0311,ellow-radnear-az180,elmid-radmid-az225,0.7160759342064728,0.7654835098498203,0.7399558912528287,0.7160759342064728,0.4857554438630219,nan
p1247,ellow-radfar-az180,elmid-radmid-az225,0.7174511816882007,0.7689100162123267,0.7422898290437558,0.7174511816882007,0.4857145697410744,nan
p0833,ellow-radmid-az180,elhigh-radmid-az135,0.7133398313452315,0.7616834526172604,0.7367194152607921,0.7133398313452315,0.4856975983198173,nan
p1192,ellow-radfar-az135,elmid-radmid-az045,0.7135256964821187,0.7604694358962505,0.7362500349993678,0.7135256964821187,0.48559856494805415,nan
p0830,ellow-radmid-az180,elhigh-radmid-az000,0.7131839784664429,0.7628155511758626,0.7371653157037443,0.7131839784664429,0.4855965634456038,nan
p0806,ellow-radmid-az180,elmid-radmid-az000,0.7196987063946886,0.7680099929437672,0.7430699284955583,0.7196987063946886,0.48558583604079814,nan
p0901,ellow-radmid-az225,elhigh-radfar-az225,0.7173990830761916,0.7739116246978813,0.7445845953442677,0.7173990830761916,0.4855456888152107,nan
p0835,ellow-radmid-az180,elhigh-radmid-az225,0.7085377879138615,0.7588307808314249,0.7328224064537339,0.7085377879138615,0.48532193684344466,nan
p1267,ellow-radfar-az180,elhigh-radmid-az045,0.7131606712712116,0.7621994673565438,0.7368650806685509,0.7131606712712116,0.4852595458541855,nan
p0108,ellow-radnear-az045,elmid-radmid-az270,0.7125591564214407,0.7617613683411573,0.7363392544603171,0.7125591564214407,0.4851590650564673,nan
p0693,ellow-radmid-az090,elmid-radmid-az270,0.7165799996153768,0.7634073091739806,0.7392528382716367,0.7165799996153768,0.4850628689787098,nan
p0897,ellow-radmid-az225,elhigh-radfar-az045,0.7219549791765706,0.7736484937867194,0.7469083782148797,0.7219549791765706,0.48505051779514236,nan
p0819,ellow-radmid-az180,elmid-radfar-az225,0.7159186404424925,0.7681527436328788,0.741116463500103,0.7159186404424925,0.48503716433275085,nan
p1139,ellow-radfar-az090,elmid-radmid-az000,0.7227503221909067,0.7706956000863024,0.7459533485138096,0.7227503221909067,0.4849522315819263,nan
p1345,ellow-radfar-az270,elmid-radmid-az180,0.7147106301206573,0.7663246058576381,0.7396182462434046,0.7147106301206573,0.48491026568813167,nan
p0981,ellow-radmid-az315,elmid-radmid-az180,0.7149727435661926,0.7637004568839855,0.7385337216564986,0.7149727435661926,0.48487790219792476,nan
p0840,ellow-radmid-az180,elhigh-radfar-az090,0.7106451194402552,0.7565525619544633,0.7328806371093493,0.7106451194402552,0.48486118420912894,nan
p0798,ellow-radmid-az180,elmid-radnear-az000,0.7119383190907534,0.7606723409801621,0.7354989373636149,0.7119383190907534,0.48485860774162387,nan
p0377,ellow-radnear-az225,elmid-radmid-az225,0.7189621177482594,0.771284401480391,0.7442047466905833,0.7189621177482594,0.4847827563396486,nan
p0838,ellow-radmid-az180,elhigh-radfar-az000,0.7152825904578327,0.7645961823869379,0.7391177548152653,0.7152825904578327,0.48477591028920647,nan
p0720,ellow-radmid-az090,elhigh-radfar-az045,0.7121671080420185,0.7633693395827074,0.7368798457180886,0.7121671080420185,0.4847157578603862,nan
p0570,ellow-radmid-az000,elmid-radmid-az270,0.7188110680135535,0.7645536582223705,0.7409770798784443,0.7188110680135535,0.4846085343891707,nan
p0876,ellow-radmid-az225,elmid-radfar-az180,0.7210442339399957,0.7775083761538739,0.748212545478377,0.7210442339399957,0.48458937660326,nan
p0982,ellow-radmid-az315,elmid-radmid-az225,0.7153941238763456,0.7658806556266977,0.739777019372086,0.7153941238763456,0.48444005262498585,nan
p1248,ellow-radfar-az180,elmid-radmid-az270,0.7214405416674208,0.7688820318631782,0.7444061834635148,0.7214405416674208,0.48441544355272526,nan
p0065,ellow-radnear-az000,elhigh-radfar-az045,0.7148268262837884,0.7623596939870956,0.7378285044728714,0.7148268262837884,0.48433071908370157,nan
p0632,ellow-radmid-az045,elmid-radmid-az270,0.7199665313080583,0.7696763881193502,0.7439920428675687,0.7199665313080583,0.4842865314853065,nan
p0176,ellow-radnear-az090,elmid-radmid-az225,0.7129000960167527,0.7665580983113605,0.7387560445893754,0.7129000960167527,0.48424454358678537,nan
p0106,ellow-radnear-az045,elmid-radmid-az180,0.7152847372480686,0.7661685793595812,0.7398527983721606,0.7152847372480686,0.4841025644969132,nan
p1298,ellow-radfar-az225,elmid-radmid-az270,0.7245939707942928,0.7784078133735274,0.7505375101093683,0.7245939707942928,0.4840835648196793,nan
p0783,ellow-radmid-az135,elhigh-radfar-az180,0.7061709237199785,0.7564035258986724,0.7304245971590542,0.7061709237199785,0.48403014560334595,nan
p1325,ellow-radfar-az225,elhigh-radfar-az045,0.7262317277731678,0.7836368755529427,0.7538430308781808,0.7262317277731678,0.4839479579196728,nan
p0042,ellow-radnear-az000,elmid-radfar-az090,0.7139060486257526,0.7618502548777111,0.7370993487380928,0.7139060486257526,0.48385661392382456,nan
p1123,ellow-radfar-az045,elhigh-radfar-az225,0.7109782444284121,0.7691450136617488,0.7389186927981999,0.7109782444284121,0.48378567358882263,nan
p1243,ellow-radfar-az180,elmid-radmid-az045,0.7120543522874783,0.763274567832037,0.7367753327456199,0.7120543522874783,0.4836422644894605,nan
p0842,ellow-radmid-az180,elhigh-radfar-az180,0.7173451366519,0.7691402450408982,0.7423403162633496,0.7173451366519,0.4835964520959309,nan
p1296,ellow-radfar-az225,elmid-radmid-az180,0.7206772309347959,0.7770267423086967,0.7477919415498218,0.7206772309347959,0.4835888359274789,nan
p1244,ellow-radfar-az180,elmid-radmid-az090,0.7121094145479999,0.7628326390003338,0.7365988414931749,0.7121094145479999,0.4835821093935927,nan
p0574,ellow-radmid-az000,elmid-radfar-az090,0.7140043827460718,0.7650959649672476,0.7386677625388954,0.7140043827460718,0.4835171538295833,nan
p0538,ellow-radnear-az315,elhigh-radfar-az225,0.7068418317484619,0.7581435420588664,0.7315944303313365,0.7068418317484619,0.4834842375520213,nan
p0568,ellow-radmid-az000,elmid-radmid-az180,0.7133796964371535,0.7645073015177998,0.7380591174229668,0.7133796964371535,0.4833506917844025,nan
p1191,ellow-radfar-az135,elmid-radmid-az000,0.7178291145115654,0.7657705927224296,0.7410252560884877,0.7178291145115654,0.4833395432510586,nan
p0716,ellow-radmid-az090,elhigh-radmid-az225,0.7087595362765879,0.7599452498472735,0.7334604584476729,0.7087595362765879,0.48333227605503776,nan
p0654,ellow-radmid-az045,elhigh-radmid-az180,0.7105104726054651,0.7640729223676064,0.7363189020399362,0.7105104726054651,0.48322620714892883,nan
p1119,ellow-radfar-az045,elhigh-radfar-az045,0.717988459865146,0.7684399045125101,0.7423579861123789,0.717988459865146,0.4831618380812181,nan
p0715,ellow-radmid-az090,elhigh-radmid-az180,0.708053804973309,0.7576405800398721,0.7320083927245065,0.708053804973309,0.48308830115386087,nan
p0597,ellow-radmid-az000,elhigh-radfar-az045,0.7168250589107429,0.7652017284676882,0.7402238323339981,0.7168250589107429,0.48308213512918863,nan
p0629,ellow-radmid-az045,elmid-radmid-az135,0.7116725135670526,0.7632195189735915,0.7365452405837776,0.7116725135670526,0.48307079850030665,nan
p1083,ellow-radfar-az045,elmid-radnear-az225,0.7123897037806552,0.763904684237585,0.7372483918349005,0.7123897037806552,0.4830484213043043,nan
p1341,ellow-radfar-az270,elmid-radmid-az000,0.7196306477243948,0.7725271619991332,0.7451413226555843,0.7196306477243948,0.48297513937324243,nan
p1391,ellow-radfar-az315,elmid-radmid-az090,0.7098679567905333,0.7619194122978199,0.7349732547058279,0.7098679567905333,0.4829512470027616,nan
p1014,ellow-radmid-az315,elhigh-radfar-az225,0.7114516683318617,0.7657068514129851,0.7375828790331905,0.7114516683318617,0.48291278356544237,nan
p1140,ellow-radfar-az090,elmid-radmid-az045,0.7121511399892748,0.7612031190692893,0.7358605924890989,0.7121511399892748,0.48290732676589543,nan
p0115,ellow-radnear-az045,elmid-radfar-az225,0.7121250646403057,0.7693518622687991,0.7396331791577375,0.7121250646403057,0.4828290282493655,nan
p1321,ellow-radfar-az225,elhigh-radmid-az225,0.718348659687465,0.7717251653886827,0.7440809024018894,0.718348659687465,0.48278882094494546,nan
p0700,ellow-radmid-az090,elmid-radfar-az225,0.7112565120748886,0.7646585513159257,0.7369914267121875,0.7112565120748886,0.4826590095735536,nan
p0832,ellow-radmid-az180,elhigh-radmid-az090,0.7082959642960448,0.7587198179633703,0.7326413138749122,0.7082959642960448,0.4825738629501512,nan
p1086,ellow-radfar-az045,elmid-radmid-az000,0.7204109393757512,0.7727783959371077,0.7456763813943155,0.7204109393757512,0.48248123114097713,nan
p1346,ellow-radfar-az270,elmid-radmid-az225,0.7131405572680276,0.7653853365739731,0.7383398934337075,0.7131405572680276,0.48236237669256676,nan
p1256,ellow-radfar-az180,elmid-radfar-az270,0.7221713353037778,0.7743729611982174,0.7473617142089206,0.7221713353037778,0.48234993951114685,nan
p0061,ellow-radnear-az000,elhigh-radmid-az225,0.7084882992654691,0.7620354409318987,0.7342869465723694,0.7084882992654691,0.482296979992049,nan
p0820,ellow-radmid-az180,elmid-radfar-az270,0.7223279948058775,0.7698371409992263,0.7453262444508573,0.7223279948058775,0.4822931053603427,nan
p1271,ellow-radfar-az180,elhigh-radmid-az225,0.7117019118200332,0.762597439733247,0.7362711721135831,0.7117019118200332,0.4822571724337137,nan
p0628,ellow-radmid-az045,elmid-radmid-az090,0.7128795018983333,0.7637763043421583,0.7374507574482286,0.7128795018983333,0.4822276066953899,nan
p1275,ellow-radfar-az180,elhigh-radfar-az045,0.7157035750238817,0.7659017058057392,0.7399522613136433,0.7157035750238817,0.4822272558553064,nan
p0639,ellow-radmid-az045,elmid-radfar-az225,0.7120165917215443,0.7738497165451139,0.7416465863902637,0.7120165917215443,0.4822032334547885,nan
p0812,ellow-radmid-az180,elmid-radmid-az270,0.7149181810680346,0.7599068575819599,0.7367263426730443,0.7149181810680346,0.48219754214951355,nan
p1107,ellow-radfar-az045,elhigh-radnear-az225,0.7083852153029945,0.7578619950686384,0.7322888374472447,0.7083852153029945,0.4821679028923564,nan
p0381,ellow-radnear-az225,elmid-radfar-az045,0.7170223193373836,0.7715382385873406,0.7432820040061147,0.7170223193373836,0.48215856481400465,nan
p0503,ellow-radnear-az315,elmid-radmid-az090,0.7061257727540713,0.7566264156580695,0.7305043419865488,0.7061257727540713,0.4821152802821606,nan
p1374,ellow-radfar-az270,elhigh-radfar-az045,0.714592053570692,0.765882344719366,0.739348735970943,0.714592053570692,0.48207177164475945,nan
p0834,ellow-radmid-az180,elhigh-radmid-az180,0.7107861741899825,0.7586848943094564,0.7339548834978041,0.7107861741899825,0.48207074668260025,nan
p1426,ellow-radfar-az315,elhigh-radfar-az225,0.7125137660519472,0.7669422915108862,0.7387268282494743,0.7125137660519472,0.4819805996845797,nan
p1279,ellow-radfar-az180,elhigh-radfar-az225,0.7122365259625579,0.7650963428873869,0.7377207571493081,0.7122365259625579,0.4819617635045548,nan
p0633,ellow-radmid-az045,elmid-radmid-az315,0.7146192971824723,0.7717607442226092,0.7420916660156889,0.7146192971824723,0.48189344675309986,nan
p0184,ellow-radnear-az090,elmid-radfar-az225,0.7096595212451102,0.7650869433244587,0.7363316298154207,0.7096595212451102,0.4818664864311904,nan
p0577,ellow-radmid-az000,elmid-radfar-az225,0.7108170778867965,0.7704891866581358,0.7394512334314077,0.7108170778867965,0.48186143908203105,nan
p0694,ellow-radmid-az090,elmid-radmid-az315,0.7121992305493986,0.7652992987725737,0.7377950785182089,0.7121992305493986,0.4817786725784175,nan
p0816,ellow-radmid-az180,elmid-radfar-az090,0.7102650553036445,0.7622852589137483,0.7353563085106182,0.7102650553036445,0.4817711747236924,nan
p1188,ellow-radfar-az135,elmid-radnear-az225,0.7080699358543143,0.7559646813539008,0.7312338890662402,0.7080699358543143,0.4817210818158282,nan
p0239,ellow-radnear-az135,elmid-radmid-az000,0.7126550353399329,0.7627673756429302,0.7368601791575661,0.7126550353399329,0.4817140485159761,nan
p0946,ellow-radmid-az270,elhigh-radmid-az045,0.7104594507818017,0.7622817552746057,0.7354588504297495,0.7104594507818017,0.48166717898584455,nan
p1143,ellow-radfar-az090,elmid-radmid-az180,0.710957952003276,0.763966810483096,0.7365098109328888,0.710957952003276,0.4816100480688702,nan
p0310,ellow-radnear-az180,elmid-radmid-az180,0.7073235346449405,0.756880342064542,0.731263299282448,0.7073235346449405,0.4815719459651593,nan
p0507,ellow-radnear-az315,elmid-radmid-az270,0.7095459184451569,0.7548201758830921,0.7314831680852195,0.7095459184451569,0.48156553055670054,nan
p0630,ellow-radmid-az045,elmid-radmid-az180,0.715198283204061,0.7654664577374783,0.7394790748863435,0.715198283204061,0.48147004976292396,nan
p0815,ellow-radmid-az180,elmid-radfar-az045,0.7088903626302788,0.7588915307045895,0.7330392817095313,0.7088903626302788,0.4814680244877654,nan
p0068,ellow-radnear-az000,elhigh-radfar-az180,0.7059646502609146,0.7573135629799127,0.7307381464292605,0.7059646502609146,0.48145771810259813,nan
p1242,ellow-radfar-az180,elmid-radmid-az000,0.7218517347280309,0.7693198275133208,0.7448302611356763,0.7218517347280309,0.48143681696797175,nan
p1270,ellow-radfar-az180,elhigh-radmid-az180,0.7107285670773428,0.759716979761704,0.7344067402850453,0.7107285670773428,0.48139595976629124,nan
p1317,ellow-radfar-az225,elhigh-radmid-az045,0.7179963823689033,0.7734996419057327,0.7447152866827829,0.7179963823689033,0.48138912918982707,nan
p0043,ellow-radnear-az000,elmid-radfar-az135,0.7118827742658719,0.7613687713029067,0.7357946642374087,0.7118827742658719,0.48136231227512793,nan
p0373,ellow-radnear-az225,elmid-radmid-az045,0.7094090626698064,0.7645217976163559,0.7359350515699983,0.7094090626698064,0.481279885220475,nan
p1093,ellow-radfar-az045,elmid-radmid-az315,0.7112552338166841,0.7676333989791218,0.7383696927120497,0.7112552338166841,0.4812673220118813,nan
p0954,ellow-radmid-az270,elhigh-radfar-az045,0.7144100742182082,0.7684404018119428,0.740440891869906,0.7144100742182082,0.48125149150663304,nan
p0689,ellow-radmid-az090,elmid-radmid-az090,0.7079172025522426,0.7558971092140767,0.7311208295626783,0.7079172025522426,0.48123993025142514,nan
p1319,ellow-radfar-az225,elhigh-radmid-az135,0.7160694705670873,0.7687839009338301,0.7414909667016205,0.7160694705670873,0.481229017566969,nan
p0627,ellow-radmid-az045,elmid-radmid-az045,0.7097309596301068,0.7604675933791533,0.7342238144798184,0.7097309596301068,0.4812152201409351,nan
p0638,ellow-radmid-az045,elmid-radfar-az180,0.7156794697061817,0.7699091607999707,0.7418045192436904,0.7156794697061817,0.48121379347883153,nan
p0751,ellow-radmid-az135,elmid-radmid-az180,0.7067632498323035,0.7577214047660266,0.7313557582435946,0.7067632498323035,0.4811755041107962,nan
p0696,ellow-radmid-az090,elmid-radfar-az045,0.713003474753814,0.7624403949917655,0.7368937064553188,0.713003474753814,0.48113408579529826,nan
p0041,ellow-radnear-az000,elmid-radfar-az045,0.7120158442809371,0.7623164347536631,0.7363080733140824,0.7120158442809371,0.4811259405159756,nan
p0934,ellow-radmid-az270,elmid-radfar-az225,0.7145725226485283,0.7680294883736675,0.7403372785084047,0.7145725226485283,0.48111814331642266,nan
p1061,ellow-radfar-az000,elhigh-radmid-az225,0.7150821256549311,0.7681580545112352,0.7406704616069844,0.7150821256549311,0.48104938983943357,nan
p1036,ellow-radfar-az000,elmid-radmid-az180,0.7076331115959601,0.7617785214834752,0.7337082317425485,0.7076331115959601,0.48103714183526486,nan
p0888,ellow-radmid-az225,elhigh-radmid-az000,0.716225762095662,0.7710593238604442,0.7426317349210763,0.716225762095662,0.48102986603124837,nan
p0240,ellow-radnear-az135,elmid-radmid-az045,0.708930569006905,0.7577493638465026,0.7325274937541713,0.708930569006905,0.48098668419461166,nan
p1152,ellow-radfar-az090,elmid-radfar-az225,0.714264262873928,0.7659954407226908,0.7392259175916569,0.714264262873928,0.4809682380624172,nan
p0776,ellow-radmid-az135,elhigh-radmid-az225,0.6980741428372232,0.7496069949308741,0.7229233659255988,0.6980741428372232,0.48095204028181787,nan
p1306,ellow-radfar-az225,elmid-radfar-az270,0.7211707519726819,0.7798576324790045,0.7493669287965706,0.7211707519726819,0.4808991451544065,nan
p1088,ellow-radfar-az045,elmid-radmid-az090,0.7127592259965524,0.7649834047903875,0.7379485008268908,0.7127592259965524,0.4808920745030178,nan
p0626,ellow-radmid-az045,elmid-radmid-az000,0.7218194577257941,0.7744051312035136,0.7471882175996011,0.7218194577257941,0.48083341787291306,nan
p1228,ellow-radfar-az135,elhigh-radfar-az225,0.7061395230660419,0.7580786732457249,0.7311878982526918,0.7061395230660419,0.4808297300598047,nan
p0059,ellow-radnear-az000,elhigh-radmid-az135,0.7048580485182663,0.760817261847645,0.7317693989551621,0.7048580485182663,0.4808022943489811,nan
p1114,ellow-radfar-az045,elhigh-radmid-az180,0.7101529420599391,0.7633416708066767,0.7357873297761179,0.7101529420599391,0.480741663470611,nan
p0748,ellow-radmid-az135,elmid-radmid-az045,0.7055173902987669,0.7539840546537786,0.7289459896129293,0.7055173902987669,0.48071709608504254,nan
p0663,ellow-radmid-az045,elhigh-radfar-az225,0.7108062958295815,0.7670108340122941,0.7378397756747778,0.7108062958295815,0.4807025810685752,nan
p1326,ellow-radfar-az225,elhigh-radfar-az090,0.7128834534924959,0.7731352289547996,0.7417878638326699,0.7128834534924959,0.48066189929205483,nan
p0723,ellow-radmid-az090,elhigh-radfar-az180,0.7082843338959357,0.7635334742612677,0.7348719321469568,0.7082843338959357,0.4806580442544863,nan
p1089,ellow-radfar-az045,elmid-radmid-az135,0.7118649029433458,0.7616751245807801,0.7359281437981574,0.7118649029433458,0.48064000422949005,nan
p0576,ellow-radmid-az000,elmid-radfar-az180,0.7117788804732638,0.7705851221827635,0.740015562431157,0.7117788804732638,0.48061361312632883,nan
p1369,ellow-radfar-az270,elhigh-radmid-az180,0.7078982658861243,0.763631022729425,0.7347092320202365,0.7078982658861243,0.48057073365585273,nan
p1268,ellow-radfar-az180,elhigh-radmid-az090,0.7115051774840926,0.7667117553075096,0.7380775736467858,0.7115051774840926,0.48052403054489873,nan
p0312,ellow-radnear-az180,elmid-radmid-az270,0.7150462054246487,0.7636514938650606,0.7385500135928643,0.7150462054246487,0.4804999864839329,nan
p0687,ellow-radmid-az090,elmid-radmid-az000,0.7177294953369032,0.767932977286392,0.7419829986916308,0.7177294953369032,0.48047556217579207,nan
p0307,ellow-radnear-az180,elmid-radmid-az045,0.7084218348115804,0.756269622255803,0.7315641950741154,0.7084218348115804,0.4804736512702901,nan
p1295,ellow-radfar-az225,elmid-radmid-az135,0.7158580769840124,0.7700870419334435,0.7419830274087055,0.7158580769840124,0.4804710160501798,nan
p0753,ellow-radmid-az135,elmid-radmid-az270,0.7119098857674256,0.7618183978790914,0.7360190540249036,0.7119098857674256,0.48046592213779354,nan
p1329,ellow-radfar-az225,elhigh-radfar-az225,0.7164236169024515,0.7755828969031561,0.7448303999555258,0.7164236169024515,0.4803739071985755,nan
p0374,ellow-radnear-az225,elmid-radmid-az090,0.7062451610182943,0.7670619618130644,0.7353983298344315,0.7062451610182943,0.48037336077534,nan
p1292,ellow-radfar-az225,elmid-radmid-az000,0.7242735917950546,0.7820914838727476,0.7520729433875396,0.7242735917950546,0.4803677629904275,nan
p0044,ellow-radnear-az000,elmid-radfar-az180,0.7149682889957453,0.7673921374987221,0.7402532255043263,0.7149682889957453,0.4803539792415291,nan
p0925,ellow-radmid-az270,elmid-radmid-az180,0.7158256468151553,0.7689591858297968,0.7414417152827869,0.7158256468151553,0.4803512744095468,nan
p0874,ellow-radmid-az225,elmid-radfar-az090,0.7148487670911855,0.7729248007855956,0.74275326948347,0.7148487670911855,0.4803471562337973,nan
p0029,ellow-radnear-az000,elmid-radnear-az225,0.7078958541077269,0.7605886581053954,0.7332968829786716,0.7078958541077269,0.48028434602230413,nan
p0659,ellow-radmid-az045,elhigh-radfar-az045,0.7175416484970635,0.7661967750342507,0.7410714561435052,0.7175416484970635,0.480243162912903,nan
p0818,ellow-radmid-az180,elmid-radfar-az180,0.7130136623409693,0.7654117433987262,0.7382841612985664,0.7130136623409693,0.4801944168702034,nan
p0439,ellow-radnear-az270,elmid-radmid-az090,0.7053310500707292,0.7570102604487527,0.7302574824025961,0.7053310500707292,0.48017396749243035,nan
p0505,ellow-radnear-az315,elmid-radmid-az180,0.7113171819759238,0.7563528163354996,0.7331440371668099,0.7113171819759238,0.4800362841275552,nan
p1033,ellow-radfar-az000,elmid-radmid-az045,0.711289630487664,0.7620935958295287,0.7358157232854271,0.711289630487664,0.48000399382075926,nan
p1266,ellow-radfar-az180,elhigh-radmid-az000,0.7098133251173159,0.7638739784864337,0.7358520729793019,0.7098133251173159,0.4799711392249648,nan
p0306,ellow-radnear-az180,elmid-radmid-az000,0.711878247011198,0.7595300961443459,0.7349325643158006,0.711878247011198,0.47995008122666494,nan
p0831,ellow-radmid-az180,elhigh-radmid-az045,0.7076802345963055,0.7544299873230469,0.7303077188180829,0.7076802345963055,0.47994825419078363,nan
p1111,ellow-radfar-az045,elhigh-radmid-az045,0.715409481480505,0.7658878821160793,0.7397886016437785,0.715409481480505,0.4799399072202146,nan
p0342,ellow-radnear-az180,elhigh-radfar-az180,0.7045487162972061,0.7601841093841789,0.7313098047993924,0.7045487162972061,0.47993074076648173,nan
p0598,ellow-radmid-az000,elhigh-radfar-az090,0.7102539577074712,0.7587696691021314,0.7337106778038575,0.7102539577074712,0.4798725697363803,nan
p1013,ellow-radmid-az315,elhigh-radfar-az180,0.7095668144475282,0.7629330823794144,0.7352828996010691,0.7095668144475282,0.4797492968398506,nan
p1272,ellow-radfar-az180,elhigh-radmid-az270,0.709160361476674,0.7637317041013819,0.7354350858549448,0.709160361476674,0.47974287496765305,nan
p0979,ellow-radmid-az315,elmid-radmid-az090,0.7031568931799794,0.7559356459852289,0.7285917047853394,0.7031568931799794,0.4797426997356068,nan
p0511,ellow-radnear-az315,elmid-radfar-az090,0.7058033750024016,0.7579335226751495,0.7309401562266625,0.7058033750024016,0.4797117538014211,nan
p1299,ellow-radfar-az225,elmid-radmid-az315,0.7159073216524384,0.7732108705394646,0.7434565319300359,0.7159073216524384,0.4797116380003597,nan
p0470,ellow-radnear-az270,elhigh-radfar-az045,0.7083890105159802,0.7598713239032904,0.7332275927378004,0.7083890105159802,0.4796797707714053,nan
p0958,ellow-radmid-az270,elhigh-radfar-az225,0.7096329228042934,0.7670027115890514,0.7372033605939234,0.7096329228042934,0.4796679317072471,nan
p1276,ellow-radfar-az180,elhigh-radfar-az090,0.7109519381584203,0.7638086789291137,0.7364330920896086,0.7109519381584203,0.47966561448241507,nan
p0060,ellow-radnear-az000,elhigh-radmid-az180,0.7097470657406268,0.7612110431303806,0.7345787769385443,0.7097470657406268,0.4796232828009028,nan
p0889,ellow-radmid-az225,elhigh-radmid-az045,0.7069409711091635,0.7633926572194446,0.7340831169668469,0.7069409711091635,0.47961068389554656,nan
p0899,ellow-radmid-az225,elhigh-radfar-az135,0.7117664952415591,0.7664882212005543,0.7381145194799977,0.7117664952415591,0.47957102101036747,nan
p0799,ellow-radmid-az180,elmid-radnear-az045,0.7071557433296655,0.754590589299599,0.730103516833746,0.7071557433296655,0.47956262304632885,nan
p0340,ellow-radnear-az180,elhigh-radfar-az090,0.7051505359979359,0.7570595239166475,0.7301836360000848,0.7051505359979359,0.4795414049015432,nan
p0814,ellow-radmid-az180,elmid-radfar-az000,0.7127849701251588,0.7686903701553608,0.7396828386261743,0.7127849701251588,0.479470747428181,nan
p0817,ellow-radmid-az180,elmid-radfar-az135,0.710427297233446,0.7638779444751728,0.7361836994906276,0.710427297233446,0.4794597402982342,nan
p0640,ellow-radmid-az045,elmid-radfar-az270,0.7157660334173582,0.7725279260832222,0.7430645617110165,0.7157660334173582,0.479443019001297,nan
p0813,ellow-radmid-az180,elmid-radmid-az315,0.7083465096257784,0.7611647446321941,0.7338064115509805,0.7083465096257784,0.4793776834559874,nan
p0594,ellow-radmid-az000,elhigh-radmid-az270,0.709406549528142,0.7605270419415154,0.7340778764122989,0.709406549528142,0.479309623331633,nan
p1006,ellow-radmid-az315,elhigh-radmid-az225,0.7079574280012427,0.7633038010219637,0.7345895957767513,0.7079574280012427,0.47929362433351247,nan
p0378,ellow-radnear-az225,elmid-radmid-az270,0.7160242988659289,0.7670463185121237,0.7406576544295889,0.7160242988659289,0.47926991377819533,nan
p0384,ellow-radnear-az225,elmid-radfar-az180,0.7131594784475906,0.7688862582033122,0.7399751698957929,0.7131594784475906,0.4792682152630065,nan
p0780,ellow-radmid-az135,elhigh-radfar-az045,0.7089654457583318,0.7573636206083247,0.7323658095603237,0.7089654457583318,0.4792347042251959,nan
p1418,ellow-radfar-az315,elhigh-radmid-az225,0.7098782126726206,0.7623737600242346,0.7351900791318465,0.7098782126726206,0.479203297535584,nan
p1146,ellow-radfar-az090,elmid-radmid-az315,0.7149397616201105,0.7702931850145587,0.7415849847927811,0.7149397616201105,0.4791896586917492,nan
p0571,ellow-radmid-az000,elmid-radmid-az315,0.7088896300296023,0.7634419073645444,0.7351551434109725,0.7088896300296023,0.4791713967564945,nan
p1220,ellow-radfar-az135,elhigh-radmid-az225,0.7012839014688712,0.7514286440545923,0.7254908244606427,0.7012839014688712,0.4791513364850405,nan
p0437,ellow-radnear-az270,elmid-radmid-az000,0.7132521721710924,0.7646379030898777,0.7380517055125358,0.7132521721710924,0.47913540582864345,nan
p0104,ellow-radnear-az045,elmid-radmid-az090,0.7074290241882917,0.7584923809653384,0.7320713416614983,0.7074290241882917,0.47908698261569727,nan
p1318,ellow-radfar-az225,elhigh-radmid-az090,0.7125576569098403,0.7715277003177674,0.7408710930299298,0.7125576569098403,0.47907993924755515,nan
p1099,ellow-radfar-az045,elmid-radfar-az225,0.7082155959983816,0.7714044169002342,0.7384607319558033,0.7082155959983816,0.4790064351484241,nan
p1249,ellow-radfar-az180,elmid-radmid-az315,0.7125070006186716,0.7672954415086835,0.7388869730905349,0.7125070006186716,0.4790014379106165,nan
p0922,ellow-radmid-az270,elmid-radmid-az045,0.7097396388278073,0.7619573535210834,0.7349221201126731,0.7097396388278073,0.47896772109996505,nan
p1005,ellow-radmid-az315,elhigh-radmid-az180,0.7052598968135431,0.7599320902805335,0.7315759740667174,0.7052598968135431,0.4789506170056318,nan
p0990,ellow-radmid-az315,elmid-radfar-az225,0.7139723754710389,0.7679957038939695,0.7399993625985206,0.7139723754710389,0.4788913749455803,nan
p0039,ellow-radnear-az000,elmid-radmid-az315,0.7079021858009581,0.7641388106971949,0.7349462897225328,0.7079021858009581,0.4788895988273431,nan
p1195,ellow-radfar-az135,elmid-radmid-az180,0.7089475775123469,0.7590205090504862,0.7331300402224352,0.7089475775123469,0.4788446786343638,nan
p0844,ellow-radmid-az180,elhigh-radfar-az270,0.7083366363480333,0.7665203058016069,0.736280787087874,0.7083366363480333,0.4788415666373387,nan
p0890,ellow-radmid-az225,elhigh-radmid-az090,0.7105613228302047,0.7648072399994673,0.7366870324549251,0.7105613228302047,0.47876114581779244,nan
p1032,ellow-radfar-az000,elmid-radmid-az000,0.7168780399139453,0.7677816666361565,0.7414572023901235,0.7168780399139453,0.4787145262009898,nan
p0949,ellow-radmid-az270,elhigh-radmid-az180,0.7113817236613759,0.7695335490590584,0.7393158982542718,0.7113817236613759,0.47868801182910026,nan
p0442,ellow-radnear-az270,elmid-radmid-az225,0.710353338597133,0.7595929085518874,0.7341484215644769,0.710353338597133,0.47866817147083734,nan
p1197,ellow-radfar-az135,elmid-radmid-az270,0.7090024199576642,0.7574709152305358,0.7324357000696154,0.7090024199576642,0.4786397527149581,nan
p1176,ellow-radfar-az090,elhigh-radfar-az225,0.7060124945314576,0.7608907385297512,0.7324250929002585,0.7060124945314576,0.4786165162311257,nan
p0316,ellow-radnear-az180,elmid-radfar-az090,0.7008417717575165,0.7544113001237396,0.7266405581664427,0.7008417717575165,0.4785916056053328,nan
p1320,ellow-radfar-az225,elhigh-radmid-az180,0.7073223771106159,0.7691493154233836,0.7369413513164835,0.7073223771106159,0.4785514023779262,nan
p1358,ellow-radfar-az270,elhigh-radnear-az045,0.7047778961943335,0.7532432857245781,0.7282050834635952,0.7047778961943335,0.4785487778366779,nan
p0343,ellow-radnear-az180,elhigh-radfar-az225,0.7008040469894963,0.7568245975545406,0.7277378127998159,0.7008040469894963,0.4785456740980997,nan
p0058,ellow-radnear-az000,elhigh-radmid-az090,0.7060826283472263,0.7564063484252337,0.7303786778253606,0.7060826283472263,0.4785365298294508,nan
p0878,ellow-radmid-az225,elmid-radfar-az270,0.7208801599776382,0.7767731331739356,0.7477836733900011,0.7208801599776382,0.47844715324743564,nan
p0747,ellow-radmid-az135,elmid-radmid-az000,0.7110945043385086,0.7630385258305821,0.7361513394139821,0.7110945043385086,0.47844692510055253,nan
p1239,ellow-radfar-az180,elmid-radnear-az225,0.7102813434786972,0.7617974118509837,0.735137963494257,0.7102813434786972,0.4784454173560276,nan
p0441,ellow-radnear-az270,elmid-radmid-az180,0.7084598604564115,0.7608564678250485,0.7337239185971057,0.7084598604564115,0.47844387097815155,nan
p1094,ellow-radfar-az045,elmid-radfar-az000,0.711130202086012,0.7708057101851422,0.739766431077239,0.711130202086012,0.4784229311755077,nan
p0600,ellow-radmid-az000,elhigh-radfar-az180,0.7096268262154604,0.7628706957616846,0.7352861414928029,0.7096268262154604,0.47841469619221316,nan
p0784,ellow-radmid-az135,elhigh-radfar-az225,0.6983095619389088,0.7507200666941811,0.7235669865584289,0.6983095619389088,0.47840514903970377,nan
p1224,ellow-radfar-az135,elhigh-radfar-az045,0.7100628251109953,0.7586733075701468,0.7335636403608691,0.7100628251109953,0.47840457228042227,nan
p0989,ellow-radmid-az315,elmid-radfar-az180,0.7133600181975077,0.7707663833287367,0.740952954777945,0.7133600181975077,0.4783916710614514,nan
p0921,ellow-radmid-az270,elmid-radmid-az000,0.7204671572065191,0.7755433516978159,0.746991428953754,0.7204671572065191,0.478387368975848,nan
p1285,ellow-radfar-az225,elmid-radnear-az045,0.7143493841469427,0.769401572061748,0.7408541667510065,0.7143493841469427,0.47833548094184997,nan
p0315,ellow-radnear-az180,elmid-radfar-az045,0.7078329027948002,0.7622776011006334,0.7340470878791795,0.7078329027948002,0.4782950302035457,nan
p0836,ellow-radmid-az180,elhigh-radmid-az270,0.7064712512702823,0.7562526599138066,0.7305148413049307,0.7064712512702823,0.478274944248114,nan
p0602,ellow-radmid-az000,elhigh-radfar-az270,0.7062189628868356,0.7590930181410929,0.7317020415409035,0.7062189628868356,0.4782523234298959,nan
p0103,ellow-radnear-az045,elmid-radmid-az045,0.7075929482576915,0.7594944009242189,0.7326256103767155,0.7075929482576915,0.4782338518843051,nan
p0045,ellow-radnear-az000,elmid-radfar-az225,0.7111943860760579,0.7654485287520978,0.7373247668912867,0.7111943860760579,0.4782295267183723,nan
p1302,ellow-radfar-az225,elmid-radfar-az090,0.7152634079598768,0.7736115044746217,0.7432941431227572,0.7152634079598768,0.47820724285472777,nan
p0248,ellow-radnear-az135,elmid-radfar-az045,0.7046646037031828,0.7562786724784014,0.7295598942404437,0.7046646037031828,0.4781039817326312,nan
p0501,ellow-radnear-az315,elmid-radmid-az000,0.7107751873404896,0.7622157674940835,0.7355972596523188,0.7107751873404896,0.4780816470863097,nan
p1398,ellow-radfar-az315,elmid-radfar-az045,0.7117840127101283,0.7670296920278507,0.7383749153935957,0.7117840127101283,0.4780738047863191,nan
p1328,ellow-radfar-az225,elhigh-radfar-az180,0.7104598807649852,0.7709904570785803,0.7394885595750971,0.7104598807649852,0.47807275665778937,nan
p0172,ellow-radnear-az090,elmid-radmid-az045,0.7096890392998465,0.7587747130771538,0.7334114938786638,0.7096890392998465,0.4780387633247843,nan
p1235,ellow-radfar-az180,elmid-radnear-az045,0.7091947654746941,0.7587347207579491,0.7331288013382988,0.7091947654746941,0.4780121959330388,nan
p0701,ellow-radmid-az090,elmid-radfar-az270,0.7083836510430627,0.760332885202868,0.7334395330017934,0.7083836510430627,0.4779868747036445,nan
p0046,ellow-radnear-az000,elmid-radfar-az270,0.7111108150221124,0.7622646570304769,0.7357997357840442,0.7111108150221124,0.47796561346056776,nan
p0405,ellow-radnear-az225,elhigh-radfar-az045,0.7107288103025438,0.7649121821449347,0.7368257292718733,0.7107288103025438,0.47793018853604113,nan
p1038,ellow-radfar-az000,elmid-radmid-az270,0.7140034065960795,0.7693540179328318,0.7406460244831122,0.7140034065960795,0.4779083177215215,nan
p0655,ellow-radmid-az045,elhigh-radmid-az225,0.7061481695750709,0.7599354162195425,0.7320551274951341,0.7061481695750709,0.4778933936809016,nan
p0589,ellow-radmid-az000,elhigh-radmid-az045,0.7099644764445531,0.7601437303695497,0.7341977183080504,0.7099644764445531,0.47786367235459565,nan
p0591,ellow-radmid-az000,elhigh-radmid-az135,0.708144352185836,0.7600114561412674,0.7331617219513284,0.708144352185836,0.47782631078157806,nan
p0314,ellow-radnear-az180,elmid-radfar-az000,0.7124427285670872,0.7680290310974409,0.7391923486035102,0.7124427285670872,0.47781421425268533,nan
p0873,ellow-radmid-az225,elmid-radfar-az045,0.7173769663634618,0.7738874433994625,0.7445614913333047,0.7173769663634618,0.4777877113465416,nan
p0635,ellow-radmid-az045,elmid-radfar-az045,0.7135418556030899,0.7647853458820103,0.7382754701266323,0.7135418556030899,0.4777194769891675,nan
p1343,ellow-radfar-az270,elmid-radmid-az090,0.7109027723154157,0.7598562651140272,0.7345648222225714,0.7109027723154157,0.4777159193238812,nan
p1216,ellow-radfar-az135,elhigh-radmid-az045,0.7035569785815268,0.755199949048825,0.7284643305733142,0.7035569785815268,0.4776970774787237,nan
p0339,ellow-radnear-az180,elhigh-radfar-az045,0.7033794667132012,0.7600725369817141,0.7306278776150416,0.7033794667132012,0.47767678183852263,nan
p0661,ellow-radmid-az045,elhigh-radfar-az135,0.7073677134760266,0.7610056071619942,0.7332069967693426,0.7073677134760266,0.47754314817695775,nan
p1290,ellow-radfar-az225,elmid-radnear-az270,0.7087337925941323,0.7644814273966516,0.7355528425914498,0.7087337925941323,0.4775374535410852,nan
p0823,ellow-radmid-az180,elhigh-radnear-az045,0.7007219149648569,0.7562531324762167,0.7274292639638891,0.7007219149648569,0.4775323042682111,nan
p0974,ellow-radmid-az315,elmid-radnear-az225,0.7035778455626529,0.7530496657826573,0.7274736435036834,0.7035778455626529,0.4774924285138708,nan
p1100,ellow-radfar-az045,elmid-radfar-az270,0.7172596631749601,0.7763952610911298,0.7456568373508112,0.7172596631749601,0.4773666382999246,nan
p1289,ellow-radfar-az225,elmid-radnear-az225,0.7110696471328339,0.7681574400262692,0.738511949332889,0.7110696471328339,0.4773556744030732,nan
p0564,ellow-radmid-az000,elmid-radmid-az000,0.7136708161867887,0.7632480861879967,0.7376273453429822,0.7136708161867887,0.4773548356714061,nan
p0030,ellow-radnear-az000,elmid-radnear-az270,0.7010867003640153,0.7497326332311118,0.7245941183933918,0.7010867003640153,0.4773328679630464,nan
p0893,ellow-radmid-az225,elhigh-radmid-az225,0.7134464325589767,0.7696715745264193,0.7404932533548652,0.7134464325589767,0.4773138906955533,nan
p0983,ellow-radmid-az315,elmid-radmid-az270,0.7058605109118754,0.7611807654707385,0.7324776100864661,0.7058605109118754,0.47727422597084324,nan
p0896,ellow-radmid-az225,elhigh-radfar-az000,0.7105395010200709,0.7664342127878105,0.7374292149248077,0.7105395010200709,0.4772696424057383,nan
p1122,ellow-radfar-az045,elhigh-radfar-az180,0.7094669882766096,0.7678086289382912,0.7374857734031078,0.7094669882766096,0.47721632539609177,nan
p0056,ellow-radnear-az000,elhigh-radmid-az000,0.7045028316216706,0.7566324842565895,0.7296377301445219,0.7045028316216706,0.47721571848602173,nan
p0131,ellow-radnear-az045,elhigh-radmid-az225,0.7035766909833681,0.7604478182298589,0.7309076538660068,0.7035766909833681,0.47719387101680616,nan
p0175,ellow-radnear-az090,elmid-radmid-az180,0.7054747715222173,0.7595070644929274,0.7314944931332498,0.7054747715222173,0.4771919973754648,nan
p1101,ellow-radfar-az045,elmid-radfar-az315,0.7089759335655345,0.7692003763220241,0.7378613109329977,0.7089759335655345,0.47718867371767876,nan
p0376,ellow-radnear-az225,elmid-radmid-az180,0.7070113173318803,0.7603496511409994,0.7327110643340916,0.7070113173318803,0.4771819010202809,nan
p0578,ellow-radmid-az000,elmid-radfar-az270,0.7074656638718199,0.7646954620284976,0.7349681677987614,0.7074656638718199,0.47718068675669184,nan
p0841,ellow-radmid-az180,elhigh-radfar-az135,0.7086602957121078,0.7572359954747514,0.7321433142347527,0.7086602957121078,0.47714846845196734,nan
p0382,ellow-radnear-az225,elmid-radfar-az090,0.7102462708487941,0.7700914432072277,0.7389591855386594,0.7102462708487941,0.47712649273328983,nan
p0803,ellow-radmid-az180,elmid-radnear-az225,0.7028122579382906,0.7536253729798461,0.7273324154494096,0.7028122579382906,0.4771117051391869,nan
p0276,ellow-radnear-az135,elhigh-radfar-az225,0.701123211602752,0.7521937495671758,0.7257611540148963,0.701123211602752,0.47703866474786305,nan
p0408,ellow-radnear-az225,elhigh-radfar-az180,0.7088668265052827,0.7667837902287458,0.736688733540661,0.7088668265052827,0.4770332949475678,nan
p0829,ellow-radmid-az180,elhigh-radnear-az315,0.7027187224330604,0.7544288078706249,0.7276562420869672,0.7027187224330604,0.47701918997458376,nan
p0902,ellow-radmid-az225,elhigh-radfar-az270,0.7094523990139524,0.7689200829660173,0.7379901941622306,0.7094523990139524,0.4769864633948568,nan
p1183,ellow-radfar-az135,elmid-radnear-az000,0.7016109416684908,0.754467408154156,0.7270798151180504,0.7016109416684908,0.4769814846098326,nan
p1002,ellow-radmid-az315,elhigh-radmid-az045,0.7061278232698597,0.756181027416729,0.7302977926134193,0.7061278232698597,0.4769442389075115,nan
p1274,ellow-radfar-az180,elhigh-radfar-az000,0.7126338830181074,0.7640122876681479,0.7374292556238671,0.7126338830181074,0.47686058404441306,nan
p0651,ellow-radmid-az045,elhigh-radmid-az045,0.7090549132218102,0.7563541593315601,0.7319411935608343,0.7090549132218102,0.476807834984474,nan
p0684,ellow-radmid-az090,elmid-radnear-az225,0.7065658128748822,0.759579175044392,0.7321140564955142,0.7065658128748822,0.4767975033445591,nan
p0396,ellow-radnear-az225,elhigh-radmid-az000,0.702682651434243,0.7594601726686431,0.7299690276385179,0.702682651434243,0.476735467551412,nan
p1269,ellow-radfar-az180,elhigh-radmid-az135,0.7063325019793525,0.7613819676321113,0.7328248665449433,0.7063325019793525,0.4767184571992081,nan
p0450,ellow-radnear-az270,elmid-radfar-az225,0.7048079532846024,0.7625690687099314,0.7325516707697148,0.7048079532846024,0.47669490802827197,nan
p0268,ellow-radnear-az135,elhigh-radmid-az225,0.7001228744136799,0.7500014519086513,0.7242043496455373,0.7001228744136799,0.4766938531062275,nan
p0109,ellow-radnear-az045,elmid-radmid-az315,0.7026311037924354,0.7613680614751278,0.7308212929599662,0.7026311037924354,0.4766923114457283,nan
p0318,ellow-radnear-az180,elmid-radfar-az180,0.7098007190073811,0.7626480230714094,0.7352760060922756,0.7098007190073811,0.4766786605664478,nan
p0561,ellow-radmid-az000,elmid-radnear-az225,0.709467965952411,0.7590507667040175,0.7334223139720873,0.709467965952411,0.47660881925736104,nan
p0208,ellow-radnear-az090,elhigh-radfar-az225,0.701468552410265,0.7595556845221436,0.7293574097243195,0.701468552410265,0.4765645729714731,nan
p0892,ellow-radmid-az225,elhigh-radmid-az180,0.710904042695307,0.7660536598761404,0.7374492076236551,0.710904042695307,0.47646805883721016,nan
p1245,ellow-radfar-az180,elmid-radmid-az135,0.7066381889478306,0.7576828829952048,0.731270853769877,0.7066381889478306,0.4764665397268974,nan
p0573,ellow-radmid-az000,elmid-radfar-az045,0.7073959664073525,0.7623774330976262,0.7338583229699077,0.7073959664073525,0.47643089618598633,nan
p0409,ellow-radnear-az225,elhigh-radfar-az225,0.706888001595784,0.7624352099819661,0.7336116351849993,0.706888001595784,0.47641905196760537,nan
p0986,ellow-radmid-az315,elmid-radfar-az045,0.7061734366687604,0.7644972492578175,0.7341788409851523,0.7061734366687604,0.4763208510865136,nan
p0923,ellow-radmid-az270,elmid-radmid-az090,0.7088370491493933,0.7633862407617863,0.7351010596979196,0.7088370491493933,0.4762169840851313,nan
p0066,ellow-radnear-az000,elhigh-radfar-az090,0.7088392031927685,0.7602872689009814,0.7336623934320985,0.7088392031927685,0.4762138945721272,nan
p1393,ellow-radfar-az315,elmid-radmid-az180,0.7127051156408488,0.7639240209298581,0.7374262693231994,0.7127051156408488,0.4761905131460798,nan
p1236,ellow-radfar-az180,elmid-radnear-az090,0.7048522223344071,0.7565907935339482,0.7298056734744334,0.7048522223344071,0.47617697647384544,nan
p0102,ellow-radnear-az045,elmid-radmid-az000,0.7127685581179501,0.764991735286072,0.7379573785623791,0.7127685581179501,0.4761717061871972,nan
p0372,ellow-radnear-az225,elmid-radmid-az000,0.714477010566956,0.7709070798225424,0.7416201498052694,0.714477010566956,0.4761558433537294,nan
p0067,ellow-radnear-az000,elhigh-radfar-az135,0.7044936699707518,0.755132295679793,0.7289345829906416,0.7044936699707518,0.47615284598642005,nan
p0641,ellow-radmid-az045,elmid-radfar-az315,0.7146246493096841,0.7710691473408132,0.7417746782738596,0.7146246493096841,0.4761420724928424,nan
p0877,ellow-radmid-az225,elmid-radfar-az225,0.7134672745613866,0.7715518726453051,0.7413736217400597,0.7134672745613866,0.47611197543596756,nan
p1395,ellow-radfar-az315,elmid-radmid-az270,0.7115650868936996,0.7599601276054269,0.7349668071020656,0.7115650868936996,0.47608842494178055,nan
p0891,ellow-radmid-az225,elhigh-radmid-az135,0.7096428630332683,0.7627139062764532,0.7352219127963993,0.7096428630332683,0.4760664283025167,nan
p1045,ellow-radfar-az000,elmid-radfar-az225,0.7094245981190686,0.7679303733586492,0.7375190215232612,0.7094245981190686,0.4760586236250746,nan
p0064,ellow-radnear-az000,elhigh-radfar-az000,0.7076626514925861,0.7617836031733008,0.7337264670598898,0.7076626514925861,0.47604360533685863,nan
p0380,ellow-radnear-az225,elmid-radfar-az000,0.7127957649748927,0.7682677437792955,0.7394929263949421,0.7127957649748927,0.4760380374184017,nan
p0062,ellow-radnear-az000,elhigh-radmid-az270,0.7036438186575471,0.7541260952402512,0.7280108614470382,0.7036438186575471,0.4760022504781744,nan
p0957,ellow-radmid-az270,elhigh-radfar-az180,0.7098078491045656,0.7688957619194624,0.7381712506615382,0.7098078491045656,0.4759759047687516,nan
p0331,ellow-radnear-az180,elhigh-radmid-az045,0.699748710570565,0.7511361661347088,0.7245324176363988,0.699748710570565,0.47592970506492865,nan
p1246,ellow-radfar-az180,elmid-radmid-az180,0.7091134079829132,0.762850556180286,0.7350010881308336,0.7091134079829132,0.4759258075412011,nan
p0975,ellow-radmid-az315,elmid-radnear-az270,0.6988694177817195,0.7524932744497994,0.7246907191624314,0.6988694177817195,0.47589426285648934,nan
p1389,ellow-radfar-az315,elmid-radmid-az000,0.7169673585534729,0.7674446169555648,0.7413477510729811,0.7169673585534729,0.47586430076964453,nan
p0695,ellow-radmid-az090,elmid-radfar-az000,0.7103603256178161,0.7642204667332694,0.7363067556669913,0.7103603256178161,0.47585739719105047,nan
p1342,ellow-radfar-az270,elmid-radmid-az045,0.7098871150449658,0.7604902171654192,0.7343179120857588,0.7098871150449658,0.4758257620336433,nan
p0697,ellow-radmid-az090,elmid-radfar-az090,0.7011840144608571,0.7544894765533682,0.726860746319645,0.7011840144608571,0.4758253399560371,nan
p1370,ellow-radfar-az270,elhigh-radmid-az225,0.7068375922535937,0.7633410059612897,0.734003500496137,0.7068375922535937,0.4758189041838354,nan
p0241,ellow-radnear-az135,elmid-radmid-az090,0.6984874054624173,0.7474164810731606,0.7221240685859324,0.6984874054624173,0.47579192248821917,nan
p0634,ellow-radmid-az045,elmid-radfar-az000,0.7112366733102353,0.7648554183989202,0.7370722008482149,0.7112366733102353,0.47577005795014227,nan
p0319,ellow-radnear-az180,elmid-radfar-az225,0.7048883433800006,0.7613162305390752,0.7320164540185294,0.7048883433800006,0.47576482454932945,nan
p0800,ellow-radmid-az180,elmid-radnear-az090,0.6999980807183902,0.7480490431907932,0.7232263175291854,0.6999980807183902,0.47575104821607667,nan
p0618,ellow-radmid-az045,elmid-radnear-az000,0.7096926590377904,0.7638479939039964,0.735775172286102,0.7096926590377904,0.475724083601179,nan
p1280,ellow-radfar-az180,elhigh-radfar-az270,0.7075586835785117,0.7664536473885437,0.7358295753392956,0.7075586835785117,0.4756990594552719,nan
p0332,ellow-radnear-az180,elhigh-radmid-az090,0.7027605147527413,0.7545450136133394,0.7277326982565596,0.7027605147527413,0.4756848755552608,nan
p0755,ellow-radmid-az135,elmid-radfar-az000,0.7148349586445333,0.7673929975812835,0.7401821553641624,0.7148349586445333,0.4756598814596719,nan
p0987,ellow-radmid-az315,elmid-radfar-az090,0.7035826974424483,0.7587689325730476,0.7301345057612648,0.7035826974424483,0.47562753700492416,nan
p0712,ellow-radmid-az090,elhigh-radmid-az045,0.7034753424016617,0.7575732288576755,0.7295227510549196,0.7034753424016617,0.47557907615975376,nan
p0313,ellow-radnear-az180,elmid-radmid-az315,0.7064194895946584,0.7653157490774323,0.7346891569027506,0.7064194895946584,0.4755788845593127,nan
p1259,ellow-radfar-az180,elhigh-radnear-az045,0.7069408895752615,0.754849879976428,0.7301102958940879,0.7069408895752615,0.4755212357594066,nan
p0867,ellow-radmid-az225,elmid-radmid-az135,0.7073069204872808,0.7590558649888721,0.7322682649352049,0.7073069204872808,0.47550876717611673,nan
p1422,ellow-radfar-az315,elhigh-radfar-az045,0.7125008602543282,0.7673935757557175,0.7389291689665927,0.7125008602543282,0.4755006239609546,nan
p0179,ellow-radnear-az090,elmid-radfar-az000,0.7125872856079639,0.7692576350966489,0.7398388353162796,0.7125872856079639,0.47546398897905867,nan
p0945,ellow-radmid-az270,elhigh-radmid-az000,0.7073974432244684,0.7642655810812407,0.734732760247736,0.7073974432244684,0.4754586263496457,nan
p0267,ellow-radnear-az135,elhigh-radmid-az180,0.6962078680363647,0.7466331751502693,0.7205393740789949,0.6962078680363647,0.4754403734672922,nan
p0719,ellow-radmid-az090,elhigh-radfar-az000,0.7108015683638789,0.7638774532918962,0.7363843709230257,0.7108015683638789,0.47543630841466816,nan
p0826,ellow-radmid-az180,elhigh-radnear-az180,0.6995279041172483,0.7484752365462154,0.7231742788415993,0.6995279041172483,0.47543050051291796,nan
p0683,ellow-radmid-az090,elmid-radnear-az180,0.7005011587422831,0.7529820208203575,0.725794127532295,0.7005011587422831,0.47542549259169264,nan
p1255,ellow-radfar-az180,elmid-radfar-az225,0.7104284931372351,0.7655845991085327,0.7369760010545849,0.7104284931372351,0.4754178941618998,nan
p1010,ellow-radmid-az315,elhigh-radfar-az045,0.7058300627001127,0.7596201943293822,0.731737930809873,0.7058300627001127,0.4754169257012812,nan
p0400,ellow-radnear-az225,elhigh-radmid-az180,0.7034557935482909,0.7617791555889534,0.7314567001270458,0.7034557935482909,0.47537450102680906,nan
p1034,ellow-radfar-az000,elmid-radmid-az090,0.7083783696855265,0.765356869555472,0.7357661499124458,0.7083783696855265,0.47535772794857667,nan
p1029,ellow-radfar-az000,elmid-radnear-az225,0.7034045645074888,0.7592643919238441,0.7302678252641339,0.7034045645074888,0.47529452209839956,nan
p1305,ellow-radfar-az225,elmid-radfar-az225,0.7152730720374432,0.7772592618257742,0.7449789962495071,0.7152730720374432,0.47527600900815253,nan
p1354,ellow-radfar-az270,elmid-radfar-az225,0.7109831697702251,0.7657226606785825,0.7373383557220567,0.7109831697702251,0.47519663098016635,nan
p0822,ellow-radmid-az180,elhigh-radnear-az000,0.7036750206511523,0.7517196230532724,0.7269043122620086,0.7036750206511523,0.4751810450377544,nan
p0775,ellow-radmid-az135,elhigh-radmid-az180,0.6928788417424018,0.7439944030859402,0.7175274257884878,0.6928788417424018,0.47509183166529917,nan
p0699,ellow-radmid-az090,elmid-radfar-az180,0.7068099099385842,0.7620037601644203,0.7333698209071082,0.7068099099385842,0.47508668807930504,nan
p0898,ellow-radmid-az225,elhigh-radfar-az090,0.7100684625211737,0.7653183015085903,0.7366588923534056,0.7100684625211737,0.4750211985716341,nan
p1250,ellow-radfar-az180,elmid-radfar-az000,0.7117332716077548,0.7705095693843749,0.7399560739398915,0.7117332716077548,0.4750163956714074,nan
p0335,ellow-radnear-az180,elhigh-radmid-az225,0.7026225161382482,0.7560148342410502,0.728341482458485,0.7026225161382482,0.47494379942597575,nan
p1175,ellow-radfar-az090,elhigh-radfar-az180,0.7055589027929219,0.7634355078100756,0.7333570711443727,0.7055589027929219,0.4749029650390004,nan
p0707,ellow-radmid-az090,elhigh-radnear-az180,0.6989168452657194,0.7507306049508021,0.7238977531789126,0.6989168452657194,0.4748967256249732,nan
p1307,ellow-radfar-az225,elmid-radfar-az315,0.711813792281166,0.7767100610980736,0.7428472615175451,0.711813792281166,0.47489195874031764,nan
p1121,ellow-radfar-az045,elhigh-radfar-az135,0.7065826086510152,0.7641084652324782,0.7342204793976451,0.7065826086510152,0.4748304976787434,nan
p1327,ellow-radfar-az225,elhigh-radfar-az135,0.7114541218362174,0.7672879412850302,0.738316954763869,0.7114541218362174,0.47479969296010865,nan
p0756,ellow-radmid-az135,elmid-radfar-az045,0.7052309596805371,0.7569367045883081,0.7301696127457027,0.7052309596805371,0.4747967750147955,nan
p0900,ellow-radmid-az225,elhigh-radfar-az180,0.7132739865631529,0.7697208232649758,0.7404231444539041,0.7132739865631529,0.47478820751803125,nan
p0514,ellow-radnear-az315,elmid-radfar-az225,0.7019433684141715,0.7610000832902154,0.7302797127337483,0.7019433684141715,0.4747762757485273,nan
p0338,ellow-radnear-az180,elhigh-radfar-az000,0.7048915692533759,0.7601097177106582,0.7314600150722739,0.7048915692533759,0.4747760036710894,nan
p0825,ellow-radmid-az180,elhigh-radnear-az135,0.6983468851990156,0.7453116206232371,0.7210653304306464,0.6983468851990156,0.4747675564557237,nan
p0872,ellow-radmid-az225,elmid-radfar-az000,0.7158152123383785,0.7747066693542365,0.744097521592941,0.7158152123383785,0.47476358219076825,nan
p0760,ellow-radmid-az135,elmid-radfar-az225,0.7093869180310854,0.7598655303260813,0.7337590858246275,0.7093869180310854,0.4747151797710583,nan
p1065,ellow-radfar-az000,elhigh-radfar-az045,0.7073248384889095,0.7638099229453219,0.7344829916965825,0.7073248384889095,0.4746759922625477,nan
p0512,ellow-radnear-az315,elmid-radfar-az135,0.7037463481297329,0.7552444680808119,0.7285865413978779,0.7037463481297329,0.47461305190987185,nan
p0105,ellow-radnear-az045,elmid-radmid-az135,0.7011543095783903,0.7596695779893926,0.7292399898384668,0.7011543095783903,0.47459809707044787,nan
p1204,ellow-radfar-az135,elmid-radfar-az225,0.7066339879864854,0.762386199385045,0.7334521405335382,0.7066339879864854,0.47459057965001833,nan
p1304,ellow-radfar-az225,elmid-radfar-az180,0.7127691489000939,0.7726156139967238,0.7414867681036291,0.7127691489000939,0.47456538502687295,nan
p1277,ellow-radfar-az180,elhigh-radfar-az135,0.7063629392626194,0.7583545949446601,0.7314360184516197,0.7063629392626194,0.47454449573881785,nan
p0026,ellow-radnear-az000,elmid-radnear-az090,0.7033873608346927,0.7539253575048089,0.7277800581962923,0.7033873608346927,0.47453097276002143,nan
p1147,ellow-radfar-az090,elmid-radfar-az000,0.7158430887311948,0.7739432678180825,0.743760253813662,0.7158430887311948,0.47452242515406423,nan
p0298,ellow-radnear-az180,elmid-radnear-az000,0.6970729385769562,0.7497224850788691,0.722439741301626,0.6970729385769562,0.4745051763289802,nan
p1112,ellow-radfar-az045,elhigh-radmid-az090,0.708605897413674,0.7662866073894848,0.7363183517944236,0.708605897413674,0.47442641308532885,nan
p0375,ellow-radnear-az225,elmid-radmid-az135,0.7031163255633742,0.7541853856652974,0.7277560344254226,0.7031163255633742,0.47440270894130077,nan
p0637,ellow-radmid-az045,elmid-radfar-az135,0.7102640284917384,0.7664614310950643,0.737293422008783,0.7102640284917384,0.4743994495029043,nan
p0171,ellow-radnear-az090,elmid-radmid-az000,0.7113465443056446,0.7630615910096049,0.7362971118454809,0.7113465443056446,0.47438253944607794,nan
p0252,ellow-radnear-az135,elmid-radfar-az225,0.7047895791977498,0.759054549890778,0.7309162583297223,0.7047895791977498,0.4743751940976923,nan
p0623,ellow-radmid-az045,elmid-radnear-az225,0.7015558626775056,0.756383729664398,0.7279388566813727,0.7015558626775056,0.4743465469950932,nan
p0245,ellow-radnear-az135,elmid-radmid-az270,0.7049679769238824,0.7526809822677774,0.7280435882623606,0.7049679769238824,0.4743189598696438,nan
p0534,ellow-radnear-az315,elhigh-radfar-az045,0.7026267592034934,0.757332746124852,0.728954811563369,0.7026267592034934,0.47431831173929867,nan
p0801,ellow-radmid-az180,elmid-radnear-az135,0.6903093401057622,0.7417650648495352,0.7151127771825154,0.6903093401057622,0.4742782311472666,nan
p1080,ellow-radfar-az045,elmid-radnear-az090,0.7076845077816604,0.7588433235602294,0.7323715956017546,0.7076845077816604,0.47427767645558433,nan
p0526,ellow-radnear-az315,elhigh-radmid-az045,0.6985991833886754,0.7469709235776172,0.721975744672169,0.6985991833886754,0.474271060691044,nan
p0383,ellow-radnear-az225,elmid-radfar-az135,0.7098000024332373,0.7667431810949351,0.7371735793143758,0.7098000024332373,0.4742564864926938,nan
p0718,ellow-radmid-az090,elhigh-radmid-az315,0.7065295304023825,0.7597317785613137,0.732165451624806,0.7065295304023825,0.4742385707837607,nan
p0861,ellow-radmid-az225,elmid-radnear-az225,0.7074641365166456,0.7641092877429406,0.7346964936247041,0.7074641365166456,0.4742325976022301,nan
p0664,ellow-radmid-az045,elhigh-radfar-az270,0.7021468980869516,0.7624514044621967,0.7310576390173114,0.7021468980869516,0.47419082018967657,nan
p1286,ellow-radfar-az225,elmid-radnear-az090,0.706478098670235,0.7594074115405568,0.7319871851985341,0.706478098670235,0.4741785557371691,nan
p0998,ellow-radmid-az315,elhigh-radnear-az225,0.7011181169856934,0.7526643252286682,0.7259773940079276,0.7011181169856934,0.47417471016257057,nan
p1189,ellow-radfar-az135,elmid-radnear-az270,0.6989405441340425,0.7513405191241718,0.7241939022313553,0.6989405441340425,0.4741370365786642,nan
p1132,ellow-radfar-az090,elmid-radnear-az045,0.7042624053113867,0.7548621296913381,0.7286849153474141,0.7042624053113867,0.4741369141285721,nan
p1184,ellow-radfar-az135,elmid-radnear-az045,0.7025057554278095,0.7501927600581219,0.7255665590665474,0.7025057554278095,0.4741037562735115,nan
p0647,ellow-radmid-az045,elhigh-radnear-az225,0.70294923147929,0.756840176907896,0.7288999600262142,0.70294923147929,0.4740931737894307,nan
p0991,ellow-radmid-az315,elmid-radfar-az270,0.7044907985717782,0.7599708361711117,0.7311799074332807,0.7044907985717782,0.47408935625889687,nan
p0592,ellow-radmid-az000,elhigh-radmid-az180,0.7046365918683477,0.7606786025436394,0.731585914139952,0.7046365918683477,0.47406640489788443,nan
p1378,ellow-radfar-az270,elhigh-radfar-az225,0.7093498109341264,0.7648192763655459,0.7360409518319928,0.7093498109341264,0.47403854088197767,nan
p0473,ellow-radnear-az270,elhigh-radfar-az180,0.7029739247700644,0.7625125107492967,0.7315337752379044,0.7029739247700644,0.4740025495868871,nan
p0443,ellow-radnear-az270,elmid-radmid-az270,0.7042019182935502,0.7585581364689984,0.7303700878342115,0.7042019182935502,0.4739812037769599,nan
p1353,ellow-radfar-az270,elmid-radfar-az180,0.714354427549714,0.7692194537578262,0.7407724407563455,0.714354427549714,0.47397201231682834,nan
p0057,ellow-radnear-az000,elhigh-radmid-az045,0.7006199318046106,0.7487104676133497,0.7238673486339938,0.7006199318046106,0.47396292528915,nan
p0510,ellow-radnear-az315,elmid-radfar-az045,0.7076064560032066,0.759779596863335,0.732765514337223,0.7076064560032066,0.4739590111136807,nan
p0128,ellow-radnear-az045,elhigh-radmid-az090,0.70225750653629,0.7544694299527143,0.727427779860304,0.70225750653629,0.47394530927592726,nan
p0204,ellow-radnear-az090,elhigh-radfar-az045,0.7046656761577677,0.7598504726227671,0.7312183583846026,0.7046656761577677,0.47392686747662055,nan
p1097,ellow-radfar-az045,elmid-radfar-az135,0.7044453383205898,0.7635456722369212,0.732805835368006,0.7044453383205898,0.473917998851102,nan
p0299,ellow-radnear-az180,elmid-radnear-az045,0.7043978228806054,0.7549566611784659,0.7288014451762175,0.7043978228806054,0.4738723216154215,nan
p0446,ellow-radnear-az270,elmid-radfar-az045,0.6997398110145315,0.7577295279794644,0.727581023521847,0.6997398110145315,0.47375929880906714,nan
p0559,ellow-radmid-az000,elmid-radnear-az135,0.7022303021250461,0.7518132317381395,0.7261763772125913,0.7022303021250461,0.4737465744498,nan
p0653,ellow-radmid-az045,elhigh-radmid-az135,0.6997217673884847,0.7549734924243692,0.7262983540877122,0.6997217673884847,0.4737156686093442,nan
p1300,ellow-radfar-az225,elmid-radfar-az000,0.7156104359328909,0.7788795601041452,0.7459057511570427,0.7156104359328909,0.4736935824181457,nan
p0556,ellow-radmid-az000,elmid-radnear-az000,0.7056767344458629,0.7592666496311697,0.7314914906734724,0.7056767344458629,0.4736822458163422,nan
p1060,ellow-radfar-az000,elhigh-radmid-az180,0.7036168188990907,0.762628244127596,0.7319350259607887,0.7036168188990907,0.47366387026179324,nan
p0336,ellow-radnear-az180,elhigh-radmid-az270,0.6993305697755778,0.7577878961581592,0.7273866244632732,0.6993305697755778,0.47365817030789065,nan
p0652,ellow-radmid-az045,elhigh-radmid-az090,0.704391380059096,0.7594120225795857,0.730867658394618,0.704391380059096,0.4736504006619593,nan
p1218,ellow-radfar-az135,elhigh-radmid-az135,0.6990023743890396,0.7549637404078243,0.7259061153518402,0.6990023743890396,0.4736377992353582,nan
p0977,ellow-radmid-az315,elmid-radmid-az000,0.7080156775684356,0.757988586028995,0.7321503977205759,0.7080156775684356,0.4736157946325363,nan
p0243,ellow-radnear-az135,elmid-radmid-az180,0.7051039128519465,0.7553314811779598,0.7293539790339123,0.7051039128519465,0.47360833653957435,nan
p1172,ellow-radfar-az090,elhigh-radfar-az045,0.7082702204838267,0.7632705597754545,0.7347425432079735,0.7082702204838267,0.47360574058288174,nan
p0177,ellow-radnear-az090,elmid-radmid-az270,0.7090417035979134,0.7601949475002545,0.733727844645352,0.7090417035979134,0.4735559066907049,nan
p0567,ellow-radmid-az000,elmid-radmid-az135,0.7060863549454384,0.7578457051878423,0.7310510182261073,0.7060863549454384,0.47355230292123507,nan
p0870,ellow-radmid-az225,elmid-radmid-az270,0.7148348028882127,0.7678357884882729,0.7403879832875935,0.7148348028882127,0.47355160701339954,nan
p0404,ellow-radnear-az225,elhigh-radfar-az000,0.7041961171636272,0.7608699967465348,0.7314368850497717,0.7041961171636272,0.47354986351296213,nan
p1273,ellow-radfar-az180,elhigh-radmid-az315,0.7114950857957294,0.7672918005061583,0.7383407987836873,0.7114950857957294,0.4735359942690762,nan
p0562,ellow-radmid-az000,elmid-radnear-az270,0.701228717605207,0.754615339564532,0.7269431698292934,0.701228717605207,0.4735352649988797,nan
p0931,ellow-radmid-az270,elmid-radfar-az090,0.7038297274521995,0.7620680471082004,0.7317920187948204,0.7038297274521995,0.47353181958457374,nan
p1057,ellow-radfar-az000,elhigh-radmid-az045,0.7053475868146911,0.7572782230100267,0.7303910043970195,0.7053475868146911,0.4734734123063788,nan
p1118,ellow-radfar-az045,elhigh-radfar-az000,0.7106682103083004,0.7651225521002292,0.7368907417202933,0.7106682103083004,0.473471064315919,nan
p1153,ellow-radfar-az090,elmid-radfar-az270,0.7129257367502445,0.7658705071452506,0.7384503413715691,0.7129257367502445,0.4734549545899713,nan
p0885,ellow-radmid-az225,elhigh-radnear-az225,0.7055736668109778,0.7608916245947628,0.7321892945675579,0.7055736668109778,0.47342658214370953,nan
p0824,ellow-radmid-az180,elhigh-radnear-az090,0.6953449548857416,0.746169326700824,0.7198611674396387,0.6953449548857416,0.4734233784989735,nan
p0557,ellow-radmid-az000,elmid-radnear-az045,0.703831071001418,0.7551849946568959,0.728604264345421,0.703831071001418,0.47341806228608463,nan
p0804,ellow-radmid-az180,elmid-radnear-az270,0.6998054711365563,0.7505496372443309,0.7242898507655741,0.6998054711365563,0.47333748690584104,nan
p1039,ellow-radfar-az000,elmid-radmid-az315,0.7061355903476839,0.7660079875683696,0.7348542772958742,0.7061355903476839,0.47332072412282494,nan
p1078,ellow-radfar-az045,elmid-radnear-az000,0.7079810091795725,0.7607465620017206,0.7334159571372092,0.7079810091795725,0.4733188597050879,nan
p0320,ellow-radnear-az180,elmid-radfar-az270,0.707438845018485,0.7638930028886722,0.7345828671484924,0.707438845018485,0.47331556217148535,nan
p0915,ellow-radmid-az270,elmid-radnear-az090,0.7027312775872104,0.7592900179450324,0.7299166516934791,0.7027312775872104,0.4733061336842108,nan
p0138,ellow-radnear-az045,elhigh-radfar-az180,0.7040992398213757,0.762687770647374,0.7322233912642313,0.7040992398213757,0.4732985887846452,nan
p0028,ellow-radnear-az000,elmid-radnear-az180,0.6994392924633905,0.7532557818471932,0.7253506952919121,0.6994392924633905,0.47329406418197856,nan
p0047,ellow-radnear-az000,elmid-radfar-az315,0.7110414062367438,0.7654811709126169,0.7372576845581111,0.7110414062367438,0.47329246772317196,nan
p1035,ellow-radfar-az000,elmid-radmid-az135,0.7084865201314269,0.763811655501232,0.735109600484773,0.7084865201314269,0.473276509878585,nan
p1117,ellow-radfar-az045,elhigh-radmid-az315,0.7053338922606441,0.7657364576958677,0.7342951017515525,0.7053338922606441,0.4732248453877632,nan
p1402,ellow-radfar-az315,elmid-radfar-az225,0.7084481937585643,0.7670366549871968,0.7365792108732444,0.7084481937585643,0.473174591080655,nan
p0513,ellow-radnear-az315,elmid-radfar-az180,0.7037169378720163,0.7579671479911763,0.7298352982709553,0.7037169378720163,0.47316325284085914,nan
p1316,ellow-radfar-az225,elhigh-radmid-az000,0.7091531186465881,0.7681163582362027,0.7374580189337812,0.7091531186465881,0.47316241293106165,nan
p1366,ellow-radfar-az270,elhigh-radmid-az045,0.7033752878085494,0.7551022184724003,0.7283214694167355,0.7033752878085494,0.47316150781381244,nan
p0636,ellow-radmid-az045,elmid-radfar-az090,0.7053480796556302,0.761160003389391,0.732192004815425,0.7053480796556302,0.473148669247767,nan
p0950,ellow-radmid-az270,elhigh-radmid-az225,0.7060067613554124,0.7623943953005454,0.7331179159889042,0.7060067613554124,0.4731313565578574,nan
p1377,ellow-radfar-az270,elhigh-radfar-az180,0.7077542910825039,0.7610135755969274,0.7334183105713604,0.7077542910825039,0.47310113793663616,nan
p0590,ellow-radmid-az000,elhigh-radmid-az090,0.7070887696360666,0.760650960194596,0.7328925430512706,0.7070887696360666,0.47309653026064136,nan
p0894,ellow-radmid-az225,elhigh-radmid-az270,0.7049377179799925,0.7682552807326172,0.7352358107851414,0.7049377179799925,0.4730953565093353,nan
p0679,ellow-radmid-az090,elmid-radnear-az000,0.702051908451167,0.7568593215970505,0.7284261306819928,0.702051908451167,0.4730619415514201,nan
p1324,ellow-radfar-az225,elhigh-radfar-az000,0.7134670730112784,0.7747374768028922,0.7428410025970199,0.7134670730112784,0.47302760337192923,nan
p1386,ellow-radfar-az315,elmid-radnear-az225,0.7041935626052361,0.7564749222841624,0.7293985953084211,0.7041935626052361,0.4729978447863168,nan
p1301,ellow-radfar-az225,elmid-radfar-az045,0.7132252168132532,0.7748799509345586,0.7427753535000199,0.7132252168132532,0.47299337400068564,nan
p0406,ellow-radnear-az225,elhigh-radfar-az090,0.7041943848362233,0.757880419622333,0.730051751453317,0.7041943848362233,0.47298787233393486,nan
p0656,ellow-radmid-az045,elhigh-radmid-az270,0.7012741511108365,0.7644646518314907,0.7315072763185404,0.7012741511108365,0.47298143266604153,nan
p0398,ellow-radnear-az225,elhigh-radmid-az090,0.703264481060294,0.7597258172153623,0.7304056400398619,0.703264481060294,0.4729651933968138,nan
p0399,ellow-radnear-az225,elhigh-radmid-az135,0.7026140180183904,0.7598869830643494,0.7301290679670582,0.7026140180183904,0.47296438676707664,nan
p1084,ellow-radfar-az045,elmid-radnear-az270,0.7012965072775577,0.7548822509586881,0.7271034315105167,0.7012965072775577,0.4729630411455793,nan
p0130,ellow-radnear-az045,elhigh-radmid-az180,0.6989130909904524,0.7561054676678132,0.7263852496971597,0.6989130909904524,0.47295559750787025,nan
p0558,ellow-radmid-az000,elmid-radnear-az090,0.7002306584147656,0.7508243292345306,0.7246454736569748,0.7002306584147656,0.4729400066680445,nan
p0323,ellow-radnear-az180,elhigh-radnear-az045,0.6963013239360927,0.7445992339638703,0.7196408240225537,0.6963013239360927,0.472875578189407,nan
p0032,ellow-radnear-az000,elmid-radmid-az000,0.7077589016575406,0.7614148488918926,0.7336070862359664,0.7077589016575406,0.47287431273920555,nan
p1004,ellow-radmid-az315,elhigh-radmid-az135,0.7011698115945347,0.7586511705855001,0.728778808961941,0.7011698115945347,0.47280395569852574,nan
p1334,ellow-radfar-az270,elmid-radnear-az045,0.7042627701049874,0.7543836716428598,0.7284621126920263,0.7042627701049874,0.47278429260006843,nan
p0650,ellow-radmid-az045,elhigh-radmid-az000,0.706772559817983,0.7624250379774887,0.7335447547276591,0.706772559817983,0.472711246129612,nan
p1159,ellow-radfar-az090,elhigh-radnear-az180,0.6971511492225494,0.7523749822192893,0.7237111109942328,0.6971511492225494,0.47270047020597944,nan
p0025,ellow-radnear-az000,elmid-radnear-az045,0.7009092518557588,0.7535861494349977,0.7262938112291204,0.7009092518557588,0.47267099572986215,nan
p0930,ellow-radmid-az270,elmid-radfar-az045,0.7098963827400461,0.7656608095345394,0.7367248683278932,0.7098963827400461,0.47266894299580753,nan
p0449,ellow-radnear-az270,elmid-radfar-az180,0.7058265404346534,0.7622802213382271,0.7329679632007013,0.7058265404346534,0.47264864235159665,nan
p0247,ellow-radnear-az135,elmid-radfar-az000,0.7034030936622112,0.7594671773358581,0.7303608155335255,0.7034030936622112,0.4726200549927179,nan
p1262,ellow-radfar-az180,elhigh-radnear-az180,0.6990796568353654,0.751615769659939,0.7243964304696455,0.6990796568353654,0.4726046112497424,nan
p0180,ellow-radnear-az090,elmid-radfar-az045,0.7032010096499287,0.7581585893883156,0.7296464003569008,0.7032010096499287,0.4725989434567397,nan
p0711,ellow-radmid-az090,elhigh-radmid-az000,0.7026775962534654,0.7601183863430421,0.7302702043732929,0.7026775962534654,0.47258139994947884,nan
p0713,ellow-radmid-az090,elhigh-radmid-az090,0.7035279250636894,0.757322716883303,0.7294348433901553,0.7035279250636894,0.4725759191355617,nan
p0139,ellow-radnear-az045,elhigh-radfar-az225,0.7023453090124501,0.7582548798316392,0.7292300274273047,0.7023453090124501,0.47257114795259636,nan
p1382,ellow-radfar-az315,elmid-radnear-az045,0.7022165486382459,0.7551839659188226,0.7277377396777265,0.7022165486382459,0.4725563395882949,nan
p1069,ellow-radfar-az000,elhigh-radfar-az225,0.7073078921393875,0.76835466004344,0.7365685524876947,0.7073078921393875,0.47254703128696757,nan
p0530,ellow-radnear-az315,elhigh-radmid-az225,0.7001538008035871,0.7536963294171328,0.7259391304838324,0.7001538008035871,0.47253553191484526,nan
p1347,ellow-radfar-az270,elmid-radmid-az270,0.7088372695429542,0.7622113288058153,0.734556013624406,0.7088372695429542,0.47253158800726,nan
p1322,ellow-radfar-az225,elhigh-radmid-az270,0.7103937189325288,0.7704432443189225,0.7392009453308408,0.7103937189325288,0.47251293044434534,nan
p1349,ellow-radfar-az270,elmid-radfar-az000,0.7130841380576131,0.7727944680052901,0.7417395672361071,0.7130841380576131,0.4725019190432961,nan
p1350,ellow-radfar-az270,elmid-radfar-az045,0.7068923303439731,0.7638387425972557,0.7342630596384511,0.7068923303439731,0.4724885772657261,nan
p0980,ellow-radmid-az315,elmid-radmid-az135,0.7041672334699249,0.7584286824566607,0.7302914240279528,0.7041672334699249,0.47246965410654773,nan
p0757,ellow-radmid-az135,elmid-radfar-az090,0.6971572686507298,0.7470352479384743,0.7212349420956703,0.6971572686507298,0.4724665427190523,nan
p0971,ellow-radmid-az315,elmid-radnear-az090,0.6972559181037019,0.7502780201084988,0.7227958888340622,0.6972559181037019,0.4724173697082633,nan
p0714,ellow-radmid-az090,elhigh-radmid-az135,0.6992426671971961,0.750089719577161,0.7237742576382352,0.6992426671971961,0.4724146301261358,nan
p0929,ellow-radmid-az270,elmid-radfar-az000,0.7120911270569289,0.7713230587281196,0.7405245432839522,0.7120911270569289,0.47238524784876784,nan
p1110,ellow-radfar-az045,elhigh-radmid-az000,0.7049201454933776,0.7598520808851141,0.731356083580703,0.7049201454933776,0.4723685473786292,nan
p0994,ellow-radmid-az315,elhigh-radnear-az045,0.6972979981747088,0.7540966115678435,0.7245859315542859,0.6972979981747088,0.4723521875989812,nan
p0599,ellow-radmid-az000,elhigh-radfar-az135,0.7042384415003758,0.7607073479289029,0.7313845481641243,0.7042384415003758,0.47231845195355354,nan
p1348,ellow-radfar-az270,elmid-radmid-az315,0.7069739790055947,0.7639386950791477,0.7343532875770588,0.7069739790055947,0.47228880596154793,nan
p1240,ellow-radfar-az180,elmid-radnear-az270,0.7029191777730628,0.7543966848709467,0.7277487482804489,0.7029191777730628,0.4722850106433908,nan
p0207,ellow-radnear-az090,elhigh-radfar-az180,0.700879452616824,0.7591344446559167,0.7288447528162436,0.700879452616824,0.4722140559164016,nan
p0581,ellow-radmid-az000,elhigh-radnear-az045,0.7070893122592526,0.758583804946821,0.7319319630468992,0.7070893122592526,0.4722043683019146,nan
p1415,ellow-radfar-az315,elhigh-radmid-az090,0.7021763634939544,0.7567834218333618,0.728457955372969,0.7021763634939544,0.47218622655480286,nan
p1414,ellow-radfar-az315,elhigh-radmid-az045,0.7074687699776094,0.757814428789096,0.7317766862514421,0.7074687699776094,0.47218085909262786,nan
p0264,ellow-radnear-az135,elhigh-radmid-az045,0.6928935861995288,0.7446106339096348,0.7178217986904711,0.6928935861995288,0.4721334534109836,nan
p0828,ellow-radmid-az180,elhigh-radnear-az270,0.7071239598710151,0.7579023730932899,0.7316331661738457,0.7071239598710151,0.4720955460421542,nan
p0040,ellow-radnear-az000,elmid-radfar-az000,0.70240623582367,0.7569049213096646,0.7286379385982538,0.70240623582367,0.4720764453370788,nan
p1082,ellow-radfar-az045,elmid-radnear-az180,0.6996997905998337,0.7555587944065987,0.7265572396260052,0.6996997905998337,0.4720551135554736,nan
p0452,ellow-radnear-az270,elmid-radfar-az315,0.7002070414178757,0.761327993754474,0.729489487732415,0.7002070414178757,0.47204676956584213,nan
p0662,ellow-radmid-az045,elhigh-radfar-az180,0.7074371666169705,0.7645713170215901,0.7348954468704942,0.7074371666169705,0.47201632279046907,nan
p0933,ellow-radmid-az270,elmid-radfar-az180,0.7123123759031108,0.7704533615765186,0.7402429805802658,0.7123123759031108,0.4719998636735735,nan
p0321,ellow-radnear-az180,elmid-radfar-az315,0.705683028217947,0.763012896527022,0.7332290398831659,0.705683028217947,0.4719939688259823,nan
p1001,ellow-radmid-az315,elhigh-radmid-az000,0.6992299150187586,0.7544338409969354,0.7257836736239952,0.6992299150187586,0.47197725348099734,nan
p1278,ellow-radfar-az180,elhigh-radfar-az180,0.7030930535750631,0.7585162024104736,0.7297538254563679,0.7030930535750631,0.47195323791481325,nan
p0856,ellow-radmid-az225,elmid-radnear-az000,0.7021953935742566,0.7628954109086676,0.7312879743424119,0.7021953935742566,0.4719243782010754,nan
p0327,ellow-radnear-az180,elhigh-radnear-az225,0.6960673189633506,0.746107110872589,0.7202190880386836,0.6960673189633506,0.471892921171933,nan
p0529,ellow-radnear-az315,elhigh-radmid-az180,0.6985743926462721,0.7591303001029537,0.7275945408855649,0.6985743926462721,0.4718763655592221,nan
p1419,ellow-radfar-az315,elhigh-radmid-az270,0.700140110889537,0.7576779259764677,0.7277735543074195,0.700140110889537,0.47184672448734694,nan
p0345,ellow-radnear-az180,elhigh-radfar-az315,0.703183296039263,0.7627180936928202,0.731741748562942,0.703183296039263,0.47184229685092416,nan
p1219,ellow-radfar-az135,elhigh-radmid-az180,0.699990237192423,0.7562572356644408,0.7270367044589141,0.699990237192423,0.4718379439975334,nan
p1383,ellow-radfar-az315,elmid-radnear-az090,0.7037482026514047,0.7556026698043917,0.7287541753390774,0.7037482026514047,0.4718338041298311,nan
p1313,ellow-radfar-az225,elhigh-radnear-az225,0.704936444793312,0.7652626786728601,0.7338618877214496,0.704936444793312,0.4718230663250967,nan
p1227,ellow-radfar-az135,elhigh-radfar-az180,0.7032379477243271,0.7611492997947646,0.7310485288728252,0.7032379477243271,0.47182012501254605,nan
p1096,ellow-radfar-az045,elmid-radfar-az090,0.7070780211376732,0.7643178935827847,0.7345845918259244,0.7070780211376732,0.47181980681421687,nan
p0717,ellow-radmid-az090,elhigh-radmid-az270,0.6997499699389658,0.7576712490201982,0.7275596469003485,0.6997499699389658,0.47179189538601374,nan
p0845,ellow-radmid-az180,elhigh-radfar-az315,0.7079781993117183,0.7636051058554215,0.7347402840607155,0.7079781993117183,0.471762393339644,nan
p0914,ellow-radmid-az270,elmid-radnear-az045,0.7053202158236744,0.7590936356989528,0.7312196431423748,0.7053202158236744,0.47175344293827226,nan
p1136,ellow-radfar-az090,elmid-radnear-az225,0.6995803327556956,0.7520251443453647,0.7248553536356672,0.6995803327556956,0.4717210278613975,nan
p1193,ellow-radfar-az135,elmid-radmid-az090,0.6964775616049601,0.7427288384958578,0.7188600194288218,0.6964775616049601,0.4717116607736842,nan
p0585,ellow-radmid-az000,elhigh-radnear-az225,0.7042044492617352,0.7578816510488261,0.7300577313046738,0.7042044492617352,0.4716668581940696,nan
p1399,ellow-radfar-az315,elmid-radfar-az090,0.7001970120277289,0.7582059270839667,0.7280477985998459,0.7001970120277289,0.47160096405535196,nan
p0135,ellow-radnear-az045,elhigh-radfar-az045,0.7038029476910833,0.7582872505041491,0.7300299294259056,0.7038029476910833,0.471596266107688,nan
p1199,ellow-radfar-az135,elmid-radfar-az000,0.7088722783652247,0.7650139963812415,0.7358738918840136,0.7088722783652247,0.4715942810229364,nan
p1137,ellow-radfar-az090,elmid-radnear-az270,0.6979492442773833,0.7508639231981694,0.723440288252566,0.6979492442773833,0.47158760320868076,nan
p1309,ellow-radfar-az225,elhigh-radnear-az045,0.7030931706536642,0.7639989654704499,0.7322818271357631,0.7030931706536642,0.47157849461990026,nan
p0196,ellow-radnear-az090,elhigh-radmid-az045,0.6964596508876473,0.7507040439427659,0.7225652194454651,0.6964596508876473,0.4715602105066393,nan
p0754,ellow-radmid-az135,elmid-radmid-az315,0.7012859192809449,0.758638803366467,0.7288358123784416,0.7012859192809449,0.47154598815537574,nan
p0535,ellow-radnear-az315,elhigh-radfar-az090,0.7008512722479445,0.755456221896225,0.727130027652223,0.7008512722479445,0.471531316652297,nan
p0698,ellow-radmid-az090,elmid-radfar-az135,0.7030486290986272,0.7623387083871169,0.7314942201697506,0.7030486290986272,0.4714913193092672,nan
p0761,ellow-radmid-az135,elmid-radfar-az270,0.7054281309306695,0.7649647941296491,0.7339911335992128,0.7054281309306695,0.471467552080568,nan
p1284,ellow-radfar-az225,elmid-radnear-az000,0.7068638673020315,0.7661663536406055,0.7353213858498079,0.7068638673020315,0.4714478746740344,nan
p0702,ellow-radmid-az090,elmid-radfar-az315,0.7042886917681549,0.7633449586901715,0.7326286395188958,0.7042886917681549,0.47144690835270264,nan
p1201,ellow-radfar-az135,elmid-radfar-az090,0.6990294881273589,0.752178302744172,0.7246306383622638,0.6990294881273589,0.4714426868031577,nan
p1151,ellow-radfar-az090,elmid-radfar-az180,0.7072872274350046,0.7670766601403975,0.7359696323992584,0.7072872274350046,0.47138973773176984,nan
p1252,ellow-radfar-az180,elmid-radfar-az090,0.7010620985744749,0.7578284282925731,0.7283408569923553,0.7010620985744749,0.4713855130093895,nan
p1241,ellow-radfar-az180,elmid-radnear-az315,0.7010197182201996,0.754275975046442,0.7266733955632512,0.7010197182201996,0.47136691651589946,nan
p0309,ellow-radnear-az180,elmid-radmid-az135,0.6941356576348986,0.7508772533945423,0.7213924140190436,0.6941356576348986,0.47134513204112416,nan
p0051,ellow-radnear-az000,elhigh-radnear-az135,0.6934580255301015,0.7466559065311511,0.7190743998322174,0.6934580255301015,0.47132340459135913,nan
p0772,ellow-radmid-az135,elhigh-radmid-az045,0.6963711434336591,0.7426474512777074,0.7187652150083295,0.6963711434336591,0.47126803757053465,nan
p0117,ellow-radnear-az045,elmid-radfar-az315,0.7065707224272001,0.764645260125697,0.7344617789021642,0.7065707224272001,0.4712509812315197,nan
p0178,ellow-radnear-az090,elmid-radmid-az315,0.700705387588918,0.7577267125056799,0.7281013490286324,0.700705387588918,0.4712411287496025,nan
p0595,ellow-radmid-az000,elhigh-radmid-az315,0.7040310753014584,0.7616074478764803,0.7316883419841442,0.7040310753014584,0.47123177924905846,nan
p0575,ellow-radmid-az000,elmid-radfar-az135,0.7087370496797775,0.7691085177986331,0.7376896663408005,0.7087370496797775,0.4712314061560445,nan
p0440,ellow-radnear-az270,elmid-radmid-az135,0.6995984665433175,0.7526764747088344,0.7251675182875781,0.6995984665433175,0.47121545977479923,nan
p0317,ellow-radnear-az180,elmid-radfar-az135,0.7013626766220024,0.7558477338768876,0.727586607851746,0.7013626766220024,0.47116345994756,nan
p0129,ellow-radnear-az045,elhigh-radmid-az135,0.6996436883266139,0.7569385537471957,0.7271642702801331,0.6996436883266139,0.4711548317679084,nan
p0272,ellow-radnear-az135,elhigh-radfar-az045,0.7016811535345788,0.7528263556470923,0.7263545389860288,0.7016811535345788,0.471140126037508,nan
p1148,ellow-radfar-az090,elmid-radfar-az045,0.7047188318938842,0.757941420380004,0.7303618069661869,0.7047188318938842,0.47111718032800776,nan
p1113,ellow-radfar-az045,elhigh-radmid-az135,0.7016109951093581,0.753716503102129,0.7267309748791445,0.7016109951093581,0.471107239317555,nan
p0521,ellow-radnear-az315,elhigh-radnear-az180,0.696931941670638,0.7520887602569434,0.7234605817532764,0.696931941670638,0.47108900376370694,nan
p0275,ellow-radnear-az135,elhigh-radfar-az180,0.6971033602108968,0.7476834191106976,0.7215080194473775,0.6971033602108968,0.4710825566109903,nan
p0572,ellow-radmid-az000,elmid-radfar-az000,0.7084380115424299,0.7637438566954927,0.7350520894714058,0.7084380115424299,0.4710732312386818,nan
p0114,ellow-radnear-az045,elmid-radfar-az180,0.7019014793573605,0.7669020387019925,0.7329634888106967,0.7019014793573605,0.47106565198315986,nan
p0624,ellow-radmid-az045,elmid-radnear-az270,0.6961677420030572,0.7489536863613704,0.7215966581980214,0.6961677420030572,0.4710586207451455,nan
p0768,ellow-radmid-az135,elhigh-radnear-az225,0.6945122126396598,0.746745223812711,0.7196822226913836,0.6945122126396598,0.47105045840496024,nan
p0246,ellow-radnear-az135,elmid-radmid-az315,0.7009343564784851,0.7579466183688652,0.7283264835872082,0.7009343564784851,0.47101785864814316,nan
p1098,ellow-radfar-az045,elmid-radfar-az180,0.707410278990052,0.7667837016699723,0.7359013527928305,0.707410278990052,0.4709987762278764,nan
p0183,ellow-radnear-az090,elmid-radfar-az180,0.7067274666818835,0.7625709107509522,0.7335879712355465,0.7067274666818835,0.47099405678078915,nan
p1303,ellow-radfar-az225,elmid-radfar-az135,0.7091942367166552,0.7710381549672369,0.7388242803812144,0.7091942367166552,0.4709655273255966,nan
p1025,ellow-radfar-az000,elmid-radnear-az045,0.7054396082044497,0.7595222019183655,0.7314826104565197,0.7054396082044497,0.47092940508085124,nan
p1401,ellow-radfar-az315,elmid-radfar-az180,0.7115112528744798,0.7684508269296798,0.73888570268438,0.7115112528744798,0.4708910420541241,nan
p0053,ellow-radnear-az000,elhigh-radnear-az225,0.6996204488885955,0.7511656659708235,0.7244773782069622,0.6996204488885955,0.4708724700990141,nan
p0903,ellow-radmid-az225,elhigh-radfar-az315,0.7061749976033997,0.7672656069447512,0.7354538574176702,0.7061749976033997,0.4708416025155103,nan
p0708,ellow-radmid-az090,elhigh-radnear-az225,0.695745420335403,0.7491190271948064,0.7214464074437011,0.695745420335403,0.4708369411585805,nan
p1079,ellow-radfar-az045,elmid-radnear-az045,0.7045637101870423,0.7568688644207255,0.729780277936451,0.7045637101870423,0.4708337249053056,nan
p0588,ellow-radmid-az000,elhigh-radmid-az000,0.7051436198945327,0.7613761937333323,0.732181809426106,0.7051436198945327,0.47082685055760753,nan
p0463,ellow-radnear-az270,elhigh-radmid-az090,0.6944770388226151,0.7492404709704419,0.7208201052021574,0.6944770388226151,0.4708207120847334,nan
p0721,ellow-radmid-az090,elhigh-radfar-az090,0.7035220530829199,0.7570327905919209,0.7292971782535668,0.7035220530829199,0.4707652221115005,nan
p0397,ellow-radnear-az225,elhigh-radmid-az045,0.699308661463705,0.7554566117702489,0.7262990967560695,0.699308661463705,0.4706888513922486,nan
p0759,ellow-radmid-az135,elmid-radfar-az180,0.7028884826707179,0.7565624303351004,0.728738478238616,0.7028884826707179,0.4706770099499067,nan
p0660,ellow-radmid-az045,elhigh-radfar-az090,0.701803039944783,0.7569249621780395,0.7283225367492613,0.701803039944783,0.47067114631596235,nan
p1425,ellow-radfar-az315,elhigh-radfar-az180,0.7048813377444184,0.7668334661100443,0.7345534583238311,0.7048813377444184,0.470636471036756,nan
p0465,ellow-radnear-az270,elhigh-radmid-az180,0.6987838094899693,0.7540882074586366,0.7253834118247026,0.6987838094899693,0.4706345559799938,nan
p0269,ellow-radnear-az135,elhigh-radmid-az270,0.6944620487481037,0.7450916676452898,0.7188865272974454,0.6944620487481037,0.47062444406212517,nan
p0682,ellow-radmid-az090,elmid-radnear-az135,0.692074039616796,0.7482546387635505,0.7190686657623423,0.692074039616796,0.4706131049887327,nan
p0726,ellow-radmid-az090,elhigh-radfar-az315,0.7018132953550561,0.7640242036689966,0.7315986178071743,0.7018132953550561,0.4706028677498626,nan
p0924,ellow-radmid-az270,elmid-radmid-az135,0.7034161650577868,0.7578492620394908,0.7296188792403484,0.7034161650577868,0.4705778999344998,nan
p0447,ellow-radnear-az270,elmid-radfar-az090,0.6960464646294476,0.7534416476232375,0.7236077215117142,0.6960464646294476,0.4705695697081583,nan
p0236,ellow-radnear-az135,elmid-radnear-az225,0.6933945902405512,0.7475722073169773,0.7194649109839535,0.6933945902405512,0.47055112055446563,nan
p0837,ellow-radmid-az180,elhigh-radmid-az315,0.7020370167252512,0.7561939159634605,0.7281098061058606,0.7020370167252512,0.47052233394654436,nan
p0330,ellow-radnear-az180,elhigh-radmid-az000,0.6999125671638048,0.7509175142941247,0.7245184834184241,0.6999125671638048,0.4705155682466427,nan
p0274,ellow-radnear-az135,elhigh-radfar-az135,0.6958436379210924,0.7508452972954088,0.7222989137022634,0.6958436379210924,0.47049371122760786,nan
p0509,ellow-radnear-az315,elmid-radfar-az000,0.70558303914305,0.7631907810200542,0.7332571745570589,0.70558303914305,0.4704784454999984,nan
p1413,ellow-radfar-az315,elhigh-radmid-az000,0.699923690780755,0.7597717823933492,0.7286208388760244,0.699923690780755,0.4704490371598007,nan
p0494,ellow-radnear-az315,elmid-radnear-az045,0.6992879231584278,0.7503439722870963,0.7239168504550973,0.6992879231584278,0.470421688006392,nan
p0303,ellow-radnear-az180,elmid-radnear-az225,0.6976715184482455,0.7531473965197792,0.7243488244111813,0.6976715184482455,0.4704095329807962,nan
p0410,ellow-radnear-az225,elhigh-radfar-az270,0.7030320731361511,0.7650314938683713,0.732722600351911,0.7030320731361511,0.47038676644976596,nan
p1164,ellow-radfar-az090,elhigh-radmid-az045,0.6996556271783416,0.7490790672528544,0.7235243093432435,0.6996556271783416,0.4703794693970855,nan
p0385,ellow-radnear-az225,elmid-radfar-az225,0.702531855725756,0.7612923893395412,0.7307327458683338,0.702531855725756,0.47037359210927115,nan
p1263,ellow-radfar-az180,elhigh-radnear-az225,0.6965726920985925,0.7543856660049004,0.724327409280676,0.6965726920985925,0.470353323260938,nan
p0537,ellow-radnear-az315,elhigh-radfar-az180,0.7020707497830005,0.7558570969508928,0.727971771681201,0.7020707497830005,0.4703480440989262,nan
p0199,ellow-radnear-az090,elhigh-radmid-az180,0.6983719023555378,0.7547127913729351,0.725450085763087,0.6983719023555378,0.4703350751407627,nan
p0969,ellow-radmid-az315,elmid-radnear-az000,0.6987740106056973,0.7555382679549963,0.7260483370015933,0.6987740106056973,0.47032909597280365,nan
p0116,ellow-radnear-az045,elmid-radfar-az270,0.7040772247269182,0.7659048580352177,0.7336908023219216,0.7040772247269182,0.47032220817222425,nan
p0369,ellow-radnear-az225,elmid-radnear-az225,0.7019434063113428,0.7583127088204548,0.7290400640857013,0.7019434063113428,0.47029845286396166,nan
p0364,ellow-radnear-az225,elmid-radnear-az000,0.6972795887316652,0.7541448465204832,0.7245982576206995,0.6972795887316652,0.4702928920025803,nan
p0474,ellow-radnear-az270,elhigh-radfar-az225,0.6970857552871669,0.756633880339269,0.7256401950227158,0.6970857552871669,0.4702847829947319,nan
p0192,ellow-radnear-az090,elhigh-radnear-az225,0.6957668029418445,0.750833478512269,0.7222520492821517,0.6957668029418445,0.4702648794056894,nan
p0462,ellow-radnear-az270,elhigh-radmid-az045,0.6939536087825413,0.7450441296279431,0.7185919041522123,0.6939536087825413,0.4702399363589872,nan
p0458,ellow-radnear-az270,elhigh-radnear-az225,0.6938629834742243,0.7480727817045647,0.7199488697126974,0.6938629834742243,0.4702363242962477,nan
p1125,ellow-radfar-az045,elhigh-radfar-az315,0.7086630737171293,0.766507550346177,0.7364512115344266,0.7086630737171293,0.4702204277368379,nan
p0875,ellow-radmid-az225,elmid-radfar-az135,0.708604550533025,0.7690152186349184,0.7375749766270443,0.708604550533025,0.4702071153242001,nan
p0941,ellow-radmid-az270,elhigh-radnear-az180,0.6966285861909355,0.7534153592874763,0.7239100279568517,0.6966285861909355,0.4701413645542229,nan
p1103,ellow-radfar-az045,elhigh-radnear-az045,0.701239448667297,0.753949722481319,0.72663994234969,0.701239448667297,0.47013784669707037,nan
p0173,ellow-radnear-az090,elmid-radmid-az090,0.6976458936552652,0.7516111724447605,0.7236237936621743,0.6976458936552652,0.4701260760450504,nan
p0334,ellow-radnear-az180,elhigh-radmid-az180,0.6988110777286025,0.753339096518971,0.7250513277062239,0.6988110777286025,0.47011502434327485,nan
p1308,ellow-radfar-az225,elhigh-radnear-az000,0.7079185885912395,0.7685749124968783,0.7370008291678272,0.7079185885912395,0.47010199936492875,nan
p0771,ellow-radmid-az135,elhigh-radmid-az000,0.6977738524586271,0.7490439161178547,0.7225004701518126,0.6977738524586271,0.4700866939345774,nan
p0857,ellow-radmid-az225,elmid-radnear-az045,0.7069812849146128,0.7596117376823347,0.7323521577812211,0.7069812849146128,0.4700829833386977,nan
p0586,ellow-radmid-az000,elhigh-radnear-az270,0.700272549521288,0.7558405645341233,0.7269962670465699,0.700272549521288,0.4700466865516008,nan
p1315,ellow-radfar-az225,elhigh-radnear-az315,0.7032317930051659,0.7674917284784158,0.7339579145236856,0.7032317930051659,0.4700428005090883,nan
p0110,ellow-radnear-az045,elmid-radfar-az000,0.7074647806023132,0.7661733303626846,0.7356496049269927,0.7074647806023132,0.47003922896399625,nan
p0953,ellow-radmid-az270,elhigh-radfar-az000,0.7058507116603484,0.7654143943306745,0.7344268449695396,0.7058507116603484,0.47000631317664826,nan
p1059,ellow-radfar-az000,elhigh-radmid-az135,0.6983135124224827,0.7544518276657517,0.7252980108939474,0.6983135124224827,0.469998422346389,nan
p0132,ellow-radnear-az045,elhigh-radmid-az270,0.69838925570504,0.7620139961030488,0.7288156704887498,0.69838925570504,0.46997826746944976,nan
p1141,ellow-radfar-az090,elmid-radmid-az090,0.7011461478461576,0.7570142551327195,0.7280099332921242,0.7011461478461576,0.4698698959570295,nan
p1215,ellow-radfar-az135,elhigh-radmid-az000,0.6980109388086311,0.7524932862417566,0.7242289075835739,0.6980109388086311,0.46985296125602377,nan
p0200,ellow-radnear-az090,elhigh-radmid-az225,0.6964188175813336,0.7519440474724639,0.7231171097563932,0.6964188175813336,0.46984586542537526,nan
p1211,ellow-radfar-az135,elhigh-radnear-az180,0.6951667875424745,0.7477989753044267,0.720523001688278,0.6951667875424745,0.4697851945786268,nan
p1417,ellow-radfar-az315,elhigh-radmid-az180,0.698275670376277,0.7572959320767445,0.7265892296235331,0.698275670376277,0.4697441128376881,nan
p0681,ellow-radmid-az090,elmid-radnear-az090,0.6955616518701255,0.7480062035208215,0.7208312772926638,0.6955616518701255,0.4696790456761945,nan
p0112,ellow-radnear-az045,elmid-radfar-az090,0.6988538909387149,0.7600309555927385,0.7281597198198102,0.6988538909387149,0.4696695629272886,nan
p1338,ellow-radfar-az270,elmid-radnear-az225,0.6987542747325373,0.7536602926456833,0.7251694702194615,0.6987542747325373,0.46964937452407696,nan
p0777,ellow-radmid-az135,elhigh-radmid-az270,0.698087601528711,0.7523305999978191,0.7241948060998972,0.698087601528711,0.46964678016492145,nan
p1198,ellow-radfar-az135,elmid-radmid-az315,0.6971072525321131,0.7537535436987892,0.7243245710398021,0.6971072525321131,0.46963480392518303,nan
p1095,ellow-radfar-az045,elmid-radfar-az045,0.7102773171476525,0.7677211226418754,0.7378829160135069,0.7102773171476525,0.4696190036090046,nan
p0466,ellow-radnear-az270,elhigh-radmid-az225,0.6947065271144014,0.7464520388837402,0.7196503088905153,0.6947065271144014,0.46958354080566733,nan
p1174,ellow-radfar-az090,elhigh-radfar-az135,0.6997264549677769,0.7583298962349155,0.7278504559180438,0.6997264549677769,0.4695613886496038,nan
p0956,ellow-radmid-az270,elhigh-radfar-az135,0.7020738389570248,0.7568769751000809,0.7284461112832211,0.7020738389570248,0.4695418723662904,nan
p0471,ellow-radnear-az270,elhigh-radfar-az090,0.6978211339395395,0.7564378802981497,0.7259481759666803,0.6978211339395395,0.46953350125285237,nan
p0560,ellow-radmid-az000,elmid-radnear-az180,0.6911133714574014,0.7497500124213949,0.7192385685308886,0.6911133714574014,0.46949590630990523,nan
p1355,ellow-radfar-az270,elmid-radfar-az270,0.7071256024288466,0.7640165816559443,0.7344710680092216,0.7071256024288466,0.46941122625650633,nan
p0740,ellow-radmid-az135,elmid-radnear-az045,0.6994073409617563,0.7497271168276383,0.723693576408697,0.6994073409617563,0.46940799029859853,nan
p1030,ellow-radfar-az000,elmid-radnear-az270,0.6995923686265573,0.7598376615847586,0.7284715518191398,0.6995923686265573,0.4693875381079047,nan
p0444,ellow-radnear-az270,elmid-radmid-az315,0.6990689106197953,0.7598375805524776,0.7281876294319373,0.6990689106197953,0.46938054882678343,nan
p1041,ellow-radfar-az000,elmid-radfar-az045,0.7073137763849076,0.7652419931700436,0.7351384785935863,0.7073137763849076,0.469379183345174,nan
p1027,ellow-radfar-az000,elmid-radnear-az135,0.6980695116054025,0.7525069892922283,0.7242667810623096,0.6980695116054025,0.46928273216136973,nan
p1339,ellow-radfar-az270,elmid-radnear-az270,0.697561283520339,0.7513882353330354,0.7234749520822122,0.697561283520339,0.4692674021958104,nan
p0027,ellow-radnear-az000,elmid-radnear-az135,0.6951008654361224,0.7496169732049623,0.7213303426923686,0.6951008654361224,0.46924894730614086,nan
p0948,ellow-radmid-az270,elhigh-radmid-az135,0.7036014669671649,0.7618344728892368,0.7315609480187163,0.7036014669671649,0.46924627346593767,nan
p1344,ellow-radfar-az270,elmid-radmid-az135,0.7023441271882823,0.7562344531761543,0.7282937431221643,0.7023441271882823,0.4691637841128089,nan
p1124,ellow-radfar-az045,elhigh-radfar-az270,0.7025791277692994,0.7653892882253714,0.7326404746398829,0.7025791277692994,0.4691570482265758,nan
p1142,ellow-radfar-az090,elmid-radmid-az135,0.6976801911165713,0.7518751285121938,0.7237645590380467,0.6976801911165713,0.4690864866667252,nan
p0232,ellow-radnear-az135,elmid-radnear-az045,0.6941780424615821,0.7454003743438208,0.7188779251919972,0.6941780424615821,0.46908223544454136,nan
p0744,ellow-radmid-az135,elmid-radnear-az225,0.6971612097364911,0.7442978126652563,0.7199588131438586,0.6971612097364911,0.4690753597948334,nan
p0402,ellow-radnear-az225,elhigh-radmid-az270,0.6987121894278591,0.7634689461250684,0.7296566012739634,0.6987121894278591,0.4690729927364702,nan
p0186,ellow-radnear-az090,elmid-radfar-az315,0.7010520881628067,0.7626624474834781,0.730560622786429,0.7010520881628067,0.4690724797161537,nan
p1131,ellow-radfar-az090,elmid-radnear-az000,0.7044683492896401,0.7566425914924467,0.7296239355316918,0.7044683492896401,0.4690579051261456,nan
p0658,ellow-radmid-az045,elhigh-radfar-az000,0.7048978650267141,0.7627876631196536,0.7327010928299327,0.7048978650267141,0.4690475803003744,nan
p0134,ellow-radnear-az045,elhigh-radfar-az000,0.7009827050935293,0.7565807381288652,0.7277213419440988,0.7009827050935293,0.4690372791490045,nan
p0137,ellow-radnear-az045,elhigh-radfar-az135,0.7025052095403067,0.7595104489121821,0.7298964877378488,0.7025052095403067,0.46902032138122807,nan
p0493,ellow-radnear-az315,elmid-radnear-az000,0.6928383273691103,0.7458658294934991,0.7183748393067287,0.6928383273691103,0.4690085038873663,nan
p0680,ellow-radmid-az090,elmid-radnear-az045,0.699851559365917,0.7531755925571023,0.725535117812255,0.699851559365917,0.46895104358756745,nan
p0181,ellow-radnear-az090,elmid-radfar-az090,0.6982521111724982,0.7569749529310309,0.7264287093429037,0.6982521111724982,0.4689471826181059,nan
p0070,ellow-radnear-az000,elhigh-radfar-az270,0.6947122761322958,0.7536031406390615,0.722960409136429,0.6947122761322958,0.46894159320808165,nan
p0970,ellow-radmid-az315,elmid-radnear-az045,0.6988370912746164,0.7519593355470431,0.7244256535173919,0.6988370912746164,0.46893260370233725,nan
p0127,ellow-radnear-az045,elhigh-radmid-az045,0.695321689703141,0.7479469605363692,0.72067489905247,0.695321689703141,0.46890979368587815,nan
p1149,ellow-radfar-az090,elmid-radfar-az090,0.6935862711250185,0.7478964074562018,0.7197182292136944,0.6935862711250185,0.46888249610650207,nan
p1042,ellow-radfar-az000,elmid-radfar-az090,0.7007640254034129,0.7582169608688869,0.7283592790131909,0.7007640254034129,0.46886595708577483,nan
p1281,ellow-radfar-az180,elhigh-radfar-az315,0.7084220774639409,0.7633166104921925,0.7348455855551043,0.7084220774639409,0.46884065012792514,nan
p1200,ellow-radfar-az135,elmid-radfar-az045,0.7028059733388414,0.7576561433481291,0.7292010620444809,0.7028059733388414,0.46880767879979207,nan
p0739,ellow-radmid-az135,elmid-radnear-az000,0.6964901409630214,0.7471999578892973,0.7209544547151681,0.6964901409630214,0.468805695819552,nan
p0858,ellow-radmid-az225,elmid-radnear-az090,0.6998949514070624,0.7559100202059221,0.726824838733662,0.6998949514070624,0.4688041063764161,nan
p0407,ellow-radnear-az225,elhigh-radfar-az135,0.7002821284795434,0.756375392839914,0.727248735238327,0.7002821284795434,0.4687807681604142,nan
p0725,ellow-radmid-az090,elhigh-radfar-az270,0.6992423590186769,0.7629155476640233,0.7296925521415425,0.6992423590186769,0.46876480061775194,nan
p1081,ellow-radfar-az045,elmid-radnear-az135,0.6992813141854415,0.7517026905454436,0.7245450585361111,0.6992813141854415,0.4687358153543022,nan
p0379,ellow-radnear-az225,elmid-radmid-az315,0.7051286619663133,0.7665616807441575,0.7345629669109199,0.7051286619663133,0.46871989437130424,nan
p0445,ellow-radnear-az270,elmid-radfar-az000,0.701724313962775,0.7603741970685569,0.7298729295833265,0.701724313962775,0.46868886919211133,nan
p0168,ellow-radnear-az090,elmid-radnear-az225,0.6915483680895433,0.7527614507559471,0.720857735699825,0.6915483680895433,0.4686841967438524,nan
p0985,ellow-radmid-az315,elmid-radfar-az000,0.7016992714459882,0.7593149069625682,0.7293710422360019,0.7016992714459882,0.4686712769007303,nan
p1212,ellow-radfar-az135,elhigh-radnear-az225,0.6970165691934396,0.7535259424848897,0.7241705265450961,0.6970165691934396,0.4686573284865678,nan
p0126,ellow-radnear-az045,elhigh-radmid-az000,0.6969825401486165,0.7555565410054526,0.7250885349776359,0.6969825401486165,0.4686183996554749,nan
p1011,ellow-radmid-az315,elhigh-radfar-az090,0.6981692631891431,0.7535418421020434,0.7247995152273047,0.6981692631891431,0.4685540211556913,nan
p0863,ellow-radmid-az225,elmid-radnear-az315,0.7023930129529655,0.761729897277226,0.7308590745578661,0.7023930129529655,0.468547436417291,nan
p0265,ellow-radnear-az135,elhigh-radmid-az090,0.6904748761633825,0.7459663739973982,0.7171487725658799,0.6904748761633825,0.4685453173051641,nan
p0182,ellow-radnear-az090,elmid-radfar-az135,0.7016489834016378,0.7613487387554378,0.7302807932936993,0.7016489834016378,0.4684892779882559,nan
p1265,ellow-radfar-az180,elhigh-radnear-az315,0.7035492478611622,0.7562706889275848,0.7289579501768958,0.7035492478611622,0.4684732369020671,nan
p0884,ellow-radmid-az225,elhigh-radnear-az180,0.6977697629736892,0.7604373225214427,0.7277569497091917,0.6977697629736892,0.46847151190032177,nan
p1024,ellow-radfar-az000,elmid-radnear-az000,0.7020499548907222,0.7535569513803625,0.7268921594765352,0.7020499548907222,0.46845369674975923,nan
p0185,ellow-radnear-az090,elmid-radfar-az270,0.7005782732255768,0.7595312161751283,0.7288646115262165,0.7005782732255768,0.46842215435740253,nan
p0527,ellow-radnear-az315,elhigh-radmid-az090,0.6928846281495333,0.7474127127661113,0.7191164835865814,0.6928846281495333,0.4683688342549435,nan
p1261,ellow-radfar-az180,elhigh-radnear-az135,0.697179490381883,0.751827481161016,0.7234729859343727,0.697179490381883,0.4683509354397079,nan
p0879,ellow-radmid-az225,elmid-radfar-az315,0.7081800130390316,0.7693172577481552,0.7374837387455502,0.7081800130390316,0.4683375924075095,nan
p1287,ellow-radfar-az225,elmid-radnear-az135,0.6985154964290629,0.7552890043799675,0.7257936999758785,0.6985154964290629,0.4683299945362327,nan
p0582,ellow-radmid-az000,elhigh-radnear-az090,0.6946777377122803,0.7474474423543789,0.7200971253959652,0.6946777377122803,0.4682990932361047,nan
p1003,ellow-radmid-az315,elhigh-radmid-az090,0.6980783067796263,0.7537832541761785,0.7248621382437179,0.6980783067796263,0.4682782672072459,nan
p0773,ellow-radmid-az135,elhigh-radmid-az090,0.6926738481204732,0.7458911456854767,0.7182981545992498,0.6926738481204732,0.4682399928871389,nan
p1375,ellow-radfar-az270,elhigh-radfar-az090,0.704691887314407,0.7597945386060863,0.7312065689444225,0.704691887314407,0.4682297367684558,nan
p0579,ellow-radmid-az000,elmid-radfar-az315,0.6993944304097144,0.7564100166182325,0.7267857352804963,0.6993944304097144,0.4682063998714668,nan
p0805,ellow-radmid-az180,elmid-radnear-az315,0.6913879398280754,0.7437076649449881,0.7165940841717992,0.6913879398280754,0.4681862915154681,nan
p0024,ellow-radnear-az000,elmid-radnear-az000,0.701413246885414,0.7539470898597761,0.7267320167059682,0.701413246885414,0.46817382501229365,nan
p0563,ellow-radmid-az000,elmid-radnear-az315,0.6971657856058604,0.7530585373909181,0.724035086851189,0.6971657856058604,0.4681684525229615,nan
p1206,ellow-radfar-az135,elmid-radfar-az315,0.6966818349123307,0.7615782802342721,0.7276860255478488,0.6966818349123307,0.46814662665032825,nan
p0862,ellow-radmid-az225,elmid-radnear-az270,0.7028254218122159,0.7575973432653418,0.7291842952283766,0.7028254218122159,0.4681238413169104,nan
p0758,ellow-radmid-az135,elmid-radfar-az135,0.7005655187332201,0.7536090587400346,0.7261198611732383,0.7005655187332201,0.46810220823488896,nan
p1058,ellow-radfar-az000,elhigh-radmid-az090,0.7051006426030831,0.7641856631017383,0.7334551476168852,0.7051006426030831,0.4680511803962175,nan
p1102,ellow-radfar-az045,elhigh-radnear-az000,0.7016001186532532,0.7568616070559344,0.7281839268786103,0.7016001186532532,0.46802404480949333,nan
p1238,ellow-radfar-az180,elmid-radnear-az180,0.699875545086155,0.7545481780668861,0.7261842735533529,0.699875545086155,0.46797708458634163,nan
p0596,ellow-radmid-az000,elhigh-radfar-az000,0.7078329219094163,0.7624112855388464,0.7341090754933872,0.7078329219094163,0.4679087546592885,nan
p1222,ellow-radfar-az135,elhigh-radmid-az315,0.6998486446076077,0.7552150752681643,0.7264784896963574,0.6998486446076077,0.4678712988781466,nan
p0054,ellow-radnear-az000,elhigh-radnear-az270,0.6990338774418985,0.7545252600322514,0.7257203433287645,0.6990338774418985,0.46787093572225624,nan
p1234,ellow-radfar-az180,elmid-radnear-az000,0.6981298655398738,0.7507017192774448,0.7234619894151412,0.6981298655398738,0.46784202895024696,nan
p0802,ellow-radmid-az180,elmid-radnear-az180,0.6957597554316098,0.7465002021470049,0.7202374236991694,0.6957597554316098,0.46784106976416423,nan
p1351,ellow-radfar-az270,elmid-radfar-az090,0.6991094027814797,0.7564064207032856,0.7266301506388063,0.6991094027814797,0.46782846990016086,nan
p1109,ellow-radfar-az045,elhigh-radnear-az315,0.7022408454853601,0.7618740573789344,0.7308430249025808,0.7022408454853601,0.46778788856875597,nan
p0136,ellow-radnear-az045,elhigh-radfar-az090,0.7032112204651868,0.7628938359562218,0.7318377398924153,0.7032112204651868,0.46776088249107767,nan
p0750,ellow-radmid-az135,elmid-radmid-az135,0.6945422857533933,0.7419150056220161,0.7174474966061324,0.6945422857533933,0.4677575197971268,nan
p1026,ellow-radfar-az000,elmid-radnear-az090,0.6970601542371753,0.7496940168884949,0.7224196583948724,0.6970601542371753,0.4677146489381575,nan
p1253,ellow-radfar-az180,elmid-radfar-az135,0.7008632599847747,0.7565096725286058,0.7276241015180855,0.7008632599847747,0.46768927544805716,nan
p0141,ellow-radnear-az045,elhigh-radfar-az315,0.6942388487520854,0.7559675369385614,0.7237894381332972,0.6942388487520854,0.46762579286823247,nan
p1070,ellow-radfar-az000,elhigh-radfar-az270,0.7024784306940769,0.7613917957400289,0.7307496308845471,0.7024784306940769,0.46760025658391996,nan
p0498,ellow-radnear-az315,elmid-radnear-az225,0.6972396549615051,0.7493295660229361,0.7223467504869658,0.6972396549615051,0.4675300638872656,nan
p0052,ellow-radnear-az000,elhigh-radnear-az180,0.6935586962338444,0.7501256740225741,0.720733970949932,0.6935586962338444,0.4675081827488228,nan
p0049,ellow-radnear-az000,elhigh-radnear-az045,0.6955256954326673,0.7459625386012891,0.7198617389688075,0.6955256954326673,0.46750113613474853,nan
p0779,ellow-radmid-az135,elhigh-radfar-az000,0.700764183388979,0.7514966038630246,0.7252442654217054,0.700764183388979,0.46744861209237865,nan
p0722,ellow-radmid-az090,elhigh-radfar-az135,0.7008054140298852,0.7581867213224733,0.7283676810499514,0.7008054140298852,0.46743121680605687,nan
p0625,ellow-radmid-az045,elmid-radnear-az315,0.7027634365148885,0.7589302074077444,0.7297676949617405,0.7027634365148885,0.46742671848103096,nan
p0767,ellow-radmid-az135,elhigh-radnear-az180,0.6912661646482567,0.7435562143434815,0.7164583714547084,0.6912661646482567,0.4673979012852318,nan
p1046,ellow-radfar-az000,elmid-radfar-az270,0.6989604055928832,0.7658238883016206,0.7308660774301987,0.6989604055928832,0.467394882691196,nan
p1106,ellow-radfar-az045,elhigh-radnear-az180,0.694323257228805,0.7511496927953042,0.7216194552230851,0.694323257228805,0.4673948801855537,nan
p0387,ellow-radnear-az225,elmid-radfar-az315,0.7043248935276893,0.7648020007711184,0.7333186668262314,0.7043248935276893,0.467366497296011,nan
p0393,ellow-radnear-az225,elhigh-radnear-az225,0.6976650613943097,0.7521278946512439,0.7238735042960789,0.6976650613943097,0.467341459916563,nan
p0935,ellow-radmid-az270,elmid-radfar-az270,0.7055646710912161,0.7658511411017346,0.7344728852287465,0.7055646710912161,0.46733659651523995,nan
p1362,ellow-radfar-az270,elhigh-radnear-az225,0.6986079297242394,0.75099065360822,0.723852840078509,0.6986079297242394,0.46733468268640016,nan
p0709,ellow-radmid-az090,elhigh-radnear-az270,0.6993432991905232,0.7570776895247763,0.7270661618284241,0.6993432991905232,0.467331973222578,nan
p0365,ellow-radnear-az225,elmid-radnear-az045,0.6957548655688127,0.7529742469939064,0.7232345805038732,0.6957548655688127,0.4673270569795675,nan
p0329,ellow-radnear-az180,elhigh-radnear-az315,0.6942271287132702,0.7482840771366864,0.7202427325704875,0.6942271287132702,0.4673243662365495,nan
p1158,ellow-radfar-az090,elhigh-radnear-az135,0.693359991090479,0.7452481981106504,0.7183683338951904,0.693359991090479,0.4673074861366732,nan
p1257,ellow-radfar-az180,elmid-radfar-az315,0.7049512597499908,0.7634491628224731,0.7330349961952819,0.7049512597499908,0.46728931189119427,nan
p0881,ellow-radmid-az225,elhigh-radnear-az045,0.6959672262710748,0.7483715983704708,0.7212187288079158,0.6959672262710748,0.4672565029062742,nan
p0781,ellow-radmid-az135,elhigh-radfar-az090,0.6955580517509693,0.7500660808604415,0.7217844391478659,0.6955580517509693,0.4672553546555647,nan
p0386,ellow-radnear-az225,elmid-radfar-az270,0.7084483396188734,0.7693082696386208,0.7376250769122189,0.7084483396188734,0.46722403952923064,nan
p1085,ellow-radfar-az045,elmid-radnear-az315,0.6992045573309369,0.7547339943650132,0.7259088739576323,0.6992045573309369,0.46718434108243856,nan
p1067,ellow-radfar-az000,elhigh-radfar-az135,0.6995418762090876,0.7555504266322466,0.7264682274586002,0.6995418762090876,0.4671540516188036,nan
p0125,ellow-radnear-az045,elhigh-radnear-az315,0.6929402311131073,0.7521891859020187,0.7213501326355871,0.6929402311131073,0.46704362102150776,nan
p0201,ellow-radnear-az090,elhigh-radmid-az270,0.6938169640529629,0.7589856874836101,0.7249396810951134,0.6938169640529629,0.4669926500044061,nan
p1237,ellow-radfar-az180,elmid-radnear-az135,0.6967130146747019,0.7503981558585945,0.722559775669355,0.6967130146747019,0.4669850592231873,nan
p1312,ellow-radfar-az225,elhigh-radnear-az180,0.7025015899026504,0.7614602276916239,0.730793678048304,0.7025015899026504,0.46697973118739894,nan
p1217,ellow-radfar-az135,elhigh-radmid-az090,0.6930880272773878,0.7513503051668605,0.7210441444338536,0.6930880272773878,0.4669308511272226,nan
p0984,ellow-radmid-az315,elmid-radmid-az315,0.6983415074507168,0.756924535882566,0.726453865719188,0.6983415074507168,0.4668884260524452,nan
p0370,ellow-radnear-az225,elmid-radnear-az270,0.697385793999535,0.755631367832622,0.7253411663251634,0.697385793999535,0.4668766254115325,nan
p0515,ellow-radnear-az315,elmid-radfar-az270,0.7000242569515605,0.7543637982383393,0.7261788976450302,0.7000242569515605,0.46687585471254767,nan
p0936,ellow-radmid-az270,elmid-radfar-az315,0.704863320393701,0.7682024115137651,0.7351711343021791,0.704863320393701,0.4668717542058979,nan
p0368,ellow-radnear-az225,elmid-radnear-az180,0.6939217151371408,0.7528290999175672,0.7221761408860086,0.6939217151371408,0.4668668645287806,nan
p0916,ellow-radmid-az270,elmid-radnear-az135,0.6905388698726701,0.7488703462185384,0.7185226783015638,0.6905388698726701,0.46685808754281855,nan
p0344,ellow-radnear-az180,elhigh-radfar-az270,0.7025062985359543,0.7615082873250056,0.7308183585050022,0.7025062985359543,0.46683292441286917,nan
p1190,ellow-radfar-az135,elmid-radnear-az315,0.6954887725268605,0.7460665433256626,0.7198903833032051,0.6954887725268605,0.46680938097126506,nan
p0947,ellow-radmid-az270,elhigh-radmid-az090,0.6996131236814659,0.7639858692585719,0.7303838592657288,0.6996131236814659,0.466755152169171,nan
p0111,ellow-radnear-az045,elmid-radfar-az045,0.7025606420210352,0.7573667818476767,0.7289349919741754,0.7025606420210352,0.46674804654545754,nan
p0249,ellow-radnear-az135,elmid-radfar-az090,0.6912886438270186,0.7421206284521537,0.7158033266842547,0.6912886438270186,0.46671758037125544,nan
p0113,ellow-radnear-az045,elmid-radfar-az135,0.7012032541054817,0.760963938980508,0.7298623478808652,0.7012032541054817,0.46670410876904905,nan
p0959,ellow-radmid-az270,elhigh-radfar-az270,0.7025195530841916,0.7672976527827364,0.7334811457694694,0.7025195530841916,0.46669534299233545,nan
p0928,ellow-radmid-az270,elmid-radmid-az315,0.7046095077615125,0.7626482858884247,0.7324810072785496,0.7046095077615125,0.4666811587840704,nan
p1310,ellow-radfar-az225,elhigh-radnear-az090,0.7000552739821134,0.760051276807117,0.7288206529010609,0.7000552739821134,0.46658834262149723,nan
p0174,ellow-radnear-az090,elmid-radmid-az135,0.697124736165466,0.7526210028081248,0.723810670947949,0.697124736165466,0.4665707730389423,nan
p1403,ellow-radfar-az315,elmid-radfar-az270,0.70765498078488,0.7685540687825558,0.7368483683741514,0.70765498078488,0.46653937756549957,nan
p1116,ellow-radfar-az045,elhigh-radmid-az270,0.7033738318332787,0.7672294537887429,0.7339152932444128,0.7033738318332787,0.4665302055096028,nan
p0665,ellow-radmid-az045,elhigh-radfar-az315,0.7046347254483047,0.7644874262068064,0.7333418627811622,0.7046347254483047,0.4665253739774206,nan
p1163,ellow-radfar-az090,elhigh-radmid-az000,0.6970000173790663,0.755760296694016,0.725191808761976,0.6970000173790663,0.4665219242001843,nan
p0273,ellow-radnear-az135,elhigh-radfar-az090,0.6882716719425592,0.7434366267029262,0.7147913726954813,0.6882716719425592,0.46652143929486783,nan
p0133,ellow-radnear-az045,elhigh-radmid-az315,0.6956591273372333,0.756032211055333,0.7245902682920977,0.6956591273372333,0.4664803016603244,nan
p0195,ellow-radnear-az090,elhigh-radmid-az000,0.6950667734555832,0.7528506965954878,0.7228057059881413,0.6950667734555832,0.46648014201953064,nan
p1015,ellow-radmid-az315,elhigh-radfar-az270,0.6944521714079339,0.7546103129166546,0.7232825030537561,0.6944521714079339,0.46646340606948195,nan
p0619,ellow-radmid-az045,elmid-radnear-az045,0.6982188552237851,0.751603284911767,0.7239282262919026,0.6982188552237851,0.4664078677008292,nan
p1258,ellow-radfar-az180,elhigh-radnear-az000,0.7041059258433491,0.755805528573118,0.7290403124704663,0.7041059258433491,0.4663647857176673,nan
p0887,ellow-radmid-az225,elhigh-radnear-az315,0.7023962922012705,0.758702378585965,0.7294644068301511,0.7023962922012705,0.4663120527591832,nan
p1028,ellow-radfar-az000,elmid-radnear-az180,0.6948025081809294,0.7553327015040466,0.7238043073653756,0.6948025081809294,0.4662956081003745,nan
p0231,ellow-radnear-az135,elmid-radnear-az000,0.692384857173912,0.7437779696221345,0.7171618616738612,0.692384857173912,0.4662701479037652,nan
p1229,ellow-radfar-az135,elhigh-radfar-az270,0.6937453134325994,0.7566047054451087,0.7238128199284765,0.6937453134325994,0.4662639462108989,nan
p1367,ellow-radfar-az270,elhigh-radmid-az090,0.6983378402789482,0.7555680980474054,0.7258265887289602,0.6983378402789482,0.466262966007787,nan
p1406,ellow-radfar-az315,elhigh-radnear-az045,0.6992623296991768,0.7481665805176027,0.7228882916501259,0.6992623296991768,0.4662581295237624,nan
p0710,ellow-radmid-az090,elhigh-radnear-az315,0.697107740472272,0.753155666480619,0.7240486691825452,0.697107740472272,0.4662533355827256,nan
p0703,ellow-radmid-az090,elhigh-radnear-az000,0.6986723533637074,0.7506452046816464,0.7237268999948124,0.6986723533637074,0.4662291953818249,nan
p1381,ellow-radfar-az315,elmid-radnear-az000,0.7005230078700134,0.7539578010797301,0.7262588593393856,0.7005230078700134,0.46622641405712145,nan
p0918,ellow-radmid-az270,elmid-radnear-az225,0.6963182728824596,0.755228834599907,0.7245781208599574,0.6963182728824596,0.46620498526353094,nan
p0251,ellow-radnear-az135,elmid-radfar-az180,0.6948700699422138,0.7530190393260441,0.72277688833332,0.6948700699422138,0.4662012115206014,nan
p1068,ellow-radfar-az000,elhigh-radfar-az180,0.6975373517515346,0.7587939324336819,0.7268773470742919,0.6975373517515346,0.4661986081897353,nan
p0531,ellow-radnear-az315,elhigh-radmid-az270,0.6949444907221023,0.7492094040096768,0.7210574297006151,0.6949444907221023,0.46617437836412245,nan
p0584,ellow-radmid-az000,elhigh-radnear-az180,0.6914717935631411,0.7541723371787544,0.7214623399426447,0.6914717935631411,0.4661613385400003,nan
p0448,ellow-radnear-az270,elmid-radfar-az135,0.6953654797898182,0.7515211689033816,0.7223535840332633,0.6953654797898182,0.4661254644964893,nan
p0277,ellow-radnear-az135,elhigh-radfar-az270,0.6896074600798282,0.7474595314961863,0.7173690190493506,0.6896074600798282,0.46606083996620173,nan
p0880,ellow-radmid-az225,elhigh-radnear-az000,0.6996804310586384,0.7516228231070909,0.7247221135287639,0.6996804310586384,0.4660455609357585,nan
p1177,ellow-radfar-az090,elhigh-radfar-az270,0.6961820169260359,0.7548210907039465,0.7243166697318869,0.6961820169260359,0.46604143965809386,nan
p1365,ellow-radfar-az270,elhigh-radmid-az000,0.7034107157239328,0.7626453639701984,0.7318313790912264,0.7034107157239328,0.465991339189972,nan
p0745,ellow-radmid-az135,elmid-radnear-az270,0.68776431028364,0.7396162279119917,0.7127484665126635,0.68776431028364,0.46598938782836075,nan
p1138,ellow-radfar-az090,elmid-radnear-az315,0.6972369237669939,0.7500843299713398,0.7226957932721636,0.6972369237669939,0.46594988720309083,nan
p0119,ellow-radnear-az045,elhigh-radnear-az045,0.6978667441169224,0.7506318793122821,0.7232882616151575,0.6978667441169224,0.46593613130040673,nan
p0882,ellow-radmid-az225,elhigh-radnear-az090,0.6994113246793577,0.7553204162953728,0.726291505215307,0.6994113246793577,0.4659063852708906,nan
p0337,ellow-radnear-az180,elhigh-radmid-az315,0.6942234967971873,0.7541560862422652,0.7229498143343069,0.6942234967971873,0.4658868924862808,nan
p0782,ellow-radmid-az135,elhigh-radfar-az135,0.69339482977533,0.7465841338859799,0.7190071403717971,0.69339482977533,0.4658487191696514,nan
p1066,ellow-radfar-az000,elhigh-radfar-az090,0.7038425733445217,0.7605160911384903,0.7310826447642351,0.7038425733445217,0.46584707463708175,nan
p0451,ellow-radnear-az270,elmid-radfar-az270,0.7035428491779329,0.7577932392868032,0.7296610531472245,0.7035428491779329,0.46582556874231673,nan
p1154,ellow-radfar-az090,elmid-radfar-az315,0.7060024052915037,0.7659056724548423,0.7347350764015707,0.7060024052915037,0.4658176016453689,nan
p0401,ellow-radnear-az225,elhigh-radmid-az225,0.6976778452341231,0.7550379308777495,0.7252254643984161,0.6976778452341231,0.4658117524152145,nan
p0197,ellow-radnear-az090,elhigh-radmid-az090,0.6919869142672979,0.7531233344273339,0.7212619144094027,0.6919869142672979,0.4658007455044431,nan
p1396,ellow-radfar-az315,elmid-radmid-az315,0.6994637669469856,0.7573917325983712,0.727276074398712,0.6994637669469856,0.465718369880381,nan
p1165,ellow-radfar-az090,elhigh-radmid-az090,0.6985634230434205,0.7557389813430188,0.7260272803537828,0.6985634230434205,0.46568725479609213,nan
p1288,ellow-radfar-az225,elmid-radnear-az180,0.6985259567676051,0.7585986716100607,0.7273240086251692,0.6985259567676051,0.4656207545919164,nan
p1055,ellow-radfar-az000,elhigh-radnear-az315,0.6962392399213214,0.7548763721318804,0.7243730922638519,0.6962392399213214,0.4656045383388655,nan
p0366,ellow-radnear-az225,elmid-radnear-az090,0.6950149260922605,0.7514576979150533,0.7221350860149431,0.6950149260922605,0.4655934941755483,nan
p0324,ellow-radnear-az180,elhigh-radnear-az090,0.6870264349073728,0.7446678306871807,0.7146867836266161,0.6870264349073728,0.46554232067597895,nan
p0333,ellow-radnear-az180,elhigh-radmid-az135,0.6931485586805461,0.7464020351290979,0.7187902906236772,0.6931485586805461,0.4655409014939967,nan
p1044,ellow-radfar-az000,elmid-radfar-az180,0.7056972980647045,0.7667151396235881,0.7349419069933342,0.7056972980647045,0.4655143070231938,nan
p0646,ellow-radmid-az045,elhigh-radnear-az180,0.6960585338904999,0.7540101225223341,0.7238763186838674,0.6960585338904999,0.46549433534231055,nan
p0341,ellow-radnear-az180,elhigh-radfar-az135,0.6930513671852123,0.7497254292268897,0.7202752844810828,0.6930513671852123,0.4654911941742443,nan
p1062,ellow-radfar-az000,elhigh-radmid-az270,0.7023132144819871,0.7612777473895078,0.7306077118692604,0.7023132144819871,0.4654416109215793,nan
p0960,ellow-radmid-az270,elhigh-radfar-az315,0.7001736666246564,0.7627391645818304,0.7301185226505236,0.7001736666246564,0.4654346388330657,nan
p1330,ellow-radfar-az225,elhigh-radfar-az270,0.7015458105297321,0.7676236875640441,0.7330987782861873,0.7015458105297321,0.4654281411831561,nan
p1371,ellow-radfar-az270,elhigh-radmid-az270,0.6991366859076559,0.7548366348572362,0.7259197617438405,0.6991366859076559,0.4653884323162812,nan
p1178,ellow-radfar-az090,elhigh-radfar-az315,0.6964912871606427,0.7610818143994953,0.7273554266036802,0.6964912871606427,0.4653454467944944,nan
p0099,ellow-radnear-az045,elmid-radnear-az225,0.6971421634838045,0.7519626133330342,0.7235154441619607,0.6971421634838045,0.4653391497228158,nan
p1368,ellow-radfar-az270,elhigh-radmid-az135,0.6985889681463632,0.7542313762942965,0.7253446318056638,0.6985889681463632,0.46531481927732327,nan
p0621,ellow-radmid-az045,elmid-radnear-az135,0.6938629894638556,0.7481304768411706,0.7199755911518517,0.6938629894638556,0.4653064660627955,nan
p0648,ellow-radmid-az045,elhigh-radnear-az270,0.6926384428048908,0.7520843527753751,0.7211383893960557,0.6926384428048908,0.4652973314407238,nan
p1053,ellow-radfar-az000,elhigh-radnear-az225,0.6961262148404918,0.7501525463120918,0.7221302927812276,0.6961262148404918,0.4652902605506541,nan
p0685,ellow-radmid-az090,elmid-radnear-az270,0.693453012725637,0.7490926638785851,0.7201998148163975,0.693453012725637,0.4652889634665042,nan
p1133,ellow-radfar-az090,elmid-radnear-az090,0.6918181627169158,0.7427477203445083,0.7163788980598722,0.6918181627169158,0.465273213402618,nan
p0533,ellow-radnear-az315,elhigh-radfar-az000,0.6969181724630409,0.7536871943211436,0.7241918637589517,0.6969181724630409,0.4652067656981052,nan
p1007,ellow-radmid-az315,elhigh-radmid-az270,0.6925760726719513,0.7566421486178319,0.7231930153920144,0.6925760726719513,0.46517765670029504,nan
p1356,ellow-radfar-az270,elmid-radfar-az315,0.7041254407378058,0.7634329427868237,0.7325808136130085,0.7041254407378058,0.4651342994969683,nan
p1063,ellow-radfar-az000,elhigh-radmid-az315,0.7014484555647615,0.7627311916120109,0.7308073396579894,0.7014484555647615,0.46510983751022883,nan
p1331,ellow-radfar-az225,elhigh-radfar-az315,0.7049640423283307,0.771312439716341,0.7366472906856278,0.7049640423283307,0.4650914610906895,nan
p1385,ellow-radfar-az315,elmid-radnear-az180,0.6951903844032046,0.7502124411922456,0.7216541522418142,0.6951903844032046,0.4650424521161696,nan
p0919,ellow-radmid-az270,elmid-radnear-az270,0.6899677719065913,0.7463318171091036,0.7170438603364926,0.6899677719065913,0.4650292978359277,nan
p0525,ellow-radnear-az315,elhigh-radmid-az000,0.6942755060794742,0.7519741462447934,0.7219738723584193,0.6942755060794742,0.4650200818172509,nan
p1392,ellow-radfar-az315,elmid-radmid-az135,0.7029177310297267,0.7590502683401045,0.7299063900018516,0.7029177310297267,0.46501802302612555,nan
p0475,ellow-radnear-az270,elhigh-radfar-az270,0.6928769428023938,0.7513095307044539,0.72091112925153,0.6928769428023938,0.46501159002172676,nan
p1373,ellow-radfar-az270,elhigh-radfar-az000,0.7061994099716107,0.7660131318962793,0.7348912013605183,0.7061994099716107,0.4650002912033073,nan
p0643,ellow-radmid-az045,elhigh-radnear-az045,0.6996191622970592,0.7539528448395382,0.7257705227238228,0.6996191622970592,0.4649730912192381,nan
p1410,ellow-radfar-az315,elhigh-radnear-az225,0.6994423040309687,0.7522262930353321,0.7248746616363947,0.6994423040309687,0.4649592106939981,nan
p1187,ellow-radfar-az135,elmid-radnear-az180,0.6867756172456094,0.7417409213864443,0.7132008140547151,0.6867756172456094,0.464945509797081,nan
p1335,ellow-radfar-az270,elmid-radnear-az090,0.6934452151348469,0.7446526340319112,0.7181372342725915,0.6934452151348469,0.46492793990288533,nan
p0430,ellow-radnear-az270,elmid-radnear-az045,0.6946667691103621,0.7523825582889909,0.7223736620518962,0.6946667691103621,0.46487947871107416,nan
p1421,ellow-radfar-az315,elhigh-radfar-az000,0.706117231513558,0.7589109520874413,0.7315628551747364,0.706117231513558,0.4648623184035926,nan
p0762,ellow-radmid-az135,elmid-radfar-az315,0.6990307456359919,0.7583860326126641,0.7274997265973614,0.6990307456359919,0.4648370034973057,nan
p1194,ellow-radfar-az135,elmid-radmid-az135,0.6929140989234143,0.7455515707539624,0.7182697588685357,0.6929140989234143,0.4647804016234187,nan
p0304,ellow-radnear-az180,elmid-radnear-az270,0.6915433346802802,0.7476312041820348,0.7184943342032549,0.6915433346802802,0.4647746231154929,nan
p0516,ellow-radnear-az315,elmid-radfar-az315,0.6960147325780545,0.7552745331200514,0.7244347693010759,0.6960147325780545,0.46477073678125047,nan
p0938,ellow-radmid-az270,elhigh-radnear-az045,0.6964388868812718,0.7511281225537695,0.7227504221455404,0.6964388868812718,0.464750931309747,nan
p0603,ellow-radmid-az000,elhigh-radfar-az315,0.7032417112283514,0.7621064550816729,0.7314917504682886,0.7032417112283514,0.46474406195223433,nan
p1416,ellow-radfar-az315,elhigh-radmid-az135,0.7010358564400675,0.7574674551105619,0.7281599457657152,0.7010358564400675,0.46473513064031957,nan
p1323,ellow-radfar-az225,elhigh-radmid-az315,0.7097724802300842,0.77134080426005,0.7392769769542505,0.7097724802300842,0.4646947935923324,nan
p0649,ellow-radmid-az045,elhigh-radnear-az315,0.6983607022818802,0.7558616145849288,0.7259743463802081,0.6983607022818802,0.46468956701204706,nan
p1171,ellow-radfar-az090,elhigh-radfar-az000,0.7030889273033862,0.7607815144562163,0.7307983598170197,0.7030889273033862,0.46467310969632847,nan
p0973,ellow-radmid-az315,elmid-radnear-az180,0.6895918731719023,0.7457968434811983,0.7165939599986205,0.6895918731719023,0.4646472040373987,nan
p0198,ellow-radnear-az090,elhigh-radmid-az135,0.6942725658801072,0.7512230197339376,0.721625909687338,0.6942725658801072,0.46464485497012886,nan
p1251,ellow-radfar-az180,elmid-radfar-az045,0.6944334501267726,0.7540464717633442,0.7230132569034845,0.6944334501267726,0.4646382777897007,nan
p0300,ellow-radnear-az180,elmid-radnear-az090,0.6888711002351015,0.7457192420652861,0.7161688178163343,0.6888711002351015,0.46461994879516905,nan
p1185,ellow-radfar-az135,elmid-radnear-az090,0.692704598972521,0.7432235061439099,0.7170753729743639,0.692704598972521,0.46457936159869806,nan
p1260,ellow-radfar-az180,elhigh-radnear-az090,0.6992088559187927,0.7527218868919056,0.724979220895723,0.6992088559187927,0.4645654805779171,nan
p1162,ellow-radfar-az090,elhigh-radnear-az315,0.6961103634322562,0.7505548940919369,0.7223081322853423,0.6961103634322562,0.4645512912101608,nan
p0071,ellow-radnear-az000,elhigh-radfar-az315,0.6974740198487419,0.7569687652401997,0.7260045606534253,0.6974740198487419,0.46454850470455816,nan
p0996,ellow-radmid-az315,elhigh-radnear-az135,0.6912836526718703,0.7446708087123755,0.7169847937776035,0.6912836526718703,0.4645444512219248,nan
p0704,ellow-radmid-az090,elhigh-radnear-az045,0.6977917269270941,0.749980590021894,0.7229455142173683,0.6977917269270941,0.46454039770307815,nan
p1221,ellow-radfar-az135,elhigh-radmid-az270,0.6967306031308963,0.7565316602252533,0.7254007390229514,0.6967306031308963,0.4645022622245201,nan
p0253,ellow-radnear-az135,elmid-radfar-az270,0.6984023372247199,0.7528685953807275,0.7246134058414868,0.6984023372247199,0.4644904653176273,nan
p1314,ellow-radfar-az225,elhigh-radnear-az270,0.7021498406093866,0.7649520092439571,0.7322067399999065,0.7021498406093866,0.46447865849675074,nan
p0464,ellow-radnear-az270,elhigh-radmid-az135,0.6929076817618863,0.7486602406151894,0.7197058476392417,0.6929076817618863,0.46446080766486825,nan
p0622,ellow-radmid-az045,elmid-radnear-az180,0.6946982616493752,0.7492752516523602,0.7209553499767332,0.6946982616493752,0.4644393132927371,nan
p1423,ellow-radfar-az315,elhigh-radfar-az090,0.6962663126333629,0.7618429533945343,0.7275800193091628,0.6962663126333629,0.4644386791356433,nan
p0302,ellow-radnear-az180,elmid-radnear-az180,0.6903580819773588,0.7472006033322998,0.7176555373218697,0.6903580819773588,0.4644266714861233,nan
p0367,ellow-radnear-az225,elmid-radnear-az135,0.6912110000944272,0.7478443641009782,0.7184132920615376,0.6912110000944272,0.46441354835022786,nan
p0952,ellow-radmid-az270,elhigh-radmid-az315,0.6979509227890874,0.7580485097196139,0.7267594273248937,0.6979509227890874,0.4643591618454361,nan
p0411,ellow-radnear-az225,elhigh-radfar-az315,0.6983736588105174,0.7565495822689294,0.7262985220426068,0.6983736588105174,0.46435185473168783,nan
p1333,ellow-radfar-az270,elmid-radnear-az000,0.6967783785159748,0.7513729656564434,0.7230465776628145,0.6967783785159748,0.46432775644098895,nan
p0657,ellow-radmid-az045,elhigh-radmid-az315,0.698766509178666,0.7573697613144953,0.7268888702181322,0.698766509178666,0.46432355678372744,nan
p1376,ellow-radfar-az270,elhigh-radfar-az135,0.7008715754461052,0.755870069802144,0.7273326033931107,0.7008715754461052,0.4642104049996137,nan
p1203,ellow-radfar-az135,elmid-radfar-az180,0.6947493811978399,0.7586277801337051,0.7252847985095732,0.6947493811978399,0.4641909375655491,nan
p0871,ellow-radmid-az225,elmid-radmid-az315,0.7019067164126787,0.7678279542849993,0.7333889700053323,0.7019067164126787,0.46417398587608877,nan
p1156,ellow-radfar-az090,elhigh-radnear-az045,0.6959428546857519,0.7513589964729964,0.7225900035719418,0.6959428546857519,0.4641585315645803,nan
p0097,ellow-radnear-az045,elmid-radnear-az135,0.6873657494171357,0.7437922450183294,0.7144666289752984,0.6873657494171357,0.46413251355754453,nan
p0706,ellow-radmid-az090,elhigh-radnear-az135,0.6990040275051216,0.7537980796108088,0.7253677441583384,0.6990040275051216,0.46413093070214667,nan
p0686,ellow-radmid-az090,elmid-radnear-az315,0.6923126886706293,0.7458742414136598,0.7180960842871699,0.6923126886706293,0.4641305072993517,nan
p0988,ellow-radmid-az315,elmid-radfar-az135,0.6986769173743319,0.7538604077779743,0.7252204218320437,0.6986769173743319,0.46409324319479417,nan
p0620,ellow-radmid-az045,elmid-radnear-az090,0.6916597158352503,0.746563693053053,0.7180637286235303,0.6916597158352503,0.46407693054247107,nan
p0587,ellow-radmid-az000,elhigh-radnear-az315,0.6950288714403339,0.7511223046046399,0.7219877096262727,0.6950288714403339,0.4640607401779486,nan
p0055,ellow-radnear-az000,elhigh-radnear-az315,0.6962803390344193,0.7486380592668365,0.7215105881871441,0.6962803390344193,0.4640510860555152,nan
p0140,ellow-radnear-az045,elhigh-radfar-az270,0.6941809328617219,0.7553706542204556,0.7234842969040163,0.6941809328617219,0.46403313724808354,nan
p0120,ellow-radnear-az045,elhigh-radnear-az090,0.6938439479785975,0.7509130459420809,0.7212513586401683,0.6938439479785975,0.4639991340891062,nan
p0942,ellow-radmid-az270,elhigh-radnear-az225,0.6958630448885778,0.7539535944622353,0.7237445476996344,0.6958630448885778,0.46399882166813905,nan
p0461,ellow-radnear-az270,elhigh-radmid-az000,0.692867194274957,0.7507137932597016,0.7206314908977305,0.692867194274957,0.463996264323105,nan
p0518,ellow-radnear-az315,elhigh-radnear-az045,0.6941335958073657,0.7479182193853052,0.7200228972665595,0.6941335958073657,0.46397632932499666,nan
p0508,ellow-radnear-az315,elmid-radmid-az315,0.693279766823706,0.7480173743362479,0.7196091576821668,0.693279766823706,0.4639208663805148,nan
p1409,ellow-radfar-az315,elhigh-radnear-az180,0.6915001613513844,0.7470447479073972,0.7182001206772766,0.6915001613513844,0.46391176936669365,nan
p0094,ellow-radnear-az045,elmid-radnear-az000,0.6944711946165727,0.7482835062549071,0.7203737963034567,0.6944711946165727,0.4638929482813334,nan
p1397,ellow-radfar-az315,elmid-radfar-az000,0.7040617536326568,0.7642688780131082,0.7329309556086233,0.7040617536326568,0.4638749624476448,nan
p0164,ellow-radnear-az090,elmid-radnear-az045,0.6936884505911072,0.7482347323935737,0.7199298802009264,0.6936884505911072,0.46386263927582844,nan
p0895,ellow-radmid-az225,elhigh-radmid-az315,0.7011959582654141,0.7601337147419751,0.7294763096426264,0.7011959582654141,0.4637358347247075,nan
p1205,ellow-radfar-az135,elmid-radfar-az270,0.7033261897878833,0.7602062393562424,0.7306608956961459,0.7033261897878833,0.46363555011711893,nan
p0504,ellow-radnear-az315,elmid-radmid-az135,0.6929358003178275,0.746541430620318,0.7187404879758527,0.6929358003178275,0.4634905944156561,nan
p0917,ellow-radmid-az270,elmid-radnear-az180,0.6879641963105958,0.7479182806223065,0.7166895718839137,0.6879641963105958,0.4634875346852739,nan
p0326,ellow-radnear-az180,elhigh-radnear-az180,0.6897732107827315,0.7470884737636104,0.717287712281642,0.6897732107827315,0.4634857441723105,nan
p1120,ellow-radfar-az045,elhigh-radfar-az090,0.6971034533448301,0.7579406039422925,0.7262501912465141,0.6971034533448301,0.46345057840218706,nan
p1049,ellow-radfar-az000,elhigh-radnear-az045,0.6940964281791542,0.7557515807804023,0.7236130540150426,0.6940964281791542,0.4634428746539407,nan
p1071,ellow-radfar-az000,elhigh-radfar-az315,0.6966161103334857,0.7632788291074247,0.7284254704469887,0.6966161103334857,0.46341861827227715,nan
p0169,ellow-radnear-az090,elmid-radnear-az270,0.6889176897041526,0.7469577753538437,0.716764701989721,0.6889176897041526,0.4633969369815204,nan
p0263,ellow-radnear-az135,elhigh-radmid-az000,0.692895035585824,0.7468439231050199,0.7188587119257485,0.692895035585824,0.4633702125359192,nan
p1108,ellow-radfar-az045,elhigh-radnear-az270,0.6977335367148803,0.756954581741993,0.7261386007766885,0.6977335367148803,0.46333596311311337,nan
p0517,ellow-radnear-az315,elhigh-radnear-az000,0.6920798519727017,0.7463972364060426,0.7182130227279896,0.6920798519727017,0.46332555831573846,nan
p1009,ellow-radmid-az315,elhigh-radfar-az000,0.696316130959368,0.7635529939659731,0.7283862059457122,0.696316130959368,0.4633208887955388,nan
p1012,ellow-radmid-az315,elhigh-radfar-az135,0.6962055514107663,0.7527771301297801,0.7233869992348179,0.6962055514107663,0.4632974876687276,nan
p1384,ellow-radfar-az315,elmid-radnear-az135,0.6881358389693834,0.7425147479936053,0.7142918245920215,0.6881358389693834,0.4632786240291058,nan
p0690,ellow-radmid-az090,elmid-radmid-az135,0.7007458938804296,0.7539241794424638,0.726363018982944,0.7007458938804296,0.46324788227672553,nan
p1134,ellow-radfar-az090,elmid-radnear-az135,0.6916030268605613,0.7455926966667525,0.7175837742604504,0.6916030268605613,0.4632329638426931,nan
p0457,ellow-radnear-az270,elhigh-radnear-az180,0.688337170624041,0.746416495248724,0.7162012973621947,0.688337170624041,0.46318153063921175,nan
p1043,ellow-radfar-az000,elmid-radfar-az135,0.6959361123943633,0.7609420409474499,0.7269887938393067,0.6959361123943633,0.4631812307302448,nan
p0271,ellow-radnear-az135,elhigh-radfar-az000,0.6954352560840973,0.7507214658408798,0.7220215719772662,0.6954352560840973,0.4631777135685527,nan
p0096,ellow-radnear-az045,elmid-radnear-az090,0.691948271406644,0.7505110132466817,0.7200408411007596,0.691948271406644,0.46313014459947566,nan
p0163,ellow-radnear-az090,elmid-radnear-az000,0.6953198808407846,0.7529594632880123,0.7229926828878424,0.6953198808407846,0.4630945375646469,nan
p0469,ellow-radnear-az270,elhigh-radfar-az000,0.6934169148022586,0.7555620078121983,0.7231567943771099,0.6934169148022586,0.4630658083550518,nan
p0260,ellow-radnear-az135,elhigh-radnear-az225,0.6878286373256675,0.7434457686064994,0.7145566046967757,0.6878286373256675,0.4630483568633152,nan
p1387,ellow-radfar-az315,elmid-radnear-az270,0.6918775630437972,0.7490194718034422,0.7193154740285232,0.6918775630437972,0.4629725150052779,nan
p1105,ellow-radfar-az045,elhigh-radnear-az135,0.6927667796252716,0.7464931286250038,0.7186271746548368,0.6927667796252716,0.4628950545196666,nan
p0392,ellow-radnear-az225,elhigh-radnear-az180,0.6923681587082676,0.7486946451606727,0.7194305918006041,0.6923681587082676,0.462876062306289,nan
p1230,ellow-radfar-az135,elhigh-radfar-az315,0.699451718628193,0.7561770485618846,0.7267091007342522,0.699451718628193,0.4628473613297729,nan
p1166,ellow-radfar-az090,elhigh-radmid-az135,0.6954939362370065,0.7512913835660355,0.7223167037503833,0.6954939362370065,0.4628281409343517,nan
p1404,ellow-radfar-az315,elmid-radfar-az315,0.7000381245155302,0.7558444731900009,0.7268717247822721,0.7000381245155302,0.46281470871243496,nan
p1311,ellow-radfar-az225,elhigh-radnear-az135,0.7010852174497741,0.7605484515513762,0.7296072714326148,0.7010852174497741,0.4627420703402689,nan
p0765,ellow-radmid-az135,elhigh-radnear-az090,0.6856132421141836,0.7371671618734136,0.7104561834217504,0.6856132421141836,0.4627412673101293,nan
p0955,ellow-radmid-az270,elhigh-radfar-az090,0.6963739685566056,0.7615792498634719,0.7275184935940538,0.6963739685566056,0.462702627173791,nan
p1352,ellow-radfar-az270,elmid-radfar-az135,0.70299753934718,0.7615491770981256,0.7311029297737608,0.70299753934718,0.46268581303554623,nan
p0764,ellow-radmid-az135,elhigh-radnear-az045,0.6889387391526326,0.7383966130962468,0.7128108062615975,0.6889387391526326,0.462575929842125,nan
p1050,ellow-radfar-az000,elhigh-radnear-az090,0.6941893087836083,0.755178444742871,0.7234006707942897,0.6941893087836083,0.4625251633966758,nan
p0770,ellow-radmid-az135,elhigh-radnear-az315,0.6896861134176544,0.7464766385748809,0.7169585353769997,0.6896861134176544,0.46241698663845626,nan
p0429,ellow-radnear-az270,elmid-radnear-az000,0.6893998603721456,0.7455184828256401,0.7163617921553144,0.6893998603721456,0.4623996358348416,nan
p0741,ellow-radmid-az135,elmid-radnear-az090,0.6877296113363752,0.738386091458323,0.7121581772077596,0.6877296113363752,0.4623538453040666,nan
p0859,ellow-radmid-az225,elmid-radnear-az135,0.6893173069280119,0.7500653041881755,0.7184093951255858,0.6893173069280119,0.46233169778171906,nan
p0993,ellow-radmid-az315,elhigh-radnear-az000,0.6926380523735092,0.7466488170784684,0.718630029140928,0.6926380523735092,0.46231771493222934,nan
p0118,ellow-radnear-az045,elhigh-radnear-az000,0.6906748398438991,0.7448383925618395,0.7167347898703762,0.6906748398438991,0.4622962112236408,nan
p0944,ellow-radmid-az270,elhigh-radnear-az315,0.6964919421054622,0.7543947571803545,0.7242879403351906,0.6964919421054622,0.46229570912372053,nan
p1040,ellow-radfar-az000,elmid-radfar-az000,0.6997466786017342,0.7601704391430604,0.7287081348607947,0.6997466786017342,0.4622793938643106,nan
p1361,ellow-radfar-az270,elhigh-radnear-az180,0.6973728972540753,0.7527787215809153,0.7240173665176409,0.6973728972540753,0.4622718113449765,nan
p0539,ellow-radnear-az315,elhigh-radfar-az270,0.6925015470624474,0.7555510761209863,0.7226536946540243,0.6925015470624474,0.4622683472763983,nan
p0774,ellow-radmid-az135,elhigh-radmid-az135,0.6887030926644361,0.7427941703023684,0.714726678890224,0.6887030926644361,0.46226551967041074,nan
p1186,ellow-radfar-az135,elmid-radnear-az135,0.68417342291216,0.7437048393765395,0.7126981326503413,0.68417342291216,0.46223975329122763,nan
p1064,ellow-radfar-az000,elhigh-radfar-az000,0.7006302559510587,0.7641694342925669,0.7310217634594516,0.7006302559510587,0.46223719218287396,nan
p0205,ellow-radnear-az090,elhigh-radfar-az090,0.6938186893477212,0.7525364681931543,0.7219856939368389,0.6938186893477212,0.4622313627663198,nan
p0580,ellow-radmid-az000,elhigh-radnear-az000,0.6982115521397145,0.7570827444770415,0.7264563866544378,0.6982115521397145,0.46220759482370044,nan
p0237,ellow-radnear-az135,elmid-radnear-az270,0.6857335627248415,0.7357764106191343,0.7098741322733796,0.6857335627248415,0.4621592815818826,nan
p0063,ellow-radnear-az000,elhigh-radmid-az315,0.6953089121890563,0.7537368865166421,0.7233449420422264,0.6953089121890563,0.4621211866425788,nan
p1170,ellow-radfar-az090,elhigh-radmid-az315,0.699605993857632,0.7596540974231081,0.7283945651515403,0.699605993857632,0.46211689526765376,nan
p0705,ellow-radmid-az090,elhigh-radnear-az090,0.6918383609612101,0.7450049536089758,0.7174380126019498,0.6918383609612101,0.46209308995687537,nan
p1054,ellow-radfar-az000,elhigh-radnear-az270,0.6985564391901805,0.7599413397394308,0.7279571130665561,0.6985564391901805,0.46201282678390937,nan
p0256,ellow-radnear-az135,elhigh-radnear-az045,0.68688675494342,0.7382103174435617,0.7116243507050967,0.68688675494342,0.46199444364307296,nan
p0920,ellow-radmid-az270,elmid-radnear-az315,0.6969031826364644,0.7559679071920808,0.7252349422898366,0.6969031826364644,0.46199016331390647,nan
p0209,ellow-radnear-az090,elhigh-radfar-az270,0.6910912476517878,0.7534837781128707,0.7209401173549573,0.6910912476517878,0.4619700945122873,nan
p0778,ellow-radmid-az135,elhigh-radmid-az315,0.690188888468562,0.7422936796869741,0.7152936602363797,0.690188888468562,0.4619484599554517,nan
p0301,ellow-radnear-az180,elmid-radnear-az135,0.6860751359855597,0.7406380778256547,0.7123132596535365,0.6860751359855597,0.4619456267816396,nan
p0785,ellow-radmid-az135,elhigh-radfar-az270,0.6896078881236862,0.7487318822615134,0.7179547179717582,0.6896078881236862,0.4618971112217412,nan
p1226,ellow-radfar-az135,elhigh-radfar-az135,0.6942572913991738,0.7485094686219849,0.7203633611083653,0.6942572913991738,0.461893428339236,nan
p1056,ellow-radfar-az000,elhigh-radmid-az000,0.6927223256658259,0.7518657807464024,0.7210833453706621,0.6927223256658259,0.4618818864689801,nan
p0940,ellow-radmid-az270,elhigh-radnear-az135,0.6923901936761294,0.7486612840140736,0.7194270842665377,0.6923901936761294,0.4618596191597719,nan
p1340,ellow-radfar-az270,elmid-radnear-az315,0.6939434202281478,0.751359525571651,0.7215110167891593,0.6939434202281478,0.46173934066464606,nan
p0328,ellow-radnear-az180,elhigh-radnear-az270,0.6923382838984752,0.7517573509946988,0.7208253826405823,0.6923382838984752,0.4617206023380863,nan
p1337,ellow-radfar-az270,elmid-radnear-az180,0.6914460353243839,0.7511999885783652,0.7200855167965271,0.6914460353243839,0.4616981054723792,nan
p1160,ellow-radfar-az090,elhigh-radnear-az225,0.691853454834296,0.7490407152379378,0.7193122401528491,0.691853454834296,0.46169240957742597,nan
p0123,ellow-radnear-az045,elhigh-radnear-az225,0.6902844107084863,0.7456801963022759,0.7169137907277782,0.6902844107084863,0.46167825493568787,nan
p0972,ellow-radmid-az315,elmid-radnear-az135,0.6879812692108629,0.743316545295928,0.7145792511872798,0.6879812692108629,0.4616123774054239,nan
p1291,ellow-radfar-az225,elmid-radnear-az315,0.7002971995047056,0.7619505972340955,0.7298241386911654,0.7002971995047056,0.4616036597633667,nan
p0266,ellow-radnear-az135,elhigh-radmid-az135,0.6862613695844824,0.7384509741915981,0.7114002754781629,0.6862613695844824,0.4615978948843595,nan
p1052,ellow-radfar-az000,elhigh-radnear-az180,0.692753340846272,0.7524995437593689,0.7213914996846271,0.692753340846272,0.46157690774421795,nan
p0583,ellow-radmid-az000,elhigh-radnear-az135,0.6966014594496948,0.753937840798643,0.7241364644787923,0.6966014594496948,0.46154986907115675,nan
p0528,ellow-radnear-az315,elhigh-radmid-az135,0.6933286934388936,0.7499025958000993,0.7205068111108829,0.6933286934388936,0.46153512060771956,nan
p0467,ellow-radnear-az270,elhigh-radmid-az270,0.6892482177238487,0.7495577736913924,0.7181390162125725,0.6892482177238487,0.4615236200206269,nan
p1150,ellow-radfar-az090,elmid-radfar-az135,0.6980381999159876,0.758475472060004,0.72700292950758,0.6980381999159876,0.4614822666463548,nan
p0242,ellow-radnear-az135,elmid-radmid-az135,0.6875675631027074,0.736782050927025,0.7113245713044927,0.6875675631027074,0.46146948785492714,nan
p1210,ellow-radfar-az135,elhigh-radnear-az135,0.684057403036528,0.7410862055118335,0.7114307668754726,0.684057403036528,0.46136324829597936,nan
p0390,ellow-radnear-az225,elhigh-radnear-az090,0.6914868878654389,0.7477048223173985,0.7184978581631138,0.6914868878654389,0.46135020133064847,nan
p0124,ellow-radnear-az045,elhigh-radnear-az270,0.6874129219647477,0.7503891775639693,0.7175218582989272,0.6874129219647477,0.4613177182630256,nan
p0913,ellow-radmid-az270,elmid-radnear-az000,0.6914695116276052,0.7471578840375006,0.7182358666891283,0.6914695116276052,0.46129892175976167,nan
p0325,ellow-radnear-az180,elhigh-radnear-az135,0.6866424511659873,0.7419835811407729,0.7132411328901509,0.6866424511659873,0.4612971609396022,nan
p0431,ellow-radnear-az270,elmid-radnear-az090,0.6835107687076497,0.7405175981668826,0.7108731322192603,0.6835107687076497,0.46113836252169577,nan
p0031,ellow-radnear-az000,elmid-radnear-az315,0.6871791957250031,0.7459420089572923,0.7153558653629734,0.6871791957250031,0.46100874645038337,nan
p0434,ellow-radnear-az270,elmid-radnear-az225,0.6882391604120648,0.7422995231776893,0.7142478654601662,0.6882391604120648,0.4609919797269893,nan
p0992,ellow-radmid-az315,elmid-radfar-az315,0.6973587174206858,0.7565538578852676,0.7257512411068031,0.6973587174206858,0.4609860301782572,nan
p0100,ellow-radnear-az045,elmid-radnear-az270,0.6860091247851903,0.7451333042454221,0.714349928455325,0.6860091247851903,0.4609745473854866,nan
p0259,ellow-radnear-az135,elhigh-radnear-az180,0.6790283146715554,0.7410597143432829,0.708689206049558,0.6790283146715554,0.4609106782206234,nan
p1104,ellow-radfar-az045,elhigh-radnear-az090,0.689540390306095,0.746056620292361,0.7166860467790863,0.689540390306095,0.4608614829947525,nan
p1135,ellow-radfar-az090,elmid-radnear-az180,0.6870753643488918,0.7484532043217583,0.7164521407382027,0.6870753643488918,0.46085861351221674,nan
p1372,ellow-radfar-az270,elhigh-radmid-az315,0.6986719593646097,0.7557481684337148,0.7260901352143772,0.6986719593646097,0.460854924483243,nan
p0642,ellow-radmid-az045,elhigh-radnear-az000,0.6952825677806087,0.7487158775467513,0.7210106071281842,0.6952825677806087,0.46080080263519546,nan
p0122,ellow-radnear-az045,elhigh-radnear-az180,0.6846901040819807,0.747150060469542,0.7145577632653995,0.6846901040819807,0.46072470306219937,nan
p0769,ellow-radmid-az135,elhigh-radnear-az270,0.6899544769554725,0.7466135066564403,0.7171666601922504,0.6899544769554725,0.46072139259281025,nan
p1051,ellow-radfar-az000,elhigh-radnear-az135,0.6927091615903823,0.7510718261784081,0.7207108826252533,0.6927091615903823,0.46070676135228505,nan
p1357,ellow-radfar-az270,elhigh-radnear-az000,0.6958820119511853,0.7525579511906646,0.7231111464895903,0.6958820119511853,0.46068526893689027,nan
p0322,ellow-radnear-az180,elhigh-radnear-az000,0.6908109190417902,0.7458261067985118,0.7172651254501541,0.6908109190417902,0.4606608521694874,nan
p1379,ellow-radfar-az270,elhigh-radfar-az270,0.6994799225760212,0.7603476520610012,0.7286448427674473,0.6994799225760212,0.4606421049128911,nan
p0166,ellow-radnear-az090,elmid-radnear-az135,0.6832007543565897,0.7402288512913795,0.7105724197278697,0.6832007543565897,0.4606252263690103,nan
p1155,ellow-radfar-az090,elhigh-radnear-az000,0.6988844000618916,0.7529212100123981,0.7248971687421185,0.6988844000618916,0.4606027987010958,nan
p1400,ellow-radfar-az315,elmid-radfar-az135,0.6999388704284166,0.7614839578201515,0.729415486036656,0.6999388704284166,0.46059887371536135,nan
p0187,ellow-radnear-az090,elhigh-radnear-az000,0.6896798557833113,0.7469579421540331,0.7171770735263088,0.6896798557833113,0.4605683702790868,nan
p1360,ellow-radfar-az270,elhigh-radnear-az135,0.69079816580579,0.7446010610481356,0.7166912697263731,0.69079816580579,0.4605489512595489,nan
p0210,ellow-radnear-az090,elhigh-radfar-az315,0.6965398855643157,0.7574043628486062,0.7256981810689804,0.6965398855643157,0.4605459165697106,nan
p0766,ellow-radmid-az135,elhigh-radnear-az135,0.6826222054623792,0.734184294832858,0.7074649960318677,0.6826222054623792,0.46054023703549696,nan
p0499,ellow-radnear-az315,elmid-radnear-az270,0.6892174278276322,0.7454661282689538,0.7162391250319213,0.6892174278276322,0.4605290414086155,nan
p0050,ellow-radnear-az000,elhigh-radnear-az090,0.6845063395940016,0.7388037428292942,0.7106193540362026,0.6845063395940016,0.4605074286148982,nan
p0943,ellow-radmid-az270,elhigh-radnear-az270,0.692653277756885,0.7528775465607528,0.7215108686748801,0.692653277756885,0.46050595972401315,nan
p0536,ellow-radnear-az315,elhigh-radfar-az135,0.6950144591208338,0.7503055835135943,0.7216024325664749,0.6950144591208338,0.4604081255082501,nan
p0262,ellow-radnear-az135,elhigh-radnear-az315,0.683051765045887,0.7392757658872936,0.710052510076441,0.683051765045887,0.46038298007397827,nan
p1173,ellow-radfar-az090,elhigh-radfar-az090,0.6948877905434703,0.7578462768979566,0.7250027885044402,0.6948877905434703,0.46019447198888913,nan
p0389,ellow-radnear-az225,elhigh-radnear-az045,0.6898220115964054,0.7486766425634936,0.7180453400006932,0.6898220115964054,0.46017337722423374,nan
p1207,ellow-radfar-az135,elhigh-radnear-az000,0.6952155364810381,0.7460029027731192,0.7197143668744936,0.6952155364810381,0.46015947112431044,nan
p0278,ellow-radnear-az135,elhigh-radfar-az315,0.6911083749626848,0.7496442976239936,0.719187216777198,0.6911083749626848,0.4601593067127198,nan
p0743,ellow-radmid-az135,elmid-radnear-az180,0.6866700622470194,0.741190234856717,0.7128892731849221,0.6866700622470194,0.4600720651633864,nan
p1427,ellow-radfar-az315,elhigh-radfar-az270,0.6919786391587222,0.7568220770531606,0.7229492712204504,0.6919786391587222,0.46004605350695155,nan
p0522,ellow-radnear-az315,elhigh-radnear-az225,0.6829058917700832,0.7361933433244311,0.7085491404759804,0.6829058917700832,0.4599870226580189,nan
p0939,ellow-radmid-az270,elhigh-radnear-az090,0.687563119139856,0.7449848947215887,0.7151231693046692,0.687563119139856,0.45981426485654486,nan
p0995,ellow-radmid-az315,elhigh-radnear-az090,0.6860072667099989,0.7453430941393914,0.7144453136803148,0.6860072667099989,0.45981159728538634,nan
p1047,ellow-radfar-az000,elmid-radfar-az315,0.6879067105535307,0.7604893717639551,0.7223793940453241,0.6879067105535307,0.45972508124533384,nan
p0203,ellow-radnear-az090,elhigh-radfar-az000,0.6966065645584917,0.7567544108464601,0.7254358679988013,0.6966065645584917,0.4596981584353885,nan
p0388,ellow-radnear-az225,elhigh-radnear-az000,0.693307809378657,0.7529969002703195,0.7219206684627886,0.693307809378657,0.45966317855038213,nan
p0048,ellow-radnear-az000,elhigh-radnear-az000,0.6927107705415395,0.7461824150156481,0.7184530455189833,0.6927107705415395,0.4596619446450114,nan
p1254,ellow-radfar-az180,elmid-radfar-az180,0.6997725020953407,0.7585403294805341,0.7279722879860021,0.6997725020953407,0.45965661254853657,nan
p1202,ellow-radfar-az135,elmid-radfar-az135,0.6921614824055715,0.7536960292098466,0.7216193250996384,0.6921614824055715,0.45962975996142164,nan
p0371,ellow-radnear-az225,elmid-radnear-az315,0.6936623314939041,0.7538699850540564,0.722514040616302,0.6936623314939041,0.45957121673887136,nan
p1223,ellow-radfar-az135,elhigh-radfar-az000,0.696867129308012,0.7546658213685653,0.7246157302579398,0.696867129308012,0.4593737157793885,nan
p0886,ellow-radmid-az225,elhigh-radnear-az270,0.6919626752025467,0.756854084454808,0.7229551612050399,0.6919626752025467,0.4593068334996473,nan
p1405,ellow-radfar-az315,elhigh-radnear-az000,0.6906708177043547,0.7469335833970542,0.7177012374481407,0.6906708177043547,0.4591860849215079,nan
p0188,ellow-radnear-az090,elhigh-radnear-az045,0.6917816463443842,0.74782882037173,0.7187142140201604,0.6917816463443842,0.45913223722105323,nan
p0645,ellow-radmid-az045,elhigh-radnear-az135,0.6871042445470591,0.7416368289244686,0.7133298293556458,0.6871042445470591,0.45900338976744454,nan
p0999,ellow-radmid-az315,elhigh-radnear-az270,0.687081792004803,0.7479634428084921,0.7162311684283634,0.687081792004803,0.45896750644670986,nan
p1213,ellow-radfar-az135,elhigh-radnear-az270,0.6885651935205341,0.7495706009756955,0.7177739791935706,0.6885651935205341,0.45890630869042,nan
p1048,ellow-radfar-az000,elhigh-radnear-az000,0.6958946258709553,0.7559775899167704,0.7246928984263643,0.6958946258709553,0.45884451538196286,nan
p0095,ellow-radnear-az045,elmid-radnear-az045,0.6961041876989239,0.7508234057972384,0.7224291240931572,0.6961041876989239,0.4587854237312576,nan
p0937,ellow-radmid-az270,elhigh-radnear-az000,0.6876308888358719,0.7526547598836156,0.7186750239238396,0.6876308888358719,0.45872685632085375,nan
p1031,ellow-radfar-az000,elmid-radnear-az315,0.694247455458487,0.7512809039337097,0.7216390498348123,0.694247455458487,0.45872553675292205,nan
p0190,ellow-radnear-az090,elhigh-radnear-az135,0.6824282953492218,0.7443630368557281,0.7120514218114932,0.6824282953492218,0.45865267992008363,nan
p0495,ellow-radnear-az315,elmid-radnear-az090,0.6861119147095718,0.7352222353648248,0.7098186385190384,0.6861119147095718,0.45858552006890113,nan
p0453,ellow-radnear-az270,elhigh-radnear-az000,0.6875664659099976,0.7446220795920284,0.7149577802609505,0.6875664659099976,0.4585824345002459,nan
p0233,ellow-radnear-az135,elmid-radnear-az090,0.6796343363316917,0.7327624816492617,0.7051991856175015,0.6796343363316917,0.4583836423298697,nan
p1388,ellow-radfar-az315,elmid-radnear-az315,0.6951157856543598,0.7514302365481962,0.7221768422512038,0.6951157856543598,0.4583010356266574,nan
p1157,ellow-radfar-az090,elhigh-radnear-az090,0.6877473609384821,0.7430017197530505,0.7143076012824423,0.6877473609384821,0.4582942877291675,nan
p1336,ellow-radfar-az270,elmid-radnear-az135,0.688380066800791,0.744101873114083,0.715157214688941,0.688380066800791,0.45819907888464856,nan
p1225,ellow-radfar-az135,elhigh-radfar-az090,0.6888211011274185,0.7526759360290861,0.719334211148123,0.6888211011274185,0.4581986161616013,nan
p0435,ellow-radnear-az270,elmid-radnear-az270,0.6815706207103531,0.7410535400209022,0.7100685271534122,0.6815706207103531,0.45814907510707614,nan
p0191,ellow-radnear-az090,elhigh-radnear-az180,0.6866159879187634,0.7479759961667694,0.7159837546073274,0.6866159879187634,0.4581438987304221,nan
p1208,ellow-radfar-az135,elhigh-radnear-az045,0.6879463060394939,0.7415201936356783,0.7137293223468681,0.6879463060394939,0.45798390956057594,nan
p0786,ellow-radmid-az135,elhigh-radfar-az315,0.6936849566277137,0.754636164234111,0.722878023825195,0.6936849566277137,0.4578609093825478,nan
p1264,ellow-radfar-az180,elhigh-radnear-az270,0.6903243424410542,0.7562399577563371,0.7217803612249485,0.6903243424410542,0.4578075982699729,nan
p0270,ellow-radnear-az135,elhigh-radmid-az315,0.6859833152313143,0.7483899972087176,0.7158290619585876,0.6859833152313143,0.45780170067477977,nan
p0394,ellow-radnear-az225,elhigh-radnear-az270,0.6865444901267145,0.7537162730745733,0.718563981772336,0.6865444901267145,0.4575719567996197,nan
p0234,ellow-radnear-az135,elmid-radnear-az135,0.6768561857255007,0.731952571986507,0.7033270105608379,0.6768561857255007,0.45747814797139863,nan
p0193,ellow-radnear-az090,elhigh-radnear-az270,0.6834328108941515,0.7482515755602054,0.7143748753278619,0.6834328108941515,0.45731205382996737,nan
p0860,ellow-radmid-az225,elmid-radnear-az180,0.6882109564799594,0.7509941238090886,0.7182331292961807,0.6882109564799594,0.45719298131397695,nan
p0165,ellow-radnear-az090,elmid-radnear-az090,0.6841468758628932,0.741463063127992,0.7116527800946963,0.6841468758628932,0.45718795554423375,nan
p1161,ellow-radfar-az090,elhigh-radnear-az270,0.6845622770939527,0.7458007981239727,0.7138706269307865,0.6845622770939527,0.4571874873794193,nan
p1380,ellow-radfar-az270,elhigh-radfar-az315,0.6991312498226567,0.762246788846659,0.7293260690367603,0.6991312498226567,0.4570915396132742,nan
p0532,ellow-radnear-az315,elhigh-radmid-az315,0.6891654029778456,0.7478059664494101,0.7172891696829794,0.6891654029778456,0.4568865380141504,nan
p0763,ellow-radmid-az135,elhigh-radnear-az000,0.6890122070789513,0.7465475712909543,0.7166269179938936,0.6890122070789513,0.45682728518887494,nan
p0472,ellow-radnear-az270,elhigh-radfar-az135,0.6911020796137037,0.751070668882218,0.7198395639394849,0.6911020796137037,0.45679347300387885,nan
p0520,ellow-radnear-az315,elhigh-radnear-az135,0.6803272745910248,0.7375940953948722,0.7078042425997386,0.6803272745910248,0.45678083197218816,nan
p0391,ellow-radnear-az225,elhigh-radnear-az135,0.6872886427363959,0.7470288834507205,0.7159146535099248,0.6872886427363959,0.45673463202490705,nan
p0997,ellow-radmid-az315,elhigh-radnear-az180,0.6839144311870526,0.744817746253266,0.7130680099603249,0.6839144311870526,0.4566560538078961,nan
p0305,ellow-radnear-az180,elmid-radnear-az315,0.6892265881264336,0.7472558481089533,0.7170691205934996,0.6892265881264336,0.4566172084800179,nan
p0497,ellow-radnear-az315,elmid-radnear-az180,0.6869768641137423,0.7427124365137121,0.7137582415291791,0.6869768641137423,0.45635045678983954,nan
p1408,ellow-radfar-az315,elhigh-radnear-az135,0.6877043554626822,0.7459014751282,0.715621661472008,0.6877043554626822,0.4562006324057686,nan
p0098,ellow-radnear-az045,elmid-radnear-az180,0.6849048133049264,0.7469311869995321,0.7145745253992252,0.6849048133049264,0.4559725912172113,nan
p1000,ellow-radmid-az315,elhigh-radnear-az315,0.6849212740138223,0.7421596446851286,0.7123925808254978,0.6849212740138223,0.45587828967513916,nan
p0206,ellow-radnear-az090,elhigh-radfar-az135,0.6863627466468001,0.747772642531119,0.7157529040395523,0.6863627466468001,0.4558740431803665,nan
p0644,ellow-radmid-az045,elhigh-radnear-az090,0.6866870699730164,0.7435102718807576,0.7139698489872298,0.6866870699730164,0.4557603050375959,nan
p0202,ellow-radnear-az090,elhigh-radmid-az315,0.6872788108584831,0.752528062076987,0.7184249517957264,0.6872788108584831,0.4555452903701806,nan
p0476,ellow-radnear-az270,elhigh-radfar-az315,0.6889815685340771,0.7503391683287484,0.7183525449018329,0.6889815685340771,0.4553629721664418,nan
p1214,ellow-radfar-az135,elhigh-radnear-az315,0.6910411790945351,0.7496752435408212,0.7191650710648578,0.6910411790945351,0.455307833762882,nan
p0255,ellow-radnear-az135,elhigh-radnear-az000,0.6795049492380298,0.7296858253062266,0.7037019240276694,0.6795049492380298,0.45527861125112024,nan
p0976,ellow-radmid-az315,elmid-radnear-az315,0.68495549176475,0.7451411345960663,0.7137818562374824,0.68495549176475,0.45519994803797603,nan
p1209,ellow-radfar-az135,elhigh-radnear-az090,0.6858555013824708,0.7447263836695315,0.714079623964837,0.6858555013824708,0.45504892879202574,nan
p0883,ellow-radmid-az225,elhigh-radnear-az135,0.688550227143596,0.7466010797865223,0.7164015955534305,0.688550227143596,0.4548882991061976,nan
p0468,ellow-radnear-az270,elhigh-radmid-az315,0.6848294508192674,0.7441866378936086,0.7132752815886823,0.6848294508192674,0.45469378995547854,nan
p1008,ellow-radmid-az315,elhigh-radmid-az315,0.6860872791140847,0.7500784819102237,0.7166572532808047,0.6860872791140847,0.45464122549315,nan
p0932,ellow-radmid-az270,elmid-radfar-az135,0.6957052585635876,0.7575702260972651,0.7253209671393702,0.6957052585635876,0.45433416310326674,nan
p1016,ellow-radmid-az315,elhigh-radfar-az315,0.6891326513520943,0.7570102612216281,0.721478470600059,0.6891326513520943,0.45420539769361484,nan
p0254,ellow-radnear-az135,elmid-radfar-az315,0.6858169198470606,0.7554619228374029,0.7189567398589976,0.6858169198470606,0.4541654211877511,nan
p1412,ellow-radfar-az315,elhigh-radnear-az315,0.6932735512008582,0.750285895402416,0.7206538924953599,0.6932735512008582,0.4541227397966439,nan
p1364,ellow-radfar-az270,elhigh-radnear-az315,0.688359865620015,0.7499427650576497,0.7178329371956459,0.688359865620015,0.45386118052465113,nan
p0432,ellow-radnear-az270,elmid-radnear-az135,0.6765803213272915,0.735472304374088,0.7047982192215796,0.6765803213272915,0.4538262416604419,nan
p0121,ellow-radnear-az045,elhigh-radnear-az135,0.6757801901325174,0.7389252399193306,0.7059434826769562,0.6757801901325174,0.45376101306526223,nan
p0456,ellow-radnear-az270,elhigh-radnear-az135,0.6760322150553641,0.7331828514411353,0.7034486628540312,0.6760322150553641,0.4535136180901267,nan
p0395,ellow-radnear-az225,elhigh-radnear-az315,0.6890365198723214,0.7456301117140303,0.7162170862221275,0.6890365198723214,0.4534925845357994,nan
p0261,ellow-radnear-az135,elhigh-radnear-az270,0.6806076337939297,0.738428446347621,0.7083400410011408,0.6806076337939297,0.4534722163712864,nan
p0170,ellow-radnear-az090,elmid-radnear-az315,0.683897027636806,0.7447344079224167,0.7130203567971033,0.683897027636806,0.45341269224468655,nan
p0101,ellow-radnear-az045,elmid-radnear-az315,0.6856650466887134,0.7457074785607137,0.7144269490772233,0.6856650466887134,0.45333213166632763,nan
p0519,ellow-radnear-az315,elhigh-radnear-az090,0.6829844669294267,0.7365528878034053,0.7087579340755247,0.6829844669294267,0.45298843486245893,nan
p0194,ellow-radnear-az090,elhigh-radnear-az315,0.685352507634476,0.7500951394015335,0.716263788254169,0.685352507634476,0.45293907354897983,nan
p1407,ellow-radfar-az315,elhigh-radnear-az090,0.6858568477083463,0.741853249112568,0.7127569273783215,0.6858568477083463,0.45289328432276693,nan
p0742,ellow-radmid-az135,elmid-radnear-az135,0.6773928337237599,0.7320467646966049,0.7036601396922676,0.6773928337237599,0.4528027903327757,nan
p1428,ellow-radfar-az315,elhigh-radfar-az315,0.6939726756866325,0.759915684147425,0.725448714211066,0.6939726756866325,0.45258586603864515,nan
p1359,ellow-radfar-az270,elhigh-radnear-az090,0.6885237266149108,0.7443932250630733,0.7153692986702825,0.6885237266149108,0.4525726879074376,nan
p0460,ellow-radnear-az270,elhigh-radnear-az315,0.6846360846939629,0.7448352067221571,0.7134680671583098,0.6846360846939629,0.45252783669974334,nan
p0524,ellow-radnear-az315,elhigh-radnear-az315,0.6825201128379048,0.7398787159180854,0.7100429140769553,0.6825201128379048,0.4524275616371099,nan
p0167,ellow-radnear-az090,elmid-radnear-az180,0.68096680563565,0.747255368439574,0.7125727502023591,0.68096680563565,0.45235739602277597,nan
p0540,ellow-radnear-az315,elhigh-radfar-az315,0.6843573068587383,0.7484654454970243,0.7149771954905254,0.6843573068587383,0.4523543309146744,nan
p1424,ellow-radfar-az315,elhigh-radfar-az135,0.6896177282394659,0.7530656555927554,0.7199465003132466,0.6896177282394659,0.452336339365387,nan
p1363,ellow-radfar-az270,elhigh-radnear-az270,0.6923322833625583,0.7515199397775979,0.720712975413981,0.6923322833625583,0.45216227733035286,nan
p0403,ellow-radnear-az225,elhigh-radmid-az315,0.6914064421962127,0.7596457034854563,0.7239215141090343,0.6914064421962127,0.4520054698212815,nan
p0258,ellow-radnear-az135,elhigh-radnear-az135,0.6732819798706512,0.7309713050452142,0.7009416503077112,0.6732819798706512,0.45174683215755607,nan
p0454,ellow-radnear-az270,elhigh-radnear-az045,0.6784686125685095,0.7345446323342238,0.7053939223389974,0.6784686125685095,0.4514023412011725,nan
p0746,ellow-radmid-az135,elmid-radnear-az315,0.6802340541140485,0.734703857578768,0.7064205142628707,0.6802340541140485,0.4511577085156607,nan
p0951,ellow-radmid-az270,elhigh-radmid-az270,0.6873060101685181,0.7589963029551263,0.7213743848477779,0.6873060101685181,0.4497932110815191,nan
p0257,ellow-radnear-az135,elhigh-radnear-az090,0.6742014217867134,0.7255618770840797,0.6989393842786802,0.6742014217867134,0.4495370206434376,nan
p0455,ellow-radnear-az270,elhigh-radnear-az090,0.6745844019536907,0.7368441240306953,0.7043410893168195,0.6745844019536907,0.4494460250812728,nan
p0250,ellow-radnear-az135,elmid-radfar-az135,0.6800226807030705,0.7430412210729679,0.7101366036989731,0.6800226807030705,0.44938555176971723,nan
p1420,ellow-radfar-az315,elhigh-radmid-az315,0.6887019187864196,0.748480193865983,0.7173478449961866,0.6887019187864196,0.44922540442615877,nan
p0523,ellow-radnear-az315,elhigh-radnear-az270,0.678011294985581,0.7401476440597936,0.707718223695449,0.678011294985581,0.449004425518261,nan
p0235,ellow-radnear-az135,elmid-radnear-az180,0.6778288177631209,0.7386803778448959,0.7069475422706356,0.6778288177631209,0.44891125044970787,nan
p0496,ellow-radnear-az315,elmid-radnear-az135,0.675728386760535,0.7303930984218073,0.7019981634568289,0.675728386760535,0.44855139266622684,nan
p1411,ellow-radfar-az315,elhigh-radnear-az270,0.6907462612105619,0.7529841540595567,0.7205236984220812,0.6907462612105619,0.44821819996602935,nan
p1966,elmid-radmid-az225,elmid-radfar-az090,0.6580794411624636,0.7341769244325789,0.694048527389528,0.6580794411624636,0.44813253756728516,nan
p0459,ellow-radnear-az270,elhigh-radnear-az270,0.6766848604045359,0.7434343896537785,0.7084909188607096,0.6766848604045359,0.4459365120648016,nan
p0238,ellow-radnear-az135,elmid-radnear-az315,0.6739004106571304,0.7362966815538157,0.7037181381315392,0.6739004106571304,0.44589564215440647,nan
p0189,ellow-radnear-az090,elhigh-radnear-az090,0.6732127807404552,0.7381054786662632,0.7041672400406191,0.6732127807404552,0.4447490624724285,nan
p0436,ellow-radnear-az270,elmid-radnear-az315,0.6712779160112265,0.7314729620018056,0.700083889801806,0.6712779160112265,0.44454654473809235,nan
p0433,ellow-radnear-az270,elmid-radnear-az180,0.6663663624898584,0.7340341659431475,0.6985653992149463,0.6663663624898584,0.4434479083331767,nan
p0500,ellow-radnear-az315,elmid-radnear-az315,0.6762414742563355,0.733209399864689,0.7035741572934389,0.6762414742563355,0.439915115418872,nan
p2001,elmid-radmid-az270,elmid-radfar-az180,0.6558574797549406,0.7186924207411194,0.6858387601878103,0.6558574797549406,0.4396064014792051,nan
p1829,elmid-radmid-az045,elmid-radfar-az315,0.649015481562399,0.7283103390986052,0.6863803442385262,0.649015481562399,0.4379141219981646,nan
p1998,elmid-radmid-az270,elmid-radfar-az045,0.6441713523346888,0.7224946485598862,0.6810886559155714,0.6441713523346888,0.4366664869661909,nan
p1826,elmid-radmid-az045,elmid-radfar-az180,0.6416004997224631,0.7127579311039602,0.675309924416986,0.6416004997224631,0.43591727115273693,nan
p2148,elmid-radfar-az090,elhigh-radfar-az225,0.6352864865185859,0.7093609289286598,0.6702833873558711,0.6352864865185859,0.4351930938179867,nan
p1964,elmid-radmid-az225,elmid-radfar-az000,0.6422941862630651,0.7184136040094421,0.6782247951930223,0.6422941862630651,0.43504001334682973,nan
p1859,elmid-radmid-az090,elmid-radfar-az000,0.6408675264921109,0.71786041091824,0.6771825517750306,0.6408675264921109,0.43502119770784153,nan
p1811,elmid-radmid-az000,elhigh-radfar-az135,0.6359809779214078,0.6967514076443158,0.6649806763923604,0.6359809779214078,0.43467639764082594,nan
p2033,elmid-radmid-az315,elmid-radfar-az180,0.6488341606601306,0.7228117816114321,0.6838280363523376,0.6488341606601306,0.4345737281909898,nan
p1449,elmid-radnear-az000,elmid-radfar-az225,0.6426364112366579,0.712965580574936,0.6759766432972552,0.6426364112366579,0.4339785465925134,nan
p1789,elmid-radmid-az000,elmid-radfar-az225,0.6489689172802846,0.723345963725688,0.6841418881270307,0.6489689172802846,0.43387417702578207,nan
p1781,elmid-radmid-az000,elmid-radmid-az225,0.6440818372200846,0.7084228305358043,0.6747219275438494,0.6440818372200846,0.4337324445564695,nan
p1540,elmid-radnear-az090,elmid-radfar-az225,0.6391230119197768,0.7121689931919974,0.67367170116143,0.6391230119197768,0.4336447710336343,nan
p2112,elmid-radfar-az045,elhigh-radmid-az270,0.6327570160707254,0.7027009828863758,0.6658973587613849,0.6327570160707254,0.43357733916136065,nan
p1813,elmid-radmid-az000,elhigh-radfar-az225,0.6279857753419827,0.687430952645855,0.6563651664240908,0.6279857753419827,0.43344517125383014,nan
p1899,elmid-radmid-az135,elmid-radfar-az180,0.6435478122615823,0.716220906418678,0.677942345767597,0.6435478122615823,0.4331786863391947,nan
p1497,elmid-radnear-az045,elmid-radfar-az315,0.6385611820876681,0.7099816772602099,0.6723801708624995,0.6385611820876681,0.4329589711321927,nan
p1825,elmid-radmid-az045,elmid-radfar-az135,0.6349047984601236,0.7077830621198326,0.6693660911100812,0.6349047984601236,0.43273852757978415,nan
p2227,elmid-radfar-az225,elhigh-radfar-az135,0.6346241148646332,0.706287604319771,0.668540873076904,0.6346241148646332,0.43273665002762585,nan
p1968,elmid-radmid-az225,elmid-radfar-az180,0.6448671690722163,0.7126610828596879,0.6770713380847119,0.6448671690722163,0.4325803591243205,nan
p2110,elmid-radfar-az045,elhigh-radmid-az180,0.629912044129938,0.7071116918225661,0.6662831171158119,0.629912044129938,0.43244597285253894,nan
p2000,elmid-radmid-az270,elmid-radfar-az135,0.6482325344045702,0.7213591462560315,0.6828436156503528,0.6482325344045702,0.4323877945213118,nan
p1788,elmid-radmid-az000,elmid-radfar-az180,0.6420705344282704,0.712898441982813,0.6756333046818266,0.6420705344282704,0.43231913822977047,nan
p1494,elmid-radnear-az045,elmid-radfar-az180,0.6327432793569451,0.698828400459209,0.6641459570173175,0.6327432793569451,0.4318709745019949,nan
p2191,elmid-radfar-az180,elhigh-radmid-az045,0.63438985918668,0.7053562233666593,0.6679934967456168,0.63438985918668,0.4317187433686939,nan
p2187,elmid-radfar-az180,elhigh-radnear-az225,0.6344353155588275,0.7032656652375984,0.6670796847006343,0.6344353155588275,0.43133570072273375,nan
p1983,elmid-radmid-az225,elhigh-radmid-az135,0.631737570688279,0.7038412573196695,0.6658430887415441,0.631737570688279,0.4312785166553017,nan
p1864,elmid-radmid-az090,elmid-radfar-az225,0.6353486858403246,0.7089961908057745,0.6701551155802546,0.6353486858403246,0.4311246575876902,nan
p1539,elmid-radnear-az090,elmid-radfar-az180,0.6396717947054745,0.7026320038492575,0.669675337883553,0.6396717947054745,0.4310640393127296,nan
p1446,elmid-radnear-az000,elmid-radfar-az090,0.6382727214255012,0.7104138148959765,0.6724138586104254,0.6382727214255012,0.43096676347711665,nan
p1967,elmid-radmid-az225,elmid-radfar-az135,0.6446666248231958,0.7168411226327768,0.6788408628972368,0.6446666248231958,0.43067688794188286,nan
p1965,elmid-radmid-az225,elmid-radfar-az045,0.6398458495752203,0.7184932648401486,0.676892726679059,0.6398458495752203,0.4306377457521381,nan
p1668,elmid-radnear-az225,elmid-radfar-az180,0.6390000928780452,0.7049621143182352,0.6703623868480787,0.6390000928780452,0.43011231022792623,nan
p1990,elmid-radmid-az225,elhigh-radfar-az090,0.6297151519935893,0.7018355342608056,0.6638222257610833,0.6297151519935893,0.4300491693724883,nan
p1706,elmid-radnear-az270,elmid-radfar-az045,0.631743305755621,0.6983203445104028,0.6633655507075478,0.631743305755621,0.430042178243181,nan
p1624,elmid-radnear-az180,elmid-radfar-az090,0.6351439396715106,0.7033917906459757,0.6675279903623013,0.6351439396715106,0.4300142420410815,nan
p2200,elmid-radfar-az180,elhigh-radfar-az090,0.6297989702621442,0.703453454318359,0.6645917202009933,0.6297989702621442,0.4299915242728348,nan
p1962,elmid-radmid-az225,elmid-radmid-az270,0.6397596079235852,0.7066301665506347,0.67153427167991,0.6397596079235852,0.4297594355768209,nan
p2212,elmid-radfar-az225,elhigh-radnear-az180,0.6295958157730703,0.7069350973060884,0.6660278111512421,0.6295958157730703,0.42969134917433344,nan
p2031,elmid-radmid-az315,elmid-radfar-az090,0.640178506898495,0.7168204912757944,0.6763351666973666,0.640178506898495,0.4296543273604054,nan
p2144,elmid-radfar-az090,elhigh-radfar-az045,0.6388657662238562,0.7102152365579656,0.6726537551886959,0.6388657662238562,0.42960160028846195,nan
p1441,elmid-radnear-az000,elmid-radmid-az225,0.6338387170611849,0.7018225486796664,0.666100478122333,0.6338387170611849,0.42957232347646096,nan
p2163,elmid-radfar-az135,elhigh-radmid-az000,0.632966876152643,0.7009101940282507,0.6652081303375861,0.632966876152643,0.4295466112963644,nan
p1496,elmid-radnear-az045,elmid-radfar-az270,0.6374790038548249,0.7138240204886656,0.6734948672668568,0.6374790038548249,0.42945676238331715,nan
p1447,elmid-radnear-az000,elmid-radfar-az135,0.6332301968722907,0.6980144995740347,0.6640460017078471,0.6332301968722907,0.4294197160259526,nan
p1963,elmid-radmid-az225,elmid-radmid-az315,0.645135563513727,0.714242297973614,0.6779323401432895,0.645135563513727,0.4294168426366132,nan
p1778,elmid-radmid-az000,elmid-radmid-az090,0.6301547334952723,0.6962636315080031,0.6615617436121561,0.6301547334952723,0.4294134917261947,nan
p1584,elmid-radnear-az135,elmid-radfar-az225,0.6417666908408194,0.7117364372430403,0.6749430106259794,0.6417666908408194,0.4293954329762772,nan
p1779,elmid-radmid-az000,elmid-radmid-az135,0.6351875177361166,0.6976641024633501,0.6649615347145276,0.6351875177361166,0.42911755189792006,nan
p1747,elmid-radnear-az315,elmid-radfar-az090,0.6342094292035227,0.7102951537585983,0.6700994399570007,0.6342094292035227,0.42901378205324264,nan
p2102,elmid-radfar-az045,elhigh-radnear-az180,0.6289792922326128,0.6994807969873743,0.66235928378962,0.6289792922326128,0.42898325292185824,nan
p2002,elmid-radmid-az270,elmid-radfar-az225,0.6402053397402114,0.7180457646089959,0.676895061905039,0.6402053397402114,0.4288081492249638,nan
p2054,elmid-radmid-az315,elhigh-radfar-az045,0.6257408478245017,0.6967908577168459,0.6593573526248735,0.6257408478245017,0.4287249412509806,nan
p2057,elmid-radmid-az315,elhigh-radfar-az180,0.626974675279914,0.6912290518237894,0.6575358594433238,0.626974675279914,0.4287006969164871,nan
p1536,elmid-radnear-az090,elmid-radfar-az045,0.6375251531886515,0.7049427636436392,0.6695411305494708,0.6375251531886515,0.42866074897265755,nan
p1666,elmid-radnear-az225,elmid-radfar-az090,0.6355700065349752,0.7088353403559143,0.6702063227345868,0.6355700065349752,0.4284165292685916,nan
p2246,elmid-radfar-az270,elhigh-radmid-az225,0.638610716457794,0.7155497302113669,0.6748945104628402,0.638610716457794,0.4283850916734975,nan
p1970,elmid-radmid-az225,elmid-radfar-az270,0.645802349727772,0.7174491420405749,0.6797430181264156,0.645802349727772,0.4283624600611634,nan
p1492,elmid-radnear-az045,elmid-radfar-az090,0.638443974799493,0.7105839861451316,0.672585117102681,0.638443974799493,0.4283365670279572,nan
p1787,elmid-radmid-az000,elmid-radfar-az135,0.6403973301584777,0.7111970761781898,0.673942873195912,0.6403973301584777,0.42825194363632807,nan
p1535,elmid-radnear-az090,elmid-radfar-az000,0.6336836057391334,0.7134277142575918,0.6711953788734816,0.6336836057391334,0.4282480591805989,nan
p1667,elmid-radnear-az225,elmid-radfar-az135,0.6354646806498936,0.7061654895900008,0.6689522005129724,0.6354646806498936,0.428236276349183,nan
p1999,elmid-radmid-az270,elmid-radfar-az090,0.6434534949977335,0.7253808609943101,0.6819654228695688,0.6434534949977335,0.42819496232866167,nan
p1709,elmid-radnear-az270,elmid-radfar-az180,0.6328097234452077,0.7018092910491533,0.6655258745108616,0.6328097234452077,0.42811095096251317,nan
p1955,elmid-radmid-az180,elhigh-radfar-az045,0.6149870068585809,0.6792561229631905,0.6455258371879823,0.6149870068585809,0.4280494339477173,nan
p1705,elmid-radnear-az270,elmid-radfar-az000,0.6301522233642032,0.7048526508024564,0.6654124994481054,0.6301522233642032,0.4279942725878088,nan
p1932,elmid-radmid-az180,elmid-radfar-az090,0.6339166719242579,0.7094496772426246,0.6695596902130152,0.6339166719242579,0.4278196896688996,nan
p2140,elmid-radfar-az090,elhigh-radmid-az225,0.6352831035039117,0.7167627014125563,0.6735677619403561,0.6352831035039117,0.42762444937081345,nan
p1863,elmid-radmid-az090,elmid-radfar-az180,0.6319837460711658,0.7040643701350248,0.6660796609281684,0.6319837460711658,0.42754932128651807,nan
p1933,elmid-radmid-az180,elmid-radfar-az135,0.6366032957795158,0.7099054336554788,0.6712591294473028,0.6366032957795158,0.4274715815588372,nan
p1986,elmid-radmid-az225,elhigh-radmid-az270,0.6317565695917181,0.7055413304251299,0.6666134308727193,0.6317565695917181,0.4274182155480385,nan
p2184,elmid-radfar-az180,elhigh-radnear-az090,0.6288677473221909,0.7023616509112228,0.6635859902135224,0.6288677473221909,0.4272438206470446,nan
p1827,elmid-radmid-az045,elmid-radfar-az225,0.6328057434141268,0.7079835216022469,0.6682870312315488,0.6328057434141268,0.4272015622776323,nan
p2139,elmid-radfar-az090,elhigh-radmid-az180,0.6281343752233478,0.7009648138100255,0.6625541554898277,0.6281343752233478,0.4271770004634415,nan
p2218,elmid-radfar-az225,elhigh-radmid-az090,0.6331531336413944,0.7070578671243265,0.6680677952647625,0.6331531336413944,0.427002082947671,nan
p1628,elmid-radnear-az180,elmid-radfar-az270,0.6408504985276062,0.714615689052145,0.675725923348082,0.6408504985276062,0.4267634944668853,nan
p2224,elmid-radfar-az225,elhigh-radfar-az000,0.6337051733471377,0.7105927956878828,0.6699501764387267,0.6337051733471377,0.42667544663299894,nan
p1982,elmid-radmid-az225,elhigh-radmid-az090,0.6252502079729401,0.6944704939687717,0.6580450244452148,0.6252502079729401,0.4266125703063767,nan
p2194,elmid-radfar-az180,elhigh-radmid-az180,0.6301983139227785,0.7076858405033188,0.6666981173172288,0.6301983139227785,0.426604309329412,nan
p1495,elmid-radnear-az045,elmid-radfar-az225,0.6346065533667178,0.7084728750381815,0.6695084741425255,0.6346065533667178,0.4265451429188318,nan
p1862,elmid-radmid-az090,elmid-radfar-az135,0.6322155810483229,0.6984977615957529,0.663705929829737,0.6322155810483229,0.42624192156099083,nan
p1997,elmid-radmid-az270,elmid-radfar-az000,0.6349528692768472,0.7103061413660068,0.6705190880822108,0.6349528692768472,0.42623907856492654,nan
p2132,elmid-radfar-az090,elhigh-radnear-az225,0.6280550327028267,0.7037796395051926,0.6637645853928925,0.6280550327028267,0.4261495117768365,nan
p1749,elmid-radnear-az315,elmid-radfar-az180,0.6295827840203972,0.6941792503632505,0.6603049395601949,0.6295827840203972,0.4260048748643039,nan
p1845,elmid-radmid-az045,elhigh-radmid-az315,0.619424857693608,0.6843879544195175,0.6502879973797144,0.619424857693608,0.4259215362892898,nan
p1782,elmid-radmid-az000,elmid-radmid-az270,0.6301534275250875,0.6898368780771837,0.6586458571833246,0.6301534275250875,0.4258555176771182,nan
p1981,elmid-radmid-az225,elhigh-radmid-az045,0.6254816301538975,0.6941680489491102,0.6580373105574006,0.6254816301538975,0.4258461282502969,nan
p1853,elmid-radmid-az045,elhigh-radfar-az315,0.6210005698425056,0.6830369481813005,0.6505431449347765,0.6210005698425056,0.42572953481090936,nan
p1708,elmid-radnear-az270,elmid-radfar-az135,0.6338447874494094,0.7029391820394311,0.6666063426838011,0.6338447874494094,0.42569850598818176,nan
p1489,elmid-radnear-az045,elmid-radmid-az315,0.6238777910357594,0.6918309200310783,0.6560995492828352,0.6238777910357594,0.4256727993913217,nan
p2045,elmid-radmid-az315,elhigh-radmid-az000,0.6186181313625188,0.6837567929965159,0.6495584976009969,0.6186181313625188,0.42566396068608764,nan
p1581,elmid-radnear-az135,elmid-radfar-az090,0.6235005266431931,0.7026778191178286,0.6607255980024968,0.6235005266431931,0.4255558846953625,nan
p2109,elmid-radfar-az045,elhigh-radmid-az135,0.6306380385440956,0.7033597647415388,0.6650167209195391,0.6306380385440956,0.4255069844387286,nan
p1493,elmid-radnear-az045,elmid-radfar-az135,0.6318397677860679,0.7013819551752158,0.6647971662251649,0.6318397677860679,0.4255019577489508,nan
p1810,elmid-radmid-az000,elhigh-radfar-az090,0.6238603647983507,0.6860251264516353,0.653467632870014,0.6238603647983507,0.4254129448689978,nan
p1786,elmid-radmid-az000,elmid-radfar-az090,0.6438886226110535,0.7175538657141495,0.6787282962092459,0.6438886226110535,0.4254035194264891,nan
p1844,elmid-radmid-az045,elhigh-radmid-az270,0.6186530790610067,0.6773501964733002,0.6466724159752208,0.6186530790610067,0.42526705378093377,nan
p1855,elmid-radmid-az090,elmid-radmid-az180,0.6216387110772218,0.688831408747848,0.6535124496248395,0.6216387110772218,0.4251777152489049,nan
p2176,elmid-radfar-az135,elhigh-radfar-az225,0.6322061353191666,0.7065053174529125,0.667293904753636,0.6322061353191666,0.42517695619934937,nan
p1707,elmid-radnear-az270,elmid-radfar-az090,0.6304888423438757,0.7040252488803006,0.6652309886667734,0.6304888423438757,0.42515958465956344,nan
p2277,elmid-radfar-az315,elhigh-radfar-az180,0.6276659821479595,0.701912716523762,0.6627162950777796,0.6276659821479595,0.4250656820150711,nan
p2188,elmid-radfar-az180,elhigh-radnear-az270,0.6326865104329372,0.7045991576163569,0.6667092797555466,0.6326865104329372,0.4249202204942438,nan
p1697,elmid-radnear-az270,elmid-radmid-az000,0.6253788942513526,0.6897408638808424,0.6559849414571947,0.6253788942513526,0.4248736134870497,nan
p2182,elmid-radfar-az180,elhigh-radnear-az000,0.6311477969629816,0.6983611232809199,0.6630554751937816,0.6311477969629816,0.42487024230037307,nan
p1852,elmid-radmid-az045,elhigh-radfar-az270,0.6182122571895606,0.6827810943084514,0.6488943867280492,0.6182122571895606,0.4247402555871862,nan
p2130,elmid-radfar-az090,elhigh-radnear-az135,0.6331520835558019,0.7134192340436853,0.670893354967322,0.6331520835558019,0.42472883066848377,nan
p1794,elmid-radmid-az000,elhigh-radnear-az090,0.6246644611542741,0.6867839483768878,0.6542529952750834,0.6246644611542741,0.42472451839127173,nan
p2055,elmid-radmid-az315,elhigh-radfar-az090,0.6197681715084796,0.6781926589950256,0.6476654985540192,0.6197681715084796,0.4246539254864881,nan
p1927,elmid-radmid-az180,elmid-radmid-az225,0.6268349749103909,0.709593477065708,0.6656518105931719,0.6268349749103909,0.42462711804191955,nan
p1995,elmid-radmid-az225,elhigh-radfar-az315,0.6273203102027286,0.6992609340583854,0.6613399487801194,0.6273203102027286,0.42460285637198675,nan
p2196,elmid-radfar-az180,elhigh-radmid-az270,0.6310221378395744,0.7071290268048969,0.6669113057064772,0.6310221378395744,0.4245638740896572,nan
p1698,elmid-radnear-az270,elmid-radmid-az045,0.6173259933018622,0.6780061839278233,0.6462447985399379,0.6173259933018622,0.42451377206584107,nan
p1900,elmid-radmid-az135,elmid-radfar-az225,0.6394643478968097,0.7202367746164373,0.6774514366217486,0.6394643478968097,0.42446063549794055,nan
p1664,elmid-radnear-az225,elmid-radfar-az000,0.6333120153715266,0.7151262735631059,0.6717371722115719,0.6333120153715266,0.4244462449281428,nan
p1665,elmid-radnear-az225,elmid-radfar-az045,0.625544594705916,0.7014214164982503,0.6613136613850142,0.625544594705916,0.42444374953049496,nan
p2120,elmid-radfar-az045,elhigh-radfar-az270,0.6249942701872039,0.6965930754708878,0.6588541911387539,0.6249942701872039,0.42442247487812684,nan
p2190,elmid-radfar-az180,elhigh-radmid-az000,0.6305874332098182,0.7024775266769093,0.6645940201930054,0.6305874332098182,0.42434859204958547,nan
p1783,elmid-radmid-az000,elmid-radmid-az315,0.628262896044653,0.7085439882281973,0.6659928270214049,0.628262896044653,0.4243422469075381,nan
p2185,elmid-radfar-az180,elhigh-radnear-az135,0.6268637146527096,0.7061309646698967,0.6641405047006114,0.6268637146527096,0.42430176402793646,nan
p2111,elmid-radfar-az045,elhigh-radmid-az225,0.6260400688909195,0.7022139947009653,0.6619427859003856,0.6260400688909195,0.4242194082274077,nan
p1971,elmid-radmid-az225,elmid-radfar-az315,0.6398231173025982,0.7175225705746582,0.6764489428747,0.6398231173025982,0.4240971024566977,nan
p2262,elmid-radfar-az315,elhigh-radnear-az225,0.6384523477148798,0.7099345384543525,0.6722986962410633,0.6384523477148798,0.4240789693953376,nan
p2142,elmid-radfar-az090,elhigh-radmid-az315,0.628103171342648,0.7116657010854499,0.6672785030114206,0.628103171342648,0.42405684131507543,nan
p1580,elmid-radnear-az135,elmid-radfar-az045,0.6267799373224077,0.6972289266724931,0.6601301771357898,0.6267799373224077,0.42405668299324567,nan
p2136,elmid-radfar-az090,elhigh-radmid-az045,0.627758803627786,0.6995508752776557,0.6617132799079919,0.627758803627786,0.4240357997548878,nan
p1790,elmid-radmid-az000,elmid-radfar-az270,0.6392230415692003,0.7190922085398734,0.6768094647758104,0.6392230415692003,0.4239968645506651,nan
p2121,elmid-radfar-az045,elhigh-radfar-az315,0.620572851679166,0.6979974731216496,0.6570120291845448,0.620572851679166,0.42387963558121844,nan
p1623,elmid-radnear-az180,elmid-radfar-az045,0.622575365665283,0.7003641706352834,0.6591827784532401,0.622575365665283,0.42387474067473174,nan
p1445,elmid-radnear-az000,elmid-radfar-az045,0.6286949479649251,0.7001176446311967,0.6624868376672859,0.6286949479649251,0.4238411824631625,nan
p1833,elmid-radmid-az045,elhigh-radnear-az135,0.617894810752964,0.6859242163409347,0.6501347273502147,0.617894810752964,0.42363059668807307,nan
p1972,elmid-radmid-az225,elhigh-radnear-az000,0.6190667644962926,0.6915916845262643,0.653322651391761,0.6190667644962926,0.423503577983119,nan
p2278,elmid-radfar-az315,elhigh-radfar-az225,0.6272277754163461,0.6982028154900709,0.6608149860941112,0.6272277754163461,0.4234643206992411,nan
p2171,elmid-radfar-az135,elhigh-radfar-az000,0.6305279556551355,0.7059388933907996,0.6661058709909695,0.6305279556551355,0.4234476525143051,nan
p2029,elmid-radmid-az315,elmid-radfar-az000,0.6338243548088397,0.7124776075823374,0.6708534527269885,0.6338243548088397,0.4232992826602341,nan
p2245,elmid-radfar-az270,elhigh-radmid-az180,0.6332594479779063,0.7143737849983773,0.671375471705841,0.6332594479779063,0.42316945682089807,nan
p2119,elmid-radfar-az045,elhigh-radfar-az225,0.6203723232391963,0.6956556914605342,0.6558607152210336,0.6203723232391963,0.42313370954648144,nan
p2167,elmid-radfar-az135,elhigh-radmid-az180,0.6219034783967393,0.6967900922386947,0.6572204365367746,0.6219034783967393,0.42311383524469176,nan
p1856,elmid-radmid-az090,elmid-radmid-az225,0.6228478088177025,0.7012208214824831,0.6597148246895563,0.6228478088177025,0.4230818386699187,nan
p2103,elmid-radfar-az045,elhigh-radnear-az225,0.6263468046682625,0.7008103705029487,0.6614896026708756,0.6263468046682625,0.4230141748688106,nan
p2161,elmid-radfar-az135,elhigh-radnear-az270,0.6318897935053462,0.7006620175918519,0.6645012583017088,0.6318897935053462,0.42294845749482307,nan
p2241,elmid-radfar-az270,elhigh-radmid-az000,0.6293074692470965,0.6991786171962676,0.6624056219021991,0.6293074692470965,0.42273686186867754,nan
p1671,elmid-radnear-az225,elmid-radfar-az315,0.6286148505152427,0.6973323935257986,0.661192970211548,0.6286148505152427,0.4226373912371834,nan
p1710,elmid-radnear-az270,elmid-radfar-az225,0.6374358548264838,0.7105050485187011,0.671989983888886,0.6374358548264838,0.4226139785523628,nan
p1980,elmid-radmid-az225,elhigh-radmid-az000,0.6290553499473154,0.7049144935088048,0.6648279727947268,0.6290553499473154,0.42261219569316716,nan
p1809,elmid-radmid-az000,elhigh-radfar-az045,0.6307063531461996,0.6999923338650879,0.6635455741132804,0.6307063531461996,0.42258563787166176,nan
p2192,elmid-radfar-az180,elhigh-radmid-az090,0.6193300525698089,0.6975456622948044,0.6561150559956951,0.6193300525698089,0.422578340581802,nan
p2022,elmid-radmid-az270,elhigh-radfar-az045,0.6188394670696473,0.6807506683509106,0.6483203732125215,0.6188394670696473,0.42250651847581966,nan
p1448,elmid-radnear-az000,elmid-radfar-az180,0.6219814827336765,0.6985568461080293,0.6580489387190144,0.6219814827336765,0.42249554434205683,nan
p1928,elmid-radmid-az180,elmid-radmid-az270,0.6257191444793324,0.6836101675694184,0.653384851729315,0.6257191444793324,0.42240433894823753,nan
p2150,elmid-radfar-az090,elhigh-radfar-az315,0.6242436150409287,0.7171507375587196,0.6674797282026977,0.6242436150409287,0.4223059950187396,nan
p1992,elmid-radmid-az225,elhigh-radfar-az180,0.62363934562936,0.6941843008658178,0.6570236378585388,0.62363934562936,0.42218035919365116,nan
p2080,elmid-radfar-az000,elhigh-radmid-az180,0.6247788405995377,0.7031477024123294,0.6616507646379322,0.6247788405995377,0.422180206020154,nan
p2123,elmid-radfar-az090,elmid-radfar-az180,0.6357634529113372,0.7158941655154025,0.6734536030165857,0.6357634529113372,0.4221331130914804,nan
p2270,elmid-radfar-az315,elhigh-radmid-az225,0.6300087695818962,0.703591477500647,0.6647701243280512,0.6300087695818962,0.42200785119757794,nan
p1817,elmid-radmid-az045,elmid-radmid-az135,0.6190283950809001,0.6836119430564691,0.6497191766277947,0.6190283950809001,0.4219989831127031,nan
p2118,elmid-radfar-az045,elhigh-radfar-az180,0.6202448477524314,0.6960295275954448,0.6559555309439762,0.6202448477524314,0.42196343168501355,nan
p1891,elmid-radmid-az135,elmid-radmid-az180,0.6156422212223205,0.6812631277096228,0.6467925288848922,0.6156422212223205,0.4219326008842338,nan
p2124,elmid-radfar-az090,elmid-radfar-az225,0.630302921994408,0.7237321200275681,0.6737941867640085,0.630302921994408,0.4219207734284334,nan
p1490,elmid-radnear-az045,elmid-radfar-az000,0.6342408926239956,0.7020488047478534,0.6664244459335723,0.6342408926239956,0.4218233540820276,nan
p2147,elmid-radfar-az090,elhigh-radfar-az180,0.6275662066979212,0.7096454172966855,0.6660867653888125,0.6275662066979212,0.42179959095924857,nan
p1625,elmid-radnear-az180,elmid-radfar-az135,0.6248091072007252,0.6973095824006279,0.6590715055296817,0.6248091072007252,0.4217702314955123,nan
p1954,elmid-radmid-az180,elhigh-radfar-az000,0.6112545062618848,0.6717869376360776,0.6400927964265837,0.6112545062618848,0.4217674547811301,nan
p1989,elmid-radmid-az225,elhigh-radfar-az045,0.6281791861749249,0.7079051248060152,0.6656634787713558,0.6281791861749249,0.4217484248166521,nan
p2094,elmid-radfar-az045,elmid-radfar-az180,0.6261914267646651,0.7060579324869847,0.6637307363703835,0.6261914267646651,0.4217399405435513,nan
p1838,elmid-radmid-az045,elhigh-radmid-az000,0.6087878658560598,0.6736154762573866,0.6395630995822369,0.6087878658560598,0.4217318218110165,nan
p2160,elmid-radfar-az135,elhigh-radnear-az225,0.6244831937304268,0.6997050047369202,0.6599575748115235,0.6244831937304268,0.42171167733646964,nan
p2105,elmid-radfar-az045,elhigh-radnear-az315,0.6225875945708084,0.6982823098794023,0.6582660444824333,0.6225875945708084,0.4217114919070457,nan
p1931,elmid-radmid-az180,elmid-radfar-az045,0.6264425769708717,0.7053836946830183,0.6635736039381859,0.6264425769708717,0.42163653239649745,nan
p2126,elmid-radfar-az090,elmid-radfar-az315,0.6313103020876049,0.7131542265298098,0.6697411506253327,0.6313103020876049,0.42162890021079796,nan
p2030,elmid-radmid-az315,elmid-radfar-az045,0.6325384907021258,0.715166617997229,0.671319579080746,0.6325384907021258,0.42161587310910614,nan
p1785,elmid-radmid-az000,elmid-radfar-az045,0.6341307404927532,0.7097192780796111,0.6697991667682092,0.6341307404927532,0.421613860480525,nan
p1843,elmid-radmid-az045,elhigh-radmid-az225,0.612552879995925,0.6829820579224054,0.6458530979305575,0.612552879995925,0.42160147274164117,nan
p1896,elmid-radmid-az135,elmid-radfar-az045,0.6261799517754018,0.7030558863751034,0.6623948713846334,0.6261799517754018,0.42159659474217653,nan
p1828,elmid-radmid-az045,elmid-radfar-az270,0.6336600943325451,0.7152183922406985,0.6719735816188414,0.6336600943325451,0.42152620673545255,nan
p2152,elmid-radfar-az135,elmid-radfar-az225,0.624905113321447,0.701734840251923,0.6610952560083336,0.624905113321447,0.4213921991011782,nan
p1583,elmid-radnear-az135,elmid-radfar-az180,0.627199321519421,0.6974836500077892,0.6604769313995652,0.627199321519421,0.4213121358420599,nan
p2106,elmid-radfar-az045,elhigh-radmid-az000,0.6248710233614724,0.7020686198975287,0.6612242526839881,0.6248710233614724,0.42120512379474323,nan
p2189,elmid-radfar-az180,elhigh-radnear-az315,0.625523448567967,0.6976267538954652,0.6596105145092597,0.625523448567967,0.421202958784714,nan
p2134,elmid-radfar-az090,elhigh-radnear-az315,0.629226538110083,0.7090817190270868,0.666771699152462,0.629226538110083,0.4211770915803576,nan
p2053,elmid-radmid-az315,elhigh-radfar-az000,0.6195317874825691,0.6857456261323919,0.6509592659533702,0.6195317874825691,0.42115841317495506,nan
p1750,elmid-radnear-az315,elmid-radfar-az225,0.631145492252831,0.7038369550314052,0.6655121531413642,0.631145492252831,0.42111434326266034,nan
p1627,elmid-radnear-az180,elmid-radfar-az225,0.6271866924809598,0.7054652503287022,0.6640269717853942,0.6271866924809598,0.4210889330876393,nan
p1803,elmid-radmid-az000,elhigh-radmid-az135,0.6137134370974046,0.6830040607925698,0.6465074627011147,0.6137134370974046,0.42103146622292914,nan
p1824,elmid-radmid-az045,elmid-radfar-az090,0.6278629953707273,0.7071908885667599,0.6651701402266441,0.6278629953707273,0.4210020460221526,nan
p2035,elmid-radmid-az315,elmid-radfar-az270,0.6367220296217314,0.7105609627008389,0.671618094964458,0.6367220296217314,0.4209891157171604,nan
p2222,elmid-radfar-az225,elhigh-radmid-az270,0.6293617013812521,0.7072537469886844,0.6660381219682988,0.6293617013812521,0.42098346092626715,nan
p1822,elmid-radmid-az045,elmid-radfar-az000,0.6331225454702759,0.7145608585623611,0.6713811097067897,0.6331225454702759,0.4208183983759125,nan
p1791,elmid-radmid-az000,elmid-radfar-az315,0.6324076245108121,0.704812656061715,0.6666499215137653,0.6324076245108121,0.4207090960340437,nan
p1541,elmid-radnear-az090,elmid-radfar-az270,0.6281376050156645,0.7037715809567155,0.6638071123708074,0.6281376050156645,0.42068716381632165,nan
p2013,elmid-radmid-az270,elhigh-radmid-az000,0.6130891869288753,0.6717433034855537,0.6410774304532637,0.6130891869288753,0.4205095575917309,nan
p1801,elmid-radmid-az000,elhigh-radmid-az045,0.622150203680938,0.6921476289998807,0.6552849402196821,0.622150203680938,0.42049229526165594,nan
p1751,elmid-radnear-az315,elmid-radfar-az270,0.6361514454137779,0.7146039867953506,0.673099434965557,0.6361514454137779,0.42045817674723385,nan
p2034,elmid-radmid-az315,elmid-radfar-az225,0.6303019013327654,0.7131620923027975,0.6691767324861299,0.6303019013327654,0.4204550132266082,nan
p1949,elmid-radmid-az180,elhigh-radmid-az135,0.6141424801579346,0.6759149100200823,0.6435497558107538,0.6141424801579346,0.42044950635846795,nan
p1991,elmid-radmid-az225,elhigh-radfar-az135,0.6161056956232747,0.693629404777934,0.6525732215690914,0.6161056956232747,0.4204401236046915,nan
p2214,elmid-radfar-az225,elhigh-radnear-az270,0.6316522063609166,0.7159634473953019,0.6711704334399486,0.6316522063609166,0.4204247147579371,nan
p1656,elmid-radnear-az225,elmid-radmid-az000,0.6233224579894954,0.6837262770085444,0.6521286194850441,0.6233224579894954,0.42037234069878543,nan
p1537,elmid-radnear-az090,elmid-radfar-az090,0.6281685381688312,0.7014664623219644,0.6627971767418893,0.6281685381688312,0.4203206109849825,nan
p2168,elmid-radfar-az135,elhigh-radmid-az225,0.6229338728639309,0.6962953087490412,0.6575748010754308,0.6229338728639309,0.42023423160161383,nan
p2088,elmid-radfar-az000,elhigh-radfar-az180,0.6240317615153365,0.7139883024241696,0.6659860940369926,0.6240317615153365,0.4201895079350953,nan
p1984,elmid-radmid-az225,elhigh-radmid-az180,0.6243179799036546,0.7003832657416579,0.6601667614695258,0.6243179799036546,0.42010333382299425,nan
p1937,elmid-radmid-az180,elmid-radfar-az315,0.6318626401246409,0.713433012928639,0.6701748661389801,0.6318626401246409,0.4200115672915113,nan
p2273,elmid-radfar-az315,elhigh-radfar-az000,0.6233904811781191,0.7002255898616561,0.6595779198331789,0.6233904811781191,0.41998139714523924,nan
p1451,elmid-radnear-az000,elmid-radfar-az315,0.6322117288061297,0.7071032817244919,0.6675636197139565,0.6322117288061297,0.4199419131008404,nan
p1795,elmid-radmid-az000,elhigh-radnear-az135,0.6183535526950082,0.6916423438794432,0.6529478476238111,0.6183535526950082,0.41992425825111135,nan
p2100,elmid-radfar-az045,elhigh-radnear-az090,0.6299436151656703,0.7018716484410977,0.6639653046232389,0.6299436151656703,0.41989498070979614,nan
p2199,elmid-radfar-az180,elhigh-radfar-az045,0.6231247447096705,0.6955869606017255,0.6573649805375398,0.6231247447096705,0.4198395035295585,nan
p2165,elmid-radfar-az135,elhigh-radmid-az090,0.6221062934316937,0.6994528510774252,0.6585161510507106,0.6221062934316937,0.41983288649803,nan
p2216,elmid-radfar-az225,elhigh-radmid-az000,0.6211703870136294,0.7012430339098157,0.658782495507641,0.6211703870136294,0.41980177675589697,nan
p2172,elmid-radfar-az135,elhigh-radfar-az045,0.6269710623802766,0.7020621424953569,0.6623952595352604,0.6269710623802766,0.41976430318078434,nan
p1620,elmid-radnear-az180,elmid-radmid-az270,0.6163892532576184,0.6752441464721091,0.6444758014117833,0.6163892532576184,0.4195475695898733,nan
p1814,elmid-radmid-az000,elhigh-radfar-az270,0.6225541609475613,0.6888878977021873,0.6540434238970133,0.6225541609475613,0.4194643638027399,nan
p1858,elmid-radmid-az090,elmid-radmid-az315,0.6210691005759262,0.689557741058865,0.6535239359212407,0.6210691005759262,0.419463332183611,nan
p1866,elmid-radmid-az090,elmid-radfar-az315,0.6288561412776131,0.7038868011746751,0.6642594360596963,0.6288561412776131,0.41942823334460033,nan
p1975,elmid-radmid-az225,elhigh-radnear-az135,0.6140124821255111,0.6975940907791937,0.6531401840215425,0.6140124821255111,0.41934934071681995,nan
p1619,elmid-radnear-az180,elmid-radmid-az225,0.6268931113327273,0.6939481791731807,0.6587185550187196,0.6268931113327273,0.41928761424268335,nan
p2193,elmid-radfar-az180,elhigh-radmid-az135,0.6254189233533219,0.6973013989973642,0.6594069552642351,0.6254189233533219,0.41927858172383703,nan
p1901,elmid-radmid-az135,elmid-radfar-az270,0.6277066652525798,0.7052577145519525,0.6642262536827568,0.6277066652525798,0.41925877687548013,nan
p2169,elmid-radfar-az135,elhigh-radmid-az270,0.6259998546189334,0.7003434845932988,0.6610881309195766,0.6259998546189334,0.4192548377814711,nan
p1879,elmid-radmid-az090,elhigh-radmid-az180,0.6057758045192035,0.6635618632096346,0.6333534909639958,0.6057758045192035,0.41922039911976644,nan
p2075,elmid-radfar-az000,elhigh-radnear-az315,0.6212908596642838,0.7051674608200116,0.6605772547458377,0.6212908596642838,0.41916530762740073,nan
p2135,elmid-radfar-az090,elhigh-radmid-az000,0.6249238669612855,0.708735750799244,0.6641962913849001,0.6249238669612855,0.4191343102968495,nan
p1934,elmid-radmid-az180,elmid-radfar-az180,0.6326903362582865,0.7026913242596164,0.6658560969890405,0.6326903362582865,0.41909612974322236,nan
p1929,elmid-radmid-az180,elmid-radmid-az315,0.6176038073719364,0.6892250695254123,0.6514518229589418,0.6176038073719364,0.4190227942065244,nan
p2087,elmid-radfar-az000,elhigh-radfar-az135,0.6244477271328188,0.7100250976736798,0.6644924500637578,0.6244477271328188,0.4190093978276438,nan
p2226,elmid-radfar-az225,elhigh-radfar-az090,0.6203451579571851,0.6998035938901832,0.657683113942001,0.6203451579571851,0.418962231407979,nan
p2133,elmid-radfar-az090,elhigh-radnear-az270,0.6244790326633546,0.7023905459007297,0.6611473738521447,0.6244790326633546,0.41894236387180883,nan
p2104,elmid-radfar-az045,elhigh-radnear-az270,0.6207366240975392,0.6961964597807705,0.6563046299669189,0.6207366240975392,0.4189042996184409,nan
p2238,elmid-radfar-az270,elhigh-radnear-az225,0.6300793464319168,0.7022795457461598,0.6642231906042663,0.6300793464319168,0.4188647903023245,nan
p1621,elmid-radnear-az180,elmid-radmid-az315,0.623553882174184,0.6941928213279018,0.6569800213744609,0.623553882174184,0.4187369764485232,nan
p2026,elmid-radmid-az270,elhigh-radfar-az225,0.6132852766075831,0.6725403260719789,0.6415474680940784,0.6132852766075831,0.4187188235867505,nan
p2114,elmid-radfar-az045,elhigh-radfar-az000,0.6253694560924806,0.7004884944633372,0.6608009683057455,0.6253694560924806,0.4186884304411714,nan
p2220,elmid-radfar-az225,elhigh-radmid-az180,0.6194696850651643,0.702262517687738,0.6582730446591399,0.6194696850651643,0.4186827126186466,nan
p2021,elmid-radmid-az270,elhigh-radfar-az000,0.6124991405847379,0.6657811280883406,0.6380296696513253,0.6124991405847379,0.4186365609080642,nan
p2143,elmid-radfar-az090,elhigh-radfar-az000,0.6291333472606183,0.7044656591895451,0.6646718182189032,0.6291333472606183,0.418528268394951,nan
p2046,elmid-radmid-az315,elhigh-radmid-az045,0.6127912577366476,0.6806884868144228,0.6449578444796381,0.6127912577366476,0.41850069768482795,nan
p1777,elmid-radmid-az000,elmid-radmid-az045,0.6204424819735068,0.6923680008355431,0.6544349340633984,0.6204424819735068,0.4184969013842259,nan
p2146,elmid-radfar-az090,elhigh-radfar-az135,0.6295722415668883,0.7070902886430026,0.6660834847240773,0.6295722415668883,0.4184933999135182,nan
p1820,elmid-radmid-az045,elmid-radmid-az270,0.616461431048666,0.6749324969133802,0.6443732526527722,0.616461431048666,0.4184766087139939,nan
p1527,elmid-radnear-az090,elmid-radmid-az000,0.6151348817170986,0.6815167989667718,0.6466266334526114,0.6151348817170986,0.41845047595441887,nan
p1615,elmid-radnear-az180,elmid-radmid-az045,0.6081643289758198,0.6678876226868165,0.6366283556924819,0.6081643289758198,0.4184125190418418,nan
p2016,elmid-radmid-az270,elhigh-radmid-az135,0.6085462319608707,0.6684895228036185,0.6371110263588287,0.6085462319608707,0.41840221275891126,nan
p2024,elmid-radmid-az270,elhigh-radfar-az135,0.6139450880653672,0.6730029216814793,0.6421189277121809,0.6139450880653672,0.418394591675889,nan
p1585,elmid-radnear-az135,elmid-radfar-az270,0.6323901781057151,0.707846368735739,0.6679941570780512,0.6323901781057151,0.4183300899196965,nan
p1670,elmid-radnear-az225,elmid-radfar-az270,0.6274828584498245,0.708071687261936,0.6653458636146176,0.6274828584498245,0.41828315168743335,nan
p2266,elmid-radfar-az315,elhigh-radmid-az045,0.6220493552093751,0.6993262532335595,0.6584281443147444,0.6220493552093751,0.4182550837557536,nan
p2155,elmid-radfar-az135,elhigh-radnear-az000,0.6250345688355298,0.6938273011279223,0.6576367971254304,0.6250345688355298,0.41825267044020764,nan
p2186,elmid-radfar-az180,elhigh-radnear-az180,0.6274055005896196,0.7003017863907568,0.6618524989097112,0.6274055005896196,0.4181214872021758,nan
p2082,elmid-radfar-az000,elhigh-radmid-az270,0.6246335806236107,0.7042351429386542,0.6620502253308405,0.6246335806236107,0.4181188610547063,nan
p1742,elmid-radnear-az315,elmid-radmid-az225,0.6214389083731655,0.6996219215389636,0.6582169016759494,0.6214389083731655,0.4180813100177286,nan
p2249,elmid-radfar-az270,elhigh-radfar-az000,0.6266784444332103,0.7112716110412748,0.666300785971827,0.6266784444332103,0.41797694841334515,nan
p1491,elmid-radnear-az045,elmid-radfar-az045,0.6328066410711274,0.6995741633055925,0.664517493808606,0.6328066410711274,0.4178468758441607,nan
p1571,elmid-radnear-az135,elmid-radmid-az000,0.6228428387340618,0.6913543982278025,0.6553128006248866,0.6228428387340618,0.4178427072473158,nan
p1806,elmid-radmid-az000,elhigh-radmid-az270,0.612323917390494,0.6860220892939378,0.6470813342055042,0.612323917390494,0.41782068557148716,nan
p2117,elmid-radfar-az045,elhigh-radfar-az135,0.6235060465389873,0.693633588125866,0.6567029415815232,0.6235060465389873,0.41780699568847957,nan
p2236,elmid-radfar-az270,elhigh-radnear-az135,0.6262828200141279,0.7133180492818456,0.6669730510192851,0.6262828200141279,0.41779697288776846,nan
p2020,elmid-radmid-az270,elhigh-radmid-az315,0.6160994753284659,0.678702860705271,0.6458877386108627,0.6160994753284659,0.4177419867895174,nan
p1660,elmid-radnear-az225,elmid-radmid-az180,0.6107512158024234,0.6628378394678938,0.6357294209770724,0.6107512158024234,0.41769647274030614,nan
p1614,elmid-radnear-az180,elmid-radmid-az000,0.6170072756969908,0.6954714685846798,0.6538939514655138,0.6170072756969908,0.41766052734873044,nan
p1484,elmid-radnear-az045,elmid-radmid-az090,0.6034177609209452,0.6590718017215078,0.6300180890977487,0.6034177609209452,0.4176127148062094,nan
p2248,elmid-radfar-az270,elhigh-radmid-az315,0.6309053559928551,0.705893511708707,0.6662961916826705,0.6309053559928551,0.4174829157451064,nan
p1482,elmid-radnear-az045,elmid-radmid-az000,0.6205706346692582,0.6837338733928428,0.6506228585940983,0.6205706346692582,0.4174760578634162,nan
p2170,elmid-radfar-az135,elhigh-radmid-az315,0.6279665258414165,0.6985483551040185,0.6613796648466709,0.6279665258414165,0.41741275530690725,nan
p1987,elmid-radmid-az225,elhigh-radmid-az315,0.6183780394954947,0.6896110048239549,0.6520548517276511,0.6183780394954947,0.4174121532528106,nan
p2089,elmid-radfar-az000,elhigh-radfar-az225,0.6185797476592778,0.7007524472677522,0.6571070935269371,0.6185797476592778,0.41734774363141885,nan
p2108,elmid-radfar-az045,elhigh-radmid-az090,0.6214180717459304,0.6971599894041665,0.6571136424582678,0.6214180717459304,0.4171999709242771,nan
p2204,elmid-radfar-az180,elhigh-radfar-az270,0.6255995281390713,0.7011026531521155,0.6612026348854667,0.6255995281390713,0.41718227089538473,nan
p2233,elmid-radfar-az270,elhigh-radnear-az000,0.6266167388930118,0.709697654398532,0.6655745564542547,0.6266167388930118,0.417142114325043,nan
p2175,elmid-radfar-az135,elhigh-radfar-az180,0.6186024331539995,0.6995292066405734,0.6565815677675189,0.6186024331539995,0.4170290386619167,nan
p2049,elmid-radmid-az315,elhigh-radmid-az180,0.6123726179851777,0.677343881304105,0.6432217407453664,0.6123726179851777,0.4169815837574181,nan
p2056,elmid-radmid-az315,elhigh-radfar-az135,0.6100889317015601,0.6660072094983197,0.6368229067228611,0.6100889317015601,0.41696504505977044,nan
p1780,elmid-radmid-az000,elmid-radmid-az180,0.6175317890729128,0.6899129310336389,0.651718822300983,0.6175317890729128,0.4169338282515257,nan
p1842,elmid-radmid-az045,elhigh-radmid-az180,0.6069482777197,0.6822540385826524,0.6424017525391024,0.6069482777197,0.41689163210691577,nan
p2058,elmid-radmid-az315,elhigh-radfar-az225,0.6153958890691733,0.6881471532604,0.6497413824315221,0.6153958890691733,0.4167927632267034,nan
p1586,elmid-radnear-az135,elmid-radfar-az315,0.6222354226045064,0.696626312263253,0.6573328444501533,0.6222354226045064,0.4167910125856392,nan
p2183,elmid-radfar-az180,elhigh-radnear-az045,0.6166239770772479,0.6912580468572808,0.6518115215889296,0.6166239770772479,0.41674188384575667,nan
p1940,elmid-radmid-az180,elhigh-radnear-az090,0.6056808281738851,0.6633217323471859,0.633192191556825,0.6056808281738851,0.41674016966740207,nan
p2131,elmid-radfar-az090,elhigh-radnear-az180,0.6237272252732811,0.7048378187798645,0.6618065693404629,0.6237272252732811,0.41673297041718826,nan
p1746,elmid-radnear-az315,elmid-radfar-az045,0.6135399265250013,0.6934698582572795,0.6510608425985863,0.6135399265250013,0.41670781848003624,nan
p2259,elmid-radfar-az315,elhigh-radnear-az090,0.6190215507002678,0.6959892711914342,0.6552529465938526,0.6190215507002678,0.4166321971805849,nan
p1935,elmid-radmid-az180,elmid-radfar-az225,0.6200941534556546,0.7009676787998187,0.6580554350632256,0.6200941534556546,0.41658444959282903,nan
p1821,elmid-radmid-az045,elmid-radmid-az315,0.6121293056063462,0.6882567298730337,0.6479646853186393,0.6121293056063462,0.4165822051320017,nan
p2229,elmid-radfar-az225,elhigh-radfar-az225,0.6216032913457371,0.7010166313428946,0.6589258756136683,0.6216032913457371,0.41657592071812677,nan
p1658,elmid-radnear-az225,elmid-radmid-az090,0.5961628778536131,0.6498265423233736,0.6218390867590776,0.5961628778536131,0.4165610350690796,nan
p1532,elmid-radnear-az090,elmid-radmid-az225,0.6152117570296205,0.6950162795005326,0.6526836162170191,0.6152117570296205,0.41651414146075794,nan
p1857,elmid-radmid-az090,elmid-radmid-az270,0.6120695774629318,0.6739977005870532,0.6415426235473687,0.6120695774629318,0.4164586966163599,nan
p1577,elmid-radnear-az135,elmid-radmid-az270,0.6078106121043944,0.6681601550569234,0.6365582085119534,0.6078106121043944,0.41645501321876194,nan
p1818,elmid-radmid-az045,elmid-radmid-az180,0.6069663691792102,0.6739212758225555,0.6386938799742637,0.6069663691792102,0.4164463769972996,nan
p1969,elmid-radmid-az225,elmid-radfar-az225,0.6312415695915355,0.7099359300460413,0.6682800314093993,0.6312415695915355,0.4163554647462912,nan
p2210,elmid-radfar-az225,elhigh-radnear-az090,0.6173282444259686,0.7037123022002059,0.6576959067724081,0.6173282444259686,0.4162732576438072,nan
p2116,elmid-radfar-az045,elhigh-radfar-az090,0.6181528129002639,0.7002355684107692,0.6566389577485421,0.6181528129002639,0.4162360288822161,nan
p2006,elmid-radmid-az270,elhigh-radnear-az045,0.6097661809088027,0.6706994392436705,0.638783000759661,0.6097661809088027,0.4162076396094672,nan
p2261,elmid-radfar-az315,elhigh-radnear-az180,0.6216793958584335,0.7015506357143497,0.6592044693190707,0.6216793958584335,0.4162029181262325,nan
p1629,elmid-radnear-az180,elmid-radfar-az315,0.6227265068237737,0.699308114262489,0.6587992360296671,0.6227265068237737,0.416193393583055,nan
p1745,elmid-radnear-az315,elmid-radfar-az000,0.6249788769510849,0.7012610559057018,0.6609261813213766,0.6249788769510849,0.41615919033665694,nan
p1921,elmid-radmid-az135,elhigh-radfar-az090,0.6075513810820347,0.662982582570555,0.6340577980553913,0.6075513810820347,0.4160718946628508,nan
p1800,elmid-radmid-az000,elhigh-radmid-az000,0.6107179297537544,0.6690504535765169,0.6385547779290819,0.6107179297537544,0.4158892719421667,nan
p1895,elmid-radmid-az135,elmid-radfar-az000,0.6252824327189782,0.7211291120429315,0.6697942649658677,0.6252824327189782,0.4158810831478388,nan
p2219,elmid-radfar-az225,elhigh-radmid-az135,0.6158904230760739,0.6989676976678091,0.6548045058878098,0.6158904230760739,0.41586462421897763,nan
p2122,elmid-radfar-az090,elmid-radfar-az135,0.6170914515555714,0.6995914146451723,0.6557568153140766,0.6170914515555714,0.41569872950617365,nan
p1802,elmid-radmid-az000,elhigh-radmid-az090,0.6094445824447132,0.6770432631874543,0.6414679318288103,0.6094445824447132,0.41561387681376555,nan
p1994,elmid-radmid-az225,elhigh-radfar-az270,0.6177715408725855,0.6930372241687881,0.6532435321994481,0.6177715408725855,0.4156057705934946,nan
p1738,elmid-radnear-az315,elmid-radmid-az045,0.6104196988908959,0.6751483191391326,0.6411544591893812,0.6104196988908959,0.41555789892078204,nan
p1702,elmid-radnear-az270,elmid-radmid-az225,0.6174135864414564,0.6991179885982796,0.65573048587638,0.6174135864414564,0.41554037394278404,nan
p2090,elmid-radfar-az000,elhigh-radfar-az270,0.6169478895399991,0.7057651227394857,0.6583745664294732,0.6169478895399991,0.41550458809729,nan
p1576,elmid-radnear-az135,elmid-radmid-az225,0.6137419892573789,0.6930698386867873,0.6509981810603773,0.6137419892573789,0.4154649975055757,nan
p2250,elmid-radfar-az270,elhigh-radfar-az045,0.6151597537689487,0.6896974456431222,0.6502996818779265,0.6151597537689487,0.41545640720836646,nan
p2072,elmid-radfar-az000,elhigh-radnear-az180,0.6154457566801472,0.7019416918207925,0.6558541849773547,0.6154457566801472,0.4154268186304219,nan
p2101,elmid-radfar-az045,elhigh-radnear-az135,0.618935667614839,0.6953916411341534,0.6549398871865687,0.618935667614839,0.41541289068594384,nan
p2164,elmid-radfar-az135,elhigh-radmid-az045,0.6189299105201459,0.6917133111709277,0.6533006858055944,0.6189299105201459,0.41541173312038066,nan
p1579,elmid-radnear-az135,elmid-radfar-az000,0.6184550949794535,0.7010678312492372,0.6571753526124661,0.6184550949794535,0.41540000908059355,nan
p2265,elmid-radfar-az315,elhigh-radmid-az000,0.6202334094953943,0.6917988925334932,0.654064362802158,0.6202334094953943,0.4153961859254148,nan
p2115,elmid-radfar-az045,elhigh-radfar-az045,0.6225084856368857,0.6974681607073665,0.6578598942706626,0.6225084856368857,0.415362302519622,nan
p1572,elmid-radnear-az135,elmid-radmid-az045,0.6046254928149362,0.6588178737293592,0.6305594569995104,0.6046254928149362,0.41535684058666383,nan
p1977,elmid-radmid-az225,elhigh-radnear-az225,0.6211080786494266,0.7017613071428157,0.6589760437897654,0.6211080786494266,0.41535415281327903,nan
p1865,elmid-radmid-az090,elmid-radfar-az270,0.6202250976429965,0.7023759041987949,0.6587491815855973,0.6202250976429965,0.41530602352050267,nan
p1930,elmid-radmid-az180,elmid-radfar-az000,0.619639460525584,0.7091264894490261,0.6613696797016688,0.619639460525584,0.41524804151450256,nan
p1897,elmid-radmid-az135,elmid-radfar-az090,0.6193576280979128,0.7008791545619475,0.657601509750689,0.6193576280979128,0.41521330468811024,nan
p2032,elmid-radmid-az315,elmid-radfar-az135,0.6269924695444893,0.7090041934492206,0.6654811385112248,0.6269924695444893,0.41516218217921436,nan
p1947,elmid-radmid-az180,elhigh-radmid-az045,0.6025167750011473,0.6629129675731904,0.6312735822315716,0.6025167750011473,0.4151109462634248,nan
p1797,elmid-radmid-az000,elhigh-radnear-az225,0.6090281219002618,0.6784497783665706,0.6418673194104627,0.6090281219002618,0.4150964535371116,nan
p2198,elmid-radfar-az180,elhigh-radfar-az000,0.6198452553832152,0.6989524824566724,0.6570262710621777,0.6198452553832152,0.41505037636652686,nan
p1796,elmid-radmid-az000,elhigh-radnear-az180,0.6151996581524218,0.6868920832716582,0.6490721987901767,0.6151996581524218,0.4150098147644553,nan
p1804,elmid-radmid-az000,elhigh-radmid-az180,0.6128804666272354,0.6852868654114127,0.6470644014547706,0.6128804666272354,0.41499861331956467,nan
p1849,elmid-radmid-az045,elhigh-radfar-az135,0.6116266834643947,0.6842325933813608,0.6458956142625916,0.6116266834643947,0.4149690733679819,nan
p2205,elmid-radfar-az180,elhigh-radfar-az315,0.6183147361630169,0.7015309175550779,0.657299439485695,0.6183147361630169,0.41493574507744807,nan
p2195,elmid-radfar-az180,elhigh-radmid-az225,0.6135076013554621,0.6910648527656639,0.649980825307175,0.6135076013554621,0.4149038610462525,nan
p1799,elmid-radmid-az000,elhigh-radnear-az315,0.6145718008339726,0.6824038933697428,0.6467140309855093,0.6145718008339726,0.41486089330844567,nan
p1948,elmid-radmid-az180,elhigh-radmid-az090,0.5982750954186652,0.649332958223697,0.6227592654690054,0.5982750954186652,0.4148356710853744,nan
p1450,elmid-radnear-az000,elmid-radfar-az270,0.6233245349633926,0.7011907501427943,0.6599688250760346,0.6233245349633926,0.41481180214382285,nan
p1978,elmid-radmid-az225,elhigh-radnear-az270,0.6236347464607273,0.695153232292334,0.6574547489913999,0.6236347464607273,0.41479545461361744,nan
p1861,elmid-radmid-az090,elmid-radfar-az090,0.6180682659630833,0.695079836024401,0.6543158205952316,0.6180682659630833,0.41475342458682696,nan
p2047,elmid-radmid-az315,elhigh-radmid-az090,0.612223957992555,0.6773173408395744,0.6431277596170695,0.612223957992555,0.4147410135303372,nan
p2085,elmid-radfar-az000,elhigh-radfar-az045,0.6245409193114866,0.7022198562989445,0.6611064220073024,0.6245409193114866,0.4147172863354214,nan
p2268,elmid-radfar-az315,elhigh-radmid-az135,0.6229388886888729,0.7080561765767317,0.6627759024455638,0.6229388886888729,0.41468376759373343,nan
p1626,elmid-radnear-az180,elmid-radfar-az180,0.6238914885258214,0.693873558853028,0.6570242674786444,0.6238914885258214,0.4146600033314833,nan
p1487,elmid-radnear-az045,elmid-radmid-az225,0.6190215994773026,0.7052001714442312,0.6593066926777519,0.6190215994773026,0.4146233457459641,nan
p2201,elmid-radfar-az180,elhigh-radfar-az135,0.6199299251074456,0.6951476613168648,0.6553877004177546,0.6199299251074456,0.4145815736975349,nan
p1486,elmid-radnear-az045,elmid-radmid-az180,0.6036695835603486,0.6603912215771243,0.6307577801576032,0.6036695835603486,0.4145612146254124,nan
p1663,elmid-radnear-az225,elmid-radmid-az315,0.6168517665328642,0.6867014092131819,0.649905174925187,0.6168517665328642,0.4145033314640926,nan
p2256,elmid-radfar-az270,elhigh-radfar-az315,0.6251163216129001,0.7075698760659627,0.663792390107779,0.6251163216129001,0.41445038140516366,nan
p2066,elmid-radfar-az000,elmid-radfar-az270,0.6242028380909617,0.7166398766579561,0.6672350753426265,0.6242028380909617,0.41439565592346533,nan
p2070,elmid-radfar-az000,elhigh-radnear-az090,0.6134904098706061,0.7015677915669141,0.6545795639005428,0.6134904098706061,0.41428798749729123,nan
p1437,elmid-radnear-az000,elmid-radmid-az045,0.60324669916411,0.6551315877287089,0.6281194962308619,0.60324669916411,0.41419812172101145,nan
p2125,elmid-radfar-az090,elmid-radfar-az270,0.6220163332759104,0.7104175980719389,0.6632844436802704,0.6220163332759104,0.41417400377421015,nan
p1890,elmid-radmid-az090,elhigh-radfar-az315,0.5978252753382101,0.6475389094092113,0.6216898342684856,0.5978252753382101,0.4141508696793363,nan
p1622,elmid-radnear-az180,elmid-radfar-az000,0.6201669947412922,0.705660821346998,0.660157443630368,0.6201669947412922,0.41414087354605916,nan
p1976,elmid-radmid-az225,elhigh-radnear-az180,0.611575545730616,0.6891091052933705,0.6480314452945098,0.611575545730616,0.41413660255058055,nan
p2197,elmid-radfar-az180,elhigh-radmid-az315,0.61984807703703,0.701822509015413,0.6582931287497775,0.61984807703703,0.4140989131544535,nan
p1911,elmid-radmid-az135,elhigh-radmid-az000,0.6014262907037359,0.661564614531876,0.6300636853826398,0.6014262907037359,0.41408280249919627,nan
p1578,elmid-radnear-az135,elmid-radmid-az315,0.6112861556605925,0.6844357313921944,0.6457961252643958,0.6112861556605925,0.41407983534343984,nan
p2173,elmid-radfar-az135,elhigh-radfar-az090,0.6190387268686618,0.6950797103005524,0.6548591767170929,0.6190387268686618,0.41407029299512826,nan
p2081,elmid-radfar-az000,elhigh-radmid-az225,0.6155651114455712,0.7055081988329855,0.6574748421021676,0.6155651114455712,0.4140311991552311,nan
p2242,elmid-radfar-az270,elhigh-radmid-az045,0.6164978339279967,0.6984765274611741,0.6549318053234995,0.6164978339279967,0.41398906724522744,nan
p2159,elmid-radfar-az135,elhigh-radnear-az180,0.6083921784098599,0.6925267392959235,0.6477388341317237,0.6083921784098599,0.4139795798272626,nan
p1936,elmid-radmid-az180,elmid-radfar-az270,0.6244402023788772,0.7084739040421058,0.6638080966943865,0.6244402023788772,0.41393591314275546,nan
p2050,elmid-radmid-az315,elhigh-radmid-az225,0.6134671433505114,0.682954167349046,0.6463484341473336,0.6134671433505114,0.41389201170578077,nan
p2208,elmid-radfar-az225,elhigh-radnear-az000,0.617817139683809,0.702276601060654,0.6573450165584093,0.617817139683809,0.41385006658464457,nan
p2215,elmid-radfar-az225,elhigh-radnear-az315,0.6211622119481038,0.710546286980632,0.6628545265986477,0.6211622119481038,0.41382528458800083,nan
p1892,elmid-radmid-az135,elmid-radmid-az225,0.617997437837115,0.6922522233973182,0.6530207380378691,0.617997437837115,0.4137941858737094,nan
p2073,elmid-radfar-az000,elhigh-radnear-az225,0.6109272763685663,0.6915436794905674,0.6487406029294398,0.6109272763685663,0.4136786503801355,nan
p1823,elmid-radmid-az045,elmid-radfar-az045,0.6223036570903746,0.6965558788021534,0.6573395558049825,0.6223036570903746,0.4135999189372167,nan
p1440,elmid-radnear-az000,elmid-radmid-az180,0.5974366280651244,0.6482607493050672,0.6218118833795947,0.5974366280651244,0.41359495529203893,nan
p1926,elmid-radmid-az135,elhigh-radfar-az315,0.6099326992477252,0.6673915250929985,0.6373697556156971,0.6099326992477252,0.41359445617263535,nan
p2017,elmid-radmid-az270,elhigh-radmid-az180,0.6043411384066109,0.6656013590976124,0.6334936957737345,0.6043411384066109,0.41347310314792485,nan
p2128,elmid-radfar-az090,elhigh-radnear-az045,0.6213753890882872,0.6967821018729569,0.6569218816870388,0.6213753890882872,0.4133299866944925,nan
p1945,elmid-radmid-az180,elhigh-radnear-az315,0.60073519319092,0.6586613187348307,0.628366095682632,0.60073519319092,0.4133258310161313,nan
p2153,elmid-radfar-az135,elmid-radfar-az270,0.6314291797249897,0.7230097622629851,0.6741233539088981,0.6314291797249897,0.4133174239802154,nan
p1918,elmid-radmid-az135,elhigh-radmid-az315,0.602566994777826,0.6583629218522625,0.6292304783344217,0.602566994777826,0.41328241242416286,nan
p2235,elmid-radfar-az270,elhigh-radnear-az090,0.6173846002972181,0.708692398730184,0.6598949738885714,0.6173846002972181,0.4132809451981766,nan
p2223,elmid-radfar-az225,elhigh-radmid-az315,0.6234526936258261,0.7039522804275944,0.6612615652274393,0.6234526936258261,0.4132204045663358,nan
p1438,elmid-radnear-az000,elmid-radmid-az090,0.6004596895854137,0.652843049483549,0.6255566554208524,0.6004596895854137,0.41319898821479967,nan
p1942,elmid-radmid-az180,elhigh-radnear-az180,0.6047518376107417,0.6734747208232987,0.6372658623229319,0.6047518376107417,0.41318910086762844,nan
p2064,elmid-radfar-az000,elmid-radfar-az180,0.6218504757476295,0.7222841915415292,0.6683151310142755,0.6218504757476295,0.41318428493669607,nan
p1961,elmid-radmid-az180,elhigh-radfar-az315,0.6020294183739088,0.663150898211972,0.6311137540015442,0.6020294183739088,0.41315935089829375,nan
p1893,elmid-radmid-az135,elmid-radmid-az270,0.6111104566999596,0.6800731120937948,0.6437501222374787,0.6111104566999596,0.4131454376380637,nan
p2181,elmid-radfar-az180,elmid-radfar-az315,0.6288422487544608,0.7137183337269728,0.6685973770041965,0.6288422487544608,0.4130558036627494,nan
p2217,elmid-radfar-az225,elhigh-radmid-az045,0.6147530464836516,0.6952528941106417,0.6525296130141145,0.6147530464836516,0.41304171814393636,nan
p1917,elmid-radmid-az135,elhigh-radmid-az270,0.6051656367990097,0.6699077207162938,0.6358930331566957,0.6051656367990097,0.4130144165361975,nan
p2014,elmid-radmid-az270,elhigh-radmid-az045,0.6069002709113746,0.6700623823428412,0.6369192400968894,0.6069002709113746,0.4129944256104359,nan
p1443,elmid-radnear-az000,elmid-radmid-az315,0.6069787775228386,0.6710558348032621,0.6374109845383779,0.6069787775228386,0.4129379895807113,nan
p2203,elmid-radfar-az180,elhigh-radfar-az225,0.6215633141332536,0.7007268857649055,0.6587753965836752,0.6215633141332536,0.4128959534260256,nan
p1920,elmid-radmid-az135,elhigh-radfar-az045,0.6075448714690191,0.6703870858437997,0.6374208479141474,0.6075448714690191,0.41284708613280346,nan
p1528,elmid-radnear-az090,elmid-radmid-az045,0.6040529783813509,0.665157609470941,0.6331343891069098,0.6040529783813509,0.41283428525546767,nan
p2234,elmid-radfar-az270,elhigh-radnear-az045,0.6143394545777054,0.7052112263954459,0.6566463667258993,0.6143394545777054,0.41277807921729276,nan
p1793,elmid-radmid-az000,elhigh-radnear-az045,0.6112551345798266,0.6800173366215326,0.6438053902388075,0.6112551345798266,0.4127391550585562,nan
p1974,elmid-radmid-az225,elhigh-radnear-az090,0.611749936813962,0.6932396295391035,0.6499504831332015,0.611749936813962,0.4126329943307662,nan
p1816,elmid-radmid-az045,elmid-radmid-az090,0.6062426469625203,0.6767875385649692,0.6395757066965513,0.6062426469625203,0.41260683041044943,nan
p1902,elmid-radmid-az135,elmid-radfar-az315,0.6260833016009025,0.7076583976077255,0.6643761775503207,0.6260833016009025,0.4125916756070533,nan
p2092,elmid-radfar-az045,elmid-radfar-az090,0.6204876693016171,0.7044087613541956,0.659790366182743,0.6204876693016171,0.41258084572790993,nan
p1662,elmid-radnear-az225,elmid-radmid-az270,0.6088941571451181,0.6646482367227091,0.6355507752956109,0.6088941571451181,0.41240520103329037,nan
p1488,elmid-radnear-az045,elmid-radmid-az270,0.6006144260920271,0.6628540372770774,0.630201241620781,0.6006144260920271,0.4123702563271659,nan
p2041,elmid-radmid-az315,elhigh-radnear-az180,0.6095797051371298,0.6843284795582955,0.6447949827047121,0.6095797051371298,0.41233768551088756,nan
p1538,elmid-radnear-az090,elmid-radfar-az135,0.6173864879190867,0.6885590290839567,0.651033347343126,0.6173864879190867,0.412222658262768,nan
p1704,elmid-radnear-az270,elmid-radmid-az315,0.6125962273812093,0.6837271602097454,0.6462101708755444,0.6125962273812093,0.4122021974138537,nan
p1805,elmid-radmid-az000,elhigh-radmid-az225,0.6049563767770901,0.6794910923156843,0.640061161162073,0.6049563767770901,0.4120434341623202,nan
p2129,elmid-radfar-az090,elhigh-radnear-az090,0.6206545672703376,0.7010004933713676,0.6583853394522693,0.6206545672703376,0.4120207835340863,nan
p2138,elmid-radfar-az090,elhigh-radmid-az135,0.6192031767886222,0.7060146127846383,0.6597655035044633,0.6192031767886222,0.41201752292832183,nan
p1807,elmid-radmid-az000,elhigh-radmid-az315,0.610749429427911,0.6887043195800192,0.6473885977845102,0.610749429427911,0.4119908011398877,nan
p2258,elmid-radfar-az315,elhigh-radnear-az045,0.6128225296771778,0.6950891386999494,0.6513685818825637,0.6128225296771778,0.4119843205554368,nan
p1700,elmid-radnear-az270,elmid-radmid-az135,0.6062961896934872,0.6610125637988298,0.6324731801407593,0.6062961896934872,0.41198043441060844,nan
p2157,elmid-radfar-az135,elhigh-radnear-az090,0.6169122242085201,0.7021275156445339,0.6567672440293976,0.6169122242085201,0.411955548257831,nan
p2025,elmid-radmid-az270,elhigh-radfar-az180,0.6106838924065245,0.6760210252086258,0.6416935932571459,0.6106838924065245,0.41185258390206725,nan
p1436,elmid-radnear-az000,elmid-radmid-az000,0.6113370243659916,0.676132442900637,0.6421042303981604,0.6113370243659916,0.4117989325227838,nan
p2091,elmid-radfar-az000,elhigh-radfar-az315,0.6200895316421324,0.7059415986762999,0.6602363779872418,0.6200895316421324,0.4117884316109661,nan
p2068,elmid-radfar-az000,elhigh-radnear-az000,0.6189908851082575,0.6976029159365138,0.6559499916329321,0.6189908851082575,0.41178842380553077,nan
p2069,elmid-radfar-az000,elhigh-radnear-az045,0.6166589626593427,0.6997656078752282,0.6555889999558322,0.6166589626593427,0.4116984600587088,nan
p2240,elmid-radfar-az270,elhigh-radnear-az315,0.6215575389878338,0.7075993659124885,0.661793530687637,0.6215575389878338,0.4116903588528281,nan
p2063,elmid-radfar-az000,elmid-radfar-az135,0.6182761440886997,0.7056104249847913,0.6590626462714237,0.6182761440886997,0.411602364259377,nan
p1837,elmid-radmid-az045,elhigh-radnear-az315,0.6048892288395868,0.6735119413886437,0.6373588014912366,0.6048892288395868,0.41155486733453805,nan
p2274,elmid-radfar-az315,elhigh-radfar-az045,0.616198380626235,0.7006214893258046,0.6557036949483847,0.616198380626235,0.41154478456954346,nan
p2213,elmid-radfar-az225,elhigh-radnear-az225,0.6173131710804568,0.6940303903401686,0.6534276961301563,0.6173131710804568,0.4115222135571706,nan
p2078,elmid-radfar-az000,elhigh-radmid-az090,0.6108349025768812,0.696812293176776,0.6509971047224169,0.6108349025768812,0.41150850598520744,nan
p1730,elmid-radnear-az270,elhigh-radfar-az045,0.5955076782844364,0.6480102897227688,0.6206506267949561,0.5955076782844364,0.4114744338549937,nan
p1616,elmid-radnear-az180,elmid-radmid-az090,0.5921696235608299,0.6604454642993908,0.6244468005645963,0.5921696235608299,0.41146083237820574,nan
p1923,elmid-radmid-az135,elhigh-radfar-az180,0.6051732723015951,0.6727963189192769,0.6371956777529882,0.6051732723015951,0.41143950825126957,nan
p1834,elmid-radmid-az045,elhigh-radnear-az180,0.5969591752861245,0.6671102418300301,0.6300881492668658,0.5969591752861245,0.4114379766805635,nan
p2009,elmid-radmid-az270,elhigh-radnear-az180,0.605830020534948,0.6693816275407822,0.6360222411247392,0.605830020534948,0.41142439982427986,nan
p2113,elmid-radfar-az045,elhigh-radmid-az315,0.6085306926139664,0.688661724059769,0.6461212546915817,0.6085306926139664,0.41139083311779945,nan
p1784,elmid-radmid-az000,elmid-radfar-az000,0.625262790041331,0.6982161967063207,0.6597288080522907,0.625262790041331,0.411375301466835,nan
p1888,elmid-radmid-az090,elhigh-radfar-az225,0.5922279935506713,0.6510903563147827,0.6202658158825092,0.5922279935506713,0.4113749662641629,nan
p1741,elmid-radnear-az315,elmid-radmid-az180,0.599326506521431,0.6562910649629601,0.6265166084932733,0.599326506521431,0.41133078947152035,nan
p1657,elmid-radnear-az225,elmid-radmid-az045,0.6014267348199251,0.6744847152284159,0.6358640953498835,0.6014267348199251,0.41130188915668353,nan
p1542,elmid-radnear-az090,elmid-radfar-az315,0.6177263485549752,0.7024281708720049,0.6573600025294827,0.6177263485549752,0.41126374478424593,nan
p2253,elmid-radfar-az270,elhigh-radfar-az180,0.6181080552382463,0.7041139285748723,0.6583138026528064,0.6181080552382463,0.4112609465720328,nan
p1952,elmid-radmid-az180,elhigh-radmid-az270,0.6013580209354047,0.6606707013899058,0.6296205759022786,0.6013580209354047,0.41122019373378477,nan
p2211,elmid-radfar-az225,elhigh-radnear-az135,0.609818021279947,0.6884387752525105,0.6467478126333539,0.609818021279947,0.41118037760649595,nan
p2062,elmid-radfar-az000,elmid-radfar-az090,0.6237720805084975,0.7124893238122902,0.6651856387042563,0.6237720805084975,0.411178058589329,nan
p1944,elmid-radmid-az180,elhigh-radnear-az270,0.6027175501141786,0.6691074148275067,0.6341796913014005,0.6027175501141786,0.4111408515540495,nan
p1889,elmid-radmid-az090,elhigh-radfar-az270,0.5978073758559334,0.6569903201770878,0.6260031565398708,0.5978073758559334,0.4111359935155916,nan
p1812,elmid-radmid-az000,elhigh-radfar-az180,0.6085265910520676,0.6847958450686473,0.644412359250758,0.6085265910520676,0.41113538629750424,nan
p1836,elmid-radmid-az045,elhigh-radnear-az270,0.5976593847699951,0.6673339485527068,0.6305778641228585,0.5976593847699951,0.4110711512710187,nan
p1737,elmid-radnear-az315,elmid-radmid-az000,0.6176364326392471,0.6828108498575258,0.6485904706012893,0.6176364326392471,0.4110525647607402,nan
p2086,elmid-radfar-az000,elhigh-radfar-az090,0.6155013823833376,0.7095029429040244,0.65916772319632,0.6155013823833376,0.41097373856563507,nan
p1915,elmid-radmid-az135,elhigh-radmid-az180,0.6027030261537862,0.6739288813651934,0.6363290370841673,0.6027030261537862,0.4109712341807733,nan
p2079,elmid-radfar-az000,elhigh-radmid-az135,0.609240948282834,0.6958855486245968,0.6496871721552981,0.609240948282834,0.4109655361773755,nan
p2151,elmid-radfar-az135,elmid-radfar-az180,0.6164761561660156,0.6970384213968723,0.6542867114882825,0.6164761561660156,0.4109319847336886,nan
p1711,elmid-radnear-az270,elmid-radfar-az270,0.6261471626971168,0.7010562195203256,0.6614877096084754,0.6261471626971168,0.410931583037431,nan
p2180,elmid-radfar-az180,elmid-radfar-az270,0.6264226335094946,0.7157878274302237,0.6681302358185367,0.6264226335094946,0.41079105188558934,nan
p1912,elmid-radmid-az135,elhigh-radmid-az045,0.5989974035686908,0.6726651985240186,0.6336975023466644,0.5989974035686908,0.4107690290176524,nan
p1712,elmid-radnear-az270,elmid-radfar-az315,0.619352824762499,0.6979520250593393,0.6563075484428266,0.619352824762499,0.410584718664663,nan
p2257,elmid-radfar-az315,elhigh-radnear-az000,0.6079373142947208,0.684524560403464,0.6439617770816412,0.6079373142947208,0.4105365287397216,nan
p2097,elmid-radfar-az045,elmid-radfar-az315,0.6175030335007666,0.7095650304724712,0.6603407476643955,0.6175030335007666,0.41052074921132364,nan
p1444,elmid-radnear-az000,elmid-radfar-az000,0.6192635845456052,0.7021839446438483,0.6581221531168046,0.6192635845456052,0.41051575622009023,nan
p2065,elmid-radfar-az000,elmid-radfar-az225,0.6209444014143467,0.7187410916092973,0.6662731801237063,0.6209444014143467,0.41050927211624844,nan
p1860,elmid-radmid-az090,elmid-radfar-az045,0.6215930761746256,0.7070951740684375,0.6615930626571402,0.6215930761746256,0.4104642136069655,nan
p1848,elmid-radmid-az045,elhigh-radfar-az090,0.6009854361028037,0.6706310747759936,0.6339010314671162,0.6009854361028037,0.41043510273584677,nan
p1830,elmid-radmid-az045,elhigh-radnear-az000,0.6057079825704789,0.675789745088331,0.6388325695857228,0.6057079825704789,0.4104331782183884,nan
p2158,elmid-radfar-az135,elhigh-radnear-az135,0.6225316914135153,0.700381502607484,0.6591659731319535,0.6225316914135153,0.41041235618029864,nan
p1996,elmid-radmid-az270,elmid-radmid-az315,0.6205049506460042,0.6876651467469175,0.6523610787214162,0.6205049506460042,0.41041223567176566,nan
p2098,elmid-radfar-az045,elhigh-radnear-az000,0.6119039884856834,0.6907716543644689,0.6489503857056369,0.6119039884856834,0.41030491778775763,nan
p2004,elmid-radmid-az270,elmid-radfar-az315,0.6186605656464501,0.6981112128609017,0.6559889646514678,0.6186605656464501,0.4102825934279597,nan
p2015,elmid-radmid-az270,elhigh-radmid-az090,0.5995317965309425,0.6601523048770547,0.628383412769284,0.5995317965309425,0.4101727849385592,nan
p2145,elmid-radfar-az090,elhigh-radfar-az090,0.6180987705657273,0.6954394433792846,0.6544922110254559,0.6180987705657273,0.41014850258689406,nan
p2276,elmid-radfar-az315,elhigh-radfar-az135,0.6179097060045069,0.6926527918137391,0.6531499011536416,0.6179097060045069,0.41013042757555696,nan
p1575,elmid-radnear-az135,elmid-radmid-az180,0.5967340579646697,0.6532413861678464,0.6237104657186834,0.5967340579646697,0.41007042387054177,nan
p1973,elmid-radmid-az225,elhigh-radnear-az045,0.60599209063133,0.6850903232411185,0.6431182282267448,0.60599209063133,0.4100243860362251,nan
p1669,elmid-radnear-az225,elmid-radfar-az225,0.6211460180038968,0.7041010845590987,0.6600272267719519,0.6211460180038968,0.40995631949675154,nan
p1647,elmid-radnear-az180,elhigh-radfar-az045,0.5893468604255364,0.6436136273989257,0.6152860118071374,0.5893468604255364,0.40994778984567454,nan
p1887,elmid-radmid-az090,elhigh-radfar-az180,0.5943385346829831,0.6622091945628419,0.6264408954625241,0.5943385346829831,0.4099100594000238,nan
p1946,elmid-radmid-az180,elhigh-radmid-az000,0.5980850093086391,0.6657600334627679,0.6301106264384325,0.5980850093086391,0.40986619787362594,nan
p1854,elmid-radmid-az090,elmid-radmid-az135,0.6079241636810389,0.6753472887016027,0.6398645195697216,0.6079241636810389,0.40985172310538004,nan
p1916,elmid-radmid-az135,elhigh-radmid-az225,0.5991114639116591,0.6697902464898812,0.6324824244445539,0.5991114639116591,0.4098478176495559,nan
p2096,elmid-radfar-az045,elmid-radfar-az270,0.6185471179974527,0.711414796513137,0.6617386066214926,0.6185471179974527,0.4098370018752997,nan
p2230,elmid-radfar-az225,elhigh-radfar-az270,0.6131215221655917,0.690135211040204,0.6493528716359599,0.6131215221655917,0.40983376887331596,nan
p2141,elmid-radfar-az090,elhigh-radmid-az270,0.6111819015845789,0.7002048242835841,0.6526717215640933,0.6111819015845789,0.4098025929834361,nan
p1850,elmid-radmid-az045,elhigh-radfar-az180,0.5935176394629241,0.6679965698995545,0.6285585122921026,0.5935176394629241,0.40976133569719,nan
p2243,elmid-radfar-az270,elhigh-radmid-az090,0.6152877832545075,0.6970604747386624,0.6536264923338944,0.6152877832545075,0.4097157034236215,nan
p1988,elmid-radmid-az225,elhigh-radfar-az000,0.6075519258063332,0.6978167729850905,0.6495634906514551,0.6075519258063332,0.4096896142597797,nan
p1815,elmid-radmid-az000,elhigh-radfar-az315,0.6128161360879799,0.6943984102037601,0.6510615290410546,0.6128161360879799,0.4096704814008268,nan
p1442,elmid-radnear-az000,elmid-radmid-az270,0.5989288125657671,0.6591021044950882,0.6275763742390532,0.5989288125657671,0.4096562348540879,nan
p2275,elmid-radfar-az315,elhigh-radfar-az090,0.6077434210447323,0.7003148235827263,0.6507534789686993,0.6077434210447323,0.40961757379134545,nan
p1819,elmid-radmid-az045,elmid-radmid-az225,0.6135652462956886,0.6922587501400402,0.6505408258530573,0.6135652462956886,0.4095782757738377,nan
p2037,elmid-radmid-az315,elhigh-radnear-az000,0.606162330030303,0.6714315611093896,0.6371297207360397,0.606162330030303,0.4095579790929336,nan
p2247,elmid-radfar-az270,elhigh-radmid-az270,0.6143577141429925,0.6952160340323084,0.652290616085979,0.6143577141429925,0.40954254509282745,nan
p2178,elmid-radfar-az135,elhigh-radfar-az315,0.615913583383342,0.6849296683141594,0.6485908057353502,0.615913583383342,0.40933679507796183,nan
p2048,elmid-radmid-az315,elhigh-radmid-az135,0.6089259262557654,0.6803208937862048,0.642646580871813,0.6089259262557654,0.4093347020231049,nan
p2251,elmid-radfar-az270,elhigh-radfar-az090,0.6166418084440183,0.6988454657671912,0.6551752195276555,0.6166418084440183,0.40921366344270355,nan
p1919,elmid-radmid-az135,elhigh-radfar-az000,0.5968260870574674,0.6558045970814655,0.6249268782993003,0.5968260870574674,0.40919216026863753,nan
p1792,elmid-radmid-az000,elhigh-radnear-az000,0.6181690492236402,0.6929886550664943,0.6534441076363925,0.6181690492236402,0.4091516474363647,nan
p1582,elmid-radnear-az135,elmid-radfar-az135,0.6245628087086121,0.7002320792409594,0.6602364156695817,0.6245628087086121,0.4091092437388089,nan
p2225,elmid-radfar-az225,elhigh-radfar-az045,0.6107981129886866,0.6995983768500393,0.6521894277701288,0.6107981129886866,0.40907438779730737,nan
p2137,elmid-radfar-az090,elhigh-radmid-az090,0.6200339660474925,0.6970672028891967,0.6562978647387354,0.6200339660474925,0.40906284411338456,nan
p2071,elmid-radfar-az000,elhigh-radnear-az135,0.6131499981989254,0.705037613802203,0.6558911761835391,0.6131499981989254,0.4090021015283276,nan
p2228,elmid-radfar-az225,elhigh-radfar-az180,0.6125760720202702,0.7031987639263171,0.6547666437861243,0.6125760720202702,0.4089895812680128,nan
p1604,elmid-radnear-az135,elhigh-radfar-az045,0.5910031071207232,0.6379967251990106,0.6136014619526277,0.5910031071207232,0.4088838917874227,nan
p2206,elmid-radfar-az225,elmid-radfar-az270,0.6218279702199572,0.7054728080388081,0.6610147925078994,0.6218279702199572,0.40887467752975026,nan
p1993,elmid-radmid-az225,elhigh-radfar-az225,0.6076633186871846,0.6937433634433067,0.6478565084006531,0.6076633186871846,0.40880044131302606,nan
p1748,elmid-radnear-az315,elmid-radfar-az135,0.6148422833622471,0.6869482382899567,0.6488982925544947,0.6148422833622471,0.4087692743684551,nan
p2127,elmid-radfar-az090,elhigh-radnear-az000,0.6135176677463264,0.6907932102356448,0.6498662955176683,0.6135176677463264,0.4087008377430988,nan
p1985,elmid-radmid-az225,elhigh-radmid-az225,0.6129908902505445,0.6973391345492205,0.6524501901102245,0.6129908902505445,0.40869652198479944,nan
p2018,elmid-radmid-az270,elhigh-radmid-az225,0.6032909489233235,0.6677349279708803,0.6338792083590765,0.6032909489233235,0.40860914642494395,nan
p1531,elmid-radnear-az090,elmid-radmid-az180,0.5948634837676894,0.6639157981655053,0.6274956543908206,0.5948634837676894,0.4085238072820976,nan
p1439,elmid-radnear-az000,elmid-radmid-az135,0.5989655089038569,0.6589430461327224,0.6275244021280489,0.5989655089038569,0.4084387113393564,nan
p2095,elmid-radfar-az045,elmid-radfar-az225,0.6105903698161347,0.7024692645536268,0.65331529018351,0.6105903698161347,0.40832607597248577,nan
p2005,elmid-radmid-az270,elhigh-radnear-az000,0.5975328125581146,0.6631511357629165,0.6286342644899259,0.5975328125581146,0.40830182975102786,nan
p2179,elmid-radfar-az180,elmid-radfar-az225,0.6197409658638066,0.7072915399992336,0.660628191411709,0.6197409658638066,0.4082710324008073,nan
p2280,elmid-radfar-az315,elhigh-radfar-az315,0.6201122441953413,0.6941255851794677,0.6550348266626981,0.6201122441953413,0.4082063148718051,nan
p2271,elmid-radfar-az315,elhigh-radmid-az270,0.6106870842589223,0.6860450946664121,0.6461764199901006,0.6106870842589223,0.40820355322594876,nan
p1661,elmid-radnear-az225,elmid-radmid-az225,0.6146026810367992,0.6936984193487971,0.6517596113572058,0.6146026810367992,0.40816816209902834,nan
p2040,elmid-radmid-az315,elhigh-radnear-az135,0.6050901612133236,0.6811630639108832,0.6408770218859465,0.6050901612133236,0.40816091085413064,nan
p2061,elmid-radfar-az000,elmid-radfar-az045,0.6213782001396165,0.7112882870709532,0.663300292822182,0.6213782001396165,0.4081212578239033,nan
p1840,elmid-radmid-az045,elhigh-radmid-az090,0.5934693335925422,0.6537847928677817,0.6221686777454382,0.5934693335925422,0.4080616146123807,nan
p1871,elmid-radmid-az090,elhigh-radnear-az180,0.5860471200175842,0.6460846259253165,0.6146031632703612,0.5860471200175842,0.40789770851083873,nan
p2059,elmid-radmid-az315,elhigh-radfar-az270,0.600373832584751,0.665989570007321,0.6314817844361934,0.600373832584751,0.4078732249036391,nan
p2011,elmid-radmid-az270,elhigh-radnear-az270,0.6025733463458485,0.6725130159216607,0.6356250532621353,0.6025733463458485,0.4077506654248563,nan
p2177,elmid-radfar-az135,elhigh-radfar-az270,0.6148038851247639,0.6878658954652132,0.6492859990738495,0.6148038851247639,0.4076546135076242,nan
p1618,elmid-radnear-az180,elmid-radmid-az180,0.601434400099984,0.6635642595106659,0.6309735892833629,0.601434400099984,0.40764347970275394,nan
p1740,elmid-radnear-az315,elmid-radmid-az135,0.5936185923529871,0.6568576614090663,0.6236390641866939,0.5936185923529871,0.4076118781730133,nan
p2023,elmid-radmid-az270,elhigh-radfar-az090,0.5993853723664629,0.6692612404505824,0.632398957700545,0.5993853723664629,0.4076033493480193,nan
p2093,elmid-radfar-az045,elmid-radfar-az135,0.6049602946043428,0.6920170279700446,0.645566915975077,0.6049602946043428,0.40755659900880875,nan
p2076,elmid-radfar-az000,elhigh-radmid-az000,0.6068614344650817,0.6978300448755335,0.649174381456107,0.6068614344650817,0.4074311993021866,nan
p2084,elmid-radfar-az000,elhigh-radfar-az000,0.6149785073490894,0.7110154876836413,0.659519190819529,0.6149785073490894,0.4073696080430639,nan
p2221,elmid-radfar-az225,elhigh-radmid-az225,0.6151100083134207,0.6993630834323973,0.6545363838416056,0.6151100083134207,0.40734552198185336,nan
p1752,elmid-radnear-az315,elmid-radfar-az315,0.6210072863178359,0.6974100089137474,0.6569948659697299,0.6210072863178359,0.4073140549631703,nan
p2077,elmid-radfar-az000,elhigh-radmid-az045,0.6127097348485012,0.701557938608053,0.6541306420706252,0.6127097348485012,0.4072354997826004,nan
p1699,elmid-radnear-az270,elmid-radmid-az090,0.5925691377327043,0.6558932706110969,0.6226252504090957,0.5925691377327043,0.4071121008845382,nan
p1939,elmid-radmid-az180,elhigh-radnear-az045,0.5926505455331904,0.6710403414173445,0.6294140893513219,0.5926505455331904,0.40708370993298254,nan
p1841,elmid-radmid-az045,elhigh-radmid-az135,0.5967610839677936,0.6673943235028942,0.6301044279427714,0.5967610839677936,0.4069962861461315,nan
p1659,elmid-radnear-az225,elmid-radmid-az135,0.6021871767192151,0.6702111151353409,0.6343808252696416,0.6021871767192151,0.4067579755943646,nan
p1924,elmid-radmid-az135,elhigh-radfar-az225,0.5939049795582458,0.6702415131024106,0.6297684239116563,0.5939049795582458,0.40674416941532787,nan
p1839,elmid-radmid-az045,elhigh-radmid-az045,0.5972697181777338,0.666604564386016,0.6300353220245931,0.5972697181777338,0.4067420808361086,nan
p1953,elmid-radmid-az180,elhigh-radmid-az315,0.596233569580328,0.6598289004792378,0.6264212967470356,0.596233569580328,0.40664721679022287,nan
p1534,elmid-radnear-az090,elmid-radmid-az315,0.6023210865102844,0.6781764990075041,0.6380019928936698,0.6023210865102844,0.40657274291628054,nan
p1908,elmid-radmid-az135,elhigh-radnear-az225,0.5966783156070611,0.662110904671772,0.6276939982964096,0.5966783156070611,0.4065171793047013,nan
p2156,elmid-radfar-az135,elhigh-radnear-az045,0.6079304840999535,0.6828089439694943,0.6431977869863574,0.6079304840999535,0.4065079067367845,nan
p1950,elmid-radmid-az180,elhigh-radmid-az180,0.5964842087483224,0.6689282952012511,0.6306325623101047,0.5964842087483224,0.4064831683580858,nan
p1701,elmid-radnear-az270,elmid-radmid-az180,0.5932912764383185,0.6542703435319227,0.6222905242292576,0.5932912764383185,0.4064179697751004,nan
p1913,elmid-radmid-az135,elhigh-radmid-az090,0.5936970640977817,0.6554715220269697,0.6230568436472876,0.5936970640977817,0.4063676437256564,nan
p2074,elmid-radfar-az000,elhigh-radnear-az270,0.6090921300418607,0.7001491075213476,0.6514541384914125,0.6090921300418607,0.4063560936593387,nan
p1692,elmid-radnear-az225,elhigh-radfar-az180,0.5838511576826492,0.634754631472586,0.6082397272814575,0.5838511576826492,0.4063006258005094,nan
p1957,elmid-radmid-az180,elhigh-radfar-az135,0.5907689485443656,0.6569140946636853,0.6220881995648413,0.5907689485443656,0.40628178919129454,nan
p2237,elmid-radfar-az270,elhigh-radnear-az180,0.6143986178065864,0.7010750779084718,0.6548812952302643,0.6143986178065864,0.4061796431350246,nan
p1520,elmid-radnear-az045,elhigh-radfar-az270,0.5850247019643658,0.6352391462307756,0.6090987498309095,0.5850247019643658,0.40615913432321604,nan
p1938,elmid-radmid-az180,elhigh-radnear-az000,0.5887617782249224,0.6428051857723049,0.6145977202882422,0.5887617782249224,0.40615459770549545,nan
p1872,elmid-radmid-az090,elhigh-radnear-az225,0.5932599062309097,0.6663512302859016,0.6276849369392492,0.5932599062309097,0.40612342264304113,nan
p1798,elmid-radmid-az000,elhigh-radnear-az270,0.600904596922849,0.664908829344455,0.6312885671719841,0.600904596922849,0.4060634383120863,nan
p2028,elmid-radmid-az270,elhigh-radfar-az315,0.5972739922749846,0.6645821299683294,0.629132933563179,0.5972739922749846,0.4060524443033542,nan
p1951,elmid-radmid-az180,elhigh-radmid-az225,0.5964011126261832,0.6696204491581832,0.6308934902377372,0.5964011126261832,0.40596572705107614,nan
p2007,elmid-radmid-az270,elhigh-radnear-az090,0.5981775765611717,0.6598169520689858,0.6274871573446095,0.5981775765611717,0.40595675195391057,nan
p1956,elmid-radmid-az180,elhigh-radfar-az090,0.5919606916721891,0.6698961408977239,0.6285216716808102,0.5919606916721891,0.40578636439788296,nan
p1518,elmid-radnear-az045,elhigh-radfar-az180,0.5833999164346908,0.6329187131423138,0.6071513094978888,0.5833999164346908,0.4056630626138849,nan
p2083,elmid-radfar-az000,elhigh-radmid-az315,0.6037498063661376,0.6972737445217325,0.6471502963215308,0.6037498063661376,0.4056413725916945,nan
p1894,elmid-radmid-az135,elmid-radmid-az315,0.6071458105984453,0.6844649126311539,0.6434911025924697,0.6071458105984453,0.40559531316198316,nan
p1689,elmid-radnear-az225,elhigh-radfar-az045,0.5935069510673042,0.6500034789374901,0.6204718089350374,0.5935069510673042,0.40549284637088334,nan
p1533,elmid-radnear-az090,elmid-radmid-az270,0.5980000510188493,0.6521537811874966,0.6239040098513068,0.5980000510188493,0.4054518542877248,nan
p2231,elmid-radfar-az225,elhigh-radfar-az315,0.6127955456510885,0.6956841817862138,0.6516144787561354,0.6127955456510885,0.4053533227220219,nan
p1648,elmid-radnear-az180,elhigh-radfar-az090,0.5791170191009481,0.6253830855871041,0.6013614891551271,0.5791170191009481,0.4053519702035639,nan
p2039,elmid-radmid-az315,elhigh-radnear-az090,0.6014115895675279,0.6763051013870524,0.6366633995427298,0.6014115895675279,0.40527219262208297,nan
p1560,elmid-radnear-az090,elhigh-radfar-az045,0.5835885807757791,0.6286583949606521,0.6052856684340097,0.5835885807757791,0.4052287221876618,nan
p2252,elmid-radfar-az270,elhigh-radfar-az135,0.611823956758765,0.7062665288921286,0.6556617879229707,0.611823956758765,0.4051785545596115,nan
p1739,elmid-radnear-az315,elmid-radmid-az090,0.5927652604526473,0.6517530136104661,0.6208611844682539,0.5927652604526473,0.40513490706911054,nan
p1847,elmid-radmid-az045,elhigh-radfar-az045,0.6035530577742372,0.6689904409684148,0.6345892720636612,0.6035530577742372,0.40497386567408866,nan
p2279,elmid-radfar-az315,elhigh-radfar-az270,0.6087278514429524,0.6914725382465546,0.6474672610106614,0.6087278514429524,0.40495104022616313,nan
p2174,elmid-radfar-az135,elhigh-radfar-az135,0.6173396236149546,0.6908011742834834,0.652007700715476,0.6173396236149546,0.40490835893672095,nan
p2010,elmid-radmid-az270,elhigh-radnear-az225,0.5997989176928664,0.6625783886289229,0.6296276056233344,0.5997989176928664,0.4048518379529236,nan
p2052,elmid-radmid-az315,elhigh-radmid-az315,0.6053086913890297,0.6715248925586306,0.6366998159510906,0.6053086913890297,0.4047738969987095,nan
p2209,elmid-radfar-az225,elhigh-radnear-az045,0.604109422163131,0.6953097850001619,0.6465091328883728,0.604109422163131,0.40461231300084755,nan
p2107,elmid-radfar-az045,elhigh-radmid-az045,0.6036978216519083,0.6819507088681378,0.6404427767690748,0.6036978216519083,0.40421378327627205,nan
p1566,elmid-radnear-az090,elhigh-radfar-az315,0.5807877547762492,0.6274860729581919,0.6032344971836154,0.5807877547762492,0.4041034826798636,nan
p1770,elmid-radnear-az315,elhigh-radfar-az045,0.5923296406024202,0.6472022113724696,0.6185513549305912,0.5923296406024202,0.40402101703300436,nan
p2232,elmid-radfar-az270,elmid-radfar-az315,0.6109919580762838,0.6958799240064157,0.6506789887882064,0.6109919580762838,0.40399777894749106,nan
p2154,elmid-radfar-az135,elmid-radfar-az315,0.6113153450075166,0.6936684845464466,0.6498933999761367,0.6113153450075166,0.40398302069665176,nan
p1907,elmid-radmid-az135,elhigh-radnear-az180,0.5972087336616674,0.6577076864382546,0.62599989648085,0.5972087336616674,0.40396825234763023,nan
p1564,elmid-radnear-az090,elhigh-radfar-az225,0.5777131344826585,0.6270700537130717,0.601380580041649,0.5777131344826585,0.40384730385782514,nan
p2012,elmid-radmid-az270,elhigh-radnear-az315,0.6035174208026354,0.668202286939861,0.6342147854329293,0.6035174208026354,0.4038460228111202,nan
p1521,elmid-radnear-az045,elhigh-radfar-az315,0.5866288591955877,0.6323658530846819,0.6086393242762812,0.5866288591955877,0.40383431527379504,nan
p1650,elmid-radnear-az180,elhigh-radfar-az180,0.5857366490375634,0.6390687405948479,0.6112415666835445,0.5857366490375634,0.4035929773409063,nan
p1878,elmid-radmid-az090,elhigh-radmid-az135,0.5872510087975348,0.6464251427740031,0.615418911555592,0.5872510087975348,0.40355957245772156,nan
p1943,elmid-radmid-az180,elhigh-radnear-az225,0.5898344894255887,0.6577243842787268,0.6219322142800138,0.5898344894255887,0.40323613263298286,nan
p1851,elmid-radmid-az045,elhigh-radfar-az225,0.5945677920313511,0.6736342524410649,0.6316363104069815,0.5945677920313511,0.40321219284920523,nan
p2149,elmid-radfar-az090,elhigh-radfar-az270,0.6087514136817735,0.6966870737972518,0.6497575261273417,0.6087514136817735,0.40312384782199834,nan
p1530,elmid-radnear-az090,elmid-radmid-az135,0.5942157174529593,0.6565976134365191,0.6238510772324932,0.5942157174529593,0.4030717669771978,nan
p2099,elmid-radfar-az045,elhigh-radnear-az045,0.6084777396732768,0.6865693544762695,0.6451690765964067,0.6084777396732768,0.4030441163098115,nan
p1876,elmid-radmid-az090,elhigh-radmid-az045,0.5897701176816718,0.6518426283835195,0.6192547634034895,0.5897701176816718,0.40301903263644234,nan
p2003,elmid-radmid-az270,elmid-radfar-az270,0.614487242297116,0.7086609759501673,0.6582227490916175,0.614487242297116,0.40292323741027675,nan
p1690,elmid-radnear-az225,elhigh-radfar-az090,0.5827652998139035,0.6419623459245741,0.6109331822364327,0.5827652998139035,0.4028767961164582,nan
p1516,elmid-radnear-az045,elhigh-radfar-az090,0.5805194850421538,0.6281241730183161,0.6033843292542693,0.5805194850421538,0.40265857468473,nan
p1733,elmid-radnear-az270,elhigh-radfar-az180,0.5820894114139806,0.639093125091397,0.6092608269485101,0.5820894114139806,0.40255299994663657,nan
p2260,elmid-radfar-az315,elhigh-radnear-az135,0.6115334428193081,0.6978947224285694,0.6518661712937525,0.6115334428193081,0.4025262112389112,nan
p1958,elmid-radmid-az180,elhigh-radfar-az180,0.5953834587260209,0.655866834530328,0.6241633133049772,0.5953834587260209,0.40251824287246785,nan
p2202,elmid-radfar-az180,elhigh-radfar-az180,0.6073993275139019,0.6967089639006359,0.6489960364980717,0.6073993275139019,0.40248210572926385,nan
p1483,elmid-radnear-az045,elmid-radmid-az045,0.6016057577093089,0.6681548459669289,0.6331363584778122,0.6016057577093089,0.4023146033326125,nan
p2042,elmid-radmid-az315,elhigh-radnear-az225,0.6002068774537217,0.670429961728001,0.6333779432041668,0.6002068774537217,0.40229637904900123,nan
p2207,elmid-radfar-az225,elmid-radfar-az315,0.6094582505243014,0.6989858138405992,0.651159163538828,0.6094582505243014,0.40228421714860574,nan
p1886,elmid-radmid-az090,elhigh-radfar-az135,0.5855746489334169,0.6469382249130151,0.6147288713549748,0.5855746489334169,0.4022382260996091,nan
p1903,elmid-radmid-az135,elhigh-radnear-az000,0.5925737780865017,0.6643736547939911,0.6264230251542168,0.5925737780865017,0.4021096685366385,nan
p2038,elmid-radmid-az315,elhigh-radnear-az045,0.5906903066338305,0.6675039478790284,0.6267523639338413,0.5906903066338305,0.40203135153301756,nan
p2060,elmid-radmid-az315,elhigh-radfar-az315,0.611852443422987,0.6729330223111857,0.6409408028691137,0.611852443422987,0.4020114684015674,nan
p2166,elmid-radfar-az135,elhigh-radmid-az135,0.609890712698332,0.6856785782359972,0.6455679363328299,0.609890712698332,0.4019184276648545,nan
p1703,elmid-radnear-az270,elmid-radmid-az270,0.5990333951699989,0.6635405659802079,0.6296390869807564,0.5990333951699989,0.40190789922516673,nan
p1898,elmid-radmid-az135,elmid-radfar-az135,0.6112586937521847,0.6920008833872958,0.6491286363428825,0.6112586937521847,0.4017032758952654,nan
p1743,elmid-radnear-az315,elmid-radmid-az270,0.5912360851597506,0.6564235134676943,0.6221268505230113,0.5912360851597506,0.4016589924301469,nan
p2264,elmid-radfar-az315,elhigh-radnear-az315,0.6098187761697268,0.6869117222521741,0.6460735924854767,0.6098187761697268,0.40158868225714484,nan
p1941,elmid-radmid-az180,elhigh-radnear-az135,0.5910619202701322,0.6622964985776916,0.6246549021426313,0.5910619202701322,0.4014919551868112,nan
p1691,elmid-radnear-az225,elhigh-radfar-az135,0.5837419516676805,0.647181422503053,0.6138269117027872,0.5837419516676805,0.40141708418444916,nan
p2239,elmid-radfar-az270,elhigh-radnear-az270,0.612799693288844,0.6981994410412047,0.6527180562070122,0.612799693288844,0.40122499990265864,nan
p2043,elmid-radmid-az315,elhigh-radnear-az270,0.6025769910873627,0.6786810789916311,0.6383688220773325,0.6025769910873627,0.401187816522186,nan
p1563,elmid-radnear-az090,elhigh-radfar-az180,0.5779082506026524,0.622537908532987,0.5993934686969695,0.5779082506026524,0.40102158051915154,nan
p1835,elmid-radmid-az045,elhigh-radnear-az225,0.5862450636167832,0.6658923446033114,0.6235355598533142,0.5862450636167832,0.4009349098081832,nan
p1925,elmid-radmid-az135,elhigh-radfar-az270,0.5914135262854623,0.6645450309740673,0.6258501411088225,0.5914135262854623,0.40093449021770033,nan
p1960,elmid-radmid-az180,elhigh-radfar-az270,0.5919228616463074,0.6630693358826114,0.6254794245547617,0.5919228616463074,0.4008709509443877,nan
p2272,elmid-radfar-az315,elhigh-radmid-az315,0.6095824317958505,0.7010486891132233,0.6521239392217658,0.6095824317958505,0.4008488247921938,nan
p1573,elmid-radnear-az135,elmid-radmid-az090,0.5817833498649295,0.6413748290883244,0.6101274602200286,0.5817833498649295,0.4006298965347264,nan
p1959,elmid-radmid-az180,elhigh-radfar-az225,0.5929582205323625,0.663030004059977,0.626039454302328,0.5929582205323625,0.40026337125316025,nan
p2019,elmid-radmid-az270,elhigh-radmid-az270,0.590457335102696,0.6453157730613166,0.6166689162343391,0.590457335102696,0.4002594104322836,nan
p2254,elmid-radfar-az270,elhigh-radfar-az225,0.6077135235421646,0.6974599444960895,0.6495011594685864,0.6077135235421646,0.40024827899153,nan
p1832,elmid-radmid-az045,elhigh-radnear-az090,0.5885001773134417,0.662306561608266,0.6232258218856899,0.5885001773134417,0.40013636538722813,nan
p1607,elmid-radnear-az135,elhigh-radfar-az180,0.5755395816468504,0.6326211148155343,0.602731892914599,0.5755395816468504,0.40009961441148173,nan
p1914,elmid-radmid-az135,elhigh-radmid-az135,0.5936480072535218,0.6636709786196872,0.6267096231843629,0.5936480072535218,0.39996509120310497,nan
p1517,elmid-radnear-az045,elhigh-radfar-az135,0.5767992317800364,0.6216903820767177,0.5984040756647684,0.5767992317800364,0.3997685343942163,nan
p1846,elmid-radmid-az045,elhigh-radfar-az000,0.58758434178345,0.6700979049159701,0.626134363308097,0.58758434178345,0.3996050399894976,nan
p1884,elmid-radmid-az090,elhigh-radfar-az045,0.5850750366127613,0.6594553778781941,0.6200425073811978,0.5850750366127613,0.39948063721812066,nan
p2051,elmid-radmid-az315,elhigh-radmid-az270,0.5959476246013583,0.666761888085904,0.629369081941691,0.5959476246013583,0.399131652729775,nan
p2036,elmid-radmid-az315,elmid-radfar-az315,0.6052223808930757,0.6916988014122402,0.6455775434363291,0.6052223808930757,0.3990292763814225,nan
p1688,elmid-radnear-az225,elhigh-radfar-az000,0.5786773919573336,0.6349522537494574,0.6055101167262317,0.5786773919573336,0.39882183283146055,nan
p1905,elmid-radmid-az135,elhigh-radnear-az090,0.5853557191273708,0.6552070629099259,0.6183148600623448,0.5853557191273708,0.39868479170906534,nan
p1831,elmid-radmid-az045,elhigh-radnear-az045,0.5941813373383976,0.6653471689886379,0.6277537486100165,0.5941813373383976,0.39867209450692603,nan
p1773,elmid-radnear-az315,elhigh-radfar-az180,0.5713703177265558,0.6196119476283614,0.5945141009771212,0.5713703177265558,0.3984954255694312,nan
p1906,elmid-radmid-az135,elhigh-radnear-az135,0.589620950991996,0.6593647616777152,0.6225455966185823,0.589620950991996,0.398476030356398,nan
p1880,elmid-radmid-az090,elhigh-radmid-az225,0.5779101821567895,0.6521463435365522,0.612788118779594,0.5779101821567895,0.39845588225767464,nan
p2162,elmid-radfar-az135,elhigh-radnear-az315,0.6069231372327661,0.6859342809914871,0.6440143822304216,0.6069231372327661,0.3983176051621334,nan
p1653,elmid-radnear-az180,elhigh-radfar-az315,0.5852051972698035,0.6403306124588319,0.6115281159590732,0.5852051972698035,0.3982606614149621,nan
p1469,elmid-radnear-az000,elhigh-radfar-az045,0.5848363413252434,0.6296072943254309,0.6063965682321475,0.5848363413252434,0.39821970865881173,nan
p1617,elmid-radnear-az180,elmid-radmid-az135,0.588191719059167,0.6554758361475639,0.6200136961863454,0.588191719059167,0.3981901313482211,nan
p2008,elmid-radmid-az270,elhigh-radnear-az135,0.5910270755460433,0.6727962785210722,0.6292664487531755,0.5910270755460433,0.3981039289384112,nan
p2027,elmid-radmid-az270,elhigh-radfar-az270,0.5928208976982559,0.6589625752595417,0.6241443410206874,0.5928208976982559,0.3980385753729926,nan
p1910,elmid-radmid-az135,elhigh-radnear-az315,0.5873833259536235,0.6556943667004108,0.6196618927321271,0.5873833259536235,0.39781903817432507,nan
p1904,elmid-radmid-az135,elhigh-radnear-az045,0.5877296356240735,0.6431564831706308,0.6141951228977687,0.5877296356240735,0.3972615737316488,nan
p2067,elmid-radfar-az000,elmid-radfar-az315,0.6020730463541275,0.6968631673660428,0.6460094431680014,0.6020730463541275,0.39698001208541994,nan
p1512,elmid-radnear-az045,elhigh-radmid-az270,0.5670161246355206,0.6138801106699253,0.5895182166498356,0.5670161246355206,0.3968166053064074,nan
p1695,elmid-radnear-az225,elhigh-radfar-az315,0.5758039520421001,0.6304199369386928,0.601875480085457,0.5758039520421001,0.39678856021248715,nan
p1510,elmid-radnear-az045,elhigh-radmid-az180,0.5716542679917137,0.6241631769955687,0.5967558769918746,0.5716542679917137,0.3967171491820225,nan
p1873,elmid-radmid-az090,elhigh-radnear-az270,0.5828125937387943,0.6499839624099346,0.6145682953628416,0.5828125937387943,0.3965538306936946,nan
p1868,elmid-radmid-az090,elhigh-radnear-az045,0.5857902817112934,0.6540983904090824,0.6180627164362705,0.5857902817112934,0.3965177545327735,nan
p1519,elmid-radnear-az045,elhigh-radfar-az225,0.5766918642527803,0.6307377096866448,0.6025052119055821,0.5766918642527803,0.3961487584085785,nan
p2244,elmid-radfar-az270,elhigh-radmid-az135,0.5931322812124816,0.6817190989295856,0.6343478315867103,0.5931322812124816,0.39550340850590643,nan
p1514,elmid-radnear-az045,elhigh-radfar-az000,0.5784697410897004,0.6224938743636301,0.5996749038847912,0.5784697410897004,0.39528354578916935,nan
p1882,elmid-radmid-az090,elhigh-radmid-az315,0.5826948859167737,0.6695801549035929,0.6231233862460276,0.5826948859167737,0.3949532876903133,nan
p1763,elmid-radnear-az315,elhigh-radmid-az090,0.5596716774247683,0.6028802334899327,0.5804729894565602,0.5596716774247683,0.39494288428526025,nan
p1808,elmid-radmid-az000,elhigh-radfar-az000,0.5933558890216735,0.6723183320656962,0.6303739698288002,0.5933558890216735,0.3947468520633903,nan
p1734,elmid-radnear-az270,elhigh-radfar-az225,0.5693744706300314,0.61571069725647,0.5916367225097616,0.5693744706300314,0.39445429619425626,nan
p1639,elmid-radnear-az180,elhigh-radmid-az045,0.5625827830577177,0.6088963246954704,0.5848240684339446,0.5625827830577177,0.39428781496813686,nan
p1485,elmid-radnear-az045,elmid-radmid-az135,0.5812310054800164,0.6483968461307223,0.6129795292664465,0.5812310054800164,0.39386954725919116,nan
p1693,elmid-radnear-az225,elhigh-radfar-az225,0.5711666569779766,0.6200398860817938,0.5946006777576504,0.5711666569779766,0.39340196611233225,nan
p1979,elmid-radmid-az225,elhigh-radnear-az315,0.5940791134985266,0.6919277011612869,0.6392808974650857,0.5940791134985266,0.39337497978853975,nan
p1643,elmid-radnear-az180,elhigh-radmid-az225,0.5676794242272645,0.6166381225479098,0.5911468175368195,0.5676794242272645,0.3933129953478826,nan
p1651,elmid-radnear-az180,elhigh-radfar-az225,0.5729464118212665,0.6254947409508994,0.5980685269559007,0.5729464118212665,0.39315439547870035,nan
p1736,elmid-radnear-az270,elhigh-radfar-az315,0.5726493256538121,0.625298018363643,0.597816741005918,0.5726493256538121,0.39307777722334064,nan
p1883,elmid-radmid-az090,elhigh-radfar-az000,0.5764594049476623,0.6368071512475858,0.6051324329350818,0.5764594049476623,0.3930350537428439,nan
p1608,elmid-radnear-az135,elhigh-radfar-az225,0.5703384136830808,0.619937940423059,0.5941047560982038,0.5703384136830808,0.3930205099050968,nan
p1870,elmid-radmid-az090,elhigh-radnear-az135,0.5690041832837324,0.6310216903230073,0.5984104000314724,0.5690041832837324,0.3929617909636065,nan
p1474,elmid-radnear-az000,elhigh-radfar-az270,0.5656394785002969,0.6149190195601759,0.5892507217818781,0.5656394785002969,0.3928970829400621,nan
p1529,elmid-radnear-az090,elmid-radmid-az090,0.5811461699520212,0.6440876345666118,0.611000219813395,0.5811461699520212,0.3927386451215904,nan
p1472,elmid-radnear-az000,elhigh-radfar-az180,0.5661333797327981,0.6258851590707629,0.5945116940630462,0.5661333797327981,0.39267405396947375,nan
p1640,elmid-radnear-az180,elhigh-radmid-az090,0.5654758139644934,0.615477374049605,0.5894180609354932,0.5654758139644934,0.39263898337275127,nan
p1874,elmid-radmid-az090,elhigh-radnear-az315,0.5777453374414155,0.65156150536618,0.6124372022885392,0.5777453374414155,0.3925980043307593,nan
p1875,elmid-radmid-az090,elhigh-radmid-az000,0.5779860011310298,0.6503658887044013,0.6120434745041129,0.5779860011310298,0.3925366652130973,nan
p1909,elmid-radmid-az135,elhigh-radnear-az270,0.5798497720678947,0.6582790442826271,0.6165803569768309,0.5798497720678947,0.3922621500256955,nan
p1744,elmid-radnear-az315,elmid-radmid-az315,0.5910820459815844,0.6554252678187721,0.6215929966896226,0.5910820459815844,0.39210876065655326,nan
p1684,elmid-radnear-az225,elhigh-radmid-az180,0.5746713945658805,0.6285183520128665,0.6003899532696749,0.5746713945658805,0.3920212953199655,nan
p1869,elmid-radmid-az090,elhigh-radnear-az090,0.5795379333426305,0.6416392825866067,0.609009567049174,0.5795379333426305,0.3915956106030834,nan
p2044,elmid-radmid-az315,elhigh-radnear-az315,0.593871648937306,0.672973897198746,0.6309531880033357,0.593871648937306,0.3913131827429537,nan
p1767,elmid-radnear-az315,elhigh-radmid-az270,0.5639996325043669,0.6180003383699966,0.5897664506208361,0.5639996325043669,0.39130047240148563,nan
p1681,elmid-radnear-az225,elhigh-radmid-az045,0.5606816778934959,0.614147521219781,0.5861979987074476,0.5606816778934959,0.391291428365617,nan
p1877,elmid-radmid-az090,elhigh-radmid-az090,0.5770590797388309,0.6361262124825979,0.6051547263663276,0.5770590797388309,0.3912348390068824,nan
p1694,elmid-radnear-az225,elhigh-radfar-az270,0.5664581182065108,0.6129899566411908,0.5888061453884635,0.5664581182065108,0.3911522935628117,nan
p1722,elmid-radnear-az270,elhigh-radmid-az045,0.555690065681255,0.6009451745008964,0.577432282690343,0.555690065681255,0.3910459107125646,nan
p1682,elmid-radnear-az225,elhigh-radmid-az090,0.5665246796845175,0.6153034857038164,0.5899074338486104,0.5665246796845175,0.3909099452182818,nan
p1683,elmid-radnear-az225,elhigh-radmid-az135,0.5671680220645364,0.618450593002484,0.5917002231919756,0.5671680220645364,0.390750108229585,nan
p1603,elmid-radnear-az135,elhigh-radfar-az000,0.5704702283444264,0.6266668693591864,0.5972495426713949,0.5704702283444264,0.3906335615576407,nan
p1645,elmid-radnear-az180,elhigh-radmid-az315,0.564910560764538,0.621999100788776,0.5920818950311372,0.564910560764538,0.3904801738321685,nan
p1769,elmid-radnear-az315,elhigh-radfar-az000,0.567028799371374,0.617871781631049,0.5913594779526724,0.567028799371374,0.3904566128210778,nan
p1562,elmid-radnear-az090,elhigh-radfar-az135,0.5711521444313838,0.6197988577780541,0.594481966225852,0.5711521444313838,0.3904232419358712,nan
p1508,elmid-radnear-az045,elhigh-radmid-az090,0.5647492699656739,0.6130072390162634,0.5878895817223925,0.5647492699656739,0.39030623072787024,nan
p1559,elmid-radnear-az090,elhigh-radfar-az000,0.5717520452019583,0.617034870419583,0.5935310096155793,0.5717520452019583,0.3902455239563138,nan
p1771,elmid-radnear-az315,elhigh-radfar-az090,0.5654981914073977,0.6248845857245398,0.5937100399200783,0.5654981914073977,0.39015290783000744,nan
p1723,elmid-radnear-az270,elhigh-radmid-az090,0.5592507742501234,0.6073673368895796,0.5823167841580975,0.5592507742501234,0.39002516959323286,nan
p1506,elmid-radnear-az045,elhigh-radmid-az000,0.5664295029961959,0.6094597797064558,0.5871573203250189,0.5664295029961959,0.3899842846669349,nan
p1574,elmid-radnear-az135,elmid-radmid-az135,0.5835097150044043,0.6508740737389339,0.6153537477315815,0.5835097150044043,0.3899121408078905,nan
p1649,elmid-radnear-az180,elhigh-radfar-az135,0.5729165642518784,0.6235240548349783,0.597150002307841,0.5729165642518784,0.3898139802697878,nan
p1515,elmid-radnear-az045,elhigh-radfar-az045,0.5787877633222237,0.6265887893000585,0.6017404654052616,0.5787877633222237,0.3896380266477727,nan
p1762,elmid-radnear-az315,elhigh-radmid-az045,0.5579528686450784,0.5964157110371646,0.5765435108599033,0.5579528686450784,0.389599015032123,nan
p1772,elmid-radnear-az315,elhigh-radfar-az135,0.5698900959360867,0.6202118264875183,0.5939870705827823,0.5698900959360867,0.3895723874642217,nan
p1652,elmid-radnear-az180,elhigh-radfar-az270,0.5648924250481125,0.6167134848693248,0.589666610675716,0.5648924250481125,0.38951810228701333,nan
p1475,elmid-radnear-az000,elhigh-radfar-az315,0.5626752413444709,0.613375571884166,0.5869325441767774,0.5626752413444709,0.38945743324963916,nan
p1599,elmid-radnear-az135,elhigh-radmid-az180,0.5604215188854635,0.608448812367292,0.5834484775149952,0.5604215188854635,0.38934048149031963,nan
p1867,elmid-radmid-az090,elhigh-radnear-az000,0.5722139853016475,0.6528568029219348,0.6098811540073605,0.5722139853016475,0.3892935675231963,nan
p1511,elmid-radnear-az045,elhigh-radmid-az225,0.5641761467532954,0.614634288062985,0.5883253050027053,0.5641761467532954,0.3889613646892716,nan
p1473,elmid-radnear-az000,elhigh-radfar-az225,0.5611336251735064,0.6138058245594237,0.5862890850518854,0.5611336251735064,0.3888575890323037,nan
p1729,elmid-radnear-az270,elhigh-radfar-az000,0.5647783030673865,0.6125755382486062,0.5877067043938632,0.5647783030673865,0.3888351187212005,nan
p1775,elmid-radnear-az315,elhigh-radfar-az270,0.5661153509329295,0.6244024131553461,0.5938320315909144,0.5661153509329295,0.3888349651914263,nan
p1513,elmid-radnear-az045,elhigh-radmid-az315,0.5692519373584024,0.6230844596754953,0.5949529624198922,0.5692519373584024,0.3886403334002173,nan
p1922,elmid-radmid-az135,elhigh-radfar-az135,0.5873200561683911,0.664020569221024,0.6233196463041288,0.5873200561683911,0.3885934661866185,nan
p1765,elmid-radnear-az315,elhigh-radmid-az180,0.5674640723341025,0.6109243985593732,0.5883928019626784,0.5674640723341025,0.3885260034263422,nan
p1675,elmid-radnear-az225,elhigh-radnear-az135,0.5587644247588367,0.6075000268409727,0.5821139494959968,0.5587644247588367,0.38803539873972437,nan
p1611,elmid-radnear-az180,elmid-radnear-az225,0.5560455764058566,0.603494560986625,0.5787992501513957,0.5560455764058566,0.38790856655358685,nan
p1565,elmid-radnear-az090,elhigh-radfar-az270,0.5603181358296326,0.6130689492552726,0.585507809227148,0.5603181358296326,0.38780169077681736,nan
p1644,elmid-radnear-az180,elhigh-radmid-az270,0.5610237186003116,0.6076323880884159,0.5833986233525048,0.5610237186003116,0.387763685538977,nan
p1774,elmid-radnear-az315,elhigh-radfar-az225,0.561079706906945,0.6162660178246113,0.5873794746850287,0.561079706906945,0.38767691955427486,nan
p1686,elmid-radnear-az225,elhigh-radmid-az270,0.5637639758644462,0.6168472186854154,0.5891122193528011,0.5637639758644462,0.38750258699615014,nan
p1600,elmid-radnear-az135,elhigh-radmid-az225,0.5517338359641376,0.6067480645419532,0.5779346867090531,0.5517338359641376,0.3869891371199137,nan
p1641,elmid-radnear-az180,elhigh-radmid-az135,0.5571822003430821,0.6136715724170922,0.5840641845502108,0.5571822003430821,0.38696293266000353,nan
p2496,elhigh-radmid-az180,elhigh-radfar-az090,0.5653114104112514,0.6347280776693722,0.5980120294021327,0.5653114104112514,0.3868337705763953,nan
p1462,elmid-radnear-az000,elhigh-radmid-az090,0.5642333346290864,0.6106309668868127,0.5865159852585188,0.5642333346290864,0.38677718656519167,nan
p1470,elmid-radnear-az000,elhigh-radfar-az090,0.5629692941827553,0.6152925730418561,0.5879691691579336,0.5629692941827553,0.3866856993993769,nan
p1881,elmid-radmid-az090,elhigh-radmid-az270,0.5683278530013101,0.6512146380315956,0.606954525646841,0.5683278530013101,0.3864231654977301,nan
p1547,elmid-radnear-az090,elhigh-radnear-az180,0.552951736442576,0.5958920217655399,0.5736193904756245,0.552951736442576,0.38635610391093156,nan
p1467,elmid-radnear-az000,elhigh-radmid-az315,0.5600402869186349,0.6059277955860728,0.582081073373859,0.5600402869186349,0.38627143268127323,nan
p1464,elmid-radnear-az000,elhigh-radmid-az180,0.5570476027190924,0.605335770426584,0.5801886839514928,0.5570476027190924,0.3859862560453917,nan
p1605,elmid-radnear-az135,elhigh-radfar-az090,0.5570570668969708,0.6095400980649792,0.5821180256258278,0.5570570668969708,0.3857952719658362,nan
p1556,elmid-radnear-az090,elhigh-radmid-az225,0.5534771553021697,0.6051968443671671,0.578182694897411,0.5534771553021697,0.3856053006470491,nan
p1674,elmid-radnear-az225,elhigh-radnear-az090,0.5538542088070768,0.6076984510544282,0.579528344142688,0.5538542088070768,0.38521939537193156,nan
p1558,elmid-radnear-az090,elhigh-radmid-az315,0.5554874630377612,0.6025155431905048,0.5780465659028488,0.5554874630377612,0.38518036754716145,nan
p1502,elmid-radnear-az045,elhigh-radnear-az180,0.5572389253685134,0.6069827291024186,0.581048123239017,0.5572389253685134,0.3851379420372513,nan
p1646,elmid-radnear-az180,elhigh-radfar-az000,0.5584672279822982,0.6144413434366421,0.5851186736774489,0.5584672279822982,0.3850972499039511,nan
p1721,elmid-radnear-az270,elhigh-radmid-az000,0.5506662979430061,0.595753861030559,0.5723234550109036,0.5506662979430061,0.38479243544025893,nan
p1680,elmid-radnear-az225,elhigh-radmid-az000,0.5576528014157929,0.6104238340254379,0.5828462804012333,0.5576528014157929,0.38476506966117674,nan
p1592,elmid-radnear-az135,elhigh-radnear-az225,0.555457820755305,0.6028006905976528,0.5781617051241021,0.555457820755305,0.38462393166895886,nan
p1463,elmid-radnear-az000,elhigh-radmid-az135,0.5586924774827988,0.6143960614346164,0.5852217395889926,0.5586924774827988,0.3844302874248855,nan
p1471,elmid-radnear-az000,elhigh-radfar-az135,0.5644840236895712,0.617633916649376,0.5898641185285161,0.5644840236895712,0.3843866276419761,nan
p1885,elmid-radmid-az090,elhigh-radfar-az090,0.5661493848201335,0.6423452588271258,0.6018452378565186,0.5661493848201335,0.3843275338475795,nan
p1609,elmid-radnear-az135,elhigh-radfar-az270,0.5641297029693334,0.624722814014332,0.5928821119077691,0.5641297029693334,0.3842434402522071,nan
p1546,elmid-radnear-az090,elhigh-radnear-az135,0.5492376708267593,0.5978138533467667,0.572497192114757,0.5492376708267593,0.3842430400927847,nan
p1731,elmid-radnear-az270,elhigh-radfar-az090,0.5623277832051956,0.6216438163117417,0.5904999567767061,0.5623277832051956,0.3842312967884229,nan
p1672,elmid-radnear-az225,elhigh-radnear-az000,0.56096120032163,0.6024998424564035,0.580989001592926,0.56096120032163,0.38422360171191905,nan
p1726,elmid-radnear-az270,elhigh-radmid-az225,0.5533345762320695,0.5988355356450075,0.5751866047089171,0.5533345762320695,0.3840979102497867,nan
p2255,elmid-radfar-az270,elhigh-radfar-az270,0.5918524234526329,0.6886191128971706,0.6365793838195146,0.5918524234526329,0.38401385071600846,nan
p1676,elmid-radnear-az225,elhigh-radnear-az180,0.5535183189077215,0.6078110294761923,0.5793955689097328,0.5535183189077215,0.3839892904754563,nan
p1481,elmid-radnear-az045,elmid-radnear-az315,0.5579271584110032,0.5955336437036853,0.5761173556320139,0.5579271584110032,0.38374556763149437,nan
p1509,elmid-radnear-az045,elhigh-radmid-az135,0.562829181095259,0.6146125942956341,0.5875821809081021,0.562829181095259,0.38368052846660794,nan
p1498,elmid-radnear-az045,elhigh-radnear-az000,0.5634476758896021,0.6076897632839021,0.584733052383428,0.5634476758896021,0.3836094043286534,nan
p1687,elmid-radnear-az225,elhigh-radmid-az315,0.5631421199657967,0.6261912027952993,0.5929954785550248,0.5631421199657967,0.38354188502056824,nan
p1555,elmid-radnear-az090,elhigh-radmid-az180,0.5571829011911547,0.6111817832979148,0.5829344958710991,0.5571829011911547,0.3834731816368853,nan
p1732,elmid-radnear-az270,elhigh-radfar-az135,0.5595226914696981,0.6215857583623535,0.5889236277119038,0.5595226914696981,0.38334353209318855,nan
p1655,elmid-radnear-az225,elmid-radnear-az315,0.5592750575771048,0.599985939769301,0.5789156570919454,0.5592750575771048,0.38292165921083643,nan
p1728,elmid-radnear-az270,elhigh-radmid-az315,0.5599383719690559,0.6138666970303543,0.5856637154143538,0.5599383719690559,0.38291210570556383,nan
p2495,elhigh-radmid-az180,elhigh-radfar-az045,0.5596795672695218,0.6273594765008716,0.5915901118385759,0.5596795672695218,0.3825375845255093,nan
p1554,elmid-radnear-az090,elhigh-radmid-az135,0.5603488676168428,0.6118038471984578,0.5849469760180582,0.5603488676168428,0.38244419033726856,nan
p1725,elmid-radnear-az270,elhigh-radmid-az180,0.5490884582396329,0.5982939229345134,0.5726361030262195,0.5490884582396329,0.38234094956367254,nan
p1679,elmid-radnear-az225,elhigh-radnear-az315,0.5571841351735906,0.6057802771197974,0.5804668762762818,0.5571841351735906,0.3823362767804217,nan
p1678,elmid-radnear-az225,elhigh-radnear-az270,0.5607540739717916,0.6112132273722815,0.5848973890677348,0.5607540739717916,0.38229988328890746,nan
p1724,elmid-radnear-az270,elhigh-radmid-az135,0.5608769046311373,0.6239157778229344,0.590719296967672,0.5608769046311373,0.3822719969831526,nan
p1551,elmid-radnear-az090,elhigh-radmid-az000,0.5563457901375631,0.6016847353255486,0.5781277127466635,0.5563457901375631,0.3821757761213784,nan
p1557,elmid-radnear-az090,elhigh-radmid-az270,0.5496087593409722,0.5935035998220412,0.5707134115869985,0.5496087593409722,0.3820000148342149,nan
p1505,elmid-radnear-az045,elhigh-radnear-az315,0.5616378469386633,0.606829164592303,0.5833596021074774,0.5616378469386633,0.38195134628912264,nan
p1757,elmid-radnear-az315,elhigh-radnear-az180,0.5500233750976325,0.5962951496661906,0.5722253696306955,0.5500233750976325,0.38175740158532134,nan
p1764,elmid-radnear-az315,elhigh-radmid-az135,0.5596556797748571,0.607750889060507,0.582712563096601,0.5596556797748571,0.38172978679247127,nan
p2462,elhigh-radmid-az045,elhigh-radfar-az180,0.5580374070270474,0.6203726173416305,0.5875563167537969,0.5580374070270474,0.3815511735059934,nan
p1631,elmid-radnear-az180,elhigh-radnear-az045,0.5595089586814683,0.6028728284349427,0.5803820262734466,0.5595089586814683,0.38115426221643695,nan
p2301,elhigh-radnear-az000,elhigh-radfar-az225,0.5558477504001269,0.6198401271398593,0.5861023947943215,0.5558477504001269,0.38041024921356636,nan
p2555,elhigh-radfar-az225,elhigh-radfar-az315,0.5628027183897768,0.6276526431431867,0.5934613345109163,0.5628027183897768,0.3803655988646855,nan
p1595,elmid-radnear-az135,elhigh-radmid-az000,0.5565804657227484,0.6022749714698771,0.5785268349362539,0.5565804657227484,0.38035667669287254,nan
p1552,elmid-radnear-az090,elhigh-radmid-az045,0.5479671825958083,0.5881239392800728,0.5673358620958544,0.5479671825958083,0.3803147595284926,nan
p1507,elmid-radnear-az045,elhigh-radmid-az045,0.5592290856482649,0.6015694270913349,0.5796270704590492,0.5592290856482649,0.38025664756308186,nan
p1766,elmid-radnear-az315,elhigh-radmid-az225,0.5590726879989582,0.6101188252290959,0.5834814361213457,0.5590726879989582,0.38018897592172934,nan
p2399,elhigh-radnear-az225,elhigh-radfar-az135,0.5575015797556323,0.6184446966706597,0.586393957440277,0.5575015797556323,0.379923497028054,nan
p1610,elmid-radnear-az135,elhigh-radfar-az315,0.5622428808753906,0.6212511123008644,0.5902759408007562,0.5622428808753906,0.3792421800350521,nan
p2514,elhigh-radmid-az270,elhigh-radfar-az045,0.5615883738279597,0.6335689956285875,0.5954110999201069,0.5615883738279597,0.3790079983344487,nan
p1735,elmid-radnear-az270,elhigh-radfar-az270,0.5598047471202907,0.6173197233783505,0.5871571278979443,0.5598047471202907,0.37895389277313735,nan
p1606,elmid-radnear-az135,elhigh-radfar-az135,0.5598125989677388,0.6082353906030536,0.5830202831354072,0.5598125989677388,0.3787128572891962,nan
p1601,elmid-radnear-az135,elhigh-radmid-az270,0.5519334088732679,0.6081498282751583,0.5786795241532398,0.5519334088732679,0.37846173956006673,nan
p1548,elmid-radnear-az090,elhigh-radnear-az225,0.5535412468247352,0.6042170430255192,0.5777700894585861,0.5535412468247352,0.3784375215058394,nan
p1553,elmid-radnear-az090,elhigh-radmid-az090,0.5526316640495921,0.607559793799483,0.5787954696365515,0.5526316640495921,0.3784055941513377,nan
p1754,elmid-radnear-az315,elhigh-radnear-az045,0.5416405387465881,0.5909192836284037,0.5652078288792808,0.5416405387465881,0.3783233996888713,nan
p1637,elmid-radnear-az180,elhigh-radnear-az315,0.5522509557645457,0.6015155121730209,0.5758314628411035,0.5522509557645457,0.37827176787012906,nan
p2504,elhigh-radmid-az225,elhigh-radfar-az000,0.5590878763758587,0.6223765151959533,0.5890370741079807,0.5590878763758587,0.3782329097820035,nan
p1561,elmid-radnear-az090,elhigh-radfar-az090,0.5544017962208659,0.6070811375230136,0.5795468246953721,0.5544017962208659,0.37812148191707085,nan
p1468,elmid-radnear-az000,elhigh-radfar-az000,0.5595831784694174,0.6084545380238884,0.5829964555660816,0.5595831784694174,0.3780747317241326,nan
p2513,elhigh-radmid-az270,elhigh-radfar-az000,0.5617169047121174,0.6360453972819968,0.5965748817153672,0.5617169047121174,0.3778245909567629,nan
p1478,elmid-radnear-az045,elmid-radnear-az180,0.5537416234956214,0.6012718250039283,0.5765287615869352,0.5537416234956214,0.377688764950582,nan
p2397,elhigh-radnear-az225,elhigh-radfar-az045,0.5617817667431226,0.6296048936454118,0.5937628164929875,0.5617817667431226,0.37768615545374373,nan
p1632,elmid-radnear-az180,elhigh-radnear-az090,0.5476542760297675,0.5991487785725877,0.5722454073460158,0.5476542760297675,0.3775827885511678,nan
p2461,elhigh-radmid-az045,elhigh-radfar-az135,0.5618666117215179,0.6155418374365352,0.5874807622123269,0.5618666117215179,0.37741760972152777,nan
p1501,elmid-radnear-az045,elhigh-radnear-az135,0.5576818706709455,0.6101550706238134,0.5827396088491558,0.5576818706709455,0.3769820031763894,nan
p1685,elmid-radnear-az225,elhigh-radmid-az225,0.5532865761724692,0.6041359455258256,0.5775942710225455,0.5532865761724692,0.37697216670583633,nan
p1673,elmid-radnear-az225,elhigh-radnear-az045,0.5521902953982034,0.6091347908765542,0.579266432951003,0.5521902953982034,0.3768745469141918,nan
p2475,elhigh-radmid-az090,elhigh-radfar-az180,0.5568970341797065,0.6225937067103026,0.5879157448990102,0.5568970341797065,0.3768160684571915,nan
p1500,elmid-radnear-az045,elhigh-radnear-az090,0.5539614257426371,0.6023001434682139,0.5771203594154972,0.5539614257426371,0.3767172029748753,nan
p1504,elmid-radnear-az045,elhigh-radnear-az270,0.5514353755156202,0.6040735199445929,0.5765555066142868,0.5514353755156202,0.3766972369354124,nan
p1568,elmid-radnear-az135,elmid-radnear-az225,0.5493018209026552,0.6016504952738945,0.5742856727528226,0.5493018209026552,0.37668504504330974,nan
p2501,elhigh-radmid-az180,elhigh-radfar-az315,0.5646138791545968,0.63609391846416,0.5982262387617674,0.5646138791545968,0.37663790159721333,nan
p1761,elmid-radnear-az315,elhigh-radmid-az000,0.5532331686583052,0.5966462131825911,0.5741201734716483,0.5532331686583052,0.37663673904242617,nan
p1431,elmid-radnear-az000,elmid-radnear-az135,0.541284622443026,0.5917292349347075,0.5653839684916608,0.541284622443026,0.37660589334512,nan
p2417,elhigh-radnear-az270,elhigh-radfar-az180,0.558548616156398,0.6191266005372424,0.5872795844792769,0.558548616156398,0.3765597990234278,nan
p2489,elhigh-radmid-az135,elhigh-radfar-az270,0.5586482173387847,0.6300648134280087,0.5922111993714735,0.5586482173387847,0.3764269090918937,nan
p1503,elmid-radnear-az045,elhigh-radnear-az225,0.5553921948118183,0.6040460456832181,0.578698282258077,0.5553921948118183,0.3763651804305939,nan
p1466,elmid-radnear-az000,elhigh-radmid-az270,0.5467868205041473,0.6049963327704847,0.5744206629029679,0.5467868205041473,0.376027233585382,nan
p2379,elhigh-radnear-az180,elhigh-radfar-az045,0.5516330287367259,0.6168924939570548,0.5824404657623551,0.5516330287367259,0.3759666115403435,nan
p1713,elmid-radnear-az270,elhigh-radnear-az000,0.5435961885931525,0.5887744188883753,0.565284065012417,0.5435961885931525,0.37594222223773155,nan
p1461,elmid-radnear-az000,elhigh-radmid-az045,0.546823005065947,0.5901541670399041,0.5676628924312428,0.546823005065947,0.3758667850341824,nan
p1526,elmid-radnear-az090,elmid-radnear-az315,0.5482458007112125,0.5942949926987471,0.5703424087963923,0.5482458007112125,0.37582980252664905,nan
p1459,elmid-radnear-az000,elhigh-radnear-az315,0.5433539458994456,0.5881539052860352,0.5648670398504376,0.5433539458994456,0.37580968340737225,nan
p1714,elmid-radnear-az270,elhigh-radnear-az045,0.5414576817722969,0.593456398755024,0.566265819441643,0.5414576817722969,0.37575014323651723,nan
p2485,elhigh-radmid-az135,elhigh-radfar-az090,0.553306869122828,0.621180414563192,0.585282437905498,0.553306869122828,0.3756095513148564,nan
p2460,elhigh-radmid-az045,elhigh-radfar-az090,0.5531144897929031,0.6191677170188641,0.5842801910753831,0.5531144897929031,0.3754813126283341,nan
p2492,elhigh-radmid-az180,elhigh-radmid-az270,0.5510616000629254,0.609610579052253,0.5788593664128567,0.5510616000629254,0.37538323243905686,nan
p1630,elmid-radnear-az180,elhigh-radnear-az000,0.5466354554368476,0.5942452854500855,0.5694469730476408,0.5466354554368476,0.3752389183320429,nan
p1756,elmid-radnear-az315,elhigh-radnear-az135,0.5485446336064511,0.603138258129303,0.5745474855859585,0.5485446336064511,0.3751723842855084,nan
p1430,elmid-radnear-az000,elmid-radnear-az090,0.5505968105051814,0.5928133381023601,0.570925723515021,0.5505968105051814,0.3751650146444058,nan
p1543,elmid-radnear-az090,elhigh-radnear-az000,0.5448136142949491,0.58982399032368,0.5664260353403718,0.5448136142949491,0.3750358637189636,nan
p2517,elhigh-radmid-az270,elhigh-radfar-az180,0.5586685623806045,0.623348829328324,0.5892390362192622,0.5586685623806045,0.37502575193729665,nan
p2383,elhigh-radnear-az180,elhigh-radfar-az225,0.5548580369236953,0.6200074257650041,0.5856263786166583,0.5548580369236953,0.3750125410203465,nan
p2506,elhigh-radmid-az225,elhigh-radfar-az090,0.552430791384396,0.6206855288125361,0.584572547460922,0.552430791384396,0.3750012977151439,nan
p2551,elhigh-radfar-az180,elhigh-radfar-az225,0.5577311621913992,0.6330541439373556,0.5930103799753911,0.5577311621913992,0.37490625327195926,nan
p2356,elhigh-radnear-az135,elhigh-radmid-az225,0.5412207406286907,0.6076494123814478,0.5725145947085523,0.5412207406286907,0.37479363841823077,nan
p2499,elhigh-radmid-az180,elhigh-radfar-az225,0.5518111562480287,0.6204631077934503,0.58412689832562,0.5518111562480287,0.374663290297773,nan
p2540,elhigh-radfar-az045,elhigh-radfar-az270,0.5558224025368946,0.6314684294253832,0.5912355930338176,0.5558224025368946,0.3746329369066502,nan
p2396,elhigh-radnear-az225,elhigh-radfar-az000,0.5505569213089216,0.6140063639620399,0.5805531699007188,0.5505569213089216,0.37455201745203387,nan
p2484,elhigh-radmid-az135,elhigh-radfar-az045,0.5512119536631825,0.6205899777699205,0.583847158626872,0.5512119536631825,0.3744721760819147,nan
p2380,elhigh-radnear-az180,elhigh-radfar-az090,0.5514631774817386,0.6196664576368954,0.5835788344177276,0.5514631774817386,0.37444346123539957,nan
p2433,elhigh-radnear-az315,elhigh-radfar-az180,0.5498451864370156,0.6145591208216158,0.5804038550154116,0.5498451864370156,0.37441621062263325,nan
p2390,elhigh-radnear-az225,elhigh-radmid-az090,0.5481991131549714,0.604642852237531,0.5750392253620898,0.5481991131549714,0.3744098276562199,nan
p2537,elhigh-radfar-az045,elhigh-radfar-az135,0.5549991460040329,0.621877678589455,0.5865381547560602,0.5549991460040329,0.3744051552424522,nan
p2493,elhigh-radmid-az180,elhigh-radmid-az315,0.5604503219187682,0.6262844479659946,0.5915413104637416,0.5604503219187682,0.37437960603956394,nan
p1758,elmid-radnear-az315,elhigh-radnear-az225,0.5512898788279263,0.5920943109392192,0.5709639924247377,0.5512898788279263,0.37437344986504256,nan
p2376,elhigh-radnear-az180,elhigh-radmid-az270,0.5512163453760385,0.6115317361514087,0.5798096664928984,0.5512163453760385,0.37434101597250213,nan
p1602,elmid-radnear-az135,elhigh-radmid-az315,0.5533231666273297,0.6094258691357688,0.5800210386990511,0.5533231666273297,0.3742508787096159,nan
p1776,elmid-radnear-az315,elhigh-radfar-az315,0.5573422678305716,0.6074497257510653,0.5813182261016787,0.5573422678305716,0.3741873849505319,nan
p2449,elhigh-radmid-az000,elhigh-radfar-az225,0.5503852839619264,0.6152571299176446,0.581016040815255,0.5503852839619264,0.37415877891767846,nan
p1633,elmid-radnear-az180,elhigh-radnear-az135,0.5460370131108123,0.6002883438942005,0.5718789212891712,0.5460370131108123,0.37414104580972635,nan
p2522,elhigh-radmid-az315,elhigh-radfar-az045,0.5586286689822043,0.6337876523370339,0.593839494331452,0.5586286689822043,0.374120193036331,nan
p2363,elhigh-radnear-az135,elhigh-radfar-az180,0.5485289419370364,0.6135389745220968,0.5792155170365646,0.5485289419370364,0.3741034756823613,nan
p1654,elmid-radnear-az225,elmid-radnear-az270,0.5436547296829256,0.5905342813852765,0.5661256668544954,0.5436547296829256,0.37403880135663853,nan
p1523,elmid-radnear-az090,elmid-radnear-az180,0.5436873050190896,0.5901537144516456,0.5659683801296836,0.5436873050190896,0.37391492130435283,nan
p2446,elhigh-radmid-az000,elhigh-radfar-az090,0.5552428706114569,0.6197148553032081,0.5857100176965988,0.5552428706114569,0.3738812266435,nan
p2547,elhigh-radfar-az135,elhigh-radfar-az180,0.5461568964808866,0.614485966449742,0.5783101056940861,0.5461568964808866,0.37375641749292493,nan
p1479,elmid-radnear-az045,elmid-radnear-az225,0.549161683364496,0.6013760896823086,0.5740840735207392,0.549161683364496,0.373631873185313,nan
p2372,elhigh-radnear-az180,elhigh-radmid-az090,0.542786572356585,0.5998111225325273,0.5698758621990433,0.542786572356585,0.3735868755950648,nan
p1755,elmid-radnear-az315,elhigh-radnear-az090,0.5461541521314989,0.5945337595493441,0.5693180019445587,0.5461541521314989,0.3735809708075464,nan
p1455,elmid-radnear-az000,elhigh-radnear-az135,0.5458862294201448,0.6049359283961143,0.5738961328647857,0.5458862294201448,0.37355578974937165,nan
p2544,elhigh-radfar-az090,elhigh-radfar-az225,0.5527451898074891,0.625069739914261,0.5866868950514134,0.5527451898074891,0.37345139304152847,nan
p2458,elhigh-radmid-az045,elhigh-radfar-az000,0.5548026819302014,0.6149081374495438,0.5833111537407384,0.5548026819302014,0.373433662051865,nan
p2414,elhigh-radnear-az270,elhigh-radfar-az045,0.5536486676308661,0.6234975159380989,0.5865007656460861,0.5536486676308661,0.3732945090521559,nan
p2464,elhigh-radmid-az045,elhigh-radfar-az270,0.5508562471085623,0.6183463434050511,0.5826534236325622,0.5508562471085623,0.37319468477119483,nan
p2452,elhigh-radmid-az045,elhigh-radmid-az090,0.5504900353942527,0.5996824749156839,0.5740342842182705,0.5504900353942527,0.3731385036134787,nan
p1635,elmid-radnear-az180,elhigh-radnear-az225,0.5344087063958829,0.5858351167612712,0.5589415097640793,0.5344087063958829,0.37297671600975785,nan
p1480,elmid-radnear-az045,elmid-radnear-az270,0.5483688899093464,0.590699515960136,0.5687476470559993,0.5483688899093464,0.37297103126681824,nan
p1433,elmid-radnear-az000,elmid-radnear-az225,0.5472105175990081,0.5999658958568796,0.572375171878863,0.5472105175990081,0.37292325047489655,nan
p2507,elhigh-radmid-az225,elhigh-radfar-az135,0.5537750245087952,0.6179875307883872,0.5841218572164966,0.5537750245087952,0.37291364875231686,nan
p2505,elhigh-radmid-az225,elhigh-radfar-az045,0.5517828510912149,0.6222190391692922,0.5848879772414756,0.5517828510912149,0.3727974740851963,nan
p1638,elmid-radnear-az180,elhigh-radmid-az000,0.5499299224750085,0.6018789146791693,0.5747329143725822,0.5499299224750085,0.372737467820859,nan
p2445,elhigh-radmid-az000,elhigh-radfar-az045,0.5550126115562495,0.622957349506893,0.5870254707105333,0.5550126115562495,0.37271193408379183,nan
p1434,elmid-radnear-az000,elmid-radnear-az270,0.5392154742973225,0.5837126198372204,0.5605824251844719,0.5392154742973225,0.3726187694108765,nan
p1597,elmid-radnear-az135,elhigh-radmid-az090,0.5394880203689952,0.5871396933855373,0.5623061229499212,0.5394880203689952,0.3724965487027351,nan
p2298,elhigh-radnear-az000,elhigh-radfar-az090,0.5483912689184662,0.6069692084341589,0.5761952584189963,0.5483912689184662,0.37248531352881303,nan
p2359,elhigh-radnear-az135,elhigh-radfar-az000,0.5565554433251532,0.6186860965672614,0.5859784615605437,0.5565554433251532,0.3724345983720909,nan
p2325,elhigh-radnear-az045,elhigh-radfar-az315,0.5506084967798021,0.6106488700859496,0.5790765527297265,0.5506084967798021,0.37234688382527986,nan
p2425,elhigh-radnear-az315,elhigh-radmid-az180,0.5474882236791244,0.6070857416813868,0.5757488117797361,0.5474882236791244,0.37214406234860176,nan
p2456,elhigh-radmid-az045,elhigh-radmid-az270,0.5434355646198992,0.6051961234129479,0.5726554481462025,0.5434355646198992,0.3721389475832181,nan
p2463,elhigh-radmid-az045,elhigh-radfar-az225,0.5468932475896743,0.6165924464900125,0.5796551641606863,0.5468932475896743,0.3720255042421561,nan
p2355,elhigh-radnear-az135,elhigh-radmid-az180,0.54808250924042,0.6072811395712262,0.5761652119363864,0.54808250924042,0.372001808015529,nan
p2400,elhigh-radnear-az225,elhigh-radfar-az180,0.550069105017422,0.6216723224024912,0.583682935493741,0.550069105017422,0.37199206672189,nan
p1593,elmid-radnear-az135,elhigh-radnear-az270,0.5423155550540281,0.5962610549146493,0.5680103422501085,0.5423155550540281,0.37198660559908514,nan
p1596,elmid-radnear-az135,elhigh-radmid-az045,0.5437338066937998,0.5846202462960448,0.5634362568141122,0.5437338066937998,0.3719195726277634,nan
p1717,elmid-radnear-az270,elhigh-radnear-az180,0.5395486704776243,0.5929457061553676,0.5649883549491962,0.5395486704776243,0.3718513517328957,nan
p2321,elhigh-radnear-az045,elhigh-radfar-az135,0.545650142410857,0.6062701777021479,0.5743650893669096,0.545650142410857,0.37181375023845914,nan
p2494,elhigh-radmid-az180,elhigh-radfar-az000,0.5511694671364925,0.6176802652275788,0.5825325415571387,0.5511694671364925,0.3717006578656864,nan
p1642,elmid-radnear-az180,elhigh-radmid-az180,0.5467019280970092,0.5950046887448459,0.5698315237295785,0.5467019280970092,0.3716387549466148,nan
p1477,elmid-radnear-az045,elmid-radnear-az135,0.5438570406714154,0.5914946964172099,0.566676466257417,0.5438570406714154,0.37137854961376593,nan
p1456,elmid-radnear-az000,elhigh-radnear-az180,0.5427618216598011,0.5877254181702257,0.564349436884935,0.5427618216598011,0.3713188187165995,nan
p2480,elhigh-radmid-az135,elhigh-radmid-az225,0.5423404146817753,0.6237530696120162,0.580204765722165,0.5423404146817753,0.3712941616362906,nan
p1524,elmid-radnear-az090,elmid-radnear-az225,0.5356265315946276,0.5857105852685028,0.5595500667689398,0.5356265315946276,0.37128840014513975,nan
p2530,elhigh-radfar-az000,elhigh-radfar-az090,0.5532691682827068,0.6237963482543304,0.5864198414236756,0.5532691682827068,0.3710431184573009,nan
p1636,elmid-radnear-az180,elhigh-radnear-az270,0.5415540343126536,0.597299680468269,0.5680625131270258,0.5415540343126536,0.3710242032494177,nan
p2526,elhigh-radmid-az315,elhigh-radfar-az225,0.5494003126576751,0.6172823325968558,0.581366505975211,0.5494003126576751,0.3709850076410453,nan
p1550,elmid-radnear-az090,elhigh-radnear-az315,0.538311124165701,0.5890211940799324,0.5625256297735348,0.538311124165701,0.37091826361808516,nan
p2378,elhigh-radnear-az180,elhigh-radfar-az000,0.5458887205126495,0.6069158243065209,0.574786947672098,0.5458887205126495,0.3708691331748705,nan
p2340,elhigh-radnear-az090,elhigh-radfar-az045,0.5558474826555292,0.6208266133551369,0.5865428862060754,0.5558474826555292,0.3708666834567176,nan
p2476,elhigh-radmid-az090,elhigh-radfar-az225,0.5461466821851324,0.6106752410233509,0.576611231316373,0.5461466821851324,0.3707831705040297,nan
p2420,elhigh-radnear-az270,elhigh-radfar-az315,0.5507222410846129,0.6157559857661437,0.5814262257734926,0.5507222410846129,0.3707617410477783,nan
p2539,elhigh-radfar-az045,elhigh-radfar-az225,0.5520507475594246,0.6229347310456376,0.5853546111271775,0.5520507475594246,0.370687865909012,nan
p1753,elmid-radnear-az315,elhigh-radnear-az000,0.5359274840129324,0.5849275360184971,0.5593564503988873,0.5359274840129324,0.3705548648260322,nan
p2413,elhigh-radnear-az270,elhigh-radfar-az000,0.5497390295868687,0.6178683860952383,0.581816049508337,0.5497390295868687,0.3705149556532094,nan
p2443,elhigh-radmid-az000,elhigh-radmid-az315,0.5473202507525619,0.6078166753949164,0.5759843143413832,0.5473202507525619,0.37050072849846705,nan
p1549,elmid-radnear-az090,elhigh-radnear-az270,0.5392800622792715,0.5901365668139491,0.5635633057044959,0.5392800622792715,0.37049193631056815,nan
p2472,elhigh-radmid-az090,elhigh-radfar-az045,0.5469955919657411,0.6110648765319315,0.5772579290296845,0.5469955919657411,0.37043913904949605,nan
p1457,elmid-radnear-az000,elhigh-radnear-az225,0.5428283451095582,0.5882929214692801,0.5646469259069116,0.5428283451095582,0.37024112696087225,nan
p2438,elhigh-radmid-az000,elhigh-radmid-az090,0.5448869825906288,0.604140612968839,0.5729859873395992,0.5448869825906288,0.37019074521734796,nan
p2437,elhigh-radmid-az000,elhigh-radmid-az045,0.545766883341336,0.5996076707111182,0.5714218261855647,0.545766883341336,0.37015159587523816,nan
p2313,elhigh-radnear-az045,elhigh-radmid-az135,0.5553484595141436,0.6177529800358699,0.5848908785838475,0.5553484595141436,0.3700928430617758,nan
p2511,elhigh-radmid-az225,elhigh-radfar-az315,0.5518454680665945,0.6222112633501663,0.584919717542838,0.5518454680665945,0.3700478690895373,nan
p2300,elhigh-radnear-az000,elhigh-radfar-az180,0.5449849258010498,0.6085843408384021,0.5750314288481484,0.5449849258010498,0.37000218235715837,nan
p2478,elhigh-radmid-az090,elhigh-radfar-az315,0.5489505273787917,0.6195483669526103,0.5821167729386783,0.5489505273787917,0.36990816666467735,nan
p2339,elhigh-radnear-az090,elhigh-radfar-az000,0.5488708336084398,0.6050211329080725,0.5755797998533415,0.5488708336084398,0.3698109201945185,nan
p2431,elhigh-radnear-az315,elhigh-radfar-az090,0.5549492508800556,0.6223925296739583,0.5867391675055905,0.5549492508800556,0.3694394439892749,nan
p1716,elmid-radnear-az270,elhigh-radnear-az135,0.534928068461427,0.5838538195526024,0.5583211514292654,0.534928068461427,0.36942697797947294,nan
p2450,elhigh-radmid-az000,elhigh-radfar-az270,0.5497739031457861,0.6246212463771421,0.5848124640978735,0.5497739031457861,0.3694090204490762,nan
p2543,elhigh-radfar-az090,elhigh-radfar-az180,0.5522373233995361,0.6237171360190074,0.5858047971073149,0.5522373233995361,0.3693517403964371,nan
p2297,elhigh-radnear-az000,elhigh-radfar-az045,0.551191525363567,0.6194884031479277,0.5833477615189059,0.551191525363567,0.36930975050280407,nan
p1768,elmid-radnear-az315,elhigh-radmid-az315,0.5474235056737684,0.5961075714882341,0.5707292142031325,0.5474235056737684,0.3690374665862675,nan
p2422,elhigh-radnear-az315,elhigh-radmid-az045,0.5459018933109644,0.6042827126737114,0.5736106625444779,0.5459018933109644,0.3689138086253084,nan
p2447,elhigh-radmid-az000,elhigh-radfar-az135,0.5450622939535547,0.6070527927799143,0.5743898185061754,0.5450622939535547,0.3687460085682959,nan
p2352,elhigh-radnear-az135,elhigh-radmid-az045,0.5468308696728496,0.6080360884986055,0.5758116131274876,0.5468308696728496,0.3685011263526032,nan
p2430,elhigh-radnear-az315,elhigh-radfar-az045,0.5436491881081543,0.6268540057324826,0.582294303974717,0.5436491881081543,0.36842383959007097,nan
p1429,elmid-radnear-az000,elmid-radnear-az045,0.5456282881949569,0.592677362396956,0.5681804962110072,0.5456282881949569,0.36841581268771356,nan
p2366,elhigh-radnear-az135,elhigh-radfar-az315,0.5508973301972683,0.6224181668863047,0.5844779298598486,0.5508973301972683,0.3682910209277375,nan
p1590,elmid-radnear-az135,elhigh-radnear-az135,0.5443833655083072,0.59063481291774,0.5665667270429154,0.5443833655083072,0.36827029475710127,nan
p2488,elhigh-radmid-az135,elhigh-radfar-az225,0.5464486086665762,0.6374604888094672,0.5884563230951904,0.5464486086665762,0.368254735440006,nan
p1598,elmid-radnear-az135,elhigh-radmid-az135,0.547273118170785,0.5996746085526881,0.5722768095944786,0.547273118170785,0.36819675586595046,nan
p1720,elmid-radnear-az270,elhigh-radnear-az315,0.5337332608595226,0.5816303072491308,0.5566533628657369,0.5337332608595226,0.36818513052028606,nan
p2441,elhigh-radmid-az000,elhigh-radmid-az225,0.5383350885646049,0.5995494283532201,0.567295696202355,0.5383350885646049,0.36814274771034294,nan
p1465,elmid-radnear-az000,elhigh-radmid-az225,0.5285815052649613,0.5838638699216745,0.5548490741511635,0.5285815052649613,0.368106793510096,nan
p2523,elhigh-radmid-az315,elhigh-radfar-az090,0.5539631554224475,0.6329204126255712,0.5908154739827922,0.5539631554224475,0.36802851484693466,nan
p2541,elhigh-radfar-az045,elhigh-radfar-az315,0.552711886820694,0.6248818530840146,0.5865853670146476,0.552711886820694,0.3679413186089218,nan
p2457,elhigh-radmid-az045,elhigh-radmid-az315,0.5522266812635348,0.6189817494649825,0.5837018045662898,0.5522266812635348,0.36791555140365845,nan
p2548,elhigh-radfar-az135,elhigh-radfar-az225,0.5468690269872349,0.6208141156381687,0.5815002357499991,0.5468690269872349,0.3678391207001951,nan
p2470,elhigh-radmid-az090,elhigh-radmid-az315,0.549226672195455,0.6160441320583718,0.5807197217004261,0.549226672195455,0.36766206877455854,nan
p1567,elmid-radnear-az135,elmid-radnear-az180,0.5322999459349105,0.5880073518972875,0.5587686204131775,0.5322999459349105,0.3676308152161573,nan
p2508,elhigh-radmid-az225,elhigh-radfar-az180,0.5495595195913278,0.6209382328376695,0.5830724855746487,0.5495595195913278,0.36757834383314114,nan
p1727,elmid-radnear-az270,elhigh-radmid-az270,0.544212753869301,0.6017035492942249,0.5715159906013031,0.544212753869301,0.3675779395415667,nan
p2453,elhigh-radmid-az045,elhigh-radmid-az135,0.55046013969372,0.6195442636292295,0.5829626297733768,0.55046013969372,0.3675640910582017,nan
p2515,elhigh-radmid-az270,elhigh-radfar-az090,0.551287113975655,0.6179963918030797,0.5827388235628767,0.551287113975655,0.3674745625349382,nan
p2292,elhigh-radnear-az000,elhigh-radmid-az180,0.5401652824486133,0.6019989749084502,0.5694083740068242,0.5401652824486133,0.3674239549499075,nan
p2343,elhigh-radnear-az090,elhigh-radfar-az180,0.5442979358770056,0.6165019799847111,0.5781543409583428,0.5442979358770056,0.36739472948514257,nan
p1569,elmid-radnear-az135,elmid-radnear-az270,0.5284700596016912,0.5759141887157483,0.551173028952128,0.5284700596016912,0.36734453845902043,nan
p1634,elmid-radnear-az180,elhigh-radnear-az180,0.5386183159279619,0.5996827050466411,0.5675126047182085,0.5386183159279619,0.3673041353551346,nan
p2440,elhigh-radmid-az000,elhigh-radmid-az180,0.5445347283936195,0.6026502361551048,0.5721204388172272,0.5445347283936195,0.3672496720455488,nan
p1545,elmid-radnear-az090,elhigh-radnear-az090,0.543315021352092,0.5942155243921684,0.5676264633608491,0.543315021352092,0.3672431597247529,nan
p1587,elmid-radnear-az135,elhigh-radnear-az000,0.537751503212555,0.5866560786121449,0.5611402719830606,0.537751503212555,0.3671685033210374,nan
p1696,elmid-radnear-az270,elmid-radnear-az315,0.5388843042590633,0.5850299719029606,0.5610098137665754,0.5388843042590633,0.36704508338092756,nan
p1591,elmid-radnear-az135,elhigh-radnear-az180,0.5302769378209822,0.5864462895501243,0.5569490004272533,0.5302769378209822,0.36696615863756554,nan
p2342,elhigh-radnear-az090,elhigh-radfar-az135,0.547471816811675,0.6148570133993073,0.5792111104118747,0.547471816811675,0.36682215399342943,nan
p2532,elhigh-radfar-az000,elhigh-radfar-az180,0.5493061402473688,0.6158417440128517,0.5806741890480163,0.5493061402473688,0.36671782827804633,nan
p2498,elhigh-radmid-az180,elhigh-radfar-az180,0.5497846474570112,0.6161314255994135,0.5810702956043148,0.5497846474570112,0.3666935404064593,nan
p2401,elhigh-radnear-az225,elhigh-radfar-az225,0.5483881617845798,0.6088743433109572,0.577050548887392,0.5483881617845798,0.36656482031056253,nan
p2303,elhigh-radnear-az000,elhigh-radfar-az315,0.5504177921800899,0.6277959559317585,0.5865660022339925,0.5504177921800899,0.3663801347488752,nan
p2553,elhigh-radfar-az180,elhigh-radfar-az315,0.5486697128661938,0.6247306286080484,0.5842350006246679,0.5486697128661938,0.36623443551133233,nan
p2361,elhigh-radnear-az135,elhigh-radfar-az090,0.5412493425976646,0.6109973885094397,0.5740123637267833,0.5412493425976646,0.366223548618217,nan
p2364,elhigh-radnear-az135,elhigh-radfar-az225,0.5383646586756435,0.6158457043467689,0.5745045669999264,0.5383646586756435,0.3661978566947685,nan
p2426,elhigh-radnear-az315,elhigh-radmid-az225,0.539761477457851,0.5944807182956733,0.565801187839436,0.539761477457851,0.36618759170763593,nan
p2454,elhigh-radmid-az045,elhigh-radmid-az180,0.5421729506519936,0.6163451591431348,0.5768846783272116,0.5421729506519936,0.3661848004952951,nan
p1476,elmid-radnear-az045,elmid-radnear-az090,0.5355868183977714,0.5835333242079079,0.5585329843387676,0.5355868183977714,0.3661396215249659,nan
p1718,elmid-radnear-az270,elhigh-radnear-az225,0.5310417235026492,0.5739605629559668,0.5516676486734174,0.5310417235026492,0.36597868625922375,nan
p2402,elhigh-radnear-az225,elhigh-radfar-az270,0.5441953759193572,0.6097424944837188,0.5751072991194369,0.5441953759193572,0.36589466198499315,nan
p2310,elhigh-radnear-az045,elhigh-radmid-az000,0.5446811997796431,0.597388673866676,0.5698186899503804,0.5446811997796431,0.36588712067333,nan
p1460,elmid-radnear-az000,elhigh-radmid-az000,0.5424391114013177,0.5903647981309881,0.5653881555423054,0.5424391114013177,0.3658420451252541,nan
p1677,elmid-radnear-az225,elhigh-radnear-az225,0.5395733858736372,0.5883862598609138,0.5629236252116644,0.5395733858736372,0.36582915392020227,nan
p2293,elhigh-radnear-az000,elhigh-radmid-az225,0.5392008511806841,0.6078646332516336,0.5714776219844573,0.5392008511806841,0.36571823132619546,nan
p2497,elhigh-radmid-az180,elhigh-radfar-az135,0.5391934010903309,0.6090195489570387,0.571983310097831,0.5391934010903309,0.36569960097853355,nan
p1458,elmid-radnear-az000,elhigh-radnear-az270,0.5378383009982622,0.5898610828705481,0.5626497401243551,0.5378383009982622,0.3656274159283665,nan
p1499,elmid-radnear-az045,elhigh-radnear-az045,0.5388455223525911,0.5857015790487454,0.5612973843638482,0.5388455223525911,0.36545870863647595,nan
p2536,elhigh-radfar-az045,elhigh-radfar-az090,0.5485106629626154,0.6208647172763836,0.5824492689657337,0.5485106629626154,0.3654238923069887,nan
p2503,elhigh-radmid-az225,elhigh-radmid-az315,0.5439805853191868,0.6186907045492664,0.5789353096184711,0.5439805853191868,0.3651575437024733,nan
p2434,elhigh-radnear-az315,elhigh-radfar-az225,0.5440732354030683,0.620878049643844,0.5799437857985106,0.5440732354030683,0.36511808872492857,nan
p1613,elmid-radnear-az180,elmid-radnear-az315,0.5355265189528834,0.5889470854797857,0.560967872062347,0.5355265189528834,0.36507931283769607,nan
p2552,elhigh-radfar-az180,elhigh-radfar-az270,0.5501376083138364,0.6173382952838014,0.5818038937530301,0.5501376083138364,0.36507727202431295,nan
p2465,elhigh-radmid-az045,elhigh-radfar-az315,0.5442129812853256,0.6241849056046985,0.5814620724051444,0.5442129812853256,0.3650585421124429,nan
p2525,elhigh-radmid-az315,elhigh-radfar-az180,0.5494463576431158,0.6213263589712424,0.5831798093683412,0.5494463576431158,0.3649854002749215,nan
p1589,elmid-radnear-az135,elhigh-radnear-az090,0.5350820550995113,0.5833818314896149,0.5581890538337113,0.5350820550995113,0.3649273301499894,nan
p2442,elhigh-radmid-az000,elhigh-radmid-az270,0.5368243940161957,0.6009830523511237,0.5670948347586102,0.5368243940161957,0.36491298648932013,nan
p2531,elhigh-radfar-az000,elhigh-radfar-az135,0.5483674001403936,0.6176712857308191,0.5809597935329457,0.5483674001403936,0.3647442171465419,nan
p2500,elhigh-radmid-az180,elhigh-radfar-az270,0.5480396414395029,0.6297277635107646,0.5860508216960078,0.5480396414395029,0.3646802959709118,nan
p2448,elhigh-radmid-az000,elhigh-radfar-az180,0.5445015292934842,0.6110266871826153,0.5758491413125036,0.5445015292934842,0.36460064035198336,nan
p2291,elhigh-radnear-az000,elhigh-radmid-az135,0.5408086283405765,0.6011773481066834,0.5693973546513437,0.5408086283405765,0.3645800816246982,nan
p2318,elhigh-radnear-az045,elhigh-radfar-az000,0.5481761524926518,0.6163070249788024,0.5802485089405328,0.5481761524926518,0.3645238564353673,nan
p2424,elhigh-radnear-az315,elhigh-radmid-az135,0.5423060579186919,0.6120667190628076,0.5750785122741998,0.5423060579186919,0.36446640930267776,nan
p2373,elhigh-radnear-az180,elhigh-radmid-az135,0.5409980771002508,0.6171052988015583,0.5765509141358808,0.5409980771002508,0.3643188505569109,nan
p2429,elhigh-radnear-az315,elhigh-radfar-az000,0.5433287850044519,0.6138992110166981,0.5764622245291724,0.5433287850044519,0.3642691456543599,nan
p2408,elhigh-radnear-az270,elhigh-radmid-az135,0.5450646139733969,0.6073402063829811,0.574519733508733,0.5450646139733969,0.36413624190050736,nan
p2345,elhigh-radnear-az090,elhigh-radfar-az270,0.5418140862221492,0.6129103340448102,0.5751735162920122,0.5418140862221492,0.36393226883828234,nan
p1432,elmid-radnear-az000,elmid-radnear-az180,0.5375590171786996,0.5905483333782959,0.5628091715395963,0.5375590171786996,0.36382211680209836,nan
p1435,elmid-radnear-az000,elmid-radnear-az315,0.5275554055403339,0.5730770600645924,0.5493748554147413,0.5275554055403339,0.36379470059713087,nan
p2384,elhigh-radnear-az180,elhigh-radfar-az270,0.543470738863842,0.6217861075015663,0.5799966871049487,0.543470738863842,0.36375080382682,nan
p2315,elhigh-radnear-az045,elhigh-radmid-az225,0.5360609883767536,0.6086562543501978,0.570056711142747,0.5360609883767536,0.36374390203085316,nan
p2533,elhigh-radfar-az000,elhigh-radfar-az225,0.5448862065714415,0.6256484198254685,0.5824811781527254,0.5448862065714415,0.36348064565987165,nan
p2320,elhigh-radnear-az045,elhigh-radfar-az090,0.5423113343200957,0.6068949583786103,0.5727883962374577,0.5423113343200957,0.36330126082060493,nan
p2479,elhigh-radmid-az135,elhigh-radmid-az180,0.5392790567258141,0.6100383085261409,0.572480488914337,0.5392790567258141,0.3631917294378684,nan
p2358,elhigh-radnear-az135,elhigh-radmid-az315,0.5460811931170068,0.6061939221685699,0.5745695552854994,0.5460811931170068,0.3631248304617845,nan
p2346,elhigh-radnear-az090,elhigh-radfar-az315,0.5502259179983237,0.6363795807788176,0.5901751498543766,0.5502259179983237,0.3630987801605468,nan
p2391,elhigh-radnear-az225,elhigh-radmid-az135,0.5375083214046074,0.6118833732679057,0.5722895099817639,0.5375083214046074,0.3630535255563611,nan
p2389,elhigh-radnear-az225,elhigh-radmid-az045,0.5378766850810425,0.6044494330717178,0.5692231880077764,0.5378766850810425,0.3630236136707296,nan
p1588,elmid-radnear-az135,elhigh-radnear-az045,0.5314373024730351,0.5737655022701371,0.5517908377899663,0.5314373024730351,0.3630197212573899,nan
p2331,elhigh-radnear-az090,elhigh-radmid-az000,0.544254823804926,0.6004725023177534,0.5709832350304669,0.544254823804926,0.3630035783571058,nan
p2394,elhigh-radnear-az225,elhigh-radmid-az270,0.5380091678958151,0.6016107064102612,0.5680351542659515,0.5380091678958151,0.3629946297051599,nan
p2418,elhigh-radnear-az270,elhigh-radfar-az225,0.5445898252281197,0.6118479526177008,0.5762630311212135,0.5445898252281197,0.36293612431812033,nan
p1759,elmid-radnear-az315,elhigh-radnear-az270,0.5373708699099405,0.58782765238815,0.561467955496042,0.5373708699099405,0.36271246109516625,nan
p2467,elhigh-radmid-az090,elhigh-radmid-az180,0.5262622692185472,0.6063153289498733,0.5634596364808218,0.5262622692185472,0.3625095142629318,nan
p2535,elhigh-radfar-az000,elhigh-radfar-az315,0.5460231029700007,0.6243724185363667,0.5825753074299612,0.5460231029700007,0.3624730489113567,nan
p2392,elhigh-radnear-az225,elhigh-radmid-az180,0.5345252675099081,0.6009399376065983,0.5657902672122751,0.5345252675099081,0.3624027151014004,nan
p2409,elhigh-radnear-az270,elhigh-radmid-az180,0.5405921813520975,0.6105588797422059,0.5734492505787526,0.5405921813520975,0.3623889006787491,nan
p1454,elmid-radnear-az000,elhigh-radnear-az090,0.5343840313460518,0.5881378404657027,0.55997389105293,0.5343840313460518,0.3623784279319805,nan
p2360,elhigh-radnear-az135,elhigh-radfar-az045,0.5464172766819193,0.6220286350277567,0.58177651077184,0.5464172766819193,0.36236311592158377,nan
p2482,elhigh-radmid-az135,elhigh-radmid-az315,0.5439183126253808,0.613569169911395,0.5766481497419704,0.5439183126253808,0.36208590418407344,nan
p2466,elhigh-radmid-az090,elhigh-radmid-az135,0.5385206049258305,0.6137004242055688,0.5736578578774274,0.5385206049258305,0.36195311202347114,nan
p2490,elhigh-radmid-az135,elhigh-radfar-az315,0.5475933371305932,0.6250561013582612,0.5837662053165461,0.5475933371305932,0.3617843270049291,nan
p2439,elhigh-radmid-az000,elhigh-radmid-az135,0.5379668829092408,0.6094322041248741,0.5714739481709536,0.5379668829092408,0.36172110794306633,nan
p2316,elhigh-radnear-az045,elhigh-radmid-az270,0.5336428236904134,0.606114596519369,0.567574641816393,0.5336428236904134,0.3616659886585462,nan
p2324,elhigh-radnear-az045,elhigh-radfar-az270,0.5385785241685673,0.6115815164352879,0.5727631962549468,0.5385785241685673,0.36154057026467384,nan
p2491,elhigh-radmid-az180,elhigh-radmid-az225,0.5325849138365566,0.589099795616334,0.559418633855658,0.5325849138365566,0.36134307451685493,nan
p2328,elhigh-radnear-az090,elhigh-radnear-az225,0.5306037025608422,0.5914993482910013,0.5593991461430752,0.5306037025608422,0.3612238898693486,nan
p2322,elhigh-radnear-az045,elhigh-radfar-az180,0.5380144564435202,0.622480793164389,0.5771736949272689,0.5380144564435202,0.36114245881679496,nan
p2385,elhigh-radnear-az180,elhigh-radfar-az315,0.5427817062631067,0.6161155935603931,0.5771284015916658,0.5427817062631067,0.3609893509585109,nan
p2455,elhigh-radmid-az045,elhigh-radmid-az225,0.5334852395941686,0.6012488801581652,0.5653437176224376,0.5334852395941686,0.3609517895209777,nan
p2483,elhigh-radmid-az135,elhigh-radfar-az000,0.542210516746619,0.6163290243824214,0.5768988747171481,0.542210516746619,0.3609426225709636,nan
p2336,elhigh-radnear-az090,elhigh-radmid-az225,0.5352349727864261,0.6067179066396612,0.5687391276819053,0.5352349727864261,0.36073905072680834,nan
p2415,elhigh-radnear-az270,elhigh-radfar-az090,0.5414880818320915,0.6139120167312654,0.5754301748231244,0.5414880818320915,0.3607250938012508,nan
p1453,elmid-radnear-az000,elhigh-radnear-az045,0.532478363528172,0.5801975006748237,0.5553146709149833,0.532478363528172,0.36071959163946365,nan
p2451,elhigh-radmid-az000,elhigh-radfar-az315,0.5332034640111073,0.6054335258632881,0.5670275181458388,0.5332034640111073,0.36063435481887,nan
p2550,elhigh-radfar-az135,elhigh-radfar-az315,0.5504447005364609,0.62530505128146,0.5854916850535086,0.5504447005364609,0.3605606698121866,nan
p2510,elhigh-radmid-az225,elhigh-radfar-az270,0.5376528544262015,0.602867328078487,0.5683956228987879,0.5376528544262015,0.36052108731586047,nan
p2432,elhigh-radnear-az315,elhigh-radfar-az135,0.5412421489211587,0.6160135712535307,0.5762123327755584,0.5412421489211587,0.3604208484412829,nan
p2371,elhigh-radnear-az180,elhigh-radmid-az045,0.5322768351365273,0.5963892913814015,0.562512149638374,0.5322768351365273,0.3604073514638508,nan
p2290,elhigh-radnear-az000,elhigh-radmid-az090,0.5383295130142396,0.5960312288349793,0.5657128095546567,0.5383295130142396,0.360327514612818,nan
p1612,elmid-radnear-az180,elmid-radnear-az270,0.5237370985045264,0.5737527409480248,0.5476052442599935,0.5237370985045264,0.36026544981514774,nan
p2314,elhigh-radnear-az045,elhigh-radmid-az180,0.5306563015076398,0.6048780414645197,0.5653414999437257,0.5306563015076398,0.3600138047339845,nan
p2341,elhigh-radnear-az090,elhigh-radfar-az090,0.5434109556169124,0.6052059185502152,0.5726461693902143,0.5434109556169124,0.35991509674868477,nan
p2387,elhigh-radnear-az225,elhigh-radnear-az315,0.5326928996577194,0.5873240869414293,0.5586761176928926,0.5326928996577194,0.35987948483406446,nan
p2518,elhigh-radmid-az270,elhigh-radfar-az225,0.5377113846794792,0.6149282191640116,0.5737333735585649,0.5377113846794792,0.359680206807327,nan
p2524,elhigh-radmid-az315,elhigh-radfar-az135,0.5451822634494464,0.6082800902250866,0.5750053572944243,0.5451822634494464,0.35966666015995896,nan
p2377,elhigh-radnear-az180,elhigh-radmid-az315,0.5409130287108438,0.61055353195952,0.5736273573937872,0.5409130287108438,0.35966429132740424,nan
p2416,elhigh-radnear-az270,elhigh-radfar-az135,0.5438627391942892,0.6107530760047591,0.575370329272725,0.5438627391942892,0.35961517597598114,nan
p1760,elmid-radnear-az315,elhigh-radnear-az315,0.5308178189131153,0.5731338056916158,0.551164797264601,0.5308178189131153,0.35954353579101944,nan
p2365,elhigh-radnear-az135,elhigh-radfar-az270,0.5414278411487059,0.6162315186386409,0.5764129110407674,0.5414278411487059,0.3594254009540705,nan
p1525,elmid-radnear-az090,elmid-radnear-az270,0.5248104932715475,0.5795587321227659,0.5508275621798173,0.5248104932715475,0.35907656800488946,nan
p2549,elhigh-radfar-az135,elhigh-radfar-az270,0.539466002116105,0.6157704201195557,0.5750982229600914,0.539466002116105,0.3587619921275879,nan
p2308,elhigh-radnear-az045,elhigh-radnear-az270,0.5288910005546583,0.5964291197415899,0.5606333490545254,0.5288910005546583,0.35874320359149614,nan
p1544,elmid-radnear-az090,elhigh-radnear-az045,0.5393975103838506,0.5976196123184627,0.5670179007946877,0.5393975103838506,0.35874230851079214,nan
p2294,elhigh-radnear-az000,elhigh-radmid-az270,0.5269682769509976,0.5948076128192379,0.5588366548132716,0.5269682769509976,0.3587149073344179,nan
p1522,elmid-radnear-az090,elmid-radnear-az135,0.5249001587471913,0.5724554510019961,0.5476473705279935,0.5249001587471913,0.3585249292734901,nan
p2407,elhigh-radnear-az270,elhigh-radmid-az090,0.5285145942528651,0.5968091884432798,0.5605895315226813,0.5285145942528651,0.35839758349072814,nan
p2410,elhigh-radnear-az270,elhigh-radmid-az225,0.5268523967995412,0.6005713513804277,0.5613017402457792,0.5268523967995412,0.3582834413701241,nan
p1594,elmid-radnear-az135,elhigh-radnear-az315,0.5287741977387307,0.5778003926475549,0.5522012555315964,0.5287741977387307,0.3582795549007884,nan
p1719,elmid-radnear-az270,elhigh-radnear-az270,0.531301942874478,0.5819384452929641,0.555468576066431,0.531301942874478,0.3582563516841715,nan
p2421,elhigh-radnear-az315,elhigh-radmid-az000,0.520821549393842,0.5803851517177,0.5489924710005459,0.520821549393842,0.358252478945566,nan
p2435,elhigh-radnear-az315,elhigh-radfar-az270,0.5354414739938211,0.6079915928392567,0.569414903396749,0.5354414739938211,0.3579570376159295,nan
p2554,elhigh-radfar-az225,elhigh-radfar-az270,0.5419188046959731,0.6117562805051568,0.5747237442313525,0.5419188046959731,0.35792971632679704,nan
p2296,elhigh-radnear-az000,elhigh-radfar-az000,0.5439447409852133,0.6157274107086775,0.5776144342971756,0.5439447409852133,0.35791096014020823,nan
p2284,elhigh-radnear-az000,elhigh-radnear-az180,0.5264832068488665,0.5860213256806193,0.554659109791949,0.5264832068488665,0.3577227740541822,nan
p2332,elhigh-radnear-az090,elhigh-radmid-az045,0.5347619483872982,0.5928774034801643,0.5623221199487181,0.5347619483872982,0.3576860104186432,nan
p2393,elhigh-radnear-az225,elhigh-radmid-az225,0.536803882970338,0.6054441653479306,0.5690616488406506,0.536803882970338,0.3575857097509039,nan
p2388,elhigh-radnear-az225,elhigh-radmid-az000,0.5298503390212101,0.5914973131029615,0.5589792804828281,0.5298503390212101,0.35750340349223153,nan
p2516,elhigh-radmid-az270,elhigh-radfar-az135,0.5376452178290848,0.6077384970669084,0.5705471317414862,0.5376452178290848,0.357190610240761,nan
p2487,elhigh-radmid-az135,elhigh-radfar-az180,0.5361749445476166,0.6197712983678539,0.5749503379957585,0.5361749445476166,0.357133845587177,nan
p2459,elhigh-radmid-az045,elhigh-radfar-az045,0.5409204453292321,0.6110325156499739,0.5738428419769321,0.5409204453292321,0.35708673368125554,nan
p2520,elhigh-radmid-az270,elhigh-radfar-az315,0.5375183097768268,0.6134804078774378,0.5729927355532131,0.5375183097768268,0.35692654504288485,nan
p2381,elhigh-radnear-az180,elhigh-radfar-az135,0.5335261962060155,0.6049399139516476,0.5669932347465659,0.5335261962060155,0.35689599847770487,nan
p2521,elhigh-radmid-az315,elhigh-radfar-az000,0.536886818265834,0.6111441307465345,0.5716139066470598,0.536886818265834,0.356852590717984,nan
p1570,elmid-radnear-az135,elmid-radnear-az315,0.5318221438478016,0.5809345942908369,0.5552945595061642,0.5318221438478016,0.3564476055730021,nan
p2323,elhigh-radnear-az045,elhigh-radfar-az225,0.5305814513383927,0.6210018479038878,0.5722418203901846,0.5305814513383927,0.3563187943292213,nan
p2289,elhigh-radnear-az000,elhigh-radmid-az045,0.5294708810868399,0.5787583129063633,0.5530185913379657,0.5294708810868399,0.35625402154955793,nan
p2512,elhigh-radmid-az270,elhigh-radmid-az315,0.5345004794925434,0.5950955211678004,0.5631727471097817,0.5345004794925434,0.35621623335958763,nan
p2469,elhigh-radmid-az090,elhigh-radmid-az270,0.5289213912131149,0.6005631047816675,0.5624701782428976,0.5289213912131149,0.3561707062773585,nan
p2509,elhigh-radmid-az225,elhigh-radfar-az225,0.5338824122563297,0.613475094037875,0.5709180639293017,0.5338824122563297,0.35607880618479676,nan
p2375,elhigh-radnear-az180,elhigh-radmid-az225,0.5215804454270746,0.5989254388152807,0.5575835014308832,0.5215804454270746,0.35576846218077807,nan
p2529,elhigh-radfar-az000,elhigh-radfar-az045,0.5395235255283485,0.6228955889183962,0.578219714374297,0.5395235255283485,0.35571687637890503,nan
p2285,elhigh-radnear-az000,elhigh-radnear-az225,0.5243469006487412,0.5763029704419013,0.5490986449422628,0.5243469006487412,0.3557015284113024,nan
p2317,elhigh-radnear-az045,elhigh-radmid-az315,0.5350764502314445,0.6114413623901362,0.5707157274151784,0.5350764502314445,0.35568982937697097,nan
p2351,elhigh-radnear-az135,elhigh-radmid-az000,0.5376350448203355,0.6118591650079328,0.5723507378987466,0.5376350448203355,0.35559118063211487,nan
p2395,elhigh-radnear-az225,elhigh-radmid-az315,0.5382593943393834,0.6003374903397798,0.5676061445409096,0.5382593943393834,0.3555099718498308,nan
p2349,elhigh-radnear-az135,elhigh-radnear-az270,0.524504678326069,0.5896482131907529,0.5551720033039785,0.524504678326069,0.35528603742716713,nan
p2405,elhigh-radnear-az270,elhigh-radmid-az000,0.5249557664644482,0.5828528559957987,0.5523913816011968,0.5249557664644482,0.3550612710190355,nan
p2481,elhigh-radmid-az135,elhigh-radmid-az270,0.5293383588283117,0.6161128621698896,0.5694387772005095,0.5293383588283117,0.35472005434551507,nan
p2502,elhigh-radmid-az225,elhigh-radmid-az270,0.5243301426081526,0.5977910468803832,0.5586559950864745,0.5243301426081526,0.35436943049817293,nan
p2302,elhigh-radnear-az000,elhigh-radfar-az270,0.5305999692397343,0.6046205401874369,0.5651970473772467,0.5305999692397343,0.35432246159670644,nan
p2312,elhigh-radnear-az045,elhigh-radmid-az090,0.5266906806757768,0.5974874069046762,0.5598597811404281,0.5266906806757768,0.354251663634408,nan
p2353,elhigh-radnear-az135,elhigh-radmid-az090,0.5357716486382126,0.6036433861299597,0.5676860534707694,0.5357716486382126,0.35408730583186776,nan
p2368,elhigh-radnear-az180,elhigh-radnear-az270,0.5247454805994775,0.5892127626681853,0.5551136879506374,0.5247454805994775,0.353952287310858,nan
p2382,elhigh-radnear-az180,elhigh-radfar-az180,0.5372316031250441,0.6135964447859611,0.5728803747919797,0.5372316031250441,0.3535534727300585,nan
p2348,elhigh-radnear-az135,elhigh-radnear-az225,0.5294102920619731,0.5926664833009178,0.5592553787920743,0.5294102920619731,0.35311574214325075,nan
p2327,elhigh-radnear-az090,elhigh-radnear-az180,0.522058960249284,0.5865137730620742,0.5524125956481953,0.522058960249284,0.3528095132473359,nan
p2412,elhigh-radnear-az270,elhigh-radmid-az315,0.5355934579577261,0.6019434491164126,0.5668334300229395,0.5355934579577261,0.35270894549766607,nan
p2319,elhigh-radnear-az045,elhigh-radfar-az045,0.5356186369868073,0.6136132168338211,0.5719693093173156,0.5356186369868073,0.35268392602095666,nan
p2304,elhigh-radnear-az045,elhigh-radnear-az090,0.5275960522271647,0.5851270635192826,0.5548742978291679,0.5275960522271647,0.3525259923961797,nan
p2370,elhigh-radnear-az180,elhigh-radmid-az000,0.525922010029362,0.5895432850444784,0.5559183075245395,0.525922010029362,0.35221818518349735,nan
p2374,elhigh-radnear-az180,elhigh-radmid-az180,0.5313400680078921,0.6100891912742064,0.5679981124478972,0.5313400680078921,0.35185820445570304,nan
p2545,elhigh-radfar-az090,elhigh-radfar-az270,0.5307683299736073,0.6168253122683456,0.5705701544991534,0.5307683299736073,0.3515729516166777,nan
p2419,elhigh-radnear-az270,elhigh-radfar-az270,0.534074890995658,0.6164237324786459,0.572302184485008,0.534074890995658,0.3515468255181798,nan
p2477,elhigh-radmid-az090,elhigh-radfar-az270,0.5289784043113848,0.6018339265517616,0.5630592122829164,0.5289784043113848,0.351266605843446,nan
p2344,elhigh-radnear-az090,elhigh-radfar-az225,0.5156317404575061,0.6005052323895701,0.554841503621254,0.5156317404575061,0.3512635067379046,nan
p1452,elmid-radnear-az000,elhigh-radnear-az000,0.5257479427088944,0.5757183569896835,0.5495996415866772,0.5257479427088944,0.35111997550830143,nan
p2546,elhigh-radfar-az090,elhigh-radfar-az315,0.5318030343127009,0.6102145477295982,0.5683169036399881,0.5318030343127009,0.3510755528893681,nan
p2330,elhigh-radnear-az090,elhigh-radnear-az315,0.5177210420069677,0.5703401692388785,0.5427582633493309,0.5177210420069677,0.3509638754586166,nan
p2386,elhigh-radnear-az225,elhigh-radnear-az270,0.5246180707803622,0.5861441137348797,0.5536771028643859,0.5246180707803622,0.3504159991227597,nan
p2299,elhigh-radnear-az000,elhigh-radfar-az135,0.5295192655416302,0.6124897679270218,0.567990484417447,0.5295192655416302,0.3503836782253285,nan
p2337,elhigh-radnear-az090,elhigh-radmid-az270,0.5261350494700155,0.5970137922584382,0.5593379424952798,0.5261350494700155,0.34987127971931054,nan
p2423,elhigh-radnear-az315,elhigh-radmid-az090,0.5236793054805172,0.6047842808926998,0.5613172033336244,0.5236793054805172,0.34971032684249237,nan
p2369,elhigh-radnear-az180,elhigh-radnear-az315,0.5244716223659759,0.5934490420510843,0.5568323259117252,0.5244716223659759,0.3495265989417836,nan
p2444,elhigh-radmid-az000,elhigh-radfar-az000,0.5293173233646634,0.6048304078834248,0.5645599841532137,0.5293173233646634,0.3494893916392621,nan
p2335,elhigh-radnear-az090,elhigh-radmid-az180,0.5181887535318708,0.591289419849361,0.5523308791457231,0.5181887535318708,0.349311796358606,nan
p2311,elhigh-radnear-az045,elhigh-radmid-az045,0.527885210016224,0.5952398453857609,0.5595428741976078,0.527885210016224,0.34926787159796613,nan
p2367,elhigh-radnear-az180,elhigh-radnear-az225,0.5188754036756197,0.5798912735048983,0.5476891953074573,0.5188754036756197,0.34923251448024295,nan
p2306,elhigh-radnear-az045,elhigh-radnear-az180,0.5102852272706531,0.574150222376514,0.5403371437335801,0.5102852272706531,0.34838872139219534,nan
p2309,elhigh-radnear-az045,elhigh-radnear-az315,0.5242016312910543,0.5987972535881652,0.5590219213392696,0.5242016312910543,0.34800494078798566,nan
p2357,elhigh-radnear-az135,elhigh-radmid-az270,0.51968437432658,0.5973774296538232,0.5558290770667402,0.51968437432658,0.3478202175688822,nan
p2486,elhigh-radmid-az135,elhigh-radfar-az135,0.5392436571949929,0.6108098006404935,0.5728000007370805,0.5392436571949929,0.34772603297006516,nan
p2295,elhigh-radnear-az000,elhigh-radmid-az315,0.5188665408393809,0.5903323672997342,0.5522971779339679,0.5188665408393809,0.34721437955900974,nan
p2305,elhigh-radnear-az045,elhigh-radnear-az135,0.5293202099088625,0.60051679395203,0.5626752785441993,0.5293202099088625,0.347068987300834,nan
p2362,elhigh-radnear-az135,elhigh-radfar-az135,0.5311163665577973,0.5946891595145468,0.5611078260285249,0.5311163665577973,0.34695615720151274,nan
p2556,elhigh-radfar-az270,elhigh-radfar-az315,0.5333714646395814,0.6155859015848848,0.5715372277367199,0.5333714646395814,0.3469080448521302,nan
p2350,elhigh-radnear-az135,elhigh-radnear-az315,0.5212566461250142,0.5850100792760625,0.5512963282199652,0.5212566461250142,0.3465838892332449,nan
p2282,elhigh-radnear-az000,elhigh-radnear-az090,0.515686116881059,0.5710919341426021,0.5419766835053244,0.515686116881059,0.3462344799209421,nan
p0486,ellow-radnear-az315,ellow-radfar-az045,0.5693371638104914,0.6855413956581587,0.6220589091010806,0.5693371638104914,0.346145111831609,nan
p0084,ellow-radnear-az045,ellow-radmid-az270,0.5565770593684041,0.6773918960900912,0.6110701373775227,0.5565770593684041,0.34612088528065393,nan
p2326,elhigh-radnear-az090,elhigh-radnear-az135,0.5263417477457681,0.6008075561985037,0.5611148373721024,0.5263417477457681,0.34605501841604025,nan
p2527,elhigh-radmid-az315,elhigh-radfar-az270,0.5312697199972991,0.6035221704046225,0.5650957804597351,0.5312697199972991,0.34540472970182234,nan
p2427,elhigh-radnear-az315,elhigh-radmid-az270,0.5195188379629584,0.6004315803819027,0.5570523691169619,0.5195188379629584,0.3446219272722298,nan
p0554,ellow-radmid-az000,ellow-radfar-az270,0.5535520751385296,0.6708349551311595,0.6065763068504935,0.5535520751385296,0.34460391393027623,nan
p2283,elhigh-radnear-az000,elhigh-radnear-az135,0.5174976489795536,0.5834205985351478,0.5484853916987169,0.5174976489795536,0.34430706696679847,nan
p0789,ellow-radmid-az180,ellow-radmid-az315,0.5508217162281818,0.6521858902323183,0.5972333831113902,0.5508217162281818,0.34407263555452483,nan
p2347,elhigh-radnear-az135,elhigh-radnear-az180,0.5115818160995556,0.5741006623081165,0.5410411704871602,0.5115818160995556,0.34406732293657016,nan
p2354,elhigh-radnear-az135,elhigh-radmid-az135,0.5245286781240647,0.6013957717592877,0.5603383588001521,0.5245286781240647,0.3434878061896044,nan
p2473,elhigh-radmid-az090,elhigh-radfar-az090,0.5259099298463831,0.5957459332363935,0.5586538835423499,0.5259099298463831,0.3434047609051727,nan
p2286,elhigh-radnear-az000,elhigh-radnear-az270,0.5109765191603277,0.5713048772545426,0.5394592913189864,0.5109765191603277,0.3431980892816204,nan
p2287,elhigh-radnear-az000,elhigh-radnear-az315,0.5170124582945366,0.575255550666456,0.5445811539981907,0.5170124582945366,0.34317352877116986,nan
p1715,elmid-radnear-az270,elhigh-radnear-az090,0.5030199987668129,0.565226764161175,0.5323121512337133,0.5030199987668129,0.34226197234132955,nan
p2519,elhigh-radmid-az270,elhigh-radfar-az270,0.5224514705511345,0.6065557589749557,0.5613709814431298,0.5224514705511345,0.3421251625831209,nan
p2333,elhigh-radnear-az090,elhigh-radmid-az090,0.519854841910175,0.5939297553442396,0.5544290338209824,0.519854841910175,0.3420866138155584,nan
p2436,elhigh-radnear-az315,elhigh-radfar-az315,0.5213863778533276,0.6012578007515199,0.5584808309957581,0.5213863778533276,0.3420069716709275,nan
p2307,elhigh-radnear-az045,elhigh-radnear-az225,0.5072667288790502,0.5894432733737269,0.5452762544881642,0.5072667288790502,0.34105600142404197,nan
p0005,ellow-radnear-az000,ellow-radnear-az225,0.5523098034321585,0.6708983941171843,0.6058555868415288,0.5523098034321585,0.34021718178420085,nan
p2281,elhigh-radnear-az000,elhigh-radnear-az045,0.5140483829127555,0.5712968999408993,0.5411628026899303,0.5140483829127555,0.3401917976766736,nan
p2288,elhigh-radnear-az000,elhigh-radmid-az000,0.5219493743807521,0.5817869407472749,0.5502461513386169,0.5219493743807521,0.340098733493064,nan
p2428,elhigh-radnear-az315,elhigh-radmid-az315,0.5198883873344075,0.5933839883095932,0.5542101852188283,0.5198883873344075,0.33981105266516576,nan
p0004,ellow-radnear-az000,ellow-radnear-az180,0.5459706644519909,0.6487610686915162,0.592944008965308,0.5459706644519909,0.33952145434799863,nan
p2411,elhigh-radnear-az270,elhigh-radmid-az270,0.5159153518073907,0.585126954099894,0.548345829686682,0.5159153518073907,0.33881616388376734,nan
p0667,ellow-radmid-az090,ellow-radmid-az180,0.5514439423000621,0.6580765840356042,0.6000598384805613,0.5514439423000621,0.3387087067076025,nan
p2528,elhigh-radmid-az315,elhigh-radfar-az315,0.529436163144573,0.6071733292184891,0.5656463718542853,0.529436163144573,0.33858161001924386,nan
p0017,ellow-radnear-az000,ellow-radfar-az045,0.5547483643405384,0.6597881215783922,0.6027260366410444,0.5547483643405384,0.33843271928657176,nan
p2404,elhigh-radnear-az270,elhigh-radnear-az315,0.5077465627488529,0.5773873596930812,0.5403322874637807,0.5077465627488529,0.33794937870979114,nan
p0676,ellow-radmid-az090,ellow-radfar-az225,0.5516381185775618,0.6645326008575043,0.602845485115398,0.5516381185775618,0.3367723696025347,nan
p0545,ellow-radmid-az000,ellow-radmid-az225,0.5498006321173032,0.6685681513545083,0.6033956175087933,0.5498006321173032,0.33609827990214725,nan
p0014,ellow-radnear-az000,ellow-radmid-az270,0.5383267789110668,0.6511753856575361,0.5893980831793197,0.5383267789110668,0.3360369674505319,nan
p0788,ellow-radmid-az180,ellow-radmid-az270,0.5483563184961299,0.6578814919599623,0.5981465177277127,0.5483563184961299,0.33569726946197787,nan
p0288,ellow-radnear-az180,ellow-radmid-az270,0.5490769872610671,0.6472035493411885,0.5941157849583609,0.5490769872610671,0.33480010005349914,nan
p0479,ellow-radnear-az315,ellow-radmid-az090,0.543573917090059,0.6556573930520051,0.594377839197869,0.543573917090059,0.33475485833209395,nan
p0160,ellow-radnear-az090,ellow-radfar-az225,0.5457296467375625,0.6635825625129488,0.5989134561799181,0.5457296467375625,0.3343430848659919,nan
p0020,ellow-radnear-az000,ellow-radfar-az180,0.538195441686428,0.6521423303594468,0.5897150166493959,0.538195441686428,0.3339448828617358,nan
p0787,ellow-radmid-az180,ellow-radmid-az225,0.5432301838762674,0.640510991337023,0.5878732798765532,0.5432301838762674,0.3338483266973388,nan
p0796,ellow-radmid-az180,ellow-radfar-az270,0.5497836510996601,0.6590245724941334,0.5994680190924497,0.5497836510996601,0.33378251884777504,nan
p0546,ellow-radmid-az000,ellow-radmid-az270,0.5371766736074094,0.6485583762627121,0.5876362198101287,0.5371766736074094,0.3337184279819884,nan
p0607,ellow-radmid-az045,ellow-radmid-az225,0.54483016936458,0.657035105317765,0.5956949672306079,0.54483016936458,0.3336914748971411,nan
p0284,ellow-radnear-az180,ellow-radmid-az090,0.5425642631750089,0.656438496992682,0.594093827424939,0.5425642631750089,0.3335806584744594,nan
p0965,ellow-radmid-az315,ellow-radfar-az180,0.5480628885293524,0.6675112885008975,0.6019182898332461,0.5480628885293524,0.33324208927883614,nan
p0551,ellow-radmid-az000,ellow-radfar-az135,0.5494090705016809,0.6633670716909392,0.6010340632199791,0.5494090705016809,0.3331695896252064,nan
p0228,ellow-radnear-az135,ellow-radfar-az225,0.5473147500441531,0.6592957196387776,0.5981089689932801,0.5473147500441531,0.332739562676437,nan
p0490,ellow-radnear-az315,ellow-radfar-az225,0.5569054487466215,0.6634286985497002,0.6055178540988477,0.5569054487466215,0.3322219178725169,nan
p0016,ellow-radnear-az000,ellow-radfar-az000,0.544834673106352,0.6656184545209523,0.5992004230570057,0.544834673106352,0.33154254126100313,nan
p0296,ellow-radnear-az180,ellow-radfar-az270,0.5425925976827185,0.6500997316455124,0.5915009151522803,0.5425925976827185,0.33150839147784794,nan
p0485,ellow-radnear-az315,ellow-radfar-az000,0.5444635909616318,0.667649179133825,0.599796782184154,0.5444635909616318,0.33144785675792743,nan
p0219,ellow-radnear-az135,ellow-radmid-az180,0.5322239677013538,0.6373820688995113,0.5800756887973549,0.5322239677013538,0.3307435018265039,nan
p0544,ellow-radmid-az000,ellow-radmid-az180,0.5346181980625029,0.6501607613943243,0.586755481996293,0.5346181980625029,0.33050222511445077,nan
p0287,ellow-radnear-az180,ellow-radmid-az225,0.5417403015999942,0.6408994107101982,0.5871628297939898,0.5417403015999942,0.3303346174180393,nan
p0478,ellow-radnear-az315,ellow-radmid-az045,0.5526004569587323,0.6721192680843442,0.6065280195615592,0.5526004569587323,0.3296569275919233,nan
p0854,ellow-radmid-az225,ellow-radfar-az270,0.5476247006432303,0.6498253312483817,0.5943636778448789,0.5476247006432303,0.3295150013841773,nan
p0022,ellow-radnear-az000,ellow-radfar-az270,0.5369321283303841,0.6544316145474488,0.5898876170208978,0.5369321283303841,0.32945077217515306,nan
p1074,ellow-radfar-az045,ellow-radfar-az180,0.5496672065512725,0.6547101529377115,0.5976078810028809,0.5496672065512725,0.32935571764486177,nan
p0289,ellow-radnear-az180,ellow-radmid-az315,0.532504752497902,0.6476224399380426,0.584448912459092,0.532504752497902,0.3290926836041693,nan
p0414,ellow-radnear-az270,ellow-radmid-az045,0.5292118758776686,0.6489595493111558,0.5830002207100564,0.5292118758776686,0.3289335309058359,nan
p1129,ellow-radfar-az090,ellow-radfar-az270,0.551829781545052,0.6535585931291651,0.5984014832909487,0.551829781545052,0.32840828527815713,nan
p0021,ellow-radnear-az000,ellow-radfar-az225,0.5401410714850493,0.6472996423981818,0.5888851853048807,0.5401410714850493,0.3283785392390935,nan
p1283,ellow-radfar-az225,ellow-radfar-az315,0.5464062597841206,0.6644147770321355,0.5996598708228779,0.5464062597841206,0.328102933019387,nan
p0292,ellow-radnear-az180,ellow-radfar-az090,0.5358024653583725,0.6483830905261074,0.5867412529636687,0.5358024653583725,0.32802923896945474,nan
p0849,ellow-radmid-az225,ellow-radfar-az045,0.5389946054192044,0.6474168169971186,0.5882515377480375,0.5389946054192044,0.3278332482881393,nan
p0153,ellow-radnear-az090,ellow-radmid-az270,0.5297939082734389,0.6403547915546917,0.5798512065162534,0.5297939082734389,0.3271808804279664,nan
p0352,ellow-radnear-az225,ellow-radmid-az180,0.5370463783645317,0.6535944900264011,0.5896161690838948,0.5370463783645317,0.32658887671382697,nan
p1232,ellow-radfar-az180,ellow-radfar-az270,0.5481302363568823,0.6669759293871703,0.6017411220944259,0.5481302363568823,0.32652645866095953,nan
p0077,ellow-radnear-az045,ellow-radnear-az315,0.558276607216214,0.6650248253833604,0.6069931634766677,0.558276607216214,0.3259774836746021,nan
p0155,ellow-radnear-az090,ellow-radfar-az000,0.5354677427201553,0.6429334444889728,0.5843003621799775,0.5354677427201553,0.3258940523738875,nan
p0552,ellow-radmid-az000,ellow-radfar-az180,0.5354479493067635,0.6404489823847811,0.5832604627349933,0.5354479493067635,0.3252844363916242,nan
p1127,ellow-radfar-az090,ellow-radfar-az180,0.5376874408762128,0.6422669521407725,0.5853427486683647,0.5376874408762128,0.3252696648913763,nan
p0013,ellow-radnear-az000,ellow-radmid-az225,0.5318462908984163,0.6429648520996558,0.5821505419068227,0.5318462908984163,0.3252409907805119,nan
p1018,ellow-radfar-az000,ellow-radfar-az090,0.5551749614214652,0.6790155364146602,0.6108820719241002,0.5551749614214652,0.32506629415180527,nan
p1179,ellow-radfar-az135,ellow-radfar-az180,0.5386595134956413,0.6423055201648417,0.585934331916936,0.5386595134956413,0.32488044656897774,nan
p0012,ellow-radnear-az000,ellow-radmid-az180,0.5232595379971364,0.6433071298310272,0.5771064797733979,0.5232595379971364,0.32444992388480826,nan
p0355,ellow-radnear-az225,ellow-radmid-az315,0.5342628134100431,0.6492795689615429,0.5861825218425434,0.5342628134100431,0.3240593801270072,nan
p0281,ellow-radnear-az180,ellow-radnear-az315,0.5360178150448096,0.650925630762242,0.5879096187613299,0.5360178150448096,0.32396201484910886,nan
p0910,ellow-radmid-az270,ellow-radfar-az225,0.5437751909053923,0.6567882637803987,0.5949625771593701,0.5437751909053923,0.32376544278775815,nan
p0549,ellow-radmid-az000,ellow-radfar-az045,0.5445263111198337,0.6675435891131449,0.5997922199397996,0.5445263111198337,0.32370377450122845,nan
p0614,ellow-radmid-az045,ellow-radfar-az180,0.535231868556265,0.6352913791918979,0.5809849443258951,0.535231868556265,0.32352852111156744,nan
p0348,ellow-radnear-az225,ellow-radmid-az000,0.5251163396374662,0.6393575611928507,0.576633107901745,0.5251163396374662,0.32330817875609996,nan
p0363,ellow-radnear-az225,ellow-radfar-az315,0.5339094642663427,0.6336743976372318,0.5795296923857836,0.5339094642663427,0.3231715413713268,nan
p0792,ellow-radmid-az180,ellow-radfar-az090,0.5327900428668715,0.6429993063059901,0.5827295989900505,0.5327900428668715,0.3231386775006711,nan
p0483,ellow-radnear-az315,ellow-radmid-az270,0.529687354355153,0.6390503009679879,0.5792520873745747,0.529687354355153,0.32291252446172514,nan
p0152,ellow-radnear-az090,ellow-radmid-az225,0.5306047362365673,0.6531882005385187,0.5855496212095206,0.5306047362365673,0.32273551568993253,nan
p0282,ellow-radnear-az180,ellow-radmid-az000,0.5235876200188314,0.6410256493866586,0.5763854885574504,0.5235876200188314,0.32268023019768893,nan
p0610,ellow-radmid-az045,ellow-radfar-az000,0.5360571834671013,0.6554921840582073,0.589788897627824,0.5360571834671013,0.3224244557585456,nan
p0349,ellow-radnear-az225,ellow-radmid-az045,0.5291514070936758,0.6456621884396595,0.5816293866856829,0.5291514070936758,0.32224621579489837,nan
p0227,ellow-radnear-az135,ellow-radfar-az180,0.5189182492054578,0.6193474348686538,0.5647024083193,0.5189182492054578,0.32210967676694974,nan
p0422,ellow-radnear-az270,ellow-radfar-az045,0.5280294909004863,0.6443513464168121,0.5804197792725079,0.5280294909004863,0.3220564761244898,nan
p1023,ellow-radfar-az000,ellow-radfar-az315,0.5366715339490339,0.6508214686302711,0.5882600657656417,0.5366715339490339,0.3219744754445599,nan
p0003,ellow-radnear-az000,ellow-radnear-az135,0.5166916643979408,0.6268674409296668,0.5664721305647548,0.5166916643979408,0.3218381243912104,nan
p0848,ellow-radmid-az225,ellow-radfar-az000,0.5369086507193144,0.6613265185428098,0.5926581657161268,0.5369086507193144,0.32175115334923926,nan
p0850,ellow-radmid-az225,ellow-radfar-az090,0.5297963036291614,0.6316655712196251,0.576263572673067,0.5297963036291614,0.321674548404367,nan
p1020,ellow-radfar-az000,ellow-radfar-az180,0.5372742580697827,0.6469430321845568,0.5870305061256466,0.5372742580697827,0.32113891059928124,nan
p0019,ellow-radnear-az000,ellow-radfar-az135,0.5229723515198084,0.6246367945953608,0.5693014462653095,0.5229723515198084,0.32094028710039324,nan
p0151,ellow-radnear-az090,ellow-radmid-az180,0.5165738789973665,0.6290984841409821,0.567310261956327,0.5165738789973665,0.32022232839993425,nan
p0678,ellow-radmid-az090,ellow-radfar-az315,0.5200869512445973,0.6163765788003163,0.5641525789642589,0.5200869512445973,0.3198080811845717,nan
p0358,ellow-radnear-az225,ellow-radfar-az090,0.5291369641691895,0.6412095876332256,0.5798072273104,0.5291369641691895,0.31956711646413,nan
p0290,ellow-radnear-az180,ellow-radfar-az000,0.5274536716330869,0.6481475506027573,0.5816050525623429,0.5274536716330869,0.3190363120359315,nan
p0846,ellow-radmid-az225,ellow-radmid-az270,0.5308184919127116,0.6343159533922949,0.5779704464710584,0.5308184919127116,0.31885730126879513,nan
p0223,ellow-radnear-az135,ellow-radfar-az000,0.5239939409395071,0.6405354460786176,0.576433186562352,0.5239939409395071,0.31875063743374055,nan
p0855,ellow-radmid-az225,ellow-radfar-az315,0.5330517261385932,0.6368807944231338,0.5803589537775535,0.5330517261385932,0.31857543594983107,nan
p0491,ellow-radnear-az315,ellow-radfar-az270,0.533793216726153,0.6407749036819572,0.5824120220714634,0.533793216726153,0.3184492563152146,nan
p0018,ellow-radnear-az000,ellow-radfar-az090,0.5168531796529726,0.6303617778881065,0.567992052564399,0.5168531796529726,0.31837468902534577,nan
p0279,ellow-radnear-az180,ellow-radnear-az225,0.5264507571283231,0.638632084561018,0.5771406674500389,0.5264507571283231,0.31829422028911336,nan
p0908,ellow-radmid-az270,ellow-radfar-az135,0.5262446555149254,0.6489818222684922,0.5812040861081935,0.5262446555149254,0.3182725314533687,nan
p0418,ellow-radnear-az270,ellow-radmid-az225,0.5193019286188525,0.6349457530019207,0.571330675993645,0.5193019286188525,0.3182007398449873,nan
p0291,ellow-radnear-az180,ellow-radfar-az045,0.530620258991814,0.6420368632273662,0.5810355988855217,0.530620258991814,0.31811840502721694,nan
p0293,ellow-radnear-az180,ellow-radfar-az135,0.5252940247100598,0.6321997971142531,0.5738100188277891,0.5252940247100598,0.3181123292939627,nan
p0354,ellow-radnear-az225,ellow-radmid-az270,0.5229975192807389,0.6430256214626837,0.5768338433566993,0.5229975192807389,0.31806849489672184,nan
p1180,ellow-radfar-az135,ellow-radfar-az225,0.529295935480643,0.647635685902852,0.582516316143573,0.529295935480643,0.31791183657775435,nan
p0550,ellow-radmid-az000,ellow-radfar-az090,0.5371801236648442,0.6598726580322093,0.5922386739576534,0.5371801236648442,0.317749038643723,nan
p1182,ellow-radfar-az135,ellow-radfar-az315,0.5336041791545837,0.6416550504809099,0.5826626294497614,0.5336041791545837,0.31772738058949773,nan
p0669,ellow-radmid-az090,ellow-radmid-az270,0.5134868363588412,0.6328387219168106,0.5669495038237561,0.5134868363588412,0.3176535448791974,nan
p0481,ellow-radnear-az315,ellow-radmid-az180,0.5240674495455105,0.6153735955941346,0.5660622322432568,0.5240674495455105,0.3176268963291577,nan
p0280,ellow-radnear-az180,ellow-radnear-az270,0.5151827073399479,0.6282511463336864,0.566126541413381,0.5151827073399479,0.3176092810438225,nan
p0906,ellow-radmid-az270,ellow-radfar-az045,0.5227559204014229,0.6372369906077255,0.5743473195007263,0.5227559204014229,0.31753115473559923,nan
p0480,ellow-radnear-az315,ellow-radmid-az135,0.5212359697171204,0.6377030333800464,0.5736173484663186,0.5212359697171204,0.3174432044781282,nan
p0675,ellow-radmid-az090,ellow-radfar-az180,0.524730041439724,0.6416431225078332,0.577327107087295,0.524730041439724,0.31742377822050616,nan
p0606,ellow-radmid-az045,ellow-radmid-az180,0.5129689035544192,0.6120688308023692,0.5581542155402144,0.5129689035544192,0.31720366744551076,nan
p0297,ellow-radnear-az180,ellow-radfar-az315,0.5215582761956189,0.6253019716982251,0.5687378546070863,0.5215582761956189,0.31707597969412576,nan
p1130,ellow-radfar-az090,ellow-radfar-az315,0.5342453782564777,0.6403541431876482,0.5825070335884031,0.5342453782564777,0.3169986267710103,nan
p0416,ellow-radnear-az270,ellow-radmid-az135,0.5135125738525051,0.6243389055984073,0.563528516963932,0.5135125738525051,0.3163272559063125,nan
p1021,ellow-radfar-az000,ellow-radfar-az225,0.5296505728757682,0.6583550936103036,0.5870311267416257,0.5296505728757682,0.31562449225075484,nan
p0608,ellow-radmid-az045,ellow-radmid-az270,0.5144774814501029,0.6366533890313787,0.5690818316922298,0.5144774814501029,0.31556231644835386,nan
p0482,ellow-radnear-az315,ellow-radmid-az225,0.5263781269758244,0.6206471447124228,0.5696388555864561,0.5263781269758244,0.3154593369994331,nan
p1022,ellow-radfar-az000,ellow-radfar-az270,0.5251330522396759,0.6569373133705438,0.5836869048355128,0.5251330522396759,0.31538646980860174,nan
p0011,ellow-radnear-az000,ellow-radmid-az135,0.5161015399634463,0.633054930867649,0.5686268719627974,0.5161015399634463,0.3153462703199754,nan
p0790,ellow-radmid-az180,ellow-radfar-az000,0.5182615476915314,0.6418149218951934,0.5734587390974674,0.5182615476915314,0.31528704436483657,nan
p1128,ellow-radfar-az090,ellow-radfar-az225,0.5310875431906178,0.6487800418183863,0.5840638438724521,0.5310875431906178,0.31522359560324104,nan
p0963,ellow-radmid-az315,ellow-radfar-az090,0.5200253920632723,0.6350347312367541,0.5718043215650163,0.5200253920632723,0.3151700249956242,nan
p1126,ellow-radfar-az090,ellow-radfar-az135,0.5248136780931287,0.6489202856754039,0.5803056781642445,0.5248136780931287,0.31514571206546593,nan
p0356,ellow-radnear-az225,ellow-radfar-az000,0.5240686162709901,0.6412095341913049,0.5767512129015526,0.5240686162709901,0.31510591865120485,nan
p0489,ellow-radnear-az315,ellow-radfar-az180,0.5252859044303039,0.6330755403245636,0.5741656186467171,0.5252859044303039,0.31499508323944475,nan
p0732,ellow-radmid-az135,ellow-radfar-az045,0.5247637854311038,0.6494473092603248,0.5804857916711363,0.5247637854311038,0.31478507713252624,nan
p0006,ellow-radnear-az000,ellow-radnear-az270,0.510813186186516,0.6224544776142091,0.561134787698465,0.510813186186516,0.31444790086435914,nan
p0555,ellow-radmid-az000,ellow-radfar-az315,0.5210816073667771,0.634247541031409,0.5721222018976828,0.5210816073667771,0.31442723566678993,nan
p0413,ellow-radnear-az270,ellow-radmid-az000,0.5045360156480428,0.6221190246753783,0.5571917627572288,0.5045360156480428,0.3143750756325264,nan
p0359,ellow-radnear-az225,ellow-radfar-az135,0.5195137070652028,0.6325634709590366,0.5704919774828604,0.5195137070652028,0.3139996596934048,nan
p1076,ellow-radfar-az045,ellow-radfar-az270,0.5266667975776739,0.6246985665078729,0.5715092771361491,0.5266667975776739,0.31379234820186996,nan
p0212,ellow-radnear-az135,ellow-radnear-az225,0.5124189561529546,0.6319006268280996,0.5659220805225238,0.5124189561529546,0.31374227768422525,nan
p0357,ellow-radnear-az225,ellow-radfar-az045,0.5254353773644763,0.6313722142306457,0.5735531129844692,0.5254353773644763,0.31367546395514484,nan
p1282,ellow-radfar-az225,ellow-radfar-az270,0.5293239268489092,0.6413180384464378,0.5799638019705928,0.5293239268489092,0.3136551912492238,nan
p0477,ellow-radnear-az315,ellow-radmid-az000,0.5151006287379777,0.6390385552593351,0.5704150178175718,0.5151006287379777,0.31362121623422473,nan
p0362,ellow-radnear-az225,ellow-radfar-az270,0.5201661283026834,0.6389436761520859,0.5734691518442475,0.5201661283026834,0.31350578052743666,nan
p0082,ellow-radnear-az045,ellow-radmid-az180,0.5098423437843097,0.6343106481254089,0.5653062655332747,0.5098423437843097,0.3134405346418136,nan
p1017,ellow-radfar-az000,ellow-radfar-az045,0.5332422203697651,0.6407364777449834,0.5820680436762777,0.5332422203697651,0.31341850799924426,nan
p0795,ellow-radmid-az180,ellow-radfar-az225,0.5173364922605521,0.6376834268553637,0.5712402041941483,0.5173364922605521,0.31328466051394965,nan
p0791,ellow-radmid-az180,ellow-radfar-az045,0.5260778300884649,0.6393056299574618,0.5771911651433708,0.5260778300884649,0.3131679194237003,nan
p0221,ellow-radnear-az135,ellow-radmid-az270,0.5163763041072896,0.6294443323405176,0.5673316182939637,0.5163763041072896,0.3129488907209359,nan
p0793,ellow-radmid-az180,ellow-radfar-az135,0.5182839999431966,0.6242963693192938,0.5663720962573007,0.5182839999431966,0.31285106005412,nan
p0147,ellow-radnear-az090,ellow-radmid-az000,0.515977221687279,0.6252165587126506,0.5653684912379758,0.515977221687279,0.31273440270635416,nan
p0736,ellow-radmid-az135,ellow-radfar-az225,0.5236088845979238,0.629774013573531,0.5718053723854937,0.5236088845979238,0.31272386524795115,nan
p0962,ellow-radmid-az315,ellow-radfar-az045,0.5268313128970769,0.6388267073875568,0.5774488007803912,0.5268313128970769,0.31230967899817014,nan
p0347,ellow-radnear-az225,ellow-radnear-az315,0.5270503419090907,0.6439897566801995,0.5796812967431813,0.5270503419090907,0.31225743137393425,nan
p0080,ellow-radnear-az045,ellow-radmid-az090,0.5173856195273708,0.6286939474296144,0.567634598612799,0.5173856195273708,0.312003315835349,nan
p0216,ellow-radnear-az135,ellow-radmid-az045,0.5135283975641188,0.625280675108905,0.5639213645581498,0.5135283975641188,0.311986440390874,nan
p0426,ellow-radnear-az270,ellow-radfar-az225,0.5204059606423813,0.630215518456449,0.5700709021196615,0.5204059606423813,0.31191118039490134,nan
p0023,ellow-radnear-az000,ellow-radfar-az315,0.5103960614568893,0.6188002706493668,0.5593946986681753,0.5103960614568893,0.31168500317511294,nan
p0553,ellow-radmid-az000,ellow-radfar-az225,0.5208363102166482,0.656565816437043,0.5808776959140523,0.5208363102166482,0.3113432218993917,nan
p0211,ellow-radnear-az135,ellow-radnear-az180,0.5076265360670363,0.6256918203537064,0.5605093566378542,0.5076265360670363,0.31129214584154163,nan
p0609,ellow-radmid-az045,ellow-radmid-az315,0.5114546189570786,0.6298141826148528,0.5644969394403286,0.5114546189570786,0.3110774254308394,nan
p0161,ellow-radnear-az090,ellow-radfar-az270,0.5107700765195666,0.630045602729022,0.564172541753076,0.5107700765195666,0.31075186376978353,nan
p0090,ellow-radnear-az045,ellow-radfar-az180,0.5195268485914467,0.6267239996390818,0.5681128960065747,0.5195268485914467,0.310680943213442,nan
p0907,ellow-radmid-az270,ellow-radfar-az090,0.5206319321531448,0.6293791723113287,0.5698638791665976,0.5206319321531448,0.3106107249507553,nan
p0085,ellow-radnear-az045,ellow-radmid-az315,0.5087187503303404,0.6330446846751138,0.5641128293614516,0.5087187503303404,0.3103874813702912,nan
p0081,ellow-radnear-az045,ellow-radmid-az135,0.5169087225862116,0.6350435764960589,0.5699186748872718,0.5169087225862116,0.31031342983729815,nan
p0847,ellow-radmid-az225,ellow-radmid-az315,0.516659832005881,0.621425271356118,0.564220505750592,0.516659832005881,0.31000418129420365,nan
p0417,ellow-radnear-az270,ellow-radmid-az180,0.5084262701031184,0.6213834347438495,0.5592581842328432,0.5084262701031184,0.3097535915091673,nan
p0215,ellow-radnear-az135,ellow-radmid-az000,0.506340409930811,0.6384270735299717,0.5647634664549207,0.506340409930811,0.3095115058649191,nan
p0668,ellow-radmid-az090,ellow-radmid-az225,0.5050240995652949,0.6293816616605703,0.5603866232476806,0.5050240995652949,0.3094297075679656,nan
p0154,ellow-radnear-az090,ellow-radmid-az315,0.5026541043586881,0.6236642829246851,0.5566586057608948,0.5026541043586881,0.3091898928823653,nan
p1072,ellow-radfar-az045,ellow-radfar-az090,0.5242530637226112,0.6339952926249824,0.5739252254887104,0.5242530637226112,0.3084511782473706,nan
p0156,ellow-radnear-az090,ellow-radfar-az045,0.515310204167593,0.6376744652572951,0.5699991814255503,0.515310204167593,0.30806948278531415,nan
p0351,ellow-radnear-az225,ellow-radmid-az135,0.5143139996449908,0.628350149763045,0.5656417572382585,0.5143139996449908,0.3079232592605707,nan
p0295,ellow-radnear-az180,ellow-radfar-az225,0.5096380855443683,0.6332174761580107,0.5647463303266409,0.5096380855443683,0.30789929419580037,nan
p0851,ellow-radmid-az225,ellow-radfar-az135,0.5139752347196596,0.6274041384098235,0.5650534728328095,0.5139752347196596,0.3078005173416861,nan
p0728,ellow-radmid-az135,ellow-radmid-az225,0.5098996603318503,0.6171502484243302,0.5584219467132047,0.5098996603318503,0.30763014978067144,nan
p0353,ellow-radnear-az225,ellow-radmid-az225,0.5155746769678472,0.62013110862375,0.5630400057174252,0.5155746769678472,0.30761348571676167,nan
p0162,ellow-radnear-az090,ellow-radfar-az315,0.5060927670605693,0.6170828284512448,0.5561038850993592,0.5060927670605693,0.3073003329029427,nan
p1019,ellow-radfar-az000,ellow-radfar-az135,0.5206807059058551,0.6420837406400514,0.575044440549008,0.5206807059058551,0.307223714433229,nan
p0677,ellow-radmid-az090,ellow-radfar-az270,0.5137513457441539,0.6378792324527176,0.5691257601164691,0.5137513457441539,0.30720766471948613,nan
p0007,ellow-radnear-az000,ellow-radnear-az315,0.502031395885058,0.632115422559099,0.5596132401678875,0.502031395885058,0.3070990465452565,nan
p0853,ellow-radmid-az225,ellow-radfar-az225,0.5164832263787222,0.628969290103666,0.5672030635429149,0.5164832263787222,0.30636646355349,nan
p0611,ellow-radmid-az045,ellow-radfar-az045,0.5108125254686877,0.6277138113926743,0.5632615898074077,0.5108125254686877,0.3059204136819481,nan
p0214,ellow-radnear-az135,ellow-radnear-az315,0.5043299469347892,0.6091937167176524,0.5518241683656149,0.5043299469347892,0.30591129706033393,nan
p0002,ellow-radnear-az000,ellow-radnear-az090,0.5061402811622446,0.6113895618585221,0.5538087178097553,0.5061402811622446,0.30590246016725264,nan
p0294,ellow-radnear-az180,ellow-radfar-az180,0.5078147171834622,0.6158552530396617,0.556640952300586,0.5078147171834622,0.3058027122013693,nan
p0360,ellow-radnear-az225,ellow-radfar-az180,0.5083352515208194,0.6172268288667023,0.5575137271670142,0.5083352515208194,0.30568500121965775,nan
p0229,ellow-radnear-az135,ellow-radfar-az270,0.5068478030841076,0.6065888830402117,0.5522509659967254,0.5068478030841076,0.30557784351731043,nan
p0010,ellow-radnear-az000,ellow-radmid-az090,0.500349664019032,0.6260030389956258,0.556167547515138,0.500349664019032,0.30548192427136867,nan
p0285,ellow-radnear-az180,ellow-radmid-az135,0.5040357700936113,0.6043266029442808,0.5496437484939107,0.5040357700936113,0.3053052690312351,nan
p0852,ellow-radmid-az225,ellow-radfar-az180,0.5173402762864273,0.6154532492722784,0.5621479057498361,0.5173402762864273,0.30505575823298603,nan
p0091,ellow-radnear-az045,ellow-radfar-az225,0.5018176378169888,0.6347854932257093,0.5605238064737497,0.5018176378169888,0.30467798639950344,nan
p0612,ellow-radmid-az045,ellow-radfar-az090,0.5146005532562213,0.6359742074843228,0.5688855521521731,0.5146005532562213,0.30463811682227077,nan
p1181,ellow-radfar-az135,ellow-radfar-az270,0.501770270196212,0.6319238978979251,0.5593759479679292,0.501770270196212,0.3041295359056514,nan
p0905,ellow-radmid-az270,ellow-radfar-az000,0.5145194535727666,0.6175731755743301,0.5613558549128506,0.5145194535727666,0.30378809689407804,nan
p1077,ellow-radfar-az045,ellow-radfar-az315,0.5102408475210999,0.6290308444093395,0.5634428265736829,0.5102408475210999,0.30352262164172467,nan
p0361,ellow-radnear-az225,ellow-radfar-az225,0.5159294798421235,0.6276407808238819,0.5663287910085745,0.5159294798421235,0.30328928345682926,nan
p0083,ellow-radnear-az045,ellow-radmid-az225,0.5096591039722316,0.6111500267063784,0.5558094888381027,0.5096591039722316,0.3031987159954753,nan
p0727,ellow-radmid-az135,ellow-radmid-az180,0.5033691853387823,0.6089318405842838,0.5511413140474023,0.5033691853387823,0.3031837995746211,nan
p0086,ellow-radnear-az045,ellow-radfar-az000,0.5100254010396418,0.6373197439824447,0.5666111185904238,0.5100254010396418,0.30311774949350473,nan
p0424,ellow-radnear-az270,ellow-radfar-az135,0.5032067700305396,0.6304560752516999,0.559689799473944,0.5032067700305396,0.30301558329907907,nan
p0213,ellow-radnear-az135,ellow-radnear-az270,0.4846247251802247,0.5973884574831314,0.5351306650829875,0.4846247251802247,0.30280647944009265,nan
p0797,ellow-radmid-az180,ellow-radfar-az315,0.49913345056771696,0.6047113417326996,0.5468733660779573,0.49913345056771696,0.3026827459974611,nan
p0487,ellow-radnear-az315,ellow-radfar-az090,0.511811255477081,0.624881478635351,0.562722650557736,0.511811255477081,0.30233182449298357,nan
p0425,ellow-radnear-az270,ellow-radfar-az180,0.497128147223698,0.6161579116875957,0.5502798469137824,0.497128147223698,0.3022771134035365,nan
p0073,ellow-radnear-az045,ellow-radnear-az135,0.4930125968195505,0.6057874631125486,0.5436127302874395,0.4930125968195505,0.3018199875249964,nan
p0729,ellow-radmid-az135,ellow-radmid-az270,0.5016434896263221,0.6076509788032739,0.5495820382359925,0.5016434896263221,0.3018008071059554,nan
p0420,ellow-radnear-az270,ellow-radmid-az315,0.4890037851126072,0.6005741452290255,0.5390766866316372,0.4890037851126072,0.30170655033730526,nan
p0428,ellow-radnear-az270,ellow-radfar-az315,0.5038759097686487,0.610039734247316,0.5518987505744836,0.5038759097686487,0.30165120211732366,nan
p0144,ellow-radnear-az090,ellow-radnear-az225,0.49221049858928817,0.6254095614796021,0.5508726320810815,0.49221049858928817,0.3016085788084718,nan
p0674,ellow-radmid-az090,ellow-radfar-az135,0.503898629005316,0.6268955299344932,0.5587078701568827,0.503898629005316,0.301579297696821,nan
p0541,ellow-radmid-az000,ellow-radmid-az045,0.5030891558194686,0.6305633053495983,0.5596592815613414,0.5030891558194686,0.30071907911481033,nan
p0224,ellow-radnear-az135,ellow-radfar-az045,0.5080472595597906,0.6215068963028424,0.5590787724968,0.5080472595597906,0.30068602861030963,nan
p0737,ellow-radmid-az135,ellow-radfar-az270,0.49476430108247027,0.6226148277673049,0.5513752354064031,0.49476430108247027,0.3006018241900159,nan
p0909,ellow-radmid-az270,ellow-radfar-az180,0.5003017643683759,0.6051742999532012,0.5477635921548261,0.5003017643683759,0.3005813909913262,nan
p0074,ellow-radnear-az045,ellow-radnear-az180,0.49689453481874185,0.6074970919540787,0.5466575037196566,0.49689453481874185,0.30047593486027857,nan
p0350,ellow-radnear-az225,ellow-radmid-az090,0.5003482622829345,0.6174202936903486,0.5527533752766774,0.5003482622829345,0.3004168618072893,nan
p0421,ellow-radnear-az270,ellow-radfar-az000,0.49780448728893606,0.6240734233418952,0.5538330821803519,0.49780448728893606,0.30002198343307546,nan
p0670,ellow-radmid-az090,ellow-radmid-az315,0.495932583126931,0.6264202205559595,0.553590986869461,0.495932583126931,0.299663452988441,nan
p0008,ellow-radnear-az000,ellow-radmid-az000,0.4891299231074752,0.6098932199588311,0.5428766912949994,0.4891299231074752,0.2995644595896603,nan
p0968,ellow-radmid-az315,ellow-radfar-az315,0.506818888895193,0.6281951936434778,0.5610171626057169,0.506818888895193,0.2995329230166924,nan
p0967,ellow-radmid-az315,ellow-radfar-az270,0.5011371724564152,0.6244957119093337,0.5560569873609181,0.5011371724564152,0.29932508631075194,nan
p0009,ellow-radnear-az000,ellow-radmid-az045,0.4982938664282111,0.6077473070485453,0.5476048499869286,0.4982938664282111,0.2986726009125882,nan
p0543,ellow-radmid-az000,ellow-radmid-az135,0.4897876402364683,0.6153564445554613,0.5454383460594052,0.4897876402364683,0.2986246279279329,nan
p0616,ellow-radmid-az045,ellow-radfar-az270,0.49639362966501593,0.6252413215865131,0.5534167933917753,0.49639362966501593,0.29858130608223626,nan
p0148,ellow-radnear-az090,ellow-radmid-az045,0.4944464683851609,0.6003326072779073,0.5422689273545648,0.4944464683851609,0.29839250941437145,nan
p0605,ellow-radmid-az045,ellow-radmid-az135,0.49921335381822407,0.624503134352361,0.5548735957013181,0.49921335381822407,0.2983630224600182,nan
p1075,ellow-radfar-az045,ellow-radfar-az225,0.49477584792871615,0.6314374953656062,0.5548149896175673,0.49477584792871615,0.2983364479713219,nan
p0738,ellow-radmid-az135,ellow-radfar-az315,0.49390054506610914,0.6042862836102784,0.543545628225776,0.49390054506610914,0.29832568194932685,nan
p0548,ellow-radmid-az000,ellow-radfar-az000,0.5044488474274187,0.6187563325032113,0.555786109869862,0.5044488474274187,0.2982729314685531,nan
p1231,ellow-radfar-az180,ellow-radfar-az225,0.503003281185518,0.6118398678403355,0.5521089874440542,0.503003281185518,0.29805405622947206,nan
p1332,ellow-radfar-az270,ellow-radfar-az315,0.5087375317904516,0.6130577634881476,0.556047069825654,0.5087375317904516,0.29783532024797066,nan
p0015,ellow-radnear-az000,ellow-radmid-az315,0.4844058303231255,0.6224546629291686,0.5448214470980808,0.4844058303231255,0.2972949049317068,nan
p0078,ellow-radnear-az045,ellow-radmid-az000,0.49153386453523307,0.6071966028791397,0.543277358000648,0.49153386453523307,0.2967084455053164,nan
p0964,ellow-radmid-az315,ellow-radfar-az135,0.4971331029720541,0.6350669418748275,0.5576979100930931,0.4971331029720541,0.2965034681530785,nan
p0093,ellow-radnear-az045,ellow-radfar-az315,0.49664938728447383,0.6007961562591356,0.5437810461656127,0.49664938728447383,0.2964678530618479,nan
p0730,ellow-radmid-az135,ellow-radmid-az315,0.49463480615060784,0.6378555868247331,0.5571889642475827,0.49463480615060784,0.2962711939730453,nan
p1233,ellow-radfar-az180,ellow-radfar-az315,0.5054795529915536,0.6153311524810829,0.555022028928165,0.5054795529915536,0.2962496457062911,nan
p0220,ellow-radnear-az135,ellow-radmid-az225,0.4833798320718705,0.6008176573983823,0.535738444627736,0.4833798320718705,0.29611657988555184,nan
p0222,ellow-radnear-az135,ellow-radmid-az315,0.4829476389110633,0.6088641246216857,0.5386450324591588,0.4829476389110633,0.29601919295742574,nan
p0542,ellow-radmid-az000,ellow-radmid-az090,0.48865482544823974,0.6196908406616484,0.5464268573146888,0.48865482544823974,0.2954776832486996,nan
p0346,ellow-radnear-az225,ellow-radnear-az270,0.4839533601780667,0.6083327399439343,0.5390614667152023,0.4839533601780667,0.29545791024128554,nan
p0159,ellow-radnear-az090,ellow-radfar-az180,0.4894814799020267,0.5981020273459463,0.5383676076855879,0.4894814799020267,0.29531860341227284,nan
p0146,ellow-radnear-az090,ellow-radnear-az315,0.4872302208935463,0.6102179207815089,0.5418326407328465,0.4872302208935463,0.29500702119800154,nan
p0001,ellow-radnear-az000,ellow-radnear-az045,0.4905658384678068,0.630368933414784,0.5517492580684629,0.4905658384678068,0.29490787497256593,nan
p0286,ellow-radnear-az180,ellow-radmid-az180,0.47467049954156615,0.582616299894885,0.5231329290398204,0.47467049954156615,0.29474641932157847,nan
p0415,ellow-radnear-az270,ellow-radmid-az090,0.482228529223937,0.611567797553313,0.539251106106367,0.482228529223937,0.2942234453539944,nan
p0488,ellow-radnear-az315,ellow-radfar-az135,0.48641393451059584,0.5984331904525024,0.5366401145592415,0.48641393451059584,0.2939878283311835,nan
p0142,ellow-radnear-az090,ellow-radnear-az135,0.4901260729530633,0.618778650245866,0.5469893734374459,0.4901260729530633,0.29395617739655766,nan
p0412,ellow-radnear-az270,ellow-radnear-az315,0.4813612338332861,0.6081681456156596,0.5373853600895457,0.4813612338332861,0.29293050176716323,nan
p0283,ellow-radnear-az180,ellow-radmid-az045,0.48304360892165715,0.6156560242012133,0.5413466953460891,0.48304360892165715,0.29248501675516925,nan
p0794,ellow-radmid-az180,ellow-radfar-az180,0.48599918196041203,0.5831971411802273,0.5301801500826135,0.48599918196041203,0.2919206305914132,nan
p1073,ellow-radfar-az045,ellow-radfar-az135,0.49594229511720006,0.6218139899122803,0.5517908714509197,0.49594229511720006,0.2917284946017803,nan
p0731,ellow-radmid-az135,ellow-radfar-az000,0.47849243510480977,0.6329809832951672,0.5450001899423701,0.47849243510480977,0.2915380049579624,nan
p0218,ellow-radnear-az135,ellow-radmid-az135,0.4885908813035025,0.6118198604942736,0.5433055012703933,0.4885908813035025,0.2908671887294385,nan
p0492,ellow-radnear-az315,ellow-radfar-az315,0.49341210061094215,0.5983526245972238,0.5408389162826168,0.49341210061094215,0.2908530642266508,nan
p0961,ellow-radmid-az315,ellow-radfar-az000,0.48340097107696134,0.6270934848281909,0.5459506761335408,0.48340097107696134,0.2905113513542931,nan
p0547,ellow-radmid-az000,ellow-radmid-az315,0.4692645213198636,0.6125028106508632,0.531400477260717,0.4692645213198636,0.2900765496697533,nan
p0671,ellow-radmid-az090,ellow-radfar-az000,0.48758789612646214,0.626066643794225,0.548217614601242,0.48758789612646214,0.2900457865378479,nan
p0966,ellow-radmid-az315,ellow-radfar-az225,0.485276369676991,0.6002068631237221,0.5366572210247468,0.485276369676991,0.289846969748101,nan
p0484,ellow-radnear-az315,ellow-radmid-az315,0.47971929307023137,0.6084456719100733,0.5364685263610288,0.47971929307023137,0.28890077760355765,nan
p0149,ellow-radnear-az090,ellow-radmid-az090,0.48299123129912686,0.6100415155998952,0.5391324342277901,0.48299123129912686,0.28860210492480676,nan
p0735,ellow-radmid-az135,ellow-radfar-az180,0.489054034196927,0.6056903698555292,0.5411588636682024,0.489054034196927,0.2883165185022576,nan
p0158,ellow-radnear-az090,ellow-radfar-az135,0.47798434387613337,0.6103213006505211,0.5361067966746594,0.47798434387613337,0.2877692902582618,nan
p0150,ellow-radnear-az090,ellow-radmid-az135,0.4832188226258736,0.6149082632744938,0.5411673217381701,0.4832188226258736,0.28711629538705,nan
p0617,ellow-radmid-az045,ellow-radfar-az315,0.48299578667783066,0.6041903105016272,0.536837943533206,0.48299578667783066,0.28683955094883007,nan
p0226,ellow-radnear-az135,ellow-radfar-az135,0.476287168796632,0.6053007809577609,0.5330994956040862,0.476287168796632,0.2861837518498326,nan
p0666,ellow-radmid-az090,ellow-radmid-az135,0.4778976868239051,0.6117327116327838,0.5365959838453289,0.4778976868239051,0.2861072509342747,nan
p0615,ellow-radmid-az045,ellow-radfar-az225,0.4845328637630933,0.6241966509742185,0.5455682144793039,0.4845328637630933,0.28556218537399225,nan
p0419,ellow-radnear-az270,ellow-radmid-az270,0.47961330150580384,0.6050152135029345,0.535064936969767,0.47961330150580384,0.28547052790218724,nan
p0087,ellow-radnear-az045,ellow-radfar-az045,0.4910902513152114,0.6082486733671176,0.5434265760258005,0.4910902513152114,0.2850852368129126,nan
p0427,ellow-radnear-az270,ellow-radfar-az270,0.47902224570647056,0.5889536690148379,0.5283300966991817,0.47902224570647056,0.2849321571362902,nan
p0088,ellow-radnear-az045,ellow-radfar-az090,0.4869820921816532,0.605011745932084,0.5396182204423644,0.4869820921816532,0.28439743687170727,nan
p0911,ellow-radmid-az270,ellow-radfar-az270,0.48295212768186596,0.5992334296335304,0.5348455407916168,0.48295212768186596,0.28431831271336505,nan
p0157,ellow-radnear-az090,ellow-radfar-az090,0.4741214250172522,0.5925962608977737,0.5267796482360548,0.4741214250172522,0.283971082456768,nan
p0673,ellow-radmid-az090,ellow-radfar-az090,0.4728835636137023,0.6044464964126025,0.5306318348351466,0.4728835636137023,0.28346969283432305,nan
p0217,ellow-radnear-az135,ellow-radmid-az090,0.4737386380246221,0.5911046831855303,0.5259536721778877,0.4737386380246221,0.2832315290777722,nan
p0230,ellow-radnear-az135,ellow-radfar-az315,0.47423247836415117,0.5994852715334883,0.5295532947820505,0.47423247836415117,0.2832036904194242,nan
p0092,ellow-radnear-az045,ellow-radfar-az270,0.48294720148045717,0.596752558013445,0.5338520738468777,0.48294720148045717,0.28121514074635456,nan
p0904,ellow-radmid-az270,ellow-radmid-az315,0.4658388090301818,0.5924480325566431,0.5215699091271718,0.4658388090301818,0.2806477060671281,nan
p0075,ellow-radnear-az045,ellow-radnear-az225,0.4665552525462116,0.6081990972493366,0.5280434240057216,0.4665552525462116,0.2805363800094619,nan
p0143,ellow-radnear-az090,ellow-radnear-az180,0.4628462874982404,0.5997637036989573,0.5224840834039188,0.4628462874982404,0.2795396204513972,nan
p0089,ellow-radnear-az045,ellow-radfar-az135,0.46436652926943645,0.5731290833439486,0.5130469180209994,0.46436652926943645,0.2779613574886472,nan
p0604,ellow-radmid-az045,ellow-radmid-az090,0.467584554336067,0.59510166245325,0.5236923961685711,0.467584554336067,0.2758360583347727,nan
p0733,ellow-radmid-az135,ellow-radfar-az090,0.4683740318923312,0.5893274319316857,0.5219349217890897,0.4683740318923312,0.27571733402965914,nan
p0076,ellow-radnear-az045,ellow-radnear-az270,0.4614152616473188,0.5890432563209864,0.5174760232562315,0.4614152616473188,0.27539530392202916,nan
p0225,ellow-radnear-az135,ellow-radfar-az090,0.47440890024078497,0.5923407195016857,0.5268559821459705,0.47440890024078497,0.2751003247225018,nan
p0613,ellow-radmid-az045,ellow-radfar-az135,0.46941220980513715,0.5868597314051243,0.521606439813006,0.46941220980513715,0.2744595595306948,nan
p0072,ellow-radnear-az045,ellow-radnear-az090,0.45983211755379116,0.5857609004761487,0.5152132246515254,0.45983211755379116,0.27273535490426787,nan
p0423,ellow-radnear-az270,ellow-radfar-az090,0.44794852201332663,0.564096805730823,0.4993577332406621,0.44794852201332663,0.27258003099156686,nan
p0079,ellow-radnear-az045,ellow-radmid-az045,0.4648790119614286,0.5814881097990848,0.516685993527589,0.4648790119614286,0.2710893989324663,nan
p0912,ellow-radmid-az270,ellow-radfar-az315,0.46345330418850506,0.570138919567238,0.5112901588205909,0.46345330418850506,0.2704917039659286,nan
p0734,ellow-radmid-az135,ellow-radfar-az135,0.4632466022778704,0.5885060644256642,0.5184173872733462,0.4632466022778704,0.2689039489362007,nan
p0672,ellow-radmid-az090,ellow-radfar-az045,0.450678290634324,0.5773598502334117,0.5062138067454451,0.450678290634324,0.267568291577509,nan
p0145,ellow-radnear-az090,ellow-radnear-az270,0.42342767038292844,0.5686768842083776,0.4854196609956492,0.42342767038292844,0.2579803497591953,nan
