target_class,viewpoint_pair,viewpoint_1,viewpoint_2,scene_count,mean_viewpoint_1_target_ap50_95,mean_viewpoint_2_target_ap50_95,expected_pair_or_target_ap50_95,best_single_target_ap50_95_on_matched_scenes,pair_complementarity_gain_target_ap50_95,mean_viewpoint_1_target_strict_quality_iou50,mean_viewpoint_2_target_strict_quality_iou50,expected_pair_or_target_strict_quality_iou50,best_single_target_strict_quality_iou50_on_matched_scenes,pair_complementarity_gain_target_strict_quality_iou50,mean_viewpoint_1_target_match_confidence_iou50,mean_viewpoint_2_target_match_confidence_iou50,expected_pair_or_target_match_confidence_iou50,best_single_target_match_confidence_iou50_on_matched_scenes,pair_complementarity_gain_target_match_confidence_iou50,viewpoint_1_scene_win_rate,viewpoint_2_scene_win_rate,tie_rate
barrel,ellow-radfar-az000 + ellow-radmid-az225,ellow-radfar-az000,ellow-radmid-az225,8,0.6175585482665715,0.6641518062567919,0.8050887130113785,0.6641518062567919,0.1409369067545866,0.7651307678100587,0.6992242117113427,0.8860104326506266,0.7651307678100587,0.12087966484056789,0.8043757081031799,0.761932872235775,0.9319468811154366,0.8043757081031799,0.12757117301225662,0.5,0.5,0.0
barrel,elhigh-radmid-az090 + ellow-radmid-az000,elhigh-radmid-az090,ellow-radmid-az000,8,0.7657407425275004,0.7155381947807554,0.8525462973276499,0.7657407425275004,0.08680555480014951,0.7523416562551604,0.7384901685668535,0.8232599156911209,0.7523416562551604,0.07091825943596053,0.8763746693730354,0.7970373407006264,0.9020357877016068,0.8763746693730354,0.02566111832857132,0.375,0.625,0.0
male,elhigh-radfar-az000 + ellow-radfar-az135,elhigh-radfar-az000,ellow-radfar-az135,8,0.8404829559001056,0.6594588431480313,0.9114304315997288,0.8404829559001056,0.07094747569962323,0.8109826827467878,0.7119940708740025,0.8814904019390672,0.8109826827467878,0.0705077191922795,0.8505521882325411,0.7893356010317802,0.9296191707253456,0.8505521882325411,0.07906698249280453,0.75,0.25,0.0
barrel,elhigh-radfar-az090 + ellow-radnear-az000,elhigh-radfar-az090,ellow-radnear-az000,8,0.8501302099352082,0.6613055412291189,0.9549635420652727,0.8501302099352082,0.10483333213006452,0.8528347330719708,0.7381156036822198,0.9210898444884674,0.8528347330719708,0.06825511141649665,0.9282764494419098,0.8297007158398628,0.9547687619924545,0.9282764494419098,0.02649231255054474,0.375,0.625,0.0
barrel,ellow-radnear-az000 + elmid-radfar-az090,ellow-radnear-az000,elmid-radfar-az090,9,0.6516647919652968,0.7440458685004463,0.8468236461540477,0.7440458685004463,0.10277777765360141,0.7520006913383186,0.7859810591992056,0.8536645273096235,0.7859810591992056,0.06768346811041792,0.8267785509427389,0.8916490077972412,0.9166390895843506,0.8916490077972412,0.024990081787109375,0.6666666666666666,0.3333333333333333,0.0
barrel,ellow-radmid-az225 + elmid-radfar-az135,ellow-radmid-az225,elmid-radfar-az135,8,0.7267040364711124,0.6785353813173508,0.7911655896894892,0.7267040364711124,0.06446155321837688,0.7902209193349434,0.781904988666537,0.8563145131086851,0.7902209193349434,0.06609359377374169,0.8815290853381157,0.9056404605507851,0.9301734268665314,0.9056404605507851,0.024532966315746307,0.75,0.25,0.0
barrel,elhigh-radfar-az045 + ellow-radmid-az045,elhigh-radfar-az045,ellow-radmid-az045,8,0.8409288210504585,0.8194444447639398,0.9276475695893168,0.8409288210504585,0.0867187485388583,0.8249090246294113,0.8454283740633981,0.9044199699277273,0.8454283740633981,0.05899159586432923,0.9072478041052818,0.9078901037573814,0.938781164586544,0.9078901037573814,0.030891060829162598,0.375,0.625,0.0
barrel,ellow-radmid-az045 + ellow-radnear-az000,ellow-radmid-az045,ellow-radnear-az000,10,0.7044636289739105,0.6903225495466342,0.8283130269210254,0.7044636289739105,0.12384939794711491,0.8343127290846063,0.7959471078822634,0.8907390442713201,0.8343127290846063,0.056426315186713816,0.9056284427642822,0.855545723438263,0.9423236846923828,0.9056284427642822,0.036695241928100586,0.5,0.5,0.0
barrel,ellow-radmid-az045 + ellow-radnear-az180,ellow-radmid-az045,ellow-radnear-az180,8,0.7790520852934569,0.8236293862214344,0.9136875018980354,0.8236293862214344,0.09005811567660094,0.7975137394605745,0.8479375043356412,0.900702719880349,0.8479375043356412,0.05276521554470781,0.8247918114066124,0.9079882577061653,0.9393570423126221,0.9079882577061653,0.03136878460645676,0.5,0.5,0.0
barrel,ellow-radmid-az045 + elmid-radfar-az135,ellow-radmid-az045,elmid-radfar-az135,10,0.7381285849435637,0.7133428049255995,0.8153145149172172,0.7381285849435637,0.07718592997365348,0.8271837330196383,0.7902935242828161,0.8737867619624673,0.8271837330196383,0.04660302894282897,0.9029525637626648,0.9063959836959838,0.927323442697525,0.9063959836959838,0.020927459001541138,0.7,0.3,0.0
barrel,ellow-radnear-az180 + elmid-radmid-az315,ellow-radnear-az180,elmid-radmid-az315,8,0.7135912733499907,0.8913113944470834,0.9260683378960475,0.8913113944470834,0.03475694344896407,0.7970772097346597,0.8900742275582183,0.9334291029747361,0.8900742275582183,0.043354875416517835,0.8168058469891548,0.9366558864712715,0.9529368653893471,0.9366558864712715,0.01628097891807556,0.5,0.5,0.0
barrel,ellow-radnear-az000 + elmid-radnear-az090,ellow-radnear-az000,elmid-radnear-az090,8,0.7524895837629835,0.9,0.9822916666977107,0.9,0.08229166669771071,0.7580433934146003,0.8850672716443517,0.9284061878651881,0.8850672716443517,0.04333891622083641,0.8203545287251472,0.9448828250169754,0.9532962590456009,0.9448828250169754,0.008413434028625488,0.5,0.5,0.0
container,elhigh-radnear-az135 + ellow-radnear-az270,elhigh-radnear-az135,ellow-radnear-az270,8,0.9218067964657195,0.8003863650914281,0.9748015880702979,0.9218067964657195,0.05299479160457843,0.9025035000276955,0.82927263410377,0.9457141635632818,0.9025035000276955,0.043210663535586225,0.949492409825325,0.8440095260739326,0.9637851715087891,0.949492409825325,0.01429276168346405,0.125,0.875,0.0
barrel,ellow-radfar-az000 + ellow-radmid-az045,ellow-radfar-az000,ellow-radmid-az045,9,0.8280658429967614,0.707919975131277,0.8806746036943698,0.8280658429967614,0.05260876069760834,0.8348257801179761,0.830441343118811,0.8762859905835241,0.8348257801179761,0.04146021046554793,0.8968873884942796,0.9035175177786086,0.9269113540649414,0.9035175177786086,0.023393836286332848,0.2222222222222222,0.7777777777777778,0.0
barrel,elhigh-radfar-az225 + ellow-radfar-az000,elhigh-radfar-az225,ellow-radfar-az000,8,0.9282159095762128,0.7923024518070005,0.975611742831936,0.9282159095762128,0.04739583325572316,0.8976421196720503,0.798266019813513,0.9356294404146643,0.8976421196720503,0.03798732074261402,0.9355784952640533,0.828888438642025,0.9583084881305695,0.9355784952640533,0.022729992866516113,0.75,0.25,0.0
barrel,ellow-radnear-az270 + elmid-radmid-az270,ellow-radnear-az270,elmid-radmid-az270,11,0.7279981649546611,0.9095959598499568,0.9368497479518857,0.9095959598499568,0.02725378810192891,0.8345116956996609,0.8905198030577295,0.9276374302964683,0.8905198030577295,0.03711762723873879,0.8539978753436696,0.9381107850508257,0.9559292847459967,0.9381107850508257,0.01781849969517102,0.8181818181818182,0.18181818181818182,0.0
barrel,elmid-radfar-az180 + elmid-radnear-az180,elmid-radfar-az180,elmid-radnear-az180,8,0.8608436623002694,0.9421875,0.9671875,0.9421875,0.025000000000000022,0.8868260216250898,0.8558039172451397,0.9234025962511221,0.8868260216250898,0.036576574626032254,0.9430265352129936,0.8898940533399582,0.9552678316831589,0.9430265352129936,0.012241296470165253,0.125,0.875,0.0
barrel,elhigh-radmid-az180 + ellow-radnear-az180,elhigh-radmid-az180,ellow-radnear-az180,10,0.8975611137860351,0.7230484855776032,0.967144446250134,0.8975611137860351,0.06958333246409887,0.8887720769415868,0.7374864923884086,0.9240579724013382,0.8887720769415868,0.03528589545975147,0.936175525188446,0.7631437003612518,0.9561583161354065,0.936175525188446,0.019982790946960427,0.3,0.7,0.0
barrel,ellow-radfar-az135 + ellow-radmid-az135,ellow-radfar-az135,ellow-radmid-az135,8,0.6723157057228187,0.6511160716680544,0.7422619052497403,0.6723157057228187,0.0699461995269216,0.6556988775860995,0.6169692174486383,0.6907927027496474,0.6556988775860995,0.035093825163547976,0.7507181614637375,0.6761381104588509,0.766728550195694,0.7507181614637375,0.016010388731956482,0.25,0.625,0.125
barrel,elhigh-radmid-az225 + ellow-radnear-az270,elhigh-radmid-az225,ellow-radnear-az270,8,0.9219626916087784,0.7409161562141784,0.9594626916087784,0.9219626916087784,0.03749999999999998,0.8950352865937465,0.7715964599520202,0.9300995369664067,0.8950352865937465,0.035064250372660144,0.9473948180675507,0.814607135951519,0.9604550898075104,0.9473948180675507,0.013060271739959717,0.5,0.5,0.0
male,elhigh-radfar-az045 + ellow-radmid-az180,elhigh-radfar-az045,ellow-radmid-az180,8,0.9078162212421497,0.8518976429964411,0.9625558036379516,0.9078162212421497,0.0547395823958019,0.8894598926335631,0.873574037468293,0.924392347913308,0.8894598926335631,0.03493245527974498,0.9313155114650726,0.9204916581511497,0.9524275213479996,0.9313155114650726,0.02111200988292694,0.875,0.125,0.0
rock,ellow-radmid-az000 + ellow-radnear-az000,ellow-radmid-az000,ellow-radnear-az000,9,0.6975514710816362,0.7460909620352527,0.8151147285255731,0.7460909620352527,0.06902376649032038,0.8108357925863099,0.9023585753743705,0.9344706303559734,0.9023585753743705,0.03211205498160297,0.8376424776183234,0.9623123539818658,0.9642379151450263,0.9623123539818658,0.0019255611631605607,0.3333333333333333,0.6666666666666666,0.0
container,ellow-radnear-az180 + elmid-radfar-az180,ellow-radnear-az180,elmid-radfar-az180,9,0.7649340640293595,0.8576697564134259,0.9260451756509733,0.8576697564134259,0.06837541923754742,0.827665533844129,0.9158413708404586,0.9439681100695927,0.9158413708404586,0.028126739229134112,0.8473727703094482,0.9500851564937167,0.9645069771342807,0.9500851564937167,0.014421820640563965,0.6666666666666666,0.3333333333333333,0.0
barrel,elhigh-radnear-az225 + ellow-radmid-az090,elhigh-radnear-az225,ellow-radmid-az090,8,0.8599676739329907,0.8565302153775373,0.9354885069248391,0.8599676739329907,0.07552083299184842,0.8557431905946951,0.8777847806081365,0.903922189111106,0.8777847806081365,0.026137408502969528,0.9231317043304443,0.9242148995399475,0.9433654174208641,0.9242148995399475,0.019150517880916595,0.5,0.5,0.0
barrel,elhigh-radnear-az135 + ellow-radmid-az090,elhigh-radnear-az135,ellow-radmid-az090,8,0.8535974708026541,0.7095085474455523,0.8724565978420691,0.8535974708026541,0.018859127039414947,0.8347109316291834,0.7652243618766383,0.8602757676202546,0.8347109316291834,0.025564835991071178,0.9081778824329376,0.8180454075336456,0.9275683239102364,0.9081778824329376,0.019390441477298737,0.75,0.25,0.0
container,elhigh-radnear-az180 + ellow-radmid-az000,elhigh-radnear-az180,ellow-radmid-az000,8,0.8779859778341282,0.852430130053882,0.9454408388031609,0.8779859778341282,0.06745486096903264,0.9103774338074957,0.8990311768278714,0.9352954838238925,0.9103774338074957,0.024918050016396798,0.9497634097933769,0.9322994127869606,0.9635974243283272,0.9497634097933769,0.013834014534950256,0.5,0.5,0.0
barrel,elhigh-radmid-az000 + ellow-radnear-az180,elhigh-radmid-az000,ellow-radnear-az180,14,0.9111101198129001,0.8472265794833262,0.9525982144265657,0.9111101198129001,0.04148809461366554,0.881405140056341,0.9039538891527832,0.9286593796483741,0.9039538891527832,0.0247054904955909,0.9326538528714862,0.9404474794864655,0.9546741332326617,0.9404474794864655,0.01422665374619625,0.21428571428571427,0.7857142857142857,0.0
barrel,elmid-radfar-az135 + elmid-radnear-az090,elmid-radfar-az135,elmid-radnear-az090,8,0.7899092751436476,0.8643465911620296,0.9149092751436476,0.8643465911620296,0.050562683981618006,0.8215819974114802,0.8733291347312857,0.8969736985744512,0.8733291347312857,0.02364456384316549,0.9174948483705521,0.9389892891049385,0.9402733147144318,0.9389892891049385,0.0012840256094932556,0.375,0.625,0.0
barrel,elhigh-radmid-az135 + elmid-radnear-az225,elhigh-radmid-az135,elmid-radnear-az225,9,0.8999999999999999,0.7888888888888889,0.911111111111111,0.8999999999999999,0.011111111111111072,0.8685203250571034,0.785244648932644,0.8918100347176904,0.8685203250571034,0.023289709660586966,0.9324064254760742,0.8395812643898858,0.9463518659273783,0.9324064254760742,0.01394544045130408,0.2222222222222222,0.7777777777777778,0.0
barrel,elhigh-radmid-az180 + ellow-radmid-az045,elhigh-radmid-az180,ellow-radmid-az045,9,0.8549806698986947,0.8370727523229424,0.9141737901151035,0.8549806698986947,0.05919312021640877,0.8701169922387023,0.8190073716439288,0.8930175316363658,0.8701169922387023,0.022900539397663455,0.928331991036733,0.8447264167997572,0.9381525781419542,0.928331991036733,0.009820587105221157,0.3333333333333333,0.6666666666666666,0.0
container,elhigh-radfar-az270 + ellow-radnear-az315,elhigh-radfar-az270,ellow-radnear-az315,9,0.9410218254973491,0.910737434702201,0.9459457680272558,0.9410218254973491,0.004923942529906689,0.9230883935373507,0.9101405546643859,0.9458875162849409,0.9230883935373507,0.022799122747590217,0.9579629898071289,0.9701688951916165,0.9766954713397555,0.9701688951916165,0.006526576148139007,0.2222222222222222,0.7777777777777778,0.0
barrel,ellow-radfar-az000 + elmid-radmid-az270,ellow-radfar-az000,elmid-radmid-az270,8,0.6505379505138742,0.8898697930326065,0.9329687513814618,0.8898697930326065,0.043098958348855354,0.807929593223244,0.8961325960512441,0.9182871305753957,0.8961325960512441,0.022154534524151615,0.8347710743546486,0.9403402507305145,0.9491629973053932,0.9403402507305145,0.008822746574878693,0.5,0.5,0.0
barrel,ellow-radfar-az000 + elmid-radmid-az180,ellow-radfar-az000,elmid-radmid-az180,9,0.560776766646311,0.8321851876179377,0.8812901250345655,0.8321851876179377,0.0491049374166278,0.5747437183994271,0.8580994191949635,0.8797673952944839,0.8580994191949635,0.021667976099520425,0.6158380177285936,0.9215008550220065,0.9275301694869995,0.9215008550220065,0.006029314464992996,0.3333333333333333,0.6666666666666666,0.0
barrel,ellow-radmid-az045 + elmid-radfar-az225,ellow-radmid-az045,elmid-radfar-az225,9,0.7013991814282236,0.8586838782971936,0.9139770042582662,0.8586838782971936,0.05529312596107261,0.8964754418419152,0.9240028364306423,0.9453078256457085,0.9240028364306423,0.021304989215066183,0.9377511209911771,0.9499301976627774,0.9664359291394552,0.9499301976627774,0.016505731476677776,0.6666666666666666,0.3333333333333333,0.0
container,elhigh-radmid-az225 + ellow-radnear-az180,elhigh-radmid-az225,ellow-radnear-az180,11,0.9510227289254015,0.7336813018324986,0.9731818198344925,0.9510227289254015,0.02215909090909096,0.9200855104551681,0.8405125918219938,0.9411002776691487,0.9200855104551681,0.021014767213980656,0.9505542841824618,0.8668342991308733,0.9655212597413496,0.9505542841824618,0.014966975558887818,0.45454545454545453,0.5454545454545454,0.0
container,ellow-radmid-az090 + elmid-radnear-az270,ellow-radmid-az090,elmid-radnear-az270,8,0.7230021392629068,0.907222223509517,0.907222223509517,0.907222223509517,0.0,0.8023130592899936,0.8884748507439411,0.9091228478644315,0.8884748507439411,0.02064799712049048,0.8388218134641647,0.9355508014559746,0.949645884335041,0.9355508014559746,0.014095082879066467,0.25,0.75,0.0
male,ellow-radnear-az315 + elmid-radnear-az135,ellow-radnear-az315,elmid-radnear-az135,9,0.6718893194576467,0.9052782715788091,0.9320454549066949,0.9052782715788091,0.026767183327885746,0.8181058009569573,0.9188778830362752,0.9392011469335534,0.9188778830362752,0.020323263897278232,0.854866537782881,0.9491270383199056,0.9652387566036649,0.9491270383199056,0.016111718283759235,0.6666666666666666,0.3333333333333333,0.0
barrel,elhigh-radfar-az045 + elmid-radnear-az090,elhigh-radfar-az045,elmid-radnear-az090,9,0.8669455181739626,0.901388888888889,0.9458333333333333,0.901388888888889,0.04444444444444429,0.8427839084516451,0.8902714180893285,0.9102801592013618,0.8902714180893285,0.020008741112033324,0.9136098557048373,0.9430909421708848,0.9430909421708848,0.9430909421708848,0.0,0.1111111111111111,0.8888888888888888,0.0
barrel,ellow-radnear-az045 + elmid-radmid-az180,ellow-radnear-az045,elmid-radmid-az180,9,0.7755413978962397,0.9008487667658448,0.940972222884496,0.9008487667658448,0.0401234561186512,0.8910939478686788,0.8734632196232496,0.9109974848699357,0.8910939478686788,0.01990353700125691,0.9362872772746615,0.9219118820296394,0.9543659223450555,0.9362872772746615,0.018078645070393917,0.6666666666666666,0.3333333333333333,0.0
barrel,elhigh-radnear-az135 + ellow-radnear-az315,elhigh-radnear-az135,ellow-radnear-az315,8,0.8569531251210719,0.7724632359497869,0.8881510419615855,0.8569531251210719,0.03119791684051354,0.8283633857476906,0.8610796344032381,0.8809660673390547,0.8610796344032381,0.0198864329358166,0.9008571803569794,0.9403714388608932,0.9444160908460617,0.9403714388608932,0.004044651985168457,0.125,0.875,0.0
container,elhigh-radfar-az045 + ellow-radfar-az045,elhigh-radfar-az045,ellow-radfar-az045,9,0.8900106839167002,0.7532365830476272,0.9260189145656044,0.8900106839167002,0.03600823064890413,0.8639485224914311,0.8815386906097744,0.9003489403991911,0.8815386906097744,0.0188102497894167,0.9154576394293044,0.9339735044373406,0.9412057598431905,0.9339735044373406,0.00723225540584993,0.5555555555555556,0.4444444444444444,0.0
barrel,elmid-radmid-az270 + elmid-radnear-az135,elmid-radmid-az270,elmid-radnear-az135,8,0.9059375003725291,0.9228130555447868,0.9837500003911555,0.9228130555447868,0.06093694484636869,0.9012049453555422,0.9217188128129683,0.9402186163491133,0.9217188128129683,0.018499803536145,0.9465245231986046,0.9489482641220093,0.9579497203230858,0.9489482641220093,0.009001456201076508,0.25,0.75,0.0
container,ellow-radfar-az000 + elmid-radnear-az045,ellow-radfar-az000,elmid-radnear-az045,9,0.661631870739139,0.9304469666198332,0.9361842803138543,0.9304469666198332,0.0057373136940210845,0.8222597063477531,0.9447249177636673,0.963127880120348,0.9447249177636673,0.018402962356680708,0.8461292915874057,0.9753240081999037,0.9753240081999037,0.9753240081999037,0.0,0.2222222222222222,0.7777777777777778,0.0
barrel,ellow-radnear-az045 + elmid-radmid-az270,ellow-radnear-az045,elmid-radmid-az270,8,0.662848000834781,0.9005812358325318,0.9068312358325318,0.9005812358325318,0.006249999999999978,0.8101648647792583,0.8806022234677617,0.8982271139375517,0.8806022234677617,0.01762489046978999,0.8353852853178978,0.9324270561337471,0.941048189997673,0.9324270561337471,0.008621133863925934,0.75,0.25,0.0
container,ellow-radnear-az135 + elmid-radnear-az045,ellow-radnear-az135,elmid-radnear-az045,9,0.92765432148252,0.9321428576691283,0.9839506176518805,0.9321428576691283,0.05180775998275222,0.9054729246134161,0.9362463324527567,0.9536715456048093,0.9362463324527567,0.017425213152052588,0.9480400350358751,0.9635400242275662,0.9678658246994019,0.9635400242275662,0.004325800471835617,0.2222222222222222,0.7777777777777778,0.0
barrel,elmid-radfar-az225 + elmid-radmid-az180,elmid-radfar-az225,elmid-radmid-az180,9,0.8970322216557096,0.8347180565135165,0.9349935871825227,0.8970322216557096,0.03796136552681306,0.8786763837897986,0.8791205533957628,0.8953844822218969,0.8791205533957628,0.016263928826134144,0.9300423330730863,0.936830096774631,0.9378253155284457,0.936830096774631,0.0009952187538146973,0.3333333333333333,0.6666666666666666,0.0
barrel,ellow-radnear-az270 + elmid-radfar-az225,ellow-radnear-az270,elmid-radfar-az225,9,0.7363734594631342,0.9193650820898631,0.9608333333498903,0.9193650820898631,0.04146825126002718,0.8015513622407732,0.8923127922001856,0.9077990598055806,0.8923127922001856,0.015486267605395065,0.8364499476220872,0.9324422677357992,0.9441372354825338,0.9324422677357992,0.01169496774673462,0.5555555555555556,0.4444444444444444,0.0
container,elhigh-radnear-az045 + elhigh-radnear-az270,elhigh-radnear-az045,elhigh-radnear-az270,8,0.9096230162425883,0.8828125020023435,0.939236111804429,0.9096230162425883,0.029613095561840663,0.8662404228961154,0.8647500791307268,0.8812964689705667,0.8662404228961154,0.015056046074451324,0.931540310382843,0.9206124171614647,0.9324609115719795,0.931540310382843,0.0009206011891365051,0.5,0.5,0.0
barrel,elhigh-radmid-az135 + elmid-radnear-az090,elhigh-radmid-az135,elmid-radnear-az090,8,0.8296513619716754,0.8893958335357408,0.9045000006991128,0.8893958335357408,0.01510416716337204,0.8112609239184447,0.8444863562007172,0.85942792130257,0.8444863562007172,0.014941565101852738,0.8951746672391891,0.9117205739021301,0.9137255549430847,0.9117205739021301,0.00200498104095459,0.25,0.75,0.0
barrel,ellow-radnear-az000 + ellow-radnear-az090,ellow-radnear-az000,ellow-radnear-az090,8,0.7011381719647203,0.7354133606526173,0.8306712984805926,0.7354133606526173,0.09525793782797531,0.9094782928480893,0.8835375173348767,0.9242764356441904,0.9094782928480893,0.014798142796101033,0.95268364995718,0.9478720054030418,0.956946462392807,0.95268364995718,0.004262812435626984,0.5,0.5,0.0
container,elhigh-radnear-az180 + elmid-radfar-az045,elhigh-radnear-az180,elmid-radfar-az045,8,0.8659610046882453,0.8339843759132135,0.8918402785021398,0.8659610046882453,0.025879273813894432,0.8422219754965217,0.8131147707551865,0.8568141617139493,0.8422219754965217,0.014592186217427638,0.9064623266458511,0.8883675187826157,0.9134993776679039,0.9064623266458511,0.007037051022052765,0.625,0.375,0.0
barrel,ellow-radfar-az315 + elmid-radfar-az225,ellow-radfar-az315,elmid-radfar-az225,8,0.6939420566439468,0.8979190698959848,0.8985887125735154,0.8979190698959848,0.0006696426775305575,0.7875024916756601,0.8745097391206111,0.8890418573784169,0.8745097391206111,0.01453211825780576,0.8193729892373085,0.9229870736598969,0.9258942380547523,0.9229870736598969,0.0029071643948554993,0.5,0.5,0.0
barrel,elmid-radfar-az225 + elmid-radnear-az315,elmid-radfar-az225,elmid-radnear-az315,9,0.8801333097498848,0.9350231488987251,0.984375,0.9350231488987251,0.049351851101274935,0.9078283215109807,0.9138038656963465,0.928285645637303,0.9138038656963465,0.014481779940956452,0.9460359679328071,0.9507351650132073,0.9544812440872192,0.9507351650132073,0.003746079074011921,0.2222222222222222,0.7777777777777778,0.0
barrel,ellow-radnear-az090 + ellow-radnear-az135,ellow-radnear-az090,ellow-radnear-az135,8,0.7884654651803055,0.8769120701970169,0.9050370701737338,0.8769120701970169,0.028124999976716913,0.8988049947268277,0.901807394949357,0.916064951626868,0.901807394949357,0.01425755667751094,0.9370625391602516,0.9522462338209152,0.9522462338209152,0.9522462338209152,0.0,0.375,0.625,0.0
male,elmid-radnear-az045 + elmid-radnear-az135,elmid-radnear-az045,elmid-radnear-az135,11,0.9042826616266701,0.8462844971404391,0.9224644798084882,0.9042826616266701,0.018181818181818077,0.9215463470445677,0.9176672630418623,0.9355119807492688,0.9215463470445677,0.013965633704701053,0.9631358656016263,0.951682063666257,0.9643628217957236,0.9631358656016263,0.001226956194097295,0.5454545454545454,0.45454545454545453,0.0
barrel,ellow-radnear-az000 + ellow-radnear-az135,ellow-radnear-az000,ellow-radnear-az135,8,0.8625,0.820277781183314,0.9875,0.8625,0.125,0.8287182414487604,0.9357027104928468,0.949590163013645,0.9357027104928468,0.01388745252079815,0.8474780097603798,0.9660387486219406,0.9688295423984528,0.9660387486219406,0.002790793776512146,0.75,0.25,0.0
barrel,elhigh-radfar-az045 + ellow-radfar-az135,elhigh-radfar-az045,ellow-radfar-az135,8,0.8282465308180286,0.7093190546245832,0.8660937516825895,0.8282465308180286,0.03784722086456094,0.8245872620953825,0.8357650105910279,0.8496477207309598,0.8357650105910279,0.01388271013993192,0.902475468814373,0.9011267945170403,0.9116530269384384,0.902475468814373,0.0091775581240654,0.625,0.375,0.0
barrel,elhigh-radnear-az135 + ellow-radfar-az135,elhigh-radnear-az135,ellow-radfar-az135,8,0.783098958618939,0.7842701591318473,0.8418601191369817,0.7842701591318473,0.05758996000513439,0.7836720448470342,0.8013600477918836,0.8152099406264299,0.8013600477918836,0.013849892834546296,0.8874142169952393,0.8794109746813774,0.896900862455368,0.8874142169952393,0.009486645460128784,0.5,0.5,0.0
barrel,ellow-radfar-az225 + elmid-radfar-az135,ellow-radfar-az225,elmid-radfar-az135,8,0.8696354176616297,0.8365017387602064,0.9143663199204538,0.8696354176616297,0.044730902258824146,0.8540575309468257,0.8666302368139944,0.8803637823825827,0.8666302368139944,0.013733545568588301,0.9218730628490448,0.9272938147187233,0.9322647079825401,0.9272938147187233,0.0049708932638168335,0.375,0.625,0.0
barrel,elhigh-radmid-az135 + ellow-radfar-az000,elhigh-radmid-az135,ellow-radfar-az000,8,0.8313244055091803,0.8079574115023108,0.906510417512618,0.8313244055091803,0.07518601200343766,0.8243407699801404,0.8447341685354965,0.8584203360065032,0.8447341685354965,0.013686167471006705,0.8903922066092491,0.8978175297379494,0.9086509719491005,0.8978175297379494,0.010833442211151123,0.625,0.375,0.0
barrel,elmid-radmid-az180 + elmid-radnear-az270,elmid-radmid-az180,elmid-radnear-az270,9,0.8825176383465582,0.8533377433908574,0.902623457774336,0.8825176383465582,0.020105819427777782,0.8618689847081483,0.8654484978794722,0.878519882937629,0.8654484978794722,0.013071385058156748,0.9156415793630812,0.9213137096828885,0.9258216089672513,0.9213137096828885,0.004507899284362793,0.3333333333333333,0.6666666666666666,0.0
container,elhigh-radfar-az315 + ellow-radnear-az000,elhigh-radfar-az315,ellow-radnear-az000,8,0.9322873673796291,0.8401149751851286,0.9624795753146625,0.9322873673796291,0.03019220793503341,0.9168200177991039,0.9003826537731947,0.9298075428964916,0.9168200177991039,0.012987525097387653,0.9521324709057808,0.9511018916964531,0.9566542059183121,0.9521324709057808,0.0045217350125312805,0.375,0.625,0.0
barrel,ellow-radmid-az045 + ellow-radnear-az090,ellow-radmid-az045,ellow-radnear-az090,9,0.7228127604193924,0.8409511499963904,0.9015061740553306,0.8409511499963904,0.0605550240589402,0.8170016087195621,0.9245420974769843,0.9375072394662204,0.9245420974769843,0.01296514198923604,0.8434843089845445,0.9595494005415175,0.9637405872344971,0.9595494005415175,0.004191186692979576,0.2222222222222222,0.7777777777777778,0.0
barrel,elmid-radfar-az135 + elmid-radfar-az225,elmid-radfar-az135,elmid-radfar-az225,9,0.9172046870795965,0.8991098804733879,0.9370531718332558,0.9172046870795965,0.0198484847536593,0.8922136353000923,0.8901321306088535,0.9048288346153512,0.8922136353000923,0.012615199315258896,0.9382185671064589,0.9381314648522271,0.9434521396954855,0.9382185671064589,0.005233572589026569,0.5555555555555556,0.4444444444444444,0.0
barrel,ellow-radnear-az180 + elmid-radmid-az180,ellow-radnear-az180,elmid-radmid-az180,8,0.7251119323282326,0.8499473147397795,0.8907481789565906,0.8499473147397795,0.04080086421681117,0.7926630947631952,0.9027641427655873,0.9153481653918774,0.9027641427655873,0.012584022626290103,0.8260828852653503,0.9411953911185265,0.9497854858636856,0.9411953911185265,0.00859009474515915,0.375,0.625,0.0
barrel,elhigh-radmid-az045 + elmid-radfar-az225,elhigh-radmid-az045,elmid-radfar-az225,8,0.904055556115177,0.9367239587602154,0.9860000001043081,0.9367239587602154,0.04927604134409269,0.904610144491572,0.9185181908715316,0.9310285567917997,0.9185181908715316,0.012510365920268107,0.9457857683300972,0.9471851885318756,0.9504652544856071,0.9471851885318756,0.003280065953731537,0.5,0.5,0.0
container,elhigh-radfar-az270 + elmid-radmid-az270,elhigh-radfar-az270,elmid-radmid-az270,8,0.971694188536615,0.9127562233932747,0.971694188536615,0.971694188536615,0.0,0.9331182434863177,0.9309367678911427,0.9454947091951582,0.9331182434863177,0.012376465708840545,0.9613438695669174,0.9634112119674683,0.9677820578217506,0.9634112119674683,0.004370845854282379,0.375,0.625,0.0
barrel,ellow-radmid-az045 + elmid-radnear-az090,ellow-radmid-az045,elmid-radnear-az090,11,0.7032918479370993,0.9272727272727272,0.9363636363636364,0.9272727272727272,0.00909090909090915,0.750462547441484,0.8920118382612313,0.9040772422682207,0.8920118382612313,0.01206540400698941,0.8254110325466503,0.9391320131041787,0.9481105858629401,0.9391320131041787,0.00897857275876135,0.2727272727272727,0.7272727272727273,0.0
barrel,elhigh-radmid-az090 + elhigh-radmid-az135,elhigh-radmid-az090,elhigh-radmid-az135,8,0.8097361138123605,0.871202289432559,0.8860092615603848,0.871202289432559,0.01480697212782589,0.8269691340299685,0.8710801743963619,0.8831308414050545,0.8710801743963619,0.012050667008692617,0.918500728905201,0.9297499656677246,0.9332308769226074,0.9297499656677246,0.0034809112548828125,0.375,0.625,0.0
barrel,elhigh-radmid-az000 + elhigh-radmid-az270,elhigh-radmid-az000,elhigh-radmid-az270,8,0.8671875,0.871479166906327,0.8921875,0.871479166906327,0.020708333093673037,0.8334832385417132,0.8298022268869572,0.845482195224736,0.8334832385417132,0.011998956683022755,0.9110729992389679,0.9081218093633652,0.9153133407235146,0.9110729992389679,0.004240341484546661,0.625,0.375,0.0
barrel,elmid-radnear-az045 + elmid-radnear-az090,elmid-radnear-az045,elmid-radnear-az090,8,0.8975989162277522,0.8752267996977704,0.9424142996977705,0.8975989162277522,0.04481538347001823,0.9239783580959187,0.9016071342159662,0.935940472781077,0.9239783580959187,0.011962114685158287,0.9583293050527573,0.9557833150029182,0.9598927944898605,0.9583293050527573,0.0015634894371032715,0.75,0.25,0.0
male,ellow-radnear-az180 + elmid-radnear-az270,ellow-radnear-az180,elmid-radnear-az270,8,0.8627853694827329,0.914761905092746,0.9614583336282522,0.914761905092746,0.04669642853550615,0.9285200356423946,0.9251038175297319,0.9404131235347162,0.9285200356423946,0.011893087892321574,0.9590103775262833,0.9548050239682198,0.9590901508927345,0.9590103775262833,7.977336645126343e-05,0.625,0.375,0.0
barrel,ellow-radfar-az225 + elmid-radnear-az135,ellow-radfar-az225,elmid-radnear-az135,8,0.6863336928859164,0.8889322933482583,0.943009825501732,0.8889322933482583,0.05407753215347366,0.8010693575250798,0.9231527650773805,0.935022814182084,0.9231527650773805,0.011870049104703462,0.8363875895738602,0.9504303187131882,0.9555735364556313,0.9504303187131882,0.005143217742443085,0.375,0.625,0.0
male,elhigh-radmid-az000 + ellow-radfar-az000,elhigh-radmid-az000,ellow-radfar-az000,10,0.9588000009775162,0.8389492459951228,0.9822027780267927,0.9588000009775162,0.023402777049276513,0.9260353532184749,0.9193495036540582,0.9378741875928501,0.9260353532184749,0.011838834374375273,0.9571626245975494,0.9448362171649933,0.9588498413562775,0.9571626245975494,0.0016872167587280718,0.7,0.3,0.0
male,elhigh-radfar-az045 + ellow-radnear-az270,elhigh-radfar-az045,ellow-radnear-az270,9,0.8857871398731769,0.7408875453630347,0.9357871412391167,0.8857871398731769,0.05000000136593974,0.8925593667543319,0.9344545780581733,0.9462869125183972,0.9344545780581733,0.011832334460223914,0.932502011458079,0.9673631919754876,0.9673631919754876,0.9673631919754876,0.0,0.2222222222222222,0.7777777777777778,0.0
male,elhigh-radnear-az225 + elmid-radmid-az270,elhigh-radnear-az225,elmid-radmid-az270,10,0.9388477895687632,0.9218333336561919,0.9685000002980232,0.9388477895687632,0.029652210729259942,0.9108644426183335,0.8938140327022218,0.9219328295795239,0.9108644426183335,0.01106838696119039,0.9507311105728149,0.9471535742282867,0.9564368188381195,0.9507311105728149,0.005705708265304588,0.6,0.4,0.0
barrel,ellow-radfar-az225 + elmid-radnear-az180,ellow-radfar-az225,elmid-radnear-az180,8,0.6790133522072213,0.9214285716680544,0.9339285716680543,0.9214285716680544,0.012499999999999956,0.80531764753596,0.8916197566485948,0.9026106706807835,0.8916197566485948,0.010990914032188659,0.8384619951248169,0.9429718554019928,0.9482393637299538,0.9429718554019928,0.005267508327960968,0.5,0.5,0.0
barrel,elhigh-radnear-az180 + ellow-radnear-az000,elhigh-radnear-az180,ellow-radnear-az000,8,0.9535416668280959,0.6660989194762194,0.9634375001303852,0.9535416668280959,0.00989583330228927,0.9171122397989437,0.6901897446617977,0.9280998373722982,0.9171122397989437,0.010987597573354435,0.9505676329135895,0.713673360645771,0.9592544585466385,0.9505676329135895,0.008686825633049011,0.5,0.5,0.0
barrel,elhigh-radnear-az135 + elmid-radfar-az135,elhigh-radnear-az135,elmid-radfar-az135,8,0.8940451389344202,0.8555056159351488,0.8959982639344202,0.8940451389344202,0.001953125,0.8630868599076984,0.8665790631935311,0.8773442697716072,0.8665790631935311,0.010765206578076114,0.9219362288713455,0.9281540960073471,0.9328284338116646,0.9281540960073471,0.004674337804317474,0.625,0.375,0.0
rock,ellow-radmid-az000 + elmid-radfar-az000,ellow-radmid-az000,elmid-radfar-az000,8,0.7033194468360513,0.8819830315297805,0.905402779207018,0.8819830315297805,0.023419747677237424,0.794834470944008,0.9249266815335764,0.9356081149035429,0.9249266815335764,0.01068143336996652,0.8213178664445877,0.9575445577502251,0.9631301760673523,0.9575445577502251,0.005585618317127228,0.5,0.5,0.0
male,elhigh-radfar-az000 + elmid-radfar-az225,elhigh-radfar-az000,elmid-radfar-az225,9,0.8116376278773703,0.8138033154634827,0.9322083338896433,0.8138033154634827,0.11840501842616058,0.8185985179833759,0.9054017463672968,0.9160187837139016,0.9054017463672968,0.010617037346604796,0.8638536549276776,0.950502355893453,0.9516582422786288,0.950502355893453,0.0011558863851758305,0.2222222222222222,0.7777777777777778,0.0
barrel,ellow-radmid-az090 + elmid-radmid-az000,ellow-radmid-az090,elmid-radmid-az000,11,0.6417150613902876,0.8538985391700227,0.8710251626595337,0.8538985391700227,0.017126623489510995,0.73941272117044,0.870569465728911,0.8809645049094315,0.870569465728911,0.010395039180520427,0.777886688709259,0.9241453192450784,0.9316125132820823,0.9241453192450784,0.00746719403700391,0.18181818181818182,0.8181818181818182,0.0
container,ellow-radfar-az270 + ellow-radmid-az315,ellow-radfar-az270,ellow-radmid-az315,8,0.8581567907505668,0.8583654304812729,0.9261250429670327,0.8583654304812729,0.06775961248575979,0.9128745351035885,0.931108071258461,0.941327829423535,0.931108071258461,0.010219758165074033,0.9537787809967995,0.9626694098114967,0.9653105586767197,0.9626694098114967,0.002641148865222931,0.125,0.875,0.0
barrel,ellow-radmid-az045 + elmid-radnear-az135,ellow-radmid-az045,elmid-radnear-az135,9,0.8583764590383732,0.8639927131042605,0.9088901258143378,0.8639927131042605,0.0448974127100773,0.8995720242363627,0.904903847818919,0.9149713790587745,0.904903847818919,0.010067531239855487,0.938917875289917,0.9412492050064935,0.9439496530426873,0.9412492050064935,0.0027004480361938477,0.3333333333333333,0.6666666666666666,0.0
barrel,elhigh-radfar-az000 + ellow-radfar-az180,elhigh-radfar-az000,ellow-radfar-az180,8,0.9484645813638796,0.6076632600204571,0.9499645812595714,0.9484645813638796,0.0014999998956918281,0.892331341619423,0.7841550260611077,0.9023084470380596,0.892331341619423,0.009977105418636611,0.933928020298481,0.8198985904455185,0.9409744888544083,0.933928020298481,0.007046468555927277,0.625,0.375,0.0
barrel,elhigh-radfar-az315 + ellow-radmid-az225,elhigh-radfar-az315,ellow-radmid-az225,9,0.9157786673864143,0.8159683173159334,0.9204378387371285,0.9157786673864143,0.004659171350714142,0.9243146298809946,0.8688186679544366,0.9341992435170643,0.9243146298809946,0.009884613636069739,0.9461269908481174,0.9165335694948832,0.9601966606246101,0.9461269908481174,0.01406966977649271,0.2222222222222222,0.7777777777777778,0.0
barrel,elhigh-radmid-az000 + elhigh-radnear-az225,elhigh-radmid-az000,elhigh-radnear-az225,9,0.9429471776799113,0.9539495162669129,0.9853175473482714,0.9539495162669129,0.03136803108135844,0.9186435385086118,0.9229399107556711,0.9327997728030238,0.9229399107556711,0.009859862047352785,0.9508381485939026,0.9496894015206231,0.9540323482619392,0.9508381485939026,0.003194199668036579,0.5555555555555556,0.4444444444444444,0.0
barrel,elmid-radmid-az270 + elmid-radnear-az270,elmid-radmid-az270,elmid-radnear-az270,14,0.9057242074392973,0.9342290253215839,0.9807787699595331,0.9342290253215839,0.04654974463794914,0.9084224271015291,0.9220229665271036,0.93170870927929,0.9220229665271036,0.009685742752186366,0.9500967732497624,0.9593578789915357,0.9595737712723869,0.9593578789915357,0.00021589228085117096,0.42857142857142855,0.5714285714285714,0.0
barrel,elmid-radmid-az000 + elmid-radnear-az270,elmid-radmid-az000,elmid-radnear-az270,8,0.776566635856772,0.8494097235095169,0.8655555564703212,0.8494097235095169,0.016145832960804296,0.8389969352753806,0.8419885328516119,0.8515038887523398,0.8419885328516119,0.00951535590072794,0.9147190973162651,0.9132332801818848,0.9224789962172508,0.9147190973162651,0.007759898900985718,0.375,0.625,0.0
male,elhigh-radfar-az045 + elmid-radmid-az180,elhigh-radfar-az045,elmid-radmid-az180,8,0.8856026798455665,0.9276732183447239,0.9521050357984172,0.9276732183447239,0.024431817453693272,0.9078827616057041,0.9070758341964202,0.9173497922832814,0.9078827616057041,0.00946703067757726,0.9418605715036392,0.944164901971817,0.9491258263587952,0.944164901971817,0.004960924386978149,0.375,0.625,0.0
barrel,elhigh-radmid-az225 + elmid-radmid-az000,elhigh-radmid-az225,elmid-radmid-az000,8,0.8463699518196811,0.9062468678677733,0.9677083337679505,0.9062468678677733,0.0614614659001772,0.8610536636684052,0.889913155207323,0.8993404467800294,0.889913155207323,0.009427291572706498,0.9234127029776573,0.9307261034846306,0.933413989841938,0.9307261034846306,0.002687886357307434,0.375,0.625,0.0
barrel,elhigh-radfar-az315 + ellow-radmid-az045,elhigh-radfar-az315,ellow-radmid-az045,8,0.9276432700746227,0.772231247460851,0.9370920160702533,0.9276432700746227,0.009448745995630614,0.9226124371312165,0.8681785044830126,0.9320077001218192,0.9226124371312165,0.00939526299060267,0.9443339854478836,0.9249229803681374,0.9564442187547684,0.9443339854478836,0.012110233306884766,0.5,0.5,0.0
barrel,elmid-radmid-az045 + elmid-radnear-az090,elmid-radmid-az045,elmid-radnear-az090,8,0.8639847895549364,0.8940833335357408,0.8987708339082698,0.8940833335357408,0.004687500372529074,0.8321407582503957,0.8433103834357722,0.8526954700671454,0.8433103834357722,0.009385086631373163,0.9054936021566391,0.9062061607837677,0.9135993868112564,0.9062061607837677,0.0073932260274887085,0.375,0.625,0.0
barrel,ellow-radfar-az315 + ellow-radmid-az000,ellow-radfar-az315,ellow-radmid-az000,9,0.7630260642887855,0.7381217582141405,0.8212027932931556,0.7630260642887855,0.0581767290043701,0.8440037636361074,0.8578769655851066,0.8671296456240936,0.8578769655851066,0.009252680038986938,0.8915393021371629,0.9214985370635986,0.9233589503500197,0.9214985370635986,0.0018604132864210587,0.3333333333333333,0.6666666666666666,0.0
male,elmid-radnear-az135 + elmid-radnear-az270,elmid-radnear-az135,elmid-radnear-az270,8,0.915046600331389,0.9061765144277617,0.915046600331389,0.915046600331389,0.0,0.8977874490339373,0.8954718514806763,0.9069843068044472,0.8977874490339373,0.009196857770509936,0.9434846118092537,0.938303105533123,0.9464463368058205,0.9434846118092537,0.0029617249965667725,0.5,0.5,0.0
male,elhigh-radmid-az225 + ellow-radnear-az090,elhigh-radmid-az225,ellow-radnear-az090,8,0.8792660692709545,0.8621246112594614,0.9148563466167021,0.8792660692709545,0.0355902773457476,0.8789909766953583,0.9227899640507928,0.9318675493388682,0.9227899640507928,0.00907758528807534,0.9281012117862701,0.9539869725704193,0.9611705988645554,0.9539869725704193,0.007183626294136047,0.375,0.625,0.0
barrel,elmid-radmid-az000 + elmid-radmid-az180,elmid-radmid-az000,elmid-radmid-az180,8,0.8160947529301494,0.8029504352116494,0.8865337678880899,0.8160947529301494,0.07043901495794047,0.8577142990587916,0.8485837634963245,0.8667529870125845,0.8577142990587916,0.009038687953792923,0.9151414409279823,0.9159028232097626,0.9185703471302986,0.9159028232097626,0.0026675239205360413,0.375,0.625,0.0
barrel,elhigh-radnear-az225 + ellow-radfar-az135,elhigh-radnear-az225,ellow-radfar-az135,11,0.9056087663643932,0.7905248516150798,0.9273417209098479,0.9056087663643932,0.021732954545454652,0.8784047604239995,0.860686123287558,0.8873938915826578,0.8784047604239995,0.008989131158658292,0.9295607642693953,0.9253440553491766,0.934917151927948,0.9295607642693953,0.00535638765855273,0.7272727272727273,0.2727272727272727,0.0
suv,elhigh-radnear-az000 + elmid-radnear-az135,elhigh-radnear-az000,elmid-radnear-az135,12,0.9187172848803206,0.8927849874670435,0.9573549094810909,0.9187172848803206,0.03863762460077036,0.9273111070744097,0.9435650320804688,0.9524924092367767,0.9435650320804688,0.00892737715630787,0.9593987911939621,0.9687426090240479,0.9711364507675171,0.9687426090240479,0.0023938417434692383,0.4166666666666667,0.5833333333333334,0.0
barrel,elhigh-radfar-az090 + ellow-radfar-az000,elhigh-radfar-az090,ellow-radfar-az000,8,0.794027779802887,0.8024408909964631,0.8880133950980823,0.8024408909964631,0.0855725041016192,0.8110148528582379,0.8449457161554035,0.8537928768332987,0.8449457161554035,0.00884716067789526,0.9055276066064835,0.9022048339247704,0.9121124297380447,0.9055276066064835,0.006584823131561279,0.5,0.5,0.0
barrel,elmid-radfar-az225 + elmid-radmid-az090,elmid-radfar-az225,elmid-radmid-az090,8,0.8855804704420734,0.8935062769438243,0.9617176229703344,0.8935062769438243,0.06821134602651002,0.9068714174364332,0.9125536446762061,0.9213348513785227,0.9125536446762061,0.008781206702316524,0.9411063566803932,0.9495093151926994,0.9503635689616203,0.9495093151926994,0.0008542537689208984,0.25,0.75,0.0
barrel,ellow-radnear-az000 + elmid-radnear-az045,ellow-radnear-az000,elmid-radnear-az045,8,0.6859215183826894,0.9388392836254622,0.9388392836254622,0.9388392836254622,0.0,0.7000935380848481,0.9169639726364105,0.9257358220985843,0.9169639726364105,0.008771849462173797,0.7156812399625778,0.9490893632173538,0.9540570676326752,0.9490893632173538,0.00496770441532135,0.25,0.75,0.0
barrel,elhigh-radmid-az090 + elmid-radmid-az000,elhigh-radmid-az090,elmid-radmid-az000,10,0.8442938293250439,0.7843342721793614,0.902542659958322,0.8442938293250439,0.058248830633278015,0.8520623320186658,0.8836611367821068,0.8923038608210454,0.8836611367821068,0.00864272403893862,0.9172458350658417,0.938829118013382,0.9419046938419342,0.938829118013382,0.003075575828552224,0.3,0.7,0.0
barrel,elhigh-radmid-az225 + elhigh-radnear-az225,elhigh-radmid-az225,elhigh-radnear-az225,8,0.8862035691517453,0.8963151936305057,0.9339308395749824,0.8963151936305057,0.03761564594447664,0.8907385711608184,0.8890106824631054,0.8993604646498121,0.8907385711608184,0.00862189348899367,0.9401764795184135,0.9436797499656677,0.9451896995306015,0.9436797499656677,0.0015099495649337769,0.5,0.5,0.0
barrel,ellow-radnear-az180 + elmid-radnear-az180,ellow-radnear-az180,elmid-radnear-az180,8,0.8223974122303641,0.9905691966680543,0.9905691966680543,0.9905691966680543,0.0,0.9331226747305497,0.9336030109155069,0.9422050009053065,0.9336030109155069,0.008601989989799552,0.960941806435585,0.9574892371892929,0.9635765999555588,0.960941806435585,0.002634793519973755,0.375,0.625,0.0
container,elhigh-radfar-az315 + elmid-radmid-az270,elhigh-radfar-az315,elmid-radmid-az270,8,0.9604952496801346,0.8945013769954903,0.9604952496801346,0.9604952496801346,0.0,0.927380763502736,0.9284243885940695,0.9369811115469449,0.9284243885940695,0.00855672295287535,0.9570987075567245,0.9646308496594429,0.9652637243270874,0.9646308496594429,0.0006328746676445007,0.5,0.5,0.0
container,ellow-radfar-az270 + elmid-radfar-az180,ellow-radfar-az270,elmid-radfar-az180,8,0.6324623474276824,0.7942901733688472,0.8481686954363249,0.7942901733688472,0.053878522067477674,0.7411812197717405,0.8421874199259083,0.850603080974992,0.8421874199259083,0.008415661049083756,0.7940813079476357,0.9064857214689255,0.9131107404828072,0.9064857214689255,0.006625019013881683,0.375,0.625,0.0
container,elhigh-radmid-az000 + elmid-radmid-az180,elhigh-radmid-az000,elmid-radmid-az180,8,0.9004843759015202,0.8788983618124008,0.9278583834871709,0.9004843759015202,0.027374007585650673,0.8718444074578504,0.8828310000892361,0.8910224979116244,0.8828310000892361,0.00819149782238826,0.9157877564430237,0.9319449067115784,0.9337871298193932,0.9319449067115784,0.0018422231078147888,0.375,0.625,0.0
barrel,ellow-radnear-az000 + elmid-radnear-az270,ellow-radnear-az000,elmid-radnear-az270,8,0.9343750020721927,0.9289930560108688,0.975,0.9343750020721927,0.04062499792780727,0.921964206589375,0.9027893561606839,0.9301079558631193,0.921964206589375,0.008143749273744394,0.9495848789811134,0.951766736805439,0.9562905207276344,0.951766736805439,0.004523783922195435,0.5,0.5,0.0
container,elmid-radmid-az000 + elmid-radnear-az045,elmid-radmid-az000,elmid-radnear-az045,9,0.8942681146895732,0.8954963162636417,0.9472423918542836,0.8954963162636417,0.05174607559064193,0.9268536533325924,0.935856162003364,0.9439411029724959,0.935856162003364,0.008084940969131926,0.9582150313589308,0.9660690228144327,0.9691332379976908,0.9660690228144327,0.0030642151832580566,0.3333333333333333,0.6666666666666666,0.0
barrel,elhigh-radfar-az000 + elmid-radmid-az270,elhigh-radfar-az000,elmid-radmid-az270,10,0.9148863647200844,0.9270738637447357,0.97625,0.9270738637447357,0.04917613625526429,0.8931686280900489,0.9217347577588846,0.9297913128938514,0.9217347577588846,0.008056555134966836,0.9327214300632477,0.9542256116867065,0.9556033790111542,0.9542256116867065,0.0013777673244477207,0.2,0.8,0.0
container,elhigh-radmid-az225 + ellow-radmid-az315,elhigh-radmid-az225,ellow-radmid-az315,8,0.9347916685976088,0.9051273182269854,0.9599652796983719,0.9347916685976088,0.025173611100763105,0.943437523379778,0.9450970585250529,0.9531226009300497,0.9450970585250529,0.008025542404996866,0.9681370556354523,0.9652961045503616,0.9715198576450348,0.9681370556354523,0.0033828020095825195,0.5,0.5,0.0
container,ellow-radnear-az000 + elmid-radfar-az000,ellow-radnear-az000,elmid-radfar-az000,8,0.8979044130683749,0.8940533439913635,0.9382484244648367,0.8979044130683749,0.04034401139646182,0.9371819040510787,0.9321054091887597,0.9451499336630969,0.9371819040510787,0.007968029612018146,0.9638183936476707,0.96036546677351,0.9672353491187096,0.9638183936476707,0.0034169554710388184,0.75,0.25,0.0
rock,ellow-radmid-az315 + elmid-radnear-az135,ellow-radmid-az315,elmid-radnear-az135,9,0.8389683637305124,0.8774565482593777,0.93123355250034,0.8774565482593777,0.05377700424096232,0.9363370638865613,0.948890436664732,0.9568408755659014,0.948890436664732,0.00795043890116931,0.9685270124011569,0.9724293880992465,0.9748578601413302,0.9724293880992465,0.0024284720420837402,0.3333333333333333,0.6666666666666666,0.0
rock,ellow-radnear-az090 + elmid-radnear-az135,ellow-radnear-az090,elmid-radnear-az135,8,0.9093931287326565,0.916375556824424,0.9652270420319116,0.916375556824424,0.04885148520748761,0.954199998972487,0.9522949078319041,0.9621040673004755,0.954199998972487,0.007904068327988512,0.9720081239938736,0.9717889800667763,0.976444385945797,0.9720081239938736,0.00443626195192337,0.625,0.375,0.0
barrel,elhigh-radfar-az225 + elmid-radmid-az270,elhigh-radfar-az225,elmid-radmid-az270,11,0.904875000143593,0.895075758027308,0.9234848489363988,0.904875000143593,0.018609848792805805,0.8783435007345733,0.8940320199526087,0.9017948051502335,0.8940320199526087,0.007762785197624744,0.923431320623918,0.9427617571570657,0.9437473633072593,0.9427617571570657,0.0009856061501936075,0.36363636363636365,0.6363636363636364,0.0
barrel,elhigh-radmid-az000 + elmid-radmid-az000,elhigh-radmid-az000,elmid-radmid-az000,11,0.8764511191123535,0.8446642630913775,0.9198854618844231,0.8764511191123535,0.04343434277206959,0.8553734173274333,0.8809106214010263,0.8886690495108382,0.8809106214010263,0.007758428109811977,0.9169109030203386,0.931825188073245,0.933133759281852,0.931825188073245,0.0013085712086070567,0.18181818181818182,0.8181818181818182,0.0
barrel,elhigh-radfar-az270 + elhigh-radnear-az225,elhigh-radfar-az270,elhigh-radnear-az225,8,0.9524062501043081,0.9375,0.9688125001043082,0.9524062501043081,0.016406250000000067,0.8933718679278222,0.9023887385878693,0.9101410006672137,0.9023887385878693,0.00775226207934443,0.9337525442242622,0.9492882117629051,0.9495949372649193,0.9492882117629051,0.00030672550201416016,0.375,0.625,0.0
barrel,elmid-radmid-az270 + elmid-radmid-az315,elmid-radmid-az270,elmid-radmid-az315,11,0.9011146388372873,0.9524451237672646,0.9563908309884884,0.9524451237672646,0.003945707221223782,0.911793664866017,0.8999587246104798,0.9194037097313502,0.911793664866017,0.007610044865333232,0.9490039186044172,0.951920520175587,0.953382903879339,0.951920520175587,0.0014623837037519571,0.45454545454545453,0.5454545454545454,0.0
barrel,elmid-radnear-az045 + elmid-radnear-az225,elmid-radnear-az045,elmid-radnear-az225,8,0.9053323404124332,0.765774740497323,0.9239087288874009,0.9053323404124332,0.018576388474967787,0.9102099219441766,0.7783429020040797,0.917786106345079,0.9102099219441766,0.007576184400902353,0.9469306841492653,0.818789005279541,0.9481369107961655,0.9469306841492653,0.001206226646900177,0.375,0.625,0.0
barrel,ellow-radfar-az315 + elmid-radnear-az090,ellow-radfar-az315,elmid-radnear-az090,10,0.6752602896434869,0.9035426771511096,0.9135426771511096,0.9035426771511096,0.010000000000000009,0.6169944698230639,0.8806388984472001,0.8881555648754478,0.8806388984472001,0.007516666428247665,0.6459567621350288,0.9351093649864197,0.9358085751533508,0.9351093649864197,0.0006992101669310857,0.3,0.7,0.0
barrel,ellow-radnear-az225 + elmid-radnear-az135,ellow-radnear-az225,elmid-radnear-az135,10,0.8475245774239939,0.9497500000149012,0.9723333333805204,0.9497500000149012,0.02258333336561924,0.9332802646342901,0.9153772874630647,0.9406140578025937,0.9332802646342901,0.007333793168303515,0.9634177029132843,0.9465018510818481,0.964789092540741,0.9634177029132843,0.0013713896274566428,0.6,0.4,0.0
barrel,elhigh-radfar-az045 + elhigh-radmid-az000,elhigh-radfar-az045,elhigh-radmid-az000,10,0.8323990637674777,0.8644302378652006,0.8946808094711617,0.8644302378652006,0.03025057160596112,0.8169805677234361,0.8399566074826161,0.8472894354954394,0.8399566074826161,0.007332828012823311,0.8979307353496552,0.9094510495662689,0.9140495419502258,0.9094510495662689,0.004598492383956931,0.4,0.6,0.0
container,ellow-radmid-az315 + elmid-radmid-az000,ellow-radmid-az315,elmid-radmid-az000,9,0.9361967211398002,0.8762425484042454,0.9555416284384446,0.9361967211398002,0.019344907298644354,0.9236712999285994,0.9204490384499316,0.9309928914763385,0.9236712999285994,0.007321591547739037,0.9540645480155945,0.9575842354032729,0.9610370927386813,0.9575842354032729,0.0034528573354084546,0.5555555555555556,0.4444444444444444,0.0
barrel,elhigh-radfar-az180 + elmid-radfar-az225,elhigh-radfar-az180,elmid-radfar-az225,8,0.8350694476523333,0.8956709959544241,0.9395089286845177,0.8956709959544241,0.04383793273009362,0.8797027882672568,0.8772417179837517,0.886983162423681,0.8797027882672568,0.007280374156424241,0.9266217425465584,0.9299710243940353,0.9322176724672318,0.9299710243940353,0.002246648073196411,0.375,0.625,0.0
barrel,elhigh-radfar-az315 + elhigh-radmid-az225,elhigh-radfar-az315,elhigh-radmid-az225,9,0.9423071804436637,0.9388027216711011,0.961333585942218,0.9423071804436637,0.019026405498554277,0.8990499350570261,0.9019923068638273,0.9091891019867187,0.9019923068638273,0.007196795122891397,0.9343937304284837,0.9454428553581238,0.9460968573888143,0.9454428553581238,0.0006540020306905481,0.5555555555555556,0.4444444444444444,0.0
barrel,elhigh-radmid-az000 + elmid-radnear-az000,elhigh-radmid-az000,elmid-radnear-az000,9,0.9248456792377028,0.8930555584668008,0.9643518526245047,0.9248456792377028,0.03950617338680196,0.8814171014438187,0.9033986773341671,0.9104416467429333,0.9033986773341671,0.007042969408766142,0.9301360779338412,0.9530941512849596,0.9530941512849596,0.9530941512849596,0.0,0.1111111111111111,0.8888888888888888,0.0
container,elhigh-radmid-az315 + elhigh-radnear-az315,elhigh-radmid-az315,elhigh-radnear-az315,8,0.934765625,0.9125,0.9375,0.934765625,0.0027343749999999556,0.8896751696251921,0.8860526269607427,0.8966386777982982,0.8896751696251921,0.006963508173106092,0.9384693130850792,0.9399923980236053,0.9428486600518227,0.9399923980236053,0.0028562620282173157,0.25,0.75,0.0
container,ellow-radnear-az180 + elmid-radnear-az135,ellow-radnear-az180,elmid-radnear-az135,9,0.8827869957544304,0.9221064829762295,0.9381663868257277,0.9221064829762295,0.01605990384949818,0.928902925750551,0.933805191200797,0.9406125629240726,0.933805191200797,0.006807371723275613,0.9582406746016608,0.9614961743354797,0.9630731145540873,0.9614961743354797,0.0015769402186075476,0.3333333333333333,0.6666666666666666,0.0
container,ellow-radnear-az315 + elmid-radnear-az180,ellow-radnear-az315,elmid-radnear-az180,9,0.7078362011609393,0.919020062096325,0.9468749999999999,0.919020062096325,0.02785493790367488,0.8238743168994248,0.9266521235078812,0.9334270665498603,0.9266521235078812,0.00677494304197912,0.9618280132611593,0.9587667981783549,0.9691855311393738,0.9618280132611593,0.007357517878214481,0.3333333333333333,0.6666666666666666,0.0
barrel,ellow-radnear-az000 + elmid-radmid-az315,ellow-radnear-az000,elmid-radmid-az315,9,0.9459150334743048,0.9605489421635865,0.986011904767818,0.9605489421635865,0.02546296260423142,0.9398716381568732,0.9350299594762875,0.9466285103951075,0.9398716381568732,0.0067568722382342905,0.9594562517272102,0.9582428336143494,0.9645512170261807,0.9594562517272102,0.005094965298970577,0.6666666666666666,0.3333333333333333,0.0
container,elhigh-radmid-az315 + elhigh-radnear-az135,elhigh-radmid-az315,elhigh-radnear-az135,8,0.8955989601214727,0.8601227684944336,0.9303571433361087,0.8955989601214727,0.034758183214636085,0.8677959002721907,0.8528564487444865,0.8745229813363746,0.8677959002721907,0.00672708106418396,0.9163333252072334,0.9151170700788498,0.9206429868936539,0.9163333252072334,0.004309661686420441,0.375,0.625,0.0
barrel,elmid-radfar-az045 + elmid-radmid-az045,elmid-radfar-az045,elmid-radmid-az045,8,0.8558323312460879,0.9236130939133943,0.9271431862753121,0.9236130939133943,0.0035300923619178137,0.8883257983772914,0.8893633535084287,0.896051163318142,0.8893633535084287,0.0066878098097133964,0.9297161027789116,0.9373463019728661,0.9380867183208466,0.9373463019728661,0.0007404163479804993,0.5,0.5,0.0
barrel,elhigh-radnear-az000 + ellow-radmid-az315,elhigh-radnear-az000,ellow-radmid-az315,10,0.9362786997689467,0.8325854905095996,0.9484912334083073,0.9362786997689467,0.01221253363936059,0.9224767786091614,0.92432755392304,0.9309629807657906,0.92432755392304,0.006635426842750647,0.9529917895793915,0.9568243443965911,0.9594081759452819,0.9568243443965911,0.002583831548690796,0.3,0.7,0.0
container,elhigh-radfar-az045 + elhigh-radnear-az135,elhigh-radfar-az045,elhigh-radnear-az135,8,0.8529724698606879,0.8665029770295535,0.8925967269177948,0.8665029770295535,0.026093749888241313,0.8558488157844382,0.867732243122251,0.8743165716314429,0.867732243122251,0.0065843285091919945,0.9119326546788216,0.9340973868966103,0.9351353645324707,0.9340973868966103,0.0010379776358604431,0.25,0.75,0.0
barrel,elhigh-radfar-az045 + ellow-radnear-az000,elhigh-radfar-az045,ellow-radnear-az000,8,0.9369027794818912,0.9195395680468957,0.9783333343019088,0.9369027794818912,0.04143055482001767,0.9042524105453946,0.9343910126356971,0.9408124443496133,0.9343910126356971,0.006421431713916181,0.9485811591148376,0.9554524123668671,0.9606055244803429,0.9554524123668671,0.0051531121134757996,0.5,0.5,0.0
barrel,elhigh-radnear-az135 + elmid-radmid-az180,elhigh-radnear-az135,elmid-radmid-az180,9,0.9129596570039552,0.897250773338624,0.9402744717635806,0.9129596570039552,0.027314814759625383,0.888445883814972,0.8998964718662168,0.9062522288687036,0.8998964718662168,0.006355757002486806,0.9362923834058974,0.9393437968360053,0.9444386296802096,0.9393437968360053,0.005094832844204311,0.4444444444444444,0.5555555555555556,0.0
barrel,ellow-radmid-az000 + elmid-radmid-az270,ellow-radmid-az000,elmid-radmid-az270,10,0.7662285221278637,0.8693763545632234,0.9097172636270393,0.8693763545632234,0.04034090906381593,0.9139827912061012,0.9054458127728129,0.9200612700275759,0.9139827912061012,0.00607847882147472,0.9544299840927124,0.9482029139995575,0.9551099896430969,0.9544299840927124,0.0006800055503844993,0.7,0.3,0.0
barrel,elhigh-radnear-az135 + ellow-radmid-az045,elhigh-radnear-az135,ellow-radmid-az045,8,0.8855815975626724,0.9060297631890779,0.9490488597463875,0.9060297631890779,0.04301909655730962,0.8877462147668052,0.9279166137033448,0.9339699603185312,0.9279166137033448,0.006053346615186417,0.9323483183979988,0.9543037489056587,0.9564322903752327,0.9543037489056587,0.0021285414695739746,0.5,0.5,0.0
male,elmid-radfar-az000 + elmid-radnear-az135,elmid-radfar-az000,elmid-radnear-az135,8,0.8489533099168692,0.8476424776762794,0.9142527877971466,0.8489533099168692,0.06529947788027735,0.9193368871019905,0.9291195662525862,0.935058522417624,0.9291195662525862,0.005938956165037812,0.9497537538409233,0.9623474553227425,0.9623474553227425,0.9623474553227425,0.0,0.25,0.75,0.0
container,ellow-radfar-az225 + elmid-radfar-az270,ellow-radfar-az225,elmid-radfar-az270,10,0.7811608963959715,0.926800000689427,0.9351944449477726,0.926800000689427,0.008394444258345568,0.8827863508626151,0.8979501943947291,0.9037493869231156,0.8979501943947291,0.005799192528386454,0.9331849217414856,0.9364509463310242,0.9427599012851715,0.9364509463310242,0.0063089549541472945,0.5,0.5,0.0
container,ellow-radmid-az315 + elmid-radfar-az090,ellow-radmid-az315,elmid-radfar-az090,8,0.8353815584093117,0.9248416819205543,0.9885424899705961,0.9248416819205543,0.06370080805004186,0.9329355389281657,0.9344168706709337,0.9400481152177296,0.9344168706709337,0.005631244546795866,0.9621785059571266,0.9557879343628883,0.9629848450422287,0.9621785059571266,0.0008063390851020813,0.5,0.5,0.0
container,ellow-radfar-az225 + ellow-radnear-az180,ellow-radfar-az225,ellow-radnear-az180,9,0.7083808702116334,0.8557898440026375,0.8839099688209282,0.8557898440026375,0.028120124818290737,0.8993948242945871,0.9362340257971908,0.9417860247272062,0.9362340257971908,0.005551998930015345,0.9382182425922818,0.9645654824044969,0.9659593635135226,0.9645654824044969,0.0013938811090257186,0.5555555555555556,0.4444444444444444,0.0
container,elhigh-radmid-az000 + elmid-radmid-az270,elhigh-radmid-az000,elmid-radmid-az270,9,0.8957314803175058,0.9397527651844726,0.9543515309237929,0.9397527651844726,0.014598765739320285,0.8945764964769126,0.9245927747028703,0.9299370030976463,0.9245927747028703,0.005344228394775996,0.947581946849823,0.9567490087615119,0.957496808634864,0.9567490087615119,0.0007477998733520508,0.3333333333333333,0.6666666666666666,0.0
container,elhigh-radfar-az090 + ellow-radfar-az225,elhigh-radfar-az090,ellow-radfar-az225,9,0.8951774709276212,0.597454309495641,0.8983024710104053,0.8951774709276212,0.0031250000827840463,0.8976119988733599,0.8100675015672247,0.9029274187105906,0.8976119988733599,0.005315419837230717,0.9401197499699063,0.8407145010100471,0.9412567350599501,0.9401197499699063,0.001136985090043785,0.6666666666666666,0.3333333333333333,0.0
barrel,ellow-radmid-az090 + elmid-radmid-az180,ellow-radmid-az090,elmid-radmid-az180,8,0.6453741143310463,0.8458042955974662,0.8593401129786786,0.8458042955974662,0.013535817381212456,0.7078808581754612,0.8746857135625965,0.8799975175567849,0.8746857135625965,0.005311803994188402,0.723790667951107,0.9336156621575356,0.9360760375857353,0.9336156621575356,0.002460375428199768,0.375,0.625,0.0
barrel,elhigh-radfar-az000 + ellow-radnear-az045,elhigh-radfar-az000,ellow-radnear-az045,9,0.9042962968548139,0.8379758255190486,0.91674074120654,0.9042962968548139,0.012444444351726092,0.8814722965268804,0.9260873862160486,0.9313878582600148,0.9260873862160486,0.00530047204396622,0.9292404121822782,0.9576489594247606,0.9594556225670708,0.9576489594247606,0.0018066631423102608,0.1111111111111111,0.8888888888888888,0.0
barrel,ellow-radmid-az270 + elmid-radmid-az045,ellow-radmid-az270,elmid-radmid-az045,9,0.7857247977093746,0.9369855972382513,0.940226337868613,0.9369855972382513,0.003240740630361727,0.8788498447724528,0.9020696266313806,0.9073653478191525,0.9020696266313806,0.005295721187771885,0.9353397223684523,0.9398510389857822,0.94265658987893,0.9398510389857822,0.0028055508931478235,0.2222222222222222,0.7777777777777778,0.0
container,elhigh-radfar-az045 + elmid-radmid-az270,elhigh-radfar-az045,elmid-radmid-az270,11,0.9401428590281443,0.9398863655825456,0.9787386368458921,0.9401428590281443,0.03859577781774781,0.9116903634979446,0.9267496100731094,0.9317410714221837,0.9267496100731094,0.004991461349074244,0.9420015757734125,0.9575742699883201,0.9589160680770874,0.9575742699883201,0.001341798088767332,0.5454545454545454,0.45454545454545453,0.0
container,elhigh-radfar-az090 + ellow-radmid-az315,elhigh-radfar-az090,ellow-radmid-az315,8,0.921484375,0.8890211669305615,0.975,0.921484375,0.053515624999999956,0.8834816931471909,0.9098185064600437,0.9147103650820974,0.9098185064600437,0.0048918586220536575,0.9341454952955246,0.9442707300186157,0.9470049515366554,0.9442707300186157,0.0027342215180397034,0.25,0.75,0.0
barrel,elmid-radfar-az225 + elmid-radmid-az000,elmid-radfar-az225,elmid-radmid-az000,8,0.8561049407016346,0.9150830852117626,0.9359164184209197,0.9150830852117626,0.020833333209157034,0.870512426867867,0.8921489431642384,0.8970004516046828,0.8921489431642384,0.004851508440444352,0.9314763620495796,0.9381985440850258,0.9389445781707764,0.9381985440850258,0.0007460340857505798,0.375,0.625,0.0
barrel,ellow-radmid-az090 + ellow-radnear-az225,ellow-radmid-az090,ellow-radnear-az225,8,0.7660119067337585,0.8854687519092113,0.9676562500186264,0.8854687519092113,0.08218749810941517,0.810514624163607,0.926581178454557,0.9314172531566798,0.926581178454557,0.004836074702122772,0.8365293219685555,0.9600758850574493,0.9615383520722389,0.9600758850574493,0.0014624670147895813,0.25,0.75,0.0
barrel,ellow-radfar-az225 + elmid-radfar-az225,ellow-radfar-az225,elmid-radfar-az225,9,0.7547587350293592,0.8931250946351573,0.9053142895169981,0.8931250946351573,0.012189194881840781,0.8177174444286095,0.861002208474128,0.8656589170489362,0.861002208474128,0.004656708574808155,0.9127631054984199,0.9174850781758627,0.9193940957387289,0.9174850781758627,0.001909017562866211,0.3333333333333333,0.6666666666666666,0.0
container,ellow-radnear-az135 + elmid-radmid-az315,ellow-radnear-az135,elmid-radmid-az315,9,0.9013393048376235,0.8917613375699863,0.9673174617962231,0.9013393048376235,0.06597815695859965,0.9521866798839724,0.9314785974761151,0.9568241399492151,0.9521866798839724,0.004637460065242682,0.9697330196698507,0.9663820862770081,0.9718225863244798,0.9697330196698507,0.002089566654629116,0.7777777777777778,0.2222222222222222,0.0
barrel,ellow-radmid-az270 + ellow-radnear-az090,ellow-radmid-az270,ellow-radnear-az090,8,0.8618164223175832,0.8909147066950203,0.950641814974602,0.8909147066950203,0.05972710827958172,0.8989265447048815,0.9401255357100138,0.9447129573373445,0.9401255357100138,0.004587421627330723,0.949372760951519,0.9600337743759155,0.9661166965961456,0.9600337743759155,0.0060829222202301025,0.125,0.875,0.0
barrel,ellow-radnear-az225 + elmid-radnear-az315,ellow-radnear-az225,elmid-radnear-az315,9,0.9472881073082274,0.9403935189048449,0.9737268522381783,0.9472881073082274,0.026438744929950908,0.9440336901306092,0.9184822621086006,0.9483197469888027,0.9440336901306092,0.004286056858193499,0.9667668408817716,0.9539925124910142,0.9688121610217624,0.9667668408817716,0.002045320139990814,0.6666666666666666,0.3333333333333333,0.0
barrel,elhigh-radfar-az225 + ellow-radmid-az000,elhigh-radfar-az225,ellow-radmid-az000,8,0.9058678824180202,0.8179991916680559,0.9058678824180202,0.9058678824180202,0.0,0.8707690469378915,0.8877469202563502,0.8920026790273559,0.8877469202563502,0.004255758771005702,0.9201331958174706,0.9381083399057388,0.9408571049571037,0.9381083399057388,0.0027487650513648987,0.25,0.75,0.0
male,ellow-radfar-az315 + elmid-radnear-az135,ellow-radfar-az315,elmid-radnear-az135,8,0.5416245363534655,0.843866802242293,0.8654142432456584,0.843866802242293,0.021547441003365364,0.5561370103256306,0.8919432669694096,0.8961691005254862,0.8919432669694096,0.00422583355607653,0.5937143359333277,0.9286289364099503,0.9382925629615784,0.9286289364099503,0.009663626551628113,0.25,0.75,0.0
container,elhigh-radnear-az090 + elmid-radnear-az270,elhigh-radnear-az090,elmid-radnear-az270,11,0.8622417373018283,0.949886364196286,0.9515909096508316,0.949886364196286,0.0017045454545455696,0.8970878329219797,0.9276489901811034,0.931835738362603,0.9276489901811034,0.0041867481814996665,0.9474941004406322,0.9593386324969205,0.9602893536741083,0.9593386324969205,0.0009507211771877522,0.18181818181818182,0.8181818181818182,0.0
container,elhigh-radmid-az000 + elmid-radnear-az270,elhigh-radmid-az000,elmid-radnear-az270,14,0.9119104873857926,0.8734303706227073,0.9464541374958821,0.9119104873857926,0.03454365011008953,0.8874163992937175,0.9090132058224187,0.9130673275872601,0.9090132058224187,0.004054121764841323,0.9313908432211194,0.9488216894013541,0.9494698771408626,0.9488216894013541,0.0006481877395084767,0.21428571428571427,0.7857142857142857,0.0
barrel,elhigh-radnear-az135 + elmid-radmid-az000,elhigh-radnear-az135,elmid-radmid-az000,8,0.9051860123979194,0.8958535891909291,0.9286458335816861,0.9051860123979194,0.02345982118376666,0.876877487079259,0.8917051473382616,0.8957122250109748,0.8917051473382616,0.004007077672713244,0.932495079934597,0.9352307915687561,0.9379366487264633,0.9352307915687561,0.0027058571577072144,0.5,0.5,0.0
barrel,elhigh-radmid-az090 + elhigh-radnear-az135,elhigh-radmid-az090,elhigh-radnear-az135,10,0.9346907547062896,0.9221488100176766,0.9611541670183341,0.9346907547062896,0.02646341231204452,0.9084086225466905,0.9152638808789121,0.9191854639053261,0.9152638808789121,0.003921583026413988,0.9550599813461303,0.9546246826648712,0.9595465123653412,0.9550599813461303,0.004486531019210815,0.3,0.7,0.0
barrel,elhigh-radmid-az045 + elmid-radmid-az000,elhigh-radmid-az045,elmid-radmid-az000,9,0.813249779884557,0.8856785759160752,0.9182094404907342,0.8856785759160752,0.032530864574658924,0.8477303106477119,0.8800312338300458,0.883915823680482,0.8800312338300458,0.003884589850436271,0.9235577980677286,0.9325891335805258,0.9325891335805258,0.9325891335805258,0.0,0.3333333333333333,0.6666666666666666,0.0
barrel,ellow-radfar-az000 + elmid-radmid-az000,ellow-radfar-az000,elmid-radmid-az000,13,0.5790777307592901,0.9102279446324956,0.9106382010396952,0.9102279446324956,0.0004102564071996051,0.6520259801514781,0.8739980031604258,0.8777873341755101,0.8739980031604258,0.003789331015084385,0.7002436702068036,0.9249216684928308,0.927079439163208,0.9249216684928308,0.002157770670377257,0.15384615384615385,0.8461538461538461,0.0
barrel,elhigh-radmid-az135 + elmid-radfar-az225,elhigh-radmid-az135,elmid-radfar-az225,8,0.9065972224291828,0.9531250008381903,0.9671875,0.9531250008381903,0.014062499161809683,0.8676405446446731,0.8988770488355549,0.9026084394504914,0.8988770488355549,0.0037313906149365472,0.9269754886627197,0.9324877113103867,0.9364954903721809,0.9324877113103867,0.004007779061794281,0.375,0.625,0.0
barrel,elmid-radmid-az000 + elmid-radnear-az135,elmid-radmid-az000,elmid-radnear-az135,10,0.8224671347716466,0.8697806488573608,0.9562206352374147,0.8697806488573608,0.0864399863800539,0.9108958621001797,0.9187233313907918,0.9224323063643165,0.9187233313907918,0.003708974973524737,0.9459833145141602,0.9444639205932617,0.9546372711658477,0.9459833145141602,0.008653956651687555,0.5,0.5,0.0
male,elhigh-radmid-az000 + ellow-radfar-az090,elhigh-radmid-az000,ellow-radfar-az090,8,0.9148789694941942,0.804705691197653,0.9256660060359057,0.9148789694941942,0.010787036541711426,0.8911104323452537,0.8741649111253853,0.8948041151772643,0.8911104323452537,0.0036936828320106585,0.9340209513902664,0.9223180413246155,0.9387823641300201,0.9340209513902664,0.004761412739753723,0.625,0.375,0.0
barrel,ellow-radnear-az090 + elmid-radfar-az225,ellow-radnear-az090,elmid-radfar-az225,9,0.8800565851423046,0.9585301432700395,0.9723793498857322,0.9585301432700395,0.013849206615692666,0.9444603309053679,0.902333834594792,0.9481117624430647,0.9444603309053679,0.00365143153769687,0.9626252783669366,0.9309410386615329,0.9643969006008573,0.9626252783669366,0.0017716222339206888,0.8888888888888888,0.1111111111111111,0.0
container,ellow-radfar-az315 + ellow-radmid-az045,ellow-radfar-az315,ellow-radmid-az045,8,0.8549995371423401,0.7428219954171252,0.9086814521842119,0.8549995371423401,0.05368191504187181,0.9355264214134831,0.9596842484886219,0.963228316737156,0.9596842484886219,0.003544068248534149,0.9653021767735481,0.9737834706902504,0.9761289581656456,0.9737834706902504,0.0023454874753952026,0.25,0.75,0.0
male,elhigh-radnear-az225 + ellow-radfar-az090,elhigh-radnear-az225,ellow-radfar-az090,8,0.9205499796347232,0.748301673226194,0.932833993094727,0.9205499796347232,0.01228401346000385,0.9086384363228106,0.8857820572840649,0.9119520586579313,0.9086384363228106,0.0033136223351206695,0.9472889378666878,0.9298811703920364,0.9500146731734276,0.9472889378666878,0.002725735306739807,0.75,0.25,0.0
rock,elhigh-radfar-az225 + elmid-radfar-az225,elhigh-radfar-az225,elmid-radfar-az225,8,0.9206013305833889,0.8297689827961652,0.9652971931316265,0.9206013305833889,0.04469586254823765,0.9295889957600605,0.9195571722915434,0.9328710475153268,0.9295889957600605,0.003282051755266302,0.9569395035505295,0.9555556029081345,0.9583970755338669,0.9569395035505295,0.0014575719833374023,0.5,0.5,0.0
container,elhigh-radmid-az000 + ellow-radmid-az090,elhigh-radmid-az000,ellow-radmid-az090,9,0.9452685172993535,0.6930612613512861,0.9452685172993535,0.9452685172993535,0.0,0.9211997806889072,0.8260341116637598,0.9244636646704925,0.9211997806889072,0.0032638839815852805,0.953074594338735,0.8522467613220215,0.9545882278018527,0.953074594338735,0.001513633463117725,0.6666666666666666,0.3333333333333333,0.0
container,elhigh-radfar-az045 + ellow-radmid-az315,elhigh-radfar-az045,ellow-radmid-az315,9,0.8794778048794878,0.8688904263091153,0.9566920805021402,0.8794778048794878,0.07721427562265237,0.8902020098537093,0.9227955860196168,0.925994393655406,0.9227955860196168,0.0031988076357892803,0.9371508227454292,0.9509348008367751,0.9521113899019029,0.9509348008367751,0.0011765890651278532,0.2222222222222222,0.7777777777777778,0.0
barrel,elhigh-radnear-az000 + ellow-radfar-az000,elhigh-radnear-az000,ellow-radfar-az000,10,0.9265703222461351,0.7996528987849264,0.9664583336003124,0.9265703222461351,0.0398880113541773,0.9346239574033586,0.9002725506707193,0.9378040582235716,0.9346239574033586,0.0031801008202130276,0.9570275008678436,0.9392254590988159,0.9584022700786591,0.9570275008678436,0.001374769210815474,0.8,0.2,0.0
container,elhigh-radmid-az225 + elmid-radnear-az135,elhigh-radmid-az225,elmid-radnear-az135,10,0.9456850773333464,0.9358615561943132,0.9797335610449179,0.9456850773333464,0.03404848371157154,0.9330205521749086,0.9544674686575348,0.9575062197172063,0.9544674686575348,0.0030387510596714407,0.9622678339481354,0.9724163234233856,0.9732185125350952,0.9724163234233856,0.0008021891117095947,0.1,0.9,0.0
barrel,elmid-radfar-az315 + elmid-radmid-az000,elmid-radfar-az315,elmid-radmid-az000,8,0.8696346847959847,0.8559435022879129,0.9082978248910083,0.8696346847959847,0.038663140095023585,0.8429804094253237,0.8738027907038894,0.8767662961182583,0.8738027907038894,0.00296350541436885,0.90505301207304,0.9259600415825844,0.9271001741290092,0.9259600415825844,0.0011401325464248657,0.25,0.75,0.0
barrel,ellow-radnear-az225 + elmid-radmid-az270,ellow-radnear-az225,elmid-radmid-az270,9,0.9014660513465418,0.872443181855811,0.9496527777777778,0.9014660513465418,0.048186726431236004,0.9426628202028289,0.9144280219418621,0.9455785270107806,0.9426628202028289,0.0029157068079517234,0.9664125376277499,0.9524317383766174,0.9664125376277499,0.9664125376277499,0.0,0.8888888888888888,0.1111111111111111,0.0
container,ellow-radfar-az180 + elmid-radnear-az270,ellow-radfar-az180,elmid-radnear-az270,8,0.7356825438021416,0.9755208333954215,0.9824404767315302,0.9755208333954215,0.006919643336108727,0.9343949917472822,0.9536091346835311,0.9565128341641262,0.9536091346835311,0.002903699480595101,0.9608789458870888,0.9751972481608391,0.9751972481608391,0.9751972481608391,0.0,0.125,0.875,0.0
barrel,elhigh-radnear-az135 + ellow-radnear-az225,elhigh-radnear-az135,ellow-radnear-az225,9,0.8704365086792007,0.8669058662372423,0.9518485456444914,0.8704365086792007,0.08141203696529065,0.8581027945877638,0.9257901160816261,0.9286656568498436,0.9257901160816261,0.0028755407682174994,0.9238455560472276,0.9580258660846286,0.9580258660846286,0.9580258660846286,0.0,0.2222222222222222,0.7777777777777778,0.0
container,elhigh-radnear-az270 + ellow-radnear-az225,elhigh-radnear-az270,ellow-radnear-az225,8,0.970859375083819,0.7714667355513907,0.980234375083819,0.970859375083819,0.009375000000000022,0.9330095843670412,0.9536972089836873,0.9565678423588215,0.9536972089836873,0.0028706333751342683,0.9631915017962456,0.9762430638074875,0.9773892909288406,0.9762430638074875,0.0011462271213531494,0.25,0.75,0.0
container,ellow-radmid-az090 + elmid-radmid-az270,ellow-radmid-az090,elmid-radmid-az270,10,0.8548690124169838,0.908233296795187,0.9595274886660254,0.908233296795187,0.05129419187083839,0.9420262420193932,0.9382436832441406,0.9448843825743399,0.9420262420193932,0.0028581405549467087,0.9660198748111725,0.9653391361236572,0.968596625328064,0.9660198748111725,0.002576750516891546,0.6,0.4,0.0
rock,ellow-radmid-az135 + elmid-radnear-az135,ellow-radmid-az135,elmid-radnear-az135,8,0.7258407757883625,0.97578125,0.9869270834838971,0.97578125,0.011145833483897083,0.8096630242429224,0.9573877318764561,0.960214869453921,0.9573877318764561,0.002827137577464889,0.8424420058727264,0.9733548909425735,0.9738522097468376,0.9733548909425735,0.0004973188042640686,0.125,0.875,0.0
container,ellow-radfar-az000 + ellow-radmid-az000,ellow-radfar-az000,ellow-radmid-az000,10,0.6712372927975778,0.7154423562962503,0.7620891813427211,0.7154423562962503,0.046646825046470775,0.7957284230564593,0.8155989420177481,0.8183849632959348,0.8155989420177481,0.0027860212781867233,0.8369732022285461,0.8498520910739898,0.8506840229034424,0.8498520910739898,0.0008319318294525146,0.1,0.8,0.1
container,elhigh-radfar-az090 + elmid-radnear-az090,elhigh-radfar-az090,elmid-radnear-az090,8,0.9036458349352081,0.940625,0.9453125,0.940625,0.004687499999999956,0.9029526052915413,0.9242276331766037,0.9269232868368111,0.9242276331766037,0.002695653660207409,0.9578531682491302,0.9677635133266449,0.9684301167726517,0.9677635133266449,0.0006666034460067749,0.25,0.75,0.0
container,elhigh-radfar-az045 + elmid-radnear-az270,elhigh-radfar-az045,elmid-radnear-az270,14,0.914284666453405,0.8823185775924431,0.9272462789762171,0.914284666453405,0.012961612522812138,0.9007576828518015,0.9182228731269289,0.9206618530556955,0.9182228731269289,0.002438979928766627,0.9377504672322955,0.9562931784561702,0.9564333643232074,0.9562931784561702,0.00014018586703712366,0.14285714285714285,0.8571428571428571,0.0
barrel,ellow-radnear-az045 + elmid-radfar-az090,ellow-radnear-az045,elmid-radfar-az090,8,0.7720409899750341,0.8622418981296274,0.8814694012762553,0.8622418981296274,0.01922750314662791,0.9014229196025383,0.857446272528188,0.9037429188987218,0.9014229196025383,0.002319999296183539,0.9377603083848953,0.9312001615762711,0.9505244344472885,0.9377603083848953,0.012764126062393188,0.875,0.125,0.0
barrel,elhigh-radmid-az000 + elmid-radnear-az135,elhigh-radmid-az000,elmid-radnear-az135,10,0.9091670469809701,0.8811625024335548,0.9486749821099579,0.9091670469809701,0.03950793512898787,0.8968059867633489,0.9199488867927151,0.9222587385769622,0.9199488867927151,0.00230985178424703,0.9360221326351166,0.9538094997406006,0.9545355618000031,0.9538094997406006,0.0007260620594025102,0.2,0.8,0.0
container,elhigh-radmid-az270 + ellow-radmid-az000,elhigh-radmid-az270,ellow-radmid-az000,9,0.8662216668274583,0.7591603354549749,0.8995550001607915,0.8662216668274583,0.033333333333333215,0.8573655957206567,0.8815100948574981,0.883766688314678,0.8815100948574981,0.0022565934571798785,0.920980605814192,0.9299700591299269,0.9307921595043607,0.9299700591299269,0.0008221003744337541,0.3333333333333333,0.6666666666666666,0.0
container,elhigh-radfar-az000 + elmid-radmid-az315,elhigh-radfar-az000,elmid-radmid-az315,8,0.9159683712753213,0.9345075461100427,0.9761364562595714,0.9345075461100427,0.04162891014952863,0.9216217538713005,0.9520612408312394,0.9542394868040978,0.9520612408312394,0.002178245972858317,0.9566922038793564,0.9693380296230316,0.9699534922838211,0.9693380296230316,0.0006154626607894897,0.25,0.75,0.0
male,ellow-radfar-az270 + elmid-radmid-az270,ellow-radfar-az270,elmid-radmid-az270,10,0.6494839798080336,0.8794805218060683,0.8830046532358974,0.8794805218060683,0.0035241314298291027,0.844248669022939,0.8967776512719283,0.8989278854721914,0.8967776512719283,0.002150234200263057,0.9219915866851807,0.9401004195213318,0.9408312916755677,0.9401004195213318,0.0007308721542358398,0.2,0.8,0.0
container,elhigh-radnear-az000 + elmid-radnear-az270,elhigh-radnear-az000,elmid-radnear-az270,10,0.9563098502750524,0.947426369125249,0.9811518831863083,0.9563098502750524,0.024842032911255862,0.939460037450327,0.9528134736719295,0.9549523673500208,0.9528134736719295,0.0021388936780912804,0.963385546207428,0.9705500721931457,0.9716647267341614,0.9705500721931457,0.0011146545410156694,0.2,0.8,0.0
container,elhigh-radnear-az315 + elmid-radnear-az270,elhigh-radnear-az315,elmid-radnear-az270,8,0.9484375001862645,0.9589062513863402,0.9828125001862645,0.9589062513863402,0.023906248799924312,0.9101926684540174,0.9383550406017962,0.9404635801827106,0.9383550406017962,0.0021085395809143925,0.9488928020000458,0.9591927528381348,0.9615015834569931,0.9591927528381348,0.0023088306188583374,0.25,0.75,0.0
barrel,elhigh-radfar-az270 + elmid-radfar-az225,elhigh-radfar-az270,elmid-radfar-az225,10,0.9796765060951536,0.874250237587313,0.9900401424479528,0.9796765060951536,0.010363636352799244,0.9016909730908782,0.9182578935844219,0.9203109855855786,0.9182578935844219,0.0020530920011566645,0.9402194201946259,0.9476996839046479,0.9499461591243744,0.9476996839046479,0.0022464752197265403,0.3,0.7,0.0
container,elhigh-radmid-az000 + elmid-radmid-az045,elhigh-radmid-az000,elmid-radmid-az045,8,0.9503442464714486,0.9699548616194063,0.9699548616194063,0.9699548616194063,0.0,0.9036062505483797,0.9262917160602981,0.9281358218250291,0.9262917160602981,0.00184410576473093,0.9460443779826164,0.9548468589782715,0.955510601401329,0.9548468589782715,0.0006637424230575562,0.25,0.75,0.0
barrel,elhigh-radfar-az090 + ellow-radfar-az270,elhigh-radfar-az090,ellow-radfar-az270,9,0.9466589509934923,0.7866514343639466,0.9466589509934923,0.9466589509934923,0.0,0.9084664409960612,0.8820520905976367,0.9101981181056007,0.9084664409960612,0.0017316771095394756,0.9469786551263597,0.9364201227823893,0.9476670490370857,0.9469786551263597,0.0006883939107259485,0.7777777777777778,0.2222222222222222,0.0
barrel,elhigh-radnear-az315 + ellow-radfar-az000,elhigh-radnear-az315,ellow-radfar-az000,9,0.9594212967709258,0.7603497305762998,0.9594212967709258,0.9594212967709258,0.0,0.9254638498299117,0.893535323122739,0.9271946069160882,0.9254638498299117,0.0017307570861765376,0.9550281034575568,0.9379276037216187,0.9563981162177192,0.9550281034575568,0.0013700127601623535,0.8888888888888888,0.1111111111111111,0.0
male,ellow-radfar-az270 + elmid-radnear-az270,ellow-radfar-az270,elmid-radnear-az270,8,0.7154622165879777,0.9237500013863402,0.9350000006953875,0.9237500013863402,0.011249999309047243,0.8417638716148623,0.9062234231118991,0.9079523344088214,0.9062234231118991,0.0017289112969223197,0.9113195315003395,0.9453157484531403,0.9454035311937332,0.9453157484531403,8.778274059295654e-05,0.125,0.875,0.0
container,elhigh-radnear-az270 + elmid-radnear-az270,elhigh-radnear-az270,elmid-radnear-az270,10,0.9461666670814157,0.9531944452060592,0.9569444452060594,0.9531944452060592,0.003750000000000142,0.9089861066307077,0.9219267882531217,0.9235661076009485,0.9219267882531217,0.0016393193478267953,0.9466967165470124,0.9532971799373626,0.954841160774231,0.9532971799373626,0.0015439808368683527,0.4,0.6,0.0
container,elhigh-radnear-az000 + elmid-radnear-az000,elhigh-radnear-az000,elmid-radnear-az000,8,0.9844600699465308,0.9681796877682209,0.9906406252682209,0.9844600699465308,0.006180555321690151,0.9374504896785067,0.9526949436939507,0.9542756808771538,0.9526949436939507,0.0015807371832030626,0.9638896360993385,0.9723834544420242,0.9728859812021255,0.9723834544420242,0.0005025267601013184,0.25,0.75,0.0
container,elhigh-radfar-az270 + ellow-radnear-az225,elhigh-radfar-az270,ellow-radnear-az225,9,0.9866064819053366,0.8759221046940069,0.9892731483865668,0.9866064819053366,0.002666666481230151,0.9337949053213982,0.9599499904822922,0.9615113859992638,0.9599499904822922,0.001561395516971542,0.9610022703806559,0.9781787527932061,0.9781787527932061,0.9781787527932061,0.0,0.2222222222222222,0.7777777777777778,0.0
barrel,elmid-radfar-az225 + elmid-radmid-az135,elmid-radfar-az225,elmid-radmid-az135,8,0.8869971272679114,0.958893399398188,0.9647961767827407,0.958893399398188,0.005902777384552693,0.8917009615201898,0.922234344823845,0.9237827424657121,0.922234344823845,0.0015483976418670942,0.9369804859161377,0.9515597075223923,0.9531541913747787,0.9515597075223923,0.0015944838523864746,0.25,0.75,0.0
barrel,ellow-radmid-az045 + ellow-radnear-az045,ellow-radmid-az045,ellow-radnear-az045,8,0.6838333350867033,0.7228714227603094,0.7656909731115318,0.7228714227603094,0.042819550351222424,0.8122615989086008,0.8011273412797095,0.8137679600462318,0.8122615989086008,0.0015063611376309183,0.8348615393042564,0.8393562510609627,0.8413824886083603,0.8393562510609627,0.0020262375473976135,0.625,0.25,0.125
barrel,elhigh-radnear-az225 + elmid-radfar-az135,elhigh-radnear-az225,elmid-radfar-az135,12,0.9192806976165401,0.82943512641033,0.9192806976165401,0.9192806976165401,0.0,0.8723437106489106,0.8458123148903208,0.873837148394584,0.8723437106489106,0.0014934377456734538,0.9209244350592295,0.9184098243713379,0.9252871324618658,0.9209244350592295,0.004362697402636284,0.8333333333333334,0.16666666666666666,0.0
barrel,elhigh-radmid-az000 + ellow-radnear-az045,elhigh-radmid-az000,ellow-radnear-az045,10,0.9110545445600018,0.7756496159054869,0.9340753778436645,0.9110545445600018,0.023020833283662667,0.890564588197547,0.9349751129113116,0.9364267462601148,0.9349751129113116,0.0014516333488031608,0.9396724998950958,0.9623174369335175,0.9628060758113861,0.9623174369335175,0.0004886388778686523,0.2,0.8,0.0
barrel,elhigh-radfar-az045 + ellow-radnear-az225,elhigh-radfar-az045,ellow-radnear-az225,8,0.8543179591517481,0.7576388921024692,0.945654762222742,0.8543179591517481,0.0913368030709939,0.8376660667536076,0.9180275066932517,0.919455916690922,0.9180275066932517,0.0014284099976702436,0.910175122320652,0.9575519040226936,0.9575519040226936,0.9575519040226936,0.0,0.25,0.75,0.0
barrel,elhigh-radmid-az135 + ellow-radnear-az225,elhigh-radmid-az135,ellow-radnear-az225,10,0.8183044226002328,0.9031533045762042,0.9268460892048113,0.9031533045762042,0.023692784628607022,0.8245586398545697,0.9180420712346301,0.9194663017099394,0.9180420712346301,0.0014242304753092627,0.9009231507778168,0.9531730115413666,0.9531730115413666,0.9531730115413666,0.0,0.1,0.9,0.0
rock,elmid-radnear-az135 + elmid-radnear-az315,elmid-radnear-az135,elmid-radnear-az315,8,0.9258976843280211,0.9873020838722587,1.0,0.9873020838722587,0.012697916127741293,0.9534692716619939,0.9644809911002286,0.9658959261726539,0.9644809911002286,0.001414935072425294,0.9744421094655991,0.9752198606729507,0.9762417525053024,0.9752198606729507,0.0010218918323516846,0.125,0.875,0.0
barrel,elhigh-radmid-az225 + ellow-radfar-az270,elhigh-radmid-az225,ellow-radfar-az270,8,0.8700520846061408,0.46323489118367434,0.8835937501396984,0.8700520846061408,0.013541665533557623,0.8705269749956277,0.6467878102628739,0.8719401852020718,0.8705269749956277,0.0014132102064441376,0.926631934940815,0.712815411388874,0.926631934940815,0.926631934940815,0.0,0.875,0.125,0.0
barrel,elhigh-radfar-az225 + ellow-radnear-az225,elhigh-radfar-az225,ellow-radnear-az225,9,0.9088371365120014,0.798441945814048,0.9428649142069949,0.9088371365120014,0.034027777694993544,0.8762918732368823,0.9351179217477904,0.9364424753675971,0.9351179217477904,0.0013245536198066565,0.922282960679796,0.9671207401487563,0.9671207401487563,0.9671207401487563,0.0,0.1111111111111111,0.8888888888888888,0.0
barrel,elhigh-radmid-az225 + elmid-radfar-az135,elhigh-radmid-az225,elmid-radfar-az135,9,0.8956174258643931,0.8251388919167221,0.9190601854800351,0.8956174258643931,0.023442759615642017,0.8751334813162851,0.8506268109889857,0.8764193981045167,0.8751334813162851,0.0012859167882316447,0.9244506027963426,0.9206303358078003,0.9264350003666348,0.9244506027963426,0.001984397570292229,0.6666666666666666,0.3333333333333333,0.0
container,elhigh-radfar-az315 + elmid-radnear-az270,elhigh-radfar-az315,elmid-radnear-az270,9,0.9029919308434137,0.9020786825903426,0.9348206351542019,0.9029919308434137,0.031828704310788214,0.8919564172869402,0.9215443302137081,0.9228222103923799,0.9215443302137081,0.0012778801786718086,0.9457846350140042,0.9513253966967264,0.954340292347802,0.9513253966967264,0.0030148956510755998,0.2222222222222222,0.7777777777777778,0.0
barrel,elhigh-radnear-az000 + ellow-radnear-az225,elhigh-radnear-az000,ellow-radnear-az225,8,0.9634097226415244,0.8023561576216496,0.9786875002123415,0.9634097226415244,0.015277777570817164,0.9150022593227192,0.9393360082326403,0.9406005577487648,0.9393360082326403,0.0012645495161245357,0.9473404288291931,0.9687067046761513,0.9687067046761513,0.9687067046761513,0.0,0.375,0.625,0.0
container,elhigh-radnear-az000 + ellow-radnear-az180,elhigh-radnear-az000,ellow-radnear-az180,8,0.9655781252756714,0.9438830807539477,0.9839375002756715,0.9655781252756714,0.018359375000000067,0.9272229747505358,0.944980018211925,0.9462407443709533,0.944980018211925,0.0012607261590282803,0.9578621461987495,0.9707444086670876,0.9707444086670876,0.9707444086670876,0.0,0.25,0.75,0.0
barrel,ellow-radfar-az135 + elmid-radfar-az225,ellow-radfar-az135,elmid-radfar-az225,8,0.731543756375045,0.8515690455204784,0.9199047625015179,0.8515690455204784,0.06833571698103946,0.7342910582754354,0.8978283390697728,0.8990468634254878,0.8978283390697728,0.0012185243557150116,0.7890741154551506,0.9331560507416725,0.9333904013037682,0.9331560507416725,0.0002343505620956421,0.125,0.875,0.0
barrel,elhigh-radmid-az225 + elmid-radmid-az045,elhigh-radmid-az225,elmid-radmid-az045,8,0.8953125,0.8361145859882235,0.91953125,0.8953125,0.024218750000000067,0.8629684432525937,0.8785413363285901,0.8797345163141004,0.8785413363285901,0.0011931799855102732,0.9161321446299553,0.9264502599835396,0.9271794334053993,0.9264502599835396,0.0007291734218597412,0.125,0.875,0.0
barrel,elmid-radfar-az045 + elmid-radmid-az135,elmid-radfar-az045,elmid-radmid-az135,8,0.8870902795198167,0.9025462986004573,0.9447916672694393,0.9025462986004573,0.042245368668981986,0.8659265088817332,0.8846952491736393,0.8858645873685651,0.8846952491736393,0.0011693381949258175,0.9125335216522217,0.9355612844228745,0.9355612844228745,0.9355612844228745,0.0,0.25,0.75,0.0
barrel,elhigh-radnear-az000 + ellow-radnear-az090,elhigh-radnear-az000,ellow-radnear-az090,8,0.9431302701886699,0.8741934759807488,0.9509427701886699,0.9431302701886699,0.0078125,0.9016496126862124,0.9428228827216638,0.9439334289914103,0.9428228827216638,0.001110546269746493,0.940776988863945,0.964288018643856,0.9650468826293945,0.964288018643856,0.0007588639855384827,0.125,0.875,0.0
barrel,ellow-radmid-az000 + elmid-radmid-az000,ellow-radmid-az000,elmid-radmid-az000,8,0.7207797654390867,0.8731212798400694,0.9026029266681641,0.8731212798400694,0.029481646828094732,0.780527789897651,0.9064909558393679,0.9075140832566579,0.9064909558393679,0.0010231274172900484,0.824519619345665,0.9441985487937927,0.9460024312138557,0.9441985487937927,0.0018038824200630188,0.125,0.875,0.0
container,elhigh-radfar-az315 + elhigh-radnear-az000,elhigh-radfar-az315,elhigh-radnear-az000,9,0.9220374920456751,0.9483076480410804,0.9483076480410804,0.9483076480410804,0.0,0.9397297564914844,0.9453115766144831,0.9463342997970092,0.9453115766144831,0.001022723182526164,0.9629697534773085,0.967678944269816,0.96892425749037,0.967678944269816,0.0012453132205539896,0.2222222222222222,0.7777777777777778,0.0
barrel,elmid-radmid-az270 + elmid-radnear-az180,elmid-radmid-az270,elmid-radnear-az180,8,0.8843714829872643,0.9678315415874952,0.9822218607393995,0.9678315415874952,0.014390319151904363,0.9145267552957779,0.9388896288731643,0.9398145506594386,0.9388896288731643,0.0009249217862743464,0.9518329054117203,0.9594891890883446,0.9600010067224503,0.9594891890883446,0.0005118176341056824,0.125,0.875,0.0
male,elhigh-radmid-az270 + elmid-radnear-az270,elhigh-radmid-az270,elmid-radnear-az270,8,0.9340468751043082,0.9458333337679505,0.952734375,0.9458333337679505,0.006901041232049487,0.8969526490641604,0.9235826939558662,0.9245007621856676,0.9235826939558662,0.0009180682298013387,0.9411361739039421,0.9565721526741982,0.9565721526741982,0.9565721526741982,0.0,0.125,0.875,0.0
container,elhigh-radfar-az000 + elmid-radfar-az270,elhigh-radfar-az000,elmid-radfar-az270,8,0.8318541679730018,0.8938177087986842,0.9295468750819564,0.8938177087986842,0.03572916628327227,0.799149591148861,0.9035140992785,0.9043244150099161,0.9035140992785,0.0008103157314161002,0.8494341690093279,0.9433010220527649,0.9451916739344597,0.9433010220527649,0.0018906518816947937,0.125,0.875,0.0
barrel,elhigh-radnear-az270 + elmid-radmid-az000,elhigh-radnear-az270,elmid-radmid-az000,8,0.856056550271543,0.8986106205520761,0.903298120552076,0.8986106205520761,0.004687499999999956,0.8514122925641923,0.8712098580254084,0.872018932900847,0.8712098580254084,0.0008090748754385757,0.9099024087190628,0.9286044389009476,0.9293001294136047,0.9286044389009476,0.0006956905126571655,0.25,0.75,0.0
male,elhigh-radmid-az090 + elmid-radmid-az045,elhigh-radmid-az090,elmid-radmid-az045,8,0.7890763901258923,0.8503273820681941,0.851889882021628,0.8503273820681941,0.0015624999534338269,0.7656640127705256,0.8425642569553373,0.8433489767504048,0.8425642569553373,0.0007847197950674456,0.8886219263076782,0.9085299894213676,0.9091925919055939,0.9085299894213676,0.0006626024842262268,0.125,0.875,0.0
container,elhigh-radnear-az000 + elmid-radnear-az315,elhigh-radnear-az000,elmid-radnear-az315,9,0.9379137225657802,0.998666666759385,0.998666666759385,0.998666666759385,0.0,0.9460592042903728,0.9619700110838392,0.9626902916239877,0.9619700110838392,0.0007202805401484991,0.9675936698913574,0.9750760992368063,0.9763364129596286,0.9750760992368063,0.001260313722822315,0.2222222222222222,0.7777777777777778,0.0
male,elhigh-radmid-az090 + elmid-radnear-az270,elhigh-radmid-az090,elmid-radnear-az270,8,0.8289351862217127,0.8711805568801032,0.8852430568801032,0.8711805568801032,0.014062499999999978,0.820415854395693,0.8671099995569373,0.8678164635560757,0.8671099995569373,0.0007064639991383181,0.8921987414360046,0.9237478524446487,0.9245658591389656,0.9237478524446487,0.000818006694316864,0.125,0.875,0.0
barrel,ellow-radnear-az000 + elmid-radmid-az270,ellow-radnear-az000,elmid-radmid-az270,9,0.8633251660426344,0.9128086421592736,0.9541666666666667,0.9128086421592736,0.04135802450739312,0.9172744235255412,0.8938130933103786,0.9179533776960179,0.9172744235255412,0.0006789541704766977,0.9541768299208747,0.9400511384010315,0.9572642710473802,0.9541768299208747,0.003087441126505497,0.8888888888888888,0.1111111111111111,0.0
barrel,ellow-radfar-az135 + elmid-radnear-az180,ellow-radfar-az135,elmid-radnear-az180,11,0.7239432672547305,0.9568181818181819,0.9636363636363636,0.9568181818181819,0.006818181818181723,0.7813433202483666,0.9143845933999024,0.9150578977079598,0.9143845933999024,0.0006733043080573431,0.8274716301397844,0.9500031200322238,0.9500031200322238,0.9500031200322238,0.0,0.18181818181818182,0.8181818181818182,0.0
container,ellow-radnear-az180 + elmid-radfar-az000,ellow-radnear-az180,elmid-radfar-az000,8,0.8532686249180368,0.8982035373806864,0.9520446820518068,0.8982035373806864,0.053841144671120444,0.9413405495630935,0.922465642981205,0.9419923556112808,0.9413405495630935,0.0006518060481872645,0.9625900685787201,0.9488774538040161,0.9625900685787201,0.9625900685787201,0.0,0.875,0.125,0.0
barrel,elhigh-radmid-az090 + ellow-radnear-az225,elhigh-radmid-az090,ellow-radnear-az225,10,0.8914500002741814,0.8325459360528059,0.95947083363235,0.8914500002741814,0.06802083335816855,0.8760612636082967,0.9444531635133746,0.9450667705541477,0.9444531635133746,0.0006136070407730676,0.9477124273777008,0.9719164848327637,0.9721986949443817,0.9719164848327637,0.0002822101116179976,0.2,0.8,0.0
barrel,elhigh-radmid-az045 + elhigh-radnear-az180,elhigh-radmid-az045,elhigh-radnear-az180,9,0.8833641979539836,0.9555455842509739,0.9555455842509739,0.9555455842509739,0.0,0.867794821883443,0.8989936001681337,0.8995378902186578,0.8989936001681337,0.0005442900505241433,0.9273985226949056,0.9310971432261996,0.9366186062494913,0.9310971432261996,0.005521463023291706,0.2222222222222222,0.7777777777777778,0.0
container,ellow-radnear-az225 + elmid-radfar-az000,ellow-radnear-az225,elmid-radfar-az000,8,0.8848783273306605,0.8704580969002563,0.96875,0.8848783273306605,0.08387167266933948,0.9651220614012495,0.9430126636396579,0.9656249526986063,0.9651220614012495,0.0005028912973568112,0.9807369709014893,0.9638791084289551,0.9807369709014893,0.9807369709014893,0.0,0.875,0.125,0.0
container,elhigh-radmid-az135 + elmid-radnear-az315,elhigh-radmid-az135,elmid-radnear-az315,9,0.9323192242960031,0.9173148155653919,0.9375,0.9323192242960031,0.005180775703996887,0.8795072753649601,0.9039013583404206,0.904373486240709,0.9039013583404206,0.00047212790028838825,0.9301864571041532,0.9443362421459622,0.9443466928270128,0.9443362421459622,1.0450681050544475e-05,0.1111111111111111,0.8888888888888888,0.0
male,ellow-radfar-az090 + elmid-radnear-az135,ellow-radfar-az090,elmid-radnear-az135,8,0.8735714156025637,0.8991096558575492,0.9463932241992055,0.8991096558575492,0.04728356834165626,0.8935361812245204,0.9240259953704988,0.9244770417417096,0.9240259953704988,0.00045104637121085034,0.939868688583374,0.9621238484978676,0.9622649699449539,0.9621238484978676,0.00014112144708633423,0.125,0.875,0.0
barrel,elmid-radmid-az000 + elmid-radnear-az315,elmid-radmid-az000,elmid-radnear-az315,9,0.9581668874115488,0.9549768522381782,0.9739583333333334,0.9581668874115488,0.015791445921784608,0.909895151039825,0.9230000368829125,0.923450341879893,0.9230000368829125,0.00045030499698051063,0.9470737973848978,0.9503508475091722,0.9527510669496324,0.9503508475091722,0.002400219440460205,0.2222222222222222,0.7777777777777778,0.0
barrel,elmid-radfar-az135 + elmid-radmid-az000,elmid-radfar-az135,elmid-radmid-az000,9,0.7879295185464286,0.9359641355659148,0.9359641355659148,0.9359641355659148,0.0,0.8338640731870766,0.9047658383670014,0.9051197377510533,0.9047658383670014,0.00035389938405183674,0.925645735528734,0.9417494005627103,0.9420401387744479,0.9417494005627103,0.00029073821173764003,0.1111111111111111,0.8888888888888888,0.0
barrel,elmid-radfar-az135 + elmid-radnear-az135,elmid-radfar-az135,elmid-radnear-az135,10,0.8661161653888083,0.9382181474624168,0.9563383848197532,0.9382181474624168,0.018120237357336366,0.9045055236289787,0.9434889462697924,0.9438176259643587,0.9434889462697924,0.00032867969456629176,0.950156056880951,0.9641192138195038,0.9641192138195038,0.9641192138195038,0.0,0.1,0.9,0.0
barrel,elhigh-radmid-az090 + elmid-radnear-az135,elhigh-radmid-az090,elmid-radnear-az135,8,0.8405304801499724,0.8717447933482583,0.9351658960746854,0.8717447933482583,0.06342110272642709,0.8591176561416578,0.9105575152982719,0.9108558638563116,0.9105575152982719,0.00029834855803967386,0.9272511228919029,0.9437161460518837,0.9439741894602776,0.9437161460518837,0.00025804340839385986,0.25,0.75,0.0
rock,ellow-radmid-az135 + elmid-radnear-az315,ellow-radmid-az135,elmid-radnear-az315,8,0.7402380955405533,0.9804687500931323,0.99140625,0.9804687500931323,0.010937499906867765,0.81275257344618,0.9631336956963454,0.9632775546366408,0.9631336956963454,0.0001438589402953383,0.8412870839238167,0.9753737524151802,0.9753737524151802,0.9753737524151802,0.0,0.125,0.875,0.0
male,elhigh-radmid-az000 + elmid-radnear-az315,elhigh-radmid-az000,elmid-radnear-az315,9,0.9425529112576176,0.9430648157408944,0.9618611112038296,0.9430648157408944,0.018796295462935153,0.9069720685606669,0.9399396453923797,0.9399792905545092,0.9399396453923797,3.964516212950908e-05,0.9457844032181634,0.9630822671784295,0.9630822671784295,0.9630822671784295,0.0,0.1111111111111111,0.8888888888888888,0.0
container,elhigh-radnear-az000 + ellow-radfar-az090,elhigh-radnear-az000,ellow-radfar-az090,8,0.9586019070684809,0.8007146866646556,0.982787510943019,0.9586019070684809,0.024185603874538053,0.9546048981953215,0.9203364468955804,0.9546195193834368,0.9546048981953215,1.462118811534907e-05,0.9749864786863327,0.9540306106209755,0.9749864786863327,0.9749864786863327,0.0,0.875,0.125,0.0
barrel,elhigh-radnear-az225 + ellow-radnear-az225,elhigh-radnear-az225,ellow-radnear-az225,10,0.96,0.8803122736229237,0.9862500000000001,0.96,0.026250000000000107,0.9041974693247099,0.946504668821041,0.946504668821041,0.946504668821041,0.0,0.9426253259181976,0.9708405137062073,0.9709132194519043,0.9708405137062073,7.27057456970659e-05,0.0,1.0,0.0
container,ellow-radnear-az135 + elmid-radmid-az045,ellow-radnear-az135,elmid-radmid-az045,8,0.8992260683672798,0.931677909201045,0.9696779082970413,0.931677909201045,0.03799999909599627,0.9462536420869814,0.9243065308353628,0.9462536420869814,0.9462536420869814,0.0,0.9651552438735962,0.9512903690338135,0.9657770618796349,0.9651552438735962,0.0006218180060386658,1.0,0.0,0.0
barrel,elhigh-radnear-az270 + ellow-radnear-az180,elhigh-radnear-az270,ellow-radnear-az180,8,0.9225260416977108,0.7754949184215381,0.9272135416977108,0.9225260416977108,0.004687499999999956,0.8808741465583583,0.9370279499268017,0.9370279499268017,0.9370279499268017,0.0,0.9391956999897957,0.9612730666995049,0.9612730666995049,0.9612730666995049,0.0,0.0,1.0,0.0
barrel,ellow-radnear-az045 + elmid-radfar-az045,ellow-radnear-az045,elmid-radfar-az045,10,0.8543687854791833,0.877655046598219,0.8985701254284649,0.877655046598219,0.020915078830245903,0.9306310107528653,0.8947057003545353,0.9306310107528653,0.9306310107528653,0.0,0.9613780796527862,0.9370119154453278,0.9613780796527862,0.9613780796527862,0.0,1.0,0.0,0.0
barrel,ellow-radnear-az225 + elmid-radfar-az225,ellow-radnear-az225,elmid-radfar-az225,9,0.9098688288456128,0.9207589797306007,0.9704117566805363,0.9207589797306007,0.04965277694993553,0.9280577932252798,0.8714087617235199,0.9280577932252798,0.9280577932252798,0.0,0.9559191399150424,0.9236650798055861,0.9559191399150424,0.9559191399150424,0.0,1.0,0.0,0.0
barrel,ellow-radfar-az000 + ellow-radnear-az000,ellow-radfar-az000,ellow-radnear-az000,8,0.8046730317481517,0.8993472252476753,0.9278628481754826,0.8993472252476753,0.028515622927807294,0.7807329648210781,0.9272149832075347,0.9272149832075347,0.9272149832075347,0.0,0.8155111819505692,0.9534881711006165,0.9534881711006165,0.9534881711006165,0.0,0.0,1.0,0.0
barrel,elhigh-radfar-az225 + elmid-radnear-az135,elhigh-radfar-az225,elmid-radnear-az135,8,0.8849960571196914,0.8995572933668847,0.9595301474950498,0.8995572933668847,0.05997285412816511,0.8603914330910705,0.9254928187151785,0.9254928187151785,0.9254928187151785,0.0,0.9139532446861267,0.9494631588459015,0.9494631588459015,0.9494631588459015,0.0,0.0,1.0,0.0
barrel,elhigh-radnear-az000 + ellow-radfar-az135,elhigh-radnear-az000,ellow-radfar-az135,8,0.9244974650478262,0.8367007138482886,0.9347142863319743,0.9244974650478262,0.010216821284148137,0.9210828070376471,0.8723291265249973,0.9210828070376471,0.9210828070376471,0.0,0.9493986740708351,0.9371797516942024,0.9504862651228905,0.9493986740708351,0.0010875910520553589,1.0,0.0,0.0
barrel,ellow-radnear-az270 + elmid-radfar-az090,ellow-radnear-az270,elmid-radfar-az090,8,0.8919751845548889,0.8379693143628202,0.9037580057193323,0.8919751845548889,0.011782821164443402,0.9206961766379518,0.8679460483544474,0.9206961766379518,0.9206961766379518,0.0,0.9590878933668137,0.931437149643898,0.9600027427077293,0.9590878933668137,0.0009148493409156799,1.0,0.0,0.0
male,ellow-radfar-az315 + ellow-radnear-az135,ellow-radfar-az315,ellow-radnear-az135,8,0.7393415182496288,0.8835937505717286,0.9615017365327932,0.8835937505717286,0.07790798596106463,0.736907704521506,0.9205648307380243,0.9205648307380243,0.9205648307380243,0.0,0.8185553550720215,0.9509399831295013,0.9509399831295013,0.9509399831295013,0.0,0.0,1.0,0.0
barrel,elmid-radfar-az090 + elmid-radnear-az045,elmid-radfar-az090,elmid-radnear-az045,10,0.8207871157163755,0.927083331713719,0.947453781538643,0.927083331713719,0.020370449824923975,0.8415623268975938,0.9160464149002795,0.9160464149002795,0.9160464149002795,0.0,0.9194226562976837,0.949230533838272,0.9492365539073944,0.949230533838272,6.020069122314453e-06,0.0,1.0,0.0
barrel,ellow-radfar-az000 + ellow-radnear-az045,ellow-radfar-az000,ellow-radnear-az045,10,0.8058059179864845,0.8161071460852547,0.9086051601609068,0.8161071460852547,0.09249801407565206,0.7902292556150737,0.9123724986110602,0.9123724986110602,0.9123724986110602,0.0,0.8328318536281586,0.9522761046886444,0.9522761046886444,0.9522761046886444,0.0,0.0,1.0,0.0
male,ellow-radfar-az000 + ellow-radmid-az135,ellow-radfar-az000,ellow-radmid-az135,8,0.7221404928515678,0.8314164325935103,0.8941396466297632,0.8314164325935103,0.06272321403625292,0.7693142576441705,0.9094754365697146,0.9094754365697146,0.9094754365697146,0.0,0.8095178976655006,0.9402919858694077,0.9409740194678307,0.9402919858694077,0.0006820335984230042,0.0,1.0,0.0
barrel,ellow-radfar-az135 + elmid-radnear-az315,ellow-radfar-az135,elmid-radnear-az315,9,0.6905979440769269,0.9331574078864521,0.9396388889816072,0.9331574078864521,0.006481481095155117,0.7172935268635072,0.9086147200181895,0.9086147200181895,0.9086147200181895,0.0,0.8009553088082207,0.9460394779841105,0.9460394779841105,0.9460394779841105,0.0,0.0,1.0,0.0
barrel,elhigh-radmid-az225 + elhigh-radnear-az180,elhigh-radmid-az225,elhigh-radnear-az180,9,0.8618203736696844,0.8928472223795123,0.9127840922396592,0.8928472223795123,0.019936869860146866,0.8484368973224379,0.8954998630202885,0.8954998630202885,0.8954998630202885,0.0,0.9125049776501126,0.9363858368661668,0.9366145663791232,0.9363858368661668,0.00022872951295638266,0.0,1.0,0.0
container,elhigh-radnear-az135 + elmid-radnear-az180,elhigh-radnear-az135,elmid-radnear-az180,8,0.8575000001583248,0.8631944448583656,0.8888194448676788,0.8631944448583656,0.025625000009313226,0.8492815091012029,0.8951878229336416,0.8951878229336416,0.8951878229336416,0.0,0.9221173226833344,0.9446613192558289,0.9446613192558289,0.9446613192558289,0.0,0.0,1.0,0.0
barrel,elhigh-radmid-az000 + ellow-radfar-az135,elhigh-radmid-az000,ellow-radfar-az135,10,0.9284170638815752,0.7862481700215075,0.9356587306634774,0.9284170638815752,0.00724166678190219,0.8858665478384126,0.7801296094163149,0.8858665478384126,0.8858665478384126,0.0,0.9253989458084106,0.8777426779270172,0.9263924598693848,0.9253989458084106,0.0009935140609741433,1.0,0.0,0.0
