group,target_class,subset_name,player_count,base_coalition_mask,base_coalition_size,base_coalition_members,candidate_player_index,candidate_viewpoint,expanded_coalition_mask,expanded_coalition_size,expanded_coalition_members,base_value,expanded_value,delta_value,rank_within_base_coalition
overall,all,edges_az135_225,8,0,0,(empty),3,elmid-radnear-az135,4,1,elmid-radnear-az135,0.0,0.27382301810903054,0.27382301810903054,1
overall,all,edges_az135_225,8,0,0,(empty),6,elmid-radfar-az225,32,1,elmid-radfar-az225,0.0,0.22292740826137006,0.22292740826137006,2
overall,all,edges_az135_225,8,0,0,(empty),8,elhigh-radmid-az225,128,1,elhigh-radmid-az225,0.0,0.22200380160987118,0.22200380160987118,3
overall,all,edges_az135_225,8,0,0,(empty),5,elmid-radfar-az135,16,1,elmid-radfar-az135,0.0,0.18036840892001738,0.18036840892001738,4
overall,all,edges_az135_225,8,0,0,(empty),7,elhigh-radmid-az135,64,1,elhigh-radmid-az135,0.0,0.17783338478634028,0.17783338478634028,5
overall,all,edges_az135_225,8,0,0,(empty),1,ellow-radmid-az135,1,1,ellow-radmid-az135,0.0,0.1702012385943444,0.1702012385943444,6
overall,all,edges_az135_225,8,0,0,(empty),2,ellow-radmid-az225,2,1,ellow-radmid-az225,0.0,0.1651059940883299,0.1651059940883299,7
overall,all,edges_az135_225,8,0,0,(empty),4,elmid-radnear-az225,8,1,elmid-radnear-az225,0.0,0.1512227557934675,0.1512227557934675,8
overall,all,edges_az135_225,8,1,1,ellow-radmid-az135,3,elmid-radnear-az135,5,2,ellow-radmid-az135 + elmid-radnear-az135,0.1702012385943444,0.4007713607124052,0.2305701221180608,1
overall,all,edges_az135_225,8,1,1,ellow-radmid-az135,6,elmid-radfar-az225,33,2,ellow-radmid-az135 + elmid-radfar-az225,0.1702012385943444,0.3680057541058683,0.19780451551152387,2
overall,all,edges_az135_225,8,1,1,ellow-radmid-az135,8,elhigh-radmid-az225,129,2,ellow-radmid-az135 + elhigh-radmid-az225,0.1702012385943444,0.36386327543991115,0.19366203684556674,3
overall,all,edges_az135_225,8,1,1,ellow-radmid-az135,7,elhigh-radmid-az135,65,2,ellow-radmid-az135 + elhigh-radmid-az135,0.1702012385943444,0.32035270188573195,0.15015146329138754,4
overall,all,edges_az135_225,8,1,1,ellow-radmid-az135,2,ellow-radmid-az225,3,2,ellow-radmid-az135 + ellow-radmid-az225,0.1702012385943444,0.3196523012085211,0.1494510626141767,5
overall,all,edges_az135_225,8,1,1,ellow-radmid-az135,5,elmid-radfar-az135,17,2,ellow-radmid-az135 + elmid-radfar-az135,0.1702012385943444,0.3157283471557525,0.14552710856140808,6
overall,all,edges_az135_225,8,1,1,ellow-radmid-az135,4,elmid-radnear-az225,9,2,ellow-radmid-az135 + elmid-radnear-az225,0.1702012385943444,0.3098287842459486,0.1396275456516042,7
overall,all,edges_az135_225,8,2,1,ellow-radmid-az225,3,elmid-radnear-az135,6,2,ellow-radmid-az225 + elmid-radnear-az135,0.1651059940883299,0.39658467727181584,0.23147868318348594,1
overall,all,edges_az135_225,8,2,1,ellow-radmid-az225,8,elhigh-radmid-az225,130,2,ellow-radmid-az225 + elhigh-radmid-az225,0.1651059940883299,0.3537301205558652,0.18862412646753532,2
overall,all,edges_az135_225,8,2,1,ellow-radmid-az225,6,elmid-radfar-az225,34,2,ellow-radmid-az225 + elmid-radfar-az225,0.1651059940883299,0.3488611102073944,0.1837551161190645,3
overall,all,edges_az135_225,8,2,1,ellow-radmid-az225,7,elhigh-radmid-az135,66,2,ellow-radmid-az225 + elhigh-radmid-az135,0.1651059940883299,0.3199175677149211,0.15481157362659118,4
overall,all,edges_az135_225,8,2,1,ellow-radmid-az225,1,ellow-radmid-az135,3,2,ellow-radmid-az135 + ellow-radmid-az225,0.1651059940883299,0.3196523012085211,0.1545463071201912,5
overall,all,edges_az135_225,8,2,1,ellow-radmid-az225,5,elmid-radfar-az135,18,2,ellow-radmid-az225 + elmid-radfar-az135,0.1651059940883299,0.30883763084966465,0.14373163676133474,6
overall,all,edges_az135_225,8,2,1,ellow-radmid-az225,4,elmid-radnear-az225,10,2,ellow-radmid-az225 + elmid-radnear-az225,0.1651059940883299,0.3036764826349322,0.13857048854660228,7
overall,all,edges_az135_225,8,4,1,elmid-radnear-az135,6,elmid-radfar-az225,36,2,elmid-radnear-az135 + elmid-radfar-az225,0.27382301810903054,0.4531783258130398,0.17935530770400926,1
overall,all,edges_az135_225,8,4,1,elmid-radnear-az135,8,elhigh-radmid-az225,132,2,elmid-radnear-az135 + elhigh-radmid-az225,0.27382301810903054,0.4334674195843803,0.15964440147534975,2
overall,all,edges_az135_225,8,4,1,elmid-radnear-az135,7,elhigh-radmid-az135,68,2,elmid-radnear-az135 + elhigh-radmid-az135,0.27382301810903054,0.41206596559532077,0.13824294748629024,3
overall,all,edges_az135_225,8,4,1,elmid-radnear-az135,4,elmid-radnear-az225,12,2,elmid-radnear-az135 + elmid-radnear-az225,0.27382301810903054,0.4039944176785061,0.13017139956947554,4
overall,all,edges_az135_225,8,4,1,elmid-radnear-az135,1,ellow-radmid-az135,5,2,ellow-radmid-az135 + elmid-radnear-az135,0.27382301810903054,0.4007713607124052,0.12694834260337468,5
overall,all,edges_az135_225,8,4,1,elmid-radnear-az135,2,ellow-radmid-az225,6,2,ellow-radmid-az225 + elmid-radnear-az135,0.27382301810903054,0.39658467727181584,0.12276165916278531,6
overall,all,edges_az135_225,8,4,1,elmid-radnear-az135,5,elmid-radfar-az135,20,2,elmid-radnear-az135 + elmid-radfar-az135,0.27382301810903054,0.3940770996682954,0.12025408155926487,7
overall,all,edges_az135_225,8,8,1,elmid-radnear-az225,3,elmid-radnear-az135,12,2,elmid-radnear-az135 + elmid-radnear-az225,0.1512227557934675,0.4039944176785061,0.2527716618850386,1
overall,all,edges_az135_225,8,8,1,elmid-radnear-az225,8,elhigh-radmid-az225,136,2,elmid-radnear-az225 + elhigh-radmid-az225,0.1512227557934675,0.35427669905582576,0.20305394326235826,2
overall,all,edges_az135_225,8,8,1,elmid-radnear-az225,6,elmid-radfar-az225,40,2,elmid-radnear-az225 + elmid-radfar-az225,0.1512227557934675,0.3379485616245969,0.1867258058311294,3
overall,all,edges_az135_225,8,8,1,elmid-radnear-az225,5,elmid-radfar-az135,24,2,elmid-radnear-az225 + elmid-radfar-az135,0.1512227557934675,0.31603590388665453,0.16481314809318703,4
overall,all,edges_az135_225,8,8,1,elmid-radnear-az225,1,ellow-radmid-az135,9,2,ellow-radmid-az135 + elmid-radnear-az225,0.1512227557934675,0.3098287842459486,0.15860602845248112,5
overall,all,edges_az135_225,8,8,1,elmid-radnear-az225,2,ellow-radmid-az225,10,2,ellow-radmid-az225 + elmid-radnear-az225,0.1512227557934675,0.3036764826349322,0.1524537268414647,6
overall,all,edges_az135_225,8,8,1,elmid-radnear-az225,7,elhigh-radmid-az135,72,2,elmid-radnear-az225 + elhigh-radmid-az135,0.1512227557934675,0.2842501068872831,0.13302735109381558,7
overall,all,edges_az135_225,8,16,1,elmid-radfar-az135,3,elmid-radnear-az135,20,2,elmid-radnear-az135 + elmid-radfar-az135,0.18036840892001738,0.3940770996682954,0.21370869074827803,1
overall,all,edges_az135_225,8,16,1,elmid-radfar-az135,8,elhigh-radmid-az225,144,2,elmid-radfar-az135 + elhigh-radmid-az225,0.18036840892001738,0.35331128503217496,0.17294287611215758,2
overall,all,edges_az135_225,8,16,1,elmid-radfar-az135,6,elmid-radfar-az225,48,2,elmid-radfar-az135 + elmid-radfar-az225,0.18036840892001738,0.35188315372645734,0.17151474480643997,3
overall,all,edges_az135_225,8,16,1,elmid-radfar-az135,7,elhigh-radmid-az135,80,2,elmid-radfar-az135 + elhigh-radmid-az135,0.18036840892001738,0.34240976608912316,0.16204135716910578,4
overall,all,edges_az135_225,8,16,1,elmid-radfar-az135,4,elmid-radnear-az225,24,2,elmid-radnear-az225 + elmid-radfar-az135,0.18036840892001738,0.31603590388665453,0.13566749496663716,5
overall,all,edges_az135_225,8,16,1,elmid-radfar-az135,1,ellow-radmid-az135,17,2,ellow-radmid-az135 + elmid-radfar-az135,0.18036840892001738,0.3157283471557525,0.1353599382357351,6
overall,all,edges_az135_225,8,16,1,elmid-radfar-az135,2,ellow-radmid-az225,18,2,ellow-radmid-az225 + elmid-radfar-az135,0.18036840892001738,0.30883763084966465,0.12846922192964727,7
overall,all,edges_az135_225,8,32,1,elmid-radfar-az225,3,elmid-radnear-az135,36,2,elmid-radnear-az135 + elmid-radfar-az225,0.22292740826137006,0.4531783258130398,0.23025091755166974,1
overall,all,edges_az135_225,8,32,1,elmid-radfar-az225,8,elhigh-radmid-az225,160,2,elmid-radfar-az225 + elhigh-radmid-az225,0.22292740826137006,0.41491567327350415,0.1919882650121341,2
overall,all,edges_az135_225,8,32,1,elmid-radfar-az225,1,ellow-radmid-az135,33,2,ellow-radmid-az135 + elmid-radfar-az225,0.22292740826137006,0.3680057541058683,0.14507834584449822,3
overall,all,edges_az135_225,8,32,1,elmid-radfar-az225,7,elhigh-radmid-az135,96,2,elmid-radfar-az225 + elhigh-radmid-az135,0.22292740826137006,0.3560738373131355,0.13314642905176546,4
overall,all,edges_az135_225,8,32,1,elmid-radfar-az225,5,elmid-radfar-az135,48,2,elmid-radfar-az135 + elmid-radfar-az225,0.22292740826137006,0.35188315372645734,0.12895574546508728,5
overall,all,edges_az135_225,8,32,1,elmid-radfar-az225,2,ellow-radmid-az225,34,2,ellow-radmid-az225 + elmid-radfar-az225,0.22292740826137006,0.3488611102073944,0.12593370194602435,6
overall,all,edges_az135_225,8,32,1,elmid-radfar-az225,4,elmid-radnear-az225,40,2,elmid-radnear-az225 + elmid-radfar-az225,0.22292740826137006,0.3379485616245969,0.11502115336322685,7
overall,all,edges_az135_225,8,64,1,elhigh-radmid-az135,3,elmid-radnear-az135,68,2,elmid-radnear-az135 + elhigh-radmid-az135,0.17783338478634028,0.41206596559532077,0.2342325808089805,1
overall,all,edges_az135_225,8,64,1,elhigh-radmid-az135,8,elhigh-radmid-az225,192,2,elhigh-radmid-az135 + elhigh-radmid-az225,0.17783338478634028,0.3766845424300333,0.19885115764369302,2
overall,all,edges_az135_225,8,64,1,elhigh-radmid-az135,6,elmid-radfar-az225,96,2,elmid-radfar-az225 + elhigh-radmid-az135,0.17783338478634028,0.3560738373131355,0.17824045252679524,3
overall,all,edges_az135_225,8,64,1,elhigh-radmid-az135,5,elmid-radfar-az135,80,2,elmid-radfar-az135 + elhigh-radmid-az135,0.17783338478634028,0.34240976608912316,0.16457638130278288,4
overall,all,edges_az135_225,8,64,1,elhigh-radmid-az135,1,ellow-radmid-az135,65,2,ellow-radmid-az135 + elhigh-radmid-az135,0.17783338478634028,0.32035270188573195,0.14251931709939167,5
overall,all,edges_az135_225,8,64,1,elhigh-radmid-az135,2,ellow-radmid-az225,66,2,ellow-radmid-az225 + elhigh-radmid-az135,0.17783338478634028,0.3199175677149211,0.1420841829285808,6
overall,all,edges_az135_225,8,64,1,elhigh-radmid-az135,4,elmid-radnear-az225,72,2,elmid-radnear-az225 + elhigh-radmid-az135,0.17783338478634028,0.2842501068872831,0.1064167221009428,7
overall,all,edges_az135_225,8,128,1,elhigh-radmid-az225,3,elmid-radnear-az135,132,2,elmid-radnear-az135 + elhigh-radmid-az225,0.22200380160987118,0.4334674195843803,0.2114636179745091,1
overall,all,edges_az135_225,8,128,1,elhigh-radmid-az225,6,elmid-radfar-az225,160,2,elmid-radfar-az225 + elhigh-radmid-az225,0.22200380160987118,0.41491567327350415,0.19291187166363297,2
overall,all,edges_az135_225,8,128,1,elhigh-radmid-az225,7,elhigh-radmid-az135,192,2,elhigh-radmid-az135 + elhigh-radmid-az225,0.22200380160987118,0.3766845424300333,0.15468074082016212,3
overall,all,edges_az135_225,8,128,1,elhigh-radmid-az225,1,ellow-radmid-az135,129,2,ellow-radmid-az135 + elhigh-radmid-az225,0.22200380160987118,0.36386327543991115,0.14185947383003997,4
overall,all,edges_az135_225,8,128,1,elhigh-radmid-az225,4,elmid-radnear-az225,136,2,elmid-radnear-az225 + elhigh-radmid-az225,0.22200380160987118,0.35427669905582576,0.13227289744595458,5
overall,all,edges_az135_225,8,128,1,elhigh-radmid-az225,2,ellow-radmid-az225,130,2,ellow-radmid-az225 + elhigh-radmid-az225,0.22200380160987118,0.3537301205558652,0.13172631894599404,6
overall,all,edges_az135_225,8,128,1,elhigh-radmid-az225,5,elmid-radfar-az135,144,2,elmid-radfar-az135 + elhigh-radmid-az225,0.22200380160987118,0.35331128503217496,0.13130748342230378,7
overall,all,edges_az135_225,8,3,2,ellow-radmid-az135 + ellow-radmid-az225,3,elmid-radnear-az135,7,3,ellow-radmid-az135 + ellow-radmid-az225 + elmid-radnear-az135,0.3196523012085211,0.5078780884010373,0.1882257871925162,1
overall,all,edges_az135_225,8,3,2,ellow-radmid-az135 + ellow-radmid-az225,8,elhigh-radmid-az225,131,3,ellow-radmid-az135 + ellow-radmid-az225 + elhigh-radmid-az225,0.3196523012085211,0.479934662911752,0.1602823617032309,2
overall,all,edges_az135_225,8,3,2,ellow-radmid-az135 + ellow-radmid-az225,6,elmid-radfar-az225,35,3,ellow-radmid-az135 + ellow-radmid-az225 + elmid-radfar-az225,0.3196523012085211,0.4782845245777395,0.1586322233692184,3
overall,all,edges_az135_225,8,3,2,ellow-radmid-az135 + ellow-radmid-az225,7,elhigh-radmid-az135,67,3,ellow-radmid-az135 + ellow-radmid-az225 + elhigh-radmid-az135,0.3196523012085211,0.4467819533401596,0.12712965213163846,4
overall,all,edges_az135_225,8,3,2,ellow-radmid-az135 + ellow-radmid-az225,4,elmid-radnear-az225,11,3,ellow-radmid-az135 + ellow-radmid-az225 + elmid-radnear-az225,0.3196523012085211,0.44662757961326005,0.12697527840473893,5
overall,all,edges_az135_225,8,3,2,ellow-radmid-az135 + ellow-radmid-az225,5,elmid-radfar-az135,19,3,ellow-radmid-az135 + ellow-radmid-az225 + elmid-radfar-az135,0.3196523012085211,0.4372742746017373,0.11762197339321617,6
overall,all,edges_az135_225,8,5,2,ellow-radmid-az135 + elmid-radnear-az135,6,elmid-radfar-az225,37,3,ellow-radmid-az135 + elmid-radnear-az135 + elmid-radfar-az225,0.4007713607124052,0.5550037756665683,0.15423241495416312,1
overall,all,edges_az135_225,8,5,2,ellow-radmid-az135 + elmid-radnear-az135,8,elhigh-radmid-az225,133,3,ellow-radmid-az135 + elmid-radnear-az135 + elhigh-radmid-az225,0.4007713607124052,0.5446049076360374,0.1438335469236322,2
overall,all,edges_az135_225,8,5,2,ellow-radmid-az135 + elmid-radnear-az135,4,elmid-radnear-az225,13,3,ellow-radmid-az135 + elmid-radnear-az135 + elmid-radnear-az225,0.4007713607124052,0.5193475501400175,0.11857618942761233,3
overall,all,edges_az135_225,8,5,2,ellow-radmid-az135 + elmid-radnear-az135,7,elhigh-radmid-az135,69,3,ellow-radmid-az135 + elmid-radnear-az135 + elhigh-radmid-az135,0.4007713607124052,0.5171512100273719,0.11637984931496664,4
overall,all,edges_az135_225,8,5,2,ellow-radmid-az135 + elmid-radnear-az135,2,ellow-radmid-az225,7,3,ellow-radmid-az135 + ellow-radmid-az225 + elmid-radnear-az135,0.4007713607124052,0.5078780884010373,0.10710672768863211,5
overall,all,edges_az135_225,8,5,2,ellow-radmid-az135 + elmid-radnear-az135,5,elmid-radfar-az135,21,3,ellow-radmid-az135 + elmid-radnear-az135 + elmid-radfar-az135,0.4007713607124052,0.5043473296860314,0.10357596897362614,6
overall,all,edges_az135_225,8,6,2,ellow-radmid-az225 + elmid-radnear-az135,6,elmid-radfar-az225,38,3,ellow-radmid-az225 + elmid-radnear-az135 + elmid-radfar-az225,0.39658467727181584,0.5546427865263125,0.15805810925449665,1
overall,all,edges_az135_225,8,6,2,ellow-radmid-az225 + elmid-radnear-az135,8,elhigh-radmid-az225,134,3,ellow-radmid-az225 + elmid-radnear-az135 + elhigh-radmid-az225,0.39658467727181584,0.5408458468226987,0.1442611695508828,2
overall,all,edges_az135_225,8,6,2,ellow-radmid-az225 + elmid-radnear-az135,7,elhigh-radmid-az135,70,3,ellow-radmid-az225 + elmid-radnear-az135 + elhigh-radmid-az135,0.39658467727181584,0.5276195053743975,0.13103482810258166,3
overall,all,edges_az135_225,8,6,2,ellow-radmid-az225 + elmid-radnear-az135,4,elmid-radnear-az225,14,3,ellow-radmid-az225 + elmid-radnear-az135 + elmid-radnear-az225,0.39658467727181584,0.520133290238302,0.12354861296648617,4
overall,all,edges_az135_225,8,6,2,ellow-radmid-az225 + elmid-radnear-az135,1,ellow-radmid-az135,7,3,ellow-radmid-az135 + ellow-radmid-az225 + elmid-radnear-az135,0.39658467727181584,0.5078780884010373,0.11129341112922148,5
overall,all,edges_az135_225,8,6,2,ellow-radmid-az225 + elmid-radnear-az135,5,elmid-radfar-az135,22,3,ellow-radmid-az225 + elmid-radnear-az135 + elmid-radfar-az135,0.39658467727181584,0.49188472780092984,0.095300050529114,6
overall,all,edges_az135_225,8,9,2,ellow-radmid-az135 + elmid-radnear-az225,3,elmid-radnear-az135,13,3,ellow-radmid-az135 + elmid-radnear-az135 + elmid-radnear-az225,0.3098287842459486,0.5193475501400175,0.20951876589406893,1
overall,all,edges_az135_225,8,9,2,ellow-radmid-az135 + elmid-radnear-az225,8,elhigh-radmid-az225,137,3,ellow-radmid-az135 + elmid-radnear-az225 + elhigh-radmid-az225,0.3098287842459486,0.49022835494913747,0.18039957070318885,2
overall,all,edges_az135_225,8,9,2,ellow-radmid-az135 + elmid-radnear-az225,6,elmid-radfar-az225,41,3,ellow-radmid-az135 + elmid-radnear-az225 + elmid-radfar-az225,0.3098287842459486,0.47143169732723184,0.16160291308128322,3
overall,all,edges_az135_225,8,9,2,ellow-radmid-az135 + elmid-radnear-az225,2,ellow-radmid-az225,11,3,ellow-radmid-az135 + ellow-radmid-az225 + elmid-radnear-az225,0.3098287842459486,0.44662757961326005,0.13679879536731143,4
overall,all,edges_az135_225,8,9,2,ellow-radmid-az135 + elmid-radnear-az225,5,elmid-radfar-az135,25,3,ellow-radmid-az135 + elmid-radnear-az225 + elmid-radfar-az135,0.3098287842459486,0.4398006319805263,0.1299718477345777,5
overall,all,edges_az135_225,8,9,2,ellow-radmid-az135 + elmid-radnear-az225,7,elhigh-radmid-az135,73,3,ellow-radmid-az135 + elmid-radnear-az225 + elhigh-radmid-az135,0.3098287842459486,0.42615068353453994,0.11632189928859132,6
overall,all,edges_az135_225,8,10,2,ellow-radmid-az225 + elmid-radnear-az225,3,elmid-radnear-az135,14,3,ellow-radmid-az225 + elmid-radnear-az135 + elmid-radnear-az225,0.3036764826349322,0.520133290238302,0.21645680760336983,1
overall,all,edges_az135_225,8,10,2,ellow-radmid-az225 + elmid-radnear-az225,8,elhigh-radmid-az225,138,3,ellow-radmid-az225 + elmid-radnear-az225 + elhigh-radmid-az225,0.3036764826349322,0.47928146734272425,0.17560498470779207,2
overall,all,edges_az135_225,8,10,2,ellow-radmid-az225 + elmid-radnear-az225,6,elmid-radfar-az225,42,3,ellow-radmid-az225 + elmid-radnear-az225 + elmid-radfar-az225,0.3036764826349322,0.4571118603391715,0.15343537770423932,3
overall,all,edges_az135_225,8,10,2,ellow-radmid-az225 + elmid-radnear-az225,1,ellow-radmid-az135,11,3,ellow-radmid-az135 + ellow-radmid-az225 + elmid-radnear-az225,0.3036764826349322,0.44662757961326005,0.14295109697832786,4
overall,all,edges_az135_225,8,10,2,ellow-radmid-az225 + elmid-radnear-az225,5,elmid-radfar-az135,26,3,ellow-radmid-az225 + elmid-radnear-az225 + elmid-radfar-az135,0.3036764826349322,0.43760099013338377,0.13392450749845158,5
overall,all,edges_az135_225,8,10,2,ellow-radmid-az225 + elmid-radnear-az225,7,elhigh-radmid-az135,74,3,ellow-radmid-az225 + elmid-radnear-az225 + elhigh-radmid-az135,0.3036764826349322,0.4136820225689986,0.11000553993406642,6
overall,all,edges_az135_225,8,12,2,elmid-radnear-az135 + elmid-radnear-az225,6,elmid-radfar-az225,44,3,elmid-radnear-az135 + elmid-radnear-az225 + elmid-radfar-az225,0.4039944176785061,0.5531292450501519,0.14913482737164585,1
overall,all,edges_az135_225,8,12,2,elmid-radnear-az135 + elmid-radnear-az225,8,elhigh-radmid-az225,140,3,elmid-radnear-az135 + elmid-radnear-az225 + elhigh-radmid-az225,0.4039944176785061,0.550729894193195,0.14673547651468888,2
overall,all,edges_az135_225,8,12,2,elmid-radnear-az135 + elmid-radnear-az225,2,ellow-radmid-az225,14,3,ellow-radmid-az225 + elmid-radnear-az135 + elmid-radnear-az225,0.4039944176785061,0.520133290238302,0.11613887255979594,3
overall,all,edges_az135_225,8,12,2,elmid-radnear-az135 + elmid-radnear-az225,1,ellow-radmid-az135,13,3,ellow-radmid-az135 + elmid-radnear-az135 + elmid-radnear-az225,0.4039944176785061,0.5193475501400175,0.11535313246151147,4
overall,all,edges_az135_225,8,12,2,elmid-radnear-az135 + elmid-radnear-az225,5,elmid-radfar-az135,28,3,elmid-radnear-az135 + elmid-radnear-az225 + elmid-radfar-az135,0.4039944176785061,0.5172390405852886,0.1132446229067825,5
overall,all,edges_az135_225,8,12,2,elmid-radnear-az135 + elmid-radnear-az225,7,elhigh-radmid-az135,76,3,elmid-radnear-az135 + elmid-radnear-az225 + elhigh-radmid-az135,0.4039944176785061,0.5000576105809138,0.09606319290240772,6
overall,all,edges_az135_225,8,17,2,ellow-radmid-az135 + elmid-radfar-az135,3,elmid-radnear-az135,21,3,ellow-radmid-az135 + elmid-radnear-az135 + elmid-radfar-az135,0.3157283471557525,0.5043473296860314,0.18861898253027887,1
overall,all,edges_az135_225,8,17,2,ellow-radmid-az135 + elmid-radfar-az135,8,elhigh-radmid-az225,145,3,ellow-radmid-az135 + elmid-radfar-az135 + elhigh-radmid-az225,0.3157283471557525,0.46916964881037576,0.15344130165462327,2
overall,all,edges_az135_225,8,17,2,ellow-radmid-az135 + elmid-radfar-az135,6,elmid-radfar-az225,49,3,ellow-radmid-az135 + elmid-radfar-az135 + elmid-radfar-az225,0.3157283471557525,0.4652325159883568,0.1495041688326043,3
overall,all,edges_az135_225,8,17,2,ellow-radmid-az135 + elmid-radfar-az135,7,elhigh-radmid-az135,81,3,ellow-radmid-az135 + elmid-radfar-az135 + elhigh-radmid-az135,0.3157283471557525,0.4556314254461154,0.13990307829036291,4
overall,all,edges_az135_225,8,17,2,ellow-radmid-az135 + elmid-radfar-az135,4,elmid-radnear-az225,25,3,ellow-radmid-az135 + elmid-radnear-az225 + elmid-radfar-az135,0.3157283471557525,0.4398006319805263,0.12407228482477384,5
overall,all,edges_az135_225,8,17,2,ellow-radmid-az135 + elmid-radfar-az135,2,ellow-radmid-az225,19,3,ellow-radmid-az135 + ellow-radmid-az225 + elmid-radfar-az135,0.3157283471557525,0.4372742746017373,0.1215459274459848,6
overall,all,edges_az135_225,8,18,2,ellow-radmid-az225 + elmid-radfar-az135,3,elmid-radnear-az135,22,3,ellow-radmid-az225 + elmid-radnear-az135 + elmid-radfar-az135,0.30883763084966465,0.49188472780092984,0.1830470969512652,1
overall,all,edges_az135_225,8,18,2,ellow-radmid-az225 + elmid-radfar-az135,8,elhigh-radmid-az225,146,3,ellow-radmid-az225 + elmid-radfar-az135 + elhigh-radmid-az225,0.30883763084966465,0.4563106769040653,0.14747304605440065,2
overall,all,edges_az135_225,8,18,2,ellow-radmid-az225 + elmid-radfar-az135,6,elmid-radfar-az225,50,3,ellow-radmid-az225 + elmid-radfar-az135 + elmid-radfar-az225,0.30883763084966465,0.4548593781106173,0.14602174726095263,3
overall,all,edges_az135_225,8,18,2,ellow-radmid-az225 + elmid-radfar-az135,7,elhigh-radmid-az135,82,3,ellow-radmid-az225 + elmid-radfar-az135 + elhigh-radmid-az135,0.30883763084966465,0.44785717685902127,0.13901954600935662,4
overall,all,edges_az135_225,8,18,2,ellow-radmid-az225 + elmid-radfar-az135,4,elmid-radnear-az225,26,3,ellow-radmid-az225 + elmid-radnear-az225 + elmid-radfar-az135,0.30883763084966465,0.43760099013338377,0.12876335928371913,5
overall,all,edges_az135_225,8,18,2,ellow-radmid-az225 + elmid-radfar-az135,1,ellow-radmid-az135,19,3,ellow-radmid-az135 + ellow-radmid-az225 + elmid-radfar-az135,0.30883763084966465,0.4372742746017373,0.12843664375207264,6
overall,all,edges_az135_225,8,20,2,elmid-radnear-az135 + elmid-radfar-az135,6,elmid-radfar-az225,52,3,elmid-radnear-az135 + elmid-radfar-az135 + elmid-radfar-az225,0.3940770996682954,0.5336604708514128,0.13958337118311737,1
overall,all,edges_az135_225,8,20,2,elmid-radnear-az135 + elmid-radfar-az135,8,elhigh-radmid-az225,148,3,elmid-radnear-az135 + elmid-radfar-az135 + elhigh-radmid-az225,0.3940770996682954,0.5287914098968438,0.1347143102285484,2
overall,all,edges_az135_225,8,20,2,elmid-radnear-az135 + elmid-radfar-az135,7,elhigh-radmid-az135,84,3,elmid-radnear-az135 + elmid-radfar-az135 + elhigh-radmid-az135,0.3940770996682954,0.5253828588965422,0.13130575922824683,3
overall,all,edges_az135_225,8,20,2,elmid-radnear-az135 + elmid-radfar-az135,4,elmid-radnear-az225,28,3,elmid-radnear-az135 + elmid-radnear-az225 + elmid-radfar-az135,0.3940770996682954,0.5172390405852886,0.12316194091699317,4
overall,all,edges_az135_225,8,20,2,elmid-radnear-az135 + elmid-radfar-az135,1,ellow-radmid-az135,21,3,ellow-radmid-az135 + elmid-radnear-az135 + elmid-radfar-az135,0.3940770996682954,0.5043473296860314,0.11027023001773595,5
overall,all,edges_az135_225,8,20,2,elmid-radnear-az135 + elmid-radfar-az135,2,ellow-radmid-az225,22,3,ellow-radmid-az225 + elmid-radnear-az135 + elmid-radfar-az135,0.3940770996682954,0.49188472780092984,0.09780762813263444,6
overall,all,edges_az135_225,8,24,2,elmid-radnear-az225 + elmid-radfar-az135,3,elmid-radnear-az135,28,3,elmid-radnear-az135 + elmid-radnear-az225 + elmid-radfar-az135,0.31603590388665453,0.5172390405852886,0.20120313669863404,1
overall,all,edges_az135_225,8,24,2,elmid-radnear-az225 + elmid-radfar-az135,8,elhigh-radmid-az225,152,3,elmid-radnear-az225 + elmid-radfar-az135 + elhigh-radmid-az225,0.31603590388665453,0.4757778670730206,0.15974196318636608,2
overall,all,edges_az135_225,8,24,2,elmid-radnear-az225 + elmid-radfar-az135,6,elmid-radfar-az225,56,3,elmid-radnear-az225 + elmid-radfar-az135 + elmid-radfar-az225,0.31603590388665453,0.45707945261393995,0.14104354872728542,3
overall,all,edges_az135_225,8,24,2,elmid-radnear-az225 + elmid-radfar-az135,1,ellow-radmid-az135,25,3,ellow-radmid-az135 + elmid-radnear-az225 + elmid-radfar-az135,0.31603590388665453,0.4398006319805263,0.12376472809387179,4
overall,all,edges_az135_225,8,24,2,elmid-radnear-az225 + elmid-radfar-az135,2,ellow-radmid-az225,26,3,ellow-radmid-az225 + elmid-radnear-az225 + elmid-radfar-az135,0.31603590388665453,0.43760099013338377,0.12156508624672924,5
overall,all,edges_az135_225,8,24,2,elmid-radnear-az225 + elmid-radfar-az135,7,elhigh-radmid-az135,88,3,elmid-radnear-az225 + elmid-radfar-az135 + elhigh-radmid-az135,0.31603590388665453,0.4358365236054808,0.11980061971882627,6
overall,all,edges_az135_225,8,33,2,ellow-radmid-az135 + elmid-radfar-az225,3,elmid-radnear-az135,37,3,ellow-radmid-az135 + elmid-radnear-az135 + elmid-radfar-az225,0.3680057541058683,0.5550037756665683,0.18699802156070006,1
overall,all,edges_az135_225,8,33,2,ellow-radmid-az135 + elmid-radfar-az225,8,elhigh-radmid-az225,161,3,ellow-radmid-az135 + elmid-radfar-az225 + elhigh-radmid-az225,0.3680057541058683,0.531652254353698,0.16364650024782973,2
overall,all,edges_az135_225,8,33,2,ellow-radmid-az135 + elmid-radfar-az225,7,elhigh-radmid-az135,97,3,ellow-radmid-az135 + elmid-radfar-az225 + elhigh-radmid-az135,0.3680057541058683,0.47872383721284956,0.11071808310698128,3
overall,all,edges_az135_225,8,33,2,ellow-radmid-az135 + elmid-radfar-az225,2,ellow-radmid-az225,35,3,ellow-radmid-az135 + ellow-radmid-az225 + elmid-radfar-az225,0.3680057541058683,0.4782845245777395,0.11027877047187123,4
overall,all,edges_az135_225,8,33,2,ellow-radmid-az135 + elmid-radfar-az225,4,elmid-radnear-az225,41,3,ellow-radmid-az135 + elmid-radnear-az225 + elmid-radfar-az225,0.3680057541058683,0.47143169732723184,0.10342594322136356,5
overall,all,edges_az135_225,8,33,2,ellow-radmid-az135 + elmid-radfar-az225,5,elmid-radfar-az135,49,3,ellow-radmid-az135 + elmid-radfar-az135 + elmid-radfar-az225,0.3680057541058683,0.4652325159883568,0.09722676188248852,6
overall,all,edges_az135_225,8,34,2,ellow-radmid-az225 + elmid-radfar-az225,3,elmid-radnear-az135,38,3,ellow-radmid-az225 + elmid-radnear-az135 + elmid-radfar-az225,0.3488611102073944,0.5546427865263125,0.20578167631891808,1
overall,all,edges_az135_225,8,34,2,ellow-radmid-az225 + elmid-radfar-az225,8,elhigh-radmid-az225,162,3,ellow-radmid-az225 + elmid-radfar-az225 + elhigh-radmid-az225,0.3488611102073944,0.5214161801271586,0.17255506991976421,2
overall,all,edges_az135_225,8,34,2,ellow-radmid-az225 + elmid-radfar-az225,1,ellow-radmid-az135,35,3,ellow-radmid-az135 + ellow-radmid-az225 + elmid-radfar-az225,0.3488611102073944,0.4782845245777395,0.1294234143703451,3
overall,all,edges_az135_225,8,34,2,ellow-radmid-az225 + elmid-radfar-az225,7,elhigh-radmid-az135,98,3,ellow-radmid-az225 + elmid-radfar-az225 + elhigh-radmid-az135,0.3488611102073944,0.45898572809941074,0.11012461789201633,4
overall,all,edges_az135_225,8,34,2,ellow-radmid-az225 + elmid-radfar-az225,4,elmid-radnear-az225,42,3,ellow-radmid-az225 + elmid-radnear-az225 + elmid-radfar-az225,0.3488611102073944,0.4571118603391715,0.1082507501317771,5
overall,all,edges_az135_225,8,34,2,ellow-radmid-az225 + elmid-radfar-az225,5,elmid-radfar-az135,50,3,ellow-radmid-az225 + elmid-radfar-az135 + elmid-radfar-az225,0.3488611102073944,0.4548593781106173,0.10599826790322286,6
overall,all,edges_az135_225,8,36,2,elmid-radnear-az135 + elmid-radfar-az225,8,elhigh-radmid-az225,164,3,elmid-radnear-az135 + elmid-radfar-az225 + elhigh-radmid-az225,0.4531783258130398,0.5887010671483895,0.13552274133534975,1
overall,all,edges_az135_225,8,36,2,elmid-radnear-az135 + elmid-radfar-az225,1,ellow-radmid-az135,37,3,ellow-radmid-az135 + elmid-radnear-az135 + elmid-radfar-az225,0.4531783258130398,0.5550037756665683,0.10182544985352854,2
overall,all,edges_az135_225,8,36,2,elmid-radnear-az135 + elmid-radfar-az225,2,ellow-radmid-az225,38,3,ellow-radmid-az225 + elmid-radnear-az135 + elmid-radfar-az225,0.4531783258130398,0.5546427865263125,0.1014644607132727,3
overall,all,edges_az135_225,8,36,2,elmid-radnear-az135 + elmid-radfar-az225,4,elmid-radnear-az225,44,3,elmid-radnear-az135 + elmid-radnear-az225 + elmid-radfar-az225,0.4531783258130398,0.5531292450501519,0.09995091923711213,4
overall,all,edges_az135_225,8,36,2,elmid-radnear-az135 + elmid-radfar-az225,7,elhigh-radmid-az135,100,3,elmid-radnear-az135 + elmid-radfar-az225 + elhigh-radmid-az135,0.4531783258130398,0.5529662726042132,0.09978794679117337,5
overall,all,edges_az135_225,8,36,2,elmid-radnear-az135 + elmid-radfar-az225,5,elmid-radfar-az135,52,3,elmid-radnear-az135 + elmid-radfar-az135 + elmid-radfar-az225,0.4531783258130398,0.5336604708514128,0.08048214503837298,6
overall,all,edges_az135_225,8,40,2,elmid-radnear-az225 + elmid-radfar-az225,3,elmid-radnear-az135,44,3,elmid-radnear-az135 + elmid-radnear-az225 + elmid-radfar-az225,0.3379485616245969,0.5531292450501519,0.21518068342555502,1
overall,all,edges_az135_225,8,40,2,elmid-radnear-az225 + elmid-radfar-az225,8,elhigh-radmid-az225,168,3,elmid-radnear-az225 + elmid-radfar-az225 + elhigh-radmid-az225,0.3379485616245969,0.5168696455934576,0.1789210839688607,2
overall,all,edges_az135_225,8,40,2,elmid-radnear-az225 + elmid-radfar-az225,1,ellow-radmid-az135,41,3,ellow-radmid-az135 + elmid-radnear-az225 + elmid-radfar-az225,0.3379485616245969,0.47143169732723184,0.13348313570263493,3
overall,all,edges_az135_225,8,40,2,elmid-radnear-az225 + elmid-radfar-az225,2,ellow-radmid-az225,42,3,ellow-radmid-az225 + elmid-radnear-az225 + elmid-radfar-az225,0.3379485616245969,0.4571118603391715,0.1191632987145746,4
overall,all,edges_az135_225,8,40,2,elmid-radnear-az225 + elmid-radfar-az225,5,elmid-radfar-az135,56,3,elmid-radnear-az225 + elmid-radfar-az135 + elmid-radfar-az225,0.3379485616245969,0.45707945261393995,0.11913089098934304,5
overall,all,edges_az135_225,8,40,2,elmid-radnear-az225 + elmid-radfar-az225,7,elhigh-radmid-az135,104,3,elmid-radnear-az225 + elmid-radfar-az225 + elhigh-radmid-az135,0.3379485616245969,0.4417957997559809,0.10384723813138397,6
overall,all,edges_az135_225,8,48,2,elmid-radfar-az135 + elmid-radfar-az225,3,elmid-radnear-az135,52,3,elmid-radnear-az135 + elmid-radfar-az135 + elmid-radfar-az225,0.35188315372645734,0.5336604708514128,0.18177731712495543,1
overall,all,edges_az135_225,8,48,2,elmid-radfar-az135 + elmid-radfar-az225,8,elhigh-radmid-az225,176,3,elmid-radfar-az135 + elmid-radfar-az225 + elhigh-radmid-az225,0.35188315372645734,0.5174022277458616,0.1655190740194043,2
overall,all,edges_az135_225,8,48,2,elmid-radfar-az135 + elmid-radfar-az225,7,elhigh-radmid-az135,112,3,elmid-radfar-az135 + elmid-radfar-az225 + elhigh-radmid-az135,0.35188315372645734,0.47527971786678297,0.12339656414032563,3
overall,all,edges_az135_225,8,48,2,elmid-radfar-az135 + elmid-radfar-az225,1,ellow-radmid-az135,49,3,ellow-radmid-az135 + elmid-radfar-az135 + elmid-radfar-az225,0.35188315372645734,0.4652325159883568,0.11334936226189946,4
overall,all,edges_az135_225,8,48,2,elmid-radfar-az135 + elmid-radfar-az225,4,elmid-radnear-az225,56,3,elmid-radnear-az225 + elmid-radfar-az135 + elmid-radfar-az225,0.35188315372645734,0.45707945261393995,0.10519629888748261,5
overall,all,edges_az135_225,8,48,2,elmid-radfar-az135 + elmid-radfar-az225,2,ellow-radmid-az225,50,3,ellow-radmid-az225 + elmid-radfar-az135 + elmid-radfar-az225,0.35188315372645734,0.4548593781106173,0.10297622438415993,6
overall,all,edges_az135_225,8,65,2,ellow-radmid-az135 + elhigh-radmid-az135,3,elmid-radnear-az135,69,3,ellow-radmid-az135 + elmid-radnear-az135 + elhigh-radmid-az135,0.32035270188573195,0.5171512100273719,0.1967985081416399,1
overall,all,edges_az135_225,8,65,2,ellow-radmid-az135 + elhigh-radmid-az135,8,elhigh-radmid-az225,193,3,ellow-radmid-az135 + elhigh-radmid-az135 + elhigh-radmid-az225,0.32035270188573195,0.49646293765341765,0.1761102357676857,2
overall,all,edges_az135_225,8,65,2,ellow-radmid-az135 + elhigh-radmid-az135,6,elmid-radfar-az225,97,3,ellow-radmid-az135 + elmid-radfar-az225 + elhigh-radmid-az135,0.32035270188573195,0.47872383721284956,0.1583711353271176,3
overall,all,edges_az135_225,8,65,2,ellow-radmid-az135 + elhigh-radmid-az135,5,elmid-radfar-az135,81,3,ellow-radmid-az135 + elmid-radfar-az135 + elhigh-radmid-az135,0.32035270188573195,0.4556314254461154,0.13527872356038345,4
overall,all,edges_az135_225,8,65,2,ellow-radmid-az135 + elhigh-radmid-az135,2,ellow-radmid-az225,67,3,ellow-radmid-az135 + ellow-radmid-az225 + elhigh-radmid-az135,0.32035270188573195,0.4467819533401596,0.12642925145442763,5
overall,all,edges_az135_225,8,65,2,ellow-radmid-az135 + elhigh-radmid-az135,4,elmid-radnear-az225,73,3,ellow-radmid-az135 + elmid-radnear-az225 + elhigh-radmid-az135,0.32035270188573195,0.42615068353453994,0.10579798164880799,6
overall,all,edges_az135_225,8,66,2,ellow-radmid-az225 + elhigh-radmid-az135,3,elmid-radnear-az135,70,3,ellow-radmid-az225 + elmid-radnear-az135 + elhigh-radmid-az135,0.3199175677149211,0.5276195053743975,0.20770193765947642,1
overall,all,edges_az135_225,8,66,2,ellow-radmid-az225 + elhigh-radmid-az135,8,elhigh-radmid-az225,194,3,ellow-radmid-az225 + elhigh-radmid-az135 + elhigh-radmid-az225,0.3199175677149211,0.4915663287188081,0.17164876100388704,2
overall,all,edges_az135_225,8,66,2,ellow-radmid-az225 + elhigh-radmid-az135,6,elmid-radfar-az225,98,3,ellow-radmid-az225 + elmid-radfar-az225 + elhigh-radmid-az135,0.3199175677149211,0.45898572809941074,0.13906816038448966,3
overall,all,edges_az135_225,8,66,2,ellow-radmid-az225 + elhigh-radmid-az135,5,elmid-radfar-az135,82,3,ellow-radmid-az225 + elmid-radfar-az135 + elhigh-radmid-az135,0.3199175677149211,0.44785717685902127,0.12793960914410019,4
overall,all,edges_az135_225,8,66,2,ellow-radmid-az225 + elhigh-radmid-az135,1,ellow-radmid-az135,67,3,ellow-radmid-az135 + ellow-radmid-az225 + elhigh-radmid-az135,0.3199175677149211,0.4467819533401596,0.1268643856252385,5
overall,all,edges_az135_225,8,66,2,ellow-radmid-az225 + elhigh-radmid-az135,4,elmid-radnear-az225,74,3,ellow-radmid-az225 + elmid-radnear-az225 + elhigh-radmid-az135,0.3199175677149211,0.4136820225689986,0.09376445485407753,6
overall,all,edges_az135_225,8,68,2,elmid-radnear-az135 + elhigh-radmid-az135,8,elhigh-radmid-az225,196,3,elmid-radnear-az135 + elhigh-radmid-az135 + elhigh-radmid-az225,0.41206596559532077,0.554694930949415,0.14262896535409425,1
overall,all,edges_az135_225,8,68,2,elmid-radnear-az135 + elhigh-radmid-az135,6,elmid-radfar-az225,100,3,elmid-radnear-az135 + elmid-radfar-az225 + elhigh-radmid-az135,0.41206596559532077,0.5529662726042132,0.1409003070088924,2
overall,all,edges_az135_225,8,68,2,elmid-radnear-az135 + elhigh-radmid-az135,2,ellow-radmid-az225,70,3,ellow-radmid-az225 + elmid-radnear-az135 + elhigh-radmid-az135,0.41206596559532077,0.5276195053743975,0.11555353977907673,3
overall,all,edges_az135_225,8,68,2,elmid-radnear-az135 + elhigh-radmid-az135,5,elmid-radfar-az135,84,3,elmid-radnear-az135 + elmid-radfar-az135 + elhigh-radmid-az135,0.41206596559532077,0.5253828588965422,0.11331689330122147,4
overall,all,edges_az135_225,8,68,2,elmid-radnear-az135 + elhigh-radmid-az135,1,ellow-radmid-az135,69,3,ellow-radmid-az135 + elmid-radnear-az135 + elhigh-radmid-az135,0.41206596559532077,0.5171512100273719,0.10508524443205108,5
overall,all,edges_az135_225,8,68,2,elmid-radnear-az135 + elhigh-radmid-az135,4,elmid-radnear-az225,76,3,elmid-radnear-az135 + elmid-radnear-az225 + elhigh-radmid-az135,0.41206596559532077,0.5000576105809138,0.08799164498559303,6
overall,all,edges_az135_225,8,72,2,elmid-radnear-az225 + elhigh-radmid-az135,3,elmid-radnear-az135,76,3,elmid-radnear-az135 + elmid-radnear-az225 + elhigh-radmid-az135,0.2842501068872831,0.5000576105809138,0.21580750369363072,1
overall,all,edges_az135_225,8,72,2,elmid-radnear-az225 + elhigh-radmid-az135,8,elhigh-radmid-az225,200,3,elmid-radnear-az225 + elhigh-radmid-az135 + elhigh-radmid-az225,0.2842501068872831,0.47035211267061305,0.18610200578332997,2
overall,all,edges_az135_225,8,72,2,elmid-radnear-az225 + elhigh-radmid-az135,6,elmid-radfar-az225,104,3,elmid-radnear-az225 + elmid-radfar-az225 + elhigh-radmid-az135,0.2842501068872831,0.4417957997559809,0.1575456928686978,3
overall,all,edges_az135_225,8,72,2,elmid-radnear-az225 + elhigh-radmid-az135,5,elmid-radfar-az135,88,3,elmid-radnear-az225 + elmid-radfar-az135 + elhigh-radmid-az135,0.2842501068872831,0.4358365236054808,0.15158641671819773,4
overall,all,edges_az135_225,8,72,2,elmid-radnear-az225 + elhigh-radmid-az135,1,ellow-radmid-az135,73,3,ellow-radmid-az135 + elmid-radnear-az225 + elhigh-radmid-az135,0.2842501068872831,0.42615068353453994,0.14190057664725686,5
overall,all,edges_az135_225,8,72,2,elmid-radnear-az225 + elhigh-radmid-az135,2,ellow-radmid-az225,74,3,ellow-radmid-az225 + elmid-radnear-az225 + elhigh-radmid-az135,0.2842501068872831,0.4136820225689986,0.12943191568171553,6
overall,all,edges_az135_225,8,80,2,elmid-radfar-az135 + elhigh-radmid-az135,3,elmid-radnear-az135,84,3,elmid-radnear-az135 + elmid-radfar-az135 + elhigh-radmid-az135,0.34240976608912316,0.5253828588965422,0.18297309280741908,1
overall,all,edges_az135_225,8,80,2,elmid-radfar-az135 + elhigh-radmid-az135,8,elhigh-radmid-az225,208,3,elmid-radfar-az135 + elhigh-radmid-az135 + elhigh-radmid-az225,0.34240976608912316,0.4921999982351025,0.14979023214597936,2
overall,all,edges_az135_225,8,80,2,elmid-radfar-az135 + elhigh-radmid-az135,6,elmid-radfar-az225,112,3,elmid-radfar-az135 + elmid-radfar-az225 + elhigh-radmid-az135,0.34240976608912316,0.47527971786678297,0.1328699517776598,3
overall,all,edges_az135_225,8,80,2,elmid-radfar-az135 + elhigh-radmid-az135,1,ellow-radmid-az135,81,3,ellow-radmid-az135 + elmid-radfar-az135 + elhigh-radmid-az135,0.34240976608912316,0.4556314254461154,0.11322165935699224,4
overall,all,edges_az135_225,8,80,2,elmid-radfar-az135 + elhigh-radmid-az135,2,ellow-radmid-az225,82,3,ellow-radmid-az225 + elmid-radfar-az135 + elhigh-radmid-az135,0.34240976608912316,0.44785717685902127,0.10544741076989811,5
overall,all,edges_az135_225,8,80,2,elmid-radfar-az135 + elhigh-radmid-az135,4,elmid-radnear-az225,88,3,elmid-radnear-az225 + elmid-radfar-az135 + elhigh-radmid-az135,0.34240976608912316,0.4358365236054808,0.09342675751635765,6
overall,all,edges_az135_225,8,96,2,elmid-radfar-az225 + elhigh-radmid-az135,3,elmid-radnear-az135,100,3,elmid-radnear-az135 + elmid-radfar-az225 + elhigh-radmid-az135,0.3560738373131355,0.5529662726042132,0.19689243529107764,1
overall,all,edges_az135_225,8,96,2,elmid-radfar-az225 + elhigh-radmid-az135,8,elhigh-radmid-az225,224,3,elmid-radfar-az225 + elhigh-radmid-az135 + elhigh-radmid-az225,0.3560738373131355,0.5249094583590914,0.1688356210459559,2
overall,all,edges_az135_225,8,96,2,elmid-radfar-az225 + elhigh-radmid-az135,1,ellow-radmid-az135,97,3,ellow-radmid-az135 + elmid-radfar-az225 + elhigh-radmid-az135,0.3560738373131355,0.47872383721284956,0.12264999989971404,3
overall,all,edges_az135_225,8,96,2,elmid-radfar-az225 + elhigh-radmid-az135,5,elmid-radfar-az135,112,3,elmid-radfar-az135 + elmid-radfar-az225 + elhigh-radmid-az135,0.3560738373131355,0.47527971786678297,0.11920588055364745,4
overall,all,edges_az135_225,8,96,2,elmid-radfar-az225 + elhigh-radmid-az135,2,ellow-radmid-az225,98,3,ellow-radmid-az225 + elmid-radfar-az225 + elhigh-radmid-az135,0.3560738373131355,0.45898572809941074,0.10291189078627522,5
overall,all,edges_az135_225,8,96,2,elmid-radfar-az225 + elhigh-radmid-az135,4,elmid-radnear-az225,104,3,elmid-radnear-az225 + elmid-radfar-az225 + elhigh-radmid-az135,0.3560738373131355,0.4417957997559809,0.08572196244284536,6
overall,all,edges_az135_225,8,129,2,ellow-radmid-az135 + elhigh-radmid-az225,3,elmid-radnear-az135,133,3,ellow-radmid-az135 + elmid-radnear-az135 + elhigh-radmid-az225,0.36386327543991115,0.5446049076360374,0.18074163219612627,1
overall,all,edges_az135_225,8,129,2,ellow-radmid-az135 + elhigh-radmid-az225,6,elmid-radfar-az225,161,3,ellow-radmid-az135 + elmid-radfar-az225 + elhigh-radmid-az225,0.36386327543991115,0.531652254353698,0.16778897891378686,2
overall,all,edges_az135_225,8,129,2,ellow-radmid-az135 + elhigh-radmid-az225,7,elhigh-radmid-az135,193,3,ellow-radmid-az135 + elhigh-radmid-az135 + elhigh-radmid-az225,0.36386327543991115,0.49646293765341765,0.1325996622135065,3
overall,all,edges_az135_225,8,129,2,ellow-radmid-az135 + elhigh-radmid-az225,4,elmid-radnear-az225,137,3,ellow-radmid-az135 + elmid-radnear-az225 + elhigh-radmid-az225,0.36386327543991115,0.49022835494913747,0.12636507950922632,4
overall,all,edges_az135_225,8,129,2,ellow-radmid-az135 + elhigh-radmid-az225,2,ellow-radmid-az225,131,3,ellow-radmid-az135 + ellow-radmid-az225 + elhigh-radmid-az225,0.36386327543991115,0.479934662911752,0.11607138747184087,5
overall,all,edges_az135_225,8,129,2,ellow-radmid-az135 + elhigh-radmid-az225,5,elmid-radfar-az135,145,3,ellow-radmid-az135 + elmid-radfar-az135 + elhigh-radmid-az225,0.36386327543991115,0.46916964881037576,0.10530637337046461,6
overall,all,edges_az135_225,8,130,2,ellow-radmid-az225 + elhigh-radmid-az225,3,elmid-radnear-az135,134,3,ellow-radmid-az225 + elmid-radnear-az135 + elhigh-radmid-az225,0.3537301205558652,0.5408458468226987,0.18711572626683343,1
overall,all,edges_az135_225,8,130,2,ellow-radmid-az225 + elhigh-radmid-az225,6,elmid-radfar-az225,162,3,ellow-radmid-az225 + elmid-radfar-az225 + elhigh-radmid-az225,0.3537301205558652,0.5214161801271586,0.1676860595712934,2
overall,all,edges_az135_225,8,130,2,ellow-radmid-az225 + elhigh-radmid-az225,7,elhigh-radmid-az135,194,3,ellow-radmid-az225 + elhigh-radmid-az135 + elhigh-radmid-az225,0.3537301205558652,0.4915663287188081,0.1378362081629429,3
overall,all,edges_az135_225,8,130,2,ellow-radmid-az225 + elhigh-radmid-az225,1,ellow-radmid-az135,131,3,ellow-radmid-az135 + ellow-radmid-az225 + elhigh-radmid-az225,0.3537301205558652,0.479934662911752,0.1262045423558868,4
overall,all,edges_az135_225,8,130,2,ellow-radmid-az225 + elhigh-radmid-az225,4,elmid-radnear-az225,138,3,ellow-radmid-az225 + elmid-radnear-az225 + elhigh-radmid-az225,0.3537301205558652,0.47928146734272425,0.12555134678685903,5
overall,all,edges_az135_225,8,130,2,ellow-radmid-az225 + elhigh-radmid-az225,5,elmid-radfar-az135,146,3,ellow-radmid-az225 + elmid-radfar-az135 + elhigh-radmid-az225,0.3537301205558652,0.4563106769040653,0.10258055634820007,6
overall,all,edges_az135_225,8,132,2,elmid-radnear-az135 + elhigh-radmid-az225,6,elmid-radfar-az225,164,3,elmid-radnear-az135 + elmid-radfar-az225 + elhigh-radmid-az225,0.4334674195843803,0.5887010671483895,0.15523364756400926,1
overall,all,edges_az135_225,8,132,2,elmid-radnear-az135 + elhigh-radmid-az225,7,elhigh-radmid-az135,196,3,elmid-radnear-az135 + elhigh-radmid-az135 + elhigh-radmid-az225,0.4334674195843803,0.554694930949415,0.12122751136503473,2
overall,all,edges_az135_225,8,132,2,elmid-radnear-az135 + elhigh-radmid-az225,4,elmid-radnear-az225,140,3,elmid-radnear-az135 + elmid-radnear-az225 + elhigh-radmid-az225,0.4334674195843803,0.550729894193195,0.11726247460881467,3
overall,all,edges_az135_225,8,132,2,elmid-radnear-az135 + elhigh-radmid-az225,1,ellow-radmid-az135,133,3,ellow-radmid-az135 + elmid-radnear-az135 + elhigh-radmid-az225,0.4334674195843803,0.5446049076360374,0.11113748805165713,4
overall,all,edges_az135_225,8,132,2,elmid-radnear-az135 + elhigh-radmid-az225,2,ellow-radmid-az225,134,3,ellow-radmid-az225 + elmid-radnear-az135 + elhigh-radmid-az225,0.4334674195843803,0.5408458468226987,0.10737842723831836,5
overall,all,edges_az135_225,8,132,2,elmid-radnear-az135 + elhigh-radmid-az225,5,elmid-radfar-az135,148,3,elmid-radnear-az135 + elmid-radfar-az135 + elhigh-radmid-az225,0.4334674195843803,0.5287914098968438,0.09532399031246352,6
overall,all,edges_az135_225,8,136,2,elmid-radnear-az225 + elhigh-radmid-az225,3,elmid-radnear-az135,140,3,elmid-radnear-az135 + elmid-radnear-az225 + elhigh-radmid-az225,0.35427669905582576,0.550729894193195,0.1964531951373692,1
overall,all,edges_az135_225,8,136,2,elmid-radnear-az225 + elhigh-radmid-az225,6,elmid-radfar-az225,168,3,elmid-radnear-az225 + elmid-radfar-az225 + elhigh-radmid-az225,0.35427669905582576,0.5168696455934576,0.16259294653763184,2
overall,all,edges_az135_225,8,136,2,elmid-radnear-az225 + elhigh-radmid-az225,1,ellow-radmid-az135,137,3,ellow-radmid-az135 + elmid-radnear-az225 + elhigh-radmid-az225,0.35427669905582576,0.49022835494913747,0.1359516558933117,3
overall,all,edges_az135_225,8,136,2,elmid-radnear-az225 + elhigh-radmid-az225,2,ellow-radmid-az225,138,3,ellow-radmid-az225 + elmid-radnear-az225 + elhigh-radmid-az225,0.35427669905582576,0.47928146734272425,0.1250047682868985,4
overall,all,edges_az135_225,8,136,2,elmid-radnear-az225 + elhigh-radmid-az225,5,elmid-radfar-az135,152,3,elmid-radnear-az225 + elmid-radfar-az135 + elhigh-radmid-az225,0.35427669905582576,0.4757778670730206,0.12150116801719485,5
overall,all,edges_az135_225,8,136,2,elmid-radnear-az225 + elhigh-radmid-az225,7,elhigh-radmid-az135,200,3,elmid-radnear-az225 + elhigh-radmid-az135 + elhigh-radmid-az225,0.35427669905582576,0.47035211267061305,0.11607541361478729,6
overall,all,edges_az135_225,8,144,2,elmid-radfar-az135 + elhigh-radmid-az225,3,elmid-radnear-az135,148,3,elmid-radnear-az135 + elmid-radfar-az135 + elhigh-radmid-az225,0.35331128503217496,0.5287914098968438,0.17548012486466885,1
overall,all,edges_az135_225,8,144,2,elmid-radfar-az135 + elhigh-radmid-az225,6,elmid-radfar-az225,176,3,elmid-radfar-az135 + elmid-radfar-az225 + elhigh-radmid-az225,0.35331128503217496,0.5174022277458616,0.16409094271368668,2
overall,all,edges_az135_225,8,144,2,elmid-radfar-az135 + elhigh-radmid-az225,7,elhigh-radmid-az135,208,3,elmid-radfar-az135 + elhigh-radmid-az135 + elhigh-radmid-az225,0.35331128503217496,0.4921999982351025,0.13888871320292756,3
overall,all,edges_az135_225,8,144,2,elmid-radfar-az135 + elhigh-radmid-az225,4,elmid-radnear-az225,152,3,elmid-radnear-az225 + elmid-radfar-az135 + elhigh-radmid-az225,0.35331128503217496,0.4757778670730206,0.12246658204084565,4
overall,all,edges_az135_225,8,144,2,elmid-radfar-az135 + elhigh-radmid-az225,1,ellow-radmid-az135,145,3,ellow-radmid-az135 + elmid-radfar-az135 + elhigh-radmid-az225,0.35331128503217496,0.46916964881037576,0.1158583637782008,5
overall,all,edges_az135_225,8,144,2,elmid-radfar-az135 + elhigh-radmid-az225,2,ellow-radmid-az225,146,3,ellow-radmid-az225 + elmid-radfar-az135 + elhigh-radmid-az225,0.35331128503217496,0.4563106769040653,0.10299939187189033,6
overall,all,edges_az135_225,8,160,2,elmid-radfar-az225 + elhigh-radmid-az225,3,elmid-radnear-az135,164,3,elmid-radnear-az135 + elmid-radfar-az225 + elhigh-radmid-az225,0.41491567327350415,0.5887010671483895,0.1737853938748854,1
overall,all,edges_az135_225,8,160,2,elmid-radfar-az225 + elhigh-radmid-az225,1,ellow-radmid-az135,161,3,ellow-radmid-az135 + elmid-radfar-az225 + elhigh-radmid-az225,0.41491567327350415,0.531652254353698,0.11673658108019386,2
overall,all,edges_az135_225,8,160,2,elmid-radfar-az225 + elhigh-radmid-az225,7,elhigh-radmid-az135,224,3,elmid-radfar-az225 + elhigh-radmid-az135 + elhigh-radmid-az225,0.41491567327350415,0.5249094583590914,0.10999378508558727,3
overall,all,edges_az135_225,8,160,2,elmid-radfar-az225 + elhigh-radmid-az225,2,ellow-radmid-az225,162,3,ellow-radmid-az225 + elmid-radfar-az225 + elhigh-radmid-az225,0.41491567327350415,0.5214161801271586,0.10650050685365448,4
overall,all,edges_az135_225,8,160,2,elmid-radfar-az225 + elhigh-radmid-az225,5,elmid-radfar-az135,176,3,elmid-radfar-az135 + elmid-radfar-az225 + elhigh-radmid-az225,0.41491567327350415,0.5174022277458616,0.1024865544723575,5
overall,all,edges_az135_225,8,160,2,elmid-radfar-az225 + elhigh-radmid-az225,4,elmid-radnear-az225,168,3,elmid-radnear-az225 + elmid-radfar-az225 + elhigh-radmid-az225,0.41491567327350415,0.5168696455934576,0.10195397231995346,6
overall,all,edges_az135_225,8,192,2,elhigh-radmid-az135 + elhigh-radmid-az225,3,elmid-radnear-az135,196,3,elmid-radnear-az135 + elhigh-radmid-az135 + elhigh-radmid-az225,0.3766845424300333,0.554694930949415,0.17801038851938172,1
overall,all,edges_az135_225,8,192,2,elhigh-radmid-az135 + elhigh-radmid-az225,6,elmid-radfar-az225,224,3,elmid-radfar-az225 + elhigh-radmid-az135 + elhigh-radmid-az225,0.3766845424300333,0.5249094583590914,0.14822491592905812,2
overall,all,edges_az135_225,8,192,2,elhigh-radmid-az135 + elhigh-radmid-az225,1,ellow-radmid-az135,193,3,ellow-radmid-az135 + elhigh-radmid-az135 + elhigh-radmid-az225,0.3766845424300333,0.49646293765341765,0.11977839522338435,3
overall,all,edges_az135_225,8,192,2,elhigh-radmid-az135 + elhigh-radmid-az225,5,elmid-radfar-az135,208,3,elmid-radfar-az135 + elhigh-radmid-az135 + elhigh-radmid-az225,0.3766845424300333,0.4921999982351025,0.11551545580506922,4
overall,all,edges_az135_225,8,192,2,elhigh-radmid-az135 + elhigh-radmid-az225,2,ellow-radmid-az225,194,3,ellow-radmid-az225 + elhigh-radmid-az135 + elhigh-radmid-az225,0.3766845424300333,0.4915663287188081,0.11488178628877482,5
overall,all,edges_az135_225,8,192,2,elhigh-radmid-az135 + elhigh-radmid-az225,4,elmid-radnear-az225,200,3,elmid-radnear-az225 + elhigh-radmid-az135 + elhigh-radmid-az225,0.3766845424300333,0.47035211267061305,0.09366757024057976,6
overall,all,edges_az135_225,8,7,3,ellow-radmid-az135 + ellow-radmid-az225 + elmid-radnear-az135,6,elmid-radfar-az225,39,4,ellow-radmid-az135 + ellow-radmid-az225 + elmid-radnear-az135 + elmid-radfar-az225,0.5078780884010373,0.6408133049056877,0.13293521650465034,1
overall,all,edges_az135_225,8,7,3,ellow-radmid-az135 + ellow-radmid-az225 + elmid-radnear-az135,8,elhigh-radmid-az225,135,4,ellow-radmid-az135 + ellow-radmid-az225 + elmid-radnear-az135 + elhigh-radmid-az225,0.5078780884010373,0.6363284034002026,0.12845031499916526,2
overall,all,edges_az135_225,8,7,3,ellow-radmid-az135 + ellow-radmid-az225 + elmid-radnear-az135,4,elmid-radnear-az225,15,4,ellow-radmid-az135 + ellow-radmid-az225 + elmid-radnear-az135 + elmid-radnear-az225,0.5078780884010373,0.6198314912256603,0.11195340282462296,3
overall,all,edges_az135_225,8,7,3,ellow-radmid-az135 + ellow-radmid-az225 + elmid-radnear-az135,7,elhigh-radmid-az135,71,4,ellow-radmid-az135 + ellow-radmid-az225 + elmid-radnear-az135 + elhigh-radmid-az135,0.5078780884010373,0.6170498183322952,0.1091717299312579,4
overall,all,edges_az135_225,8,7,3,ellow-radmid-az135 + ellow-radmid-az225 + elmid-radnear-az135,5,elmid-radfar-az135,23,4,ellow-radmid-az135 + ellow-radmid-az225 + elmid-radnear-az135 + elmid-radfar-az135,0.5078780884010373,0.5952316633350033,0.087353574933966,5
overall,all,edges_az135_225,8,11,3,ellow-radmid-az135 + ellow-radmid-az225 + elmid-radnear-az225,3,elmid-radnear-az135,15,4,ellow-radmid-az135 + ellow-radmid-az225 + elmid-radnear-az135 + elmid-radnear-az225,0.44662757961326005,0.6198314912256603,0.17320391161240023,1
overall,all,edges_az135_225,8,11,3,ellow-radmid-az135 + ellow-radmid-az225 + elmid-radnear-az225,8,elhigh-radmid-az225,139,4,ellow-radmid-az135 + ellow-radmid-az225 + elmid-radnear-az225 + elhigh-radmid-az225,0.44662757961326005,0.5995781917618828,0.1529506121486227,2
overall,all,edges_az135_225,8,11,3,ellow-radmid-az135 + ellow-radmid-az225 + elmid-radnear-az225,6,elmid-radfar-az225,43,4,ellow-radmid-az135 + ellow-radmid-az225 + elmid-radnear-az225 + elmid-radfar-az225,0.44662757961326005,0.5749400645676532,0.12831248495439318,3
overall,all,edges_az135_225,8,11,3,ellow-radmid-az135 + ellow-radmid-az225 + elmid-radnear-az225,5,elmid-radfar-az135,27,4,ellow-radmid-az135 + ellow-radmid-az225 + elmid-radnear-az225 + elmid-radfar-az135,0.44662757961326005,0.5544424237435932,0.10781484413033315,4
overall,all,edges_az135_225,8,11,3,ellow-radmid-az135 + ellow-radmid-az225 + elmid-radnear-az225,7,elhigh-radmid-az135,75,4,ellow-radmid-az135 + ellow-radmid-az225 + elmid-radnear-az225 + elhigh-radmid-az135,0.44662757961326005,0.5399276677421022,0.09330008812884216,5
overall,all,edges_az135_225,8,13,3,ellow-radmid-az135 + elmid-radnear-az135 + elmid-radnear-az225,8,elhigh-radmid-az225,141,4,ellow-radmid-az135 + elmid-radnear-az135 + elmid-radnear-az225 + elhigh-radmid-az225,0.5193475501400175,0.6559595643081236,0.1366120141681061,1
overall,all,edges_az135_225,8,13,3,ellow-radmid-az135 + elmid-radnear-az135 + elmid-radnear-az225,6,elmid-radfar-az225,45,4,ellow-radmid-az135 + elmid-radnear-az135 + elmid-radnear-az225 + elmid-radfar-az225,0.5193475501400175,0.6433594847618171,0.1240119346217996,2
overall,all,edges_az135_225,8,13,3,ellow-radmid-az135 + elmid-radnear-az135 + elmid-radnear-az225,2,ellow-radmid-az225,15,4,ellow-radmid-az135 + ellow-radmid-az225 + elmid-radnear-az135 + elmid-radnear-az225,0.5193475501400175,0.6198314912256603,0.10048394108564274,3
overall,all,edges_az135_225,8,13,3,ellow-radmid-az135 + elmid-radnear-az135 + elmid-radnear-az225,5,elmid-radfar-az135,29,4,ellow-radmid-az135 + elmid-radnear-az135 + elmid-radnear-az225 + elmid-radfar-az135,0.5193475501400175,0.6159140604611612,0.0965665103211436,4
overall,all,edges_az135_225,8,13,3,ellow-radmid-az135 + elmid-radnear-az135 + elmid-radnear-az225,7,elhigh-radmid-az135,77,4,ellow-radmid-az135 + elmid-radnear-az135 + elmid-radnear-az225 + elhigh-radmid-az135,0.5193475501400175,0.6045241145608298,0.08517656442081223,5
overall,all,edges_az135_225,8,14,3,ellow-radmid-az225 + elmid-radnear-az135 + elmid-radnear-az225,8,elhigh-radmid-az225,142,4,ellow-radmid-az225 + elmid-radnear-az135 + elmid-radnear-az225 + elhigh-radmid-az225,0.520133290238302,0.6516585572696044,0.1315252670313024,1
overall,all,edges_az135_225,8,14,3,ellow-radmid-az225 + elmid-radnear-az135 + elmid-radnear-az225,6,elmid-radfar-az225,46,4,ellow-radmid-az225 + elmid-radnear-az135 + elmid-radnear-az225 + elmid-radfar-az225,0.520133290238302,0.648143344802196,0.12801005456389403,2
overall,all,edges_az135_225,8,14,3,ellow-radmid-az225 + elmid-radnear-az135 + elmid-radnear-az225,1,ellow-radmid-az135,15,4,ellow-radmid-az135 + ellow-radmid-az225 + elmid-radnear-az135 + elmid-radnear-az225,0.520133290238302,0.6198314912256603,0.09969820098735827,3
overall,all,edges_az135_225,8,14,3,ellow-radmid-az225 + elmid-radnear-az135 + elmid-radnear-az225,7,elhigh-radmid-az135,78,4,ellow-radmid-az225 + elmid-radnear-az135 + elmid-radnear-az225 + elhigh-radmid-az135,0.520133290238302,0.608988363757001,0.08885507351869903,4
overall,all,edges_az135_225,8,14,3,ellow-radmid-az225 + elmid-radnear-az135 + elmid-radnear-az225,5,elmid-radfar-az135,30,4,ellow-radmid-az225 + elmid-radnear-az135 + elmid-radnear-az225 + elmid-radfar-az135,0.520133290238302,0.6085964283800256,0.08846313814172357,5
overall,all,edges_az135_225,8,19,3,ellow-radmid-az135 + ellow-radmid-az225 + elmid-radfar-az135,3,elmid-radnear-az135,23,4,ellow-radmid-az135 + ellow-radmid-az225 + elmid-radnear-az135 + elmid-radfar-az135,0.4372742746017373,0.5952316633350033,0.15795738873326604,1
overall,all,edges_az135_225,8,19,3,ellow-radmid-az135 + ellow-radmid-az225 + elmid-radfar-az135,8,elhigh-radmid-az225,147,4,ellow-radmid-az135 + ellow-radmid-az225 + elmid-radfar-az135 + elhigh-radmid-az225,0.4372742746017373,0.5652457461986036,0.12797147159686628,2
overall,all,edges_az135_225,8,19,3,ellow-radmid-az135 + ellow-radmid-az225 + elmid-radfar-az135,6,elmid-radfar-az225,51,4,ellow-radmid-az135 + ellow-radmid-az225 + elmid-radfar-az135 + elmid-radfar-az225,0.4372742746017373,0.5612854458888543,0.12401117128711703,3
overall,all,edges_az135_225,8,19,3,ellow-radmid-az135 + ellow-radmid-az225 + elmid-radfar-az135,4,elmid-radnear-az225,27,4,ellow-radmid-az135 + ellow-radmid-az225 + elmid-radnear-az225 + elmid-radfar-az135,0.4372742746017373,0.5544424237435932,0.11716814914185592,4
overall,all,edges_az135_225,8,19,3,ellow-radmid-az135 + ellow-radmid-az225 + elmid-radfar-az135,7,elhigh-radmid-az135,83,4,ellow-radmid-az135 + ellow-radmid-az225 + elmid-radfar-az135 + elhigh-radmid-az135,0.4372742746017373,0.554155541732351,0.11688126713061375,5
overall,all,edges_az135_225,8,21,3,ellow-radmid-az135 + elmid-radnear-az135 + elmid-radfar-az135,8,elhigh-radmid-az225,149,4,ellow-radmid-az135 + elmid-radnear-az135 + elmid-radfar-az135 + elhigh-radmid-az225,0.5043473296860314,0.6259140650089945,0.12156673532296314,1
overall,all,edges_az135_225,8,21,3,ellow-radmid-az135 + elmid-radnear-az135 + elmid-radfar-az135,6,elmid-radfar-az225,53,4,ellow-radmid-az135 + elmid-radnear-az135 + elmid-radfar-az135 + elmid-radfar-az225,0.5043473296860314,0.6219201248953131,0.11757279520928177,2
overall,all,edges_az135_225,8,21,3,ellow-radmid-az135 + elmid-radnear-az135 + elmid-radfar-az135,4,elmid-radnear-az225,29,4,ellow-radmid-az135 + elmid-radnear-az135 + elmid-radnear-az225 + elmid-radfar-az135,0.5043473296860314,0.6159140604611612,0.1115667307751298,3
overall,all,edges_az135_225,8,21,3,ellow-radmid-az135 + elmid-radnear-az135 + elmid-radfar-az135,7,elhigh-radmid-az135,85,4,ellow-radmid-az135 + elmid-radnear-az135 + elmid-radfar-az135 + elhigh-radmid-az135,0.5043473296860314,0.6139795720288675,0.1096322423428362,4
overall,all,edges_az135_225,8,21,3,ellow-radmid-az135 + elmid-radnear-az135 + elmid-radfar-az135,2,ellow-radmid-az225,23,4,ellow-radmid-az135 + ellow-radmid-az225 + elmid-radnear-az135 + elmid-radfar-az135,0.5043473296860314,0.5952316633350033,0.09088433364897197,5
overall,all,edges_az135_225,8,22,3,ellow-radmid-az225 + elmid-radnear-az135 + elmid-radfar-az135,7,elhigh-radmid-az135,86,4,ellow-radmid-az225 + elmid-radnear-az135 + elmid-radfar-az135 + elhigh-radmid-az135,0.49188472780092984,0.615982367645468,0.12409763984453814,1
overall,all,edges_az135_225,8,22,3,ellow-radmid-az225 + elmid-radnear-az135 + elmid-radfar-az135,8,elhigh-radmid-az225,150,4,ellow-radmid-az225 + elmid-radnear-az135 + elmid-radfar-az135 + elhigh-radmid-az225,0.49188472780092984,0.6136334258358872,0.12174869803495736,2
overall,all,edges_az135_225,8,22,3,ellow-radmid-az225 + elmid-radnear-az135 + elmid-radfar-az135,6,elmid-radfar-az225,54,4,ellow-radmid-az225 + elmid-radnear-az135 + elmid-radfar-az135 + elmid-radfar-az225,0.49188472780092984,0.6126648850184405,0.12078015721751068,3
overall,all,edges_az135_225,8,22,3,ellow-radmid-az225 + elmid-radnear-az135 + elmid-radfar-az135,4,elmid-radnear-az225,30,4,ellow-radmid-az225 + elmid-radnear-az135 + elmid-radnear-az225 + elmid-radfar-az135,0.49188472780092984,0.6085964283800256,0.11671170057909575,4
overall,all,edges_az135_225,8,22,3,ellow-radmid-az225 + elmid-radnear-az135 + elmid-radfar-az135,1,ellow-radmid-az135,23,4,ellow-radmid-az135 + ellow-radmid-az225 + elmid-radnear-az135 + elmid-radfar-az135,0.49188472780092984,0.5952316633350033,0.10334693553407348,5
overall,all,edges_az135_225,8,25,3,ellow-radmid-az135 + elmid-radnear-az225 + elmid-radfar-az135,3,elmid-radnear-az135,29,4,ellow-radmid-az135 + elmid-radnear-az135 + elmid-radnear-az225 + elmid-radfar-az135,0.4398006319805263,0.6159140604611612,0.17611342848063483,1
overall,all,edges_az135_225,8,25,3,ellow-radmid-az135 + elmid-radnear-az225 + elmid-radfar-az135,8,elhigh-radmid-az225,153,4,ellow-radmid-az135 + elmid-radnear-az225 + elmid-radfar-az135 + elhigh-radmid-az225,0.4398006319805263,0.5857284129144932,0.14592778093396686,2
overall,all,edges_az135_225,8,25,3,ellow-radmid-az135 + elmid-radnear-az225 + elmid-radfar-az135,6,elmid-radfar-az225,57,4,ellow-radmid-az135 + elmid-radnear-az225 + elmid-radfar-az135 + elmid-radfar-az225,0.4398006319805263,0.5588336047339761,0.11903297275344982,3
overall,all,edges_az135_225,8,25,3,ellow-radmid-az135 + elmid-radnear-az225 + elmid-radfar-az135,2,ellow-radmid-az225,27,4,ellow-radmid-az135 + ellow-radmid-az225 + elmid-radnear-az225 + elmid-radfar-az135,0.4398006319805263,0.5544424237435932,0.11464179176306688,4
overall,all,edges_az135_225,8,25,3,ellow-radmid-az135 + elmid-radnear-az225 + elmid-radfar-az135,7,elhigh-radmid-az135,89,4,ellow-radmid-az135 + elmid-radnear-az225 + elmid-radfar-az135 + elhigh-radmid-az135,0.4398006319805263,0.5484394425103382,0.10863881052981184,5
overall,all,edges_az135_225,8,26,3,ellow-radmid-az225 + elmid-radnear-az225 + elmid-radfar-az135,3,elmid-radnear-az135,30,4,ellow-radmid-az225 + elmid-radnear-az135 + elmid-radnear-az225 + elmid-radfar-az135,0.43760099013338377,0.6085964283800256,0.17099543824664182,1
overall,all,edges_az135_225,8,26,3,ellow-radmid-az225 + elmid-radnear-az225 + elmid-radfar-az135,8,elhigh-radmid-az225,154,4,ellow-radmid-az225 + elmid-radnear-az225 + elmid-radfar-az135 + elhigh-radmid-az225,0.43760099013338377,0.5723223148682479,0.13472132473486415,2
overall,all,edges_az135_225,8,26,3,ellow-radmid-az225 + elmid-radnear-az225 + elmid-radfar-az135,1,ellow-radmid-az135,27,4,ellow-radmid-az135 + ellow-radmid-az225 + elmid-radnear-az225 + elmid-radfar-az135,0.43760099013338377,0.5544424237435932,0.11684143361020943,3
overall,all,edges_az135_225,8,26,3,ellow-radmid-az225 + elmid-radnear-az225 + elmid-radfar-az135,6,elmid-radfar-az225,58,4,ellow-radmid-az225 + elmid-radnear-az225 + elmid-radfar-az135 + elmid-radfar-az225,0.43760099013338377,0.5535695182906116,0.11596852815722786,4
overall,all,edges_az135_225,8,26,3,ellow-radmid-az225 + elmid-radnear-az225 + elmid-radfar-az135,7,elhigh-radmid-az135,90,4,ellow-radmid-az225 + elmid-radnear-az225 + elmid-radfar-az135 + elhigh-radmid-az135,0.43760099013338377,0.534379798692461,0.09677880855907722,5
overall,all,edges_az135_225,8,28,3,elmid-radnear-az135 + elmid-radnear-az225 + elmid-radfar-az135,8,elhigh-radmid-az225,156,4,elmid-radnear-az135 + elmid-radnear-az225 + elmid-radfar-az135 + elhigh-radmid-az225,0.5172390405852886,0.63921700963536,0.12197796905007141,1
overall,all,edges_az135_225,8,28,3,elmid-radnear-az135 + elmid-radnear-az225 + elmid-radfar-az135,6,elmid-radfar-az225,60,4,elmid-radnear-az135 + elmid-radnear-az225 + elmid-radfar-az135 + elmid-radfar-az225,0.5172390405852886,0.6267739199319549,0.10953487934666628,2
overall,all,edges_az135_225,8,28,3,elmid-radnear-az135 + elmid-radnear-az225 + elmid-radfar-az135,1,ellow-radmid-az135,29,4,ellow-radmid-az135 + elmid-radnear-az135 + elmid-radnear-az225 + elmid-radfar-az135,0.5172390405852886,0.6159140604611612,0.09867501987587257,3
overall,all,edges_az135_225,8,28,3,elmid-radnear-az135 + elmid-radnear-az225 + elmid-radfar-az135,2,ellow-radmid-az225,30,4,ellow-radmid-az225 + elmid-radnear-az135 + elmid-radnear-az225 + elmid-radfar-az135,0.5172390405852886,0.6085964283800256,0.09135738779473701,4
overall,all,edges_az135_225,8,28,3,elmid-radnear-az135 + elmid-radnear-az225 + elmid-radfar-az135,7,elhigh-radmid-az135,92,4,elmid-radnear-az135 + elmid-radnear-az225 + elmid-radfar-az135 + elhigh-radmid-az135,0.5172390405852886,0.6068149769412465,0.08957593635595795,5
overall,all,edges_az135_225,8,35,3,ellow-radmid-az135 + ellow-radmid-az225 + elmid-radfar-az225,3,elmid-radnear-az135,39,4,ellow-radmid-az135 + ellow-radmid-az225 + elmid-radnear-az135 + elmid-radfar-az225,0.4782845245777395,0.6408133049056877,0.16252878032794815,1
overall,all,edges_az135_225,8,35,3,ellow-radmid-az135 + ellow-radmid-az225 + elmid-radfar-az225,8,elhigh-radmid-az225,163,4,ellow-radmid-az135 + ellow-radmid-az225 + elmid-radfar-az225 + elhigh-radmid-az225,0.4782845245777395,0.6224978297331992,0.14421330515545971,2
overall,all,edges_az135_225,8,35,3,ellow-radmid-az135 + ellow-radmid-az225 + elmid-radfar-az225,4,elmid-radnear-az225,43,4,ellow-radmid-az135 + ellow-radmid-az225 + elmid-radnear-az225 + elmid-radfar-az225,0.4782845245777395,0.5749400645676532,0.09665553998991372,3
overall,all,edges_az135_225,8,35,3,ellow-radmid-az135 + ellow-radmid-az225 + elmid-radfar-az225,7,elhigh-radmid-az135,99,4,ellow-radmid-az135 + ellow-radmid-az225 + elmid-radfar-az225 + elhigh-radmid-az135,0.4782845245777395,0.5659807965249717,0.08769627194723217,4
overall,all,edges_az135_225,8,35,3,ellow-radmid-az135 + ellow-radmid-az225 + elmid-radfar-az225,5,elmid-radfar-az135,51,4,ellow-radmid-az135 + ellow-radmid-az225 + elmid-radfar-az135 + elmid-radfar-az225,0.4782845245777395,0.5612854458888543,0.0830009213111148,5
overall,all,edges_az135_225,8,37,3,ellow-radmid-az135 + elmid-radnear-az135 + elmid-radfar-az225,8,elhigh-radmid-az225,165,4,ellow-radmid-az135 + elmid-radnear-az135 + elmid-radfar-az225 + elhigh-radmid-az225,0.5550037756665683,0.6747156624502004,0.1197118867836321,1
overall,all,edges_az135_225,8,37,3,ellow-radmid-az135 + elmid-radnear-az135 + elmid-radfar-az225,4,elmid-radnear-az225,45,4,ellow-radmid-az135 + elmid-radnear-az135 + elmid-radnear-az225 + elmid-radfar-az225,0.5550037756665683,0.6433594847618171,0.08835570909524881,2
overall,all,edges_az135_225,8,37,3,ellow-radmid-az135 + elmid-radnear-az135 + elmid-radfar-az225,2,ellow-radmid-az225,39,4,ellow-radmid-az135 + ellow-radmid-az225 + elmid-radnear-az135 + elmid-radfar-az225,0.5550037756665683,0.6408133049056877,0.08580952923911933,3
overall,all,edges_az135_225,8,37,3,ellow-radmid-az135 + elmid-radnear-az135 + elmid-radfar-az225,7,elhigh-radmid-az135,101,4,ellow-radmid-az135 + elmid-radnear-az135 + elmid-radfar-az225 + elhigh-radmid-az135,0.5550037756665683,0.6381821998365866,0.0831784241700183,4
overall,all,edges_az135_225,8,37,3,ellow-radmid-az135 + elmid-radnear-az135 + elmid-radfar-az225,5,elmid-radfar-az135,53,4,ellow-radmid-az135 + elmid-radnear-az135 + elmid-radfar-az135 + elmid-radfar-az225,0.5550037756665683,0.6219201248953131,0.06691634922874479,5
overall,all,edges_az135_225,8,38,3,ellow-radmid-az225 + elmid-radnear-az135 + elmid-radfar-az225,8,elhigh-radmid-az225,166,4,ellow-radmid-az225 + elmid-radnear-az135 + elmid-radfar-az225 + elhigh-radmid-az225,0.5546427865263125,0.6831026392835389,0.12845985275722638,1
overall,all,edges_az135_225,8,38,3,ellow-radmid-az225 + elmid-radnear-az135 + elmid-radfar-az225,4,elmid-radnear-az225,46,4,ellow-radmid-az225 + elmid-radnear-az135 + elmid-radnear-az225 + elmid-radfar-az225,0.5546427865263125,0.648143344802196,0.09350055827588355,2
overall,all,edges_az135_225,8,38,3,ellow-radmid-az225 + elmid-radnear-az135 + elmid-radfar-az225,7,elhigh-radmid-az135,102,4,ellow-radmid-az225 + elmid-radnear-az135 + elmid-radfar-az225 + elhigh-radmid-az135,0.5546427865263125,0.6472226139337773,0.09257982740746484,3
overall,all,edges_az135_225,8,38,3,ellow-radmid-az225 + elmid-radnear-az135 + elmid-radfar-az225,1,ellow-radmid-az135,39,4,ellow-radmid-az135 + ellow-radmid-az225 + elmid-radnear-az135 + elmid-radfar-az225,0.5546427865263125,0.6408133049056877,0.08617051837937517,4
overall,all,edges_az135_225,8,38,3,ellow-radmid-az225 + elmid-radnear-az135 + elmid-radfar-az225,5,elmid-radfar-az135,54,4,ellow-radmid-az225 + elmid-radnear-az135 + elmid-radfar-az135 + elmid-radfar-az225,0.5546427865263125,0.6126648850184405,0.05802209849212803,5
overall,all,edges_az135_225,8,41,3,ellow-radmid-az135 + elmid-radnear-az225 + elmid-radfar-az225,3,elmid-radnear-az135,45,4,ellow-radmid-az135 + elmid-radnear-az135 + elmid-radnear-az225 + elmid-radfar-az225,0.47143169732723184,0.6433594847618171,0.1719277874345853,1
overall,all,edges_az135_225,8,41,3,ellow-radmid-az135 + elmid-radnear-az225 + elmid-radfar-az225,8,elhigh-radmid-az225,169,4,ellow-radmid-az135 + elmid-radnear-az225 + elmid-radfar-az225 + elhigh-radmid-az225,0.47143169732723184,0.6276984087369231,0.15626671140969123,2
overall,all,edges_az135_225,8,41,3,ellow-radmid-az135 + elmid-radnear-az225 + elmid-radfar-az225,2,ellow-radmid-az225,43,4,ellow-radmid-az135 + ellow-radmid-az225 + elmid-radnear-az225 + elmid-radfar-az225,0.47143169732723184,0.5749400645676532,0.1035083672404214,3
overall,all,edges_az135_225,8,41,3,ellow-radmid-az135 + elmid-radnear-az225 + elmid-radfar-az225,7,elhigh-radmid-az135,105,4,ellow-radmid-az135 + elmid-radnear-az225 + elmid-radfar-az225 + elhigh-radmid-az135,0.47143169732723184,0.56382705920356,0.09239536187632819,4
overall,all,edges_az135_225,8,41,3,ellow-radmid-az135 + elmid-radnear-az225 + elmid-radfar-az225,5,elmid-radfar-az135,57,4,ellow-radmid-az135 + elmid-radnear-az225 + elmid-radfar-az135 + elmid-radfar-az225,0.47143169732723184,0.5588336047339761,0.0874019074067443,5
overall,all,edges_az135_225,8,42,3,ellow-radmid-az225 + elmid-radnear-az225 + elmid-radfar-az225,3,elmid-radnear-az135,46,4,ellow-radmid-az225 + elmid-radnear-az135 + elmid-radnear-az225 + elmid-radfar-az225,0.4571118603391715,0.648143344802196,0.19103148446302454,1
overall,all,edges_az135_225,8,42,3,ellow-radmid-az225 + elmid-radnear-az225 + elmid-radfar-az225,8,elhigh-radmid-az225,170,4,ellow-radmid-az225 + elmid-radnear-az225 + elmid-radfar-az225 + elhigh-radmid-az225,0.4571118603391715,0.6169150219916011,0.15980316165242958,2
overall,all,edges_az135_225,8,42,3,ellow-radmid-az225 + elmid-radnear-az225 + elmid-radfar-az225,1,ellow-radmid-az135,43,4,ellow-radmid-az135 + ellow-radmid-az225 + elmid-radnear-az225 + elmid-radfar-az225,0.4571118603391715,0.5749400645676532,0.11782820422848173,3
overall,all,edges_az135_225,8,42,3,ellow-radmid-az225 + elmid-radnear-az225 + elmid-radfar-az225,5,elmid-radfar-az135,58,4,ellow-radmid-az225 + elmid-radnear-az225 + elmid-radfar-az135 + elmid-radfar-az225,0.4571118603391715,0.5535695182906116,0.09645765795144012,4
overall,all,edges_az135_225,8,42,3,ellow-radmid-az225 + elmid-radnear-az225 + elmid-radfar-az225,7,elhigh-radmid-az135,106,4,ellow-radmid-az225 + elmid-radnear-az225 + elmid-radfar-az225 + elhigh-radmid-az135,0.4571118603391715,0.5379372873108063,0.08082542697163475,5
overall,all,edges_az135_225,8,44,3,elmid-radnear-az135 + elmid-radnear-az225 + elmid-radfar-az225,8,elhigh-radmid-az225,172,4,elmid-radnear-az135 + elmid-radnear-az225 + elmid-radfar-az225 + elhigh-radmid-az225,0.5531292450501519,0.675915524557466,0.12278627950731402,1
overall,all,edges_az135_225,8,44,3,elmid-radnear-az135 + elmid-radnear-az225 + elmid-radfar-az225,2,ellow-radmid-az225,46,4,ellow-radmid-az225 + elmid-radnear-az135 + elmid-radnear-az225 + elmid-radfar-az225,0.5531292450501519,0.648143344802196,0.09501409975204411,2
overall,all,edges_az135_225,8,44,3,elmid-radnear-az135 + elmid-radnear-az225 + elmid-radfar-az225,1,ellow-radmid-az135,45,4,ellow-radmid-az135 + elmid-radnear-az135 + elmid-radnear-az225 + elmid-radfar-az225,0.5531292450501519,0.6433594847618171,0.09023023971166522,3
overall,all,edges_az135_225,8,44,3,elmid-radnear-az135 + elmid-radnear-az225 + elmid-radfar-az225,5,elmid-radfar-az135,60,4,elmid-radnear-az135 + elmid-radnear-az225 + elmid-radfar-az135 + elmid-radfar-az225,0.5531292450501519,0.6267739199319549,0.07364467488180293,4
overall,all,edges_az135_225,8,44,3,elmid-radnear-az135 + elmid-radnear-az225 + elmid-radfar-az225,7,elhigh-radmid-az135,108,4,elmid-radnear-az135 + elmid-radnear-az225 + elmid-radfar-az225 + elhigh-radmid-az135,0.5531292450501519,0.6262442800295858,0.07311503497943384,5
overall,all,edges_az135_225,8,49,3,ellow-radmid-az135 + elmid-radfar-az135 + elmid-radfar-az225,3,elmid-radnear-az135,53,4,ellow-radmid-az135 + elmid-radnear-az135 + elmid-radfar-az135 + elmid-radfar-az225,0.4652325159883568,0.6219201248953131,0.15668760890695632,1
overall,all,edges_az135_225,8,49,3,ellow-radmid-az135 + elmid-radfar-az135 + elmid-radfar-az225,8,elhigh-radmid-az225,177,4,ellow-radmid-az135 + elmid-radfar-az135 + elmid-radfar-az225 + elhigh-radmid-az225,0.4652325159883568,0.6112500155502268,0.14601749956187005,2
overall,all,edges_az135_225,8,49,3,ellow-radmid-az135 + elmid-radfar-az135 + elmid-radfar-az225,7,elhigh-radmid-az135,113,4,ellow-radmid-az135 + elmid-radfar-az135 + elmid-radfar-az225 + elhigh-radmid-az135,0.4652325159883568,0.5717443768001083,0.10651186081175146,3
overall,all,edges_az135_225,8,49,3,ellow-radmid-az135 + elmid-radfar-az135 + elmid-radfar-az225,2,ellow-radmid-az225,51,4,ellow-radmid-az135 + ellow-radmid-az225 + elmid-radfar-az135 + elmid-radfar-az225,0.4652325159883568,0.5612854458888543,0.09605292990049752,4
overall,all,edges_az135_225,8,49,3,ellow-radmid-az135 + elmid-radfar-az135 + elmid-radfar-az225,4,elmid-radnear-az225,57,4,ellow-radmid-az135 + elmid-radnear-az225 + elmid-radfar-az135 + elmid-radfar-az225,0.4652325159883568,0.5588336047339761,0.09360108874561934,5
overall,all,edges_az135_225,8,50,3,ellow-radmid-az225 + elmid-radfar-az135 + elmid-radfar-az225,3,elmid-radnear-az135,54,4,ellow-radmid-az225 + elmid-radnear-az135 + elmid-radfar-az135 + elmid-radfar-az225,0.4548593781106173,0.6126648850184405,0.15780550690782325,1
overall,all,edges_az135_225,8,50,3,ellow-radmid-az225 + elmid-radfar-az135 + elmid-radfar-az225,8,elhigh-radmid-az225,178,4,ellow-radmid-az225 + elmid-radfar-az135 + elmid-radfar-az225 + elhigh-radmid-az225,0.4548593781106173,0.6014351037560954,0.14657572564547816,2
overall,all,edges_az135_225,8,50,3,ellow-radmid-az225 + elmid-radfar-az135 + elmid-radfar-az225,1,ellow-radmid-az135,51,4,ellow-radmid-az135 + ellow-radmid-az225 + elmid-radfar-az135 + elmid-radfar-az225,0.4548593781106173,0.5612854458888543,0.10642606777823704,3
overall,all,edges_az135_225,8,50,3,ellow-radmid-az225 + elmid-radfar-az135 + elmid-radfar-az225,7,elhigh-radmid-az135,114,4,ellow-radmid-az225 + elmid-radfar-az135 + elmid-radfar-az225 + elhigh-radmid-az135,0.4548593781106173,0.5552341310911939,0.10037475298057663,4
overall,all,edges_az135_225,8,50,3,ellow-radmid-az225 + elmid-radfar-az135 + elmid-radfar-az225,4,elmid-radnear-az225,58,4,ellow-radmid-az225 + elmid-radnear-az225 + elmid-radfar-az135 + elmid-radfar-az225,0.4548593781106173,0.5535695182906116,0.09871014017999435,5
overall,all,edges_az135_225,8,52,3,elmid-radnear-az135 + elmid-radfar-az135 + elmid-radfar-az225,8,elhigh-radmid-az225,180,4,elmid-radnear-az135 + elmid-radfar-az135 + elmid-radfar-az225 + elhigh-radmid-az225,0.5336604708514128,0.661369528067438,0.1277090572160252,1
overall,all,edges_az135_225,8,52,3,elmid-radnear-az135 + elmid-radfar-az135 + elmid-radfar-az225,7,elhigh-radmid-az135,116,4,elmid-radnear-az135 + elmid-radfar-az135 + elmid-radfar-az225 + elhigh-radmid-az135,0.5336604708514128,0.6325533920903376,0.09889292123892479,2
overall,all,edges_az135_225,8,52,3,elmid-radnear-az135 + elmid-radfar-az135 + elmid-radfar-az225,4,elmid-radnear-az225,60,4,elmid-radnear-az135 + elmid-radnear-az225 + elmid-radfar-az135 + elmid-radfar-az225,0.5336604708514128,0.6267739199319549,0.09311344908054209,3
overall,all,edges_az135_225,8,52,3,elmid-radnear-az135 + elmid-radfar-az135 + elmid-radfar-az225,1,ellow-radmid-az135,53,4,ellow-radmid-az135 + elmid-radnear-az135 + elmid-radfar-az135 + elmid-radfar-az225,0.5336604708514128,0.6219201248953131,0.08825965404390035,4
overall,all,edges_az135_225,8,52,3,elmid-radnear-az135 + elmid-radfar-az135 + elmid-radfar-az225,2,ellow-radmid-az225,54,4,ellow-radmid-az225 + elmid-radnear-az135 + elmid-radfar-az135 + elmid-radfar-az225,0.5336604708514128,0.6126648850184405,0.07900441416702775,5
overall,all,edges_az135_225,8,56,3,elmid-radnear-az225 + elmid-radfar-az135 + elmid-radfar-az225,3,elmid-radnear-az135,60,4,elmid-radnear-az135 + elmid-radnear-az225 + elmid-radfar-az135 + elmid-radfar-az225,0.45707945261393995,0.6267739199319549,0.1696944673180149,1
overall,all,edges_az135_225,8,56,3,elmid-radnear-az225 + elmid-radfar-az135 + elmid-radfar-az225,8,elhigh-radmid-az225,184,4,elmid-radnear-az225 + elmid-radfar-az135 + elmid-radfar-az225 + elhigh-radmid-az225,0.45707945261393995,0.6098156294166911,0.15273617680275114,2
overall,all,edges_az135_225,8,56,3,elmid-radnear-az225 + elmid-radfar-az135 + elmid-radfar-az225,1,ellow-radmid-az135,57,4,ellow-radmid-az135 + elmid-radnear-az225 + elmid-radfar-az135 + elmid-radfar-az225,0.45707945261393995,0.5588336047339761,0.10175415212003619,3
overall,all,edges_az135_225,8,56,3,elmid-radnear-az225 + elmid-radfar-az135 + elmid-radfar-az225,7,elhigh-radmid-az135,120,4,elmid-radnear-az225 + elmid-radfar-az135 + elmid-radfar-az225 + elhigh-radmid-az135,0.45707945261393995,0.5537421220761294,0.09666266946218943,4
overall,all,edges_az135_225,8,56,3,elmid-radnear-az225 + elmid-radfar-az135 + elmid-radfar-az225,2,ellow-radmid-az225,58,4,ellow-radmid-az225 + elmid-radnear-az225 + elmid-radfar-az135 + elmid-radfar-az225,0.45707945261393995,0.5535695182906116,0.09649006567667168,5
overall,all,edges_az135_225,8,67,3,ellow-radmid-az135 + ellow-radmid-az225 + elhigh-radmid-az135,3,elmid-radnear-az135,71,4,ellow-radmid-az135 + ellow-radmid-az225 + elmid-radnear-az135 + elhigh-radmid-az135,0.4467819533401596,0.6170498183322952,0.17026786499213564,1
overall,all,edges_az135_225,8,67,3,ellow-radmid-az135 + ellow-radmid-az225 + elhigh-radmid-az135,8,elhigh-radmid-az225,195,4,ellow-radmid-az135 + ellow-radmid-az225 + elhigh-radmid-az135 + elhigh-radmid-az225,0.4467819533401596,0.5956897924680392,0.14890783912787964,2
overall,all,edges_az135_225,8,67,3,ellow-radmid-az135 + ellow-radmid-az225 + elhigh-radmid-az135,6,elmid-radfar-az225,99,4,ellow-radmid-az135 + ellow-radmid-az225 + elmid-radfar-az225 + elhigh-radmid-az135,0.4467819533401596,0.5659807965249717,0.11919884318481211,3
overall,all,edges_az135_225,8,67,3,ellow-radmid-az135 + ellow-radmid-az225 + elhigh-radmid-az135,5,elmid-radfar-az135,83,4,ellow-radmid-az135 + ellow-radmid-az225 + elmid-radfar-az135 + elhigh-radmid-az135,0.4467819533401596,0.554155541732351,0.10737358839219147,4
overall,all,edges_az135_225,8,67,3,ellow-radmid-az135 + ellow-radmid-az225 + elhigh-radmid-az135,4,elmid-radnear-az225,75,4,ellow-radmid-az135 + ellow-radmid-az225 + elmid-radnear-az225 + elhigh-radmid-az135,0.4467819533401596,0.5399276677421022,0.09314571440194264,5
overall,all,edges_az135_225,8,69,3,ellow-radmid-az135 + elmid-radnear-az135 + elhigh-radmid-az135,8,elhigh-radmid-az225,197,4,ellow-radmid-az135 + elmid-radnear-az135 + elhigh-radmid-az135 + elhigh-radmid-az225,0.5171512100273719,0.6495701637180453,0.13241895369067347,1
overall,all,edges_az135_225,8,69,3,ellow-radmid-az135 + elmid-radnear-az135 + elhigh-radmid-az135,6,elmid-radfar-az225,101,4,ellow-radmid-az135 + elmid-radnear-az135 + elmid-radfar-az225 + elhigh-radmid-az135,0.5171512100273719,0.6381821998365866,0.12103098980921478,2
overall,all,edges_az135_225,8,69,3,ellow-radmid-az135 + elmid-radnear-az135 + elhigh-radmid-az135,2,ellow-radmid-az225,71,4,ellow-radmid-az135 + ellow-radmid-az225 + elmid-radnear-az135 + elhigh-radmid-az135,0.5171512100273719,0.6170498183322952,0.09989860830492336,3
overall,all,edges_az135_225,8,69,3,ellow-radmid-az135 + elmid-radnear-az135 + elhigh-radmid-az135,5,elmid-radfar-az135,85,4,ellow-radmid-az135 + elmid-radnear-az135 + elmid-radfar-az135 + elhigh-radmid-az135,0.5171512100273719,0.6139795720288675,0.0968283620014957,4
overall,all,edges_az135_225,8,69,3,ellow-radmid-az135 + elmid-radnear-az135 + elhigh-radmid-az135,4,elmid-radnear-az225,77,4,ellow-radmid-az135 + elmid-radnear-az135 + elmid-radnear-az225 + elhigh-radmid-az135,0.5171512100273719,0.6045241145608298,0.08737290453345792,5
overall,all,edges_az135_225,8,70,3,ellow-radmid-az225 + elmid-radnear-az135 + elhigh-radmid-az135,8,elhigh-radmid-az225,198,4,ellow-radmid-az225 + elmid-radnear-az135 + elhigh-radmid-az135 + elhigh-radmid-az225,0.5276195053743975,0.6550245215593763,0.1274050161849788,1
overall,all,edges_az135_225,8,70,3,ellow-radmid-az225 + elmid-radnear-az135 + elhigh-radmid-az135,6,elmid-radfar-az225,102,4,ellow-radmid-az225 + elmid-radnear-az135 + elmid-radfar-az225 + elhigh-radmid-az135,0.5276195053743975,0.6472226139337773,0.11960310855937983,2
overall,all,edges_az135_225,8,70,3,ellow-radmid-az225 + elmid-radnear-az135 + elhigh-radmid-az135,1,ellow-radmid-az135,71,4,ellow-radmid-az135 + ellow-radmid-az225 + elmid-radnear-az135 + elhigh-radmid-az135,0.5276195053743975,0.6170498183322952,0.08943031295789772,3
overall,all,edges_az135_225,8,70,3,ellow-radmid-az225 + elmid-radnear-az135 + elhigh-radmid-az135,5,elmid-radfar-az135,86,4,ellow-radmid-az225 + elmid-radnear-az135 + elmid-radfar-az135 + elhigh-radmid-az135,0.5276195053743975,0.615982367645468,0.08836286227107049,4
overall,all,edges_az135_225,8,70,3,ellow-radmid-az225 + elmid-radnear-az135 + elhigh-radmid-az135,4,elmid-radnear-az225,78,4,ellow-radmid-az225 + elmid-radnear-az135 + elmid-radnear-az225 + elhigh-radmid-az135,0.5276195053743975,0.608988363757001,0.08136885838260355,5
overall,all,edges_az135_225,8,73,3,ellow-radmid-az135 + elmid-radnear-az225 + elhigh-radmid-az135,3,elmid-radnear-az135,77,4,ellow-radmid-az135 + elmid-radnear-az135 + elmid-radnear-az225 + elhigh-radmid-az135,0.42615068353453994,0.6045241145608298,0.17837343102628983,1
overall,all,edges_az135_225,8,73,3,ellow-radmid-az135 + elmid-radnear-az225 + elhigh-radmid-az135,8,elhigh-radmid-az225,201,4,ellow-radmid-az135 + elmid-radnear-az225 + elhigh-radmid-az135 + elhigh-radmid-az225,0.42615068353453994,0.5896932514207639,0.16354256788622396,2
overall,all,edges_az135_225,8,73,3,ellow-radmid-az135 + elmid-radnear-az225 + elhigh-radmid-az135,6,elmid-radfar-az225,105,4,ellow-radmid-az135 + elmid-radnear-az225 + elmid-radfar-az225 + elhigh-radmid-az135,0.42615068353453994,0.56382705920356,0.13767637566902008,3
overall,all,edges_az135_225,8,73,3,ellow-radmid-az135 + elmid-radnear-az225 + elhigh-radmid-az135,5,elmid-radfar-az135,89,4,ellow-radmid-az135 + elmid-radnear-az225 + elmid-radfar-az135 + elhigh-radmid-az135,0.42615068353453994,0.5484394425103382,0.12228875897579822,4
overall,all,edges_az135_225,8,73,3,ellow-radmid-az135 + elmid-radnear-az225 + elhigh-radmid-az135,2,ellow-radmid-az225,75,4,ellow-radmid-az135 + ellow-radmid-az225 + elmid-radnear-az225 + elhigh-radmid-az135,0.42615068353453994,0.5399276677421022,0.11377698420756227,5
overall,all,edges_az135_225,8,74,3,ellow-radmid-az225 + elmid-radnear-az225 + elhigh-radmid-az135,3,elmid-radnear-az135,78,4,ellow-radmid-az225 + elmid-radnear-az135 + elmid-radnear-az225 + elhigh-radmid-az135,0.4136820225689986,0.608988363757001,0.19530634118800244,1
overall,all,edges_az135_225,8,74,3,ellow-radmid-az225 + elmid-radnear-az225 + elhigh-radmid-az135,8,elhigh-radmid-az225,202,4,ellow-radmid-az225 + elmid-radnear-az225 + elhigh-radmid-az135 + elhigh-radmid-az225,0.4136820225689986,0.5785123483002925,0.16483032573129391,2
overall,all,edges_az135_225,8,74,3,ellow-radmid-az225 + elmid-radnear-az225 + elhigh-radmid-az135,1,ellow-radmid-az135,75,4,ellow-radmid-az135 + ellow-radmid-az225 + elmid-radnear-az225 + elhigh-radmid-az135,0.4136820225689986,0.5399276677421022,0.1262456451731036,3
overall,all,edges_az135_225,8,74,3,ellow-radmid-az225 + elmid-radnear-az225 + elhigh-radmid-az135,6,elmid-radfar-az225,106,4,ellow-radmid-az225 + elmid-radnear-az225 + elmid-radfar-az225 + elhigh-radmid-az135,0.4136820225689986,0.5379372873108063,0.12425526474180765,4
overall,all,edges_az135_225,8,74,3,ellow-radmid-az225 + elmid-radnear-az225 + elhigh-radmid-az135,5,elmid-radfar-az135,90,4,ellow-radmid-az225 + elmid-radnear-az225 + elmid-radfar-az135 + elhigh-radmid-az135,0.4136820225689986,0.534379798692461,0.12069777612346239,5
overall,all,edges_az135_225,8,76,3,elmid-radnear-az135 + elmid-radnear-az225 + elhigh-radmid-az135,8,elhigh-radmid-az225,204,4,elmid-radnear-az135 + elmid-radnear-az225 + elhigh-radmid-az135 + elhigh-radmid-az225,0.5000576105809138,0.6359783574614969,0.1359207468805831,1
overall,all,edges_az135_225,8,76,3,elmid-radnear-az135 + elmid-radnear-az225 + elhigh-radmid-az135,6,elmid-radfar-az225,108,4,elmid-radnear-az135 + elmid-radnear-az225 + elmid-radfar-az225 + elhigh-radmid-az135,0.5000576105809138,0.6262442800295858,0.12618666944867196,2
overall,all,edges_az135_225,8,76,3,elmid-radnear-az135 + elmid-radnear-az225 + elhigh-radmid-az135,2,ellow-radmid-az225,78,4,ellow-radmid-az225 + elmid-radnear-az135 + elmid-radnear-az225 + elhigh-radmid-az135,0.5000576105809138,0.608988363757001,0.10893075317608725,3
overall,all,edges_az135_225,8,76,3,elmid-radnear-az135 + elmid-radnear-az225 + elhigh-radmid-az135,5,elmid-radfar-az135,92,4,elmid-radnear-az135 + elmid-radnear-az225 + elmid-radfar-az135 + elhigh-radmid-az135,0.5000576105809138,0.6068149769412465,0.10675736636033273,4
overall,all,edges_az135_225,8,76,3,elmid-radnear-az135 + elmid-radnear-az225 + elhigh-radmid-az135,1,ellow-radmid-az135,77,4,ellow-radmid-az135 + elmid-radnear-az135 + elmid-radnear-az225 + elhigh-radmid-az135,0.5000576105809138,0.6045241145608298,0.10446650397991597,5
overall,all,edges_az135_225,8,81,3,ellow-radmid-az135 + elmid-radfar-az135 + elhigh-radmid-az135,3,elmid-radnear-az135,85,4,ellow-radmid-az135 + elmid-radnear-az135 + elmid-radfar-az135 + elhigh-radmid-az135,0.4556314254461154,0.6139795720288675,0.15834814658275215,1
overall,all,edges_az135_225,8,81,3,ellow-radmid-az135 + elmid-radfar-az135 + elhigh-radmid-az135,8,elhigh-radmid-az225,209,4,ellow-radmid-az135 + elmid-radfar-az135 + elhigh-radmid-az135 + elhigh-radmid-az225,0.4556314254461154,0.5915209260228577,0.13588950057674226,2
overall,all,edges_az135_225,8,81,3,ellow-radmid-az135 + elmid-radfar-az135 + elhigh-radmid-az135,6,elmid-radfar-az225,113,4,ellow-radmid-az135 + elmid-radfar-az135 + elmid-radfar-az225 + elhigh-radmid-az135,0.4556314254461154,0.5717443768001083,0.11611295135399285,3
overall,all,edges_az135_225,8,81,3,ellow-radmid-az135 + elmid-radfar-az135 + elhigh-radmid-az135,2,ellow-radmid-az225,83,4,ellow-radmid-az135 + ellow-radmid-az225 + elmid-radfar-az135 + elhigh-radmid-az135,0.4556314254461154,0.554155541732351,0.09852411628623564,4
overall,all,edges_az135_225,8,81,3,ellow-radmid-az135 + elmid-radfar-az135 + elhigh-radmid-az135,4,elmid-radnear-az225,89,4,ellow-radmid-az135 + elmid-radnear-az225 + elmid-radfar-az135 + elhigh-radmid-az135,0.4556314254461154,0.5484394425103382,0.09280801706422276,5
overall,all,edges_az135_225,8,82,3,ellow-radmid-az225 + elmid-radfar-az135 + elhigh-radmid-az135,3,elmid-radnear-az135,86,4,ellow-radmid-az225 + elmid-radnear-az135 + elmid-radfar-az135 + elhigh-radmid-az135,0.44785717685902127,0.615982367645468,0.16812519078644672,1
overall,all,edges_az135_225,8,82,3,ellow-radmid-az225 + elmid-radfar-az135 + elhigh-radmid-az135,8,elhigh-radmid-az225,210,4,ellow-radmid-az225 + elmid-radfar-az135 + elhigh-radmid-az135 + elhigh-radmid-az225,0.44785717685902127,0.5783548574497737,0.1304976805907524,2
overall,all,edges_az135_225,8,82,3,ellow-radmid-az225 + elmid-radfar-az135 + elhigh-radmid-az135,6,elmid-radfar-az225,114,4,ellow-radmid-az225 + elmid-radfar-az135 + elmid-radfar-az225 + elhigh-radmid-az135,0.44785717685902127,0.5552341310911939,0.10737695423217264,3
overall,all,edges_az135_225,8,82,3,ellow-radmid-az225 + elmid-radfar-az135 + elhigh-radmid-az135,1,ellow-radmid-az135,83,4,ellow-radmid-az135 + ellow-radmid-az225 + elmid-radfar-az135 + elhigh-radmid-az135,0.44785717685902127,0.554155541732351,0.10629836487332978,4
overall,all,edges_az135_225,8,82,3,ellow-radmid-az225 + elmid-radfar-az135 + elhigh-radmid-az135,4,elmid-radnear-az225,90,4,ellow-radmid-az225 + elmid-radnear-az225 + elmid-radfar-az135 + elhigh-radmid-az135,0.44785717685902127,0.534379798692461,0.08652262183343973,5
overall,all,edges_az135_225,8,84,3,elmid-radnear-az135 + elmid-radfar-az135 + elhigh-radmid-az135,8,elhigh-radmid-az225,212,4,elmid-radnear-az135 + elmid-radfar-az135 + elhigh-radmid-az135 + elhigh-radmid-az225,0.5253828588965422,0.6430817330038349,0.11769887410729263,1
overall,all,edges_az135_225,8,84,3,elmid-radnear-az135 + elmid-radfar-az135 + elhigh-radmid-az135,6,elmid-radfar-az225,116,4,elmid-radnear-az135 + elmid-radfar-az135 + elmid-radfar-az225 + elhigh-radmid-az135,0.5253828588965422,0.6325533920903376,0.10717053319379533,2
overall,all,edges_az135_225,8,84,3,elmid-radnear-az135 + elmid-radfar-az135 + elhigh-radmid-az135,2,ellow-radmid-az225,86,4,ellow-radmid-az225 + elmid-radnear-az135 + elmid-radfar-az135 + elhigh-radmid-az135,0.5253828588965422,0.615982367645468,0.09059950874892575,3
overall,all,edges_az135_225,8,84,3,elmid-radnear-az135 + elmid-radfar-az135 + elhigh-radmid-az135,1,ellow-radmid-az135,85,4,ellow-radmid-az135 + elmid-radnear-az135 + elmid-radfar-az135 + elhigh-radmid-az135,0.5253828588965422,0.6139795720288675,0.08859671313232531,4
overall,all,edges_az135_225,8,84,3,elmid-radnear-az135 + elmid-radfar-az135 + elhigh-radmid-az135,4,elmid-radnear-az225,92,4,elmid-radnear-az135 + elmid-radnear-az225 + elmid-radfar-az135 + elhigh-radmid-az135,0.5253828588965422,0.6068149769412465,0.0814321180447043,5
overall,all,edges_az135_225,8,88,3,elmid-radnear-az225 + elmid-radfar-az135 + elhigh-radmid-az135,3,elmid-radnear-az135,92,4,elmid-radnear-az135 + elmid-radnear-az225 + elmid-radfar-az135 + elhigh-radmid-az135,0.4358365236054808,0.6068149769412465,0.17097845333576572,1
overall,all,edges_az135_225,8,88,3,elmid-radnear-az225 + elmid-radfar-az135 + elhigh-radmid-az135,8,elhigh-radmid-az225,216,4,elmid-radnear-az225 + elmid-radfar-az135 + elhigh-radmid-az135 + elhigh-radmid-az225,0.4358365236054808,0.5786265493128185,0.14279002570733773,2
overall,all,edges_az135_225,8,88,3,elmid-radnear-az225 + elmid-radfar-az135 + elhigh-radmid-az135,6,elmid-radfar-az225,120,4,elmid-radnear-az225 + elmid-radfar-az135 + elmid-radfar-az225 + elhigh-radmid-az135,0.4358365236054808,0.5537421220761294,0.11790559847064858,3
overall,all,edges_az135_225,8,88,3,elmid-radnear-az225 + elmid-radfar-az135 + elhigh-radmid-az135,1,ellow-radmid-az135,89,4,ellow-radmid-az135 + elmid-radnear-az225 + elmid-radfar-az135 + elhigh-radmid-az135,0.4358365236054808,0.5484394425103382,0.11260291890485735,4
overall,all,edges_az135_225,8,88,3,elmid-radnear-az225 + elmid-radfar-az135 + elhigh-radmid-az135,2,ellow-radmid-az225,90,4,ellow-radmid-az225 + elmid-radnear-az225 + elmid-radfar-az135 + elhigh-radmid-az135,0.4358365236054808,0.534379798692461,0.09854327508698019,5
overall,all,edges_az135_225,8,97,3,ellow-radmid-az135 + elmid-radfar-az225 + elhigh-radmid-az135,3,elmid-radnear-az135,101,4,ellow-radmid-az135 + elmid-radnear-az135 + elmid-radfar-az225 + elhigh-radmid-az135,0.47872383721284956,0.6381821998365866,0.15945836262373708,1
overall,all,edges_az135_225,8,97,3,ellow-radmid-az135 + elmid-radfar-az225 + elhigh-radmid-az135,8,elhigh-radmid-az225,225,4,ellow-radmid-az135 + elmid-radfar-az225 + elhigh-radmid-az135 + elhigh-radmid-az225,0.47872383721284956,0.6248185363827982,0.1460946991699486,2
overall,all,edges_az135_225,8,97,3,ellow-radmid-az135 + elmid-radfar-az225 + elhigh-radmid-az135,5,elmid-radfar-az135,113,4,ellow-radmid-az135 + elmid-radfar-az135 + elmid-radfar-az225 + elhigh-radmid-az135,0.47872383721284956,0.5717443768001083,0.0930205395872587,3
overall,all,edges_az135_225,8,97,3,ellow-radmid-az135 + elmid-radfar-az225 + elhigh-radmid-az135,2,ellow-radmid-az225,99,4,ellow-radmid-az135 + ellow-radmid-az225 + elmid-radfar-az225 + elhigh-radmid-az135,0.47872383721284956,0.5659807965249717,0.08725695931212213,4
overall,all,edges_az135_225,8,97,3,ellow-radmid-az135 + elmid-radfar-az225 + elhigh-radmid-az135,4,elmid-radnear-az225,105,4,ellow-radmid-az135 + elmid-radnear-az225 + elmid-radfar-az225 + elhigh-radmid-az135,0.47872383721284956,0.56382705920356,0.08510322199071046,5
overall,all,edges_az135_225,8,98,3,ellow-radmid-az225 + elmid-radfar-az225 + elhigh-radmid-az135,3,elmid-radnear-az135,102,4,ellow-radmid-az225 + elmid-radnear-az135 + elmid-radfar-az225 + elhigh-radmid-az135,0.45898572809941074,0.6472226139337773,0.1882368858343666,1
overall,all,edges_az135_225,8,98,3,ellow-radmid-az225 + elmid-radfar-az225 + elhigh-radmid-az135,8,elhigh-radmid-az225,226,4,ellow-radmid-az225 + elmid-radfar-az225 + elhigh-radmid-az135 + elhigh-radmid-az225,0.45898572809941074,0.6145654325555268,0.15557970445611602,2
overall,all,edges_az135_225,8,98,3,ellow-radmid-az225 + elmid-radfar-az225 + elhigh-radmid-az135,1,ellow-radmid-az135,99,4,ellow-radmid-az135 + ellow-radmid-az225 + elmid-radfar-az225 + elhigh-radmid-az135,0.45898572809941074,0.5659807965249717,0.10699506842556095,3
overall,all,edges_az135_225,8,98,3,ellow-radmid-az225 + elmid-radfar-az225 + elhigh-radmid-az135,5,elmid-radfar-az135,114,4,ellow-radmid-az225 + elmid-radfar-az135 + elmid-radfar-az225 + elhigh-radmid-az135,0.45898572809941074,0.5552341310911939,0.09624840299178317,4
overall,all,edges_az135_225,8,98,3,ellow-radmid-az225 + elmid-radfar-az225 + elhigh-radmid-az135,4,elmid-radnear-az225,106,4,ellow-radmid-az225 + elmid-radnear-az225 + elmid-radfar-az225 + elhigh-radmid-az135,0.45898572809941074,0.5379372873108063,0.07895155921139552,5
overall,all,edges_az135_225,8,100,3,elmid-radnear-az135 + elmid-radfar-az225 + elhigh-radmid-az135,8,elhigh-radmid-az225,228,4,elmid-radnear-az135 + elmid-radfar-az225 + elhigh-radmid-az135 + elhigh-radmid-az225,0.5529662726042132,0.6714735778183073,0.11850730521409414,1
overall,all,edges_az135_225,8,100,3,elmid-radnear-az135 + elmid-radfar-az225 + elhigh-radmid-az135,2,ellow-radmid-az225,102,4,ellow-radmid-az225 + elmid-radnear-az135 + elmid-radfar-az225 + elhigh-radmid-az135,0.5529662726042132,0.6472226139337773,0.09425634132956417,2
overall,all,edges_az135_225,8,100,3,elmid-radnear-az135 + elmid-radfar-az225 + elhigh-radmid-az135,1,ellow-radmid-az135,101,4,ellow-radmid-az135 + elmid-radnear-az135 + elmid-radfar-az225 + elhigh-radmid-az135,0.5529662726042132,0.6381821998365866,0.08521592723237348,3
overall,all,edges_az135_225,8,100,3,elmid-radnear-az135 + elmid-radfar-az225 + elhigh-radmid-az135,5,elmid-radfar-az135,116,4,elmid-radnear-az135 + elmid-radfar-az135 + elmid-radfar-az225 + elhigh-radmid-az135,0.5529662726042132,0.6325533920903376,0.0795871194861244,4
overall,all,edges_az135_225,8,100,3,elmid-radnear-az135 + elmid-radfar-az225 + elhigh-radmid-az135,4,elmid-radnear-az225,108,4,elmid-radnear-az135 + elmid-radnear-az225 + elmid-radfar-az225 + elhigh-radmid-az135,0.5529662726042132,0.6262442800295858,0.0732780074253726,5
overall,all,edges_az135_225,8,104,3,elmid-radnear-az225 + elmid-radfar-az225 + elhigh-radmid-az135,3,elmid-radnear-az135,108,4,elmid-radnear-az135 + elmid-radnear-az225 + elmid-radfar-az225 + elhigh-radmid-az135,0.4417957997559809,0.6262442800295858,0.1844484802736049,1
overall,all,edges_az135_225,8,104,3,elmid-radnear-az225 + elmid-radfar-az225 + elhigh-radmid-az135,8,elhigh-radmid-az225,232,4,elmid-radnear-az225 + elmid-radfar-az225 + elhigh-radmid-az135 + elhigh-radmid-az225,0.4417957997559809,0.6037649462458131,0.16196914648983224,2
overall,all,edges_az135_225,8,104,3,elmid-radnear-az225 + elmid-radfar-az225 + elhigh-radmid-az135,1,ellow-radmid-az135,105,4,ellow-radmid-az135 + elmid-radnear-az225 + elmid-radfar-az225 + elhigh-radmid-az135,0.4417957997559809,0.56382705920356,0.12203125944757914,3
overall,all,edges_az135_225,8,104,3,elmid-radnear-az225 + elmid-radfar-az225 + elhigh-radmid-az135,5,elmid-radfar-az135,120,4,elmid-radnear-az225 + elmid-radfar-az135 + elmid-radfar-az225 + elhigh-radmid-az135,0.4417957997559809,0.5537421220761294,0.1119463223201485,4
overall,all,edges_az135_225,8,104,3,elmid-radnear-az225 + elmid-radfar-az225 + elhigh-radmid-az135,2,ellow-radmid-az225,106,4,ellow-radmid-az225 + elmid-radnear-az225 + elmid-radfar-az225 + elhigh-radmid-az135,0.4417957997559809,0.5379372873108063,0.09614148755482538,5
overall,all,edges_az135_225,8,112,3,elmid-radfar-az135 + elmid-radfar-az225 + elhigh-radmid-az135,3,elmid-radnear-az135,116,4,elmid-radnear-az135 + elmid-radfar-az135 + elmid-radfar-az225 + elhigh-radmid-az135,0.47527971786678297,0.6325533920903376,0.1572736742235546,1
overall,all,edges_az135_225,8,112,3,elmid-radfar-az135 + elmid-radfar-az225 + elhigh-radmid-az135,8,elhigh-radmid-az225,240,4,elmid-radfar-az135 + elmid-radfar-az225 + elhigh-radmid-az135 + elhigh-radmid-az225,0.47527971786678297,0.617646147920009,0.14236643005322608,2
overall,all,edges_az135_225,8,112,3,elmid-radfar-az135 + elmid-radfar-az225 + elhigh-radmid-az135,1,ellow-radmid-az135,113,4,ellow-radmid-az135 + elmid-radfar-az135 + elmid-radfar-az225 + elhigh-radmid-az135,0.47527971786678297,0.5717443768001083,0.09646465893332529,3
overall,all,edges_az135_225,8,112,3,elmid-radfar-az135 + elmid-radfar-az225 + elhigh-radmid-az135,2,ellow-radmid-az225,114,4,ellow-radmid-az225 + elmid-radfar-az135 + elmid-radfar-az225 + elhigh-radmid-az135,0.47527971786678297,0.5552341310911939,0.07995441322441094,4
overall,all,edges_az135_225,8,112,3,elmid-radfar-az135 + elmid-radfar-az225 + elhigh-radmid-az135,4,elmid-radnear-az225,120,4,elmid-radnear-az225 + elmid-radfar-az135 + elmid-radfar-az225 + elhigh-radmid-az135,0.47527971786678297,0.5537421220761294,0.07846240420934641,5
overall,all,edges_az135_225,8,131,3,ellow-radmid-az135 + ellow-radmid-az225 + elhigh-radmid-az225,3,elmid-radnear-az135,135,4,ellow-radmid-az135 + ellow-radmid-az225 + elmid-radnear-az135 + elhigh-radmid-az225,0.479934662911752,0.6363284034002026,0.15639374048845056,1
overall,all,edges_az135_225,8,131,3,ellow-radmid-az135 + ellow-radmid-az225 + elhigh-radmid-az225,6,elmid-radfar-az225,163,4,ellow-radmid-az135 + ellow-radmid-az225 + elmid-radfar-az225 + elhigh-radmid-az225,0.479934662911752,0.6224978297331992,0.1425631668214472,2
overall,all,edges_az135_225,8,131,3,ellow-radmid-az135 + ellow-radmid-az225 + elhigh-radmid-az225,4,elmid-radnear-az225,139,4,ellow-radmid-az135 + ellow-radmid-az225 + elmid-radnear-az225 + elhigh-radmid-az225,0.479934662911752,0.5995781917618828,0.11964352885013074,3
overall,all,edges_az135_225,8,131,3,ellow-radmid-az135 + ellow-radmid-az225 + elhigh-radmid-az225,7,elhigh-radmid-az135,195,4,ellow-radmid-az135 + ellow-radmid-az225 + elhigh-radmid-az135 + elhigh-radmid-az225,0.479934662911752,0.5956897924680392,0.1157551295562872,4
overall,all,edges_az135_225,8,131,3,ellow-radmid-az135 + ellow-radmid-az225 + elhigh-radmid-az225,5,elmid-radfar-az135,147,4,ellow-radmid-az135 + ellow-radmid-az225 + elmid-radfar-az135 + elhigh-radmid-az225,0.479934662911752,0.5652457461986036,0.08531108328685155,5
overall,all,edges_az135_225,8,133,3,ellow-radmid-az135 + elmid-radnear-az135 + elhigh-radmid-az225,6,elmid-radfar-az225,165,4,ellow-radmid-az135 + elmid-radnear-az135 + elmid-radfar-az225 + elhigh-radmid-az225,0.5446049076360374,0.6747156624502004,0.130110754814163,1
overall,all,edges_az135_225,8,133,3,ellow-radmid-az135 + elmid-radnear-az135 + elhigh-radmid-az225,4,elmid-radnear-az225,141,4,ellow-radmid-az135 + elmid-radnear-az135 + elmid-radnear-az225 + elhigh-radmid-az225,0.5446049076360374,0.6559595643081236,0.11135465667208622,2
overall,all,edges_az135_225,8,133,3,ellow-radmid-az135 + elmid-radnear-az135 + elhigh-radmid-az225,7,elhigh-radmid-az135,197,4,ellow-radmid-az135 + elmid-radnear-az135 + elhigh-radmid-az135 + elhigh-radmid-az225,0.5446049076360374,0.6495701637180453,0.10496525608200791,3
overall,all,edges_az135_225,8,133,3,ellow-radmid-az135 + elmid-radnear-az135 + elhigh-radmid-az225,2,ellow-radmid-az225,135,4,ellow-radmid-az135 + ellow-radmid-az225 + elmid-radnear-az135 + elhigh-radmid-az225,0.5446049076360374,0.6363284034002026,0.09172349576416516,4
overall,all,edges_az135_225,8,133,3,ellow-radmid-az135 + elmid-radnear-az135 + elhigh-radmid-az225,5,elmid-radfar-az135,149,4,ellow-radmid-az135 + elmid-radnear-az135 + elmid-radfar-az135 + elhigh-radmid-az225,0.5446049076360374,0.6259140650089945,0.08130915737295707,5
overall,all,edges_az135_225,8,134,3,ellow-radmid-az225 + elmid-radnear-az135 + elhigh-radmid-az225,6,elmid-radfar-az225,166,4,ellow-radmid-az225 + elmid-radnear-az135 + elmid-radfar-az225 + elhigh-radmid-az225,0.5408458468226987,0.6831026392835389,0.14225679246084022,1
overall,all,edges_az135_225,8,134,3,ellow-radmid-az225 + elmid-radnear-az135 + elhigh-radmid-az225,7,elhigh-radmid-az135,198,4,ellow-radmid-az225 + elmid-radnear-az135 + elhigh-radmid-az135 + elhigh-radmid-az225,0.5408458468226987,0.6550245215593763,0.11417867473667764,2
overall,all,edges_az135_225,8,134,3,ellow-radmid-az225 + elmid-radnear-az135 + elhigh-radmid-az225,4,elmid-radnear-az225,142,4,ellow-radmid-az225 + elmid-radnear-az135 + elmid-radnear-az225 + elhigh-radmid-az225,0.5408458468226987,0.6516585572696044,0.11081271044690577,3
overall,all,edges_az135_225,8,134,3,ellow-radmid-az225 + elmid-radnear-az135 + elhigh-radmid-az225,1,ellow-radmid-az135,135,4,ellow-radmid-az135 + ellow-radmid-az225 + elmid-radnear-az135 + elhigh-radmid-az225,0.5408458468226987,0.6363284034002026,0.09548255657750393,4
overall,all,edges_az135_225,8,134,3,ellow-radmid-az225 + elmid-radnear-az135 + elhigh-radmid-az225,5,elmid-radfar-az135,150,4,ellow-radmid-az225 + elmid-radnear-az135 + elmid-radfar-az135 + elhigh-radmid-az225,0.5408458468226987,0.6136334258358872,0.07278757901318855,5
overall,all,edges_az135_225,8,137,3,ellow-radmid-az135 + elmid-radnear-az225 + elhigh-radmid-az225,3,elmid-radnear-az135,141,4,ellow-radmid-az135 + elmid-radnear-az135 + elmid-radnear-az225 + elhigh-radmid-az225,0.49022835494913747,0.6559595643081236,0.16573120935898616,1
overall,all,edges_az135_225,8,137,3,ellow-radmid-az135 + elmid-radnear-az225 + elhigh-radmid-az225,6,elmid-radfar-az225,169,4,ellow-radmid-az135 + elmid-radnear-az225 + elmid-radfar-az225 + elhigh-radmid-az225,0.49022835494913747,0.6276984087369231,0.1374700537877856,2
overall,all,edges_az135_225,8,137,3,ellow-radmid-az135 + elmid-radnear-az225 + elhigh-radmid-az225,2,ellow-radmid-az225,139,4,ellow-radmid-az135 + ellow-radmid-az225 + elmid-radnear-az225 + elhigh-radmid-az225,0.49022835494913747,0.5995781917618828,0.1093498368127453,3
overall,all,edges_az135_225,8,137,3,ellow-radmid-az135 + elmid-radnear-az225 + elhigh-radmid-az225,7,elhigh-radmid-az135,201,4,ellow-radmid-az135 + elmid-radnear-az225 + elhigh-radmid-az135 + elhigh-radmid-az225,0.49022835494913747,0.5896932514207639,0.09946489647162643,4
overall,all,edges_az135_225,8,137,3,ellow-radmid-az135 + elmid-radnear-az225 + elhigh-radmid-az225,5,elmid-radfar-az135,153,4,ellow-radmid-az135 + elmid-radnear-az225 + elmid-radfar-az135 + elhigh-radmid-az225,0.49022835494913747,0.5857284129144932,0.09550005796535571,5
overall,all,edges_az135_225,8,138,3,ellow-radmid-az225 + elmid-radnear-az225 + elhigh-radmid-az225,3,elmid-radnear-az135,142,4,ellow-radmid-az225 + elmid-radnear-az135 + elmid-radnear-az225 + elhigh-radmid-az225,0.47928146734272425,0.6516585572696044,0.17237708992688017,1
overall,all,edges_az135_225,8,138,3,ellow-radmid-az225 + elmid-radnear-az225 + elhigh-radmid-az225,6,elmid-radfar-az225,170,4,ellow-radmid-az225 + elmid-radnear-az225 + elmid-radfar-az225 + elhigh-radmid-az225,0.47928146734272425,0.6169150219916011,0.13763355464887683,2
overall,all,edges_az135_225,8,138,3,ellow-radmid-az225 + elmid-radnear-az225 + elhigh-radmid-az225,1,ellow-radmid-az135,139,4,ellow-radmid-az135 + ellow-radmid-az225 + elmid-radnear-az225 + elhigh-radmid-az225,0.47928146734272425,0.5995781917618828,0.12029672441915851,3
overall,all,edges_az135_225,8,138,3,ellow-radmid-az225 + elmid-radnear-az225 + elhigh-radmid-az225,7,elhigh-radmid-az135,202,4,ellow-radmid-az225 + elmid-radnear-az225 + elhigh-radmid-az135 + elhigh-radmid-az225,0.47928146734272425,0.5785123483002925,0.09923088095756827,4
overall,all,edges_az135_225,8,138,3,ellow-radmid-az225 + elmid-radnear-az225 + elhigh-radmid-az225,5,elmid-radfar-az135,154,4,ellow-radmid-az225 + elmid-radnear-az225 + elmid-radfar-az135 + elhigh-radmid-az225,0.47928146734272425,0.5723223148682479,0.09304084752552366,5
overall,all,edges_az135_225,8,140,3,elmid-radnear-az135 + elmid-radnear-az225 + elhigh-radmid-az225,6,elmid-radfar-az225,172,4,elmid-radnear-az135 + elmid-radnear-az225 + elmid-radfar-az225 + elhigh-radmid-az225,0.550729894193195,0.675915524557466,0.125185630364271,1
overall,all,edges_az135_225,8,140,3,elmid-radnear-az135 + elmid-radnear-az225 + elhigh-radmid-az225,1,ellow-radmid-az135,141,4,ellow-radmid-az135 + elmid-radnear-az135 + elmid-radnear-az225 + elhigh-radmid-az225,0.550729894193195,0.6559595643081236,0.10522967011492868,2
overall,all,edges_az135_225,8,140,3,elmid-radnear-az135 + elmid-radnear-az225 + elhigh-radmid-az225,2,ellow-radmid-az225,142,4,ellow-radmid-az225 + elmid-radnear-az135 + elmid-radnear-az225 + elhigh-radmid-az225,0.550729894193195,0.6516585572696044,0.10092866307640946,3
overall,all,edges_az135_225,8,140,3,elmid-radnear-az135 + elmid-radnear-az225 + elhigh-radmid-az225,5,elmid-radfar-az135,156,4,elmid-radnear-az135 + elmid-radnear-az225 + elmid-radfar-az135 + elhigh-radmid-az225,0.550729894193195,0.63921700963536,0.08848711544216503,4
overall,all,edges_az135_225,8,140,3,elmid-radnear-az135 + elmid-radnear-az225 + elhigh-radmid-az225,7,elhigh-radmid-az135,204,4,elmid-radnear-az135 + elmid-radnear-az225 + elhigh-radmid-az135 + elhigh-radmid-az225,0.550729894193195,0.6359783574614969,0.08524846326830193,5
overall,all,edges_az135_225,8,145,3,ellow-radmid-az135 + elmid-radfar-az135 + elhigh-radmid-az225,3,elmid-radnear-az135,149,4,ellow-radmid-az135 + elmid-radnear-az135 + elmid-radfar-az135 + elhigh-radmid-az225,0.46916964881037576,0.6259140650089945,0.15674441619861873,1
overall,all,edges_az135_225,8,145,3,ellow-radmid-az135 + elmid-radfar-az135 + elhigh-radmid-az225,6,elmid-radfar-az225,177,4,ellow-radmid-az135 + elmid-radfar-az135 + elmid-radfar-az225 + elhigh-radmid-az225,0.46916964881037576,0.6112500155502268,0.14208036673985108,2
overall,all,edges_az135_225,8,145,3,ellow-radmid-az135 + elmid-radfar-az135 + elhigh-radmid-az225,7,elhigh-radmid-az135,209,4,ellow-radmid-az135 + elmid-radfar-az135 + elhigh-radmid-az135 + elhigh-radmid-az225,0.46916964881037576,0.5915209260228577,0.1223512772124819,3
overall,all,edges_az135_225,8,145,3,ellow-radmid-az135 + elmid-radfar-az135 + elhigh-radmid-az225,4,elmid-radnear-az225,153,4,ellow-radmid-az135 + elmid-radnear-az225 + elmid-radfar-az135 + elhigh-radmid-az225,0.46916964881037576,0.5857284129144932,0.11655876410411742,4
overall,all,edges_az135_225,8,145,3,ellow-radmid-az135 + elmid-radfar-az135 + elhigh-radmid-az225,2,ellow-radmid-az225,147,4,ellow-radmid-az135 + ellow-radmid-az225 + elmid-radfar-az135 + elhigh-radmid-az225,0.46916964881037576,0.5652457461986036,0.09607609738822781,5
overall,all,edges_az135_225,8,146,3,ellow-radmid-az225 + elmid-radfar-az135 + elhigh-radmid-az225,3,elmid-radnear-az135,150,4,ellow-radmid-az225 + elmid-radnear-az135 + elmid-radfar-az135 + elhigh-radmid-az225,0.4563106769040653,0.6136334258358872,0.1573227489318219,1
overall,all,edges_az135_225,8,146,3,ellow-radmid-az225 + elmid-radfar-az135 + elhigh-radmid-az225,6,elmid-radfar-az225,178,4,ellow-radmid-az225 + elmid-radfar-az135 + elmid-radfar-az225 + elhigh-radmid-az225,0.4563106769040653,0.6014351037560954,0.14512442685203014,2
overall,all,edges_az135_225,8,146,3,ellow-radmid-az225 + elmid-radfar-az135 + elhigh-radmid-az225,7,elhigh-radmid-az135,210,4,ellow-radmid-az225 + elmid-radfar-az135 + elhigh-radmid-az135 + elhigh-radmid-az225,0.4563106769040653,0.5783548574497737,0.12204418054570837,3
overall,all,edges_az135_225,8,146,3,ellow-radmid-az225 + elmid-radfar-az135 + elhigh-radmid-az225,4,elmid-radnear-az225,154,4,ellow-radmid-az225 + elmid-radnear-az225 + elmid-radfar-az135 + elhigh-radmid-az225,0.4563106769040653,0.5723223148682479,0.11601163796418262,4
overall,all,edges_az135_225,8,146,3,ellow-radmid-az225 + elmid-radfar-az135 + elhigh-radmid-az225,1,ellow-radmid-az135,147,4,ellow-radmid-az135 + ellow-radmid-az225 + elmid-radfar-az135 + elhigh-radmid-az225,0.4563106769040653,0.5652457461986036,0.10893506929453828,5
overall,all,edges_az135_225,8,148,3,elmid-radnear-az135 + elmid-radfar-az135 + elhigh-radmid-az225,6,elmid-radfar-az225,180,4,elmid-radnear-az135 + elmid-radfar-az135 + elmid-radfar-az225 + elhigh-radmid-az225,0.5287914098968438,0.661369528067438,0.13257811817059417,1
overall,all,edges_az135_225,8,148,3,elmid-radnear-az135 + elmid-radfar-az135 + elhigh-radmid-az225,7,elhigh-radmid-az135,212,4,elmid-radnear-az135 + elmid-radfar-az135 + elhigh-radmid-az135 + elhigh-radmid-az225,0.5287914098968438,0.6430817330038349,0.11429032310699105,2
overall,all,edges_az135_225,8,148,3,elmid-radnear-az135 + elmid-radfar-az135 + elhigh-radmid-az225,4,elmid-radnear-az225,156,4,elmid-radnear-az135 + elmid-radnear-az225 + elmid-radfar-az135 + elhigh-radmid-az225,0.5287914098968438,0.63921700963536,0.11042559973851618,3
overall,all,edges_az135_225,8,148,3,elmid-radnear-az135 + elmid-radfar-az135 + elhigh-radmid-az225,1,ellow-radmid-az135,149,4,ellow-radmid-az135 + elmid-radnear-az135 + elmid-radfar-az135 + elhigh-radmid-az225,0.5287914098968438,0.6259140650089945,0.09712265511215068,4
overall,all,edges_az135_225,8,148,3,elmid-radnear-az135 + elmid-radfar-az135 + elhigh-radmid-az225,2,ellow-radmid-az225,150,4,ellow-radmid-az225 + elmid-radnear-az135 + elmid-radfar-az135 + elhigh-radmid-az225,0.5287914098968438,0.6136334258358872,0.08484201593904339,5
overall,all,edges_az135_225,8,152,3,elmid-radnear-az225 + elmid-radfar-az135 + elhigh-radmid-az225,3,elmid-radnear-az135,156,4,elmid-radnear-az135 + elmid-radnear-az225 + elmid-radfar-az135 + elhigh-radmid-az225,0.4757778670730206,0.63921700963536,0.16343914256233938,1
overall,all,edges_az135_225,8,152,3,elmid-radnear-az225 + elmid-radfar-az135 + elhigh-radmid-az225,6,elmid-radfar-az225,184,4,elmid-radnear-az225 + elmid-radfar-az135 + elmid-radfar-az225 + elhigh-radmid-az225,0.4757778670730206,0.6098156294166911,0.13403776234367049,2
overall,all,edges_az135_225,8,152,3,elmid-radnear-az225 + elmid-radfar-az135 + elhigh-radmid-az225,1,ellow-radmid-az135,153,4,ellow-radmid-az135 + elmid-radnear-az225 + elmid-radfar-az135 + elhigh-radmid-az225,0.4757778670730206,0.5857284129144932,0.10995054584147257,3
overall,all,edges_az135_225,8,152,3,elmid-radnear-az225 + elmid-radfar-az135 + elhigh-radmid-az225,7,elhigh-radmid-az135,216,4,elmid-radnear-az225 + elmid-radfar-az135 + elhigh-radmid-az135 + elhigh-radmid-az225,0.4757778670730206,0.5786265493128185,0.10284868223979793,4
overall,all,edges_az135_225,8,152,3,elmid-radnear-az225 + elmid-radfar-az135 + elhigh-radmid-az225,2,ellow-radmid-az225,154,4,ellow-radmid-az225 + elmid-radnear-az225 + elmid-radfar-az135 + elhigh-radmid-az225,0.4757778670730206,0.5723223148682479,0.0965444477952273,5
overall,all,edges_az135_225,8,161,3,ellow-radmid-az135 + elmid-radfar-az225 + elhigh-radmid-az225,3,elmid-radnear-az135,165,4,ellow-radmid-az135 + elmid-radnear-az135 + elmid-radfar-az225 + elhigh-radmid-az225,0.531652254353698,0.6747156624502004,0.14306340809650242,1
overall,all,edges_az135_225,8,161,3,ellow-radmid-az135 + elmid-radfar-az225 + elhigh-radmid-az225,4,elmid-radnear-az225,169,4,ellow-radmid-az135 + elmid-radnear-az225 + elmid-radfar-az225 + elhigh-radmid-az225,0.531652254353698,0.6276984087369231,0.09604615438322506,2
overall,all,edges_az135_225,8,161,3,ellow-radmid-az135 + elmid-radfar-az225 + elhigh-radmid-az225,7,elhigh-radmid-az135,225,4,ellow-radmid-az135 + elmid-radfar-az225 + elhigh-radmid-az135 + elhigh-radmid-az225,0.531652254353698,0.6248185363827982,0.09316628202910016,3
overall,all,edges_az135_225,8,161,3,ellow-radmid-az135 + elmid-radfar-az225 + elhigh-radmid-az225,2,ellow-radmid-az225,163,4,ellow-radmid-az135 + ellow-radmid-az225 + elmid-radfar-az225 + elhigh-radmid-az225,0.531652254353698,0.6224978297331992,0.09084557537950122,4
overall,all,edges_az135_225,8,161,3,ellow-radmid-az135 + elmid-radfar-az225 + elhigh-radmid-az225,5,elmid-radfar-az135,177,4,ellow-radmid-az135 + elmid-radfar-az135 + elmid-radfar-az225 + elhigh-radmid-az225,0.531652254353698,0.6112500155502268,0.07959776119652884,5
overall,all,edges_az135_225,8,162,3,ellow-radmid-az225 + elmid-radfar-az225 + elhigh-radmid-az225,3,elmid-radnear-az135,166,4,ellow-radmid-az225 + elmid-radnear-az135 + elmid-radfar-az225 + elhigh-radmid-az225,0.5214161801271586,0.6831026392835389,0.16168645915638025,1
overall,all,edges_az135_225,8,162,3,ellow-radmid-az225 + elmid-radfar-az225 + elhigh-radmid-az225,1,ellow-radmid-az135,163,4,ellow-radmid-az135 + ellow-radmid-az225 + elmid-radfar-az225 + elhigh-radmid-az225,0.5214161801271586,0.6224978297331992,0.1010816496060406,2
overall,all,edges_az135_225,8,162,3,ellow-radmid-az225 + elmid-radfar-az225 + elhigh-radmid-az225,4,elmid-radnear-az225,170,4,ellow-radmid-az225 + elmid-radnear-az225 + elmid-radfar-az225 + elhigh-radmid-az225,0.5214161801271586,0.6169150219916011,0.09549884186444246,3
overall,all,edges_az135_225,8,162,3,ellow-radmid-az225 + elmid-radfar-az225 + elhigh-radmid-az225,7,elhigh-radmid-az135,226,4,ellow-radmid-az225 + elmid-radfar-az225 + elhigh-radmid-az135 + elhigh-radmid-az225,0.5214161801271586,0.6145654325555268,0.09314925242836813,4
overall,all,edges_az135_225,8,162,3,ellow-radmid-az225 + elmid-radfar-az225 + elhigh-radmid-az225,5,elmid-radfar-az135,178,4,ellow-radmid-az225 + elmid-radfar-az135 + elmid-radfar-az225 + elhigh-radmid-az225,0.5214161801271586,0.6014351037560954,0.08001892362893681,5
overall,all,edges_az135_225,8,164,3,elmid-radnear-az135 + elmid-radfar-az225 + elhigh-radmid-az225,2,ellow-radmid-az225,166,4,ellow-radmid-az225 + elmid-radnear-az135 + elmid-radfar-az225 + elhigh-radmid-az225,0.5887010671483895,0.6831026392835389,0.09440157213514933,1
overall,all,edges_az135_225,8,164,3,elmid-radnear-az135 + elmid-radfar-az225 + elhigh-radmid-az225,4,elmid-radnear-az225,172,4,elmid-radnear-az135 + elmid-radnear-az225 + elmid-radfar-az225 + elhigh-radmid-az225,0.5887010671483895,0.675915524557466,0.0872144574090764,2
overall,all,edges_az135_225,8,164,3,elmid-radnear-az135 + elmid-radfar-az225 + elhigh-radmid-az225,1,ellow-radmid-az135,165,4,ellow-radmid-az135 + elmid-radnear-az135 + elmid-radfar-az225 + elhigh-radmid-az225,0.5887010671483895,0.6747156624502004,0.08601459530181088,3
overall,all,edges_az135_225,8,164,3,elmid-radnear-az135 + elmid-radfar-az225 + elhigh-radmid-az225,7,elhigh-radmid-az135,228,4,elmid-radnear-az135 + elmid-radfar-az225 + elhigh-radmid-az135 + elhigh-radmid-az225,0.5887010671483895,0.6714735778183073,0.08277251066991775,4
overall,all,edges_az135_225,8,164,3,elmid-radnear-az135 + elmid-radfar-az225 + elhigh-radmid-az225,5,elmid-radfar-az135,180,4,elmid-radnear-az135 + elmid-radfar-az135 + elmid-radfar-az225 + elhigh-radmid-az225,0.5887010671483895,0.661369528067438,0.07266846091904844,5
overall,all,edges_az135_225,8,168,3,elmid-radnear-az225 + elmid-radfar-az225 + elhigh-radmid-az225,3,elmid-radnear-az135,172,4,elmid-radnear-az135 + elmid-radnear-az225 + elmid-radfar-az225 + elhigh-radmid-az225,0.5168696455934576,0.675915524557466,0.15904587896400835,1
overall,all,edges_az135_225,8,168,3,elmid-radnear-az225 + elmid-radfar-az225 + elhigh-radmid-az225,1,ellow-radmid-az135,169,4,ellow-radmid-az135 + elmid-radnear-az225 + elmid-radfar-az225 + elhigh-radmid-az225,0.5168696455934576,0.6276984087369231,0.11082876314346546,2
overall,all,edges_az135_225,8,168,3,elmid-radnear-az225 + elmid-radfar-az225 + elhigh-radmid-az225,2,ellow-radmid-az225,170,4,ellow-radmid-az225 + elmid-radnear-az225 + elmid-radfar-az225 + elhigh-radmid-az225,0.5168696455934576,0.6169150219916011,0.10004537639814348,3
overall,all,edges_az135_225,8,168,3,elmid-radnear-az225 + elmid-radfar-az225 + elhigh-radmid-az225,5,elmid-radfar-az135,184,4,elmid-radnear-az225 + elmid-radfar-az135 + elmid-radfar-az225 + elhigh-radmid-az225,0.5168696455934576,0.6098156294166911,0.09294598382323349,4
overall,all,edges_az135_225,8,168,3,elmid-radnear-az225 + elmid-radfar-az225 + elhigh-radmid-az225,7,elhigh-radmid-az135,232,4,elmid-radnear-az225 + elmid-radfar-az225 + elhigh-radmid-az135 + elhigh-radmid-az225,0.5168696455934576,0.6037649462458131,0.08689530065235551,5
overall,all,edges_az135_225,8,176,3,elmid-radfar-az135 + elmid-radfar-az225 + elhigh-radmid-az225,3,elmid-radnear-az135,180,4,elmid-radnear-az135 + elmid-radfar-az135 + elmid-radfar-az225 + elhigh-radmid-az225,0.5174022277458616,0.661369528067438,0.14396730032157634,1
overall,all,edges_az135_225,8,176,3,elmid-radfar-az135 + elmid-radfar-az225 + elhigh-radmid-az225,7,elhigh-radmid-az135,240,4,elmid-radfar-az135 + elmid-radfar-az225 + elhigh-radmid-az135 + elhigh-radmid-az225,0.5174022277458616,0.617646147920009,0.1002439201741474,2
overall,all,edges_az135_225,8,176,3,elmid-radfar-az135 + elmid-radfar-az225 + elhigh-radmid-az225,1,ellow-radmid-az135,177,4,ellow-radmid-az135 + elmid-radfar-az135 + elmid-radfar-az225 + elhigh-radmid-az225,0.5174022277458616,0.6112500155502268,0.0938477878043652,3
overall,all,edges_az135_225,8,176,3,elmid-radfar-az135 + elmid-radfar-az225 + elhigh-radmid-az225,4,elmid-radnear-az225,184,4,elmid-radnear-az225 + elmid-radfar-az135 + elmid-radfar-az225 + elhigh-radmid-az225,0.5174022277458616,0.6098156294166911,0.09241340167082945,4
overall,all,edges_az135_225,8,176,3,elmid-radfar-az135 + elmid-radfar-az225 + elhigh-radmid-az225,2,ellow-radmid-az225,178,4,ellow-radmid-az225 + elmid-radfar-az135 + elmid-radfar-az225 + elhigh-radmid-az225,0.5174022277458616,0.6014351037560954,0.08403287601023379,5
overall,all,edges_az135_225,8,193,3,ellow-radmid-az135 + elhigh-radmid-az135 + elhigh-radmid-az225,3,elmid-radnear-az135,197,4,ellow-radmid-az135 + elmid-radnear-az135 + elhigh-radmid-az135 + elhigh-radmid-az225,0.49646293765341765,0.6495701637180453,0.15310722606462768,1
overall,all,edges_az135_225,8,193,3,ellow-radmid-az135 + elhigh-radmid-az135 + elhigh-radmid-az225,6,elmid-radfar-az225,225,4,ellow-radmid-az135 + elmid-radfar-az225 + elhigh-radmid-az135 + elhigh-radmid-az225,0.49646293765341765,0.6248185363827982,0.12835559872938052,2
overall,all,edges_az135_225,8,193,3,ellow-radmid-az135 + elhigh-radmid-az135 + elhigh-radmid-az225,2,ellow-radmid-az225,195,4,ellow-radmid-az135 + ellow-radmid-az225 + elhigh-radmid-az135 + elhigh-radmid-az225,0.49646293765341765,0.5956897924680392,0.09922685481462157,3
overall,all,edges_az135_225,8,193,3,ellow-radmid-az135 + elhigh-radmid-az135 + elhigh-radmid-az225,5,elmid-radfar-az135,209,4,ellow-radmid-az135 + elmid-radfar-az135 + elhigh-radmid-az135 + elhigh-radmid-az225,0.49646293765341765,0.5915209260228577,0.09505798836944002,4
overall,all,edges_az135_225,8,193,3,ellow-radmid-az135 + elhigh-radmid-az135 + elhigh-radmid-az225,4,elmid-radnear-az225,201,4,ellow-radmid-az135 + elmid-radnear-az225 + elhigh-radmid-az135 + elhigh-radmid-az225,0.49646293765341765,0.5896932514207639,0.09323031376734625,5
overall,all,edges_az135_225,8,194,3,ellow-radmid-az225 + elhigh-radmid-az135 + elhigh-radmid-az225,3,elmid-radnear-az135,198,4,ellow-radmid-az225 + elmid-radnear-az135 + elhigh-radmid-az135 + elhigh-radmid-az225,0.4915663287188081,0.6550245215593763,0.16345819284056817,1
overall,all,edges_az135_225,8,194,3,ellow-radmid-az225 + elhigh-radmid-az135 + elhigh-radmid-az225,6,elmid-radfar-az225,226,4,ellow-radmid-az225 + elmid-radfar-az225 + elhigh-radmid-az135 + elhigh-radmid-az225,0.4915663287188081,0.6145654325555268,0.12299910383671864,2
overall,all,edges_az135_225,8,194,3,ellow-radmid-az225 + elhigh-radmid-az135 + elhigh-radmid-az225,1,ellow-radmid-az135,195,4,ellow-radmid-az135 + ellow-radmid-az225 + elhigh-radmid-az135 + elhigh-radmid-az225,0.4915663287188081,0.5956897924680392,0.1041234637492311,3
overall,all,edges_az135_225,8,194,3,ellow-radmid-az225 + elhigh-radmid-az135 + elhigh-radmid-az225,4,elmid-radnear-az225,202,4,ellow-radmid-az225 + elmid-radnear-az225 + elhigh-radmid-az135 + elhigh-radmid-az225,0.4915663287188081,0.5785123483002925,0.0869460195814844,4
overall,all,edges_az135_225,8,194,3,ellow-radmid-az225 + elhigh-radmid-az135 + elhigh-radmid-az225,5,elmid-radfar-az135,210,4,ellow-radmid-az225 + elmid-radfar-az135 + elhigh-radmid-az135 + elhigh-radmid-az225,0.4915663287188081,0.5783548574497737,0.08678852873096554,5
overall,all,edges_az135_225,8,196,3,elmid-radnear-az135 + elhigh-radmid-az135 + elhigh-radmid-az225,6,elmid-radfar-az225,228,4,elmid-radnear-az135 + elmid-radfar-az225 + elhigh-radmid-az135 + elhigh-radmid-az225,0.554694930949415,0.6714735778183073,0.11677864686889228,1
overall,all,edges_az135_225,8,196,3,elmid-radnear-az135 + elhigh-radmid-az135 + elhigh-radmid-az225,2,ellow-radmid-az225,198,4,ellow-radmid-az225 + elmid-radnear-az135 + elhigh-radmid-az135 + elhigh-radmid-az225,0.554694930949415,0.6550245215593763,0.10032959060996127,2
overall,all,edges_az135_225,8,196,3,elmid-radnear-az135 + elhigh-radmid-az135 + elhigh-radmid-az225,1,ellow-radmid-az135,197,4,ellow-radmid-az135 + elmid-radnear-az135 + elhigh-radmid-az135 + elhigh-radmid-az225,0.554694930949415,0.6495701637180453,0.0948752327686303,3
overall,all,edges_az135_225,8,196,3,elmid-radnear-az135 + elhigh-radmid-az135 + elhigh-radmid-az225,5,elmid-radfar-az135,212,4,elmid-radnear-az135 + elmid-radfar-az135 + elhigh-radmid-az135 + elhigh-radmid-az225,0.554694930949415,0.6430817330038349,0.08838680205441984,4
overall,all,edges_az135_225,8,196,3,elmid-radnear-az135 + elhigh-radmid-az135 + elhigh-radmid-az225,4,elmid-radnear-az225,204,4,elmid-radnear-az135 + elmid-radnear-az225 + elhigh-radmid-az135 + elhigh-radmid-az225,0.554694930949415,0.6359783574614969,0.08128342651208187,5
overall,all,edges_az135_225,8,200,3,elmid-radnear-az225 + elhigh-radmid-az135 + elhigh-radmid-az225,3,elmid-radnear-az135,204,4,elmid-radnear-az135 + elmid-radnear-az225 + elhigh-radmid-az135 + elhigh-radmid-az225,0.47035211267061305,0.6359783574614969,0.16562624479088384,1
overall,all,edges_az135_225,8,200,3,elmid-radnear-az225 + elhigh-radmid-az135 + elhigh-radmid-az225,6,elmid-radfar-az225,232,4,elmid-radnear-az225 + elmid-radfar-az225 + elhigh-radmid-az135 + elhigh-radmid-az225,0.47035211267061305,0.6037649462458131,0.13341283357520006,2
overall,all,edges_az135_225,8,200,3,elmid-radnear-az225 + elhigh-radmid-az135 + elhigh-radmid-az225,1,ellow-radmid-az135,201,4,ellow-radmid-az135 + elmid-radnear-az225 + elhigh-radmid-az135 + elhigh-radmid-az225,0.47035211267061305,0.5896932514207639,0.11934113875015084,3
overall,all,edges_az135_225,8,200,3,elmid-radnear-az225 + elhigh-radmid-az135 + elhigh-radmid-az225,5,elmid-radfar-az135,216,4,elmid-radnear-az225 + elmid-radfar-az135 + elhigh-radmid-az135 + elhigh-radmid-az225,0.47035211267061305,0.5786265493128185,0.10827443664220548,4
overall,all,edges_az135_225,8,200,3,elmid-radnear-az225 + elhigh-radmid-az135 + elhigh-radmid-az225,2,ellow-radmid-az225,202,4,ellow-radmid-az225 + elmid-radnear-az225 + elhigh-radmid-az135 + elhigh-radmid-az225,0.47035211267061305,0.5785123483002925,0.10816023562967947,5
overall,all,edges_az135_225,8,208,3,elmid-radfar-az135 + elhigh-radmid-az135 + elhigh-radmid-az225,3,elmid-radnear-az135,212,4,elmid-radnear-az135 + elmid-radfar-az135 + elhigh-radmid-az135 + elhigh-radmid-az225,0.4921999982351025,0.6430817330038349,0.15088173476873235,1
overall,all,edges_az135_225,8,208,3,elmid-radfar-az135 + elhigh-radmid-az135 + elhigh-radmid-az225,6,elmid-radfar-az225,240,4,elmid-radfar-az135 + elmid-radfar-az225 + elhigh-radmid-az135 + elhigh-radmid-az225,0.4921999982351025,0.617646147920009,0.12544614968490653,2
overall,all,edges_az135_225,8,208,3,elmid-radfar-az135 + elhigh-radmid-az135 + elhigh-radmid-az225,1,ellow-radmid-az135,209,4,ellow-radmid-az135 + elmid-radfar-az135 + elhigh-radmid-az135 + elhigh-radmid-az225,0.4921999982351025,0.5915209260228577,0.09932092778775514,3
overall,all,edges_az135_225,8,208,3,elmid-radfar-az135 + elhigh-radmid-az135 + elhigh-radmid-az225,4,elmid-radnear-az225,216,4,elmid-radnear-az225 + elmid-radfar-az135 + elhigh-radmid-az135 + elhigh-radmid-az225,0.4921999982351025,0.5786265493128185,0.08642655107771602,4
overall,all,edges_az135_225,8,208,3,elmid-radfar-az135 + elhigh-radmid-az135 + elhigh-radmid-az225,2,ellow-radmid-az225,210,4,ellow-radmid-az225 + elmid-radfar-az135 + elhigh-radmid-az135 + elhigh-radmid-az225,0.4921999982351025,0.5783548574497737,0.08615485921467114,5
overall,all,edges_az135_225,8,224,3,elmid-radfar-az225 + elhigh-radmid-az135 + elhigh-radmid-az225,3,elmid-radnear-az135,228,4,elmid-radnear-az135 + elmid-radfar-az225 + elhigh-radmid-az135 + elhigh-radmid-az225,0.5249094583590914,0.6714735778183073,0.14656411945921588,1
overall,all,edges_az135_225,8,224,3,elmid-radfar-az225 + elhigh-radmid-az135 + elhigh-radmid-az225,1,ellow-radmid-az135,225,4,ellow-radmid-az135 + elmid-radfar-az225 + elhigh-radmid-az135 + elhigh-radmid-az225,0.5249094583590914,0.6248185363827982,0.09990907802370674,2
overall,all,edges_az135_225,8,224,3,elmid-radfar-az225 + elhigh-radmid-az135 + elhigh-radmid-az225,5,elmid-radfar-az135,240,4,elmid-radfar-az135 + elmid-radfar-az225 + elhigh-radmid-az135 + elhigh-radmid-az225,0.5249094583590914,0.617646147920009,0.09273668956091763,3
overall,all,edges_az135_225,8,224,3,elmid-radfar-az225 + elhigh-radmid-az135 + elhigh-radmid-az225,2,ellow-radmid-az225,226,4,ellow-radmid-az225 + elmid-radfar-az225 + elhigh-radmid-az135 + elhigh-radmid-az225,0.5249094583590914,0.6145654325555268,0.08965597419643534,4
overall,all,edges_az135_225,8,224,3,elmid-radfar-az225 + elhigh-radmid-az135 + elhigh-radmid-az225,4,elmid-radnear-az225,232,4,elmid-radnear-az225 + elmid-radfar-az225 + elhigh-radmid-az135 + elhigh-radmid-az225,0.5249094583590914,0.6037649462458131,0.0788554878867217,5
overall,all,edges_az135_225,8,15,4,ellow-radmid-az135 + ellow-radmid-az225 + elmid-radnear-az135 + elmid-radnear-az225,8,elhigh-radmid-az225,143,5,ellow-radmid-az135 + ellow-radmid-az225 + elmid-radnear-az135 + elmid-radnear-az225 + elhigh-radmid-az225,0.6198314912256603,0.74123329591038,0.12140180468471973,1
overall,all,edges_az135_225,8,15,4,ellow-radmid-az135 + ellow-radmid-az225 + elmid-radnear-az135 + elmid-radnear-az225,6,elmid-radfar-az225,47,5,ellow-radmid-az135 + ellow-radmid-az225 + elmid-radnear-az135 + elmid-radnear-az225 + elmid-radfar-az225,0.6198314912256603,0.722718653039708,0.10288716181404767,2
overall,all,edges_az135_225,8,15,4,ellow-radmid-az135 + ellow-radmid-az225 + elmid-radnear-az135 + elmid-radnear-az225,5,elmid-radfar-az135,31,5,ellow-radmid-az135 + ellow-radmid-az225 + elmid-radnear-az135 + elmid-radnear-az225 + elmid-radfar-az135,0.6198314912256603,0.7003481537722358,0.08051666254657552,3
overall,all,edges_az135_225,8,15,4,ellow-radmid-az135 + ellow-radmid-az225 + elmid-radnear-az135 + elmid-radnear-az225,7,elhigh-radmid-az135,79,5,ellow-radmid-az135 + ellow-radmid-az225 + elmid-radnear-az135 + elmid-radnear-az225 + elhigh-radmid-az135,0.6198314912256603,0.697799936262764,0.07796844503710376,4
overall,all,edges_az135_225,8,23,4,ellow-radmid-az135 + ellow-radmid-az225 + elmid-radnear-az135 + elmid-radfar-az135,8,elhigh-radmid-az225,151,5,ellow-radmid-az135 + ellow-radmid-az225 + elmid-radnear-az135 + elmid-radfar-az135 + elhigh-radmid-az225,0.5952316633350033,0.7038327864643755,0.1086011231293722,1
overall,all,edges_az135_225,8,23,4,ellow-radmid-az135 + ellow-radmid-az225 + elmid-radnear-az135 + elmid-radfar-az135,4,elmid-radnear-az225,31,5,ellow-radmid-az135 + ellow-radmid-az225 + elmid-radnear-az135 + elmid-radnear-az225 + elmid-radfar-az135,0.5952316633350033,0.7003481537722358,0.10511649043723248,2
overall,all,edges_az135_225,8,23,4,ellow-radmid-az135 + ellow-radmid-az225 + elmid-radnear-az135 + elmid-radfar-az135,7,elhigh-radmid-az135,87,5,ellow-radmid-az135 + ellow-radmid-az225 + elmid-radnear-az135 + elmid-radfar-az135 + elhigh-radmid-az135,0.5952316633350033,0.6976557862941309,0.10242412295912762,3
overall,all,edges_az135_225,8,23,4,ellow-radmid-az135 + ellow-radmid-az225 + elmid-radnear-az135 + elmid-radfar-az135,6,elmid-radfar-az225,55,5,ellow-radmid-az135 + ellow-radmid-az225 + elmid-radnear-az135 + elmid-radfar-az135 + elmid-radfar-az225,0.5952316633350033,0.6940012445786784,0.09876958124367508,4
overall,all,edges_az135_225,8,27,4,ellow-radmid-az135 + ellow-radmid-az225 + elmid-radnear-az225 + elmid-radfar-az135,3,elmid-radnear-az135,31,5,ellow-radmid-az135 + ellow-radmid-az225 + elmid-radnear-az135 + elmid-radnear-az225 + elmid-radfar-az135,0.5544424237435932,0.7003481537722358,0.1459057300286426,1
overall,all,edges_az135_225,8,27,4,ellow-radmid-az135 + ellow-radmid-az225 + elmid-radnear-az225 + elmid-radfar-az135,8,elhigh-radmid-az225,155,5,ellow-radmid-az135 + ellow-radmid-az225 + elmid-radnear-az225 + elmid-radfar-az135 + elhigh-radmid-az225,0.5544424237435932,0.6753495662260581,0.12090714248246492,2
overall,all,edges_az135_225,8,27,4,ellow-radmid-az135 + ellow-radmid-az225 + elmid-radnear-az225 + elmid-radfar-az135,6,elmid-radfar-az225,59,5,ellow-radmid-az135 + ellow-radmid-az225 + elmid-radnear-az225 + elmid-radfar-az135 + elmid-radfar-az225,0.5544424237435932,0.6484003759269854,0.0939579521833922,3
overall,all,edges_az135_225,8,27,4,ellow-radmid-az135 + ellow-radmid-az225 + elmid-radnear-az225 + elmid-radfar-az135,7,elhigh-radmid-az135,91,5,ellow-radmid-az135 + ellow-radmid-az225 + elmid-radnear-az225 + elmid-radfar-az135 + elhigh-radmid-az135,0.5544424237435932,0.6400594231136559,0.08561699937006273,4
overall,all,edges_az135_225,8,29,4,ellow-radmid-az135 + elmid-radnear-az135 + elmid-radnear-az225 + elmid-radfar-az135,8,elhigh-radmid-az225,157,5,ellow-radmid-az135 + elmid-radnear-az135 + elmid-radnear-az225 + elmid-radfar-az135 + elhigh-radmid-az225,0.6159140604611612,0.7304318468107824,0.11451778634962129,1
overall,all,edges_az135_225,8,29,4,ellow-radmid-az135 + elmid-radnear-az135 + elmid-radnear-az225 + elmid-radfar-az135,6,elmid-radfar-az225,61,5,ellow-radmid-az135 + elmid-radnear-az135 + elmid-radnear-az225 + elmid-radfar-az135 + elmid-radfar-az225,0.6159140604611612,0.703438363833992,0.0875243033728309,2
overall,all,edges_az135_225,8,29,4,ellow-radmid-az135 + elmid-radnear-az135 + elmid-radnear-az225 + elmid-radfar-az135,2,ellow-radmid-az225,31,5,ellow-radmid-az135 + ellow-radmid-az225 + elmid-radnear-az135 + elmid-radnear-az225 + elmid-radfar-az135,0.6159140604611612,0.7003481537722358,0.08443409331107465,3
overall,all,edges_az135_225,8,29,4,ellow-radmid-az135 + elmid-radnear-az135 + elmid-radnear-az225 + elmid-radfar-az135,7,elhigh-radmid-az135,93,5,ellow-radmid-az135 + elmid-radnear-az135 + elmid-radnear-az225 + elmid-radfar-az135 + elhigh-radmid-az135,0.6159140604611612,0.6947929496214371,0.07887888916027597,4
overall,all,edges_az135_225,8,30,4,ellow-radmid-az225 + elmid-radnear-az135 + elmid-radnear-az225 + elmid-radfar-az135,8,elhigh-radmid-az225,158,5,ellow-radmid-az225 + elmid-radnear-az135 + elmid-radnear-az225 + elmid-radfar-az135 + elhigh-radmid-az225,0.6085964283800256,0.7176170256064901,0.10902059722646451,1
overall,all,edges_az135_225,8,30,4,ellow-radmid-az225 + elmid-radnear-az135 + elmid-radnear-az225 + elmid-radfar-az135,1,ellow-radmid-az135,31,5,ellow-radmid-az135 + ellow-radmid-az225 + elmid-radnear-az135 + elmid-radnear-az225 + elmid-radfar-az135,0.6085964283800256,0.7003481537722358,0.09175172539221021,2
overall,all,edges_az135_225,8,30,4,ellow-radmid-az225 + elmid-radnear-az135 + elmid-radnear-az225 + elmid-radfar-az135,6,elmid-radfar-az225,62,5,ellow-radmid-az225 + elmid-radnear-az135 + elmid-radnear-az225 + elmid-radfar-az135 + elmid-radfar-az225,0.6085964283800256,0.6993363057078941,0.09073987732786848,3
overall,all,edges_az135_225,8,30,4,ellow-radmid-az225 + elmid-radnear-az135 + elmid-radnear-az225 + elmid-radfar-az135,7,elhigh-radmid-az135,94,5,ellow-radmid-az225 + elmid-radnear-az135 + elmid-radnear-az225 + elmid-radfar-az135 + elhigh-radmid-az135,0.6085964283800256,0.6909642453522752,0.0823678169722496,4
overall,all,edges_az135_225,8,39,4,ellow-radmid-az135 + ellow-radmid-az225 + elmid-radnear-az135 + elmid-radfar-az225,8,elhigh-radmid-az225,167,5,ellow-radmid-az135 + ellow-radmid-az225 + elmid-radnear-az135 + elmid-radfar-az225 + elhigh-radmid-az225,0.6408133049056877,0.7534623031111966,0.11264899820550889,1
overall,all,edges_az135_225,8,39,4,ellow-radmid-az135 + ellow-radmid-az225 + elmid-radnear-az135 + elmid-radfar-az225,4,elmid-radnear-az225,47,5,ellow-radmid-az135 + ellow-radmid-az225 + elmid-radnear-az135 + elmid-radnear-az225 + elmid-radfar-az225,0.6408133049056877,0.722718653039708,0.08190534813402028,2
overall,all,edges_az135_225,8,39,4,ellow-radmid-az135 + ellow-radmid-az225 + elmid-radnear-az135 + elmid-radfar-az225,7,elhigh-radmid-az135,103,5,ellow-radmid-az135 + ellow-radmid-az225 + elmid-radnear-az135 + elmid-radfar-az225 + elhigh-radmid-az135,0.6408133049056877,0.7167836096919975,0.07597030478630984,3
overall,all,edges_az135_225,8,39,4,ellow-radmid-az135 + ellow-radmid-az225 + elmid-radnear-az135 + elmid-radfar-az225,5,elmid-radfar-az135,55,5,ellow-radmid-az135 + ellow-radmid-az225 + elmid-radnear-az135 + elmid-radfar-az135 + elmid-radfar-az225,0.6408133049056877,0.6940012445786784,0.053187939672990736,4
overall,all,edges_az135_225,8,43,4,ellow-radmid-az135 + ellow-radmid-az225 + elmid-radnear-az225 + elmid-radfar-az225,3,elmid-radnear-az135,47,5,ellow-radmid-az135 + ellow-radmid-az225 + elmid-radnear-az135 + elmid-radnear-az225 + elmid-radfar-az225,0.5749400645676532,0.722718653039708,0.14777858847205472,1
overall,all,edges_az135_225,8,43,4,ellow-radmid-az135 + ellow-radmid-az225 + elmid-radnear-az225 + elmid-radfar-az225,8,elhigh-radmid-az225,171,5,ellow-radmid-az135 + ellow-radmid-az225 + elmid-radnear-az225 + elmid-radfar-az225 + elhigh-radmid-az225,0.5749400645676532,0.7120888536609135,0.13714878909326023,2
overall,all,edges_az135_225,8,43,4,ellow-radmid-az135 + ellow-radmid-az225 + elmid-radnear-az225 + elmid-radfar-az225,5,elmid-radfar-az135,59,5,ellow-radmid-az135 + ellow-radmid-az225 + elmid-radnear-az225 + elmid-radfar-az135 + elmid-radfar-az225,0.5749400645676532,0.6484003759269854,0.07346031135933218,3
overall,all,edges_az135_225,8,43,4,ellow-radmid-az135 + ellow-radmid-az225 + elmid-radnear-az225 + elmid-radfar-az225,7,elhigh-radmid-az135,107,5,ellow-radmid-az135 + ellow-radmid-az225 + elmid-radnear-az225 + elmid-radfar-az225 + elhigh-radmid-az135,0.5749400645676532,0.6443136152842324,0.06937355071657914,4
overall,all,edges_az135_225,8,45,4,ellow-radmid-az135 + elmid-radnear-az135 + elmid-radnear-az225 + elmid-radfar-az225,8,elhigh-radmid-az225,173,5,ellow-radmid-az135 + elmid-radnear-az135 + elmid-radnear-az225 + elmid-radfar-az225 + elhigh-radmid-az225,0.6433594847618171,0.7560223019225486,0.11266281716073145,1
overall,all,edges_az135_225,8,45,4,ellow-radmid-az135 + elmid-radnear-az135 + elmid-radnear-az225 + elmid-radfar-az225,2,ellow-radmid-az225,47,5,ellow-radmid-az135 + ellow-radmid-az225 + elmid-radnear-az135 + elmid-radnear-az225 + elmid-radfar-az225,0.6433594847618171,0.722718653039708,0.0793591682778908,2
overall,all,edges_az135_225,8,45,4,ellow-radmid-az135 + elmid-radnear-az135 + elmid-radnear-az225 + elmid-radfar-az225,7,elhigh-radmid-az135,109,5,ellow-radmid-az135 + elmid-radnear-az135 + elmid-radnear-az225 + elmid-radfar-az225 + elhigh-radmid-az135,0.6433594847618171,0.7108414668098244,0.06748198204800726,3
overall,all,edges_az135_225,8,45,4,ellow-radmid-az135 + elmid-radnear-az135 + elmid-radnear-az225 + elmid-radfar-az225,5,elmid-radfar-az135,61,5,ellow-radmid-az135 + elmid-radnear-az135 + elmid-radnear-az225 + elmid-radfar-az135 + elmid-radfar-az225,0.6433594847618171,0.703438363833992,0.06007887907217491,4
overall,all,edges_az135_225,8,46,4,ellow-radmid-az225 + elmid-radnear-az135 + elmid-radnear-az225 + elmid-radfar-az225,8,elhigh-radmid-az225,174,5,ellow-radmid-az225 + elmid-radnear-az135 + elmid-radnear-az225 + elmid-radfar-az225 + elhigh-radmid-az225,0.648143344802196,0.7638750912969234,0.1157317464947274,1
overall,all,edges_az135_225,8,46,4,ellow-radmid-az225 + elmid-radnear-az135 + elmid-radnear-az225 + elmid-radfar-az225,1,ellow-radmid-az135,47,5,ellow-radmid-az135 + ellow-radmid-az225 + elmid-radnear-az135 + elmid-radnear-az225 + elmid-radfar-az225,0.648143344802196,0.722718653039708,0.0745753082375119,2
overall,all,edges_az135_225,8,46,4,ellow-radmid-az225 + elmid-radnear-az135 + elmid-radnear-az225 + elmid-radfar-az225,7,elhigh-radmid-az135,110,5,ellow-radmid-az225 + elmid-radnear-az135 + elmid-radnear-az225 + elmid-radfar-az225 + elhigh-radmid-az135,0.648143344802196,0.7140502603979212,0.06590691559572515,3
overall,all,edges_az135_225,8,46,4,ellow-radmid-az225 + elmid-radnear-az135 + elmid-radnear-az225 + elmid-radfar-az225,5,elmid-radfar-az135,62,5,ellow-radmid-az225 + elmid-radnear-az135 + elmid-radnear-az225 + elmid-radfar-az135 + elmid-radfar-az225,0.648143344802196,0.6993363057078941,0.051192960905698026,4
overall,all,edges_az135_225,8,51,4,ellow-radmid-az135 + ellow-radmid-az225 + elmid-radfar-az135 + elmid-radfar-az225,3,elmid-radnear-az135,55,5,ellow-radmid-az135 + ellow-radmid-az225 + elmid-radnear-az135 + elmid-radfar-az135 + elmid-radfar-az225,0.5612854458888543,0.6940012445786784,0.13271579868982408,1
overall,all,edges_az135_225,8,51,4,ellow-radmid-az135 + ellow-radmid-az225 + elmid-radfar-az135 + elmid-radfar-az225,8,elhigh-radmid-az225,179,5,ellow-radmid-az135 + ellow-radmid-az225 + elmid-radfar-az135 + elmid-radfar-az225 + elhigh-radmid-az225,0.5612854458888543,0.6883595970767983,0.12707415118794396,2
overall,all,edges_az135_225,8,51,4,ellow-radmid-az135 + ellow-radmid-az225 + elmid-radfar-az135 + elmid-radfar-az225,4,elmid-radnear-az225,59,5,ellow-radmid-az135 + ellow-radmid-az225 + elmid-radnear-az225 + elmid-radfar-az135 + elmid-radfar-az225,0.5612854458888543,0.6484003759269854,0.08711493003813109,3
overall,all,edges_az135_225,8,51,4,ellow-radmid-az135 + ellow-radmid-az225 + elmid-radfar-az135 + elmid-radfar-az225,7,elhigh-radmid-az135,115,5,ellow-radmid-az135 + ellow-radmid-az225 + elmid-radfar-az135 + elmid-radfar-az225 + elhigh-radmid-az135,0.5612854458888543,0.6447754955408568,0.08349004965200246,4
overall,all,edges_az135_225,8,53,4,ellow-radmid-az135 + elmid-radnear-az135 + elmid-radfar-az135 + elmid-radfar-az225,8,elhigh-radmid-az225,181,5,ellow-radmid-az135 + elmid-radnear-az135 + elmid-radfar-az135 + elmid-radfar-az225 + elhigh-radmid-az225,0.6219201248953131,0.7364816072057532,0.11456148231044005,1
overall,all,edges_az135_225,8,53,4,ellow-radmid-az135 + elmid-radnear-az135 + elmid-radfar-az135 + elmid-radfar-az225,7,elhigh-radmid-az135,117,5,ellow-radmid-az135 + elmid-radnear-az135 + elmid-radfar-az135 + elmid-radfar-az225 + elhigh-radmid-az135,0.6219201248953131,0.7043931047989959,0.08247297990368274,2
overall,all,edges_az135_225,8,53,4,ellow-radmid-az135 + elmid-radnear-az135 + elmid-radfar-az135 + elmid-radfar-az225,4,elmid-radnear-az225,61,5,ellow-radmid-az135 + elmid-radnear-az135 + elmid-radnear-az225 + elmid-radfar-az135 + elmid-radfar-az225,0.6219201248953131,0.703438363833992,0.08151823893867893,3
overall,all,edges_az135_225,8,53,4,ellow-radmid-az135 + elmid-radnear-az135 + elmid-radfar-az135 + elmid-radfar-az225,2,ellow-radmid-az225,55,5,ellow-radmid-az135 + ellow-radmid-az225 + elmid-radnear-az135 + elmid-radfar-az135 + elmid-radfar-az225,0.6219201248953131,0.6940012445786784,0.07208111968336528,4
overall,all,edges_az135_225,8,54,4,ellow-radmid-az225 + elmid-radnear-az135 + elmid-radfar-az135 + elmid-radfar-az225,8,elhigh-radmid-az225,182,5,ellow-radmid-az225 + elmid-radnear-az135 + elmid-radfar-az135 + elmid-radfar-az225 + elhigh-radmid-az225,0.6126648850184405,0.7335290140229644,0.12086412900452392,1
overall,all,edges_az135_225,8,54,4,ellow-radmid-az225 + elmid-radnear-az135 + elmid-radfar-az135 + elmid-radfar-az225,7,elhigh-radmid-az135,118,5,ellow-radmid-az225 + elmid-radnear-az135 + elmid-radfar-az135 + elmid-radfar-az225 + elhigh-radmid-az135,0.6126648850184405,0.7043496868736566,0.0916848018552161,2
overall,all,edges_az135_225,8,54,4,ellow-radmid-az225 + elmid-radnear-az135 + elmid-radfar-az135 + elmid-radfar-az225,4,elmid-radnear-az225,62,5,ellow-radmid-az225 + elmid-radnear-az135 + elmid-radnear-az225 + elmid-radfar-az135 + elmid-radfar-az225,0.6126648850184405,0.6993363057078941,0.08667142068945355,3
overall,all,edges_az135_225,8,54,4,ellow-radmid-az225 + elmid-radnear-az135 + elmid-radfar-az135 + elmid-radfar-az225,1,ellow-radmid-az135,55,5,ellow-radmid-az135 + ellow-radmid-az225 + elmid-radnear-az135 + elmid-radfar-az135 + elmid-radfar-az225,0.6126648850184405,0.6940012445786784,0.08133635956023788,4
overall,all,edges_az135_225,8,57,4,ellow-radmid-az135 + elmid-radnear-az225 + elmid-radfar-az135 + elmid-radfar-az225,3,elmid-radnear-az135,61,5,ellow-radmid-az135 + elmid-radnear-az135 + elmid-radnear-az225 + elmid-radfar-az135 + elmid-radfar-az225,0.5588336047339761,0.703438363833992,0.1446047591000159,1
overall,all,edges_az135_225,8,57,4,ellow-radmid-az135 + elmid-radnear-az225 + elmid-radfar-az135 + elmid-radfar-az225,8,elhigh-radmid-az225,185,5,ellow-radmid-az135 + elmid-radnear-az225 + elmid-radfar-az135 + elmid-radfar-az225 + elhigh-radmid-az225,0.5588336047339761,0.6977555992843281,0.13892199455035192,2
overall,all,edges_az135_225,8,57,4,ellow-radmid-az135 + elmid-radnear-az225 + elmid-radfar-az135 + elmid-radfar-az225,7,elhigh-radmid-az135,121,5,ellow-radmid-az135 + elmid-radnear-az225 + elmid-radfar-az135 + elmid-radfar-az225 + elhigh-radmid-az135,0.5588336047339761,0.6495880405573198,0.09075443582334364,3
overall,all,edges_az135_225,8,57,4,ellow-radmid-az135 + elmid-radnear-az225 + elmid-radfar-az135 + elmid-radfar-az225,2,ellow-radmid-az225,59,5,ellow-radmid-az135 + ellow-radmid-az225 + elmid-radnear-az225 + elmid-radfar-az135 + elmid-radfar-az225,0.5588336047339761,0.6484003759269854,0.08956677119300926,4
overall,all,edges_az135_225,8,58,4,ellow-radmid-az225 + elmid-radnear-az225 + elmid-radfar-az135 + elmid-radfar-az225,3,elmid-radnear-az135,62,5,ellow-radmid-az225 + elmid-radnear-az135 + elmid-radnear-az225 + elmid-radfar-az135 + elmid-radfar-az225,0.5535695182906116,0.6993363057078941,0.14576678741728244,1
overall,all,edges_az135_225,8,58,4,ellow-radmid-az225 + elmid-radnear-az225 + elmid-radfar-az135 + elmid-radfar-az225,8,elhigh-radmid-az225,186,5,ellow-radmid-az225 + elmid-radnear-az225 + elmid-radfar-az135 + elmid-radfar-az225 + elhigh-radmid-az225,0.5535695182906116,0.6874062498838132,0.13383673159320153,2
overall,all,edges_az135_225,8,58,4,ellow-radmid-az225 + elmid-radnear-az225 + elmid-radfar-az135 + elmid-radfar-az225,1,ellow-radmid-az135,59,5,ellow-radmid-az135 + ellow-radmid-az225 + elmid-radnear-az225 + elmid-radfar-az135 + elmid-radfar-az225,0.5535695182906116,0.6484003759269854,0.09483085763637378,3
overall,all,edges_az135_225,8,58,4,ellow-radmid-az225 + elmid-radnear-az225 + elmid-radfar-az135 + elmid-radfar-az225,7,elhigh-radmid-az135,122,5,ellow-radmid-az225 + elmid-radnear-az225 + elmid-radfar-az135 + elmid-radfar-az225 + elhigh-radmid-az135,0.5535695182906116,0.6272103765930519,0.07364085830244027,4
overall,all,edges_az135_225,8,60,4,elmid-radnear-az135 + elmid-radnear-az225 + elmid-radfar-az135 + elmid-radfar-az225,8,elhigh-radmid-az225,188,5,elmid-radnear-az135 + elmid-radnear-az225 + elmid-radfar-az135 + elmid-radfar-az225 + elhigh-radmid-az225,0.6267739199319549,0.7417548497018525,0.1149809297698976,1
overall,all,edges_az135_225,8,60,4,elmid-radnear-az135 + elmid-radnear-az225 + elmid-radfar-az135 + elmid-radfar-az225,1,ellow-radmid-az135,61,5,ellow-radmid-az135 + elmid-radnear-az135 + elmid-radnear-az225 + elmid-radfar-az135 + elmid-radfar-az225,0.6267739199319549,0.703438363833992,0.0766644439020372,2
overall,all,edges_az135_225,8,60,4,elmid-radnear-az135 + elmid-radnear-az225 + elmid-radfar-az135 + elmid-radfar-az225,7,elhigh-radmid-az135,124,5,elmid-radnear-az135 + elmid-radnear-az225 + elmid-radfar-az135 + elmid-radfar-az225 + elhigh-radmid-az135,0.6267739199319549,0.6994438610707342,0.07266994113877934,3
overall,all,edges_az135_225,8,60,4,elmid-radnear-az135 + elmid-radnear-az225 + elmid-radfar-az135 + elmid-radfar-az225,2,ellow-radmid-az225,62,5,ellow-radmid-az225 + elmid-radnear-az135 + elmid-radnear-az225 + elmid-radfar-az135 + elmid-radfar-az225,0.6267739199319549,0.6993363057078941,0.07256238577593921,4
overall,all,edges_az135_225,8,71,4,ellow-radmid-az135 + ellow-radmid-az225 + elmid-radnear-az135 + elhigh-radmid-az135,8,elhigh-radmid-az225,199,5,ellow-radmid-az135 + ellow-radmid-az225 + elmid-radnear-az135 + elhigh-radmid-az135 + elhigh-radmid-az225,0.6170498183322952,0.7342448228538536,0.1171950045215584,1
overall,all,edges_az135_225,8,71,4,ellow-radmid-az135 + ellow-radmid-az225 + elmid-radnear-az135 + elhigh-radmid-az135,6,elmid-radfar-az225,103,5,ellow-radmid-az135 + ellow-radmid-az225 + elmid-radnear-az135 + elmid-radfar-az225 + elhigh-radmid-az135,0.6170498183322952,0.7167836096919975,0.09973379135970228,2
overall,all,edges_az135_225,8,71,4,ellow-radmid-az135 + ellow-radmid-az225 + elmid-radnear-az135 + elhigh-radmid-az135,4,elmid-radnear-az225,79,5,ellow-radmid-az135 + ellow-radmid-az225 + elmid-radnear-az135 + elmid-radnear-az225 + elhigh-radmid-az135,0.6170498183322952,0.697799936262764,0.08075011793046882,3
overall,all,edges_az135_225,8,71,4,ellow-radmid-az135 + ellow-radmid-az225 + elmid-radnear-az135 + elhigh-radmid-az135,5,elmid-radfar-az135,87,5,ellow-radmid-az135 + ellow-radmid-az225 + elmid-radnear-az135 + elmid-radfar-az135 + elhigh-radmid-az135,0.6170498183322952,0.6976557862941309,0.08060596796183572,4
overall,all,edges_az135_225,8,75,4,ellow-radmid-az135 + ellow-radmid-az225 + elmid-radnear-az225 + elhigh-radmid-az135,3,elmid-radnear-az135,79,5,ellow-radmid-az135 + ellow-radmid-az225 + elmid-radnear-az135 + elmid-radnear-az225 + elhigh-radmid-az135,0.5399276677421022,0.697799936262764,0.15787226852066183,1
overall,all,edges_az135_225,8,75,4,ellow-radmid-az135 + ellow-radmid-az225 + elmid-radnear-az225 + elhigh-radmid-az135,8,elhigh-radmid-az225,203,5,ellow-radmid-az135 + ellow-radmid-az225 + elmid-radnear-az225 + elhigh-radmid-az135 + elhigh-radmid-az225,0.5399276677421022,0.68219855557629,0.14227088783418784,2
overall,all,edges_az135_225,8,75,4,ellow-radmid-az135 + ellow-radmid-az225 + elmid-radnear-az225 + elhigh-radmid-az135,6,elmid-radfar-az225,107,5,ellow-radmid-az135 + ellow-radmid-az225 + elmid-radnear-az225 + elmid-radfar-az225 + elhigh-radmid-az135,0.5399276677421022,0.6443136152842324,0.10438594754213015,3
overall,all,edges_az135_225,8,75,4,ellow-radmid-az135 + ellow-radmid-az225 + elmid-radnear-az225 + elhigh-radmid-az135,5,elmid-radfar-az135,91,5,ellow-radmid-az135 + ellow-radmid-az225 + elmid-radnear-az225 + elmid-radfar-az135 + elhigh-radmid-az135,0.5399276677421022,0.6400594231136559,0.10013175537155372,4
overall,all,edges_az135_225,8,77,4,ellow-radmid-az135 + elmid-radnear-az135 + elmid-radnear-az225 + elhigh-radmid-az135,8,elhigh-radmid-az225,205,5,ellow-radmid-az135 + elmid-radnear-az135 + elmid-radnear-az225 + elhigh-radmid-az135 + elhigh-radmid-az225,0.6045241145608298,0.7304163337568939,0.12589221919606408,1
overall,all,edges_az135_225,8,77,4,ellow-radmid-az135 + elmid-radnear-az135 + elmid-radnear-az225 + elhigh-radmid-az135,6,elmid-radfar-az225,109,5,ellow-radmid-az135 + elmid-radnear-az135 + elmid-radnear-az225 + elmid-radfar-az225 + elhigh-radmid-az135,0.6045241145608298,0.7108414668098244,0.10631735224899463,2
overall,all,edges_az135_225,8,77,4,ellow-radmid-az135 + elmid-radnear-az135 + elmid-radnear-az225 + elhigh-radmid-az135,2,ellow-radmid-az225,79,5,ellow-radmid-az135 + ellow-radmid-az225 + elmid-radnear-az135 + elmid-radnear-az225 + elhigh-radmid-az135,0.6045241145608298,0.697799936262764,0.09327582170193427,3
overall,all,edges_az135_225,8,77,4,ellow-radmid-az135 + elmid-radnear-az135 + elmid-radnear-az225 + elhigh-radmid-az135,5,elmid-radfar-az135,93,5,ellow-radmid-az135 + elmid-radnear-az135 + elmid-radnear-az225 + elmid-radfar-az135 + elhigh-radmid-az135,0.6045241145608298,0.6947929496214371,0.09026883506060734,4
overall,all,edges_az135_225,8,78,4,ellow-radmid-az225 + elmid-radnear-az135 + elmid-radnear-az225 + elhigh-radmid-az135,8,elhigh-radmid-az225,206,5,ellow-radmid-az225 + elmid-radnear-az135 + elmid-radnear-az225 + elhigh-radmid-az135 + elhigh-radmid-az225,0.608988363757001,0.7298581839095495,0.12086982015254844,1
overall,all,edges_az135_225,8,78,4,ellow-radmid-az225 + elmid-radnear-az135 + elmid-radnear-az225 + elhigh-radmid-az135,6,elmid-radfar-az225,110,5,ellow-radmid-az225 + elmid-radnear-az135 + elmid-radnear-az225 + elmid-radfar-az225 + elhigh-radmid-az135,0.608988363757001,0.7140502603979212,0.10506189664092014,2
overall,all,edges_az135_225,8,78,4,ellow-radmid-az225 + elmid-radnear-az135 + elmid-radnear-az225 + elhigh-radmid-az135,1,ellow-radmid-az135,79,5,ellow-radmid-az135 + ellow-radmid-az225 + elmid-radnear-az135 + elmid-radnear-az225 + elhigh-radmid-az135,0.608988363757001,0.697799936262764,0.08881157250576299,3
overall,all,edges_az135_225,8,78,4,ellow-radmid-az225 + elmid-radnear-az135 + elmid-radnear-az225 + elhigh-radmid-az135,5,elmid-radfar-az135,94,5,ellow-radmid-az225 + elmid-radnear-az135 + elmid-radnear-az225 + elmid-radfar-az135 + elhigh-radmid-az135,0.608988363757001,0.6909642453522752,0.08197588159527414,4
overall,all,edges_az135_225,8,83,4,ellow-radmid-az135 + ellow-radmid-az225 + elmid-radfar-az135 + elhigh-radmid-az135,3,elmid-radnear-az135,87,5,ellow-radmid-az135 + ellow-radmid-az225 + elmid-radnear-az135 + elmid-radfar-az135 + elhigh-radmid-az135,0.554155541732351,0.6976557862941309,0.1435002445617799,1
overall,all,edges_az135_225,8,83,4,ellow-radmid-az135 + ellow-radmid-az225 + elmid-radfar-az135 + elhigh-radmid-az135,8,elhigh-radmid-az225,211,5,ellow-radmid-az135 + ellow-radmid-az225 + elmid-radfar-az135 + elhigh-radmid-az135 + elhigh-radmid-az225,0.554155541732351,0.6707524907538662,0.11659694902151518,2
overall,all,edges_az135_225,8,83,4,ellow-radmid-az135 + ellow-radmid-az225 + elmid-radfar-az135 + elhigh-radmid-az135,6,elmid-radfar-az225,115,5,ellow-radmid-az135 + ellow-radmid-az225 + elmid-radfar-az135 + elmid-radfar-az225 + elhigh-radmid-az135,0.554155541732351,0.6447754955408568,0.09061995380850574,3
overall,all,edges_az135_225,8,83,4,ellow-radmid-az135 + ellow-radmid-az225 + elmid-radfar-az135 + elhigh-radmid-az135,4,elmid-radnear-az225,91,5,ellow-radmid-az135 + ellow-radmid-az225 + elmid-radnear-az225 + elmid-radfar-az135 + elhigh-radmid-az135,0.554155541732351,0.6400594231136559,0.08590388138130489,4
overall,all,edges_az135_225,8,85,4,ellow-radmid-az135 + elmid-radnear-az135 + elmid-radfar-az135 + elhigh-radmid-az135,8,elhigh-radmid-az225,213,5,ellow-radmid-az135 + elmid-radnear-az135 + elmid-radfar-az135 + elhigh-radmid-az135 + elhigh-radmid-az225,0.6139795720288675,0.7241317141188723,0.11015214209000479,1
overall,all,edges_az135_225,8,85,4,ellow-radmid-az135 + elmid-radnear-az135 + elmid-radfar-az135 + elhigh-radmid-az135,6,elmid-radfar-az225,117,5,ellow-radmid-az135 + elmid-radnear-az135 + elmid-radfar-az135 + elmid-radfar-az225 + elhigh-radmid-az135,0.6139795720288675,0.7043931047989959,0.09041353277012831,2
overall,all,edges_az135_225,8,85,4,ellow-radmid-az135 + elmid-radnear-az135 + elmid-radfar-az135 + elhigh-radmid-az135,2,ellow-radmid-az225,87,5,ellow-radmid-az135 + ellow-radmid-az225 + elmid-radnear-az135 + elmid-radfar-az135 + elhigh-radmid-az135,0.6139795720288675,0.6976557862941309,0.0836762142652634,3
overall,all,edges_az135_225,8,85,4,ellow-radmid-az135 + elmid-radnear-az135 + elmid-radfar-az135 + elhigh-radmid-az135,4,elmid-radnear-az225,93,5,ellow-radmid-az135 + elmid-radnear-az135 + elmid-radnear-az225 + elmid-radfar-az135 + elhigh-radmid-az135,0.6139795720288675,0.6947929496214371,0.08081337759256957,4
overall,all,edges_az135_225,8,86,4,ellow-radmid-az225 + elmid-radnear-az135 + elmid-radfar-az135 + elhigh-radmid-az135,8,elhigh-radmid-az225,214,5,ellow-radmid-az225 + elmid-radnear-az135 + elmid-radfar-az135 + elhigh-radmid-az135 + elhigh-radmid-az225,0.615982367645468,0.7208749123145216,0.10489254466905362,1
overall,all,edges_az135_225,8,86,4,ellow-radmid-az225 + elmid-radnear-az135 + elmid-radfar-az135 + elhigh-radmid-az135,6,elmid-radfar-az225,118,5,ellow-radmid-az225 + elmid-radnear-az135 + elmid-radfar-az135 + elmid-radfar-az225 + elhigh-radmid-az135,0.615982367645468,0.7043496868736566,0.08836731922818863,2
overall,all,edges_az135_225,8,86,4,ellow-radmid-az225 + elmid-radnear-az135 + elmid-radfar-az135 + elhigh-radmid-az135,1,ellow-radmid-az135,87,5,ellow-radmid-az135 + ellow-radmid-az225 + elmid-radnear-az135 + elmid-radfar-az135 + elhigh-radmid-az135,0.615982367645468,0.6976557862941309,0.08167341864866295,3
overall,all,edges_az135_225,8,86,4,ellow-radmid-az225 + elmid-radnear-az135 + elmid-radfar-az135 + elhigh-radmid-az135,4,elmid-radnear-az225,94,5,ellow-radmid-az225 + elmid-radnear-az135 + elmid-radnear-az225 + elmid-radfar-az135 + elhigh-radmid-az135,0.615982367645468,0.6909642453522752,0.0749818777068072,4
overall,all,edges_az135_225,8,89,4,ellow-radmid-az135 + elmid-radnear-az225 + elmid-radfar-az135 + elhigh-radmid-az135,3,elmid-radnear-az135,93,5,ellow-radmid-az135 + elmid-radnear-az135 + elmid-radnear-az225 + elmid-radfar-az135 + elhigh-radmid-az135,0.5484394425103382,0.6947929496214371,0.14635350711109896,1
overall,all,edges_az135_225,8,89,4,ellow-radmid-az135 + elmid-radnear-az225 + elmid-radfar-az135 + elhigh-radmid-az135,8,elhigh-radmid-az225,217,5,ellow-radmid-az135 + elmid-radnear-az225 + elmid-radfar-az135 + elhigh-radmid-az135 + elhigh-radmid-az225,0.5484394425103382,0.6775102206273402,0.12907077811700207,2
overall,all,edges_az135_225,8,89,4,ellow-radmid-az135 + elmid-radnear-az225 + elmid-radfar-az135 + elhigh-radmid-az135,6,elmid-radfar-az225,121,5,ellow-radmid-az135 + elmid-radnear-az225 + elmid-radfar-az135 + elmid-radfar-az225 + elhigh-radmid-az135,0.5484394425103382,0.6495880405573198,0.10114859804698162,3
overall,all,edges_az135_225,8,89,4,ellow-radmid-az135 + elmid-radnear-az225 + elmid-radfar-az135 + elhigh-radmid-az135,2,ellow-radmid-az225,91,5,ellow-radmid-az135 + ellow-radmid-az225 + elmid-radnear-az225 + elmid-radfar-az135 + elhigh-radmid-az135,0.5484394425103382,0.6400594231136559,0.09161998060331777,4
overall,all,edges_az135_225,8,90,4,ellow-radmid-az225 + elmid-radnear-az225 + elmid-radfar-az135 + elhigh-radmid-az135,3,elmid-radnear-az135,94,5,ellow-radmid-az225 + elmid-radnear-az135 + elmid-radnear-az225 + elmid-radfar-az135 + elhigh-radmid-az135,0.534379798692461,0.6909642453522752,0.1565844466598142,1
overall,all,edges_az135_225,8,90,4,ellow-radmid-az225 + elmid-radnear-az225 + elmid-radfar-az135 + elhigh-radmid-az135,8,elhigh-radmid-az225,218,5,ellow-radmid-az225 + elmid-radnear-az225 + elmid-radfar-az135 + elhigh-radmid-az135 + elhigh-radmid-az225,0.534379798692461,0.6583264644508269,0.12394666575836588,2
overall,all,edges_az135_225,8,90,4,ellow-radmid-az225 + elmid-radnear-az225 + elmid-radfar-az135 + elhigh-radmid-az135,1,ellow-radmid-az135,91,5,ellow-radmid-az135 + ellow-radmid-az225 + elmid-radnear-az225 + elmid-radfar-az135 + elhigh-radmid-az135,0.534379798692461,0.6400594231136559,0.10567962442119494,3
overall,all,edges_az135_225,8,90,4,ellow-radmid-az225 + elmid-radnear-az225 + elmid-radfar-az135 + elhigh-radmid-az135,6,elmid-radfar-az225,122,5,ellow-radmid-az225 + elmid-radnear-az225 + elmid-radfar-az135 + elmid-radfar-az225 + elhigh-radmid-az135,0.534379798692461,0.6272103765930519,0.0928305779005909,4
overall,all,edges_az135_225,8,92,4,elmid-radnear-az135 + elmid-radnear-az225 + elmid-radfar-az135 + elhigh-radmid-az135,8,elhigh-radmid-az225,220,5,elmid-radnear-az135 + elmid-radnear-az225 + elmid-radfar-az135 + elhigh-radmid-az135 + elhigh-radmid-az225,0.6068149769412465,0.7179782163572123,0.11116323941596573,1
overall,all,edges_az135_225,8,92,4,elmid-radnear-az135 + elmid-radnear-az225 + elmid-radfar-az135 + elhigh-radmid-az135,6,elmid-radfar-az225,124,5,elmid-radnear-az135 + elmid-radnear-az225 + elmid-radfar-az135 + elmid-radfar-az225 + elhigh-radmid-az135,0.6068149769412465,0.6994438610707342,0.09262888412948767,2
overall,all,edges_az135_225,8,92,4,elmid-radnear-az135 + elmid-radnear-az225 + elmid-radfar-az135 + elhigh-radmid-az135,1,ellow-radmid-az135,93,5,ellow-radmid-az135 + elmid-radnear-az135 + elmid-radnear-az225 + elmid-radfar-az135 + elhigh-radmid-az135,0.6068149769412465,0.6947929496214371,0.08797797268019059,3
overall,all,edges_az135_225,8,92,4,elmid-radnear-az135 + elmid-radnear-az225 + elmid-radfar-az135 + elhigh-radmid-az135,2,ellow-radmid-az225,94,5,ellow-radmid-az225 + elmid-radnear-az135 + elmid-radnear-az225 + elmid-radfar-az135 + elhigh-radmid-az135,0.6068149769412465,0.6909642453522752,0.08414926841102865,4
overall,all,edges_az135_225,8,99,4,ellow-radmid-az135 + ellow-radmid-az225 + elmid-radfar-az225 + elhigh-radmid-az135,3,elmid-radnear-az135,103,5,ellow-radmid-az135 + ellow-radmid-az225 + elmid-radnear-az135 + elmid-radfar-az225 + elhigh-radmid-az135,0.5659807965249717,0.7167836096919975,0.15080281316702582,1
overall,all,edges_az135_225,8,99,4,ellow-radmid-az135 + ellow-radmid-az225 + elmid-radfar-az225 + elhigh-radmid-az135,8,elhigh-radmid-az225,227,5,ellow-radmid-az135 + ellow-radmid-az225 + elmid-radfar-az225 + elhigh-radmid-az135 + elhigh-radmid-az225,0.5659807965249717,0.6988195791050802,0.1328387825801085,2
overall,all,edges_az135_225,8,99,4,ellow-radmid-az135 + ellow-radmid-az225 + elmid-radfar-az225 + elhigh-radmid-az135,5,elmid-radfar-az135,115,5,ellow-radmid-az135 + ellow-radmid-az225 + elmid-radfar-az135 + elmid-radfar-az225 + elhigh-radmid-az135,0.5659807965249717,0.6447754955408568,0.0787946990158851,3
overall,all,edges_az135_225,8,99,4,ellow-radmid-az135 + ellow-radmid-az225 + elmid-radfar-az225 + elhigh-radmid-az135,4,elmid-radnear-az225,107,5,ellow-radmid-az135 + ellow-radmid-az225 + elmid-radnear-az225 + elmid-radfar-az225 + elhigh-radmid-az135,0.5659807965249717,0.6443136152842324,0.07833281875926068,4
overall,all,edges_az135_225,8,101,4,ellow-radmid-az135 + elmid-radnear-az135 + elmid-radfar-az225 + elhigh-radmid-az135,8,elhigh-radmid-az225,229,5,ellow-radmid-az135 + elmid-radnear-az135 + elmid-radfar-az225 + elhigh-radmid-az135 + elhigh-radmid-az225,0.6381821998365866,0.7464794933872602,0.10829729355067352,1
overall,all,edges_az135_225,8,101,4,ellow-radmid-az135 + elmid-radnear-az135 + elmid-radfar-az225 + elhigh-radmid-az135,2,ellow-radmid-az225,103,5,ellow-radmid-az135 + ellow-radmid-az225 + elmid-radnear-az135 + elmid-radfar-az225 + elhigh-radmid-az135,0.6381821998365866,0.7167836096919975,0.07860140985541086,2
overall,all,edges_az135_225,8,101,4,ellow-radmid-az135 + elmid-radnear-az135 + elmid-radfar-az225 + elhigh-radmid-az135,4,elmid-radnear-az225,109,5,ellow-radmid-az135 + elmid-radnear-az135 + elmid-radnear-az225 + elmid-radfar-az225 + elhigh-radmid-az135,0.6381821998365866,0.7108414668098244,0.07265926697323777,3
overall,all,edges_az135_225,8,101,4,ellow-radmid-az135 + elmid-radnear-az135 + elmid-radfar-az225 + elhigh-radmid-az135,5,elmid-radfar-az135,117,5,ellow-radmid-az135 + elmid-radnear-az135 + elmid-radfar-az135 + elmid-radfar-az225 + elhigh-radmid-az135,0.6381821998365866,0.7043931047989959,0.06621090496240922,4
overall,all,edges_az135_225,8,102,4,ellow-radmid-az225 + elmid-radnear-az135 + elmid-radfar-az225 + elhigh-radmid-az135,8,elhigh-radmid-az225,230,5,ellow-radmid-az225 + elmid-radnear-az135 + elmid-radfar-az225 + elhigh-radmid-az135 + elhigh-radmid-az225,0.6472226139337773,0.7588263133250998,0.11160369939132242,1
overall,all,edges_az135_225,8,102,4,ellow-radmid-az225 + elmid-radnear-az135 + elmid-radfar-az225 + elhigh-radmid-az135,1,ellow-radmid-az135,103,5,ellow-radmid-az135 + ellow-radmid-az225 + elmid-radnear-az135 + elmid-radfar-az225 + elhigh-radmid-az135,0.6472226139337773,0.7167836096919975,0.06956099575822017,2
overall,all,edges_az135_225,8,102,4,ellow-radmid-az225 + elmid-radnear-az135 + elmid-radfar-az225 + elhigh-radmid-az135,4,elmid-radnear-az225,110,5,ellow-radmid-az225 + elmid-radnear-az135 + elmid-radnear-az225 + elmid-radfar-az225 + elhigh-radmid-az135,0.6472226139337773,0.7140502603979212,0.06682764646414385,3
overall,all,edges_az135_225,8,102,4,ellow-radmid-az225 + elmid-radnear-az135 + elmid-radfar-az225 + elhigh-radmid-az135,5,elmid-radfar-az135,118,5,ellow-radmid-az225 + elmid-radnear-az135 + elmid-radfar-az135 + elmid-radfar-az225 + elhigh-radmid-az135,0.6472226139337773,0.7043496868736566,0.057127072939879286,4
overall,all,edges_az135_225,8,105,4,ellow-radmid-az135 + elmid-radnear-az225 + elmid-radfar-az225 + elhigh-radmid-az135,3,elmid-radnear-az135,109,5,ellow-radmid-az135 + elmid-radnear-az135 + elmid-radnear-az225 + elmid-radfar-az225 + elhigh-radmid-az135,0.56382705920356,0.7108414668098244,0.14701440760626439,1
overall,all,edges_az135_225,8,105,4,ellow-radmid-az135 + elmid-radnear-az225 + elmid-radfar-az225 + elhigh-radmid-az135,8,elhigh-radmid-az225,233,5,ellow-radmid-az135 + elmid-radnear-az225 + elmid-radfar-az225 + elhigh-radmid-az135 + elhigh-radmid-az225,0.56382705920356,0.7032367677962864,0.1394097085927264,2
overall,all,edges_az135_225,8,105,4,ellow-radmid-az135 + elmid-radnear-az225 + elmid-radfar-az225 + elhigh-radmid-az135,5,elmid-radfar-az135,121,5,ellow-radmid-az135 + elmid-radnear-az225 + elmid-radfar-az135 + elmid-radfar-az225 + elhigh-radmid-az135,0.56382705920356,0.6495880405573198,0.08576098135375976,3
overall,all,edges_az135_225,8,105,4,ellow-radmid-az135 + elmid-radnear-az225 + elmid-radfar-az225 + elhigh-radmid-az135,2,ellow-radmid-az225,107,5,ellow-radmid-az135 + ellow-radmid-az225 + elmid-radnear-az225 + elmid-radfar-az225 + elhigh-radmid-az135,0.56382705920356,0.6443136152842324,0.08048655608067234,4
overall,all,edges_az135_225,8,106,4,ellow-radmid-az225 + elmid-radnear-az225 + elmid-radfar-az225 + elhigh-radmid-az135,3,elmid-radnear-az135,110,5,ellow-radmid-az225 + elmid-radnear-az135 + elmid-radnear-az225 + elmid-radfar-az225 + elhigh-radmid-az135,0.5379372873108063,0.7140502603979212,0.17611297308711493,1
overall,all,edges_az135_225,8,106,4,ellow-radmid-az225 + elmid-radnear-az225 + elmid-radfar-az225 + elhigh-radmid-az135,8,elhigh-radmid-az225,234,5,ellow-radmid-az225 + elmid-radnear-az225 + elmid-radfar-az225 + elhigh-radmid-az135 + elhigh-radmid-az225,0.5379372873108063,0.6869657899867375,0.14902850267593126,2
overall,all,edges_az135_225,8,106,4,ellow-radmid-az225 + elmid-radnear-az225 + elmid-radfar-az225 + elhigh-radmid-az135,1,ellow-radmid-az135,107,5,ellow-radmid-az135 + ellow-radmid-az225 + elmid-radnear-az225 + elmid-radfar-az225 + elhigh-radmid-az135,0.5379372873108063,0.6443136152842324,0.10637632797342611,3
overall,all,edges_az135_225,8,106,4,ellow-radmid-az225 + elmid-radnear-az225 + elmid-radfar-az225 + elhigh-radmid-az135,5,elmid-radfar-az135,122,5,ellow-radmid-az225 + elmid-radnear-az225 + elmid-radfar-az135 + elmid-radfar-az225 + elhigh-radmid-az135,0.5379372873108063,0.6272103765930519,0.08927308928224564,4
overall,all,edges_az135_225,8,108,4,elmid-radnear-az135 + elmid-radnear-az225 + elmid-radfar-az225 + elhigh-radmid-az135,8,elhigh-radmid-az225,236,5,elmid-radnear-az135 + elmid-radnear-az225 + elmid-radfar-az225 + elhigh-radmid-az135 + elhigh-radmid-az225,0.6262442800295858,0.7382158299027942,0.11197154987320845,1
overall,all,edges_az135_225,8,108,4,elmid-radnear-az135 + elmid-radnear-az225 + elmid-radfar-az225 + elhigh-radmid-az135,2,ellow-radmid-az225,110,5,ellow-radmid-az225 + elmid-radnear-az135 + elmid-radnear-az225 + elmid-radfar-az225 + elhigh-radmid-az135,0.6262442800295858,0.7140502603979212,0.08780598036833542,2
overall,all,edges_az135_225,8,108,4,elmid-radnear-az135 + elmid-radnear-az225 + elmid-radfar-az225 + elhigh-radmid-az135,1,ellow-radmid-az135,109,5,ellow-radmid-az135 + elmid-radnear-az135 + elmid-radnear-az225 + elmid-radfar-az225 + elhigh-radmid-az135,0.6262442800295858,0.7108414668098244,0.08459718678023864,3
overall,all,edges_az135_225,8,108,4,elmid-radnear-az135 + elmid-radnear-az225 + elmid-radfar-az225 + elhigh-radmid-az135,5,elmid-radfar-az135,124,5,elmid-radnear-az135 + elmid-radnear-az225 + elmid-radfar-az135 + elmid-radfar-az225 + elhigh-radmid-az135,0.6262442800295858,0.6994438610707342,0.07319958104114843,4
overall,all,edges_az135_225,8,113,4,ellow-radmid-az135 + elmid-radfar-az135 + elmid-radfar-az225 + elhigh-radmid-az135,3,elmid-radnear-az135,117,5,ellow-radmid-az135 + elmid-radnear-az135 + elmid-radfar-az135 + elmid-radfar-az225 + elhigh-radmid-az135,0.5717443768001083,0.7043931047989959,0.1326487279988876,1
overall,all,edges_az135_225,8,113,4,ellow-radmid-az135 + elmid-radfar-az135 + elmid-radfar-az225 + elhigh-radmid-az135,8,elhigh-radmid-az225,241,5,ellow-radmid-az135 + elmid-radfar-az135 + elmid-radfar-az225 + elhigh-radmid-az135 + elhigh-radmid-az225,0.5717443768001083,0.7002100752840973,0.12846569848398903,2
overall,all,edges_az135_225,8,113,4,ellow-radmid-az135 + elmid-radfar-az135 + elmid-radfar-az225 + elhigh-radmid-az135,4,elmid-radnear-az225,121,5,ellow-radmid-az135 + elmid-radnear-az225 + elmid-radfar-az135 + elmid-radfar-az225 + elhigh-radmid-az135,0.5717443768001083,0.6495880405573198,0.07784366375721152,3
overall,all,edges_az135_225,8,113,4,ellow-radmid-az135 + elmid-radfar-az135 + elmid-radfar-az225 + elhigh-radmid-az135,2,ellow-radmid-az225,115,5,ellow-radmid-az135 + ellow-radmid-az225 + elmid-radfar-az135 + elmid-radfar-az225 + elhigh-radmid-az135,0.5717443768001083,0.6447754955408568,0.07303111874074852,4
overall,all,edges_az135_225,8,114,4,ellow-radmid-az225 + elmid-radfar-az135 + elmid-radfar-az225 + elhigh-radmid-az135,3,elmid-radnear-az135,118,5,ellow-radmid-az225 + elmid-radnear-az135 + elmid-radfar-az135 + elmid-radfar-az225 + elhigh-radmid-az135,0.5552341310911939,0.7043496868736566,0.14911555578246272,1
overall,all,edges_az135_225,8,114,4,ellow-radmid-az225 + elmid-radfar-az135 + elmid-radfar-az225 + elhigh-radmid-az135,8,elhigh-radmid-az225,242,5,ellow-radmid-az225 + elmid-radfar-az135 + elmid-radfar-az225 + elhigh-radmid-az135 + elhigh-radmid-az225,0.5552341310911939,0.6848344912730236,0.12960036018182974,2
overall,all,edges_az135_225,8,114,4,ellow-radmid-az225 + elmid-radfar-az135 + elmid-radfar-az225 + elhigh-radmid-az135,1,ellow-radmid-az135,115,5,ellow-radmid-az135 + ellow-radmid-az225 + elmid-radfar-az135 + elmid-radfar-az225 + elhigh-radmid-az135,0.5552341310911939,0.6447754955408568,0.08954136444966287,3
overall,all,edges_az135_225,8,114,4,ellow-radmid-az225 + elmid-radfar-az135 + elmid-radfar-az225 + elhigh-radmid-az135,4,elmid-radnear-az225,122,5,ellow-radmid-az225 + elmid-radnear-az225 + elmid-radfar-az135 + elmid-radfar-az225 + elhigh-radmid-az135,0.5552341310911939,0.6272103765930519,0.071976245501858,4
overall,all,edges_az135_225,8,116,4,elmid-radnear-az135 + elmid-radfar-az135 + elmid-radfar-az225 + elhigh-radmid-az135,8,elhigh-radmid-az225,244,5,elmid-radnear-az135 + elmid-radfar-az135 + elmid-radfar-az225 + elhigh-radmid-az135 + elhigh-radmid-az225,0.6325533920903376,0.7432470131851072,0.11069362109476966,1
overall,all,edges_az135_225,8,116,4,elmid-radnear-az135 + elmid-radfar-az135 + elmid-radfar-az225 + elhigh-radmid-az135,1,ellow-radmid-az135,117,5,ellow-radmid-az135 + elmid-radnear-az135 + elmid-radfar-az135 + elmid-radfar-az225 + elhigh-radmid-az135,0.6325533920903376,0.7043931047989959,0.0718397127086583,2
overall,all,edges_az135_225,8,116,4,elmid-radnear-az135 + elmid-radfar-az135 + elmid-radfar-az225 + elhigh-radmid-az135,2,ellow-radmid-az225,118,5,ellow-radmid-az225 + elmid-radnear-az135 + elmid-radfar-az135 + elmid-radfar-az225 + elhigh-radmid-az135,0.6325533920903376,0.7043496868736566,0.07179629478331906,3
overall,all,edges_az135_225,8,116,4,elmid-radnear-az135 + elmid-radfar-az135 + elmid-radfar-az225 + elhigh-radmid-az135,4,elmid-radnear-az225,124,5,elmid-radnear-az135 + elmid-radnear-az225 + elmid-radfar-az135 + elmid-radfar-az225 + elhigh-radmid-az135,0.6325533920903376,0.6994438610707342,0.06689046898039663,4
overall,all,edges_az135_225,8,120,4,elmid-radnear-az225 + elmid-radfar-az135 + elmid-radfar-az225 + elhigh-radmid-az135,3,elmid-radnear-az135,124,5,elmid-radnear-az135 + elmid-radnear-az225 + elmid-radfar-az135 + elmid-radfar-az225 + elhigh-radmid-az135,0.5537421220761294,0.6994438610707342,0.1457017389946048,1
overall,all,edges_az135_225,8,120,4,elmid-radnear-az225 + elmid-radfar-az135 + elmid-radfar-az225 + elhigh-radmid-az135,8,elhigh-radmid-az225,248,5,elmid-radnear-az225 + elmid-radfar-az135 + elmid-radfar-az225 + elhigh-radmid-az135 + elhigh-radmid-az225,0.5537421220761294,0.689526361399852,0.13578423932372263,2
overall,all,edges_az135_225,8,120,4,elmid-radnear-az225 + elmid-radfar-az135 + elmid-radfar-az225 + elhigh-radmid-az135,1,ellow-radmid-az135,121,5,ellow-radmid-az135 + elmid-radnear-az225 + elmid-radfar-az135 + elmid-radfar-az225 + elhigh-radmid-az135,0.5537421220761294,0.6495880405573198,0.0958459184811904,3
overall,all,edges_az135_225,8,120,4,elmid-radnear-az225 + elmid-radfar-az135 + elmid-radfar-az225 + elhigh-radmid-az135,2,ellow-radmid-az225,122,5,ellow-radmid-az225 + elmid-radnear-az225 + elmid-radfar-az135 + elmid-radfar-az225 + elhigh-radmid-az135,0.5537421220761294,0.6272103765930519,0.07346825451692252,4
overall,all,edges_az135_225,8,135,4,ellow-radmid-az135 + ellow-radmid-az225 + elmid-radnear-az135 + elhigh-radmid-az225,6,elmid-radfar-az225,167,5,ellow-radmid-az135 + ellow-radmid-az225 + elmid-radnear-az135 + elmid-radfar-az225 + elhigh-radmid-az225,0.6363284034002026,0.7534623031111966,0.11713389971099397,1
overall,all,edges_az135_225,8,135,4,ellow-radmid-az135 + ellow-radmid-az225 + elmid-radnear-az135 + elhigh-radmid-az225,4,elmid-radnear-az225,143,5,ellow-radmid-az135 + ellow-radmid-az225 + elmid-radnear-az135 + elmid-radnear-az225 + elhigh-radmid-az225,0.6363284034002026,0.74123329591038,0.10490489251017743,2
overall,all,edges_az135_225,8,135,4,ellow-radmid-az135 + ellow-radmid-az225 + elmid-radnear-az135 + elhigh-radmid-az225,7,elhigh-radmid-az135,199,5,ellow-radmid-az135 + ellow-radmid-az225 + elmid-radnear-az135 + elhigh-radmid-az135 + elhigh-radmid-az225,0.6363284034002026,0.7342448228538536,0.09791641945365104,3
overall,all,edges_az135_225,8,135,4,ellow-radmid-az135 + ellow-radmid-az225 + elmid-radnear-az135 + elhigh-radmid-az225,5,elmid-radfar-az135,151,5,ellow-radmid-az135 + ellow-radmid-az225 + elmid-radnear-az135 + elmid-radfar-az135 + elhigh-radmid-az225,0.6363284034002026,0.7038327864643755,0.06750438306417295,4
overall,all,edges_az135_225,8,139,4,ellow-radmid-az135 + ellow-radmid-az225 + elmid-radnear-az225 + elhigh-radmid-az225,3,elmid-radnear-az135,143,5,ellow-radmid-az135 + ellow-radmid-az225 + elmid-radnear-az135 + elmid-radnear-az225 + elhigh-radmid-az225,0.5995781917618828,0.74123329591038,0.14165510414849725,1
overall,all,edges_az135_225,8,139,4,ellow-radmid-az135 + ellow-radmid-az225 + elmid-radnear-az225 + elhigh-radmid-az225,6,elmid-radfar-az225,171,5,ellow-radmid-az135 + ellow-radmid-az225 + elmid-radnear-az225 + elmid-radfar-az225 + elhigh-radmid-az225,0.5995781917618828,0.7120888536609135,0.1125106618990307,2
overall,all,edges_az135_225,8,139,4,ellow-radmid-az135 + ellow-radmid-az225 + elmid-radnear-az225 + elhigh-radmid-az225,7,elhigh-radmid-az135,203,5,ellow-radmid-az135 + ellow-radmid-az225 + elmid-radnear-az225 + elhigh-radmid-az135 + elhigh-radmid-az225,0.5995781917618828,0.68219855557629,0.0826203638144073,3
overall,all,edges_az135_225,8,139,4,ellow-radmid-az135 + ellow-radmid-az225 + elmid-radnear-az225 + elhigh-radmid-az225,5,elmid-radfar-az135,155,5,ellow-radmid-az135 + ellow-radmid-az225 + elmid-radnear-az225 + elmid-radfar-az135 + elhigh-radmid-az225,0.5995781917618828,0.6753495662260581,0.07577137446417537,4
overall,all,edges_az135_225,8,141,4,ellow-radmid-az135 + elmid-radnear-az135 + elmid-radnear-az225 + elhigh-radmid-az225,6,elmid-radfar-az225,173,5,ellow-radmid-az135 + elmid-radnear-az135 + elmid-radnear-az225 + elmid-radfar-az225 + elhigh-radmid-az225,0.6559595643081236,0.7560223019225486,0.10006273761442497,1
overall,all,edges_az135_225,8,141,4,ellow-radmid-az135 + elmid-radnear-az135 + elmid-radnear-az225 + elhigh-radmid-az225,2,ellow-radmid-az225,143,5,ellow-radmid-az135 + ellow-radmid-az225 + elmid-radnear-az135 + elmid-radnear-az225 + elhigh-radmid-az225,0.6559595643081236,0.74123329591038,0.08527373160225638,2
overall,all,edges_az135_225,8,141,4,ellow-radmid-az135 + elmid-radnear-az135 + elmid-radnear-az225 + elhigh-radmid-az225,5,elmid-radfar-az135,157,5,ellow-radmid-az135 + elmid-radnear-az135 + elmid-radnear-az225 + elmid-radfar-az135 + elhigh-radmid-az225,0.6559595643081236,0.7304318468107824,0.0744722825026588,3
overall,all,edges_az135_225,8,141,4,ellow-radmid-az135 + elmid-radnear-az135 + elmid-radnear-az225 + elhigh-radmid-az225,7,elhigh-radmid-az135,205,5,ellow-radmid-az135 + elmid-radnear-az135 + elmid-radnear-az225 + elhigh-radmid-az135 + elhigh-radmid-az225,0.6559595643081236,0.7304163337568939,0.07445676944877022,4
overall,all,edges_az135_225,8,142,4,ellow-radmid-az225 + elmid-radnear-az135 + elmid-radnear-az225 + elhigh-radmid-az225,6,elmid-radfar-az225,174,5,ellow-radmid-az225 + elmid-radnear-az135 + elmid-radnear-az225 + elmid-radfar-az225 + elhigh-radmid-az225,0.6516585572696044,0.7638750912969234,0.11221653402731901,1
overall,all,edges_az135_225,8,142,4,ellow-radmid-az225 + elmid-radnear-az135 + elmid-radnear-az225 + elhigh-radmid-az225,1,ellow-radmid-az135,143,5,ellow-radmid-az135 + ellow-radmid-az225 + elmid-radnear-az135 + elmid-radnear-az225 + elhigh-radmid-az225,0.6516585572696044,0.74123329591038,0.08957473864077559,2
overall,all,edges_az135_225,8,142,4,ellow-radmid-az225 + elmid-radnear-az135 + elmid-radnear-az225 + elhigh-radmid-az225,7,elhigh-radmid-az135,206,5,ellow-radmid-az225 + elmid-radnear-az135 + elmid-radnear-az225 + elhigh-radmid-az135 + elhigh-radmid-az225,0.6516585572696044,0.7298581839095495,0.07819962663994506,3
overall,all,edges_az135_225,8,142,4,ellow-radmid-az225 + elmid-radnear-az135 + elmid-radnear-az225 + elhigh-radmid-az225,5,elmid-radfar-az135,158,5,ellow-radmid-az225 + elmid-radnear-az135 + elmid-radnear-az225 + elmid-radfar-az135 + elhigh-radmid-az225,0.6516585572696044,0.7176170256064901,0.06595846833688568,4
overall,all,edges_az135_225,8,147,4,ellow-radmid-az135 + ellow-radmid-az225 + elmid-radfar-az135 + elhigh-radmid-az225,3,elmid-radnear-az135,151,5,ellow-radmid-az135 + ellow-radmid-az225 + elmid-radnear-az135 + elmid-radfar-az135 + elhigh-radmid-az225,0.5652457461986036,0.7038327864643755,0.13858704026577195,1
overall,all,edges_az135_225,8,147,4,ellow-radmid-az135 + ellow-radmid-az225 + elmid-radfar-az135 + elhigh-radmid-az225,6,elmid-radfar-az225,179,5,ellow-radmid-az135 + ellow-radmid-az225 + elmid-radfar-az135 + elmid-radfar-az225 + elhigh-radmid-az225,0.5652457461986036,0.6883595970767983,0.12311385087819471,2
overall,all,edges_az135_225,8,147,4,ellow-radmid-az135 + ellow-radmid-az225 + elmid-radfar-az135 + elhigh-radmid-az225,4,elmid-radnear-az225,155,5,ellow-radmid-az135 + ellow-radmid-az225 + elmid-radnear-az225 + elmid-radfar-az135 + elhigh-radmid-az225,0.5652457461986036,0.6753495662260581,0.11010382002745456,3
overall,all,edges_az135_225,8,147,4,ellow-radmid-az135 + ellow-radmid-az225 + elmid-radfar-az135 + elhigh-radmid-az225,7,elhigh-radmid-az135,211,5,ellow-radmid-az135 + ellow-radmid-az225 + elmid-radfar-az135 + elhigh-radmid-az135 + elhigh-radmid-az225,0.5652457461986036,0.6707524907538662,0.10550674455526265,4
overall,all,edges_az135_225,8,149,4,ellow-radmid-az135 + elmid-radnear-az135 + elmid-radfar-az135 + elhigh-radmid-az225,6,elmid-radfar-az225,181,5,ellow-radmid-az135 + elmid-radnear-az135 + elmid-radfar-az135 + elmid-radfar-az225 + elhigh-radmid-az225,0.6259140650089945,0.7364816072057532,0.11056754219675868,1
overall,all,edges_az135_225,8,149,4,ellow-radmid-az135 + elmid-radnear-az135 + elmid-radfar-az135 + elhigh-radmid-az225,4,elmid-radnear-az225,157,5,ellow-radmid-az135 + elmid-radnear-az135 + elmid-radnear-az225 + elmid-radfar-az135 + elhigh-radmid-az225,0.6259140650089945,0.7304318468107824,0.10451778180178795,2
overall,all,edges_az135_225,8,149,4,ellow-radmid-az135 + elmid-radnear-az135 + elmid-radfar-az135 + elhigh-radmid-az225,7,elhigh-radmid-az135,213,5,ellow-radmid-az135 + elmid-radnear-az135 + elmid-radfar-az135 + elhigh-radmid-az135 + elhigh-radmid-az225,0.6259140650089945,0.7241317141188723,0.09821764910987785,3
overall,all,edges_az135_225,8,149,4,ellow-radmid-az135 + elmid-radnear-az135 + elmid-radfar-az135 + elhigh-radmid-az225,2,ellow-radmid-az225,151,5,ellow-radmid-az135 + ellow-radmid-az225 + elmid-radnear-az135 + elmid-radfar-az135 + elhigh-radmid-az225,0.6259140650089945,0.7038327864643755,0.07791872145538103,4
overall,all,edges_az135_225,8,150,4,ellow-radmid-az225 + elmid-radnear-az135 + elmid-radfar-az135 + elhigh-radmid-az225,6,elmid-radfar-az225,182,5,ellow-radmid-az225 + elmid-radnear-az135 + elmid-radfar-az135 + elmid-radfar-az225 + elhigh-radmid-az225,0.6136334258358872,0.7335290140229644,0.11989558818707724,1
overall,all,edges_az135_225,8,150,4,ellow-radmid-az225 + elmid-radnear-az135 + elmid-radfar-az135 + elhigh-radmid-az225,7,elhigh-radmid-az135,214,5,ellow-radmid-az225 + elmid-radnear-az135 + elmid-radfar-az135 + elhigh-radmid-az135 + elhigh-radmid-az225,0.6136334258358872,0.7208749123145216,0.1072414864786344,2
overall,all,edges_az135_225,8,150,4,ellow-radmid-az225 + elmid-radnear-az135 + elmid-radfar-az135 + elhigh-radmid-az225,4,elmid-radnear-az225,158,5,ellow-radmid-az225 + elmid-radnear-az135 + elmid-radnear-az225 + elmid-radfar-az135 + elhigh-radmid-az225,0.6136334258358872,0.7176170256064901,0.1039835997706029,3
overall,all,edges_az135_225,8,150,4,ellow-radmid-az225 + elmid-radnear-az135 + elmid-radfar-az135 + elhigh-radmid-az225,1,ellow-radmid-az135,151,5,ellow-radmid-az135 + ellow-radmid-az225 + elmid-radnear-az135 + elmid-radfar-az135 + elhigh-radmid-az225,0.6136334258358872,0.7038327864643755,0.09019936062848832,4
overall,all,edges_az135_225,8,153,4,ellow-radmid-az135 + elmid-radnear-az225 + elmid-radfar-az135 + elhigh-radmid-az225,3,elmid-radnear-az135,157,5,ellow-radmid-az135 + elmid-radnear-az135 + elmid-radnear-az225 + elmid-radfar-az135 + elhigh-radmid-az225,0.5857284129144932,0.7304318468107824,0.14470343389628926,1
overall,all,edges_az135_225,8,153,4,ellow-radmid-az135 + elmid-radnear-az225 + elmid-radfar-az135 + elhigh-radmid-az225,6,elmid-radfar-az225,185,5,ellow-radmid-az135 + elmid-radnear-az225 + elmid-radfar-az135 + elmid-radfar-az225 + elhigh-radmid-az225,0.5857284129144932,0.6977555992843281,0.11202718636983489,2
overall,all,edges_az135_225,8,153,4,ellow-radmid-az135 + elmid-radnear-az225 + elmid-radfar-az135 + elhigh-radmid-az225,7,elhigh-radmid-az135,217,5,ellow-radmid-az135 + elmid-radnear-az225 + elmid-radfar-az135 + elhigh-radmid-az135 + elhigh-radmid-az225,0.5857284129144932,0.6775102206273402,0.09178180771284705,3
overall,all,edges_az135_225,8,153,4,ellow-radmid-az135 + elmid-radnear-az225 + elmid-radfar-az135 + elhigh-radmid-az225,2,ellow-radmid-az225,155,5,ellow-radmid-az135 + ellow-radmid-az225 + elmid-radnear-az225 + elmid-radfar-az135 + elhigh-radmid-az225,0.5857284129144932,0.6753495662260581,0.08962115331156495,4
overall,all,edges_az135_225,8,154,4,ellow-radmid-az225 + elmid-radnear-az225 + elmid-radfar-az135 + elhigh-radmid-az225,3,elmid-radnear-az135,158,5,ellow-radmid-az225 + elmid-radnear-az135 + elmid-radnear-az225 + elmid-radfar-az135 + elhigh-radmid-az225,0.5723223148682479,0.7176170256064901,0.14529471073824218,1
overall,all,edges_az135_225,8,154,4,ellow-radmid-az225 + elmid-radnear-az225 + elmid-radfar-az135 + elhigh-radmid-az225,6,elmid-radfar-az225,186,5,ellow-radmid-az225 + elmid-radnear-az225 + elmid-radfar-az135 + elmid-radfar-az225 + elhigh-radmid-az225,0.5723223148682479,0.6874062498838132,0.11508393501556524,2
overall,all,edges_az135_225,8,154,4,ellow-radmid-az225 + elmid-radnear-az225 + elmid-radfar-az135 + elhigh-radmid-az225,1,ellow-radmid-az135,155,5,ellow-radmid-az135 + ellow-radmid-az225 + elmid-radnear-az225 + elmid-radfar-az135 + elhigh-radmid-az225,0.5723223148682479,0.6753495662260581,0.10302725135781021,3
overall,all,edges_az135_225,8,154,4,ellow-radmid-az225 + elmid-radnear-az225 + elmid-radfar-az135 + elhigh-radmid-az225,7,elhigh-radmid-az135,218,5,ellow-radmid-az225 + elmid-radnear-az225 + elmid-radfar-az135 + elhigh-radmid-az135 + elhigh-radmid-az225,0.5723223148682479,0.6583264644508269,0.08600414958257896,4
overall,all,edges_az135_225,8,156,4,elmid-radnear-az135 + elmid-radnear-az225 + elmid-radfar-az135 + elhigh-radmid-az225,6,elmid-radfar-az225,188,5,elmid-radnear-az135 + elmid-radnear-az225 + elmid-radfar-az135 + elmid-radfar-az225 + elhigh-radmid-az225,0.63921700963536,0.7417548497018525,0.10253784006649247,1
overall,all,edges_az135_225,8,156,4,elmid-radnear-az135 + elmid-radnear-az225 + elmid-radfar-az135 + elhigh-radmid-az225,1,ellow-radmid-az135,157,5,ellow-radmid-az135 + elmid-radnear-az135 + elmid-radnear-az225 + elmid-radfar-az135 + elhigh-radmid-az225,0.63921700963536,0.7304318468107824,0.09121483717542245,2
overall,all,edges_az135_225,8,156,4,elmid-radnear-az135 + elmid-radnear-az225 + elmid-radfar-az135 + elhigh-radmid-az225,7,elhigh-radmid-az135,220,5,elmid-radnear-az135 + elmid-radnear-az225 + elmid-radfar-az135 + elhigh-radmid-az135 + elhigh-radmid-az225,0.63921700963536,0.7179782163572123,0.07876120672185227,3
overall,all,edges_az135_225,8,156,4,elmid-radnear-az135 + elmid-radnear-az225 + elmid-radfar-az135 + elhigh-radmid-az225,2,ellow-radmid-az225,158,5,ellow-radmid-az225 + elmid-radnear-az135 + elmid-radnear-az225 + elmid-radfar-az135 + elhigh-radmid-az225,0.63921700963536,0.7176170256064901,0.07840001597113011,4
overall,all,edges_az135_225,8,163,4,ellow-radmid-az135 + ellow-radmid-az225 + elmid-radfar-az225 + elhigh-radmid-az225,3,elmid-radnear-az135,167,5,ellow-radmid-az135 + ellow-radmid-az225 + elmid-radnear-az135 + elmid-radfar-az225 + elhigh-radmid-az225,0.6224978297331992,0.7534623031111966,0.13096447337799733,1
overall,all,edges_az135_225,8,163,4,ellow-radmid-az135 + ellow-radmid-az225 + elmid-radfar-az225 + elhigh-radmid-az225,4,elmid-radnear-az225,171,5,ellow-radmid-az135 + ellow-radmid-az225 + elmid-radnear-az225 + elmid-radfar-az225 + elhigh-radmid-az225,0.6224978297331992,0.7120888536609135,0.08959102392771423,2
overall,all,edges_az135_225,8,163,4,ellow-radmid-az135 + ellow-radmid-az225 + elmid-radfar-az225 + elhigh-radmid-az225,7,elhigh-radmid-az135,227,5,ellow-radmid-az135 + ellow-radmid-az225 + elmid-radfar-az225 + elhigh-radmid-az135 + elhigh-radmid-az225,0.6224978297331992,0.6988195791050802,0.07632174937188096,3
overall,all,edges_az135_225,8,163,4,ellow-radmid-az135 + ellow-radmid-az225 + elmid-radfar-az225 + elhigh-radmid-az225,5,elmid-radfar-az135,179,5,ellow-radmid-az135 + ellow-radmid-az225 + elmid-radfar-az135 + elmid-radfar-az225 + elhigh-radmid-az225,0.6224978297331992,0.6883595970767983,0.06586176734359905,4
overall,all,edges_az135_225,8,165,4,ellow-radmid-az135 + elmid-radnear-az135 + elmid-radfar-az225 + elhigh-radmid-az225,4,elmid-radnear-az225,173,5,ellow-radmid-az135 + elmid-radnear-az135 + elmid-radnear-az225 + elmid-radfar-az225 + elhigh-radmid-az225,0.6747156624502004,0.7560223019225486,0.08130663947234817,1
overall,all,edges_az135_225,8,165,4,ellow-radmid-az135 + elmid-radnear-az135 + elmid-radfar-az225 + elhigh-radmid-az225,2,ellow-radmid-az225,167,5,ellow-radmid-az135 + ellow-radmid-az225 + elmid-radnear-az135 + elmid-radfar-az225 + elhigh-radmid-az225,0.6747156624502004,0.7534623031111966,0.07874664066099613,2
overall,all,edges_az135_225,8,165,4,ellow-radmid-az135 + elmid-radnear-az135 + elmid-radfar-az225 + elhigh-radmid-az225,7,elhigh-radmid-az135,229,5,ellow-radmid-az135 + elmid-radnear-az135 + elmid-radfar-az225 + elhigh-radmid-az135 + elhigh-radmid-az225,0.6747156624502004,0.7464794933872602,0.07176383093705974,3
overall,all,edges_az135_225,8,165,4,ellow-radmid-az135 + elmid-radnear-az135 + elmid-radfar-az225 + elhigh-radmid-az225,5,elmid-radfar-az135,181,5,ellow-radmid-az135 + elmid-radnear-az135 + elmid-radfar-az135 + elmid-radfar-az225 + elhigh-radmid-az225,0.6747156624502004,0.7364816072057532,0.06176594475555275,4
overall,all,edges_az135_225,8,166,4,ellow-radmid-az225 + elmid-radnear-az135 + elmid-radfar-az225 + elhigh-radmid-az225,4,elmid-radnear-az225,174,5,ellow-radmid-az225 + elmid-radnear-az135 + elmid-radnear-az225 + elmid-radfar-az225 + elhigh-radmid-az225,0.6831026392835389,0.7638750912969234,0.08077245201338457,1
overall,all,edges_az135_225,8,166,4,ellow-radmid-az225 + elmid-radnear-az135 + elmid-radfar-az225 + elhigh-radmid-az225,7,elhigh-radmid-az135,230,5,ellow-radmid-az225 + elmid-radnear-az135 + elmid-radfar-az225 + elhigh-radmid-az135 + elhigh-radmid-az225,0.6831026392835389,0.7588263133250998,0.07572367404156088,2
overall,all,edges_az135_225,8,166,4,ellow-radmid-az225 + elmid-radnear-az135 + elmid-radfar-az225 + elhigh-radmid-az225,1,ellow-radmid-az135,167,5,ellow-radmid-az135 + ellow-radmid-az225 + elmid-radnear-az135 + elmid-radfar-az225 + elhigh-radmid-az225,0.6831026392835389,0.7534623031111966,0.07035966382765768,3
overall,all,edges_az135_225,8,166,4,ellow-radmid-az225 + elmid-radnear-az135 + elmid-radfar-az225 + elhigh-radmid-az225,5,elmid-radfar-az135,182,5,ellow-radmid-az225 + elmid-radnear-az135 + elmid-radfar-az135 + elmid-radfar-az225 + elhigh-radmid-az225,0.6831026392835389,0.7335290140229644,0.05042637473942557,4
overall,all,edges_az135_225,8,169,4,ellow-radmid-az135 + elmid-radnear-az225 + elmid-radfar-az225 + elhigh-radmid-az225,3,elmid-radnear-az135,173,5,ellow-radmid-az135 + elmid-radnear-az135 + elmid-radnear-az225 + elmid-radfar-az225 + elhigh-radmid-az225,0.6276984087369231,0.7560223019225486,0.12832389318562554,1
overall,all,edges_az135_225,8,169,4,ellow-radmid-az135 + elmid-radnear-az225 + elmid-radfar-az225 + elhigh-radmid-az225,2,ellow-radmid-az225,171,5,ellow-radmid-az135 + ellow-radmid-az225 + elmid-radnear-az225 + elmid-radfar-az225 + elhigh-radmid-az225,0.6276984087369231,0.7120888536609135,0.0843904449239904,2
overall,all,edges_az135_225,8,169,4,ellow-radmid-az135 + elmid-radnear-az225 + elmid-radfar-az225 + elhigh-radmid-az225,7,elhigh-radmid-az135,233,5,ellow-radmid-az135 + elmid-radnear-az225 + elmid-radfar-az225 + elhigh-radmid-az135 + elhigh-radmid-az225,0.6276984087369231,0.7032367677962864,0.07553835905936335,3
overall,all,edges_az135_225,8,169,4,ellow-radmid-az135 + elmid-radnear-az225 + elmid-radfar-az225 + elhigh-radmid-az225,5,elmid-radfar-az135,185,5,ellow-radmid-az135 + elmid-radnear-az225 + elmid-radfar-az135 + elmid-radfar-az225 + elhigh-radmid-az225,0.6276984087369231,0.6977555992843281,0.070057190547405,4
overall,all,edges_az135_225,8,170,4,ellow-radmid-az225 + elmid-radnear-az225 + elmid-radfar-az225 + elhigh-radmid-az225,3,elmid-radnear-az135,174,5,ellow-radmid-az225 + elmid-radnear-az135 + elmid-radnear-az225 + elmid-radfar-az225 + elhigh-radmid-az225,0.6169150219916011,0.7638750912969234,0.14696006930532235,1
overall,all,edges_az135_225,8,170,4,ellow-radmid-az225 + elmid-radnear-az225 + elmid-radfar-az225 + elhigh-radmid-az225,1,ellow-radmid-az135,171,5,ellow-radmid-az135 + ellow-radmid-az225 + elmid-radnear-az225 + elmid-radfar-az225 + elhigh-radmid-az225,0.6169150219916011,0.7120888536609135,0.09517383166931237,2
overall,all,edges_az135_225,8,170,4,ellow-radmid-az225 + elmid-radnear-az225 + elmid-radfar-az225 + elhigh-radmid-az225,5,elmid-radfar-az135,186,5,ellow-radmid-az225 + elmid-radnear-az225 + elmid-radfar-az135 + elmid-radfar-az225 + elhigh-radmid-az225,0.6169150219916011,0.6874062498838132,0.07049122789221207,3
overall,all,edges_az135_225,8,170,4,ellow-radmid-az225 + elmid-radnear-az225 + elmid-radfar-az225 + elhigh-radmid-az225,7,elhigh-radmid-az135,234,5,ellow-radmid-az225 + elmid-radnear-az225 + elmid-radfar-az225 + elhigh-radmid-az135 + elhigh-radmid-az225,0.6169150219916011,0.6869657899867375,0.07005076799513643,4
overall,all,edges_az135_225,8,172,4,elmid-radnear-az135 + elmid-radnear-az225 + elmid-radfar-az225 + elhigh-radmid-az225,2,ellow-radmid-az225,174,5,ellow-radmid-az225 + elmid-radnear-az135 + elmid-radnear-az225 + elmid-radfar-az225 + elhigh-radmid-az225,0.675915524557466,0.7638750912969234,0.08795956673945748,1
overall,all,edges_az135_225,8,172,4,elmid-radnear-az135 + elmid-radnear-az225 + elmid-radfar-az225 + elhigh-radmid-az225,1,ellow-radmid-az135,173,5,ellow-radmid-az135 + elmid-radnear-az135 + elmid-radnear-az225 + elmid-radfar-az225 + elhigh-radmid-az225,0.675915524557466,0.7560223019225486,0.08010677736508265,2
overall,all,edges_az135_225,8,172,4,elmid-radnear-az135 + elmid-radnear-az225 + elmid-radfar-az225 + elhigh-radmid-az225,5,elmid-radfar-az135,188,5,elmid-radnear-az135 + elmid-radnear-az225 + elmid-radfar-az135 + elmid-radfar-az225 + elhigh-radmid-az225,0.675915524557466,0.7417548497018525,0.0658393251443865,3
overall,all,edges_az135_225,8,172,4,elmid-radnear-az135 + elmid-radnear-az225 + elmid-radfar-az225 + elhigh-radmid-az225,7,elhigh-radmid-az135,236,5,elmid-radnear-az135 + elmid-radnear-az225 + elmid-radfar-az225 + elhigh-radmid-az135 + elhigh-radmid-az225,0.675915524557466,0.7382158299027942,0.062300305345328266,4
overall,all,edges_az135_225,8,177,4,ellow-radmid-az135 + elmid-radfar-az135 + elmid-radfar-az225 + elhigh-radmid-az225,3,elmid-radnear-az135,181,5,ellow-radmid-az135 + elmid-radnear-az135 + elmid-radfar-az135 + elmid-radfar-az225 + elhigh-radmid-az225,0.6112500155502268,0.7364816072057532,0.12523159165552633,1
overall,all,edges_az135_225,8,177,4,ellow-radmid-az135 + elmid-radfar-az135 + elmid-radfar-az225 + elhigh-radmid-az225,7,elhigh-radmid-az135,241,5,ellow-radmid-az135 + elmid-radfar-az135 + elmid-radfar-az225 + elhigh-radmid-az135 + elhigh-radmid-az225,0.6112500155502268,0.7002100752840973,0.08896005973387044,2
overall,all,edges_az135_225,8,177,4,ellow-radmid-az135 + elmid-radfar-az135 + elmid-radfar-az225 + elhigh-radmid-az225,4,elmid-radnear-az225,185,5,ellow-radmid-az135 + elmid-radnear-az225 + elmid-radfar-az135 + elmid-radfar-az225 + elhigh-radmid-az225,0.6112500155502268,0.6977555992843281,0.08650558373410122,3
overall,all,edges_az135_225,8,177,4,ellow-radmid-az135 + elmid-radfar-az135 + elmid-radfar-az225 + elhigh-radmid-az225,2,ellow-radmid-az225,179,5,ellow-radmid-az135 + ellow-radmid-az225 + elmid-radfar-az135 + elmid-radfar-az225 + elhigh-radmid-az225,0.6112500155502268,0.6883595970767983,0.07710958152657144,4
overall,all,edges_az135_225,8,178,4,ellow-radmid-az225 + elmid-radfar-az135 + elmid-radfar-az225 + elhigh-radmid-az225,3,elmid-radnear-az135,182,5,ellow-radmid-az225 + elmid-radnear-az135 + elmid-radfar-az135 + elmid-radfar-az225 + elhigh-radmid-az225,0.6014351037560954,0.7335290140229644,0.132093910266869,1
overall,all,edges_az135_225,8,178,4,ellow-radmid-az225 + elmid-radfar-az135 + elmid-radfar-az225 + elhigh-radmid-az225,1,ellow-radmid-az135,179,5,ellow-radmid-az135 + ellow-radmid-az225 + elmid-radfar-az135 + elmid-radfar-az225 + elhigh-radmid-az225,0.6014351037560954,0.6883595970767983,0.08692449332070284,2
overall,all,edges_az135_225,8,178,4,ellow-radmid-az225 + elmid-radfar-az135 + elmid-radfar-az225 + elhigh-radmid-az225,4,elmid-radnear-az225,186,5,ellow-radmid-az225 + elmid-radnear-az225 + elmid-radfar-az135 + elmid-radfar-az225 + elhigh-radmid-az225,0.6014351037560954,0.6874062498838132,0.08597114612771772,3
overall,all,edges_az135_225,8,178,4,ellow-radmid-az225 + elmid-radfar-az135 + elmid-radfar-az225 + elhigh-radmid-az225,7,elhigh-radmid-az135,242,5,ellow-radmid-az225 + elmid-radfar-az135 + elmid-radfar-az225 + elhigh-radmid-az135 + elhigh-radmid-az225,0.6014351037560954,0.6848344912730236,0.08339938751692821,4
overall,all,edges_az135_225,8,180,4,elmid-radnear-az135 + elmid-radfar-az135 + elmid-radfar-az225 + elhigh-radmid-az225,7,elhigh-radmid-az135,244,5,elmid-radnear-az135 + elmid-radfar-az135 + elmid-radfar-az225 + elhigh-radmid-az135 + elhigh-radmid-az225,0.661369528067438,0.7432470131851072,0.08187748511766924,1
overall,all,edges_az135_225,8,180,4,elmid-radnear-az135 + elmid-radfar-az135 + elmid-radfar-az225 + elhigh-radmid-az225,4,elmid-radnear-az225,188,5,elmid-radnear-az135 + elmid-radnear-az225 + elmid-radfar-az135 + elmid-radfar-az225 + elhigh-radmid-az225,0.661369528067438,0.7417548497018525,0.08038532163441447,2
overall,all,edges_az135_225,8,180,4,elmid-radnear-az135 + elmid-radfar-az135 + elmid-radfar-az225 + elhigh-radmid-az225,1,ellow-radmid-az135,181,5,ellow-radmid-az135 + elmid-radnear-az135 + elmid-radfar-az135 + elmid-radfar-az225 + elhigh-radmid-az225,0.661369528067438,0.7364816072057532,0.07511207913831519,3
overall,all,edges_az135_225,8,180,4,elmid-radnear-az135 + elmid-radfar-az135 + elmid-radfar-az225 + elhigh-radmid-az225,2,ellow-radmid-az225,182,5,ellow-radmid-az225 + elmid-radnear-az135 + elmid-radfar-az135 + elmid-radfar-az225 + elhigh-radmid-az225,0.661369528067438,0.7335290140229644,0.07215948595552646,4
overall,all,edges_az135_225,8,184,4,elmid-radnear-az225 + elmid-radfar-az135 + elmid-radfar-az225 + elhigh-radmid-az225,3,elmid-radnear-az135,188,5,elmid-radnear-az135 + elmid-radnear-az225 + elmid-radfar-az135 + elmid-radfar-az225 + elhigh-radmid-az225,0.6098156294166911,0.7417548497018525,0.13193922028516136,1
overall,all,edges_az135_225,8,184,4,elmid-radnear-az225 + elmid-radfar-az135 + elmid-radfar-az225 + elhigh-radmid-az225,1,ellow-radmid-az135,185,5,ellow-radmid-az135 + elmid-radnear-az225 + elmid-radfar-az135 + elmid-radfar-az225 + elhigh-radmid-az225,0.6098156294166911,0.6977555992843281,0.08793996986763697,2
overall,all,edges_az135_225,8,184,4,elmid-radnear-az225 + elmid-radfar-az135 + elmid-radfar-az225 + elhigh-radmid-az225,7,elhigh-radmid-az135,248,5,elmid-radnear-az225 + elmid-radfar-az135 + elmid-radfar-az225 + elhigh-radmid-az135 + elhigh-radmid-az225,0.6098156294166911,0.689526361399852,0.07971073198316092,3
overall,all,edges_az135_225,8,184,4,elmid-radnear-az225 + elmid-radfar-az135 + elmid-radfar-az225 + elhigh-radmid-az225,2,ellow-radmid-az225,186,5,ellow-radmid-az225 + elmid-radnear-az225 + elmid-radfar-az135 + elmid-radfar-az225 + elhigh-radmid-az225,0.6098156294166911,0.6874062498838132,0.07759062046712206,4
overall,all,edges_az135_225,8,195,4,ellow-radmid-az135 + ellow-radmid-az225 + elhigh-radmid-az135 + elhigh-radmid-az225,3,elmid-radnear-az135,199,5,ellow-radmid-az135 + ellow-radmid-az225 + elmid-radnear-az135 + elhigh-radmid-az135 + elhigh-radmid-az225,0.5956897924680392,0.7342448228538536,0.1385550303858144,1
overall,all,edges_az135_225,8,195,4,ellow-radmid-az135 + ellow-radmid-az225 + elhigh-radmid-az135 + elhigh-radmid-az225,6,elmid-radfar-az225,227,5,ellow-radmid-az135 + ellow-radmid-az225 + elmid-radfar-az225 + elhigh-radmid-az135 + elhigh-radmid-az225,0.5956897924680392,0.6988195791050802,0.10312978663704098,2
overall,all,edges_az135_225,8,195,4,ellow-radmid-az135 + ellow-radmid-az225 + elhigh-radmid-az135 + elhigh-radmid-az225,4,elmid-radnear-az225,203,5,ellow-radmid-az135 + ellow-radmid-az225 + elmid-radnear-az225 + elhigh-radmid-az135 + elhigh-radmid-az225,0.5956897924680392,0.68219855557629,0.08650876310825084,3
overall,all,edges_az135_225,8,195,4,ellow-radmid-az135 + ellow-radmid-az225 + elhigh-radmid-az135 + elhigh-radmid-az225,5,elmid-radfar-az135,211,5,ellow-radmid-az135 + ellow-radmid-az225 + elmid-radfar-az135 + elhigh-radmid-az135 + elhigh-radmid-az225,0.5956897924680392,0.6707524907538662,0.07506269828582701,4
overall,all,edges_az135_225,8,197,4,ellow-radmid-az135 + elmid-radnear-az135 + elhigh-radmid-az135 + elhigh-radmid-az225,6,elmid-radfar-az225,229,5,ellow-radmid-az135 + elmid-radnear-az135 + elmid-radfar-az225 + elhigh-radmid-az135 + elhigh-radmid-az225,0.6495701637180453,0.7464794933872602,0.09690932966921484,1
overall,all,edges_az135_225,8,197,4,ellow-radmid-az135 + elmid-radnear-az135 + elhigh-radmid-az135 + elhigh-radmid-az225,2,ellow-radmid-az225,199,5,ellow-radmid-az135 + ellow-radmid-az225 + elmid-radnear-az135 + elhigh-radmid-az135 + elhigh-radmid-az225,0.6495701637180453,0.7342448228538536,0.0846746591358083,2
overall,all,edges_az135_225,8,197,4,ellow-radmid-az135 + elmid-radnear-az135 + elhigh-radmid-az135 + elhigh-radmid-az225,4,elmid-radnear-az225,205,5,ellow-radmid-az135 + elmid-radnear-az135 + elmid-radnear-az225 + elhigh-radmid-az135 + elhigh-radmid-az225,0.6495701637180453,0.7304163337568939,0.08084617003884853,3
overall,all,edges_az135_225,8,197,4,ellow-radmid-az135 + elmid-radnear-az135 + elhigh-radmid-az135 + elhigh-radmid-az225,5,elmid-radfar-az135,213,5,ellow-radmid-az135 + elmid-radnear-az135 + elmid-radfar-az135 + elhigh-radmid-az135 + elhigh-radmid-az225,0.6495701637180453,0.7241317141188723,0.07456155040082701,4
overall,all,edges_az135_225,8,198,4,ellow-radmid-az225 + elmid-radnear-az135 + elhigh-radmid-az135 + elhigh-radmid-az225,6,elmid-radfar-az225,230,5,ellow-radmid-az225 + elmid-radnear-az135 + elmid-radfar-az225 + elhigh-radmid-az135 + elhigh-radmid-az225,0.6550245215593763,0.7588263133250998,0.10380179176572346,1
overall,all,edges_az135_225,8,198,4,ellow-radmid-az225 + elmid-radnear-az135 + elhigh-radmid-az135 + elhigh-radmid-az225,1,ellow-radmid-az135,199,5,ellow-radmid-az135 + ellow-radmid-az225 + elmid-radnear-az135 + elhigh-radmid-az135 + elhigh-radmid-az225,0.6550245215593763,0.7342448228538536,0.07922030129447732,2
overall,all,edges_az135_225,8,198,4,ellow-radmid-az225 + elmid-radnear-az135 + elhigh-radmid-az135 + elhigh-radmid-az225,4,elmid-radnear-az225,206,5,ellow-radmid-az225 + elmid-radnear-az135 + elmid-radnear-az225 + elhigh-radmid-az135 + elhigh-radmid-az225,0.6550245215593763,0.7298581839095495,0.07483366235017319,3
overall,all,edges_az135_225,8,198,4,ellow-radmid-az225 + elmid-radnear-az135 + elhigh-radmid-az135 + elhigh-radmid-az225,5,elmid-radfar-az135,214,5,ellow-radmid-az225 + elmid-radnear-az135 + elmid-radfar-az135 + elhigh-radmid-az135 + elhigh-radmid-az225,0.6550245215593763,0.7208749123145216,0.06585039075514532,4
overall,all,edges_az135_225,8,201,4,ellow-radmid-az135 + elmid-radnear-az225 + elhigh-radmid-az135 + elhigh-radmid-az225,3,elmid-radnear-az135,205,5,ellow-radmid-az135 + elmid-radnear-az135 + elmid-radnear-az225 + elhigh-radmid-az135 + elhigh-radmid-az225,0.5896932514207639,0.7304163337568939,0.14072308233612996,1
overall,all,edges_az135_225,8,201,4,ellow-radmid-az135 + elmid-radnear-az225 + elhigh-radmid-az135 + elhigh-radmid-az225,6,elmid-radfar-az225,233,5,ellow-radmid-az135 + elmid-radnear-az225 + elmid-radfar-az225 + elhigh-radmid-az135 + elhigh-radmid-az225,0.5896932514207639,0.7032367677962864,0.11354351637552251,2
overall,all,edges_az135_225,8,201,4,ellow-radmid-az135 + elmid-radnear-az225 + elhigh-radmid-az135 + elhigh-radmid-az225,2,ellow-radmid-az225,203,5,ellow-radmid-az135 + ellow-radmid-az225 + elmid-radnear-az225 + elhigh-radmid-az135 + elhigh-radmid-az225,0.5896932514207639,0.68219855557629,0.09250530415552616,3
overall,all,edges_az135_225,8,201,4,ellow-radmid-az135 + elmid-radnear-az225 + elhigh-radmid-az135 + elhigh-radmid-az225,5,elmid-radfar-az135,217,5,ellow-radmid-az135 + elmid-radnear-az225 + elmid-radfar-az135 + elhigh-radmid-az135 + elhigh-radmid-az225,0.5896932514207639,0.6775102206273402,0.08781696920657633,4
overall,all,edges_az135_225,8,202,4,ellow-radmid-az225 + elmid-radnear-az225 + elhigh-radmid-az135 + elhigh-radmid-az225,3,elmid-radnear-az135,206,5,ellow-radmid-az225 + elmid-radnear-az135 + elmid-radnear-az225 + elhigh-radmid-az135 + elhigh-radmid-az225,0.5785123483002925,0.7298581839095495,0.15134583560925696,1
overall,all,edges_az135_225,8,202,4,ellow-radmid-az225 + elmid-radnear-az225 + elhigh-radmid-az135 + elhigh-radmid-az225,6,elmid-radfar-az225,234,5,ellow-radmid-az225 + elmid-radnear-az225 + elmid-radfar-az225 + elhigh-radmid-az135 + elhigh-radmid-az225,0.5785123483002925,0.6869657899867375,0.108453441686445,2
overall,all,edges_az135_225,8,202,4,ellow-radmid-az225 + elmid-radnear-az225 + elhigh-radmid-az135 + elhigh-radmid-az225,1,ellow-radmid-az135,203,5,ellow-radmid-az135 + ellow-radmid-az225 + elmid-radnear-az225 + elhigh-radmid-az135 + elhigh-radmid-az225,0.5785123483002925,0.68219855557629,0.10368620727599753,3
overall,all,edges_az135_225,8,202,4,ellow-radmid-az225 + elmid-radnear-az225 + elhigh-radmid-az135 + elhigh-radmid-az225,5,elmid-radfar-az135,218,5,ellow-radmid-az225 + elmid-radnear-az225 + elmid-radfar-az135 + elhigh-radmid-az135 + elhigh-radmid-az225,0.5785123483002925,0.6583264644508269,0.07981411615053435,4
overall,all,edges_az135_225,8,204,4,elmid-radnear-az135 + elmid-radnear-az225 + elhigh-radmid-az135 + elhigh-radmid-az225,6,elmid-radfar-az225,236,5,elmid-radnear-az135 + elmid-radnear-az225 + elmid-radfar-az225 + elhigh-radmid-az135 + elhigh-radmid-az225,0.6359783574614969,0.7382158299027942,0.10223747244129733,1
overall,all,edges_az135_225,8,204,4,elmid-radnear-az135 + elmid-radnear-az225 + elhigh-radmid-az135 + elhigh-radmid-az225,1,ellow-radmid-az135,205,5,ellow-radmid-az135 + elmid-radnear-az135 + elmid-radnear-az225 + elhigh-radmid-az135 + elhigh-radmid-az225,0.6359783574614969,0.7304163337568939,0.09443797629539696,2
overall,all,edges_az135_225,8,204,4,elmid-radnear-az135 + elmid-radnear-az225 + elhigh-radmid-az135 + elhigh-radmid-az225,2,ellow-radmid-az225,206,5,ellow-radmid-az225 + elmid-radnear-az135 + elmid-radnear-az225 + elhigh-radmid-az135 + elhigh-radmid-az225,0.6359783574614969,0.7298581839095495,0.0938798264480526,3
overall,all,edges_az135_225,8,204,4,elmid-radnear-az135 + elmid-radnear-az225 + elhigh-radmid-az135 + elhigh-radmid-az225,5,elmid-radfar-az135,220,5,elmid-radnear-az135 + elmid-radnear-az225 + elmid-radfar-az135 + elhigh-radmid-az135 + elhigh-radmid-az225,0.6359783574614969,0.7179782163572123,0.08199985889571537,4
overall,all,edges_az135_225,8,209,4,ellow-radmid-az135 + elmid-radfar-az135 + elhigh-radmid-az135 + elhigh-radmid-az225,3,elmid-radnear-az135,213,5,ellow-radmid-az135 + elmid-radnear-az135 + elmid-radfar-az135 + elhigh-radmid-az135 + elhigh-radmid-az225,0.5915209260228577,0.7241317141188723,0.13261078809601468,1
overall,all,edges_az135_225,8,209,4,ellow-radmid-az135 + elmid-radfar-az135 + elhigh-radmid-az135 + elhigh-radmid-az225,6,elmid-radfar-az225,241,5,ellow-radmid-az135 + elmid-radfar-az135 + elmid-radfar-az225 + elhigh-radmid-az135 + elhigh-radmid-az225,0.5915209260228577,0.7002100752840973,0.10868914926123963,2
overall,all,edges_az135_225,8,209,4,ellow-radmid-az135 + elmid-radfar-az135 + elhigh-radmid-az135 + elhigh-radmid-az225,4,elmid-radnear-az225,217,5,ellow-radmid-az135 + elmid-radnear-az225 + elmid-radfar-az135 + elhigh-radmid-az135 + elhigh-radmid-az225,0.5915209260228577,0.6775102206273402,0.08598929460448257,3
overall,all,edges_az135_225,8,209,4,ellow-radmid-az135 + elmid-radfar-az135 + elhigh-radmid-az135 + elhigh-radmid-az225,2,ellow-radmid-az225,211,5,ellow-radmid-az135 + ellow-radmid-az225 + elmid-radfar-az135 + elhigh-radmid-az135 + elhigh-radmid-az225,0.5915209260228577,0.6707524907538662,0.07923156473100856,4
overall,all,edges_az135_225,8,210,4,ellow-radmid-az225 + elmid-radfar-az135 + elhigh-radmid-az135 + elhigh-radmid-az225,3,elmid-radnear-az135,214,5,ellow-radmid-az225 + elmid-radnear-az135 + elmid-radfar-az135 + elhigh-radmid-az135 + elhigh-radmid-az225,0.5783548574497737,0.7208749123145216,0.14252005486474795,1
overall,all,edges_az135_225,8,210,4,ellow-radmid-az225 + elmid-radfar-az135 + elhigh-radmid-az135 + elhigh-radmid-az225,6,elmid-radfar-az225,242,5,ellow-radmid-az225 + elmid-radfar-az135 + elmid-radfar-az225 + elhigh-radmid-az135 + elhigh-radmid-az225,0.5783548574497737,0.6848344912730236,0.10647963382324999,2
overall,all,edges_az135_225,8,210,4,ellow-radmid-az225 + elmid-radfar-az135 + elhigh-radmid-az135 + elhigh-radmid-az225,1,ellow-radmid-az135,211,5,ellow-radmid-az135 + ellow-radmid-az225 + elmid-radfar-az135 + elhigh-radmid-az135 + elhigh-radmid-az225,0.5783548574497737,0.6707524907538662,0.09239763330409256,3
overall,all,edges_az135_225,8,210,4,ellow-radmid-az225 + elmid-radfar-az135 + elhigh-radmid-az135 + elhigh-radmid-az225,4,elmid-radnear-az225,218,5,ellow-radmid-az225 + elmid-radnear-az225 + elmid-radfar-az135 + elhigh-radmid-az135 + elhigh-radmid-az225,0.5783548574497737,0.6583264644508269,0.07997160700105321,4
overall,all,edges_az135_225,8,212,4,elmid-radnear-az135 + elmid-radfar-az135 + elhigh-radmid-az135 + elhigh-radmid-az225,6,elmid-radfar-az225,244,5,elmid-radnear-az135 + elmid-radfar-az135 + elmid-radfar-az225 + elhigh-radmid-az135 + elhigh-radmid-az225,0.6430817330038349,0.7432470131851072,0.10016528018127235,1
overall,all,edges_az135_225,8,212,4,elmid-radnear-az135 + elmid-radfar-az135 + elhigh-radmid-az135 + elhigh-radmid-az225,1,ellow-radmid-az135,213,5,ellow-radmid-az135 + elmid-radnear-az135 + elmid-radfar-az135 + elhigh-radmid-az135 + elhigh-radmid-az225,0.6430817330038349,0.7241317141188723,0.08104998111503747,2
overall,all,edges_az135_225,8,212,4,elmid-radnear-az135 + elmid-radfar-az135 + elhigh-radmid-az135 + elhigh-radmid-az225,2,ellow-radmid-az225,214,5,ellow-radmid-az225 + elmid-radnear-az135 + elmid-radfar-az135 + elhigh-radmid-az135 + elhigh-radmid-az225,0.6430817330038349,0.7208749123145216,0.07779317931068674,3
overall,all,edges_az135_225,8,212,4,elmid-radnear-az135 + elmid-radfar-az135 + elhigh-radmid-az135 + elhigh-radmid-az225,4,elmid-radnear-az225,220,5,elmid-radnear-az135 + elmid-radnear-az225 + elmid-radfar-az135 + elhigh-radmid-az135 + elhigh-radmid-az225,0.6430817330038349,0.7179782163572123,0.0748964833533774,4
overall,all,edges_az135_225,8,216,4,elmid-radnear-az225 + elmid-radfar-az135 + elhigh-radmid-az135 + elhigh-radmid-az225,3,elmid-radnear-az135,220,5,elmid-radnear-az135 + elmid-radnear-az225 + elmid-radfar-az135 + elhigh-radmid-az135 + elhigh-radmid-az225,0.5786265493128185,0.7179782163572123,0.13935166704439372,1
overall,all,edges_az135_225,8,216,4,elmid-radnear-az225 + elmid-radfar-az135 + elhigh-radmid-az135 + elhigh-radmid-az225,6,elmid-radfar-az225,248,5,elmid-radnear-az225 + elmid-radfar-az135 + elmid-radfar-az225 + elhigh-radmid-az135 + elhigh-radmid-az225,0.5786265493128185,0.689526361399852,0.11089981208703348,2
overall,all,edges_az135_225,8,216,4,elmid-radnear-az225 + elmid-radfar-az135 + elhigh-radmid-az135 + elhigh-radmid-az225,1,ellow-radmid-az135,217,5,ellow-radmid-az135 + elmid-radnear-az225 + elmid-radfar-az135 + elhigh-radmid-az135 + elhigh-radmid-az225,0.5786265493128185,0.6775102206273402,0.09888367131452169,3
overall,all,edges_az135_225,8,216,4,elmid-radnear-az225 + elmid-radfar-az135 + elhigh-radmid-az135 + elhigh-radmid-az225,2,ellow-radmid-az225,218,5,ellow-radmid-az225 + elmid-radnear-az225 + elmid-radfar-az135 + elhigh-radmid-az135 + elhigh-radmid-az225,0.5786265493128185,0.6583264644508269,0.07969991513800834,4
overall,all,edges_az135_225,8,225,4,ellow-radmid-az135 + elmid-radfar-az225 + elhigh-radmid-az135 + elhigh-radmid-az225,3,elmid-radnear-az135,229,5,ellow-radmid-az135 + elmid-radnear-az135 + elmid-radfar-az225 + elhigh-radmid-az135 + elhigh-radmid-az225,0.6248185363827982,0.7464794933872602,0.121660957004462,1
overall,all,edges_az135_225,8,225,4,ellow-radmid-az135 + elmid-radfar-az225 + elhigh-radmid-az135 + elhigh-radmid-az225,4,elmid-radnear-az225,233,5,ellow-radmid-az135 + elmid-radnear-az225 + elmid-radfar-az225 + elhigh-radmid-az135 + elhigh-radmid-az225,0.6248185363827982,0.7032367677962864,0.07841823141348825,2
overall,all,edges_az135_225,8,225,4,ellow-radmid-az135 + elmid-radfar-az225 + elhigh-radmid-az135 + elhigh-radmid-az225,5,elmid-radfar-az135,241,5,ellow-radmid-az135 + elmid-radfar-az135 + elmid-radfar-az225 + elhigh-radmid-az135 + elhigh-radmid-az225,0.6248185363827982,0.7002100752840973,0.07539153890129913,3
overall,all,edges_az135_225,8,225,4,ellow-radmid-az135 + elmid-radfar-az225 + elhigh-radmid-az135 + elhigh-radmid-az225,2,ellow-radmid-az225,227,5,ellow-radmid-az135 + ellow-radmid-az225 + elmid-radfar-az225 + elhigh-radmid-az135 + elhigh-radmid-az225,0.6248185363827982,0.6988195791050802,0.07400104272228203,4
overall,all,edges_az135_225,8,226,4,ellow-radmid-az225 + elmid-radfar-az225 + elhigh-radmid-az135 + elhigh-radmid-az225,3,elmid-radnear-az135,230,5,ellow-radmid-az225 + elmid-radnear-az135 + elmid-radfar-az225 + elhigh-radmid-az135 + elhigh-radmid-az225,0.6145654325555268,0.7588263133250998,0.144260880769573,1
overall,all,edges_az135_225,8,226,4,ellow-radmid-az225 + elmid-radfar-az225 + elhigh-radmid-az135 + elhigh-radmid-az225,1,ellow-radmid-az135,227,5,ellow-radmid-az135 + ellow-radmid-az225 + elmid-radfar-az225 + elhigh-radmid-az135 + elhigh-radmid-az225,0.6145654325555268,0.6988195791050802,0.08425414654955343,2
overall,all,edges_az135_225,8,226,4,ellow-radmid-az225 + elmid-radfar-az225 + elhigh-radmid-az135 + elhigh-radmid-az225,4,elmid-radnear-az225,234,5,ellow-radmid-az225 + elmid-radnear-az225 + elmid-radfar-az225 + elhigh-radmid-az135 + elhigh-radmid-az225,0.6145654325555268,0.6869657899867375,0.07240035743121076,3
overall,all,edges_az135_225,8,226,4,ellow-radmid-az225 + elmid-radfar-az225 + elhigh-radmid-az135 + elhigh-radmid-az225,5,elmid-radfar-az135,242,5,ellow-radmid-az225 + elmid-radfar-az135 + elmid-radfar-az225 + elhigh-radmid-az135 + elhigh-radmid-az225,0.6145654325555268,0.6848344912730236,0.07026905871749689,4
overall,all,edges_az135_225,8,228,4,elmid-radnear-az135 + elmid-radfar-az225 + elhigh-radmid-az135 + elhigh-radmid-az225,2,ellow-radmid-az225,230,5,ellow-radmid-az225 + elmid-radnear-az135 + elmid-radfar-az225 + elhigh-radmid-az135 + elhigh-radmid-az225,0.6714735778183073,0.7588263133250998,0.08735273550679246,1
overall,all,edges_az135_225,8,228,4,elmid-radnear-az135 + elmid-radfar-az225 + elhigh-radmid-az135 + elhigh-radmid-az225,1,ellow-radmid-az135,229,5,ellow-radmid-az135 + elmid-radnear-az135 + elmid-radfar-az225 + elhigh-radmid-az135 + elhigh-radmid-az225,0.6714735778183073,0.7464794933872602,0.07500591556895286,2
overall,all,edges_az135_225,8,228,4,elmid-radnear-az135 + elmid-radfar-az225 + elhigh-radmid-az135 + elhigh-radmid-az225,5,elmid-radfar-az135,244,5,elmid-radnear-az135 + elmid-radfar-az135 + elmid-radfar-az225 + elhigh-radmid-az135 + elhigh-radmid-az225,0.6714735778183073,0.7432470131851072,0.07177343536679992,3
overall,all,edges_az135_225,8,228,4,elmid-radnear-az135 + elmid-radfar-az225 + elhigh-radmid-az135 + elhigh-radmid-az225,4,elmid-radnear-az225,236,5,elmid-radnear-az135 + elmid-radnear-az225 + elmid-radfar-az225 + elhigh-radmid-az135 + elhigh-radmid-az225,0.6714735778183073,0.7382158299027942,0.06674225208448692,4
overall,all,edges_az135_225,8,232,4,elmid-radnear-az225 + elmid-radfar-az225 + elhigh-radmid-az135 + elhigh-radmid-az225,3,elmid-radnear-az135,236,5,elmid-radnear-az135 + elmid-radnear-az225 + elmid-radfar-az225 + elhigh-radmid-az135 + elhigh-radmid-az225,0.6037649462458131,0.7382158299027942,0.1344508836569811,1
overall,all,edges_az135_225,8,232,4,elmid-radnear-az225 + elmid-radfar-az225 + elhigh-radmid-az135 + elhigh-radmid-az225,1,ellow-radmid-az135,233,5,ellow-radmid-az135 + elmid-radnear-az225 + elmid-radfar-az225 + elhigh-radmid-az135 + elhigh-radmid-az225,0.6037649462458131,0.7032367677962864,0.0994718215504733,2
overall,all,edges_az135_225,8,232,4,elmid-radnear-az225 + elmid-radfar-az225 + elhigh-radmid-az135 + elhigh-radmid-az225,5,elmid-radfar-az135,248,5,elmid-radnear-az225 + elmid-radfar-az135 + elmid-radfar-az225 + elhigh-radmid-az135 + elhigh-radmid-az225,0.6037649462458131,0.689526361399852,0.0857614151540389,3
overall,all,edges_az135_225,8,232,4,elmid-radnear-az225 + elmid-radfar-az225 + elhigh-radmid-az135 + elhigh-radmid-az225,2,ellow-radmid-az225,234,5,ellow-radmid-az225 + elmid-radnear-az225 + elmid-radfar-az225 + elhigh-radmid-az135 + elhigh-radmid-az225,0.6037649462458131,0.6869657899867375,0.0832008437409244,4
overall,all,edges_az135_225,8,240,4,elmid-radfar-az135 + elmid-radfar-az225 + elhigh-radmid-az135 + elhigh-radmid-az225,3,elmid-radnear-az135,244,5,elmid-radnear-az135 + elmid-radfar-az135 + elmid-radfar-az225 + elhigh-radmid-az135 + elhigh-radmid-az225,0.617646147920009,0.7432470131851072,0.12560086526509817,1
overall,all,edges_az135_225,8,240,4,elmid-radfar-az135 + elmid-radfar-az225 + elhigh-radmid-az135 + elhigh-radmid-az225,1,ellow-radmid-az135,241,5,ellow-radmid-az135 + elmid-radfar-az135 + elmid-radfar-az225 + elhigh-radmid-az135 + elhigh-radmid-az225,0.617646147920009,0.7002100752840973,0.08256392736408824,2
overall,all,edges_az135_225,8,240,4,elmid-radfar-az135 + elmid-radfar-az225 + elhigh-radmid-az135 + elhigh-radmid-az225,4,elmid-radnear-az225,248,5,elmid-radnear-az225 + elmid-radfar-az135 + elmid-radfar-az225 + elhigh-radmid-az135 + elhigh-radmid-az225,0.617646147920009,0.689526361399852,0.07188021347984297,3
overall,all,edges_az135_225,8,240,4,elmid-radfar-az135 + elmid-radfar-az225 + elhigh-radmid-az135 + elhigh-radmid-az225,2,ellow-radmid-az225,242,5,ellow-radmid-az225 + elmid-radfar-az135 + elmid-radfar-az225 + elhigh-radmid-az135 + elhigh-radmid-az225,0.617646147920009,0.6848344912730236,0.0671883433530146,4
overall,all,edges_az135_225,8,31,5,ellow-radmid-az135 + ellow-radmid-az225 + elmid-radnear-az135 + elmid-radnear-az225 + elmid-radfar-az135,8,elhigh-radmid-az225,159,6,ellow-radmid-az135 + ellow-radmid-az225 + elmid-radnear-az135 + elmid-radnear-az225 + elmid-radfar-az135 + elhigh-radmid-az225,0.7003481537722358,0.8019085682982501,0.10156041452601428,1
overall,all,edges_az135_225,8,31,5,ellow-radmid-az135 + ellow-radmid-az225 + elmid-radnear-az135 + elmid-radnear-az225 + elmid-radfar-az135,7,elhigh-radmid-az135,95,6,ellow-radmid-az135 + ellow-radmid-az225 + elmid-radnear-az135 + elmid-radnear-az225 + elmid-radfar-az135 + elhigh-radmid-az135,0.7003481537722358,0.7720189235488032,0.07167076977656739,2
overall,all,edges_az135_225,8,31,5,ellow-radmid-az135 + ellow-radmid-az225 + elmid-radnear-az135 + elmid-radnear-az225 + elmid-radfar-az135,6,elmid-radfar-az225,63,6,ellow-radmid-az135 + ellow-radmid-az225 + elmid-radnear-az135 + elmid-radnear-az225 + elmid-radfar-az135 + elmid-radfar-az225,0.7003481537722358,0.7690774551262687,0.06872930135403288,3
overall,all,edges_az135_225,8,47,5,ellow-radmid-az135 + ellow-radmid-az225 + elmid-radnear-az135 + elmid-radnear-az225 + elmid-radfar-az225,8,elhigh-radmid-az225,175,6,ellow-radmid-az135 + ellow-radmid-az225 + elmid-radnear-az135 + elmid-radnear-az225 + elmid-radfar-az225 + elhigh-radmid-az225,0.722718653039708,0.8283269371878528,0.10560828414814483,1
overall,all,edges_az135_225,8,47,5,ellow-radmid-az135 + ellow-radmid-az225 + elmid-radnear-az135 + elmid-radnear-az225 + elmid-radfar-az225,7,elhigh-radmid-az135,111,6,ellow-radmid-az135 + ellow-radmid-az225 + elmid-radnear-az135 + elmid-radnear-az225 + elmid-radfar-az225 + elhigh-radmid-az135,0.722718653039708,0.7829925157040066,0.06027386266429868,2
overall,all,edges_az135_225,8,47,5,ellow-radmid-az135 + ellow-radmid-az225 + elmid-radnear-az135 + elmid-radnear-az225 + elmid-radfar-az225,5,elmid-radfar-az135,63,6,ellow-radmid-az135 + ellow-radmid-az225 + elmid-radnear-az135 + elmid-radnear-az225 + elmid-radfar-az135 + elmid-radfar-az225,0.722718653039708,0.7690774551262687,0.046358802086560735,3
overall,all,edges_az135_225,8,55,5,ellow-radmid-az135 + ellow-radmid-az225 + elmid-radnear-az135 + elmid-radfar-az135 + elmid-radfar-az225,8,elhigh-radmid-az225,183,6,ellow-radmid-az135 + ellow-radmid-az225 + elmid-radnear-az135 + elmid-radfar-az135 + elmid-radfar-az225 + elhigh-radmid-az225,0.6940012445786784,0.8017177986776173,0.10771655409893888,1
overall,all,edges_az135_225,8,55,5,ellow-radmid-az135 + ellow-radmid-az225 + elmid-radnear-az135 + elmid-radfar-az135 + elmid-radfar-az225,7,elhigh-radmid-az135,119,6,ellow-radmid-az135 + ellow-radmid-az225 + elmid-radnear-az135 + elmid-radfar-az135 + elmid-radfar-az225 + elhigh-radmid-az135,0.6940012445786784,0.7692661050986527,0.07526486051997427,2
overall,all,edges_az135_225,8,55,5,ellow-radmid-az135 + ellow-radmid-az225 + elmid-radnear-az135 + elmid-radfar-az135 + elmid-radfar-az225,4,elmid-radnear-az225,63,6,ellow-radmid-az135 + ellow-radmid-az225 + elmid-radnear-az135 + elmid-radnear-az225 + elmid-radfar-az135 + elmid-radfar-az225,0.6940012445786784,0.7690774551262687,0.07507621054759028,3
overall,all,edges_az135_225,8,59,5,ellow-radmid-az135 + ellow-radmid-az225 + elmid-radnear-az225 + elmid-radfar-az135 + elmid-radfar-az225,3,elmid-radnear-az135,63,6,ellow-radmid-az135 + ellow-radmid-az225 + elmid-radnear-az135 + elmid-radnear-az225 + elmid-radfar-az135 + elmid-radfar-az225,0.6484003759269854,0.7690774551262687,0.12067707919928328,1
overall,all,edges_az135_225,8,59,5,ellow-radmid-az135 + ellow-radmid-az225 + elmid-radnear-az225 + elmid-radfar-az135 + elmid-radfar-az225,8,elhigh-radmid-az225,187,6,ellow-radmid-az135 + ellow-radmid-az225 + elmid-radnear-az225 + elmid-radfar-az135 + elmid-radfar-az225 + elhigh-radmid-az225,0.6484003759269854,0.7684229252677877,0.12002254934080225,2
overall,all,edges_az135_225,8,59,5,ellow-radmid-az135 + ellow-radmid-az225 + elmid-radnear-az225 + elmid-radfar-az135 + elmid-radfar-az225,7,elhigh-radmid-az135,123,6,ellow-radmid-az135 + ellow-radmid-az225 + elmid-radnear-az225 + elmid-radfar-az135 + elmid-radfar-az225 + elhigh-radmid-az135,0.6484003759269854,0.7161330005905799,0.06773262466359453,3
overall,all,edges_az135_225,8,61,5,ellow-radmid-az135 + elmid-radnear-az135 + elmid-radnear-az225 + elmid-radfar-az135 + elmid-radfar-az225,8,elhigh-radmid-az225,189,6,ellow-radmid-az135 + elmid-radnear-az135 + elmid-radnear-az225 + elmid-radfar-az135 + elmid-radfar-az225 + elhigh-radmid-az225,0.703438363833992,0.8109591109034393,0.10752074706944725,1
overall,all,edges_az135_225,8,61,5,ellow-radmid-az135 + elmid-radnear-az135 + elmid-radnear-az225 + elmid-radfar-az135 + elmid-radfar-az225,7,elhigh-radmid-az135,125,6,ellow-radmid-az135 + elmid-radnear-az135 + elmid-radnear-az225 + elmid-radfar-az135 + elmid-radfar-az225 + elhigh-radmid-az135,0.703438363833992,0.7706648333272577,0.0672264694932656,2
overall,all,edges_az135_225,8,61,5,ellow-radmid-az135 + elmid-radnear-az135 + elmid-radnear-az225 + elmid-radfar-az135 + elmid-radfar-az225,2,ellow-radmid-az225,63,6,ellow-radmid-az135 + ellow-radmid-az225 + elmid-radnear-az135 + elmid-radnear-az225 + elmid-radfar-az135 + elmid-radfar-az225,0.703438363833992,0.7690774551262687,0.06563909129227663,3
overall,all,edges_az135_225,8,62,5,ellow-radmid-az225 + elmid-radnear-az135 + elmid-radnear-az225 + elmid-radfar-az135 + elmid-radfar-az225,8,elhigh-radmid-az225,190,6,ellow-radmid-az225 + elmid-radnear-az135 + elmid-radnear-az225 + elmid-radfar-az135 + elmid-radfar-az225 + elhigh-radmid-az225,0.6993363057078941,0.8074727052086093,0.10813639950071519,1
overall,all,edges_az135_225,8,62,5,ellow-radmid-az225 + elmid-radnear-az135 + elmid-radnear-az225 + elmid-radfar-az135 + elmid-radfar-az225,1,ellow-radmid-az135,63,6,ellow-radmid-az135 + ellow-radmid-az225 + elmid-radnear-az135 + elmid-radnear-az225 + elmid-radfar-az135 + elmid-radfar-az225,0.6993363057078941,0.7690774551262687,0.06974114941837462,2
overall,all,edges_az135_225,8,62,5,ellow-radmid-az225 + elmid-radnear-az135 + elmid-radnear-az225 + elmid-radfar-az135 + elmid-radfar-az225,7,elhigh-radmid-az135,126,6,ellow-radmid-az225 + elmid-radnear-az135 + elmid-radnear-az225 + elmid-radfar-az135 + elmid-radfar-az225 + elhigh-radmid-az135,0.6993363057078941,0.7647981274629647,0.06546182175507065,3
overall,all,edges_az135_225,8,79,5,ellow-radmid-az135 + ellow-radmid-az225 + elmid-radnear-az135 + elmid-radnear-az225 + elhigh-radmid-az135,8,elhigh-radmid-az225,207,6,ellow-radmid-az135 + ellow-radmid-az225 + elmid-radnear-az135 + elmid-radnear-az225 + elhigh-radmid-az135 + elhigh-radmid-az225,0.697799936262764,0.8086412287307931,0.1108412924680291,1
overall,all,edges_az135_225,8,79,5,ellow-radmid-az135 + ellow-radmid-az225 + elmid-radnear-az135 + elmid-radnear-az225 + elhigh-radmid-az135,6,elmid-radfar-az225,111,6,ellow-radmid-az135 + ellow-radmid-az225 + elmid-radnear-az135 + elmid-radnear-az225 + elmid-radfar-az225 + elhigh-radmid-az135,0.697799936262764,0.7829925157040066,0.08519257944124259,2
overall,all,edges_az135_225,8,79,5,ellow-radmid-az135 + ellow-radmid-az225 + elmid-radnear-az135 + elmid-radnear-az225 + elhigh-radmid-az135,5,elmid-radfar-az135,95,6,ellow-radmid-az135 + ellow-radmid-az225 + elmid-radnear-az135 + elmid-radnear-az225 + elmid-radfar-az135 + elhigh-radmid-az135,0.697799936262764,0.7720189235488032,0.07421898728603915,3
overall,all,edges_az135_225,8,87,5,ellow-radmid-az135 + ellow-radmid-az225 + elmid-radnear-az135 + elmid-radfar-az135 + elhigh-radmid-az135,8,elhigh-radmid-az225,215,6,ellow-radmid-az135 + ellow-radmid-az225 + elmid-radnear-az135 + elmid-radfar-az135 + elhigh-radmid-az135 + elhigh-radmid-az225,0.6976557862941309,0.7950015989458964,0.09734581265176545,1
overall,all,edges_az135_225,8,87,5,ellow-radmid-az135 + ellow-radmid-az225 + elmid-radnear-az135 + elmid-radfar-az135 + elhigh-radmid-az135,4,elmid-radnear-az225,95,6,ellow-radmid-az135 + ellow-radmid-az225 + elmid-radnear-az135 + elmid-radnear-az225 + elmid-radfar-az135 + elhigh-radmid-az135,0.6976557862941309,0.7720189235488032,0.07436313725467225,2
overall,all,edges_az135_225,8,87,5,ellow-radmid-az135 + ellow-radmid-az225 + elmid-radnear-az135 + elmid-radfar-az135 + elhigh-radmid-az135,6,elmid-radfar-az225,119,6,ellow-radmid-az135 + ellow-radmid-az225 + elmid-radnear-az135 + elmid-radfar-az135 + elmid-radfar-az225 + elhigh-radmid-az135,0.6976557862941309,0.7692661050986527,0.07161031880452173,3
overall,all,edges_az135_225,8,91,5,ellow-radmid-az135 + ellow-radmid-az225 + elmid-radnear-az225 + elmid-radfar-az135 + elhigh-radmid-az135,3,elmid-radnear-az135,95,6,ellow-radmid-az135 + ellow-radmid-az225 + elmid-radnear-az135 + elmid-radnear-az225 + elmid-radfar-az135 + elhigh-radmid-az135,0.6400594231136559,0.7720189235488032,0.13195950043514726,1
overall,all,edges_az135_225,8,91,5,ellow-radmid-az135 + ellow-radmid-az225 + elmid-radnear-az225 + elmid-radfar-az135 + elhigh-radmid-az135,8,elhigh-radmid-az225,219,6,ellow-radmid-az135 + ellow-radmid-az225 + elmid-radnear-az225 + elmid-radfar-az135 + elhigh-radmid-az135 + elhigh-radmid-az225,0.6400594231136559,0.750286841281686,0.11022741816803006,2
overall,all,edges_az135_225,8,91,5,ellow-radmid-az135 + ellow-radmid-az225 + elmid-radnear-az225 + elmid-radfar-az135 + elhigh-radmid-az135,6,elmid-radfar-az225,123,6,ellow-radmid-az135 + ellow-radmid-az225 + elmid-radnear-az225 + elmid-radfar-az135 + elmid-radfar-az225 + elhigh-radmid-az135,0.6400594231136559,0.7161330005905799,0.076073577476924,3
overall,all,edges_az135_225,8,93,5,ellow-radmid-az135 + elmid-radnear-az135 + elmid-radnear-az225 + elmid-radfar-az135 + elhigh-radmid-az135,8,elhigh-radmid-az225,221,6,ellow-radmid-az135 + elmid-radnear-az135 + elmid-radnear-az225 + elmid-radfar-az135 + elhigh-radmid-az135 + elhigh-radmid-az225,0.6947929496214371,0.7985909409990162,0.10379799137757906,1
overall,all,edges_az135_225,8,93,5,ellow-radmid-az135 + elmid-radnear-az135 + elmid-radnear-az225 + elmid-radfar-az135 + elhigh-radmid-az135,2,ellow-radmid-az225,95,6,ellow-radmid-az135 + ellow-radmid-az225 + elmid-radnear-az135 + elmid-radnear-az225 + elmid-radfar-az135 + elhigh-radmid-az135,0.6947929496214371,0.7720189235488032,0.07722597392736608,2
overall,all,edges_az135_225,8,93,5,ellow-radmid-az135 + elmid-radnear-az135 + elmid-radnear-az225 + elmid-radfar-az135 + elhigh-radmid-az135,6,elmid-radfar-az225,125,6,ellow-radmid-az135 + elmid-radnear-az135 + elmid-radnear-az225 + elmid-radfar-az135 + elmid-radfar-az225 + elhigh-radmid-az135,0.6947929496214371,0.7706648333272577,0.07587188370582054,3
overall,all,edges_az135_225,8,94,5,ellow-radmid-az225 + elmid-radnear-az135 + elmid-radnear-az225 + elmid-radfar-az135 + elhigh-radmid-az135,8,elhigh-radmid-az225,222,6,ellow-radmid-az225 + elmid-radnear-az135 + elmid-radnear-az225 + elmid-radfar-az135 + elhigh-radmid-az135 + elhigh-radmid-az225,0.6909642453522752,0.7893293956999855,0.09836515034771032,1
overall,all,edges_az135_225,8,94,5,ellow-radmid-az225 + elmid-radnear-az135 + elmid-radnear-az225 + elmid-radfar-az135 + elhigh-radmid-az135,1,ellow-radmid-az135,95,6,ellow-radmid-az135 + ellow-radmid-az225 + elmid-radnear-az135 + elmid-radnear-az225 + elmid-radfar-az135 + elhigh-radmid-az135,0.6909642453522752,0.7720189235488032,0.08105467819652801,2
overall,all,edges_az135_225,8,94,5,ellow-radmid-az225 + elmid-radnear-az135 + elmid-radnear-az225 + elmid-radfar-az135 + elhigh-radmid-az135,6,elmid-radfar-az225,126,6,ellow-radmid-az225 + elmid-radnear-az135 + elmid-radnear-az225 + elmid-radfar-az135 + elmid-radfar-az225 + elhigh-radmid-az135,0.6909642453522752,0.7647981274629647,0.07383388211068953,3
overall,all,edges_az135_225,8,103,5,ellow-radmid-az135 + ellow-radmid-az225 + elmid-radnear-az135 + elmid-radfar-az225 + elhigh-radmid-az135,8,elhigh-radmid-az225,231,6,ellow-radmid-az135 + ellow-radmid-az225 + elmid-radnear-az135 + elmid-radfar-az225 + elhigh-radmid-az135 + elhigh-radmid-az225,0.7167836096919975,0.8181772974198995,0.10139368772790203,1
overall,all,edges_az135_225,8,103,5,ellow-radmid-az135 + ellow-radmid-az225 + elmid-radnear-az135 + elmid-radfar-az225 + elhigh-radmid-az135,4,elmid-radnear-az225,111,6,ellow-radmid-az135 + ellow-radmid-az225 + elmid-radnear-az135 + elmid-radnear-az225 + elmid-radfar-az225 + elhigh-radmid-az135,0.7167836096919975,0.7829925157040066,0.06620890601200913,2
overall,all,edges_az135_225,8,103,5,ellow-radmid-az135 + ellow-radmid-az225 + elmid-radnear-az135 + elmid-radfar-az225 + elhigh-radmid-az135,5,elmid-radfar-az135,119,6,ellow-radmid-az135 + ellow-radmid-az225 + elmid-radnear-az135 + elmid-radfar-az135 + elmid-radfar-az225 + elhigh-radmid-az135,0.7167836096919975,0.7692661050986527,0.05248249540665517,3
overall,all,edges_az135_225,8,107,5,ellow-radmid-az135 + ellow-radmid-az225 + elmid-radnear-az225 + elmid-radfar-az225 + elhigh-radmid-az135,3,elmid-radnear-az135,111,6,ellow-radmid-az135 + ellow-radmid-az225 + elmid-radnear-az135 + elmid-radnear-az225 + elmid-radfar-az225 + elhigh-radmid-az135,0.6443136152842324,0.7829925157040066,0.13867890041977426,1
overall,all,edges_az135_225,8,107,5,ellow-radmid-az135 + ellow-radmid-az225 + elmid-radnear-az225 + elmid-radfar-az225 + elhigh-radmid-az135,8,elhigh-radmid-az225,235,6,ellow-radmid-az135 + ellow-radmid-az225 + elmid-radnear-az225 + elmid-radfar-az225 + elhigh-radmid-az135 + elhigh-radmid-az225,0.6443136152842324,0.7707826800630577,0.12646906477882536,2
overall,all,edges_az135_225,8,107,5,ellow-radmid-az135 + ellow-radmid-az225 + elmid-radnear-az225 + elmid-radfar-az225 + elhigh-radmid-az135,5,elmid-radfar-az135,123,6,ellow-radmid-az135 + ellow-radmid-az225 + elmid-radnear-az225 + elmid-radfar-az135 + elmid-radfar-az225 + elhigh-radmid-az135,0.6443136152842324,0.7161330005905799,0.07181938530634757,3
overall,all,edges_az135_225,8,109,5,ellow-radmid-az135 + elmid-radnear-az135 + elmid-radnear-az225 + elmid-radfar-az225 + elhigh-radmid-az135,8,elhigh-radmid-az225,237,6,ellow-radmid-az135 + elmid-radnear-az135 + elmid-radnear-az225 + elmid-radfar-az225 + elhigh-radmid-az135 + elhigh-radmid-az225,0.7108414668098244,0.8127844889985136,0.10194302218868923,1
overall,all,edges_az135_225,8,109,5,ellow-radmid-az135 + elmid-radnear-az135 + elmid-radnear-az225 + elmid-radfar-az225 + elhigh-radmid-az135,2,ellow-radmid-az225,111,6,ellow-radmid-az135 + ellow-radmid-az225 + elmid-radnear-az135 + elmid-radnear-az225 + elmid-radfar-az225 + elhigh-radmid-az135,0.7108414668098244,0.7829925157040066,0.07215104889418222,2
overall,all,edges_az135_225,8,109,5,ellow-radmid-az135 + elmid-radnear-az135 + elmid-radnear-az225 + elmid-radfar-az225 + elhigh-radmid-az135,5,elmid-radfar-az135,125,6,ellow-radmid-az135 + elmid-radnear-az135 + elmid-radnear-az225 + elmid-radfar-az135 + elmid-radfar-az225 + elhigh-radmid-az135,0.7108414668098244,0.7706648333272577,0.05982336651743325,3
overall,all,edges_az135_225,8,110,5,ellow-radmid-az225 + elmid-radnear-az135 + elmid-radnear-az225 + elmid-radfar-az225 + elhigh-radmid-az135,8,elhigh-radmid-az225,238,6,ellow-radmid-az225 + elmid-radnear-az135 + elmid-radnear-az225 + elmid-radfar-az225 + elhigh-radmid-az135 + elhigh-radmid-az225,0.7140502603979212,0.8191265600138945,0.10507629961597331,1
overall,all,edges_az135_225,8,110,5,ellow-radmid-az225 + elmid-radnear-az135 + elmid-radnear-az225 + elmid-radfar-az225 + elhigh-radmid-az135,1,ellow-radmid-az135,111,6,ellow-radmid-az135 + ellow-radmid-az225 + elmid-radnear-az135 + elmid-radnear-az225 + elmid-radfar-az225 + elhigh-radmid-az135,0.7140502603979212,0.7829925157040066,0.06894225530608544,2
overall,all,edges_az135_225,8,110,5,ellow-radmid-az225 + elmid-radnear-az135 + elmid-radnear-az225 + elmid-radfar-az225 + elhigh-radmid-az135,5,elmid-radfar-az135,126,6,ellow-radmid-az225 + elmid-radnear-az135 + elmid-radnear-az225 + elmid-radfar-az135 + elmid-radfar-az225 + elhigh-radmid-az135,0.7140502603979212,0.7647981274629647,0.05074786706504353,3
overall,all,edges_az135_225,8,115,5,ellow-radmid-az135 + ellow-radmid-az225 + elmid-radfar-az135 + elmid-radfar-az225 + elhigh-radmid-az135,3,elmid-radnear-az135,119,6,ellow-radmid-az135 + ellow-radmid-az225 + elmid-radnear-az135 + elmid-radfar-az135 + elmid-radfar-az225 + elhigh-radmid-az135,0.6447754955408568,0.7692661050986527,0.1244906095577959,1
overall,all,edges_az135_225,8,115,5,ellow-radmid-az135 + ellow-radmid-az225 + elmid-radfar-az135 + elmid-radfar-az225 + elhigh-radmid-az135,8,elhigh-radmid-az225,243,6,ellow-radmid-az135 + ellow-radmid-az225 + elmid-radfar-az135 + elmid-radfar-az225 + elhigh-radmid-az135 + elhigh-radmid-az225,0.6447754955408568,0.7604751241534494,0.11569962861259264,2
overall,all,edges_az135_225,8,115,5,ellow-radmid-az135 + ellow-radmid-az225 + elmid-radfar-az135 + elmid-radfar-az225 + elhigh-radmid-az135,4,elmid-radnear-az225,123,6,ellow-radmid-az135 + ellow-radmid-az225 + elmid-radnear-az225 + elmid-radfar-az135 + elmid-radfar-az225 + elhigh-radmid-az135,0.6447754955408568,0.7161330005905799,0.07135750504972316,3
overall,all,edges_az135_225,8,117,5,ellow-radmid-az135 + elmid-radnear-az135 + elmid-radfar-az135 + elmid-radfar-az225 + elhigh-radmid-az135,8,elhigh-radmid-az225,245,6,ellow-radmid-az135 + elmid-radnear-az135 + elmid-radfar-az135 + elmid-radfar-az225 + elhigh-radmid-az135 + elhigh-radmid-az225,0.7043931047989959,0.8075399938764776,0.10314688907748171,1
overall,all,edges_az135_225,8,117,5,ellow-radmid-az135 + elmid-radnear-az135 + elmid-radfar-az135 + elmid-radfar-az225 + elhigh-radmid-az135,4,elmid-radnear-az225,125,6,ellow-radmid-az135 + elmid-radnear-az135 + elmid-radnear-az225 + elmid-radfar-az135 + elmid-radfar-az225 + elhigh-radmid-az135,0.7043931047989959,0.7706648333272577,0.0662717285282618,2
overall,all,edges_az135_225,8,117,5,ellow-radmid-az135 + elmid-radnear-az135 + elmid-radfar-az135 + elmid-radfar-az225 + elhigh-radmid-az135,2,ellow-radmid-az225,119,6,ellow-radmid-az135 + ellow-radmid-az225 + elmid-radnear-az135 + elmid-radfar-az135 + elmid-radfar-az225 + elhigh-radmid-az135,0.7043931047989959,0.7692661050986527,0.06487300029965681,3
overall,all,edges_az135_225,8,118,5,ellow-radmid-az225 + elmid-radnear-az135 + elmid-radfar-az135 + elmid-radfar-az225 + elhigh-radmid-az135,8,elhigh-radmid-az225,246,6,ellow-radmid-az225 + elmid-radnear-az135 + elmid-radfar-az135 + elmid-radfar-az225 + elhigh-radmid-az135 + elhigh-radmid-az225,0.7043496868736566,0.8083576625122767,0.10400797563862008,1
overall,all,edges_az135_225,8,118,5,ellow-radmid-az225 + elmid-radnear-az135 + elmid-radfar-az135 + elmid-radfar-az225 + elhigh-radmid-az135,1,ellow-radmid-az135,119,6,ellow-radmid-az135 + ellow-radmid-az225 + elmid-radnear-az135 + elmid-radfar-az135 + elmid-radfar-az225 + elhigh-radmid-az135,0.7043496868736566,0.7692661050986527,0.06491641822499605,2
overall,all,edges_az135_225,8,118,5,ellow-radmid-az225 + elmid-radnear-az135 + elmid-radfar-az135 + elmid-radfar-az225 + elhigh-radmid-az135,4,elmid-radnear-az225,126,6,ellow-radmid-az225 + elmid-radnear-az135 + elmid-radnear-az225 + elmid-radfar-az135 + elmid-radfar-az225 + elhigh-radmid-az135,0.7043496868736566,0.7647981274629647,0.060448440589308094,3
overall,all,edges_az135_225,8,121,5,ellow-radmid-az135 + elmid-radnear-az225 + elmid-radfar-az135 + elmid-radfar-az225 + elhigh-radmid-az135,8,elhigh-radmid-az225,249,6,ellow-radmid-az135 + elmid-radnear-az225 + elmid-radfar-az135 + elmid-radfar-az225 + elhigh-radmid-az135 + elhigh-radmid-az225,0.6495880405573198,0.7716530322907067,0.12206499173338692,1
overall,all,edges_az135_225,8,121,5,ellow-radmid-az135 + elmid-radnear-az225 + elmid-radfar-az135 + elmid-radfar-az225 + elhigh-radmid-az135,3,elmid-radnear-az135,125,6,ellow-radmid-az135 + elmid-radnear-az135 + elmid-radnear-az225 + elmid-radfar-az135 + elmid-radfar-az225 + elhigh-radmid-az135,0.6495880405573198,0.7706648333272577,0.12107679276993788,2
overall,all,edges_az135_225,8,121,5,ellow-radmid-az135 + elmid-radnear-az225 + elmid-radfar-az135 + elmid-radfar-az225 + elhigh-radmid-az135,2,ellow-radmid-az225,123,6,ellow-radmid-az135 + ellow-radmid-az225 + elmid-radnear-az225 + elmid-radfar-az135 + elmid-radfar-az225 + elhigh-radmid-az135,0.6495880405573198,0.7161330005905799,0.06654496003326016,3
overall,all,edges_az135_225,8,122,5,ellow-radmid-az225 + elmid-radnear-az225 + elmid-radfar-az135 + elmid-radfar-az225 + elhigh-radmid-az135,3,elmid-radnear-az135,126,6,ellow-radmid-az225 + elmid-radnear-az135 + elmid-radnear-az225 + elmid-radfar-az135 + elmid-radfar-az225 + elhigh-radmid-az135,0.6272103765930519,0.7647981274629647,0.13758775086991282,1
overall,all,edges_az135_225,8,122,5,ellow-radmid-az225 + elmid-radnear-az225 + elmid-radfar-az135 + elmid-radfar-az225 + elhigh-radmid-az135,8,elhigh-radmid-az225,250,6,ellow-radmid-az225 + elmid-radnear-az225 + elmid-radfar-az135 + elmid-radfar-az225 + elhigh-radmid-az135 + elhigh-radmid-az225,0.6272103765930519,0.7502724492097549,0.12306207261670299,2
overall,all,edges_az135_225,8,122,5,ellow-radmid-az225 + elmid-radnear-az225 + elmid-radfar-az135 + elmid-radfar-az225 + elhigh-radmid-az135,1,ellow-radmid-az135,123,6,ellow-radmid-az135 + ellow-radmid-az225 + elmid-radnear-az225 + elmid-radfar-az135 + elmid-radfar-az225 + elhigh-radmid-az135,0.6272103765930519,0.7161330005905799,0.08892262399752804,3
overall,all,edges_az135_225,8,124,5,elmid-radnear-az135 + elmid-radnear-az225 + elmid-radfar-az135 + elmid-radfar-az225 + elhigh-radmid-az135,8,elhigh-radmid-az225,252,6,elmid-radnear-az135 + elmid-radnear-az225 + elmid-radfar-az135 + elmid-radfar-az225 + elhigh-radmid-az135 + elhigh-radmid-az225,0.6994438610707342,0.803610061206526,0.10416620013579181,1
overall,all,edges_az135_225,8,124,5,elmid-radnear-az135 + elmid-radnear-az225 + elmid-radfar-az135 + elmid-radfar-az225 + elhigh-radmid-az135,1,ellow-radmid-az135,125,6,ellow-radmid-az135 + elmid-radnear-az135 + elmid-radnear-az225 + elmid-radfar-az135 + elmid-radfar-az225 + elhigh-radmid-az135,0.6994438610707342,0.7706648333272577,0.07122097225652346,2
overall,all,edges_az135_225,8,124,5,elmid-radnear-az135 + elmid-radnear-az225 + elmid-radfar-az135 + elmid-radfar-az225 + elhigh-radmid-az135,2,ellow-radmid-az225,126,6,ellow-radmid-az225 + elmid-radnear-az135 + elmid-radnear-az225 + elmid-radfar-az135 + elmid-radfar-az225 + elhigh-radmid-az135,0.6994438610707342,0.7647981274629647,0.06535426639223052,3
overall,all,edges_az135_225,8,143,5,ellow-radmid-az135 + ellow-radmid-az225 + elmid-radnear-az135 + elmid-radnear-az225 + elhigh-radmid-az225,6,elmid-radfar-az225,175,6,ellow-radmid-az135 + ellow-radmid-az225 + elmid-radnear-az135 + elmid-radnear-az225 + elmid-radfar-az225 + elhigh-radmid-az225,0.74123329591038,0.8283269371878528,0.08709364127747277,1
overall,all,edges_az135_225,8,143,5,ellow-radmid-az135 + ellow-radmid-az225 + elmid-radnear-az135 + elmid-radnear-az225 + elhigh-radmid-az225,7,elhigh-radmid-az135,207,6,ellow-radmid-az135 + ellow-radmid-az225 + elmid-radnear-az135 + elmid-radnear-az225 + elhigh-radmid-az135 + elhigh-radmid-az225,0.74123329591038,0.8086412287307931,0.06740793282041313,2
overall,all,edges_az135_225,8,143,5,ellow-radmid-az135 + ellow-radmid-az225 + elmid-radnear-az135 + elmid-radnear-az225 + elhigh-radmid-az225,5,elmid-radfar-az135,159,6,ellow-radmid-az135 + ellow-radmid-az225 + elmid-radnear-az135 + elmid-radnear-az225 + elmid-radfar-az135 + elhigh-radmid-az225,0.74123329591038,0.8019085682982501,0.06067527238787007,3
overall,all,edges_az135_225,8,151,5,ellow-radmid-az135 + ellow-radmid-az225 + elmid-radnear-az135 + elmid-radfar-az135 + elhigh-radmid-az225,4,elmid-radnear-az225,159,6,ellow-radmid-az135 + ellow-radmid-az225 + elmid-radnear-az135 + elmid-radnear-az225 + elmid-radfar-az135 + elhigh-radmid-az225,0.7038327864643755,0.8019085682982501,0.09807578183387455,1
overall,all,edges_az135_225,8,151,5,ellow-radmid-az135 + ellow-radmid-az225 + elmid-radnear-az135 + elmid-radfar-az135 + elhigh-radmid-az225,6,elmid-radfar-az225,183,6,ellow-radmid-az135 + ellow-radmid-az225 + elmid-radnear-az135 + elmid-radfar-az135 + elmid-radfar-az225 + elhigh-radmid-az225,0.7038327864643755,0.8017177986776173,0.09788501221324175,2
overall,all,edges_az135_225,8,151,5,ellow-radmid-az135 + ellow-radmid-az225 + elmid-radnear-az135 + elmid-radfar-az135 + elhigh-radmid-az225,7,elhigh-radmid-az135,215,6,ellow-radmid-az135 + ellow-radmid-az225 + elmid-radnear-az135 + elmid-radfar-az135 + elhigh-radmid-az135 + elhigh-radmid-az225,0.7038327864643755,0.7950015989458964,0.09116881248152087,3
overall,all,edges_az135_225,8,155,5,ellow-radmid-az135 + ellow-radmid-az225 + elmid-radnear-az225 + elmid-radfar-az135 + elhigh-radmid-az225,3,elmid-radnear-az135,159,6,ellow-radmid-az135 + ellow-radmid-az225 + elmid-radnear-az135 + elmid-radnear-az225 + elmid-radfar-az135 + elhigh-radmid-az225,0.6753495662260581,0.8019085682982501,0.12655900207219195,1
overall,all,edges_az135_225,8,155,5,ellow-radmid-az135 + ellow-radmid-az225 + elmid-radnear-az225 + elmid-radfar-az135 + elhigh-radmid-az225,6,elmid-radfar-az225,187,6,ellow-radmid-az135 + ellow-radmid-az225 + elmid-radnear-az225 + elmid-radfar-az135 + elmid-radfar-az225 + elhigh-radmid-az225,0.6753495662260581,0.7684229252677877,0.09307335904172953,2
overall,all,edges_az135_225,8,155,5,ellow-radmid-az135 + ellow-radmid-az225 + elmid-radnear-az225 + elmid-radfar-az135 + elhigh-radmid-az225,7,elhigh-radmid-az135,219,6,ellow-radmid-az135 + ellow-radmid-az225 + elmid-radnear-az225 + elmid-radfar-az135 + elhigh-radmid-az135 + elhigh-radmid-az225,0.6753495662260581,0.750286841281686,0.07493727505562786,3
overall,all,edges_az135_225,8,157,5,ellow-radmid-az135 + elmid-radnear-az135 + elmid-radnear-az225 + elmid-radfar-az135 + elhigh-radmid-az225,6,elmid-radfar-az225,189,6,ellow-radmid-az135 + elmid-radnear-az135 + elmid-radnear-az225 + elmid-radfar-az135 + elmid-radfar-az225 + elhigh-radmid-az225,0.7304318468107824,0.8109591109034393,0.08052726409265687,1
overall,all,edges_az135_225,8,157,5,ellow-radmid-az135 + elmid-radnear-az135 + elmid-radnear-az225 + elmid-radfar-az135 + elhigh-radmid-az225,2,ellow-radmid-az225,159,6,ellow-radmid-az135 + ellow-radmid-az225 + elmid-radnear-az135 + elmid-radnear-az225 + elmid-radfar-az135 + elhigh-radmid-az225,0.7304318468107824,0.8019085682982501,0.07147672148746764,2
overall,all,edges_az135_225,8,157,5,ellow-radmid-az135 + elmid-radnear-az135 + elmid-radnear-az225 + elmid-radfar-az135 + elhigh-radmid-az225,7,elhigh-radmid-az135,221,6,ellow-radmid-az135 + elmid-radnear-az135 + elmid-radnear-az225 + elmid-radfar-az135 + elhigh-radmid-az135 + elhigh-radmid-az225,0.7304318468107824,0.7985909409990162,0.06815909418823374,3
overall,all,edges_az135_225,8,158,5,ellow-radmid-az225 + elmid-radnear-az135 + elmid-radnear-az225 + elmid-radfar-az135 + elhigh-radmid-az225,6,elmid-radfar-az225,190,6,ellow-radmid-az225 + elmid-radnear-az135 + elmid-radnear-az225 + elmid-radfar-az135 + elmid-radfar-az225 + elhigh-radmid-az225,0.7176170256064901,0.8074727052086093,0.08985567960211915,1
overall,all,edges_az135_225,8,158,5,ellow-radmid-az225 + elmid-radnear-az135 + elmid-radnear-az225 + elmid-radfar-az135 + elhigh-radmid-az225,1,ellow-radmid-az135,159,6,ellow-radmid-az135 + ellow-radmid-az225 + elmid-radnear-az135 + elmid-radnear-az225 + elmid-radfar-az135 + elhigh-radmid-az225,0.7176170256064901,0.8019085682982501,0.08429154269175998,2
overall,all,edges_az135_225,8,158,5,ellow-radmid-az225 + elmid-radnear-az135 + elmid-radnear-az225 + elmid-radfar-az135 + elhigh-radmid-az225,7,elhigh-radmid-az135,222,6,ellow-radmid-az225 + elmid-radnear-az135 + elmid-radnear-az225 + elmid-radfar-az135 + elhigh-radmid-az135 + elhigh-radmid-az225,0.7176170256064901,0.7893293956999855,0.0717123700934954,3
overall,all,edges_az135_225,8,167,5,ellow-radmid-az135 + ellow-radmid-az225 + elmid-radnear-az135 + elmid-radfar-az225 + elhigh-radmid-az225,4,elmid-radnear-az225,175,6,ellow-radmid-az135 + ellow-radmid-az225 + elmid-radnear-az135 + elmid-radnear-az225 + elmid-radfar-az225 + elhigh-radmid-az225,0.7534623031111966,0.8283269371878528,0.07486463407665622,1
overall,all,edges_az135_225,8,167,5,ellow-radmid-az135 + ellow-radmid-az225 + elmid-radnear-az135 + elmid-radfar-az225 + elhigh-radmid-az225,7,elhigh-radmid-az135,231,6,ellow-radmid-az135 + ellow-radmid-az225 + elmid-radnear-az135 + elmid-radfar-az225 + elhigh-radmid-az135 + elhigh-radmid-az225,0.7534623031111966,0.8181772974198995,0.06471499430870298,2
overall,all,edges_az135_225,8,167,5,ellow-radmid-az135 + ellow-radmid-az225 + elmid-radnear-az135 + elmid-radfar-az225 + elhigh-radmid-az225,5,elmid-radfar-az135,183,6,ellow-radmid-az135 + ellow-radmid-az225 + elmid-radnear-az135 + elmid-radfar-az135 + elmid-radfar-az225 + elhigh-radmid-az225,0.7534623031111966,0.8017177986776173,0.048255495566420725,3
overall,all,edges_az135_225,8,171,5,ellow-radmid-az135 + ellow-radmid-az225 + elmid-radnear-az225 + elmid-radfar-az225 + elhigh-radmid-az225,3,elmid-radnear-az135,175,6,ellow-radmid-az135 + ellow-radmid-az225 + elmid-radnear-az135 + elmid-radnear-az225 + elmid-radfar-az225 + elhigh-radmid-az225,0.7120888536609135,0.8283269371878528,0.11623808352693932,1
overall,all,edges_az135_225,8,171,5,ellow-radmid-az135 + ellow-radmid-az225 + elmid-radnear-az225 + elmid-radfar-az225 + elhigh-radmid-az225,7,elhigh-radmid-az135,235,6,ellow-radmid-az135 + ellow-radmid-az225 + elmid-radnear-az225 + elmid-radfar-az225 + elhigh-radmid-az135 + elhigh-radmid-az225,0.7120888536609135,0.7707826800630577,0.05869382640214427,2
overall,all,edges_az135_225,8,171,5,ellow-radmid-az135 + ellow-radmid-az225 + elmid-radnear-az225 + elmid-radfar-az225 + elhigh-radmid-az225,5,elmid-radfar-az135,187,6,ellow-radmid-az135 + ellow-radmid-az225 + elmid-radnear-az225 + elmid-radfar-az135 + elmid-radfar-az225 + elhigh-radmid-az225,0.7120888536609135,0.7684229252677877,0.0563340716068742,3
overall,all,edges_az135_225,8,173,5,ellow-radmid-az135 + elmid-radnear-az135 + elmid-radnear-az225 + elmid-radfar-az225 + elhigh-radmid-az225,2,ellow-radmid-az225,175,6,ellow-radmid-az135 + ellow-radmid-az225 + elmid-radnear-az135 + elmid-radnear-az225 + elmid-radfar-az225 + elhigh-radmid-az225,0.7560223019225486,0.8283269371878528,0.07230463526530417,1
overall,all,edges_az135_225,8,173,5,ellow-radmid-az135 + elmid-radnear-az135 + elmid-radnear-az225 + elmid-radfar-az225 + elhigh-radmid-az225,7,elhigh-radmid-az135,237,6,ellow-radmid-az135 + elmid-radnear-az135 + elmid-radnear-az225 + elmid-radfar-az225 + elhigh-radmid-az135 + elhigh-radmid-az225,0.7560223019225486,0.8127844889985136,0.05676218707596503,2
overall,all,edges_az135_225,8,173,5,ellow-radmid-az135 + elmid-radnear-az135 + elmid-radnear-az225 + elmid-radfar-az225 + elhigh-radmid-az225,5,elmid-radfar-az135,189,6,ellow-radmid-az135 + elmid-radnear-az135 + elmid-radnear-az225 + elmid-radfar-az135 + elmid-radfar-az225 + elhigh-radmid-az225,0.7560223019225486,0.8109591109034393,0.054936808980890706,3
overall,all,edges_az135_225,8,174,5,ellow-radmid-az225 + elmid-radnear-az135 + elmid-radnear-az225 + elmid-radfar-az225 + elhigh-radmid-az225,1,ellow-radmid-az135,175,6,ellow-radmid-az135 + ellow-radmid-az225 + elmid-radnear-az135 + elmid-radnear-az225 + elmid-radfar-az225 + elhigh-radmid-az225,0.7638750912969234,0.8283269371878528,0.06445184589092934,1
overall,all,edges_az135_225,8,174,5,ellow-radmid-az225 + elmid-radnear-az135 + elmid-radnear-az225 + elmid-radfar-az225 + elhigh-radmid-az225,7,elhigh-radmid-az135,238,6,ellow-radmid-az225 + elmid-radnear-az135 + elmid-radnear-az225 + elmid-radfar-az225 + elhigh-radmid-az135 + elhigh-radmid-az225,0.7638750912969234,0.8191265600138945,0.055251468716971064,2
overall,all,edges_az135_225,8,174,5,ellow-radmid-az225 + elmid-radnear-az135 + elmid-radnear-az225 + elmid-radfar-az225 + elhigh-radmid-az225,5,elmid-radfar-az135,190,6,ellow-radmid-az225 + elmid-radnear-az135 + elmid-radnear-az225 + elmid-radfar-az135 + elmid-radfar-az225 + elhigh-radmid-az225,0.7638750912969234,0.8074727052086093,0.04359761391168582,3
overall,all,edges_az135_225,8,179,5,ellow-radmid-az135 + ellow-radmid-az225 + elmid-radfar-az135 + elmid-radfar-az225 + elhigh-radmid-az225,3,elmid-radnear-az135,183,6,ellow-radmid-az135 + ellow-radmid-az225 + elmid-radnear-az135 + elmid-radfar-az135 + elmid-radfar-az225 + elhigh-radmid-az225,0.6883595970767983,0.8017177986776173,0.113358201600819,1
overall,all,edges_az135_225,8,179,5,ellow-radmid-az135 + ellow-radmid-az225 + elmid-radfar-az135 + elmid-radfar-az225 + elhigh-radmid-az225,4,elmid-radnear-az225,187,6,ellow-radmid-az135 + ellow-radmid-az225 + elmid-radnear-az225 + elmid-radfar-az135 + elmid-radfar-az225 + elhigh-radmid-az225,0.6883595970767983,0.7684229252677877,0.08006332819098938,2
overall,all,edges_az135_225,8,179,5,ellow-radmid-az135 + ellow-radmid-az225 + elmid-radfar-az135 + elmid-radfar-az225 + elhigh-radmid-az225,7,elhigh-radmid-az135,243,6,ellow-radmid-az135 + ellow-radmid-az225 + elmid-radfar-az135 + elmid-radfar-az225 + elhigh-radmid-az135 + elhigh-radmid-az225,0.6883595970767983,0.7604751241534494,0.07211552707665114,3
overall,all,edges_az135_225,8,181,5,ellow-radmid-az135 + elmid-radnear-az135 + elmid-radfar-az135 + elmid-radfar-az225 + elhigh-radmid-az225,4,elmid-radnear-az225,189,6,ellow-radmid-az135 + elmid-radnear-az135 + elmid-radnear-az225 + elmid-radfar-az135 + elmid-radfar-az225 + elhigh-radmid-az225,0.7364816072057532,0.8109591109034393,0.07447750369768613,1
overall,all,edges_az135_225,8,181,5,ellow-radmid-az135 + elmid-radnear-az135 + elmid-radfar-az135 + elmid-radfar-az225 + elhigh-radmid-az225,7,elhigh-radmid-az135,245,6,ellow-radmid-az135 + elmid-radnear-az135 + elmid-radfar-az135 + elmid-radfar-az225 + elhigh-radmid-az135 + elhigh-radmid-az225,0.7364816072057532,0.8075399938764776,0.0710583866707244,2
overall,all,edges_az135_225,8,181,5,ellow-radmid-az135 + elmid-radnear-az135 + elmid-radfar-az135 + elmid-radfar-az225 + elhigh-radmid-az225,2,ellow-radmid-az225,183,6,ellow-radmid-az135 + ellow-radmid-az225 + elmid-radnear-az135 + elmid-radfar-az135 + elmid-radfar-az225 + elhigh-radmid-az225,0.7364816072057532,0.8017177986776173,0.0652361914718641,3
overall,all,edges_az135_225,8,182,5,ellow-radmid-az225 + elmid-radnear-az135 + elmid-radfar-az135 + elmid-radfar-az225 + elhigh-radmid-az225,7,elhigh-radmid-az135,246,6,ellow-radmid-az225 + elmid-radnear-az135 + elmid-radfar-az135 + elmid-radfar-az225 + elhigh-radmid-az135 + elhigh-radmid-az225,0.7335290140229644,0.8083576625122767,0.07482864848931225,1
overall,all,edges_az135_225,8,182,5,ellow-radmid-az225 + elmid-radnear-az135 + elmid-radfar-az135 + elmid-radfar-az225 + elhigh-radmid-az225,4,elmid-radnear-az225,190,6,ellow-radmid-az225 + elmid-radnear-az135 + elmid-radnear-az225 + elmid-radfar-az135 + elmid-radfar-az225 + elhigh-radmid-az225,0.7335290140229644,0.8074727052086093,0.07394369118564481,2
overall,all,edges_az135_225,8,182,5,ellow-radmid-az225 + elmid-radnear-az135 + elmid-radfar-az135 + elmid-radfar-az225 + elhigh-radmid-az225,1,ellow-radmid-az135,183,6,ellow-radmid-az135 + ellow-radmid-az225 + elmid-radnear-az135 + elmid-radfar-az135 + elmid-radfar-az225 + elhigh-radmid-az225,0.7335290140229644,0.8017177986776173,0.06818878465465283,3
overall,all,edges_az135_225,8,185,5,ellow-radmid-az135 + elmid-radnear-az225 + elmid-radfar-az135 + elmid-radfar-az225 + elhigh-radmid-az225,3,elmid-radnear-az135,189,6,ellow-radmid-az135 + elmid-radnear-az135 + elmid-radnear-az225 + elmid-radfar-az135 + elmid-radfar-az225 + elhigh-radmid-az225,0.6977555992843281,0.8109591109034393,0.11320351161911124,1
overall,all,edges_az135_225,8,185,5,ellow-radmid-az135 + elmid-radnear-az225 + elmid-radfar-az135 + elmid-radfar-az225 + elhigh-radmid-az225,7,elhigh-radmid-az135,249,6,ellow-radmid-az135 + elmid-radnear-az225 + elmid-radfar-az135 + elmid-radfar-az225 + elhigh-radmid-az135 + elhigh-radmid-az225,0.6977555992843281,0.7716530322907067,0.07389743300637863,2
overall,all,edges_az135_225,8,185,5,ellow-radmid-az135 + elmid-radnear-az225 + elmid-radfar-az135 + elmid-radfar-az225 + elhigh-radmid-az225,2,ellow-radmid-az225,187,6,ellow-radmid-az135 + ellow-radmid-az225 + elmid-radnear-az225 + elmid-radfar-az135 + elmid-radfar-az225 + elhigh-radmid-az225,0.6977555992843281,0.7684229252677877,0.0706673259834596,3
overall,all,edges_az135_225,8,186,5,ellow-radmid-az225 + elmid-radnear-az225 + elmid-radfar-az135 + elmid-radfar-az225 + elhigh-radmid-az225,3,elmid-radnear-az135,190,6,ellow-radmid-az225 + elmid-radnear-az135 + elmid-radnear-az225 + elmid-radfar-az135 + elmid-radfar-az225 + elhigh-radmid-az225,0.6874062498838132,0.8074727052086093,0.1200664553247961,1
overall,all,edges_az135_225,8,186,5,ellow-radmid-az225 + elmid-radnear-az225 + elmid-radfar-az135 + elmid-radfar-az225 + elhigh-radmid-az225,1,ellow-radmid-az135,187,6,ellow-radmid-az135 + ellow-radmid-az225 + elmid-radnear-az225 + elmid-radfar-az135 + elmid-radfar-az225 + elhigh-radmid-az225,0.6874062498838132,0.7684229252677877,0.0810166753839745,2
overall,all,edges_az135_225,8,186,5,ellow-radmid-az225 + elmid-radnear-az225 + elmid-radfar-az135 + elmid-radfar-az225 + elhigh-radmid-az225,7,elhigh-radmid-az135,250,6,ellow-radmid-az225 + elmid-radnear-az225 + elmid-radfar-az135 + elmid-radfar-az225 + elhigh-radmid-az135 + elhigh-radmid-az225,0.6874062498838132,0.7502724492097549,0.06286619932594173,3
overall,all,edges_az135_225,8,188,5,elmid-radnear-az135 + elmid-radnear-az225 + elmid-radfar-az135 + elmid-radfar-az225 + elhigh-radmid-az225,1,ellow-radmid-az135,189,6,ellow-radmid-az135 + elmid-radnear-az135 + elmid-radnear-az225 + elmid-radfar-az135 + elmid-radfar-az225 + elhigh-radmid-az225,0.7417548497018525,0.8109591109034393,0.06920426120158685,1
overall,all,edges_az135_225,8,188,5,elmid-radnear-az135 + elmid-radnear-az225 + elmid-radfar-az135 + elmid-radfar-az225 + elhigh-radmid-az225,2,ellow-radmid-az225,190,6,ellow-radmid-az225 + elmid-radnear-az135 + elmid-radnear-az225 + elmid-radfar-az135 + elmid-radfar-az225 + elhigh-radmid-az225,0.7417548497018525,0.8074727052086093,0.0657178555067568,2
overall,all,edges_az135_225,8,188,5,elmid-radnear-az135 + elmid-radnear-az225 + elmid-radfar-az135 + elmid-radfar-az225 + elhigh-radmid-az225,7,elhigh-radmid-az135,252,6,elmid-radnear-az135 + elmid-radnear-az225 + elmid-radfar-az135 + elmid-radfar-az225 + elhigh-radmid-az135 + elhigh-radmid-az225,0.7417548497018525,0.803610061206526,0.061855211504673546,3
overall,all,edges_az135_225,8,199,5,ellow-radmid-az135 + ellow-radmid-az225 + elmid-radnear-az135 + elhigh-radmid-az135 + elhigh-radmid-az225,6,elmid-radfar-az225,231,6,ellow-radmid-az135 + ellow-radmid-az225 + elmid-radnear-az135 + elmid-radfar-az225 + elhigh-radmid-az135 + elhigh-radmid-az225,0.7342448228538536,0.8181772974198995,0.08393247456604591,1
overall,all,edges_az135_225,8,199,5,ellow-radmid-az135 + ellow-radmid-az225 + elmid-radnear-az135 + elhigh-radmid-az135 + elhigh-radmid-az225,4,elmid-radnear-az225,207,6,ellow-radmid-az135 + ellow-radmid-az225 + elmid-radnear-az135 + elmid-radnear-az225 + elhigh-radmid-az135 + elhigh-radmid-az225,0.7342448228538536,0.8086412287307931,0.07439640587693952,2
overall,all,edges_az135_225,8,199,5,ellow-radmid-az135 + ellow-radmid-az225 + elmid-radnear-az135 + elhigh-radmid-az135 + elhigh-radmid-az225,5,elmid-radfar-az135,215,6,ellow-radmid-az135 + ellow-radmid-az225 + elmid-radnear-az135 + elmid-radfar-az135 + elhigh-radmid-az135 + elhigh-radmid-az225,0.7342448228538536,0.7950015989458964,0.060756776092042775,3
overall,all,edges_az135_225,8,203,5,ellow-radmid-az135 + ellow-radmid-az225 + elmid-radnear-az225 + elhigh-radmid-az135 + elhigh-radmid-az225,3,elmid-radnear-az135,207,6,ellow-radmid-az135 + ellow-radmid-az225 + elmid-radnear-az135 + elmid-radnear-az225 + elhigh-radmid-az135 + elhigh-radmid-az225,0.68219855557629,0.8086412287307931,0.12644267315450308,1
overall,all,edges_az135_225,8,203,5,ellow-radmid-az135 + ellow-radmid-az225 + elmid-radnear-az225 + elhigh-radmid-az135 + elhigh-radmid-az225,6,elmid-radfar-az225,235,6,ellow-radmid-az135 + ellow-radmid-az225 + elmid-radnear-az225 + elmid-radfar-az225 + elhigh-radmid-az135 + elhigh-radmid-az225,0.68219855557629,0.7707826800630577,0.08858412448676767,2
overall,all,edges_az135_225,8,203,5,ellow-radmid-az135 + ellow-radmid-az225 + elmid-radnear-az225 + elhigh-radmid-az135 + elhigh-radmid-az225,5,elmid-radfar-az135,219,6,ellow-radmid-az135 + ellow-radmid-az225 + elmid-radnear-az225 + elmid-radfar-az135 + elhigh-radmid-az135 + elhigh-radmid-az225,0.68219855557629,0.750286841281686,0.06808828570539593,3
overall,all,edges_az135_225,8,205,5,ellow-radmid-az135 + elmid-radnear-az135 + elmid-radnear-az225 + elhigh-radmid-az135 + elhigh-radmid-az225,6,elmid-radfar-az225,237,6,ellow-radmid-az135 + elmid-radnear-az135 + elmid-radnear-az225 + elmid-radfar-az225 + elhigh-radmid-az135 + elhigh-radmid-az225,0.7304163337568939,0.8127844889985136,0.08236815524161978,1
overall,all,edges_az135_225,8,205,5,ellow-radmid-az135 + elmid-radnear-az135 + elmid-radnear-az225 + elhigh-radmid-az135 + elhigh-radmid-az225,2,ellow-radmid-az225,207,6,ellow-radmid-az135 + ellow-radmid-az225 + elmid-radnear-az135 + elmid-radnear-az225 + elhigh-radmid-az135 + elhigh-radmid-az225,0.7304163337568939,0.8086412287307931,0.07822489497389928,2
overall,all,edges_az135_225,8,205,5,ellow-radmid-az135 + elmid-radnear-az135 + elmid-radnear-az225 + elhigh-radmid-az135 + elhigh-radmid-az225,5,elmid-radfar-az135,221,6,ellow-radmid-az135 + elmid-radnear-az135 + elmid-radnear-az225 + elmid-radfar-az135 + elhigh-radmid-az135 + elhigh-radmid-az225,0.7304163337568939,0.7985909409990162,0.06817460724212232,3
overall,all,edges_az135_225,8,206,5,ellow-radmid-az225 + elmid-radnear-az135 + elmid-radnear-az225 + elhigh-radmid-az135 + elhigh-radmid-az225,6,elmid-radfar-az225,238,6,ellow-radmid-az225 + elmid-radnear-az135 + elmid-radnear-az225 + elmid-radfar-az225 + elhigh-radmid-az135 + elhigh-radmid-az225,0.7298581839095495,0.8191265600138945,0.08926837610434502,1
overall,all,edges_az135_225,8,206,5,ellow-radmid-az225 + elmid-radnear-az135 + elmid-radnear-az225 + elhigh-radmid-az135 + elhigh-radmid-az225,1,ellow-radmid-az135,207,6,ellow-radmid-az135 + ellow-radmid-az225 + elmid-radnear-az135 + elmid-radnear-az225 + elhigh-radmid-az135 + elhigh-radmid-az225,0.7298581839095495,0.8086412287307931,0.07878304482124365,2
overall,all,edges_az135_225,8,206,5,ellow-radmid-az225 + elmid-radnear-az135 + elmid-radnear-az225 + elhigh-radmid-az135 + elhigh-radmid-az225,5,elmid-radfar-az135,222,6,ellow-radmid-az225 + elmid-radnear-az135 + elmid-radnear-az225 + elmid-radfar-az135 + elhigh-radmid-az135 + elhigh-radmid-az225,0.7298581839095495,0.7893293956999855,0.05947121179043602,3
overall,all,edges_az135_225,8,211,5,ellow-radmid-az135 + ellow-radmid-az225 + elmid-radfar-az135 + elhigh-radmid-az135 + elhigh-radmid-az225,3,elmid-radnear-az135,215,6,ellow-radmid-az135 + ellow-radmid-az225 + elmid-radnear-az135 + elmid-radfar-az135 + elhigh-radmid-az135 + elhigh-radmid-az225,0.6707524907538662,0.7950015989458964,0.12424910819203017,1
overall,all,edges_az135_225,8,211,5,ellow-radmid-az135 + ellow-radmid-az225 + elmid-radfar-az135 + elhigh-radmid-az135 + elhigh-radmid-az225,6,elmid-radfar-az225,243,6,ellow-radmid-az135 + ellow-radmid-az225 + elmid-radfar-az135 + elmid-radfar-az225 + elhigh-radmid-az135 + elhigh-radmid-az225,0.6707524907538662,0.7604751241534494,0.0897226333995832,2
overall,all,edges_az135_225,8,211,5,ellow-radmid-az135 + ellow-radmid-az225 + elmid-radfar-az135 + elhigh-radmid-az135 + elhigh-radmid-az225,4,elmid-radnear-az225,219,6,ellow-radmid-az135 + ellow-radmid-az225 + elmid-radnear-az225 + elmid-radfar-az135 + elhigh-radmid-az135 + elhigh-radmid-az225,0.6707524907538662,0.750286841281686,0.07953435052781976,3
overall,all,edges_az135_225,8,213,5,ellow-radmid-az135 + elmid-radnear-az135 + elmid-radfar-az135 + elhigh-radmid-az135 + elhigh-radmid-az225,6,elmid-radfar-az225,245,6,ellow-radmid-az135 + elmid-radnear-az135 + elmid-radfar-az135 + elmid-radfar-az225 + elhigh-radmid-az135 + elhigh-radmid-az225,0.7241317141188723,0.8075399938764776,0.08340827975760523,1
overall,all,edges_az135_225,8,213,5,ellow-radmid-az135 + elmid-radnear-az135 + elmid-radfar-az135 + elhigh-radmid-az135 + elhigh-radmid-az225,4,elmid-radnear-az225,221,6,ellow-radmid-az135 + elmid-radnear-az135 + elmid-radnear-az225 + elmid-radfar-az135 + elhigh-radmid-az135 + elhigh-radmid-az225,0.7241317141188723,0.7985909409990162,0.07445922688014384,2
overall,all,edges_az135_225,8,213,5,ellow-radmid-az135 + elmid-radnear-az135 + elmid-radfar-az135 + elhigh-radmid-az135 + elhigh-radmid-az225,2,ellow-radmid-az225,215,6,ellow-radmid-az135 + ellow-radmid-az225 + elmid-radnear-az135 + elmid-radfar-az135 + elhigh-radmid-az135 + elhigh-radmid-az225,0.7241317141188723,0.7950015989458964,0.07086988482702405,3
overall,all,edges_az135_225,8,214,5,ellow-radmid-az225 + elmid-radnear-az135 + elmid-radfar-az135 + elhigh-radmid-az135 + elhigh-radmid-az225,6,elmid-radfar-az225,246,6,ellow-radmid-az225 + elmid-radnear-az135 + elmid-radfar-az135 + elmid-radfar-az225 + elhigh-radmid-az135 + elhigh-radmid-az225,0.7208749123145216,0.8083576625122767,0.08748275019775509,1
overall,all,edges_az135_225,8,214,5,ellow-radmid-az225 + elmid-radnear-az135 + elmid-radfar-az135 + elhigh-radmid-az135 + elhigh-radmid-az225,1,ellow-radmid-az135,215,6,ellow-radmid-az135 + ellow-radmid-az225 + elmid-radnear-az135 + elmid-radfar-az135 + elhigh-radmid-az135 + elhigh-radmid-az225,0.7208749123145216,0.7950015989458964,0.07412668663137478,2
overall,all,edges_az135_225,8,214,5,ellow-radmid-az225 + elmid-radnear-az135 + elmid-radfar-az135 + elhigh-radmid-az135 + elhigh-radmid-az225,4,elmid-radnear-az225,222,6,ellow-radmid-az225 + elmid-radnear-az135 + elmid-radnear-az225 + elmid-radfar-az135 + elhigh-radmid-az135 + elhigh-radmid-az225,0.7208749123145216,0.7893293956999855,0.0684544833854639,3
overall,all,edges_az135_225,8,217,5,ellow-radmid-az135 + elmid-radnear-az225 + elmid-radfar-az135 + elhigh-radmid-az135 + elhigh-radmid-az225,3,elmid-radnear-az135,221,6,ellow-radmid-az135 + elmid-radnear-az135 + elmid-radnear-az225 + elmid-radfar-az135 + elhigh-radmid-az135 + elhigh-radmid-az225,0.6775102206273402,0.7985909409990162,0.12108072037167594,1
overall,all,edges_az135_225,8,217,5,ellow-radmid-az135 + elmid-radnear-az225 + elmid-radfar-az135 + elhigh-radmid-az135 + elhigh-radmid-az225,6,elmid-radfar-az225,249,6,ellow-radmid-az135 + elmid-radnear-az225 + elmid-radfar-az135 + elmid-radfar-az225 + elhigh-radmid-az135 + elhigh-radmid-az225,0.6775102206273402,0.7716530322907067,0.09414281166336647,2
overall,all,edges_az135_225,8,217,5,ellow-radmid-az135 + elmid-radnear-az225 + elmid-radfar-az135 + elhigh-radmid-az135 + elhigh-radmid-az225,2,ellow-radmid-az225,219,6,ellow-radmid-az135 + ellow-radmid-az225 + elmid-radnear-az225 + elmid-radfar-az135 + elhigh-radmid-az135 + elhigh-radmid-az225,0.6775102206273402,0.750286841281686,0.07277662065434576,3
overall,all,edges_az135_225,8,218,5,ellow-radmid-az225 + elmid-radnear-az225 + elmid-radfar-az135 + elhigh-radmid-az135 + elhigh-radmid-az225,3,elmid-radnear-az135,222,6,ellow-radmid-az225 + elmid-radnear-az135 + elmid-radnear-az225 + elmid-radfar-az135 + elhigh-radmid-az135 + elhigh-radmid-az225,0.6583264644508269,0.7893293956999855,0.13100293124915863,1
overall,all,edges_az135_225,8,218,5,ellow-radmid-az225 + elmid-radnear-az225 + elmid-radfar-az135 + elhigh-radmid-az135 + elhigh-radmid-az225,1,ellow-radmid-az135,219,6,ellow-radmid-az135 + ellow-radmid-az225 + elmid-radnear-az225 + elmid-radfar-az135 + elhigh-radmid-az135 + elhigh-radmid-az225,0.6583264644508269,0.750286841281686,0.09196037683085911,2
overall,all,edges_az135_225,8,218,5,ellow-radmid-az225 + elmid-radnear-az225 + elmid-radfar-az135 + elhigh-radmid-az135 + elhigh-radmid-az225,6,elmid-radfar-az225,250,6,ellow-radmid-az225 + elmid-radnear-az225 + elmid-radfar-az135 + elmid-radfar-az225 + elhigh-radmid-az135 + elhigh-radmid-az225,0.6583264644508269,0.7502724492097549,0.09194598475892801,3
overall,all,edges_az135_225,8,220,5,elmid-radnear-az135 + elmid-radnear-az225 + elmid-radfar-az135 + elhigh-radmid-az135 + elhigh-radmid-az225,6,elmid-radfar-az225,252,6,elmid-radnear-az135 + elmid-radnear-az225 + elmid-radfar-az135 + elmid-radfar-az225 + elhigh-radmid-az135 + elhigh-radmid-az225,0.7179782163572123,0.803610061206526,0.08563184484931374,1
overall,all,edges_az135_225,8,220,5,elmid-radnear-az135 + elmid-radnear-az225 + elmid-radfar-az135 + elhigh-radmid-az135 + elhigh-radmid-az225,1,ellow-radmid-az135,221,6,ellow-radmid-az135 + elmid-radnear-az135 + elmid-radnear-az225 + elmid-radfar-az135 + elhigh-radmid-az135 + elhigh-radmid-az225,0.7179782163572123,0.7985909409990162,0.08061272464180391,2
overall,all,edges_az135_225,8,220,5,elmid-radnear-az135 + elmid-radnear-az225 + elmid-radfar-az135 + elhigh-radmid-az135 + elhigh-radmid-az225,2,ellow-radmid-az225,222,6,ellow-radmid-az225 + elmid-radnear-az135 + elmid-radnear-az225 + elmid-radfar-az135 + elhigh-radmid-az135 + elhigh-radmid-az225,0.7179782163572123,0.7893293956999855,0.07135117934277324,3
overall,all,edges_az135_225,8,227,5,ellow-radmid-az135 + ellow-radmid-az225 + elmid-radfar-az225 + elhigh-radmid-az135 + elhigh-radmid-az225,3,elmid-radnear-az135,231,6,ellow-radmid-az135 + ellow-radmid-az225 + elmid-radnear-az135 + elmid-radfar-az225 + elhigh-radmid-az135 + elhigh-radmid-az225,0.6988195791050802,0.8181772974198995,0.11935771831481934,1
overall,all,edges_az135_225,8,227,5,ellow-radmid-az135 + ellow-radmid-az225 + elmid-radfar-az225 + elhigh-radmid-az135 + elhigh-radmid-az225,4,elmid-radnear-az225,235,6,ellow-radmid-az135 + ellow-radmid-az225 + elmid-radnear-az225 + elmid-radfar-az225 + elhigh-radmid-az135 + elhigh-radmid-az225,0.6988195791050802,0.7707826800630577,0.07196310095797753,2
overall,all,edges_az135_225,8,227,5,ellow-radmid-az135 + ellow-radmid-az225 + elmid-radfar-az225 + elhigh-radmid-az135 + elhigh-radmid-az225,5,elmid-radfar-az135,243,6,ellow-radmid-az135 + ellow-radmid-az225 + elmid-radfar-az135 + elmid-radfar-az225 + elhigh-radmid-az135 + elhigh-radmid-az225,0.6988195791050802,0.7604751241534494,0.06165554504836923,3
overall,all,edges_az135_225,8,229,5,ellow-radmid-az135 + elmid-radnear-az135 + elmid-radfar-az225 + elhigh-radmid-az135 + elhigh-radmid-az225,2,ellow-radmid-az225,231,6,ellow-radmid-az135 + ellow-radmid-az225 + elmid-radnear-az135 + elmid-radfar-az225 + elhigh-radmid-az135 + elhigh-radmid-az225,0.7464794933872602,0.8181772974198995,0.07169780403263937,1
overall,all,edges_az135_225,8,229,5,ellow-radmid-az135 + elmid-radnear-az135 + elmid-radfar-az225 + elhigh-radmid-az135 + elhigh-radmid-az225,4,elmid-radnear-az225,237,6,ellow-radmid-az135 + elmid-radnear-az135 + elmid-radnear-az225 + elmid-radfar-az225 + elhigh-radmid-az135 + elhigh-radmid-az225,0.7464794933872602,0.8127844889985136,0.06630499561125347,2
overall,all,edges_az135_225,8,229,5,ellow-radmid-az135 + elmid-radnear-az135 + elmid-radfar-az225 + elhigh-radmid-az135 + elhigh-radmid-az225,5,elmid-radfar-az135,245,6,ellow-radmid-az135 + elmid-radnear-az135 + elmid-radfar-az135 + elmid-radfar-az225 + elhigh-radmid-az135 + elhigh-radmid-az225,0.7464794933872602,0.8075399938764776,0.061060500489217406,3
overall,all,edges_az135_225,8,230,5,ellow-radmid-az225 + elmid-radnear-az135 + elmid-radfar-az225 + elhigh-radmid-az135 + elhigh-radmid-az225,4,elmid-radnear-az225,238,6,ellow-radmid-az225 + elmid-radnear-az135 + elmid-radnear-az225 + elmid-radfar-az225 + elhigh-radmid-az135 + elhigh-radmid-az225,0.7588263133250998,0.8191265600138945,0.060300246688794745,1
overall,all,edges_az135_225,8,230,5,ellow-radmid-az225 + elmid-radnear-az135 + elmid-radfar-az225 + elhigh-radmid-az135 + elhigh-radmid-az225,1,ellow-radmid-az135,231,6,ellow-radmid-az135 + ellow-radmid-az225 + elmid-radnear-az135 + elmid-radfar-az225 + elhigh-radmid-az135 + elhigh-radmid-az225,0.7588263133250998,0.8181772974198995,0.059350984094799775,2
overall,all,edges_az135_225,8,230,5,ellow-radmid-az225 + elmid-radnear-az135 + elmid-radfar-az225 + elhigh-radmid-az135 + elhigh-radmid-az225,5,elmid-radfar-az135,246,6,ellow-radmid-az225 + elmid-radnear-az135 + elmid-radfar-az135 + elmid-radfar-az225 + elhigh-radmid-az135 + elhigh-radmid-az225,0.7588263133250998,0.8083576625122767,0.04953134918717694,3
overall,all,edges_az135_225,8,233,5,ellow-radmid-az135 + elmid-radnear-az225 + elmid-radfar-az225 + elhigh-radmid-az135 + elhigh-radmid-az225,3,elmid-radnear-az135,237,6,ellow-radmid-az135 + elmid-radnear-az135 + elmid-radnear-az225 + elmid-radfar-az225 + elhigh-radmid-az135 + elhigh-radmid-az225,0.7032367677962864,0.8127844889985136,0.10954772120222722,1
overall,all,edges_az135_225,8,233,5,ellow-radmid-az135 + elmid-radnear-az225 + elmid-radfar-az225 + elhigh-radmid-az135 + elhigh-radmid-az225,5,elmid-radfar-az135,249,6,ellow-radmid-az135 + elmid-radnear-az225 + elmid-radfar-az135 + elmid-radfar-az225 + elhigh-radmid-az135 + elhigh-radmid-az225,0.7032367677962864,0.7716530322907067,0.06841626449442029,2
overall,all,edges_az135_225,8,233,5,ellow-radmid-az135 + elmid-radnear-az225 + elmid-radfar-az225 + elhigh-radmid-az135 + elhigh-radmid-az225,2,ellow-radmid-az225,235,6,ellow-radmid-az135 + ellow-radmid-az225 + elmid-radnear-az225 + elmid-radfar-az225 + elhigh-radmid-az135 + elhigh-radmid-az225,0.7032367677962864,0.7707826800630577,0.06754591226677131,3
overall,all,edges_az135_225,8,234,5,ellow-radmid-az225 + elmid-radnear-az225 + elmid-radfar-az225 + elhigh-radmid-az135 + elhigh-radmid-az225,3,elmid-radnear-az135,238,6,ellow-radmid-az225 + elmid-radnear-az135 + elmid-radnear-az225 + elmid-radfar-az225 + elhigh-radmid-az135 + elhigh-radmid-az225,0.6869657899867375,0.8191265600138945,0.13216077002715698,1
overall,all,edges_az135_225,8,234,5,ellow-radmid-az225 + elmid-radnear-az225 + elmid-radfar-az225 + elhigh-radmid-az135 + elhigh-radmid-az225,1,ellow-radmid-az135,235,6,ellow-radmid-az135 + ellow-radmid-az225 + elmid-radnear-az225 + elmid-radfar-az225 + elhigh-radmid-az135 + elhigh-radmid-az225,0.6869657899867375,0.7707826800630577,0.0838168900763202,2
overall,all,edges_az135_225,8,234,5,ellow-radmid-az225 + elmid-radnear-az225 + elmid-radfar-az225 + elhigh-radmid-az135 + elhigh-radmid-az225,5,elmid-radfar-az135,250,6,ellow-radmid-az225 + elmid-radnear-az225 + elmid-radfar-az135 + elmid-radfar-az225 + elhigh-radmid-az135 + elhigh-radmid-az225,0.6869657899867375,0.7502724492097549,0.06330665922301737,3
overall,all,edges_az135_225,8,236,5,elmid-radnear-az135 + elmid-radnear-az225 + elmid-radfar-az225 + elhigh-radmid-az135 + elhigh-radmid-az225,2,ellow-radmid-az225,238,6,ellow-radmid-az225 + elmid-radnear-az135 + elmid-radnear-az225 + elmid-radfar-az225 + elhigh-radmid-az135 + elhigh-radmid-az225,0.7382158299027942,0.8191265600138945,0.08091073011110028,1
overall,all,edges_az135_225,8,236,5,elmid-radnear-az135 + elmid-radnear-az225 + elmid-radfar-az225 + elhigh-radmid-az135 + elhigh-radmid-az225,1,ellow-radmid-az135,237,6,ellow-radmid-az135 + elmid-radnear-az135 + elmid-radnear-az225 + elmid-radfar-az225 + elhigh-radmid-az135 + elhigh-radmid-az225,0.7382158299027942,0.8127844889985136,0.07456865909571941,2
overall,all,edges_az135_225,8,236,5,elmid-radnear-az135 + elmid-radnear-az225 + elmid-radfar-az225 + elhigh-radmid-az135 + elhigh-radmid-az225,5,elmid-radfar-az135,252,6,elmid-radnear-az135 + elmid-radnear-az225 + elmid-radfar-az135 + elmid-radfar-az225 + elhigh-radmid-az135 + elhigh-radmid-az225,0.7382158299027942,0.803610061206526,0.06539423130373179,3
overall,all,edges_az135_225,8,241,5,ellow-radmid-az135 + elmid-radfar-az135 + elmid-radfar-az225 + elhigh-radmid-az135 + elhigh-radmid-az225,3,elmid-radnear-az135,245,6,ellow-radmid-az135 + elmid-radnear-az135 + elmid-radfar-az135 + elmid-radfar-az225 + elhigh-radmid-az135 + elhigh-radmid-az225,0.7002100752840973,0.8075399938764776,0.10732991859238028,1
overall,all,edges_az135_225,8,241,5,ellow-radmid-az135 + elmid-radfar-az135 + elmid-radfar-az225 + elhigh-radmid-az135 + elhigh-radmid-az225,4,elmid-radnear-az225,249,6,ellow-radmid-az135 + elmid-radnear-az225 + elmid-radfar-az135 + elmid-radfar-az225 + elhigh-radmid-az135 + elhigh-radmid-az225,0.7002100752840973,0.7716530322907067,0.07144295700660941,2
overall,all,edges_az135_225,8,241,5,ellow-radmid-az135 + elmid-radfar-az135 + elmid-radfar-az225 + elhigh-radmid-az135 + elhigh-radmid-az225,2,ellow-radmid-az225,243,6,ellow-radmid-az135 + ellow-radmid-az225 + elmid-radfar-az135 + elmid-radfar-az225 + elhigh-radmid-az135 + elhigh-radmid-az225,0.7002100752840973,0.7604751241534494,0.060265048869352134,3
overall,all,edges_az135_225,8,242,5,ellow-radmid-az225 + elmid-radfar-az135 + elmid-radfar-az225 + elhigh-radmid-az135 + elhigh-radmid-az225,3,elmid-radnear-az135,246,6,ellow-radmid-az225 + elmid-radnear-az135 + elmid-radfar-az135 + elmid-radfar-az225 + elhigh-radmid-az135 + elhigh-radmid-az225,0.6848344912730236,0.8083576625122767,0.12352317123925305,1
overall,all,edges_az135_225,8,242,5,ellow-radmid-az225 + elmid-radfar-az135 + elmid-radfar-az225 + elhigh-radmid-az135 + elhigh-radmid-az225,1,ellow-radmid-az135,243,6,ellow-radmid-az135 + ellow-radmid-az225 + elmid-radfar-az135 + elmid-radfar-az225 + elhigh-radmid-az135 + elhigh-radmid-az225,0.6848344912730236,0.7604751241534494,0.07564063288042577,2
overall,all,edges_az135_225,8,242,5,ellow-radmid-az225 + elmid-radfar-az135 + elmid-radfar-az225 + elhigh-radmid-az135 + elhigh-radmid-az225,4,elmid-radnear-az225,250,6,ellow-radmid-az225 + elmid-radnear-az225 + elmid-radfar-az135 + elmid-radfar-az225 + elhigh-radmid-az135 + elhigh-radmid-az225,0.6848344912730236,0.7502724492097549,0.06543795793673124,3
overall,all,edges_az135_225,8,244,5,elmid-radnear-az135 + elmid-radfar-az135 + elmid-radfar-az225 + elhigh-radmid-az135 + elhigh-radmid-az225,2,ellow-radmid-az225,246,6,ellow-radmid-az225 + elmid-radnear-az135 + elmid-radfar-az135 + elmid-radfar-az225 + elhigh-radmid-az135 + elhigh-radmid-az225,0.7432470131851072,0.8083576625122767,0.06511064932716948,1
overall,all,edges_az135_225,8,244,5,elmid-radnear-az135 + elmid-radfar-az135 + elmid-radfar-az225 + elhigh-radmid-az135 + elhigh-radmid-az225,1,ellow-radmid-az135,245,6,ellow-radmid-az135 + elmid-radnear-az135 + elmid-radfar-az135 + elmid-radfar-az225 + elhigh-radmid-az135 + elhigh-radmid-az225,0.7432470131851072,0.8075399938764776,0.06429298069137035,2
overall,all,edges_az135_225,8,244,5,elmid-radnear-az135 + elmid-radfar-az135 + elmid-radfar-az225 + elhigh-radmid-az135 + elhigh-radmid-az225,4,elmid-radnear-az225,252,6,elmid-radnear-az135 + elmid-radnear-az225 + elmid-radfar-az135 + elmid-radfar-az225 + elhigh-radmid-az135 + elhigh-radmid-az225,0.7432470131851072,0.803610061206526,0.060363048021418786,3
overall,all,edges_az135_225,8,248,5,elmid-radnear-az225 + elmid-radfar-az135 + elmid-radfar-az225 + elhigh-radmid-az135 + elhigh-radmid-az225,3,elmid-radnear-az135,252,6,elmid-radnear-az135 + elmid-radnear-az225 + elmid-radfar-az135 + elmid-radfar-az225 + elhigh-radmid-az135 + elhigh-radmid-az225,0.689526361399852,0.803610061206526,0.11408369980667399,1
overall,all,edges_az135_225,8,248,5,elmid-radnear-az225 + elmid-radfar-az135 + elmid-radfar-az225 + elhigh-radmid-az135 + elhigh-radmid-az225,1,ellow-radmid-az135,249,6,ellow-radmid-az135 + elmid-radnear-az225 + elmid-radfar-az135 + elmid-radfar-az225 + elhigh-radmid-az135 + elhigh-radmid-az225,0.689526361399852,0.7716530322907067,0.08212667089085468,2
overall,all,edges_az135_225,8,248,5,elmid-radnear-az225 + elmid-radfar-az135 + elmid-radfar-az225 + elhigh-radmid-az135 + elhigh-radmid-az225,2,ellow-radmid-az225,250,6,ellow-radmid-az225 + elmid-radnear-az225 + elmid-radfar-az135 + elmid-radfar-az225 + elhigh-radmid-az135 + elhigh-radmid-az225,0.689526361399852,0.7502724492097549,0.06074608780990287,3
overall,all,edges_az135_225,8,63,6,ellow-radmid-az135 + ellow-radmid-az225 + elmid-radnear-az135 + elmid-radnear-az225 + elmid-radfar-az135 + elmid-radfar-az225,8,elhigh-radmid-az225,191,7,ellow-radmid-az135 + ellow-radmid-az225 + elmid-radnear-az135 + elmid-radnear-az225 + elmid-radfar-az135 + elmid-radfar-az225 + elhigh-radmid-az225,0.7690774551262687,0.8697536719265336,0.10067621680026495,1
overall,all,edges_az135_225,8,63,6,ellow-radmid-az135 + ellow-radmid-az225 + elmid-radnear-az135 + elmid-radnear-az225 + elmid-radfar-az135 + elmid-radfar-az225,7,elhigh-radmid-az135,127,7,ellow-radmid-az135 + ellow-radmid-az225 + elmid-radnear-az135 + elmid-radnear-az225 + elmid-radfar-az135 + elmid-radfar-az225 + elhigh-radmid-az135,0.7690774551262687,0.8290958052358258,0.06001835010955714,2
overall,all,edges_az135_225,8,95,6,ellow-radmid-az135 + ellow-radmid-az225 + elmid-radnear-az135 + elmid-radnear-az225 + elmid-radfar-az135 + elhigh-radmid-az135,8,elhigh-radmid-az225,223,7,ellow-radmid-az135 + ellow-radmid-az225 + elmid-radnear-az135 + elmid-radnear-az225 + elmid-radfar-az135 + elhigh-radmid-az135 + elhigh-radmid-az225,0.7720189235488032,0.863018825858127,0.09099990230932375,1
overall,all,edges_az135_225,8,95,6,ellow-radmid-az135 + ellow-radmid-az225 + elmid-radnear-az135 + elmid-radnear-az225 + elmid-radfar-az135 + elhigh-radmid-az135,6,elmid-radfar-az225,127,7,ellow-radmid-az135 + ellow-radmid-az225 + elmid-radnear-az135 + elmid-radnear-az225 + elmid-radfar-az135 + elmid-radfar-az225 + elhigh-radmid-az135,0.7720189235488032,0.8290958052358258,0.05707688168702263,2
overall,all,edges_az135_225,8,111,6,ellow-radmid-az135 + ellow-radmid-az225 + elmid-radnear-az135 + elmid-radnear-az225 + elmid-radfar-az225 + elhigh-radmid-az135,8,elhigh-radmid-az225,239,7,ellow-radmid-az135 + ellow-radmid-az225 + elmid-radnear-az135 + elmid-radnear-az225 + elmid-radfar-az225 + elhigh-radmid-az135 + elhigh-radmid-az225,0.7829925157040066,0.8780402876354609,0.0950477719314543,1
overall,all,edges_az135_225,8,111,6,ellow-radmid-az135 + ellow-radmid-az225 + elmid-radnear-az135 + elmid-radnear-az225 + elmid-radfar-az225 + elhigh-radmid-az135,5,elmid-radfar-az135,127,7,ellow-radmid-az135 + ellow-radmid-az225 + elmid-radnear-az135 + elmid-radnear-az225 + elmid-radfar-az135 + elmid-radfar-az225 + elhigh-radmid-az135,0.7829925157040066,0.8290958052358258,0.04610328953181919,2
overall,all,edges_az135_225,8,119,6,ellow-radmid-az135 + ellow-radmid-az225 + elmid-radnear-az135 + elmid-radfar-az135 + elmid-radfar-az225 + elhigh-radmid-az135,8,elhigh-radmid-az225,247,7,ellow-radmid-az135 + ellow-radmid-az225 + elmid-radnear-az135 + elmid-radfar-az135 + elmid-radfar-az225 + elhigh-radmid-az135 + elhigh-radmid-az225,0.7692661050986527,0.8657273487199846,0.0964612436213319,1
overall,all,edges_az135_225,8,119,6,ellow-radmid-az135 + ellow-radmid-az225 + elmid-radnear-az135 + elmid-radfar-az135 + elmid-radfar-az225 + elhigh-radmid-az135,4,elmid-radnear-az225,127,7,ellow-radmid-az135 + ellow-radmid-az225 + elmid-radnear-az135 + elmid-radnear-az225 + elmid-radfar-az135 + elmid-radfar-az225 + elhigh-radmid-az135,0.7692661050986527,0.8290958052358258,0.05982970013717315,2
overall,all,edges_az135_225,8,123,6,ellow-radmid-az135 + ellow-radmid-az225 + elmid-radnear-az225 + elmid-radfar-az135 + elmid-radfar-az225 + elhigh-radmid-az135,3,elmid-radnear-az135,127,7,ellow-radmid-az135 + ellow-radmid-az225 + elmid-radnear-az135 + elmid-radnear-az225 + elmid-radfar-az135 + elmid-radfar-az225 + elhigh-radmid-az135,0.7161330005905799,0.8290958052358258,0.11296280464524588,1
overall,all,edges_az135_225,8,123,6,ellow-radmid-az135 + ellow-radmid-az225 + elmid-radnear-az225 + elmid-radfar-az135 + elmid-radfar-az225 + elhigh-radmid-az135,8,elhigh-radmid-az225,251,7,ellow-radmid-az135 + ellow-radmid-az225 + elmid-radnear-az225 + elmid-radfar-az135 + elmid-radfar-az225 + elhigh-radmid-az135 + elhigh-radmid-az225,0.7161330005905799,0.8254758256169472,0.10934282502636727,2
overall,all,edges_az135_225,8,125,6,ellow-radmid-az135 + elmid-radnear-az135 + elmid-radnear-az225 + elmid-radfar-az135 + elmid-radfar-az225 + elhigh-radmid-az135,8,elhigh-radmid-az225,253,7,ellow-radmid-az135 + elmid-radnear-az135 + elmid-radnear-az225 + elmid-radfar-az135 + elmid-radfar-az225 + elhigh-radmid-az135 + elhigh-radmid-az225,0.7706648333272577,0.8674657854246628,0.09680095209740514,1
overall,all,edges_az135_225,8,125,6,ellow-radmid-az135 + elmid-radnear-az135 + elmid-radnear-az225 + elmid-radfar-az135 + elmid-radfar-az225 + elhigh-radmid-az135,2,ellow-radmid-az225,127,7,ellow-radmid-az135 + ellow-radmid-az225 + elmid-radnear-az135 + elmid-radnear-az225 + elmid-radfar-az135 + elmid-radfar-az225 + elhigh-radmid-az135,0.7706648333272577,0.8290958052358258,0.05843097190856816,2
overall,all,edges_az135_225,8,126,6,ellow-radmid-az225 + elmid-radnear-az135 + elmid-radnear-az225 + elmid-radfar-az135 + elmid-radfar-az225 + elhigh-radmid-az135,8,elhigh-radmid-az225,254,7,ellow-radmid-az225 + elmid-radnear-az135 + elmid-radnear-az225 + elmid-radfar-az135 + elmid-radfar-az225 + elhigh-radmid-az135 + elhigh-radmid-az225,0.7647981274629647,0.8622790800849259,0.09748095262196121,1
overall,all,edges_az135_225,8,126,6,ellow-radmid-az225 + elmid-radnear-az135 + elmid-radnear-az225 + elmid-radfar-az135 + elmid-radfar-az225 + elhigh-radmid-az135,1,ellow-radmid-az135,127,7,ellow-radmid-az135 + ellow-radmid-az225 + elmid-radnear-az135 + elmid-radnear-az225 + elmid-radfar-az135 + elmid-radfar-az225 + elhigh-radmid-az135,0.7647981274629647,0.8290958052358258,0.0642976777728611,2
overall,all,edges_az135_225,8,159,6,ellow-radmid-az135 + ellow-radmid-az225 + elmid-radnear-az135 + elmid-radnear-az225 + elmid-radfar-az135 + elhigh-radmid-az225,6,elmid-radfar-az225,191,7,ellow-radmid-az135 + ellow-radmid-az225 + elmid-radnear-az135 + elmid-radnear-az225 + elmid-radfar-az135 + elmid-radfar-az225 + elhigh-radmid-az225,0.8019085682982501,0.8697536719265336,0.06784510362828355,1
overall,all,edges_az135_225,8,159,6,ellow-radmid-az135 + ellow-radmid-az225 + elmid-radnear-az135 + elmid-radnear-az225 + elmid-radfar-az135 + elhigh-radmid-az225,7,elhigh-radmid-az135,223,7,ellow-radmid-az135 + ellow-radmid-az225 + elmid-radnear-az135 + elmid-radnear-az225 + elmid-radfar-az135 + elhigh-radmid-az135 + elhigh-radmid-az225,0.8019085682982501,0.863018825858127,0.06111025755987687,2
overall,all,edges_az135_225,8,175,6,ellow-radmid-az135 + ellow-radmid-az225 + elmid-radnear-az135 + elmid-radnear-az225 + elmid-radfar-az225 + elhigh-radmid-az225,7,elhigh-radmid-az135,239,7,ellow-radmid-az135 + ellow-radmid-az225 + elmid-radnear-az135 + elmid-radnear-az225 + elmid-radfar-az225 + elhigh-radmid-az135 + elhigh-radmid-az225,0.8283269371878528,0.8780402876354609,0.04971335044760816,1
overall,all,edges_az135_225,8,175,6,ellow-radmid-az135 + ellow-radmid-az225 + elmid-radnear-az135 + elmid-radnear-az225 + elmid-radfar-az225 + elhigh-radmid-az225,5,elmid-radfar-az135,191,7,ellow-radmid-az135 + ellow-radmid-az225 + elmid-radnear-az135 + elmid-radnear-az225 + elmid-radfar-az135 + elmid-radfar-az225 + elhigh-radmid-az225,0.8283269371878528,0.8697536719265336,0.04142673473868086,2
overall,all,edges_az135_225,8,183,6,ellow-radmid-az135 + ellow-radmid-az225 + elmid-radnear-az135 + elmid-radfar-az135 + elmid-radfar-az225 + elhigh-radmid-az225,4,elmid-radnear-az225,191,7,ellow-radmid-az135 + ellow-radmid-az225 + elmid-radnear-az135 + elmid-radnear-az225 + elmid-radfar-az135 + elmid-radfar-az225 + elhigh-radmid-az225,0.8017177986776173,0.8697536719265336,0.06803587324891636,1
overall,all,edges_az135_225,8,183,6,ellow-radmid-az135 + ellow-radmid-az225 + elmid-radnear-az135 + elmid-radfar-az135 + elmid-radfar-az225 + elhigh-radmid-az225,7,elhigh-radmid-az135,247,7,ellow-radmid-az135 + ellow-radmid-az225 + elmid-radnear-az135 + elmid-radfar-az135 + elmid-radfar-az225 + elhigh-radmid-az135 + elhigh-radmid-az225,0.8017177986776173,0.8657273487199846,0.0640095500423673,2
overall,all,edges_az135_225,8,187,6,ellow-radmid-az135 + ellow-radmid-az225 + elmid-radnear-az225 + elmid-radfar-az135 + elmid-radfar-az225 + elhigh-radmid-az225,3,elmid-radnear-az135,191,7,ellow-radmid-az135 + ellow-radmid-az225 + elmid-radnear-az135 + elmid-radnear-az225 + elmid-radfar-az135 + elmid-radfar-az225 + elhigh-radmid-az225,0.7684229252677877,0.8697536719265336,0.10133074665874597,1
overall,all,edges_az135_225,8,187,6,ellow-radmid-az135 + ellow-radmid-az225 + elmid-radnear-az225 + elmid-radfar-az135 + elmid-radfar-az225 + elhigh-radmid-az225,7,elhigh-radmid-az135,251,7,ellow-radmid-az135 + ellow-radmid-az225 + elmid-radnear-az225 + elmid-radfar-az135 + elmid-radfar-az225 + elhigh-radmid-az135 + elhigh-radmid-az225,0.7684229252677877,0.8254758256169472,0.05705290034915955,2
overall,all,edges_az135_225,8,189,6,ellow-radmid-az135 + elmid-radnear-az135 + elmid-radnear-az225 + elmid-radfar-az135 + elmid-radfar-az225 + elhigh-radmid-az225,2,ellow-radmid-az225,191,7,ellow-radmid-az135 + ellow-radmid-az225 + elmid-radnear-az135 + elmid-radnear-az225 + elmid-radfar-az135 + elmid-radfar-az225 + elhigh-radmid-az225,0.8109591109034393,0.8697536719265336,0.05879456102309433,1
overall,all,edges_az135_225,8,189,6,ellow-radmid-az135 + elmid-radnear-az135 + elmid-radnear-az225 + elmid-radfar-az135 + elmid-radfar-az225 + elhigh-radmid-az225,7,elhigh-radmid-az135,253,7,ellow-radmid-az135 + elmid-radnear-az135 + elmid-radnear-az225 + elmid-radfar-az135 + elmid-radfar-az225 + elhigh-radmid-az135 + elhigh-radmid-az225,0.8109591109034393,0.8674657854246628,0.05650667452122349,2
overall,all,edges_az135_225,8,190,6,ellow-radmid-az225 + elmid-radnear-az135 + elmid-radnear-az225 + elmid-radfar-az135 + elmid-radfar-az225 + elhigh-radmid-az225,1,ellow-radmid-az135,191,7,ellow-radmid-az135 + ellow-radmid-az225 + elmid-radnear-az135 + elmid-radnear-az225 + elmid-radfar-az135 + elmid-radfar-az225 + elhigh-radmid-az225,0.8074727052086093,0.8697536719265336,0.06228096671792438,1
overall,all,edges_az135_225,8,190,6,ellow-radmid-az225 + elmid-radnear-az135 + elmid-radnear-az225 + elmid-radfar-az135 + elmid-radfar-az225 + elhigh-radmid-az225,7,elhigh-radmid-az135,254,7,ellow-radmid-az225 + elmid-radnear-az135 + elmid-radnear-az225 + elmid-radfar-az135 + elmid-radfar-az225 + elhigh-radmid-az135 + elhigh-radmid-az225,0.8074727052086093,0.8622790800849259,0.05480637487631668,2
overall,all,edges_az135_225,8,207,6,ellow-radmid-az135 + ellow-radmid-az225 + elmid-radnear-az135 + elmid-radnear-az225 + elhigh-radmid-az135 + elhigh-radmid-az225,6,elmid-radfar-az225,239,7,ellow-radmid-az135 + ellow-radmid-az225 + elmid-radnear-az135 + elmid-radnear-az225 + elmid-radfar-az225 + elhigh-radmid-az135 + elhigh-radmid-az225,0.8086412287307931,0.8780402876354609,0.0693990589046678,1
overall,all,edges_az135_225,8,207,6,ellow-radmid-az135 + ellow-radmid-az225 + elmid-radnear-az135 + elmid-radnear-az225 + elhigh-radmid-az135 + elhigh-radmid-az225,5,elmid-radfar-az135,223,7,ellow-radmid-az135 + ellow-radmid-az225 + elmid-radnear-az135 + elmid-radnear-az225 + elmid-radfar-az135 + elhigh-radmid-az135 + elhigh-radmid-az225,0.8086412287307931,0.863018825858127,0.05437759712733381,2
overall,all,edges_az135_225,8,215,6,ellow-radmid-az135 + ellow-radmid-az225 + elmid-radnear-az135 + elmid-radfar-az135 + elhigh-radmid-az135 + elhigh-radmid-az225,6,elmid-radfar-az225,247,7,ellow-radmid-az135 + ellow-radmid-az225 + elmid-radnear-az135 + elmid-radfar-az135 + elmid-radfar-az225 + elhigh-radmid-az135 + elhigh-radmid-az225,0.7950015989458964,0.8657273487199846,0.07072574977408819,1
overall,all,edges_az135_225,8,215,6,ellow-radmid-az135 + ellow-radmid-az225 + elmid-radnear-az135 + elmid-radfar-az135 + elhigh-radmid-az135 + elhigh-radmid-az225,4,elmid-radnear-az225,223,7,ellow-radmid-az135 + ellow-radmid-az225 + elmid-radnear-az135 + elmid-radnear-az225 + elmid-radfar-az135 + elhigh-radmid-az135 + elhigh-radmid-az225,0.7950015989458964,0.863018825858127,0.06801722691223056,2
overall,all,edges_az135_225,8,219,6,ellow-radmid-az135 + ellow-radmid-az225 + elmid-radnear-az225 + elmid-radfar-az135 + elhigh-radmid-az135 + elhigh-radmid-az225,3,elmid-radnear-az135,223,7,ellow-radmid-az135 + ellow-radmid-az225 + elmid-radnear-az135 + elmid-radnear-az225 + elmid-radfar-az135 + elhigh-radmid-az135 + elhigh-radmid-az225,0.750286841281686,0.863018825858127,0.11273198457644096,1
overall,all,edges_az135_225,8,219,6,ellow-radmid-az135 + ellow-radmid-az225 + elmid-radnear-az225 + elmid-radfar-az135 + elhigh-radmid-az135 + elhigh-radmid-az225,6,elmid-radfar-az225,251,7,ellow-radmid-az135 + ellow-radmid-az225 + elmid-radnear-az225 + elmid-radfar-az135 + elmid-radfar-az225 + elhigh-radmid-az135 + elhigh-radmid-az225,0.750286841281686,0.8254758256169472,0.07518898433526122,2
overall,all,edges_az135_225,8,221,6,ellow-radmid-az135 + elmid-radnear-az135 + elmid-radnear-az225 + elmid-radfar-az135 + elhigh-radmid-az135 + elhigh-radmid-az225,6,elmid-radfar-az225,253,7,ellow-radmid-az135 + elmid-radnear-az135 + elmid-radnear-az225 + elmid-radfar-az135 + elmid-radfar-az225 + elhigh-radmid-az135 + elhigh-radmid-az225,0.7985909409990162,0.8674657854246628,0.06887484442564662,1
overall,all,edges_az135_225,8,221,6,ellow-radmid-az135 + elmid-radnear-az135 + elmid-radnear-az225 + elmid-radfar-az135 + elhigh-radmid-az135 + elhigh-radmid-az225,2,ellow-radmid-az225,223,7,ellow-radmid-az135 + ellow-radmid-az225 + elmid-radnear-az135 + elmid-radnear-az225 + elmid-radfar-az135 + elhigh-radmid-az135 + elhigh-radmid-az225,0.7985909409990162,0.863018825858127,0.06442788485911077,2
overall,all,edges_az135_225,8,222,6,ellow-radmid-az225 + elmid-radnear-az135 + elmid-radnear-az225 + elmid-radfar-az135 + elhigh-radmid-az135 + elhigh-radmid-az225,1,ellow-radmid-az135,223,7,ellow-radmid-az135 + ellow-radmid-az225 + elmid-radnear-az135 + elmid-radnear-az225 + elmid-radfar-az135 + elhigh-radmid-az135 + elhigh-radmid-az225,0.7893293956999855,0.863018825858127,0.07368943015814144,1
overall,all,edges_az135_225,8,222,6,ellow-radmid-az225 + elmid-radnear-az135 + elmid-radnear-az225 + elmid-radfar-az135 + elhigh-radmid-az135 + elhigh-radmid-az225,6,elmid-radfar-az225,254,7,ellow-radmid-az225 + elmid-radnear-az135 + elmid-radnear-az225 + elmid-radfar-az135 + elmid-radfar-az225 + elhigh-radmid-az135 + elhigh-radmid-az225,0.7893293956999855,0.8622790800849259,0.07294968438494043,2
overall,all,edges_az135_225,8,231,6,ellow-radmid-az135 + ellow-radmid-az225 + elmid-radnear-az135 + elmid-radfar-az225 + elhigh-radmid-az135 + elhigh-radmid-az225,4,elmid-radnear-az225,239,7,ellow-radmid-az135 + ellow-radmid-az225 + elmid-radnear-az135 + elmid-radnear-az225 + elmid-radfar-az225 + elhigh-radmid-az135 + elhigh-radmid-az225,0.8181772974198995,0.8780402876354609,0.05986299021556141,1
overall,all,edges_az135_225,8,231,6,ellow-radmid-az135 + ellow-radmid-az225 + elmid-radnear-az135 + elmid-radfar-az225 + elhigh-radmid-az135 + elhigh-radmid-az225,5,elmid-radfar-az135,247,7,ellow-radmid-az135 + ellow-radmid-az225 + elmid-radnear-az135 + elmid-radfar-az135 + elmid-radfar-az225 + elhigh-radmid-az135 + elhigh-radmid-az225,0.8181772974198995,0.8657273487199846,0.04755005130008505,2
overall,all,edges_az135_225,8,235,6,ellow-radmid-az135 + ellow-radmid-az225 + elmid-radnear-az225 + elmid-radfar-az225 + elhigh-radmid-az135 + elhigh-radmid-az225,3,elmid-radnear-az135,239,7,ellow-radmid-az135 + ellow-radmid-az225 + elmid-radnear-az135 + elmid-radnear-az225 + elmid-radfar-az225 + elhigh-radmid-az135 + elhigh-radmid-az225,0.7707826800630577,0.8780402876354609,0.10725760757240321,1
overall,all,edges_az135_225,8,235,6,ellow-radmid-az135 + ellow-radmid-az225 + elmid-radnear-az225 + elmid-radfar-az225 + elhigh-radmid-az135 + elhigh-radmid-az225,5,elmid-radfar-az135,251,7,ellow-radmid-az135 + ellow-radmid-az225 + elmid-radnear-az225 + elmid-radfar-az135 + elmid-radfar-az225 + elhigh-radmid-az135 + elhigh-radmid-az225,0.7707826800630577,0.8254758256169472,0.05469314555388949,2
overall,all,edges_az135_225,8,237,6,ellow-radmid-az135 + elmid-radnear-az135 + elmid-radnear-az225 + elmid-radfar-az225 + elhigh-radmid-az135 + elhigh-radmid-az225,2,ellow-radmid-az225,239,7,ellow-radmid-az135 + ellow-radmid-az225 + elmid-radnear-az135 + elmid-radnear-az225 + elmid-radfar-az225 + elhigh-radmid-az135 + elhigh-radmid-az225,0.8127844889985136,0.8780402876354609,0.0652557986369473,1
overall,all,edges_az135_225,8,237,6,ellow-radmid-az135 + elmid-radnear-az135 + elmid-radnear-az225 + elmid-radfar-az225 + elhigh-radmid-az135 + elhigh-radmid-az225,5,elmid-radfar-az135,253,7,ellow-radmid-az135 + elmid-radnear-az135 + elmid-radnear-az225 + elmid-radfar-az135 + elmid-radfar-az225 + elhigh-radmid-az135 + elhigh-radmid-az225,0.8127844889985136,0.8674657854246628,0.05468129642614916,2
overall,all,edges_az135_225,8,238,6,ellow-radmid-az225 + elmid-radnear-az135 + elmid-radnear-az225 + elmid-radfar-az225 + elhigh-radmid-az135 + elhigh-radmid-az225,1,ellow-radmid-az135,239,7,ellow-radmid-az135 + ellow-radmid-az225 + elmid-radnear-az135 + elmid-radnear-az225 + elmid-radfar-az225 + elhigh-radmid-az135 + elhigh-radmid-az225,0.8191265600138945,0.8780402876354609,0.058913727621566436,1
overall,all,edges_az135_225,8,238,6,ellow-radmid-az225 + elmid-radnear-az135 + elmid-radnear-az225 + elmid-radfar-az225 + elhigh-radmid-az135 + elhigh-radmid-az225,5,elmid-radfar-az135,254,7,ellow-radmid-az225 + elmid-radnear-az135 + elmid-radnear-az225 + elmid-radfar-az135 + elmid-radfar-az225 + elhigh-radmid-az135 + elhigh-radmid-az225,0.8191265600138945,0.8622790800849259,0.04315252007103143,2
overall,all,edges_az135_225,8,243,6,ellow-radmid-az135 + ellow-radmid-az225 + elmid-radfar-az135 + elmid-radfar-az225 + elhigh-radmid-az135 + elhigh-radmid-az225,3,elmid-radnear-az135,247,7,ellow-radmid-az135 + ellow-radmid-az225 + elmid-radnear-az135 + elmid-radfar-az135 + elmid-radfar-az225 + elhigh-radmid-az135 + elhigh-radmid-az225,0.7604751241534494,0.8657273487199846,0.10525222456653516,1
overall,all,edges_az135_225,8,243,6,ellow-radmid-az135 + ellow-radmid-az225 + elmid-radfar-az135 + elmid-radfar-az225 + elhigh-radmid-az135 + elhigh-radmid-az225,4,elmid-radnear-az225,251,7,ellow-radmid-az135 + ellow-radmid-az225 + elmid-radnear-az225 + elmid-radfar-az135 + elmid-radfar-az225 + elhigh-radmid-az135 + elhigh-radmid-az225,0.7604751241534494,0.8254758256169472,0.06500070146349779,2
overall,all,edges_az135_225,8,245,6,ellow-radmid-az135 + elmid-radnear-az135 + elmid-radfar-az135 + elmid-radfar-az225 + elhigh-radmid-az135 + elhigh-radmid-az225,4,elmid-radnear-az225,253,7,ellow-radmid-az135 + elmid-radnear-az135 + elmid-radnear-az225 + elmid-radfar-az135 + elmid-radfar-az225 + elhigh-radmid-az135 + elhigh-radmid-az225,0.8075399938764776,0.8674657854246628,0.059925791548185225,1
overall,all,edges_az135_225,8,245,6,ellow-radmid-az135 + elmid-radnear-az135 + elmid-radfar-az135 + elmid-radfar-az225 + elhigh-radmid-az135 + elhigh-radmid-az225,2,ellow-radmid-az225,247,7,ellow-radmid-az135 + ellow-radmid-az225 + elmid-radnear-az135 + elmid-radfar-az135 + elmid-radfar-az225 + elhigh-radmid-az135 + elhigh-radmid-az225,0.8075399938764776,0.8657273487199846,0.05818735484350701,2
overall,all,edges_az135_225,8,246,6,ellow-radmid-az225 + elmid-radnear-az135 + elmid-radfar-az135 + elmid-radfar-az225 + elhigh-radmid-az135 + elhigh-radmid-az225,1,ellow-radmid-az135,247,7,ellow-radmid-az135 + ellow-radmid-az225 + elmid-radnear-az135 + elmid-radfar-az135 + elmid-radfar-az225 + elhigh-radmid-az135 + elhigh-radmid-az225,0.8083576625122767,0.8657273487199846,0.05736968620770788,1
overall,all,edges_az135_225,8,246,6,ellow-radmid-az225 + elmid-radnear-az135 + elmid-radfar-az135 + elmid-radfar-az225 + elhigh-radmid-az135 + elhigh-radmid-az225,4,elmid-radnear-az225,254,7,ellow-radmid-az225 + elmid-radnear-az135 + elmid-radnear-az225 + elmid-radfar-az135 + elmid-radfar-az225 + elhigh-radmid-az135 + elhigh-radmid-az225,0.8083576625122767,0.8622790800849259,0.05392141757264923,2
overall,all,edges_az135_225,8,249,6,ellow-radmid-az135 + elmid-radnear-az225 + elmid-radfar-az135 + elmid-radfar-az225 + elhigh-radmid-az135 + elhigh-radmid-az225,3,elmid-radnear-az135,253,7,ellow-radmid-az135 + elmid-radnear-az135 + elmid-radnear-az225 + elmid-radfar-az135 + elmid-radfar-az225 + elhigh-radmid-az135 + elhigh-radmid-az225,0.7716530322907067,0.8674657854246628,0.0958127531339561,1
overall,all,edges_az135_225,8,249,6,ellow-radmid-az135 + elmid-radnear-az225 + elmid-radfar-az135 + elmid-radfar-az225 + elhigh-radmid-az135 + elhigh-radmid-az225,2,ellow-radmid-az225,251,7,ellow-radmid-az135 + ellow-radmid-az225 + elmid-radnear-az225 + elmid-radfar-az135 + elmid-radfar-az225 + elhigh-radmid-az135 + elhigh-radmid-az225,0.7716530322907067,0.8254758256169472,0.053822793326240514,2
overall,all,edges_az135_225,8,250,6,ellow-radmid-az225 + elmid-radnear-az225 + elmid-radfar-az135 + elmid-radfar-az225 + elhigh-radmid-az135 + elhigh-radmid-az225,3,elmid-radnear-az135,254,7,ellow-radmid-az225 + elmid-radnear-az135 + elmid-radnear-az225 + elmid-radfar-az135 + elmid-radfar-az225 + elhigh-radmid-az135 + elhigh-radmid-az225,0.7502724492097549,0.8622790800849259,0.11200663087517104,1
overall,all,edges_az135_225,8,250,6,ellow-radmid-az225 + elmid-radnear-az225 + elmid-radfar-az135 + elmid-radfar-az225 + elhigh-radmid-az135 + elhigh-radmid-az225,1,ellow-radmid-az135,251,7,ellow-radmid-az135 + ellow-radmid-az225 + elmid-radnear-az225 + elmid-radfar-az135 + elmid-radfar-az225 + elhigh-radmid-az135 + elhigh-radmid-az225,0.7502724492097549,0.8254758256169472,0.07520337640719232,2
overall,all,edges_az135_225,8,252,6,elmid-radnear-az135 + elmid-radnear-az225 + elmid-radfar-az135 + elmid-radfar-az225 + elhigh-radmid-az135 + elhigh-radmid-az225,1,ellow-radmid-az135,253,7,ellow-radmid-az135 + elmid-radnear-az135 + elmid-radnear-az225 + elmid-radfar-az135 + elmid-radfar-az225 + elhigh-radmid-az135 + elhigh-radmid-az225,0.803610061206526,0.8674657854246628,0.06385572421813679,1
overall,all,edges_az135_225,8,252,6,elmid-radnear-az135 + elmid-radnear-az225 + elmid-radfar-az135 + elmid-radfar-az225 + elhigh-radmid-az135 + elhigh-radmid-az225,2,ellow-radmid-az225,254,7,ellow-radmid-az225 + elmid-radnear-az135 + elmid-radnear-az225 + elmid-radfar-az135 + elmid-radfar-az225 + elhigh-radmid-az135 + elhigh-radmid-az225,0.803610061206526,0.8622790800849259,0.058669018878399926,2
overall,all,edges_az135_225,8,127,7,ellow-radmid-az135 + ellow-radmid-az225 + elmid-radnear-az135 + elmid-radnear-az225 + elmid-radfar-az135 + elmid-radfar-az225 + elhigh-radmid-az135,8,elhigh-radmid-az225,255,8,ellow-radmid-az135 + ellow-radmid-az225 + elmid-radnear-az135 + elmid-radnear-az225 + elmid-radfar-az135 + elmid-radfar-az225 + elhigh-radmid-az135 + elhigh-radmid-az225,0.8290958052358258,0.9192115098194003,0.09011570458357443,1
overall,all,edges_az135_225,8,191,7,ellow-radmid-az135 + ellow-radmid-az225 + elmid-radnear-az135 + elmid-radnear-az225 + elmid-radfar-az135 + elmid-radfar-az225 + elhigh-radmid-az225,7,elhigh-radmid-az135,255,8,ellow-radmid-az135 + ellow-radmid-az225 + elmid-radnear-az135 + elmid-radnear-az225 + elmid-radfar-az135 + elmid-radfar-az225 + elhigh-radmid-az135 + elhigh-radmid-az225,0.8697536719265336,0.9192115098194003,0.04945783789286662,1
overall,all,edges_az135_225,8,223,7,ellow-radmid-az135 + ellow-radmid-az225 + elmid-radnear-az135 + elmid-radnear-az225 + elmid-radfar-az135 + elhigh-radmid-az135 + elhigh-radmid-az225,6,elmid-radfar-az225,255,8,ellow-radmid-az135 + ellow-radmid-az225 + elmid-radnear-az135 + elmid-radnear-az225 + elmid-radfar-az135 + elmid-radfar-az225 + elhigh-radmid-az135 + elhigh-radmid-az225,0.863018825858127,0.9192115098194003,0.056192683961273304,1
overall,all,edges_az135_225,8,239,7,ellow-radmid-az135 + ellow-radmid-az225 + elmid-radnear-az135 + elmid-radnear-az225 + elmid-radfar-az225 + elhigh-radmid-az135 + elhigh-radmid-az225,5,elmid-radfar-az135,255,8,ellow-radmid-az135 + ellow-radmid-az225 + elmid-radnear-az135 + elmid-radnear-az225 + elmid-radfar-az135 + elmid-radfar-az225 + elhigh-radmid-az135 + elhigh-radmid-az225,0.8780402876354609,0.9192115098194003,0.041171222183939316,1
overall,all,edges_az135_225,8,247,7,ellow-radmid-az135 + ellow-radmid-az225 + elmid-radnear-az135 + elmid-radfar-az135 + elmid-radfar-az225 + elhigh-radmid-az135 + elhigh-radmid-az225,4,elmid-radnear-az225,255,8,ellow-radmid-az135 + ellow-radmid-az225 + elmid-radnear-az135 + elmid-radnear-az225 + elmid-radfar-az135 + elmid-radfar-az225 + elhigh-radmid-az135 + elhigh-radmid-az225,0.8657273487199846,0.9192115098194003,0.05348416109941567,1
overall,all,edges_az135_225,8,251,7,ellow-radmid-az135 + ellow-radmid-az225 + elmid-radnear-az225 + elmid-radfar-az135 + elmid-radfar-az225 + elhigh-radmid-az135 + elhigh-radmid-az225,3,elmid-radnear-az135,255,8,ellow-radmid-az135 + ellow-radmid-az225 + elmid-radnear-az135 + elmid-radnear-az225 + elmid-radfar-az135 + elmid-radfar-az225 + elhigh-radmid-az135 + elhigh-radmid-az225,0.8254758256169472,0.9192115098194003,0.09373568420245304,1
overall,all,edges_az135_225,8,253,7,ellow-radmid-az135 + elmid-radnear-az135 + elmid-radnear-az225 + elmid-radfar-az135 + elmid-radfar-az225 + elhigh-radmid-az135 + elhigh-radmid-az225,2,ellow-radmid-az225,255,8,ellow-radmid-az135 + ellow-radmid-az225 + elmid-radnear-az135 + elmid-radnear-az225 + elmid-radfar-az135 + elmid-radfar-az225 + elhigh-radmid-az135 + elhigh-radmid-az225,0.8674657854246628,0.9192115098194003,0.05174572439473746,1
overall,all,edges_az135_225,8,254,7,ellow-radmid-az225 + elmid-radnear-az135 + elmid-radnear-az225 + elmid-radfar-az135 + elmid-radfar-az225 + elhigh-radmid-az135 + elhigh-radmid-az225,1,ellow-radmid-az135,255,8,ellow-radmid-az135 + ellow-radmid-az225 + elmid-radnear-az135 + elmid-radnear-az225 + elmid-radfar-az135 + elmid-radfar-az225 + elhigh-radmid-az135 + elhigh-radmid-az225,0.8622790800849259,0.9192115098194003,0.05693242973447432,1
